frame_index,section_id,section_name,simulation_time_seconds,measured_elapsed_ticks,measured_elapsed_ms,total_ticks,total_ms,instantaneous_fps,update_ticks,update_ms,render_ticks,render_ms,swap_ticks,swap_ms,state_hash,position_x_raw,position_y_raw,position_z_raw,position_x,position_y,position_z,room,flags,detailed,excluded_from_clean_stats,crossed_portal,changed,section_end,freecam,move_axis,turn_axis,look_axis,buttons_active,detail_corrected_total_ms,admin_corrected_ms,setup_corrected_ms,root_geometry_corrected_ms,root_fill_corrected_ms,portal_setup_corrected_ms,portal_geometry_corrected_ms,portal_fill_corrected_ms,wait_corrected_ms,present_corrected_ms,overlay_corrected_ms,transformed_vertices,projected_points,rasterized_polygons,raster_rows,filled_spans,filled_pixels,portal_composite_pixels,portal_clip_pixels,full_portal_views,lod_portal_views,edge_division_fallbacks
0,1,OPEN_YAW,0.03333333333333333,1647,50.262451171875,1647,50.262451171875,19.89556769884639,26,0.79345703125,1620,49.4384765625,1,0.030517578125,0x5E9768D3,0,512,384,0.0,2.0,1.5,0,0x04,0,0,0,1,0,0,0,1,0,0,,,,,,,,,,,,,,,,,,,,,,
1,1,OPEN_YAW,0.06666666666666667,3313,101.104736328125,1666,50.84228515625,19.668667466986793,27,0.823974609375,1639,50.018310546875,0,0.0,0x8B3821D2,0,512,384,0.0,2.0,1.5,0,0x06,1,1,0,1,0,0,0,1,0,0,49.957275390625,0.030517578125,0.1220703125,20.263671875,6.16455078125,1.220703125,4.547119140625,1.739501953125,0.0,14.6484375,1.220703125,0,0,0,0,0,0,0,0,0,0,0
2,1,OPEN_YAW,0.1,4841,147.735595703125,1528,46.630859375,21.445026178010473,26,0.79345703125,1501,45.806884765625,1,0.030517578125,0x58A773FF,0,512,384,0.0,2.0,1.5,0,0x04,0,0,0,1,0,0,0,1,0,0,,,,,,,,,,,,,,,,,,,,,,
3,1,OPEN_YAW,0.13333333333333333,6383,194.793701171875,1542,47.05810546875,21.250324254215304,27,0.823974609375,1515,46.234130859375,0,0.0,0xAED9429C,0,512,384,0.0,2.0,1.5,0,0x04,0,0,0,1,0,0,0,1,0,0,,,,,,,,,,,,,,,,,,,,,,
4,1,OPEN_YAW,0.16666666666666666,7972,243.2861328125,1589,48.492431640625,20.621774701069857,26,0.79345703125,1562,47.66845703125,1,0.030517578125,0x45E0B719,0,512,384,0.0,2.0,1.5,0,0x04,0,0,0,1,0,0,0,1,0,0,,,,,,,,,,,,,,,,,,,,,,
5,1,OPEN_YAW,0.2,9568,291.9921875,1596,48.7060546875,20.531328320802004,27,0.823974609375,1569,47.882080078125,0,0.0,0x1A9A2DD0,0,512,384,0.0,2.0,1.5,0,0x04,0,0,0,1,0,0,0,1,0,0,,,,,,,,,,,,,,,,,,,,,,
6,1,OPEN_YAW,0.23333333333333334,11184,341.30859375,1616,49.31640625,20.277227722772277,26,0.79345703125,1590,48.52294921875,0,0.0,0xF0C60EB7,0,512,384,0.0,2.0,1.5,0,0x04,0,0,0,1,0,0,0,1,0,0,,,,,,,,,,,,,,,,,,,,,,
7,1,OPEN_YAW,0.26666666666666666,12798,390.56396484375,1614,49.25537109375,20.302354399008674,26,0.79345703125,1588,48.4619140625,0,0.0,0xD27F4708,0,512,384,0.0,2.0,1.5,0,0x04,0,0,0,1,0,0,0,1,0,0,,,,,,,,,,,,,,,,,,,,,,
8,1,OPEN_YAW,0.3,14415,439.910888671875,1617,49.346923828125,20.264687693259123,26,0.79345703125,1590,48.52294921875,1,0.030517578125,0x94A84683,0,512,384,0.0,2.0,1.5,0,0x04,0,0,0,1,0,0,0,1,0,0,,,,,,,,,,,,,,,,,,,,,,
9,1,OPEN_YAW,0.3333333333333333,16025,489.044189453125,1610,49.13330078125,20.3527950310559,27,0.823974609375,1583,48.309326171875,0,0.0,0x1F45C49E,0,512,384,0.0,2.0,1.5,0,0x04,0,0,0,1,0,0,0,1,0,0,,,,,,,,,,,,,,,,,,,,,,
10,1,OPEN_YAW,0.36666666666666664,17620,537.7197265625,1595,48.675537109375,20.54420062695925,26,0.79345703125,1568,47.8515625,1,0.030517578125,0x6E85EBC5,0,512,384,0.0,2.0,1.5,0,0x04,0,0,0,1,0,0,0,1,0,0,,,,,,,,,,,,,,,,,,,,,,
11,1,OPEN_YAW,0.4,18838,574.89013671875,1218,37.17041015625,26.90311986863711,27,0.823974609375,1191,36.346435546875,0,0.0,0x70470C18,0,512,384,0.0,2.0,1.5,0,0x04,0,0,0,1,0,0,0,1,0,0,,,,,,,,,,,,,,,,,,,,,,
12,1,OPEN_YAW,0.43333333333333335,20053,611.968994140625,1215,37.078857421875,26.96954732510288,26,0.79345703125,1189,36.285400390625,0,0.0,0xE47DEAEF,0,512,384,0.0,2.0,1.5,0,0x04,0,0,0,1,0,0,0,1,0,0,,,,,,,,,,,,,,,,,,,,,,
13,1,OPEN_YAW,0.4666666666666667,21269,649.078369140625,1216,37.109375,26.94736842105263,26,0.79345703125,1189,36.285400390625,1,0.030517578125,0x44510D1A,0,512,384,0.0,2.0,1.5,0,0x04,0,0,0,1,0,0,0,1,0,0,,,,,,,,,,,,,,,,,,,,,,
14,1,OPEN_YAW,0.5,22458,685.36376953125,1189,36.285400390625,27.55929352396972,27,0.823974609375,1161,35.430908203125,1,0.030517578125,0x57F83B3D,0,512,384,0.0,2.0,1.5,0,0x04,0,0,0,1,0,0,0,1,0,0,,,,,,,,,,,,,,,,,,,,,,
15,1,OPEN_YAW,0.5333333333333333,23462,716.00341796875,1004,30.6396484375,32.63745019920319,27,0.823974609375,977,29.815673828125,0,0.0,0xFC68B016,0,512,384,0.0,2.0,1.5,0,0x04,0,0,0,1,0,0,0,1,0,0,,,,,,,,,,,,,,,,,,,,,,
16,1,OPEN_YAW,0.5666666666666667,24452,746.2158203125,990,30.21240234375,33.0989898989899,26,0.79345703125,964,29.4189453125,0,0.0,0xA5F2BEEB,0,512,384,0.0,2.0,1.5,0,0x04,0,0,0,1,0,0,0,1,0,0,,,,,,,,,,,,,,,,,,,,,,
17,1,OPEN_YAW,0.6,25419,775.726318359375,967,29.510498046875,33.88624612202689,26,0.79345703125,940,28.6865234375,1,0.030517578125,0xC813CCF6,0,512,384,0.0,2.0,1.5,0,0x04,0,0,0,1,0,0,0,1,0,0,,,,,,,,,,,,,,,,,,,,,,
18,1,OPEN_YAW,0.6333333333333333,26525,809.478759765625,1106,33.75244140625,29.62748643761302,27,0.823974609375,1079,32.928466796875,0,0.0,0xFA8FA93F,0,512,384,0.0,2.0,1.5,0,0x04,0,0,0,1,0,0,0,1,0,0,,,,,,,,,,,,,,,,,,,,,,
19,1,OPEN_YAW,0.6666666666666666,27628,843.1396484375,1103,33.660888671875,29.70806890299184,26,0.79345703125,1076,32.8369140625,1,0.030517578125,0xFC0E3B5E,0,512,384,0.0,2.0,1.5,0,0x04,0,0,0,1,0,0,0,1,0,0,,,,,,,,,,,,,,,,,,,,,,
20,1,OPEN_YAW,0.7,28727,876.678466796875,1099,33.538818359375,29.816196542311193,27,0.823974609375,1072,32.71484375,0,0.0,0xAC3150F9,0,512,384,0.0,2.0,1.5,0,0x04,0,0,0,1,0,0,0,1,0,0,,,,,,,,,,,,,,,,,,,,,,
21,1,OPEN_YAW,0.7333333333333333,29831,910.369873046875,1104,33.69140625,29.681159420289855,26,0.79345703125,1077,32.867431640625,1,0.030517578125,0xCB25181A,0,512,384,0.0,2.0,1.5,0,0x04,0,0,0,1,0,0,0,1,0,0,,,,,,,,,,,,,,,,,,,,,,
22,1,OPEN_YAW,0.7666666666666667,30944,944.3359375,1113,33.966064453125,29.44115004492363,27,0.823974609375,1085,33.111572265625,1,0.030517578125,0x48C590F3,0,512,384,0.0,2.0,1.5,0,0x04,0,0,0,1,0,0,0,1,0,0,,,,,,,,,,,,,,,,,,,,,,
23,1,OPEN_YAW,0.8,32057,978.302001953125,1113,33.966064453125,29.44115004492363,27,0.823974609375,1085,33.111572265625,1,0.030517578125,0xF1FADB42,0,512,384,0.0,2.0,1.5,0,0x04,0,0,0,1,0,0,0,1,0,0,,,,,,,,,,,,,,,,,,,,,,
24,1,OPEN_YAW,0.8333333333333334,33172,1012.3291015625,1115,34.027099609375,29.388340807174888,27,0.823974609375,1088,33.203125,0,0.0,0x09DBF567,0,512,384,0.0,2.0,1.5,0,0x04,0,0,0,1,0,0,0,1,0,0,,,,,,,,,,,,,,,,,,,,,,
25,1,OPEN_YAW,0.8666666666666667,34287,1046.356201171875,1115,34.027099609375,29.388340807174888,26,0.79345703125,1089,33.233642578125,0,0.0,0x727A5D9C,0,512,384,0.0,2.0,1.5,0,0x04,0,0,0,1,0,0,0,1,0,0,,,,,,,,,,,,,,,,,,,,,,
26,1,OPEN_YAW,0.9,35405,1080.474853515625,1118,34.11865234375,29.30948121645796,27,0.823974609375,1090,33.26416015625,1,0.030517578125,0x6BDB5333,0,512,384,0.0,2.0,1.5,0,0x04,0,0,0,1,0,0,0,1,0,0,,,,,,,,,,,,,,,,,,,,,,
27,1,OPEN_YAW,0.9333333333333333,36502,1113.95263671875,1097,33.477783203125,29.870556061987237,27,0.823974609375,1070,32.65380859375,0,0.0,0x5AD6DB54,0,512,384,0.0,2.0,1.5,0,0x04,0,0,0,1,0,0,0,1,0,0,,,,,,,,,,,,,,,,,,,,,,
28,1,OPEN_YAW,0.9666666666666667,37599,1147.430419921875,1097,33.477783203125,29.870556061987237,26,0.79345703125,1071,32.684326171875,0,0.0,0xE5D4D0F1,0,512,384,0.0,2.0,1.5,0,0x04,0,0,0,1,0,0,0,1,0,0,,,,,,,,,,,,,,,,,,,,,,
29,1,OPEN_YAW,1.0,38697,1180.938720703125,1098,33.50830078125,29.84335154826958,26,0.79345703125,1071,32.684326171875,1,0.030517578125,0x160A0806,0,512,384,0.0,2.0,1.5,0,0x04,0,0,0,1,0,0,0,1,0,0,,,,,,,,,,,,,,,,,,,,,,
30,1,OPEN_YAW,1.0333333333333334,39792,1214.35546875,1095,33.416748046875,29.92511415525114,27,0.823974609375,1068,32.5927734375,0,0.0,0x779CD11B,0,512,384,0.0,2.0,1.5,0,0x04,0,0,0,1,0,0,0,1,0,0,,,,,,,,,,,,,,,,,,,,,,
31,1,OPEN_YAW,1.0666666666666667,40887,1247.772216796875,1095,33.416748046875,29.92511415525114,26,0.79345703125,1068,32.5927734375,1,0.030517578125,0xFB682E46,0,512,384,0.0,2.0,1.5,0,0x04,0,0,0,1,0,0,0,1,0,0,,,,,,,,,,,,,,,,,,,,,,
32,1,OPEN_YAW,1.1,41981,1281.158447265625,1094,33.38623046875,29.952468007312614,27,0.823974609375,1067,32.562255859375,0,0.0,0xAB4F68AF,0,512,384,0.0,2.0,1.5,0,0x04,0,0,0,1,0,0,0,1,0,0,,,,,,,,,,,,,,,,,,,,,,
33,1,OPEN_YAW,1.1333333333333333,43072,1314.453125,1091,33.294677734375,30.034830430797435,26,0.79345703125,1065,32.501220703125,0,0.0,0x0191D5F6,0,512,384,0.0,2.0,1.5,0,0x04,0,0,0,1,0,0,0,1,0,0,,,,,,,,,,,,,,,,,,,,,,
34,1,OPEN_YAW,1.1666666666666667,44163,1347.747802734375,1091,33.294677734375,30.034830430797435,26,0.79345703125,1064,32.470703125,1,0.030517578125,0x47E40981,0,512,384,0.0,2.0,1.5,0,0x04,0,0,0,1,0,0,0,1,0,0,,,,,,,,,,,,,,,,,,,,,,
35,1,OPEN_YAW,1.2,45253,1381.011962890625,1090,33.26416015625,30.06238532110092,27,0.823974609375,1062,32.40966796875,1,0.030517578125,0x58D899FA,0,512,384,0.0,2.0,1.5,0,0x04,0,0,0,1,0,0,0,1,0,0,,,,,,,,,,,,,,,,,,,,,,
36,1,OPEN_YAW,1.2333333333333334,46211,1410.247802734375,958,29.23583984375,34.20459290187891,27,0.823974609375,931,28.411865234375,0,0.0,0x82178F31,0,512,384,0.0,2.0,1.5,0,0x04,0,0,0,1,0,0,0,1,0,0,,,,,,,,,,,,,,,,,,,,,,
37,1,OPEN_YAW,1.2666666666666666,47163,1439.300537109375,952,29.052734375,34.42016806722689,26,0.79345703125,925,28.228759765625,1,0.030517578125,0x47A89276,0,512,384,0.0,2.0,1.5,0,0x04,0,0,0,1,0,0,0,1,0,0,,,,,,,,,,,,,,,,,,,,,,
38,1,OPEN_YAW,1.3,48104,1468.017578125,941,28.717041015625,34.82252922422954,26,0.79345703125,915,27.923583984375,0,0.0,0x9B4B1FEF,0,512,384,0.0,2.0,1.5,0,0x04,0,0,0,1,0,0,0,1,0,0,,,,,,,,,,,,,,,,,,,,,,
39,1,OPEN_YAW,1.3333333333333333,49042,1496.64306640625,938,28.62548828125,34.933901918976545,26,0.79345703125,912,27.83203125,0,0.0,0x2EA80794,0,512,384,0.0,2.0,1.5,0,0x04,0,0,0,1,0,0,0,1,0,0,,,,,,,,,,,,,,,,,,,,,,
40,1,OPEN_YAW,1.3666666666666667,49962,1524.71923828125,920,28.076171875,35.61739130434783,26,0.79345703125,893,27.252197265625,1,0.030517578125,0x9320BBD7,0,512,384,0.0,2.0,1.5,0,0x04,0,0,0,1,0,0,0,1,0,0,,,,,,,,,,,,,,,,,,,,,,
41,1,OPEN_YAW,1.4,50880,1552.734375,918,28.01513671875,35.694989106753816,27,0.823974609375,891,27.191162109375,0,0.0,0xF1D64FEB,0,512,384,0.0,2.0,1.5,0,0x04,0,0,0,1,0,0,0,1,0,0,,,,,,,,,,,,,,,,,,,,,,
42,1,OPEN_YAW,1.4333333333333333,51798,1580.74951171875,918,28.01513671875,35.694989106753816,26,0.79345703125,892,27.2216796875,0,0.0,0x313FD664,0,512,384,0.0,2.0,1.5,0,0x04,0,0,0,1,0,0,0,1,0,0,,,,,,,,,,,,,,,,,,,,,,
43,1,OPEN_YAW,1.4666666666666666,52718,1608.82568359375,920,28.076171875,35.61739130434783,26,0.79345703125,893,27.252197265625,1,0.030517578125,0xD37C3B3A,0,512,384,0.0,2.0,1.5,0,0x04,0,0,0,1,0,0,0,1,0,0,,,,,,,,,,,,,,,,,,,,,,
44,1,OPEN_YAW,1.5,53638,1636.90185546875,920,28.076171875,35.61739130434783,26,0.79345703125,894,27.28271484375,0,0.0,0xC85E6E2D,0,512,384,0.0,2.0,1.5,0,0x04,0,0,0,1,0,0,0,1,0,0,,,,,,,,,,,,,,,,,,,,,,
45,1,OPEN_YAW,1.5333333333333334,54578,1665.58837890625,940,28.6865234375,34.85957446808511,26,0.79345703125,914,27.89306640625,0,0.0,0x241E983A,0,512,384,0.0,2.0,1.5,0,0x04,0,0,0,1,0,0,0,1,0,0,,,,,,,,,,,,,,,,,,,,,,
46,1,OPEN_YAW,1.5666666666666667,55528,1694.580078125,950,28.99169921875,34.49263157894737,26,0.79345703125,924,28.1982421875,0,0.0,0x26D8A8C7,0,512,384,0.0,2.0,1.5,0,0x04,0,0,0,1,0,0,0,1,0,0,,,,,,,,,,,,,,,,,,,,,,
47,1,OPEN_YAW,1.6,56484,1723.7548828125,956,29.1748046875,34.27615062761506,26,0.79345703125,929,28.350830078125,1,0.030517578125,0x57BE9584,0,512,384,0.0,2.0,1.5,0,0x04,0,0,0,1,0,0,0,1,0,0,,,,,,,,,,,,,,,,,,,,,,
48,1,OPEN_YAW,1.6333333333333333,57571,1756.927490234375,1087,33.172607421875,30.145354185832566,27,0.823974609375,1059,32.318115234375,1,0.030517578125,0x8ED5AA07,0,512,384,0.0,2.0,1.5,0,0x04,0,0,0,1,0,0,0,1,0,0,,,,,,,,,,,,,,,,,,,,,,
49,1,OPEN_YAW,1.6666666666666667,58659,1790.130615234375,1088,33.203125,30.11764705882353,27,0.823974609375,1061,32.379150390625,0,0.0,0x4BBB54B2,0,512,384,0.0,2.0,1.5,0,0x04,0,0,0,1,0,0,0,1,0,0,,,,,,,,,,,,,,,,,,,,,,
50,1,OPEN_YAW,1.7,59751,1823.455810546875,1092,33.3251953125,30.007326007326007,26,0.79345703125,1065,32.501220703125,1,0.030517578125,0x48512005,0,512,384,0.0,2.0,1.5,0,0x04,0,0,0,1,0,0,0,1,0,0,,,,,,,,,,,,,,,,,,,,,,
51,1,OPEN_YAW,1.7333333333333334,60845,1856.842041015625,1094,33.38623046875,29.952468007312614,27,0.823974609375,1067,32.562255859375,0,0.0,0xE2849AE4,0,512,384,0.0,2.0,1.5,0,0x04,0,0,0,1,0,0,0,1,0,0,,,,,,,,,,,,,,,,,,,,,,
52,1,OPEN_YAW,1.7666666666666666,61940,1890.2587890625,1095,33.416748046875,29.92511415525114,26,0.79345703125,1068,32.5927734375,1,0.030517578125,0x06B91CB7,0,512,384,0.0,2.0,1.5,0,0x04,0,0,0,1,0,0,0,1,0,0,,,,,,,,,,,,,,,,,,,,,,
53,1,OPEN_YAW,1.8,63037,1923.736572265625,1097,33.477783203125,29.870556061987237,27,0.823974609375,1069,32.623291015625,1,0.030517578125,0xEF7CD81A,0,512,384,0.0,2.0,1.5,0,0x04,0,0,0,1,0,0,0,1,0,0,,,,,,,,,,,,,,,,,,,,,,
54,1,OPEN_YAW,1.8333333333333333,64137,1957.305908203125,1100,33.5693359375,29.78909090909091,27,0.823974609375,1072,32.71484375,1,0.030517578125,0x50648D73,0,512,384,0.0,2.0,1.5,0,0x04,0,0,0,1,0,0,0,1,0,0,,,,,,,,,,,,,,,,,,,,,,
55,1,OPEN_YAW,1.8666666666666667,65234,1990.78369140625,1097,33.477783203125,29.870556061987237,26,0.79345703125,1071,32.684326171875,0,0.0,0xAAF43222,0,512,384,0.0,2.0,1.5,0,0x04,0,0,0,1,0,0,0,1,0,0,,,,,,,,,,,,,,,,,,,,,,
56,1,OPEN_YAW,1.9,66331,2024.261474609375,1097,33.477783203125,29.870556061987237,26,0.79345703125,1071,32.684326171875,0,0.0,0x3BD3184F,0,512,384,0.0,2.0,1.5,0,0x04,0,0,0,1,0,0,0,1,0,0,,,,,,,,,,,,,,,,,,,,,,
57,1,OPEN_YAW,1.9333333333333333,67446,2058.28857421875,1115,34.027099609375,29.388340807174888,26,0.79345703125,1089,33.233642578125,0,0.0,0x076558F0,0,512,384,0.0,2.0,1.5,0,0x04,0,0,0,1,0,0,0,1,0,0,,,,,,,,,,,,,,,,,,,,,,
58,1,OPEN_YAW,1.9666666666666666,68563,2092.376708984375,1117,34.088134765625,29.335720680393912,26,0.79345703125,1090,33.26416015625,1,0.030517578125,0x498711DD,0,512,384,0.0,2.0,1.5,0,0x04,0,0,0,1,0,0,0,1,0,0,,,,,,,,,,,,,,,,,,,,,,
59,1,OPEN_YAW,2.0,69679,2126.434326171875,1116,34.0576171875,29.36200716845878,27,0.823974609375,1089,33.233642578125,0,0.0,0x46A0A0DE,0,512,384,0.0,2.0,1.5,0,0x04,0,0,0,1,0,0,0,1,0,0,,,,,,,,,,,,,,,,,,,,,,
60,1,OPEN_YAW,2.033333333333333,70794,2160.46142578125,1115,34.027099609375,29.388340807174888,26,0.79345703125,1088,33.203125,1,0.030517578125,0x9DD3D2F1,0,512,384,0.0,2.0,1.5,0,0x04,0,0,0,1,0,0,0,1,0,0,,,,,,,,,,,,,,,,,,,,,,
61,1,OPEN_YAW,2.066666666666667,71909,2194.488525390625,1115,34.027099609375,29.388340807174888,27,0.823974609375,1088,33.203125,0,0.0,0x7811DB3C,0,512,384,0.0,2.0,1.5,0,0x04,0,0,0,1,0,0,0,1,0,0,,,,,,,,,,,,,,,,,,,,,,
62,1,OPEN_YAW,2.1,73014,2228.21044921875,1105,33.721923828125,29.654298642533938,26,0.79345703125,1079,32.928466796875,0,0.0,0x84E13E89,0,512,384,0.0,2.0,1.5,0,0x04,0,0,0,1,0,0,0,1,0,0,,,,,,,,,,,,,,,,,,,,,,
63,1,OPEN_YAW,2.1333333333333333,74100,2261.3525390625,1086,33.14208984375,30.173112338858196,26,0.79345703125,1060,32.3486328125,0,0.0,0x87201FF4,0,512,384,0.0,2.0,1.5,0,0x04,0,0,0,1,0,0,0,1,0,0,,,,,,,,,,,,,,,,,,,,,,
64,1,OPEN_YAW,2.1666666666666665,75206,2295.10498046875,1106,33.75244140625,29.62748643761302,26,0.79345703125,1079,32.928466796875,1,0.030517578125,0x84E13E89,0,512,384,0.0,2.0,1.5,0,0x04,0,0,0,1,0,0,0,-1,0,0,,,,,,,,,,,,,,,,,,,,,,
65,1,OPEN_YAW,2.2,76322,2329.16259765625,1116,34.0576171875,29.36200716845878,27,0.823974609375,1088,33.203125,1,0.030517578125,0x7811DB3C,0,512,384,0.0,2.0,1.5,0,0x04,0,0,0,1,0,0,0,-1,0,0,,,,,,,,,,,,,,,,,,,,,,
66,1,OPEN_YAW,2.2333333333333334,77438,2363.22021484375,1116,34.0576171875,29.36200716845878,27,0.823974609375,1088,33.203125,1,0.030517578125,0x9DD3D2F1,0,512,384,0.0,2.0,1.5,0,0x04,0,0,0,1,0,0,0,-1,0,0,,,,,,,,,,,,,,,,,,,,,,
67,1,OPEN_YAW,2.2666666666666666,78555,2397.308349609375,1117,34.088134765625,29.335720680393912,27,0.823974609375,1089,33.233642578125,1,0.030517578125,0x46A0A0DE,0,512,384,0.0,2.0,1.5,0,0x04,0,0,0,1,0,0,0,-1,0,0,,,,,,,,,,,,,,,,,,,,,,
68,1,OPEN_YAW,2.3,79672,2431.396484375,1117,34.088134765625,29.335720680393912,26,0.79345703125,1090,33.26416015625,1,0.030517578125,0x498711DD,0,512,384,0.0,2.0,1.5,0,0x04,0,0,0,1,0,0,0,-1,0,0,,,,,,,,,,,,,,,,,,,,,,
69,1,OPEN_YAW,2.3333333333333335,80788,2465.4541015625,1116,34.0576171875,29.36200716845878,27,0.823974609375,1089,33.233642578125,0,0.0,0x076558F0,0,512,384,0.0,2.0,1.5,0,0x04,0,0,0,1,0,0,0,-1,0,0,,,,,,,,,,,,,,,,,,,,,,
70,1,OPEN_YAW,2.3666666666666667,81885,2498.931884765625,1097,33.477783203125,29.870556061987237,26,0.79345703125,1071,32.684326171875,0,0.0,0x3BD3184F,0,512,384,0.0,2.0,1.5,0,0x04,0,0,0,1,0,0,0,-1,0,0,,,,,,,,,,,,,,,,,,,,,,
71,1,OPEN_YAW,2.4,82983,2532.440185546875,1098,33.50830078125,29.84335154826958,26,0.79345703125,1071,32.684326171875,1,0.030517578125,0xAAF43222,0,512,384,0.0,2.0,1.5,0,0x04,0,0,0,1,0,0,0,-1,0,0,,,,,,,,,,,,,,,,,,,,,,
72,1,OPEN_YAW,2.433333333333333,84083,2566.009521484375,1100,33.5693359375,29.78909090909091,27,0.823974609375,1072,32.71484375,1,0.030517578125,0x50648D73,0,512,384,0.0,2.0,1.5,0,0x04,0,0,0,1,0,0,0,-1,0,0,,,,,,,,,,,,,,,,,,,,,,
73,1,OPEN_YAW,2.466666666666667,85179,2599.456787109375,1096,33.447265625,29.8978102189781,26,0.79345703125,1069,32.623291015625,1,0.030517578125,0xEF7CD81A,0,512,384,0.0,2.0,1.5,0,0x04,0,0,0,1,0,0,0,-1,0,0,,,,,,,,,,,,,,,,,,,,,,
74,1,OPEN_YAW,2.5,86274,2632.87353515625,1095,33.416748046875,29.92511415525114,26,0.79345703125,1068,32.5927734375,1,0.030517578125,0x06B91CB7,0,512,384,0.0,2.0,1.5,0,0x04,0,0,0,1,0,0,0,-1,0,0,,,,,,,,,,,,,,,,,,,,,,
75,1,OPEN_YAW,2.533333333333333,87369,2666.290283203125,1095,33.416748046875,29.92511415525114,27,0.823974609375,1067,32.562255859375,1,0.030517578125,0xE2849AE4,0,512,384,0.0,2.0,1.5,0,0x04,0,0,0,1,0,0,0,-1,0,0,,,,,,,,,,,,,,,,,,,,,,
76,1,OPEN_YAW,2.566666666666667,88460,2699.5849609375,1091,33.294677734375,30.034830430797435,26,0.79345703125,1065,32.501220703125,0,0.0,0x48512005,0,512,384,0.0,2.0,1.5,0,0x04,0,0,0,1,0,0,0,-1,0,0,,,,,,,,,,,,,,,,,,,,,,
77,1,OPEN_YAW,2.6,89549,2732.818603515625,1089,33.233642578125,30.089990817263544,26,0.79345703125,1062,32.40966796875,1,0.030517578125,0x4BBB54B2,0,512,384,0.0,2.0,1.5,0,0x04,0,0,0,1,0,0,0,-1,0,0,,,,,,,,,,,,,,,,,,,,,,
78,1,OPEN_YAW,2.6333333333333333,90635,2765.960693359375,1086,33.14208984375,30.173112338858196,26,0.79345703125,1059,32.318115234375,1,0.030517578125,0x8ED5AA07,0,512,384,0.0,2.0,1.5,0,0x04,0,0,0,1,0,0,0,-1,0,0,,,,,,,,,,,,,,,,,,,,,,
79,1,OPEN_YAW,2.6666666666666665,91591,2795.135498046875,956,29.1748046875,34.27615062761506,26,0.79345703125,929,28.350830078125,1,0.030517578125,0x57BE9584,0,512,384,0.0,2.0,1.5,0,0x04,0,0,0,1,0,0,0,-1,0,0,,,,,,,,,,,,,,,,,,,,,,
80,1,OPEN_YAW,2.7,92542,2824.15771484375,951,29.022216796875,34.456361724500525,27,0.823974609375,924,28.1982421875,0,0.0,0x26D8A8C7,0,512,384,0.0,2.0,1.5,0,0x04,0,0,0,1,0,0,0,-1,0,0,,,,,,,,,,,,,,,,,,,,,,
81,1,OPEN_YAW,2.7333333333333334,93482,2852.84423828125,940,28.6865234375,34.85957446808511,26,0.79345703125,914,27.89306640625,0,0.0,0x241E983A,0,512,384,0.0,2.0,1.5,0,0x04,0,0,0,1,0,0,0,-1,0,0,,,,,,,,,,,,,,,,,,,,,,
82,1,OPEN_YAW,2.7666666666666666,94403,2880.950927734375,921,28.106689453125,35.57871878393051,26,0.79345703125,894,27.28271484375,1,0.030517578125,0xC85E6E2D,0,512,384,0.0,2.0,1.5,0,0x04,0,0,0,1,0,0,0,-1,0,0,,,,,,,,,,,,,,,,,,,,,,
83,1,OPEN_YAW,2.8,95323,2909.027099609375,920,28.076171875,35.61739130434783,27,0.823974609375,893,27.252197265625,0,0.0,0xD37C3B3A,0,512,384,0.0,2.0,1.5,0,0x04,0,0,0,1,0,0,0,-1,0,0,,,,,,,,,,,,,,,,,,,,,,
84,1,OPEN_YAW,2.8333333333333335,96242,2937.07275390625,919,28.045654296875,35.65614798694233,26,0.79345703125,892,27.2216796875,1,0.030517578125,0x313FD664,0,512,384,0.0,2.0,1.5,0,0x04,0,0,0,1,0,0,0,-1,0,0,,,,,,,,,,,,,,,,,,,,,,
85,1,OPEN_YAW,2.8666666666666667,97162,2965.14892578125,920,28.076171875,35.61739130434783,27,0.823974609375,892,27.2216796875,1,0.030517578125,0xF1D64FEB,0,512,384,0.0,2.0,1.5,0,0x04,0,0,0,1,0,0,0,-1,0,0,,,,,,,,,,,,,,,,,,,,,,
86,1,OPEN_YAW,2.9,98081,2993.194580078125,919,28.045654296875,35.65614798694233,27,0.823974609375,892,27.2216796875,0,0.0,0x9320BBD7,0,512,384,0.0,2.0,1.5,0,0x04,0,0,0,1,0,0,0,-1,0,0,,,,,,,,,,,,,,,,,,,,,,
87,1,OPEN_YAW,2.933333333333333,99019,3021.820068359375,938,28.62548828125,34.933901918976545,26,0.79345703125,912,27.83203125,0,0.0,0x2EA80794,0,512,384,0.0,2.0,1.5,0,0x04,0,0,0,1,0,0,0,-1,0,0,,,,,,,,,,,,,,,,,,,,,,
88,1,OPEN_YAW,2.966666666666667,99960,3050.537109375,941,28.717041015625,34.82252922422954,26,0.79345703125,915,27.923583984375,0,0.0,0x9B4B1FEF,0,512,384,0.0,2.0,1.5,0,0x04,0,0,0,1,0,0,0,-1,0,0,,,,,,,,,,,,,,,,,,,,,,
89,1,OPEN_YAW,3.0,100911,3079.559326171875,951,29.022216796875,34.456361724500525,26,0.79345703125,925,28.228759765625,0,0.0,0x47A89276,0,512,384,0.0,2.0,1.5,0,0x04,0,0,0,1,0,0,0,-1,0,0,,,,,,,,,,,,,,,,,,,,,,
90,1,OPEN_YAW,3.033333333333333,101868,3108.7646484375,957,29.205322265625,34.240334378265416,26,0.79345703125,931,28.411865234375,0,0.0,0x82178F31,0,512,384,0.0,2.0,1.5,0,0x04,0,0,0,1,0,0,0,-1,0,0,,,,,,,,,,,,,,,,,,,,,,
91,1,OPEN_YAW,3.066666666666667,102957,3141.998291015625,1089,33.233642578125,30.089990817263544,26,0.79345703125,1062,32.40966796875,1,0.030517578125,0x58D899FA,0,512,384,0.0,2.0,1.5,0,0x04,0,0,0,1,0,0,0,-1,0,0,,,,,,,,,,,,,,,,,,,,,,
92,1,OPEN_YAW,3.1,104047,3175.262451171875,1090,33.26416015625,30.06238532110092,27,0.823974609375,1063,32.440185546875,0,0.0,0x47E40981,0,512,384,0.0,2.0,1.5,0,0x04,0,0,0,1,0,0,0,-1,0,0,,,,,,,,,,,,,,,,,,,,,,
93,1,OPEN_YAW,3.1333333333333333,105138,3208.55712890625,1091,33.294677734375,30.034830430797435,26,0.79345703125,1065,32.501220703125,0,0.0,0x0191D5F6,0,512,384,0.0,2.0,1.5,0,0x04,0,0,0,1,0,0,0,-1,0,0,,,,,,,,,,,,,,,,,,,,,,
94,1,OPEN_YAW,3.1666666666666665,106233,3241.973876953125,1095,33.416748046875,29.92511415525114,26,0.79345703125,1068,32.5927734375,1,0.030517578125,0xAB4F68AF,0,512,384,0.0,2.0,1.5,0,0x04,0,0,0,1,0,0,0,-1,0,0,,,,,,,,,,,,,,,,,,,,,,
95,1,OPEN_YAW,3.2,107328,3275.390625,1095,33.416748046875,29.92511415525114,27,0.823974609375,1068,32.5927734375,0,0.0,0xFB682E46,0,512,384,0.0,2.0,1.5,0,0x04,0,0,0,1,0,0,0,-1,0,0,,,,,,,,,,,,,,,,,,,,,,
96,1,OPEN_YAW,3.2333333333333334,108422,3308.77685546875,1094,33.38623046875,29.952468007312614,26,0.79345703125,1068,32.5927734375,0,0.0,0x779CD11B,0,512,384,0.0,2.0,1.5,0,0x04,0,0,0,1,0,0,0,-1,0,0,,,,,,,,,,,,,,,,,,,,,,
97,1,OPEN_YAW,3.2666666666666666,109519,3342.254638671875,1097,33.477783203125,29.870556061987237,26,0.79345703125,1071,32.684326171875,0,0.0,0x160A0806,0,512,384,0.0,2.0,1.5,0,0x04,0,0,0,1,0,0,0,-1,0,0,,,,,,,,,,,,,,,,,,,,,,
98,1,OPEN_YAW,3.3,110616,3375.732421875,1097,33.477783203125,29.870556061987237,26,0.79345703125,1071,32.684326171875,0,0.0,0xE5D4D0F1,0,512,384,0.0,2.0,1.5,0,0x04,0,0,0,1,0,0,0,-1,0,0,,,,,,,,,,,,,,,,,,,,,,
99,1,OPEN_YAW,3.3333333333333335,111714,3409.24072265625,1098,33.50830078125,29.84335154826958,26,0.79345703125,1071,32.684326171875,1,0.030517578125,0x5AD6DB54,0,512,384,0.0,2.0,1.5,0,0x04,0,0,0,1,0,0,0,-1,0,0,,,,,,,,,,,,,,,,,,,,,,
100,1,OPEN_YAW,3.3666666666666667,112832,3443.359375,1118,34.11865234375,29.30948121645796,27,0.823974609375,1090,33.26416015625,1,0.030517578125,0x6BDB5333,0,512,384,0.0,2.0,1.5,0,0x04,0,0,0,1,0,0,0,-1,0,0,,,,,,,,,,,,,,,,,,,,,,
101,1,OPEN_YAW,3.4,113948,3477.4169921875,1116,34.0576171875,29.36200716845878,27,0.823974609375,1089,33.233642578125,0,0.0,0x727A5D9C,0,512,384,0.0,2.0,1.5,0,0x04,0,0,0,1,0,0,0,-1,0,0,,,,,,,,,,,,,,,,,,,,,,
102,1,OPEN_YAW,3.433333333333333,115062,3511.41357421875,1114,33.99658203125,29.414721723518852,26,0.79345703125,1088,33.203125,0,0.0,0x09DBF567,0,512,384,0.0,2.0,1.5,0,0x04,0,0,0,1,0,0,0,-1,0,0,,,,,,,,,,,,,,,,,,,,,,
103,1,OPEN_YAW,3.466666666666667,116175,3545.379638671875,1113,33.966064453125,29.44115004492363,26,0.79345703125,1086,33.14208984375,1,0.030517578125,0xF1FADB42,0,512,384,0.0,2.0,1.5,0,0x04,0,0,0,1,0,0,0,-1,0,0,,,,,,,,,,,,,,,,,,,,,,
104,1,OPEN_YAW,3.5,117287,3579.315185546875,1112,33.935546875,29.467625899280577,27,0.823974609375,1084,33.0810546875,1,0.030517578125,0x48C590F3,0,512,384,0.0,2.0,1.5,0,0x04,0,0,0,1,0,0,0,-1,0,0,,,,,,,,,,,,,,,,,,,,,,
105,1,OPEN_YAW,3.533333333333333,118391,3613.006591796875,1104,33.69140625,29.681159420289855,27,0.823974609375,1076,32.8369140625,1,0.030517578125,0xCB25181A,0,512,384,0.0,2.0,1.5,0,0x04,0,0,0,1,0,0,0,-1,0,0,,,,,,,,,,,,,,,,,,,,,,
106,1,OPEN_YAW,3.566666666666667,119490,3646.54541015625,1099,33.538818359375,29.816196542311193,27,0.823974609375,1072,32.71484375,0,0.0,0xAC3150F9,0,512,384,0.0,2.0,1.5,0,0x04,0,0,0,1,0,0,0,-1,0,0,,,,,,,,,,,,,,,,,,,,,,
107,1,OPEN_YAW,3.6,120592,3680.17578125,1102,33.63037109375,29.73502722323049,26,0.79345703125,1076,32.8369140625,0,0.0,0xFC0E3B5E,0,512,384,0.0,2.0,1.5,0,0x04,0,0,0,1,0,0,0,-1,0,0,,,,,,,,,,,,,,,,,,,,,,
108,1,OPEN_YAW,3.6333333333333333,121697,3713.897705078125,1105,33.721923828125,29.654298642533938,26,0.79345703125,1079,32.928466796875,0,0.0,0xFA8FA93F,0,512,384,0.0,2.0,1.5,0,0x04,0,0,0,1,0,0,0,-1,0,0,,,,,,,,,,,,,,,,,,,,,,
109,1,OPEN_YAW,3.6666666666666665,122663,3743.377685546875,966,29.47998046875,33.92132505175984,26,0.79345703125,940,28.6865234375,0,0.0,0xC813CCF6,0,512,384,0.0,2.0,1.5,0,0x04,0,0,0,1,0,0,0,-1,0,0,,,,,,,,,,,,,,,,,,,,,,
110,1,OPEN_YAW,3.7,123653,3773.590087890625,990,30.21240234375,33.0989898989899,26,0.79345703125,964,29.4189453125,0,0.0,0xA5F2BEEB,0,512,384,0.0,2.0,1.5,0,0x04,0,0,0,1,0,0,0,-1,0,0,,,,,,,,,,,,,,,,,,,,,,
111,1,OPEN_YAW,3.7333333333333334,124658,3804.26025390625,1005,30.670166015625,32.60497512437811,26,0.79345703125,978,29.84619140625,1,0.030517578125,0xFC68B016,0,512,384,0.0,2.0,1.5,0,0x04,0,0,0,1,0,0,0,-1,0,0,,,,,,,,,,,,,,,,,,,,,,
112,1,OPEN_YAW,3.7666666666666666,125847,3840.545654296875,1189,36.285400390625,27.55929352396972,27,0.823974609375,1161,35.430908203125,1,0.030517578125,0x57F83B3D,0,512,384,0.0,2.0,1.5,0,0x04,0,0,0,1,0,0,0,-1,0,0,,,,,,,,,,,,,,,,,,,,,,
113,1,OPEN_YAW,3.8,127063,3877.655029296875,1216,37.109375,26.94736842105263,27,0.823974609375,1188,36.2548828125,1,0.030517578125,0x44510D1A,0,512,384,0.0,2.0,1.5,0,0x04,0,0,0,1,0,0,0,-1,0,0,,,,,,,,,,,,,,,,,,,,,,
114,1,OPEN_YAW,3.8333333333333335,128280,3914.794921875,1217,37.139892578125,26.925225965488906,27,0.823974609375,1189,36.285400390625,1,0.030517578125,0xE47DEAEF,0,512,384,0.0,2.0,1.5,0,0x04,0,0,0,1,0,0,0,-1,0,0,,,,,,,,,,,,,,,,,,,,,,
115,1,OPEN_YAW,3.8666666666666667,129500,3952.0263671875,1220,37.2314453125,26.859016393442623,27,0.823974609375,1192,36.376953125,1,0.030517578125,0x70470C18,0,512,384,0.0,2.0,1.5,0,0x04,0,0,0,1,0,0,0,-1,0,0,,,,,,,,,,,,,,,,,,,,,,
116,1,OPEN_YAW,3.9,131096,4000.732421875,1596,48.7060546875,20.531328320802004,27,0.823974609375,1568,47.8515625,1,0.030517578125,0x6E85EBC5,0,512,384,0.0,2.0,1.5,0,0x04,0,0,0,1,0,0,0,-1,0,0,,,,,,,,,,,,,,,,,,,,,,
117,1,OPEN_YAW,3.933333333333333,132708,4049.9267578125,1612,49.1943359375,20.327543424317618,27,0.823974609375,1584,48.33984375,1,0.030517578125,0x1F45C49E,0,512,384,0.0,2.0,1.5,0,0x04,0,0,0,1,0,0,0,-1,0,0,,,,,,,,,,,,,,,,,,,,,,
118,1,OPEN_YAW,3.966666666666667,134313,4098.907470703125,1605,48.980712890625,20.41619937694704,27,0.823974609375,1578,48.15673828125,0,0.0,0x94A84683,0,512,384,0.0,2.0,1.5,0,0x04,0,0,0,1,0,0,0,-1,0,0,,,,,,,,,,,,,,,,,,,,,,
119,1,OPEN_YAW,4.0,135927,4148.162841796875,1614,49.25537109375,20.302354399008674,26,0.79345703125,1588,48.4619140625,0,0.0,0xD27F4708,0,512,384,0.0,2.0,1.5,0,0x04,0,0,0,1,0,0,0,-1,0,0,,,,,,,,,,,,,,,,,,,,,,
120,1,OPEN_YAW,4.033333333333333,137544,4197.509765625,1617,49.346923828125,20.264687693259123,26,0.79345703125,1590,48.52294921875,1,0.030517578125,0xF0C60EB7,0,512,384,0.0,2.0,1.5,0,0x04,0,0,0,1,0,0,0,-1,0,0,,,,,,,,,,,,,,,,,,,,,,
121,1,OPEN_YAW,4.066666666666666,139142,4246.27685546875,1598,48.76708984375,20.505632040050063,27,0.823974609375,1570,47.91259765625,1,0.030517578125,0x1A9A2DD0,0,512,384,0.0,2.0,1.5,0,0x04,0,0,0,1,0,0,0,-1,0,0,,,,,,,,,,,,,,,,,,,,,,
122,1,OPEN_YAW,4.1,140730,4294.73876953125,1588,48.4619140625,20.634760705289672,27,0.823974609375,1561,47.637939453125,0,0.0,0x45E0B719,0,512,384,0.0,2.0,1.5,0,0x04,0,0,0,1,0,0,0,-1,0,0,,,,,,,,,,,,,,,,,,,,,,
123,1,OPEN_YAW,4.133333333333334,142272,4341.796875,1542,47.05810546875,21.250324254215304,26,0.79345703125,1515,46.234130859375,1,0.030517578125,0xAED9429C,0,512,384,0.0,2.0,1.5,0,0x04,0,0,0,1,0,0,0,-1,0,0,,,,,,,,,,,,,,,,,,,,,,
124,1,OPEN_YAW,4.166666666666667,143799,4388.397216796875,1527,46.600341796875,21.459070072036674,27,0.823974609375,1500,45.7763671875,0,0.0,0x58A773FF,0,512,384,0.0,2.0,1.5,0,0x04,0,0,0,1,0,0,0,-1,0,0,,,,,,,,,,,,,,,,,,,,,,
125,1,OPEN_YAW,4.2,145465,4439.239501953125,1666,50.84228515625,19.668667466986793,26,0.79345703125,1639,50.018310546875,1,0.030517578125,0x8B3821D2,0,512,384,0.0,2.0,1.5,0,0x04,0,0,0,1,0,0,0,-1,0,0,,,,,,,,,,,,,,,,,,,,,,
126,1,OPEN_YAW,4.233333333333333,147112,4489.501953125,1647,50.262451171875,19.89556769884639,27,0.823974609375,1620,49.4384765625,0,0.0,0x5E9768D3,0,512,384,0.0,2.0,1.5,0,0x04,0,0,0,1,0,0,0,-1,0,0,,,,,,,,,,,,,,,,,,,,,,
127,1,OPEN_YAW,4.266666666666667,148727,4538.787841796875,1615,49.285888671875,20.289783281733747,26,0.79345703125,1589,48.492431640625,0,0.0,0x9E5629C9,0,512,384,0.0,2.0,1.5,0,0x0C,0,0,0,1,1,0,0,-1,0,0,,,,,,,,,,,,,,,,,,,,,,
128,2,PITCH_SWEEP,4.3,150348,4588.2568359375,1621,49.468994140625,20.214682294879704,27,0.823974609375,1593,48.614501953125,1,0.030517578125,0xEBC50AFB,0,512,384,0.0,2.0,1.5,0,0x04,0,0,0,1,0,0,0,0,1,0,,,,,,,,,,,,,,,,,,,,,,
129,2,PITCH_SWEEP,4.333333333333333,151970,4637.75634765625,1622,49.49951171875,20.20221948212084,28,0.8544921875,1594,48.64501953125,0,0.0,0x99F6DC11,0,512,384,0.0,2.0,1.5,0,0x04,0,0,0,1,0,0,0,0,1,0,,,,,,,,,,,,,,,,,,,,,,
130,2,PITCH_SWEEP,4.366666666666666,153587,4687.103271484375,1617,49.346923828125,20.264687693259123,27,0.823974609375,1590,48.52294921875,0,0.0,0xF5262E21,0,512,384,0.0,2.0,1.5,0,0x04,0,0,0,1,0,0,0,0,1,0,,,,,,,,,,,,,,,,,,,,,,
131,2,PITCH_SWEEP,4.4,155216,4736.81640625,1629,49.713134765625,20.115408225905462,27,0.823974609375,1602,48.88916015625,0,0.0,0xB89D05A3,0,512,384,0.0,2.0,1.5,0,0x04,0,0,0,1,0,0,0,0,1,0,,,,,,,,,,,,,,,,,,,,,,
132,2,PITCH_SWEEP,4.433333333333334,156849,4786.651611328125,1633,49.835205078125,20.06613594611145,27,0.823974609375,1605,48.980712890625,1,0.030517578125,0x0366AA7D,0,512,384,0.0,2.0,1.5,0,0x04,0,0,0,1,0,0,0,0,1,0,,,,,,,,,,,,,,,,,,,,,,
133,2,PITCH_SWEEP,4.466666666666667,158487,4836.639404296875,1638,49.98779296875,20.004884004884005,28,0.8544921875,1609,49.102783203125,1,0.030517578125,0xD32DF697,0,512,384,0.0,2.0,1.5,0,0x06,1,1,0,1,0,0,0,0,1,0,49.041748046875,0.0,0.1220703125,19.378662109375,6.103515625,1.251220703125,4.425048828125,1.89208984375,0.0,14.6484375,1.220703125,0,0,0,0,0,0,0,0,0,0,0
134,2,PITCH_SWEEP,4.5,160095,4885.711669921875,1608,49.072265625,20.378109452736318,28,0.8544921875,1579,48.187255859375,1,0.030517578125,0xFD0ED9B9,0,512,384,0.0,2.0,1.5,0,0x04,0,0,0,1,0,0,0,0,1,0,,,,,,,,,,,,,,,,,,,,,,
135,2,PITCH_SWEEP,4.533333333333333,161697,4934.600830078125,1602,48.88916015625,20.454431960049938,28,0.8544921875,1574,48.03466796875,0,0.0,0x384A2F1B,0,512,384,0.0,2.0,1.5,0,0x04,0,0,0,1,0,0,0,0,1,0,,,,,,,,,,,,,,,,,,,,,,
136,2,PITCH_SWEEP,4.566666666666666,163291,4983.245849609375,1594,48.64501953125,20.557089084065243,27,0.823974609375,1567,47.821044921875,0,0.0,0x7DFB7EEB,0,512,384,0.0,2.0,1.5,0,0x04,0,0,0,1,0,0,0,0,1,0,,,,,,,,,,,,,,,,,,,,,,
137,2,PITCH_SWEEP,4.6,164864,5031.25,1573,48.004150390625,20.831532104259377,27,0.823974609375,1545,47.149658203125,1,0.030517578125,0x665540F9,0,512,384,0.0,2.0,1.5,0,0x04,0,0,0,1,0,0,0,0,1,0,,,,,,,,,,,,,,,,,,,,,,
138,2,PITCH_SWEEP,4.633333333333334,166420,5078.7353515625,1556,47.4853515625,21.05912596401028,28,0.8544921875,1527,46.600341796875,1,0.030517578125,0x24928A59,0,512,384,0.0,2.0,1.5,0,0x04,0,0,0,1,0,0,0,0,1,0,,,,,,,,,,,,,,,,,,,,,,
139,2,PITCH_SWEEP,4.666666666666667,167978,5126.28173828125,1558,47.54638671875,21.03209242618742,28,0.8544921875,1529,46.661376953125,1,0.030517578125,0xE620FE03,0,512,384,0.0,2.0,1.5,0,0x04,0,0,0,1,0,0,0,0,1,0,,,,,,,,,,,,,,,,,,,,,,
140,2,PITCH_SWEEP,4.7,169513,5173.126220703125,1535,46.844482421875,21.347231270358307,28,0.8544921875,1507,45.989990234375,0,0.0,0xF31CD78D,0,512,384,0.0,2.0,1.5,0,0x04,0,0,0,1,0,0,0,0,1,0,,,,,,,,,,,,,,,,,,,,,,
141,2,PITCH_SWEEP,4.733333333333333,171007,5218.719482421875,1494,45.59326171875,21.933065595716197,27,0.823974609375,1466,44.73876953125,1,0.030517578125,0xFC73F4CF,0,512,384,0.0,2.0,1.5,0,0x04,0,0,0,1,0,0,0,0,1,0,,,,,,,,,,,,,,,,,,,,,,
142,2,PITCH_SWEEP,4.766666666666667,172486,5263.85498046875,1479,45.135498046875,22.15551048005409,28,0.8544921875,1451,44.281005859375,0,0.0,0x31DBE5A1,0,512,384,0.0,2.0,1.5,0,0x04,0,0,0,1,0,0,0,0,1,0,,,,,,,,,,,,,,,,,,,,,,
143,2,PITCH_SWEEP,4.8,173938,5308.16650390625,1452,44.3115234375,22.56749311294766,27,0.823974609375,1424,43.45703125,1,0.030517578125,0x637D44ED,0,512,384,0.0,2.0,1.5,0,0x04,0,0,0,1,0,0,0,0,1,0,,,,,,,,,,,,,,,,,,,,,,
144,2,PITCH_SWEEP,4.833333333333333,175370,5351.86767578125,1432,43.701171875,22.88268156424581,28,0.8544921875,1403,42.816162109375,1,0.030517578125,0xDF585765,0,512,384,0.0,2.0,1.5,0,0x04,0,0,0,1,0,0,0,0,1,0,,,,,,,,,,,,,,,,,,,,,,
145,2,PITCH_SWEEP,4.866666666666666,176617,5389.923095703125,1247,38.055419921875,26.27746591820369,28,0.8544921875,1219,37.200927734375,0,0.0,0xC6349AE7,0,512,384,0.0,2.0,1.5,0,0x04,0,0,0,1,0,0,0,0,1,0,,,,,,,,,,,,,,,,,,,,,,
146,2,PITCH_SWEEP,4.9,177797,5425.933837890625,1180,36.0107421875,27.769491525423728,27,0.823974609375,1153,35.186767578125,0,0.0,0xF7C74FC9,0,512,384,0.0,2.0,1.5,0,0x04,0,0,0,1,0,0,0,0,1,0,,,,,,,,,,,,,,,,,,,,,,
147,2,PITCH_SWEEP,4.933333333333334,178975,5461.883544921875,1178,35.94970703125,27.816638370118845,27,0.823974609375,1151,35.125732421875,0,0.0,0xD205864D,0,512,384,0.0,2.0,1.5,0,0x04,0,0,0,1,0,0,0,0,1,0,,,,,,,,,,,,,,,,,,,,,,
148,2,PITCH_SWEEP,4.966666666666667,180148,5497.6806640625,1173,35.797119140625,27.935208866155158,27,0.823974609375,1146,34.97314453125,0,0.0,0x5776983D,0,512,384,0.0,2.0,1.5,0,0x04,0,0,0,1,0,0,0,0,1,0,,,,,,,,,,,,,,,,,,,,,,
149,2,PITCH_SWEEP,5.0,181316,5533.3251953125,1168,35.64453125,28.054794520547944,27,0.823974609375,1141,34.820556640625,0,0.0,0x3C8645B7,0,512,384,0.0,2.0,1.5,0,0x04,0,0,0,1,0,0,0,0,1,0,,,,,,,,,,,,,,,,,,,,,,
150,2,PITCH_SWEEP,5.033333333333333,182448,5567.87109375,1132,34.5458984375,28.946996466431095,27,0.823974609375,1104,33.69140625,1,0.030517578125,0xE8184D3B,0,512,384,0.0,2.0,1.5,0,0x04,0,0,0,1,0,0,0,0,1,0,,,,,,,,,,,,,,,,,,,,,,
151,2,PITCH_SWEEP,5.066666666666666,183580,5602.4169921875,1132,34.5458984375,28.946996466431095,27,0.823974609375,1104,33.69140625,1,0.030517578125,0x92BE7535,0,512,384,0.0,2.0,1.5,0,0x04,0,0,0,1,0,0,0,0,1,0,,,,,,,,,,,,,,,,,,,,,,
152,2,PITCH_SWEEP,5.1,184711,5636.932373046875,1131,34.515380859375,28.97259062776304,28,0.8544921875,1103,33.660888671875,0,0.0,0xE8184D3B,0,512,384,0.0,2.0,1.5,0,0x04,0,0,0,1,0,0,0,0,-1,0,,,,,,,,,,,,,,,,,,,,,,
153,2,PITCH_SWEEP,5.133333333333334,185879,5672.576904296875,1168,35.64453125,28.054794520547944,27,0.823974609375,1141,34.820556640625,0,0.0,0x3C8645B7,0,512,384,0.0,2.0,1.5,0,0x04,0,0,0,1,0,0,0,0,-1,0,,,,,,,,,,,,,,,,,,,,,,
154,2,PITCH_SWEEP,5.166666666666667,187053,5708.404541015625,1174,35.82763671875,27.911413969335605,27,0.823974609375,1146,34.97314453125,1,0.030517578125,0x5776983D,0,512,384,0.0,2.0,1.5,0,0x04,0,0,0,1,0,0,0,0,-1,0,,,,,,,,,,,,,,,,,,,,,,
155,2,PITCH_SWEEP,5.2,188232,5744.384765625,1179,35.980224609375,27.793044953350297,28,0.8544921875,1151,35.125732421875,0,0.0,0xD205864D,0,512,384,0.0,2.0,1.5,0,0x04,0,0,0,1,0,0,0,0,-1,0,,,,,,,,,,,,,,,,,,,,,,
156,2,PITCH_SWEEP,5.233333333333333,189413,5780.426025390625,1181,36.041259765625,27.745977984758678,27,0.823974609375,1153,35.186767578125,1,0.030517578125,0xF7C74FC9,0,512,384,0.0,2.0,1.5,0,0x04,0,0,0,1,0,0,0,0,-1,0,,,,,,,,,,,,,,,,,,,,,,
157,2,PITCH_SWEEP,5.266666666666667,190660,5818.4814453125,1247,38.055419921875,26.27746591820369,28,0.8544921875,1219,37.200927734375,0,0.0,0xC6349AE7,0,512,384,0.0,2.0,1.5,0,0x04,0,0,0,1,0,0,0,0,-1,0,,,,,,,,,,,,,,,,,,,,,,
158,2,PITCH_SWEEP,5.3,192091,5862.152099609375,1431,43.670654296875,22.898672257162822,27,0.823974609375,1403,42.816162109375,1,0.030517578125,0xDF585765,0,512,384,0.0,2.0,1.5,0,0x04,0,0,0,1,0,0,0,0,-1,0,,,,,,,,,,,,,,,,,,,,,,
159,2,PITCH_SWEEP,5.333333333333333,193542,5906.43310546875,1451,44.281005859375,22.583046175051688,28,0.8544921875,1423,43.426513671875,0,0.0,0x637D44ED,0,512,384,0.0,2.0,1.5,0,0x04,0,0,0,1,0,0,0,0,-1,0,,,,,,,,,,,,,,,,,,,,,,
160,2,PITCH_SWEEP,5.366666666666666,195022,5951.59912109375,1480,45.166015625,22.14054054054054,27,0.823974609375,1452,44.3115234375,1,0.030517578125,0x31DBE5A1,0,512,384,0.0,2.0,1.5,0,0x04,0,0,0,1,0,0,0,0,-1,0,,,,,,,,,,,,,,,,,,,,,,
161,2,PITCH_SWEEP,5.4,196516,5997.1923828125,1494,45.59326171875,21.933065595716197,27,0.823974609375,1466,44.73876953125,1,0.030517578125,0xFC73F4CF,0,512,384,0.0,2.0,1.5,0,0x04,0,0,0,1,0,0,0,0,-1,0,,,,,,,,,,,,,,,,,,,,,,
162,2,PITCH_SWEEP,5.433333333333334,198039,6043.670654296875,1523,46.478271484375,21.51543007222587,28,0.8544921875,1494,45.59326171875,1,0.030517578125,0xF31CD78D,0,512,384,0.0,2.0,1.5,0,0x04,0,0,0,1,0,0,0,0,-1,0,,,,,,,,,,,,,,,,,,,,,,
163,2,PITCH_SWEEP,5.466666666666667,199589,6090.972900390625,1550,47.30224609375,21.140645161290323,28,0.8544921875,1521,46.417236328125,1,0.030517578125,0xE620FE03,0,512,384,0.0,2.0,1.5,0,0x04,0,0,0,1,0,0,0,0,-1,0,,,,,,,,,,,,,,,,,,,,,,
164,2,PITCH_SWEEP,5.5,201129,6137.969970703125,1540,46.9970703125,21.277922077922078,28,0.8544921875,1511,46.112060546875,1,0.030517578125,0x24928A59,0,512,384,0.0,2.0,1.5,0,0x04,0,0,0,1,0,0,0,0,-1,0,,,,,,,,,,,,,,,,,,,,,,
165,2,PITCH_SWEEP,5.533333333333333,202701,6185.943603515625,1572,47.9736328125,20.844783715012724,28,0.8544921875,1544,47.119140625,0,0.0,0x665540F9,0,512,384,0.0,2.0,1.5,0,0x04,0,0,0,1,0,0,0,0,-1,0,,,,,,,,,,,,,,,,,,,,,,
166,2,PITCH_SWEEP,5.566666666666666,204297,6234.649658203125,1596,48.7060546875,20.531328320802004,27,0.823974609375,1568,47.8515625,1,0.030517578125,0x7DFB7EEB,0,512,384,0.0,2.0,1.5,0,0x04,0,0,0,1,0,0,0,0,-1,0,,,,,,,,,,,,,,,,,,,,,,
167,2,PITCH_SWEEP,5.6,205900,6283.5693359375,1603,48.919677734375,20.44167186525265,27,0.823974609375,1575,48.065185546875,1,0.030517578125,0x384A2F1B,0,512,384,0.0,2.0,1.5,0,0x04,0,0,0,1,0,0,0,0,-1,0,,,,,,,,,,,,,,,,,,,,,,
168,2,PITCH_SWEEP,5.633333333333334,207508,6332.6416015625,1608,49.072265625,20.378109452736318,28,0.8544921875,1579,48.187255859375,1,0.030517578125,0xFD0ED9B9,0,512,384,0.0,2.0,1.5,0,0x04,0,0,0,1,0,0,0,0,-1,0,,,,,,,,,,,,,,,,,,,,,,
169,2,PITCH_SWEEP,5.666666666666667,209145,6382.598876953125,1637,49.957275390625,20.01710445937691,28,0.8544921875,1609,49.102783203125,0,0.0,0xD32DF697,0,512,384,0.0,2.0,1.5,0,0x04,0,0,0,1,0,0,0,0,-1,0,,,,,,,,,,,,,,,,,,,,,,
170,2,PITCH_SWEEP,5.7,210778,6432.43408203125,1633,49.835205078125,20.06613594611145,27,0.823974609375,1605,48.980712890625,1,0.030517578125,0x0366AA7D,0,512,384,0.0,2.0,1.5,0,0x04,0,0,0,1,0,0,0,0,-1,0,,,,,,,,,,,,,,,,,,,,,,
171,2,PITCH_SWEEP,5.733333333333333,212407,6482.147216796875,1629,49.713134765625,20.115408225905462,28,0.8544921875,1601,48.858642578125,0,0.0,0xB89D05A3,0,512,384,0.0,2.0,1.5,0,0x04,0,0,0,1,0,0,0,0,-1,0,,,,,,,,,,,,,,,,,,,,,,
172,2,PITCH_SWEEP,5.766666666666667,214026,6531.55517578125,1619,49.407958984375,20.23965410747375,27,0.823974609375,1591,48.553466796875,1,0.030517578125,0xF5262E21,0,512,384,0.0,2.0,1.5,0,0x04,0,0,0,1,0,0,0,0,-1,0,,,,,,,,,,,,,,,,,,,,,,
173,2,PITCH_SWEEP,5.8,215647,6581.024169921875,1621,49.468994140625,20.214682294879704,28,0.8544921875,1593,48.614501953125,0,0.0,0x99F6DC11,0,512,384,0.0,2.0,1.5,0,0x04,0,0,0,1,0,0,0,0,-1,0,,,,,,,,,,,,,,,,,,,,,,
174,2,PITCH_SWEEP,5.833333333333333,217266,6630.43212890625,1619,49.407958984375,20.23965410747375,27,0.823974609375,1592,48.583984375,0,0.0,0xEBC50AFB,0,512,384,0.0,2.0,1.5,0,0x04,0,0,0,1,0,0,0,0,-1,0,,,,,,,,,,,,,,,,,,,,,,
175,2,PITCH_SWEEP,5.866666666666666,218882,6679.74853515625,1616,49.31640625,20.277227722772277,27,0.823974609375,1589,48.492431640625,0,0.0,0x9E5629C9,0,512,384,0.0,2.0,1.5,0,0x04,0,0,0,1,0,0,0,0,-1,0,,,,,,,,,,,,,,,,,,,,,,
176,2,PITCH_SWEEP,5.9,220506,6729.30908203125,1624,49.560546875,20.177339901477833,27,0.823974609375,1597,48.736572265625,0,0.0,0x70322F27,0,512,384,0.0,2.0,1.5,0,0x04,0,0,0,1,0,0,0,0,-1,0,,,,,,,,,,,,,,,,,,,,,,
177,2,PITCH_SWEEP,5.933333333333334,222127,6778.778076171875,1621,49.468994140625,20.214682294879704,27,0.823974609375,1594,48.64501953125,0,0.0,0x390641B9,0,512,384,0.0,2.0,1.5,0,0x04,0,0,0,1,0,0,0,0,-1,0,,,,,,,,,,,,,,,,,,,,,,
178,2,PITCH_SWEEP,5.966666666666667,223723,6827.484130859375,1596,48.7060546875,20.531328320802004,27,0.823974609375,1568,47.8515625,1,0.030517578125,0xC1D27A09,0,512,384,0.0,2.0,1.5,0,0x04,0,0,0,1,0,0,0,0,-1,0,,,,,,,,,,,,,,,,,,,,,,
179,2,PITCH_SWEEP,6.0,225314,6876.03759765625,1591,48.553466796875,20.595851665619108,28,0.8544921875,1563,47.698974609375,0,0.0,0xDBF98667,0,512,384,0.0,2.0,1.5,0,0x04,0,0,0,1,0,0,0,0,-1,0,,,,,,,,,,,,,,,,,,,,,,
180,2,PITCH_SWEEP,6.033333333333333,226884,6923.9501953125,1570,47.91259765625,20.871337579617833,27,0.823974609375,1542,47.05810546875,1,0.030517578125,0x776F84F5,0,512,384,0.0,2.0,1.5,0,0x04,0,0,0,1,0,0,0,0,-1,0,,,,,,,,,,,,,,,,,,,,,,
181,2,PITCH_SWEEP,6.066666666666666,228432,6971.19140625,1548,47.2412109375,21.16795865633075,28,0.8544921875,1520,46.38671875,0,0.0,0x9C5D3DAB,0,512,384,0.0,2.0,1.5,0,0x04,0,0,0,1,0,0,0,0,-1,0,,,,,,,,,,,,,,,,,,,,,,
182,2,PITCH_SWEEP,6.1,229960,7017.822265625,1528,46.630859375,21.445026178010473,27,0.823974609375,1500,45.7763671875,1,0.030517578125,0xF3A6ABD1,0,512,384,0.0,2.0,1.5,0,0x04,0,0,0,1,0,0,0,0,-1,0,,,,,,,,,,,,,,,,,,,,,,
183,2,PITCH_SWEEP,6.133333333333334,231466,7063.78173828125,1506,45.95947265625,21.758300132802123,28,0.8544921875,1477,45.074462890625,1,0.030517578125,0x979B296F,0,512,384,0.0,2.0,1.5,0,0x04,0,0,0,1,0,0,0,0,-1,0,,,,,,,,,,,,,,,,,,,,,,
184,2,PITCH_SWEEP,6.166666666666667,232941,7108.795166015625,1475,45.013427734375,22.215593220338985,28,0.8544921875,1447,44.158935546875,0,0.0,0x0CFC7757,0,512,384,0.0,2.0,1.5,0,0x04,0,0,0,1,0,0,0,0,-1,0,,,,,,,,,,,,,,,,,,,,,,
185,2,PITCH_SWEEP,6.2,234388,7152.9541015625,1447,44.158935546875,22.645473393227366,27,0.823974609375,1419,43.304443359375,1,0.030517578125,0x917C6B41,0,512,384,0.0,2.0,1.5,0,0x04,0,0,0,1,0,0,0,0,-1,0,,,,,,,,,,,,,,,,,,,,,,
186,2,PITCH_SWEEP,6.233333333333333,235811,7196.380615234375,1423,43.426513671875,23.02740688685875,28,0.8544921875,1395,42.572021484375,0,0.0,0x556C25D5,0,512,384,0.0,2.0,1.5,0,0x04,0,0,0,1,0,0,0,0,-1,0,,,,,,,,,,,,,,,,,,,,,,
187,2,PITCH_SWEEP,6.266666666666667,237207,7238.983154296875,1396,42.6025390625,23.472779369627506,27,0.823974609375,1368,41.748046875,1,0.030517578125,0x1E07FA07,0,512,384,0.0,2.0,1.5,0,0x04,0,0,0,1,0,0,0,0,-1,0,,,,,,,,,,,,,,,,,,,,,,
188,2,PITCH_SWEEP,6.3,238424,7276.123046875,1217,37.139892578125,26.925225965488906,28,0.8544921875,1189,36.285400390625,0,0.0,0x9BACD179,0,512,384,0.0,2.0,1.5,0,0x04,0,0,0,1,0,0,0,0,-1,0,,,,,,,,,,,,,,,,,,,,,,
189,2,PITCH_SWEEP,6.333333333333333,239637,7313.140869140625,1213,37.017822265625,27.01401483924155,27,0.823974609375,1185,36.163330078125,1,0.030517578125,0x41E71BC3,0,512,384,0.0,2.0,1.5,0,0x04,0,0,0,1,0,0,0,0,-1,0,,,,,,,,,,,,,,,,,,,,,,
190,2,PITCH_SWEEP,6.366666666666666,240788,7348.2666015625,1151,35.125732421875,28.46915725456125,28,0.8544921875,1123,34.271240234375,0,0.0,0xACF00F3D,0,512,384,0.0,2.0,1.5,0,0x04,0,0,0,1,0,0,0,0,-1,0,,,,,,,,,,,,,,,,,,,,,,
191,2,PITCH_SWEEP,6.4,241903,7382.293701171875,1115,34.027099609375,29.388340807174888,27,0.823974609375,1088,33.203125,0,0.0,0x32DB7BBD,0,512,384,0.0,2.0,1.5,0,0x04,0,0,0,1,0,0,0,0,-1,0,,,,,,,,,,,,,,,,,,,,,,
192,2,PITCH_SWEEP,6.433333333333334,243018,7416.32080078125,1115,34.027099609375,29.388340807174888,27,0.823974609375,1088,33.203125,0,0.0,0xB63D0AED,0,512,384,0.0,2.0,1.5,0,0x04,0,0,0,1,0,0,0,0,-1,0,,,,,,,,,,,,,,,,,,,,,,
193,2,PITCH_SWEEP,6.466666666666667,244133,7450.347900390625,1115,34.027099609375,29.388340807174888,27,0.823974609375,1088,33.203125,0,0.0,0x1DBE7CEB,0,512,384,0.0,2.0,1.5,0,0x04,0,0,0,1,0,0,0,0,-1,0,,,,,,,,,,,,,,,,,,,,,,
194,2,PITCH_SWEEP,6.5,245248,7484.375,1115,34.027099609375,29.388340807174888,27,0.823974609375,1088,33.203125,0,0.0,0x955E2471,0,512,384,0.0,2.0,1.5,0,0x04,0,0,0,1,0,0,0,0,-1,0,,,,,,,,,,,,,,,,,,,,,,
195,2,PITCH_SWEEP,6.533333333333333,246384,7519.04296875,1136,34.66796875,28.845070422535212,27,0.823974609375,1108,33.8134765625,1,0.030517578125,0x6151133D,0,512,384,0.0,2.0,1.5,0,0x04,0,0,0,1,0,0,0,0,-1,0,,,,,,,,,,,,,,,,,,,,,,
196,2,PITCH_SWEEP,6.566666666666666,247520,7553.7109375,1136,34.66796875,28.845070422535212,28,0.8544921875,1108,33.8134765625,0,0.0,0x900FB321,0,512,384,0.0,2.0,1.5,0,0x04,0,0,0,1,0,0,0,0,-1,0,,,,,,,,,,,,,,,,,,,,,,
197,2,PITCH_SWEEP,6.6,248464,7582.51953125,944,28.80859375,34.71186440677966,27,0.823974609375,916,27.9541015625,1,0.030517578125,0xC01F6EEB,0,512,384,0.0,2.0,1.5,0,0x04,0,0,0,1,0,0,0,0,-1,0,,,,,,,,,,,,,,,,,,,,,,
198,2,PITCH_SWEEP,6.633333333333334,249409,7611.358642578125,945,28.839111328125,34.67513227513228,28,0.8544921875,916,27.9541015625,1,0.030517578125,0x984FEC5B,0,512,384,0.0,2.0,1.5,0,0x04,0,0,0,1,0,0,0,0,-1,0,,,,,,,,,,,,,,,,,,,,,,
199,2,PITCH_SWEEP,6.666666666666667,250333,7639.556884765625,924,28.1982421875,35.46320346320346,28,0.8544921875,896,27.34375,0,0.0,0x0C713E95,0,512,384,0.0,2.0,1.5,0,0x04,0,0,0,1,0,0,0,0,-1,0,,,,,,,,,,,,,,,,,,,,,,
200,2,PITCH_SWEEP,6.7,251277,7668.365478515625,944,28.80859375,34.71186440677966,27,0.823974609375,916,27.9541015625,1,0.030517578125,0x984FEC5B,0,512,384,0.0,2.0,1.5,0,0x04,0,0,0,1,0,0,0,0,1,0,,,,,,,,,,,,,,,,,,,,,,
201,2,PITCH_SWEEP,6.733333333333333,252221,7697.174072265625,944,28.80859375,34.71186440677966,27,0.823974609375,916,27.9541015625,1,0.030517578125,0xC01F6EEB,0,512,384,0.0,2.0,1.5,0,0x04,0,0,0,1,0,0,0,0,1,0,,,,,,,,,,,,,,,,,,,,,,
202,2,PITCH_SWEEP,6.766666666666667,253356,7731.8115234375,1135,34.637451171875,28.8704845814978,28,0.8544921875,1107,33.782958984375,0,0.0,0x900FB321,0,512,384,0.0,2.0,1.5,0,0x04,0,0,0,1,0,0,0,0,1,0,,,,,,,,,,,,,,,,,,,,,,
203,2,PITCH_SWEEP,6.8,254492,7766.4794921875,1136,34.66796875,28.845070422535212,27,0.823974609375,1108,33.8134765625,1,0.030517578125,0x6151133D,0,512,384,0.0,2.0,1.5,0,0x04,0,0,0,1,0,0,0,0,1,0,,,,,,,,,,,,,,,,,,,,,,
204,2,PITCH_SWEEP,6.833333333333333,255609,7800.567626953125,1117,34.088134765625,29.335720680393912,28,0.8544921875,1088,33.203125,1,0.030517578125,0x955E2471,0,512,384,0.0,2.0,1.5,0,0x04,0,0,0,1,0,0,0,0,1,0,,,,,,,,,,,,,,,,,,,,,,
205,2,PITCH_SWEEP,6.866666666666666,256726,7834.65576171875,1117,34.088134765625,29.335720680393912,28,0.8544921875,1088,33.203125,1,0.030517578125,0x1DBE7CEB,0,512,384,0.0,2.0,1.5,0,0x04,0,0,0,1,0,0,0,0,1,0,,,,,,,,,,,,,,,,,,,,,,
206,2,PITCH_SWEEP,6.9,257843,7868.743896484375,1117,34.088134765625,29.335720680393912,28,0.8544921875,1088,33.203125,1,0.030517578125,0xB63D0AED,0,512,384,0.0,2.0,1.5,0,0x04,0,0,0,1,0,0,0,0,1,0,,,,,,,,,,,,,,,,,,,,,,
207,2,PITCH_SWEEP,6.933333333333334,258960,7902.83203125,1117,34.088134765625,29.335720680393912,28,0.8544921875,1088,33.203125,1,0.030517578125,0x32DB7BBD,0,512,384,0.0,2.0,1.5,0,0x04,0,0,0,1,0,0,0,0,1,0,,,,,,,,,,,,,,,,,,,,,,
208,2,PITCH_SWEEP,6.966666666666667,260110,7937.92724609375,1150,35.09521484375,28.493913043478262,28,0.8544921875,1122,34.24072265625,0,0.0,0xACF00F3D,0,512,384,0.0,2.0,1.5,0,0x04,0,0,0,1,0,0,0,0,1,0,,,,,,,,,,,,,,,,,,,,,,
209,2,PITCH_SWEEP,7.0,261323,7974.945068359375,1213,37.017822265625,27.01401483924155,27,0.823974609375,1185,36.163330078125,1,0.030517578125,0x41E71BC3,0,512,384,0.0,2.0,1.5,0,0x04,0,0,0,1,0,0,0,0,1,0,,,,,,,,,,,,,,,,,,,,,,
210,2,PITCH_SWEEP,7.033333333333333,262539,8012.054443359375,1216,37.109375,26.94736842105263,28,0.8544921875,1188,36.2548828125,0,0.0,0x9BACD179,0,512,384,0.0,2.0,1.5,0,0x04,0,0,0,1,0,0,0,0,1,0,,,,,,,,,,,,,,,,,,,,,,
211,2,PITCH_SWEEP,7.066666666666666,263934,8054.62646484375,1395,42.572021484375,23.489605734767025,27,0.823974609375,1368,41.748046875,0,0.0,0x1E07FA07,0,512,384,0.0,2.0,1.5,0,0x04,0,0,0,1,0,0,0,0,1,0,,,,,,,,,,,,,,,,,,,,,,
212,2,PITCH_SWEEP,7.1,265356,8098.0224609375,1422,43.39599609375,23.043600562587905,27,0.823974609375,1395,42.572021484375,0,0.0,0x556C25D5,0,512,384,0.0,2.0,1.5,0,0x04,0,0,0,1,0,0,0,0,1,0,,,,,,,,,,,,,,,,,,,,,,
213,2,PITCH_SWEEP,7.133333333333334,266803,8142.181396484375,1447,44.158935546875,22.645473393227366,27,0.823974609375,1419,43.304443359375,1,0.030517578125,0x917C6B41,0,512,384,0.0,2.0,1.5,0,0x04,0,0,0,1,0,0,0,0,1,0,,,,,,,,,,,,,,,,,,,,,,
214,2,PITCH_SWEEP,7.166666666666667,268278,8187.19482421875,1475,45.013427734375,22.215593220338985,28,0.8544921875,1447,44.158935546875,0,0.0,0x0CFC7757,0,512,384,0.0,2.0,1.5,0,0x04,0,0,0,1,0,0,0,0,1,0,,,,,,,,,,,,,,,,,,,,,,
215,2,PITCH_SWEEP,7.2,269770,8232.72705078125,1492,45.5322265625,21.962466487935657,27,0.823974609375,1465,44.708251953125,0,0.0,0x979B296F,0,512,384,0.0,2.0,1.5,0,0x04,0,0,0,1,0,0,0,0,1,0,,,,,,,,,,,,,,,,,,,,,,
216,2,PITCH_SWEEP,7.233333333333333,271285,8278.961181640625,1515,46.234130859375,21.62904290429043,27,0.823974609375,1488,45.41015625,0,0.0,0xF3A6ABD1,0,512,384,0.0,2.0,1.5,0,0x04,0,0,0,1,0,0,0,0,1,0,,,,,,,,,,,,,,,,,,,,,,
217,2,PITCH_SWEEP,7.266666666666667,272818,8325.74462890625,1533,46.783447265625,21.3750815394651,27,0.823974609375,1506,45.95947265625,0,0.0,0x9C5D3DAB,0,512,384,0.0,2.0,1.5,0,0x04,0,0,0,1,0,0,0,0,1,0,,,,,,,,,,,,,,,,,,,,,,
218,2,PITCH_SWEEP,7.3,274388,8373.6572265625,1570,47.91259765625,20.871337579617833,27,0.823974609375,1542,47.05810546875,1,0.030517578125,0x776F84F5,0,512,384,0.0,2.0,1.5,0,0x04,0,0,0,1,0,0,0,0,1,0,,,,,,,,,,,,,,,,,,,,,,
219,2,PITCH_SWEEP,7.333333333333333,275979,8422.210693359375,1591,48.553466796875,20.595851665619108,28,0.8544921875,1563,47.698974609375,0,0.0,0xDBF98667,0,512,384,0.0,2.0,1.5,0,0x04,0,0,0,1,0,0,0,0,1,0,,,,,,,,,,,,,,,,,,,,,,
220,2,PITCH_SWEEP,7.366666666666666,277575,8470.916748046875,1596,48.7060546875,20.531328320802004,27,0.823974609375,1568,47.8515625,1,0.030517578125,0xC1D27A09,0,512,384,0.0,2.0,1.5,0,0x04,0,0,0,1,0,0,0,0,1,0,,,,,,,,,,,,,,,,,,,,,,
221,2,PITCH_SWEEP,7.4,279198,8520.44677734375,1623,49.530029296875,20.18977202711029,28,0.8544921875,1594,48.64501953125,1,0.030517578125,0x390641B9,0,512,384,0.0,2.0,1.5,0,0x04,0,0,0,1,0,0,0,0,1,0,,,,,,,,,,,,,,,,,,,,,,
222,2,PITCH_SWEEP,7.433333333333334,280824,8570.068359375,1626,49.62158203125,20.152521525215253,28,0.8544921875,1597,48.736572265625,1,0.030517578125,0x70322F27,0,512,384,0.0,2.0,1.5,0,0x04,0,0,0,1,0,0,0,0,1,0,,,,,,,,,,,,,,,,,,,,,,
223,2,PITCH_SWEEP,7.466666666666667,282443,8619.476318359375,1619,49.407958984375,20.23965410747375,28,0.8544921875,1590,48.52294921875,1,0.030517578125,0x9E5629C9,0,512,384,0.0,2.0,1.5,0,0x0C,0,0,0,1,1,0,0,0,1,0,,,,,,,,,,,,,,,,,,,,,,
224,3,PORTAL_FAR,7.5,284062,8668.88427734375,1619,49.407958984375,20.23965410747375,19,0.579833984375,1600,48.828125,0,0.0,0x8A2F81AC,0,533,384,0.0,2.08203125,1.5,0,0x04,0,0,0,1,0,0,1,0,0,0,,,,,,,,,,,,,,,,,,,,,,
225,3,PORTAL_FAR,7.533333333333333,285682,8718.32275390625,1620,49.4384765625,20.22716049382716,19,0.579833984375,1600,48.828125,1,0.030517578125,0xE25D7961,0,554,384,0.0,2.1640625,1.5,0,0x04,0,0,0,1,0,0,1,0,0,0,,,,,,,,,,,,,,,,,,,,,,
226,3,PORTAL_FAR,7.566666666666666,287302,8767.76123046875,1620,49.4384765625,20.22716049382716,20,0.6103515625,1600,48.828125,0,0.0,0x21F6AB56,0,575,384,0.0,2.24609375,1.5,0,0x04,0,0,0,1,0,0,1,0,0,0,,,,,,,,,,,,,,,,,,,,,,
227,3,PORTAL_FAR,7.6,288921,8817.169189453125,1619,49.407958984375,20.23965410747375,19,0.579833984375,1600,48.828125,0,0.0,0xDF40AB83,0,596,384,0.0,2.328125,1.5,0,0x04,0,0,0,1,0,0,1,0,0,0,,,,,,,,,,,,,,,,,,,,,,
228,3,PORTAL_FAR,7.633333333333334,290541,8866.607666015625,1620,49.4384765625,20.22716049382716,19,0.579833984375,1600,48.828125,1,0.030517578125,0xC8B687A0,0,617,384,0.0,2.41015625,1.5,0,0x04,0,0,0,1,0,0,1,0,0,0,,,,,,,,,,,,,,,,,,,,,,
229,3,PORTAL_FAR,7.666666666666667,292163,8916.107177734375,1622,49.49951171875,20.20221948212084,20,0.6103515625,1601,48.858642578125,1,0.030517578125,0x21711EA5,0,638,384,0.0,2.4921875,1.5,0,0x04,0,0,0,1,0,0,1,0,0,0,,,,,,,,,,,,,,,,,,,,,,
230,3,PORTAL_FAR,7.7,293790,8965.75927734375,1627,49.652099609375,20.14013521819299,19,0.579833984375,1607,49.041748046875,1,0.030517578125,0xEF2709EA,0,659,384,0.0,2.57421875,1.5,0,0x04,0,0,0,1,0,0,1,0,0,0,,,,,,,,,,,,,,,,,,,,,,
231,3,PORTAL_FAR,7.733333333333333,295418,9015.44189453125,1628,49.6826171875,20.127764127764127,19,0.579833984375,1609,49.102783203125,0,0.0,0xA681AE77,0,680,384,0.0,2.65625,1.5,0,0x04,0,0,0,1,0,0,1,0,0,0,,,,,,,,,,,,,,,,,,,,,,
232,3,PORTAL_FAR,7.766666666666667,297046,9065.12451171875,1628,49.6826171875,20.127764127764127,19,0.579833984375,1609,49.102783203125,0,0.0,0xC1415BE4,0,701,384,0.0,2.73828125,1.5,0,0x04,0,0,0,1,0,0,1,0,0,0,,,,,,,,,,,,,,,,,,,,,,
233,3,PORTAL_FAR,7.8,298675,9114.837646484375,1629,49.713134765625,20.115408225905462,19,0.579833984375,1609,49.102783203125,1,0.030517578125,0x15562539,0,722,384,0.0,2.8203125,1.5,0,0x04,0,0,0,1,0,0,1,0,0,0,,,,,,,,,,,,,,,,,,,,,,
234,3,PORTAL_FAR,7.833333333333333,300306,9164.61181640625,1631,49.774169921875,20.0907418761496,20,0.6103515625,1610,49.13330078125,1,0.030517578125,0x2E3AAF2E,0,743,384,0.0,2.90234375,1.5,0,0x04,0,0,0,1,0,0,1,0,0,0,,,,,,,,,,,,,,,,,,,,,,
235,3,PORTAL_FAR,7.866666666666666,301935,9214.324951171875,1629,49.713134765625,20.115408225905462,19,0.579833984375,1610,49.13330078125,0,0.0,0x6A11B2BB,0,764,384,0.0,2.984375,1.5,0,0x04,0,0,0,1,0,0,1,0,0,0,,,,,,,,,,,,,,,,,,,,,,
236,3,PORTAL_FAR,7.9,303588,9264.7705078125,1653,50.445556640625,19.82335148215366,19,0.579833984375,1633,49.835205078125,1,0.030517578125,0x98AF8E0D,0,785,384,0.0,3.06640625,1.5,0,0x04,0,0,0,1,0,0,1,0,0,0,,,,,,,,,,,,,,,,,,,,,,
237,3,PORTAL_FAR,7.933333333333334,305241,9315.216064453125,1653,50.445556640625,19.82335148215366,19,0.579833984375,1634,49.86572265625,0,0.0,0x3C798CE8,0,806,384,0.0,3.1484375,1.5,0,0x04,0,0,0,1,0,0,1,0,0,0,,,,,,,,,,,,,,,,,,,,,,
238,3,PORTAL_FAR,7.966666666666667,306894,9365.66162109375,1653,50.445556640625,19.82335148215366,19,0.579833984375,1634,49.86572265625,0,0.0,0xE5941D8F,0,827,384,0.0,3.23046875,1.5,0,0x04,0,0,0,1,0,0,1,0,0,0,,,,,,,,,,,,,,,,,,,,,,
239,3,PORTAL_FAR,8.0,308549,9416.168212890625,1655,50.506591796875,19.79939577039275,19,0.579833984375,1635,49.896240234375,1,0.030517578125,0xB6B9C662,0,848,384,0.0,3.3125,1.5,0,0x04,0,0,0,1,0,0,1,0,0,0,,,,,,,,,,,,,,,,,,,,,,
240,3,PORTAL_FAR,8.033333333333333,310205,9466.705322265625,1656,50.537109375,19.78743961352657,20,0.6103515625,1635,49.896240234375,1,0.030517578125,0xD8E4F351,0,869,384,0.0,3.39453125,1.5,0,0x04,0,0,0,1,0,0,1,0,0,0,,,,,,,,,,,,,,,,,,,,,,
241,3,PORTAL_FAR,8.066666666666666,311866,9517.39501953125,1661,50.689697265625,19.72787477423239,20,0.6103515625,1641,50.079345703125,0,0.0,0x6E5527DC,0,890,384,0.0,3.4765625,1.5,0,0x04,0,0,0,1,0,0,1,0,0,0,,,,,,,,,,,,,,,,,,,,,,
242,3,PORTAL_FAR,8.1,313526,9568.05419921875,1660,50.6591796875,19.73975903614458,19,0.579833984375,1641,50.079345703125,0,0.0,0x41C83353,0,911,384,0.0,3.55859375,1.5,0,0x04,0,0,0,1,0,0,1,0,0,0,,,,,,,,,,,,,,,,,,,,,,
243,3,PORTAL_FAR,8.133333333333333,315188,9618.7744140625,1662,50.72021484375,19.71600481347774,19,0.579833984375,1642,50.10986328125,1,0.030517578125,0xF40E8226,0,932,384,0.0,3.640625,1.5,0,0x04,0,0,0,1,0,0,1,0,0,0,,,,,,,,,,,,,,,,,,,,,,
244,3,PORTAL_FAR,8.166666666666666,316849,9669.464111328125,1661,50.689697265625,19.72787477423239,20,0.6103515625,1641,50.079345703125,0,0.0,0x48B41C45,0,953,384,0.0,3.72265625,1.5,0,0x04,0,0,0,1,0,0,1,0,0,0,,,,,,,,,,,,,,,,,,,,,,
245,3,PORTAL_FAR,8.2,318499,9719.818115234375,1650,50.35400390625,19.85939393939394,19,0.579833984375,1630,49.74365234375,1,0.030517578125,0xD734A8A0,0,974,384,0.0,3.8046875,1.5,0,0x04,0,0,0,1,0,0,1,0,0,0,,,,,,,,,,,,,,,,,,,,,,
246,3,PORTAL_FAR,8.233333333333333,320146,9770.08056640625,1647,50.262451171875,19.89556769884639,19,0.579833984375,1628,49.6826171875,0,0.0,0xCA13AD67,0,995,384,0.0,3.88671875,1.5,0,0x04,0,0,0,1,0,0,1,0,0,0,,,,,,,,,,,,,,,,,,,,,,
247,3,PORTAL_FAR,8.266666666666667,321793,9820.343017578125,1647,50.262451171875,19.89556769884639,19,0.579833984375,1628,49.6826171875,0,0.0,0x67B1739A,0,1016,384,0.0,3.96875,1.5,0,0x04,0,0,0,1,0,0,1,0,0,0,,,,,,,,,,,,,,,,,,,,,,
248,3,PORTAL_FAR,8.3,323443,9870.697021484375,1650,50.35400390625,19.85939393939394,19,0.579833984375,1630,49.74365234375,1,0.030517578125,0xA1481F06,0,1037,384,0.0,4.05078125,1.5,0,0x04,0,0,0,1,0,0,1,0,0,0,,,,,,,,,,,,,,,,,,,,,,
249,3,PORTAL_FAR,8.333333333333334,325099,9921.234130859375,1656,50.537109375,19.78743961352657,20,0.6103515625,1636,49.9267578125,0,0.0,0xEFFF61B3,0,1058,384,0.0,4.1328125,1.5,0,0x04,0,0,0,1,0,0,1,0,0,0,,,,,,,,,,,,,,,,,,,,,,
250,3,PORTAL_FAR,8.366666666666667,326754,9971.74072265625,1655,50.506591796875,19.79939577039275,19,0.579833984375,1636,49.9267578125,0,0.0,0x0292F82C,0,1079,384,0.0,4.21484375,1.5,0,0x04,0,0,0,1,0,0,1,0,0,0,,,,,,,,,,,,,,,,,,,,,,
251,3,PORTAL_FAR,8.4,328416,10022.4609375,1662,50.72021484375,19.71600481347774,19,0.579833984375,1643,50.140380859375,0,0.0,0x0E050D61,0,1100,384,0.0,4.296875,1.5,0,0x04,0,0,0,1,0,0,1,0,0,0,,,,,,,,,,,,,,,,,,,,,,
252,3,PORTAL_FAR,8.433333333333334,330099,10073.822021484375,1683,51.361083984375,19.469994058229354,19,0.579833984375,1664,50.78125,0,0.0,0x42376622,0,1121,384,0.0,4.37890625,1.5,0,0x04,0,0,0,1,0,0,1,0,0,0,,,,,,,,,,,,,,,,,,,,,,
253,3,PORTAL_FAR,8.466666666666667,331783,10125.213623046875,1684,51.3916015625,19.458432304038006,19,0.579833984375,1664,50.78125,1,0.030517578125,0xD22FBA7F,0,1142,384,0.0,4.4609375,1.5,0,0x04,0,0,0,1,0,0,1,0,0,0,,,,,,,,,,,,,,,,,,,,,,
254,3,PORTAL_FAR,8.5,333471,10176.727294921875,1688,51.513671875,19.412322274881518,20,0.6103515625,1668,50.9033203125,0,0.0,0x7259FE18,0,1163,384,0.0,4.54296875,1.5,0,0x06,1,1,0,1,0,0,1,0,0,0,50.84228515625,0.030517578125,0.091552734375,19.134521484375,6.34765625,1.495361328125,5.06591796875,2.8076171875,0.0,14.6484375,1.220703125,0,0,0,0,0,0,0,0,0,0,0
255,3,PORTAL_FAR,8.533333333333333,335157,10228.179931640625,1686,51.45263671875,19.43534994068802,19,0.579833984375,1667,50.872802734375,0,0.0,0xCE60C26D,0,1184,384,0.0,4.625,1.5,0,0x04,0,0,0,1,0,0,1,0,0,0,,,,,,,,,,,,,,,,,,,,,,
256,3,PORTAL_FAR,8.566666666666666,336766,10277.28271484375,1609,49.102783203125,20.36544437538844,19,0.579833984375,1589,48.492431640625,1,0.030517578125,0xA69ACC5E,0,1205,384,0.0,4.70703125,1.5,0,0x04,0,0,0,1,0,0,1,0,0,0,,,,,,,,,,,,,,,,,,,,,,
257,3,PORTAL_FAR,8.6,338163,10319.915771484375,1397,42.633056640625,23.45597709377237,20,0.6103515625,1377,42.022705078125,0,0.0,0xEA84E66B,0,1226,384,0.0,4.7890625,1.5,0,0x04,0,0,0,1,0,0,1,0,0,0,,,,,,,,,,,,,,,,,,,,,,
258,3,PORTAL_FAR,8.633333333333333,339582,10363.22021484375,1419,43.304443359375,23.092318534179,19,0.579833984375,1400,42.724609375,0,0.0,0xECE8EFE4,0,1247,384,0.0,4.87109375,1.5,0,0x04,0,0,0,1,0,0,1,0,0,0,,,,,,,,,,,,,,,,,,,,,,
259,3,PORTAL_FAR,8.666666666666666,341002,10406.55517578125,1420,43.3349609375,23.07605633802817,19,0.579833984375,1400,42.724609375,1,0.030517578125,0x96B259B9,0,1268,384,0.0,4.953125,1.5,0,0x04,0,0,0,1,0,0,1,0,0,0,,,,,,,,,,,,,,,,,,,,,,
260,3,PORTAL_FAR,8.7,342424,10449.951171875,1422,43.39599609375,23.043600562587905,20,0.6103515625,1402,42.78564453125,0,0.0,0xAD36C447,0,1289,384,0.0,5.03515625,1.5,0,0x04,0,0,0,1,0,0,1,0,0,0,,,,,,,,,,,,,,,,,,,,,,
261,3,PORTAL_FAR,8.733333333333333,343853,10493.560791015625,1429,43.609619140625,22.93072078376487,19,0.579833984375,1409,42.999267578125,1,0.030517578125,0x3B78C54A,0,1310,384,0.0,5.1171875,1.5,0,0x04,0,0,0,1,0,0,1,0,0,0,,,,,,,,,,,,,,,,,,,,,,
262,3,PORTAL_FAR,8.766666666666667,345293,10537.506103515625,1440,43.9453125,22.755555555555556,20,0.6103515625,1419,43.304443359375,1,0.030517578125,0xF990F785,0,1331,384,0.0,5.19921875,1.5,0,0x04,0,0,0,1,0,0,1,0,0,0,,,,,,,,,,,,,,,,,,,,,,
263,3,PORTAL_FAR,8.8,346733,10581.451416015625,1440,43.9453125,22.755555555555556,20,0.6103515625,1419,43.304443359375,1,0.030517578125,0xB7CC6310,0,1352,384,0.0,5.28125,1.5,0,0x04,0,0,0,1,0,0,1,0,0,0,,,,,,,,,,,,,,,,,,,,,,
264,3,PORTAL_FAR,8.833333333333334,348179,10625.579833984375,1446,44.12841796875,22.661134163208853,20,0.6103515625,1425,43.487548828125,1,0.030517578125,0xA51AF683,0,1373,384,0.0,5.36328125,1.5,0,0x04,0,0,0,1,0,0,1,0,0,0,,,,,,,,,,,,,,,,,,,,,,
265,3,PORTAL_FAR,8.866666666666667,349624,10669.677734375,1445,44.097900390625,22.67681660899654,20,0.6103515625,1424,43.45703125,1,0.030517578125,0x437F0B56,0,1394,384,0.0,5.4453125,1.5,0,0x04,0,0,0,1,0,0,1,0,0,0,,,,,,,,,,,,,,,,,,,,,,
266,3,PORTAL_FAR,8.9,351069,10713.775634765625,1445,44.097900390625,22.67681660899654,20,0.6103515625,1424,43.45703125,1,0.030517578125,0xC5DAB451,0,1415,384,0.0,5.52734375,1.5,0,0x04,0,0,0,1,0,0,1,0,0,0,,,,,,,,,,,,,,,,,,,,,,
267,3,PORTAL_FAR,8.933333333333334,352514,10757.87353515625,1445,44.097900390625,22.67681660899654,20,0.6103515625,1424,43.45703125,1,0.030517578125,0x5B4AE8DC,0,1436,384,0.0,5.609375,1.5,0,0x04,0,0,0,1,0,0,1,0,0,0,,,,,,,,,,,,,,,,,,,,,,
268,3,PORTAL_FAR,8.966666666666667,353948,10801.6357421875,1434,43.76220703125,22.850767085076708,20,0.6103515625,1414,43.15185546875,0,0.0,0x521ED99F,0,1457,384,0.0,5.69140625,1.5,0,0x04,0,0,0,1,0,0,1,0,0,0,,,,,,,,,,,,,,,,,,,,,,
269,3,PORTAL_FAR,9.0,355381,10845.367431640625,1433,43.731689453125,22.866713189113746,19,0.579833984375,1414,43.15185546875,0,0.0,0x50B58722,0,1478,384,0.0,5.7734375,1.5,0,0x04,0,0,0,1,0,0,1,0,0,0,,,,,,,,,,,,,,,,,,,,,,
270,3,PORTAL_FAR,9.033333333333333,356821,10889.312744140625,1440,43.9453125,22.755555555555556,19,0.579833984375,1421,43.365478515625,0,0.0,0x61C697BD,0,1499,384,0.0,5.85546875,1.5,0,0x04,0,0,0,1,0,0,1,0,0,0,,,,,,,,,,,,,,,,,,,,,,
271,3,PORTAL_FAR,9.066666666666666,358261,10933.258056640625,1440,43.9453125,22.755555555555556,19,0.579833984375,1421,43.365478515625,0,0.0,0xB4265268,0,1520,384,0.0,5.9375,1.5,0,0x04,0,0,0,1,0,0,1,0,0,0,,,,,,,,,,,,,,,,,,,,,,
272,3,PORTAL_FAR,9.1,359706,10977.35595703125,1445,44.097900390625,22.67681660899654,19,0.579833984375,1426,43.51806640625,0,0.0,0xFC700458,0,1541,384,0.0,6.01953125,1.5,0,0x04,0,0,0,1,0,0,1,0,0,0,,,,,,,,,,,,,,,,,,,,,,
273,3,PORTAL_FAR,9.133333333333333,361151,11021.453857421875,1445,44.097900390625,22.67681660899654,19,0.579833984375,1426,43.51806640625,0,0.0,0x5E89D90D,0,1562,384,0.0,6.1015625,1.5,0,0x04,0,0,0,1,0,0,1,0,0,0,,,,,,,,,,,,,,,,,,,,,,
274,3,PORTAL_FAR,9.166666666666666,362600,11065.673828125,1449,44.219970703125,22.614216701173223,19,0.579833984375,1429,43.609619140625,1,0.030517578125,0x6BEE3C0A,0,1583,384,0.0,6.18359375,1.5,0,0x04,0,0,0,1,0,0,1,0,0,0,,,,,,,,,,,,,,,,,,,,,,
275,3,PORTAL_FAR,9.2,364050,11109.92431640625,1450,44.25048828125,22.59862068965517,20,0.6103515625,1429,43.609619140625,1,0.030517578125,0xEAA784B7,0,1604,384,0.0,6.265625,1.5,0,0x04,0,0,0,1,0,0,1,0,0,0,,,,,,,,,,,,,,,,,,,,,,
276,3,PORTAL_FAR,9.233333333333333,365506,11154.35791015625,1456,44.43359375,22.505494505494507,19,0.579833984375,1437,43.853759765625,0,0.0,0xCD80AA54,0,1625,384,0.0,6.34765625,1.5,0,0x04,0,0,0,1,0,0,1,0,0,0,,,,,,,,,,,,,,,,,,,,,,
277,3,PORTAL_FAR,9.266666666666667,366967,11198.944091796875,1461,44.586181640625,22.428473648186174,19,0.579833984375,1442,44.00634765625,0,0.0,0x49B2EFD9,0,1646,384,0.0,6.4296875,1.5,0,0x04,0,0,0,1,0,0,1,0,0,0,,,,,,,,,,,,,,,,,,,,,,
278,3,PORTAL_FAR,9.3,368428,11243.5302734375,1461,44.586181640625,22.428473648186174,19,0.579833984375,1442,44.00634765625,0,0.0,0xC0B06496,0,1667,384,0.0,6.51171875,1.5,0,0x04,0,0,0,1,0,0,1,0,0,0,,,,,,,,,,,,,,,,,,,,,,
279,3,PORTAL_FAR,9.333333333333334,369891,11288.177490234375,1463,44.647216796875,22.39781271360219,19,0.579833984375,1443,44.036865234375,1,0.030517578125,0xA72A6D23,0,1688,384,0.0,6.59375,1.5,0,0x0C,0,0,0,1,1,0,1,0,0,0,,,,,,,,,,,,,,,,,,,,,,
280,4,PORTAL_NEAR,9.366666666666667,371364,11333.1298828125,1473,44.952392578125,22.245756958587915,20,0.6103515625,1452,44.3115234375,1,0.030517578125,0x62A14290,0,1709,384,0.0,6.67578125,1.5,0,0x04,0,0,0,1,0,0,1,0,0,0,,,,,,,,,,,,,,,,,,,,,,
281,4,PORTAL_NEAR,9.4,372837,11378.082275390625,1473,44.952392578125,22.245756958587915,20,0.6103515625,1452,44.3115234375,1,0.030517578125,0xB6B60BE5,0,1730,384,0.0,6.7578125,1.5,0,0x04,0,0,0,1,0,0,1,0,0,0,,,,,,,,,,,,,,,,,,,,,,
282,4,PORTAL_NEAR,9.433333333333334,374315,11423.187255859375,1478,45.10498046875,22.170500676589988,20,0.6103515625,1458,44.49462890625,0,0.0,0x645005E2,0,1751,384,0.0,6.83984375,1.5,0,0x04,0,0,0,1,0,0,1,0,0,0,,,,,,,,,,,,,,,,,,,,,,
283,4,PORTAL_NEAR,9.466666666666667,375793,11468.292236328125,1478,45.10498046875,22.170500676589988,19,0.579833984375,1458,44.49462890625,1,0.030517578125,0x00039F6F,0,1772,384,0.0,6.921875,1.5,0,0x04,0,0,0,1,0,0,1,0,0,0,,,,,,,,,,,,,,,,,,,,,,
284,4,PORTAL_NEAR,9.5,377449,11518.829345703125,1656,50.537109375,19.78743961352657,19,0.579833984375,1636,49.9267578125,1,0.030517578125,0xD120EC41,0,1793,384,0.0,7.00390625,1.5,0,0x04,0,0,0,1,0,0,1,0,0,0,,,,,,,,,,,,,,,,,,,,,,
285,4,PORTAL_NEAR,9.533333333333333,379110,11569.51904296875,1661,50.689697265625,19.72787477423239,19,0.579833984375,1641,50.079345703125,1,0.030517578125,0x73C92B1C,0,1814,384,0.0,7.0859375,1.5,0,0x04,0,0,0,1,0,0,1,0,0,0,,,,,,,,,,,,,,,,,,,,,,
286,4,PORTAL_NEAR,9.566666666666666,380772,11620.2392578125,1662,50.72021484375,19.71600481347774,20,0.6103515625,1641,50.079345703125,1,0.030517578125,0x60CD5E3B,0,1835,384,0.0,7.16796875,1.5,0,0x04,0,0,0,1,0,0,1,0,0,0,,,,,,,,,,,,,,,,,,,,,,
287,4,PORTAL_NEAR,9.6,382436,11671.0205078125,1664,50.78125,19.692307692307693,20,0.6103515625,1644,50.1708984375,0,0.0,0x32E6260E,0,1856,384,0.0,7.25,1.5,0,0x04,0,0,0,1,0,0,1,0,0,0,,,,,,,,,,,,,,,,,,,,,,
288,4,PORTAL_NEAR,9.633333333333333,384094,11721.61865234375,1658,50.59814453125,19.76357056694813,19,0.579833984375,1639,50.018310546875,0,0.0,0xCFA1D4FD,0,1877,384,0.0,7.33203125,1.5,0,0x04,0,0,0,1,0,0,1,0,0,0,,,,,,,,,,,,,,,,,,,,,,
289,4,PORTAL_NEAR,9.666666666666666,385753,11772.247314453125,1659,50.628662109375,19.751657625075346,19,0.579833984375,1639,50.018310546875,1,0.030517578125,0x6726E888,0,1898,384,0.0,7.4140625,1.5,0,0x04,0,0,0,1,0,0,1,0,0,0,,,,,,,,,,,,,,,,,,,,,,
290,4,PORTAL_NEAR,9.7,387443,11823.822021484375,1690,51.57470703125,19.389349112426036,20,0.6103515625,1669,50.933837890625,1,0.030517578125,0x20263787,0,1919,384,0.0,7.49609375,1.5,0,0x04,0,0,0,1,0,0,1,0,0,0,,,,,,,,,,,,,,,,,,,,,,
291,4,PORTAL_NEAR,9.733333333333333,389131,11875.335693359375,1688,51.513671875,19.412322274881518,20,0.6103515625,1668,50.9033203125,0,0.0,0x5AE10ADA,0,1940,384,0.0,7.578125,1.5,0,0x04,0,0,0,1,0,0,1,0,0,0,,,,,,,,,,,,,,,,,,,,,,
292,4,PORTAL_NEAR,9.766666666666667,390834,11927.30712890625,1703,51.971435546875,19.241338813857897,19,0.579833984375,1683,51.361083984375,1,0.030517578125,0x5A29A9F9,0,1961,384,0.0,7.66015625,1.5,0,0x04,0,0,0,1,0,0,1,0,0,0,,,,,,,,,,,,,,,,,,,,,,
293,4,PORTAL_NEAR,9.8,392537,11979.278564453125,1703,51.971435546875,19.241338813857897,20,0.6103515625,1683,51.361083984375,0,0.0,0x814E47D4,0,1982,384,0.0,7.7421875,1.5,0,0x04,0,0,0,1,0,0,1,0,0,0,,,,,,,,,,,,,,,,,,,,,,
294,4,PORTAL_NEAR,9.833333333333334,394241,12031.280517578125,1704,52.001953125,19.230046948356808,19,0.579833984375,1684,51.3916015625,1,0.030517578125,0x18426913,0,2003,384,0.0,7.82421875,1.5,0,0x04,0,0,0,1,0,0,1,0,0,0,,,,,,,,,,,,,,,,,,,,,,
295,4,PORTAL_NEAR,9.866666666666667,395961,12083.770751953125,1720,52.490234375,19.051162790697674,20,0.6103515625,1699,51.849365234375,1,0.030517578125,0x5E6E5546,0,2024,384,0.0,7.90625,1.5,0,0x04,0,0,0,1,0,0,1,0,0,0,,,,,,,,,,,,,,,,,,,,,,
296,4,PORTAL_NEAR,9.9,397657,12135.528564453125,1696,51.7578125,19.32075471698113,20,0.6103515625,1675,51.116943359375,1,0.030517578125,0x80998235,0,2045,384,0.0,7.98828125,1.5,0,0x04,0,0,0,1,0,0,1,0,0,0,,,,,,,,,,,,,,,,,,,,,,
297,4,PORTAL_NEAR,9.933333333333334,399352,12187.255859375,1695,51.727294921875,19.332153392330383,20,0.6103515625,1675,51.116943359375,0,0.0,0xB9B1BE5F,0,2066,384,0.0,8.0703125,1.5,0,0x04,0,0,0,1,0,0,1,0,0,0,,,,,,,,,,,,,,,,,,,,,,
298,4,PORTAL_NEAR,9.966666666666667,401060,12239.3798828125,1708,52.1240234375,19.185011709601874,19,0.579833984375,1689,51.544189453125,0,0.0,0x2AD4C960,0,2087,384,0.0,8.15234375,1.5,0,0x04,0,0,0,1,0,0,1,0,0,0,,,,,,,,,,,,,,,,,,,,,,
299,4,PORTAL_NEAR,10.0,402782,12291.93115234375,1722,52.55126953125,19.02903600464576,19,0.579833984375,1702,51.94091796875,1,0.030517578125,0xBFF5AA95,0,2108,384,0.0,8.234375,1.5,0,0x04,0,0,0,1,0,0,1,0,0,0,,,,,,,,,,,,,,,,,,,,,,
300,4,PORTAL_NEAR,10.033333333333333,404517,12344.879150390625,1735,52.947998046875,18.886455331412105,19,0.579833984375,1716,52.3681640625,0,0.0,0x4D9E3F56,0,2129,384,0.0,8.31640625,1.5,0,0x04,0,0,0,1,0,0,1,0,0,0,,,,,,,,,,,,,,,,,,,,,,
301,4,PORTAL_NEAR,10.066666666666666,406290,12398.98681640625,1773,54.107666015625,18.48166948674563,19,0.579833984375,1753,53.497314453125,1,0.030517578125,0xBABF1433,0,2150,384,0.0,8.3984375,1.5,0,0x04,0,0,0,1,0,0,1,0,0,0,,,,,,,,,,,,,,,,,,,,,,
302,4,PORTAL_NEAR,10.1,408076,12453.4912109375,1786,54.50439453125,18.347144456886898,20,0.6103515625,1766,53.89404296875,0,0.0,0x9E77BAD4,0,2171,384,0.0,8.48046875,1.5,0,0x04,0,0,0,1,0,0,1,0,0,0,,,,,,,,,,,,,,,,,,,,,,
303,4,PORTAL_NEAR,10.133333333333333,409874,12508.36181640625,1798,54.87060546875,18.224694104560623,19,0.579833984375,1779,54.290771484375,0,0.0,0xBBB1AF29,0,2192,384,0.0,8.5625,1.5,0,0x04,0,0,0,1,0,0,1,0,0,0,,,,,,,,,,,,,,,,,,,,,,
304,4,PORTAL_NEAR,10.166666666666666,411685,12563.629150390625,1811,55.267333984375,18.093870789618997,19,0.579833984375,1792,54.6875,0,0.0,0x4629139A,0,2213,384,0.0,8.64453125,1.5,0,0x04,0,0,0,1,0,0,1,0,0,0,,,,,,,,,,,,,,,,,,,,,,
305,4,PORTAL_NEAR,10.2,413509,12619.293212890625,1824,55.6640625,17.964912280701753,19,0.579833984375,1805,55.084228515625,0,0.0,0xB2BD4927,0,2234,384,0.0,8.7265625,1.5,0,0x04,0,0,0,1,0,0,1,0,0,0,,,,,,,,,,,,,,,,,,,,,,
306,4,PORTAL_NEAR,10.233333333333333,415333,12674.957275390625,1824,55.6640625,17.964912280701753,19,0.579833984375,1805,55.084228515625,0,0.0,0x75A50988,0,2255,384,0.0,8.80859375,1.5,0,0x04,0,0,0,1,0,0,1,0,0,0,,,,,,,,,,,,,,,,,,,,,,
307,4,PORTAL_NEAR,10.266666666666667,417159,12730.682373046875,1826,55.72509765625,17.94523548740416,19,0.579833984375,1806,55.11474609375,1,0.030517578125,0x3350AD5D,0,2276,384,0.0,8.890625,1.5,0,0x04,0,0,0,1,0,0,1,0,0,0,,,,,,,,,,,,,,,,,,,,,,
308,4,PORTAL_NEAR,10.3,418987,12786.468505859375,1828,55.7861328125,17.925601750547045,19,0.579833984375,1809,55.206298828125,0,0.0,0x69A6C0FE,0,2297,384,0.0,8.97265625,1.5,0,0x04,0,0,0,1,0,0,1,0,0,0,,,,,,,,,,,,,,,,,,,,,,
309,4,PORTAL_NEAR,10.333333333333334,420815,12842.254638671875,1828,55.7861328125,17.925601750547045,19,0.579833984375,1809,55.206298828125,0,0.0,0x366CD1EE,0,2318,384,0.0,9.0546875,1.5,0,0x04,0,0,0,1,0,0,1,0,0,0,,,,,,,,,,,,,,,,,,,,,,
310,4,PORTAL_NEAR,10.366666666666667,422644,12898.0712890625,1829,55.816650390625,17.91580098414434,19,0.579833984375,1809,55.206298828125,1,0.030517578125,0xC3435431,0,2339,384,0.0,9.13671875,1.5,0,0x04,0,0,0,1,0,0,1,0,0,0,,,,,,,,,,,,,,,,,,,,,,
311,4,PORTAL_NEAR,10.4,424474,12953.91845703125,1830,55.84716796875,17.90601092896175,20,0.6103515625,1809,55.206298828125,1,0.030517578125,0xCF5C623C,0,2360,384,0.0,9.21875,1.5,0,0x04,0,0,0,1,0,0,1,0,0,0,,,,,,,,,,,,,,,,,,,,,,
312,4,PORTAL_NEAR,10.433333333333334,426304,13009.765625,1830,55.84716796875,17.90601092896175,19,0.579833984375,1810,55.23681640625,1,0.030517578125,0xF349B22F,0,2381,384,0.0,9.30078125,1.5,0,0x06,1,1,0,1,0,0,1,0,0,0,55.17578125,0.030517578125,0.091552734375,13.519287109375,3.41796875,2.197265625,13.36669921875,6.683349609375,0.0,14.6484375,1.220703125,0,0,0,0,0,0,0,0,0,0,0
313,4,PORTAL_NEAR,10.466666666666667,428133,13065.582275390625,1829,55.816650390625,17.91580098414434,20,0.6103515625,1809,55.206298828125,0,0.0,0xB5BF8E02,0,2402,384,0.0,9.3828125,1.5,0,0x04,0,0,0,1,0,0,1,0,0,0,,,,,,,,,,,,,,,,,,,,,,
314,4,PORTAL_NEAR,10.5,429961,13121.368408203125,1828,55.7861328125,17.925601750547045,19,0.579833984375,1809,55.206298828125,0,0.0,0xC450AA05,0,2423,384,0.0,9.46484375,1.5,0,0x04,0,0,0,1,0,0,1,0,0,0,,,,,,,,,,,,,,,,,,,,,,
315,4,PORTAL_NEAR,10.533333333333333,431789,13177.154541015625,1828,55.7861328125,17.925601750547045,19,0.579833984375,1808,55.17578125,1,0.030517578125,0x6CC07690,0,2444,384,0.0,9.546875,1.5,0,0x0C,0,0,0,1,1,0,1,0,0,0,,,,,,,,,,,,,,,,,,,,,,
316,5,CROSS_DOWN,10.566666666666666,433617,13232.940673828125,1828,55.7861328125,17.925601750547045,19,0.579833984375,1808,55.17578125,1,0.030517578125,0x12BF43D3,0,2465,384,0.0,9.62890625,1.5,0,0x06,1,1,0,1,0,0,1,0,0,0,55.11474609375,0.0,0.1220703125,13.48876953125,3.41796875,2.197265625,13.397216796875,6.591796875,0.0,14.678955078125,1.220703125,0,0,0,0,0,0,0,0,0,0,0
317,5,CROSS_DOWN,10.6,435307,13284.515380859375,1690,51.57470703125,19.389349112426036,20,0.6103515625,1670,50.96435546875,0,0.0,0xF8731ED6,0,2486,384,0.0,9.7109375,1.5,0,0x04,0,0,0,1,0,0,1,0,0,0,,,,,,,,,,,,,,,,,,,,,,
318,5,CROSS_DOWN,10.633333333333333,437089,13338.897705078125,1782,54.38232421875,18.388327721661057,892,27.2216796875,890,27.16064453125,0,0.0,0x55DB212F,3072,1282,1189,12.0,5.0078125,4.64453125,1,0x05,0,0,1,1,0,0,1,0,0,0,,,,,,,,,,,,,,,,,,,,,,
319,5,CROSS_DOWN,10.666666666666666,437998,13366.63818359375,909,27.740478515625,36.04840484048405,19,0.579833984375,890,27.16064453125,0,0.0,0x2C3FE3A2,3071,1261,1165,11.99609375,4.92578125,4.55078125,1,0x0C,0,0,0,1,1,0,1,0,0,0,,,,,,,,,,,,,,,,,,,,,,
320,6,RETURN_UP,10.7,438934,13395.20263671875,936,28.564453125,35.00854700854701,18,0.54931640625,917,27.984619140625,1,0.030517578125,0xE58885F5,3071,1261,1165,11.99609375,4.92578125,4.55078125,1,0x14,0,0,0,1,0,1,0,0,0,1,,,,,,,,,,,,,,,,,,,,,,
321,6,RETURN_UP,10.733333333333333,439869,13423.736572265625,935,28.533935546875,35.045989304812835,19,0.579833984375,916,27.9541015625,0,0.0,0x64268D6D,3071,1261,1165,11.99609375,4.92578125,4.55078125,1,0x10,0,0,0,0,0,1,0,0,0,0,,,,,,,,,,,,,,,,,,,,,,
322,6,RETURN_UP,10.766666666666667,440804,13452.2705078125,935,28.533935546875,35.045989304812835,18,0.54931640625,917,27.984619140625,0,0.0,0x1F13C0A3,3071,1262,1186,11.99609375,4.9296875,4.6328125,1,0x14,0,0,0,1,0,1,-1,0,0,0,,,,,,,,,,,,,,,,,,,,,,
323,6,RETURN_UP,10.8,441834,13483.70361328125,1030,31.43310546875,31.813592233009707,17,0.518798828125,1012,30.8837890625,1,0.030517578125,0x456DF621,3071,1263,1207,11.99609375,4.93359375,4.71484375,1,0x14,0,0,0,1,0,1,-1,0,0,0,,,,,,,,,,,,,,,,,,,,,,
324,6,RETURN_UP,10.833333333333334,444472,13564.208984375,2638,80.50537109375,12.42153146322972,905,27.618408203125,1732,52.8564453125,1,0.030517578125,0xE3304181,1,2468,400,0.00390625,9.640625,1.5625,0,0x15,0,0,1,1,0,1,-1,0,0,0,,,,,,,,,,,,,,,,,,,,,,
325,6,RETURN_UP,10.866666666666667,446206,13617.12646484375,1734,52.91748046875,18.897347174163784,18,0.54931640625,1715,52.337646484375,1,0.030517578125,0xF5333920,0,2447,399,0.0,9.55859375,1.55859375,0,0x14,0,0,0,1,0,1,-1,0,0,0,,,,,,,,,,,,,,,,,,,,,,
326,6,RETURN_UP,10.9,447884,13668.3349609375,1678,51.20849609375,19.528009535160905,18,0.54931640625,1660,50.6591796875,0,0.0,0x5C77CA77,-1,2426,398,-0.00390625,9.4765625,1.5546875,0,0x14,0,0,0,1,0,1,-1,0,0,0,,,,,,,,,,,,,,,,,,,,,,
327,6,RETURN_UP,10.933333333333334,449656,13722.412109375,1772,54.0771484375,18.492099322799096,17,0.518798828125,1755,53.558349609375,0,0.0,0x2B5C216C,-2,2405,397,-0.0078125,9.39453125,1.55078125,0,0x14,0,0,0,1,0,1,-1,0,0,0,,,,,,,,,,,,,,,,,,,,,,
328,6,RETURN_UP,10.966666666666667,451430,13776.55029296875,1774,54.13818359375,18.471251409244644,18,0.54931640625,1755,53.558349609375,1,0.030517578125,0xF6398C29,-3,2384,396,-0.01171875,9.3125,1.546875,0,0x14,0,0,0,1,0,1,-1,0,0,0,,,,,,,,,,,,,,,,,,,,,,
329,6,RETURN_UP,11.0,453229,13831.451416015625,1799,54.901123046875,18.21456364647026,18,0.54931640625,1781,54.351806640625,0,0.0,0xA4A3A3D6,-4,2363,395,-0.015625,9.23046875,1.54296875,0,0x1E,1,1,0,1,1,1,-1,0,0,0,54.290771484375,0.0,0.1220703125,13.5498046875,3.387451171875,2.227783203125,12.3291015625,5.9814453125,0.0,14.678955078125,2.01416015625,0,0,0,0,0,0,0,0,0,0,0
330,7,LOD_RETREAT,11.033333333333333,455039,13886.688232421875,1810,55.23681640625,18.10386740331492,18,0.54931640625,1792,54.6875,0,0.0,0xF56371FB,-5,2342,394,-0.01953125,9.1484375,1.5390625,0,0x14,0,0,0,1,0,1,-1,0,0,0,,,,,,,,,,,,,,,,,,,,,,
331,7,LOD_RETREAT,11.066666666666666,456882,13942.93212890625,1843,56.243896484375,17.779706999457407,18,0.54931640625,1824,55.6640625,1,0.030517578125,0x7882CB50,-6,2321,393,-0.0234375,9.06640625,1.53515625,0,0x14,0,0,0,1,0,1,-1,0,0,0,,,,,,,,,,,,,,,,,,,,,,
332,7,LOD_RETREAT,11.1,458736,13999.51171875,1854,56.57958984375,17.674217907227614,18,0.54931640625,1836,56.0302734375,0,0.0,0x1ABD154C,-7,2300,392,-0.02734375,8.984375,1.53125,0,0x14,0,0,0,1,0,1,-1,0,0,0,,,,,,,,,,,,,,,,,,,,,,
333,7,LOD_RETREAT,11.133333333333333,460589,14056.060791015625,1853,56.549072265625,17.683756071235834,18,0.54931640625,1835,55.999755859375,0,0.0,0x4DB8A0AB,-8,2279,391,-0.03125,8.90234375,1.52734375,0,0x14,0,0,0,1,0,1,-1,0,0,0,,,,,,,,,,,,,,,,,,,,,,
334,7,LOD_RETREAT,11.166666666666666,462442,14112.60986328125,1853,56.549072265625,17.683756071235834,18,0.54931640625,1835,55.999755859375,0,0.0,0x1BD7CB8E,-9,2258,390,-0.03515625,8.8203125,1.5234375,0,0x14,0,0,0,1,0,1,-1,0,0,0,,,,,,,,,,,,,,,,,,,,,,
335,7,LOD_RETREAT,11.2,464300,14169.3115234375,1858,56.70166015625,17.636167922497307,18,0.54931640625,1839,56.121826171875,1,0.030517578125,0x4C778345,-10,2237,389,-0.0390625,8.73828125,1.51953125,0,0x14,0,0,0,1,0,1,-1,0,0,0,,,,,,,,,,,,,,,,,,,,,,
336,7,LOD_RETREAT,11.233333333333333,466164,14226.1962890625,1864,56.884765625,17.5793991416309,17,0.518798828125,1846,56.33544921875,1,0.030517578125,0x06EDCEF0,-11,2216,388,-0.04296875,8.65625,1.515625,0,0x14,0,0,0,1,0,1,-1,0,0,0,,,,,,,,,,,,,,,,,,,,,,
337,7,LOD_RETREAT,11.266666666666667,468027,14283.050537109375,1863,56.854248046875,17.588835212023618,18,0.54931640625,1845,56.304931640625,0,0.0,0xC108F23F,-12,2195,387,-0.046875,8.57421875,1.51171875,0,0x14,0,0,0,1,0,1,-1,0,0,0,,,,,,,,,,,,,,,,,,,,,,
338,7,LOD_RETREAT,11.3,469896,14340.087890625,1869,57.037353515625,17.532370251471374,18,0.54931640625,1851,56.488037109375,0,0.0,0xEB460C72,-13,2174,386,-0.05078125,8.4921875,1.5078125,0,0x16,1,1,0,1,0,1,-1,0,0,0,56.45751953125,0.0,0.1220703125,13.61083984375,3.41796875,2.227783203125,13.702392578125,6.683349609375,0.0,14.6484375,2.044677734375,0,0,0,0,0,0,0,0,0,0,0
339,7,LOD_RETREAT,11.333333333333334,471762,14397.03369140625,1866,56.94580078125,17.560557341907824,18,0.54931640625,1848,56.396484375,0,0.0,0xC75B1FA9,-14,2153,385,-0.0546875,8.41015625,1.50390625,0,0x14,0,0,0,1,0,1,-1,0,0,0,,,,,,,,,,,,,,,,,,,,,,
340,7,LOD_RETREAT,11.366666666666667,473592,14452.880859375,1830,55.84716796875,17.90601092896175,18,0.54931640625,1812,55.2978515625,0,0.0,0x551F57A4,-15,2132,384,-0.05859375,8.328125,1.5,0,0x14,0,0,0,1,0,1,-1,0,0,0,,,,,,,,,,,,,,,,,,,,,,
341,7,LOD_RETREAT,11.4,475385,14507.598876953125,1793,54.718017578125,18.275515895147798,18,0.54931640625,1775,54.168701171875,0,0.0,0xA2C57EE3,-16,2111,383,-0.0625,8.24609375,1.49609375,0,0x14,0,0,0,1,0,1,-1,0,0,0,,,,,,,,,,,,,,,,,,,,,,
342,7,LOD_RETREAT,11.433333333333334,477165,14561.920166015625,1780,54.3212890625,18.408988764044945,18,0.54931640625,1761,53.741455078125,1,0.030517578125,0x5D84EBA6,-17,2090,382,-0.06640625,8.1640625,1.4921875,0,0x14,0,0,0,1,0,1,-1,0,0,0,,,,,,,,,,,,,,,,,,,,,,
343,7,LOD_RETREAT,11.466666666666667,478943,14616.180419921875,1778,54.26025390625,18.429696287964006,18,0.54931640625,1760,53.7109375,0,0.0,0xA77A597D,-18,2069,381,-0.0703125,8.08203125,1.48828125,0,0x14,0,0,0,1,0,1,-1,0,0,0,,,,,,,,,,,,,,,,,,,,,,
344,7,LOD_RETREAT,11.5,480726,14670.59326171875,1783,54.412841796875,18.37801458216489,18,0.54931640625,1764,53.8330078125,1,0.030517578125,0x55E94EE8,-19,2048,380,-0.07421875,8.0,1.484375,0,0x14,0,0,0,1,0,1,-1,0,0,0,,,,,,,,,,,,,,,,,,,,,,
345,7,LOD_RETREAT,11.533333333333333,482503,14724.822998046875,1777,54.229736328125,18.440067529544176,18,0.54931640625,1758,53.64990234375,1,0.030517578125,0xAB3EB63C,-20,2027,379,-0.078125,7.91796875,1.48046875,0,0x14,0,0,0,1,0,1,-1,0,0,0,,,,,,,,,,,,,,,,,,,,,,
346,7,LOD_RETREAT,11.566666666666666,484280,14779.052734375,1777,54.229736328125,18.440067529544176,18,0.54931640625,1758,53.64990234375,1,0.030517578125,0x78FA7859,-21,2006,378,-0.08203125,7.8359375,1.4765625,0,0x14,0,0,0,1,0,1,-1,0,0,0,,,,,,,,,,,,,,,,,,,,,,
347,7,LOD_RETREAT,11.6,486043,14832.855224609375,1763,53.802490234375,18.58650028360749,18,0.54931640625,1744,53.22265625,1,0.030517578125,0xE7DBE762,-22,1985,377,-0.0859375,7.75390625,1.47265625,0,0x14,0,0,0,1,0,1,-1,0,0,0,,,,,,,,,,,,,,,,,,,,,,
348,7,LOD_RETREAT,11.633333333333333,487806,14886.65771484375,1763,53.802490234375,18.58650028360749,18,0.54931640625,1744,53.22265625,1,0.030517578125,0x385BD137,-23,1964,376,-0.08984375,7.671875,1.46875,0,0x14,0,0,0,1,0,1,-1,0,0,0,,,,,,,,,,,,,,,,,,,,,,
349,7,LOD_RETREAT,11.666666666666666,489552,14939.94140625,1746,53.28369140625,18.767468499427263,18,0.54931640625,1728,52.734375,0,0.0,0x357E8788,-24,1943,375,-0.09375,7.58984375,1.46484375,0,0x14,0,0,0,1,0,1,-1,0,0,0,,,,,,,,,,,,,,,,,,,,,,
350,7,LOD_RETREAT,11.7,491297,14993.194580078125,1745,53.253173828125,18.778223495702004,18,0.54931640625,1727,52.703857421875,0,0.0,0xDF9E50B5,-25,1922,374,-0.09765625,7.5078125,1.4609375,0,0x14,0,0,0,1,0,1,-1,0,0,0,,,,,,,,,,,,,,,,,,,,,,
351,7,LOD_RETREAT,11.733333333333333,493025,15045.928955078125,1728,52.734375,18.962962962962962,18,0.54931640625,1709,52.154541015625,1,0.030517578125,0xE76B625E,-26,1901,373,-0.1015625,7.42578125,1.45703125,0,0x14,0,0,0,1,0,1,-1,0,0,0,,,,,,,,,,,,,,,,,,,,,,
352,7,LOD_RETREAT,11.766666666666667,494752,15098.6328125,1727,52.703857421875,18.97394325419803,18,0.54931640625,1708,52.1240234375,1,0.030517578125,0x95527963,-27,1880,372,-0.10546875,7.34375,1.453125,0,0x14,0,0,0,1,0,1,-1,0,0,0,,,,,,,,,,,,,,,,,,,,,,
353,7,LOD_RETREAT,11.8,496474,15151.18408203125,1722,52.55126953125,19.02903600464576,18,0.54931640625,1703,51.971435546875,1,0.030517578125,0x8E13BCD4,-28,1859,371,-0.109375,7.26171875,1.44921875,0,0x14,0,0,0,1,0,1,-1,0,0,0,,,,,,,,,,,,,,,,,,,,,,
354,7,LOD_RETREAT,11.833333333333334,498183,15203.338623046875,1709,52.154541015625,19.173785839672323,18,0.54931640625,1690,51.57470703125,1,0.030517578125,0xD14DDB71,-29,1838,370,-0.11328125,7.1796875,1.4453125,0,0x14,0,0,0,1,0,1,-1,0,0,0,,,,,,,,,,,,,,,,,,,,,,
355,7,LOD_RETREAT,11.866666666666667,499917,15256.256103515625,1734,52.91748046875,18.897347174163784,18,0.54931640625,1715,52.337646484375,1,0.030517578125,0x68E66BFA,-30,1817,369,-0.1171875,7.09765625,1.44140625,0,0x14,0,0,0,1,0,1,-1,0,0,0,,,,,,,,,,,,,,,,,,,,,,
356,7,LOD_RETREAT,11.9,501554,15306.21337890625,1637,49.957275390625,20.01710445937691,18,0.54931640625,1618,49.37744140625,1,0.030517578125,0xA61B072F,-31,1796,368,-0.12109375,7.015625,1.4375,0,0x14,0,0,0,1,0,1,-1,0,0,0,,,,,,,,,,,,,,,,,,,,,,
357,7,LOD_RETREAT,11.933333333333334,503186,15356.01806640625,1632,49.8046875,20.07843137254902,18,0.54931640625,1614,49.25537109375,0,0.0,0x55966161,-32,1775,367,-0.125,6.93359375,1.43359375,0,0x14,0,0,0,1,0,1,-1,0,0,0,,,,,,,,,,,,,,,,,,,,,,
358,7,LOD_RETREAT,11.966666666666667,504820,15405.8837890625,1634,49.86572265625,20.053855569155445,18,0.54931640625,1615,49.285888671875,1,0.030517578125,0x2A16FA7C,-33,1754,366,-0.12890625,6.8515625,1.4296875,0,0x14,0,0,0,1,0,1,-1,0,0,0,,,,,,,,,,,,,,,,,,,,,,
359,7,LOD_RETREAT,12.0,506457,15455.841064453125,1637,49.957275390625,20.01710445937691,18,0.54931640625,1619,49.407958984375,0,0.0,0x7AF63907,-34,1733,365,-0.1328125,6.76953125,1.42578125,0,0x14,0,0,0,1,0,1,-1,0,0,0,,,,,,,,,,,,,,,,,,,,,,
360,7,LOD_RETREAT,12.033333333333333,508093,15505.767822265625,1636,49.9267578125,20.029339853300733,18,0.54931640625,1618,49.37744140625,0,0.0,0xD97A20BA,-35,1712,364,-0.13671875,6.6875,1.421875,0,0x14,0,0,0,1,0,1,-1,0,0,0,,,,,,,,,,,,,,,,,,,,,,
361,7,LOD_RETREAT,12.066666666666666,509732,15555.7861328125,1639,50.018310546875,19.99267846247712,18,0.54931640625,1620,49.4384765625,1,0.030517578125,0x08A0658D,-36,1691,363,-0.140625,6.60546875,1.41796875,0,0x14,0,0,0,1,0,1,-1,0,0,0,,,,,,,,,,,,,,,,,,,,,,
362,7,LOD_RETREAT,12.1,511349,15605.133056640625,1617,49.346923828125,20.264687693259123,18,0.54931640625,1598,48.76708984375,1,0.030517578125,0x3B2ED158,-37,1670,362,-0.14453125,6.5234375,1.4140625,0,0x14,0,0,0,1,0,1,-1,0,0,0,,,,,,,,,,,,,,,,,,,,,,
363,7,LOD_RETREAT,12.133333333333333,512965,15654.449462890625,1616,49.31640625,20.277227722772277,18,0.54931640625,1597,48.736572265625,1,0.030517578125,0x6FE1A9A3,-38,1649,361,-0.1484375,6.44140625,1.41015625,0,0x14,0,0,0,1,0,1,-1,0,0,0,,,,,,,,,,,,,,,,,,,,,,
364,7,LOD_RETREAT,12.166666666666666,514571,15703.460693359375,1606,49.01123046875,20.40348692403487,18,0.54931640625,1588,48.4619140625,0,0.0,0xF40E85E6,-39,1628,360,-0.15234375,6.359375,1.40625,0,0x14,0,0,0,1,0,1,-1,0,0,0,,,,,,,,,,,,,,,,,,,,,,
365,7,LOD_RETREAT,12.2,516096,15750.0,1525,46.539306640625,21.4872131147541,18,0.54931640625,1507,45.989990234375,0,0.0,0x72D9B089,-40,1607,359,-0.15625,6.27734375,1.40234375,0,0x14,0,0,0,1,0,1,-1,0,0,0,,,,,,,,,,,,,,,,,,,,,,
366,7,LOD_RETREAT,12.233333333333333,517621,15796.539306640625,1525,46.539306640625,21.4872131147541,18,0.54931640625,1506,45.95947265625,1,0.030517578125,0x49A65404,-41,1586,358,-0.16015625,6.1953125,1.3984375,0,0x14,0,0,0,1,0,1,-1,0,0,0,,,,,,,,,,,,,,,,,,,,,,
367,7,LOD_RETREAT,12.266666666666667,519131,15842.620849609375,1510,46.08154296875,21.70066225165563,18,0.54931640625,1492,45.5322265625,0,0.0,0x0BBFB66F,-42,1565,357,-0.1640625,6.11328125,1.39453125,0,0x14,0,0,0,1,0,1,-1,0,0,0,,,,,,,,,,,,,,,,,,,,,,
368,7,LOD_RETREAT,12.3,520641,15888.702392578125,1510,46.08154296875,21.70066225165563,18,0.54931640625,1491,45.501708984375,1,0.030517578125,0x891258C2,-43,1544,356,-0.16796875,6.03125,1.390625,0,0x14,0,0,0,1,0,1,-1,0,0,0,,,,,,,,,,,,,,,,,,,,,,
369,7,LOD_RETREAT,12.333333333333334,522160,15935.05859375,1519,46.356201171875,21.57208689927584,18,0.54931640625,1501,45.806884765625,0,0.0,0xF99191D2,-44,1523,355,-0.171875,5.94921875,1.38671875,0,0x14,0,0,0,1,0,1,-1,0,0,0,,,,,,,,,,,,,,,,,,,,,,
370,7,LOD_RETREAT,12.366666666666667,523684,15981.5673828125,1524,46.5087890625,21.501312335958005,18,0.54931640625,1505,45.928955078125,1,0.030517578125,0xE444F69F,-45,1502,354,-0.17578125,5.8671875,1.3828125,0,0x14,0,0,0,1,0,1,-1,0,0,0,,,,,,,,,,,,,,,,,,,,,,
371,7,LOD_RETREAT,12.4,525208,16028.076171875,1524,46.5087890625,21.501312335958005,18,0.54931640625,1505,45.928955078125,1,0.030517578125,0x40905A1C,-46,1481,353,-0.1796875,5.78515625,1.37890625,0,0x14,0,0,0,1,0,1,-1,0,0,0,,,,,,,,,,,,,,,,,,,,,,
372,7,LOD_RETREAT,12.433333333333334,526715,16074.066162109375,1507,45.989990234375,21.74386197743862,18,0.54931640625,1489,45.440673828125,0,0.0,0x53054201,-47,1460,352,-0.18359375,5.703125,1.375,0,0x14,0,0,0,1,0,1,-1,0,0,0,,,,,,,,,,,,,,,,,,,,,,
373,7,LOD_RETREAT,12.466666666666667,528219,16119.964599609375,1504,45.8984375,21.78723404255319,18,0.54931640625,1486,45.34912109375,0,0.0,0x7A204B3E,-48,1439,351,-0.1875,5.62109375,1.37109375,0,0x14,0,0,0,1,0,1,-1,0,0,0,,,,,,,,,,,,,,,,,,,,,,
374,7,LOD_RETREAT,12.5,529708,16165.4052734375,1489,45.440673828125,22.006715916722634,18,0.54931640625,1471,44.891357421875,0,0.0,0x5CF2055B,-49,1418,350,-0.19140625,5.5390625,1.3671875,0,0x14,0,0,0,1,0,1,-1,0,0,0,,,,,,,,,,,,,,,,,,,,,,
375,7,LOD_RETREAT,12.533333333333333,531203,16211.029052734375,1495,45.623779296875,21.91839464882943,18,0.54931640625,1477,45.074462890625,0,0.0,0x596A5818,-50,1397,349,-0.1953125,5.45703125,1.36328125,0,0x14,0,0,0,1,0,1,-1,0,0,0,,,,,,,,,,,,,,,,,,,,,,
376,7,LOD_RETREAT,12.566666666666666,532693,16256.500244140625,1490,45.47119140625,21.99194630872483,18,0.54931640625,1472,44.921875,0,0.0,0xFF08E4ED,-51,1376,348,-0.19921875,5.375,1.359375,0,0x14,0,0,0,1,0,1,-1,0,0,0,,,,,,,,,,,,,,,,,,,,,,
377,7,LOD_RETREAT,12.6,534180,16301.8798828125,1487,45.379638671875,22.036314727639542,18,0.54931640625,1468,44.7998046875,1,0.030517578125,0xA8F2C94A,-52,1355,347,-0.203125,5.29296875,1.35546875,0,0x1C,0,0,0,1,1,1,-1,0,0,0,,,,,,,,,,,,,,,,,,,,,,
378,8,LOD_APPROACH,12.633333333333333,535671,16347.381591796875,1491,45.501708984375,21.97719651240778,17,0.518798828125,1473,44.952392578125,1,0.030517578125,0x4D002ED7,-51,1376,348,-0.19921875,5.375,1.359375,0,0x14,0,0,0,1,0,1,1,0,0,0,,,,,,,,,,,,,,,,,,,,,,
379,8,LOD_APPROACH,12.666666666666666,537167,16393.035888671875,1496,45.654296875,21.90374331550802,18,0.54931640625,1477,45.074462890625,1,0.030517578125,0x09B88652,-50,1397,349,-0.1953125,5.45703125,1.36328125,0,0x14,0,0,0,1,0,1,1,0,0,0,,,,,,,,,,,,,,,,,,,,,,
380,8,LOD_APPROACH,12.7,538656,16438.4765625,1489,45.440673828125,22.006715916722634,18,0.54931640625,1471,44.891357421875,0,0.0,0xCDD83805,-49,1418,350,-0.19140625,5.5390625,1.3671875,0,0x14,0,0,0,1,0,1,1,0,0,0,,,,,,,,,,,,,,,,,,,,,,
381,8,LOD_APPROACH,12.733333333333333,540161,16484.405517578125,1505,45.928955078125,21.772757475083058,17,0.518798828125,1487,45.379638671875,1,0.030517578125,0x6D2BFD58,-48,1439,351,-0.1875,5.62109375,1.37109375,0,0x14,0,0,0,1,0,1,1,0,0,0,,,,,,,,,,,,,,,,,,,,,,
382,8,LOD_APPROACH,12.766666666666667,541668,16530.3955078125,1507,45.989990234375,21.74386197743862,18,0.54931640625,1489,45.440673828125,0,0.0,0x6961D88B,-47,1460,352,-0.18359375,5.703125,1.375,0,0x14,0,0,0,1,0,1,1,0,0,0,,,,,,,,,,,,,,,,,,,,,,
383,8,LOD_APPROACH,12.8,543191,16576.873779296875,1523,46.478271484375,21.51543007222587,17,0.518798828125,1505,45.928955078125,1,0.030517578125,0x28A5ED36,-46,1481,353,-0.1796875,5.78515625,1.37890625,0,0x14,0,0,0,1,0,1,1,0,0,0,,,,,,,,,,,,,,,,,,,,,,
384,8,LOD_APPROACH,12.833333333333334,544714,16623.35205078125,1523,46.478271484375,21.51543007222587,18,0.54931640625,1505,45.928955078125,0,0.0,0xE48DD0E9,-45,1502,354,-0.17578125,5.8671875,1.3828125,0,0x14,0,0,0,1,0,1,1,0,0,0,,,,,,,,,,,,,,,,,,,,,,
385,8,LOD_APPROACH,12.866666666666667,546232,16669.677734375,1518,46.32568359375,21.586297760210805,17,0.518798828125,1501,45.806884765625,0,0.0,0xC38C156C,-44,1523,355,-0.171875,5.94921875,1.38671875,0,0x14,0,0,0,1,0,1,1,0,0,0,,,,,,,,,,,,,,,,,,,,,,
386,8,LOD_APPROACH,12.9,547740,16715.6982421875,1508,46.0205078125,21.72944297082228,17,0.518798828125,1491,45.501708984375,0,0.0,0x8254B51C,-43,1544,356,-0.16796875,6.03125,1.390625,0,0x14,0,0,0,1,0,1,1,0,0,0,,,,,,,,,,,,,,,,,,,,,,
387,8,LOD_APPROACH,12.933333333333334,549251,16761.810302734375,1511,46.112060546875,21.686300463269358,17,0.518798828125,1493,45.562744140625,1,0.030517578125,0xF9894479,-42,1565,357,-0.1640625,6.11328125,1.39453125,0,0x14,0,0,0,1,0,1,1,0,0,0,,,,,,,,,,,,,,,,,,,,,,
388,8,LOD_APPROACH,12.966666666666667,550776,16808.349609375,1525,46.539306640625,21.4872131147541,18,0.54931640625,1506,45.95947265625,1,0.030517578125,0x404CAEBE,-41,1586,358,-0.16015625,6.1953125,1.3984375,0,0x14,0,0,0,1,0,1,1,0,0,0,,,,,,,,,,,,,,,,,,,,,,
389,8,LOD_APPROACH,13.0,552300,16854.8583984375,1524,46.5087890625,21.501312335958005,18,0.54931640625,1506,45.95947265625,0,0.0,0x4A50E553,-40,1607,359,-0.15625,6.27734375,1.40234375,0,0x14,0,0,0,1,0,1,1,0,0,0,,,,,,,,,,,,,,,,,,,,,,
390,8,LOD_APPROACH,13.033333333333333,553908,16903.9306640625,1608,49.072265625,20.378109452736318,18,0.54931640625,1589,48.492431640625,1,0.030517578125,0x7ED10880,-39,1628,360,-0.15234375,6.359375,1.40625,0,0x14,0,0,0,1,0,1,1,0,0,0,,,,,,,,,,,,,,,,,,,,,,
391,8,LOD_APPROACH,13.066666666666666,555522,16953.18603515625,1614,49.25537109375,20.302354399008674,18,0.54931640625,1596,48.7060546875,0,0.0,0xC510522D,-38,1649,361,-0.1484375,6.44140625,1.41015625,0,0x14,0,0,0,1,0,1,1,0,0,0,,,,,,,,,,,,,,,,,,,,,,
392,8,LOD_APPROACH,13.1,557138,17002.50244140625,1616,49.31640625,20.277227722772277,17,0.518798828125,1598,48.76708984375,1,0.030517578125,0x2D35DF92,-37,1670,362,-0.14453125,6.5234375,1.4140625,0,0x14,0,0,0,1,0,1,1,0,0,0,,,,,,,,,,,,,,,,,,,,,,
393,8,LOD_APPROACH,13.133333333333333,558775,17052.459716796875,1637,49.957275390625,20.01710445937691,18,0.54931640625,1619,49.407958984375,0,0.0,0xEDF495F7,-36,1691,363,-0.140625,6.60546875,1.41796875,0,0x14,0,0,0,1,0,1,1,0,0,0,,,,,,,,,,,,,,,,,,,,,,
394,8,LOD_APPROACH,13.166666666666666,560412,17102.4169921875,1637,49.957275390625,20.01710445937691,17,0.518798828125,1619,49.407958984375,1,0.030517578125,0xA1277674,-35,1712,364,-0.13671875,6.6875,1.421875,0,0x14,0,0,0,1,0,1,1,0,0,0,,,,,,,,,,,,,,,,,,,,,,
395,8,LOD_APPROACH,13.2,562050,17152.40478515625,1638,49.98779296875,20.004884004884005,18,0.54931640625,1619,49.407958984375,1,0.030517578125,0x15EEA471,-34,1733,365,-0.1328125,6.76953125,1.42578125,0,0x14,0,0,0,1,0,1,1,0,0,0,,,,,,,,,,,,,,,,,,,,,,
396,8,LOD_APPROACH,13.233333333333333,563759,17204.559326171875,1709,52.154541015625,19.173785839672323,18,0.54931640625,1690,51.57470703125,1,0.030517578125,0xB4086516,-33,1754,366,-0.12890625,6.8515625,1.4296875,0,0x14,0,0,0,1,0,1,1,0,0,0,,,,,,,,,,,,,,,,,,,,,,
397,8,LOD_APPROACH,13.266666666666667,565383,17254.119873046875,1624,49.560546875,20.177339901477833,18,0.54931640625,1606,49.01123046875,0,0.0,0xD3CEDB6B,-32,1775,367,-0.125,6.93359375,1.43359375,0,0x14,0,0,0,1,0,1,1,0,0,0,,,,,,,,,,,,,,,,,,,,,,
398,8,LOD_APPROACH,13.3,567006,17303.64990234375,1623,49.530029296875,20.18977202711029,17,0.518798828125,1606,49.01123046875,0,0.0,0x37907739,-31,1796,368,-0.12109375,7.015625,1.4375,0,0x14,0,0,0,1,0,1,1,0,0,0,,,,,,,,,,,,,,,,,,,,,,
399,8,LOD_APPROACH,13.333333333333334,568733,17356.353759765625,1727,52.703857421875,18.97394325419803,17,0.518798828125,1709,52.154541015625,1,0.030517578125,0x354D8EB4,-30,1817,369,-0.1171875,7.09765625,1.44140625,0,0x14,0,0,0,1,0,1,1,0,0,0,,,,,,,,,,,,,,,,,,,,,,
400,8,LOD_APPROACH,13.366666666666667,570461,17409.088134765625,1728,52.734375,18.962962962962962,18,0.54931640625,1709,52.154541015625,1,0.030517578125,0xB989B73B,-29,1838,370,-0.11328125,7.1796875,1.4453125,0,0x14,0,0,0,1,0,1,1,0,0,0,,,,,,,,,,,,,,,,,,,,,,
401,8,LOD_APPROACH,13.4,572182,17461.60888671875,1721,52.520751953125,19.04009296920395,18,0.54931640625,1702,51.94091796875,1,0.030517578125,0xA649088E,-28,1859,371,-0.109375,7.26171875,1.44921875,0,0x14,0,0,0,1,0,1,1,0,0,0,,,,,,,,,,,,,,,,,,,,,,
402,8,LOD_APPROACH,13.433333333333334,573893,17513.824462890625,1711,52.215576171875,19.151373465809467,18,0.54931640625,1693,51.666259765625,0,0.0,0x81CF51ED,-27,1880,372,-0.10546875,7.34375,1.453125,0,0x14,0,0,0,1,0,1,1,0,0,0,,,,,,,,,,,,,,,,,,,,,,
403,8,LOD_APPROACH,13.466666666666667,575620,17566.5283203125,1727,52.703857421875,18.97394325419803,17,0.518798828125,1709,52.154541015625,1,0.030517578125,0x141BC178,-26,1901,373,-0.1015625,7.42578125,1.45703125,0,0x14,0,0,0,1,0,1,1,0,0,0,,,,,,,,,,,,,,,,,,,,,,
404,8,LOD_APPROACH,13.5,577367,17619.842529296875,1747,53.314208984375,18.756725815684028,18,0.54931640625,1728,52.734375,1,0.030517578125,0xBB50435F,-25,1922,374,-0.09765625,7.5078125,1.4609375,0,0x14,0,0,0,1,0,1,1,0,0,0,,,,,,,,,,,,,,,,,,,,,,
405,8,LOD_APPROACH,13.533333333333333,579113,17673.126220703125,1746,53.28369140625,18.767468499427263,18,0.54931640625,1728,52.734375,0,0.0,0x03554D82,-24,1943,375,-0.09375,7.58984375,1.46484375,0,0x14,0,0,0,1,0,1,1,0,0,0,,,,,,,,,,,,,,,,,,,,,,
406,8,LOD_APPROACH,13.566666666666666,580874,17726.86767578125,1761,53.741455078125,18.607609312890403,17,0.518798828125,1743,53.192138671875,1,0.030517578125,0x3EEA4DA1,-23,1964,376,-0.08984375,7.671875,1.46875,0,0x14,0,0,0,1,0,1,1,0,0,0,,,,,,,,,,,,,,,,,,,,,,
407,8,LOD_APPROACH,13.6,582637,17780.670166015625,1763,53.802490234375,18.58650028360749,18,0.54931640625,1744,53.22265625,1,0.030517578125,0x3C71A03C,-22,1985,377,-0.0859375,7.75390625,1.47265625,0,0x14,0,0,0,1,0,1,1,0,0,0,,,,,,,,,,,,,,,,,,,,,,
408,8,LOD_APPROACH,13.633333333333333,584413,17834.869384765625,1776,54.19921875,18.45045045045045,18,0.54931640625,1758,53.64990234375,0,0.0,0xDC36DBE3,-21,2006,378,-0.08203125,7.8359375,1.4765625,0,0x14,0,0,0,1,0,1,1,0,0,0,,,,,,,,,,,,,,,,,,,,,,
409,8,LOD_APPROACH,13.666666666666666,586188,17889.0380859375,1775,54.168701171875,18.460845070422536,17,0.518798828125,1758,53.64990234375,0,0.0,0xAEE872D6,-20,2027,379,-0.078125,7.91796875,1.48046875,0,0x14,0,0,0,1,0,1,1,0,0,0,,,,,,,,,,,,,,,,,,,,,,
410,8,LOD_APPROACH,13.7,587968,17943.359375,1780,54.3212890625,18.408988764044945,17,0.518798828125,1763,53.802490234375,0,0.0,0xF16AEBE2,-19,2048,380,-0.07421875,8.0,1.484375,0,0x14,0,0,0,1,0,1,1,0,0,0,,,,,,,,,,,,,,,,,,,,,,
411,8,LOD_APPROACH,13.733333333333333,589745,17997.589111328125,1777,54.229736328125,18.440067529544176,17,0.518798828125,1760,53.7109375,0,0.0,0xD823C5E7,-18,2069,381,-0.0703125,8.08203125,1.48828125,0,0x14,0,0,0,1,0,1,1,0,0,0,,,,,,,,,,,,,,,,,,,,,,
412,8,LOD_APPROACH,13.766666666666667,591522,18051.81884765625,1777,54.229736328125,18.440067529544176,17,0.518798828125,1760,53.7109375,0,0.0,0x15BBCA40,-17,2090,382,-0.06640625,8.1640625,1.4921875,0,0x14,0,0,0,1,0,1,1,0,0,0,,,,,,,,,,,,,,,,,,,,,,
413,8,LOD_APPROACH,13.8,593317,18106.597900390625,1795,54.779052734375,18.25515320334262,18,0.54931640625,1776,54.19921875,1,0.030517578125,0x73E6CF6D,-16,2111,383,-0.0625,8.24609375,1.49609375,0,0x14,0,0,0,1,0,1,1,0,0,0,,,,,,,,,,,,,,,,,,,,,,
414,8,LOD_APPROACH,13.833333333333334,595148,18162.4755859375,1831,55.877685546875,17.89623156744948,17,0.518798828125,1813,55.328369140625,1,0.030517578125,0x77C63D5E,-15,2132,384,-0.05859375,8.328125,1.5,0,0x14,0,0,0,1,0,1,1,0,0,0,,,,,,,,,,,,,,,,,,,,,,
415,8,LOD_APPROACH,13.866666666666667,597015,18219.451904296875,1867,56.976318359375,17.551151580074986,18,0.54931640625,1848,56.396484375,1,0.030517578125,0x0B82ACF3,-14,2153,385,-0.0546875,8.41015625,1.50390625,0,0x14,0,0,0,1,0,1,1,0,0,0,,,,,,,,,,,,,,,,,,,,,,
416,8,LOD_APPROACH,13.9,598884,18276.4892578125,1869,57.037353515625,17.532370251471374,18,0.54931640625,1851,56.488037109375,0,0.0,0xAF688A0C,-13,2174,386,-0.05078125,8.4921875,1.5078125,0,0x16,1,1,0,1,0,1,1,0,0,0,56.45751953125,0.0,0.1220703125,13.61083984375,3.448486328125,2.197265625,13.702392578125,6.683349609375,0.0,14.6484375,2.044677734375,0,0,0,0,0,0,0,0,0,0,0
417,8,LOD_APPROACH,13.933333333333334,600746,18333.31298828125,1862,56.82373046875,17.59828141783029,17,0.518798828125,1845,56.304931640625,0,0.0,0x73C02589,-12,2195,387,-0.046875,8.57421875,1.51171875,0,0x14,0,0,0,1,0,1,1,0,0,0,,,,,,,,,,,,,,,,,,,,,,
418,8,LOD_APPROACH,13.966666666666667,602612,18390.2587890625,1866,56.94580078125,17.560557341907824,18,0.54931640625,1847,56.365966796875,1,0.030517578125,0xAB9B46AA,-11,2216,388,-0.04296875,8.65625,1.515625,0,0x14,0,0,0,1,0,1,1,0,0,0,,,,,,,,,,,,,,,,,,,,,,
419,8,LOD_APPROACH,14.0,604469,18446.929931640625,1857,56.671142578125,17.64566505115778,18,0.54931640625,1838,56.09130859375,1,0.030517578125,0x33D8802F,-10,2237,389,-0.0390625,8.73828125,1.51953125,0,0x14,0,0,0,1,0,1,1,0,0,0,,,,,,,,,,,,,,,,,,,,,,
420,8,LOD_APPROACH,14.033333333333333,606322,18503.47900390625,1853,56.549072265625,17.683756071235834,18,0.54931640625,1835,55.999755859375,0,0.0,0xC446B768,-9,2258,390,-0.03515625,8.8203125,1.5234375,0,0x14,0,0,0,1,0,1,1,0,0,0,,,,,,,,,,,,,,,,,,,,,,
421,8,LOD_APPROACH,14.066666666666666,608175,18560.028076171875,1853,56.549072265625,17.683756071235834,17,0.518798828125,1836,56.0302734375,0,0.0,0x51285415,-8,2279,391,-0.03125,8.90234375,1.52734375,0,0x14,0,0,0,1,0,1,1,0,0,0,,,,,,,,,,,,,,,,,,,,,,
422,8,LOD_APPROACH,14.1,610029,18616.607666015625,1854,56.57958984375,17.674217907227614,17,0.518798828125,1836,56.0302734375,1,0.030517578125,0x70E57126,-7,2300,392,-0.02734375,8.984375,1.53125,0,0x14,0,0,0,1,0,1,1,0,0,0,,,,,,,,,,,,,,,,,,,,,,
423,8,LOD_APPROACH,14.133333333333333,611869,18672.760009765625,1840,56.15234375,17.808695652173913,17,0.518798828125,1823,55.633544921875,0,0.0,0xA7C9170A,-6,2321,393,-0.0234375,9.06640625,1.53515625,0,0x14,0,0,0,1,0,1,1,0,0,0,,,,,,,,,,,,,,,,,,,,,,
424,8,LOD_APPROACH,14.166666666666666,613678,18727.96630859375,1809,55.206298828125,18.11387506909895,17,0.518798828125,1792,54.6875,0,0.0,0x4BE464A5,-5,2342,394,-0.01953125,9.1484375,1.5390625,0,0x14,0,0,0,1,0,1,1,0,0,0,,,,,,,,,,,,,,,,,,,,,,
425,8,LOD_APPROACH,14.2,615476,18782.8369140625,1798,54.87060546875,18.224694104560623,17,0.518798828125,1781,54.351806640625,0,0.0,0x4FA9DD30,-4,2363,395,-0.015625,9.23046875,1.54296875,0,0x14,0,0,0,1,0,1,1,0,0,0,,,,,,,,,,,,,,,,,,,,,,
426,8,LOD_APPROACH,14.233333333333333,617247,18836.883544921875,1771,54.046630859375,18.502540937323545,17,0.518798828125,1754,53.52783203125,0,0.0,0xF4A56F73,-3,2384,396,-0.01171875,9.3125,1.546875,0,0x14,0,0,0,1,0,1,1,0,0,0,,,,,,,,,,,,,,,,,,,,,,
427,8,LOD_APPROACH,14.266666666666667,619020,18890.9912109375,1773,54.107666015625,18.48166948674563,18,0.54931640625,1755,53.558349609375,0,0.0,0x8BFE6F46,-2,2405,397,-0.0078125,9.39453125,1.55078125,0,0x14,0,0,0,1,0,1,1,0,0,0,,,,,,,,,,,,,,,,,,,,,,
428,8,LOD_APPROACH,14.3,620697,18942.169189453125,1677,51.177978515625,19.539654144305306,17,0.518798828125,1660,50.6591796875,0,0.0,0xDCCA4BE1,-1,2426,398,-0.00390625,9.4765625,1.5546875,0,0x14,0,0,0,1,0,1,1,0,0,0,,,,,,,,,,,,,,,,,,,,,,
429,8,LOD_APPROACH,14.333333333333334,622428,18994.9951171875,1731,52.825927734375,18.93009820912767,17,0.518798828125,1714,52.30712890625,0,0.0,0x0ED9BE1A,0,2447,399,0.0,9.55859375,1.55859375,0,0x14,0,0,0,1,0,1,1,0,0,0,,,,,,,,,,,,,,,,,,,,,,
430,8,LOD_APPROACH,14.366666666666667,624177,19048.370361328125,1749,53.375244140625,18.735277301315037,17,0.518798828125,1732,52.8564453125,0,0.0,0x40AE6F75,1,2468,400,0.00390625,9.640625,1.5625,0,0x14,0,0,0,1,0,1,1,0,0,0,,,,,,,,,,,,,,,,,,,,,,
431,8,LOD_APPROACH,14.4,625928,19101.806640625,1751,53.436279296875,18.71387778412336,17,0.518798828125,1733,52.886962890625,1,0.030517578125,0x06EC46A0,2,2489,401,0.0078125,9.72265625,1.56640625,0,0x14,0,0,0,1,0,1,1,0,0,0,,,,,,,,,,,,,,,,,,,,,,
432,8,LOD_APPROACH,14.433333333333334,628084,19167.6025390625,2156,65.7958984375,15.198515769944342,897,27.374267578125,1259,38.421630859375,0,0.0,0x545FA80F,3069,1262,1186,11.98828125,4.9296875,4.6328125,1,0x15,0,0,1,1,0,1,1,0,0,0,,,,,,,,,,,,,,,,,,,,,,
433,8,LOD_APPROACH,14.466666666666667,629361,19206.573486328125,1277,38.970947265625,25.660140955364135,18,0.54931640625,1258,38.39111328125,1,0.030517578125,0x2D2E4954,3069,1262,1165,11.98828125,4.9296875,4.55078125,1,0x14,0,0,0,1,0,1,1,0,0,0,,,,,,,,,,,,,,,,,,,,,,
434,8,LOD_APPROACH,14.5,630637,19245.513916015625,1276,38.9404296875,25.68025078369906,18,0.54931640625,1257,38.360595703125,1,0.030517578125,0xF000B19D,3069,1262,1144,11.98828125,4.9296875,4.46875,1,0x14,0,0,0,1,0,1,1,0,0,0,,,,,,,,,,,,,,,,,,,,,,
435,8,LOD_APPROACH,14.533333333333333,631910,19284.36279296875,1273,38.848876953125,25.74076983503535,18,0.54931640625,1255,38.299560546875,0,0.0,0x84453EEE,3069,1262,1123,11.98828125,4.9296875,4.38671875,1,0x14,0,0,0,1,0,1,1,0,0,0,,,,,,,,,,,,,,,,,,,,,,
436,8,LOD_APPROACH,14.566666666666666,633181,19323.150634765625,1271,38.787841796875,25.781274586939418,18,0.54931640625,1252,38.2080078125,1,0.030517578125,0x0D408297,3069,1262,1102,11.98828125,4.9296875,4.3046875,1,0x14,0,0,0,1,0,1,1,0,0,0,,,,,,,,,,,,,,,,,,,,,,
437,8,LOD_APPROACH,14.6,634450,19361.87744140625,1269,38.726806640625,25.821907013396377,18,0.54931640625,1251,38.177490234375,0,0.0,0x8028BE00,3069,1262,1081,11.98828125,4.9296875,4.22265625,1,0x1C,0,0,0,1,1,1,1,0,0,0,,,,,,,,,,,,,,,,,,,,,,
438,9,FREECAM_YAW,14.633333333333333,635724,19400.7568359375,1274,38.87939453125,25.72056514913658,24,0.732421875,1250,38.14697265625,0,0.0,0x53C02975,3069,1262,1081,11.98828125,4.9296875,4.22265625,1,0x14,0,0,0,1,0,1,0,1,0,0,,,,,,,,,,,,,,,,,,,,,,
439,9,FREECAM_YAW,14.666666666666666,636999,19439.666748046875,1275,38.909912109375,25.700392156862744,25,0.762939453125,1250,38.14697265625,0,0.0,0xA2A40271,3069,1262,1081,11.98828125,4.9296875,4.22265625,1,0x14,0,0,0,1,0,1,0,1,0,0,,,,,,,,,,,,,,,,,,,,,,
440,9,FREECAM_YAW,14.7,638254,19477.96630859375,1255,38.299560546875,26.10996015936255,25,0.762939453125,1230,37.53662109375,0,0.0,0xC113AF95,3069,1262,1081,11.98828125,4.9296875,4.22265625,1,0x14,0,0,0,1,0,1,0,1,0,0,,,,,,,,,,,,,,,,,,,,,,
441,9,FREECAM_YAW,14.733333333333333,639493,19515.777587890625,1239,37.811279296875,26.447134786117836,24,0.732421875,1214,37.04833984375,1,0.030517578125,0xFF8769B6,3069,1262,1081,11.98828125,4.9296875,4.22265625,1,0x14,0,0,0,1,0,1,0,1,0,0,,,,,,,,,,,,,,,,,,,,,,
442,9,FREECAM_YAW,14.766666666666667,640716,19553.1005859375,1223,37.322998046875,26.793131643499592,25,0.762939453125,1198,36.56005859375,0,0.0,0x042130CE,3069,1262,1081,11.98828125,4.9296875,4.22265625,1,0x14,0,0,0,1,0,1,0,1,0,0,,,,,,,,,,,,,,,,,,,,,,
443,9,FREECAM_YAW,14.8,641905,19589.385986328125,1189,36.285400390625,27.55929352396972,24,0.732421875,1164,35.5224609375,1,0.030517578125,0x70927F5D,3069,1262,1081,11.98828125,4.9296875,4.22265625,1,0x14,0,0,0,1,0,1,0,1,0,0,,,,,,,,,,,,,,,,,,,,,,
444,9,FREECAM_YAW,14.833333333333334,643068,19624.8779296875,1163,35.491943359375,28.175408426483234,25,0.762939453125,1137,34.698486328125,1,0.030517578125,0xD2CB2DFC,3069,1262,1081,11.98828125,4.9296875,4.22265625,1,0x14,0,0,0,1,0,1,0,1,0,0,,,,,,,,,,,,,,,,,,,,,,
445,9,FREECAM_YAW,14.866666666666667,644128,19657.2265625,1060,32.3486328125,30.91320754716981,25,0.762939453125,1035,31.585693359375,0,0.0,0x0DC77C76,3069,1262,1081,11.98828125,4.9296875,4.22265625,1,0x14,0,0,0,1,0,1,0,1,0,0,,,,,,,,,,,,,,,,,,,,,,
446,9,FREECAM_YAW,14.9,645165,19688.873291015625,1037,31.646728515625,31.59884281581485,24,0.732421875,1012,30.8837890625,1,0.030517578125,0x646433BE,3069,1262,1081,11.98828125,4.9296875,4.22265625,1,0x14,0,0,0,1,0,1,0,1,0,0,,,,,,,,,,,,,,,,,,,,,,
447,9,FREECAM_YAW,14.933333333333334,646108,19717.6513671875,943,28.778076171875,34.748674443266175,25,0.762939453125,917,27.984619140625,1,0.030517578125,0x3DDA4090,3069,1262,1081,11.98828125,4.9296875,4.22265625,1,0x14,0,0,0,1,0,1,0,1,0,0,,,,,,,,,,,,,,,,,,,,,,
448,9,FREECAM_YAW,14.966666666666667,647051,19746.429443359375,943,28.778076171875,34.748674443266175,25,0.762939453125,917,27.984619140625,1,0.030517578125,0xFFCB4259,3069,1262,1081,11.98828125,4.9296875,4.22265625,1,0x14,0,0,0,1,0,1,0,1,0,0,,,,,,,,,,,,,,,,,,,,,,
449,9,FREECAM_YAW,15.0,647993,19775.177001953125,942,28.74755859375,34.78556263269639,25,0.762939453125,917,27.984619140625,0,0.0,0xBF360EA3,3069,1262,1081,11.98828125,4.9296875,4.22265625,1,0x14,0,0,0,1,0,1,0,1,0,0,,,,,,,,,,,,,,,,,,,,,,
450,9,FREECAM_YAW,15.033333333333333,649030,19806.82373046875,1037,31.646728515625,31.59884281581485,24,0.732421875,1012,30.8837890625,1,0.030517578125,0x60A33A9C,3069,1262,1081,11.98828125,4.9296875,4.22265625,1,0x14,0,0,0,1,0,1,0,1,0,0,,,,,,,,,,,,,,,,,,,,,,
451,9,FREECAM_YAW,15.066666666666666,650068,19838.5009765625,1038,31.67724609375,31.56840077071291,25,0.762939453125,1012,30.8837890625,1,0.030517578125,0x198020E6,3069,1262,1081,11.98828125,4.9296875,4.22265625,1,0x14,0,0,0,1,0,1,0,1,0,0,,,,,,,,,,,,,,,,,,,,,,
452,9,FREECAM_YAW,15.1,651224,19873.779296875,1156,35.2783203125,28.346020761245676,25,0.762939453125,1131,34.515380859375,0,0.0,0x3F7972FA,3069,1262,1081,11.98828125,4.9296875,4.22265625,1,0x14,0,0,0,1,0,1,0,1,0,0,,,,,,,,,,,,,,,,,,,,,,
453,9,FREECAM_YAW,15.133333333333333,652386,19909.24072265625,1162,35.46142578125,28.199655765920827,24,0.732421875,1138,34.72900390625,0,0.0,0x8BBE58C6,3069,1262,1081,11.98828125,4.9296875,4.22265625,1,0x14,0,0,0,1,0,1,0,1,0,0,,,,,,,,,,,,,,,,,,,,,,
454,9,FREECAM_YAW,15.166666666666666,653580,19945.6787109375,1194,36.43798828125,27.44388609715243,24,0.732421875,1169,35.675048828125,1,0.030517578125,0x2E1DABB5,3069,1262,1081,11.98828125,4.9296875,4.22265625,1,0x14,0,0,0,1,0,1,0,1,0,0,,,,,,,,,,,,,,,,,,,,,,
455,9,FREECAM_YAW,15.2,654808,19983.154296875,1228,37.4755859375,26.684039087947884,25,0.762939453125,1203,36.712646484375,0,0.0,0x738F6485,3069,1262,1081,11.98828125,4.9296875,4.22265625,1,0x14,0,0,0,1,0,1,0,1,0,0,,,,,,,,,,,,,,,,,,,,,,
456,9,FREECAM_YAW,15.233333333333333,656051,20021.087646484375,1243,37.933349609375,26.362027353177794,24,0.732421875,1218,37.17041015625,1,0.030517578125,0x0BBF162F,3069,1262,1081,11.98828125,4.9296875,4.22265625,1,0x14,0,0,0,1,0,1,0,1,0,0,,,,,,,,,,,,,,,,,,,,,,
457,9,FREECAM_YAW,15.266666666666667,657310,20059.50927734375,1259,38.421630859375,26.027005559968227,25,0.762939453125,1234,37.65869140625,0,0.0,0x288A2C51,3069,1262,1081,11.98828125,4.9296875,4.22265625,1,0x14,0,0,0,1,0,1,0,1,0,0,,,,,,,,,,,,,,,,,,,,,,
458,9,FREECAM_YAW,15.3,658582,20098.32763671875,1272,38.818359375,25.761006289308177,24,0.732421875,1248,38.0859375,0,0.0,0x2E6A0A0E,3069,1262,1081,11.98828125,4.9296875,4.22265625,1,0x14,0,0,0,1,0,1,0,1,0,0,,,,,,,,,,,,,,,,,,,,,,
459,9,FREECAM_YAW,15.333333333333334,659857,20137.237548828125,1275,38.909912109375,25.700392156862744,24,0.732421875,1251,38.177490234375,0,0.0,0x83B902EA,3069,1262,1081,11.98828125,4.9296875,4.22265625,1,0x16,1,1,0,1,0,1,0,1,0,0,38.14697265625,0.0,0.1220703125,18.310546875,3.021240234375,0.0,0.0,0.0,0.0,14.6484375,2.044677734375,0,0,0,0,0,0,0,0,0,0,0
460,9,FREECAM_YAW,15.366666666666667,661133,20176.177978515625,1276,38.9404296875,25.68025078369906,24,0.732421875,1251,38.177490234375,1,0.030517578125,0x926FA628,3069,1262,1081,11.98828125,4.9296875,4.22265625,1,0x14,0,0,0,1,0,1,0,1,0,0,,,,,,,,,,,,,,,,,,,,,,
461,9,FREECAM_YAW,15.4,662394,20214.66064453125,1261,38.482666015625,25.985725614591594,25,0.762939453125,1235,37.689208984375,1,0.030517578125,0x49EC8067,3069,1262,1081,11.98828125,4.9296875,4.22265625,1,0x14,0,0,0,1,0,1,0,1,0,0,,,,,,,,,,,,,,,,,,,,,,
462,9,FREECAM_YAW,15.433333333333334,663636,20252.5634765625,1242,37.90283203125,26.383252818035427,25,0.762939453125,1217,37.139892578125,0,0.0,0x299B9677,3069,1262,1081,11.98828125,4.9296875,4.22265625,1,0x14,0,0,0,1,0,1,0,1,0,0,,,,,,,,,,,,,,,,,,,,,,
463,9,FREECAM_YAW,15.466666666666667,664866,20290.10009765625,1230,37.53662109375,26.640650406504065,24,0.732421875,1205,36.773681640625,1,0.030517578125,0x9BDD0F89,3069,1262,1081,11.98828125,4.9296875,4.22265625,1,0x14,0,0,0,1,0,1,0,1,0,0,,,,,,,,,,,,,,,,,,,,,,
464,9,FREECAM_YAW,15.5,666084,20327.2705078125,1218,37.17041015625,26.90311986863711,25,0.762939453125,1192,36.376953125,1,0.030517578125,0xD178667F,3069,1262,1081,11.98828125,4.9296875,4.22265625,1,0x14,0,0,0,1,0,1,0,1,0,0,,,,,,,,,,,,,,,,,,,,,,
465,9,FREECAM_YAW,15.533333333333333,667245,20362.701416015625,1161,35.430908203125,28.223944875107666,24,0.732421875,1137,34.698486328125,0,0.0,0x44428AB8,3069,1262,1081,11.98828125,4.9296875,4.22265625,1,0x14,0,0,0,1,0,1,0,1,0,0,,,,,,,,,,,,,,,,,,,,,,
466,9,FREECAM_YAW,15.566666666666666,668313,20395.294189453125,1068,32.5927734375,30.681647940074907,24,0.732421875,1043,31.829833984375,1,0.030517578125,0x5A543504,3069,1262,1081,11.98828125,4.9296875,4.22265625,1,0x14,0,0,0,1,0,1,0,1,0,0,,,,,,,,,,,,,,,,,,,,,,
467,9,FREECAM_YAW,15.6,669384,20427.978515625,1071,32.684326171875,30.595704948646127,25,0.762939453125,1045,31.890869140625,1,0.030517578125,0x8890F534,3069,1262,1081,11.98828125,4.9296875,4.22265625,1,0x14,0,0,0,1,0,1,0,1,0,0,,,,,,,,,,,,,,,,,,,,,,
468,9,FREECAM_YAW,15.633333333333333,670459,20460.784912109375,1075,32.806396484375,30.48186046511628,25,0.762939453125,1049,32.012939453125,1,0.030517578125,0x07E496EE,3069,1262,1081,11.98828125,4.9296875,4.22265625,1,0x14,0,0,0,1,0,1,0,1,0,0,,,,,,,,,,,,,,,,,,,,,,
469,9,FREECAM_YAW,15.666666666666666,671545,20493.927001953125,1086,33.14208984375,30.173112338858196,25,0.762939453125,1061,32.379150390625,0,0.0,0x0E8CE62B,3069,1262,1081,11.98828125,4.9296875,4.22265625,1,0x14,0,0,0,1,0,1,0,1,0,0,,,,,,,,,,,,,,,,,,,,,,
470,9,FREECAM_YAW,15.7,672628,20526.9775390625,1083,33.050537109375,30.25669436749769,24,0.732421875,1059,32.318115234375,0,0.0,0x6C7F7CAB,3069,1262,1081,11.98828125,4.9296875,4.22265625,1,0x14,0,0,0,1,0,1,0,1,0,0,,,,,,,,,,,,,,,,,,,,,,
471,9,FREECAM_YAW,15.733333333333333,673704,20559.814453125,1076,32.8369140625,30.45353159851301,24,0.732421875,1051,32.073974609375,1,0.030517578125,0x1860A20C,3069,1262,1081,11.98828125,4.9296875,4.22265625,1,0x14,0,0,0,1,0,1,0,1,0,0,,,,,,,,,,,,,,,,,,,,,,
472,9,FREECAM_YAW,15.766666666666667,674778,20592.59033203125,1074,32.77587890625,30.51024208566108,25,0.762939453125,1048,31.982421875,1,0.030517578125,0x790CD07A,3069,1262,1081,11.98828125,4.9296875,4.22265625,1,0x14,0,0,0,1,0,1,0,1,0,0,,,,,,,,,,,,,,,,,,,,,,
473,9,FREECAM_YAW,15.8,675850,20625.30517578125,1072,32.71484375,30.567164179104477,25,0.762939453125,1047,31.951904296875,0,0.0,0xC44C36AE,3069,1262,1081,11.98828125,4.9296875,4.22265625,1,0x14,0,0,0,1,0,1,0,1,0,0,,,,,,,,,,,,,,,,,,,,,,
474,9,FREECAM_YAW,15.833333333333334,676947,20658.782958984375,1097,33.477783203125,29.870556061987237,25,0.762939453125,1071,32.684326171875,1,0.030517578125,0xF1AFE5AA,3069,1262,1081,11.98828125,4.9296875,4.22265625,1,0x14,0,0,0,1,0,1,0,1,0,0,,,,,,,,,,,,,,,,,,,,,,
475,9,FREECAM_YAW,15.866666666666667,678047,20692.352294921875,1100,33.5693359375,29.78909090909091,25,0.762939453125,1075,32.806396484375,0,0.0,0x5595FB91,3069,1262,1081,11.98828125,4.9296875,4.22265625,1,0x14,0,0,0,1,0,1,0,1,0,0,,,,,,,,,,,,,,,,,,,,,,
476,9,FREECAM_YAW,15.9,679254,20729.18701171875,1207,36.834716796875,27.148301574150786,24,0.732421875,1182,36.07177734375,1,0.030517578125,0x4E44351A,3069,1262,1081,11.98828125,4.9296875,4.22265625,1,0x14,0,0,0,1,0,1,0,1,0,0,,,,,,,,,,,,,,,,,,,,,,
477,9,FREECAM_YAW,15.933333333333334,680492,20766.9677734375,1238,37.78076171875,26.468497576736674,25,0.762939453125,1213,37.017822265625,0,0.0,0x1DE63F1A,3069,1262,1081,11.98828125,4.9296875,4.22265625,1,0x14,0,0,0,1,0,1,0,1,0,0,,,,,,,,,,,,,,,,,,,,,,
478,9,FREECAM_YAW,15.966666666666667,681754,20805.48095703125,1262,38.51318359375,25.96513470681458,24,0.732421875,1238,37.78076171875,0,0.0,0x61EB8F87,3069,1262,1081,11.98828125,4.9296875,4.22265625,1,0x14,0,0,0,1,0,1,0,1,0,0,,,,,,,,,,,,,,,,,,,,,,
479,9,FREECAM_YAW,16.0,683004,20843.6279296875,1250,38.14697265625,26.2144,24,0.732421875,1225,37.384033203125,1,0.030517578125,0x649F3B8F,3069,1262,1081,11.98828125,4.9296875,4.22265625,1,0x14,0,0,0,1,0,1,0,1,0,0,,,,,,,,,,,,,,,,,,,,,,
480,9,FREECAM_YAW,16.033333333333335,684276,20882.4462890625,1272,38.818359375,25.761006289308177,24,0.732421875,1247,38.055419921875,1,0.030517578125,0xD23C0287,3069,1262,1081,11.98828125,4.9296875,4.22265625,1,0x14,0,0,0,1,0,1,0,1,0,0,,,,,,,,,,,,,,,,,,,,,,
481,9,FREECAM_YAW,16.066666666666666,685546,20921.20361328125,1270,38.75732421875,25.801574803149606,24,0.732421875,1245,37.994384765625,1,0.030517578125,0x9BA00F04,3069,1262,1081,11.98828125,4.9296875,4.22265625,1,0x14,0,0,0,1,0,1,0,1,0,0,,,,,,,,,,,,,,,,,,,,,,
482,9,FREECAM_YAW,16.1,686790,20959.16748046875,1244,37.9638671875,26.340836012861736,25,0.762939453125,1219,37.200927734375,0,0.0,0x5905AEFB,3069,1262,1081,11.98828125,4.9296875,4.22265625,1,0x14,0,0,0,1,0,1,0,1,0,0,,,,,,,,,,,,,,,,,,,,,,
483,9,FREECAM_YAW,16.133333333333333,688044,20997.4365234375,1254,38.26904296875,26.130781499202552,24,0.732421875,1230,37.53662109375,0,0.0,0x1C3F4722,3069,1262,1081,11.98828125,4.9296875,4.22265625,1,0x14,0,0,0,1,0,1,0,1,0,0,,,,,,,,,,,,,,,,,,,,,,
484,9,FREECAM_YAW,16.166666666666668,689261,21034.576416015625,1217,37.139892578125,26.925225965488906,24,0.732421875,1193,36.407470703125,0,0.0,0x621C0819,3069,1262,1081,11.98828125,4.9296875,4.22265625,1,0x14,0,0,0,1,0,1,0,1,0,0,,,,,,,,,,,,,,,,,,,,,,
485,9,FREECAM_YAW,16.2,690471,21071.502685546875,1210,36.92626953125,27.08099173553719,24,0.732421875,1186,36.19384765625,0,0.0,0x3A0C8395,3069,1262,1081,11.98828125,4.9296875,4.22265625,1,0x14,0,0,0,1,0,1,0,1,0,0,,,,,,,,,,,,,,,,,,,,,,
486,9,FREECAM_YAW,16.233333333333334,691654,21107.60498046875,1183,36.102294921875,27.69907016060862,24,0.732421875,1159,35.369873046875,0,0.0,0x956E0910,3069,1262,1081,11.98828125,4.9296875,4.22265625,1,0x14,0,0,0,1,0,1,0,1,0,0,,,,,,,,,,,,,,,,,,,,,,
487,9,FREECAM_YAW,16.266666666666666,692832,21143.5546875,1178,35.94970703125,27.816638370118845,25,0.762939453125,1153,35.186767578125,0,0.0,0xF35E73A0,3069,1262,1081,11.98828125,4.9296875,4.22265625,1,0x14,0,0,0,1,0,1,0,1,0,0,,,,,,,,,,,,,,,,,,,,,,
488,9,FREECAM_YAW,16.3,693999,21179.168701171875,1167,35.614013671875,28.07883461868038,24,0.732421875,1143,34.881591796875,0,0.0,0x32C0D7EA,3069,1262,1081,11.98828125,4.9296875,4.22265625,1,0x14,0,0,0,1,0,1,0,1,0,0,,,,,,,,,,,,,,,,,,,,,,
489,9,FREECAM_YAW,16.333333333333332,694965,21208.648681640625,966,29.47998046875,33.92132505175984,24,0.732421875,942,28.74755859375,0,0.0,0x57C44DCC,3069,1262,1081,11.98828125,4.9296875,4.22265625,1,0x14,0,0,0,1,0,1,0,1,0,0,,,,,,,,,,,,,,,,,,,,,,
490,9,FREECAM_YAW,16.366666666666667,695908,21237.4267578125,943,28.778076171875,34.748674443266175,24,0.732421875,918,28.01513671875,1,0.030517578125,0x89168DA8,3069,1262,1081,11.98828125,4.9296875,4.22265625,1,0x14,0,0,0,1,0,1,0,1,0,0,,,,,,,,,,,,,,,,,,,,,,
491,9,FREECAM_YAW,16.4,696851,21266.204833984375,943,28.778076171875,34.748674443266175,25,0.762939453125,917,27.984619140625,1,0.030517578125,0xCB557735,3069,1262,1081,11.98828125,4.9296875,4.22265625,1,0x14,0,0,0,1,0,1,0,1,0,0,,,,,,,,,,,,,,,,,,,,,,
492,9,FREECAM_YAW,16.433333333333334,697793,21294.952392578125,942,28.74755859375,34.78556263269639,25,0.762939453125,917,27.984619140625,0,0.0,0x56F76AB7,3069,1262,1081,11.98828125,4.9296875,4.22265625,1,0x14,0,0,0,1,0,1,0,1,0,0,,,,,,,,,,,,,,,,,,,,,,
493,9,FREECAM_YAW,16.466666666666665,698759,21324.432373046875,966,29.47998046875,33.92132505175984,25,0.762939453125,941,28.717041015625,0,0.0,0x83E47B49,3069,1262,1081,11.98828125,4.9296875,4.22265625,1,0x14,0,0,0,1,0,1,0,1,0,0,,,,,,,,,,,,,,,,,,,,,,
494,9,FREECAM_YAW,16.5,699928,21360.107421875,1169,35.675048828125,28.030795551753634,25,0.762939453125,1143,34.881591796875,1,0.030517578125,0xB18646C1,3069,1262,1081,11.98828125,4.9296875,4.22265625,1,0x14,0,0,0,1,0,1,0,1,0,0,,,,,,,,,,,,,,,,,,,,,,
495,9,FREECAM_YAW,16.533333333333335,701104,21395.99609375,1176,35.888671875,27.86394557823129,25,0.762939453125,1151,35.125732421875,0,0.0,0x9119C7F9,3069,1262,1081,11.98828125,4.9296875,4.22265625,1,0x14,0,0,0,1,0,1,0,1,0,0,,,,,,,,,,,,,,,,,,,,,,
496,9,FREECAM_YAW,16.566666666666666,702303,21432.586669921875,1199,36.590576171875,27.329441201000833,24,0.732421875,1175,35.858154296875,0,0.0,0xF67F2C2F,3069,1262,1081,11.98828125,4.9296875,4.22265625,1,0x14,0,0,0,1,0,1,0,1,0,0,,,,,,,,,,,,,,,,,,,,,,
497,9,FREECAM_YAW,16.6,703513,21469.512939453125,1210,36.92626953125,27.08099173553719,25,0.762939453125,1185,36.163330078125,0,0.0,0x5DDFDFF8,3069,1262,1081,11.98828125,4.9296875,4.22265625,1,0x14,0,0,0,1,0,1,0,1,0,0,,,,,,,,,,,,,,,,,,,,,,
498,9,FREECAM_YAW,16.633333333333333,704732,21506.7138671875,1219,37.200927734375,26.88105004101723,25,0.762939453125,1193,36.407470703125,1,0.030517578125,0xAB06698E,3069,1262,1081,11.98828125,4.9296875,4.22265625,1,0x14,0,0,0,1,0,1,0,1,0,0,,,,,,,,,,,,,,,,,,,,,,
499,9,FREECAM_YAW,16.666666666666668,705988,21545.0439453125,1256,38.330078125,26.089171974522294,25,0.762939453125,1230,37.53662109375,1,0.030517578125,0x43E77967,3069,1262,1081,11.98828125,4.9296875,4.22265625,1,0x14,0,0,0,1,0,1,0,1,0,0,,,,,,,,,,,,,,,,,,,,,,
500,9,FREECAM_YAW,16.7,707243,21583.343505859375,1255,38.299560546875,26.10996015936255,25,0.762939453125,1230,37.53662109375,0,0.0,0x5CDADBC8,3069,1262,1081,11.98828125,4.9296875,4.22265625,1,0x14,0,0,0,1,0,1,0,1,0,0,,,,,,,,,,,,,,,,,,,,,,
501,9,FREECAM_YAW,16.733333333333334,708514,21622.13134765625,1271,38.787841796875,25.781274586939418,24,0.732421875,1246,38.02490234375,1,0.030517578125,0x6DF32D85,3069,1262,1081,11.98828125,4.9296875,4.22265625,1,0x14,0,0,0,1,0,1,0,1,0,0,,,,,,,,,,,,,,,,,,,,,,
502,9,FREECAM_YAW,16.766666666666666,709769,21660.430908203125,1255,38.299560546875,26.10996015936255,25,0.762939453125,1230,37.53662109375,0,0.0,0x5CDADBC8,3069,1262,1081,11.98828125,4.9296875,4.22265625,1,0x14,0,0,0,1,0,1,0,-1,0,0,,,,,,,,,,,,,,,,,,,,,,
503,9,FREECAM_YAW,16.8,711024,21698.73046875,1255,38.299560546875,26.10996015936255,24,0.732421875,1230,37.53662109375,1,0.030517578125,0x43E77967,3069,1262,1081,11.98828125,4.9296875,4.22265625,1,0x14,0,0,0,1,0,1,0,-1,0,0,,,,,,,,,,,,,,,,,,,,,,
504,9,FREECAM_YAW,16.833333333333332,712241,21735.870361328125,1217,37.139892578125,26.925225965488906,25,0.762939453125,1192,36.376953125,0,0.0,0xAB06698E,3069,1262,1081,11.98828125,4.9296875,4.22265625,1,0x14,0,0,0,1,0,1,0,-1,0,0,,,,,,,,,,,,,,,,,,,,,,
505,9,FREECAM_YAW,16.866666666666667,713451,21772.796630859375,1210,36.92626953125,27.08099173553719,25,0.762939453125,1185,36.163330078125,0,0.0,0x5DDFDFF8,3069,1262,1081,11.98828125,4.9296875,4.22265625,1,0x14,0,0,0,1,0,1,0,-1,0,0,,,,,,,,,,,,,,,,,,,,,,
506,9,FREECAM_YAW,16.9,714652,21809.4482421875,1201,36.651611328125,27.283930058284763,25,0.762939453125,1175,35.858154296875,1,0.030517578125,0xF67F2C2F,3069,1262,1081,11.98828125,4.9296875,4.22265625,1,0x14,0,0,0,1,0,1,0,-1,0,0,,,,,,,,,,,,,,,,,,,,,,
507,9,FREECAM_YAW,16.933333333333334,715829,21845.367431640625,1177,35.919189453125,27.840271877655056,25,0.762939453125,1151,35.125732421875,1,0.030517578125,0x9119C7F9,3069,1262,1081,11.98828125,4.9296875,4.22265625,1,0x14,0,0,0,1,0,1,0,-1,0,0,,,,,,,,,,,,,,,,,,,,,,
508,9,FREECAM_YAW,16.966666666666665,716998,21881.04248046875,1169,35.675048828125,28.030795551753634,25,0.762939453125,1143,34.881591796875,1,0.030517578125,0xB18646C1,3069,1262,1081,11.98828125,4.9296875,4.22265625,1,0x14,0,0,0,1,0,1,0,-1,0,0,,,,,,,,,,,,,,,,,,,,,,
509,9,FREECAM_YAW,17.0,717964,21910.5224609375,966,29.47998046875,33.92132505175984,25,0.762939453125,941,28.717041015625,0,0.0,0x83E47B49,3069,1262,1081,11.98828125,4.9296875,4.22265625,1,0x14,0,0,0,1,0,1,0,-1,0,0,,,,,,,,,,,,,,,,,,,,,,
510,9,FREECAM_YAW,17.033333333333335,718907,21939.300537109375,943,28.778076171875,34.748674443266175,25,0.762939453125,917,27.984619140625,1,0.030517578125,0x56F76AB7,3069,1262,1081,11.98828125,4.9296875,4.22265625,1,0x14,0,0,0,1,0,1,0,-1,0,0,,,,,,,,,,,,,,,,,,,,,,
511,9,FREECAM_YAW,17.066666666666666,719849,21968.048095703125,942,28.74755859375,34.78556263269639,25,0.762939453125,917,27.984619140625,0,0.0,0xCB557735,3069,1262,1081,11.98828125,4.9296875,4.22265625,1,0x14,0,0,0,1,0,1,0,-1,0,0,,,,,,,,,,,,,,,,,,,,,,
512,9,FREECAM_YAW,17.1,720792,21996.826171875,943,28.778076171875,34.748674443266175,24,0.732421875,918,28.01513671875,1,0.030517578125,0x89168DA8,3069,1262,1081,11.98828125,4.9296875,4.22265625,1,0x14,0,0,0,1,0,1,0,-1,0,0,,,,,,,,,,,,,,,,,,,,,,
513,9,FREECAM_YAW,17.133333333333333,721760,22026.3671875,968,29.541015625,33.85123966942149,25,0.762939453125,942,28.74755859375,1,0.030517578125,0x57C44DCC,3069,1262,1081,11.98828125,4.9296875,4.22265625,1,0x14,0,0,0,1,0,1,0,-1,0,0,,,,,,,,,,,,,,,,,,,,,,
514,9,FREECAM_YAW,17.166666666666668,722929,22062.042236328125,1169,35.675048828125,28.030795551753634,25,0.762939453125,1143,34.881591796875,1,0.030517578125,0x32C0D7EA,3069,1262,1081,11.98828125,4.9296875,4.22265625,1,0x14,0,0,0,1,0,1,0,-1,0,0,,,,,,,,,,,,,,,,,,,,,,
515,9,FREECAM_YAW,17.2,724106,22097.96142578125,1177,35.919189453125,27.840271877655056,25,0.762939453125,1152,35.15625,0,0.0,0xF35E73A0,3069,1262,1081,11.98828125,4.9296875,4.22265625,1,0x14,0,0,0,1,0,1,0,-1,0,0,,,,,,,,,,,,,,,,,,,,,,
516,9,FREECAM_YAW,17.233333333333334,725291,22134.124755859375,1185,36.163330078125,27.652320675105486,24,0.732421875,1160,35.400390625,1,0.030517578125,0x956E0910,3069,1262,1081,11.98828125,4.9296875,4.22265625,1,0x14,0,0,0,1,0,1,0,-1,0,0,,,,,,,,,,,,,,,,,,,,,,
517,9,FREECAM_YAW,17.266666666666666,726501,22171.051025390625,1210,36.92626953125,27.08099173553719,25,0.762939453125,1185,36.163330078125,0,0.0,0x3A0C8395,3069,1262,1081,11.98828125,4.9296875,4.22265625,1,0x14,0,0,0,1,0,1,0,-1,0,0,,,,,,,,,,,,,,,,,,,,,,
518,9,FREECAM_YAW,17.3,727720,22208.251953125,1219,37.200927734375,26.88105004101723,24,0.732421875,1194,36.43798828125,1,0.030517578125,0x621C0819,3069,1262,1081,11.98828125,4.9296875,4.22265625,1,0x14,0,0,0,1,0,1,0,-1,0,0,,,,,,,,,,,,,,,,,,,,,,
519,9,FREECAM_YAW,17.333333333333332,728974,22246.52099609375,1254,38.26904296875,26.130781499202552,25,0.762939453125,1229,37.506103515625,0,0.0,0x1C3F4722,3069,1262,1081,11.98828125,4.9296875,4.22265625,1,0x14,0,0,0,1,0,1,0,-1,0,0,,,,,,,,,,,,,,,,,,,,,,
520,9,FREECAM_YAW,17.366666666666667,730219,22284.515380859375,1245,37.994384765625,26.31967871485944,25,0.762939453125,1220,37.2314453125,0,0.0,0x5905AEFB,3069,1262,1081,11.98828125,4.9296875,4.22265625,1,0x14,0,0,0,1,0,1,0,-1,0,0,,,,,,,,,,,,,,,,,,,,,,
521,9,FREECAM_YAW,17.4,731489,22323.272705078125,1270,38.75732421875,25.801574803149606,24,0.732421875,1245,37.994384765625,1,0.030517578125,0x9BA00F04,3069,1262,1081,11.98828125,4.9296875,4.22265625,1,0x14,0,0,0,1,0,1,0,-1,0,0,,,,,,,,,,,,,,,,,,,,,,
522,9,FREECAM_YAW,17.433333333333334,732762,22362.12158203125,1273,38.848876953125,25.74076983503535,25,0.762939453125,1247,38.055419921875,1,0.030517578125,0xD23C0287,3069,1262,1081,11.98828125,4.9296875,4.22265625,1,0x14,0,0,0,1,0,1,0,-1,0,0,,,,,,,,,,,,,,,,,,,,,,
523,9,FREECAM_YAW,17.466666666666665,734013,22400.299072265625,1251,38.177490234375,26.193445243804955,25,0.762939453125,1225,37.384033203125,1,0.030517578125,0x649F3B8F,3069,1262,1081,11.98828125,4.9296875,4.22265625,1,0x14,0,0,0,1,0,1,0,-1,0,0,,,,,,,,,,,,,,,,,,,,,,
524,9,FREECAM_YAW,17.5,735277,22438.873291015625,1264,38.57421875,25.924050632911392,25,0.762939453125,1238,37.78076171875,1,0.030517578125,0x61EB8F87,3069,1262,1081,11.98828125,4.9296875,4.22265625,1,0x14,0,0,0,1,0,1,0,-1,0,0,,,,,,,,,,,,,,,,,,,,,,
525,9,FREECAM_YAW,17.533333333333335,736515,22476.654052734375,1238,37.78076171875,26.468497576736674,25,0.762939453125,1213,37.017822265625,0,0.0,0x1DE63F1A,3069,1262,1081,11.98828125,4.9296875,4.22265625,1,0x14,0,0,0,1,0,1,0,-1,0,0,,,,,,,,,,,,,,,,,,,,,,
526,9,FREECAM_YAW,17.566666666666666,737722,22513.48876953125,1207,36.834716796875,27.148301574150786,24,0.732421875,1182,36.07177734375,1,0.030517578125,0x4E44351A,3069,1262,1081,11.98828125,4.9296875,4.22265625,1,0x14,0,0,0,1,0,1,0,-1,0,0,,,,,,,,,,,,,,,,,,,,,,
527,9,FREECAM_YAW,17.6,738821,22547.027587890625,1099,33.538818359375,29.816196542311193,25,0.762939453125,1074,32.77587890625,0,0.0,0x5595FB91,3069,1262,1081,11.98828125,4.9296875,4.22265625,1,0x14,0,0,0,1,0,1,0,-1,0,0,,,,,,,,,,,,,,,,,,,,,,
528,9,FREECAM_YAW,17.633333333333333,739915,22580.413818359375,1094,33.38623046875,29.952468007312614,24,0.732421875,1070,32.65380859375,0,0.0,0xF1AFE5AA,3069,1262,1081,11.98828125,4.9296875,4.22265625,1,0x14,0,0,0,1,0,1,0,-1,0,0,,,,,,,,,,,,,,,,,,,,,,
529,9,FREECAM_YAW,17.666666666666668,740987,22613.128662109375,1072,32.71484375,30.567164179104477,24,0.732421875,1048,31.982421875,0,0.0,0xC44C36AE,3069,1262,1081,11.98828125,4.9296875,4.22265625,1,0x14,0,0,0,1,0,1,0,-1,0,0,,,,,,,,,,,,,,,,,,,,,,
530,9,FREECAM_YAW,17.7,742060,22645.8740234375,1073,32.745361328125,30.538676607642124,24,0.732421875,1048,31.982421875,1,0.030517578125,0x790CD07A,3069,1262,1081,11.98828125,4.9296875,4.22265625,1,0x14,0,0,0,1,0,1,0,-1,0,0,,,,,,,,,,,,,,,,,,,,,,
531,9,FREECAM_YAW,17.733333333333334,743135,22678.680419921875,1075,32.806396484375,30.48186046511628,25,0.762939453125,1050,32.04345703125,0,0.0,0x1860A20C,3069,1262,1081,11.98828125,4.9296875,4.22265625,1,0x14,0,0,0,1,0,1,0,-1,0,0,,,,,,,,,,,,,,,,,,,,,,
532,9,FREECAM_YAW,17.766666666666666,744219,22711.761474609375,1084,33.0810546875,30.228782287822877,25,0.762939453125,1059,32.318115234375,0,0.0,0x6C7F7CAB,3069,1262,1081,11.98828125,4.9296875,4.22265625,1,0x14,0,0,0,1,0,1,0,-1,0,0,,,,,,,,,,,,,,,,,,,,,,
533,9,FREECAM_YAW,17.8,745305,22744.903564453125,1086,33.14208984375,30.173112338858196,25,0.762939453125,1061,32.379150390625,0,0.0,0x0E8CE62B,3069,1262,1081,11.98828125,4.9296875,4.22265625,1,0x14,0,0,0,1,0,1,0,-1,0,0,,,,,,,,,,,,,,,,,,,,,,
534,9,FREECAM_YAW,17.833333333333332,746378,22777.64892578125,1073,32.745361328125,30.538676607642124,24,0.732421875,1049,32.012939453125,0,0.0,0x07E496EE,3069,1262,1081,11.98828125,4.9296875,4.22265625,1,0x14,0,0,0,1,0,1,0,-1,0,0,,,,,,,,,,,,,,,,,,,,,,
535,9,FREECAM_YAW,17.866666666666667,747448,22810.302734375,1070,32.65380859375,30.624299065420562,24,0.732421875,1045,31.890869140625,1,0.030517578125,0x8890F534,3069,1262,1081,11.98828125,4.9296875,4.22265625,1,0x14,0,0,0,1,0,1,0,-1,0,0,,,,,,,,,,,,,,,,,,,,,,
536,9,FREECAM_YAW,17.9,748517,22842.926025390625,1069,32.623291015625,30.652946679139383,25,0.762939453125,1043,31.829833984375,1,0.030517578125,0x5A543504,3069,1262,1081,11.98828125,4.9296875,4.22265625,1,0x14,0,0,0,1,0,1,0,-1,0,0,,,,,,,,,,,,,,,,,,,,,,
537,9,FREECAM_YAW,17.933333333333334,749680,22878.41796875,1163,35.491943359375,28.175408426483234,25,0.762939453125,1137,34.698486328125,1,0.030517578125,0x44428AB8,3069,1262,1081,11.98828125,4.9296875,4.22265625,1,0x14,0,0,0,1,0,1,0,-1,0,0,,,,,,,,,,,,,,,,,,,,,,
538,9,FREECAM_YAW,17.966666666666665,750897,22915.557861328125,1217,37.139892578125,26.925225965488906,25,0.762939453125,1192,36.376953125,0,0.0,0xD178667F,3069,1262,1081,11.98828125,4.9296875,4.22265625,1,0x14,0,0,0,1,0,1,0,-1,0,0,,,,,,,,,,,,,,,,,,,,,,
539,9,FREECAM_YAW,18.0,752127,22953.094482421875,1230,37.53662109375,26.640650406504065,24,0.732421875,1205,36.773681640625,1,0.030517578125,0x9BDD0F89,3069,1262,1081,11.98828125,4.9296875,4.22265625,1,0x14,0,0,0,1,0,1,0,-1,0,0,,,,,,,,,,,,,,,,,,,,,,
540,9,FREECAM_YAW,18.033333333333335,753369,22990.997314453125,1242,37.90283203125,26.383252818035427,25,0.762939453125,1217,37.139892578125,0,0.0,0x299B9677,3069,1262,1081,11.98828125,4.9296875,4.22265625,1,0x14,0,0,0,1,0,1,0,-1,0,0,,,,,,,,,,,,,,,,,,,,,,
541,9,FREECAM_YAW,18.066666666666666,754629,23029.449462890625,1260,38.4521484375,26.006349206349206,24,0.732421875,1235,37.689208984375,1,0.030517578125,0x49EC8067,3069,1262,1081,11.98828125,4.9296875,4.22265625,1,0x14,0,0,0,1,0,1,0,-1,0,0,,,,,,,,,,,,,,,,,,,,,,
542,9,FREECAM_YAW,18.1,755906,23068.42041015625,1277,38.970947265625,25.660140955364135,25,0.762939453125,1251,38.177490234375,1,0.030517578125,0x926FA628,3069,1262,1081,11.98828125,4.9296875,4.22265625,1,0x14,0,0,0,1,0,1,0,-1,0,0,,,,,,,,,,,,,,,,,,,,,,
543,9,FREECAM_YAW,18.133333333333333,757183,23107.391357421875,1277,38.970947265625,25.660140955364135,25,0.762939453125,1251,38.177490234375,1,0.030517578125,0x83B902EA,3069,1262,1081,11.98828125,4.9296875,4.22265625,1,0x14,0,0,0,1,0,1,0,-1,0,0,,,,,,,,,,,,,,,,,,,,,,
544,9,FREECAM_YAW,18.166666666666668,758457,23146.270751953125,1274,38.87939453125,25.72056514913658,25,0.762939453125,1248,38.0859375,1,0.030517578125,0x2E6A0A0E,3069,1262,1081,11.98828125,4.9296875,4.22265625,1,0x14,0,0,0,1,0,1,0,-1,0,0,,,,,,,,,,,,,,,,,,,,,,
545,9,FREECAM_YAW,18.2,759716,23184.6923828125,1259,38.421630859375,26.027005559968227,25,0.762939453125,1234,37.65869140625,0,0.0,0x288A2C51,3069,1262,1081,11.98828125,4.9296875,4.22265625,1,0x14,0,0,0,1,0,1,0,-1,0,0,,,,,,,,,,,,,,,,,,,,,,
546,9,FREECAM_YAW,18.233333333333334,760959,23222.625732421875,1243,37.933349609375,26.362027353177794,24,0.732421875,1218,37.17041015625,1,0.030517578125,0x0BBF162F,3069,1262,1081,11.98828125,4.9296875,4.22265625,1,0x14,0,0,0,1,0,1,0,-1,0,0,,,,,,,,,,,,,,,,,,,,,,
547,9,FREECAM_YAW,18.266666666666666,762188,23260.1318359375,1229,37.506103515625,26.66232709519935,25,0.762939453125,1203,36.712646484375,1,0.030517578125,0x738F6485,3069,1262,1081,11.98828125,4.9296875,4.22265625,1,0x14,0,0,0,1,0,1,0,-1,0,0,,,,,,,,,,,,,,,,,,,,,,
548,9,FREECAM_YAW,18.3,763381,23296.539306640625,1193,36.407470703125,27.466890192791283,25,0.762939453125,1168,35.64453125,0,0.0,0x2E1DABB5,3069,1262,1081,11.98828125,4.9296875,4.22265625,1,0x14,0,0,0,1,0,1,0,-1,0,0,,,,,,,,,,,,,,,,,,,,,,
549,9,FREECAM_YAW,18.333333333333332,764545,23332.061767578125,1164,35.5224609375,28.151202749140893,24,0.732421875,1139,34.759521484375,1,0.030517578125,0x8BBE58C6,3069,1262,1081,11.98828125,4.9296875,4.22265625,1,0x14,0,0,0,1,0,1,0,-1,0,0,,,,,,,,,,,,,,,,,,,,,,
550,9,FREECAM_YAW,18.366666666666667,765701,23367.340087890625,1156,35.2783203125,28.346020761245676,25,0.762939453125,1131,34.515380859375,0,0.0,0x3F7972FA,3069,1262,1081,11.98828125,4.9296875,4.22265625,1,0x14,0,0,0,1,0,1,0,-1,0,0,,,,,,,,,,,,,,,,,,,,,,
551,9,FREECAM_YAW,18.4,766738,23398.98681640625,1037,31.646728515625,31.59884281581485,24,0.732421875,1012,30.8837890625,1,0.030517578125,0x198020E6,3069,1262,1081,11.98828125,4.9296875,4.22265625,1,0x14,0,0,0,1,0,1,0,-1,0,0,,,,,,,,,,,,,,,,,,,,,,
552,9,FREECAM_YAW,18.433333333333334,767776,23430.6640625,1038,31.67724609375,31.56840077071291,25,0.762939453125,1012,30.8837890625,1,0.030517578125,0x60A33A9C,3069,1262,1081,11.98828125,4.9296875,4.22265625,1,0x14,0,0,0,1,0,1,0,-1,0,0,,,,,,,,,,,,,,,,,,,,,,
553,9,FREECAM_YAW,18.466666666666665,768719,23459.442138671875,943,28.778076171875,34.748674443266175,25,0.762939453125,917,27.984619140625,1,0.030517578125,0xBF360EA3,3069,1262,1081,11.98828125,4.9296875,4.22265625,1,0x14,0,0,0,1,0,1,0,-1,0,0,,,,,,,,,,,,,,,,,,,,,,
554,9,FREECAM_YAW,18.5,769662,23488.22021484375,943,28.778076171875,34.748674443266175,25,0.762939453125,917,27.984619140625,1,0.030517578125,0xFFCB4259,3069,1262,1081,11.98828125,4.9296875,4.22265625,1,0x14,0,0,0,1,0,1,0,-1,0,0,,,,,,,,,,,,,,,,,,,,,,
555,9,FREECAM_YAW,18.533333333333335,770605,23516.998291015625,943,28.778076171875,34.748674443266175,25,0.762939453125,917,27.984619140625,1,0.030517578125,0x3DDA4090,3069,1262,1081,11.98828125,4.9296875,4.22265625,1,0x14,0,0,0,1,0,1,0,-1,0,0,,,,,,,,,,,,,,,,,,,,,,
556,9,FREECAM_YAW,18.566666666666666,771641,23548.614501953125,1036,31.6162109375,31.62934362934363,25,0.762939453125,1011,30.853271484375,0,0.0,0x646433BE,3069,1262,1081,11.98828125,4.9296875,4.22265625,1,0x14,0,0,0,1,0,1,0,-1,0,0,,,,,,,,,,,,,,,,,,,,,,
557,9,FREECAM_YAW,18.6,772702,23580.99365234375,1061,32.379150390625,30.88407163053723,25,0.762939453125,1035,31.585693359375,1,0.030517578125,0x0DC77C76,3069,1262,1081,11.98828125,4.9296875,4.22265625,1,0x14,0,0,0,1,0,1,0,-1,0,0,,,,,,,,,,,,,,,,,,,,,,
558,9,FREECAM_YAW,18.633333333333333,773865,23616.485595703125,1163,35.491943359375,28.175408426483234,25,0.762939453125,1137,34.698486328125,1,0.030517578125,0xD2CB2DFC,3069,1262,1081,11.98828125,4.9296875,4.22265625,1,0x14,0,0,0,1,0,1,0,-1,0,0,,,,,,,,,,,,,,,,,,,,,,
559,9,FREECAM_YAW,18.666666666666668,775053,23652.740478515625,1188,36.2548828125,27.58249158249158,25,0.762939453125,1163,35.491943359375,0,0.0,0x70927F5D,3069,1262,1081,11.98828125,4.9296875,4.22265625,1,0x14,0,0,0,1,0,1,0,-1,0,0,,,,,,,,,,,,,,,,,,,,,,
560,9,FREECAM_YAW,18.7,776277,23690.093994140625,1224,37.353515625,26.77124183006536,25,0.762939453125,1198,36.56005859375,1,0.030517578125,0x042130CE,3069,1262,1081,11.98828125,4.9296875,4.22265625,1,0x14,0,0,0,1,0,1,0,-1,0,0,,,,,,,,,,,,,,,,,,,,,,
561,9,FREECAM_YAW,18.733333333333334,777517,23727.935791015625,1240,37.841796875,26.425806451612903,25,0.762939453125,1214,37.04833984375,1,0.030517578125,0xFF8769B6,3069,1262,1081,11.98828125,4.9296875,4.22265625,1,0x14,0,0,0,1,0,1,0,-1,0,0,,,,,,,,,,,,,,,,,,,,,,
562,9,FREECAM_YAW,18.766666666666666,778772,23766.2353515625,1255,38.299560546875,26.10996015936255,25,0.762939453125,1230,37.53662109375,0,0.0,0xC113AF95,3069,1262,1081,11.98828125,4.9296875,4.22265625,1,0x14,0,0,0,1,0,1,0,-1,0,0,,,,,,,,,,,,,,,,,,,,,,
563,9,FREECAM_YAW,18.8,780047,23805.145263671875,1275,38.909912109375,25.700392156862744,25,0.762939453125,1250,38.14697265625,0,0.0,0xA2A40271,3069,1262,1081,11.98828125,4.9296875,4.22265625,1,0x14,0,0,0,1,0,1,0,-1,0,0,,,,,,,,,,,,,,,,,,,,,,
564,9,FREECAM_YAW,18.833333333333332,781321,23844.024658203125,1274,38.87939453125,25.72056514913658,25,0.762939453125,1249,38.116455078125,0,0.0,0x53C02975,3069,1262,1081,11.98828125,4.9296875,4.22265625,1,0x14,0,0,0,1,0,1,0,-1,0,0,,,,,,,,,,,,,,,,,,,,,,
565,9,FREECAM_YAW,18.866666666666667,782596,23882.9345703125,1275,38.909912109375,25.700392156862744,25,0.762939453125,1250,38.14697265625,0,0.0,0xD6FA1B1C,3069,1262,1081,11.98828125,4.9296875,4.22265625,1,0x1C,0,0,0,1,1,1,0,-1,0,0,,,,,,,,,,,,,,,,,,,,,,
566,10,FREECAM_3D,18.9,783881,23922.149658203125,1285,39.215087890625,25.500389105058368,26,0.79345703125,1259,38.421630859375,0,0.0,0x97B6A86E,3069,1262,1081,11.98828125,4.9296875,4.22265625,1,0x14,0,0,0,1,0,1,0,0,1,0,,,,,,,,,,,,,,,,,,,,,,
567,10,FREECAM_3D,18.933333333333334,785210,23962.70751953125,1329,40.557861328125,24.656132430398795,25,0.762939453125,1304,39.794921875,0,0.0,0xB16D2C2A,3069,1262,1081,11.98828125,4.9296875,4.22265625,1,0x14,0,0,0,1,0,1,0,0,1,0,,,,,,,,,,,,,,,,,,,,,,
568,10,FREECAM_3D,18.966666666666665,786543,24003.387451171875,1333,40.679931640625,24.582145536384097,26,0.79345703125,1306,39.85595703125,1,0.030517578125,0x99232FBD,3069,1262,1081,11.98828125,4.9296875,4.22265625,1,0x14,0,0,0,1,0,1,0,0,1,0,,,,,,,,,,,,,,,,,,,,,,
569,10,FREECAM_3D,19.0,787887,24044.403076171875,1344,41.015625,24.38095238095238,26,0.79345703125,1318,40.22216796875,0,0.0,0x87F93679,3069,1262,1081,11.98828125,4.9296875,4.22265625,1,0x14,0,0,0,1,0,1,0,0,1,0,,,,,,,,,,,,,,,,,,,,,,
570,10,FREECAM_3D,19.033333333333335,789249,24085.968017578125,1362,41.56494140625,24.058737151248163,26,0.79345703125,1336,40.771484375,0,0.0,0x58F5109B,3069,1262,1081,11.98828125,4.9296875,4.22265625,1,0x14,0,0,0,1,0,1,0,0,1,0,,,,,,,,,,,,,,,,,,,,,,
571,10,FREECAM_3D,19.066666666666666,790622,24127.86865234375,1373,41.900634765625,23.86598689002185,25,0.762939453125,1348,41.1376953125,0,0.0,0xAE96CAD8,3069,1262,1081,11.98828125,4.9296875,4.22265625,1,0x14,0,0,0,1,0,1,0,0,1,0,,,,,,,,,,,,,,,,,,,,,,
572,10,FREECAM_3D,19.1,792011,24170.257568359375,1389,42.388916015625,23.591072714182864,25,0.762939453125,1363,41.595458984375,1,0.030517578125,0xA3747F26,3069,1262,1081,11.98828125,4.9296875,4.22265625,1,0x14,0,0,0,1,0,1,0,0,1,0,,,,,,,,,,,,,,,,,,,,,,
573,10,FREECAM_3D,19.133333333333333,793412,24213.0126953125,1401,42.755126953125,23.38900785153462,26,0.79345703125,1375,41.961669921875,0,0.0,0xC7FFADCF,3069,1262,1081,11.98828125,4.9296875,4.22265625,1,0x14,0,0,0,1,0,1,0,0,1,0,,,,,,,,,,,,,,,,,,,,,,
574,10,FREECAM_3D,19.166666666666668,794828,24256.2255859375,1416,43.212890625,23.141242937853107,26,0.79345703125,1389,42.388916015625,1,0.030517578125,0xA44C425B,3069,1262,1081,11.98828125,4.9296875,4.22265625,1,0x14,0,0,0,1,0,1,0,0,1,0,,,,,,,,,,,,,,,,,,,,,,
575,10,FREECAM_3D,19.2,796248,24299.560546875,1420,43.3349609375,23.07605633802817,26,0.79345703125,1394,42.54150390625,0,0.0,0xF20D7777,3069,1262,1081,11.98828125,4.9296875,4.22265625,1,0x14,0,0,0,1,0,1,0,0,1,0,,,,,,,,,,,,,,,,,,,,,,
576,10,FREECAM_3D,19.233333333333334,797666,24342.83447265625,1418,43.27392578125,23.108603667136812,25,0.762939453125,1392,42.48046875,1,0.030517578125,0x1D68886C,3069,1262,1081,11.98828125,4.9296875,4.22265625,1,0x14,0,0,0,1,0,1,0,0,1,0,,,,,,,,,,,,,,,,,,,,,,
577,10,FREECAM_3D,19.266666666666666,798991,24383.270263671875,1325,40.435791015625,24.730566037735848,26,0.79345703125,1299,39.642333984375,0,0.0,0x65DFB05A,3069,1262,1081,11.98828125,4.9296875,4.22265625,1,0x14,0,0,0,1,0,1,0,0,1,0,,,,,,,,,,,,,,,,,,,,,,
578,10,FREECAM_3D,19.3,800334,24424.25537109375,1343,40.985107421875,24.399106478034252,26,0.79345703125,1317,40.191650390625,0,0.0,0x7EDEF92F,3069,1262,1081,11.98828125,4.9296875,4.22265625,1,0x14,0,0,0,1,0,1,0,0,1,0,,,,,,,,,,,,,,,,,,,,,,
579,10,FREECAM_3D,19.333333333333332,801576,24462.158203125,1242,37.90283203125,26.383252818035427,26,0.79345703125,1215,37.078857421875,1,0.030517578125,0x4310EEA4,3069,1262,1081,11.98828125,4.9296875,4.22265625,1,0x14,0,0,0,1,0,1,0,0,1,0,,,,,,,,,,,,,,,,,,,,,,
580,10,FREECAM_3D,19.366666666666667,802815,24499.969482421875,1239,37.811279296875,26.447134786117836,26,0.79345703125,1212,36.9873046875,1,0.030517578125,0x757DE4F2,3069,1262,1081,11.98828125,4.9296875,4.22265625,1,0x14,0,0,0,1,0,1,0,0,1,0,,,,,,,,,,,,,,,,,,,,,,
581,10,FREECAM_3D,19.4,804032,24537.109375,1217,37.139892578125,26.925225965488906,26,0.79345703125,1191,36.346435546875,0,0.0,0x7496D160,3069,1262,1081,11.98828125,4.9296875,4.22265625,1,0x14,0,0,0,1,0,1,0,0,1,0,,,,,,,,,,,,,,,,,,,,,,
582,10,FREECAM_3D,19.433333333333334,805247,24574.188232421875,1215,37.078857421875,26.96954732510288,25,0.762939453125,1189,36.285400390625,1,0.030517578125,0x0F828D67,3069,1262,1081,11.98828125,4.9296875,4.22265625,1,0x14,0,0,0,1,0,1,0,0,1,0,,,,,,,,,,,,,,,,,,,,,,
583,10,FREECAM_3D,19.466666666666665,806459,24611.175537109375,1212,36.9873046875,27.036303630363037,26,0.79345703125,1186,36.19384765625,0,0.0,0x75381BF2,3069,1262,1081,11.98828125,4.9296875,4.22265625,1,0x14,0,0,0,1,0,1,0,0,1,0,,,,,,,,,,,,,,,,,,,,,,
584,10,FREECAM_3D,19.5,807668,24648.0712890625,1209,36.895751953125,27.10339123242349,25,0.762939453125,1184,36.1328125,0,0.0,0xBA858160,3069,1262,1081,11.98828125,4.9296875,4.22265625,1,0x14,0,0,0,1,0,1,0,0,1,0,,,,,,,,,,,,,,,,,,,,,,
585,10,FREECAM_3D,19.533333333333335,808874,24684.87548828125,1206,36.80419921875,27.170812603648425,25,0.762939453125,1181,36.041259765625,0,0.0,0x301ECFFF,3069,1262,1081,11.98828125,4.9296875,4.22265625,1,0x14,0,0,0,1,0,1,0,0,1,0,,,,,,,,,,,,,,,,,,,,,,
586,10,FREECAM_3D,19.566666666666666,810077,24721.588134765625,1203,36.712646484375,27.238570241064007,25,0.762939453125,1178,35.94970703125,0,0.0,0x1CAD1FE7,3069,1262,1081,11.98828125,4.9296875,4.22265625,1,0x14,0,0,0,1,0,1,0,0,1,0,,,,,,,,,,,,,,,,,,,,,,
587,10,FREECAM_3D,19.6,811275,24758.148193359375,1198,36.56005859375,27.352253756260435,25,0.762939453125,1172,35.7666015625,1,0.030517578125,0x125C255F,3069,1262,1081,11.98828125,4.9296875,4.22265625,1,0x14,0,0,0,1,0,1,0,0,1,0,,,,,,,,,,,,,,,,,,,,,,
588,10,FREECAM_3D,19.633333333333333,812472,24794.677734375,1197,36.529541015625,27.375104427736005,26,0.79345703125,1170,35.70556640625,1,0.030517578125,0x351999EE,3069,1262,1081,11.98828125,4.9296875,4.22265625,1,0x14,0,0,0,1,0,1,0,0,1,0,,,,,,,,,,,,,,,,,,,,,,
589,10,FREECAM_3D,19.666666666666668,813746,24833.55712890625,1274,38.87939453125,25.72056514913658,26,0.79345703125,1248,38.0859375,0,0.0,0xAC17D57C,3069,1262,1081,11.98828125,4.9296875,4.22265625,1,0x14,0,0,0,1,0,1,0,0,1,0,,,,,,,,,,,,,,,,,,,,,,
590,10,FREECAM_3D,19.7,815022,24872.49755859375,1276,38.9404296875,25.68025078369906,26,0.79345703125,1250,38.14697265625,0,0.0,0x9AB97DEB,3069,1262,1081,11.98828125,4.9296875,4.22265625,1,0x14,0,0,0,1,0,1,0,0,1,0,,,,,,,,,,,,,,,,,,,,,,
591,10,FREECAM_3D,19.733333333333334,816529,24918.487548828125,1507,45.989990234375,21.74386197743862,25,0.762939453125,1482,45.22705078125,0,0.0,0x9F0DFB31,3069,1262,1081,11.98828125,4.9296875,4.22265625,1,0x14,0,0,0,1,0,1,0,0,1,0,,,,,,,,,,,,,,,,,,,,,,
592,10,FREECAM_3D,19.766666666666666,818048,24964.84375,1519,46.356201171875,21.57208689927584,25,0.762939453125,1494,45.59326171875,0,0.0,0x71DCCEE5,3069,1262,1081,11.98828125,4.9296875,4.22265625,1,0x14,0,0,0,1,0,1,0,0,1,0,,,,,,,,,,,,,,,,,,,,,,
593,10,FREECAM_3D,19.8,819575,25011.444091796875,1527,46.600341796875,21.459070072036674,26,0.79345703125,1500,45.7763671875,1,0.030517578125,0xA5FAE12A,3069,1262,1081,11.98828125,4.9296875,4.22265625,1,0x14,0,0,0,1,0,1,0,0,1,0,,,,,,,,,,,,,,,,,,,,,,
594,10,FREECAM_3D,19.833333333333332,821152,25059.5703125,1577,48.126220703125,20.77869372225745,26,0.79345703125,1550,47.30224609375,1,0.030517578125,0xA5318462,3069,1262,1081,11.98828125,4.9296875,4.22265625,1,0x14,0,0,0,1,0,1,0,0,1,0,,,,,,,,,,,,,,,,,,,,,,
595,10,FREECAM_3D,19.866666666666667,822743,25108.123779296875,1591,48.553466796875,20.595851665619108,26,0.79345703125,1564,47.7294921875,1,0.030517578125,0x0F056F37,3069,1262,1081,11.98828125,4.9296875,4.22265625,1,0x14,0,0,0,1,0,1,0,0,1,0,,,,,,,,,,,,,,,,,,,,,,
596,10,FREECAM_3D,19.9,824359,25157.440185546875,1616,49.31640625,20.277227722772277,26,0.79345703125,1590,48.52294921875,0,0.0,0x3DD7AA69,3069,1262,1081,11.98828125,4.9296875,4.22265625,1,0x14,0,0,0,1,0,1,0,0,1,0,,,,,,,,,,,,,,,,,,,,,,
597,10,FREECAM_3D,19.933333333333334,826022,25208.19091796875,1663,50.750732421875,19.70414912808178,25,0.762939453125,1637,49.957275390625,1,0.030517578125,0xE75BFEC1,3069,1262,1081,11.98828125,4.9296875,4.22265625,1,0x14,0,0,0,1,0,1,0,0,1,0,,,,,,,,,,,,,,,,,,,,,,
598,10,FREECAM_3D,19.966666666666665,827749,25260.894775390625,1727,52.703857421875,18.97394325419803,26,0.79345703125,1700,51.8798828125,1,0.030517578125,0xD5D21860,3069,1262,1081,11.98828125,4.9296875,4.22265625,1,0x14,0,0,0,1,0,1,0,0,1,0,,,,,,,,,,,,,,,,,,,,,,
599,10,FREECAM_3D,20.0,829502,25314.39208984375,1753,53.497314453125,18.69252709640616,26,0.79345703125,1727,52.703857421875,0,0.0,0x95EDCE06,3069,1262,1081,11.98828125,4.9296875,4.22265625,1,0x14,0,0,0,1,0,1,0,0,1,0,,,,,,,,,,,,,,,,,,,,,,
600,10,FREECAM_3D,20.033333333333335,831301,25369.293212890625,1799,54.901123046875,18.21456364647026,25,0.762939453125,1774,54.13818359375,0,0.0,0x63CE50E1,3069,1262,1081,11.98828125,4.9296875,4.22265625,1,0x14,0,0,0,1,0,1,0,0,1,0,,,,,,,,,,,,,,,,,,,,,,
601,10,FREECAM_3D,20.066666666666666,833157,25425.933837890625,1856,56.640625,17.655172413793103,25,0.762939453125,1831,55.877685546875,0,0.0,0x6BFB6151,3069,1262,1081,11.98828125,4.9296875,4.22265625,1,0x14,0,0,0,1,0,1,0,0,1,0,,,,,,,,,,,,,,,,,,,,,,
602,10,FREECAM_3D,20.1,835039,25483.367919921875,1882,57.43408203125,17.41126461211477,25,0.762939453125,1856,56.640625,1,0.030517578125,0xBC1EDF23,3069,1262,1081,11.98828125,4.9296875,4.22265625,1,0x14,0,0,0,1,0,1,0,0,1,0,,,,,,,,,,,,,,,,,,,,,,
603,10,FREECAM_3D,20.133333333333333,836948,25541.6259765625,1909,58.258056640625,17.165007857517026,26,0.79345703125,1882,57.43408203125,1,0.030517578125,0xF7C30E54,3069,1262,1081,11.98828125,4.9296875,4.22265625,1,0x14,0,0,0,1,0,1,0,0,1,0,,,,,,,,,,,,,,,,,,,,,,
604,10,FREECAM_3D,20.166666666666668,838867,25600.189208984375,1919,58.563232421875,17.075560187597706,26,0.79345703125,1893,57.769775390625,0,0.0,0x4540FC6A,3069,1262,1081,11.98828125,4.9296875,4.22265625,1,0x14,0,0,0,1,0,1,0,0,1,0,,,,,,,,,,,,,,,,,,,,,,
605,10,FREECAM_3D,20.2,840815,25659.637451171875,1948,59.4482421875,16.82135523613963,26,0.79345703125,1922,58.65478515625,0,0.0,0x06815C15,3069,1262,1081,11.98828125,4.9296875,4.22265625,1,0x14,0,0,0,1,0,1,0,0,1,0,,,,,,,,,,,,,,,,,,,,,,
606,10,FREECAM_3D,20.233333333333334,842794,25720.03173828125,1979,60.394287109375,16.557857503789794,25,0.762939453125,1953,59.600830078125,1,0.030517578125,0x7CE2CE39,3069,1262,1081,11.98828125,4.9296875,4.22265625,1,0x14,0,0,0,1,0,1,0,0,1,0,,,,,,,,,,,,,,,,,,,,,,
607,10,FREECAM_3D,20.266666666666666,844798,25781.18896484375,2004,61.1572265625,16.35129740518962,26,0.79345703125,1978,60.36376953125,0,0.0,0x0BF6A32B,3069,1262,1081,11.98828125,4.9296875,4.22265625,1,0x14,0,0,0,1,0,1,0,0,1,0,,,,,,,,,,,,,,,,,,,,,,
608,10,FREECAM_3D,20.3,846814,25842.71240234375,2016,61.5234375,16.253968253968253,25,0.762939453125,1991,60.760498046875,0,0.0,0xD06752C8,3069,1262,1081,11.98828125,4.9296875,4.22265625,1,0x14,0,0,0,1,0,1,0,0,1,0,,,,,,,,,,,,,,,,,,,,,,
609,10,FREECAM_3D,20.333333333333332,848889,25906.036376953125,2075,63.323974609375,15.791807228915662,25,0.762939453125,2050,62.56103515625,0,0.0,0x48A2917A,3069,1262,1081,11.98828125,4.9296875,4.22265625,1,0x14,0,0,0,1,0,1,0,0,1,0,,,,,,,,,,,,,,,,,,,,,,
610,10,FREECAM_3D,20.366666666666667,850988,25970.0927734375,2099,64.056396484375,15.611243449261552,26,0.79345703125,2073,63.262939453125,0,0.0,0x8CC51F67,3069,1262,1081,11.98828125,4.9296875,4.22265625,1,0x14,0,0,0,1,0,1,0,0,1,0,,,,,,,,,,,,,,,,,,,,,,
611,10,FREECAM_3D,20.4,853120,26035.15625,2132,65.0634765625,15.369606003752345,26,0.79345703125,2106,64.27001953125,0,0.0,0xA8F28D70,3069,1262,1081,11.98828125,4.9296875,4.22265625,1,0x14,0,0,0,1,0,1,0,0,1,0,,,,,,,,,,,,,,,,,,,,,,
612,10,FREECAM_3D,20.433333333333334,855272,26100.830078125,2152,65.673828125,15.226765799256505,25,0.762939453125,2126,64.88037109375,1,0.030517578125,0xD7079BC0,3069,1262,1081,11.98828125,4.9296875,4.22265625,1,0x16,1,1,0,1,0,1,0,0,1,0,64.8193359375,0.0,0.1220703125,20.1416015625,3.875732421875,2.197265625,15.777587890625,6.011962890625,0.0,14.6484375,2.044677734375,0,0,0,0,0,0,0,0,0,0,0
613,10,FREECAM_3D,20.466666666666665,857405,26165.924072265625,2133,65.093994140625,15.362400375058604,26,0.79345703125,2107,64.300537109375,0,0.0,0xDB7D8AB0,3069,1262,1081,11.98828125,4.9296875,4.22265625,1,0x14,0,0,0,1,0,1,0,0,1,0,,,,,,,,,,,,,,,,,,,,,,
614,10,FREECAM_3D,20.5,859557,26231.597900390625,2152,65.673828125,15.226765799256505,26,0.79345703125,2125,64.849853515625,1,0.030517578125,0xD7079BC0,3069,1262,1081,11.98828125,4.9296875,4.22265625,1,0x14,0,0,0,1,0,1,0,0,-1,0,,,,,,,,,,,,,,,,,,,,,,
615,10,FREECAM_3D,20.533333333333335,861690,26296.69189453125,2133,65.093994140625,15.362400375058604,26,0.79345703125,2106,64.27001953125,1,0.030517578125,0xA8F28D70,3069,1262,1081,11.98828125,4.9296875,4.22265625,1,0x14,0,0,0,1,0,1,0,0,-1,0,,,,,,,,,,,,,,,,,,,,,,
616,10,FREECAM_3D,20.566666666666666,863790,26360.77880859375,2100,64.0869140625,15.603809523809524,26,0.79345703125,2073,63.262939453125,1,0.030517578125,0x8CC51F67,3069,1262,1081,11.98828125,4.9296875,4.22265625,1,0x14,0,0,0,1,0,1,0,0,-1,0,,,,,,,,,,,,,,,,,,,,,,
617,10,FREECAM_3D,20.6,865867,26424.163818359375,2077,63.385009765625,15.776600866634569,26,0.79345703125,2050,62.56103515625,1,0.030517578125,0x48A2917A,3069,1262,1081,11.98828125,4.9296875,4.22265625,1,0x14,0,0,0,1,0,1,0,0,-1,0,,,,,,,,,,,,,,,,,,,,,,
618,10,FREECAM_3D,20.633333333333333,867883,26485.687255859375,2016,61.5234375,16.253968253968253,26,0.79345703125,1990,60.72998046875,0,0.0,0xD06752C8,3069,1262,1081,11.98828125,4.9296875,4.22265625,1,0x14,0,0,0,1,0,1,0,0,-1,0,,,,,,,,,,,,,,,,,,,,,,
619,10,FREECAM_3D,20.666666666666668,869875,26546.478271484375,1992,60.791015625,16.449799196787147,26,0.79345703125,1966,59.99755859375,0,0.0,0x0BF6A32B,3069,1262,1081,11.98828125,4.9296875,4.22265625,1,0x14,0,0,0,1,0,1,0,0,-1,0,,,,,,,,,,,,,,,,,,,,,,
620,10,FREECAM_3D,20.7,871842,26606.50634765625,1967,60.028076171875,16.658871377732588,25,0.762939453125,1941,59.234619140625,1,0.030517578125,0x7CE2CE39,3069,1262,1081,11.98828125,4.9296875,4.22265625,1,0x14,0,0,0,1,0,1,0,0,-1,0,,,,,,,,,,,,,,,,,,,,,,
621,10,FREECAM_3D,20.733333333333334,873779,26665.618896484375,1937,59.112548828125,16.91688177594218,26,0.79345703125,1911,58.319091796875,0,0.0,0x06815C15,3069,1262,1081,11.98828125,4.9296875,4.22265625,1,0x14,0,0,0,1,0,1,0,0,-1,0,,,,,,,,,,,,,,,,,,,,,,
622,10,FREECAM_3D,20.766666666666666,875699,26724.212646484375,1920,58.59375,17.066666666666666,25,0.762939453125,1894,57.80029296875,1,0.030517578125,0x4540FC6A,3069,1262,1081,11.98828125,4.9296875,4.22265625,1,0x14,0,0,0,1,0,1,0,0,-1,0,,,,,,,,,,,,,,,,,,,,,,
623,10,FREECAM_3D,20.8,877607,26782.440185546875,1908,58.2275390625,17.17400419287212,26,0.79345703125,1882,57.43408203125,0,0.0,0xF7C30E54,3069,1262,1081,11.98828125,4.9296875,4.22265625,1,0x14,0,0,0,1,0,1,0,0,-1,0,,,,,,,,,,,,,,,,,,,,,,
624,10,FREECAM_3D,20.833333333333332,879490,26839.90478515625,1883,57.464599609375,17.402018056293148,26,0.79345703125,1856,56.640625,1,0.030517578125,0xBC1EDF23,3069,1262,1081,11.98828125,4.9296875,4.22265625,1,0x14,0,0,0,1,0,1,0,0,-1,0,,,,,,,,,,,,,,,,,,,,,,
625,10,FREECAM_3D,20.866666666666667,881348,26896.6064453125,1858,56.70166015625,17.636167922497307,26,0.79345703125,1831,55.877685546875,1,0.030517578125,0x6BFB6151,3069,1262,1081,11.98828125,4.9296875,4.22265625,1,0x14,0,0,0,1,0,1,0,0,-1,0,,,,,,,,,,,,,,,,,,,,,,
626,10,FREECAM_3D,20.9,883149,26951.568603515625,1801,54.962158203125,18.194336479733483,26,0.79345703125,1774,54.13818359375,1,0.030517578125,0x63CE50E1,3069,1262,1081,11.98828125,4.9296875,4.22265625,1,0x14,0,0,0,1,0,1,0,0,-1,0,,,,,,,,,,,,,,,,,,,,,,
627,10,FREECAM_3D,20.933333333333334,884902,27005.06591796875,1753,53.497314453125,18.69252709640616,26,0.79345703125,1727,52.703857421875,0,0.0,0x95EDCE06,3069,1262,1081,11.98828125,4.9296875,4.22265625,1,0x14,0,0,0,1,0,1,0,0,-1,0,,,,,,,,,,,,,,,,,,,,,,
628,10,FREECAM_3D,20.966666666666665,886629,27057.769775390625,1727,52.703857421875,18.97394325419803,25,0.762939453125,1701,51.910400390625,1,0.030517578125,0xD5D21860,3069,1262,1081,11.98828125,4.9296875,4.22265625,1,0x14,0,0,0,1,0,1,0,0,-1,0,,,,,,,,,,,,,,,,,,,,,,
629,10,FREECAM_3D,21.0,888291,27108.489990234375,1662,50.72021484375,19.71600481347774,26,0.79345703125,1636,49.9267578125,0,0.0,0xE75BFEC1,3069,1262,1081,11.98828125,4.9296875,4.22265625,1,0x14,0,0,0,1,0,1,0,0,-1,0,,,,,,,,,,,,,,,,,,,,,,
630,10,FREECAM_3D,21.033333333333335,889906,27157.77587890625,1615,49.285888671875,20.289783281733747,26,0.79345703125,1589,48.492431640625,0,0.0,0x3DD7AA69,3069,1262,1081,11.98828125,4.9296875,4.22265625,1,0x14,0,0,0,1,0,1,0,0,-1,0,,,,,,,,,,,,,,,,,,,,,,
631,10,FREECAM_3D,21.066666666666666,891495,27206.268310546875,1589,48.492431640625,20.621774701069857,26,0.79345703125,1563,47.698974609375,0,0.0,0x0F056F37,3069,1262,1081,11.98828125,4.9296875,4.22265625,1,0x14,0,0,0,1,0,1,0,0,-1,0,,,,,,,,,,,,,,,,,,,,,,
632,10,FREECAM_3D,21.1,893092,27255.0048828125,1597,48.736572265625,20.5184721352536,26,0.79345703125,1570,47.91259765625,1,0.030517578125,0xA5318462,3069,1262,1081,11.98828125,4.9296875,4.22265625,1,0x14,0,0,0,1,0,1,0,0,-1,0,,,,,,,,,,,,,,,,,,,,,,
633,10,FREECAM_3D,21.133333333333333,894617,27301.544189453125,1525,46.539306640625,21.4872131147541,26,0.79345703125,1499,45.745849609375,0,0.0,0xA5FAE12A,3069,1262,1081,11.98828125,4.9296875,4.22265625,1,0x14,0,0,0,1,0,1,0,0,-1,0,,,,,,,,,,,,,,,,,,,,,,
634,10,FREECAM_3D,21.166666666666668,896137,27347.930908203125,1520,46.38671875,21.557894736842105,26,0.79345703125,1494,45.59326171875,0,0.0,0x71DCCEE5,3069,1262,1081,11.98828125,4.9296875,4.22265625,1,0x14,0,0,0,1,0,1,0,0,-1,0,,,,,,,,,,,,,,,,,,,,,,
635,10,FREECAM_3D,21.2,897644,27393.9208984375,1507,45.989990234375,21.74386197743862,26,0.79345703125,1481,45.196533203125,0,0.0,0x9F0DFB31,3069,1262,1081,11.98828125,4.9296875,4.22265625,1,0x14,0,0,0,1,0,1,0,0,-1,0,,,,,,,,,,,,,,,,,,,,,,
636,10,FREECAM_3D,21.233333333333334,898919,27432.830810546875,1275,38.909912109375,25.700392156862744,26,0.79345703125,1249,38.116455078125,0,0.0,0x9AB97DEB,3069,1262,1081,11.98828125,4.9296875,4.22265625,1,0x14,0,0,0,1,0,1,0,0,-1,0,,,,,,,,,,,,,,,,,,,,,,
637,10,FREECAM_3D,21.266666666666666,900194,27471.74072265625,1275,38.909912109375,25.700392156862744,25,0.762939453125,1249,38.116455078125,1,0.030517578125,0xAC17D57C,3069,1262,1081,11.98828125,4.9296875,4.22265625,1,0x14,0,0,0,1,0,1,0,0,-1,0,,,,,,,,,,,,,,,,,,,,,,
638,10,FREECAM_3D,21.3,901391,27508.270263671875,1197,36.529541015625,27.375104427736005,26,0.79345703125,1170,35.70556640625,1,0.030517578125,0x351999EE,3069,1262,1081,11.98828125,4.9296875,4.22265625,1,0x14,0,0,0,1,0,1,0,0,-1,0,,,,,,,,,,,,,,,,,,,,,,
639,10,FREECAM_3D,21.333333333333332,902588,27544.7998046875,1197,36.529541015625,27.375104427736005,26,0.79345703125,1171,35.736083984375,0,0.0,0x125C255F,3069,1262,1081,11.98828125,4.9296875,4.22265625,1,0x14,0,0,0,1,0,1,0,0,-1,0,,,,,,,,,,,,,,,,,,,,,,
640,10,FREECAM_3D,21.366666666666667,903791,27581.512451171875,1203,36.712646484375,27.238570241064007,25,0.762939453125,1178,35.94970703125,0,0.0,0x1CAD1FE7,3069,1262,1081,11.98828125,4.9296875,4.22265625,1,0x14,0,0,0,1,0,1,0,0,-1,0,,,,,,,,,,,,,,,,,,,,,,
641,10,FREECAM_3D,21.4,904997,27618.316650390625,1206,36.80419921875,27.170812603648425,25,0.762939453125,1181,36.041259765625,0,0.0,0x301ECFFF,3069,1262,1081,11.98828125,4.9296875,4.22265625,1,0x14,0,0,0,1,0,1,0,0,-1,0,,,,,,,,,,,,,,,,,,,,,,
642,10,FREECAM_3D,21.433333333333334,906206,27655.21240234375,1209,36.895751953125,27.10339123242349,26,0.79345703125,1183,36.102294921875,0,0.0,0xBA858160,3069,1262,1081,11.98828125,4.9296875,4.22265625,1,0x14,0,0,0,1,0,1,0,0,-1,0,,,,,,,,,,,,,,,,,,,,,,
643,10,FREECAM_3D,21.466666666666665,907417,27692.169189453125,1211,36.956787109375,27.058629232039635,25,0.762939453125,1186,36.19384765625,0,0.0,0x75381BF2,3069,1262,1081,11.98828125,4.9296875,4.22265625,1,0x14,0,0,0,1,0,1,0,0,-1,0,,,,,,,,,,,,,,,,,,,,,,
644,10,FREECAM_3D,21.5,908631,27729.217529296875,1214,37.04833984375,26.99176276771005,26,0.79345703125,1188,36.2548828125,0,0.0,0x0F828D67,3069,1262,1081,11.98828125,4.9296875,4.22265625,1,0x14,0,0,0,1,0,1,0,0,-1,0,,,,,,,,,,,,,,,,,,,,,,
645,10,FREECAM_3D,21.533333333333335,909850,27766.41845703125,1219,37.200927734375,26.88105004101723,26,0.79345703125,1192,36.376953125,1,0.030517578125,0x7496D160,3069,1262,1081,11.98828125,4.9296875,4.22265625,1,0x14,0,0,0,1,0,1,0,0,-1,0,,,,,,,,,,,,,,,,,,,,,,
646,10,FREECAM_3D,21.566666666666666,911089,27804.229736328125,1239,37.811279296875,26.447134786117836,26,0.79345703125,1212,36.9873046875,1,0.030517578125,0x757DE4F2,3069,1262,1081,11.98828125,4.9296875,4.22265625,1,0x14,0,0,0,1,0,1,0,0,-1,0,,,,,,,,,,,,,,,,,,,,,,
647,10,FREECAM_3D,21.6,912329,27842.071533203125,1240,37.841796875,26.425806451612903,26,0.79345703125,1214,37.04833984375,0,0.0,0x4310EEA4,3069,1262,1081,11.98828125,4.9296875,4.22265625,1,0x14,0,0,0,1,0,1,0,0,-1,0,,,,,,,,,,,,,,,,,,,,,,
648,10,FREECAM_3D,21.633333333333333,913673,27883.087158203125,1344,41.015625,24.38095238095238,25,0.762939453125,1318,40.22216796875,1,0.030517578125,0x7EDEF92F,3069,1262,1081,11.98828125,4.9296875,4.22265625,1,0x14,0,0,0,1,0,1,0,0,-1,0,,,,,,,,,,,,,,,,,,,,,,
649,10,FREECAM_3D,21.666666666666668,914999,27923.553466796875,1326,40.46630859375,24.71191553544495,25,0.762939453125,1300,39.6728515625,1,0.030517578125,0x65DFB05A,3069,1262,1081,11.98828125,4.9296875,4.22265625,1,0x14,0,0,0,1,0,1,0,0,-1,0,,,,,,,,,,,,,,,,,,,,,,
650,10,FREECAM_3D,21.7,916416,27966.796875,1417,43.243408203125,23.124911785462245,26,0.79345703125,1391,42.449951171875,0,0.0,0x1D68886C,3069,1262,1081,11.98828125,4.9296875,4.22265625,1,0x14,0,0,0,1,0,1,0,0,-1,0,,,,,,,,,,,,,,,,,,,,,,
651,10,FREECAM_3D,21.733333333333334,917836,28010.1318359375,1420,43.3349609375,23.07605633802817,26,0.79345703125,1394,42.54150390625,0,0.0,0xF20D7777,3069,1262,1081,11.98828125,4.9296875,4.22265625,1,0x14,0,0,0,1,0,1,0,0,-1,0,,,,,,,,,,,,,,,,,,,,,,
652,10,FREECAM_3D,21.766666666666666,919253,28053.375244140625,1417,43.243408203125,23.124911785462245,26,0.79345703125,1390,42.41943359375,1,0.030517578125,0xA44C425B,3069,1262,1081,11.98828125,4.9296875,4.22265625,1,0x14,0,0,0,1,0,1,0,0,-1,0,,,,,,,,,,,,,,,,,,,,,,
653,10,FREECAM_3D,21.8,920654,28096.13037109375,1401,42.755126953125,23.38900785153462,26,0.79345703125,1375,41.961669921875,0,0.0,0xC7FFADCF,3069,1262,1081,11.98828125,4.9296875,4.22265625,1,0x14,0,0,0,1,0,1,0,0,-1,0,,,,,,,,,,,,,,,,,,,,,,
654,10,FREECAM_3D,21.833333333333332,922043,28138.519287109375,1389,42.388916015625,23.591072714182864,25,0.762939453125,1363,41.595458984375,1,0.030517578125,0xA3747F26,3069,1262,1081,11.98828125,4.9296875,4.22265625,1,0x14,0,0,0,1,0,1,0,0,-1,0,,,,,,,,,,,,,,,,,,,,,,
655,10,FREECAM_3D,21.866666666666667,923418,28180.48095703125,1375,41.961669921875,23.831272727272726,26,0.79345703125,1348,41.1376953125,1,0.030517578125,0xAE96CAD8,3069,1262,1081,11.98828125,4.9296875,4.22265625,1,0x14,0,0,0,1,0,1,0,0,-1,0,,,,,,,,,,,,,,,,,,,,,,
656,10,FREECAM_3D,21.9,924780,28222.0458984375,1362,41.56494140625,24.058737151248163,26,0.79345703125,1336,40.771484375,0,0.0,0x58F5109B,3069,1262,1081,11.98828125,4.9296875,4.22265625,1,0x14,0,0,0,1,0,1,0,0,-1,0,,,,,,,,,,,,,,,,,,,,,,
657,10,FREECAM_3D,21.933333333333334,926125,28263.092041015625,1345,41.046142578125,24.36282527881041,25,0.762939453125,1319,40.252685546875,1,0.030517578125,0x87F93679,3069,1262,1081,11.98828125,4.9296875,4.22265625,1,0x14,0,0,0,1,0,1,0,0,-1,0,,,,,,,,,,,,,,,,,,,,,,
658,10,FREECAM_3D,21.966666666666665,927458,28303.77197265625,1333,40.679931640625,24.582145536384097,26,0.79345703125,1306,39.85595703125,1,0.030517578125,0x99232FBD,3069,1262,1081,11.98828125,4.9296875,4.22265625,1,0x14,0,0,0,1,0,1,0,0,-1,0,,,,,,,,,,,,,,,,,,,,,,
659,10,FREECAM_3D,22.0,928788,28344.3603515625,1330,40.58837890625,24.637593984962407,26,0.79345703125,1304,39.794921875,0,0.0,0xB16D2C2A,3069,1262,1081,11.98828125,4.9296875,4.22265625,1,0x14,0,0,0,1,0,1,0,0,-1,0,,,,,,,,,,,,,,,,,,,,,,
660,10,FREECAM_3D,22.033333333333335,930072,28383.544921875,1284,39.1845703125,25.5202492211838,25,0.762939453125,1259,38.421630859375,0,0.0,0x97B6A86E,3069,1262,1081,11.98828125,4.9296875,4.22265625,1,0x14,0,0,0,1,0,1,0,0,-1,0,,,,,,,,,,,,,,,,,,,,,,
661,10,FREECAM_3D,22.066666666666666,931349,28422.515869140625,1277,38.970947265625,25.660140955364135,26,0.79345703125,1251,38.177490234375,0,0.0,0xD6FA1B1C,3069,1262,1081,11.98828125,4.9296875,4.22265625,1,0x14,0,0,0,1,0,1,0,0,-1,0,,,,,,,,,,,,,,,,,,,,,,
662,10,FREECAM_3D,22.1,932613,28461.090087890625,1264,38.57421875,25.924050632911392,26,0.79345703125,1237,37.750244140625,1,0.030517578125,0x8B4C3E5A,3069,1262,1081,11.98828125,4.9296875,4.22265625,1,0x14,0,0,0,1,0,1,0,0,-1,0,,,,,,,,,,,,,,,,,,,,,,
663,10,FREECAM_3D,22.133333333333333,933872,28499.51171875,1259,38.421630859375,26.027005559968227,22,0.67138671875,1237,37.750244140625,0,0.0,0x8B4C3E5A,3069,1262,1081,11.98828125,4.9296875,4.22265625,1,0x10,0,0,0,0,0,1,0,0,-1,0,,,,,,,,,,,,,,,,,,,,,,
664,10,FREECAM_3D,22.166666666666668,935130,28537.90283203125,1258,38.39111328125,26.047694753577108,21,0.640869140625,1237,37.750244140625,0,0.0,0x8B4C3E5A,3069,1262,1081,11.98828125,4.9296875,4.22265625,1,0x10,0,0,0,0,0,1,0,0,-1,0,,,,,,,,,,,,,,,,,,,,,,
665,10,FREECAM_3D,22.2,936388,28576.2939453125,1258,38.39111328125,26.047694753577108,21,0.640869140625,1237,37.750244140625,0,0.0,0x8B4C3E5A,3069,1262,1081,11.98828125,4.9296875,4.22265625,1,0x10,0,0,0,0,0,1,0,0,-1,0,,,,,,,,,,,,,,,,,,,,,,
666,10,FREECAM_3D,22.233333333333334,937646,28614.68505859375,1258,38.39111328125,26.047694753577108,21,0.640869140625,1237,37.750244140625,0,0.0,0x8B4C3E5A,3069,1262,1081,11.98828125,4.9296875,4.22265625,1,0x10,0,0,0,0,0,1,0,0,-1,0,,,,,,,,,,,,,,,,,,,,,,
667,10,FREECAM_3D,22.266666666666666,938906,28653.13720703125,1260,38.4521484375,26.006349206349206,21,0.640869140625,1238,37.78076171875,1,0.030517578125,0x8B4C3E5A,3069,1262,1081,11.98828125,4.9296875,4.22265625,1,0x10,0,0,0,0,0,1,0,0,-1,0,,,,,,,,,,,,,,,,,,,,,,
668,10,FREECAM_3D,22.3,940166,28691.58935546875,1260,38.4521484375,26.006349206349206,21,0.640869140625,1238,37.78076171875,1,0.030517578125,0x8B4C3E5A,3069,1262,1081,11.98828125,4.9296875,4.22265625,1,0x10,0,0,0,0,0,1,0,0,-1,0,,,,,,,,,,,,,,,,,,,,,,
669,10,FREECAM_3D,22.333333333333332,941426,28730.04150390625,1260,38.4521484375,26.006349206349206,22,0.67138671875,1237,37.750244140625,1,0.030517578125,0x8B4C3E5A,3069,1262,1081,11.98828125,4.9296875,4.22265625,1,0x10,0,0,0,0,0,1,0,0,-1,0,,,,,,,,,,,,,,,,,,,,,,
670,10,FREECAM_3D,22.366666666666667,942686,28768.49365234375,1260,38.4521484375,26.006349206349206,22,0.67138671875,1237,37.750244140625,1,0.030517578125,0x8B4C3E5A,3069,1262,1081,11.98828125,4.9296875,4.22265625,1,0x10,0,0,0,0,0,1,0,0,-1,0,,,,,,,,,,,,,,,,,,,,,,
671,10,FREECAM_3D,22.4,943944,28806.884765625,1258,38.39111328125,26.047694753577108,21,0.640869140625,1237,37.750244140625,0,0.0,0x8B4C3E5A,3069,1262,1081,11.98828125,4.9296875,4.22265625,1,0x10,0,0,0,0,0,1,0,0,-1,0,,,,,,,,,,,,,,,,,,,,,,
672,10,FREECAM_3D,22.433333333333334,945202,28845.27587890625,1258,38.39111328125,26.047694753577108,21,0.640869140625,1237,37.750244140625,0,0.0,0x8B4C3E5A,3069,1262,1081,11.98828125,4.9296875,4.22265625,1,0x10,0,0,0,0,0,1,0,0,-1,0,,,,,,,,,,,,,,,,,,,,,,
673,10,FREECAM_3D,22.466666666666665,946460,28883.6669921875,1258,38.39111328125,26.047694753577108,21,0.640869140625,1237,37.750244140625,0,0.0,0x8B4C3E5A,3069,1262,1081,11.98828125,4.9296875,4.22265625,1,0x10,0,0,0,0,0,1,0,0,-1,0,,,,,,,,,,,,,,,,,,,,,,
674,10,FREECAM_3D,22.5,947720,28922.119140625,1260,38.4521484375,26.006349206349206,21,0.640869140625,1238,37.78076171875,1,0.030517578125,0x8B4C3E5A,3069,1262,1081,11.98828125,4.9296875,4.22265625,1,0x10,0,0,0,0,0,1,0,0,-1,0,,,,,,,,,,,,,,,,,,,,,,
675,10,FREECAM_3D,22.533333333333335,948980,28960.5712890625,1260,38.4521484375,26.006349206349206,21,0.640869140625,1238,37.78076171875,1,0.030517578125,0x8B4C3E5A,3069,1262,1081,11.98828125,4.9296875,4.22265625,1,0x10,0,0,0,0,0,1,0,0,-1,0,,,,,,,,,,,,,,,,,,,,,,
676,10,FREECAM_3D,22.566666666666666,950241,28999.053955078125,1261,38.482666015625,25.985725614591594,22,0.67138671875,1238,37.78076171875,1,0.030517578125,0x8B4C3E5A,3069,1262,1081,11.98828125,4.9296875,4.22265625,1,0x10,0,0,0,0,0,1,0,0,-1,0,,,,,,,,,,,,,,,,,,,,,,
677,10,FREECAM_3D,22.6,951501,29037.506103515625,1260,38.4521484375,26.006349206349206,22,0.67138671875,1237,37.750244140625,1,0.030517578125,0x8B4C3E5A,3069,1262,1081,11.98828125,4.9296875,4.22265625,1,0x10,0,0,0,0,0,1,0,0,-1,0,,,,,,,,,,,,,,,,,,,,,,
678,10,FREECAM_3D,22.633333333333333,952760,29075.927734375,1259,38.421630859375,26.027005559968227,22,0.67138671875,1237,37.750244140625,0,0.0,0x8B4C3E5A,3069,1262,1081,11.98828125,4.9296875,4.22265625,1,0x10,0,0,0,0,0,1,0,0,-1,0,,,,,,,,,,,,,,,,,,,,,,
679,10,FREECAM_3D,22.666666666666668,954018,29114.31884765625,1258,38.39111328125,26.047694753577108,21,0.640869140625,1237,37.750244140625,0,0.0,0x8B4C3E5A,3069,1262,1081,11.98828125,4.9296875,4.22265625,1,0x10,0,0,0,0,0,1,0,0,-1,0,,,,,,,,,,,,,,,,,,,,,,
680,10,FREECAM_3D,22.7,955276,29152.7099609375,1258,38.39111328125,26.047694753577108,21,0.640869140625,1237,37.750244140625,0,0.0,0x8B4C3E5A,3069,1262,1081,11.98828125,4.9296875,4.22265625,1,0x10,0,0,0,0,0,1,0,0,-1,0,,,,,,,,,,,,,,,,,,,,,,
681,10,FREECAM_3D,22.733333333333334,956534,29191.10107421875,1258,38.39111328125,26.047694753577108,21,0.640869140625,1237,37.750244140625,0,0.0,0x8B4C3E5A,3069,1262,1081,11.98828125,4.9296875,4.22265625,1,0x10,0,0,0,0,0,1,0,0,-1,0,,,,,,,,,,,,,,,,,,,,,,
682,10,FREECAM_3D,22.766666666666666,957794,29229.55322265625,1260,38.4521484375,26.006349206349206,21,0.640869140625,1238,37.78076171875,1,0.030517578125,0x8B4C3E5A,3069,1262,1081,11.98828125,4.9296875,4.22265625,1,0x10,0,0,0,0,0,1,0,0,-1,0,,,,,,,,,,,,,,,,,,,,,,
683,10,FREECAM_3D,22.8,959054,29268.00537109375,1260,38.4521484375,26.006349206349206,21,0.640869140625,1238,37.78076171875,1,0.030517578125,0x8B4C3E5A,3069,1262,1081,11.98828125,4.9296875,4.22265625,1,0x10,0,0,0,0,0,1,0,0,-1,0,,,,,,,,,,,,,,,,,,,,,,
684,10,FREECAM_3D,22.833333333333332,960315,29306.488037109375,1261,38.482666015625,25.985725614591594,22,0.67138671875,1238,37.78076171875,1,0.030517578125,0x8B4C3E5A,3069,1262,1081,11.98828125,4.9296875,4.22265625,1,0x10,0,0,0,0,0,1,0,0,-1,0,,,,,,,,,,,,,,,,,,,,,,
685,10,FREECAM_3D,22.866666666666667,961575,29344.940185546875,1260,38.4521484375,26.006349206349206,22,0.67138671875,1237,37.750244140625,1,0.030517578125,0x8B4C3E5A,3069,1262,1081,11.98828125,4.9296875,4.22265625,1,0x10,0,0,0,0,0,1,0,0,-1,0,,,,,,,,,,,,,,,,,,,,,,
686,10,FREECAM_3D,22.9,962834,29383.36181640625,1259,38.421630859375,26.027005559968227,22,0.67138671875,1237,37.750244140625,0,0.0,0x8B4C3E5A,3069,1262,1081,11.98828125,4.9296875,4.22265625,1,0x10,0,0,0,0,0,1,0,0,-1,0,,,,,,,,,,,,,,,,,,,,,,
687,10,FREECAM_3D,22.933333333333334,964092,29421.7529296875,1258,38.39111328125,26.047694753577108,21,0.640869140625,1237,37.750244140625,0,0.0,0x8B4C3E5A,3069,1262,1081,11.98828125,4.9296875,4.22265625,1,0x10,0,0,0,0,0,1,0,0,-1,0,,,,,,,,,,,,,,,,,,,,,,
688,10,FREECAM_3D,22.966666666666665,965350,29460.14404296875,1258,38.39111328125,26.047694753577108,21,0.640869140625,1237,37.750244140625,0,0.0,0x8B4C3E5A,3069,1262,1081,11.98828125,4.9296875,4.22265625,1,0x10,0,0,0,0,0,1,0,0,-1,0,,,,,,,,,,,,,,,,,,,,,,
689,10,FREECAM_3D,23.0,966608,29498.53515625,1258,38.39111328125,26.047694753577108,21,0.640869140625,1237,37.750244140625,0,0.0,0x8B4C3E5A,3069,1262,1081,11.98828125,4.9296875,4.22265625,1,0x10,0,0,0,0,0,1,0,0,-1,0,,,,,,,,,,,,,,,,,,,,,,
690,10,FREECAM_3D,23.033333333333335,967868,29536.9873046875,1260,38.4521484375,26.006349206349206,21,0.640869140625,1238,37.78076171875,1,0.030517578125,0x8B4C3E5A,3069,1262,1081,11.98828125,4.9296875,4.22265625,1,0x10,0,0,0,0,0,1,0,0,-1,0,,,,,,,,,,,,,,,,,,,,,,
691,10,FREECAM_3D,23.066666666666666,969129,29575.469970703125,1261,38.482666015625,25.985725614591594,22,0.67138671875,1238,37.78076171875,1,0.030517578125,0x8B4C3E5A,3069,1262,1081,11.98828125,4.9296875,4.22265625,1,0x10,0,0,0,0,0,1,0,0,-1,0,,,,,,,,,,,,,,,,,,,,,,
692,10,FREECAM_3D,23.1,970389,29613.922119140625,1260,38.4521484375,26.006349206349206,22,0.67138671875,1237,37.750244140625,1,0.030517578125,0x8B4C3E5A,3069,1262,1081,11.98828125,4.9296875,4.22265625,1,0x10,0,0,0,0,0,1,0,0,-1,0,,,,,,,,,,,,,,,,,,,,,,
693,10,FREECAM_3D,23.133333333333333,971648,29652.34375,1259,38.421630859375,26.027005559968227,22,0.67138671875,1237,37.750244140625,0,0.0,0x8B4C3E5A,3069,1262,1081,11.98828125,4.9296875,4.22265625,1,0x10,0,0,0,0,0,1,0,0,-1,0,,,,,,,,,,,,,,,,,,,,,,
694,10,FREECAM_3D,23.166666666666668,972906,29690.73486328125,1258,38.39111328125,26.047694753577108,21,0.640869140625,1237,37.750244140625,0,0.0,0x8B4C3E5A,3069,1262,1081,11.98828125,4.9296875,4.22265625,1,0x10,0,0,0,0,0,1,0,0,-1,0,,,,,,,,,,,,,,,,,,,,,,
695,10,FREECAM_3D,23.2,974164,29729.1259765625,1258,38.39111328125,26.047694753577108,21,0.640869140625,1237,37.750244140625,0,0.0,0x8B4C3E5A,3069,1262,1081,11.98828125,4.9296875,4.22265625,1,0x10,0,0,0,0,0,1,0,0,-1,0,,,,,,,,,,,,,,,,,,,,,,
696,10,FREECAM_3D,23.233333333333334,975422,29767.51708984375,1258,38.39111328125,26.047694753577108,21,0.640869140625,1237,37.750244140625,0,0.0,0x8B4C3E5A,3069,1262,1081,11.98828125,4.9296875,4.22265625,1,0x10,0,0,0,0,0,1,0,0,-1,0,,,,,,,,,,,,,,,,,,,,,,
697,10,FREECAM_3D,23.266666666666666,976682,29805.96923828125,1260,38.4521484375,26.006349206349206,21,0.640869140625,1238,37.78076171875,1,0.030517578125,0x8B4C3E5A,3069,1262,1081,11.98828125,4.9296875,4.22265625,1,0x10,0,0,0,0,0,1,0,0,-1,0,,,,,,,,,,,,,,,,,,,,,,
698,10,FREECAM_3D,23.3,977942,29844.42138671875,1260,38.4521484375,26.006349206349206,21,0.640869140625,1238,37.78076171875,1,0.030517578125,0x8B4C3E5A,3069,1262,1081,11.98828125,4.9296875,4.22265625,1,0x10,0,0,0,0,0,1,0,0,-1,0,,,,,,,,,,,,,,,,,,,,,,
699,10,FREECAM_3D,23.333333333333332,979203,29882.904052734375,1261,38.482666015625,25.985725614591594,22,0.67138671875,1238,37.78076171875,1,0.030517578125,0x8B4C3E5A,3069,1262,1081,11.98828125,4.9296875,4.22265625,1,0x10,0,0,0,0,0,1,0,0,-1,0,,,,,,,,,,,,,,,,,,,,,,
700,10,FREECAM_3D,23.366666666666667,980463,29921.356201171875,1260,38.4521484375,26.006349206349206,22,0.67138671875,1237,37.750244140625,1,0.030517578125,0x8B4C3E5A,3069,1262,1081,11.98828125,4.9296875,4.22265625,1,0x10,0,0,0,0,0,1,0,0,-1,0,,,,,,,,,,,,,,,,,,,,,,
701,10,FREECAM_3D,23.4,981722,29959.77783203125,1259,38.421630859375,26.027005559968227,22,0.67138671875,1237,37.750244140625,0,0.0,0x8B4C3E5A,3069,1262,1081,11.98828125,4.9296875,4.22265625,1,0x10,0,0,0,0,0,1,0,0,-1,0,,,,,,,,,,,,,,,,,,,,,,
702,10,FREECAM_3D,23.433333333333334,982980,29998.1689453125,1258,38.39111328125,26.047694753577108,21,0.640869140625,1237,37.750244140625,0,0.0,0x8B4C3E5A,3069,1262,1081,11.98828125,4.9296875,4.22265625,1,0x10,0,0,0,0,0,1,0,0,-1,0,,,,,,,,,,,,,,,,,,,,,,
703,10,FREECAM_3D,23.466666666666665,984238,30036.56005859375,1258,38.39111328125,26.047694753577108,21,0.640869140625,1237,37.750244140625,0,0.0,0x8B4C3E5A,3069,1262,1081,11.98828125,4.9296875,4.22265625,1,0x10,0,0,0,0,0,1,0,0,-1,0,,,,,,,,,,,,,,,,,,,,,,
704,10,FREECAM_3D,23.5,985496,30074.951171875,1258,38.39111328125,26.047694753577108,21,0.640869140625,1237,37.750244140625,0,0.0,0x8B4C3E5A,3069,1262,1081,11.98828125,4.9296875,4.22265625,1,0x10,0,0,0,0,0,1,0,0,-1,0,,,,,,,,,,,,,,,,,,,,,,
705,10,FREECAM_3D,23.533333333333335,986756,30113.4033203125,1260,38.4521484375,26.006349206349206,21,0.640869140625,1238,37.78076171875,1,0.030517578125,0x8B4C3E5A,3069,1262,1081,11.98828125,4.9296875,4.22265625,1,0x10,0,0,0,0,0,1,0,0,-1,0,,,,,,,,,,,,,,,,,,,,,,
706,10,FREECAM_3D,23.566666666666666,988017,30151.885986328125,1261,38.482666015625,25.985725614591594,22,0.67138671875,1238,37.78076171875,1,0.030517578125,0x8B4C3E5A,3069,1262,1081,11.98828125,4.9296875,4.22265625,1,0x10,0,0,0,0,0,1,0,0,-1,0,,,,,,,,,,,,,,,,,,,,,,
707,10,FREECAM_3D,23.6,989277,30190.338134765625,1260,38.4521484375,26.006349206349206,22,0.67138671875,1237,37.750244140625,1,0.030517578125,0x8B4C3E5A,3069,1262,1081,11.98828125,4.9296875,4.22265625,1,0x10,0,0,0,0,0,1,0,0,-1,0,,,,,,,,,,,,,,,,,,,,,,
708,10,FREECAM_3D,23.633333333333333,990536,30228.759765625,1259,38.421630859375,26.027005559968227,22,0.67138671875,1237,37.750244140625,0,0.0,0x8B4C3E5A,3069,1262,1081,11.98828125,4.9296875,4.22265625,1,0x10,0,0,0,0,0,1,0,0,-1,0,,,,,,,,,,,,,,,,,,,,,,
709,10,FREECAM_3D,23.666666666666668,991795,30267.181396484375,1259,38.421630859375,26.027005559968227,22,0.67138671875,1237,37.750244140625,0,0.0,0x8B4C3E5A,3069,1262,1081,11.98828125,4.9296875,4.22265625,1,0x10,0,0,0,0,0,1,0,0,-1,0,,,,,,,,,,,,,,,,,,,,,,
710,10,FREECAM_3D,23.7,993071,30306.121826171875,1276,38.9404296875,25.68025078369906,25,0.762939453125,1251,38.177490234375,0,0.0,0xD6FA1B1C,3069,1262,1081,11.98828125,4.9296875,4.22265625,1,0x14,0,0,0,1,0,1,0,0,1,0,,,,,,,,,,,,,,,,,,,,,,
711,10,FREECAM_3D,23.733333333333334,994355,30345.306396484375,1284,39.1845703125,25.5202492211838,25,0.762939453125,1259,38.421630859375,0,0.0,0x97B6A86E,3069,1262,1081,11.98828125,4.9296875,4.22265625,1,0x14,0,0,0,1,0,1,0,0,1,0,,,,,,,,,,,,,,,,,,,,,,
712,10,FREECAM_3D,23.766666666666666,995686,30385.92529296875,1331,40.618896484375,24.6190833959429,26,0.79345703125,1304,39.794921875,1,0.030517578125,0xB16D2C2A,3069,1262,1081,11.98828125,4.9296875,4.22265625,1,0x14,0,0,0,1,0,1,0,0,1,0,,,,,,,,,,,,,,,,,,,,,,
713,10,FREECAM_3D,23.8,997019,30426.605224609375,1333,40.679931640625,24.582145536384097,26,0.79345703125,1306,39.85595703125,1,0.030517578125,0x99232FBD,3069,1262,1081,11.98828125,4.9296875,4.22265625,1,0x14,0,0,0,1,0,1,0,0,1,0,,,,,,,,,,,,,,,,,,,,,,
714,10,FREECAM_3D,23.833333333333332,998363,30467.620849609375,1344,41.015625,24.38095238095238,26,0.79345703125,1318,40.22216796875,0,0.0,0x87F93679,3069,1262,1081,11.98828125,4.9296875,4.22265625,1,0x14,0,0,0,1,0,1,0,0,1,0,,,,,,,,,,,,,,,,,,,,,,
715,10,FREECAM_3D,23.866666666666667,999727,30509.246826171875,1364,41.6259765625,24.023460410557185,26,0.79345703125,1337,40.802001953125,1,0.030517578125,0x58F5109B,3069,1262,1081,11.98828125,4.9296875,4.22265625,1,0x14,0,0,0,1,0,1,0,0,1,0,,,,,,,,,,,,,,,,,,,,,,
716,10,FREECAM_3D,23.9,1001102,30551.20849609375,1375,41.961669921875,23.831272727272726,26,0.79345703125,1348,41.1376953125,1,0.030517578125,0xAE96CAD8,3069,1262,1081,11.98828125,4.9296875,4.22265625,1,0x14,0,0,0,1,0,1,0,0,1,0,,,,,,,,,,,,,,,,,,,,,,
717,10,FREECAM_3D,23.933333333333334,1002490,30593.56689453125,1388,42.3583984375,23.608069164265128,26,0.79345703125,1362,41.56494140625,0,0.0,0xA3747F26,3069,1262,1081,11.98828125,4.9296875,4.22265625,1,0x14,0,0,0,1,0,1,0,0,1,0,,,,,,,,,,,,,,,,,,,,,,
718,10,FREECAM_3D,23.966666666666665,1003893,30636.383056640625,1403,42.816162109375,23.355666429080543,26,0.79345703125,1376,41.9921875,1,0.030517578125,0xC7FFADCF,3069,1262,1081,11.98828125,4.9296875,4.22265625,1,0x14,0,0,0,1,0,1,0,0,1,0,,,,,,,,,,,,,,,,,,,,,,
719,10,FREECAM_3D,24.0,1005308,30679.5654296875,1415,43.182373046875,23.157597173144875,26,0.79345703125,1389,42.388916015625,0,0.0,0xA44C425B,3069,1262,1081,11.98828125,4.9296875,4.22265625,1,0x14,0,0,0,1,0,1,0,0,1,0,,,,,,,,,,,,,,,,,,,,,,
720,10,FREECAM_3D,24.033333333333335,1006727,30722.869873046875,1419,43.304443359375,23.092318534179,25,0.762939453125,1394,42.54150390625,0,0.0,0xF20D7777,3069,1262,1081,11.98828125,4.9296875,4.22265625,1,0x14,0,0,0,1,0,1,0,0,1,0,,,,,,,,,,,,,,,,,,,,,,
721,10,FREECAM_3D,24.066666666666666,1008144,30766.11328125,1417,43.243408203125,23.124911785462245,25,0.762939453125,1392,42.48046875,0,0.0,0x1D68886C,3069,1262,1081,11.98828125,4.9296875,4.22265625,1,0x14,0,0,0,1,0,1,0,0,1,0,,,,,,,,,,,,,,,,,,,,,,
722,10,FREECAM_3D,24.1,1009470,30806.57958984375,1326,40.46630859375,24.71191553544495,25,0.762939453125,1300,39.6728515625,1,0.030517578125,0x65DFB05A,3069,1262,1081,11.98828125,4.9296875,4.22265625,1,0x14,0,0,0,1,0,1,0,0,1,0,,,,,,,,,,,,,,,,,,,,,,
723,10,FREECAM_3D,24.133333333333333,1010813,30847.564697265625,1343,40.985107421875,24.399106478034252,26,0.79345703125,1317,40.191650390625,0,0.0,0x7EDEF92F,3069,1262,1081,11.98828125,4.9296875,4.22265625,1,0x14,0,0,0,1,0,1,0,0,1,0,,,,,,,,,,,,,,,,,,,,,,
724,10,FREECAM_3D,24.166666666666668,1012054,30885.43701171875,1241,37.872314453125,26.404512489927477,26,0.79345703125,1214,37.04833984375,1,0.030517578125,0x4310EEA4,3069,1262,1081,11.98828125,4.9296875,4.22265625,1,0x14,0,0,0,1,0,1,0,0,1,0,,,,,,,,,,,,,,,,,,,,,,
725,10,FREECAM_3D,24.2,1013293,30923.248291015625,1239,37.811279296875,26.447134786117836,26,0.79345703125,1212,36.9873046875,1,0.030517578125,0x757DE4F2,3069,1262,1081,11.98828125,4.9296875,4.22265625,1,0x14,0,0,0,1,0,1,0,0,1,0,,,,,,,,,,,,,,,,,,,,,,
726,10,FREECAM_3D,24.233333333333334,1014510,30960.38818359375,1217,37.139892578125,26.925225965488906,26,0.79345703125,1191,36.346435546875,0,0.0,0x7496D160,3069,1262,1081,11.98828125,4.9296875,4.22265625,1,0x14,0,0,0,1,0,1,0,0,1,0,,,,,,,,,,,,,,,,,,,,,,
727,10,FREECAM_3D,24.266666666666666,1015724,30997.4365234375,1214,37.04833984375,26.99176276771005,25,0.762939453125,1189,36.285400390625,0,0.0,0x0F828D67,3069,1262,1081,11.98828125,4.9296875,4.22265625,1,0x14,0,0,0,1,0,1,0,0,1,0,,,,,,,,,,,,,,,,,,,,,,
728,10,FREECAM_3D,24.3,1016935,31034.393310546875,1211,36.956787109375,27.058629232039635,25,0.762939453125,1186,36.19384765625,0,0.0,0x75381BF2,3069,1262,1081,11.98828125,4.9296875,4.22265625,1,0x14,0,0,0,1,0,1,0,0,1,0,,,,,,,,,,,,,,,,,,,,,,
729,10,FREECAM_3D,24.333333333333332,1018145,31071.319580078125,1210,36.92626953125,27.08099173553719,26,0.79345703125,1184,36.1328125,0,0.0,0xBA858160,3069,1262,1081,11.98828125,4.9296875,4.22265625,1,0x14,0,0,0,1,0,1,0,0,1,0,,,,,,,,,,,,,,,,,,,,,,
730,10,FREECAM_3D,24.366666666666667,1019351,31108.123779296875,1206,36.80419921875,27.170812603648425,25,0.762939453125,1181,36.041259765625,0,0.0,0x301ECFFF,3069,1262,1081,11.98828125,4.9296875,4.22265625,1,0x14,0,0,0,1,0,1,0,0,1,0,,,,,,,,,,,,,,,,,,,,,,
731,10,FREECAM_3D,24.4,1020555,31144.866943359375,1204,36.7431640625,27.21594684385382,26,0.79345703125,1178,35.94970703125,0,0.0,0x1CAD1FE7,3069,1262,1081,11.98828125,4.9296875,4.22265625,1,0x14,0,0,0,1,0,1,0,0,1,0,,,,,,,,,,,,,,,,,,,,,,
732,10,FREECAM_3D,24.433333333333334,1021754,31181.45751953125,1199,36.590576171875,27.329441201000833,26,0.79345703125,1172,35.7666015625,1,0.030517578125,0x125C255F,3069,1262,1081,11.98828125,4.9296875,4.22265625,1,0x14,0,0,0,1,0,1,0,0,1,0,,,,,,,,,,,,,,,,,,,,,,
733,10,FREECAM_3D,24.466666666666665,1022951,31217.987060546875,1197,36.529541015625,27.375104427736005,26,0.79345703125,1170,35.70556640625,1,0.030517578125,0x351999EE,3069,1262,1081,11.98828125,4.9296875,4.22265625,1,0x14,0,0,0,1,0,1,0,0,1,0,,,,,,,,,,,,,,,,,,,,,,
734,10,FREECAM_3D,24.5,1024225,31256.866455078125,1274,38.87939453125,25.72056514913658,26,0.79345703125,1248,38.0859375,0,0.0,0xAC17D57C,3069,1262,1081,11.98828125,4.9296875,4.22265625,1,0x14,0,0,0,1,0,1,0,0,1,0,,,,,,,,,,,,,,,,,,,,,,
735,10,FREECAM_3D,24.533333333333335,1025500,31295.7763671875,1275,38.909912109375,25.700392156862744,26,0.79345703125,1249,38.116455078125,0,0.0,0x9AB97DEB,3069,1262,1081,11.98828125,4.9296875,4.22265625,1,0x14,0,0,0,1,0,1,0,0,1,0,,,,,,,,,,,,,,,,,,,,,,
736,10,FREECAM_3D,24.566666666666666,1027007,31341.766357421875,1507,45.989990234375,21.74386197743862,25,0.762939453125,1482,45.22705078125,0,0.0,0x9F0DFB31,3069,1262,1081,11.98828125,4.9296875,4.22265625,1,0x14,0,0,0,1,0,1,0,0,1,0,,,,,,,,,,,,,,,,,,,,,,
737,10,FREECAM_3D,24.6,1028526,31388.12255859375,1519,46.356201171875,21.57208689927584,25,0.762939453125,1494,45.59326171875,0,0.0,0x71DCCEE5,3069,1262,1081,11.98828125,4.9296875,4.22265625,1,0x14,0,0,0,1,0,1,0,0,1,0,,,,,,,,,,,,,,,,,,,,,,
738,10,FREECAM_3D,24.633333333333333,1030052,31434.6923828125,1526,46.56982421875,21.47313237221494,25,0.762939453125,1500,45.7763671875,1,0.030517578125,0xA5FAE12A,3069,1262,1081,11.98828125,4.9296875,4.22265625,1,0x14,0,0,0,1,0,1,0,0,1,0,,,,,,,,,,,,,,,,,,,,,,
739,10,FREECAM_3D,24.666666666666668,1031627,31482.757568359375,1575,48.065185546875,20.805079365079365,26,0.79345703125,1549,47.271728515625,0,0.0,0xA5318462,3069,1262,1081,11.98828125,4.9296875,4.22265625,1,0x14,0,0,0,1,0,1,0,0,1,0,,,,,,,,,,,,,,,,,,,,,,
740,10,FREECAM_3D,24.7,1033217,31531.280517578125,1590,48.52294921875,20.60880503144654,26,0.79345703125,1564,47.7294921875,0,0.0,0x0F056F37,3069,1262,1081,11.98828125,4.9296875,4.22265625,1,0x14,0,0,0,1,0,1,0,0,1,0,,,,,,,,,,,,,,,,,,,,,,
741,10,FREECAM_3D,24.733333333333334,1034833,31580.596923828125,1616,49.31640625,20.277227722772277,26,0.79345703125,1590,48.52294921875,0,0.0,0x3DD7AA69,3069,1262,1081,11.98828125,4.9296875,4.22265625,1,0x14,0,0,0,1,0,1,0,0,1,0,,,,,,,,,,,,,,,,,,,,,,
742,10,FREECAM_3D,24.766666666666666,1036496,31631.34765625,1663,50.750732421875,19.70414912808178,26,0.79345703125,1636,49.9267578125,1,0.030517578125,0xE75BFEC1,3069,1262,1081,11.98828125,4.9296875,4.22265625,1,0x14,0,0,0,1,0,1,0,0,1,0,,,,,,,,,,,,,,,,,,,,,,
743,10,FREECAM_3D,24.8,1038224,31684.08203125,1728,52.734375,18.962962962962962,26,0.79345703125,1701,51.910400390625,1,0.030517578125,0xD5D21860,3069,1262,1081,11.98828125,4.9296875,4.22265625,1,0x14,0,0,0,1,0,1,0,0,1,0,,,,,,,,,,,,,,,,,,,,,,
744,10,FREECAM_3D,24.833333333333332,1039977,31737.579345703125,1753,53.497314453125,18.69252709640616,26,0.79345703125,1727,52.703857421875,0,0.0,0x95EDCE06,3069,1262,1081,11.98828125,4.9296875,4.22265625,1,0x14,0,0,0,1,0,1,0,0,1,0,,,,,,,,,,,,,,,,,,,,,,
745,10,FREECAM_3D,24.866666666666667,1041777,31792.510986328125,1800,54.931640625,18.204444444444444,25,0.762939453125,1774,54.13818359375,1,0.030517578125,0x63CE50E1,3069,1262,1081,11.98828125,4.9296875,4.22265625,1,0x14,0,0,0,1,0,1,0,0,1,0,,,,,,,,,,,,,,,,,,,,,,
746,10,FREECAM_3D,24.9,1043635,31849.212646484375,1858,56.70166015625,17.636167922497307,26,0.79345703125,1831,55.877685546875,1,0.030517578125,0x6BFB6151,3069,1262,1081,11.98828125,4.9296875,4.22265625,1,0x14,0,0,0,1,0,1,0,0,1,0,,,,,,,,,,,,,,,,,,,,,,
747,10,FREECAM_3D,24.933333333333334,1045516,31906.6162109375,1881,57.403564453125,17.42052099946837,26,0.79345703125,1855,56.610107421875,0,0.0,0xBC1EDF23,3069,1262,1081,11.98828125,4.9296875,4.22265625,1,0x14,0,0,0,1,0,1,0,0,1,0,,,,,,,,,,,,,,,,,,,,,,
748,10,FREECAM_3D,24.966666666666665,1047424,31964.84375,1908,58.2275390625,17.17400419287212,26,0.79345703125,1882,57.43408203125,0,0.0,0xF7C30E54,3069,1262,1081,11.98828125,4.9296875,4.22265625,1,0x14,0,0,0,1,0,1,0,0,1,0,,,,,,,,,,,,,,,,,,,,,,
749,10,FREECAM_3D,25.0,1049344,32023.4375,1920,58.59375,17.066666666666666,25,0.762939453125,1894,57.80029296875,1,0.030517578125,0x4540FC6A,3069,1262,1081,11.98828125,4.9296875,4.22265625,1,0x14,0,0,0,1,0,1,0,0,1,0,,,,,,,,,,,,,,,,,,,,,,
750,10,FREECAM_3D,25.033333333333335,1051292,32082.8857421875,1948,59.4482421875,16.82135523613963,26,0.79345703125,1922,58.65478515625,0,0.0,0x06815C15,3069,1262,1081,11.98828125,4.9296875,4.22265625,1,0x14,0,0,0,1,0,1,0,0,1,0,,,,,,,,,,,,,,,,,,,,,,
751,10,FREECAM_3D,25.066666666666666,1053272,32143.310546875,1980,60.4248046875,16.54949494949495,26,0.79345703125,1953,59.600830078125,1,0.030517578125,0x7CE2CE39,3069,1262,1081,11.98828125,4.9296875,4.22265625,1,0x14,0,0,0,1,0,1,0,0,1,0,,,,,,,,,,,,,,,,,,,,,,
752,10,FREECAM_3D,25.1,1055276,32204.4677734375,2004,61.1572265625,16.35129740518962,26,0.79345703125,1978,60.36376953125,0,0.0,0x0BF6A32B,3069,1262,1081,11.98828125,4.9296875,4.22265625,1,0x14,0,0,0,1,0,1,0,0,1,0,,,,,,,,,,,,,,,,,,,,,,
753,10,FREECAM_3D,25.133333333333333,1057293,32266.021728515625,2017,61.553955078125,16.245909766980663,25,0.762939453125,1991,60.760498046875,1,0.030517578125,0xD06752C8,3069,1262,1081,11.98828125,4.9296875,4.22265625,1,0x14,0,0,0,1,0,1,0,0,1,0,,,,,,,,,,,,,,,,,,,,,,
754,10,FREECAM_3D,25.166666666666668,1059369,32329.376220703125,2076,63.3544921875,15.784200385356455,26,0.79345703125,2050,62.56103515625,0,0.0,0x48A2917A,3069,1262,1081,11.98828125,4.9296875,4.22265625,1,0x14,0,0,0,1,0,1,0,0,1,0,,,,,,,,,,,,,,,,,,,,,,
755,10,FREECAM_3D,25.2,1061468,32393.4326171875,2099,64.056396484375,15.611243449261552,25,0.762939453125,2073,63.262939453125,1,0.030517578125,0x8CC51F67,3069,1262,1081,11.98828125,4.9296875,4.22265625,1,0x14,0,0,0,1,0,1,0,0,1,0,,,,,,,,,,,,,,,,,,,,,,
756,10,FREECAM_3D,25.233333333333334,1063601,32458.526611328125,2133,65.093994140625,15.362400375058604,26,0.79345703125,2106,64.27001953125,1,0.030517578125,0xA8F28D70,3069,1262,1081,11.98828125,4.9296875,4.22265625,1,0x14,0,0,0,1,0,1,0,0,1,0,,,,,,,,,,,,,,,,,,,,,,
757,10,FREECAM_3D,25.266666666666666,1065752,32524.169921875,2151,65.643310546875,15.233844723384472,26,0.79345703125,2125,64.849853515625,0,0.0,0xD7079BC0,3069,1262,1081,11.98828125,4.9296875,4.22265625,1,0x14,0,0,0,1,0,1,0,0,1,0,,,,,,,,,,,,,,,,,,,,,,
758,10,FREECAM_3D,25.3,1067891,32589.447021484375,2139,65.277099609375,15.319308087891539,17,0.518798828125,2122,64.75830078125,0,0.0,0x9F11FE28,3069,1262,1102,11.98828125,4.9296875,4.3046875,1,0x14,0,0,0,1,0,1,0,0,0,1,,,,,,,,,,,,,,,,,,,,,,
759,10,FREECAM_3D,25.333333333333332,1070028,32654.6630859375,2137,65.216064453125,15.333645297145532,17,0.518798828125,2119,64.666748046875,1,0.030517578125,0xFE201391,3069,1262,1123,11.98828125,4.9296875,4.38671875,1,0x14,0,0,0,1,0,1,0,0,0,1,,,,,,,,,,,,,,,,,,,,,,
760,10,FREECAM_3D,25.366666666666667,1072154,32719.54345703125,2126,64.88037109375,15.412982126058326,18,0.54931640625,2108,64.3310546875,0,0.0,0x8D970B6E,3069,1262,1144,11.98828125,4.9296875,4.46875,1,0x14,0,0,0,1,0,1,0,0,0,1,,,,,,,,,,,,,,,,,,,,,,
761,10,FREECAM_3D,25.4,1074269,32784.088134765625,2115,64.544677734375,15.493144208037824,17,0.518798828125,2097,63.995361328125,1,0.030517578125,0xD10F39AF,3069,1262,1165,11.98828125,4.9296875,4.55078125,1,0x14,0,0,0,1,0,1,0,0,0,1,,,,,,,,,,,,,,,,,,,,,,
762,10,FREECAM_3D,25.433333333333334,1076369,32848.175048828125,2100,64.0869140625,15.603809523809524,18,0.54931640625,2081,63.507080078125,1,0.030517578125,0x2CA7BF24,3069,1262,1186,11.98828125,4.9296875,4.6328125,1,0x14,0,0,0,1,0,1,0,0,0,1,,,,,,,,,,,,,,,,,,,,,,
763,10,FREECAM_3D,25.466666666666665,1078456,32911.865234375,2087,63.690185546875,15.701006229036896,18,0.54931640625,2068,63.1103515625,1,0.030517578125,0x85D9FFED,3069,1262,1207,11.98828125,4.9296875,4.71484375,1,0x14,0,0,0,1,0,1,0,0,0,1,,,,,,,,,,,,,,,,,,,,,,
764,10,FREECAM_3D,25.5,1080590,32976.98974609375,2134,65.12451171875,15.355201499531397,907,27.679443359375,1227,37.445068359375,0,0.0,0x60949FFC,3,2468,402,0.01171875,9.640625,1.5703125,0,0x15,0,0,1,1,0,1,0,0,0,1,,,,,,,,,,,,,,,,,,,,,,
765,10,FREECAM_3D,25.533333333333335,1081833,33014.923095703125,1243,37.933349609375,26.362027353177794,17,0.518798828125,1225,37.384033203125,1,0.030517578125,0x7D2C2957,3,2468,423,0.01171875,9.640625,1.65234375,0,0x14,0,0,0,1,0,1,0,0,0,1,,,,,,,,,,,,,,,,,,,,,,
766,10,FREECAM_3D,25.566666666666666,1083080,33052.978515625,1247,38.055419921875,26.27746591820369,18,0.54931640625,1228,37.4755859375,1,0.030517578125,0xAF34DCD8,3,2468,444,0.01171875,9.640625,1.734375,0,0x14,0,0,0,1,0,1,0,0,0,1,,,,,,,,,,,,,,,,,,,,,,
767,10,FREECAM_3D,25.6,1084332,33091.1865234375,1252,38.2080078125,26.17252396166134,18,0.54931640625,1233,37.628173828125,1,0.030517578125,0xC2DBAE89,3,2468,465,0.01171875,9.640625,1.81640625,0,0x14,0,0,0,1,0,1,0,0,0,1,,,,,,,,,,,,,,,,,,,,,,
768,10,FREECAM_3D,25.633333333333333,1085581,33129.302978515625,1249,38.116455078125,26.235388310648517,18,0.54931640625,1231,37.567138671875,0,0.0,0xEF5FB53A,3,2468,486,0.01171875,9.640625,1.8984375,0,0x14,0,0,0,1,0,1,0,0,0,1,,,,,,,,,,,,,,,,,,,,,,
769,10,FREECAM_3D,25.666666666666668,1086830,33167.41943359375,1249,38.116455078125,26.235388310648517,17,0.518798828125,1231,37.567138671875,1,0.030517578125,0xFE92F063,3,2468,507,0.01171875,9.640625,1.98046875,0,0x14,0,0,0,1,0,1,0,0,0,1,,,,,,,,,,,,,,,,,,,,,,
770,10,FREECAM_3D,25.7,1088073,33205.352783203125,1243,37.933349609375,26.362027353177794,18,0.54931640625,1225,37.384033203125,0,0.0,0xCAC6071D,3,2468,528,0.01171875,9.640625,2.0625,0,0x14,0,0,0,1,0,1,0,0,0,1,,,,,,,,,,,,,,,,,,,,,,
771,10,FREECAM_3D,25.733333333333334,1089317,33243.316650390625,1244,37.9638671875,26.340836012861736,18,0.54931640625,1225,37.384033203125,1,0.030517578125,0xAB0FE09C,3,2468,549,0.01171875,9.640625,2.14453125,0,0x14,0,0,0,1,0,1,0,0,0,1,,,,,,,,,,,,,,,,,,,,,,
772,10,FREECAM_3D,25.766666666666666,1090558,33281.18896484375,1241,37.872314453125,26.404512489927477,18,0.54931640625,1222,37.29248046875,1,0.030517578125,0x6E0C8873,3,2468,570,0.01171875,9.640625,2.2265625,0,0x14,0,0,0,1,0,1,0,0,0,1,,,,,,,,,,,,,,,,,,,,,,
773,10,FREECAM_3D,25.8,1091796,33318.9697265625,1238,37.78076171875,26.468497576736674,18,0.54931640625,1219,37.200927734375,1,0.030517578125,0x44E06012,3,2468,591,0.01171875,9.640625,2.30859375,0,0x14,0,0,0,1,0,1,0,0,0,1,,,,,,,,,,,,,,,,,,,,,,
774,10,FREECAM_3D,25.833333333333332,1093030,33356.62841796875,1234,37.65869140625,26.554294975688816,18,0.54931640625,1215,37.078857421875,1,0.030517578125,0x40A22339,3,2468,612,0.01171875,9.640625,2.390625,0,0x14,0,0,0,1,0,1,0,0,0,1,,,,,,,,,,,,,,,,,,,,,,
775,10,FREECAM_3D,25.866666666666667,1094266,33394.34814453125,1236,37.7197265625,26.511326860841425,18,0.54931640625,1217,37.139892578125,1,0.030517578125,0x80883878,3,2468,633,0.01171875,9.640625,2.47265625,0,0x14,0,0,0,1,0,1,0,0,0,1,,,,,,,,,,,,,,,,,,,,,,
776,10,FREECAM_3D,25.9,1095495,33431.854248046875,1229,37.506103515625,26.66232709519935,18,0.54931640625,1211,36.956787109375,0,0.0,0x74684B0F,3,2468,654,0.01171875,9.640625,2.5546875,0,0x14,0,0,0,1,0,1,0,0,0,1,,,,,,,,,,,,,,,,,,,,,,
777,10,FREECAM_3D,25.933333333333334,1096720,33469.23828125,1225,37.384033203125,26.749387755102042,18,0.54931640625,1207,36.834716796875,0,0.0,0x65B5D9EE,3,2468,675,0.01171875,9.640625,2.63671875,0,0x14,0,0,0,1,0,1,0,0,0,1,,,,,,,,,,,,,,,,,,,,,,
778,10,FREECAM_3D,25.966666666666665,1097946,33506.65283203125,1226,37.41455078125,26.72756933115824,18,0.54931640625,1207,36.834716796875,1,0.030517578125,0x1E6F2665,3,2468,696,0.01171875,9.640625,2.71875,0,0x14,0,0,0,1,0,1,0,0,0,1,,,,,,,,,,,,,,,,,,,,,,
779,10,FREECAM_3D,26.0,1099167,33543.914794921875,1221,37.261962890625,26.83701883701884,18,0.54931640625,1202,36.68212890625,1,0.030517578125,0xBB8A8BE4,3,2468,717,0.01171875,9.640625,2.80078125,0,0x14,0,0,0,1,0,1,0,0,0,1,,,,,,,,,,,,,,,,,,,,,,
780,10,FREECAM_3D,26.033333333333335,1100384,33581.0546875,1217,37.139892578125,26.925225965488906,18,0.54931640625,1198,36.56005859375,1,0.030517578125,0xDB7816DB,3,2468,738,0.01171875,9.640625,2.8828125,0,0x14,0,0,0,1,0,1,0,0,0,1,,,,,,,,,,,,,,,,,,,,,,
781,10,FREECAM_3D,26.066666666666666,1101598,33618.10302734375,1214,37.04833984375,26.99176276771005,18,0.54931640625,1196,36.4990234375,0,0.0,0x62D805FA,3,2468,759,0.01171875,9.640625,2.96484375,0,0x14,0,0,0,1,0,1,0,0,0,1,,,,,,,,,,,,,,,,,,,,,,
782,10,FREECAM_3D,26.1,1102816,33655.2734375,1218,37.17041015625,26.90311986863711,18,0.54931640625,1199,36.590576171875,1,0.030517578125,0x65DFB648,3,2468,738,0.01171875,9.640625,2.8828125,0,0x14,0,0,0,1,0,1,0,0,0,1,,,,,,,,,,,,,,,,,,,,,,
783,10,FREECAM_3D,26.133333333333333,1104037,33692.535400390625,1221,37.261962890625,26.83701883701884,18,0.54931640625,1202,36.68212890625,1,0.030517578125,0xF2845113,3,2468,717,0.01171875,9.640625,2.80078125,0,0x14,0,0,0,1,0,1,0,0,0,1,,,,,,,,,,,,,,,,,,,,,,
784,10,FREECAM_3D,26.166666666666668,1105261,33729.888916015625,1224,37.353515625,26.77124183006536,18,0.54931640625,1206,36.80419921875,0,0.0,0xCE7B014A,3,2468,696,0.01171875,9.640625,2.71875,0,0x14,0,0,0,1,0,1,0,0,0,1,,,,,,,,,,,,,,,,,,,,,,
785,10,FREECAM_3D,26.2,1106485,33767.242431640625,1224,37.353515625,26.77124183006536,17,0.518798828125,1207,36.834716796875,0,0.0,0x925B10E5,3,2468,675,0.01171875,9.640625,2.63671875,0,0x14,0,0,0,1,0,1,0,0,0,1,,,,,,,,,,,,,,,,,,,,,,
786,10,FREECAM_3D,26.233333333333334,1107716,33804.8095703125,1231,37.567138671875,26.61900893582453,18,0.54931640625,1212,36.9873046875,1,0.030517578125,0x5F5A5E4C,3,2468,654,0.01171875,9.640625,2.5546875,0,0x14,0,0,0,1,0,1,0,0,0,1,,,,,,,,,,,,,,,,,,,,,,
787,10,FREECAM_3D,26.266666666666666,1108952,33842.529296875,1236,37.7197265625,26.511326860841425,18,0.54931640625,1217,37.139892578125,1,0.030517578125,0x1EC68647,3,2468,633,0.01171875,9.640625,2.47265625,0,0x14,0,0,0,1,0,1,0,0,0,1,,,,,,,,,,,,,,,,,,,,,,
788,10,FREECAM_3D,26.3,1110185,33880.157470703125,1233,37.628173828125,26.575831305758314,18,0.54931640625,1215,37.078857421875,0,0.0,0xA9D9C03E,3,2468,612,0.01171875,9.640625,2.390625,0,0x14,0,0,0,1,0,1,0,0,0,1,,,,,,,,,,,,,,,,,,,,,,
789,10,FREECAM_3D,26.333333333333332,1111421,33917.877197265625,1236,37.7197265625,26.511326860841425,17,0.518798828125,1219,37.200927734375,0,0.0,0x3A53DC19,3,2468,591,0.01171875,9.640625,2.30859375,0,0x14,0,0,0,1,0,1,0,0,0,1,,,,,,,,,,,,,,,,,,,,,,
790,10,FREECAM_3D,26.366666666666667,1112660,33955.6884765625,1239,37.811279296875,26.447134786117836,17,0.518798828125,1222,37.29248046875,0,0.0,0x460FB860,3,2468,570,0.01171875,9.640625,2.2265625,0,0x14,0,0,0,1,0,1,0,0,0,1,,,,,,,,,,,,,,,,,,,,,,
791,10,FREECAM_3D,26.4,1113903,33993.621826171875,1243,37.933349609375,26.362027353177794,18,0.54931640625,1224,37.353515625,1,0.030517578125,0xF378EFAB,3,2468,549,0.01171875,9.640625,2.14453125,0,0x14,0,0,0,1,0,1,0,0,0,1,,,,,,,,,,,,,,,,,,,,,,
792,10,FREECAM_3D,26.433333333333334,1115148,34031.6162109375,1245,37.994384765625,26.31967871485944,18,0.54931640625,1226,37.41455078125,1,0.030517578125,0xE192D4A2,3,2468,528,0.01171875,9.640625,2.0625,0,0x14,0,0,0,1,0,1,0,0,0,1,,,,,,,,,,,,,,,,,,,,,,
793,10,FREECAM_3D,26.466666666666665,1116396,34069.7021484375,1248,38.0859375,26.256410256410255,18,0.54931640625,1230,37.53662109375,0,0.0,0xD0839570,3,2468,507,0.01171875,9.640625,1.98046875,0,0x14,0,0,0,1,0,1,0,0,0,1,,,,,,,,,,,,,,,,,,,,,,
794,10,FREECAM_3D,26.5,1117646,34107.84912109375,1250,38.14697265625,26.2144,18,0.54931640625,1231,37.567138671875,1,0.030517578125,0x0298A6A1,3,2468,486,0.01171875,9.640625,1.8984375,0,0x14,0,0,0,1,0,1,0,0,0,1,,,,,,,,,,,,,,,,,,,,,,
795,10,FREECAM_3D,26.533333333333335,1118898,34146.05712890625,1252,38.2080078125,26.17252396166134,18,0.54931640625,1233,37.628173828125,1,0.030517578125,0x96F755AE,3,2468,465,0.01171875,9.640625,1.81640625,0,0x14,0,0,0,1,0,1,0,0,0,1,,,,,,,,,,,,,,,,,,,,,,
796,10,FREECAM_3D,26.566666666666666,1120145,34184.112548828125,1247,38.055419921875,26.27746591820369,18,0.54931640625,1228,37.4755859375,1,0.030517578125,0x7B524AA7,3,2468,444,0.01171875,9.640625,1.734375,0,0x14,0,0,0,1,0,1,0,0,0,1,,,,,,,,,,,,,,,,,,,,,,
797,10,FREECAM_3D,26.6,1121389,34222.076416015625,1244,37.9638671875,26.340836012861736,18,0.54931640625,1225,37.384033203125,1,0.030517578125,0xF7553ED4,3,2468,423,0.01171875,9.640625,1.65234375,0,0x14,0,0,0,1,0,1,0,0,0,1,,,,,,,,,,,,,,,,,,,,,,
798,10,FREECAM_3D,26.633333333333333,1122634,34260.07080078125,1245,37.994384765625,26.31967871485944,18,0.54931640625,1227,37.445068359375,0,0.0,0xFF87F2E5,3,2468,402,0.01171875,9.640625,1.5703125,0,0x14,0,0,0,1,0,1,0,0,0,1,,,,,,,,,,,,,,,,,,,,,,
799,10,FREECAM_3D,26.666666666666668,1123880,34298.095703125,1246,38.02490234375,26.298555377207062,17,0.518798828125,1229,37.506103515625,0,0.0,0x8649B8B2,3,2468,381,0.01171875,9.640625,1.48828125,0,0x14,0,0,0,1,0,1,0,0,0,1,,,,,,,,,,,,,,,,,,,,,,
800,10,FREECAM_3D,26.7,1125125,34336.090087890625,1245,37.994384765625,26.31967871485944,17,0.518798828125,1228,37.4755859375,0,0.0,0xC0FA100B,3,2468,360,0.01171875,9.640625,1.40625,0,0x14,0,0,0,1,0,1,0,0,0,1,,,,,,,,,,,,,,,,,,,,,,
801,10,FREECAM_3D,26.733333333333334,1126372,34374.1455078125,1247,38.055419921875,26.27746591820369,18,0.54931640625,1229,37.506103515625,0,0.0,0x95C89B68,3,2468,339,0.01171875,9.640625,1.32421875,0,0x14,0,0,0,1,0,1,0,0,0,1,,,,,,,,,,,,,,,,,,,,,,
802,10,FREECAM_3D,26.766666666666666,1127621,34412.261962890625,1249,38.116455078125,26.235388310648517,17,0.518798828125,1232,37.59765625,0,0.0,0xE8578599,3,2468,318,0.01171875,9.640625,1.2421875,0,0x14,0,0,0,1,0,1,0,0,0,1,,,,,,,,,,,,,,,,,,,,,,
803,10,FREECAM_3D,26.8,1128872,34450.439453125,1251,38.177490234375,26.193445243804955,18,0.54931640625,1232,37.59765625,1,0.030517578125,0x0F446DC6,3,2468,297,0.01171875,9.640625,1.16015625,0,0x14,0,0,0,1,0,1,0,0,0,1,,,,,,,,,,,,,,,,,,,,,,
804,10,FREECAM_3D,26.833333333333332,1130124,34488.6474609375,1252,38.2080078125,26.17252396166134,18,0.54931640625,1233,37.628173828125,1,0.030517578125,0xEEE9D65F,3,2468,276,0.01171875,9.640625,1.078125,0,0x14,0,0,0,1,0,1,0,0,0,1,,,,,,,,,,,,,,,,,,,,,,
805,10,FREECAM_3D,26.866666666666667,1131377,34526.885986328125,1253,38.238525390625,26.151636073423784,18,0.54931640625,1234,37.65869140625,1,0.030517578125,0x52A5135F,3,2468,255,0.01171875,9.640625,0.99609375,0,0x14,0,0,0,1,0,1,0,0,0,1,,,,,,,,,,,,,,,,,,,,,,
806,10,FREECAM_3D,26.9,1132628,34565.0634765625,1251,38.177490234375,26.193445243804955,18,0.54931640625,1233,37.628173828125,0,0.0,0x44FB15E2,3,2468,234,0.01171875,9.640625,0.9140625,0,0x14,0,0,0,1,0,1,0,0,0,1,,,,,,,,,,,,,,,,,,,,,,
807,10,FREECAM_3D,26.933333333333334,1133879,34603.240966796875,1251,38.177490234375,26.193445243804955,18,0.54931640625,1233,37.628173828125,0,0.0,0xD485F245,3,2468,213,0.01171875,9.640625,0.83203125,0,0x14,0,0,0,1,0,1,0,0,0,1,,,,,,,,,,,,,,,,,,,,,,
808,10,FREECAM_3D,26.966666666666665,1135130,34641.41845703125,1251,38.177490234375,26.193445243804955,18,0.54931640625,1233,37.628173828125,0,0.0,0x4D5E4FC0,3,2468,192,0.01171875,9.640625,0.75,0,0x14,0,0,0,1,0,1,0,0,0,1,,,,,,,,,,,,,,,,,,,,,,
809,10,FREECAM_3D,27.0,1136386,34679.74853515625,1256,38.330078125,26.089171974522294,18,0.54931640625,1237,37.750244140625,1,0.030517578125,0xE2A33C23,3,2468,171,0.01171875,9.640625,0.66796875,0,0x14,0,0,0,1,0,1,0,0,0,1,,,,,,,,,,,,,,,,,,,,,,
810,10,FREECAM_3D,27.033333333333335,1137639,34717.987060546875,1253,38.238525390625,26.151636073423784,18,0.54931640625,1234,37.65869140625,1,0.030517578125,0x03B947B6,3,2468,150,0.01171875,9.640625,0.5859375,0,0x14,0,0,0,1,0,1,0,0,0,1,,,,,,,,,,,,,,,,,,,,,,
811,10,FREECAM_3D,27.066666666666666,1138892,34756.2255859375,1253,38.238525390625,26.151636073423784,18,0.54931640625,1234,37.65869140625,1,0.030517578125,0x4C12C299,3,2468,129,0.01171875,9.640625,0.50390625,0,0x14,0,0,0,1,0,1,0,0,0,1,,,,,,,,,,,,,,,,,,,,,,
812,10,FREECAM_3D,27.1,1140146,34794.49462890625,1254,38.26904296875,26.130781499202552,18,0.54931640625,1236,37.7197265625,0,0.0,0x263CFA04,3,2468,108,0.01171875,9.640625,0.421875,0,0x14,0,0,0,1,0,1,0,0,0,1,,,,,,,,,,,,,,,,,,,,,,
813,10,FREECAM_3D,27.133333333333333,1141400,34832.763671875,1254,38.26904296875,26.130781499202552,18,0.54931640625,1236,37.7197265625,0,0.0,0x5FEC65D7,3,2468,87,0.01171875,9.640625,0.33984375,0,0x14,0,0,0,1,0,1,0,0,0,1,,,,,,,,,,,,,,,,,,,,,,
814,10,FREECAM_3D,27.166666666666668,1142656,34871.09375,1256,38.330078125,26.089171974522294,18,0.54931640625,1238,37.78076171875,0,0.0,0x4C6FF3FA,3,2468,66,0.01171875,9.640625,0.2578125,0,0x14,0,0,0,1,0,1,0,0,0,1,,,,,,,,,,,,,,,,,,,,,,
815,10,FREECAM_3D,27.2,1143913,34909.454345703125,1257,38.360595703125,26.068416865552905,18,0.54931640625,1238,37.78076171875,1,0.030517578125,0x15EA0094,3,2468,64,0.01171875,9.640625,0.25,0,0x14,0,0,0,1,0,1,0,0,0,1,,,,,,,,,,,,,,,,,,,,,,
816,10,FREECAM_3D,27.233333333333334,1145169,34947.784423828125,1256,38.330078125,26.089171974522294,19,0.579833984375,1237,37.750244140625,0,0.0,0x15EA0094,3,2468,64,0.01171875,9.640625,0.25,0,0x10,0,0,0,0,0,1,0,0,0,1,,,,,,,,,,,,,,,,,,,,,,
817,10,FREECAM_3D,27.266666666666666,1146426,34986.14501953125,1257,38.360595703125,26.068416865552905,19,0.579833984375,1237,37.750244140625,1,0.030517578125,0x15EA0094,3,2468,64,0.01171875,9.640625,0.25,0,0x10,0,0,0,0,0,1,0,0,0,1,,,,,,,,,,,,,,,,,,,,,,
818,10,FREECAM_3D,27.3,1147682,35024.47509765625,1256,38.330078125,26.089171974522294,19,0.579833984375,1237,37.750244140625,0,0.0,0x15EA0094,3,2468,64,0.01171875,9.640625,0.25,0,0x10,0,0,0,0,0,1,0,0,0,1,,,,,,,,,,,,,,,,,,,,,,
819,10,FREECAM_3D,27.333333333333332,1148939,35062.835693359375,1257,38.360595703125,26.068416865552905,19,0.579833984375,1237,37.750244140625,1,0.030517578125,0x15EA0094,3,2468,64,0.01171875,9.640625,0.25,0,0x10,0,0,0,0,0,1,0,0,0,1,,,,,,,,,,,,,,,,,,,,,,
820,10,FREECAM_3D,27.366666666666667,1150195,35101.165771484375,1256,38.330078125,26.089171974522294,19,0.579833984375,1237,37.750244140625,0,0.0,0x15EA0094,3,2468,64,0.01171875,9.640625,0.25,0,0x10,0,0,0,0,0,1,0,0,0,1,,,,,,,,,,,,,,,,,,,,,,
821,10,FREECAM_3D,27.4,1151452,35139.5263671875,1257,38.360595703125,26.068416865552905,19,0.579833984375,1237,37.750244140625,1,0.030517578125,0x15EA0094,3,2468,64,0.01171875,9.640625,0.25,0,0x10,0,0,0,0,0,1,0,0,0,1,,,,,,,,,,,,,,,,,,,,,,
822,10,FREECAM_3D,27.433333333333334,1152708,35177.8564453125,1256,38.330078125,26.089171974522294,19,0.579833984375,1237,37.750244140625,0,0.0,0x15EA0094,3,2468,64,0.01171875,9.640625,0.25,0,0x10,0,0,0,0,0,1,0,0,0,1,,,,,,,,,,,,,,,,,,,,,,
823,10,FREECAM_3D,27.466666666666665,1153965,35216.217041015625,1257,38.360595703125,26.068416865552905,19,0.579833984375,1237,37.750244140625,1,0.030517578125,0x15EA0094,3,2468,64,0.01171875,9.640625,0.25,0,0x10,0,0,0,0,0,1,0,0,0,1,,,,,,,,,,,,,,,,,,,,,,
824,10,FREECAM_3D,27.5,1155221,35254.547119140625,1256,38.330078125,26.089171974522294,19,0.579833984375,1237,37.750244140625,0,0.0,0x15EA0094,3,2468,64,0.01171875,9.640625,0.25,0,0x10,0,0,0,0,0,1,0,0,0,1,,,,,,,,,,,,,,,,,,,,,,
825,10,FREECAM_3D,27.533333333333335,1156477,35292.877197265625,1256,38.330078125,26.089171974522294,19,0.579833984375,1237,37.750244140625,0,0.0,0x15EA0094,3,2468,64,0.01171875,9.640625,0.25,0,0x10,0,0,0,0,0,1,0,0,0,1,,,,,,,,,,,,,,,,,,,,,,
826,10,FREECAM_3D,27.566666666666666,1157735,35331.268310546875,1258,38.39111328125,26.047694753577108,19,0.579833984375,1238,37.78076171875,1,0.030517578125,0x15EA0094,3,2468,64,0.01171875,9.640625,0.25,0,0x10,0,0,0,0,0,1,0,0,0,1,,,,,,,,,,,,,,,,,,,,,,
827,10,FREECAM_3D,27.6,1158991,35369.598388671875,1256,38.330078125,26.089171974522294,19,0.579833984375,1237,37.750244140625,0,0.0,0x15EA0094,3,2468,64,0.01171875,9.640625,0.25,0,0x10,0,0,0,0,0,1,0,0,0,1,,,,,,,,,,,,,,,,,,,,,,
828,10,FREECAM_3D,27.633333333333333,1160249,35407.989501953125,1258,38.39111328125,26.047694753577108,19,0.579833984375,1238,37.78076171875,1,0.030517578125,0x15EA0094,3,2468,64,0.01171875,9.640625,0.25,0,0x10,0,0,0,0,0,1,0,0,0,1,,,,,,,,,,,,,,,,,,,,,,
829,10,FREECAM_3D,27.666666666666668,1161505,35446.319580078125,1256,38.330078125,26.089171974522294,19,0.579833984375,1237,37.750244140625,0,0.0,0x15EA0094,3,2468,64,0.01171875,9.640625,0.25,0,0x10,0,0,0,0,0,1,0,0,0,1,,,,,,,,,,,,,,,,,,,,,,
830,10,FREECAM_3D,27.7,1162774,35485.04638671875,1269,38.726806640625,25.821907013396377,24,0.732421875,1244,37.9638671875,1,0.030517578125,0x52BD6CDC,15,2454,74,0.05859375,9.5859375,0.2890625,0,0x14,0,0,0,1,0,1,1,1,0,0,,,,,,,,,,,,,,,,,,,,,,
831,10,FREECAM_3D,27.733333333333334,1164045,35523.834228515625,1271,38.787841796875,25.781274586939418,24,0.732421875,1247,38.055419921875,0,0.0,0xD74FF083,28,2441,84,0.109375,9.53515625,0.328125,0,0x14,0,0,0,1,0,1,1,1,0,0,,,,,,,,,,,,,,,,,,,,,,
832,10,FREECAM_3D,27.766666666666666,1165450,35566.71142578125,1405,42.877197265625,23.322419928825624,24,0.732421875,1380,42.1142578125,1,0.030517578125,0x67B4D90A,42,2429,94,0.1640625,9.48828125,0.3671875,0,0x14,0,0,0,1,0,1,1,1,0,0,,,,,,,,,,,,,,,,,,,,,,
833,10,FREECAM_3D,27.8,1166861,35609.771728515625,1411,43.060302734375,23.223245924875975,25,0.762939453125,1385,42.266845703125,1,0.030517578125,0x61F2FB2B,57,2418,104,0.22265625,9.4453125,0.40625,0,0x14,0,0,0,1,0,1,1,1,0,0,,,,,,,,,,,,,,,,,,,,,,
834,10,FREECAM_3D,27.833333333333332,1168269,35652.740478515625,1408,42.96875,23.272727272727273,24,0.732421875,1384,42.236328125,0,0.0,0x40E7F905,72,2408,114,0.28125,9.40625,0.4453125,0,0x14,0,0,0,1,0,1,1,1,0,0,,,,,,,,,,,,,,,,,,,,,,
835,10,FREECAM_3D,27.866666666666667,1169680,35695.80078125,1411,43.060302734375,23.223245924875975,24,0.732421875,1386,42.29736328125,1,0.030517578125,0x8313C4A5,88,2400,124,0.34375,9.375,0.484375,0,0x14,0,0,0,1,0,1,1,1,0,0,,,,,,,,,,,,,,,,,,,,,,
836,10,FREECAM_3D,27.9,1170999,35736.053466796875,1319,40.252685546875,24.84306292645944,25,0.762939453125,1293,39.459228515625,1,0.030517578125,0x24D43927,105,2393,134,0.41015625,9.34765625,0.5234375,0,0x14,0,0,0,1,0,1,1,1,0,0,,,,,,,,,,,,,,,,,,,,,,
837,10,FREECAM_3D,27.933333333333334,1172316,35776.2451171875,1317,40.191650390625,24.88078967350038,24,0.732421875,1293,39.459228515625,0,0.0,0xA292C121,122,2387,144,0.4765625,9.32421875,0.5625,0,0x14,0,0,0,1,0,1,1,1,0,0,,,,,,,,,,,,,,,,,,,,,,
838,10,FREECAM_3D,27.966666666666665,1173631,35816.375732421875,1315,40.130615234375,24.918631178707223,24,0.732421875,1290,39.36767578125,1,0.030517578125,0xFEB3DA71,140,2382,154,0.546875,9.3046875,0.6015625,0,0x14,0,0,0,1,0,1,1,1,0,0,,,,,,,,,,,,,,,,,,,,,,
839,10,FREECAM_3D,28.0,1175169,35863.311767578125,1538,46.93603515625,21.30559167750325,25,0.762939453125,1513,46.173095703125,0,0.0,0x9F314D1C,158,2379,164,0.6171875,9.29296875,0.640625,0,0x14,0,0,0,1,0,1,1,1,0,0,,,,,,,,,,,,,,,,,,,,,,
840,10,FREECAM_3D,28.033333333333335,1176715,35910.491943359375,1546,47.18017578125,21.195342820181114,24,0.732421875,1522,46.44775390625,0,0.0,0x5F9A1335,176,2377,174,0.6875,9.28515625,0.6796875,0,0x14,0,0,0,1,0,1,1,1,0,0,,,,,,,,,,,,,,,,,,,,,,
841,10,FREECAM_3D,28.066666666666666,1178268,35957.8857421875,1553,47.393798828125,21.099806825499034,24,0.732421875,1529,46.661376953125,0,0.0,0x191BEFC4,194,2376,184,0.7578125,9.28125,0.71875,0,0x14,0,0,0,1,0,1,1,1,0,0,,,,,,,,,,,,,,,,,,,,,,
842,10,FREECAM_3D,28.1,1179837,36005.767822265625,1569,47.882080078125,20.88463989802422,24,0.732421875,1544,47.119140625,1,0.030517578125,0xF81F3FA2,212,2376,194,0.828125,9.28125,0.7578125,0,0x14,0,0,0,1,0,1,1,1,0,0,,,,,,,,,,,,,,,,,,,,,,
843,10,FREECAM_3D,28.133333333333333,1181424,36054.19921875,1587,48.431396484375,20.647763074984248,24,0.732421875,1563,47.698974609375,0,0.0,0x6A0A22B9,230,2377,204,0.8984375,9.28515625,0.796875,0,0x14,0,0,0,1,0,1,1,1,0,0,,,,,,,,,,,,,,,,,,,,,,
844,10,FREECAM_3D,28.166666666666668,1183048,36103.759765625,1624,49.560546875,20.177339901477833,24,0.732421875,1599,48.797607421875,1,0.030517578125,0xF257D097,248,2380,214,0.96875,9.296875,0.8359375,0,0x14,0,0,0,1,0,1,1,1,0,0,,,,,,,,,,,,,,,,,,,,,,
845,10,FREECAM_3D,28.2,1184709,36154.449462890625,1661,50.689697265625,19.72787477423239,24,0.732421875,1637,49.957275390625,0,0.0,0x65803F82,266,2384,224,1.0390625,9.3125,0.875,0,0x14,0,0,0,1,0,1,1,1,0,0,,,,,,,,,,,,,,,,,,,,,,
846,10,FREECAM_3D,28.233333333333334,1186407,36206.268310546875,1698,51.81884765625,19.297997644287396,24,0.732421875,1674,51.08642578125,0,0.0,0x67365819,283,2389,234,1.10546875,9.33203125,0.9140625,0,0x14,0,0,0,1,0,1,1,1,0,0,,,,,,,,,,,,,,,,,,,,,,
847,10,FREECAM_3D,28.266666666666666,1188157,36259.674072265625,1750,53.40576171875,18.72457142857143,24,0.732421875,1726,52.67333984375,0,0.0,0x104A20FB,300,2396,244,1.171875,9.359375,0.953125,0,0x14,0,0,0,1,0,1,1,1,0,0,,,,,,,,,,,,,,,,,,,,,,
848,10,FREECAM_3D,28.3,1189923,36313.568115234375,1766,53.89404296875,18.55492638731597,24,0.732421875,1741,53.131103515625,1,0.030517578125,0x6665B920,316,2404,254,1.234375,9.390625,0.9921875,0,0x14,0,0,0,1,0,1,1,1,0,0,,,,,,,,,,,,,,,,,,,,,,
849,10,FREECAM_3D,28.333333333333332,1191652,36366.3330078125,1729,52.764892578125,18.951995373048003,24,0.732421875,1705,52.032470703125,0,0.0,0x3F6F3346,332,2413,264,1.296875,9.42578125,1.03125,0,0x14,0,0,0,1,0,1,1,1,0,0,,,,,,,,,,,,,,,,,,,,,,
850,10,FREECAM_3D,28.366666666666667,1193351,36418.182373046875,1699,51.849365234375,19.286639199529134,24,0.732421875,1674,51.08642578125,1,0.030517578125,0xAEF07C4C,347,2423,274,1.35546875,9.46484375,1.0703125,0,0x14,0,0,0,1,0,1,1,1,0,0,,,,,,,,,,,,,,,,,,,,,,
851,10,FREECAM_3D,28.4,1195032,36469.482421875,1681,51.300048828125,19.493158834027366,24,0.732421875,1657,50.567626953125,0,0.0,0x61E64260,361,2434,284,1.41015625,9.5078125,1.109375,0,0x14,0,0,0,1,0,1,1,1,0,0,,,,,,,,,,,,,,,,,,,,,,
852,10,FREECAM_3D,28.433333333333334,1196703,36520.477294921875,1671,50.994873046875,19.6098144823459,24,0.732421875,1647,50.262451171875,0,0.0,0xC82711CF,374,2447,294,1.4609375,9.55859375,1.1484375,0,0x14,0,0,0,1,0,1,1,1,0,0,,,,,,,,,,,,,,,,,,,,,,
853,10,FREECAM_3D,28.466666666666665,1198295,36569.061279296875,1592,48.583984375,20.582914572864322,24,0.732421875,1567,47.821044921875,1,0.030517578125,0xB2A40B9D,386,2460,304,1.5078125,9.609375,1.1875,0,0x1C,0,0,0,1,1,1,1,1,0,0,,,,,,,,,,,,,,,,,,,,,,
