frame_index,section_id,section_name,simulation_time_seconds,measured_elapsed_ticks,measured_elapsed_ms,total_ticks,total_ms,instantaneous_fps,update_ticks,update_ms,render_ticks,render_ms,swap_ticks,swap_ms,state_hash,position_x_raw,position_y_raw,position_z_raw,position_x,position_y,position_z,room,flags,detailed,excluded_from_clean_stats,crossed_portal,changed,section_end,freecam,move_axis,turn_axis,look_axis,buttons_active,detail_corrected_total_ms,admin_corrected_ms,setup_corrected_ms,root_geometry_corrected_ms,root_fill_corrected_ms,portal_setup_corrected_ms,portal_geometry_corrected_ms,portal_fill_corrected_ms,wait_corrected_ms,present_corrected_ms,overlay_corrected_ms,transformed_vertices,projected_points,rasterized_polygons,raster_rows,filled_spans,filled_pixels,portal_composite_pixels,portal_clip_pixels,full_portal_views,lod_portal_views,edge_division_fallbacks
0,1,DUAL_PORTAL_0,0.03333333333333333,2667,81.390380859375,2667,81.390380859375,12.286464191976004,142,4.33349609375,2525,77.056884765625,0,0.0,0xBC402998,-1,533,384,-0.00390625,2.08203125,1.5,0,0x04,0,0,0,1,0,0,1,1,0,0,,,,,,,,,,,,,,,,,,,,,,
1,1,DUAL_PORTAL_0,0.06666666666666667,5378,164.12353515625,2711,82.733154296875,12.087052748063446,143,4.364013671875,2567,78.338623046875,1,0.030517578125,0x76FEBA01,-4,554,384,-0.015625,2.1640625,1.5,0,0x04,0,0,0,1,0,0,1,1,0,0,,,,,,,,,,,,,,,,,,,,,,
2,1,DUAL_PORTAL_0,0.1,7988,243.7744140625,2610,79.65087890625,12.554789272030652,135,4.119873046875,2475,75.531005859375,0,0.0,0x819A4757,-7,575,384,-0.02734375,2.24609375,1.5,0,0x04,0,0,0,1,0,0,1,0,0,0,,,,,,,,,,,,,,,,,,,,,,
3,1,DUAL_PORTAL_0,0.13333333333333333,10443,318.695068359375,2455,74.920654296875,13.34745417515275,136,4.150390625,2318,70.73974609375,1,0.030517578125,0x9A2DBF51,-10,596,384,-0.0390625,2.328125,1.5,0,0x04,0,0,0,1,0,0,1,0,0,0,,,,,,,,,,,,,,,,,,,,,,
4,1,DUAL_PORTAL_0,0.16666666666666666,12852,392.2119140625,2409,73.516845703125,13.602324616023246,136,4.150390625,2272,69.3359375,1,0.030517578125,0xF2C8091B,-13,617,384,-0.05078125,2.41015625,1.5,0,0x04,0,0,0,1,0,0,1,0,0,0,,,,,,,,,,,,,,,,,,,,,,
5,1,DUAL_PORTAL_0,0.2,15252,465.4541015625,2400,73.2421875,13.653333333333334,136,4.150390625,2263,69.061279296875,1,0.030517578125,0x1C9CC281,-16,638,384,-0.0625,2.4921875,1.5,0,0x04,0,0,0,1,0,0,1,0,0,0,,,,,,,,,,,,,,,,,,,,,,
6,1,DUAL_PORTAL_0,0.23333333333333334,17581,536.529541015625,2329,71.075439453125,14.069557750107343,136,4.150390625,2193,66.925048828125,0,0.0,0x29C13DAF,-19,659,384,-0.07421875,2.57421875,1.5,0,0x04,0,0,0,1,0,0,1,0,0,0,,,,,,,,,,,,,,,,,,,,,,
7,1,DUAL_PORTAL_0,0.26666666666666666,19968,609.375,2387,72.845458984375,13.727691663175534,136,4.150390625,2251,68.695068359375,0,0.0,0x0977F071,-22,680,384,-0.0859375,2.65625,1.5,0,0x04,0,0,0,1,0,0,1,0,0,0,,,,,,,,,,,,,,,,,,,,,,
8,1,DUAL_PORTAL_0,0.3,22413,683.990478515625,2445,74.615478515625,13.402044989775051,136,4.150390625,2308,70.4345703125,1,0.030517578125,0x1812DAEB,-25,701,384,-0.09765625,2.73828125,1.5,0,0x04,0,0,0,1,0,0,1,0,0,0,,,,,,,,,,,,,,,,,,,,,,
9,1,DUAL_PORTAL_0,0.3333333333333333,24860,758.6669921875,2447,74.676513671875,13.391091131998365,136,4.150390625,2311,70.526123046875,0,0.0,0xBA6DF311,-28,722,384,-0.109375,2.8203125,1.5,0,0x04,0,0,0,1,0,0,1,0,0,0,,,,,,,,,,,,,,,,,,,,,,
10,1,DUAL_PORTAL_0,0.36666666666666664,27526,840.02685546875,2666,81.35986328125,12.291072768192048,143,4.364013671875,2523,76.995849609375,0,0.0,0xA1D6465C,-27,701,384,-0.10546875,2.73828125,1.5,0,0x04,0,0,0,1,0,0,-1,-1,0,0,,,,,,,,,,,,,,,,,,,,,,
11,1,DUAL_PORTAL_0,0.4,30180,921.0205078125,2654,80.99365234375,12.346646571213263,143,4.364013671875,2511,76.629638671875,0,0.0,0x09AAEEE2,-27,680,384,-0.10546875,2.65625,1.5,0,0x04,0,0,0,1,0,0,-1,-1,0,0,,,,,,,,,,,,,,,,,,,,,,
12,1,DUAL_PORTAL_0,0.43333333333333335,32957,1005.767822265625,2777,84.747314453125,11.799783939503062,142,4.33349609375,2634,80.38330078125,1,0.030517578125,0x75D5167E,-28,659,384,-0.109375,2.57421875,1.5,0,0x04,0,0,0,1,0,0,-1,-1,0,0,,,,,,,,,,,,,,,,,,,,,,
13,1,DUAL_PORTAL_0,0.4666666666666667,35667,1088.470458984375,2710,82.70263671875,12.091512915129151,142,4.33349609375,2567,78.338623046875,1,0.030517578125,0x460C50D1,-31,638,384,-0.12109375,2.4921875,1.5,0,0x04,0,0,0,1,0,0,-1,-1,0,0,,,,,,,,,,,,,,,,,,,,,,
14,1,DUAL_PORTAL_0,0.5,38305,1168.975830078125,2638,80.50537109375,12.42153146322972,136,4.150390625,2501,76.324462890625,1,0.030517578125,0x4D689D83,-34,617,384,-0.1328125,2.41015625,1.5,0,0x04,0,0,0,1,0,0,-1,0,0,0,,,,,,,,,,,,,,,,,,,,,,
15,1,DUAL_PORTAL_0,0.5333333333333333,40718,1242.61474609375,2413,73.638916015625,13.579776212184003,136,4.150390625,2277,69.488525390625,0,0.0,0xBC317319,-37,596,384,-0.14453125,2.328125,1.5,0,0x04,0,0,0,1,0,0,-1,0,0,0,,,,,,,,,,,,,,,,,,,,,,
16,1,DUAL_PORTAL_0,0.5666666666666667,43045,1313.629150390625,2327,71.014404296875,14.081650193382037,136,4.150390625,2190,66.83349609375,1,0.030517578125,0x0D981DBF,-40,575,384,-0.15625,2.24609375,1.5,0,0x04,0,0,0,1,0,0,-1,0,0,0,,,,,,,,,,,,,,,,,,,,,,
17,1,DUAL_PORTAL_0,0.6,45485,1388.092041015625,2440,74.462890625,13.429508196721311,136,4.150390625,2304,70.3125,0,0.0,0xA121AE41,-43,554,384,-0.16796875,2.1640625,1.5,0,0x04,0,0,0,1,0,0,-1,0,0,0,,,,,,,,,,,,,,,,,,,,,,
18,1,DUAL_PORTAL_0,0.6333333333333333,47997,1464.752197265625,2512,76.66015625,13.044585987261147,136,4.150390625,2376,72.509765625,0,0.0,0xB13DC313,-46,533,384,-0.1796875,2.08203125,1.5,0,0x04,0,0,0,1,0,0,-1,0,0,0,,,,,,,,,,,,,,,,,,,,,,
19,1,DUAL_PORTAL_0,0.6666666666666666,50459,1539.886474609375,2462,75.13427734375,13.309504467912266,136,4.150390625,2326,70.98388671875,0,0.0,0xA2C558C9,-49,512,384,-0.19140625,2.0,1.5,0,0x04,0,0,0,1,0,0,-1,0,0,0,,,,,,,,,,,,,,,,,,,,,,
20,1,DUAL_PORTAL_0,0.7,52934,1615.41748046875,2475,75.531005859375,13.23959595959596,136,4.150390625,2339,71.380615234375,0,0.0,0xB002304C,-52,491,384,-0.203125,1.91796875,1.5,0,0x04,0,0,0,1,0,0,-1,0,0,0,,,,,,,,,,,,,,,,,,,,,,
21,1,DUAL_PORTAL_0,0.7333333333333333,55390,1690.36865234375,2456,74.951171875,13.342019543973942,136,4.150390625,2320,70.80078125,0,0.0,0xCC902ADA,-55,470,384,-0.21484375,1.8359375,1.5,0,0x04,0,0,0,1,0,0,-1,0,0,0,,,,,,,,,,,,,,,,,,,,,,
22,1,DUAL_PORTAL_0,0.7666666666666667,57731,1761.810302734375,2341,71.441650390625,13.997436992738146,136,4.150390625,2204,67.2607421875,1,0.030517578125,0x8B92C238,-58,449,384,-0.2265625,1.75390625,1.5,0,0x04,0,0,0,1,0,0,-1,0,0,0,,,,,,,,,,,,,,,,,,,,,,
23,1,DUAL_PORTAL_0,0.8,60158,1835.87646484375,2427,74.066162109375,13.50144210960033,136,4.150390625,2291,69.915771484375,0,0.0,0xEC2CA252,-61,428,384,-0.23828125,1.671875,1.5,0,0x04,0,0,0,1,0,0,-1,0,0,0,,,,,,,,,,,,,,,,,,,,,,
24,1,DUAL_PORTAL_0,0.8333333333333334,62608,1910.64453125,2450,74.76806640625,13.374693877551021,136,4.150390625,2314,70.61767578125,0,0.0,0xC4227C24,-64,407,384,-0.25,1.58984375,1.5,0,0x04,0,0,0,1,0,0,-1,0,0,0,,,,,,,,,,,,,,,,,,,,,,
25,1,DUAL_PORTAL_0,0.8666666666666667,65027,1984.466552734375,2419,73.822021484375,13.546093427035965,136,4.150390625,2283,69.671630859375,0,0.0,0xDBE4A86A,-67,386,384,-0.26171875,1.5078125,1.5,0,0x04,0,0,0,1,0,0,-1,0,0,0,,,,,,,,,,,,,,,,,,,,,,
26,1,DUAL_PORTAL_0,0.9,67410,2057.18994140625,2383,72.723388671875,13.750734368443139,136,4.150390625,2247,68.572998046875,0,0.0,0x9A5AABC8,-70,365,384,-0.2734375,1.42578125,1.5,0,0x04,0,0,0,1,0,0,-1,0,0,0,,,,,,,,,,,,,,,,,,,,,,
27,1,DUAL_PORTAL_0,0.9333333333333333,69757,2128.814697265625,2347,71.624755859375,13.961653174265019,136,4.150390625,2210,67.44384765625,1,0.030517578125,0x35346522,-73,344,384,-0.28515625,1.34375,1.5,0,0x04,0,0,0,1,0,0,-1,0,0,0,,,,,,,,,,,,,,,,,,,,,,
28,1,DUAL_PORTAL_0,0.9666666666666667,72092,2200.0732421875,2335,71.258544921875,14.03340471092077,136,4.150390625,2198,67.07763671875,1,0.030517578125,0x9B1CC76C,-76,323,384,-0.296875,1.26171875,1.5,0,0x04,0,0,0,1,0,0,-1,0,0,0,,,,,,,,,,,,,,,,,,,,,,
29,1,DUAL_PORTAL_0,1.0,74462,2272.39990234375,2370,72.32666015625,13.826160337552743,116,3.5400390625,2253,68.756103515625,1,0.030517578125,0x0646D8EA,-79,302,384,-0.30859375,1.1796875,1.5,0,0x04,0,0,0,1,0,0,-1,0,0,0,,,,,,,,,,,,,,,,,,,,,,
30,1,DUAL_PORTAL_0,1.0333333333333334,76896,2346.6796875,2434,74.27978515625,13.462612982744453,50,1.52587890625,2384,72.75390625,0,0.0,0x2C98C1B9,-78,323,384,-0.3046875,1.26171875,1.5,0,0x04,0,0,0,1,0,0,1,1,0,0,,,,,,,,,,,,,,,,,,,,,,
31,1,DUAL_PORTAL_0,1.0666666666666667,79354,2421.69189453125,2458,75.01220703125,13.331163547599674,49,1.495361328125,2409,73.516845703125,0,0.0,0xD0F4AB98,-78,344,384,-0.3046875,1.34375,1.5,0,0x04,0,0,0,1,0,0,1,1,0,0,,,,,,,,,,,,,,,,,,,,,,
32,1,DUAL_PORTAL_0,1.1,81796,2496.2158203125,2442,74.52392578125,13.41850941850942,43,1.312255859375,2399,73.211669921875,0,0.0,0x0EBDD8A3,-78,365,384,-0.3046875,1.42578125,1.5,0,0x04,0,0,0,1,0,0,1,0,0,0,,,,,,,,,,,,,,,,,,,,,,
33,1,DUAL_PORTAL_0,1.1333333333333333,84034,2564.51416015625,2238,68.29833984375,14.641644325290438,43,1.312255859375,2194,66.95556640625,1,0.030517578125,0x819EC25E,-78,386,384,-0.3046875,1.5078125,1.5,0,0x04,0,0,0,1,0,0,1,0,0,0,,,,,,,,,,,,,,,,,,,,,,
34,1,DUAL_PORTAL_0,1.1666666666666667,86248,2632.080078125,2214,67.56591796875,14.800361336946702,43,1.312255859375,2170,66.22314453125,1,0.030517578125,0xE11DAEE9,-78,407,384,-0.3046875,1.58984375,1.5,0,0x04,0,0,0,1,0,0,1,0,0,0,,,,,,,,,,,,,,,,,,,,,,
35,1,DUAL_PORTAL_0,1.2,88420,2698.3642578125,2172,66.2841796875,15.086556169429098,43,1.312255859375,2129,64.971923828125,0,0.0,0x19FA1974,-78,428,384,-0.3046875,1.671875,1.5,0,0x04,0,0,0,1,0,0,1,0,0,0,,,,,,,,,,,,,,,,,,,,,,
36,1,DUAL_PORTAL_0,1.2333333333333334,90625,2765.655517578125,2205,67.291259765625,14.86077097505669,43,1.312255859375,2161,65.948486328125,1,0.030517578125,0x4EAB2F9F,-78,449,384,-0.3046875,1.75390625,1.5,0,0x04,0,0,0,1,0,0,1,0,0,0,,,,,,,,,,,,,,,,,,,,,,
37,1,DUAL_PORTAL_0,1.2666666666666666,92825,2832.794189453125,2200,67.138671875,14.894545454545455,42,1.28173828125,2157,65.826416015625,1,0.030517578125,0x5BC8F4BA,-78,470,384,-0.3046875,1.8359375,1.5,0,0x04,0,0,0,1,0,0,1,0,0,0,,,,,,,,,,,,,,,,,,,,,,
38,1,DUAL_PORTAL_0,1.3,95084,2901.7333984375,2259,68.939208984375,14.505533421868083,43,1.312255859375,2215,67.596435546875,1,0.030517578125,0x1515C2C5,-78,491,384,-0.3046875,1.91796875,1.5,0,0x04,0,0,0,1,0,0,1,0,0,0,,,,,,,,,,,,,,,,,,,,,,
39,1,DUAL_PORTAL_0,1.3333333333333333,97323,2970.062255859375,2239,68.328857421875,14.635104957570343,43,1.312255859375,2196,67.0166015625,0,0.0,0xFB78CE73,-78,512,384,-0.3046875,2.0,1.5,0,0x04,0,0,0,1,0,0,1,0,0,0,,,,,,,,,,,,,,,,,,,,,,
40,1,DUAL_PORTAL_0,1.3666666666666667,99537,3037.628173828125,2214,67.56591796875,14.800361336946702,43,1.312255859375,2171,66.253662109375,0,0.0,0x6612E678,-78,533,384,-0.3046875,2.08203125,1.5,0,0x04,0,0,0,1,0,0,1,0,0,0,,,,,,,,,,,,,,,,,,,,,,
41,1,DUAL_PORTAL_0,1.4,101776,3105.95703125,2239,68.328857421875,14.635104957570343,43,1.312255859375,2195,66.986083984375,1,0.030517578125,0x90DA6C95,-78,554,384,-0.3046875,2.1640625,1.5,0,0x04,0,0,0,1,0,0,1,0,0,0,,,,,,,,,,,,,,,,,,,,,,
42,1,DUAL_PORTAL_0,1.4333333333333333,104024,3174.560546875,2248,68.603515625,14.576512455516013,43,1.312255859375,2205,67.291259765625,0,0.0,0x4EAF33A2,-78,575,384,-0.3046875,2.24609375,1.5,0,0x06,1,1,0,1,0,0,1,0,0,0,67.19970703125,0.0,0.244140625,10.07080078125,8.72802734375,2.38037109375,17.486572265625,18.157958984375,0.0,9.521484375,0.6103515625,0,0,0,0,0,0,0,0,0,0,0
43,1,DUAL_PORTAL_0,1.4666666666666666,106294,3243.83544921875,2270,69.27490234375,14.4352422907489,42,1.28173828125,2228,67.9931640625,0,0.0,0xBB24104F,-78,596,384,-0.3046875,2.328125,1.5,0,0x04,0,0,0,1,0,0,1,0,0,0,,,,,,,,,,,,,,,,,,,,,,
44,1,DUAL_PORTAL_0,1.5,108597,3314.117431640625,2303,70.281982421875,14.228397742075554,42,1.28173828125,2260,68.9697265625,1,0.030517578125,0x6F5C7CD4,-78,617,384,-0.3046875,2.41015625,1.5,0,0x04,0,0,0,1,0,0,1,0,0,0,,,,,,,,,,,,,,,,,,,,,,
45,1,DUAL_PORTAL_0,1.5333333333333334,110911,3384.735107421875,2314,70.61767578125,14.16076058772688,43,1.312255859375,2270,69.27490234375,1,0.030517578125,0xA7F78871,-78,638,384,-0.3046875,2.4921875,1.5,0,0x04,0,0,0,1,0,0,1,0,0,0,,,,,,,,,,,,,,,,,,,,,,
46,1,DUAL_PORTAL_0,1.5666666666666667,113218,3455.13916015625,2307,70.404052734375,14.203727785002167,43,1.312255859375,2264,69.091796875,0,0.0,0xF300F81E,-78,659,384,-0.3046875,2.57421875,1.5,0,0x04,0,0,0,1,0,0,1,0,0,0,,,,,,,,,,,,,,,,,,,,,,
47,1,DUAL_PORTAL_0,1.6,115481,3524.200439453125,2263,69.061279296875,14.479893946089263,42,1.28173828125,2221,67.779541015625,0,0.0,0xD97B00AB,-78,680,384,-0.3046875,2.65625,1.5,0,0x04,0,0,0,1,0,0,1,0,0,0,,,,,,,,,,,,,,,,,,,,,,
48,1,DUAL_PORTAL_0,1.6333333333333333,117737,3593.048095703125,2256,68.84765625,14.52482269503546,42,1.28173828125,2214,67.56591796875,0,0.0,0x47C7C5B0,-78,701,384,-0.3046875,2.73828125,1.5,0,0x04,0,0,0,1,0,0,1,0,0,0,,,,,,,,,,,,,,,,,,,,,,
49,1,DUAL_PORTAL_0,1.6666666666666667,119927,3659.881591796875,2190,66.83349609375,14.96255707762557,43,1.312255859375,2147,65.521240234375,0,0.0,0x72FDF4ED,-78,722,384,-0.3046875,2.8203125,1.5,0,0x04,0,0,0,1,0,0,1,0,0,0,,,,,,,,,,,,,,,,,,,,,,
50,1,DUAL_PORTAL_0,1.7,121987,3722.747802734375,2060,62.8662109375,15.906796116504854,43,1.312255859375,2016,61.5234375,1,0.030517578125,0x42A77F32,-78,701,384,-0.3046875,2.73828125,1.5,0,0x04,0,0,0,1,0,0,-1,0,0,0,,,,,,,,,,,,,,,,,,,,,,
51,1,DUAL_PORTAL_0,1.7333333333333334,124232,3791.259765625,2245,68.511962890625,14.595991091314032,43,1.312255859375,2201,67.169189453125,1,0.030517578125,0xE3F6E0AD,-78,680,384,-0.3046875,2.65625,1.5,0,0x04,0,0,0,1,0,0,-1,0,0,0,,,,,,,,,,,,,,,,,,,,,,
52,1,DUAL_PORTAL_0,1.7666666666666666,126515,3860.931396484375,2283,69.671630859375,14.353044240035041,43,1.312255859375,2239,68.328857421875,1,0.030517578125,0xE8563020,-78,659,384,-0.3046875,2.57421875,1.5,0,0x04,0,0,0,1,0,0,-1,0,0,0,,,,,,,,,,,,,,,,,,,,,,
53,1,DUAL_PORTAL_0,1.8,128805,3930.816650390625,2290,69.88525390625,14.309170305676856,43,1.312255859375,2247,68.572998046875,0,0.0,0x3E37BDF3,-78,638,384,-0.3046875,2.4921875,1.5,0,0x04,0,0,0,1,0,0,-1,0,0,0,,,,,,,,,,,,,,,,,,,,,,
54,1,DUAL_PORTAL_0,1.8333333333333333,131110,4001.15966796875,2305,70.343017578125,14.216052060737526,43,1.312255859375,2261,69.000244140625,1,0.030517578125,0xA9DD66D6,-78,617,384,-0.3046875,2.41015625,1.5,0,0x04,0,0,0,1,0,0,-1,0,0,0,,,,,,,,,,,,,,,,,,,,,,
55,1,DUAL_PORTAL_0,1.8666666666666667,133411,4071.380615234375,2301,70.220947265625,14.240764884832682,43,1.312255859375,2257,68.878173828125,1,0.030517578125,0xADCF46D1,-78,596,384,-0.3046875,2.328125,1.5,0,0x04,0,0,0,1,0,0,-1,0,0,0,,,,,,,,,,,,,,,,,,,,,,
56,1,DUAL_PORTAL_0,1.9,135687,4140.838623046875,2276,69.4580078125,14.397188049209138,43,1.312255859375,2233,68.145751953125,0,0.0,0x02F1EFA4,-78,575,384,-0.3046875,2.24609375,1.5,0,0x04,0,0,0,1,0,0,-1,0,0,0,,,,,,,,,,,,,,,,,,,,,,
57,1,DUAL_PORTAL_0,1.9333333333333333,137939,4209.564208984375,2252,68.7255859375,14.550621669626999,43,1.312255859375,2209,67.413330078125,0,0.0,0x6107E097,-78,554,384,-0.3046875,2.1640625,1.5,0,0x04,0,0,0,1,0,0,-1,0,0,0,,,,,,,,,,,,,,,,,,,,,,
58,1,DUAL_PORTAL_0,1.9666666666666666,140181,4277.984619140625,2242,68.42041015625,14.615521855486174,43,1.312255859375,2199,67.108154296875,0,0.0,0x239418FA,-78,533,384,-0.3046875,2.08203125,1.5,0,0x04,0,0,0,1,0,0,-1,0,0,0,,,,,,,,,,,,,,,,,,,,,,
59,1,DUAL_PORTAL_0,2.0,142415,4346.160888671875,2234,68.17626953125,14.667860340196956,43,1.312255859375,2190,66.83349609375,1,0.030517578125,0x6F0F6E75,-78,512,384,-0.3046875,2.0,1.5,0,0x04,0,0,0,1,0,0,-1,0,0,0,,,,,,,,,,,,,,,,,,,,,,
60,1,DUAL_PORTAL_0,2.033333333333333,144626,4413.63525390625,2211,67.474365234375,14.820443238353686,43,1.312255859375,2168,66.162109375,0,0.0,0x7C2D1747,-78,491,384,-0.3046875,1.91796875,1.5,0,0x04,0,0,0,1,0,0,-1,0,0,0,,,,,,,,,,,,,,,,,,,,,,
61,1,DUAL_PORTAL_0,2.066666666666667,146855,4481.658935546875,2229,68.023681640625,14.700762673844773,43,1.312255859375,2185,66.680908203125,1,0.030517578125,0xC5ECE2BC,-78,470,384,-0.3046875,1.8359375,1.5,0,0x04,0,0,0,1,0,0,-1,0,0,0,,,,,,,,,,,,,,,,,,,,,,
62,1,DUAL_PORTAL_0,2.1,149127,4550.994873046875,2272,69.3359375,14.422535211267606,43,1.312255859375,2228,67.9931640625,1,0.030517578125,0x1C5E83A1,-78,449,384,-0.3046875,1.75390625,1.5,0,0x04,0,0,0,1,0,0,-1,0,0,0,,,,,,,,,,,,,,,,,,,,,,
63,1,DUAL_PORTAL_0,2.1333333333333333,151353,4618.927001953125,2226,67.93212890625,14.720575022461816,43,1.312255859375,2183,66.619873046875,0,0.0,0x96C9B6F6,-78,428,384,-0.3046875,1.671875,1.5,0,0x04,0,0,0,1,0,0,-1,0,0,0,,,,,,,,,,,,,,,,,,,,,,
64,1,DUAL_PORTAL_0,2.1666666666666665,153557,4686.187744140625,2204,67.2607421875,14.867513611615244,43,1.312255859375,2161,65.948486328125,0,0.0,0x85C154EB,-78,407,384,-0.3046875,1.58984375,1.5,0,0x04,0,0,0,1,0,0,-1,0,0,0,,,,,,,,,,,,,,,,,,,,,,
65,1,DUAL_PORTAL_0,2.2,155724,4752.3193359375,2167,66.131591796875,15.121365943700969,43,1.312255859375,2124,64.8193359375,0,0.0,0x99717660,-78,386,384,-0.3046875,1.5078125,1.5,0,0x04,0,0,0,1,0,0,-1,0,0,0,,,,,,,,,,,,,,,,,,,,,,
66,1,DUAL_PORTAL_0,2.2333333333333334,157933,4819.732666015625,2209,67.413330078125,14.833861475780896,43,1.312255859375,2166,66.10107421875,0,0.0,0xC60D2E25,-78,365,384,-0.3046875,1.42578125,1.5,0,0x04,0,0,0,1,0,0,-1,0,0,0,,,,,,,,,,,,,,,,,,,,,,
67,1,DUAL_PORTAL_0,2.2666666666666666,160159,4887.664794921875,2226,67.93212890625,14.720575022461816,43,1.312255859375,2182,66.58935546875,1,0.030517578125,0x35F39F9A,-78,344,384,-0.3046875,1.34375,1.5,0,0x04,0,0,0,1,0,0,-1,0,0,0,,,,,,,,,,,,,,,,,,,,,,
68,1,DUAL_PORTAL_0,2.3,162321,4953.643798828125,2162,65.97900390625,15.156336725254395,42,1.28173828125,2119,64.666748046875,1,0.030517578125,0x3056548F,-78,323,384,-0.3046875,1.26171875,1.5,0,0x04,0,0,0,1,0,0,-1,0,0,0,,,,,,,,,,,,,,,,,,,,,,
69,1,DUAL_PORTAL_0,2.3333333333333335,164432,5018.06640625,2111,64.422607421875,15.522501184272857,43,1.312255859375,2068,63.1103515625,0,0.0,0xA1C8C9E4,-78,302,384,-0.3046875,1.1796875,1.5,0,0x04,0,0,0,1,0,0,-1,0,0,0,,,,,,,,,,,,,,,,,,,,,,
70,1,DUAL_PORTAL_0,2.3666666666666667,166459,5079.925537109375,2027,61.859130859375,16.165762210162804,43,1.312255859375,1984,60.546875,0,0.0,0xDE03E88D,-78,323,384,-0.3046875,1.26171875,1.5,0,0x04,0,0,0,1,0,0,1,0,0,0,,,,,,,,,,,,,,,,,,,,,,
71,1,DUAL_PORTAL_0,2.4,168591,5144.989013671875,2132,65.0634765625,15.369606003752345,42,1.28173828125,2090,63.78173828125,0,0.0,0xD0F4AB98,-78,344,384,-0.3046875,1.34375,1.5,0,0x04,0,0,0,1,0,0,1,0,0,0,,,,,,,,,,,,,,,,,,,,,,
72,1,DUAL_PORTAL_0,2.433333333333333,170780,5211.7919921875,2189,66.802978515625,14.969392416628597,43,1.312255859375,2146,65.49072265625,0,0.0,0x0EBDD8A3,-78,365,384,-0.3046875,1.42578125,1.5,0,0x04,0,0,0,1,0,0,1,0,0,0,,,,,,,,,,,,,,,,,,,,,,
73,1,DUAL_PORTAL_0,2.466666666666667,173018,5280.09033203125,2238,68.29833984375,14.641644325290438,43,1.312255859375,2194,66.95556640625,1,0.030517578125,0x819EC25E,-78,386,384,-0.3046875,1.5078125,1.5,0,0x04,0,0,0,1,0,0,1,0,0,0,,,,,,,,,,,,,,,,,,,,,,
74,1,DUAL_PORTAL_0,2.5,175232,5347.65625,2214,67.56591796875,14.800361336946702,43,1.312255859375,2170,66.22314453125,1,0.030517578125,0xE11DAEE9,-78,407,384,-0.3046875,1.58984375,1.5,0,0x04,0,0,0,1,0,0,1,0,0,0,,,,,,,,,,,,,,,,,,,,,,
75,1,DUAL_PORTAL_0,2.533333333333333,177404,5413.9404296875,2172,66.2841796875,15.086556169429098,43,1.312255859375,2129,64.971923828125,0,0.0,0x19FA1974,-78,428,384,-0.3046875,1.671875,1.5,0,0x04,0,0,0,1,0,0,1,0,0,0,,,,,,,,,,,,,,,,,,,,,,
76,1,DUAL_PORTAL_0,2.566666666666667,179609,5481.231689453125,2205,67.291259765625,14.86077097505669,43,1.312255859375,2161,65.948486328125,1,0.030517578125,0x4EAB2F9F,-78,449,384,-0.3046875,1.75390625,1.5,0,0x04,0,0,0,1,0,0,1,0,0,0,,,,,,,,,,,,,,,,,,,,,,
77,1,DUAL_PORTAL_0,2.6,181810,5548.40087890625,2201,67.169189453125,14.887778282598818,43,1.312255859375,2157,65.826416015625,1,0.030517578125,0x5BC8F4BA,-78,470,384,-0.3046875,1.8359375,1.5,0,0x04,0,0,0,1,0,0,1,0,0,0,,,,,,,,,,,,,,,,,,,,,,
78,1,DUAL_PORTAL_0,2.6333333333333333,184069,5617.340087890625,2259,68.939208984375,14.505533421868083,43,1.312255859375,2215,67.596435546875,1,0.030517578125,0x1515C2C5,-78,491,384,-0.3046875,1.91796875,1.5,0,0x04,0,0,0,1,0,0,1,0,0,0,,,,,,,,,,,,,,,,,,,,,,
79,1,DUAL_PORTAL_0,2.6666666666666665,186307,5685.638427734375,2238,68.29833984375,14.641644325290438,43,1.312255859375,2195,66.986083984375,0,0.0,0xFB78CE73,-78,512,384,-0.3046875,2.0,1.5,0,0x04,0,0,0,1,0,0,1,0,0,0,,,,,,,,,,,,,,,,,,,,,,
80,1,DUAL_PORTAL_0,2.7,188426,5750.30517578125,2119,64.666748046875,15.46389806512506,43,1.312255859375,2075,63.323974609375,1,0.030517578125,0xA23017FD,-78,512,384,-0.3046875,2.0,1.5,0,0x04,0,0,0,1,0,0,0,0,0,0,,,,,,,,,,,,,,,,,,,,,,
81,1,DUAL_PORTAL_0,2.7333333333333334,190474,5812.80517578125,2048,62.5,16.0,44,1.3427734375,2004,61.1572265625,0,0.0,0xA23017FD,-78,512,384,-0.3046875,2.0,1.5,0,0x00,0,0,0,0,0,0,0,0,0,0,,,,,,,,,,,,,,,,,,,,,,
82,1,DUAL_PORTAL_0,2.7666666666666666,192522,5875.30517578125,2048,62.5,16.0,44,1.3427734375,2004,61.1572265625,0,0.0,0xA23017FD,-78,512,384,-0.3046875,2.0,1.5,0,0x00,0,0,0,0,0,0,0,0,0,0,,,,,,,,,,,,,,,,,,,,,,
83,1,DUAL_PORTAL_0,2.8,194569,5937.774658203125,2047,62.469482421875,16.00781631656082,44,1.3427734375,2003,61.126708984375,0,0.0,0xA23017FD,-78,512,384,-0.3046875,2.0,1.5,0,0x00,0,0,0,0,0,0,0,0,0,0,,,,,,,,,,,,,,,,,,,,,,
84,1,DUAL_PORTAL_0,2.8333333333333335,196616,6000.244140625,2047,62.469482421875,16.00781631656082,44,1.3427734375,2003,61.126708984375,0,0.0,0xA23017FD,-78,512,384,-0.3046875,2.0,1.5,0,0x08,0,0,0,0,1,0,0,0,0,0,,,,,,,,,,,,,,,,,,,,,,
85,2,DUAL_PORTAL_1,2.8666666666666667,199118,6076.59912109375,2502,76.35498046875,13.096722621902478,50,1.52587890625,2451,74.798583984375,1,0.030517578125,0x02380232,-79,533,384,-0.30859375,2.08203125,1.5,0,0x04,0,0,0,1,0,0,1,1,0,0,,,,,,,,,,,,,,,,,,,,,,
86,2,DUAL_PORTAL_1,2.9,201568,6151.3671875,2450,74.76806640625,13.374693877551021,50,1.52587890625,2400,73.2421875,0,0.0,0x49A73927,-82,554,384,-0.3203125,2.1640625,1.5,0,0x04,0,0,0,1,0,0,1,1,0,0,,,,,,,,,,,,,,,,,,,,,,
87,2,DUAL_PORTAL_1,2.933333333333333,204010,6225.89111328125,2442,74.52392578125,13.41850941850942,43,1.312255859375,2398,73.18115234375,1,0.030517578125,0xDD034355,-85,575,384,-0.33203125,2.24609375,1.5,0,0x04,0,0,0,1,0,0,1,0,0,0,,,,,,,,,,,,,,,,,,,,,,
88,2,DUAL_PORTAL_1,2.966666666666667,206232,6293.701171875,2222,67.81005859375,14.747074707470746,42,1.28173828125,2179,66.497802734375,1,0.030517578125,0xF389A48B,-88,596,384,-0.34375,2.328125,1.5,0,0x04,0,0,0,1,0,0,1,0,0,0,,,,,,,,,,,,,,,,,,,,,,
89,2,DUAL_PORTAL_1,3.0,208460,6361.6943359375,2228,67.9931640625,14.707360861759426,43,1.312255859375,2184,66.650390625,1,0.030517578125,0x2B5D36A5,-91,617,384,-0.35546875,2.41015625,1.5,0,0x04,0,0,0,1,0,0,1,0,0,0,,,,,,,,,,,,,,,,,,,,,,
90,2,DUAL_PORTAL_1,3.033333333333333,210718,6430.60302734375,2258,68.90869140625,14.511957484499558,43,1.312255859375,2215,67.596435546875,0,0.0,0x1853F50F,-94,638,384,-0.3671875,2.4921875,1.5,0,0x04,0,0,0,1,0,0,1,0,0,0,,,,,,,,,,,,,,,,,,,,,,
91,2,DUAL_PORTAL_1,3.066666666666667,212949,6498.687744140625,2231,68.084716796875,14.687584043030032,43,1.312255859375,2187,66.741943359375,1,0.030517578125,0x1EC23E7D,-97,659,384,-0.37890625,2.57421875,1.5,0,0x04,0,0,0,1,0,0,1,0,0,0,,,,,,,,,,,,,,,,,,,,,,
92,2,DUAL_PORTAL_1,3.1,215199,6567.352294921875,2250,68.66455078125,14.563555555555556,42,1.28173828125,2207,67.352294921875,1,0.030517578125,0xCE19CD9B,-100,680,384,-0.390625,2.65625,1.5,0,0x04,0,0,0,1,0,0,1,0,0,0,,,,,,,,,,,,,,,,,,,,,,
93,2,DUAL_PORTAL_1,3.1333333333333333,217575,6639.862060546875,2376,72.509765625,13.79124579124579,43,1.312255859375,2333,71.197509765625,0,0.0,0x837F9CED,-103,701,384,-0.40234375,2.73828125,1.5,0,0x04,0,0,0,1,0,0,1,0,0,0,,,,,,,,,,,,,,,,,,,,,,
94,2,DUAL_PORTAL_1,3.1666666666666665,219930,6711.73095703125,2355,71.868896484375,13.914225053078557,42,1.28173828125,2313,70.587158203125,0,0.0,0x7F67A0F7,-106,722,384,-0.4140625,2.8203125,1.5,0,0x04,0,0,0,1,0,0,1,0,0,0,,,,,,,,,,,,,,,,,,,,,,
95,2,DUAL_PORTAL_1,3.2,222429,6787.994384765625,2499,76.263427734375,13.112444977991197,49,1.495361328125,2450,74.76806640625,0,0.0,0xB45E39DE,-105,701,384,-0.41015625,2.73828125,1.5,0,0x04,0,0,0,1,0,0,-1,-1,0,0,,,,,,,,,,,,,,,,,,,,,,
96,2,DUAL_PORTAL_1,3.2333333333333334,225012,6866.8212890625,2583,78.826904296875,12.686024003097174,50,1.52587890625,2533,77.301025390625,0,0.0,0x4BA0B65C,-105,680,384,-0.41015625,2.65625,1.5,0,0x04,0,0,0,1,0,0,-1,-1,0,0,,,,,,,,,,,,,,,,,,,,,,
97,2,DUAL_PORTAL_1,3.2666666666666666,227654,6947.44873046875,2642,80.62744140625,12.402725208175625,50,1.52587890625,2592,79.1015625,0,0.0,0xA609C25C,-106,659,384,-0.4140625,2.57421875,1.5,0,0x04,0,0,0,1,0,0,-1,-1,0,0,,,,,,,,,,,,,,,,,,,,,,
98,2,DUAL_PORTAL_1,3.3,230327,7029.022216796875,2673,81.573486328125,12.258885147774036,50,1.52587890625,2623,80.047607421875,0,0.0,0x56A2F9A3,-109,638,384,-0.42578125,2.4921875,1.5,0,0x04,0,0,0,1,0,0,-1,-1,0,0,,,,,,,,,,,,,,,,,,,,,,
99,2,DUAL_PORTAL_1,3.3333333333333335,232965,7109.527587890625,2638,80.50537109375,12.42153146322972,43,1.312255859375,2595,79.193115234375,0,0.0,0x2D528A79,-112,617,384,-0.4375,2.41015625,1.5,0,0x04,0,0,0,1,0,0,-1,0,0,0,,,,,,,,,,,,,,,,,,,,,,
100,2,DUAL_PORTAL_1,3.3666666666666667,235255,7179.412841796875,2290,69.88525390625,14.309170305676856,43,1.312255859375,2247,68.572998046875,0,0.0,0x598F166F,-115,596,384,-0.44921875,2.328125,1.5,0,0x04,0,0,0,1,0,0,-1,0,0,0,,,,,,,,,,,,,,,,,,,,,,
101,2,DUAL_PORTAL_1,3.4,237607,7251.190185546875,2352,71.77734375,13.931972789115646,43,1.312255859375,2309,70.465087890625,0,0.0,0xC835C3C9,-118,575,384,-0.4609375,2.24609375,1.5,0,0x04,0,0,0,1,0,0,-1,0,0,0,,,,,,,,,,,,,,,,,,,,,,
102,2,DUAL_PORTAL_1,3.433333333333333,240005,7324.371337890625,2398,73.18115234375,13.664720600500416,43,1.312255859375,2355,71.868896484375,0,0.0,0x4726D193,-121,554,384,-0.47265625,2.1640625,1.5,0,0x04,0,0,0,1,0,0,-1,0,0,0,,,,,,,,,,,,,,,,,,,,,,
103,2,DUAL_PORTAL_1,3.466666666666667,242352,7395.99609375,2347,71.624755859375,13.961653174265019,43,1.312255859375,2303,70.281982421875,1,0.030517578125,0x2B319C19,-124,533,384,-0.484375,2.08203125,1.5,0,0x04,0,0,0,1,0,0,-1,0,0,0,,,,,,,,,,,,,,,,,,,,,,
104,2,DUAL_PORTAL_1,3.5,244695,7467.498779296875,2343,71.502685546875,13.985488689714042,43,1.312255859375,2300,70.1904296875,0,0.0,0x4E5FAD47,-127,512,384,-0.49609375,2.0,1.5,0,0x04,0,0,0,1,0,0,-1,0,0,0,,,,,,,,,,,,,,,,,,,,,,
105,2,DUAL_PORTAL_1,3.533333333333333,247009,7538.116455078125,2314,70.61767578125,14.16076058772688,43,1.312255859375,2271,69.305419921875,0,0.0,0xE52AB792,-130,491,384,-0.5078125,1.91796875,1.5,0,0x04,0,0,0,1,0,0,-1,0,0,0,,,,,,,,,,,,,,,,,,,,,,
106,2,DUAL_PORTAL_1,3.566666666666667,249344,7609.375,2335,71.258544921875,14.03340471092077,43,1.312255859375,2292,69.9462890625,0,0.0,0x097BD218,-133,470,384,-0.51953125,1.8359375,1.5,0,0x04,0,0,0,1,0,0,-1,0,0,0,,,,,,,,,,,,,,,,,,,,,,
107,2,DUAL_PORTAL_1,3.6,251714,7681.70166015625,2370,72.32666015625,13.826160337552743,43,1.312255859375,2326,70.98388671875,1,0.030517578125,0x62256812,-136,449,384,-0.53125,1.75390625,1.5,0,0x04,0,0,0,1,0,0,-1,0,0,0,,,,,,,,,,,,,,,,,,,,,,
108,2,DUAL_PORTAL_1,3.6333333333333333,254073,7753.692626953125,2359,71.990966796875,13.890631623569309,43,1.312255859375,2316,70.6787109375,0,0.0,0x9ED94674,-139,428,384,-0.54296875,1.671875,1.5,0,0x04,0,0,0,1,0,0,-1,0,0,0,,,,,,,,,,,,,,,,,,,,,,
109,2,DUAL_PORTAL_1,3.6666666666666665,256464,7826.66015625,2391,72.967529296875,13.704726056043496,43,1.312255859375,2348,71.6552734375,0,0.0,0x368CEFA2,-142,407,384,-0.5546875,1.58984375,1.5,0,0x04,0,0,0,1,0,0,-1,0,0,0,,,,,,,,,,,,,,,,,,,,,,
110,2,DUAL_PORTAL_1,3.7,258804,7898.0712890625,2340,71.4111328125,14.003418803418803,43,1.312255859375,2296,70.068359375,1,0.030517578125,0x4EB61988,-145,386,384,-0.56640625,1.5078125,1.5,0,0x04,0,0,0,1,0,0,-1,0,0,0,,,,,,,,,,,,,,,,,,,,,,
111,2,DUAL_PORTAL_1,3.7333333333333334,261117,7968.658447265625,2313,70.587158203125,14.166882836143536,43,1.312255859375,2270,69.27490234375,0,0.0,0xCF21A352,-148,365,384,-0.578125,1.42578125,1.5,0,0x04,0,0,0,1,0,0,-1,0,0,0,,,,,,,,,,,,,,,,,,,,,,
112,2,DUAL_PORTAL_1,3.7666666666666666,263410,8038.63525390625,2293,69.976806640625,14.290449193196686,43,1.312255859375,2250,68.66455078125,0,0.0,0xCCC337BC,-151,344,384,-0.58984375,1.34375,1.5,0,0x04,0,0,0,1,0,0,-1,0,0,0,,,,,,,,,,,,,,,,,,,,,,
113,2,DUAL_PORTAL_1,3.8,265734,8109.55810546875,2324,70.9228515625,14.099827882960414,43,1.312255859375,2281,69.610595703125,0,0.0,0x73D8A9F2,-154,323,384,-0.6015625,1.26171875,1.5,0,0x04,0,0,0,1,0,0,-1,0,0,0,,,,,,,,,,,,,,,,,,,,,,
114,2,DUAL_PORTAL_1,3.8333333333333335,267999,8178.680419921875,2265,69.122314453125,14.46710816777042,43,1.312255859375,2222,67.81005859375,0,0.0,0x30660518,-157,302,384,-0.61328125,1.1796875,1.5,0,0x04,0,0,0,1,0,0,-1,0,0,0,,,,,,,,,,,,,,,,,,,,,,
115,2,DUAL_PORTAL_1,3.8666666666666667,270428,8252.8076171875,2429,74.127197265625,13.490325236722931,49,1.495361328125,2379,72.601318359375,1,0.030517578125,0x133A3FC3,-156,323,384,-0.609375,1.26171875,1.5,0,0x04,0,0,0,1,0,0,1,1,0,0,,,,,,,,,,,,,,,,,,,,,,
116,2,DUAL_PORTAL_1,3.9,272891,8327.972412109375,2463,75.164794921875,13.304100690215185,50,1.52587890625,2412,73.6083984375,1,0.030517578125,0x92B03056,-156,344,384,-0.609375,1.34375,1.5,0,0x04,0,0,0,1,0,0,1,1,0,0,,,,,,,,,,,,,,,,,,,,,,
117,2,DUAL_PORTAL_1,3.933333333333333,275322,8402.16064453125,2431,74.188232421875,13.479226655697245,43,1.312255859375,2388,72.8759765625,0,0.0,0xCFB30EC1,-156,365,384,-0.609375,1.42578125,1.5,0,0x04,0,0,0,1,0,0,1,0,0,0,,,,,,,,,,,,,,,,,,,,,,
118,2,DUAL_PORTAL_1,3.966666666666667,277477,8467.926025390625,2155,65.765380859375,15.205568445475638,43,1.312255859375,2111,64.422607421875,1,0.030517578125,0xC2C03FE0,-156,386,384,-0.609375,1.5078125,1.5,0,0x04,0,0,0,1,0,0,1,0,0,0,,,,,,,,,,,,,,,,,,,,,,
119,2,DUAL_PORTAL_1,4.0,279656,8534.423828125,2179,66.497802734375,15.038090867370354,43,1.312255859375,2136,65.185546875,0,0.0,0x8C167B4B,-156,407,384,-0.609375,1.58984375,1.5,0,0x04,0,0,0,1,0,0,1,0,0,0,,,,,,,,,,,,,,,,,,,,,,
120,2,DUAL_PORTAL_1,4.033333333333333,281824,8600.5859375,2168,66.162109375,15.114391143911439,43,1.312255859375,2124,64.8193359375,1,0.030517578125,0xB1FFBB92,-156,428,384,-0.609375,1.671875,1.5,0,0x04,0,0,0,1,0,0,1,0,0,0,,,,,,,,,,,,,,,,,,,,,,
121,2,DUAL_PORTAL_1,4.066666666666666,283988,8666.6259765625,2164,66.0400390625,15.142329020332717,43,1.312255859375,2121,64.727783203125,0,0.0,0x6D70447D,-156,449,384,-0.609375,1.75390625,1.5,0,0x04,0,0,0,1,0,0,1,0,0,0,,,,,,,,,,,,,,,,,,,,,,
122,2,DUAL_PORTAL_1,4.1,286194,8733.94775390625,2206,67.32177734375,14.85403445149592,43,1.312255859375,2162,65.97900390625,1,0.030517578125,0xD6048F1C,-156,470,384,-0.609375,1.8359375,1.5,0,0x04,0,0,0,1,0,0,1,0,0,0,,,,,,,,,,,,,,,,,,,,,,
123,2,DUAL_PORTAL_1,4.133333333333334,288420,8801.8798828125,2226,67.93212890625,14.720575022461816,43,1.312255859375,2183,66.619873046875,0,0.0,0xAE501007,-156,491,384,-0.609375,1.91796875,1.5,0,0x04,0,0,0,1,0,0,1,0,0,0,,,,,,,,,,,,,,,,,,,,,,
124,2,DUAL_PORTAL_1,4.166666666666667,290606,8868.59130859375,2186,66.71142578125,14.989935956084173,43,1.312255859375,2143,65.399169921875,0,0.0,0xF0EAD0CD,-156,512,384,-0.609375,2.0,1.5,0,0x04,0,0,0,1,0,0,1,0,0,0,,,,,,,,,,,,,,,,,,,,,,
125,2,DUAL_PORTAL_1,4.2,292807,8935.760498046875,2201,67.169189453125,14.887778282598818,43,1.312255859375,2157,65.826416015625,1,0.030517578125,0xD01A523A,-156,533,384,-0.609375,2.08203125,1.5,0,0x04,0,0,0,1,0,0,1,0,0,0,,,,,,,,,,,,,,,,,,,,,,
126,2,DUAL_PORTAL_1,4.233333333333333,295046,9004.08935546875,2239,68.328857421875,14.635104957570343,42,1.28173828125,2196,67.0166015625,1,0.030517578125,0xEB20A7DB,-156,554,384,-0.609375,2.1640625,1.5,0,0x04,0,0,0,1,0,0,1,0,0,0,,,,,,,,,,,,,,,,,,,,,,
127,2,DUAL_PORTAL_1,4.266666666666667,297268,9071.8994140625,2222,67.81005859375,14.747074707470746,43,1.312255859375,2179,66.497802734375,0,0.0,0x65C42D40,-156,575,384,-0.609375,2.24609375,1.5,0,0x06,1,1,0,1,0,0,1,0,0,0,66.436767578125,0.030517578125,0.244140625,10.07080078125,8.72802734375,2.38037109375,17.486572265625,18.12744140625,0.0,8.758544921875,0.6103515625,0,0,0,0,0,0,0,0,0,0,0
128,2,DUAL_PORTAL_1,4.3,299575,9142.303466796875,2307,70.404052734375,14.203727785002167,43,1.312255859375,2264,69.091796875,0,0.0,0xFC582209,-156,596,384,-0.609375,2.328125,1.5,0,0x04,0,0,0,1,0,0,1,0,0,0,,,,,,,,,,,,,,,,,,,,,,
129,2,DUAL_PORTAL_1,4.333333333333333,301797,9210.113525390625,2222,67.81005859375,14.747074707470746,43,1.312255859375,2179,66.497802734375,0,0.0,0xEF69DD76,-156,617,384,-0.609375,2.41015625,1.5,0,0x04,0,0,0,1,0,0,1,0,0,0,,,,,,,,,,,,,,,,,,,,,,
130,2,DUAL_PORTAL_1,4.366666666666666,304054,9278.99169921875,2257,68.878173828125,14.518387239698715,43,1.312255859375,2213,67.535400390625,1,0.030517578125,0xFE64F717,-156,638,384,-0.609375,2.4921875,1.5,0,0x04,0,0,0,1,0,0,1,0,0,0,,,,,,,,,,,,,,,,,,,,,,
131,2,DUAL_PORTAL_1,4.4,306346,9348.93798828125,2292,69.9462890625,14.296684118673648,43,1.312255859375,2248,68.603515625,1,0.030517578125,0xD8D2E57C,-156,659,384,-0.609375,2.57421875,1.5,0,0x04,0,0,0,1,0,0,1,0,0,0,,,,,,,,,,,,,,,,,,,,,,
132,2,DUAL_PORTAL_1,4.433333333333334,308548,9416.1376953125,2202,67.19970703125,14.881017257039055,43,1.312255859375,2159,65.887451171875,0,0.0,0x9C715F45,-156,680,384,-0.609375,2.65625,1.5,0,0x04,0,0,0,1,0,0,1,0,0,0,,,,,,,,,,,,,,,,,,,,,,
133,2,DUAL_PORTAL_1,4.466666666666667,310764,9483.7646484375,2216,67.626953125,14.787003610108304,43,1.312255859375,2173,66.314697265625,0,0.0,0xEECBF2B2,-156,701,384,-0.609375,2.73828125,1.5,0,0x04,0,0,0,1,0,0,1,0,0,0,,,,,,,,,,,,,,,,,,,,,,
134,2,DUAL_PORTAL_1,4.5,313057,9553.741455078125,2293,69.976806640625,14.290449193196686,42,1.28173828125,2250,68.66455078125,1,0.030517578125,0x95857653,-156,722,384,-0.609375,2.8203125,1.5,0,0x04,0,0,0,1,0,0,1,0,0,0,,,,,,,,,,,,,,,,,,,,,,
135,2,DUAL_PORTAL_1,4.533333333333333,315094,9615.90576171875,2037,62.164306640625,16.086401570937653,43,1.312255859375,1994,60.85205078125,0,0.0,0xDB14D8B4,-156,701,384,-0.609375,2.73828125,1.5,0,0x04,0,0,0,1,0,0,-1,0,0,0,,,,,,,,,,,,,,,,,,,,,,
136,2,DUAL_PORTAL_1,4.566666666666666,317383,9685.760498046875,2289,69.854736328125,14.315421581476627,43,1.312255859375,2246,68.54248046875,0,0.0,0xDAA9BFC7,-156,680,384,-0.609375,2.65625,1.5,0,0x04,0,0,0,1,0,0,-1,0,0,0,,,,,,,,,,,,,,,,,,,,,,
137,2,DUAL_PORTAL_1,4.6,319593,9753.204345703125,2210,67.44384765625,14.827149321266969,43,1.312255859375,2167,66.131591796875,0,0.0,0x0DFE1B7E,-156,659,384,-0.609375,2.57421875,1.5,0,0x04,0,0,0,1,0,0,-1,0,0,0,,,,,,,,,,,,,,,,,,,,,,
138,2,DUAL_PORTAL_1,4.633333333333334,321790,9820.25146484375,2197,67.047119140625,14.914883932635412,43,1.312255859375,2154,65.73486328125,0,0.0,0x771C3719,-156,638,384,-0.609375,2.4921875,1.5,0,0x04,0,0,0,1,0,0,-1,0,0,0,,,,,,,,,,,,,,,,,,,,,,
139,2,DUAL_PORTAL_1,4.666666666666667,324076,9890.0146484375,2286,69.76318359375,14.334208223972004,43,1.312255859375,2242,68.42041015625,1,0.030517578125,0xA101BF78,-156,617,384,-0.609375,2.41015625,1.5,0,0x04,0,0,0,1,0,0,-1,0,0,0,,,,,,,,,,,,,,,,,,,,,,
140,2,DUAL_PORTAL_1,4.7,326374,9960.14404296875,2298,70.12939453125,14.25935596170583,43,1.312255859375,2254,68.78662109375,1,0.030517578125,0x8FBD0A0B,-156,596,384,-0.609375,2.328125,1.5,0,0x04,0,0,0,1,0,0,-1,0,0,0,,,,,,,,,,,,,,,,,,,,,,
141,2,DUAL_PORTAL_1,4.733333333333333,328626,10028.86962890625,2252,68.7255859375,14.550621669626999,43,1.312255859375,2209,67.413330078125,0,0.0,0xC56D6D42,-156,575,384,-0.609375,2.24609375,1.5,0,0x04,0,0,0,1,0,0,-1,0,0,0,,,,,,,,,,,,,,,,,,,,,,
142,2,DUAL_PORTAL_1,4.766666666666667,330914,10098.69384765625,2288,69.82421875,14.321678321678322,43,1.312255859375,2245,68.511962890625,0,0.0,0x8E55F1DD,-156,554,384,-0.609375,2.1640625,1.5,0,0x04,0,0,0,1,0,0,-1,0,0,0,,,,,,,,,,,,,,,,,,,,,,
143,2,DUAL_PORTAL_1,4.8,333131,10166.351318359375,2217,67.657470703125,14.780333784393324,43,1.312255859375,2173,66.314697265625,1,0.030517578125,0xAC303E3C,-156,533,384,-0.609375,2.08203125,1.5,0,0x04,0,0,0,1,0,0,-1,0,0,0,,,,,,,,,,,,,,,,,,,,,,
144,2,DUAL_PORTAL_1,4.833333333333333,335367,10234.588623046875,2236,68.2373046875,14.65474060822898,43,1.312255859375,2192,66.89453125,1,0.030517578125,0xAECDC2CF,-156,512,384,-0.609375,2.0,1.5,0,0x04,0,0,0,1,0,0,-1,0,0,0,,,,,,,,,,,,,,,,,,,,,,
145,2,DUAL_PORTAL_1,4.866666666666666,337567,10301.727294921875,2200,67.138671875,14.894545454545455,43,1.312255859375,2156,65.7958984375,1,0.030517578125,0x0B1D2A09,-156,491,384,-0.609375,1.91796875,1.5,0,0x04,0,0,0,1,0,0,-1,0,0,0,,,,,,,,,,,,,,,,,,,,,,
146,2,DUAL_PORTAL_1,4.9,339742,10368.10302734375,2175,66.375732421875,15.065747126436781,43,1.312255859375,2132,65.0634765625,0,0.0,0x4D7E789E,-156,470,384,-0.609375,1.8359375,1.5,0,0x04,0,0,0,1,0,0,-1,0,0,0,,,,,,,,,,,,,,,,,,,,,,
147,2,DUAL_PORTAL_1,4.933333333333334,341955,10435.638427734375,2213,67.535400390625,14.807049254405785,43,1.312255859375,2169,66.192626953125,1,0.030517578125,0x9579BA7F,-156,449,384,-0.609375,1.75390625,1.5,0,0x04,0,0,0,1,0,0,-1,0,0,0,,,,,,,,,,,,,,,,,,,,,,
148,2,DUAL_PORTAL_1,4.966666666666667,344159,10502.899169921875,2204,67.2607421875,14.867513611615244,42,1.28173828125,2162,65.97900390625,0,0.0,0xF4B60114,-156,428,384,-0.609375,1.671875,1.5,0,0x04,0,0,0,1,0,0,-1,0,0,0,,,,,,,,,,,,,,,,,,,,,,
149,2,DUAL_PORTAL_1,5.0,346324,10568.9697265625,2165,66.070556640625,15.135334872979215,43,1.312255859375,2122,64.75830078125,0,0.0,0x3E101CCD,-156,407,384,-0.609375,1.58984375,1.5,0,0x04,0,0,0,1,0,0,-1,0,0,0,,,,,,,,,,,,,,,,,,,,,,
150,2,DUAL_PORTAL_1,5.033333333333333,348490,10635.07080078125,2166,66.10107421875,15.128347183748845,43,1.312255859375,2122,64.75830078125,1,0.030517578125,0x64B83362,-156,386,384,-0.609375,1.5078125,1.5,0,0x04,0,0,0,1,0,0,-1,0,0,0,,,,,,,,,,,,,,,,,,,,,,
151,2,DUAL_PORTAL_1,5.066666666666666,350666,10701.47705078125,2176,66.40625,15.058823529411764,43,1.312255859375,2133,65.093994140625,0,0.0,0xA45AE643,-156,365,384,-0.609375,1.42578125,1.5,0,0x04,0,0,0,1,0,0,-1,0,0,0,,,,,,,,,,,,,,,,,,,,,,
152,2,DUAL_PORTAL_1,5.1,352833,10767.608642578125,2167,66.131591796875,15.121365943700969,43,1.312255859375,2124,64.8193359375,0,0.0,0x575659D8,-156,344,384,-0.609375,1.34375,1.5,0,0x04,0,0,0,1,0,0,-1,0,0,0,,,,,,,,,,,,,,,,,,,,,,
153,2,DUAL_PORTAL_1,5.133333333333334,355027,10834.564208984375,2194,66.95556640625,14.935278030993619,43,1.312255859375,2150,65.61279296875,1,0.030517578125,0x493E9B91,-156,323,384,-0.609375,1.26171875,1.5,0,0x04,0,0,0,1,0,0,-1,0,0,0,,,,,,,,,,,,,,,,,,,,,,
154,2,DUAL_PORTAL_1,5.166666666666667,357246,10902.28271484375,2219,67.718505859375,14.767012167643083,43,1.312255859375,2175,66.375732421875,1,0.030517578125,0xCD6740A6,-156,302,384,-0.609375,1.1796875,1.5,0,0x04,0,0,0,1,0,0,-1,0,0,0,,,,,,,,,,,,,,,,,,,,,,
155,2,DUAL_PORTAL_1,5.2,359274,10964.17236328125,2028,61.8896484375,16.157790927021697,43,1.312255859375,1985,60.577392578125,0,0.0,0xC438CA0F,-156,323,384,-0.609375,1.26171875,1.5,0,0x04,0,0,0,1,0,0,1,0,0,0,,,,,,,,,,,,,,,,,,,,,,
156,2,DUAL_PORTAL_1,5.233333333333333,361516,11032.5927734375,2242,68.42041015625,14.615521855486174,43,1.312255859375,2198,67.07763671875,1,0.030517578125,0x92B03056,-156,344,384,-0.609375,1.34375,1.5,0,0x04,0,0,0,1,0,0,1,0,0,0,,,,,,,,,,,,,,,,,,,,,,
157,2,DUAL_PORTAL_1,5.266666666666667,363711,11099.578857421875,2195,66.986083984375,14.928473804100229,42,1.28173828125,2153,65.704345703125,0,0.0,0xCFB30EC1,-156,365,384,-0.609375,1.42578125,1.5,0,0x04,0,0,0,1,0,0,1,0,0,0,,,,,,,,,,,,,,,,,,,,,,
158,2,DUAL_PORTAL_1,5.3,365866,11165.34423828125,2155,65.765380859375,15.205568445475638,43,1.312255859375,2111,64.422607421875,1,0.030517578125,0xC2C03FE0,-156,386,384,-0.609375,1.5078125,1.5,0,0x04,0,0,0,1,0,0,1,0,0,0,,,,,,,,,,,,,,,,,,,,,,
159,2,DUAL_PORTAL_1,5.333333333333333,368044,11231.8115234375,2178,66.46728515625,15.044995408631772,43,1.312255859375,2135,65.155029296875,0,0.0,0x8C167B4B,-156,407,384,-0.609375,1.58984375,1.5,0,0x04,0,0,0,1,0,0,1,0,0,0,,,,,,,,,,,,,,,,,,,,,,
160,2,DUAL_PORTAL_1,5.366666666666666,370212,11297.9736328125,2168,66.162109375,15.114391143911439,43,1.312255859375,2124,64.8193359375,1,0.030517578125,0xB1FFBB92,-156,428,384,-0.609375,1.671875,1.5,0,0x04,0,0,0,1,0,0,1,0,0,0,,,,,,,,,,,,,,,,,,,,,,
161,2,DUAL_PORTAL_1,5.4,372376,11364.013671875,2164,66.0400390625,15.142329020332717,43,1.312255859375,2121,64.727783203125,0,0.0,0x6D70447D,-156,449,384,-0.609375,1.75390625,1.5,0,0x04,0,0,0,1,0,0,1,0,0,0,,,,,,,,,,,,,,,,,,,,,,
162,2,DUAL_PORTAL_1,5.433333333333334,374581,11431.304931640625,2205,67.291259765625,14.86077097505669,42,1.28173828125,2162,65.97900390625,1,0.030517578125,0xD6048F1C,-156,470,384,-0.609375,1.8359375,1.5,0,0x04,0,0,0,1,0,0,1,0,0,0,,,,,,,,,,,,,,,,,,,,,,
163,2,DUAL_PORTAL_1,5.466666666666667,376807,11499.237060546875,2226,67.93212890625,14.720575022461816,43,1.312255859375,2183,66.619873046875,0,0.0,0xAE501007,-156,491,384,-0.609375,1.91796875,1.5,0,0x04,0,0,0,1,0,0,1,0,0,0,,,,,,,,,,,,,,,,,,,,,,
164,2,DUAL_PORTAL_1,5.5,378993,11565.948486328125,2186,66.71142578125,14.989935956084173,43,1.312255859375,2143,65.399169921875,0,0.0,0xF0EAD0CD,-156,512,384,-0.609375,2.0,1.5,0,0x04,0,0,0,1,0,0,1,0,0,0,,,,,,,,,,,,,,,,,,,,,,
165,2,DUAL_PORTAL_1,5.533333333333333,381073,11629.425048828125,2080,63.4765625,15.753846153846155,43,1.312255859375,2037,62.164306640625,0,0.0,0x4A338743,-156,512,384,-0.609375,2.0,1.5,0,0x04,0,0,0,1,0,0,0,0,0,0,,,,,,,,,,,,,,,,,,,,,,
166,2,DUAL_PORTAL_1,5.566666666666666,383121,11691.925048828125,2048,62.5,16.0,43,1.312255859375,2004,61.1572265625,1,0.030517578125,0x4A338743,-156,512,384,-0.609375,2.0,1.5,0,0x00,0,0,0,0,0,0,0,0,0,0,,,,,,,,,,,,,,,,,,,,,,
167,2,DUAL_PORTAL_1,5.6,385169,11754.425048828125,2048,62.5,16.0,43,1.312255859375,2004,61.1572265625,1,0.030517578125,0x4A338743,-156,512,384,-0.609375,2.0,1.5,0,0x00,0,0,0,0,0,0,0,0,0,0,,,,,,,,,,,,,,,,,,,,,,
168,2,DUAL_PORTAL_1,5.633333333333334,387217,11816.925048828125,2048,62.5,16.0,43,1.312255859375,2004,61.1572265625,1,0.030517578125,0x4A338743,-156,512,384,-0.609375,2.0,1.5,0,0x00,0,0,0,0,0,0,0,0,0,0,,,,,,,,,,,,,,,,,,,,,,
169,2,DUAL_PORTAL_1,5.666666666666667,389266,11879.45556640625,2049,62.530517578125,15.99219131283553,44,1.3427734375,2004,61.1572265625,1,0.030517578125,0x4A338743,-156,512,384,-0.609375,2.0,1.5,0,0x08,0,0,0,0,1,0,0,0,0,0,,,,,,,,,,,,,,,,,,,,,,
170,3,DUAL_PORTAL_2,5.7,391712,11954.1015625,2446,74.64599609375,13.396565821749796,50,1.52587890625,2396,73.1201171875,0,0.0,0xF4A3C21C,-157,533,384,-0.61328125,2.08203125,1.5,0,0x04,0,0,0,1,0,0,1,1,0,0,,,,,,,,,,,,,,,,,,,,,,
171,3,DUAL_PORTAL_2,5.733333333333333,394177,12029.327392578125,2465,75.225830078125,13.293306288032454,50,1.52587890625,2415,73.699951171875,0,0.0,0x432AC1DD,-160,554,384,-0.625,2.1640625,1.5,0,0x04,0,0,0,1,0,0,1,1,0,0,,,,,,,,,,,,,,,,,,,,,,
172,3,DUAL_PORTAL_2,5.766666666666667,396632,12104.248046875,2455,74.920654296875,13.34745417515275,43,1.312255859375,2411,73.577880859375,1,0.030517578125,0x0C29DCBB,-163,575,384,-0.63671875,2.24609375,1.5,0,0x04,0,0,0,1,0,0,1,0,0,0,,,,,,,,,,,,,,,,,,,,,,
173,3,DUAL_PORTAL_2,5.8,398867,12172.454833984375,2235,68.206787109375,14.661297539149889,43,1.312255859375,2191,66.864013671875,1,0.030517578125,0x05F12DC5,-166,596,384,-0.6484375,2.328125,1.5,0,0x04,0,0,0,1,0,0,1,0,0,0,,,,,,,,,,,,,,,,,,,,,,
174,3,DUAL_PORTAL_2,5.833333333333333,401149,12242.095947265625,2282,69.64111328125,14.359333917616127,42,1.28173828125,2239,68.328857421875,1,0.030517578125,0x11796FF7,-169,617,384,-0.66015625,2.41015625,1.5,0,0x04,0,0,0,1,0,0,1,0,0,0,,,,,,,,,,,,,,,,,,,,,,
175,3,DUAL_PORTAL_2,5.866666666666666,403369,12309.844970703125,2220,67.7490234375,14.76036036036036,43,1.312255859375,2176,66.40625,1,0.030517578125,0x4C036C55,-172,638,384,-0.671875,2.4921875,1.5,0,0x04,0,0,0,1,0,0,1,0,0,0,,,,,,,,,,,,,,,,,,,,,,
176,3,DUAL_PORTAL_2,5.9,405647,12379.364013671875,2278,69.51904296875,14.384547848990342,43,1.312255859375,2234,68.17626953125,1,0.030517578125,0x84D39AFB,-175,659,384,-0.68359375,2.57421875,1.5,0,0x04,0,0,0,1,0,0,1,0,0,0,,,,,,,,,,,,,,,,,,,,,,
177,3,DUAL_PORTAL_2,5.933333333333334,407967,12450.164794921875,2320,70.80078125,14.124137931034483,43,1.312255859375,2277,69.488525390625,0,0.0,0xD39756FD,-178,680,384,-0.6953125,2.65625,1.5,0,0x04,0,0,0,1,0,0,1,0,0,0,,,,,,,,,,,,,,,,,,,,,,
178,3,DUAL_PORTAL_2,5.966666666666667,410235,12519.378662109375,2268,69.2138671875,14.447971781305114,43,1.312255859375,2225,67.901611328125,0,0.0,0x406EBEFF,-181,701,384,-0.70703125,2.73828125,1.5,0,0x04,0,0,0,1,0,0,1,0,0,0,,,,,,,,,,,,,,,,,,,,,,
179,3,DUAL_PORTAL_2,6.0,412469,12587.554931640625,2234,68.17626953125,14.667860340196956,43,1.312255859375,2191,66.864013671875,0,0.0,0xD43C616D,-184,722,384,-0.71875,2.8203125,1.5,0,0x04,0,0,0,1,0,0,1,0,0,0,,,,,,,,,,,,,,,,,,,,,,
180,3,DUAL_PORTAL_2,6.033333333333333,414964,12663.6962890625,2495,76.141357421875,13.133466933867735,50,1.52587890625,2445,74.615478515625,0,0.0,0xBF980DB0,-183,701,384,-0.71484375,2.73828125,1.5,0,0x04,0,0,0,1,0,0,-1,-1,0,0,,,,,,,,,,,,,,,,,,,,,,
181,3,DUAL_PORTAL_2,6.066666666666666,417477,12740.386962890625,2513,76.690673828125,13.039395145244727,50,1.52587890625,2463,75.164794921875,0,0.0,0x0DE4479E,-183,680,384,-0.71484375,2.65625,1.5,0,0x04,0,0,0,1,0,0,-1,-1,0,0,,,,,,,,,,,,,,,,,,,,,,
182,3,DUAL_PORTAL_2,6.1,420172,12822.6318359375,2695,82.244873046875,12.158812615955473,50,1.52587890625,2644,80.6884765625,1,0.030517578125,0x9C6245CA,-184,659,384,-0.71875,2.57421875,1.5,0,0x04,0,0,0,1,0,0,-1,-1,0,0,,,,,,,,,,,,,,,,,,,,,,
183,3,DUAL_PORTAL_2,6.133333333333334,422849,12904.327392578125,2677,81.695556640625,12.240567799775869,50,1.52587890625,2627,80.169677734375,0,0.0,0xAEDDC1A5,-187,638,384,-0.73046875,2.4921875,1.5,0,0x04,0,0,0,1,0,0,-1,-1,0,0,,,,,,,,,,,,,,,,,,,,,,
184,3,DUAL_PORTAL_2,6.166666666666667,425437,12983.306884765625,2588,78.9794921875,12.661514683153014,43,1.312255859375,2545,77.667236328125,0,0.0,0x9EA2DBDF,-190,617,384,-0.7421875,2.41015625,1.5,0,0x04,0,0,0,1,0,0,-1,0,0,0,,,,,,,,,,,,,,,,,,,,,,
185,3,DUAL_PORTAL_2,6.2,427827,13056.243896484375,2390,72.93701171875,13.710460251046024,43,1.312255859375,2347,71.624755859375,0,0.0,0xD87AFAAD,-193,596,384,-0.75390625,2.328125,1.5,0,0x04,0,0,0,1,0,0,-1,0,0,0,,,,,,,,,,,,,,,,,,,,,,
186,3,DUAL_PORTAL_2,6.233333333333333,430253,13130.279541015625,2426,74.03564453125,13.507007419620775,43,1.312255859375,2382,72.69287109375,1,0.030517578125,0x3AB36123,-196,575,384,-0.765625,2.24609375,1.5,0,0x04,0,0,0,1,0,0,-1,0,0,0,,,,,,,,,,,,,,,,,,,,,,
187,3,DUAL_PORTAL_2,6.266666666666667,432725,13205.718994140625,2472,75.439453125,13.255663430420713,43,1.312255859375,2429,74.127197265625,0,0.0,0x30B70AED,-199,554,384,-0.77734375,2.1640625,1.5,0,0x04,0,0,0,1,0,0,-1,0,0,0,,,,,,,,,,,,,,,,,,,,,,
188,3,DUAL_PORTAL_2,6.3,435118,13278.74755859375,2393,73.028564453125,13.693272043460093,43,1.312255859375,2349,71.685791015625,1,0.030517578125,0xBB128E77,-202,533,384,-0.7890625,2.08203125,1.5,0,0x04,0,0,0,1,0,0,-1,0,0,0,,,,,,,,,,,,,,,,,,,,,,
189,3,DUAL_PORTAL_2,6.333333333333333,437513,13351.837158203125,2395,73.089599609375,13.681837160751567,43,1.312255859375,2352,71.77734375,0,0.0,0xED446865,-205,512,384,-0.80078125,2.0,1.5,0,0x04,0,0,0,1,0,0,-1,0,0,0,,,,,,,,,,,,,,,,,,,,,,
190,3,DUAL_PORTAL_2,6.366666666666666,439936,13425.78125,2423,73.944091796875,13.523730912092448,43,1.312255859375,2379,72.601318359375,1,0.030517578125,0x0EBC9738,-208,491,384,-0.8125,1.91796875,1.5,0,0x04,0,0,0,1,0,0,-1,0,0,0,,,,,,,,,,,,,,,,,,,,,,
191,3,DUAL_PORTAL_2,6.4,442278,13497.25341796875,2342,71.47216796875,13.991460290350128,42,1.28173828125,2299,70.159912109375,1,0.030517578125,0x84D2CBCE,-211,470,384,-0.82421875,1.8359375,1.5,0,0x04,0,0,0,1,0,0,-1,0,0,0,,,,,,,,,,,,,,,,,,,,,,
192,3,DUAL_PORTAL_2,6.433333333333334,444591,13567.840576171875,2313,70.587158203125,14.166882836143536,43,1.312255859375,2270,69.27490234375,0,0.0,0xC130FC64,-214,449,384,-0.8359375,1.75390625,1.5,0,0x04,0,0,0,1,0,0,-1,0,0,0,,,,,,,,,,,,,,,,,,,,,,
193,3,DUAL_PORTAL_2,6.466666666666667,446932,13639.2822265625,2341,71.441650390625,13.997436992738146,43,1.312255859375,2297,70.098876953125,1,0.030517578125,0xC3ACAFE6,-217,428,384,-0.84765625,1.671875,1.5,0,0x04,0,0,0,1,0,0,-1,0,0,0,,,,,,,,,,,,,,,,,,,,,,
194,3,DUAL_PORTAL_2,6.5,449291,13711.273193359375,2359,71.990966796875,13.890631623569309,43,1.312255859375,2315,70.648193359375,1,0.030517578125,0xDC5A4D18,-220,407,384,-0.859375,1.58984375,1.5,0,0x04,0,0,0,1,0,0,-1,0,0,0,,,,,,,,,,,,,,,,,,,,,,
195,3,DUAL_PORTAL_2,6.533333333333333,451587,13781.341552734375,2296,70.068359375,14.27177700348432,43,1.312255859375,2252,68.7255859375,1,0.030517578125,0x84FFB266,-223,386,384,-0.87109375,1.5078125,1.5,0,0x04,0,0,0,1,0,0,-1,0,0,0,,,,,,,,,,,,,,,,,,,,,,
196,3,DUAL_PORTAL_2,6.566666666666666,453865,13850.860595703125,2278,69.51904296875,14.384547848990342,43,1.312255859375,2235,68.206787109375,0,0.0,0x182E414C,-226,365,384,-0.8828125,1.42578125,1.5,0,0x04,0,0,0,1,0,0,-1,0,0,0,,,,,,,,,,,,,,,,,,,,,,
197,3,DUAL_PORTAL_2,6.6,456166,13921.08154296875,2301,70.220947265625,14.240764884832682,43,1.312255859375,2257,68.878173828125,1,0.030517578125,0xBD00AD6E,-229,344,384,-0.89453125,1.34375,1.5,0,0x04,0,0,0,1,0,0,-1,0,0,0,,,,,,,,,,,,,,,,,,,,,,
198,3,DUAL_PORTAL_2,6.633333333333334,458486,13991.88232421875,2320,70.80078125,14.124137931034483,43,1.312255859375,2277,69.488525390625,0,0.0,0xC79FE998,-232,323,384,-0.90625,1.26171875,1.5,0,0x04,0,0,0,1,0,0,-1,0,0,0,,,,,,,,,,,,,,,,,,,,,,
199,3,DUAL_PORTAL_2,6.666666666666667,460730,14060.36376953125,2244,68.4814453125,14.602495543672013,43,1.312255859375,2200,67.138671875,1,0.030517578125,0xD7F9D1BE,-235,302,384,-0.91796875,1.1796875,1.5,0,0x04,0,0,0,1,0,0,-1,0,0,0,,,,,,,,,,,,,,,,,,,,,,
200,3,DUAL_PORTAL_2,6.7,463217,14136.260986328125,2487,75.897216796875,13.175713711298753,49,1.495361328125,2438,74.40185546875,0,0.0,0xB10FF5D5,-234,323,384,-0.9140625,1.26171875,1.5,0,0x04,0,0,0,1,0,0,1,1,0,0,,,,,,,,,,,,,,,,,,,,,,
201,3,DUAL_PORTAL_2,6.733333333333333,465636,14210.0830078125,2419,73.822021484375,13.546093427035965,49,1.495361328125,2369,72.296142578125,1,0.030517578125,0x6EA76494,-234,344,384,-0.9140625,1.34375,1.5,0,0x04,0,0,0,1,0,0,1,1,0,0,,,,,,,,,,,,,,,,,,,,,,
202,3,DUAL_PORTAL_2,6.766666666666667,467998,14282.16552734375,2362,72.08251953125,13.872988992379339,43,1.312255859375,2319,70.770263671875,0,0.0,0xC45DADA7,-234,365,384,-0.9140625,1.42578125,1.5,0,0x04,0,0,0,1,0,0,1,0,0,0,,,,,,,,,,,,,,,,,,,,,,
203,3,DUAL_PORTAL_2,6.8,470125,14347.076416015625,2127,64.910888671875,15.405735778091207,42,1.28173828125,2084,63.5986328125,1,0.030517578125,0x90DA637A,-234,386,384,-0.9140625,1.5078125,1.5,0,0x04,0,0,0,1,0,0,1,0,0,0,,,,,,,,,,,,,,,,,,,,,,
204,3,DUAL_PORTAL_2,6.833333333333333,472290,14413.14697265625,2165,66.070556640625,15.135334872979215,43,1.312255859375,2122,64.75830078125,0,0.0,0x0CA00ECD,-234,407,384,-0.9140625,1.58984375,1.5,0,0x04,0,0,0,1,0,0,1,0,0,0,,,,,,,,,,,,,,,,,,,,,,
205,3,DUAL_PORTAL_2,6.866666666666666,474464,14479.4921875,2174,66.34521484375,15.072677092916283,43,1.312255859375,2131,65.032958984375,0,0.0,0x60218978,-234,428,384,-0.9140625,1.671875,1.5,0,0x04,0,0,0,1,0,0,1,0,0,0,,,,,,,,,,,,,,,,,,,,,,
206,3,DUAL_PORTAL_2,6.9,476655,14546.356201171875,2191,66.864013671875,14.955727978092195,43,1.312255859375,2148,65.5517578125,0,0.0,0x918E0C3B,-234,449,384,-0.9140625,1.75390625,1.5,0,0x04,0,0,0,1,0,0,1,0,0,0,,,,,,,,,,,,,,,,,,,,,,
207,3,DUAL_PORTAL_2,6.933333333333334,478907,14615.081787109375,2252,68.7255859375,14.550621669626999,43,1.312255859375,2208,67.3828125,1,0.030517578125,0x568E229E,-234,470,384,-0.9140625,1.8359375,1.5,0,0x04,0,0,0,1,0,0,1,0,0,0,,,,,,,,,,,,,,,,,,,,,,
208,3,DUAL_PORTAL_2,6.966666666666667,481153,14683.624267578125,2246,68.54248046875,14.589492430988424,42,1.28173828125,2203,67.230224609375,1,0.030517578125,0x781090E1,-234,491,384,-0.9140625,1.91796875,1.5,0,0x04,0,0,0,1,0,0,1,0,0,0,,,,,,,,,,,,,,,,,,,,,,
209,3,DUAL_PORTAL_2,7.0,483329,14750.030517578125,2176,66.40625,15.058823529411764,43,1.312255859375,2133,65.093994140625,0,0.0,0x3B9C1D0F,-234,512,384,-0.9140625,2.0,1.5,0,0x04,0,0,0,1,0,0,1,0,0,0,,,,,,,,,,,,,,,,,,,,,,
210,3,DUAL_PORTAL_2,7.033333333333333,485492,14816.0400390625,2163,66.009521484375,15.149329634766527,42,1.28173828125,2120,64.697265625,1,0.030517578125,0x9195465C,-234,533,384,-0.9140625,2.08203125,1.5,0,0x04,0,0,0,1,0,0,1,0,0,0,,,,,,,,,,,,,,,,,,,,,,
211,3,DUAL_PORTAL_2,7.066666666666666,487724,14884.1552734375,2232,68.115234375,14.68100358422939,43,1.312255859375,2189,66.802978515625,0,0.0,0x89D7CC31,-234,554,384,-0.9140625,2.1640625,1.5,0,0x04,0,0,0,1,0,0,1,0,0,0,,,,,,,,,,,,,,,,,,,,,,
212,3,DUAL_PORTAL_2,7.1,489905,14950.714111328125,2181,66.558837890625,15.024300779458963,43,1.312255859375,2137,65.216064453125,1,0.030517578125,0xFEADF286,-234,575,384,-0.9140625,2.24609375,1.5,0,0x06,1,1,0,1,0,0,1,0,0,0,65.12451171875,0.0,0.274658203125,10.07080078125,8.697509765625,2.349853515625,17.486572265625,16.6015625,0.0,9.033203125,0.6103515625,0,0,0,0,0,0,0,0,0,0,0
213,3,DUAL_PORTAL_2,7.133333333333334,492125,15018.463134765625,2220,67.7490234375,14.76036036036036,43,1.312255859375,2177,66.436767578125,0,0.0,0xA815B8B3,-234,596,384,-0.9140625,2.328125,1.5,0,0x04,0,0,0,1,0,0,1,0,0,0,,,,,,,,,,,,,,,,,,,,,,
214,3,DUAL_PORTAL_2,7.166666666666667,494383,15087.371826171875,2258,68.90869140625,14.511957484499558,43,1.312255859375,2215,67.596435546875,0,0.0,0xFD05C870,-234,617,384,-0.9140625,2.41015625,1.5,0,0x04,0,0,0,1,0,0,1,0,0,0,,,,,,,,,,,,,,,,,,,,,,
215,3,DUAL_PORTAL_2,7.2,496617,15155.548095703125,2234,68.17626953125,14.667860340196956,43,1.312255859375,2191,66.864013671875,0,0.0,0xCD6B33D5,-234,638,384,-0.9140625,2.4921875,1.5,0,0x04,0,0,0,1,0,0,1,0,0,0,,,,,,,,,,,,,,,,,,,,,,
216,3,DUAL_PORTAL_2,7.233333333333333,498864,15224.12109375,2247,68.572998046875,14.582999554962171,42,1.28173828125,2205,67.291259765625,0,0.0,0x3B56B61A,-234,659,384,-0.9140625,2.57421875,1.5,0,0x04,0,0,0,1,0,0,1,0,0,0,,,,,,,,,,,,,,,,,,,,,,
217,3,DUAL_PORTAL_2,7.266666666666667,501069,15291.412353515625,2205,67.291259765625,14.86077097505669,43,1.312255859375,2161,65.948486328125,1,0.030517578125,0xE8B6A1C7,-234,680,384,-0.9140625,2.65625,1.5,0,0x04,0,0,0,1,0,0,1,0,0,0,,,,,,,,,,,,,,,,,,,,,,
218,3,DUAL_PORTAL_2,7.3,503342,15360.77880859375,2273,69.366455078125,14.416190057193138,43,1.312255859375,2229,68.023681640625,1,0.030517578125,0x9A45F614,-234,701,384,-0.9140625,2.73828125,1.5,0,0x04,0,0,0,1,0,0,1,0,0,0,,,,,,,,,,,,,,,,,,,,,,
219,3,DUAL_PORTAL_2,7.333333333333333,505614,15430.11474609375,2272,69.3359375,14.422535211267606,43,1.312255859375,2229,68.023681640625,0,0.0,0x7689CB69,-234,722,384,-0.9140625,2.8203125,1.5,0,0x04,0,0,0,1,0,0,1,0,0,0,,,,,,,,,,,,,,,,,,,,,,
220,3,DUAL_PORTAL_2,7.366666666666666,507651,15492.279052734375,2037,62.164306640625,16.086401570937653,43,1.312255859375,1993,60.821533203125,1,0.030517578125,0xDB285816,-234,701,384,-0.9140625,2.73828125,1.5,0,0x04,0,0,0,1,0,0,-1,0,0,0,,,,,,,,,,,,,,,,,,,,,,
221,3,DUAL_PORTAL_2,7.4,509923,15561.614990234375,2272,69.3359375,14.422535211267606,43,1.312255859375,2228,67.9931640625,1,0.030517578125,0x23063FC9,-234,680,384,-0.9140625,2.65625,1.5,0,0x04,0,0,0,1,0,0,-1,0,0,0,,,,,,,,,,,,,,,,,,,,,,
222,3,DUAL_PORTAL_2,7.433333333333334,512193,15630.889892578125,2270,69.27490234375,14.4352422907489,43,1.312255859375,2226,67.93212890625,1,0.030517578125,0xFFCC6C1C,-234,659,384,-0.9140625,2.57421875,1.5,0,0x04,0,0,0,1,0,0,-1,0,0,0,,,,,,,,,,,,,,,,,,,,,,
223,3,DUAL_PORTAL_2,7.466666666666667,514393,15698.028564453125,2200,67.138671875,14.894545454545455,43,1.312255859375,2157,65.826416015625,0,0.0,0x09292DD7,-234,638,384,-0.9140625,2.4921875,1.5,0,0x04,0,0,0,1,0,0,-1,0,0,0,,,,,,,,,,,,,,,,,,,,,,
224,3,DUAL_PORTAL_2,7.5,516637,15766.510009765625,2244,68.4814453125,14.602495543672013,43,1.312255859375,2201,67.169189453125,0,0.0,0xF398E8F2,-234,617,384,-0.9140625,2.41015625,1.5,0,0x04,0,0,0,1,0,0,-1,0,0,0,,,,,,,,,,,,,,,,,,,,,,
225,3,DUAL_PORTAL_2,7.533333333333333,518859,15834.320068359375,2222,67.81005859375,14.747074707470746,43,1.312255859375,2179,66.497802734375,0,0.0,0xDEAEB8B5,-234,596,384,-0.9140625,2.328125,1.5,0,0x04,0,0,0,1,0,0,-1,0,0,0,,,,,,,,,,,,,,,,,,,,,,
226,3,DUAL_PORTAL_2,7.566666666666666,521091,15902.435302734375,2232,68.115234375,14.68100358422939,43,1.312255859375,2189,66.802978515625,0,0.0,0xE84BFE88,-234,575,384,-0.9140625,2.24609375,1.5,0,0x04,0,0,0,1,0,0,-1,0,0,0,,,,,,,,,,,,,,,,,,,,,,
227,3,DUAL_PORTAL_2,7.6,523292,15969.6044921875,2201,67.169189453125,14.887778282598818,43,1.312255859375,2157,65.826416015625,1,0.030517578125,0x07B8A6B3,-234,554,384,-0.9140625,2.1640625,1.5,0,0x04,0,0,0,1,0,0,-1,0,0,0,,,,,,,,,,,,,,,,,,,,,,
228,3,DUAL_PORTAL_2,7.633333333333334,525467,16035.980224609375,2175,66.375732421875,15.065747126436781,43,1.312255859375,2132,65.0634765625,0,0.0,0x1F42BADE,-234,533,384,-0.9140625,2.08203125,1.5,0,0x04,0,0,0,1,0,0,-1,0,0,0,,,,,,,,,,,,,,,,,,,,,,
229,3,DUAL_PORTAL_2,7.666666666666667,527743,16105.438232421875,2276,69.4580078125,14.397188049209138,43,1.312255859375,2233,68.145751953125,0,0.0,0xC0A1EE91,-234,512,384,-0.9140625,2.0,1.5,0,0x04,0,0,0,1,0,0,-1,0,0,0,,,,,,,,,,,,,,,,,,,,,,
230,3,DUAL_PORTAL_2,7.7,529955,16172.943115234375,2212,67.5048828125,14.81374321880651,43,1.312255859375,2169,66.192626953125,0,0.0,0x39AA20E3,-234,491,384,-0.9140625,1.91796875,1.5,0,0x04,0,0,0,1,0,0,-1,0,0,0,,,,,,,,,,,,,,,,,,,,,,
231,3,DUAL_PORTAL_2,7.733333333333333,532122,16239.07470703125,2167,66.131591796875,15.121365943700969,43,1.312255859375,2124,64.8193359375,0,0.0,0xD9F15CA0,-234,470,384,-0.9140625,1.8359375,1.5,0,0x04,0,0,0,1,0,0,-1,0,0,0,,,,,,,,,,,,,,,,,,,,,,
232,3,DUAL_PORTAL_2,7.766666666666667,534355,16307.220458984375,2233,68.145751953125,14.674429019256605,43,1.312255859375,2189,66.802978515625,1,0.030517578125,0x1B5396BD,-234,449,384,-0.9140625,1.75390625,1.5,0,0x04,0,0,0,1,0,0,-1,0,0,0,,,,,,,,,,,,,,,,,,,,,,
233,3,DUAL_PORTAL_2,7.8,536606,16375.91552734375,2251,68.695068359375,14.557085739671257,43,1.312255859375,2208,67.3828125,0,0.0,0x1DA2BBFA,-234,428,384,-0.9140625,1.671875,1.5,0,0x04,0,0,0,1,0,0,-1,0,0,0,,,,,,,,,,,,,,,,,,,,,,
234,3,DUAL_PORTAL_2,7.833333333333333,538798,16442.81005859375,2192,66.89453125,14.94890510948905,43,1.312255859375,2148,65.5517578125,1,0.030517578125,0xCA8300CF,-234,407,384,-0.9140625,1.58984375,1.5,0,0x04,0,0,0,1,0,0,-1,0,0,0,,,,,,,,,,,,,,,,,,,,,,
235,3,DUAL_PORTAL_2,7.866666666666666,540970,16509.09423828125,2172,66.2841796875,15.086556169429098,43,1.312255859375,2128,64.94140625,1,0.030517578125,0xD880D57C,-234,386,384,-0.9140625,1.5078125,1.5,0,0x04,0,0,0,1,0,0,-1,0,0,0,,,,,,,,,,,,,,,,,,,,,,
236,3,DUAL_PORTAL_2,7.9,543134,16575.13427734375,2164,66.0400390625,15.142329020332717,43,1.312255859375,2120,64.697265625,1,0.030517578125,0x734B8E29,-234,365,384,-0.9140625,1.42578125,1.5,0,0x04,0,0,0,1,0,0,-1,0,0,0,,,,,,,,,,,,,,,,,,,,,,
237,3,DUAL_PORTAL_2,7.933333333333334,545249,16639.678955078125,2115,64.544677734375,15.493144208037824,43,1.312255859375,2072,63.232421875,0,0.0,0x3D97C896,-234,344,384,-0.9140625,1.34375,1.5,0,0x04,0,0,0,1,0,0,-1,0,0,0,,,,,,,,,,,,,,,,,,,,,,
238,3,DUAL_PORTAL_2,7.966666666666667,547460,16707.1533203125,2211,67.474365234375,14.820443238353686,43,1.312255859375,2168,66.162109375,0,0.0,0x6F65B3AB,-234,323,384,-0.9140625,1.26171875,1.5,0,0x04,0,0,0,1,0,0,-1,0,0,0,,,,,,,,,,,,,,,,,,,,,,
239,3,DUAL_PORTAL_2,8.0,549708,16775.7568359375,2248,68.603515625,14.576512455516013,43,1.312255859375,2204,67.2607421875,1,0.030517578125,0x28A1CEE8,-234,302,384,-0.9140625,1.1796875,1.5,0,0x04,0,0,0,1,0,0,-1,0,0,0,,,,,,,,,,,,,,,,,,,,,,
240,3,DUAL_PORTAL_2,8.033333333333333,551711,16836.883544921875,2003,61.126708984375,16.35946080878682,43,1.312255859375,1959,59.783935546875,1,0.030517578125,0xED3F89A9,-234,323,384,-0.9140625,1.26171875,1.5,0,0x04,0,0,0,1,0,0,1,0,0,0,,,,,,,,,,,,,,,,,,,,,,
241,3,DUAL_PORTAL_2,8.066666666666666,553980,16906.1279296875,2269,69.244384765625,14.44160423093874,43,1.312255859375,2226,67.93212890625,0,0.0,0x6EA76494,-234,344,384,-0.9140625,1.34375,1.5,0,0x04,0,0,0,1,0,0,1,0,0,0,,,,,,,,,,,,,,,,,,,,,,
242,3,DUAL_PORTAL_2,8.1,556218,16974.42626953125,2238,68.29833984375,14.641644325290438,43,1.312255859375,2195,66.986083984375,0,0.0,0xC45DADA7,-234,365,384,-0.9140625,1.42578125,1.5,0,0x04,0,0,0,1,0,0,1,0,0,0,,,,,,,,,,,,,,,,,,,,,,
243,3,DUAL_PORTAL_2,8.133333333333333,558345,17039.337158203125,2127,64.910888671875,15.405735778091207,42,1.28173828125,2084,63.5986328125,1,0.030517578125,0x90DA637A,-234,386,384,-0.9140625,1.5078125,1.5,0,0x04,0,0,0,1,0,0,1,0,0,0,,,,,,,,,,,,,,,,,,,,,,
244,3,DUAL_PORTAL_2,8.166666666666666,560510,17105.40771484375,2165,66.070556640625,15.135334872979215,43,1.312255859375,2122,64.75830078125,0,0.0,0x0CA00ECD,-234,407,384,-0.9140625,1.58984375,1.5,0,0x04,0,0,0,1,0,0,1,0,0,0,,,,,,,,,,,,,,,,,,,,,,
245,3,DUAL_PORTAL_2,8.2,562684,17171.7529296875,2174,66.34521484375,15.072677092916283,43,1.312255859375,2131,65.032958984375,0,0.0,0x60218978,-234,428,384,-0.9140625,1.671875,1.5,0,0x04,0,0,0,1,0,0,1,0,0,0,,,,,,,,,,,,,,,,,,,,,,
246,3,DUAL_PORTAL_2,8.233333333333333,564875,17238.616943359375,2191,66.864013671875,14.955727978092195,43,1.312255859375,2148,65.5517578125,0,0.0,0x918E0C3B,-234,449,384,-0.9140625,1.75390625,1.5,0,0x04,0,0,0,1,0,0,1,0,0,0,,,,,,,,,,,,,,,,,,,,,,
247,3,DUAL_PORTAL_2,8.266666666666667,567127,17307.342529296875,2252,68.7255859375,14.550621669626999,43,1.312255859375,2208,67.3828125,1,0.030517578125,0x568E229E,-234,470,384,-0.9140625,1.8359375,1.5,0,0x04,0,0,0,1,0,0,1,0,0,0,,,,,,,,,,,,,,,,,,,,,,
248,3,DUAL_PORTAL_2,8.3,569373,17375.885009765625,2246,68.54248046875,14.589492430988424,42,1.28173828125,2203,67.230224609375,1,0.030517578125,0x781090E1,-234,491,384,-0.9140625,1.91796875,1.5,0,0x04,0,0,0,1,0,0,1,0,0,0,,,,,,,,,,,,,,,,,,,,,,
249,3,DUAL_PORTAL_2,8.333333333333334,571549,17442.291259765625,2176,66.40625,15.058823529411764,43,1.312255859375,2133,65.093994140625,0,0.0,0x3B9C1D0F,-234,512,384,-0.9140625,2.0,1.5,0,0x04,0,0,0,1,0,0,1,0,0,0,,,,,,,,,,,,,,,,,,,,,,
250,3,DUAL_PORTAL_2,8.366666666666667,573663,17506.805419921875,2114,64.51416015625,15.500473036896878,43,1.312255859375,2070,63.17138671875,1,0.030517578125,0xDA7C6899,-234,512,384,-0.9140625,2.0,1.5,0,0x04,0,0,0,1,0,0,0,0,0,0,,,,,,,,,,,,,,,,,,,,,,
251,3,DUAL_PORTAL_2,8.4,575708,17569.2138671875,2045,62.408447265625,16.023471882640585,44,1.3427734375,2001,61.065673828125,0,0.0,0xDA7C6899,-234,512,384,-0.9140625,2.0,1.5,0,0x00,0,0,0,0,0,0,0,0,0,0,,,,,,,,,,,,,,,,,,,,,,
252,3,DUAL_PORTAL_2,8.433333333333334,577753,17631.622314453125,2045,62.408447265625,16.023471882640585,43,1.312255859375,2002,61.09619140625,0,0.0,0xDA7C6899,-234,512,384,-0.9140625,2.0,1.5,0,0x00,0,0,0,0,0,0,0,0,0,0,,,,,,,,,,,,,,,,,,,,,,
253,3,DUAL_PORTAL_2,8.466666666666667,579799,17694.061279296875,2046,62.43896484375,16.01564027370479,44,1.3427734375,2001,61.065673828125,1,0.030517578125,0xDA7C6899,-234,512,384,-0.9140625,2.0,1.5,0,0x00,0,0,0,0,0,0,0,0,0,0,,,,,,,,,,,,,,,,,,,,,,
254,3,DUAL_PORTAL_2,8.5,581844,17756.4697265625,2045,62.408447265625,16.023471882640585,44,1.3427734375,2001,61.065673828125,0,0.0,0xDA7C6899,-234,512,384,-0.9140625,2.0,1.5,0,0x08,0,0,0,0,1,0,0,0,0,0,,,,,,,,,,,,,,,,,,,,,,
255,4,DUAL_PORTAL_3,8.533333333333333,584284,17830.9326171875,2440,74.462890625,13.429508196721311,50,1.52587890625,2389,72.906494140625,1,0.030517578125,0xBE7FCE96,-235,533,384,-0.91796875,2.08203125,1.5,0,0x04,0,0,0,1,0,0,1,1,0,0,,,,,,,,,,,,,,,,,,,,,,
256,4,DUAL_PORTAL_3,8.566666666666666,586753,17906.280517578125,2469,75.347900390625,13.271769947347105,50,1.52587890625,2419,73.822021484375,0,0.0,0x055042C3,-238,554,384,-0.9296875,2.1640625,1.5,0,0x04,0,0,0,1,0,0,1,1,0,0,,,,,,,,,,,,,,,,,,,,,,
257,4,DUAL_PORTAL_3,8.6,589175,17980.194091796875,2422,73.91357421875,13.529314616019818,43,1.312255859375,2379,72.601318359375,0,0.0,0x1345B8C9,-241,575,384,-0.94140625,2.24609375,1.5,0,0x04,0,0,0,1,0,0,1,0,0,0,,,,,,,,,,,,,,,,,,,,,,
258,4,DUAL_PORTAL_3,8.633333333333333,591339,18046.234130859375,2164,66.0400390625,15.142329020332717,42,1.28173828125,2122,64.75830078125,0,0.0,0xE6F0FC1F,-244,596,384,-0.953125,2.328125,1.5,0,0x04,0,0,0,1,0,0,1,0,0,0,,,,,,,,,,,,,,,,,,,,,,
259,4,DUAL_PORTAL_3,8.666666666666666,593560,18114.013671875,2221,67.779541015625,14.75371454299865,42,1.28173828125,2179,66.497802734375,0,0.0,0xB2B6CD31,-247,617,384,-0.96484375,2.41015625,1.5,0,0x04,0,0,0,1,0,0,1,0,0,0,,,,,,,,,,,,,,,,,,,,,,
260,4,DUAL_PORTAL_3,8.7,595757,18181.060791015625,2197,67.047119140625,14.914883932635412,43,1.312255859375,2154,65.73486328125,0,0.0,0x0DEE6BB3,-250,638,384,-0.9765625,2.4921875,1.5,0,0x04,0,0,0,1,0,0,1,0,0,0,,,,,,,,,,,,,,,,,,,,,,
261,4,DUAL_PORTAL_3,8.733333333333333,598001,18249.542236328125,2244,68.4814453125,14.602495543672013,42,1.28173828125,2202,67.19970703125,0,0.0,0x47C5F439,-253,659,384,-0.98828125,2.57421875,1.5,0,0x04,0,0,0,1,0,0,1,0,0,0,,,,,,,,,,,,,,,,,,,,,,
262,4,DUAL_PORTAL_3,8.766666666666667,600256,18318.359375,2255,68.817138671875,14.531263858093126,43,1.312255859375,2211,67.474365234375,1,0.030517578125,0xD0AA0D47,-256,680,384,-1.0,2.65625,1.5,0,0x04,0,0,0,1,0,0,1,0,0,0,,,,,,,,,,,,,,,,,,,,,,
263,4,DUAL_PORTAL_3,8.8,602559,18388.641357421875,2303,70.281982421875,14.228397742075554,43,1.312255859375,2259,68.939208984375,1,0.030517578125,0x4873745A,-259,701,384,-1.01171875,2.73828125,1.5,0,0x04,0,0,0,1,0,0,1,0,0,0,,,,,,,,,,,,,,,,,,,,,,
264,4,DUAL_PORTAL_3,8.833333333333334,604830,18457.94677734375,2271,69.305419921875,14.428885953324526,43,1.312255859375,2227,67.962646484375,1,0.030517578125,0x468E2274,-262,722,384,-1.0234375,2.8203125,1.5,0,0x04,0,0,0,1,0,0,1,0,0,0,,,,,,,,,,,,,,,,,,,,,,
265,4,DUAL_PORTAL_3,8.866666666666667,607245,18531.646728515625,2415,73.699951171875,13.568530020703934,50,1.52587890625,2365,72.174072265625,0,0.0,0xC323CDF1,-261,701,384,-1.01953125,2.73828125,1.5,0,0x04,0,0,0,1,0,0,-1,-1,0,0,,,,,,,,,,,,,,,,,,,,,,
266,4,DUAL_PORTAL_3,8.9,609762,18608.45947265625,2517,76.812744140625,13.018673023440604,49,1.495361328125,2467,75.286865234375,1,0.030517578125,0xE17C2B8F,-261,680,384,-1.01953125,2.65625,1.5,0,0x04,0,0,0,1,0,0,-1,-1,0,0,,,,,,,,,,,,,,,,,,,,,,
267,4,DUAL_PORTAL_3,8.933333333333334,612392,18688.720703125,2630,80.26123046875,12.459315589353611,50,1.52587890625,2579,78.704833984375,1,0.030517578125,0x53B8C283,-262,659,384,-1.0234375,2.57421875,1.5,0,0x04,0,0,0,1,0,0,-1,-1,0,0,,,,,,,,,,,,,,,,,,,,,,
268,4,DUAL_PORTAL_3,8.966666666666667,615066,18770.32470703125,2674,81.60400390625,12.25430067314884,50,1.52587890625,2624,80.078125,0,0.0,0xD30EF6F8,-265,638,384,-1.03515625,2.4921875,1.5,0,0x04,0,0,0,1,0,0,-1,-1,0,0,,,,,,,,,,,,,,,,,,,,,,
269,4,DUAL_PORTAL_3,9.0,617666,18849.67041015625,2600,79.345703125,12.603076923076923,43,1.312255859375,2557,78.033447265625,0,0.0,0x7B032976,-268,617,384,-1.046875,2.41015625,1.5,0,0x04,0,0,0,1,0,0,-1,0,0,0,,,,,,,,,,,,,,,,,,,,,,
270,4,DUAL_PORTAL_3,9.033333333333333,620032,18921.875,2366,72.20458984375,13.84953508030431,43,1.312255859375,2322,70.86181640625,1,0.030517578125,0x46E86274,-271,596,384,-1.05859375,2.328125,1.5,0,0x04,0,0,0,1,0,0,-1,0,0,0,,,,,,,,,,,,,,,,,,,,,,
271,4,DUAL_PORTAL_3,9.066666666666666,622463,18996.063232421875,2431,74.188232421875,13.479226655697245,43,1.312255859375,2387,72.845458984375,1,0.030517578125,0xC60C1B3E,-274,575,384,-1.0703125,2.24609375,1.5,0,0x04,0,0,0,1,0,0,-1,0,0,0,,,,,,,,,,,,,,,,,,,,,,
272,4,DUAL_PORTAL_3,9.1,624809,19067.657470703125,2346,71.59423828125,13.967604433077579,43,1.312255859375,2303,70.281982421875,0,0.0,0xEC6F39A0,-277,554,384,-1.08203125,2.1640625,1.5,0,0x04,0,0,0,1,0,0,-1,0,0,0,,,,,,,,,,,,,,,,,,,,,,
273,4,DUAL_PORTAL_3,9.133333333333333,627161,19139.434814453125,2352,71.77734375,13.931972789115646,43,1.312255859375,2309,70.465087890625,0,0.0,0x67F64E6E,-280,533,384,-1.09375,2.08203125,1.5,0,0x04,0,0,0,1,0,0,-1,0,0,0,,,,,,,,,,,,,,,,,,,,,,
274,4,DUAL_PORTAL_3,9.166666666666666,629515,19211.273193359375,2354,71.83837890625,13.920135938827528,43,1.312255859375,2311,70.526123046875,0,0.0,0xC2179784,-283,512,384,-1.10546875,2.0,1.5,0,0x04,0,0,0,1,0,0,-1,0,0,0,,,,,,,,,,,,,,,,,,,,,,
275,4,DUAL_PORTAL_3,9.2,631933,19285.064697265625,2418,73.79150390625,13.551695616211745,43,1.312255859375,2374,72.44873046875,1,0.030517578125,0x87289FCD,-286,491,384,-1.1171875,1.91796875,1.5,0,0x04,0,0,0,1,0,0,-1,0,0,0,,,,,,,,,,,,,,,,,,,,,,
276,4,DUAL_PORTAL_3,9.233333333333333,634293,19357.086181640625,2360,72.021484375,13.884745762711864,43,1.312255859375,2316,70.6787109375,1,0.030517578125,0x22B77633,-289,470,384,-1.12890625,1.8359375,1.5,0,0x04,0,0,0,1,0,0,-1,0,0,0,,,,,,,,,,,,,,,,,,,,,,
277,4,DUAL_PORTAL_3,9.266666666666667,636581,19426.910400390625,2288,69.82421875,14.321678321678322,43,1.312255859375,2245,68.511962890625,0,0.0,0x40DF1C3D,-292,449,384,-1.140625,1.75390625,1.5,0,0x04,0,0,0,1,0,0,-1,0,0,0,,,,,,,,,,,,,,,,,,,,,,
278,4,DUAL_PORTAL_3,9.3,638923,19498.382568359375,2342,71.47216796875,13.991460290350128,43,1.312255859375,2298,70.12939453125,1,0.030517578125,0x7D024B2F,-295,428,384,-1.15234375,1.671875,1.5,0,0x04,0,0,0,1,0,0,-1,0,0,0,,,,,,,,,,,,,,,,,,,,,,
279,4,DUAL_PORTAL_3,9.333333333333334,641272,19570.068359375,2349,71.685791015625,13.949765857811835,43,1.312255859375,2306,70.37353515625,0,0.0,0xDA594235,-298,407,384,-1.1640625,1.58984375,1.5,0,0x04,0,0,0,1,0,0,-1,0,0,0,,,,,,,,,,,,,,,,,,,,,,
280,4,DUAL_PORTAL_3,9.366666666666667,643582,19640.56396484375,2310,70.49560546875,14.185281385281385,43,1.312255859375,2266,69.15283203125,1,0.030517578125,0xAAEC626B,-301,386,384,-1.17578125,1.5078125,1.5,0,0x04,0,0,0,1,0,0,-1,0,0,0,,,,,,,,,,,,,,,,,,,,,,
281,4,DUAL_PORTAL_3,9.4,645899,19711.273193359375,2317,70.709228515625,14.142425550280535,43,1.312255859375,2274,69.39697265625,0,0.0,0x753D41A5,-304,365,384,-1.1875,1.42578125,1.5,0,0x04,0,0,0,1,0,0,-1,0,0,0,,,,,,,,,,,,,,,,,,,,,,
282,4,DUAL_PORTAL_3,9.433333333333334,648183,19780.975341796875,2284,69.7021484375,14.34676007005254,43,1.312255859375,2241,68.389892578125,0,0.0,0x6C5B67BF,-307,344,384,-1.19921875,1.34375,1.5,0,0x04,0,0,0,1,0,0,-1,0,0,0,,,,,,,,,,,,,,,,,,,,,,
283,4,DUAL_PORTAL_3,9.466666666666667,650436,19849.7314453125,2253,68.756103515625,14.54416333777186,43,1.312255859375,2210,67.44384765625,0,0.0,0x9F182F2D,-310,323,384,-1.2109375,1.26171875,1.5,0,0x04,0,0,0,1,0,0,-1,0,0,0,,,,,,,,,,,,,,,,,,,,,,
284,4,DUAL_PORTAL_3,9.5,652705,19918.975830078125,2269,69.244384765625,14.44160423093874,43,1.312255859375,2226,67.93212890625,0,0.0,0xFE59E343,-313,302,384,-1.22265625,1.1796875,1.5,0,0x04,0,0,0,1,0,0,-1,0,0,0,,,,,,,,,,,,,,,,,,,,,,
285,4,DUAL_PORTAL_3,9.533333333333333,655173,19994.293212890625,2468,75.3173828125,13.277147487844408,49,1.495361328125,2418,73.79150390625,1,0.030517578125,0xF4DF2CCC,-312,323,384,-1.21875,1.26171875,1.5,0,0x04,0,0,0,1,0,0,1,1,0,0,,,,,,,,,,,,,,,,,,,,,,
286,4,DUAL_PORTAL_3,9.566666666666666,657602,20068.42041015625,2429,74.127197265625,13.490325236722931,50,1.52587890625,2379,72.601318359375,0,0.0,0x9B0BBE29,-312,344,384,-1.21875,1.34375,1.5,0,0x04,0,0,0,1,0,0,1,1,0,0,,,,,,,,,,,,,,,,,,,,,,
287,4,DUAL_PORTAL_3,9.6,659978,20140.93017578125,2376,72.509765625,13.79124579124579,43,1.312255859375,2333,71.197509765625,0,0.0,0xA8A4D33E,-312,365,384,-1.21875,1.42578125,1.5,0,0x04,0,0,0,1,0,0,1,0,0,0,,,,,,,,,,,,,,,,,,,,,,
288,4,DUAL_PORTAL_3,9.633333333333333,662147,20207.122802734375,2169,66.192626953125,15.107422775472568,43,1.312255859375,2125,64.849853515625,1,0.030517578125,0xBDBDA3C3,-312,386,384,-1.21875,1.5078125,1.5,0,0x04,0,0,0,1,0,0,1,0,0,0,,,,,,,,,,,,,,,,,,,,,,
289,4,DUAL_PORTAL_3,9.666666666666666,664298,20272.76611328125,2151,65.643310546875,15.233844723384472,43,1.312255859375,2108,64.3310546875,0,0.0,0xF4676858,-312,407,384,-1.21875,1.58984375,1.5,0,0x04,0,0,0,1,0,0,1,0,0,0,,,,,,,,,,,,,,,,,,,,,,
290,4,DUAL_PORTAL_3,9.7,666466,20338.92822265625,2168,66.162109375,15.114391143911439,43,1.312255859375,2125,64.849853515625,0,0.0,0x817341ED,-312,428,384,-1.21875,1.671875,1.5,0,0x04,0,0,0,1,0,0,1,0,0,0,,,,,,,,,,,,,,,,,,,,,,
291,4,DUAL_PORTAL_3,9.733333333333333,668663,20405.975341796875,2197,67.047119140625,14.914883932635412,43,1.312255859375,2153,65.704345703125,1,0.030517578125,0x438ABC02,-312,449,384,-1.21875,1.75390625,1.5,0,0x04,0,0,0,1,0,0,1,0,0,0,,,,,,,,,,,,,,,,,,,,,,
292,4,DUAL_PORTAL_3,9.766666666666667,670837,20472.320556640625,2174,66.34521484375,15.072677092916283,43,1.312255859375,2131,65.032958984375,0,0.0,0x65947007,-312,470,384,-1.21875,1.8359375,1.5,0,0x04,0,0,0,1,0,0,1,0,0,0,,,,,,,,,,,,,,,,,,,,,,
293,4,DUAL_PORTAL_3,9.8,673005,20538.482666015625,2168,66.162109375,15.114391143911439,43,1.312255859375,2125,64.849853515625,0,0.0,0x8D48EF1C,-312,491,384,-1.21875,1.91796875,1.5,0,0x04,0,0,0,1,0,0,1,0,0,0,,,,,,,,,,,,,,,,,,,,,,
294,4,DUAL_PORTAL_3,9.833333333333334,675144,20603.759765625,2139,65.277099609375,15.319308087891539,42,1.28173828125,2096,63.96484375,1,0.030517578125,0xEAF53732,-312,512,384,-1.21875,2.0,1.5,0,0x04,0,0,0,1,0,0,1,0,0,0,,,,,,,,,,,,,,,,,,,,,,
295,4,DUAL_PORTAL_3,9.866666666666667,677301,20669.586181640625,2157,65.826416015625,15.191469633750579,43,1.312255859375,2113,64.483642578125,1,0.030517578125,0xF7E37BC5,-312,533,384,-1.21875,2.08203125,1.5,0,0x04,0,0,0,1,0,0,1,0,0,0,,,,,,,,,,,,,,,,,,,,,,
296,4,DUAL_PORTAL_3,9.9,679566,20738.70849609375,2265,69.122314453125,14.46710816777042,43,1.312255859375,2222,67.81005859375,0,0.0,0x5FA426C8,-312,554,384,-1.21875,2.1640625,1.5,0,0x04,0,0,0,1,0,0,1,0,0,0,,,,,,,,,,,,,,,,,,,,,,
297,4,DUAL_PORTAL_3,9.933333333333334,681784,20806.396484375,2218,67.68798828125,14.773669972948602,42,1.28173828125,2176,66.40625,0,0.0,0xE500A163,-312,575,384,-1.21875,2.24609375,1.5,0,0x06,1,1,0,1,0,0,1,0,0,0,66.314697265625,0.030517578125,0.244140625,10.101318359375,8.6669921875,2.3193359375,17.4560546875,16.6015625,0.0,10.284423828125,0.6103515625,0,0,0,0,0,0,0,0,0,0,0
298,4,DUAL_PORTAL_3,9.966666666666667,683994,20873.84033203125,2210,67.44384765625,14.827149321266969,42,1.28173828125,2168,66.162109375,0,0.0,0xA6AE3D76,-312,596,384,-1.21875,2.328125,1.5,0,0x04,0,0,0,1,0,0,1,0,0,0,,,,,,,,,,,,,,,,,,,,,,
299,4,DUAL_PORTAL_3,10.0,686250,20942.68798828125,2256,68.84765625,14.52482269503546,42,1.28173828125,2214,67.56591796875,0,0.0,0xB39C8209,-312,617,384,-1.21875,2.41015625,1.5,0,0x04,0,0,0,1,0,0,1,0,0,0,,,,,,,,,,,,,,,,,,,,,,
300,4,DUAL_PORTAL_3,10.033333333333333,688461,21010.162353515625,2211,67.474365234375,14.820443238353686,42,1.28173828125,2168,66.162109375,1,0.030517578125,0x1B5D2D0C,-312,638,384,-1.21875,2.4921875,1.5,0,0x04,0,0,0,1,0,0,1,0,0,0,,,,,,,,,,,,,,,,,,,,,,
301,4,DUAL_PORTAL_3,10.066666666666666,690717,21079.010009765625,2256,68.84765625,14.52482269503546,43,1.312255859375,2213,67.535400390625,0,0.0,0x83993727,-312,659,384,-1.21875,2.57421875,1.5,0,0x04,0,0,0,1,0,0,1,0,0,0,,,,,,,,,,,,,,,,,,,,,,
302,4,DUAL_PORTAL_3,10.1,692940,21146.8505859375,2223,67.840576171875,14.740440845704004,42,1.28173828125,2181,66.558837890625,0,0.0,0x6A3E41BA,-312,680,384,-1.21875,2.65625,1.5,0,0x04,0,0,0,1,0,0,1,0,0,0,,,,,,,,,,,,,,,,,,,,,,
303,4,DUAL_PORTAL_3,10.133333333333333,695102,21212.82958984375,2162,65.97900390625,15.156336725254395,43,1.312255859375,2118,64.63623046875,1,0.030517578125,0x5B734E4D,-312,701,384,-1.21875,2.73828125,1.5,0,0x04,0,0,0,1,0,0,1,0,0,0,,,,,,,,,,,,,,,,,,,,,,
304,4,DUAL_PORTAL_3,10.166666666666666,697386,21282.53173828125,2284,69.7021484375,14.34676007005254,43,1.312255859375,2240,68.359375,1,0.030517578125,0xA61388D0,-312,722,384,-1.21875,2.8203125,1.5,0,0x04,0,0,0,1,0,0,1,0,0,0,,,,,,,,,,,,,,,,,,,,,,
305,4,DUAL_PORTAL_3,10.2,699422,21344.66552734375,2036,62.1337890625,16.094302554027504,42,1.28173828125,1994,60.85205078125,0,0.0,0xEAC35A4F,-312,701,384,-1.21875,2.73828125,1.5,0,0x04,0,0,0,1,0,0,-1,0,0,0,,,,,,,,,,,,,,,,,,,,,,
306,4,DUAL_PORTAL_3,10.233333333333333,701704,21414.306640625,2282,69.64111328125,14.359333917616127,43,1.312255859375,2238,68.29833984375,1,0.030517578125,0xD4622FBC,-312,680,384,-1.21875,2.65625,1.5,0,0x04,0,0,0,1,0,0,-1,0,0,0,,,,,,,,,,,,,,,,,,,,,,
307,4,DUAL_PORTAL_3,10.266666666666667,703862,21480.16357421875,2158,65.85693359375,15.184430027803522,43,1.312255859375,2115,64.544677734375,0,0.0,0x4D073BA9,-312,659,384,-1.21875,2.57421875,1.5,0,0x04,0,0,0,1,0,0,-1,0,0,0,,,,,,,,,,,,,,,,,,,,,,
308,4,DUAL_PORTAL_3,10.3,706082,21547.91259765625,2220,67.7490234375,14.76036036036036,43,1.312255859375,2177,66.436767578125,0,0.0,0x6AA2FF8E,-312,638,384,-1.21875,2.4921875,1.5,0,0x04,0,0,0,1,0,0,-1,0,0,0,,,,,,,,,,,,,,,,,,,,,,
309,4,DUAL_PORTAL_3,10.333333333333334,708334,21616.63818359375,2252,68.7255859375,14.550621669626999,43,1.312255859375,2209,67.413330078125,0,0.0,0x47016A0B,-312,617,384,-1.21875,2.41015625,1.5,0,0x04,0,0,0,1,0,0,-1,0,0,0,,,,,,,,,,,,,,,,,,,,,,
310,4,DUAL_PORTAL_3,10.366666666666667,710534,21683.77685546875,2200,67.138671875,14.894545454545455,43,1.312255859375,2156,65.7958984375,1,0.030517578125,0x58461F78,-312,596,384,-1.21875,2.328125,1.5,0,0x04,0,0,0,1,0,0,-1,0,0,0,,,,,,,,,,,,,,,,,,,,,,
311,4,DUAL_PORTAL_3,10.4,712763,21751.800537109375,2229,68.023681640625,14.700762673844773,43,1.312255859375,2186,66.71142578125,0,0.0,0xDB6275E5,-312,575,384,-1.21875,2.24609375,1.5,0,0x04,0,0,0,1,0,0,-1,0,0,0,,,,,,,,,,,,,,,,,,,,,,
312,4,DUAL_PORTAL_3,10.433333333333334,714953,21818.634033203125,2190,66.83349609375,14.96255707762557,43,1.312255859375,2146,65.49072265625,1,0.030517578125,0x5B8CFB4A,-312,554,384,-1.21875,2.1640625,1.5,0,0x04,0,0,0,1,0,0,-1,0,0,0,,,,,,,,,,,,,,,,,,,,,,
313,4,DUAL_PORTAL_3,10.466666666666667,717168,21886.23046875,2215,67.596435546875,14.793679458239277,43,1.312255859375,2171,66.253662109375,1,0.030517578125,0x5EFAD047,-312,533,384,-1.21875,2.08203125,1.5,0,0x04,0,0,0,1,0,0,-1,0,0,0,,,,,,,,,,,,,,,,,,,,,,
314,4,DUAL_PORTAL_3,10.5,719431,21955.291748046875,2263,69.061279296875,14.479893946089263,43,1.312255859375,2220,67.7490234375,0,0.0,0x49301B34,-312,512,384,-1.21875,2.0,1.5,0,0x04,0,0,0,1,0,0,-1,0,0,0,,,,,,,,,,,,,,,,,,,,,,
315,4,DUAL_PORTAL_3,10.533333333333333,721586,22021.05712890625,2155,65.765380859375,15.205568445475638,43,1.312255859375,2112,64.453125,0,0.0,0x04C2D89E,-312,491,384,-1.21875,1.91796875,1.5,0,0x04,0,0,0,1,0,0,-1,0,0,0,,,,,,,,,,,,,,,,,,,,,,
316,4,DUAL_PORTAL_3,10.566666666666666,723714,22085.99853515625,2128,64.94140625,15.398496240601503,43,1.312255859375,2084,63.5986328125,1,0.030517578125,0xC2618A09,-312,470,384,-1.21875,1.8359375,1.5,0,0x04,0,0,0,1,0,0,-1,0,0,0,,,,,,,,,,,,,,,,,,,,,,
317,4,DUAL_PORTAL_3,10.6,725870,22151.79443359375,2156,65.7958984375,15.198515769944342,43,1.312255859375,2112,64.453125,1,0.030517578125,0xDE5DB884,-312,449,384,-1.21875,1.75390625,1.5,0,0x04,0,0,0,1,0,0,-1,0,0,0,,,,,,,,,,,,,,,,,,,,,,
318,4,DUAL_PORTAL_3,10.633333333333333,728044,22218.1396484375,2174,66.34521484375,15.072677092916283,43,1.312255859375,2130,65.00244140625,1,0.030517578125,0xBA55EE6F,-312,428,384,-1.21875,1.671875,1.5,0,0x04,0,0,0,1,0,0,-1,0,0,0,,,,,,,,,,,,,,,,,,,,,,
319,4,DUAL_PORTAL_3,10.666666666666666,730287,22286.590576171875,2243,68.450927734375,14.609005795809184,43,1.312255859375,2199,67.108154296875,1,0.030517578125,0xEDD5D65A,-312,407,384,-1.21875,1.58984375,1.5,0,0x04,0,0,0,1,0,0,-1,0,0,0,,,,,,,,,,,,,,,,,,,,,,
320,4,DUAL_PORTAL_3,10.7,732503,22354.217529296875,2216,67.626953125,14.787003610108304,43,1.312255859375,2173,66.314697265625,0,0.0,0xC72DBFC5,-312,386,384,-1.21875,1.5078125,1.5,0,0x04,0,0,0,1,0,0,-1,0,0,0,,,,,,,,,,,,,,,,,,,,,,
321,4,DUAL_PORTAL_3,10.733333333333333,734655,22419.891357421875,2152,65.673828125,15.226765799256505,43,1.312255859375,2108,64.3310546875,1,0.030517578125,0x18F9C5C0,-312,365,384,-1.21875,1.42578125,1.5,0,0x04,0,0,0,1,0,0,-1,0,0,0,,,,,,,,,,,,,,,,,,,,,,
322,4,DUAL_PORTAL_3,10.766666666666667,736813,22485.748291015625,2158,65.85693359375,15.184430027803522,43,1.312255859375,2114,64.51416015625,1,0.030517578125,0x4610DC2B,-312,344,384,-1.21875,1.34375,1.5,0,0x04,0,0,0,1,0,0,-1,0,0,0,,,,,,,,,,,,,,,,,,,,,,
323,4,DUAL_PORTAL_3,10.8,738978,22551.81884765625,2165,66.070556640625,15.135334872979215,43,1.312255859375,2122,64.75830078125,0,0.0,0xFE0D2316,-312,323,384,-1.21875,1.26171875,1.5,0,0x04,0,0,0,1,0,0,-1,0,0,0,,,,,,,,,,,,,,,,,,,,,,
324,4,DUAL_PORTAL_3,10.833333333333334,741102,22616.63818359375,2124,64.8193359375,15.427495291902071,43,1.312255859375,2081,63.507080078125,0,0.0,0x5588FA01,-312,302,384,-1.21875,1.1796875,1.5,0,0x04,0,0,0,1,0,0,-1,0,0,0,,,,,,,,,,,,,,,,,,,,,,
325,4,DUAL_PORTAL_3,10.866666666666667,743103,22677.703857421875,2001,61.065673828125,16.375812093953023,42,1.28173828125,1958,59.75341796875,1,0.030517578125,0xBD2AC114,-312,323,384,-1.21875,1.26171875,1.5,0,0x04,0,0,0,1,0,0,1,0,0,0,,,,,,,,,,,,,,,,,,,,,,
326,4,DUAL_PORTAL_3,10.9,745250,22743.22509765625,2147,65.521240234375,15.262226362366093,43,1.312255859375,2103,64.178466796875,1,0.030517578125,0x9B0BBE29,-312,344,384,-1.21875,1.34375,1.5,0,0x04,0,0,0,1,0,0,1,0,0,0,,,,,,,,,,,,,,,,,,,,,,
327,4,DUAL_PORTAL_3,10.933333333333334,747442,22810.11962890625,2192,66.89453125,14.94890510948905,43,1.312255859375,2149,65.582275390625,0,0.0,0xA8A4D33E,-312,365,384,-1.21875,1.42578125,1.5,0,0x04,0,0,0,1,0,0,1,0,0,0,,,,,,,,,,,,,,,,,,,,,,
328,4,DUAL_PORTAL_3,10.966666666666667,749609,22876.251220703125,2167,66.131591796875,15.121365943700969,43,1.312255859375,2124,64.8193359375,0,0.0,0xBDBDA3C3,-312,386,384,-1.21875,1.5078125,1.5,0,0x04,0,0,0,1,0,0,1,0,0,0,,,,,,,,,,,,,,,,,,,,,,
329,4,DUAL_PORTAL_3,11.0,751760,22941.89453125,2151,65.643310546875,15.233844723384472,42,1.28173828125,2108,64.3310546875,1,0.030517578125,0xF4676858,-312,407,384,-1.21875,1.58984375,1.5,0,0x04,0,0,0,1,0,0,1,0,0,0,,,,,,,,,,,,,,,,,,,,,,
330,4,DUAL_PORTAL_3,11.033333333333333,753929,23008.087158203125,2169,66.192626953125,15.107422775472568,43,1.312255859375,2126,64.88037109375,0,0.0,0x817341ED,-312,428,384,-1.21875,1.671875,1.5,0,0x04,0,0,0,1,0,0,1,0,0,0,,,,,,,,,,,,,,,,,,,,,,
331,4,DUAL_PORTAL_3,11.066666666666666,756125,23075.103759765625,2196,67.0166015625,14.92167577413479,43,1.312255859375,2152,65.673828125,1,0.030517578125,0x438ABC02,-312,449,384,-1.21875,1.75390625,1.5,0,0x04,0,0,0,1,0,0,1,0,0,0,,,,,,,,,,,,,,,,,,,,,,
332,4,DUAL_PORTAL_3,11.1,758300,23141.4794921875,2175,66.375732421875,15.065747126436781,43,1.312255859375,2131,65.032958984375,1,0.030517578125,0x65947007,-312,470,384,-1.21875,1.8359375,1.5,0,0x04,0,0,0,1,0,0,1,0,0,0,,,,,,,,,,,,,,,,,,,,,,
333,4,DUAL_PORTAL_3,11.133333333333333,760468,23207.6416015625,2168,66.162109375,15.114391143911439,43,1.312255859375,2125,64.849853515625,0,0.0,0x8D48EF1C,-312,491,384,-1.21875,1.91796875,1.5,0,0x04,0,0,0,1,0,0,1,0,0,0,,,,,,,,,,,,,,,,,,,,,,
334,4,DUAL_PORTAL_3,11.166666666666666,762607,23272.918701171875,2139,65.277099609375,15.319308087891539,43,1.312255859375,2096,63.96484375,0,0.0,0xEAF53732,-312,512,384,-1.21875,2.0,1.5,0,0x04,0,0,0,1,0,0,1,0,0,0,,,,,,,,,,,,,,,,,,,,,,
335,4,DUAL_PORTAL_3,11.2,764650,23335.26611328125,2043,62.347412109375,16.03915810083211,43,1.312255859375,1999,61.004638671875,1,0.030517578125,0x4C14EBA8,-312,512,384,-1.21875,2.0,1.5,0,0x04,0,0,0,1,0,0,0,0,0,0,,,,,,,,,,,,,,,,,,,,,,
336,4,DUAL_PORTAL_3,11.233333333333333,766647,23396.209716796875,1997,60.943603515625,16.408612919379067,44,1.3427734375,1952,59.5703125,1,0.030517578125,0x4C14EBA8,-312,512,384,-1.21875,2.0,1.5,0,0x00,0,0,0,0,0,0,0,0,0,0,,,,,,,,,,,,,,,,,,,,,,
337,4,DUAL_PORTAL_3,11.266666666666667,768643,23457.122802734375,1996,60.9130859375,16.416833667334668,44,1.3427734375,1952,59.5703125,0,0.0,0x4C14EBA8,-312,512,384,-1.21875,2.0,1.5,0,0x00,0,0,0,0,0,0,0,0,0,0,,,,,,,,,,,,,,,,,,,,,,
338,4,DUAL_PORTAL_3,11.3,770639,23518.035888671875,1996,60.9130859375,16.416833667334668,44,1.3427734375,1952,59.5703125,0,0.0,0x4C14EBA8,-312,512,384,-1.21875,2.0,1.5,0,0x00,0,0,0,0,0,0,0,0,0,0,,,,,,,,,,,,,,,,,,,,,,
339,4,DUAL_PORTAL_3,11.333333333333334,772635,23578.948974609375,1996,60.9130859375,16.416833667334668,44,1.3427734375,1952,59.5703125,0,0.0,0x4C14EBA8,-312,512,384,-1.21875,2.0,1.5,0,0x08,0,0,0,0,1,0,0,0,0,0,,,,,,,,,,,,,,,,,,,,,,
340,5,DUAL_PORTAL_4,11.366666666666667,775076,23653.4423828125,2441,74.493408203125,13.4240065546907,49,1.495361328125,2392,72.998046875,0,0.0,0x59A533E7,-313,533,384,-1.22265625,2.08203125,1.5,0,0x04,0,0,0,1,0,0,1,1,0,0,,,,,,,,,,,,,,,,,,,,,,
341,5,DUAL_PORTAL_4,11.4,777539,23728.607177734375,2463,75.164794921875,13.304100690215185,49,1.495361328125,2413,73.638916015625,1,0.030517578125,0x37D6B1C2,-316,554,384,-1.234375,2.1640625,1.5,0,0x04,0,0,0,1,0,0,1,1,0,0,,,,,,,,,,,,,,,,,,,,,,
342,5,DUAL_PORTAL_4,11.433333333333334,779914,23801.08642578125,2375,72.479248046875,13.797052631578948,43,1.312255859375,2332,71.1669921875,0,0.0,0x4A81A0E0,-319,575,384,-1.24609375,2.24609375,1.5,0,0x04,0,0,0,1,0,0,1,0,0,0,,,,,,,,,,,,,,,,,,,,,,
343,5,DUAL_PORTAL_4,11.466666666666667,782157,23869.537353515625,2243,68.450927734375,14.609005795809184,43,1.312255859375,2200,67.138671875,0,0.0,0x772423B2,-322,596,384,-1.2578125,2.328125,1.5,0,0x04,0,0,0,1,0,0,1,0,0,0,,,,,,,,,,,,,,,,,,,,,,
344,5,DUAL_PORTAL_4,11.5,784392,23937.744140625,2235,68.206787109375,14.661297539149889,43,1.312255859375,2192,66.89453125,0,0.0,0xF41F64A4,-325,617,384,-1.26953125,2.41015625,1.5,0,0x04,0,0,0,1,0,0,1,0,0,0,,,,,,,,,,,,,,,,,,,,,,
345,5,DUAL_PORTAL_4,11.533333333333333,786665,24007.110595703125,2273,69.366455078125,14.416190057193138,42,1.28173828125,2231,68.084716796875,0,0.0,0x81A6E522,-328,638,384,-1.28125,2.4921875,1.5,0,0x04,0,0,0,1,0,0,1,0,0,0,,,,,,,,,,,,,,,,,,,,,,
346,5,DUAL_PORTAL_4,11.566666666666666,788958,24077.08740234375,2293,69.976806640625,14.290449193196686,43,1.312255859375,2250,68.66455078125,0,0.0,0xBEAF7978,-331,659,384,-1.29296875,2.57421875,1.5,0,0x04,0,0,0,1,0,0,1,0,0,0,,,,,,,,,,,,,,,,,,,,,,
347,5,DUAL_PORTAL_4,11.6,791202,24145.56884765625,2244,68.4814453125,14.602495543672013,43,1.312255859375,2201,67.169189453125,0,0.0,0x90B32E72,-334,680,384,-1.3046875,2.65625,1.5,0,0x04,0,0,0,1,0,0,1,0,0,0,,,,,,,,,,,,,,,,,,,,,,
348,5,DUAL_PORTAL_4,11.633333333333333,793462,24214.53857421875,2260,68.9697265625,14.499115044247787,43,1.312255859375,2216,67.626953125,1,0.030517578125,0x4B23D334,-337,701,384,-1.31640625,2.73828125,1.5,0,0x04,0,0,0,1,0,0,1,0,0,0,,,,,,,,,,,,,,,,,,,,,,
349,5,DUAL_PORTAL_4,11.666666666666666,795685,24282.379150390625,2223,67.840576171875,14.740440845704004,43,1.312255859375,2179,66.497802734375,1,0.030517578125,0xCD3B3272,-340,722,384,-1.328125,2.8203125,1.5,0,0x04,0,0,0,1,0,0,1,0,0,0,,,,,,,,,,,,,,,,,,,,,,
350,5,DUAL_PORTAL_4,11.7,798070,24355.16357421875,2385,72.784423828125,13.739203354297693,50,1.52587890625,2334,71.22802734375,1,0.030517578125,0x092C76EB,-339,701,384,-1.32421875,2.73828125,1.5,0,0x04,0,0,0,1,0,0,-1,-1,0,0,,,,,,,,,,,,,,,,,,,,,,
351,5,DUAL_PORTAL_4,11.733333333333333,800594,24432.18994140625,2524,77.0263671875,12.98256735340729,50,1.52587890625,2474,75.50048828125,0,0.0,0x149E4BF9,-339,680,384,-1.32421875,2.65625,1.5,0,0x04,0,0,0,1,0,0,-1,-1,0,0,,,,,,,,,,,,,,,,,,,,,,
352,5,DUAL_PORTAL_4,11.766666666666667,803182,24511.16943359375,2588,78.9794921875,12.661514683153014,49,1.495361328125,2539,77.484130859375,0,0.0,0xB153C779,-340,659,384,-1.328125,2.57421875,1.5,0,0x04,0,0,0,1,0,0,-1,-1,0,0,,,,,,,,,,,,,,,,,,,,,,
353,5,DUAL_PORTAL_4,11.8,805847,24592.498779296875,2665,81.329345703125,12.295684803001876,50,1.52587890625,2615,79.803466796875,0,0.0,0x4F512E1A,-343,638,384,-1.33984375,2.4921875,1.5,0,0x04,0,0,0,1,0,0,-1,-1,0,0,,,,,,,,,,,,,,,,,,,,,,
354,5,DUAL_PORTAL_4,11.833333333333334,808451,24671.966552734375,2604,79.4677734375,12.583717357910906,43,1.312255859375,2561,78.155517578125,0,0.0,0x99E3FFFC,-346,617,384,-1.3515625,2.41015625,1.5,0,0x04,0,0,0,1,0,0,-1,0,0,0,,,,,,,,,,,,,,,,,,,,,,
355,5,DUAL_PORTAL_4,11.866666666666667,810897,24746.612548828125,2446,74.64599609375,13.396565821749796,43,1.312255859375,2403,73.333740234375,0,0.0,0xE7983062,-349,596,384,-1.36328125,2.328125,1.5,0,0x04,0,0,0,1,0,0,-1,0,0,0,,,,,,,,,,,,,,,,,,,,,,
356,5,DUAL_PORTAL_4,11.9,813286,24819.51904296875,2389,72.906494140625,13.716199246546672,43,1.312255859375,2346,71.59423828125,0,0.0,0x9377CE98,-352,575,384,-1.375,2.24609375,1.5,0,0x04,0,0,0,1,0,0,-1,0,0,0,,,,,,,,,,,,,,,,,,,,,,
357,5,DUAL_PORTAL_4,11.933333333333334,815589,24889.801025390625,2303,70.281982421875,14.228397742075554,43,1.312255859375,2259,68.939208984375,1,0.030517578125,0x9DE10BCA,-355,554,384,-1.38671875,2.1640625,1.5,0,0x04,0,0,0,1,0,0,-1,0,0,0,,,,,,,,,,,,,,,,,,,,,,
358,5,DUAL_PORTAL_4,11.966666666666667,817998,24963.31787109375,2409,73.516845703125,13.602324616023246,43,1.312255859375,2366,72.20458984375,0,0.0,0x4F0904AC,-358,533,384,-1.3984375,2.08203125,1.5,0,0x04,0,0,0,1,0,0,-1,0,0,0,,,,,,,,,,,,,,,,,,,,,,
359,5,DUAL_PORTAL_4,12.0,820442,25037.90283203125,2444,74.5849609375,13.407528641571195,43,1.312255859375,2401,73.272705078125,0,0.0,0x1B200A92,-361,512,384,-1.41015625,2.0,1.5,0,0x04,0,0,0,1,0,0,-1,0,0,0,,,,,,,,,,,,,,,,,,,,,,
360,5,DUAL_PORTAL_4,12.033333333333333,822711,25107.147216796875,2269,69.244384765625,14.44160423093874,43,1.312255859375,2225,67.901611328125,1,0.030517578125,0x45F1FD5B,-364,491,384,-1.421875,1.91796875,1.5,0,0x04,0,0,0,1,0,0,-1,0,0,0,,,,,,,,,,,,,,,,,,,,,,
361,5,DUAL_PORTAL_4,12.066666666666666,824926,25174.74365234375,2215,67.596435546875,14.793679458239277,43,1.312255859375,2172,66.2841796875,0,0.0,0xA7DAA271,-367,470,384,-1.43359375,1.8359375,1.5,0,0x04,0,0,0,1,0,0,-1,0,0,0,,,,,,,,,,,,,,,,,,,,,,
362,5,DUAL_PORTAL_4,12.1,827256,25245.849609375,2330,71.10595703125,14.06351931330472,43,1.312255859375,2287,69.793701171875,0,0.0,0x2F281BC7,-370,449,384,-1.4453125,1.75390625,1.5,0,0x04,0,0,0,1,0,0,-1,0,0,0,,,,,,,,,,,,,,,,,,,,,,
363,5,DUAL_PORTAL_4,12.133333333333333,829640,25318.603515625,2384,72.75390625,13.74496644295302,43,1.312255859375,2340,71.4111328125,1,0.030517578125,0xBA206AE9,-373,428,384,-1.45703125,1.671875,1.5,0,0x04,0,0,0,1,0,0,-1,0,0,0,,,,,,,,,,,,,,,,,,,,,,
364,5,DUAL_PORTAL_4,12.166666666666666,831985,25390.167236328125,2345,71.563720703125,13.973560767590618,43,1.312255859375,2302,70.25146484375,0,0.0,0x4A346593,-376,407,384,-1.46875,1.58984375,1.5,0,0x04,0,0,0,1,0,0,-1,0,0,0,,,,,,,,,,,,,,,,,,,,,,
365,5,DUAL_PORTAL_4,12.2,834271,25459.930419921875,2286,69.76318359375,14.334208223972004,43,1.312255859375,2242,68.42041015625,1,0.030517578125,0x6704A441,-379,386,384,-1.48046875,1.5078125,1.5,0,0x04,0,0,0,1,0,0,-1,0,0,0,,,,,,,,,,,,,,,,,,,,,,
366,5,DUAL_PORTAL_4,12.233333333333333,836572,25530.1513671875,2301,70.220947265625,14.240764884832682,43,1.312255859375,2257,68.878173828125,1,0.030517578125,0x1E340E57,-382,365,384,-1.4921875,1.42578125,1.5,0,0x04,0,0,0,1,0,0,-1,0,0,0,,,,,,,,,,,,,,,,,,,,,,
367,5,DUAL_PORTAL_4,12.266666666666667,838881,25600.616455078125,2309,70.465087890625,14.191424859246426,43,1.312255859375,2266,69.15283203125,0,0.0,0x040D6EB9,-385,344,384,-1.50390625,1.34375,1.5,0,0x04,0,0,0,1,0,0,-1,0,0,0,,,,,,,,,,,,,,,,,,,,,,
368,5,DUAL_PORTAL_4,12.3,841114,25668.76220703125,2233,68.145751953125,14.674429019256605,43,1.312255859375,2189,66.802978515625,1,0.030517578125,0x6A60BF7B,-388,323,384,-1.515625,1.26171875,1.5,0,0x04,0,0,0,1,0,0,-1,0,0,0,,,,,,,,,,,,,,,,,,,,,,
369,5,DUAL_PORTAL_4,12.333333333333334,843382,25737.97607421875,2268,69.2138671875,14.447971781305114,43,1.312255859375,2224,67.87109375,1,0.030517578125,0xF6243B41,-391,302,384,-1.52734375,1.1796875,1.5,0,0x04,0,0,0,1,0,0,-1,0,0,0,,,,,,,,,,,,,,,,,,,,,,
370,5,DUAL_PORTAL_4,12.366666666666667,845796,25811.6455078125,2414,73.66943359375,13.574150787075393,50,1.52587890625,2363,72.113037109375,1,0.030517578125,0x8D5E32BE,-390,323,384,-1.5234375,1.26171875,1.5,0,0x04,0,0,0,1,0,0,1,1,0,0,,,,,,,,,,,,,,,,,,,,,,
371,5,DUAL_PORTAL_4,12.4,848175,25884.246826171875,2379,72.601318359375,13.773854560739807,50,1.52587890625,2329,71.075439453125,0,0.0,0xBDA6AFF7,-390,344,384,-1.5234375,1.34375,1.5,0,0x04,0,0,0,1,0,0,1,1,0,0,,,,,,,,,,,,,,,,,,,,,,
372,5,DUAL_PORTAL_4,12.433333333333334,850499,25955.169677734375,2324,70.9228515625,14.099827882960414,43,1.312255859375,2281,69.610595703125,0,0.0,0xDFE0B3C4,-390,365,384,-1.5234375,1.42578125,1.5,0,0x04,0,0,0,1,0,0,1,0,0,0,,,,,,,,,,,,,,,,,,,,,,
373,5,DUAL_PORTAL_4,12.466666666666667,852638,26020.44677734375,2139,65.277099609375,15.319308087891539,42,1.28173828125,2097,63.995361328125,0,0.0,0x119A9E5D,-390,386,384,-1.5234375,1.5078125,1.5,0,0x04,0,0,0,1,0,0,1,0,0,0,,,,,,,,,,,,,,,,,,,,,,
374,5,DUAL_PORTAL_4,12.5,854718,26083.92333984375,2080,63.4765625,15.753846153846155,43,1.312255859375,2037,62.164306640625,0,0.0,0xB4D3A5EA,-390,407,384,-1.5234375,1.58984375,1.5,0,0x04,0,0,0,1,0,0,1,0,0,0,,,,,,,,,,,,,,,,,,,,,,
375,5,DUAL_PORTAL_4,12.533333333333333,856888,26150.146484375,2170,66.22314453125,15.100460829493088,43,1.312255859375,2127,64.910888671875,0,0.0,0x3C45D9F3,-390,428,384,-1.5234375,1.671875,1.5,0,0x04,0,0,0,1,0,0,1,0,0,0,,,,,,,,,,,,,,,,,,,,,,
376,5,DUAL_PORTAL_4,12.566666666666666,859062,26216.49169921875,2174,66.34521484375,15.072677092916283,42,1.28173828125,2132,65.0634765625,0,0.0,0x6D875040,-390,449,384,-1.5234375,1.75390625,1.5,0,0x04,0,0,0,1,0,0,1,0,0,0,,,,,,,,,,,,,,,,,,,,,,
377,5,DUAL_PORTAL_4,12.6,861191,26281.463623046875,2129,64.971923828125,15.391263503992485,42,1.28173828125,2087,63.690185546875,0,0.0,0x31CFD119,-390,470,384,-1.5234375,1.8359375,1.5,0,0x04,0,0,0,1,0,0,1,0,0,0,,,,,,,,,,,,,,,,,,,,,,
378,5,DUAL_PORTAL_4,12.633333333333333,863332,26346.8017578125,2141,65.338134765625,15.30499766464269,42,1.28173828125,2098,64.02587890625,1,0.030517578125,0x76E15466,-390,491,384,-1.5234375,1.91796875,1.5,0,0x04,0,0,0,1,0,0,1,0,0,0,,,,,,,,,,,,,,,,,,,,,,
379,5,DUAL_PORTAL_4,12.666666666666666,865479,26412.322998046875,2147,65.521240234375,15.262226362366093,43,1.312255859375,2103,64.178466796875,1,0.030517578125,0x65B1886C,-390,512,384,-1.5234375,2.0,1.5,0,0x04,0,0,0,1,0,0,1,0,0,0,,,,,,,,,,,,,,,,,,,,,,
380,5,DUAL_PORTAL_4,12.7,867609,26477.325439453125,2130,65.00244140625,15.384037558685446,43,1.312255859375,2086,63.65966796875,1,0.030517578125,0xC715AAFF,-390,533,384,-1.5234375,2.08203125,1.5,0,0x04,0,0,0,1,0,0,1,0,0,0,,,,,,,,,,,,,,,,,,,,,,
381,5,DUAL_PORTAL_4,12.733333333333333,869819,26544.769287109375,2210,67.44384765625,14.827149321266969,43,1.312255859375,2167,66.131591796875,0,0.0,0x81F51116,-390,554,384,-1.5234375,2.1640625,1.5,0,0x04,0,0,0,1,0,0,1,0,0,0,,,,,,,,,,,,,,,,,,,,,,
382,5,DUAL_PORTAL_4,12.766666666666667,872037,26612.457275390625,2218,67.68798828125,14.773669972948602,43,1.312255859375,2175,66.375732421875,0,0.0,0x4C47BC21,-390,575,384,-1.5234375,2.24609375,1.5,0,0x06,1,1,0,1,0,0,1,0,0,0,66.314697265625,0.030517578125,0.244140625,10.07080078125,8.697509765625,2.349853515625,17.425537109375,16.6015625,0.0,10.284423828125,0.6103515625,0,0,0,0,0,0,0,0,0,0,0
383,5,DUAL_PORTAL_4,12.8,874258,26680.23681640625,2221,67.779541015625,14.75371454299865,43,1.312255859375,2177,66.436767578125,1,0.030517578125,0x42571B28,-390,596,384,-1.5234375,2.328125,1.5,0,0x04,0,0,0,1,0,0,1,0,0,0,,,,,,,,,,,,,,,,,,,,,,
384,5,DUAL_PORTAL_4,12.833333333333334,876490,26748.35205078125,2232,68.115234375,14.68100358422939,43,1.312255859375,2189,66.802978515625,0,0.0,0x0D11B67B,-390,617,384,-1.5234375,2.41015625,1.5,0,0x04,0,0,0,1,0,0,1,0,0,0,,,,,,,,,,,,,,,,,,,,,,
385,5,DUAL_PORTAL_4,12.866666666666667,878694,26815.61279296875,2204,67.2607421875,14.867513611615244,42,1.28173828125,2162,65.97900390625,0,0.0,0xDA1E44D2,-390,638,384,-1.5234375,2.4921875,1.5,0,0x04,0,0,0,1,0,0,1,0,0,0,,,,,,,,,,,,,,,,,,,,,,
386,5,DUAL_PORTAL_4,12.9,880964,26884.8876953125,2270,69.27490234375,14.4352422907489,43,1.312255859375,2226,67.93212890625,1,0.030517578125,0xF595639D,-390,659,384,-1.5234375,2.57421875,1.5,0,0x04,0,0,0,1,0,0,1,0,0,0,,,,,,,,,,,,,,,,,,,,,,
387,5,DUAL_PORTAL_4,12.933333333333334,883194,26952.94189453125,2230,68.05419921875,14.694170403587444,43,1.312255859375,2187,66.741943359375,0,0.0,0x8F10F8A4,-390,680,384,-1.5234375,2.65625,1.5,0,0x04,0,0,0,1,0,0,1,0,0,0,,,,,,,,,,,,,,,,,,,,,,
388,5,DUAL_PORTAL_4,12.966666666666667,885402,27020.32470703125,2208,67.3828125,14.840579710144928,43,1.312255859375,2165,66.070556640625,0,0.0,0x1486E237,-390,701,384,-1.5234375,2.73828125,1.5,0,0x04,0,0,0,1,0,0,1,0,0,0,,,,,,,,,,,,,,,,,,,,,,
389,5,DUAL_PORTAL_4,13.0,887601,27087.432861328125,2199,67.108154296875,14.90131878126421,43,1.312255859375,2156,65.7958984375,0,0.0,0x51869FCE,-390,722,384,-1.5234375,2.8203125,1.5,0,0x04,0,0,0,1,0,0,1,0,0,0,,,,,,,,,,,,,,,,,,,,,,
390,5,DUAL_PORTAL_4,13.033333333333333,889626,27149.23095703125,2025,61.798095703125,16.18172839506173,43,1.312255859375,1981,60.455322265625,1,0.030517578125,0x5D9AD7B9,-390,701,384,-1.5234375,2.73828125,1.5,0,0x04,0,0,0,1,0,0,-1,0,0,0,,,,,,,,,,,,,,,,,,,,,,
391,5,DUAL_PORTAL_4,13.066666666666666,891892,27218.3837890625,2266,69.15283203125,14.46072374227714,43,1.312255859375,2223,67.840576171875,0,0.0,0x30D878A6,-390,680,384,-1.5234375,2.65625,1.5,0,0x04,0,0,0,1,0,0,-1,0,0,0,,,,,,,,,,,,,,,,,,,,,,
392,5,DUAL_PORTAL_4,13.1,894107,27285.980224609375,2215,67.596435546875,14.793679458239277,43,1.312255859375,2171,66.253662109375,1,0.030517578125,0xF0106E1F,-390,659,384,-1.5234375,2.57421875,1.5,0,0x04,0,0,0,1,0,0,-1,0,0,0,,,,,,,,,,,,,,,,,,,,,,
393,5,DUAL_PORTAL_4,13.133333333333333,896335,27353.973388671875,2228,67.9931640625,14.707360861759426,43,1.312255859375,2184,66.650390625,1,0.030517578125,0x8A79EF54,-390,638,384,-1.5234375,2.4921875,1.5,0,0x04,0,0,0,1,0,0,-1,0,0,0,,,,,,,,,,,,,,,,,,,,,,
394,5,DUAL_PORTAL_4,13.166666666666666,898601,27423.126220703125,2266,69.15283203125,14.46072374227714,43,1.312255859375,2223,67.840576171875,0,0.0,0x57C4C1FD,-390,617,384,-1.5234375,2.41015625,1.5,0,0x04,0,0,0,1,0,0,-1,0,0,0,,,,,,,,,,,,,,,,,,,,,,
395,5,DUAL_PORTAL_4,13.2,900793,27490.020751953125,2192,66.89453125,14.94890510948905,43,1.312255859375,2149,65.582275390625,0,0.0,0xEC1F292A,-390,596,384,-1.5234375,2.328125,1.5,0,0x04,0,0,0,1,0,0,-1,0,0,0,,,,,,,,,,,,,,,,,,,,,,
396,5,DUAL_PORTAL_4,13.233333333333333,902999,27557.342529296875,2206,67.32177734375,14.85403445149592,43,1.312255859375,2162,65.97900390625,1,0.030517578125,0x7971D223,-390,575,384,-1.5234375,2.24609375,1.5,0,0x04,0,0,0,1,0,0,-1,0,0,0,,,,,,,,,,,,,,,,,,,,,,
397,5,DUAL_PORTAL_4,13.266666666666667,905199,27624.481201171875,2200,67.138671875,14.894545454545455,43,1.312255859375,2157,65.826416015625,0,0.0,0x85ADB998,-390,554,384,-1.5234375,2.1640625,1.5,0,0x04,0,0,0,1,0,0,-1,0,0,0,,,,,,,,,,,,,,,,,,,,,,
398,5,DUAL_PORTAL_4,13.3,907412,27692.0166015625,2213,67.535400390625,14.807049254405785,43,1.312255859375,2170,66.22314453125,0,0.0,0xA607BD01,-390,533,384,-1.5234375,2.08203125,1.5,0,0x04,0,0,0,1,0,0,-1,0,0,0,,,,,,,,,,,,,,,,,,,,,,
399,5,DUAL_PORTAL_4,13.333333333333334,909621,27759.429931640625,2209,67.413330078125,14.833861475780896,43,1.312255859375,2165,66.070556640625,1,0.030517578125,0xC805A26E,-390,512,384,-1.5234375,2.0,1.5,0,0x04,0,0,0,1,0,0,-1,0,0,0,,,,,,,,,,,,,,,,,,,,,,
400,5,DUAL_PORTAL_4,13.366666666666667,911748,27824.3408203125,2127,64.910888671875,15.405735778091207,43,1.312255859375,2084,63.5986328125,0,0.0,0xB9019EE8,-390,491,384,-1.5234375,1.91796875,1.5,0,0x04,0,0,0,1,0,0,-1,0,0,0,,,,,,,,,,,,,,,,,,,,,,
401,5,DUAL_PORTAL_4,13.4,913883,27889.495849609375,2135,65.155029296875,15.348009367681499,43,1.312255859375,2091,63.812255859375,1,0.030517578125,0x6B48789B,-390,470,384,-1.5234375,1.8359375,1.5,0,0x04,0,0,0,1,0,0,-1,0,0,0,,,,,,,,,,,,,,,,,,,,,,
402,5,DUAL_PORTAL_4,13.433333333333334,916011,27954.437255859375,2128,64.94140625,15.398496240601503,43,1.312255859375,2085,63.629150390625,0,0.0,0xCD309042,-390,449,384,-1.5234375,1.75390625,1.5,0,0x04,0,0,0,1,0,0,-1,0,0,0,,,,,,,,,,,,,,,,,,,,,,
403,5,DUAL_PORTAL_4,13.466666666666667,918139,28019.378662109375,2128,64.94140625,15.398496240601503,43,1.312255859375,2085,63.629150390625,0,0.0,0x302D47F5,-390,428,384,-1.5234375,1.671875,1.5,0,0x04,0,0,0,1,0,0,-1,0,0,0,,,,,,,,,,,,,,,,,,,,,,
404,5,DUAL_PORTAL_4,13.5,920314,28085.75439453125,2175,66.375732421875,15.065747126436781,43,1.312255859375,2131,65.032958984375,1,0.030517578125,0x0B3E6F6C,-390,407,384,-1.5234375,1.58984375,1.5,0,0x04,0,0,0,1,0,0,-1,0,0,0,,,,,,,,,,,,,,,,,,,,,,
405,5,DUAL_PORTAL_4,13.533333333333333,922485,28152.008056640625,2171,66.253662109375,15.093505297098112,43,1.312255859375,2127,64.910888671875,1,0.030517578125,0x3EF527DF,-390,386,384,-1.5234375,1.5078125,1.5,0,0x04,0,0,0,1,0,0,-1,0,0,0,,,,,,,,,,,,,,,,,,,,,,
406,5,DUAL_PORTAL_4,13.566666666666666,924563,28215.423583984375,2078,63.41552734375,15.76900866217517,43,1.312255859375,2034,62.07275390625,1,0.030517578125,0xFE7777C6,-390,365,384,-1.5234375,1.42578125,1.5,0,0x04,0,0,0,1,0,0,-1,0,0,0,,,,,,,,,,,,,,,,,,,,,,
407,5,DUAL_PORTAL_4,13.6,926693,28280.426025390625,2130,65.00244140625,15.384037558685446,43,1.312255859375,2086,63.65966796875,1,0.030517578125,0x538A5879,-390,344,384,-1.5234375,1.34375,1.5,0,0x04,0,0,0,1,0,0,-1,0,0,0,,,,,,,,,,,,,,,,,,,,,,
408,5,DUAL_PORTAL_4,13.633333333333333,928819,28345.306396484375,2126,64.88037109375,15.412982126058326,43,1.312255859375,2082,63.53759765625,1,0.030517578125,0x7D61CC30,-390,323,384,-1.5234375,1.26171875,1.5,0,0x04,0,0,0,1,0,0,-1,0,0,0,,,,,,,,,,,,,,,,,,,,,,
409,5,DUAL_PORTAL_4,13.666666666666666,930901,28408.843994140625,2082,63.53759765625,15.738712776176753,43,1.312255859375,2038,62.19482421875,1,0.030517578125,0xCA09F0E3,-390,302,384,-1.5234375,1.1796875,1.5,0,0x04,0,0,0,1,0,0,-1,0,0,0,,,,,,,,,,,,,,,,,,,,,,
410,5,DUAL_PORTAL_4,13.7,932853,28468.414306640625,1952,59.5703125,16.78688524590164,42,1.28173828125,1909,58.258056640625,1,0.030517578125,0xB535782E,-390,323,384,-1.5234375,1.26171875,1.5,0,0x04,0,0,0,1,0,0,1,0,0,0,,,,,,,,,,,,,,,,,,,,,,
411,5,DUAL_PORTAL_4,13.733333333333333,934909,28531.158447265625,2056,62.744140625,15.937743190661479,43,1.312255859375,2012,61.4013671875,1,0.030517578125,0xBDA6AFF7,-390,344,384,-1.5234375,1.34375,1.5,0,0x04,0,0,0,1,0,0,1,0,0,0,,,,,,,,,,,,,,,,,,,,,,
412,5,DUAL_PORTAL_4,13.766666666666667,937062,28596.86279296875,2153,65.704345703125,15.219693450998607,43,1.312255859375,2109,64.361572265625,1,0.030517578125,0xDFE0B3C4,-390,365,384,-1.5234375,1.42578125,1.5,0,0x04,0,0,0,1,0,0,1,0,0,0,,,,,,,,,,,,,,,,,,,,,,
413,5,DUAL_PORTAL_4,13.8,939203,28662.200927734375,2141,65.338134765625,15.30499766464269,43,1.312255859375,2097,63.995361328125,1,0.030517578125,0x119A9E5D,-390,386,384,-1.5234375,1.5078125,1.5,0,0x04,0,0,0,1,0,0,1,0,0,0,,,,,,,,,,,,,,,,,,,,,,
414,5,DUAL_PORTAL_4,13.833333333333334,941282,28725.64697265625,2079,63.446044921875,15.761423761423762,43,1.312255859375,2036,62.1337890625,0,0.0,0xB4D3A5EA,-390,407,384,-1.5234375,1.58984375,1.5,0,0x04,0,0,0,1,0,0,1,0,0,0,,,,,,,,,,,,,,,,,,,,,,
415,5,DUAL_PORTAL_4,13.866666666666667,943453,28791.900634765625,2171,66.253662109375,15.093505297098112,42,1.28173828125,2128,64.94140625,1,0.030517578125,0x3C45D9F3,-390,428,384,-1.5234375,1.671875,1.5,0,0x04,0,0,0,1,0,0,1,0,0,0,,,,,,,,,,,,,,,,,,,,,,
416,5,DUAL_PORTAL_4,13.9,945629,28858.306884765625,2176,66.40625,15.058823529411764,43,1.312255859375,2132,65.0634765625,1,0.030517578125,0x6D875040,-390,449,384,-1.5234375,1.75390625,1.5,0,0x04,0,0,0,1,0,0,1,0,0,0,,,,,,,,,,,,,,,,,,,,,,
417,5,DUAL_PORTAL_4,13.933333333333334,947760,28923.33984375,2131,65.032958984375,15.376818395119662,43,1.312255859375,2087,63.690185546875,1,0.030517578125,0x31CFD119,-390,470,384,-1.5234375,1.8359375,1.5,0,0x04,0,0,0,1,0,0,1,0,0,0,,,,,,,,,,,,,,,,,,,,,,
418,5,DUAL_PORTAL_4,13.966666666666667,949901,28988.677978515625,2141,65.338134765625,15.30499766464269,43,1.312255859375,2098,64.02587890625,0,0.0,0x76E15466,-390,491,384,-1.5234375,1.91796875,1.5,0,0x04,0,0,0,1,0,0,1,0,0,0,,,,,,,,,,,,,,,,,,,,,,
419,5,DUAL_PORTAL_4,14.0,952046,29054.13818359375,2145,65.460205078125,15.276456876456876,43,1.312255859375,2102,64.14794921875,0,0.0,0x65B1886C,-390,512,384,-1.5234375,2.0,1.5,0,0x04,0,0,0,1,0,0,1,0,0,0,,,,,,,,,,,,,,,,,,,,,,
420,5,DUAL_PORTAL_4,14.033333333333333,954097,29116.729736328125,2051,62.591552734375,15.976596782057532,43,1.312255859375,2007,61.248779296875,1,0.030517578125,0xE8570AF6,-390,512,384,-1.5234375,2.0,1.5,0,0x04,0,0,0,1,0,0,0,0,0,0,,,,,,,,,,,,,,,,,,,,,,
421,5,DUAL_PORTAL_4,14.066666666666666,956093,29177.642822265625,1996,60.9130859375,16.416833667334668,44,1.3427734375,1952,59.5703125,0,0.0,0xE8570AF6,-390,512,384,-1.5234375,2.0,1.5,0,0x00,0,0,0,0,0,0,0,0,0,0,,,,,,,,,,,,,,,,,,,,,,
422,5,DUAL_PORTAL_4,14.1,958088,29238.525390625,1995,60.882568359375,16.425062656641604,43,1.312255859375,1952,59.5703125,0,0.0,0xE8570AF6,-390,512,384,-1.5234375,2.0,1.5,0,0x00,0,0,0,0,0,0,0,0,0,0,,,,,,,,,,,,,,,,,,,,,,
423,5,DUAL_PORTAL_4,14.133333333333333,960084,29299.4384765625,1996,60.9130859375,16.416833667334668,44,1.3427734375,1952,59.5703125,0,0.0,0xE8570AF6,-390,512,384,-1.5234375,2.0,1.5,0,0x00,0,0,0,0,0,0,0,0,0,0,,,,,,,,,,,,,,,,,,,,,,
424,5,DUAL_PORTAL_4,14.166666666666666,962080,29360.3515625,1996,60.9130859375,16.416833667334668,44,1.3427734375,1952,59.5703125,0,0.0,0xE8570AF6,-390,512,384,-1.5234375,2.0,1.5,0,0x08,0,0,0,0,1,0,0,0,0,0,,,,,,,,,,,,,,,,,,,,,,
425,6,DUAL_PORTAL_5,14.2,964363,29430.023193359375,2283,69.671630859375,14.353044240035041,50,1.52587890625,2232,68.115234375,1,0.030517578125,0xC4F2C181,-390,533,384,-1.5234375,2.08203125,1.5,0,0x04,0,0,0,1,0,0,1,0,1,0,,,,,,,,,,,,,,,,,,,,,,
426,6,DUAL_PORTAL_5,14.233333333333333,966766,29503.35693359375,2403,73.333740234375,13.636287973366626,50,1.52587890625,2353,71.807861328125,0,0.0,0x08A2418A,-390,554,384,-1.5234375,2.1640625,1.5,0,0x04,0,0,0,1,0,0,1,0,1,0,,,,,,,,,,,,,,,,,,,,,,
427,6,DUAL_PORTAL_5,14.266666666666667,969108,29574.8291015625,2342,71.47216796875,13.991460290350128,42,1.28173828125,2300,70.1904296875,0,0.0,0xA7E92039,-390,575,384,-1.5234375,2.24609375,1.5,0,0x04,0,0,0,1,0,0,1,0,0,0,,,,,,,,,,,,,,,,,,,,,,
428,6,DUAL_PORTAL_5,14.3,971316,29642.2119140625,2208,67.3828125,14.840579710144928,43,1.312255859375,2164,66.0400390625,1,0.030517578125,0x34481A40,-390,596,384,-1.5234375,2.328125,1.5,0,0x04,0,0,0,1,0,0,1,0,0,0,,,,,,,,,,,,,,,,,,,,,,
429,6,DUAL_PORTAL_5,14.333333333333334,973525,29709.625244140625,2209,67.413330078125,14.833861475780896,43,1.312255859375,2166,66.10107421875,0,0.0,0xAC73114F,-390,617,384,-1.5234375,2.41015625,1.5,0,0x04,0,0,0,1,0,0,1,0,0,0,,,,,,,,,,,,,,,,,,,,,,
430,6,DUAL_PORTAL_5,14.366666666666667,975719,29776.580810546875,2194,66.95556640625,14.935278030993619,43,1.312255859375,2151,65.643310546875,0,0.0,0xA0A73556,-390,638,384,-1.5234375,2.4921875,1.5,0,0x04,0,0,0,1,0,0,1,0,0,0,,,,,,,,,,,,,,,,,,,,,,
431,6,DUAL_PORTAL_5,14.4,977912,29843.505859375,2193,66.925048828125,14.942088463292293,43,1.312255859375,2149,65.582275390625,1,0.030517578125,0x756EEA75,-390,659,384,-1.5234375,2.57421875,1.5,0,0x04,0,0,0,1,0,0,1,0,0,0,,,,,,,,,,,,,,,,,,,,,,
432,6,DUAL_PORTAL_5,14.433333333333334,980143,29911.590576171875,2231,68.084716796875,14.687584043030032,43,1.312255859375,2187,66.741943359375,1,0.030517578125,0x0B8B784C,-390,680,384,-1.5234375,2.65625,1.5,0,0x04,0,0,0,1,0,0,1,0,0,0,,,,,,,,,,,,,,,,,,,,,,
433,6,DUAL_PORTAL_5,14.466666666666667,982399,29980.438232421875,2256,68.84765625,14.52482269503546,43,1.312255859375,2212,67.5048828125,1,0.030517578125,0x684B23DB,-390,701,384,-1.5234375,2.73828125,1.5,0,0x04,0,0,0,1,0,0,1,0,0,0,,,,,,,,,,,,,,,,,,,,,,
434,6,DUAL_PORTAL_5,14.5,984657,30049.346923828125,2258,68.90869140625,14.511957484499558,43,1.312255859375,2214,67.56591796875,1,0.030517578125,0xF5E93012,-390,722,384,-1.5234375,2.8203125,1.5,0,0x04,0,0,0,1,0,0,1,0,0,0,,,,,,,,,,,,,,,,,,,,,,
435,6,DUAL_PORTAL_5,14.533333333333333,986950,30119.32373046875,2293,69.976806640625,14.290449193196686,50,1.52587890625,2243,68.450927734375,0,0.0,0xE51D308B,-390,701,384,-1.5234375,2.73828125,1.5,0,0x04,0,0,0,1,0,0,-1,0,-1,0,,,,,,,,,,,,,,,,,,,,,,
436,6,DUAL_PORTAL_5,14.566666666666666,989407,30194.305419921875,2457,74.981689453125,13.336589336589336,50,1.52587890625,2407,73.455810546875,0,0.0,0x30D878A6,-390,680,384,-1.5234375,2.65625,1.5,0,0x04,0,0,0,1,0,0,-1,0,-1,0,,,,,,,,,,,,,,,,,,,,,,
437,6,DUAL_PORTAL_5,14.6,991883,30269.866943359375,2476,75.5615234375,13.234248788368337,50,1.52587890625,2426,74.03564453125,0,0.0,0xC47EA4DD,-390,659,384,-1.5234375,2.57421875,1.5,0,0x04,0,0,0,1,0,0,-1,0,-1,0,,,,,,,,,,,,,,,,,,,,,,
438,6,DUAL_PORTAL_5,14.633333333333333,994287,30343.231201171875,2404,73.3642578125,13.630615640599002,50,1.52587890625,2353,71.807861328125,1,0.030517578125,0x040FF614,-390,638,384,-1.5234375,2.4921875,1.5,0,0x04,0,0,0,1,0,0,-1,0,-1,0,,,,,,,,,,,,,,,,,,,,,,
439,6,DUAL_PORTAL_5,14.666666666666666,996581,30413.238525390625,2294,70.00732421875,14.284219703574543,43,1.312255859375,2250,68.66455078125,1,0.030517578125,0xDA0B416D,-390,617,384,-1.5234375,2.41015625,1.5,0,0x04,0,0,0,1,0,0,-1,0,0,0,,,,,,,,,,,,,,,,,,,,,,
440,6,DUAL_PORTAL_5,14.7,998747,30479.339599609375,2166,66.10107421875,15.128347183748845,43,1.312255859375,2122,64.75830078125,1,0.030517578125,0x996FF506,-390,596,384,-1.5234375,2.328125,1.5,0,0x04,0,0,0,1,0,0,-1,0,0,0,,,,,,,,,,,,,,,,,,,,,,
441,6,DUAL_PORTAL_5,14.733333333333333,1000926,30545.83740234375,2179,66.497802734375,15.038090867370354,43,1.312255859375,2135,65.155029296875,1,0.030517578125,0x8562EC2F,-390,575,384,-1.5234375,2.24609375,1.5,0,0x04,0,0,0,1,0,0,-1,0,0,0,,,,,,,,,,,,,,,,,,,,,,
442,6,DUAL_PORTAL_5,14.766666666666667,1003086,30611.75537109375,2160,65.91796875,15.170370370370371,43,1.312255859375,2116,64.5751953125,1,0.030517578125,0x977B2AD8,-390,554,384,-1.5234375,2.1640625,1.5,0,0x04,0,0,0,1,0,0,-1,0,0,0,,,,,,,,,,,,,,,,,,,,,,
443,6,DUAL_PORTAL_5,14.8,1005238,30677.42919921875,2152,65.673828125,15.226765799256505,43,1.312255859375,2108,64.3310546875,1,0.030517578125,0x4AC744F1,-390,533,384,-1.5234375,2.08203125,1.5,0,0x04,0,0,0,1,0,0,-1,0,0,0,,,,,,,,,,,,,,,,,,,,,,
444,6,DUAL_PORTAL_5,14.833333333333334,1007412,30743.7744140625,2174,66.34521484375,15.072677092916283,43,1.312255859375,2130,65.00244140625,1,0.030517578125,0x8E4E054A,-390,512,384,-1.5234375,2.0,1.5,0,0x04,0,0,0,1,0,0,-1,0,0,0,,,,,,,,,,,,,,,,,,,,,,
445,6,DUAL_PORTAL_5,14.866666666666667,1009568,30809.5703125,2156,65.7958984375,15.198515769944342,43,1.312255859375,2113,64.483642578125,0,0.0,0x73E64C68,-390,491,384,-1.5234375,1.91796875,1.5,0,0x04,0,0,0,1,0,0,-1,0,0,0,,,,,,,,,,,,,,,,,,,,,,
446,6,DUAL_PORTAL_5,14.9,1011660,30873.4130859375,2092,63.8427734375,15.663479923518164,43,1.312255859375,2048,62.5,1,0.030517578125,0xAA3243E7,-390,470,384,-1.5234375,1.8359375,1.5,0,0x04,0,0,0,1,0,0,-1,0,0,0,,,,,,,,,,,,,,,,,,,,,,
447,6,DUAL_PORTAL_5,14.933333333333334,1013796,30938.5986328125,2136,65.185546875,15.340823970037453,43,1.312255859375,2093,63.873291015625,0,0.0,0x58575B1E,-390,449,384,-1.5234375,1.75390625,1.5,0,0x04,0,0,0,1,0,0,-1,0,0,0,,,,,,,,,,,,,,,,,,,,,,
448,6,DUAL_PORTAL_5,14.966666666666667,1015923,31003.509521484375,2127,64.910888671875,15.405735778091207,43,1.312255859375,2084,63.5986328125,0,0.0,0x01BBF0E5,-390,428,384,-1.5234375,1.671875,1.5,0,0x04,0,0,0,1,0,0,-1,0,0,0,,,,,,,,,,,,,,,,,,,,,,
449,6,DUAL_PORTAL_5,15.0,1018041,31068.145751953125,2118,64.63623046875,15.47119924457035,43,1.312255859375,2075,63.323974609375,0,0.0,0x9499ABEC,-390,407,384,-1.5234375,1.58984375,1.5,0,0x04,0,0,0,1,0,0,-1,0,0,0,,,,,,,,,,,,,,,,,,,,,,
450,6,DUAL_PORTAL_5,15.033333333333333,1020156,31132.6904296875,2115,64.544677734375,15.493144208037824,43,1.312255859375,2072,63.232421875,0,0.0,0x0F225FAB,-390,386,384,-1.5234375,1.5078125,1.5,0,0x04,0,0,0,1,0,0,-1,0,0,0,,,,,,,,,,,,,,,,,,,,,,
451,6,DUAL_PORTAL_5,15.066666666666666,1022288,31197.75390625,2132,65.0634765625,15.369606003752345,43,1.312255859375,2088,63.720703125,1,0.030517578125,0x9F2B1BA2,-390,365,384,-1.5234375,1.42578125,1.5,0,0x04,0,0,0,1,0,0,-1,0,0,0,,,,,,,,,,,,,,,,,,,,,,
452,6,DUAL_PORTAL_5,15.1,1024444,31263.5498046875,2156,65.7958984375,15.198515769944342,43,1.312255859375,2112,64.453125,1,0.030517578125,0xAE1BA269,-390,344,384,-1.5234375,1.34375,1.5,0,0x04,0,0,0,1,0,0,-1,0,0,0,,,,,,,,,,,,,,,,,,,,,,
453,6,DUAL_PORTAL_5,15.133333333333333,1026578,31328.67431640625,2134,65.12451171875,15.355201499531397,43,1.312255859375,2090,63.78173828125,1,0.030517578125,0x50D928F0,-390,323,384,-1.5234375,1.26171875,1.5,0,0x04,0,0,0,1,0,0,-1,0,0,0,,,,,,,,,,,,,,,,,,,,,,
454,6,DUAL_PORTAL_5,15.166666666666666,1028698,31393.37158203125,2120,64.697265625,15.456603773584906,42,1.28173828125,2078,63.41552734375,0,0.0,0x92BB51EF,-390,302,384,-1.5234375,1.1796875,1.5,0,0x04,0,0,0,1,0,0,-1,0,0,0,,,,,,,,,,,,,,,,,,,,,,
455,6,DUAL_PORTAL_5,15.2,1030856,31459.228515625,2158,65.85693359375,15.184430027803522,50,1.52587890625,2108,64.3310546875,0,0.0,0x7F89564C,-390,323,384,-1.5234375,1.26171875,1.5,0,0x04,0,0,0,1,0,0,1,0,1,0,,,,,,,,,,,,,,,,,,,,,,
456,6,DUAL_PORTAL_5,15.233333333333333,1033143,31529.022216796875,2287,69.793701171875,14.327940533449935,50,1.52587890625,2237,68.267822265625,0,0.0,0xBDA6AFF7,-390,344,384,-1.5234375,1.34375,1.5,0,0x04,0,0,0,1,0,0,1,0,1,0,,,,,,,,,,,,,,,,,,,,,,
457,6,DUAL_PORTAL_5,15.266666666666667,1035393,31597.686767578125,2250,68.66455078125,14.563555555555556,43,1.312255859375,2207,67.352294921875,0,0.0,0xDFE0B3C4,-390,365,384,-1.5234375,1.42578125,1.5,0,0x04,0,0,0,1,0,0,1,0,0,0,,,,,,,,,,,,,,,,,,,,,,
458,6,DUAL_PORTAL_5,15.3,1037532,31662.9638671875,2139,65.277099609375,15.319308087891539,42,1.28173828125,2097,63.995361328125,0,0.0,0x119A9E5D,-390,386,384,-1.5234375,1.5078125,1.5,0,0x04,0,0,0,1,0,0,1,0,0,0,,,,,,,,,,,,,,,,,,,,,,
459,6,DUAL_PORTAL_5,15.333333333333334,1039611,31726.409912109375,2079,63.446044921875,15.761423761423762,43,1.312255859375,2036,62.1337890625,0,0.0,0xB4D3A5EA,-390,407,384,-1.5234375,1.58984375,1.5,0,0x04,0,0,0,1,0,0,1,0,0,0,,,,,,,,,,,,,,,,,,,,,,
460,6,DUAL_PORTAL_5,15.366666666666667,1041781,31792.633056640625,2170,66.22314453125,15.100460829493088,43,1.312255859375,2127,64.910888671875,0,0.0,0x3C45D9F3,-390,428,384,-1.5234375,1.671875,1.5,0,0x04,0,0,0,1,0,0,1,0,0,0,,,,,,,,,,,,,,,,,,,,,,
461,6,DUAL_PORTAL_5,15.4,1043955,31858.978271484375,2174,66.34521484375,15.072677092916283,42,1.28173828125,2132,65.0634765625,0,0.0,0x6D875040,-390,449,384,-1.5234375,1.75390625,1.5,0,0x04,0,0,0,1,0,0,1,0,0,0,,,,,,,,,,,,,,,,,,,,,,
462,6,DUAL_PORTAL_5,15.433333333333334,1046085,31923.980712890625,2130,65.00244140625,15.384037558685446,43,1.312255859375,2087,63.690185546875,0,0.0,0x31CFD119,-390,470,384,-1.5234375,1.8359375,1.5,0,0x04,0,0,0,1,0,0,1,0,0,0,,,,,,,,,,,,,,,,,,,,,,
463,6,DUAL_PORTAL_5,15.466666666666667,1048227,31989.349365234375,2142,65.36865234375,15.297852474323063,43,1.312255859375,2098,64.02587890625,1,0.030517578125,0x76E15466,-390,491,384,-1.5234375,1.91796875,1.5,0,0x04,0,0,0,1,0,0,1,0,0,0,,,,,,,,,,,,,,,,,,,,,,
464,6,DUAL_PORTAL_5,15.5,1050374,32054.87060546875,2147,65.521240234375,15.262226362366093,43,1.312255859375,2103,64.178466796875,1,0.030517578125,0x65B1886C,-390,512,384,-1.5234375,2.0,1.5,0,0x04,0,0,0,1,0,0,1,0,0,0,,,,,,,,,,,,,,,,,,,,,,
465,6,DUAL_PORTAL_5,15.533333333333333,1052504,32119.873046875,2130,65.00244140625,15.384037558685446,43,1.312255859375,2086,63.65966796875,1,0.030517578125,0xC715AAFF,-390,533,384,-1.5234375,2.08203125,1.5,0,0x04,0,0,0,1,0,0,1,0,0,0,,,,,,,,,,,,,,,,,,,,,,
466,6,DUAL_PORTAL_5,15.566666666666666,1054714,32187.31689453125,2210,67.44384765625,14.827149321266969,43,1.312255859375,2167,66.131591796875,0,0.0,0x81F51116,-390,554,384,-1.5234375,2.1640625,1.5,0,0x04,0,0,0,1,0,0,1,0,0,0,,,,,,,,,,,,,,,,,,,,,,
467,6,DUAL_PORTAL_5,15.6,1056933,32255.035400390625,2219,67.718505859375,14.767012167643083,43,1.312255859375,2176,66.40625,0,0.0,0x4C47BC21,-390,575,384,-1.5234375,2.24609375,1.5,0,0x06,1,1,0,1,0,0,1,0,0,0,66.314697265625,0.0,0.244140625,10.009765625,8.7890625,2.3193359375,17.425537109375,16.632080078125,0.0,10.284423828125,0.6103515625,0,0,0,0,0,0,0,0,0,0,0
468,6,DUAL_PORTAL_5,15.633333333333333,1059154,32322.81494140625,2221,67.779541015625,14.75371454299865,43,1.312255859375,2177,66.436767578125,1,0.030517578125,0x42571B28,-390,596,384,-1.5234375,2.328125,1.5,0,0x04,0,0,0,1,0,0,1,0,0,0,,,,,,,,,,,,,,,,,,,,,,
469,6,DUAL_PORTAL_5,15.666666666666666,1061385,32390.899658203125,2231,68.084716796875,14.687584043030032,42,1.28173828125,2189,66.802978515625,0,0.0,0x0D11B67B,-390,617,384,-1.5234375,2.41015625,1.5,0,0x04,0,0,0,1,0,0,1,0,0,0,,,,,,,,,,,,,,,,,,,,,,
470,6,DUAL_PORTAL_5,15.7,1063589,32458.160400390625,2204,67.2607421875,14.867513611615244,42,1.28173828125,2162,65.97900390625,0,0.0,0xDA1E44D2,-390,638,384,-1.5234375,2.4921875,1.5,0,0x04,0,0,0,1,0,0,1,0,0,0,,,,,,,,,,,,,,,,,,,,,,
471,6,DUAL_PORTAL_5,15.733333333333333,1065859,32527.435302734375,2270,69.27490234375,14.4352422907489,43,1.312255859375,2226,67.93212890625,1,0.030517578125,0xF595639D,-390,659,384,-1.5234375,2.57421875,1.5,0,0x04,0,0,0,1,0,0,1,0,0,0,,,,,,,,,,,,,,,,,,,,,,
472,6,DUAL_PORTAL_5,15.766666666666667,1068089,32595.489501953125,2230,68.05419921875,14.694170403587444,43,1.312255859375,2187,66.741943359375,0,0.0,0x8F10F8A4,-390,680,384,-1.5234375,2.65625,1.5,0,0x04,0,0,0,1,0,0,1,0,0,0,,,,,,,,,,,,,,,,,,,,,,
473,6,DUAL_PORTAL_5,15.8,1070297,32662.872314453125,2208,67.3828125,14.840579710144928,43,1.312255859375,2165,66.070556640625,0,0.0,0x1486E237,-390,701,384,-1.5234375,2.73828125,1.5,0,0x04,0,0,0,1,0,0,1,0,0,0,,,,,,,,,,,,,,,,,,,,,,
474,6,DUAL_PORTAL_5,15.833333333333334,1072497,32730.010986328125,2200,67.138671875,14.894545454545455,43,1.312255859375,2156,65.7958984375,1,0.030517578125,0x51869FCE,-390,722,384,-1.5234375,2.8203125,1.5,0,0x04,0,0,0,1,0,0,1,0,0,0,,,,,,,,,,,,,,,,,,,,,,
475,6,DUAL_PORTAL_5,15.866666666666667,1074522,32791.80908203125,2025,61.798095703125,16.18172839506173,43,1.312255859375,1981,60.455322265625,1,0.030517578125,0x5D9AD7B9,-390,701,384,-1.5234375,2.73828125,1.5,0,0x04,0,0,0,1,0,0,-1,0,0,0,,,,,,,,,,,,,,,,,,,,,,
476,6,DUAL_PORTAL_5,15.9,1076788,32860.9619140625,2266,69.15283203125,14.46072374227714,43,1.312255859375,2223,67.840576171875,0,0.0,0x30D878A6,-390,680,384,-1.5234375,2.65625,1.5,0,0x04,0,0,0,1,0,0,-1,0,0,0,,,,,,,,,,,,,,,,,,,,,,
477,6,DUAL_PORTAL_5,15.933333333333334,1079003,32928.558349609375,2215,67.596435546875,14.793679458239277,43,1.312255859375,2171,66.253662109375,1,0.030517578125,0xF0106E1F,-390,659,384,-1.5234375,2.57421875,1.5,0,0x04,0,0,0,1,0,0,-1,0,0,0,,,,,,,,,,,,,,,,,,,,,,
478,6,DUAL_PORTAL_5,15.966666666666667,1081231,32996.551513671875,2228,67.9931640625,14.707360861759426,43,1.312255859375,2184,66.650390625,1,0.030517578125,0x8A79EF54,-390,638,384,-1.5234375,2.4921875,1.5,0,0x04,0,0,0,1,0,0,-1,0,0,0,,,,,,,,,,,,,,,,,,,,,,
479,6,DUAL_PORTAL_5,16.0,1083498,33065.73486328125,2267,69.183349609375,14.454344949272166,43,1.312255859375,2224,67.87109375,0,0.0,0x57C4C1FD,-390,617,384,-1.5234375,2.41015625,1.5,0,0x04,0,0,0,1,0,0,-1,0,0,0,,,,,,,,,,,,,,,,,,,,,,
480,6,DUAL_PORTAL_5,16.033333333333335,1085690,33132.62939453125,2192,66.89453125,14.94890510948905,43,1.312255859375,2149,65.582275390625,0,0.0,0xEC1F292A,-390,596,384,-1.5234375,2.328125,1.5,0,0x04,0,0,0,1,0,0,-1,0,0,0,,,,,,,,,,,,,,,,,,,,,,
481,6,DUAL_PORTAL_5,16.066666666666666,1087896,33199.951171875,2206,67.32177734375,14.85403445149592,43,1.312255859375,2162,65.97900390625,1,0.030517578125,0x7971D223,-390,575,384,-1.5234375,2.24609375,1.5,0,0x04,0,0,0,1,0,0,-1,0,0,0,,,,,,,,,,,,,,,,,,,,,,
482,6,DUAL_PORTAL_5,16.1,1090096,33267.08984375,2200,67.138671875,14.894545454545455,43,1.312255859375,2157,65.826416015625,0,0.0,0x85ADB998,-390,554,384,-1.5234375,2.1640625,1.5,0,0x04,0,0,0,1,0,0,-1,0,0,0,,,,,,,,,,,,,,,,,,,,,,
483,6,DUAL_PORTAL_5,16.133333333333333,1092309,33334.625244140625,2213,67.535400390625,14.807049254405785,43,1.312255859375,2170,66.22314453125,0,0.0,0xA607BD01,-390,533,384,-1.5234375,2.08203125,1.5,0,0x04,0,0,0,1,0,0,-1,0,0,0,,,,,,,,,,,,,,,,,,,,,,
484,6,DUAL_PORTAL_5,16.166666666666668,1094517,33402.008056640625,2208,67.3828125,14.840579710144928,43,1.312255859375,2164,66.0400390625,1,0.030517578125,0xC805A26E,-390,512,384,-1.5234375,2.0,1.5,0,0x04,0,0,0,1,0,0,-1,0,0,0,,,,,,,,,,,,,,,,,,,,,,
485,6,DUAL_PORTAL_5,16.2,1096644,33466.9189453125,2127,64.910888671875,15.405735778091207,43,1.312255859375,2084,63.5986328125,0,0.0,0xB9019EE8,-390,491,384,-1.5234375,1.91796875,1.5,0,0x04,0,0,0,1,0,0,-1,0,0,0,,,,,,,,,,,,,,,,,,,,,,
486,6,DUAL_PORTAL_5,16.233333333333334,1098779,33532.073974609375,2135,65.155029296875,15.348009367681499,43,1.312255859375,2091,63.812255859375,1,0.030517578125,0x6B48789B,-390,470,384,-1.5234375,1.8359375,1.5,0,0x04,0,0,0,1,0,0,-1,0,0,0,,,,,,,,,,,,,,,,,,,,,,
487,6,DUAL_PORTAL_5,16.266666666666666,1100908,33597.0458984375,2129,64.971923828125,15.391263503992485,43,1.312255859375,2085,63.629150390625,1,0.030517578125,0xCD309042,-390,449,384,-1.5234375,1.75390625,1.5,0,0x04,0,0,0,1,0,0,-1,0,0,0,,,,,,,,,,,,,,,,,,,,,,
488,6,DUAL_PORTAL_5,16.3,1103036,33661.9873046875,2128,64.94140625,15.398496240601503,43,1.312255859375,2085,63.629150390625,0,0.0,0x302D47F5,-390,428,384,-1.5234375,1.671875,1.5,0,0x04,0,0,0,1,0,0,-1,0,0,0,,,,,,,,,,,,,,,,,,,,,,
489,6,DUAL_PORTAL_5,16.333333333333332,1105211,33728.363037109375,2175,66.375732421875,15.065747126436781,43,1.312255859375,2131,65.032958984375,1,0.030517578125,0x0B3E6F6C,-390,407,384,-1.5234375,1.58984375,1.5,0,0x04,0,0,0,1,0,0,-1,0,0,0,,,,,,,,,,,,,,,,,,,,,,
490,6,DUAL_PORTAL_5,16.366666666666667,1107382,33794.61669921875,2171,66.253662109375,15.093505297098112,43,1.312255859375,2127,64.910888671875,1,0.030517578125,0x3EF527DF,-390,386,384,-1.5234375,1.5078125,1.5,0,0x04,0,0,0,1,0,0,-1,0,0,0,,,,,,,,,,,,,,,,,,,,,,
491,6,DUAL_PORTAL_5,16.4,1109460,33858.0322265625,2078,63.41552734375,15.76900866217517,43,1.312255859375,2034,62.07275390625,1,0.030517578125,0xFE7777C6,-390,365,384,-1.5234375,1.42578125,1.5,0,0x04,0,0,0,1,0,0,-1,0,0,0,,,,,,,,,,,,,,,,,,,,,,
492,6,DUAL_PORTAL_5,16.433333333333334,1111590,33923.03466796875,2130,65.00244140625,15.384037558685446,43,1.312255859375,2086,63.65966796875,1,0.030517578125,0x538A5879,-390,344,384,-1.5234375,1.34375,1.5,0,0x04,0,0,0,1,0,0,-1,0,0,0,,,,,,,,,,,,,,,,,,,,,,
493,6,DUAL_PORTAL_5,16.466666666666665,1113716,33987.9150390625,2126,64.88037109375,15.412982126058326,43,1.312255859375,2082,63.53759765625,1,0.030517578125,0x7D61CC30,-390,323,384,-1.5234375,1.26171875,1.5,0,0x04,0,0,0,1,0,0,-1,0,0,0,,,,,,,,,,,,,,,,,,,,,,
494,6,DUAL_PORTAL_5,16.5,1115797,34051.422119140625,2081,63.507080078125,15.7462758289284,43,1.312255859375,2038,62.19482421875,0,0.0,0xCA09F0E3,-390,302,384,-1.5234375,1.1796875,1.5,0,0x04,0,0,0,1,0,0,-1,0,0,0,,,,,,,,,,,,,,,,,,,,,,
495,6,DUAL_PORTAL_5,16.533333333333335,1117749,34110.992431640625,1952,59.5703125,16.78688524590164,42,1.28173828125,1909,58.258056640625,1,0.030517578125,0xB535782E,-390,323,384,-1.5234375,1.26171875,1.5,0,0x04,0,0,0,1,0,0,1,0,0,0,,,,,,,,,,,,,,,,,,,,,,
496,6,DUAL_PORTAL_5,16.566666666666666,1119805,34173.736572265625,2056,62.744140625,15.937743190661479,43,1.312255859375,2012,61.4013671875,1,0.030517578125,0xBDA6AFF7,-390,344,384,-1.5234375,1.34375,1.5,0,0x04,0,0,0,1,0,0,1,0,0,0,,,,,,,,,,,,,,,,,,,,,,
497,6,DUAL_PORTAL_5,16.6,1121958,34239.44091796875,2153,65.704345703125,15.219693450998607,43,1.312255859375,2109,64.361572265625,1,0.030517578125,0xDFE0B3C4,-390,365,384,-1.5234375,1.42578125,1.5,0,0x04,0,0,0,1,0,0,1,0,0,0,,,,,,,,,,,,,,,,,,,,,,
498,6,DUAL_PORTAL_5,16.633333333333333,1124099,34304.779052734375,2141,65.338134765625,15.30499766464269,43,1.312255859375,2097,63.995361328125,1,0.030517578125,0x119A9E5D,-390,386,384,-1.5234375,1.5078125,1.5,0,0x04,0,0,0,1,0,0,1,0,0,0,,,,,,,,,,,,,,,,,,,,,,
499,6,DUAL_PORTAL_5,16.666666666666668,1126178,34368.22509765625,2079,63.446044921875,15.761423761423762,43,1.312255859375,2036,62.1337890625,0,0.0,0xB4D3A5EA,-390,407,384,-1.5234375,1.58984375,1.5,0,0x04,0,0,0,1,0,0,1,0,0,0,,,,,,,,,,,,,,,,,,,,,,
500,6,DUAL_PORTAL_5,16.7,1128349,34434.478759765625,2171,66.253662109375,15.093505297098112,42,1.28173828125,2128,64.94140625,1,0.030517578125,0x3C45D9F3,-390,428,384,-1.5234375,1.671875,1.5,0,0x04,0,0,0,1,0,0,1,0,0,0,,,,,,,,,,,,,,,,,,,,,,
501,6,DUAL_PORTAL_5,16.733333333333334,1130525,34500.885009765625,2176,66.40625,15.058823529411764,43,1.312255859375,2132,65.0634765625,1,0.030517578125,0x6D875040,-390,449,384,-1.5234375,1.75390625,1.5,0,0x04,0,0,0,1,0,0,1,0,0,0,,,,,,,,,,,,,,,,,,,,,,
502,6,DUAL_PORTAL_5,16.766666666666666,1132656,34565.91796875,2131,65.032958984375,15.376818395119662,43,1.312255859375,2087,63.690185546875,1,0.030517578125,0x31CFD119,-390,470,384,-1.5234375,1.8359375,1.5,0,0x04,0,0,0,1,0,0,1,0,0,0,,,,,,,,,,,,,,,,,,,,,,
503,6,DUAL_PORTAL_5,16.8,1134797,34631.256103515625,2141,65.338134765625,15.30499766464269,43,1.312255859375,2098,64.02587890625,0,0.0,0x76E15466,-390,491,384,-1.5234375,1.91796875,1.5,0,0x04,0,0,0,1,0,0,1,0,0,0,,,,,,,,,,,,,,,,,,,,,,
504,6,DUAL_PORTAL_5,16.833333333333332,1136943,34696.746826171875,2146,65.49072265625,15.269338303821062,43,1.312255859375,2103,64.178466796875,0,0.0,0x65B1886C,-390,512,384,-1.5234375,2.0,1.5,0,0x04,0,0,0,1,0,0,1,0,0,0,,,,,,,,,,,,,,,,,,,,,,
505,6,DUAL_PORTAL_5,16.866666666666667,1138994,34759.33837890625,2051,62.591552734375,15.976596782057532,43,1.312255859375,2007,61.248779296875,1,0.030517578125,0xE8570AF6,-390,512,384,-1.5234375,2.0,1.5,0,0x04,0,0,0,1,0,0,0,0,0,0,,,,,,,,,,,,,,,,,,,,,,
506,6,DUAL_PORTAL_5,16.9,1140989,34820.220947265625,1995,60.882568359375,16.425062656641604,43,1.312255859375,1952,59.5703125,0,0.0,0xE8570AF6,-390,512,384,-1.5234375,2.0,1.5,0,0x00,0,0,0,0,0,0,0,0,0,0,,,,,,,,,,,,,,,,,,,,,,
507,6,DUAL_PORTAL_5,16.933333333333334,1142985,34881.134033203125,1996,60.9130859375,16.416833667334668,44,1.3427734375,1952,59.5703125,0,0.0,0xE8570AF6,-390,512,384,-1.5234375,2.0,1.5,0,0x00,0,0,0,0,0,0,0,0,0,0,,,,,,,,,,,,,,,,,,,,,,
508,6,DUAL_PORTAL_5,16.966666666666665,1144981,34942.047119140625,1996,60.9130859375,16.416833667334668,44,1.3427734375,1952,59.5703125,0,0.0,0xE8570AF6,-390,512,384,-1.5234375,2.0,1.5,0,0x00,0,0,0,0,0,0,0,0,0,0,,,,,,,,,,,,,,,,,,,,,,
509,6,DUAL_PORTAL_5,17.0,1146977,35002.960205078125,1996,60.9130859375,16.416833667334668,44,1.3427734375,1952,59.5703125,0,0.0,0xE8570AF6,-390,512,384,-1.5234375,2.0,1.5,0,0x08,0,0,0,0,1,0,0,0,0,0,,,,,,,,,,,,,,,,,,,,,,
510,7,DUAL_PORTAL_6,17.033333333333335,1149259,35072.601318359375,2282,69.64111328125,14.359333917616127,50,1.52587890625,2231,68.084716796875,1,0.030517578125,0xC4F2C181,-390,533,384,-1.5234375,2.08203125,1.5,0,0x04,0,0,0,1,0,0,1,0,1,0,,,,,,,,,,,,,,,,,,,,,,
511,7,DUAL_PORTAL_6,17.066666666666666,1151662,35145.93505859375,2403,73.333740234375,13.636287973366626,50,1.52587890625,2353,71.807861328125,0,0.0,0x08A2418A,-390,554,384,-1.5234375,2.1640625,1.5,0,0x04,0,0,0,1,0,0,1,0,1,0,,,,,,,,,,,,,,,,,,,,,,
512,7,DUAL_PORTAL_6,17.1,1154004,35217.4072265625,2342,71.47216796875,13.991460290350128,42,1.28173828125,2300,70.1904296875,0,0.0,0xA7E92039,-390,575,384,-1.5234375,2.24609375,1.5,0,0x04,0,0,0,1,0,0,1,0,0,0,,,,,,,,,,,,,,,,,,,,,,
513,7,DUAL_PORTAL_6,17.133333333333333,1156211,35284.759521484375,2207,67.352294921875,14.847304032623471,43,1.312255859375,2163,66.009521484375,1,0.030517578125,0x34481A40,-390,596,384,-1.5234375,2.328125,1.5,0,0x04,0,0,0,1,0,0,1,0,0,0,,,,,,,,,,,,,,,,,,,,,,
514,7,DUAL_PORTAL_6,17.166666666666668,1158421,35352.203369140625,2210,67.44384765625,14.827149321266969,43,1.312255859375,2166,66.10107421875,1,0.030517578125,0xAC73114F,-390,617,384,-1.5234375,2.41015625,1.5,0,0x04,0,0,0,1,0,0,1,0,0,0,,,,,,,,,,,,,,,,,,,,,,
515,7,DUAL_PORTAL_6,17.2,1160616,35419.189453125,2195,66.986083984375,14.928473804100229,43,1.312255859375,2151,65.643310546875,1,0.030517578125,0xA0A73556,-390,638,384,-1.5234375,2.4921875,1.5,0,0x04,0,0,0,1,0,0,1,0,0,0,,,,,,,,,,,,,,,,,,,,,,
516,7,DUAL_PORTAL_6,17.233333333333334,1162809,35486.114501953125,2193,66.925048828125,14.942088463292293,43,1.312255859375,2149,65.582275390625,1,0.030517578125,0x756EEA75,-390,659,384,-1.5234375,2.57421875,1.5,0,0x04,0,0,0,1,0,0,1,0,0,0,,,,,,,,,,,,,,,,,,,,,,
517,7,DUAL_PORTAL_6,17.266666666666666,1165040,35554.19921875,2231,68.084716796875,14.687584043030032,43,1.312255859375,2187,66.741943359375,1,0.030517578125,0x0B8B784C,-390,680,384,-1.5234375,2.65625,1.5,0,0x04,0,0,0,1,0,0,1,0,0,0,,,,,,,,,,,,,,,,,,,,,,
518,7,DUAL_PORTAL_6,17.3,1167296,35623.046875,2256,68.84765625,14.52482269503546,43,1.312255859375,2212,67.5048828125,1,0.030517578125,0x684B23DB,-390,701,384,-1.5234375,2.73828125,1.5,0,0x04,0,0,0,1,0,0,1,0,0,0,,,,,,,,,,,,,,,,,,,,,,
519,7,DUAL_PORTAL_6,17.333333333333332,1169554,35691.95556640625,2258,68.90869140625,14.511957484499558,43,1.312255859375,2214,67.56591796875,1,0.030517578125,0xF5E93012,-390,722,384,-1.5234375,2.8203125,1.5,0,0x04,0,0,0,1,0,0,1,0,0,0,,,,,,,,,,,,,,,,,,,,,,
520,7,DUAL_PORTAL_6,17.366666666666667,1171847,35761.932373046875,2293,69.976806640625,14.290449193196686,50,1.52587890625,2243,68.450927734375,0,0.0,0xE51D308B,-390,701,384,-1.5234375,2.73828125,1.5,0,0x04,0,0,0,1,0,0,-1,0,-1,0,,,,,,,,,,,,,,,,,,,,,,
521,7,DUAL_PORTAL_6,17.4,1174305,35836.944580078125,2458,75.01220703125,13.331163547599674,50,1.52587890625,2408,73.486328125,0,0.0,0x30D878A6,-390,680,384,-1.5234375,2.65625,1.5,0,0x04,0,0,0,1,0,0,-1,0,-1,0,,,,,,,,,,,,,,,,,,,,,,
522,7,DUAL_PORTAL_6,17.433333333333334,1176781,35912.506103515625,2476,75.5615234375,13.234248788368337,50,1.52587890625,2426,74.03564453125,0,0.0,0xC47EA4DD,-390,659,384,-1.5234375,2.57421875,1.5,0,0x04,0,0,0,1,0,0,-1,0,-1,0,,,,,,,,,,,,,,,,,,,,,,
523,7,DUAL_PORTAL_6,17.466666666666665,1179185,35985.870361328125,2404,73.3642578125,13.630615640599002,50,1.52587890625,2353,71.807861328125,1,0.030517578125,0x040FF614,-390,638,384,-1.5234375,2.4921875,1.5,0,0x04,0,0,0,1,0,0,-1,0,-1,0,,,,,,,,,,,,,,,,,,,,,,
524,7,DUAL_PORTAL_6,17.5,1181478,36055.84716796875,2293,69.976806640625,14.290449193196686,42,1.28173828125,2250,68.66455078125,1,0.030517578125,0xDA0B416D,-390,617,384,-1.5234375,2.41015625,1.5,0,0x04,0,0,0,1,0,0,-1,0,0,0,,,,,,,,,,,,,,,,,,,,,,
525,7,DUAL_PORTAL_6,17.533333333333335,1183644,36121.9482421875,2166,66.10107421875,15.128347183748845,43,1.312255859375,2122,64.75830078125,1,0.030517578125,0x996FF506,-390,596,384,-1.5234375,2.328125,1.5,0,0x04,0,0,0,1,0,0,-1,0,0,0,,,,,,,,,,,,,,,,,,,,,,
526,7,DUAL_PORTAL_6,17.566666666666666,1185823,36188.446044921875,2179,66.497802734375,15.038090867370354,43,1.312255859375,2135,65.155029296875,1,0.030517578125,0x8562EC2F,-390,575,384,-1.5234375,2.24609375,1.5,0,0x04,0,0,0,1,0,0,-1,0,0,0,,,,,,,,,,,,,,,,,,,,,,
527,7,DUAL_PORTAL_6,17.6,1187983,36254.364013671875,2160,65.91796875,15.170370370370371,43,1.312255859375,2116,64.5751953125,1,0.030517578125,0x977B2AD8,-390,554,384,-1.5234375,2.1640625,1.5,0,0x04,0,0,0,1,0,0,-1,0,0,0,,,,,,,,,,,,,,,,,,,,,,
528,7,DUAL_PORTAL_6,17.633333333333333,1190135,36320.037841796875,2152,65.673828125,15.226765799256505,43,1.312255859375,2108,64.3310546875,1,0.030517578125,0x4AC744F1,-390,533,384,-1.5234375,2.08203125,1.5,0,0x04,0,0,0,1,0,0,-1,0,0,0,,,,,,,,,,,,,,,,,,,,,,
529,7,DUAL_PORTAL_6,17.666666666666668,1192309,36386.383056640625,2174,66.34521484375,15.072677092916283,43,1.312255859375,2130,65.00244140625,1,0.030517578125,0x8E4E054A,-390,512,384,-1.5234375,2.0,1.5,0,0x04,0,0,0,1,0,0,-1,0,0,0,,,,,,,,,,,,,,,,,,,,,,
530,7,DUAL_PORTAL_6,17.7,1194465,36452.178955078125,2156,65.7958984375,15.198515769944342,43,1.312255859375,2113,64.483642578125,0,0.0,0x73E64C68,-390,491,384,-1.5234375,1.91796875,1.5,0,0x04,0,0,0,1,0,0,-1,0,0,0,,,,,,,,,,,,,,,,,,,,,,
531,7,DUAL_PORTAL_6,17.733333333333334,1196557,36516.021728515625,2092,63.8427734375,15.663479923518164,43,1.312255859375,2048,62.5,1,0.030517578125,0xAA3243E7,-390,470,384,-1.5234375,1.8359375,1.5,0,0x04,0,0,0,1,0,0,-1,0,0,0,,,,,,,,,,,,,,,,,,,,,,
532,7,DUAL_PORTAL_6,17.766666666666666,1198694,36581.23779296875,2137,65.216064453125,15.333645297145532,43,1.312255859375,2093,63.873291015625,1,0.030517578125,0x58575B1E,-390,449,384,-1.5234375,1.75390625,1.5,0,0x04,0,0,0,1,0,0,-1,0,0,0,,,,,,,,,,,,,,,,,,,,,,
533,7,DUAL_PORTAL_6,17.8,1200822,36646.17919921875,2128,64.94140625,15.398496240601503,43,1.312255859375,2085,63.629150390625,0,0.0,0x01BBF0E5,-390,428,384,-1.5234375,1.671875,1.5,0,0x04,0,0,0,1,0,0,-1,0,0,0,,,,,,,,,,,,,,,,,,,,,,
534,7,DUAL_PORTAL_6,17.833333333333332,1202940,36710.8154296875,2118,64.63623046875,15.47119924457035,43,1.312255859375,2075,63.323974609375,0,0.0,0x9499ABEC,-390,407,384,-1.5234375,1.58984375,1.5,0,0x04,0,0,0,1,0,0,-1,0,0,0,,,,,,,,,,,,,,,,,,,,,,
535,7,DUAL_PORTAL_6,17.866666666666667,1205055,36775.360107421875,2115,64.544677734375,15.493144208037824,43,1.312255859375,2072,63.232421875,0,0.0,0x0F225FAB,-390,386,384,-1.5234375,1.5078125,1.5,0,0x04,0,0,0,1,0,0,-1,0,0,0,,,,,,,,,,,,,,,,,,,,,,
536,7,DUAL_PORTAL_6,17.9,1207186,36840.39306640625,2131,65.032958984375,15.376818395119662,43,1.312255859375,2087,63.690185546875,1,0.030517578125,0x9F2B1BA2,-390,365,384,-1.5234375,1.42578125,1.5,0,0x04,0,0,0,1,0,0,-1,0,0,0,,,,,,,,,,,,,,,,,,,,,,
537,7,DUAL_PORTAL_6,17.933333333333334,1209342,36906.18896484375,2156,65.7958984375,15.198515769944342,43,1.312255859375,2112,64.453125,1,0.030517578125,0xAE1BA269,-390,344,384,-1.5234375,1.34375,1.5,0,0x04,0,0,0,1,0,0,-1,0,0,0,,,,,,,,,,,,,,,,,,,,,,
538,7,DUAL_PORTAL_6,17.966666666666665,1211475,36971.282958984375,2133,65.093994140625,15.362400375058604,43,1.312255859375,2090,63.78173828125,0,0.0,0x50D928F0,-390,323,384,-1.5234375,1.26171875,1.5,0,0x04,0,0,0,1,0,0,-1,0,0,0,,,,,,,,,,,,,,,,,,,,,,
539,7,DUAL_PORTAL_6,18.0,1213595,37035.980224609375,2120,64.697265625,15.456603773584906,42,1.28173828125,2078,63.41552734375,0,0.0,0x92BB51EF,-390,302,384,-1.5234375,1.1796875,1.5,0,0x04,0,0,0,1,0,0,-1,0,0,0,,,,,,,,,,,,,,,,,,,,,,
540,7,DUAL_PORTAL_6,18.033333333333335,1215753,37101.837158203125,2158,65.85693359375,15.184430027803522,50,1.52587890625,2108,64.3310546875,0,0.0,0x7F89564C,-390,323,384,-1.5234375,1.26171875,1.5,0,0x04,0,0,0,1,0,0,1,0,1,0,,,,,,,,,,,,,,,,,,,,,,
541,7,DUAL_PORTAL_6,18.066666666666666,1218040,37171.630859375,2287,69.793701171875,14.327940533449935,50,1.52587890625,2237,68.267822265625,0,0.0,0xBDA6AFF7,-390,344,384,-1.5234375,1.34375,1.5,0,0x04,0,0,0,1,0,0,1,0,1,0,,,,,,,,,,,,,,,,,,,,,,
542,7,DUAL_PORTAL_6,18.1,1220290,37240.29541015625,2250,68.66455078125,14.563555555555556,43,1.312255859375,2207,67.352294921875,0,0.0,0xDFE0B3C4,-390,365,384,-1.5234375,1.42578125,1.5,0,0x04,0,0,0,1,0,0,1,0,0,0,,,,,,,,,,,,,,,,,,,,,,
543,7,DUAL_PORTAL_6,18.133333333333333,1222431,37305.633544921875,2141,65.338134765625,15.30499766464269,43,1.312255859375,2098,64.02587890625,0,0.0,0x119A9E5D,-390,386,384,-1.5234375,1.5078125,1.5,0,0x04,0,0,0,1,0,0,1,0,0,0,,,,,,,,,,,,,,,,,,,,,,
544,7,DUAL_PORTAL_6,18.166666666666668,1224511,37369.110107421875,2080,63.4765625,15.753846153846155,43,1.312255859375,2036,62.1337890625,1,0.030517578125,0xB4D3A5EA,-390,407,384,-1.5234375,1.58984375,1.5,0,0x04,0,0,0,1,0,0,1,0,0,0,,,,,,,,,,,,,,,,,,,,,,
545,7,DUAL_PORTAL_6,18.2,1226681,37435.333251953125,2170,66.22314453125,15.100460829493088,43,1.312255859375,2127,64.910888671875,0,0.0,0x3C45D9F3,-390,428,384,-1.5234375,1.671875,1.5,0,0x04,0,0,0,1,0,0,1,0,0,0,,,,,,,,,,,,,,,,,,,,,,
546,7,DUAL_PORTAL_6,18.233333333333334,1228856,37501.708984375,2175,66.375732421875,15.065747126436781,43,1.312255859375,2132,65.0634765625,0,0.0,0x6D875040,-390,449,384,-1.5234375,1.75390625,1.5,0,0x04,0,0,0,1,0,0,1,0,0,0,,,,,,,,,,,,,,,,,,,,,,
547,7,DUAL_PORTAL_6,18.266666666666666,1230986,37566.71142578125,2130,65.00244140625,15.384037558685446,43,1.312255859375,2087,63.690185546875,0,0.0,0x31CFD119,-390,470,384,-1.5234375,1.8359375,1.5,0,0x04,0,0,0,1,0,0,1,0,0,0,,,,,,,,,,,,,,,,,,,,,,
548,7,DUAL_PORTAL_6,18.3,1233128,37632.080078125,2142,65.36865234375,15.297852474323063,43,1.312255859375,2098,64.02587890625,1,0.030517578125,0x76E15466,-390,491,384,-1.5234375,1.91796875,1.5,0,0x04,0,0,0,1,0,0,1,0,0,0,,,,,,,,,,,,,,,,,,,,,,
549,7,DUAL_PORTAL_6,18.333333333333332,1235274,37697.57080078125,2146,65.49072265625,15.269338303821062,42,1.28173828125,2103,64.178466796875,1,0.030517578125,0x65B1886C,-390,512,384,-1.5234375,2.0,1.5,0,0x04,0,0,0,1,0,0,1,0,0,0,,,,,,,,,,,,,,,,,,,,,,
550,7,DUAL_PORTAL_6,18.366666666666667,1237404,37762.5732421875,2130,65.00244140625,15.384037558685446,43,1.312255859375,2086,63.65966796875,1,0.030517578125,0xC715AAFF,-390,533,384,-1.5234375,2.08203125,1.5,0,0x04,0,0,0,1,0,0,1,0,0,0,,,,,,,,,,,,,,,,,,,,,,
551,7,DUAL_PORTAL_6,18.4,1239614,37830.01708984375,2210,67.44384765625,14.827149321266969,43,1.312255859375,2167,66.131591796875,0,0.0,0x81F51116,-390,554,384,-1.5234375,2.1640625,1.5,0,0x04,0,0,0,1,0,0,1,0,0,0,,,,,,,,,,,,,,,,,,,,,,
552,7,DUAL_PORTAL_6,18.433333333333334,1241833,37897.735595703125,2219,67.718505859375,14.767012167643083,43,1.312255859375,2176,66.40625,0,0.0,0x4C47BC21,-390,575,384,-1.5234375,2.24609375,1.5,0,0x06,1,1,0,1,0,0,1,0,0,0,66.34521484375,0.030517578125,0.244140625,10.040283203125,8.72802734375,2.349853515625,17.486572265625,16.54052734375,0.0,10.284423828125,0.640869140625,0,0,0,0,0,0,0,0,0,0,0
553,7,DUAL_PORTAL_6,18.466666666666665,1244053,37965.484619140625,2220,67.7490234375,14.76036036036036,43,1.312255859375,2177,66.436767578125,0,0.0,0x42571B28,-390,596,384,-1.5234375,2.328125,1.5,0,0x04,0,0,0,1,0,0,1,0,0,0,,,,,,,,,,,,,,,,,,,,,,
554,7,DUAL_PORTAL_6,18.5,1246284,38033.5693359375,2231,68.084716796875,14.687584043030032,42,1.28173828125,2189,66.802978515625,0,0.0,0x0D11B67B,-390,617,384,-1.5234375,2.41015625,1.5,0,0x04,0,0,0,1,0,0,1,0,0,0,,,,,,,,,,,,,,,,,,,,,,
555,7,DUAL_PORTAL_6,18.533333333333335,1248489,38100.860595703125,2205,67.291259765625,14.86077097505669,42,1.28173828125,2162,65.97900390625,1,0.030517578125,0xDA1E44D2,-390,638,384,-1.5234375,2.4921875,1.5,0,0x04,0,0,0,1,0,0,1,0,0,0,,,,,,,,,,,,,,,,,,,,,,
556,7,DUAL_PORTAL_6,18.566666666666666,1250759,38170.135498046875,2270,69.27490234375,14.4352422907489,43,1.312255859375,2226,67.93212890625,1,0.030517578125,0xF595639D,-390,659,384,-1.5234375,2.57421875,1.5,0,0x04,0,0,0,1,0,0,1,0,0,0,,,,,,,,,,,,,,,,,,,,,,
557,7,DUAL_PORTAL_6,18.6,1252989,38238.189697265625,2230,68.05419921875,14.694170403587444,43,1.312255859375,2187,66.741943359375,0,0.0,0x8F10F8A4,-390,680,384,-1.5234375,2.65625,1.5,0,0x04,0,0,0,1,0,0,1,0,0,0,,,,,,,,,,,,,,,,,,,,,,
558,7,DUAL_PORTAL_6,18.633333333333333,1255198,38305.60302734375,2209,67.413330078125,14.833861475780896,43,1.312255859375,2165,66.070556640625,1,0.030517578125,0x1486E237,-390,701,384,-1.5234375,2.73828125,1.5,0,0x04,0,0,0,1,0,0,1,0,0,0,,,,,,,,,,,,,,,,,,,,,,
559,7,DUAL_PORTAL_6,18.666666666666668,1257398,38372.74169921875,2200,67.138671875,14.894545454545455,43,1.312255859375,2156,65.7958984375,1,0.030517578125,0x51869FCE,-390,722,384,-1.5234375,2.8203125,1.5,0,0x04,0,0,0,1,0,0,1,0,0,0,,,,,,,,,,,,,,,,,,,,,,
560,7,DUAL_PORTAL_6,18.7,1259423,38434.539794921875,2025,61.798095703125,16.18172839506173,43,1.312255859375,1981,60.455322265625,1,0.030517578125,0x5D9AD7B9,-390,701,384,-1.5234375,2.73828125,1.5,0,0x04,0,0,0,1,0,0,-1,0,0,0,,,,,,,,,,,,,,,,,,,,,,
561,7,DUAL_PORTAL_6,18.733333333333334,1261689,38503.692626953125,2266,69.15283203125,14.46072374227714,42,1.28173828125,2223,67.840576171875,1,0.030517578125,0x30D878A6,-390,680,384,-1.5234375,2.65625,1.5,0,0x04,0,0,0,1,0,0,-1,0,0,0,,,,,,,,,,,,,,,,,,,,,,
562,7,DUAL_PORTAL_6,18.766666666666666,1263904,38571.2890625,2215,67.596435546875,14.793679458239277,43,1.312255859375,2171,66.253662109375,1,0.030517578125,0xF0106E1F,-390,659,384,-1.5234375,2.57421875,1.5,0,0x04,0,0,0,1,0,0,-1,0,0,0,,,,,,,,,,,,,,,,,,,,,,
563,7,DUAL_PORTAL_6,18.8,1266132,38639.2822265625,2228,67.9931640625,14.707360861759426,43,1.312255859375,2184,66.650390625,1,0.030517578125,0x8A79EF54,-390,638,384,-1.5234375,2.4921875,1.5,0,0x04,0,0,0,1,0,0,-1,0,0,0,,,,,,,,,,,,,,,,,,,,,,
564,7,DUAL_PORTAL_6,18.833333333333332,1268398,38708.43505859375,2266,69.15283203125,14.46072374227714,42,1.28173828125,2224,67.87109375,0,0.0,0x57C4C1FD,-390,617,384,-1.5234375,2.41015625,1.5,0,0x04,0,0,0,1,0,0,-1,0,0,0,,,,,,,,,,,,,,,,,,,,,,
565,7,DUAL_PORTAL_6,18.866666666666667,1270591,38775.360107421875,2193,66.925048828125,14.942088463292293,43,1.312255859375,2150,65.61279296875,0,0.0,0xEC1F292A,-390,596,384,-1.5234375,2.328125,1.5,0,0x04,0,0,0,1,0,0,-1,0,0,0,,,,,,,,,,,,,,,,,,,,,,
566,7,DUAL_PORTAL_6,18.9,1272797,38842.681884765625,2206,67.32177734375,14.85403445149592,43,1.312255859375,2162,65.97900390625,1,0.030517578125,0x7971D223,-390,575,384,-1.5234375,2.24609375,1.5,0,0x04,0,0,0,1,0,0,-1,0,0,0,,,,,,,,,,,,,,,,,,,,,,
567,7,DUAL_PORTAL_6,18.933333333333334,1274997,38909.820556640625,2200,67.138671875,14.894545454545455,43,1.312255859375,2157,65.826416015625,0,0.0,0x85ADB998,-390,554,384,-1.5234375,2.1640625,1.5,0,0x04,0,0,0,1,0,0,-1,0,0,0,,,,,,,,,,,,,,,,,,,,,,
568,7,DUAL_PORTAL_6,18.966666666666665,1277210,38977.35595703125,2213,67.535400390625,14.807049254405785,43,1.312255859375,2170,66.22314453125,0,0.0,0xA607BD01,-390,533,384,-1.5234375,2.08203125,1.5,0,0x04,0,0,0,1,0,0,-1,0,0,0,,,,,,,,,,,,,,,,,,,,,,
569,7,DUAL_PORTAL_6,19.0,1279418,39044.73876953125,2208,67.3828125,14.840579710144928,43,1.312255859375,2164,66.0400390625,1,0.030517578125,0xC805A26E,-390,512,384,-1.5234375,2.0,1.5,0,0x04,0,0,0,1,0,0,-1,0,0,0,,,,,,,,,,,,,,,,,,,,,,
570,7,DUAL_PORTAL_6,19.033333333333335,1281545,39109.649658203125,2127,64.910888671875,15.405735778091207,43,1.312255859375,2084,63.5986328125,0,0.0,0xB9019EE8,-390,491,384,-1.5234375,1.91796875,1.5,0,0x04,0,0,0,1,0,0,-1,0,0,0,,,,,,,,,,,,,,,,,,,,,,
571,7,DUAL_PORTAL_6,19.066666666666666,1283680,39174.8046875,2135,65.155029296875,15.348009367681499,43,1.312255859375,2091,63.812255859375,1,0.030517578125,0x6B48789B,-390,470,384,-1.5234375,1.8359375,1.5,0,0x04,0,0,0,1,0,0,-1,0,0,0,,,,,,,,,,,,,,,,,,,,,,
572,7,DUAL_PORTAL_6,19.1,1285809,39239.776611328125,2129,64.971923828125,15.391263503992485,43,1.312255859375,2085,63.629150390625,1,0.030517578125,0xCD309042,-390,449,384,-1.5234375,1.75390625,1.5,0,0x04,0,0,0,1,0,0,-1,0,0,0,,,,,,,,,,,,,,,,,,,,,,
573,7,DUAL_PORTAL_6,19.133333333333333,1287937,39304.718017578125,2128,64.94140625,15.398496240601503,43,1.312255859375,2085,63.629150390625,0,0.0,0x302D47F5,-390,428,384,-1.5234375,1.671875,1.5,0,0x04,0,0,0,1,0,0,-1,0,0,0,,,,,,,,,,,,,,,,,,,,,,
574,7,DUAL_PORTAL_6,19.166666666666668,1290112,39371.09375,2175,66.375732421875,15.065747126436781,43,1.312255859375,2131,65.032958984375,1,0.030517578125,0x0B3E6F6C,-390,407,384,-1.5234375,1.58984375,1.5,0,0x04,0,0,0,1,0,0,-1,0,0,0,,,,,,,,,,,,,,,,,,,,,,
575,7,DUAL_PORTAL_6,19.2,1292283,39437.347412109375,2171,66.253662109375,15.093505297098112,43,1.312255859375,2127,64.910888671875,1,0.030517578125,0x3EF527DF,-390,386,384,-1.5234375,1.5078125,1.5,0,0x04,0,0,0,1,0,0,-1,0,0,0,,,,,,,,,,,,,,,,,,,,,,
576,7,DUAL_PORTAL_6,19.233333333333334,1294361,39500.762939453125,2078,63.41552734375,15.76900866217517,43,1.312255859375,2034,62.07275390625,1,0.030517578125,0xFE7777C6,-390,365,384,-1.5234375,1.42578125,1.5,0,0x04,0,0,0,1,0,0,-1,0,0,0,,,,,,,,,,,,,,,,,,,,,,
577,7,DUAL_PORTAL_6,19.266666666666666,1296490,39565.73486328125,2129,64.971923828125,15.391263503992485,42,1.28173828125,2086,63.65966796875,1,0.030517578125,0x538A5879,-390,344,384,-1.5234375,1.34375,1.5,0,0x04,0,0,0,1,0,0,-1,0,0,0,,,,,,,,,,,,,,,,,,,,,,
578,7,DUAL_PORTAL_6,19.3,1298615,39630.584716796875,2125,64.849853515625,15.420235294117647,43,1.312255859375,2082,63.53759765625,0,0.0,0x7D61CC30,-390,323,384,-1.5234375,1.26171875,1.5,0,0x04,0,0,0,1,0,0,-1,0,0,0,,,,,,,,,,,,,,,,,,,,,,
579,7,DUAL_PORTAL_6,19.333333333333332,1300695,39694.061279296875,2080,63.4765625,15.753846153846155,42,1.28173828125,2038,62.19482421875,0,0.0,0xCA09F0E3,-390,302,384,-1.5234375,1.1796875,1.5,0,0x04,0,0,0,1,0,0,-1,0,0,0,,,,,,,,,,,,,,,,,,,,,,
580,7,DUAL_PORTAL_6,19.366666666666667,1302647,39753.631591796875,1952,59.5703125,16.78688524590164,42,1.28173828125,1909,58.258056640625,1,0.030517578125,0xB535782E,-390,323,384,-1.5234375,1.26171875,1.5,0,0x04,0,0,0,1,0,0,1,0,0,0,,,,,,,,,,,,,,,,,,,,,,
581,7,DUAL_PORTAL_6,19.4,1304702,39816.34521484375,2055,62.713623046875,15.945498783454989,42,1.28173828125,2012,61.4013671875,1,0.030517578125,0xBDA6AFF7,-390,344,384,-1.5234375,1.34375,1.5,0,0x04,0,0,0,1,0,0,1,0,0,0,,,,,,,,,,,,,,,,,,,,,,
582,7,DUAL_PORTAL_6,19.433333333333334,1306855,39882.049560546875,2153,65.704345703125,15.219693450998607,43,1.312255859375,2109,64.361572265625,1,0.030517578125,0xDFE0B3C4,-390,365,384,-1.5234375,1.42578125,1.5,0,0x04,0,0,0,1,0,0,1,0,0,0,,,,,,,,,,,,,,,,,,,,,,
583,7,DUAL_PORTAL_6,19.466666666666665,1308996,39947.3876953125,2141,65.338134765625,15.30499766464269,43,1.312255859375,2097,63.995361328125,1,0.030517578125,0x119A9E5D,-390,386,384,-1.5234375,1.5078125,1.5,0,0x04,0,0,0,1,0,0,1,0,0,0,,,,,,,,,,,,,,,,,,,,,,
584,7,DUAL_PORTAL_6,19.5,1311075,40010.833740234375,2079,63.446044921875,15.761423761423762,43,1.312255859375,2036,62.1337890625,0,0.0,0xB4D3A5EA,-390,407,384,-1.5234375,1.58984375,1.5,0,0x04,0,0,0,1,0,0,1,0,0,0,,,,,,,,,,,,,,,,,,,,,,
585,7,DUAL_PORTAL_6,19.533333333333335,1313246,40077.08740234375,2171,66.253662109375,15.093505297098112,42,1.28173828125,2128,64.94140625,1,0.030517578125,0x3C45D9F3,-390,428,384,-1.5234375,1.671875,1.5,0,0x04,0,0,0,1,0,0,1,0,0,0,,,,,,,,,,,,,,,,,,,,,,
586,7,DUAL_PORTAL_6,19.566666666666666,1315422,40143.49365234375,2176,66.40625,15.058823529411764,43,1.312255859375,2132,65.0634765625,1,0.030517578125,0x6D875040,-390,449,384,-1.5234375,1.75390625,1.5,0,0x04,0,0,0,1,0,0,1,0,0,0,,,,,,,,,,,,,,,,,,,,,,
587,7,DUAL_PORTAL_6,19.6,1317553,40208.526611328125,2131,65.032958984375,15.376818395119662,43,1.312255859375,2087,63.690185546875,1,0.030517578125,0x31CFD119,-390,470,384,-1.5234375,1.8359375,1.5,0,0x04,0,0,0,1,0,0,1,0,0,0,,,,,,,,,,,,,,,,,,,,,,
588,7,DUAL_PORTAL_6,19.633333333333333,1319694,40273.86474609375,2141,65.338134765625,15.30499766464269,43,1.312255859375,2098,64.02587890625,0,0.0,0x76E15466,-390,491,384,-1.5234375,1.91796875,1.5,0,0x04,0,0,0,1,0,0,1,0,0,0,,,,,,,,,,,,,,,,,,,,,,
589,7,DUAL_PORTAL_6,19.666666666666668,1321840,40339.35546875,2146,65.49072265625,15.269338303821062,43,1.312255859375,2103,64.178466796875,0,0.0,0x65B1886C,-390,512,384,-1.5234375,2.0,1.5,0,0x04,0,0,0,1,0,0,1,0,0,0,,,,,,,,,,,,,,,,,,,,,,
590,7,DUAL_PORTAL_6,19.7,1323890,40401.91650390625,2050,62.56103515625,15.984390243902439,43,1.312255859375,2007,61.248779296875,0,0.0,0xE8570AF6,-390,512,384,-1.5234375,2.0,1.5,0,0x04,0,0,0,1,0,0,0,0,0,0,,,,,,,,,,,,,,,,,,,,,,
591,7,DUAL_PORTAL_6,19.733333333333334,1325885,40462.799072265625,1995,60.882568359375,16.425062656641604,43,1.312255859375,1952,59.5703125,0,0.0,0xE8570AF6,-390,512,384,-1.5234375,2.0,1.5,0,0x00,0,0,0,0,0,0,0,0,0,0,,,,,,,,,,,,,,,,,,,,,,
592,7,DUAL_PORTAL_6,19.766666666666666,1327881,40523.712158203125,1996,60.9130859375,16.416833667334668,44,1.3427734375,1952,59.5703125,0,0.0,0xE8570AF6,-390,512,384,-1.5234375,2.0,1.5,0,0x00,0,0,0,0,0,0,0,0,0,0,,,,,,,,,,,,,,,,,,,,,,
593,7,DUAL_PORTAL_6,19.8,1329877,40584.625244140625,1996,60.9130859375,16.416833667334668,44,1.3427734375,1952,59.5703125,0,0.0,0xE8570AF6,-390,512,384,-1.5234375,2.0,1.5,0,0x00,0,0,0,0,0,0,0,0,0,0,,,,,,,,,,,,,,,,,,,,,,
594,7,DUAL_PORTAL_6,19.833333333333332,1331874,40645.56884765625,1997,60.943603515625,16.408612919379067,44,1.3427734375,1952,59.5703125,1,0.030517578125,0xE8570AF6,-390,512,384,-1.5234375,2.0,1.5,0,0x00,0,0,0,0,0,0,0,0,0,0,,,,,,,,,,,,,,,,,,,,,,
595,7,DUAL_PORTAL_6,19.866666666666667,1333871,40706.512451171875,1997,60.943603515625,16.408612919379067,44,1.3427734375,1952,59.5703125,1,0.030517578125,0xE8570AF6,-390,512,384,-1.5234375,2.0,1.5,0,0x08,0,0,0,0,1,0,0,0,0,0,,,,,,,,,,,,,,,,,,,,,,
596,8,DUAL_PORTAL_7,19.9,1336153,40776.153564453125,2282,69.64111328125,14.359333917616127,50,1.52587890625,2231,68.084716796875,1,0.030517578125,0xC4F2C181,-390,533,384,-1.5234375,2.08203125,1.5,0,0x04,0,0,0,1,0,0,1,0,1,0,,,,,,,,,,,,,,,,,,,,,,
597,8,DUAL_PORTAL_7,19.933333333333334,1338556,40849.4873046875,2403,73.333740234375,13.636287973366626,50,1.52587890625,2353,71.807861328125,0,0.0,0x08A2418A,-390,554,384,-1.5234375,2.1640625,1.5,0,0x04,0,0,0,1,0,0,1,0,1,0,,,,,,,,,,,,,,,,,,,,,,
598,8,DUAL_PORTAL_7,19.966666666666665,1340899,40920.989990234375,2343,71.502685546875,13.985488689714042,43,1.312255859375,2300,70.1904296875,0,0.0,0xA7E92039,-390,575,384,-1.5234375,2.24609375,1.5,0,0x04,0,0,0,1,0,0,1,0,0,0,,,,,,,,,,,,,,,,,,,,,,
599,8,DUAL_PORTAL_7,20.0,1343105,40988.311767578125,2206,67.32177734375,14.85403445149592,43,1.312255859375,2163,66.009521484375,0,0.0,0x34481A40,-390,596,384,-1.5234375,2.328125,1.5,0,0x04,0,0,0,1,0,0,1,0,0,0,,,,,,,,,,,,,,,,,,,,,,
600,8,DUAL_PORTAL_7,20.033333333333335,1345314,41055.72509765625,2209,67.413330078125,14.833861475780896,42,1.28173828125,2166,66.10107421875,1,0.030517578125,0xAC73114F,-390,617,384,-1.5234375,2.41015625,1.5,0,0x04,0,0,0,1,0,0,1,0,0,0,,,,,,,,,,,,,,,,,,,,,,
601,8,DUAL_PORTAL_7,20.066666666666666,1347509,41122.711181640625,2195,66.986083984375,14.928473804100229,43,1.312255859375,2151,65.643310546875,1,0.030517578125,0xA0A73556,-390,638,384,-1.5234375,2.4921875,1.5,0,0x04,0,0,0,1,0,0,1,0,0,0,,,,,,,,,,,,,,,,,,,,,,
602,8,DUAL_PORTAL_7,20.1,1349701,41189.605712890625,2192,66.89453125,14.94890510948905,43,1.312255859375,2149,65.582275390625,0,0.0,0x756EEA75,-390,659,384,-1.5234375,2.57421875,1.5,0,0x04,0,0,0,1,0,0,1,0,0,0,,,,,,,,,,,,,,,,,,,,,,
603,8,DUAL_PORTAL_7,20.133333333333333,1351931,41257.659912109375,2230,68.05419921875,14.694170403587444,42,1.28173828125,2187,66.741943359375,1,0.030517578125,0x0B8B784C,-390,680,384,-1.5234375,2.65625,1.5,0,0x04,0,0,0,1,0,0,1,0,0,0,,,,,,,,,,,,,,,,,,,,,,
604,8,DUAL_PORTAL_7,20.166666666666668,1354187,41326.507568359375,2256,68.84765625,14.52482269503546,43,1.312255859375,2212,67.5048828125,1,0.030517578125,0x684B23DB,-390,701,384,-1.5234375,2.73828125,1.5,0,0x04,0,0,0,1,0,0,1,0,0,0,,,,,,,,,,,,,,,,,,,,,,
605,8,DUAL_PORTAL_7,20.2,1356445,41395.416259765625,2258,68.90869140625,14.511957484499558,43,1.312255859375,2214,67.56591796875,1,0.030517578125,0xF5E93012,-390,722,384,-1.5234375,2.8203125,1.5,0,0x04,0,0,0,1,0,0,1,0,0,0,,,,,,,,,,,,,,,,,,,,,,
606,8,DUAL_PORTAL_7,20.233333333333334,1358739,41465.423583984375,2294,70.00732421875,14.284219703574543,51,1.556396484375,2243,68.450927734375,0,0.0,0xE51D308B,-390,701,384,-1.5234375,2.73828125,1.5,0,0x04,0,0,0,1,0,0,-1,0,-1,0,,,,,,,,,,,,,,,,,,,,,,
607,8,DUAL_PORTAL_7,20.266666666666666,1361197,41540.435791015625,2458,75.01220703125,13.331163547599674,50,1.52587890625,2408,73.486328125,0,0.0,0x30D878A6,-390,680,384,-1.5234375,2.65625,1.5,0,0x04,0,0,0,1,0,0,-1,0,-1,0,,,,,,,,,,,,,,,,,,,,,,
608,8,DUAL_PORTAL_7,20.3,1363674,41616.02783203125,2477,75.592041015625,13.228905934598304,50,1.52587890625,2427,74.066162109375,0,0.0,0xC47EA4DD,-390,659,384,-1.5234375,2.57421875,1.5,0,0x04,0,0,0,1,0,0,-1,0,-1,0,,,,,,,,,,,,,,,,,,,,,,
609,8,DUAL_PORTAL_7,20.333333333333332,1366077,41689.361572265625,2403,73.333740234375,13.636287973366626,50,1.52587890625,2353,71.807861328125,0,0.0,0x040FF614,-390,638,384,-1.5234375,2.4921875,1.5,0,0x04,0,0,0,1,0,0,-1,0,-1,0,,,,,,,,,,,,,,,,,,,,,,
610,8,DUAL_PORTAL_7,20.366666666666667,1368370,41759.33837890625,2293,69.976806640625,14.290449193196686,43,1.312255859375,2249,68.634033203125,1,0.030517578125,0xDA0B416D,-390,617,384,-1.5234375,2.41015625,1.5,0,0x04,0,0,0,1,0,0,-1,0,0,0,,,,,,,,,,,,,,,,,,,,,,
611,8,DUAL_PORTAL_7,20.4,1370535,41825.408935546875,2165,66.070556640625,15.135334872979215,43,1.312255859375,2122,64.75830078125,0,0.0,0x996FF506,-390,596,384,-1.5234375,2.328125,1.5,0,0x04,0,0,0,1,0,0,-1,0,0,0,,,,,,,,,,,,,,,,,,,,,,
612,8,DUAL_PORTAL_7,20.433333333333334,1372714,41891.90673828125,2179,66.497802734375,15.038090867370354,43,1.312255859375,2135,65.155029296875,1,0.030517578125,0x8562EC2F,-390,575,384,-1.5234375,2.24609375,1.5,0,0x04,0,0,0,1,0,0,-1,0,0,0,,,,,,,,,,,,,,,,,,,,,,
613,8,DUAL_PORTAL_7,20.466666666666665,1374872,41957.763671875,2158,65.85693359375,15.184430027803522,42,1.28173828125,2116,64.5751953125,0,0.0,0x977B2AD8,-390,554,384,-1.5234375,2.1640625,1.5,0,0x04,0,0,0,1,0,0,-1,0,0,0,,,,,,,,,,,,,,,,,,,,,,
614,8,DUAL_PORTAL_7,20.5,1377024,42023.4375,2152,65.673828125,15.226765799256505,43,1.312255859375,2108,64.3310546875,1,0.030517578125,0x4AC744F1,-390,533,384,-1.5234375,2.08203125,1.5,0,0x04,0,0,0,1,0,0,-1,0,0,0,,,,,,,,,,,,,,,,,,,,,,
615,8,DUAL_PORTAL_7,20.533333333333335,1379197,42089.752197265625,2173,66.314697265625,15.079613437643811,43,1.312255859375,2130,65.00244140625,0,0.0,0x8E4E054A,-390,512,384,-1.5234375,2.0,1.5,0,0x04,0,0,0,1,0,0,-1,0,0,0,,,,,,,,,,,,,,,,,,,,,,
616,8,DUAL_PORTAL_7,20.566666666666666,1381353,42155.548095703125,2156,65.7958984375,15.198515769944342,42,1.28173828125,2114,64.51416015625,0,0.0,0x73E64C68,-390,491,384,-1.5234375,1.91796875,1.5,0,0x04,0,0,0,1,0,0,-1,0,0,0,,,,,,,,,,,,,,,,,,,,,,
617,8,DUAL_PORTAL_7,20.6,1383445,42219.390869140625,2092,63.8427734375,15.663479923518164,43,1.312255859375,2048,62.5,1,0.030517578125,0xAA3243E7,-390,470,384,-1.5234375,1.8359375,1.5,0,0x04,0,0,0,1,0,0,-1,0,0,0,,,,,,,,,,,,,,,,,,,,,,
618,8,DUAL_PORTAL_7,20.633333333333333,1385582,42284.60693359375,2137,65.216064453125,15.333645297145532,43,1.312255859375,2093,63.873291015625,1,0.030517578125,0x58575B1E,-390,449,384,-1.5234375,1.75390625,1.5,0,0x04,0,0,0,1,0,0,-1,0,0,0,,,,,,,,,,,,,,,,,,,,,,
619,8,DUAL_PORTAL_7,20.666666666666668,1387711,42349.578857421875,2129,64.971923828125,15.391263503992485,43,1.312255859375,2085,63.629150390625,1,0.030517578125,0x01BBF0E5,-390,428,384,-1.5234375,1.671875,1.5,0,0x04,0,0,0,1,0,0,-1,0,0,0,,,,,,,,,,,,,,,,,,,,,,
620,8,DUAL_PORTAL_7,20.7,1389829,42414.215087890625,2118,64.63623046875,15.47119924457035,43,1.312255859375,2075,63.323974609375,0,0.0,0x9499ABEC,-390,407,384,-1.5234375,1.58984375,1.5,0,0x04,0,0,0,1,0,0,-1,0,0,0,,,,,,,,,,,,,,,,,,,,,,
621,8,DUAL_PORTAL_7,20.733333333333334,1391943,42478.729248046875,2114,64.51416015625,15.500473036896878,43,1.312255859375,2071,63.201904296875,0,0.0,0x0F225FAB,-390,386,384,-1.5234375,1.5078125,1.5,0,0x04,0,0,0,1,0,0,-1,0,0,0,,,,,,,,,,,,,,,,,,,,,,
622,8,DUAL_PORTAL_7,20.766666666666666,1394074,42543.76220703125,2131,65.032958984375,15.376818395119662,43,1.312255859375,2087,63.690185546875,1,0.030517578125,0x9F2B1BA2,-390,365,384,-1.5234375,1.42578125,1.5,0,0x04,0,0,0,1,0,0,-1,0,0,0,,,,,,,,,,,,,,,,,,,,,,
623,8,DUAL_PORTAL_7,20.8,1396230,42609.55810546875,2156,65.7958984375,15.198515769944342,43,1.312255859375,2112,64.453125,1,0.030517578125,0xAE1BA269,-390,344,384,-1.5234375,1.34375,1.5,0,0x04,0,0,0,1,0,0,-1,0,0,0,,,,,,,,,,,,,,,,,,,,,,
624,8,DUAL_PORTAL_7,20.833333333333332,1398363,42674.652099609375,2133,65.093994140625,15.362400375058604,43,1.312255859375,2090,63.78173828125,0,0.0,0x50D928F0,-390,323,384,-1.5234375,1.26171875,1.5,0,0x04,0,0,0,1,0,0,-1,0,0,0,,,,,,,,,,,,,,,,,,,,,,
625,8,DUAL_PORTAL_7,20.866666666666667,1400484,42739.3798828125,2121,64.727783203125,15.44931636020745,43,1.312255859375,2078,63.41552734375,0,0.0,0x92BB51EF,-390,302,384,-1.5234375,1.1796875,1.5,0,0x04,0,0,0,1,0,0,-1,0,0,0,,,,,,,,,,,,,,,,,,,,,,
626,8,DUAL_PORTAL_7,20.9,1402643,42805.267333984375,2159,65.887451171875,15.17739694302918,50,1.52587890625,2108,64.3310546875,1,0.030517578125,0x7F89564C,-390,323,384,-1.5234375,1.26171875,1.5,0,0x04,0,0,0,1,0,0,1,0,1,0,,,,,,,,,,,,,,,,,,,,,,
627,8,DUAL_PORTAL_7,20.933333333333334,1404931,42875.091552734375,2288,69.82421875,14.321678321678322,50,1.52587890625,2238,68.29833984375,0,0.0,0xBDA6AFF7,-390,344,384,-1.5234375,1.34375,1.5,0,0x04,0,0,0,1,0,0,1,0,1,0,,,,,,,,,,,,,,,,,,,,,,
628,8,DUAL_PORTAL_7,20.966666666666665,1407181,42943.756103515625,2250,68.66455078125,14.563555555555556,43,1.312255859375,2207,67.352294921875,0,0.0,0xDFE0B3C4,-390,365,384,-1.5234375,1.42578125,1.5,0,0x04,0,0,0,1,0,0,1,0,0,0,,,,,,,,,,,,,,,,,,,,,,
629,8,DUAL_PORTAL_7,21.0,1409321,43009.063720703125,2140,65.3076171875,15.312149532710281,43,1.312255859375,2097,63.995361328125,0,0.0,0x119A9E5D,-390,386,384,-1.5234375,1.5078125,1.5,0,0x04,0,0,0,1,0,0,1,0,0,0,,,,,,,,,,,,,,,,,,,,,,
630,8,DUAL_PORTAL_7,21.033333333333335,1411401,43072.540283203125,2080,63.4765625,15.753846153846155,43,1.312255859375,2036,62.1337890625,1,0.030517578125,0xB4D3A5EA,-390,407,384,-1.5234375,1.58984375,1.5,0,0x04,0,0,0,1,0,0,1,0,0,0,,,,,,,,,,,,,,,,,,,,,,
631,8,DUAL_PORTAL_7,21.066666666666666,1413572,43138.7939453125,2171,66.253662109375,15.093505297098112,43,1.312255859375,2128,64.94140625,0,0.0,0x3C45D9F3,-390,428,384,-1.5234375,1.671875,1.5,0,0x04,0,0,0,1,0,0,1,0,0,0,,,,,,,,,,,,,,,,,,,,,,
632,8,DUAL_PORTAL_7,21.1,1415747,43205.169677734375,2175,66.375732421875,15.065747126436781,43,1.312255859375,2132,65.0634765625,0,0.0,0x6D875040,-390,449,384,-1.5234375,1.75390625,1.5,0,0x04,0,0,0,1,0,0,1,0,0,0,,,,,,,,,,,,,,,,,,,,,,
633,8,DUAL_PORTAL_7,21.133333333333333,1417877,43270.172119140625,2130,65.00244140625,15.384037558685446,43,1.312255859375,2087,63.690185546875,0,0.0,0x31CFD119,-390,470,384,-1.5234375,1.8359375,1.5,0,0x04,0,0,0,1,0,0,1,0,0,0,,,,,,,,,,,,,,,,,,,,,,
634,8,DUAL_PORTAL_7,21.166666666666668,1420017,43335.479736328125,2140,65.3076171875,15.312149532710281,43,1.312255859375,2097,63.995361328125,0,0.0,0x76E15466,-390,491,384,-1.5234375,1.91796875,1.5,0,0x04,0,0,0,1,0,0,1,0,0,0,,,,,,,,,,,,,,,,,,,,,,
635,8,DUAL_PORTAL_7,21.2,1422163,43400.970458984375,2146,65.49072265625,15.269338303821062,43,1.312255859375,2103,64.178466796875,0,0.0,0x65B1886C,-390,512,384,-1.5234375,2.0,1.5,0,0x04,0,0,0,1,0,0,1,0,0,0,,,,,,,,,,,,,,,,,,,,,,
636,8,DUAL_PORTAL_7,21.233333333333334,1424292,43465.9423828125,2129,64.971923828125,15.391263503992485,42,1.28173828125,2086,63.65966796875,1,0.030517578125,0xC715AAFF,-390,533,384,-1.5234375,2.08203125,1.5,0,0x04,0,0,0,1,0,0,1,0,0,0,,,,,,,,,,,,,,,,,,,,,,
637,8,DUAL_PORTAL_7,21.266666666666666,1426503,43533.416748046875,2211,67.474365234375,14.820443238353686,43,1.312255859375,2167,66.131591796875,1,0.030517578125,0x81F51116,-390,554,384,-1.5234375,2.1640625,1.5,0,0x04,0,0,0,1,0,0,1,0,0,0,,,,,,,,,,,,,,,,,,,,,,
638,8,DUAL_PORTAL_7,21.3,1428723,43601.165771484375,2220,67.7490234375,14.76036036036036,43,1.312255859375,2176,66.40625,1,0.030517578125,0x4C47BC21,-390,575,384,-1.5234375,2.24609375,1.5,0,0x06,1,1,0,1,0,0,1,0,0,0,66.314697265625,0.0,0.274658203125,10.07080078125,8.697509765625,2.3193359375,17.425537109375,16.632080078125,0.0,10.284423828125,0.6103515625,0,0,0,0,0,0,0,0,0,0,0
639,8,DUAL_PORTAL_7,21.333333333333332,1430943,43668.914794921875,2220,67.7490234375,14.76036036036036,43,1.312255859375,2177,66.436767578125,0,0.0,0x42571B28,-390,596,384,-1.5234375,2.328125,1.5,0,0x04,0,0,0,1,0,0,1,0,0,0,,,,,,,,,,,,,,,,,,,,,,
640,8,DUAL_PORTAL_7,21.366666666666667,1433176,43737.060546875,2233,68.145751953125,14.674429019256605,43,1.312255859375,2190,66.83349609375,0,0.0,0x0D11B67B,-390,617,384,-1.5234375,2.41015625,1.5,0,0x04,0,0,0,1,0,0,1,0,0,0,,,,,,,,,,,,,,,,,,,,,,
641,8,DUAL_PORTAL_7,21.4,1435381,43804.351806640625,2205,67.291259765625,14.86077097505669,43,1.312255859375,2161,65.948486328125,1,0.030517578125,0xDA1E44D2,-390,638,384,-1.5234375,2.4921875,1.5,0,0x04,0,0,0,1,0,0,1,0,0,0,,,,,,,,,,,,,,,,,,,,,,
642,8,DUAL_PORTAL_7,21.433333333333334,1437651,43873.626708984375,2270,69.27490234375,14.4352422907489,43,1.312255859375,2226,67.93212890625,1,0.030517578125,0xF595639D,-390,659,384,-1.5234375,2.57421875,1.5,0,0x04,0,0,0,1,0,0,1,0,0,0,,,,,,,,,,,,,,,,,,,,,,
643,8,DUAL_PORTAL_7,21.466666666666665,1439882,43941.71142578125,2231,68.084716796875,14.687584043030032,43,1.312255859375,2187,66.741943359375,1,0.030517578125,0x8F10F8A4,-390,680,384,-1.5234375,2.65625,1.5,0,0x04,0,0,0,1,0,0,1,0,0,0,,,,,,,,,,,,,,,,,,,,,,
644,8,DUAL_PORTAL_7,21.5,1442091,44009.124755859375,2209,67.413330078125,14.833861475780896,43,1.312255859375,2165,66.070556640625,1,0.030517578125,0x1486E237,-390,701,384,-1.5234375,2.73828125,1.5,0,0x04,0,0,0,1,0,0,1,0,0,0,,,,,,,,,,,,,,,,,,,,,,
645,8,DUAL_PORTAL_7,21.533333333333335,1444291,44076.263427734375,2200,67.138671875,14.894545454545455,43,1.312255859375,2156,65.7958984375,1,0.030517578125,0x51869FCE,-390,722,384,-1.5234375,2.8203125,1.5,0,0x04,0,0,0,1,0,0,1,0,0,0,,,,,,,,,,,,,,,,,,,,,,
646,8,DUAL_PORTAL_7,21.566666666666666,1446315,44138.031005859375,2024,61.767578125,16.1897233201581,43,1.312255859375,1981,60.455322265625,0,0.0,0x5D9AD7B9,-390,701,384,-1.5234375,2.73828125,1.5,0,0x04,0,0,0,1,0,0,-1,0,0,0,,,,,,,,,,,,,,,,,,,,,,
647,8,DUAL_PORTAL_7,21.6,1448581,44207.183837890625,2266,69.15283203125,14.46072374227714,43,1.312255859375,2222,67.81005859375,1,0.030517578125,0x30D878A6,-390,680,384,-1.5234375,2.65625,1.5,0,0x04,0,0,0,1,0,0,-1,0,0,0,,,,,,,,,,,,,,,,,,,,,,
648,8,DUAL_PORTAL_7,21.633333333333333,1450795,44274.749755859375,2214,67.56591796875,14.800361336946702,43,1.312255859375,2171,66.253662109375,0,0.0,0xF0106E1F,-390,659,384,-1.5234375,2.57421875,1.5,0,0x04,0,0,0,1,0,0,-1,0,0,0,,,,,,,,,,,,,,,,,,,,,,
649,8,DUAL_PORTAL_7,21.666666666666668,1453022,44342.71240234375,2227,67.962646484375,14.713964975303098,43,1.312255859375,2184,66.650390625,0,0.0,0x8A79EF54,-390,638,384,-1.5234375,2.4921875,1.5,0,0x04,0,0,0,1,0,0,-1,0,0,0,,,,,,,,,,,,,,,,,,,,,,
650,8,DUAL_PORTAL_7,21.7,1455289,44411.895751953125,2267,69.183349609375,14.454344949272166,43,1.312255859375,2223,67.840576171875,1,0.030517578125,0x57C4C1FD,-390,617,384,-1.5234375,2.41015625,1.5,0,0x04,0,0,0,1,0,0,-1,0,0,0,,,,,,,,,,,,,,,,,,,,,,
651,8,DUAL_PORTAL_7,21.733333333333334,1457482,44478.82080078125,2193,66.925048828125,14.942088463292293,43,1.312255859375,2150,65.61279296875,0,0.0,0xEC1F292A,-390,596,384,-1.5234375,2.328125,1.5,0,0x04,0,0,0,1,0,0,-1,0,0,0,,,,,,,,,,,,,,,,,,,,,,
652,8,DUAL_PORTAL_7,21.766666666666666,1459687,44546.112060546875,2205,67.291259765625,14.86077097505669,43,1.312255859375,2162,65.97900390625,0,0.0,0x7971D223,-390,575,384,-1.5234375,2.24609375,1.5,0,0x04,0,0,0,1,0,0,-1,0,0,0,,,,,,,,,,,,,,,,,,,,,,
653,8,DUAL_PORTAL_7,21.8,1461888,44613.28125,2201,67.169189453125,14.887778282598818,43,1.312255859375,2158,65.85693359375,0,0.0,0x85ADB998,-390,554,384,-1.5234375,2.1640625,1.5,0,0x04,0,0,0,1,0,0,-1,0,0,0,,,,,,,,,,,,,,,,,,,,,,
654,8,DUAL_PORTAL_7,21.833333333333332,1464102,44680.84716796875,2214,67.56591796875,14.800361336946702,43,1.312255859375,2171,66.253662109375,0,0.0,0xA607BD01,-390,533,384,-1.5234375,2.08203125,1.5,0,0x04,0,0,0,1,0,0,-1,0,0,0,,,,,,,,,,,,,,,,,,,,,,
655,8,DUAL_PORTAL_7,21.866666666666667,1466310,44748.22998046875,2208,67.3828125,14.840579710144928,43,1.312255859375,2164,66.0400390625,1,0.030517578125,0xC805A26E,-390,512,384,-1.5234375,2.0,1.5,0,0x04,0,0,0,1,0,0,-1,0,0,0,,,,,,,,,,,,,,,,,,,,,,
656,8,DUAL_PORTAL_7,21.9,1468438,44813.17138671875,2128,64.94140625,15.398496240601503,43,1.312255859375,2085,63.629150390625,0,0.0,0xB9019EE8,-390,491,384,-1.5234375,1.91796875,1.5,0,0x04,0,0,0,1,0,0,-1,0,0,0,,,,,,,,,,,,,,,,,,,,,,
657,8,DUAL_PORTAL_7,21.933333333333334,1470572,44878.2958984375,2134,65.12451171875,15.355201499531397,43,1.312255859375,2091,63.812255859375,0,0.0,0x6B48789B,-390,470,384,-1.5234375,1.8359375,1.5,0,0x04,0,0,0,1,0,0,-1,0,0,0,,,,,,,,,,,,,,,,,,,,,,
658,8,DUAL_PORTAL_7,21.966666666666665,1472701,44943.267822265625,2129,64.971923828125,15.391263503992485,43,1.312255859375,2085,63.629150390625,1,0.030517578125,0xCD309042,-390,449,384,-1.5234375,1.75390625,1.5,0,0x04,0,0,0,1,0,0,-1,0,0,0,,,,,,,,,,,,,,,,,,,,,,
659,8,DUAL_PORTAL_7,22.0,1474830,45008.23974609375,2129,64.971923828125,15.391263503992485,43,1.312255859375,2085,63.629150390625,1,0.030517578125,0x302D47F5,-390,428,384,-1.5234375,1.671875,1.5,0,0x04,0,0,0,1,0,0,-1,0,0,0,,,,,,,,,,,,,,,,,,,,,,
660,8,DUAL_PORTAL_7,22.033333333333335,1477004,45074.5849609375,2174,66.34521484375,15.072677092916283,43,1.312255859375,2131,65.032958984375,0,0.0,0x0B3E6F6C,-390,407,384,-1.5234375,1.58984375,1.5,0,0x04,0,0,0,1,0,0,-1,0,0,0,,,,,,,,,,,,,,,,,,,,,,
661,8,DUAL_PORTAL_7,22.066666666666666,1479175,45140.838623046875,2171,66.253662109375,15.093505297098112,43,1.312255859375,2127,64.910888671875,1,0.030517578125,0x3EF527DF,-390,386,384,-1.5234375,1.5078125,1.5,0,0x04,0,0,0,1,0,0,-1,0,0,0,,,,,,,,,,,,,,,,,,,,,,
662,8,DUAL_PORTAL_7,22.1,1481251,45204.193115234375,2076,63.3544921875,15.784200385356455,42,1.28173828125,2034,62.07275390625,0,0.0,0xFE7777C6,-390,365,384,-1.5234375,1.42578125,1.5,0,0x04,0,0,0,1,0,0,-1,0,0,0,,,,,,,,,,,,,,,,,,,,,,
663,8,DUAL_PORTAL_7,22.133333333333333,1483380,45269.1650390625,2129,64.971923828125,15.391263503992485,43,1.312255859375,2085,63.629150390625,1,0.030517578125,0x538A5879,-390,344,384,-1.5234375,1.34375,1.5,0,0x04,0,0,0,1,0,0,-1,0,0,0,,,,,,,,,,,,,,,,,,,,,,
664,8,DUAL_PORTAL_7,22.166666666666668,1485505,45334.014892578125,2125,64.849853515625,15.420235294117647,43,1.312255859375,2082,63.53759765625,0,0.0,0x7D61CC30,-390,323,384,-1.5234375,1.26171875,1.5,0,0x04,0,0,0,1,0,0,-1,0,0,0,,,,,,,,,,,,,,,,,,,,,,
665,8,DUAL_PORTAL_7,22.2,1487585,45397.491455078125,2080,63.4765625,15.753846153846155,43,1.312255859375,2037,62.164306640625,0,0.0,0xCA09F0E3,-390,302,384,-1.5234375,1.1796875,1.5,0,0x04,0,0,0,1,0,0,-1,0,0,0,,,,,,,,,,,,,,,,,,,,,,
666,8,DUAL_PORTAL_7,22.233333333333334,1489536,45457.03125,1951,59.539794921875,16.795489492567913,43,1.312255859375,1908,58.2275390625,0,0.0,0xB535782E,-390,323,384,-1.5234375,1.26171875,1.5,0,0x04,0,0,0,1,0,0,1,0,0,0,,,,,,,,,,,,,,,,,,,,,,
667,8,DUAL_PORTAL_7,22.266666666666666,1491591,45519.744873046875,2055,62.713623046875,15.945498783454989,43,1.312255859375,2012,61.4013671875,0,0.0,0xBDA6AFF7,-390,344,384,-1.5234375,1.34375,1.5,0,0x04,0,0,0,1,0,0,1,0,0,0,,,,,,,,,,,,,,,,,,,,,,
668,8,DUAL_PORTAL_7,22.3,1493743,45585.418701171875,2152,65.673828125,15.226765799256505,42,1.28173828125,2109,64.361572265625,1,0.030517578125,0xDFE0B3C4,-390,365,384,-1.5234375,1.42578125,1.5,0,0x04,0,0,0,1,0,0,1,0,0,0,,,,,,,,,,,,,,,,,,,,,,
669,8,DUAL_PORTAL_7,22.333333333333332,1495883,45650.726318359375,2140,65.3076171875,15.312149532710281,43,1.312255859375,2097,63.995361328125,0,0.0,0x119A9E5D,-390,386,384,-1.5234375,1.5078125,1.5,0,0x04,0,0,0,1,0,0,1,0,0,0,,,,,,,,,,,,,,,,,,,,,,
670,8,DUAL_PORTAL_7,22.366666666666667,1497962,45714.17236328125,2079,63.446044921875,15.761423761423762,42,1.28173828125,2037,62.164306640625,0,0.0,0xB4D3A5EA,-390,407,384,-1.5234375,1.58984375,1.5,0,0x04,0,0,0,1,0,0,1,0,0,0,,,,,,,,,,,,,,,,,,,,,,
671,8,DUAL_PORTAL_7,22.4,1500133,45780.426025390625,2171,66.253662109375,15.093505297098112,43,1.312255859375,2127,64.910888671875,1,0.030517578125,0x3C45D9F3,-390,428,384,-1.5234375,1.671875,1.5,0,0x04,0,0,0,1,0,0,1,0,0,0,,,,,,,,,,,,,,,,,,,,,,
672,8,DUAL_PORTAL_7,22.433333333333334,1502309,45846.832275390625,2176,66.40625,15.058823529411764,43,1.312255859375,2132,65.0634765625,1,0.030517578125,0x6D875040,-390,449,384,-1.5234375,1.75390625,1.5,0,0x04,0,0,0,1,0,0,1,0,0,0,,,,,,,,,,,,,,,,,,,,,,
673,8,DUAL_PORTAL_7,22.466666666666665,1504439,45911.834716796875,2130,65.00244140625,15.384037558685446,42,1.28173828125,2087,63.690185546875,1,0.030517578125,0x31CFD119,-390,470,384,-1.5234375,1.8359375,1.5,0,0x04,0,0,0,1,0,0,1,0,0,0,,,,,,,,,,,,,,,,,,,,,,
674,8,DUAL_PORTAL_7,22.5,1506580,45977.1728515625,2141,65.338134765625,15.30499766464269,42,1.28173828125,2098,64.02587890625,1,0.030517578125,0x76E15466,-390,491,384,-1.5234375,1.91796875,1.5,0,0x04,0,0,0,1,0,0,1,0,0,0,,,,,,,,,,,,,,,,,,,,,,
675,8,DUAL_PORTAL_7,22.533333333333335,1508727,46042.694091796875,2147,65.521240234375,15.262226362366093,43,1.312255859375,2103,64.178466796875,1,0.030517578125,0x65B1886C,-390,512,384,-1.5234375,2.0,1.5,0,0x04,0,0,0,1,0,0,1,0,0,0,,,,,,,,,,,,,,,,,,,,,,
676,8,DUAL_PORTAL_7,22.566666666666666,1510777,46105.255126953125,2050,62.56103515625,15.984390243902439,43,1.312255859375,2007,61.248779296875,0,0.0,0xE8570AF6,-390,512,384,-1.5234375,2.0,1.5,0,0x04,0,0,0,1,0,0,0,0,0,0,,,,,,,,,,,,,,,,,,,,,,
677,8,DUAL_PORTAL_7,22.6,1512773,46166.168212890625,1996,60.9130859375,16.416833667334668,44,1.3427734375,1952,59.5703125,0,0.0,0xE8570AF6,-390,512,384,-1.5234375,2.0,1.5,0,0x00,0,0,0,0,0,0,0,0,0,0,,,,,,,,,,,,,,,,,,,,,,
678,8,DUAL_PORTAL_7,22.633333333333333,1514769,46227.081298828125,1996,60.9130859375,16.416833667334668,44,1.3427734375,1952,59.5703125,0,0.0,0xE8570AF6,-390,512,384,-1.5234375,2.0,1.5,0,0x00,0,0,0,0,0,0,0,0,0,0,,,,,,,,,,,,,,,,,,,,,,
679,8,DUAL_PORTAL_7,22.666666666666668,1516766,46288.02490234375,1997,60.943603515625,16.408612919379067,44,1.3427734375,1952,59.5703125,1,0.030517578125,0xE8570AF6,-390,512,384,-1.5234375,2.0,1.5,0,0x00,0,0,0,0,0,0,0,0,0,0,,,,,,,,,,,,,,,,,,,,,,
680,8,DUAL_PORTAL_7,22.7,1518763,46348.968505859375,1997,60.943603515625,16.408612919379067,44,1.3427734375,1952,59.5703125,1,0.030517578125,0xE8570AF6,-390,512,384,-1.5234375,2.0,1.5,0,0x00,0,0,0,0,0,0,0,0,0,0,,,,,,,,,,,,,,,,,,,,,,
681,8,DUAL_PORTAL_7,22.733333333333334,1520760,46409.912109375,1997,60.943603515625,16.408612919379067,44,1.3427734375,1952,59.5703125,1,0.030517578125,0xE8570AF6,-390,512,384,-1.5234375,2.0,1.5,0,0x08,0,0,0,0,1,0,0,0,0,0,,,,,,,,,,,,,,,,,,,,,,
682,9,DUAL_PORTAL_8,22.766666666666666,1523041,46479.522705078125,2281,69.610595703125,14.365629110039457,50,1.52587890625,2231,68.084716796875,0,0.0,0xC4F2C181,-390,533,384,-1.5234375,2.08203125,1.5,0,0x04,0,0,0,1,0,0,1,0,1,0,,,,,,,,,,,,,,,,,,,,,,
683,9,DUAL_PORTAL_8,22.8,1525444,46552.8564453125,2403,73.333740234375,13.636287973366626,50,1.52587890625,2353,71.807861328125,0,0.0,0x08A2418A,-390,554,384,-1.5234375,2.1640625,1.5,0,0x04,0,0,0,1,0,0,1,0,1,0,,,,,,,,,,,,,,,,,,,,,,
684,9,DUAL_PORTAL_8,22.833333333333332,1527788,46624.3896484375,2344,71.533203125,13.979522184300341,43,1.312255859375,2300,70.1904296875,1,0.030517578125,0xA7E92039,-390,575,384,-1.5234375,2.24609375,1.5,0,0x04,0,0,0,1,0,0,1,0,0,0,,,,,,,,,,,,,,,,,,,,,,
685,9,DUAL_PORTAL_8,22.866666666666667,1529994,46691.71142578125,2206,67.32177734375,14.85403445149592,43,1.312255859375,2163,66.009521484375,0,0.0,0x34481A40,-390,596,384,-1.5234375,2.328125,1.5,0,0x04,0,0,0,1,0,0,1,0,0,0,,,,,,,,,,,,,,,,,,,,,,
686,9,DUAL_PORTAL_8,22.9,1532203,46759.124755859375,2209,67.413330078125,14.833861475780896,43,1.312255859375,2165,66.070556640625,1,0.030517578125,0xAC73114F,-390,617,384,-1.5234375,2.41015625,1.5,0,0x04,0,0,0,1,0,0,1,0,0,0,,,,,,,,,,,,,,,,,,,,,,
687,9,DUAL_PORTAL_8,22.933333333333334,1534397,46826.080322265625,2194,66.95556640625,14.935278030993619,42,1.28173828125,2151,65.643310546875,1,0.030517578125,0xA0A73556,-390,638,384,-1.5234375,2.4921875,1.5,0,0x04,0,0,0,1,0,0,1,0,0,0,,,,,,,,,,,,,,,,,,,,,,
688,9,DUAL_PORTAL_8,22.966666666666665,1536589,46892.974853515625,2192,66.89453125,14.94890510948905,42,1.28173828125,2150,65.61279296875,0,0.0,0x756EEA75,-390,659,384,-1.5234375,2.57421875,1.5,0,0x04,0,0,0,1,0,0,1,0,0,0,,,,,,,,,,,,,,,,,,,,,,
689,9,DUAL_PORTAL_8,23.0,1538818,46960.99853515625,2229,68.023681640625,14.700762673844773,43,1.312255859375,2186,66.71142578125,0,0.0,0x0B8B784C,-390,680,384,-1.5234375,2.65625,1.5,0,0x04,0,0,0,1,0,0,1,0,0,0,,,,,,,,,,,,,,,,,,,,,,
690,9,DUAL_PORTAL_8,23.033333333333335,1541072,47029.78515625,2254,68.78662109375,14.537710736468501,42,1.28173828125,2212,67.5048828125,0,0.0,0x684B23DB,-390,701,384,-1.5234375,2.73828125,1.5,0,0x04,0,0,0,1,0,0,1,0,0,0,,,,,,,,,,,,,,,,,,,,,,
691,9,DUAL_PORTAL_8,23.066666666666666,1543328,47098.6328125,2256,68.84765625,14.52482269503546,42,1.28173828125,2214,67.56591796875,0,0.0,0xF5E93012,-390,722,384,-1.5234375,2.8203125,1.5,0,0x04,0,0,0,1,0,0,1,0,0,0,,,,,,,,,,,,,,,,,,,,,,
692,9,DUAL_PORTAL_8,23.1,1545622,47168.64013671875,2294,70.00732421875,14.284219703574543,50,1.52587890625,2243,68.450927734375,1,0.030517578125,0xE51D308B,-390,701,384,-1.5234375,2.73828125,1.5,0,0x04,0,0,0,1,0,0,-1,0,-1,0,,,,,,,,,,,,,,,,,,,,,,
693,9,DUAL_PORTAL_8,23.133333333333333,1548081,47243.682861328125,2459,75.042724609375,13.325742171614477,50,1.52587890625,2408,73.486328125,1,0.030517578125,0x30D878A6,-390,680,384,-1.5234375,2.65625,1.5,0,0x04,0,0,0,1,0,0,-1,0,-1,0,,,,,,,,,,,,,,,,,,,,,,
694,9,DUAL_PORTAL_8,23.166666666666668,1550560,47319.3359375,2479,75.653076171875,13.218233158531666,51,1.556396484375,2427,74.066162109375,1,0.030517578125,0xC47EA4DD,-390,659,384,-1.5234375,2.57421875,1.5,0,0x04,0,0,0,1,0,0,-1,0,-1,0,,,,,,,,,,,,,,,,,,,,,,
695,9,DUAL_PORTAL_8,23.2,1552964,47392.7001953125,2404,73.3642578125,13.630615640599002,50,1.52587890625,2354,71.83837890625,0,0.0,0x040FF614,-390,638,384,-1.5234375,2.4921875,1.5,0,0x04,0,0,0,1,0,0,-1,0,-1,0,,,,,,,,,,,,,,,,,,,,,,
696,9,DUAL_PORTAL_8,23.233333333333334,1555256,47462.646484375,2292,69.9462890625,14.296684118673648,43,1.312255859375,2249,68.634033203125,0,0.0,0xDA0B416D,-390,617,384,-1.5234375,2.41015625,1.5,0,0x04,0,0,0,1,0,0,-1,0,0,0,,,,,,,,,,,,,,,,,,,,,,
697,9,DUAL_PORTAL_8,23.266666666666666,1557420,47528.6865234375,2164,66.0400390625,15.142329020332717,43,1.312255859375,2121,64.727783203125,0,0.0,0x996FF506,-390,596,384,-1.5234375,2.328125,1.5,0,0x04,0,0,0,1,0,0,-1,0,0,0,,,,,,,,,,,,,,,,,,,,,,
698,9,DUAL_PORTAL_8,23.3,1559597,47595.123291015625,2177,66.436767578125,15.05190629306385,43,1.312255859375,2134,65.12451171875,0,0.0,0x8562EC2F,-390,575,384,-1.5234375,2.24609375,1.5,0,0x04,0,0,0,1,0,0,-1,0,0,0,,,,,,,,,,,,,,,,,,,,,,
699,9,DUAL_PORTAL_8,23.333333333333332,1561755,47660.980224609375,2158,65.85693359375,15.184430027803522,43,1.312255859375,2115,64.544677734375,0,0.0,0x977B2AD8,-390,554,384,-1.5234375,2.1640625,1.5,0,0x04,0,0,0,1,0,0,-1,0,0,0,,,,,,,,,,,,,,,,,,,,,,
700,9,DUAL_PORTAL_8,23.366666666666667,1563905,47726.593017578125,2150,65.61279296875,15.24093023255814,43,1.312255859375,2107,64.300537109375,0,0.0,0x4AC744F1,-390,533,384,-1.5234375,2.08203125,1.5,0,0x04,0,0,0,1,0,0,-1,0,0,0,,,,,,,,,,,,,,,,,,,,,,
701,9,DUAL_PORTAL_8,23.4,1566078,47792.90771484375,2173,66.314697265625,15.079613437643811,43,1.312255859375,2130,65.00244140625,0,0.0,0x8E4E054A,-390,512,384,-1.5234375,2.0,1.5,0,0x04,0,0,0,1,0,0,-1,0,0,0,,,,,,,,,,,,,,,,,,,,,,
702,9,DUAL_PORTAL_8,23.433333333333334,1568235,47858.734130859375,2157,65.826416015625,15.191469633750579,43,1.312255859375,2113,64.483642578125,1,0.030517578125,0x73E64C68,-390,491,384,-1.5234375,1.91796875,1.5,0,0x04,0,0,0,1,0,0,-1,0,0,0,,,,,,,,,,,,,,,,,,,,,,
703,9,DUAL_PORTAL_8,23.466666666666665,1570326,47922.54638671875,2091,63.812255859375,15.670970827355333,43,1.312255859375,2048,62.5,0,0.0,0xAA3243E7,-390,470,384,-1.5234375,1.8359375,1.5,0,0x04,0,0,0,1,0,0,-1,0,0,0,,,,,,,,,,,,,,,,,,,,,,
704,9,DUAL_PORTAL_8,23.5,1572463,47987.762451171875,2137,65.216064453125,15.333645297145532,43,1.312255859375,2093,63.873291015625,1,0.030517578125,0x58575B1E,-390,449,384,-1.5234375,1.75390625,1.5,0,0x04,0,0,0,1,0,0,-1,0,0,0,,,,,,,,,,,,,,,,,,,,,,
705,9,DUAL_PORTAL_8,23.533333333333335,1574591,48052.703857421875,2128,64.94140625,15.398496240601503,42,1.28173828125,2085,63.629150390625,1,0.030517578125,0x01BBF0E5,-390,428,384,-1.5234375,1.671875,1.5,0,0x04,0,0,0,1,0,0,-1,0,0,0,,,,,,,,,,,,,,,,,,,,,,
706,9,DUAL_PORTAL_8,23.566666666666666,1576710,48117.37060546875,2119,64.666748046875,15.46389806512506,43,1.312255859375,2076,63.3544921875,0,0.0,0x9499ABEC,-390,407,384,-1.5234375,1.58984375,1.5,0,0x04,0,0,0,1,0,0,-1,0,0,0,,,,,,,,,,,,,,,,,,,,,,
707,9,DUAL_PORTAL_8,23.6,1578825,48181.915283203125,2115,64.544677734375,15.493144208037824,43,1.312255859375,2072,63.232421875,0,0.0,0x0F225FAB,-390,386,384,-1.5234375,1.5078125,1.5,0,0x04,0,0,0,1,0,0,-1,0,0,0,,,,,,,,,,,,,,,,,,,,,,
708,9,DUAL_PORTAL_8,23.633333333333333,1580955,48246.917724609375,2130,65.00244140625,15.384037558685446,43,1.312255859375,2087,63.690185546875,0,0.0,0x9F2B1BA2,-390,365,384,-1.5234375,1.42578125,1.5,0,0x04,0,0,0,1,0,0,-1,0,0,0,,,,,,,,,,,,,,,,,,,,,,
709,9,DUAL_PORTAL_8,23.666666666666668,1583110,48312.68310546875,2155,65.765380859375,15.205568445475638,43,1.312255859375,2112,64.453125,0,0.0,0xAE1BA269,-390,344,384,-1.5234375,1.34375,1.5,0,0x04,0,0,0,1,0,0,-1,0,0,0,,,,,,,,,,,,,,,,,,,,,,
710,9,DUAL_PORTAL_8,23.7,1585243,48377.777099609375,2133,65.093994140625,15.362400375058604,42,1.28173828125,2091,63.812255859375,0,0.0,0x50D928F0,-390,323,384,-1.5234375,1.26171875,1.5,0,0x04,0,0,0,1,0,0,-1,0,0,0,,,,,,,,,,,,,,,,,,,,,,
711,9,DUAL_PORTAL_8,23.733333333333334,1587364,48442.5048828125,2121,64.727783203125,15.44931636020745,43,1.312255859375,2078,63.41552734375,0,0.0,0x92BB51EF,-390,302,384,-1.5234375,1.1796875,1.5,0,0x04,0,0,0,1,0,0,-1,0,0,0,,,,,,,,,,,,,,,,,,,,,,
712,9,DUAL_PORTAL_8,23.766666666666666,1589523,48508.392333984375,2159,65.887451171875,15.17739694302918,50,1.52587890625,2108,64.3310546875,1,0.030517578125,0x7F89564C,-390,323,384,-1.5234375,1.26171875,1.5,0,0x04,0,0,0,1,0,0,1,0,1,0,,,,,,,,,,,,,,,,,,,,,,
713,9,DUAL_PORTAL_8,23.8,1591812,48578.2470703125,2289,69.854736328125,14.315421581476627,50,1.52587890625,2238,68.29833984375,1,0.030517578125,0xBDA6AFF7,-390,344,384,-1.5234375,1.34375,1.5,0,0x04,0,0,0,1,0,0,1,0,1,0,,,,,,,,,,,,,,,,,,,,,,
714,9,DUAL_PORTAL_8,23.833333333333332,1594063,48646.942138671875,2251,68.695068359375,14.557085739671257,43,1.312255859375,2207,67.352294921875,1,0.030517578125,0xDFE0B3C4,-390,365,384,-1.5234375,1.42578125,1.5,0,0x04,0,0,0,1,0,0,1,0,0,0,,,,,,,,,,,,,,,,,,,,,,
715,9,DUAL_PORTAL_8,23.866666666666667,1596204,48712.2802734375,2141,65.338134765625,15.30499766464269,43,1.312255859375,2097,63.995361328125,1,0.030517578125,0x119A9E5D,-390,386,384,-1.5234375,1.5078125,1.5,0,0x04,0,0,0,1,0,0,1,0,0,0,,,,,,,,,,,,,,,,,,,,,,
716,9,DUAL_PORTAL_8,23.9,1598284,48775.7568359375,2080,63.4765625,15.753846153846155,43,1.312255859375,2036,62.1337890625,1,0.030517578125,0xB4D3A5EA,-390,407,384,-1.5234375,1.58984375,1.5,0,0x04,0,0,0,1,0,0,1,0,0,0,,,,,,,,,,,,,,,,,,,,,,
717,9,DUAL_PORTAL_8,23.933333333333334,1600454,48841.97998046875,2170,66.22314453125,15.100460829493088,42,1.28173828125,2128,64.94140625,0,0.0,0x3C45D9F3,-390,428,384,-1.5234375,1.671875,1.5,0,0x04,0,0,0,1,0,0,1,0,0,0,,,,,,,,,,,,,,,,,,,,,,
718,9,DUAL_PORTAL_8,23.966666666666665,1602630,48908.38623046875,2176,66.40625,15.058823529411764,43,1.312255859375,2132,65.0634765625,1,0.030517578125,0x6D875040,-390,449,384,-1.5234375,1.75390625,1.5,0,0x04,0,0,0,1,0,0,1,0,0,0,,,,,,,,,,,,,,,,,,,,,,
719,9,DUAL_PORTAL_8,24.0,1604761,48973.419189453125,2131,65.032958984375,15.376818395119662,43,1.312255859375,2087,63.690185546875,1,0.030517578125,0x31CFD119,-390,470,384,-1.5234375,1.8359375,1.5,0,0x04,0,0,0,1,0,0,1,0,0,0,,,,,,,,,,,,,,,,,,,,,,
720,9,DUAL_PORTAL_8,24.033333333333335,1606902,49038.75732421875,2141,65.338134765625,15.30499766464269,43,1.312255859375,2098,64.02587890625,0,0.0,0x76E15466,-390,491,384,-1.5234375,1.91796875,1.5,0,0x04,0,0,0,1,0,0,1,0,0,0,,,,,,,,,,,,,,,,,,,,,,
721,9,DUAL_PORTAL_8,24.066666666666666,1609047,49104.217529296875,2145,65.460205078125,15.276456876456876,43,1.312255859375,2102,64.14794921875,0,0.0,0x65B1886C,-390,512,384,-1.5234375,2.0,1.5,0,0x04,0,0,0,1,0,0,1,0,0,0,,,,,,,,,,,,,,,,,,,,,,
722,9,DUAL_PORTAL_8,24.1,1611175,49169.158935546875,2128,64.94140625,15.398496240601503,43,1.312255859375,2085,63.629150390625,0,0.0,0xC715AAFF,-390,533,384,-1.5234375,2.08203125,1.5,0,0x04,0,0,0,1,0,0,1,0,0,0,,,,,,,,,,,,,,,,,,,,,,
723,9,DUAL_PORTAL_8,24.133333333333333,1613385,49236.602783203125,2210,67.44384765625,14.827149321266969,42,1.28173828125,2167,66.131591796875,1,0.030517578125,0x81F51116,-390,554,384,-1.5234375,2.1640625,1.5,0,0x04,0,0,0,1,0,0,1,0,0,0,,,,,,,,,,,,,,,,,,,,,,
724,9,DUAL_PORTAL_8,24.166666666666668,1615605,49304.351806640625,2220,67.7490234375,14.76036036036036,43,1.312255859375,2176,66.40625,1,0.030517578125,0x4C47BC21,-390,575,384,-1.5234375,2.24609375,1.5,0,0x06,1,1,0,1,0,0,1,0,0,0,66.314697265625,0.030517578125,0.244140625,10.101318359375,8.6669921875,2.38037109375,17.4560546875,16.54052734375,0.0,10.284423828125,0.6103515625,0,0,0,0,0,0,0,0,0,0,0
725,9,DUAL_PORTAL_8,24.2,1617826,49372.13134765625,2221,67.779541015625,14.75371454299865,43,1.312255859375,2178,66.46728515625,0,0.0,0x42571B28,-390,596,384,-1.5234375,2.328125,1.5,0,0x04,0,0,0,1,0,0,1,0,0,0,,,,,,,,,,,,,,,,,,,,,,
726,9,DUAL_PORTAL_8,24.233333333333334,1620058,49440.24658203125,2232,68.115234375,14.68100358422939,43,1.312255859375,2189,66.802978515625,0,0.0,0x0D11B67B,-390,617,384,-1.5234375,2.41015625,1.5,0,0x04,0,0,0,1,0,0,1,0,0,0,,,,,,,,,,,,,,,,,,,,,,
727,9,DUAL_PORTAL_8,24.266666666666666,1622263,49507.537841796875,2205,67.291259765625,14.86077097505669,43,1.312255859375,2161,65.948486328125,1,0.030517578125,0xDA1E44D2,-390,638,384,-1.5234375,2.4921875,1.5,0,0x04,0,0,0,1,0,0,1,0,0,0,,,,,,,,,,,,,,,,,,,,,,
728,9,DUAL_PORTAL_8,24.3,1624531,49576.751708984375,2268,69.2138671875,14.447971781305114,42,1.28173828125,2226,67.93212890625,0,0.0,0xF595639D,-390,659,384,-1.5234375,2.57421875,1.5,0,0x04,0,0,0,1,0,0,1,0,0,0,,,,,,,,,,,,,,,,,,,,,,
729,9,DUAL_PORTAL_8,24.333333333333332,1626761,49644.805908203125,2230,68.05419921875,14.694170403587444,42,1.28173828125,2187,66.741943359375,1,0.030517578125,0x8F10F8A4,-390,680,384,-1.5234375,2.65625,1.5,0,0x04,0,0,0,1,0,0,1,0,0,0,,,,,,,,,,,,,,,,,,,,,,
730,9,DUAL_PORTAL_8,24.366666666666667,1628970,49712.21923828125,2209,67.413330078125,14.833861475780896,43,1.312255859375,2165,66.070556640625,1,0.030517578125,0x1486E237,-390,701,384,-1.5234375,2.73828125,1.5,0,0x04,0,0,0,1,0,0,1,0,0,0,,,,,,,,,,,,,,,,,,,,,,
731,9,DUAL_PORTAL_8,24.4,1631168,49779.296875,2198,67.07763671875,14.908098271155596,42,1.28173828125,2156,65.7958984375,0,0.0,0x51869FCE,-390,722,384,-1.5234375,2.8203125,1.5,0,0x04,0,0,0,1,0,0,1,0,0,0,,,,,,,,,,,,,,,,,,,,,,
732,9,DUAL_PORTAL_8,24.433333333333334,1633193,49841.094970703125,2025,61.798095703125,16.18172839506173,43,1.312255859375,1982,60.48583984375,0,0.0,0x5D9AD7B9,-390,701,384,-1.5234375,2.73828125,1.5,0,0x04,0,0,0,1,0,0,-1,0,0,0,,,,,,,,,,,,,,,,,,,,,,
733,9,DUAL_PORTAL_8,24.466666666666665,1635459,49910.247802734375,2266,69.15283203125,14.46072374227714,43,1.312255859375,2222,67.81005859375,1,0.030517578125,0x30D878A6,-390,680,384,-1.5234375,2.65625,1.5,0,0x04,0,0,0,1,0,0,-1,0,0,0,,,,,,,,,,,,,,,,,,,,,,
734,9,DUAL_PORTAL_8,24.5,1637672,49977.783203125,2213,67.535400390625,14.807049254405785,42,1.28173828125,2171,66.253662109375,0,0.0,0xF0106E1F,-390,659,384,-1.5234375,2.57421875,1.5,0,0x04,0,0,0,1,0,0,-1,0,0,0,,,,,,,,,,,,,,,,,,,,,,
735,9,DUAL_PORTAL_8,24.533333333333335,1639899,50045.745849609375,2227,67.962646484375,14.713964975303098,43,1.312255859375,2184,66.650390625,0,0.0,0x8A79EF54,-390,638,384,-1.5234375,2.4921875,1.5,0,0x04,0,0,0,1,0,0,-1,0,0,0,,,,,,,,,,,,,,,,,,,,,,
736,9,DUAL_PORTAL_8,24.566666666666666,1642166,50114.92919921875,2267,69.183349609375,14.454344949272166,43,1.312255859375,2223,67.840576171875,1,0.030517578125,0x57C4C1FD,-390,617,384,-1.5234375,2.41015625,1.5,0,0x04,0,0,0,1,0,0,-1,0,0,0,,,,,,,,,,,,,,,,,,,,,,
737,9,DUAL_PORTAL_8,24.6,1644360,50181.884765625,2194,66.95556640625,14.935278030993619,43,1.312255859375,2150,65.61279296875,1,0.030517578125,0xEC1F292A,-390,596,384,-1.5234375,2.328125,1.5,0,0x04,0,0,0,1,0,0,-1,0,0,0,,,,,,,,,,,,,,,,,,,,,,
738,9,DUAL_PORTAL_8,24.633333333333333,1646565,50249.176025390625,2205,67.291259765625,14.86077097505669,43,1.312255859375,2162,65.97900390625,0,0.0,0x7971D223,-390,575,384,-1.5234375,2.24609375,1.5,0,0x04,0,0,0,1,0,0,-1,0,0,0,,,,,,,,,,,,,,,,,,,,,,
739,9,DUAL_PORTAL_8,24.666666666666668,1648766,50316.34521484375,2201,67.169189453125,14.887778282598818,43,1.312255859375,2157,65.826416015625,1,0.030517578125,0x85ADB998,-390,554,384,-1.5234375,2.1640625,1.5,0,0x04,0,0,0,1,0,0,-1,0,0,0,,,,,,,,,,,,,,,,,,,,,,
740,9,DUAL_PORTAL_8,24.7,1650981,50383.941650390625,2215,67.596435546875,14.793679458239277,43,1.312255859375,2171,66.253662109375,1,0.030517578125,0xA607BD01,-390,533,384,-1.5234375,2.08203125,1.5,0,0x04,0,0,0,1,0,0,-1,0,0,0,,,,,,,,,,,,,,,,,,,,,,
741,9,DUAL_PORTAL_8,24.733333333333334,1653188,50451.2939453125,2207,67.352294921875,14.847304032623471,43,1.312255859375,2164,66.0400390625,0,0.0,0xC805A26E,-390,512,384,-1.5234375,2.0,1.5,0,0x04,0,0,0,1,0,0,-1,0,0,0,,,,,,,,,,,,,,,,,,,,,,
742,9,DUAL_PORTAL_8,24.766666666666666,1655317,50516.265869140625,2129,64.971923828125,15.391263503992485,43,1.312255859375,2085,63.629150390625,1,0.030517578125,0xB9019EE8,-390,491,384,-1.5234375,1.91796875,1.5,0,0x04,0,0,0,1,0,0,-1,0,0,0,,,,,,,,,,,,,,,,,,,,,,
743,9,DUAL_PORTAL_8,24.8,1657451,50581.390380859375,2134,65.12451171875,15.355201499531397,43,1.312255859375,2091,63.812255859375,0,0.0,0x6B48789B,-390,470,384,-1.5234375,1.8359375,1.5,0,0x04,0,0,0,1,0,0,-1,0,0,0,,,,,,,,,,,,,,,,,,,,,,
744,9,DUAL_PORTAL_8,24.833333333333332,1659578,50646.30126953125,2127,64.910888671875,15.405735778091207,43,1.312255859375,2084,63.5986328125,0,0.0,0xCD309042,-390,449,384,-1.5234375,1.75390625,1.5,0,0x04,0,0,0,1,0,0,-1,0,0,0,,,,,,,,,,,,,,,,,,,,,,
745,9,DUAL_PORTAL_8,24.866666666666667,1661706,50711.24267578125,2128,64.94140625,15.398496240601503,42,1.28173828125,2085,63.629150390625,1,0.030517578125,0x302D47F5,-390,428,384,-1.5234375,1.671875,1.5,0,0x04,0,0,0,1,0,0,-1,0,0,0,,,,,,,,,,,,,,,,,,,,,,
746,9,DUAL_PORTAL_8,24.9,1663880,50777.587890625,2174,66.34521484375,15.072677092916283,43,1.312255859375,2131,65.032958984375,0,0.0,0x0B3E6F6C,-390,407,384,-1.5234375,1.58984375,1.5,0,0x04,0,0,0,1,0,0,-1,0,0,0,,,,,,,,,,,,,,,,,,,,,,
747,9,DUAL_PORTAL_8,24.933333333333334,1666049,50843.780517578125,2169,66.192626953125,15.107422775472568,43,1.312255859375,2126,64.88037109375,0,0.0,0x3EF527DF,-390,386,384,-1.5234375,1.5078125,1.5,0,0x04,0,0,0,1,0,0,-1,0,0,0,,,,,,,,,,,,,,,,,,,,,,
748,9,DUAL_PORTAL_8,24.966666666666665,1668126,50907.16552734375,2077,63.385009765625,15.776600866634569,43,1.312255859375,2034,62.07275390625,0,0.0,0xFE7777C6,-390,365,384,-1.5234375,1.42578125,1.5,0,0x04,0,0,0,1,0,0,-1,0,0,0,,,,,,,,,,,,,,,,,,,,,,
749,9,DUAL_PORTAL_8,25.0,1670254,50972.10693359375,2128,64.94140625,15.398496240601503,43,1.312255859375,2085,63.629150390625,0,0.0,0x538A5879,-390,344,384,-1.5234375,1.34375,1.5,0,0x04,0,0,0,1,0,0,-1,0,0,0,,,,,,,,,,,,,,,,,,,,,,
750,9,DUAL_PORTAL_8,25.033333333333335,1672379,51036.956787109375,2125,64.849853515625,15.420235294117647,43,1.312255859375,2082,63.53759765625,0,0.0,0x7D61CC30,-390,323,384,-1.5234375,1.26171875,1.5,0,0x04,0,0,0,1,0,0,-1,0,0,0,,,,,,,,,,,,,,,,,,,,,,
751,9,DUAL_PORTAL_8,25.066666666666666,1674460,51100.4638671875,2081,63.507080078125,15.7462758289284,43,1.312255859375,2038,62.19482421875,0,0.0,0xCA09F0E3,-390,302,384,-1.5234375,1.1796875,1.5,0,0x04,0,0,0,1,0,0,-1,0,0,0,,,,,,,,,,,,,,,,,,,,,,
752,9,DUAL_PORTAL_8,25.1,1676412,51160.0341796875,1952,59.5703125,16.78688524590164,43,1.312255859375,1909,58.258056640625,0,0.0,0xB535782E,-390,323,384,-1.5234375,1.26171875,1.5,0,0x04,0,0,0,1,0,0,1,0,0,0,,,,,,,,,,,,,,,,,,,,,,
753,9,DUAL_PORTAL_8,25.133333333333333,1678466,51222.71728515625,2054,62.68310546875,15.953261927945473,43,1.312255859375,2011,61.370849609375,0,0.0,0xBDA6AFF7,-390,344,384,-1.5234375,1.34375,1.5,0,0x04,0,0,0,1,0,0,1,0,0,0,,,,,,,,,,,,,,,,,,,,,,
754,9,DUAL_PORTAL_8,25.166666666666668,1680618,51288.39111328125,2152,65.673828125,15.226765799256505,43,1.312255859375,2109,64.361572265625,0,0.0,0xDFE0B3C4,-390,365,384,-1.5234375,1.42578125,1.5,0,0x04,0,0,0,1,0,0,1,0,0,0,,,,,,,,,,,,,,,,,,,,,,
755,9,DUAL_PORTAL_8,25.2,1682757,51353.668212890625,2139,65.277099609375,15.319308087891539,42,1.28173828125,2097,63.995361328125,0,0.0,0x119A9E5D,-390,386,384,-1.5234375,1.5078125,1.5,0,0x04,0,0,0,1,0,0,1,0,0,0,,,,,,,,,,,,,,,,,,,,,,
756,9,DUAL_PORTAL_8,25.233333333333334,1684836,51417.1142578125,2079,63.446044921875,15.761423761423762,43,1.312255859375,2036,62.1337890625,0,0.0,0xB4D3A5EA,-390,407,384,-1.5234375,1.58984375,1.5,0,0x04,0,0,0,1,0,0,1,0,0,0,,,,,,,,,,,,,,,,,,,,,,
757,9,DUAL_PORTAL_8,25.266666666666666,1687006,51483.33740234375,2170,66.22314453125,15.100460829493088,43,1.312255859375,2127,64.910888671875,0,0.0,0x3C45D9F3,-390,428,384,-1.5234375,1.671875,1.5,0,0x04,0,0,0,1,0,0,1,0,0,0,,,,,,,,,,,,,,,,,,,,,,
758,9,DUAL_PORTAL_8,25.3,1689180,51549.6826171875,2174,66.34521484375,15.072677092916283,42,1.28173828125,2132,65.0634765625,0,0.0,0x6D875040,-390,449,384,-1.5234375,1.75390625,1.5,0,0x04,0,0,0,1,0,0,1,0,0,0,,,,,,,,,,,,,,,,,,,,,,
759,9,DUAL_PORTAL_8,25.333333333333332,1691309,51614.654541015625,2129,64.971923828125,15.391263503992485,42,1.28173828125,2087,63.690185546875,0,0.0,0x31CFD119,-390,470,384,-1.5234375,1.8359375,1.5,0,0x04,0,0,0,1,0,0,1,0,0,0,,,,,,,,,,,,,,,,,,,,,,
760,9,DUAL_PORTAL_8,25.366666666666667,1693451,51680.023193359375,2142,65.36865234375,15.297852474323063,43,1.312255859375,2098,64.02587890625,1,0.030517578125,0x76E15466,-390,491,384,-1.5234375,1.91796875,1.5,0,0x04,0,0,0,1,0,0,1,0,0,0,,,,,,,,,,,,,,,,,,,,,,
761,9,DUAL_PORTAL_8,25.4,1695598,51745.54443359375,2147,65.521240234375,15.262226362366093,43,1.312255859375,2103,64.178466796875,1,0.030517578125,0x65B1886C,-390,512,384,-1.5234375,2.0,1.5,0,0x04,0,0,0,1,0,0,1,0,0,0,,,,,,,,,,,,,,,,,,,,,,
762,9,DUAL_PORTAL_8,25.433333333333334,1697649,51808.135986328125,2051,62.591552734375,15.976596782057532,43,1.312255859375,2008,61.279296875,0,0.0,0xE8570AF6,-390,512,384,-1.5234375,2.0,1.5,0,0x04,0,0,0,1,0,0,0,0,0,0,,,,,,,,,,,,,,,,,,,,,,
763,9,DUAL_PORTAL_8,25.466666666666665,1699645,51869.049072265625,1996,60.9130859375,16.416833667334668,44,1.3427734375,1952,59.5703125,0,0.0,0xE8570AF6,-390,512,384,-1.5234375,2.0,1.5,0,0x00,0,0,0,0,0,0,0,0,0,0,,,,,,,,,,,,,,,,,,,,,,
764,9,DUAL_PORTAL_8,25.5,1701642,51929.99267578125,1997,60.943603515625,16.408612919379067,44,1.3427734375,1952,59.5703125,1,0.030517578125,0xE8570AF6,-390,512,384,-1.5234375,2.0,1.5,0,0x00,0,0,0,0,0,0,0,0,0,0,,,,,,,,,,,,,,,,,,,,,,
765,9,DUAL_PORTAL_8,25.533333333333335,1703639,51990.936279296875,1997,60.943603515625,16.408612919379067,44,1.3427734375,1952,59.5703125,1,0.030517578125,0xE8570AF6,-390,512,384,-1.5234375,2.0,1.5,0,0x00,0,0,0,0,0,0,0,0,0,0,,,,,,,,,,,,,,,,,,,,,,
766,9,DUAL_PORTAL_8,25.566666666666666,1705636,52051.8798828125,1997,60.943603515625,16.408612919379067,44,1.3427734375,1952,59.5703125,1,0.030517578125,0xE8570AF6,-390,512,384,-1.5234375,2.0,1.5,0,0x00,0,0,0,0,0,0,0,0,0,0,,,,,,,,,,,,,,,,,,,,,,
767,9,DUAL_PORTAL_8,25.6,1707631,52112.762451171875,1995,60.882568359375,16.425062656641604,43,1.312255859375,1952,59.5703125,0,0.0,0xE8570AF6,-390,512,384,-1.5234375,2.0,1.5,0,0x08,0,0,0,0,1,0,0,0,0,0,,,,,,,,,,,,,,,,,,,,,,
768,10,DUAL_PORTAL_9,25.633333333333333,1709912,52182.373046875,2281,69.610595703125,14.365629110039457,50,1.52587890625,2231,68.084716796875,0,0.0,0xC4F2C181,-390,533,384,-1.5234375,2.08203125,1.5,0,0x04,0,0,0,1,0,0,1,0,1,0,,,,,,,,,,,,,,,,,,,,,,
769,10,DUAL_PORTAL_9,25.666666666666668,1712316,52255.7373046875,2404,73.3642578125,13.630615640599002,50,1.52587890625,2353,71.807861328125,1,0.030517578125,0x08A2418A,-390,554,384,-1.5234375,2.1640625,1.5,0,0x04,0,0,0,1,0,0,1,0,1,0,,,,,,,,,,,,,,,,,,,,,,
770,10,DUAL_PORTAL_9,25.7,1714660,52327.2705078125,2344,71.533203125,13.979522184300341,43,1.312255859375,2300,70.1904296875,1,0.030517578125,0xA7E92039,-390,575,384,-1.5234375,2.24609375,1.5,0,0x04,0,0,0,1,0,0,1,0,0,0,,,,,,,,,,,,,,,,,,,,,,
771,10,DUAL_PORTAL_9,25.733333333333334,1716867,52394.622802734375,2207,67.352294921875,14.847304032623471,43,1.312255859375,2164,66.0400390625,0,0.0,0x34481A40,-390,596,384,-1.5234375,2.328125,1.5,0,0x04,0,0,0,1,0,0,1,0,0,0,,,,,,,,,,,,,,,,,,,,,,
772,10,DUAL_PORTAL_9,25.766666666666666,1719075,52462.005615234375,2208,67.3828125,14.840579710144928,43,1.312255859375,2165,66.070556640625,0,0.0,0xAC73114F,-390,617,384,-1.5234375,2.41015625,1.5,0,0x04,0,0,0,1,0,0,1,0,0,0,,,,,,,,,,,,,,,,,,,,,,
773,10,DUAL_PORTAL_9,25.8,1721269,52528.961181640625,2194,66.95556640625,14.935278030993619,43,1.312255859375,2151,65.643310546875,0,0.0,0xA0A73556,-390,638,384,-1.5234375,2.4921875,1.5,0,0x04,0,0,0,1,0,0,1,0,0,0,,,,,,,,,,,,,,,,,,,,,,
774,10,DUAL_PORTAL_9,25.833333333333332,1723462,52595.88623046875,2193,66.925048828125,14.942088463292293,43,1.312255859375,2150,65.61279296875,0,0.0,0x756EEA75,-390,659,384,-1.5234375,2.57421875,1.5,0,0x04,0,0,0,1,0,0,1,0,0,0,,,,,,,,,,,,,,,,,,,,,,
775,10,DUAL_PORTAL_9,25.866666666666667,1725691,52663.909912109375,2229,68.023681640625,14.700762673844773,43,1.312255859375,2186,66.71142578125,0,0.0,0x0B8B784C,-390,680,384,-1.5234375,2.65625,1.5,0,0x04,0,0,0,1,0,0,1,0,0,0,,,,,,,,,,,,,,,,,,,,,,
776,10,DUAL_PORTAL_9,25.9,1727946,52732.72705078125,2255,68.817138671875,14.531263858093126,43,1.312255859375,2212,67.5048828125,0,0.0,0x684B23DB,-390,701,384,-1.5234375,2.73828125,1.5,0,0x04,0,0,0,1,0,0,1,0,0,0,,,,,,,,,,,,,,,,,,,,,,
777,10,DUAL_PORTAL_9,25.933333333333334,1730203,52801.605224609375,2257,68.878173828125,14.518387239698715,43,1.312255859375,2214,67.56591796875,0,0.0,0xF5E93012,-390,722,384,-1.5234375,2.8203125,1.5,0,0x04,0,0,0,1,0,0,1,0,0,0,,,,,,,,,,,,,,,,,,,,,,
778,10,DUAL_PORTAL_9,25.966666666666665,1732497,52871.612548828125,2294,70.00732421875,14.284219703574543,50,1.52587890625,2243,68.450927734375,1,0.030517578125,0xE51D308B,-390,701,384,-1.5234375,2.73828125,1.5,0,0x04,0,0,0,1,0,0,-1,0,-1,0,,,,,,,,,,,,,,,,,,,,,,
779,10,DUAL_PORTAL_9,26.0,1734956,52946.6552734375,2459,75.042724609375,13.325742171614477,51,1.556396484375,2407,73.455810546875,1,0.030517578125,0x30D878A6,-390,680,384,-1.5234375,2.65625,1.5,0,0x04,0,0,0,1,0,0,-1,0,-1,0,,,,,,,,,,,,,,,,,,,,,,
780,10,DUAL_PORTAL_9,26.033333333333335,1737434,53022.27783203125,2478,75.62255859375,13.223567393058918,51,1.556396484375,2426,74.03564453125,1,0.030517578125,0xC47EA4DD,-390,659,384,-1.5234375,2.57421875,1.5,0,0x04,0,0,0,1,0,0,-1,0,-1,0,,,,,,,,,,,,,,,,,,,,,,
781,10,DUAL_PORTAL_9,26.066666666666666,1739838,53095.64208984375,2404,73.3642578125,13.630615640599002,51,1.556396484375,2353,71.807861328125,0,0.0,0x040FF614,-390,638,384,-1.5234375,2.4921875,1.5,0,0x04,0,0,0,1,0,0,-1,0,-1,0,,,,,,,,,,,,,,,,,,,,,,
782,10,DUAL_PORTAL_9,26.1,1742131,53165.618896484375,2293,69.976806640625,14.290449193196686,43,1.312255859375,2250,68.66455078125,0,0.0,0xDA0B416D,-390,617,384,-1.5234375,2.41015625,1.5,0,0x04,0,0,0,1,0,0,-1,0,0,0,,,,,,,,,,,,,,,,,,,,,,
783,10,DUAL_PORTAL_9,26.133333333333333,1744296,53231.689453125,2165,66.070556640625,15.135334872979215,43,1.312255859375,2122,64.75830078125,0,0.0,0x996FF506,-390,596,384,-1.5234375,2.328125,1.5,0,0x04,0,0,0,1,0,0,-1,0,0,0,,,,,,,,,,,,,,,,,,,,,,
784,10,DUAL_PORTAL_9,26.166666666666668,1746474,53298.15673828125,2178,66.46728515625,15.044995408631772,43,1.312255859375,2135,65.155029296875,0,0.0,0x8562EC2F,-390,575,384,-1.5234375,2.24609375,1.5,0,0x04,0,0,0,1,0,0,-1,0,0,0,,,,,,,,,,,,,,,,,,,,,,
785,10,DUAL_PORTAL_9,26.2,1748633,53364.044189453125,2159,65.887451171875,15.17739694302918,43,1.312255859375,2116,64.5751953125,0,0.0,0x977B2AD8,-390,554,384,-1.5234375,2.1640625,1.5,0,0x04,0,0,0,1,0,0,-1,0,0,0,,,,,,,,,,,,,,,,,,,,,,
786,10,DUAL_PORTAL_9,26.233333333333334,1750783,53429.656982421875,2150,65.61279296875,15.24093023255814,43,1.312255859375,2107,64.300537109375,0,0.0,0x4AC744F1,-390,533,384,-1.5234375,2.08203125,1.5,0,0x04,0,0,0,1,0,0,-1,0,0,0,,,,,,,,,,,,,,,,,,,,,,
787,10,DUAL_PORTAL_9,26.266666666666666,1752956,53495.9716796875,2173,66.314697265625,15.079613437643811,43,1.312255859375,2130,65.00244140625,0,0.0,0x8E4E054A,-390,512,384,-1.5234375,2.0,1.5,0,0x04,0,0,0,1,0,0,-1,0,0,0,,,,,,,,,,,,,,,,,,,,,,
788,10,DUAL_PORTAL_9,26.3,1755113,53561.798095703125,2157,65.826416015625,15.191469633750579,43,1.312255859375,2113,64.483642578125,1,0.030517578125,0x73E64C68,-390,491,384,-1.5234375,1.91796875,1.5,0,0x04,0,0,0,1,0,0,-1,0,0,0,,,,,,,,,,,,,,,,,,,,,,
789,10,DUAL_PORTAL_9,26.333333333333332,1757204,53625.6103515625,2091,63.812255859375,15.670970827355333,43,1.312255859375,2048,62.5,0,0.0,0xAA3243E7,-390,470,384,-1.5234375,1.8359375,1.5,0,0x04,0,0,0,1,0,0,-1,0,0,0,,,,,,,,,,,,,,,,,,,,,,
790,10,DUAL_PORTAL_9,26.366666666666667,1759339,53690.765380859375,2135,65.155029296875,15.348009367681499,43,1.312255859375,2092,63.8427734375,0,0.0,0x58575B1E,-390,449,384,-1.5234375,1.75390625,1.5,0,0x04,0,0,0,1,0,0,-1,0,0,0,,,,,,,,,,,,,,,,,,,,,,
791,10,DUAL_PORTAL_9,26.4,1761467,53755.706787109375,2128,64.94140625,15.398496240601503,43,1.312255859375,2084,63.5986328125,1,0.030517578125,0x01BBF0E5,-390,428,384,-1.5234375,1.671875,1.5,0,0x04,0,0,0,1,0,0,-1,0,0,0,,,,,,,,,,,,,,,,,,,,,,
792,10,DUAL_PORTAL_9,26.433333333333334,1763586,53820.37353515625,2119,64.666748046875,15.46389806512506,42,1.28173828125,2076,63.3544921875,1,0.030517578125,0x9499ABEC,-390,407,384,-1.5234375,1.58984375,1.5,0,0x04,0,0,0,1,0,0,-1,0,0,0,,,,,,,,,,,,,,,,,,,,,,
793,10,DUAL_PORTAL_9,26.466666666666665,1765702,53884.94873046875,2116,64.5751953125,15.485822306238186,43,1.312255859375,2072,63.232421875,1,0.030517578125,0x0F225FAB,-390,386,384,-1.5234375,1.5078125,1.5,0,0x04,0,0,0,1,0,0,-1,0,0,0,,,,,,,,,,,,,,,,,,,,,,
794,10,DUAL_PORTAL_9,26.5,1767832,53949.951171875,2130,65.00244140625,15.384037558685446,43,1.312255859375,2087,63.690185546875,0,0.0,0x9F2B1BA2,-390,365,384,-1.5234375,1.42578125,1.5,0,0x04,0,0,0,1,0,0,-1,0,0,0,,,,,,,,,,,,,,,,,,,,,,
795,10,DUAL_PORTAL_9,26.533333333333335,1769986,54015.68603515625,2154,65.73486328125,15.212627669452182,43,1.312255859375,2111,64.422607421875,0,0.0,0xAE1BA269,-390,344,384,-1.5234375,1.34375,1.5,0,0x04,0,0,0,1,0,0,-1,0,0,0,,,,,,,,,,,,,,,,,,,,,,
796,10,DUAL_PORTAL_9,26.566666666666666,1772120,54080.810546875,2134,65.12451171875,15.355201499531397,43,1.312255859375,2090,63.78173828125,1,0.030517578125,0x50D928F0,-390,323,384,-1.5234375,1.26171875,1.5,0,0x04,0,0,0,1,0,0,-1,0,0,0,,,,,,,,,,,,,,,,,,,,,,
797,10,DUAL_PORTAL_9,26.6,1774242,54145.56884765625,2122,64.75830078125,15.442035815268614,43,1.312255859375,2078,63.41552734375,1,0.030517578125,0x92BB51EF,-390,302,384,-1.5234375,1.1796875,1.5,0,0x04,0,0,0,1,0,0,-1,0,0,0,,,,,,,,,,,,,,,,,,,,,,
798,10,DUAL_PORTAL_9,26.633333333333333,1776400,54211.42578125,2158,65.85693359375,15.184430027803522,50,1.52587890625,2108,64.3310546875,0,0.0,0x7F89564C,-390,323,384,-1.5234375,1.26171875,1.5,0,0x04,0,0,0,1,0,0,1,0,1,0,,,,,,,,,,,,,,,,,,,,,,
799,10,DUAL_PORTAL_9,26.666666666666668,1778688,54281.25,2288,69.82421875,14.321678321678322,50,1.52587890625,2237,68.267822265625,1,0.030517578125,0xBDA6AFF7,-390,344,384,-1.5234375,1.34375,1.5,0,0x04,0,0,0,1,0,0,1,0,1,0,,,,,,,,,,,,,,,,,,,,,,
800,10,DUAL_PORTAL_9,26.7,1780939,54349.945068359375,2251,68.695068359375,14.557085739671257,43,1.312255859375,2207,67.352294921875,1,0.030517578125,0xDFE0B3C4,-390,365,384,-1.5234375,1.42578125,1.5,0,0x04,0,0,0,1,0,0,1,0,0,0,,,,,,,,,,,,,,,,,,,,,,
801,10,DUAL_PORTAL_9,26.733333333333334,1783080,54415.283203125,2141,65.338134765625,15.30499766464269,43,1.312255859375,2097,63.995361328125,1,0.030517578125,0x119A9E5D,-390,386,384,-1.5234375,1.5078125,1.5,0,0x04,0,0,0,1,0,0,1,0,0,0,,,,,,,,,,,,,,,,,,,,,,
802,10,DUAL_PORTAL_9,26.766666666666666,1785159,54478.729248046875,2079,63.446044921875,15.761423761423762,43,1.312255859375,2036,62.1337890625,0,0.0,0xB4D3A5EA,-390,407,384,-1.5234375,1.58984375,1.5,0,0x04,0,0,0,1,0,0,1,0,0,0,,,,,,,,,,,,,,,,,,,,,,
803,10,DUAL_PORTAL_9,26.8,1787331,54545.013427734375,2172,66.2841796875,15.086556169429098,43,1.312255859375,2128,64.94140625,1,0.030517578125,0x3C45D9F3,-390,428,384,-1.5234375,1.671875,1.5,0,0x04,0,0,0,1,0,0,1,0,0,0,,,,,,,,,,,,,,,,,,,,,,
804,10,DUAL_PORTAL_9,26.833333333333332,1789507,54611.419677734375,2176,66.40625,15.058823529411764,43,1.312255859375,2132,65.0634765625,1,0.030517578125,0x6D875040,-390,449,384,-1.5234375,1.75390625,1.5,0,0x04,0,0,0,1,0,0,1,0,0,0,,,,,,,,,,,,,,,,,,,,,,
805,10,DUAL_PORTAL_9,26.866666666666667,1791638,54676.45263671875,2131,65.032958984375,15.376818395119662,43,1.312255859375,2087,63.690185546875,1,0.030517578125,0x31CFD119,-390,470,384,-1.5234375,1.8359375,1.5,0,0x04,0,0,0,1,0,0,1,0,0,0,,,,,,,,,,,,,,,,,,,,,,
806,10,DUAL_PORTAL_9,26.9,1793780,54741.8212890625,2142,65.36865234375,15.297852474323063,43,1.312255859375,2098,64.02587890625,1,0.030517578125,0x76E15466,-390,491,384,-1.5234375,1.91796875,1.5,0,0x04,0,0,0,1,0,0,1,0,0,0,,,,,,,,,,,,,,,,,,,,,,
807,10,DUAL_PORTAL_9,26.933333333333334,1795926,54807.31201171875,2146,65.49072265625,15.269338303821062,43,1.312255859375,2103,64.178466796875,0,0.0,0x65B1886C,-390,512,384,-1.5234375,2.0,1.5,0,0x04,0,0,0,1,0,0,1,0,0,0,,,,,,,,,,,,,,,,,,,,,,
808,10,DUAL_PORTAL_9,26.966666666666665,1798055,54872.283935546875,2129,64.971923828125,15.391263503992485,43,1.312255859375,2086,63.65966796875,0,0.0,0xC715AAFF,-390,533,384,-1.5234375,2.08203125,1.5,0,0x04,0,0,0,1,0,0,1,0,0,0,,,,,,,,,,,,,,,,,,,,,,
809,10,DUAL_PORTAL_9,27.0,1800264,54939.697265625,2209,67.413330078125,14.833861475780896,43,1.312255859375,2166,66.10107421875,0,0.0,0x81F51116,-390,554,384,-1.5234375,2.1640625,1.5,0,0x04,0,0,0,1,0,0,1,0,0,0,,,,,,,,,,,,,,,,,,,,,,
810,10,DUAL_PORTAL_9,27.033333333333335,1802482,55007.38525390625,2218,67.68798828125,14.773669972948602,42,1.28173828125,2176,66.40625,0,0.0,0x4C47BC21,-390,575,384,-1.5234375,2.24609375,1.5,0,0x06,1,1,0,1,0,0,1,0,0,0,66.314697265625,0.0,0.244140625,10.009765625,8.7890625,2.3193359375,17.425537109375,16.632080078125,0.0,10.284423828125,0.6103515625,0,0,0,0,0,0,0,0,0,0,0
811,10,DUAL_PORTAL_9,27.066666666666666,1804703,55075.164794921875,2221,67.779541015625,14.75371454299865,42,1.28173828125,2178,66.46728515625,1,0.030517578125,0x42571B28,-390,596,384,-1.5234375,2.328125,1.5,0,0x04,0,0,0,1,0,0,1,0,0,0,,,,,,,,,,,,,,,,,,,,,,
812,10,DUAL_PORTAL_9,27.1,1806936,55143.310546875,2233,68.145751953125,14.674429019256605,43,1.312255859375,2189,66.802978515625,1,0.030517578125,0x0D11B67B,-390,617,384,-1.5234375,2.41015625,1.5,0,0x04,0,0,0,1,0,0,1,0,0,0,,,,,,,,,,,,,,,,,,,,,,
813,10,DUAL_PORTAL_9,27.133333333333333,1809140,55210.5712890625,2204,67.2607421875,14.867513611615244,43,1.312255859375,2161,65.948486328125,0,0.0,0xDA1E44D2,-390,638,384,-1.5234375,2.4921875,1.5,0,0x04,0,0,0,1,0,0,1,0,0,0,,,,,,,,,,,,,,,,,,,,,,
814,10,DUAL_PORTAL_9,27.166666666666668,1811409,55279.815673828125,2269,69.244384765625,14.44160423093874,43,1.312255859375,2226,67.93212890625,0,0.0,0xF595639D,-390,659,384,-1.5234375,2.57421875,1.5,0,0x04,0,0,0,1,0,0,1,0,0,0,,,,,,,,,,,,,,,,,,,,,,
815,10,DUAL_PORTAL_9,27.2,1813638,55347.83935546875,2229,68.023681640625,14.700762673844773,43,1.312255859375,2186,66.71142578125,0,0.0,0x8F10F8A4,-390,680,384,-1.5234375,2.65625,1.5,0,0x04,0,0,0,1,0,0,1,0,0,0,,,,,,,,,,,,,,,,,,,,,,
816,10,DUAL_PORTAL_9,27.233333333333334,1815845,55415.191650390625,2207,67.352294921875,14.847304032623471,42,1.28173828125,2165,66.070556640625,0,0.0,0x1486E237,-390,701,384,-1.5234375,2.73828125,1.5,0,0x04,0,0,0,1,0,0,1,0,0,0,,,,,,,,,,,,,,,,,,,,,,
817,10,DUAL_PORTAL_9,27.266666666666666,1818044,55482.2998046875,2199,67.108154296875,14.90131878126421,43,1.312255859375,2156,65.7958984375,0,0.0,0x51869FCE,-390,722,384,-1.5234375,2.8203125,1.5,0,0x04,0,0,0,1,0,0,1,0,0,0,,,,,,,,,,,,,,,,,,,,,,
818,10,DUAL_PORTAL_9,27.3,1820069,55544.097900390625,2025,61.798095703125,16.18172839506173,43,1.312255859375,1981,60.455322265625,1,0.030517578125,0x5D9AD7B9,-390,701,384,-1.5234375,2.73828125,1.5,0,0x04,0,0,0,1,0,0,-1,0,0,0,,,,,,,,,,,,,,,,,,,,,,
819,10,DUAL_PORTAL_9,27.333333333333332,1822334,55613.22021484375,2265,69.122314453125,14.46710816777042,43,1.312255859375,2222,67.81005859375,0,0.0,0x30D878A6,-390,680,384,-1.5234375,2.65625,1.5,0,0x04,0,0,0,1,0,0,-1,0,0,0,,,,,,,,,,,,,,,,,,,,,,
820,10,DUAL_PORTAL_9,27.366666666666667,1824548,55680.7861328125,2214,67.56591796875,14.800361336946702,43,1.312255859375,2171,66.253662109375,0,0.0,0xF0106E1F,-390,659,384,-1.5234375,2.57421875,1.5,0,0x04,0,0,0,1,0,0,-1,0,0,0,,,,,,,,,,,,,,,,,,,,,,
821,10,DUAL_PORTAL_9,27.4,1826776,55748.779296875,2228,67.9931640625,14.707360861759426,43,1.312255859375,2184,66.650390625,1,0.030517578125,0x8A79EF54,-390,638,384,-1.5234375,2.4921875,1.5,0,0x04,0,0,0,1,0,0,-1,0,0,0,,,,,,,,,,,,,,,,,,,,,,
822,10,DUAL_PORTAL_9,27.433333333333334,1829042,55817.93212890625,2266,69.15283203125,14.46072374227714,43,1.312255859375,2223,67.840576171875,0,0.0,0x57C4C1FD,-390,617,384,-1.5234375,2.41015625,1.5,0,0x04,0,0,0,1,0,0,-1,0,0,0,,,,,,,,,,,,,,,,,,,,,,
823,10,DUAL_PORTAL_9,27.466666666666665,1831235,55884.857177734375,2193,66.925048828125,14.942088463292293,42,1.28173828125,2150,65.61279296875,1,0.030517578125,0xEC1F292A,-390,596,384,-1.5234375,2.328125,1.5,0,0x04,0,0,0,1,0,0,-1,0,0,0,,,,,,,,,,,,,,,,,,,,,,
824,10,DUAL_PORTAL_9,27.5,1833441,55952.178955078125,2206,67.32177734375,14.85403445149592,43,1.312255859375,2163,66.009521484375,0,0.0,0x7971D223,-390,575,384,-1.5234375,2.24609375,1.5,0,0x04,0,0,0,1,0,0,-1,0,0,0,,,,,,,,,,,,,,,,,,,,,,
825,10,DUAL_PORTAL_9,27.533333333333335,1835642,56019.34814453125,2201,67.169189453125,14.887778282598818,43,1.312255859375,2157,65.826416015625,1,0.030517578125,0x85ADB998,-390,554,384,-1.5234375,2.1640625,1.5,0,0x04,0,0,0,1,0,0,-1,0,0,0,,,,,,,,,,,,,,,,,,,,,,
826,10,DUAL_PORTAL_9,27.566666666666666,1837857,56086.944580078125,2215,67.596435546875,14.793679458239277,43,1.312255859375,2171,66.253662109375,1,0.030517578125,0xA607BD01,-390,533,384,-1.5234375,2.08203125,1.5,0,0x04,0,0,0,1,0,0,-1,0,0,0,,,,,,,,,,,,,,,,,,,,,,
827,10,DUAL_PORTAL_9,27.6,1840064,56154.296875,2207,67.352294921875,14.847304032623471,43,1.312255859375,2164,66.0400390625,0,0.0,0xC805A26E,-390,512,384,-1.5234375,2.0,1.5,0,0x04,0,0,0,1,0,0,-1,0,0,0,,,,,,,,,,,,,,,,,,,,,,
828,10,DUAL_PORTAL_9,27.633333333333333,1842192,56219.23828125,2128,64.94140625,15.398496240601503,43,1.312255859375,2084,63.5986328125,1,0.030517578125,0xB9019EE8,-390,491,384,-1.5234375,1.91796875,1.5,0,0x04,0,0,0,1,0,0,-1,0,0,0,,,,,,,,,,,,,,,,,,,,,,
829,10,DUAL_PORTAL_9,27.666666666666668,1844327,56284.393310546875,2135,65.155029296875,15.348009367681499,43,1.312255859375,2092,63.8427734375,0,0.0,0x6B48789B,-390,470,384,-1.5234375,1.8359375,1.5,0,0x04,0,0,0,1,0,0,-1,0,0,0,,,,,,,,,,,,,,,,,,,,,,
830,10,DUAL_PORTAL_9,27.7,1846454,56349.30419921875,2127,64.910888671875,15.405735778091207,43,1.312255859375,2084,63.5986328125,0,0.0,0xCD309042,-390,449,384,-1.5234375,1.75390625,1.5,0,0x04,0,0,0,1,0,0,-1,0,0,0,,,,,,,,,,,,,,,,,,,,,,
831,10,DUAL_PORTAL_9,27.733333333333334,1848581,56414.215087890625,2127,64.910888671875,15.405735778091207,43,1.312255859375,2084,63.5986328125,0,0.0,0x302D47F5,-390,428,384,-1.5234375,1.671875,1.5,0,0x04,0,0,0,1,0,0,-1,0,0,0,,,,,,,,,,,,,,,,,,,,,,
832,10,DUAL_PORTAL_9,27.766666666666666,1850756,56480.5908203125,2175,66.375732421875,15.065747126436781,43,1.312255859375,2132,65.0634765625,0,0.0,0x0B3E6F6C,-390,407,384,-1.5234375,1.58984375,1.5,0,0x04,0,0,0,1,0,0,-1,0,0,0,,,,,,,,,,,,,,,,,,,,,,
833,10,DUAL_PORTAL_9,27.8,1852926,56546.81396484375,2170,66.22314453125,15.100460829493088,43,1.312255859375,2127,64.910888671875,0,0.0,0x3EF527DF,-390,386,384,-1.5234375,1.5078125,1.5,0,0x04,0,0,0,1,0,0,-1,0,0,0,,,,,,,,,,,,,,,,,,,,,,
834,10,DUAL_PORTAL_9,27.833333333333332,1855003,56610.198974609375,2077,63.385009765625,15.776600866634569,43,1.312255859375,2034,62.07275390625,0,0.0,0xFE7777C6,-390,365,384,-1.5234375,1.42578125,1.5,0,0x04,0,0,0,1,0,0,-1,0,0,0,,,,,,,,,,,,,,,,,,,,,,
835,10,DUAL_PORTAL_9,27.866666666666667,1857132,56675.1708984375,2129,64.971923828125,15.391263503992485,43,1.312255859375,2086,63.65966796875,0,0.0,0x538A5879,-390,344,384,-1.5234375,1.34375,1.5,0,0x04,0,0,0,1,0,0,-1,0,0,0,,,,,,,,,,,,,,,,,,,,,,
836,10,DUAL_PORTAL_9,27.9,1859258,56740.05126953125,2126,64.88037109375,15.412982126058326,43,1.312255859375,2082,63.53759765625,1,0.030517578125,0x7D61CC30,-390,323,384,-1.5234375,1.26171875,1.5,0,0x04,0,0,0,1,0,0,-1,0,0,0,,,,,,,,,,,,,,,,,,,,,,
837,10,DUAL_PORTAL_9,27.933333333333334,1861340,56803.5888671875,2082,63.53759765625,15.738712776176753,43,1.312255859375,2038,62.19482421875,1,0.030517578125,0xCA09F0E3,-390,302,384,-1.5234375,1.1796875,1.5,0,0x04,0,0,0,1,0,0,-1,0,0,0,,,,,,,,,,,,,,,,,,,,,,
838,10,DUAL_PORTAL_9,27.966666666666665,1863292,56863.1591796875,1952,59.5703125,16.78688524590164,43,1.312255859375,1909,58.258056640625,0,0.0,0xB535782E,-390,323,384,-1.5234375,1.26171875,1.5,0,0x04,0,0,0,1,0,0,1,0,0,0,,,,,,,,,,,,,,,,,,,,,,
839,10,DUAL_PORTAL_9,28.0,1865347,56925.872802734375,2055,62.713623046875,15.945498783454989,43,1.312255859375,2012,61.4013671875,0,0.0,0xBDA6AFF7,-390,344,384,-1.5234375,1.34375,1.5,0,0x04,0,0,0,1,0,0,1,0,0,0,,,,,,,,,,,,,,,,,,,,,,
840,10,DUAL_PORTAL_9,28.033333333333335,1867498,56991.51611328125,2151,65.643310546875,15.233844723384472,43,1.312255859375,2108,64.3310546875,0,0.0,0xDFE0B3C4,-390,365,384,-1.5234375,1.42578125,1.5,0,0x04,0,0,0,1,0,0,1,0,0,0,,,,,,,,,,,,,,,,,,,,,,
841,10,DUAL_PORTAL_9,28.066666666666666,1869638,57056.82373046875,2140,65.3076171875,15.312149532710281,43,1.312255859375,2097,63.995361328125,0,0.0,0x119A9E5D,-390,386,384,-1.5234375,1.5078125,1.5,0,0x04,0,0,0,1,0,0,1,0,0,0,,,,,,,,,,,,,,,,,,,,,,
842,10,DUAL_PORTAL_9,28.1,1871718,57120.30029296875,2080,63.4765625,15.753846153846155,43,1.312255859375,2036,62.1337890625,1,0.030517578125,0xB4D3A5EA,-390,407,384,-1.5234375,1.58984375,1.5,0,0x04,0,0,0,1,0,0,1,0,0,0,,,,,,,,,,,,,,,,,,,,,,
843,10,DUAL_PORTAL_9,28.133333333333333,1873888,57186.5234375,2170,66.22314453125,15.100460829493088,43,1.312255859375,2127,64.910888671875,0,0.0,0x3C45D9F3,-390,428,384,-1.5234375,1.671875,1.5,0,0x04,0,0,0,1,0,0,1,0,0,0,,,,,,,,,,,,,,,,,,,,,,
844,10,DUAL_PORTAL_9,28.166666666666668,1876063,57252.899169921875,2175,66.375732421875,15.065747126436781,43,1.312255859375,2132,65.0634765625,0,0.0,0x6D875040,-390,449,384,-1.5234375,1.75390625,1.5,0,0x04,0,0,0,1,0,0,1,0,0,0,,,,,,,,,,,,,,,,,,,,,,
845,10,DUAL_PORTAL_9,28.2,1878193,57317.901611328125,2130,65.00244140625,15.384037558685446,43,1.312255859375,2087,63.690185546875,0,0.0,0x31CFD119,-390,470,384,-1.5234375,1.8359375,1.5,0,0x04,0,0,0,1,0,0,1,0,0,0,,,,,,,,,,,,,,,,,,,,,,
846,10,DUAL_PORTAL_9,28.233333333333334,1880333,57383.209228515625,2140,65.3076171875,15.312149532710281,43,1.312255859375,2097,63.995361328125,0,0.0,0x76E15466,-390,491,384,-1.5234375,1.91796875,1.5,0,0x04,0,0,0,1,0,0,1,0,0,0,,,,,,,,,,,,,,,,,,,,,,
847,10,DUAL_PORTAL_9,28.266666666666666,1882479,57448.699951171875,2146,65.49072265625,15.269338303821062,42,1.28173828125,2103,64.178466796875,1,0.030517578125,0x65B1886C,-390,512,384,-1.5234375,2.0,1.5,0,0x04,0,0,0,1,0,0,1,0,0,0,,,,,,,,,,,,,,,,,,,,,,
848,10,DUAL_PORTAL_9,28.3,1884531,57511.322021484375,2052,62.6220703125,15.968810916179336,43,1.312255859375,2008,61.279296875,1,0.030517578125,0xE8570AF6,-390,512,384,-1.5234375,2.0,1.5,0,0x04,0,0,0,1,0,0,0,0,0,0,,,,,,,,,,,,,,,,,,,,,,
849,10,DUAL_PORTAL_9,28.333333333333332,1886528,57572.265625,1997,60.943603515625,16.408612919379067,44,1.3427734375,1952,59.5703125,1,0.030517578125,0xE8570AF6,-390,512,384,-1.5234375,2.0,1.5,0,0x00,0,0,0,0,0,0,0,0,0,0,,,,,,,,,,,,,,,,,,,,,,
850,10,DUAL_PORTAL_9,28.366666666666667,1888525,57633.209228515625,1997,60.943603515625,16.408612919379067,44,1.3427734375,1952,59.5703125,1,0.030517578125,0xE8570AF6,-390,512,384,-1.5234375,2.0,1.5,0,0x00,0,0,0,0,0,0,0,0,0,0,,,,,,,,,,,,,,,,,,,,,,
851,10,DUAL_PORTAL_9,28.4,1890521,57694.122314453125,1996,60.9130859375,16.416833667334668,44,1.3427734375,1952,59.5703125,0,0.0,0xE8570AF6,-390,512,384,-1.5234375,2.0,1.5,0,0x00,0,0,0,0,0,0,0,0,0,0,,,,,,,,,,,,,,,,,,,,,,
852,10,DUAL_PORTAL_9,28.433333333333334,1892516,57755.0048828125,1995,60.882568359375,16.425062656641604,43,1.312255859375,1952,59.5703125,0,0.0,0xE8570AF6,-390,512,384,-1.5234375,2.0,1.5,0,0x00,0,0,0,0,0,0,0,0,0,0,,,,,,,,,,,,,,,,,,,,,,
853,10,DUAL_PORTAL_9,28.466666666666665,1894512,57815.91796875,1996,60.9130859375,16.416833667334668,44,1.3427734375,1952,59.5703125,0,0.0,0xE8570AF6,-390,512,384,-1.5234375,2.0,1.5,0,0x08,0,0,0,0,1,0,0,0,0,0,,,,,,,,,,,,,,,,,,,,,,
