frame_index,section_id,section_name,simulation_time_seconds,measured_elapsed_ticks,measured_elapsed_ms,total_ticks,total_ms,instantaneous_fps,update_ticks,update_ms,render_ticks,render_ms,swap_ticks,swap_ms,state_hash,position_x_raw,position_y_raw,position_z_raw,position_x,position_y,position_z,room,flags,detailed,excluded_from_clean_stats,crossed_portal,changed,section_end,freecam,move_axis,turn_axis,look_axis,buttons_active,detail_corrected_total_ms,admin_corrected_ms,setup_corrected_ms,root_geometry_corrected_ms,root_fill_corrected_ms,portal_setup_corrected_ms,portal_geometry_corrected_ms,portal_fill_corrected_ms,wait_corrected_ms,present_corrected_ms,overlay_corrected_ms,transformed_vertices,projected_points,rasterized_polygons,raster_rows,filled_spans,filled_pixels,portal_composite_pixels,portal_clip_pixels,full_portal_views,lod_portal_views,edge_division_fallbacks
0,1,OPEN_YAW,0.03333333333333333,2085,63.629150390625,2085,63.629150390625,15.716067146282974,294,8.97216796875,1791,54.656982421875,0,0.0,0x5E9768D3,0,512,384,0.0,2.0,1.5,0,0x04,0,0,0,1,0,0,0,1,0,0,,,,,,,,,,,,,,,,,,,,,,
1,1,OPEN_YAW,0.06666666666666667,4207,128.387451171875,2122,64.75830078125,15.442035815268614,293,8.941650390625,1828,55.7861328125,1,0.030517578125,0x8B3821D2,0,512,384,0.0,2.0,1.5,0,0x06,1,1,0,1,0,0,0,1,0,0,60.882568359375,0.0,0.213623046875,7.965087890625,15.13671875,1.3427734375,13.18359375,2.5634765625,0.0,19.866943359375,0.6103515625,16,40,16,243,168,4868,465,465,0,1,10
2,1,OPEN_YAW,0.1,6116,186.6455078125,1909,58.258056640625,17.165007857517026,294,8.97216796875,1614,49.25537109375,1,0.030517578125,0x58A773FF,0,512,384,0.0,2.0,1.5,0,0x04,0,0,0,1,0,0,0,1,0,0,,,,,,,,,,,,,,,,,,,,,,
3,1,OPEN_YAW,0.13333333333333333,8031,245.086669921875,1915,58.441162109375,17.111227154046997,293,8.941650390625,1622,49.49951171875,0,0.0,0xAED9429C,0,512,384,0.0,2.0,1.5,0,0x04,0,0,0,1,0,0,0,1,0,0,,,,,,,,,,,,,,,,,,,,,,
4,1,OPEN_YAW,0.16666666666666666,9987,304.779052734375,1956,59.6923828125,16.752556237218815,293,8.941650390625,1663,50.750732421875,0,0.0,0x45E0B719,0,512,384,0.0,2.0,1.5,0,0x04,0,0,0,1,0,0,0,1,0,0,,,,,,,,,,,,,,,,,,,,,,
5,1,OPEN_YAW,0.2,11939,364.349365234375,1952,59.5703125,16.78688524590164,293,8.941650390625,1659,50.628662109375,0,0.0,0x1A9A2DD0,0,512,384,0.0,2.0,1.5,0,0x04,0,0,0,1,0,0,0,1,0,0,,,,,,,,,,,,,,,,,,,,,,
6,1,OPEN_YAW,0.23333333333333334,13856,422.8515625,1917,58.502197265625,17.09337506520605,293,8.941650390625,1624,49.560546875,0,0.0,0xF0C60EB7,0,512,384,0.0,2.0,1.5,0,0x04,0,0,0,1,0,0,0,1,0,0,,,,,,,,,,,,,,,,,,,,,,
7,1,OPEN_YAW,0.26666666666666666,15759,480.926513671875,1903,58.074951171875,17.219127693116132,293,8.941650390625,1610,49.13330078125,0,0.0,0xD27F4708,0,512,384,0.0,2.0,1.5,0,0x04,0,0,0,1,0,0,0,1,0,0,,,,,,,,,,,,,,,,,,,,,,
8,1,OPEN_YAW,0.3,17665,539.093017578125,1906,58.16650390625,17.19202518363064,294,8.97216796875,1611,49.163818359375,1,0.030517578125,0x94A84683,0,512,384,0.0,2.0,1.5,0,0x04,0,0,0,1,0,0,0,1,0,0,,,,,,,,,,,,,,,,,,,,,,
9,1,OPEN_YAW,0.3333333333333333,19494,594.90966796875,1829,55.816650390625,17.91580098414434,293,8.941650390625,1536,46.875,0,0.0,0x1F45C49E,0,512,384,0.0,2.0,1.5,0,0x04,0,0,0,1,0,0,0,1,0,0,,,,,,,,,,,,,,,,,,,,,,
10,1,OPEN_YAW,0.36666666666666664,21241,648.223876953125,1747,53.314208984375,18.756725815684028,293,8.941650390625,1454,44.37255859375,0,0.0,0x6E85EBC5,0,512,384,0.0,2.0,1.5,0,0x04,0,0,0,1,0,0,0,1,0,0,,,,,,,,,,,,,,,,,,,,,,
11,1,OPEN_YAW,0.4,22491,686.370849609375,1250,38.14697265625,26.2144,294,8.97216796875,956,29.1748046875,0,0.0,0x70470C18,0,512,384,0.0,2.0,1.5,0,0x04,0,0,0,1,0,0,0,1,0,0,,,,,,,,,,,,,,,,,,,,,,
12,1,OPEN_YAW,0.43333333333333335,23738,724.42626953125,1247,38.055419921875,26.27746591820369,293,8.941650390625,954,29.11376953125,0,0.0,0xE47DEAEF,0,512,384,0.0,2.0,1.5,0,0x04,0,0,0,1,0,0,0,1,0,0,,,,,,,,,,,,,,,,,,,,,,
13,1,OPEN_YAW,0.4666666666666667,24977,762.237548828125,1239,37.811279296875,26.447134786117836,293,8.941650390625,945,28.839111328125,1,0.030517578125,0x44510D1A,0,512,384,0.0,2.0,1.5,0,0x04,0,0,0,1,0,0,0,1,0,0,,,,,,,,,,,,,,,,,,,,,,
14,1,OPEN_YAW,0.5,26128,797.36328125,1151,35.125732421875,28.46915725456125,293,8.941650390625,857,26.153564453125,1,0.030517578125,0x57F83B3D,0,512,384,0.0,2.0,1.5,0,0x04,0,0,0,1,0,0,0,1,0,0,,,,,,,,,,,,,,,,,,,,,,
15,1,OPEN_YAW,0.5333333333333333,27115,827.484130859375,987,30.120849609375,33.19959473150963,294,8.97216796875,692,21.1181640625,1,0.030517578125,0xFC68B016,0,512,384,0.0,2.0,1.5,0,0x04,0,0,0,1,0,0,0,1,0,0,,,,,,,,,,,,,,,,,,,,,,
16,1,OPEN_YAW,0.5666666666666667,28089,857.208251953125,974,29.72412109375,33.64271047227926,293,8.941650390625,681,20.782470703125,0,0.0,0xA5F2BEEB,0,512,384,0.0,2.0,1.5,0,0x04,0,0,0,1,0,0,0,1,0,0,,,,,,,,,,,,,,,,,,,,,,
17,1,OPEN_YAW,0.6,28963,883.880615234375,874,26.67236328125,37.49199084668192,293,8.941650390625,581,17.730712890625,0,0.0,0xC813CCF6,0,512,384,0.0,2.0,1.5,0,0x04,0,0,0,1,0,0,0,1,0,0,,,,,,,,,,,,,,,,,,,,,,
18,1,OPEN_YAW,0.6333333333333333,30060,917.3583984375,1097,33.477783203125,29.870556061987237,293,8.941650390625,804,24.5361328125,0,0.0,0xFA8FA93F,0,512,384,0.0,2.0,1.5,0,0x04,0,0,0,1,0,0,0,1,0,0,,,,,,,,,,,,,,,,,,,,,,
19,1,OPEN_YAW,0.6666666666666666,31155,950.775146484375,1095,33.416748046875,29.92511415525114,293,8.941650390625,802,24.47509765625,0,0.0,0xFC0E3B5E,0,512,384,0.0,2.0,1.5,0,0x04,0,0,0,1,0,0,0,1,0,0,,,,,,,,,,,,,,,,,,,,,,
20,1,OPEN_YAW,0.7,32246,984.06982421875,1091,33.294677734375,30.034830430797435,294,8.97216796875,796,24.2919921875,1,0.030517578125,0xAC3150F9,0,512,384,0.0,2.0,1.5,0,0x04,0,0,0,1,0,0,0,1,0,0,,,,,,,,,,,,,,,,,,,,,,
21,1,OPEN_YAW,0.7333333333333333,33437,1020.416259765625,1191,36.346435546875,27.513014273719563,294,8.97216796875,897,27.374267578125,0,0.0,0xCB25181A,0,512,384,0.0,2.0,1.5,0,0x04,0,0,0,1,0,0,0,1,0,0,,,,,,,,,,,,,,,,,,,,,,
22,1,OPEN_YAW,0.7666666666666667,34634,1056.94580078125,1197,36.529541015625,27.375104427736005,293,8.941650390625,904,27.587890625,0,0.0,0x48C590F3,0,512,384,0.0,2.0,1.5,0,0x04,0,0,0,1,0,0,0,1,0,0,,,,,,,,,,,,,,,,,,,,,,
23,1,OPEN_YAW,0.8,35742,1090.75927734375,1108,33.8134765625,29.574007220216608,293,8.941650390625,814,24.84130859375,1,0.030517578125,0xF1FADB42,0,512,384,0.0,2.0,1.5,0,0x04,0,0,0,1,0,0,0,1,0,0,,,,,,,,,,,,,,,,,,,,,,
24,1,OPEN_YAW,0.8333333333333334,36846,1124.45068359375,1104,33.69140625,29.681159420289855,293,8.941650390625,811,24.749755859375,0,0.0,0x09DBF567,0,512,384,0.0,2.0,1.5,0,0x04,0,0,0,1,0,0,0,1,0,0,,,,,,,,,,,,,,,,,,,,,,
25,1,OPEN_YAW,0.8666666666666667,38045,1161.041259765625,1199,36.590576171875,27.329441201000833,293,8.941650390625,906,27.64892578125,0,0.0,0x727A5D9C,0,512,384,0.0,2.0,1.5,0,0x04,0,0,0,1,0,0,0,1,0,0,,,,,,,,,,,,,,,,,,,,,,
26,1,OPEN_YAW,0.9,39247,1197.723388671875,1202,36.68212890625,27.261231281198004,293,8.941650390625,908,27.7099609375,1,0.030517578125,0x6BDB5333,0,512,384,0.0,2.0,1.5,0,0x04,0,0,0,1,0,0,0,1,0,0,,,,,,,,,,,,,,,,,,,,,,
27,1,OPEN_YAW,0.9333333333333333,40341,1231.109619140625,1094,33.38623046875,29.952468007312614,293,8.941650390625,800,24.4140625,1,0.030517578125,0x5AD6DB54,0,512,384,0.0,2.0,1.5,0,0x04,0,0,0,1,0,0,0,1,0,0,,,,,,,,,,,,,,,,,,,,,,
28,1,OPEN_YAW,0.9666666666666667,41437,1264.556884765625,1096,33.447265625,29.8978102189781,294,8.97216796875,802,24.47509765625,0,0.0,0xE5D4D0F1,0,512,384,0.0,2.0,1.5,0,0x04,0,0,0,1,0,0,0,1,0,0,,,,,,,,,,,,,,,,,,,,,,
29,1,OPEN_YAW,1.0,42630,1300.96435546875,1193,36.407470703125,27.466890192791283,293,8.941650390625,899,27.435302734375,1,0.030517578125,0x160A0806,0,512,384,0.0,2.0,1.5,0,0x04,0,0,0,1,0,0,0,1,0,0,,,,,,,,,,,,,,,,,,,,,,
30,1,OPEN_YAW,1.0333333333333334,43679,1332.977294921875,1049,32.012939453125,31.237368922783602,157,4.791259765625,892,27.2216796875,0,0.0,0x779CD11B,0,512,384,0.0,2.0,1.5,0,0x04,0,0,0,1,0,0,0,1,0,0,,,,,,,,,,,,,,,,,,,,,,
31,1,OPEN_YAW,1.0666666666666667,44640,1362.3046875,961,29.327392578125,34.09781477627472,157,4.791259765625,804,24.5361328125,0,0.0,0xFB682E46,0,512,384,0.0,2.0,1.5,0,0x04,0,0,0,1,0,0,0,1,0,0,,,,,,,,,,,,,,,,,,,,,,
32,1,OPEN_YAW,1.1,45597,1391.510009765625,957,29.205322265625,34.240334378265416,157,4.791259765625,799,24.383544921875,1,0.030517578125,0xAB4F68AF,0,512,384,0.0,2.0,1.5,0,0x04,0,0,0,1,0,0,0,1,0,0,,,,,,,,,,,,,,,,,,,,,,
33,1,OPEN_YAW,1.1333333333333333,46643,1423.431396484375,1046,31.92138671875,31.326959847036328,157,4.791259765625,889,27.130126953125,0,0.0,0x0191D5F6,0,512,384,0.0,2.0,1.5,0,0x04,0,0,0,1,0,0,0,1,0,0,,,,,,,,,,,,,,,,,,,,,,
34,1,OPEN_YAW,1.1666666666666667,47681,1455.108642578125,1038,31.67724609375,31.56840077071291,156,4.7607421875,882,26.91650390625,0,0.0,0x47E40981,0,512,384,0.0,2.0,1.5,0,0x04,0,0,0,1,0,0,0,1,0,0,,,,,,,,,,,,,,,,,,,,,,
35,1,OPEN_YAW,1.2,48620,1483.7646484375,939,28.656005859375,34.89669861554846,157,4.791259765625,781,23.834228515625,1,0.030517578125,0x58D899FA,0,512,384,0.0,2.0,1.5,0,0x04,0,0,0,1,0,0,0,1,0,0,,,,,,,,,,,,,,,,,,,,,,
36,1,OPEN_YAW,1.2333333333333334,49430,1508.48388671875,810,24.71923828125,40.45432098765432,156,4.7607421875,654,19.95849609375,0,0.0,0x82178F31,0,512,384,0.0,2.0,1.5,0,0x04,0,0,0,1,0,0,0,1,0,0,,,,,,,,,,,,,,,,,,,,,,
37,1,OPEN_YAW,1.2666666666666666,50236,1533.0810546875,806,24.59716796875,40.655086848635236,156,4.7607421875,649,19.805908203125,1,0.030517578125,0x47A89276,0,512,384,0.0,2.0,1.5,0,0x04,0,0,0,1,0,0,0,1,0,0,,,,,,,,,,,,,,,,,,,,,,
38,1,OPEN_YAW,1.3,50934,1554.38232421875,698,21.30126953125,46.94555873925501,156,4.7607421875,541,16.510009765625,1,0.030517578125,0x9B4B1FEF,0,512,384,0.0,2.0,1.5,0,0x04,0,0,0,1,0,0,0,1,0,0,,,,,,,,,,,,,,,,,,,,,,
39,1,OPEN_YAW,1.3333333333333333,51621,1575.347900390625,687,20.965576171875,47.69723435225619,156,4.7607421875,531,16.204833984375,0,0.0,0x2EA80794,0,512,384,0.0,2.0,1.5,0,0x04,0,0,0,1,0,0,0,1,0,0,,,,,,,,,,,,,,,,,,,,,,
40,1,OPEN_YAW,1.3666666666666667,52284,1595.5810546875,663,20.233154296875,49.4238310708899,157,4.791259765625,506,15.44189453125,0,0.0,0x9320BBD7,0,512,384,0.0,2.0,1.5,0,0x04,0,0,0,1,0,0,0,1,0,0,,,,,,,,,,,,,,,,,,,,,,
41,1,OPEN_YAW,1.4,52946,1615.78369140625,662,20.20263671875,49.49848942598187,156,4.7607421875,506,15.44189453125,0,0.0,0xF1D64FEB,0,512,384,0.0,2.0,1.5,0,0x04,0,0,0,1,0,0,0,1,0,0,,,,,,,,,,,,,,,,,,,,,,
42,1,OPEN_YAW,1.4333333333333333,53608,1635.986328125,662,20.20263671875,49.49848942598187,156,4.7607421875,506,15.44189453125,0,0.0,0x313FD664,0,512,384,0.0,2.0,1.5,0,0x04,0,0,0,1,0,0,0,1,0,0,,,,,,,,,,,,,,,,,,,,,,
43,1,OPEN_YAW,1.4666666666666666,54271,1656.219482421875,663,20.233154296875,49.4238310708899,156,4.7607421875,506,15.44189453125,1,0.030517578125,0xD37C3B3A,0,512,384,0.0,2.0,1.5,0,0x04,0,0,0,1,0,0,0,1,0,0,,,,,,,,,,,,,,,,,,,,,,
44,1,OPEN_YAW,1.5,54934,1676.45263671875,663,20.233154296875,49.4238310708899,156,4.7607421875,507,15.472412109375,0,0.0,0xC85E6E2D,0,512,384,0.0,2.0,1.5,0,0x04,0,0,0,1,0,0,0,1,0,0,,,,,,,,,,,,,,,,,,,,,,
45,1,OPEN_YAW,1.5333333333333334,55619,1697.357177734375,685,20.904541015625,47.83649635036496,156,4.7607421875,529,16.143798828125,0,0.0,0x241E983A,0,512,384,0.0,2.0,1.5,0,0x04,0,0,0,1,0,0,0,1,0,0,,,,,,,,,,,,,,,,,,,,,,
46,1,OPEN_YAW,1.5666666666666667,56313,1718.536376953125,694,21.17919921875,47.216138328530256,156,4.7607421875,538,16.41845703125,0,0.0,0x26D8A8C7,0,512,384,0.0,2.0,1.5,0,0x04,0,0,0,1,0,0,0,1,0,0,,,,,,,,,,,,,,,,,,,,,,
47,1,OPEN_YAW,1.6,57019,1740.081787109375,706,21.54541015625,46.41359773371105,156,4.7607421875,549,16.754150390625,1,0.030517578125,0x57BE9584,0,512,384,0.0,2.0,1.5,0,0x04,0,0,0,1,0,0,0,1,0,0,,,,,,,,,,,,,,,,,,,,,,
48,1,OPEN_YAW,1.6333333333333333,57966,1768.98193359375,947,28.900146484375,34.601900739176344,156,4.7607421875,790,24.10888671875,1,0.030517578125,0x8ED5AA07,0,512,384,0.0,2.0,1.5,0,0x04,0,0,0,1,0,0,0,1,0,0,,,,,,,,,,,,,,,,,,,,,,
49,1,OPEN_YAW,1.6666666666666667,58916,1797.9736328125,950,28.99169921875,34.49263157894737,157,4.791259765625,792,24.169921875,1,0.030517578125,0x4BBB54B2,0,512,384,0.0,2.0,1.5,0,0x04,0,0,0,1,0,0,0,1,0,0,,,,,,,,,,,,,,,,,,,,,,
50,1,OPEN_YAW,1.7,59866,1826.96533203125,950,28.99169921875,34.49263157894737,156,4.7607421875,794,24.23095703125,0,0.0,0x48512005,0,512,384,0.0,2.0,1.5,0,0x04,0,0,0,1,0,0,0,1,0,0,,,,,,,,,,,,,,,,,,,,,,
51,1,OPEN_YAW,1.7333333333333334,60821,1856.109619140625,955,29.144287109375,34.31204188481676,156,4.7607421875,798,24.35302734375,1,0.030517578125,0xE2849AE4,0,512,384,0.0,2.0,1.5,0,0x04,0,0,0,1,0,0,0,1,0,0,,,,,,,,,,,,,,,,,,,,,,
52,1,OPEN_YAW,1.7666666666666666,61874,1888.24462890625,1053,32.135009765625,31.118708452041787,156,4.7607421875,897,27.374267578125,0,0.0,0x06B91CB7,0,512,384,0.0,2.0,1.5,0,0x04,0,0,0,1,0,0,0,1,0,0,,,,,,,,,,,,,,,,,,,,,,
53,1,OPEN_YAW,1.8,62838,1917.66357421875,964,29.4189453125,33.99170124481328,156,4.7607421875,808,24.658203125,0,0.0,0xEF7CD81A,0,512,384,0.0,2.0,1.5,0,0x04,0,0,0,1,0,0,0,1,0,0,,,,,,,,,,,,,,,,,,,,,,
54,1,OPEN_YAW,1.8333333333333333,63801,1947.052001953125,963,29.388427734375,34.0269989615784,157,4.791259765625,805,24.566650390625,1,0.030517578125,0x50648D73,0,512,384,0.0,2.0,1.5,0,0x04,0,0,0,1,0,0,0,1,0,0,,,,,,,,,,,,,,,,,,,,,,
55,1,OPEN_YAW,1.8666666666666667,64857,1979.278564453125,1056,32.2265625,31.03030303030303,156,4.7607421875,899,27.435302734375,1,0.030517578125,0xAAF43222,0,512,384,0.0,2.0,1.5,0,0x04,0,0,0,1,0,0,0,1,0,0,,,,,,,,,,,,,,,,,,,,,,
56,1,OPEN_YAW,1.9,65912,2011.474609375,1055,32.196044921875,31.059715639810427,157,4.791259765625,897,27.374267578125,1,0.030517578125,0x3BD3184F,0,512,384,0.0,2.0,1.5,0,0x04,0,0,0,1,0,0,0,1,0,0,,,,,,,,,,,,,,,,,,,,,,
57,1,OPEN_YAW,1.9333333333333333,66888,2041.259765625,976,29.78515625,33.57377049180328,156,4.7607421875,820,25.0244140625,0,0.0,0x076558F0,0,512,384,0.0,2.0,1.5,0,0x04,0,0,0,1,0,0,0,1,0,0,,,,,,,,,,,,,,,,,,,,,,
58,1,OPEN_YAW,1.9666666666666666,67859,2070.892333984375,971,29.632568359375,33.74665293511843,156,4.7607421875,815,24.871826171875,0,0.0,0x498711DD,0,512,384,0.0,2.0,1.5,0,0x04,0,0,0,1,0,0,0,1,0,0,,,,,,,,,,,,,,,,,,,,,,
59,1,OPEN_YAW,2.0,68927,2103.485107421875,1068,32.5927734375,30.681647940074907,156,4.7607421875,912,27.83203125,0,0.0,0x46A0A0DE,0,512,384,0.0,2.0,1.5,0,0x04,0,0,0,1,0,0,0,1,0,0,,,,,,,,,,,,,,,,,,,,,,
60,1,OPEN_YAW,2.033333333333333,69992,2135.986328125,1065,32.501220703125,30.76807511737089,156,4.7607421875,908,27.7099609375,1,0.030517578125,0x9DD3D2F1,0,512,384,0.0,2.0,1.5,0,0x04,0,0,0,1,0,0,0,1,0,0,,,,,,,,,,,,,,,,,,,,,,
61,1,OPEN_YAW,2.066666666666667,70968,2165.771484375,976,29.78515625,33.57377049180328,156,4.7607421875,819,24.993896484375,1,0.030517578125,0x7811DB3C,0,512,384,0.0,2.0,1.5,0,0x04,0,0,0,1,0,0,0,1,0,0,,,,,,,,,,,,,,,,,,,,,,
62,1,OPEN_YAW,2.1,71931,2195.159912109375,963,29.388427734375,34.0269989615784,156,4.7607421875,807,24.627685546875,0,0.0,0x84E13E89,0,512,384,0.0,2.0,1.5,0,0x04,0,0,0,1,0,0,0,1,0,0,,,,,,,,,,,,,,,,,,,,,,
63,1,OPEN_YAW,2.1333333333333333,72971,2226.898193359375,1040,31.73828125,31.50769230769231,156,4.7607421875,884,26.9775390625,0,0.0,0x87201FF4,0,512,384,0.0,2.0,1.5,0,0x04,0,0,0,1,0,0,0,1,0,0,,,,,,,,,,,,,,,,,,,,,,
64,1,OPEN_YAW,2.1666666666666665,73807,2252.410888671875,836,25.5126953125,39.196172248803826,157,4.791259765625,679,20.721435546875,0,0.0,0x84E13E89,0,512,384,0.0,2.0,1.5,0,0x04,0,0,0,1,0,0,0,-1,0,0,,,,,,,,,,,,,,,,,,,,,,
65,1,OPEN_YAW,2.2,74871,2284.881591796875,1064,32.470703125,30.796992481203006,156,4.7607421875,908,27.7099609375,0,0.0,0x7811DB3C,0,512,384,0.0,2.0,1.5,0,0x04,0,0,0,1,0,0,0,-1,0,0,,,,,,,,,,,,,,,,,,,,,,
66,1,OPEN_YAW,2.2333333333333334,75842,2314.51416015625,971,29.632568359375,33.74665293511843,156,4.7607421875,814,24.84130859375,1,0.030517578125,0x9DD3D2F1,0,512,384,0.0,2.0,1.5,0,0x04,0,0,0,1,0,0,0,-1,0,0,,,,,,,,,,,,,,,,,,,,,,
67,1,OPEN_YAW,2.2666666666666666,76819,2344.329833984375,977,29.815673828125,33.53940634595701,156,4.7607421875,820,25.0244140625,1,0.030517578125,0x46A0A0DE,0,512,384,0.0,2.0,1.5,0,0x04,0,0,0,1,0,0,0,-1,0,0,,,,,,,,,,,,,,,,,,,,,,
68,1,OPEN_YAW,2.3,77886,2376.89208984375,1067,32.562255859375,30.710402999062794,157,4.791259765625,910,27.77099609375,0,0.0,0x498711DD,0,512,384,0.0,2.0,1.5,0,0x04,0,0,0,1,0,0,0,-1,0,0,,,,,,,,,,,,,,,,,,,,,,
69,1,OPEN_YAW,2.3333333333333335,78956,2409.5458984375,1070,32.65380859375,30.624299065420562,156,4.7607421875,913,27.862548828125,1,0.030517578125,0x076558F0,0,512,384,0.0,2.0,1.5,0,0x04,0,0,0,1,0,0,0,-1,0,0,,,,,,,,,,,,,,,,,,,,,,
70,1,OPEN_YAW,2.3666666666666667,79915,2438.812255859375,959,29.266357421875,34.1689259645464,157,4.791259765625,801,24.444580078125,1,0.030517578125,0x3BD3184F,0,512,384,0.0,2.0,1.5,0,0x04,0,0,0,1,0,0,0,-1,0,0,,,,,,,,,,,,,,,,,,,,,,
71,1,OPEN_YAW,2.4,80879,2468.231201171875,964,29.4189453125,33.99170124481328,156,4.7607421875,807,24.627685546875,1,0.030517578125,0xAAF43222,0,512,384,0.0,2.0,1.5,0,0x04,0,0,0,1,0,0,0,-1,0,0,,,,,,,,,,,,,,,,,,,,,,
72,1,OPEN_YAW,2.433333333333333,81934,2500.42724609375,1055,32.196044921875,31.059715639810427,156,4.7607421875,898,27.40478515625,1,0.030517578125,0x50648D73,0,512,384,0.0,2.0,1.5,0,0x04,0,0,0,1,0,0,0,-1,0,0,,,,,,,,,,,,,,,,,,,,,,
73,1,OPEN_YAW,2.466666666666667,82989,2532.623291015625,1055,32.196044921875,31.059715639810427,156,4.7607421875,899,27.435302734375,0,0.0,0xEF7CD81A,0,512,384,0.0,2.0,1.5,0,0x04,0,0,0,1,0,0,0,-1,0,0,,,,,,,,,,,,,,,,,,,,,,
74,1,OPEN_YAW,2.5,83948,2561.8896484375,959,29.266357421875,34.1689259645464,156,4.7607421875,802,24.47509765625,1,0.030517578125,0x06B91CB7,0,512,384,0.0,2.0,1.5,0,0x04,0,0,0,1,0,0,0,-1,0,0,,,,,,,,,,,,,,,,,,,,,,
75,1,OPEN_YAW,2.533333333333333,84909,2591.217041015625,961,29.327392578125,34.09781477627472,156,4.7607421875,804,24.5361328125,1,0.030517578125,0xE2849AE4,0,512,384,0.0,2.0,1.5,0,0x04,0,0,0,1,0,0,0,-1,0,0,,,,,,,,,,,,,,,,,,,,,,
76,1,OPEN_YAW,2.566666666666667,85959,2623.260498046875,1050,32.04345703125,31.207619047619048,156,4.7607421875,894,27.28271484375,0,0.0,0x48512005,0,512,384,0.0,2.0,1.5,0,0x04,0,0,0,1,0,0,0,-1,0,0,,,,,,,,,,,,,,,,,,,,,,
77,1,OPEN_YAW,2.6,86909,2652.252197265625,950,28.99169921875,34.49263157894737,156,4.7607421875,793,24.200439453125,1,0.030517578125,0x4BBB54B2,0,512,384,0.0,2.0,1.5,0,0x04,0,0,0,1,0,0,0,-1,0,0,,,,,,,,,,,,,,,,,,,,,,
78,1,OPEN_YAW,2.6333333333333333,87854,2681.09130859375,945,28.839111328125,34.67513227513228,157,4.791259765625,788,24.0478515625,0,0.0,0x8ED5AA07,0,512,384,0.0,2.0,1.5,0,0x04,0,0,0,1,0,0,0,-1,0,0,,,,,,,,,,,,,,,,,,,,,,
79,1,OPEN_YAW,2.6666666666666665,88676,2706.1767578125,822,25.08544921875,39.86374695863747,157,4.791259765625,665,20.294189453125,0,0.0,0x57BE9584,0,512,384,0.0,2.0,1.5,0,0x04,0,0,0,1,0,0,0,-1,0,0,,,,,,,,,,,,,,,,,,,,,,
80,1,OPEN_YAW,2.7,89494,2731.14013671875,818,24.96337890625,40.05867970660147,156,4.7607421875,662,20.20263671875,0,0.0,0x26D8A8C7,0,512,384,0.0,2.0,1.5,0,0x04,0,0,0,1,0,0,0,-1,0,0,,,,,,,,,,,,,,,,,,,,,,
81,1,OPEN_YAW,2.7333333333333334,90190,2752.38037109375,696,21.240234375,47.08045977011494,156,4.7607421875,539,16.448974609375,1,0.030517578125,0x241E983A,0,512,384,0.0,2.0,1.5,0,0x04,0,0,0,1,0,0,0,-1,0,0,,,,,,,,,,,,,,,,,,,,,,
82,1,OPEN_YAW,2.7666666666666666,90858,2772.76611328125,668,20.3857421875,49.053892215568865,156,4.7607421875,512,15.625,0,0.0,0xC85E6E2D,0,512,384,0.0,2.0,1.5,0,0x04,0,0,0,1,0,0,0,-1,0,0,,,,,,,,,,,,,,,,,,,,,,
83,1,OPEN_YAW,2.8,91520,2792.96875,662,20.20263671875,49.49848942598187,156,4.7607421875,506,15.44189453125,0,0.0,0xD37C3B3A,0,512,384,0.0,2.0,1.5,0,0x04,0,0,0,1,0,0,0,-1,0,0,,,,,,,,,,,,,,,,,,,,,,
84,1,OPEN_YAW,2.8333333333333335,92183,2813.201904296875,663,20.233154296875,49.4238310708899,156,4.7607421875,506,15.44189453125,1,0.030517578125,0x313FD664,0,512,384,0.0,2.0,1.5,0,0x04,0,0,0,1,0,0,0,-1,0,0,,,,,,,,,,,,,,,,,,,,,,
85,1,OPEN_YAW,2.8666666666666667,92846,2833.43505859375,663,20.233154296875,49.4238310708899,156,4.7607421875,506,15.44189453125,1,0.030517578125,0xF1D64FEB,0,512,384,0.0,2.0,1.5,0,0x04,0,0,0,1,0,0,0,-1,0,0,,,,,,,,,,,,,,,,,,,,,,
86,1,OPEN_YAW,2.9,93509,2853.668212890625,663,20.233154296875,49.4238310708899,156,4.7607421875,506,15.44189453125,1,0.030517578125,0x9320BBD7,0,512,384,0.0,2.0,1.5,0,0x04,0,0,0,1,0,0,0,-1,0,0,,,,,,,,,,,,,,,,,,,,,,
87,1,OPEN_YAW,2.933333333333333,94192,2874.51171875,683,20.843505859375,47.97657393850659,156,4.7607421875,526,16.05224609375,1,0.030517578125,0x2EA80794,0,512,384,0.0,2.0,1.5,0,0x04,0,0,0,1,0,0,0,-1,0,0,,,,,,,,,,,,,,,,,,,,,,
88,1,OPEN_YAW,2.966666666666667,94877,2895.416259765625,685,20.904541015625,47.83649635036496,156,4.7607421875,528,16.11328125,1,0.030517578125,0x9B4B1FEF,0,512,384,0.0,2.0,1.5,0,0x04,0,0,0,1,0,0,0,-1,0,0,,,,,,,,,,,,,,,,,,,,,,
89,1,OPEN_YAW,3.0,95572,2916.6259765625,695,21.209716796875,47.14820143884892,156,4.7607421875,539,16.448974609375,0,0.0,0x47A89276,0,512,384,0.0,2.0,1.5,0,0x04,0,0,0,1,0,0,0,-1,0,0,,,,,,,,,,,,,,,,,,,,,,
90,1,OPEN_YAW,3.033333333333333,96283,2938.323974609375,711,21.697998046875,46.08720112517581,157,4.791259765625,553,16.876220703125,1,0.030517578125,0x82178F31,0,512,384,0.0,2.0,1.5,0,0x04,0,0,0,1,0,0,0,-1,0,0,,,,,,,,,,,,,,,,,,,,,,
91,1,OPEN_YAW,3.066666666666667,97214,2966.73583984375,931,28.411865234375,35.19656283566058,157,4.791259765625,773,23.590087890625,1,0.030517578125,0x58D899FA,0,512,384,0.0,2.0,1.5,0,0x04,0,0,0,1,0,0,0,-1,0,0,,,,,,,,,,,,,,,,,,,,,,
92,1,OPEN_YAW,3.1,98148,2995.2392578125,934,28.50341796875,35.08351177730193,156,4.7607421875,777,23.712158203125,1,0.030517578125,0x47E40981,0,512,384,0.0,2.0,1.5,0,0x04,0,0,0,1,0,0,0,-1,0,0,,,,,,,,,,,,,,,,,,,,,,
93,1,OPEN_YAW,3.1333333333333333,99093,3024.078369140625,945,28.839111328125,34.67513227513228,157,4.791259765625,788,24.0478515625,0,0.0,0x0191D5F6,0,512,384,0.0,2.0,1.5,0,0x04,0,0,0,1,0,0,0,-1,0,0,,,,,,,,,,,,,,,,,,,,,,
94,1,OPEN_YAW,3.1666666666666665,100136,3055.908203125,1043,31.829833984375,31.417066155321187,156,4.7607421875,887,27.069091796875,0,0.0,0xAB4F68AF,0,512,384,0.0,2.0,1.5,0,0x04,0,0,0,1,0,0,0,-1,0,0,,,,,,,,,,,,,,,,,,,,,,
95,1,OPEN_YAW,3.2,101184,3087.890625,1048,31.982421875,31.267175572519083,156,4.7607421875,892,27.2216796875,0,0.0,0xFB682E46,0,512,384,0.0,2.0,1.5,0,0x04,0,0,0,1,0,0,0,-1,0,0,,,,,,,,,,,,,,,,,,,,,,
96,1,OPEN_YAW,3.2333333333333334,102143,3117.156982421875,959,29.266357421875,34.1689259645464,156,4.7607421875,802,24.47509765625,1,0.030517578125,0x779CD11B,0,512,384,0.0,2.0,1.5,0,0x04,0,0,0,1,0,0,0,-1,0,0,,,,,,,,,,,,,,,,,,,,,,
97,1,OPEN_YAW,3.2666666666666666,103105,3146.514892578125,962,29.35791015625,34.062370062370064,156,4.7607421875,806,24.59716796875,0,0.0,0x160A0806,0,512,384,0.0,2.0,1.5,0,0x04,0,0,0,1,0,0,0,-1,0,0,,,,,,,,,,,,,,,,,,,,,,
98,1,OPEN_YAW,3.3,104154,3178.52783203125,1049,32.012939453125,31.237368922783602,156,4.7607421875,892,27.2216796875,1,0.030517578125,0xE5D4D0F1,0,512,384,0.0,2.0,1.5,0,0x04,0,0,0,1,0,0,0,-1,0,0,,,,,,,,,,,,,,,,,,,,,,
99,1,OPEN_YAW,3.3333333333333335,105209,3210.723876953125,1055,32.196044921875,31.059715639810427,156,4.7607421875,898,27.40478515625,1,0.030517578125,0x5AD6DB54,0,512,384,0.0,2.0,1.5,0,0x04,0,0,0,1,0,0,0,-1,0,0,,,,,,,,,,,,,,,,,,,,,,
100,1,OPEN_YAW,3.3666666666666667,106182,3240.41748046875,973,29.693603515625,33.677286742034944,157,4.791259765625,815,24.871826171875,1,0.030517578125,0x6BDB5333,0,512,384,0.0,2.0,1.5,0,0x04,0,0,0,1,0,0,0,-1,0,0,,,,,,,,,,,,,,,,,,,,,,
101,1,OPEN_YAW,3.4,107153,3270.050048828125,971,29.632568359375,33.74665293511843,157,4.791259765625,813,24.810791015625,1,0.030517578125,0x727A5D9C,0,512,384,0.0,2.0,1.5,0,0x04,0,0,0,1,0,0,0,-1,0,0,,,,,,,,,,,,,,,,,,,,,,
102,1,OPEN_YAW,3.433333333333333,108216,3302.490234375,1063,32.440185546875,30.825964252116652,156,4.7607421875,907,27.679443359375,0,0.0,0x09DBF567,0,512,384,0.0,2.0,1.5,0,0x04,0,0,0,1,0,0,0,-1,0,0,,,,,,,,,,,,,,,,,,,,,,
103,1,OPEN_YAW,3.466666666666667,109276,3334.8388671875,1060,32.3486328125,30.91320754716981,157,4.791259765625,903,27.557373046875,0,0.0,0xF1FADB42,0,512,384,0.0,2.0,1.5,0,0x04,0,0,0,1,0,0,0,-1,0,0,,,,,,,,,,,,,,,,,,,,,,
104,1,OPEN_YAW,3.5,110241,3364.288330078125,965,29.449462890625,33.95647668393782,156,4.7607421875,809,24.688720703125,0,0.0,0x48C590F3,0,512,384,0.0,2.0,1.5,0,0x04,0,0,0,1,0,0,0,-1,0,0,,,,,,,,,,,,,,,,,,,,,,
105,1,OPEN_YAW,3.533333333333333,111206,3393.73779296875,965,29.449462890625,33.95647668393782,156,4.7607421875,809,24.688720703125,0,0.0,0xCB25181A,0,512,384,0.0,2.0,1.5,0,0x04,0,0,0,1,0,0,0,-1,0,0,,,,,,,,,,,,,,,,,,,,,,
106,1,OPEN_YAW,3.566666666666667,112259,3425.872802734375,1053,32.135009765625,31.118708452041787,156,4.7607421875,897,27.374267578125,0,0.0,0xAC3150F9,0,512,384,0.0,2.0,1.5,0,0x04,0,0,0,1,0,0,0,-1,0,0,,,,,,,,,,,,,,,,,,,,,,
107,1,OPEN_YAW,3.6,113314,3458.06884765625,1055,32.196044921875,31.059715639810427,157,4.791259765625,897,27.374267578125,1,0.030517578125,0xFC0E3B5E,0,512,384,0.0,2.0,1.5,0,0x04,0,0,0,1,0,0,0,-1,0,0,,,,,,,,,,,,,,,,,,,,,,
108,1,OPEN_YAW,3.6333333333333333,114270,3487.24365234375,956,29.1748046875,34.27615062761506,156,4.7607421875,800,24.4140625,0,0.0,0xFA8FA93F,0,512,384,0.0,2.0,1.5,0,0x04,0,0,0,1,0,0,0,-1,0,0,,,,,,,,,,,,,,,,,,,,,,
109,1,OPEN_YAW,3.6666666666666665,115101,3512.603759765625,831,25.360107421875,39.43200962695548,156,4.7607421875,675,20.599365234375,0,0.0,0xC813CCF6,0,512,384,0.0,2.0,1.5,0,0x04,0,0,0,1,0,0,0,-1,0,0,,,,,,,,,,,,,,,,,,,,,,
110,1,OPEN_YAW,3.7,115959,3538.787841796875,858,26.18408203125,38.19114219114219,156,4.7607421875,702,21.42333984375,0,0.0,0xA5F2BEEB,0,512,384,0.0,2.0,1.5,0,0x04,0,0,0,1,0,0,0,-1,0,0,,,,,,,,,,,,,,,,,,,,,,
111,1,OPEN_YAW,3.7333333333333334,116732,3562.3779296875,773,23.590087890625,42.39068564036223,156,4.7607421875,617,18.829345703125,0,0.0,0xFC68B016,0,512,384,0.0,2.0,1.5,0,0x04,0,0,0,1,0,0,0,-1,0,0,,,,,,,,,,,,,,,,,,,,,,
112,1,OPEN_YAW,3.7666666666666666,117740,3593.1396484375,1008,30.76171875,32.507936507936506,157,4.791259765625,850,25.93994140625,1,0.030517578125,0x57F83B3D,0,512,384,0.0,2.0,1.5,0,0x04,0,0,0,1,0,0,0,-1,0,0,,,,,,,,,,,,,,,,,,,,,,
113,1,OPEN_YAW,3.8,118767,3624.481201171875,1027,31.341552734375,31.906523855890946,157,4.791259765625,869,26.519775390625,1,0.030517578125,0x44510D1A,0,512,384,0.0,2.0,1.5,0,0x04,0,0,0,1,0,0,0,-1,0,0,,,,,,,,,,,,,,,,,,,,,,
114,1,OPEN_YAW,3.8333333333333335,119804,3656.1279296875,1037,31.646728515625,31.59884281581485,156,4.7607421875,881,26.885986328125,0,0.0,0xE47DEAEF,0,512,384,0.0,2.0,1.5,0,0x04,0,0,0,1,0,0,0,-1,0,0,,,,,,,,,,,,,,,,,,,,,,
115,1,OPEN_YAW,3.8666666666666667,120918,3690.12451171875,1114,33.99658203125,29.414721723518852,156,4.7607421875,957,29.205322265625,1,0.030517578125,0x70470C18,0,512,384,0.0,2.0,1.5,0,0x04,0,0,0,1,0,0,0,-1,0,0,,,,,,,,,,,,,,,,,,,,,,
116,1,OPEN_YAW,3.9,122532,3739.3798828125,1614,49.25537109375,20.302354399008674,157,4.791259765625,1456,44.43359375,1,0.030517578125,0x6E85EBC5,0,512,384,0.0,2.0,1.5,0,0x04,0,0,0,1,0,0,0,-1,0,0,,,,,,,,,,,,,,,,,,,,,,
117,1,OPEN_YAW,3.933333333333333,124174,3789.48974609375,1642,50.10986328125,19.956151035322776,157,4.791259765625,1484,45.2880859375,1,0.030517578125,0x1F45C49E,0,512,384,0.0,2.0,1.5,0,0x04,0,0,0,1,0,0,0,-1,0,0,,,,,,,,,,,,,,,,,,,,,,
118,1,OPEN_YAW,3.966666666666667,125855,3840.789794921875,1681,51.300048828125,19.493158834027366,157,4.791259765625,1523,46.478271484375,1,0.030517578125,0x94A84683,0,512,384,0.0,2.0,1.5,0,0x04,0,0,0,1,0,0,0,-1,0,0,,,,,,,,,,,,,,,,,,,,,,
119,1,OPEN_YAW,4.0,127627,3894.866943359375,1772,54.0771484375,18.492099322799096,156,4.7607421875,1615,49.285888671875,1,0.030517578125,0xD27F4708,0,512,384,0.0,2.0,1.5,0,0x04,0,0,0,1,0,0,0,-1,0,0,,,,,,,,,,,,,,,,,,,,,,
120,1,OPEN_YAW,4.033333333333333,129418,3949.52392578125,1791,54.656982421875,18.295924064768286,156,4.7607421875,1635,49.896240234375,0,0.0,0xF0C60EB7,0,512,384,0.0,2.0,1.5,0,0x04,0,0,0,1,0,0,0,-1,0,0,,,,,,,,,,,,,,,,,,,,,,
121,1,OPEN_YAW,4.066666666666666,131191,4003.631591796875,1773,54.107666015625,18.48166948674563,156,4.7607421875,1616,49.31640625,1,0.030517578125,0x1A9A2DD0,0,512,384,0.0,2.0,1.5,0,0x04,0,0,0,1,0,0,0,-1,0,0,,,,,,,,,,,,,,,,,,,,,,
122,1,OPEN_YAW,4.1,132962,4057.67822265625,1771,54.046630859375,18.502540937323545,156,4.7607421875,1614,49.25537109375,1,0.030517578125,0x45E0B719,0,512,384,0.0,2.0,1.5,0,0x04,0,0,0,1,0,0,0,-1,0,0,,,,,,,,,,,,,,,,,,,,,,
123,1,OPEN_YAW,4.133333333333334,134742,4111.99951171875,1780,54.3212890625,18.408988764044945,157,4.791259765625,1622,49.49951171875,1,0.030517578125,0xAED9429C,0,512,384,0.0,2.0,1.5,0,0x04,0,0,0,1,0,0,0,-1,0,0,,,,,,,,,,,,,,,,,,,,,,
124,1,OPEN_YAW,4.166666666666667,136516,4166.1376953125,1774,54.13818359375,18.471251409244644,157,4.791259765625,1616,49.31640625,1,0.030517578125,0x58A773FF,0,512,384,0.0,2.0,1.5,0,0x04,0,0,0,1,0,0,0,-1,0,0,,,,,,,,,,,,,,,,,,,,,,
125,1,OPEN_YAW,4.2,138393,4223.419189453125,1877,57.281494140625,17.45764517847629,156,4.7607421875,1720,52.490234375,1,0.030517578125,0x8B3821D2,0,512,384,0.0,2.0,1.5,0,0x04,0,0,0,1,0,0,0,-1,0,0,,,,,,,,,,,,,,,,,,,,,,
126,1,OPEN_YAW,4.233333333333333,140232,4279.541015625,1839,56.121826171875,17.81837955410549,157,4.791259765625,1682,51.33056640625,0,0.0,0x5E9768D3,0,512,384,0.0,2.0,1.5,0,0x04,0,0,0,1,0,0,0,-1,0,0,,,,,,,,,,,,,,,,,,,,,,
127,1,OPEN_YAW,4.266666666666667,142093,4336.334228515625,1861,56.793212890625,17.607737775389577,156,4.7607421875,1705,52.032470703125,0,0.0,0x9E5629C9,0,512,384,0.0,2.0,1.5,0,0x0C,0,0,0,1,1,0,0,-1,0,0,,,,,,,,,,,,,,,,,,,,,,
128,2,PITCH_SWEEP,4.3,144006,4394.71435546875,1913,58.380126953125,17.129116570831155,157,4.791259765625,1756,53.5888671875,0,0.0,0xEBC50AFB,0,512,384,0.0,2.0,1.5,0,0x04,0,0,0,1,0,0,0,0,1,0,,,,,,,,,,,,,,,,,,,,,,
129,2,PITCH_SWEEP,4.333333333333333,145812,4449.8291015625,1806,55.11474609375,18.143964562569213,157,4.791259765625,1649,50.323486328125,0,0.0,0x99F6DC11,0,512,384,0.0,2.0,1.5,0,0x04,0,0,0,1,0,0,0,0,1,0,,,,,,,,,,,,,,,,,,,,,,
130,2,PITCH_SWEEP,4.366666666666666,147640,4505.615234375,1828,55.7861328125,17.925601750547045,157,4.791259765625,1671,50.994873046875,0,0.0,0xF5262E21,0,512,384,0.0,2.0,1.5,0,0x04,0,0,0,1,0,0,0,0,1,0,,,,,,,,,,,,,,,,,,,,,,
131,2,PITCH_SWEEP,4.4,149474,4561.58447265625,1834,55.96923828125,17.866957470010906,157,4.791259765625,1677,51.177978515625,0,0.0,0xB89D05A3,0,512,384,0.0,2.0,1.5,0,0x04,0,0,0,1,0,0,0,0,1,0,,,,,,,,,,,,,,,,,,,,,,
132,2,PITCH_SWEEP,4.433333333333334,151311,4617.645263671875,1837,56.060791015625,17.837778987479588,157,4.791259765625,1680,51.26953125,0,0.0,0x0366AA7D,0,512,384,0.0,2.0,1.5,0,0x04,0,0,0,1,0,0,0,0,1,0,,,,,,,,,,,,,,,,,,,,,,
133,2,PITCH_SWEEP,4.466666666666667,153156,4673.9501953125,1845,56.304931640625,17.760433604336043,157,4.791259765625,1687,51.483154296875,1,0.030517578125,0xD32DF697,0,512,384,0.0,2.0,1.5,0,0x06,1,1,0,1,0,0,0,0,1,0,52.42919921875,0.030517578125,0.213623046875,7.781982421875,14.678955078125,1.312255859375,12.359619140625,2.471923828125,0.0,13.00048828125,0.579833984375,16,40,15,231,166,4865,454,454,0,1,10
134,2,PITCH_SWEEP,4.5,154994,4730.04150390625,1838,56.09130859375,17.828073993471165,158,4.82177734375,1679,51.239013671875,1,0.030517578125,0xFD0ED9B9,0,512,384,0.0,2.0,1.5,0,0x04,0,0,0,1,0,0,0,0,1,0,,,,,,,,,,,,,,,,,,,,,,
135,2,PITCH_SWEEP,4.533333333333333,156803,4785.247802734375,1809,55.206298828125,18.11387506909895,157,4.791259765625,1651,50.384521484375,1,0.030517578125,0x384A2F1B,0,512,384,0.0,2.0,1.5,0,0x04,0,0,0,1,0,0,0,0,1,0,,,,,,,,,,,,,,,,,,,,,,
136,2,PITCH_SWEEP,4.566666666666666,158551,4838.592529296875,1748,53.3447265625,18.74599542334096,157,4.791259765625,1591,48.553466796875,0,0.0,0x7DFB7EEB,0,512,384,0.0,2.0,1.5,0,0x04,0,0,0,1,0,0,0,0,1,0,,,,,,,,,,,,,,,,,,,,,,
137,2,PITCH_SWEEP,4.6,160249,4890.411376953125,1698,51.81884765625,19.297997644287396,157,4.791259765625,1541,47.027587890625,0,0.0,0x665540F9,0,512,384,0.0,2.0,1.5,0,0x04,0,0,0,1,0,0,0,0,1,0,,,,,,,,,,,,,,,,,,,,,,
138,2,PITCH_SWEEP,4.633333333333334,161923,4941.497802734375,1674,51.08642578125,19.574671445639186,157,4.791259765625,1517,46.295166015625,0,0.0,0x24928A59,0,512,384,0.0,2.0,1.5,0,0x04,0,0,0,1,0,0,0,0,1,0,,,,,,,,,,,,,,,,,,,,,,
139,2,PITCH_SWEEP,4.666666666666667,163567,4991.668701171875,1644,50.1708984375,19.931873479318735,157,4.791259765625,1486,45.34912109375,1,0.030517578125,0xE620FE03,0,512,384,0.0,2.0,1.5,0,0x04,0,0,0,1,0,0,0,0,1,0,,,,,,,,,,,,,,,,,,,,,,
140,2,PITCH_SWEEP,4.7,165203,5041.595458984375,1636,49.9267578125,20.029339853300733,158,4.82177734375,1477,45.074462890625,1,0.030517578125,0xF31CD78D,0,512,384,0.0,2.0,1.5,0,0x04,0,0,0,1,0,0,0,0,1,0,,,,,,,,,,,,,,,,,,,,,,
141,2,PITCH_SWEEP,4.733333333333333,166795,5090.179443359375,1592,48.583984375,20.582914572864322,157,4.791259765625,1435,43.792724609375,0,0.0,0xFC73F4CF,0,512,384,0.0,2.0,1.5,0,0x04,0,0,0,1,0,0,0,0,1,0,,,,,,,,,,,,,,,,,,,,,,
142,2,PITCH_SWEEP,4.766666666666667,168354,5137.75634765625,1559,47.576904296875,21.018601667735727,157,4.791259765625,1401,42.755126953125,1,0.030517578125,0x31DBE5A1,0,512,384,0.0,2.0,1.5,0,0x04,0,0,0,1,0,0,0,0,1,0,,,,,,,,,,,,,,,,,,,,,,
143,2,PITCH_SWEEP,4.8,169844,5183.2275390625,1490,45.47119140625,21.99194630872483,157,4.791259765625,1332,40.6494140625,1,0.030517578125,0x637D44ED,0,512,384,0.0,2.0,1.5,0,0x04,0,0,0,1,0,0,0,0,1,0,,,,,,,,,,,,,,,,,,,,,,
144,2,PITCH_SWEEP,4.833333333333333,171303,5227.752685546875,1459,44.525146484375,22.4592186429061,157,4.791259765625,1302,39.73388671875,0,0.0,0xDF585765,0,512,384,0.0,2.0,1.5,0,0x04,0,0,0,1,0,0,0,0,1,0,,,,,,,,,,,,,,,,,,,,,,
145,2,PITCH_SWEEP,4.866666666666666,172392,5260.986328125,1089,33.233642578125,30.089990817263544,157,4.791259765625,932,28.4423828125,0,0.0,0xC6349AE7,0,512,384,0.0,2.0,1.5,0,0x04,0,0,0,1,0,0,0,0,1,0,,,,,,,,,,,,,,,,,,,,,,
146,2,PITCH_SWEEP,4.9,173388,5291.3818359375,996,30.3955078125,32.899598393574294,157,4.791259765625,838,25.57373046875,1,0.030517578125,0xF7C74FC9,0,512,384,0.0,2.0,1.5,0,0x04,0,0,0,1,0,0,0,0,1,0,,,,,,,,,,,,,,,,,,,,,,
147,2,PITCH_SWEEP,4.933333333333334,174349,5320.709228515625,961,29.327392578125,34.09781477627472,157,4.791259765625,804,24.5361328125,0,0.0,0xD205864D,0,512,384,0.0,2.0,1.5,0,0x04,0,0,0,1,0,0,0,0,1,0,,,,,,,,,,,,,,,,,,,,,,
148,2,PITCH_SWEEP,4.966666666666667,175270,5348.81591796875,921,28.106689453125,35.57871878393051,157,4.791259765625,764,23.3154296875,0,0.0,0x5776983D,0,512,384,0.0,2.0,1.5,0,0x04,0,0,0,1,0,0,0,0,1,0,,,,,,,,,,,,,,,,,,,,,,
149,2,PITCH_SWEEP,5.0,176172,5376.3427734375,902,27.52685546875,36.328159645232816,157,4.791259765625,745,22.735595703125,0,0.0,0x3C8645B7,0,512,384,0.0,2.0,1.5,0,0x04,0,0,0,1,0,0,0,0,1,0,,,,,,,,,,,,,,,,,,,,,,
150,2,PITCH_SWEEP,5.033333333333333,177046,5403.01513671875,874,26.67236328125,37.49199084668192,157,4.791259765625,717,21.881103515625,0,0.0,0xE8184D3B,0,512,384,0.0,2.0,1.5,0,0x04,0,0,0,1,0,0,0,0,1,0,,,,,,,,,,,,,,,,,,,,,,
151,2,PITCH_SWEEP,5.066666666666666,177911,5429.412841796875,865,26.397705078125,37.882080924855494,157,4.791259765625,707,21.575927734375,1,0.030517578125,0x92BE7535,0,512,384,0.0,2.0,1.5,0,0x04,0,0,0,1,0,0,0,0,1,0,,,,,,,,,,,,,,,,,,,,,,
152,2,PITCH_SWEEP,5.1,178753,5455.108642578125,842,25.69580078125,38.91686460807601,158,4.82177734375,683,20.843505859375,1,0.030517578125,0xE8184D3B,0,512,384,0.0,2.0,1.5,0,0x04,0,0,0,1,0,0,0,0,-1,0,,,,,,,,,,,,,,,,,,,,,,
153,2,PITCH_SWEEP,5.133333333333334,179630,5481.87255859375,877,26.763916015625,37.36374002280502,158,4.82177734375,719,21.942138671875,0,0.0,0x3C8645B7,0,512,384,0.0,2.0,1.5,0,0x04,0,0,0,1,0,0,0,0,-1,0,,,,,,,,,,,,,,,,,,,,,,
154,2,PITCH_SWEEP,5.166666666666667,180524,5509.1552734375,894,27.28271484375,36.65324384787472,157,4.791259765625,737,22.491455078125,0,0.0,0x5776983D,0,512,384,0.0,2.0,1.5,0,0x04,0,0,0,1,0,0,0,0,-1,0,,,,,,,,,,,,,,,,,,,,,,
155,2,PITCH_SWEEP,5.2,181442,5537.17041015625,918,28.01513671875,35.694989106753816,157,4.791259765625,761,23.223876953125,0,0.0,0xD205864D,0,512,384,0.0,2.0,1.5,0,0x04,0,0,0,1,0,0,0,0,-1,0,,,,,,,,,,,,,,,,,,,,,,
156,2,PITCH_SWEEP,5.233333333333333,182377,5565.704345703125,935,28.533935546875,35.045989304812835,157,4.791259765625,778,23.74267578125,0,0.0,0xF7C74FC9,0,512,384,0.0,2.0,1.5,0,0x04,0,0,0,1,0,0,0,0,-1,0,,,,,,,,,,,,,,,,,,,,,,
157,2,PITCH_SWEEP,5.266666666666667,183410,5597.22900390625,1033,31.524658203125,31.721200387221685,157,4.791259765625,875,26.702880859375,1,0.030517578125,0xC6349AE7,0,512,384,0.0,2.0,1.5,0,0x04,0,0,0,1,0,0,0,0,-1,0,,,,,,,,,,,,,,,,,,,,,,
158,2,PITCH_SWEEP,5.3,184821,5640.289306640625,1411,43.060302734375,23.223245924875975,157,4.791259765625,1253,38.238525390625,1,0.030517578125,0xDF585765,0,512,384,0.0,2.0,1.5,0,0x04,0,0,0,1,0,0,0,0,-1,0,,,,,,,,,,,,,,,,,,,,,,
159,2,PITCH_SWEEP,5.333333333333333,186279,5684.783935546875,1458,44.49462890625,22.474622770919066,157,4.791259765625,1300,39.6728515625,1,0.030517578125,0x637D44ED,0,512,384,0.0,2.0,1.5,0,0x04,0,0,0,1,0,0,0,0,-1,0,,,,,,,,,,,,,,,,,,,,,,
160,2,PITCH_SWEEP,5.366666666666666,187811,5731.536865234375,1532,46.7529296875,21.389033942558747,158,4.82177734375,1374,41.93115234375,0,0.0,0x31DBE5A1,0,512,384,0.0,2.0,1.5,0,0x04,0,0,0,1,0,0,0,0,-1,0,,,,,,,,,,,,,,,,,,,,,,
161,2,PITCH_SWEEP,5.4,189389,5779.693603515625,1578,48.15673828125,20.76552598225602,157,4.791259765625,1420,43.3349609375,1,0.030517578125,0xFC73F4CF,0,512,384,0.0,2.0,1.5,0,0x04,0,0,0,1,0,0,0,0,-1,0,,,,,,,,,,,,,,,,,,,,,,
162,2,PITCH_SWEEP,5.433333333333334,191005,5829.010009765625,1616,49.31640625,20.277227722772277,158,4.82177734375,1458,44.49462890625,0,0.0,0xF31CD78D,0,512,384,0.0,2.0,1.5,0,0x04,0,0,0,1,0,0,0,0,-1,0,,,,,,,,,,,,,,,,,,,,,,
163,2,PITCH_SWEEP,5.466666666666667,192647,5879.119873046875,1642,50.10986328125,19.956151035322776,157,4.791259765625,1484,45.2880859375,1,0.030517578125,0xE620FE03,0,512,384,0.0,2.0,1.5,0,0x04,0,0,0,1,0,0,0,0,-1,0,,,,,,,,,,,,,,,,,,,,,,
164,2,PITCH_SWEEP,5.5,194283,5929.046630859375,1636,49.9267578125,20.029339853300733,158,4.82177734375,1477,45.074462890625,1,0.030517578125,0x24928A59,0,512,384,0.0,2.0,1.5,0,0x04,0,0,0,1,0,0,0,0,-1,0,,,,,,,,,,,,,,,,,,,,,,
165,2,PITCH_SWEEP,5.533333333333333,195958,5980.16357421875,1675,51.116943359375,19.562985074626866,157,4.791259765625,1517,46.295166015625,1,0.030517578125,0x665540F9,0,512,384,0.0,2.0,1.5,0,0x04,0,0,0,1,0,0,0,0,-1,0,,,,,,,,,,,,,,,,,,,,,,
166,2,PITCH_SWEEP,5.566666666666666,197676,6032.5927734375,1718,52.42919921875,19.073341094295692,158,4.82177734375,1559,47.576904296875,1,0.030517578125,0x7DFB7EEB,0,512,384,0.0,2.0,1.5,0,0x04,0,0,0,1,0,0,0,0,-1,0,,,,,,,,,,,,,,,,,,,,,,
167,2,PITCH_SWEEP,5.6,199445,6086.578369140625,1769,53.985595703125,18.523459581684566,158,4.82177734375,1610,49.13330078125,1,0.030517578125,0x384A2F1B,0,512,384,0.0,2.0,1.5,0,0x04,0,0,0,1,0,0,0,0,-1,0,,,,,,,,,,,,,,,,,,,,,,
168,2,PITCH_SWEEP,5.633333333333334,201216,6140.625,1771,54.046630859375,18.502540937323545,158,4.82177734375,1613,49.224853515625,0,0.0,0xFD0ED9B9,0,512,384,0.0,2.0,1.5,0,0x04,0,0,0,1,0,0,0,0,-1,0,,,,,,,,,,,,,,,,,,,,,,
169,2,PITCH_SWEEP,5.666666666666667,203026,6195.86181640625,1810,55.23681640625,18.10386740331492,157,4.791259765625,1652,50.4150390625,1,0.030517578125,0xD32DF697,0,512,384,0.0,2.0,1.5,0,0x04,0,0,0,1,0,0,0,0,-1,0,,,,,,,,,,,,,,,,,,,,,,
170,2,PITCH_SWEEP,5.7,204868,6252.0751953125,1842,56.21337890625,17.789359391965256,158,4.82177734375,1684,51.3916015625,0,0.0,0x0366AA7D,0,512,384,0.0,2.0,1.5,0,0x04,0,0,0,1,0,0,0,0,-1,0,,,,,,,,,,,,,,,,,,,,,,
171,2,PITCH_SWEEP,5.733333333333333,206698,6307.92236328125,1830,55.84716796875,17.90601092896175,157,4.791259765625,1673,51.055908203125,0,0.0,0xB89D05A3,0,512,384,0.0,2.0,1.5,0,0x04,0,0,0,1,0,0,0,0,-1,0,,,,,,,,,,,,,,,,,,,,,,
172,2,PITCH_SWEEP,5.766666666666667,208521,6363.555908203125,1823,55.633544921875,17.97476686780033,157,4.791259765625,1666,50.84228515625,0,0.0,0xF5262E21,0,512,384,0.0,2.0,1.5,0,0x04,0,0,0,1,0,0,0,0,-1,0,,,,,,,,,,,,,,,,,,,,,,
173,2,PITCH_SWEEP,5.8,210353,6419.464111328125,1832,55.908203125,17.88646288209607,157,4.791259765625,1674,51.08642578125,1,0.030517578125,0x99F6DC11,0,512,384,0.0,2.0,1.5,0,0x04,0,0,0,1,0,0,0,0,-1,0,,,,,,,,,,,,,,,,,,,,,,
174,2,PITCH_SWEEP,5.833333333333333,212184,6475.341796875,1831,55.877685546875,17.89623156744948,157,4.791259765625,1674,51.08642578125,0,0.0,0xEBC50AFB,0,512,384,0.0,2.0,1.5,0,0x04,0,0,0,1,0,0,0,0,-1,0,,,,,,,,,,,,,,,,,,,,,,
175,2,PITCH_SWEEP,5.866666666666666,213984,6530.2734375,1800,54.931640625,18.204444444444444,157,4.791259765625,1643,50.140380859375,0,0.0,0x9E5629C9,0,512,384,0.0,2.0,1.5,0,0x04,0,0,0,1,0,0,0,0,-1,0,,,,,,,,,,,,,,,,,,,,,,
176,2,PITCH_SWEEP,5.9,215791,6585.418701171875,1807,55.145263671875,18.133923630326507,157,4.791259765625,1650,50.35400390625,0,0.0,0x70322F27,0,512,384,0.0,2.0,1.5,0,0x04,0,0,0,1,0,0,0,0,-1,0,,,,,,,,,,,,,,,,,,,,,,
177,2,PITCH_SWEEP,5.933333333333334,217607,6640.838623046875,1816,55.419921875,18.044052863436125,157,4.791259765625,1658,50.59814453125,1,0.030517578125,0x390641B9,0,512,384,0.0,2.0,1.5,0,0x04,0,0,0,1,0,0,0,0,-1,0,,,,,,,,,,,,,,,,,,,,,,
178,2,PITCH_SWEEP,5.966666666666667,219358,6694.27490234375,1751,53.436279296875,18.71387778412336,158,4.82177734375,1593,48.614501953125,0,0.0,0xC1D27A09,0,512,384,0.0,2.0,1.5,0,0x04,0,0,0,1,0,0,0,0,-1,0,,,,,,,,,,,,,,,,,,,,,,
179,2,PITCH_SWEEP,6.0,221104,6747.55859375,1746,53.28369140625,18.767468499427263,157,4.791259765625,1588,48.4619140625,1,0.030517578125,0xDBF98667,0,512,384,0.0,2.0,1.5,0,0x04,0,0,0,1,0,0,0,0,-1,0,,,,,,,,,,,,,,,,,,,,,,
180,2,PITCH_SWEEP,6.033333333333333,222813,6799.713134765625,1709,52.154541015625,19.173785839672323,158,4.82177734375,1550,47.30224609375,1,0.030517578125,0x776F84F5,0,512,384,0.0,2.0,1.5,0,0x04,0,0,0,1,0,0,0,0,-1,0,,,,,,,,,,,,,,,,,,,,,,
181,2,PITCH_SWEEP,6.066666666666666,224477,6850.494384765625,1664,50.78125,19.692307692307693,157,4.791259765625,1507,45.989990234375,0,0.0,0x9C5D3DAB,0,512,384,0.0,2.0,1.5,0,0x04,0,0,0,1,0,0,0,0,-1,0,,,,,,,,,,,,,,,,,,,,,,
182,2,PITCH_SWEEP,6.1,226074,6899.23095703125,1597,48.736572265625,20.5184721352536,157,4.791259765625,1440,43.9453125,0,0.0,0xF3A6ABD1,0,512,384,0.0,2.0,1.5,0,0x04,0,0,0,1,0,0,0,0,-1,0,,,,,,,,,,,,,,,,,,,,,,
183,2,PITCH_SWEEP,6.133333333333334,227647,6947.235107421875,1573,48.004150390625,20.831532104259377,157,4.791259765625,1415,43.182373046875,1,0.030517578125,0x979B296F,0,512,384,0.0,2.0,1.5,0,0x04,0,0,0,1,0,0,0,0,-1,0,,,,,,,,,,,,,,,,,,,,,,
184,2,PITCH_SWEEP,6.166666666666667,229181,6994.049072265625,1534,46.81396484375,21.36114732724902,158,4.82177734375,1375,41.961669921875,1,0.030517578125,0x0CFC7757,0,512,384,0.0,2.0,1.5,0,0x04,0,0,0,1,0,0,0,0,-1,0,,,,,,,,,,,,,,,,,,,,,,
185,2,PITCH_SWEEP,6.2,230689,7040.069580078125,1508,46.0205078125,21.72944297082228,157,4.791259765625,1350,41.19873046875,1,0.030517578125,0x917C6B41,0,512,384,0.0,2.0,1.5,0,0x04,0,0,0,1,0,0,0,0,-1,0,,,,,,,,,,,,,,,,,,,,,,
186,2,PITCH_SWEEP,6.233333333333333,232162,7085.02197265625,1473,44.952392578125,22.245756958587915,157,4.791259765625,1316,40.1611328125,0,0.0,0x556C25D5,0,512,384,0.0,2.0,1.5,0,0x04,0,0,0,1,0,0,0,0,-1,0,,,,,,,,,,,,,,,,,,,,,,
187,2,PITCH_SWEEP,6.266666666666667,233592,7128.662109375,1430,43.64013671875,22.914685314685315,157,4.791259765625,1272,38.818359375,1,0.030517578125,0x1E07FA07,0,512,384,0.0,2.0,1.5,0,0x04,0,0,0,1,0,0,0,0,-1,0,,,,,,,,,,,,,,,,,,,,,,
188,2,PITCH_SWEEP,6.3,234626,7160.21728515625,1034,31.55517578125,31.690522243713733,158,4.82177734375,876,26.7333984375,0,0.0,0x9BACD179,0,512,384,0.0,2.0,1.5,0,0x04,0,0,0,1,0,0,0,0,-1,0,,,,,,,,,,,,,,,,,,,,,,
189,2,PITCH_SWEEP,6.333333333333333,235638,7191.10107421875,1012,30.8837890625,32.3794466403162,157,4.791259765625,855,26.092529296875,0,0.0,0x41E71BC3,0,512,384,0.0,2.0,1.5,0,0x04,0,0,0,1,0,0,0,0,-1,0,,,,,,,,,,,,,,,,,,,,,,
190,2,PITCH_SWEEP,6.366666666666666,236559,7219.207763671875,921,28.106689453125,35.57871878393051,157,4.791259765625,764,23.3154296875,0,0.0,0xACF00F3D,0,512,384,0.0,2.0,1.5,0,0x04,0,0,0,1,0,0,0,0,-1,0,,,,,,,,,,,,,,,,,,,,,,
191,2,PITCH_SWEEP,6.4,237448,7246.337890625,889,27.130126953125,36.85939257592801,157,4.791259765625,732,22.3388671875,0,0.0,0x32DB7BBD,0,512,384,0.0,2.0,1.5,0,0x04,0,0,0,1,0,0,0,0,-1,0,,,,,,,,,,,,,,,,,,,,,,
192,2,PITCH_SWEEP,6.433333333333334,238300,7272.3388671875,852,26.0009765625,38.460093896713616,157,4.791259765625,695,21.209716796875,0,0.0,0xB63D0AED,0,512,384,0.0,2.0,1.5,0,0x04,0,0,0,1,0,0,0,0,-1,0,,,,,,,,,,,,,,,,,,,,,,
193,2,PITCH_SWEEP,6.466666666666667,239128,7297.607421875,828,25.2685546875,39.57487922705314,157,4.791259765625,671,20.477294921875,0,0.0,0x1DBE7CEB,0,512,384,0.0,2.0,1.5,0,0x04,0,0,0,1,0,0,0,0,-1,0,,,,,,,,,,,,,,,,,,,,,,
194,2,PITCH_SWEEP,6.5,239956,7322.8759765625,828,25.2685546875,39.57487922705314,157,4.791259765625,671,20.477294921875,0,0.0,0x955E2471,0,512,384,0.0,2.0,1.5,0,0x04,0,0,0,1,0,0,0,0,-1,0,,,,,,,,,,,,,,,,,,,,,,
195,2,PITCH_SWEEP,6.533333333333333,240798,7348.57177734375,842,25.69580078125,38.91686460807601,157,4.791259765625,685,20.904541015625,0,0.0,0x6151133D,0,512,384,0.0,2.0,1.5,0,0x04,0,0,0,1,0,0,0,0,-1,0,,,,,,,,,,,,,,,,,,,,,,
196,2,PITCH_SWEEP,6.566666666666666,241641,7374.298095703125,843,25.726318359375,38.87069988137604,157,4.791259765625,686,20.93505859375,0,0.0,0x900FB321,0,512,384,0.0,2.0,1.5,0,0x04,0,0,0,1,0,0,0,0,-1,0,,,,,,,,,,,,,,,,,,,,,,
197,2,PITCH_SWEEP,6.6,242335,7395.477294921875,694,21.17919921875,47.216138328530256,157,4.791259765625,537,16.387939453125,0,0.0,0xC01F6EEB,0,512,384,0.0,2.0,1.5,0,0x04,0,0,0,1,0,0,0,0,-1,0,,,,,,,,,,,,,,,,,,,,,,
198,2,PITCH_SWEEP,6.633333333333334,243030,7416.68701171875,695,21.209716796875,47.14820143884892,157,4.791259765625,537,16.387939453125,1,0.030517578125,0x984FEC5B,0,512,384,0.0,2.0,1.5,0,0x04,0,0,0,1,0,0,0,0,-1,0,,,,,,,,,,,,,,,,,,,,,,
199,2,PITCH_SWEEP,6.666666666666667,243710,7437.43896484375,680,20.751953125,48.188235294117646,157,4.791259765625,523,15.960693359375,0,0.0,0x0C713E95,0,512,384,0.0,2.0,1.5,0,0x04,0,0,0,1,0,0,0,0,-1,0,,,,,,,,,,,,,,,,,,,,,,
200,2,PITCH_SWEEP,6.7,244405,7458.648681640625,695,21.209716796875,47.14820143884892,157,4.791259765625,537,16.387939453125,1,0.030517578125,0x984FEC5B,0,512,384,0.0,2.0,1.5,0,0x04,0,0,0,1,0,0,0,0,1,0,,,,,,,,,,,,,,,,,,,,,,
201,2,PITCH_SWEEP,6.733333333333333,245100,7479.8583984375,695,21.209716796875,47.14820143884892,158,4.82177734375,537,16.387939453125,0,0.0,0xC01F6EEB,0,512,384,0.0,2.0,1.5,0,0x04,0,0,0,1,0,0,0,0,1,0,,,,,,,,,,,,,,,,,,,,,,
202,2,PITCH_SWEEP,6.766666666666667,245943,7505.584716796875,843,25.726318359375,38.87069988137604,157,4.791259765625,686,20.93505859375,0,0.0,0x900FB321,0,512,384,0.0,2.0,1.5,0,0x04,0,0,0,1,0,0,0,0,1,0,,,,,,,,,,,,,,,,,,,,,,
203,2,PITCH_SWEEP,6.8,246786,7531.31103515625,843,25.726318359375,38.87069988137604,157,4.791259765625,686,20.93505859375,0,0.0,0x6151133D,0,512,384,0.0,2.0,1.5,0,0x04,0,0,0,1,0,0,0,0,1,0,,,,,,,,,,,,,,,,,,,,,,
204,2,PITCH_SWEEP,6.833333333333333,247616,7556.640625,830,25.32958984375,39.47951807228916,157,4.791259765625,672,20.5078125,1,0.030517578125,0x955E2471,0,512,384,0.0,2.0,1.5,0,0x04,0,0,0,1,0,0,0,0,1,0,,,,,,,,,,,,,,,,,,,,,,
205,2,PITCH_SWEEP,6.866666666666666,248446,7581.97021484375,830,25.32958984375,39.47951807228916,158,4.82177734375,672,20.5078125,0,0.0,0x1DBE7CEB,0,512,384,0.0,2.0,1.5,0,0x04,0,0,0,1,0,0,0,0,1,0,,,,,,,,,,,,,,,,,,,,,,
206,2,PITCH_SWEEP,6.9,249275,7607.269287109375,829,25.299072265625,39.52714113389626,157,4.791259765625,672,20.5078125,0,0.0,0xB63D0AED,0,512,384,0.0,2.0,1.5,0,0x04,0,0,0,1,0,0,0,0,1,0,,,,,,,,,,,,,,,,,,,,,,
207,2,PITCH_SWEEP,6.933333333333334,250104,7632.568359375,829,25.299072265625,39.52714113389626,157,4.791259765625,672,20.5078125,0,0.0,0x32DB7BBD,0,512,384,0.0,2.0,1.5,0,0x04,0,0,0,1,0,0,0,0,1,0,,,,,,,,,,,,,,,,,,,,,,
208,2,PITCH_SWEEP,6.966666666666667,250962,7658.75244140625,858,26.18408203125,38.19114219114219,157,4.791259765625,700,21.3623046875,1,0.030517578125,0xACF00F3D,0,512,384,0.0,2.0,1.5,0,0x04,0,0,0,1,0,0,0,0,1,0,,,,,,,,,,,,,,,,,,,,,,
209,2,PITCH_SWEEP,7.0,251921,7688.018798828125,959,29.266357421875,34.1689259645464,158,4.82177734375,800,24.4140625,1,0.030517578125,0x41E71BC3,0,512,384,0.0,2.0,1.5,0,0x04,0,0,0,1,0,0,0,0,1,0,,,,,,,,,,,,,,,,,,,,,,
210,2,PITCH_SWEEP,7.033333333333333,252913,7718.292236328125,992,30.2734375,33.03225806451613,157,4.791259765625,835,25.482177734375,0,0.0,0x9BACD179,0,512,384,0.0,2.0,1.5,0,0x04,0,0,0,1,0,0,0,0,1,0,,,,,,,,,,,,,,,,,,,,,,
211,2,PITCH_SWEEP,7.066666666666666,254310,7760.92529296875,1397,42.633056640625,23.45597709377237,157,4.791259765625,1239,37.811279296875,1,0.030517578125,0x1E07FA07,0,512,384,0.0,2.0,1.5,0,0x04,0,0,0,1,0,0,0,0,1,0,,,,,,,,,,,,,,,,,,,,,,
212,2,PITCH_SWEEP,7.1,255761,7805.206298828125,1451,44.281005859375,22.583046175051688,157,4.791259765625,1294,39.48974609375,0,0.0,0x556C25D5,0,512,384,0.0,2.0,1.5,0,0x04,0,0,0,1,0,0,0,0,1,0,,,,,,,,,,,,,,,,,,,,,,
213,2,PITCH_SWEEP,7.133333333333334,257262,7851.01318359375,1501,45.806884765625,21.830779480346436,157,4.791259765625,1343,40.985107421875,1,0.030517578125,0x917C6B41,0,512,384,0.0,2.0,1.5,0,0x04,0,0,0,1,0,0,0,0,1,0,,,,,,,,,,,,,,,,,,,,,,
214,2,PITCH_SWEEP,7.166666666666667,258794,7897.76611328125,1532,46.7529296875,21.389033942558747,158,4.82177734375,1373,41.900634765625,1,0.030517578125,0x0CFC7757,0,512,384,0.0,2.0,1.5,0,0x04,0,0,0,1,0,0,0,0,1,0,,,,,,,,,,,,,,,,,,,,,,
215,2,PITCH_SWEEP,7.2,260344,7945.068359375,1550,47.30224609375,21.140645161290323,157,4.791259765625,1393,42.510986328125,0,0.0,0x979B296F,0,512,384,0.0,2.0,1.5,0,0x04,0,0,0,1,0,0,0,0,1,0,,,,,,,,,,,,,,,,,,,,,,
216,2,PITCH_SWEEP,7.233333333333333,261920,7993.1640625,1576,48.095703125,20.79187817258883,157,4.791259765625,1418,43.27392578125,1,0.030517578125,0xF3A6ABD1,0,512,384,0.0,2.0,1.5,0,0x04,0,0,0,1,0,0,0,0,1,0,,,,,,,,,,,,,,,,,,,,,,
217,2,PITCH_SWEEP,7.266666666666667,263555,8043.060302734375,1635,49.896240234375,20.041590214067277,158,4.82177734375,1477,45.074462890625,0,0.0,0x9C5D3DAB,0,512,384,0.0,2.0,1.5,0,0x04,0,0,0,1,0,0,0,0,1,0,,,,,,,,,,,,,,,,,,,,,,
218,2,PITCH_SWEEP,7.3,265199,8093.231201171875,1644,50.1708984375,19.931873479318735,157,4.791259765625,1486,45.34912109375,1,0.030517578125,0x776F84F5,0,512,384,0.0,2.0,1.5,0,0x04,0,0,0,1,0,0,0,0,1,0,,,,,,,,,,,,,,,,,,,,,,
219,2,PITCH_SWEEP,7.333333333333333,266916,8145.6298828125,1717,52.398681640625,19.084449621432732,157,4.791259765625,1559,47.576904296875,1,0.030517578125,0xDBF98667,0,512,384,0.0,2.0,1.5,0,0x04,0,0,0,1,0,0,0,0,1,0,,,,,,,,,,,,,,,,,,,,,,
220,2,PITCH_SWEEP,7.366666666666666,268652,8198.6083984375,1736,52.978515625,18.87557603686636,158,4.82177734375,1577,48.126220703125,1,0.030517578125,0xC1D27A09,0,512,384,0.0,2.0,1.5,0,0x04,0,0,0,1,0,0,0,0,1,0,,,,,,,,,,,,,,,,,,,,,,
221,2,PITCH_SWEEP,7.4,270414,8252.38037109375,1762,53.77197265625,18.59704880817253,158,4.82177734375,1603,48.919677734375,1,0.030517578125,0x390641B9,0,512,384,0.0,2.0,1.5,0,0x04,0,0,0,1,0,0,0,0,1,0,,,,,,,,,,,,,,,,,,,,,,
222,2,PITCH_SWEEP,7.433333333333334,272189,8306.549072265625,1775,54.168701171875,18.460845070422536,158,4.82177734375,1617,49.346923828125,0,0.0,0x70322F27,0,512,384,0.0,2.0,1.5,0,0x04,0,0,0,1,0,0,0,0,1,0,,,,,,,,,,,,,,,,,,,,,,
223,2,PITCH_SWEEP,7.466666666666667,273991,8361.541748046875,1802,54.99267578125,18.1842397336293,157,4.791259765625,1645,50.201416015625,0,0.0,0x9E5629C9,0,512,384,0.0,2.0,1.5,0,0x0C,0,0,0,1,1,0,0,0,1,0,,,,,,,,,,,,,,,,,,,,,,
224,3,PORTAL_FAR,7.5,275717,8414.215087890625,1726,52.67333984375,18.984936268829664,149,4.547119140625,1577,48.126220703125,0,0.0,0x8A2F81AC,0,533,384,0.0,2.08203125,1.5,0,0x04,0,0,0,1,0,0,1,0,0,0,,,,,,,,,,,,,,,,,,,,,,
225,3,PORTAL_FAR,7.533333333333333,277381,8464.996337890625,1664,50.78125,19.692307692307693,149,4.547119140625,1515,46.234130859375,0,0.0,0xE25D7961,0,554,384,0.0,2.1640625,1.5,0,0x04,0,0,0,1,0,0,1,0,0,0,,,,,,,,,,,,,,,,,,,,,,
226,3,PORTAL_FAR,7.566666666666666,279076,8516.7236328125,1695,51.727294921875,19.332153392330383,149,4.547119140625,1545,47.149658203125,1,0.030517578125,0x21F6AB56,0,575,384,0.0,2.24609375,1.5,0,0x04,0,0,0,1,0,0,1,0,0,0,,,,,,,,,,,,,,,,,,,,,,
227,3,PORTAL_FAR,7.6,280637,8564.361572265625,1561,47.637939453125,20.99167200512492,149,4.547119140625,1412,43.0908203125,0,0.0,0xDF40AB83,0,596,384,0.0,2.328125,1.5,0,0x04,0,0,0,1,0,0,1,0,0,0,,,,,,,,,,,,,,,,,,,,,,
228,3,PORTAL_FAR,7.633333333333334,282311,8615.447998046875,1674,51.08642578125,19.574671445639186,149,4.547119140625,1525,46.539306640625,0,0.0,0xC8B687A0,0,617,384,0.0,2.41015625,1.5,0,0x04,0,0,0,1,0,0,1,0,0,0,,,,,,,,,,,,,,,,,,,,,,
229,3,PORTAL_FAR,7.666666666666667,283986,8666.56494140625,1675,51.116943359375,19.562985074626866,149,4.547119140625,1525,46.539306640625,1,0.030517578125,0x21711EA5,0,638,384,0.0,2.4921875,1.5,0,0x04,0,0,0,1,0,0,1,0,0,0,,,,,,,,,,,,,,,,,,,,,,
230,3,PORTAL_FAR,7.7,285709,8719.146728515625,1723,52.581787109375,19.01799187463726,150,4.57763671875,1572,47.9736328125,1,0.030517578125,0xEF2709EA,0,659,384,0.0,2.57421875,1.5,0,0x04,0,0,0,1,0,0,1,0,0,0,,,,,,,,,,,,,,,,,,,,,,
231,3,PORTAL_FAR,7.733333333333333,287504,8773.92578125,1795,54.779052734375,18.25515320334262,150,4.57763671875,1644,50.1708984375,1,0.030517578125,0xA681AE77,0,680,384,0.0,2.65625,1.5,0,0x04,0,0,0,1,0,0,1,0,0,0,,,,,,,,,,,,,,,,,,,,,,
232,3,PORTAL_FAR,7.766666666666667,289307,8828.948974609375,1803,55.023193359375,18.174154187465337,150,4.57763671875,1652,50.4150390625,1,0.030517578125,0xC1415BE4,0,701,384,0.0,2.73828125,1.5,0,0x04,0,0,0,1,0,0,1,0,0,0,,,,,,,,,,,,,,,,,,,,,,
233,3,PORTAL_FAR,7.8,290856,8876.220703125,1549,47.271728515625,21.154293092317623,150,4.57763671875,1398,42.66357421875,1,0.030517578125,0x15562539,0,722,384,0.0,2.8203125,1.5,0,0x04,0,0,0,1,0,0,1,0,0,0,,,,,,,,,,,,,,,,,,,,,,
234,3,PORTAL_FAR,7.833333333333333,292569,8928.497314453125,1713,52.276611328125,19.12901342673672,150,4.57763671875,1562,47.66845703125,1,0.030517578125,0x2E3AAF2E,0,743,384,0.0,2.90234375,1.5,0,0x04,0,0,0,1,0,0,1,0,0,0,,,,,,,,,,,,,,,,,,,,,,
235,3,PORTAL_FAR,7.866666666666666,294301,8981.353759765625,1732,52.8564453125,18.919168591224018,150,4.57763671875,1582,48.27880859375,0,0.0,0x6A11B2BB,0,764,384,0.0,2.984375,1.5,0,0x04,0,0,0,1,0,0,1,0,0,0,,,,,,,,,,,,,,,,,,,,,,
236,3,PORTAL_FAR,7.9,295888,9029.78515625,1587,48.431396484375,20.647763074984248,149,4.547119140625,1437,43.853759765625,1,0.030517578125,0x98AF8E0D,0,785,384,0.0,3.06640625,1.5,0,0x04,0,0,0,1,0,0,1,0,0,0,,,,,,,,,,,,,,,,,,,,,,
237,3,PORTAL_FAR,7.933333333333334,297604,9082.1533203125,1716,52.3681640625,19.095571095571096,150,4.57763671875,1565,47.760009765625,1,0.030517578125,0x3C798CE8,0,806,384,0.0,3.1484375,1.5,0,0x04,0,0,0,1,0,0,1,0,0,0,,,,,,,,,,,,,,,,,,,,,,
238,3,PORTAL_FAR,7.966666666666667,299506,9140.19775390625,1902,58.04443359375,17.228180862250262,149,4.547119140625,1753,53.497314453125,0,0.0,0xE5941D8F,0,827,384,0.0,3.23046875,1.5,0,0x04,0,0,0,1,0,0,1,0,0,0,,,,,,,,,,,,,,,,,,,,,,
239,3,PORTAL_FAR,8.0,301273,9194.122314453125,1767,53.924560546875,18.54442558007923,149,4.547119140625,1618,49.37744140625,0,0.0,0xB6B9C662,0,848,384,0.0,3.3125,1.5,0,0x04,0,0,0,1,0,0,1,0,0,0,,,,,,,,,,,,,,,,,,,,,,
240,3,PORTAL_FAR,8.033333333333333,303051,9248.382568359375,1778,54.26025390625,18.429696287964006,149,4.547119140625,1628,49.6826171875,1,0.030517578125,0xD8E4F351,0,869,384,0.0,3.39453125,1.5,0,0x04,0,0,0,1,0,0,1,0,0,0,,,,,,,,,,,,,,,,,,,,,,
241,3,PORTAL_FAR,8.066666666666666,304817,9302.276611328125,1766,53.89404296875,18.55492638731597,149,4.547119140625,1616,49.31640625,1,0.030517578125,0x6E5527DC,0,890,384,0.0,3.4765625,1.5,0,0x04,0,0,0,1,0,0,1,0,0,0,,,,,,,,,,,,,,,,,,,,,,
242,3,PORTAL_FAR,8.1,306688,9359.375,1871,57.098388671875,17.513629075360768,150,4.57763671875,1720,52.490234375,1,0.030517578125,0x41C83353,0,911,384,0.0,3.55859375,1.5,0,0x04,0,0,0,1,0,0,1,0,0,0,,,,,,,,,,,,,,,,,,,,,,
243,3,PORTAL_FAR,8.133333333333333,308586,9417.29736328125,1898,57.92236328125,17.26448893572181,150,4.57763671875,1747,53.314208984375,1,0.030517578125,0xF40E8226,0,932,384,0.0,3.640625,1.5,0,0x04,0,0,0,1,0,0,1,0,0,0,,,,,,,,,,,,,,,,,,,,,,
244,3,PORTAL_FAR,8.166666666666666,310525,9476.470947265625,1939,59.173583984375,16.899432697266633,150,4.57763671875,1789,54.595947265625,0,0.0,0x48B41C45,0,953,384,0.0,3.72265625,1.5,0,0x04,0,0,0,1,0,0,1,0,0,0,,,,,,,,,,,,,,,,,,,,,,
245,3,PORTAL_FAR,8.2,312446,9535.09521484375,1921,58.624267578125,17.057782404997397,149,4.547119140625,1771,54.046630859375,1,0.030517578125,0xD734A8A0,0,974,384,0.0,3.8046875,1.5,0,0x04,0,0,0,1,0,0,1,0,0,0,,,,,,,,,,,,,,,,,,,,,,
246,3,PORTAL_FAR,8.233333333333333,314068,9584.5947265625,1622,49.49951171875,20.20221948212084,150,4.57763671875,1472,44.921875,0,0.0,0xCA13AD67,0,995,384,0.0,3.88671875,1.5,0,0x04,0,0,0,1,0,0,1,0,0,0,,,,,,,,,,,,,,,,,,,,,,
247,3,PORTAL_FAR,8.266666666666667,315865,9639.434814453125,1797,54.840087890625,18.234835837506957,149,4.547119140625,1648,50.29296875,0,0.0,0x67B1739A,0,1016,384,0.0,3.96875,1.5,0,0x04,0,0,0,1,0,0,1,0,0,0,,,,,,,,,,,,,,,,,,,,,,
248,3,PORTAL_FAR,8.3,317652,9693.9697265625,1787,54.534912109375,18.33687744823727,149,4.547119140625,1637,49.957275390625,1,0.030517578125,0xA1481F06,0,1037,384,0.0,4.05078125,1.5,0,0x04,0,0,0,1,0,0,1,0,0,0,,,,,,,,,,,,,,,,,,,,,,
249,3,PORTAL_FAR,8.333333333333334,319459,9749.114990234375,1807,55.145263671875,18.133923630326507,149,4.547119140625,1657,50.567626953125,1,0.030517578125,0xEFFF61B3,0,1058,384,0.0,4.1328125,1.5,0,0x04,0,0,0,1,0,0,1,0,0,0,,,,,,,,,,,,,,,,,,,,,,
250,3,PORTAL_FAR,8.366666666666667,321425,9809.112548828125,1966,59.99755859375,16.66734486266531,149,4.547119140625,1817,55.450439453125,0,0.0,0x0292F82C,0,1079,384,0.0,4.21484375,1.5,0,0x04,0,0,0,1,0,0,1,0,0,0,,,,,,,,,,,,,,,,,,,,,,
251,3,PORTAL_FAR,8.4,323357,9868.072509765625,1932,58.9599609375,16.96066252587992,150,4.57763671875,1781,54.351806640625,1,0.030517578125,0x0E050D61,0,1100,384,0.0,4.296875,1.5,0,0x04,0,0,0,1,0,0,1,0,0,0,,,,,,,,,,,,,,,,,,,,,,
252,3,PORTAL_FAR,8.433333333333334,325285,9926.910400390625,1928,58.837890625,16.99585062240664,150,4.57763671875,1778,54.26025390625,0,0.0,0x42376622,0,1121,384,0.0,4.37890625,1.5,0,0x04,0,0,0,1,0,0,1,0,0,0,,,,,,,,,,,,,,,,,,,,,,
253,3,PORTAL_FAR,8.466666666666667,327086,9981.87255859375,1801,54.962158203125,18.194336479733483,150,4.57763671875,1650,50.35400390625,1,0.030517578125,0xD22FBA7F,0,1142,384,0.0,4.4609375,1.5,0,0x04,0,0,0,1,0,0,1,0,0,0,,,,,,,,,,,,,,,,,,,,,,
254,3,PORTAL_FAR,8.5,328874,10036.43798828125,1788,54.5654296875,18.32662192393736,149,4.547119140625,1638,49.98779296875,1,0.030517578125,0x7259FE18,0,1163,384,0.0,4.54296875,1.5,0,0x06,1,1,0,1,0,0,1,0,0,0,51.08642578125,0.0,0.213623046875,8.209228515625,13.641357421875,1.617431640625,13.5498046875,4.0283203125,0.0,9.246826171875,0.579833984375,16,40,15,250,172,4896,924,924,0,1,6
255,3,PORTAL_FAR,8.533333333333333,330878,10097.59521484375,2004,61.1572265625,16.35129740518962,150,4.57763671875,1854,56.57958984375,0,0.0,0xCE60C26D,0,1184,384,0.0,4.625,1.5,0,0x04,0,0,0,1,0,0,1,0,0,0,,,,,,,,,,,,,,,,,,,,,,
256,3,PORTAL_FAR,8.566666666666666,332804,10156.3720703125,1926,58.77685546875,17.0134994807892,149,4.547119140625,1776,54.19921875,1,0.030517578125,0xA69ACC5E,0,1205,384,0.0,4.70703125,1.5,0,0x04,0,0,0,1,0,0,1,0,0,0,,,,,,,,,,,,,,,,,,,,,,
257,3,PORTAL_FAR,8.6,334456,10206.787109375,1652,50.4150390625,19.83535108958838,149,4.547119140625,1503,45.867919921875,0,0.0,0xEA84E66B,0,1226,384,0.0,4.7890625,1.5,0,0x04,0,0,0,1,0,0,1,0,0,0,,,,,,,,,,,,,,,,,,,,,,
258,3,PORTAL_FAR,8.633333333333333,335925,10251.617431640625,1469,44.830322265625,22.306330837304287,149,4.547119140625,1320,40.283203125,0,0.0,0xECE8EFE4,0,1247,384,0.0,4.87109375,1.5,0,0x04,0,0,0,1,0,0,1,0,0,0,,,,,,,,,,,,,,,,,,,,,,
259,3,PORTAL_FAR,8.666666666666666,337525,10300.445556640625,1600,48.828125,20.48,149,4.547119140625,1450,44.25048828125,1,0.030517578125,0x96B259B9,0,1268,384,0.0,4.953125,1.5,0,0x04,0,0,0,1,0,0,1,0,0,0,,,,,,,,,,,,,,,,,,,,,,
260,3,PORTAL_FAR,8.7,339124,10349.2431640625,1599,48.797607421875,20.492808005003127,149,4.547119140625,1449,44.219970703125,1,0.030517578125,0xAD36C447,0,1289,384,0.0,5.03515625,1.5,0,0x04,0,0,0,1,0,0,1,0,0,0,,,,,,,,,,,,,,,,,,,,,,
261,3,PORTAL_FAR,8.733333333333333,340620,10394.8974609375,1496,45.654296875,21.90374331550802,150,4.57763671875,1346,41.07666015625,0,0.0,0x3B78C54A,0,1310,384,0.0,5.1171875,1.5,0,0x04,0,0,0,1,0,0,1,0,0,0,,,,,,,,,,,,,,,,,,,,,,
262,3,PORTAL_FAR,8.766666666666667,342092,10439.8193359375,1472,44.921875,22.26086956521739,149,4.547119140625,1322,40.34423828125,1,0.030517578125,0xF990F785,0,1331,384,0.0,5.19921875,1.5,0,0x04,0,0,0,1,0,0,1,0,0,0,,,,,,,,,,,,,,,,,,,,,,
263,3,PORTAL_FAR,8.8,343700,10488.8916015625,1608,49.072265625,20.378109452736318,149,4.547119140625,1458,44.49462890625,1,0.030517578125,0xB7CC6310,0,1352,384,0.0,5.28125,1.5,0,0x04,0,0,0,1,0,0,1,0,0,0,,,,,,,,,,,,,,,,,,,,,,
264,3,PORTAL_FAR,8.833333333333334,345326,10538.51318359375,1626,49.62158203125,20.152521525215253,149,4.547119140625,1476,45.0439453125,1,0.030517578125,0xA51AF683,0,1373,384,0.0,5.36328125,1.5,0,0x04,0,0,0,1,0,0,1,0,0,0,,,,,,,,,,,,,,,,,,,,,,
265,3,PORTAL_FAR,8.866666666666667,346800,10583.49609375,1474,44.98291015625,22.230664857530527,150,4.57763671875,1324,40.4052734375,0,0.0,0x437F0B56,0,1394,384,0.0,5.4453125,1.5,0,0x04,0,0,0,1,0,0,1,0,0,0,,,,,,,,,,,,,,,,,,,,,,
266,3,PORTAL_FAR,8.9,348450,10633.85009765625,1650,50.35400390625,19.85939393939394,149,4.547119140625,1501,45.806884765625,0,0.0,0xC5DAB451,0,1415,384,0.0,5.52734375,1.5,0,0x04,0,0,0,1,0,0,1,0,0,0,,,,,,,,,,,,,,,,,,,,,,
267,3,PORTAL_FAR,8.933333333333334,350093,10683.990478515625,1643,50.140380859375,19.944004869141814,150,4.57763671875,1492,45.5322265625,1,0.030517578125,0x5B4AE8DC,0,1436,384,0.0,5.609375,1.5,0,0x04,0,0,0,1,0,0,1,0,0,0,,,,,,,,,,,,,,,,,,,,,,
268,3,PORTAL_FAR,8.966666666666667,351601,10730.010986328125,1508,46.0205078125,21.72944297082228,150,4.57763671875,1358,41.44287109375,0,0.0,0x521ED99F,0,1457,384,0.0,5.69140625,1.5,0,0x04,0,0,0,1,0,0,1,0,0,0,,,,,,,,,,,,,,,,,,,,,,
269,3,PORTAL_FAR,9.0,353233,10779.815673828125,1632,49.8046875,20.07843137254902,149,4.547119140625,1483,45.257568359375,0,0.0,0x50B58722,0,1478,384,0.0,5.7734375,1.5,0,0x04,0,0,0,1,0,0,1,0,0,0,,,,,,,,,,,,,,,,,,,,,,
270,3,PORTAL_FAR,9.033333333333333,354882,10830.13916015625,1649,50.323486328125,19.87143723468769,149,4.547119140625,1499,45.745849609375,1,0.030517578125,0x61C697BD,0,1499,384,0.0,5.85546875,1.5,0,0x04,0,0,0,1,0,0,1,0,0,0,,,,,,,,,,,,,,,,,,,,,,
271,3,PORTAL_FAR,9.066666666666666,356378,10875.79345703125,1496,45.654296875,21.90374331550802,150,4.57763671875,1346,41.07666015625,0,0.0,0xB4265268,0,1520,384,0.0,5.9375,1.5,0,0x04,0,0,0,1,0,0,1,0,0,0,,,,,,,,,,,,,,,,,,,,,,
272,3,PORTAL_FAR,9.1,358030,10926.20849609375,1652,50.4150390625,19.83535108958838,149,4.547119140625,1503,45.867919921875,0,0.0,0xFC700458,0,1541,384,0.0,6.01953125,1.5,0,0x04,0,0,0,1,0,0,1,0,0,0,,,,,,,,,,,,,,,,,,,,,,
273,3,PORTAL_FAR,9.133333333333333,359682,10976.62353515625,1652,50.4150390625,19.83535108958838,149,4.547119140625,1502,45.83740234375,1,0.030517578125,0x5E89D90D,0,1562,384,0.0,6.1015625,1.5,0,0x04,0,0,0,1,0,0,1,0,0,0,,,,,,,,,,,,,,,,,,,,,,
274,3,PORTAL_FAR,9.166666666666666,361356,11027.7099609375,1674,51.08642578125,19.574671445639186,150,4.57763671875,1523,46.478271484375,1,0.030517578125,0x6BEE3C0A,0,1583,384,0.0,6.18359375,1.5,0,0x04,0,0,0,1,0,0,1,0,0,0,,,,,,,,,,,,,,,,,,,,,,
275,3,PORTAL_FAR,9.2,363048,11079.345703125,1692,51.6357421875,19.36643026004728,150,4.57763671875,1542,47.05810546875,0,0.0,0xEAA784B7,0,1604,384,0.0,6.265625,1.5,0,0x04,0,0,0,1,0,0,1,0,0,0,,,,,,,,,,,,,,,,,,,,,,
276,3,PORTAL_FAR,9.233333333333333,364737,11130.889892578125,1689,51.544189453125,19.400828892835996,149,4.547119140625,1540,46.9970703125,0,0.0,0xCD80AA54,0,1625,384,0.0,6.34765625,1.5,0,0x04,0,0,0,1,0,0,1,0,0,0,,,,,,,,,,,,,,,,,,,,,,
277,3,PORTAL_FAR,9.266666666666667,366424,11182.373046875,1687,51.483154296875,19.423829282750443,149,4.547119140625,1537,46.905517578125,1,0.030517578125,0x49B2EFD9,0,1646,384,0.0,6.4296875,1.5,0,0x04,0,0,0,1,0,0,1,0,0,0,,,,,,,,,,,,,,,,,,,,,,
278,3,PORTAL_FAR,9.3,368132,11234.4970703125,1708,52.1240234375,19.185011709601874,150,4.57763671875,1557,47.515869140625,1,0.030517578125,0xC0B06496,0,1667,384,0.0,6.51171875,1.5,0,0x04,0,0,0,1,0,0,1,0,0,0,,,,,,,,,,,,,,,,,,,,,,
279,3,PORTAL_FAR,9.333333333333334,369866,11287.41455078125,1734,52.91748046875,18.897347174163784,149,4.547119140625,1584,48.33984375,1,0.030517578125,0xA72A6D23,0,1688,384,0.0,6.59375,1.5,0,0x0C,0,0,0,1,1,0,1,0,0,0,,,,,,,,,,,,,,,,,,,,,,
280,4,PORTAL_NEAR,9.366666666666667,371577,11339.630126953125,1711,52.215576171875,19.151373465809467,149,4.547119140625,1562,47.66845703125,0,0.0,0x62A14290,0,1709,384,0.0,6.67578125,1.5,0,0x04,0,0,0,1,0,0,1,0,0,0,,,,,,,,,,,,,,,,,,,,,,
281,4,PORTAL_NEAR,9.4,373285,11391.754150390625,1708,52.1240234375,19.185011709601874,149,4.547119140625,1559,47.576904296875,0,0.0,0xB6B60BE5,0,1730,384,0.0,6.7578125,1.5,0,0x04,0,0,0,1,0,0,1,0,0,0,,,,,,,,,,,,,,,,,,,,,,
282,4,PORTAL_NEAR,9.433333333333334,375338,11454.40673828125,2053,62.652587890625,15.961032635168047,149,4.547119140625,1904,58.10546875,0,0.0,0x645005E2,0,1751,384,0.0,6.83984375,1.5,0,0x04,0,0,0,1,0,0,1,0,0,0,,,,,,,,,,,,,,,,,,,,,,
283,4,PORTAL_NEAR,9.466666666666667,377441,11518.585205078125,2103,64.178466796875,15.581550166428912,149,4.547119140625,1953,59.600830078125,1,0.030517578125,0x00039F6F,0,1772,384,0.0,6.921875,1.5,0,0x04,0,0,0,1,0,0,1,0,0,0,,,,,,,,,,,,,,,,,,,,,,
284,4,PORTAL_NEAR,9.5,379232,11573.2421875,1791,54.656982421875,18.295924064768286,149,4.547119140625,1642,50.10986328125,0,0.0,0xD120EC41,0,1793,384,0.0,7.00390625,1.5,0,0x04,0,0,0,1,0,0,1,0,0,0,,,,,,,,,,,,,,,,,,,,,,
285,4,PORTAL_NEAR,9.533333333333333,381179,11632.659912109375,1947,59.417724609375,16.82999486389317,149,4.547119140625,1797,54.840087890625,1,0.030517578125,0x73C92B1C,0,1814,384,0.0,7.0859375,1.5,0,0x04,0,0,0,1,0,0,1,0,0,0,,,,,,,,,,,,,,,,,,,,,,
286,4,PORTAL_NEAR,9.566666666666666,383184,11693.84765625,2005,61.187744140625,16.343142144638403,150,4.57763671875,1855,56.610107421875,0,0.0,0x60CD5E3B,0,1835,384,0.0,7.16796875,1.5,0,0x04,0,0,0,1,0,0,1,0,0,0,,,,,,,,,,,,,,,,,,,,,,
287,4,PORTAL_NEAR,9.6,385179,11754.730224609375,1995,60.882568359375,16.425062656641604,149,4.547119140625,1846,56.33544921875,0,0.0,0x32E6260E,0,1856,384,0.0,7.25,1.5,0,0x04,0,0,0,1,0,0,1,0,0,0,,,,,,,,,,,,,,,,,,,,,,
288,4,PORTAL_NEAR,9.633333333333333,387225,11817.169189453125,2046,62.43896484375,16.01564027370479,149,4.547119140625,1897,57.891845703125,0,0.0,0xCFA1D4FD,0,1877,384,0.0,7.33203125,1.5,0,0x04,0,0,0,1,0,0,1,0,0,0,,,,,,,,,,,,,,,,,,,,,,
289,4,PORTAL_NEAR,9.666666666666666,389262,11879.33349609375,2037,62.164306640625,16.086401570937653,149,4.547119140625,1888,57.6171875,0,0.0,0x6726E888,0,1898,384,0.0,7.4140625,1.5,0,0x04,0,0,0,1,0,0,1,0,0,0,,,,,,,,,,,,,,,,,,,,,,
290,4,PORTAL_NEAR,9.7,391243,11939.788818359375,1981,60.455322265625,16.541140837960626,149,4.547119140625,1832,55.908203125,0,0.0,0x20263787,0,1919,384,0.0,7.49609375,1.5,0,0x04,0,0,0,1,0,0,1,0,0,0,,,,,,,,,,,,,,,,,,,,,,
291,4,PORTAL_NEAR,9.733333333333333,393236,12000.6103515625,1993,60.821533203125,16.44154540893126,149,4.547119140625,1843,56.243896484375,1,0.030517578125,0x5AE10ADA,0,1940,384,0.0,7.578125,1.5,0,0x04,0,0,0,1,0,0,1,0,0,0,,,,,,,,,,,,,,,,,,,,,,
292,4,PORTAL_NEAR,9.766666666666667,395302,12063.65966796875,2066,63.04931640625,15.860600193610843,150,4.57763671875,1916,58.4716796875,0,0.0,0x5A29A9F9,0,1961,384,0.0,7.66015625,1.5,0,0x04,0,0,0,1,0,0,1,0,0,0,,,,,,,,,,,,,,,,,,,,,,
293,4,PORTAL_NEAR,9.8,397391,12127.410888671875,2089,63.751220703125,15.685974150311154,149,4.547119140625,1940,59.2041015625,0,0.0,0x814E47D4,0,1982,384,0.0,7.7421875,1.5,0,0x04,0,0,0,1,0,0,1,0,0,0,,,,,,,,,,,,,,,,,,,,,,
294,4,PORTAL_NEAR,9.833333333333334,399533,12192.779541015625,2142,65.36865234375,15.297852474323063,149,4.547119140625,1993,60.821533203125,0,0.0,0x18426913,0,2003,384,0.0,7.82421875,1.5,0,0x04,0,0,0,1,0,0,1,0,0,0,,,,,,,,,,,,,,,,,,,,,,
295,4,PORTAL_NEAR,9.866666666666667,401485,12252.349853515625,1952,59.5703125,16.78688524590164,149,4.547119140625,1803,55.023193359375,0,0.0,0x5E6E5546,0,2024,384,0.0,7.90625,1.5,0,0x04,0,0,0,1,0,0,1,0,0,0,,,,,,,,,,,,,,,,,,,,,,
296,4,PORTAL_NEAR,9.9,403450,12312.31689453125,1965,59.967041015625,16.675826972010178,149,4.547119140625,1815,55.389404296875,1,0.030517578125,0x80998235,0,2045,384,0.0,7.98828125,1.5,0,0x04,0,0,0,1,0,0,1,0,0,0,,,,,,,,,,,,,,,,,,,,,,
297,4,PORTAL_NEAR,9.933333333333334,405292,12368.5302734375,1842,56.21337890625,17.789359391965256,149,4.547119140625,1693,51.666259765625,0,0.0,0xB9B1BE5F,0,2066,384,0.0,8.0703125,1.5,0,0x04,0,0,0,1,0,0,1,0,0,0,,,,,,,,,,,,,,,,,,,,,,
298,4,PORTAL_NEAR,9.966666666666667,407141,12424.957275390625,1849,56.427001953125,17.72201189832342,150,4.57763671875,1699,51.849365234375,0,0.0,0x2AD4C960,0,2087,384,0.0,8.15234375,1.5,0,0x04,0,0,0,1,0,0,1,0,0,0,,,,,,,,,,,,,,,,,,,,,,
299,4,PORTAL_NEAR,10.0,409114,12485.16845703125,1973,60.211181640625,16.60821084642676,149,4.547119140625,1823,55.633544921875,1,0.030517578125,0xBFF5AA95,0,2108,384,0.0,8.234375,1.5,0,0x04,0,0,0,1,0,0,1,0,0,0,,,,,,,,,,,,,,,,,,,,,,
300,4,PORTAL_NEAR,10.033333333333333,411005,12542.877197265625,1891,57.708740234375,17.32839767318879,149,4.547119140625,1741,53.131103515625,1,0.030517578125,0x4D9E3F56,0,2129,384,0.0,8.31640625,1.5,0,0x04,0,0,0,1,0,0,1,0,0,0,,,,,,,,,,,,,,,,,,,,,,
301,4,PORTAL_NEAR,10.066666666666666,412930,12601.62353515625,1925,58.746337890625,17.022337662337662,150,4.57763671875,1775,54.168701171875,0,0.0,0xBABF1433,0,2150,384,0.0,8.3984375,1.5,0,0x04,0,0,0,1,0,0,1,0,0,0,,,,,,,,,,,,,,,,,,,,,,
302,4,PORTAL_NEAR,10.1,414925,12662.506103515625,1995,60.882568359375,16.425062656641604,149,4.547119140625,1846,56.33544921875,0,0.0,0x9E77BAD4,0,2171,384,0.0,8.48046875,1.5,0,0x04,0,0,0,1,0,0,1,0,0,0,,,,,,,,,,,,,,,,,,,,,,
303,4,PORTAL_NEAR,10.133333333333333,416933,12723.785400390625,2008,61.279296875,16.318725099601593,149,4.547119140625,1858,56.70166015625,1,0.030517578125,0xBBB1AF29,0,2192,384,0.0,8.5625,1.5,0,0x04,0,0,0,1,0,0,1,0,0,0,,,,,,,,,,,,,,,,,,,,,,
304,4,PORTAL_NEAR,10.166666666666666,418980,12786.2548828125,2047,62.469482421875,16.00781631656082,150,4.57763671875,1896,57.861328125,1,0.030517578125,0x4629139A,0,2213,384,0.0,8.64453125,1.5,0,0x04,0,0,0,1,0,0,1,0,0,0,,,,,,,,,,,,,,,,,,,,,,
305,4,PORTAL_NEAR,10.2,421039,12849.090576171875,2059,62.835693359375,15.91452161243322,149,4.547119140625,1909,58.258056640625,1,0.030517578125,0xB2BD4927,0,2234,384,0.0,8.7265625,1.5,0,0x04,0,0,0,1,0,0,1,0,0,0,,,,,,,,,,,,,,,,,,,,,,
306,4,PORTAL_NEAR,10.233333333333333,422686,12899.35302734375,1647,50.262451171875,19.89556769884639,149,4.547119140625,1497,45.684814453125,1,0.030517578125,0x75A50988,0,2255,384,0.0,8.80859375,1.5,0,0x04,0,0,0,1,0,0,1,0,0,0,,,,,,,,,,,,,,,,,,,,,,
307,4,PORTAL_NEAR,10.266666666666667,424175,12944.793701171875,1489,45.440673828125,22.006715916722634,150,4.57763671875,1338,40.83251953125,1,0.030517578125,0x3350AD5D,0,2276,384,0.0,8.890625,1.5,0,0x04,0,0,0,1,0,0,1,0,0,0,,,,,,,,,,,,,,,,,,,,,,
308,4,PORTAL_NEAR,10.3,425881,12996.856689453125,1706,52.06298828125,19.207502930832355,149,4.547119140625,1556,47.4853515625,1,0.030517578125,0x69A6C0FE,0,2297,384,0.0,8.97265625,1.5,0,0x04,0,0,0,1,0,0,1,0,0,0,,,,,,,,,,,,,,,,,,,,,,
309,4,PORTAL_NEAR,10.333333333333334,427569,13048.370361328125,1688,51.513671875,19.412322274881518,149,4.547119140625,1539,46.966552734375,0,0.0,0x366CD1EE,0,2318,384,0.0,9.0546875,1.5,0,0x04,0,0,0,1,0,0,1,0,0,0,,,,,,,,,,,,,,,,,,,,,,
310,4,PORTAL_NEAR,10.366666666666667,429203,13098.236083984375,1634,49.86572265625,20.053855569155445,149,4.547119140625,1485,45.318603515625,0,0.0,0xC3435431,0,2339,384,0.0,9.13671875,1.5,0,0x04,0,0,0,1,0,0,1,0,0,0,,,,,,,,,,,,,,,,,,,,,,
311,4,PORTAL_NEAR,10.4,430835,13148.040771484375,1632,49.8046875,20.07843137254902,149,4.547119140625,1482,45.22705078125,1,0.030517578125,0xCF5C623C,0,2360,384,0.0,9.21875,1.5,0,0x04,0,0,0,1,0,0,1,0,0,0,,,,,,,,,,,,,,,,,,,,,,
312,4,PORTAL_NEAR,10.433333333333334,432561,13200.714111328125,1726,52.67333984375,18.984936268829664,149,4.547119140625,1576,48.095703125,1,0.030517578125,0xF349B22F,0,2381,384,0.0,9.30078125,1.5,0,0x06,1,1,0,1,0,0,1,0,0,0,49.8046875,0.030517578125,7.14111328125,0.0,0.0,0.0,27.191162109375,0.823974609375,0.0,14.0380859375,0.579833984375,8,28,13,304,246,5792,0,4800,1,0,8
313,4,PORTAL_NEAR,10.466666666666667,434286,13253.35693359375,1725,52.642822265625,18.995942028985507,149,4.547119140625,1576,48.095703125,0,0.0,0xB5BF8E02,0,2402,384,0.0,9.3828125,1.5,0,0x04,0,0,0,1,0,0,1,0,0,0,,,,,,,,,,,,,,,,,,,,,,
314,4,PORTAL_NEAR,10.5,435904,13302.734375,1618,49.37744140625,20.252163164400493,149,4.547119140625,1469,44.830322265625,0,0.0,0xC450AA05,0,2423,384,0.0,9.46484375,1.5,0,0x04,0,0,0,1,0,0,1,0,0,0,,,,,,,,,,,,,,,,,,,,,,
315,4,PORTAL_NEAR,10.533333333333333,437601,13354.522705078125,1697,51.788330078125,19.30936947554508,149,4.547119140625,1547,47.210693359375,1,0.030517578125,0x6CC07690,0,2444,384,0.0,9.546875,1.5,0,0x0C,0,0,0,1,1,0,1,0,0,0,,,,,,,,,,,,,,,,,,,,,,
316,5,CROSS_DOWN,10.566666666666666,439284,13405.8837890625,1683,51.361083984375,19.469994058229354,149,4.547119140625,1533,46.783447265625,1,0.030517578125,0x12BF43D3,0,2465,384,0.0,9.62890625,1.5,0,0x06,1,1,0,1,0,0,1,0,0,0,48.40087890625,0.030517578125,7.14111328125,0.0,0.0,0.0,26.824951171875,0.8544921875,0.0,12.969970703125,0.579833984375,8,28,13,300,242,5710,0,4800,1,0,8
317,5,CROSS_DOWN,10.6,440761,13450.958251953125,1477,45.074462890625,22.18551117129316,150,4.57763671875,1327,40.496826171875,0,0.0,0xF8731ED6,0,2486,384,0.0,9.7109375,1.5,0,0x04,0,0,0,1,0,0,1,0,0,0,,,,,,,,,,,,,,,,,,,,,,
318,5,CROSS_DOWN,10.633333333333333,443126,13523.13232421875,2365,72.174072265625,13.855391120507399,1170,35.70556640625,1194,36.43798828125,1,0.030517578125,0x55DB212F,3072,1282,1189,12.0,5.0078125,4.64453125,1,0x05,0,0,1,1,0,0,1,0,0,0,,,,,,,,,,,,,,,,,,,,,,
319,5,CROSS_DOWN,10.666666666666666,444490,13564.75830078125,1364,41.6259765625,24.023460410557185,158,4.82177734375,1206,36.80419921875,0,0.0,0x2C3FE3A2,3071,1261,1165,11.99609375,4.92578125,4.55078125,1,0x0C,0,0,0,1,1,0,1,0,0,0,,,,,,,,,,,,,,,,,,,,,,
320,6,RETURN_UP,10.7,445623,13599.334716796875,1133,34.576416015625,28.92144748455428,157,4.791259765625,976,29.78515625,0,0.0,0xE58885F5,3071,1261,1165,11.99609375,4.92578125,4.55078125,1,0x14,0,0,0,1,0,1,0,0,0,1,,,,,,,,,,,,,,,,,,,,,,
321,6,RETURN_UP,10.733333333333333,446635,13630.218505859375,1012,30.8837890625,32.3794466403162,158,4.82177734375,853,26.031494140625,1,0.030517578125,0x64268D6D,3071,1261,1165,11.99609375,4.92578125,4.55078125,1,0x10,0,0,0,0,0,1,0,0,0,0,,,,,,,,,,,,,,,,,,,,,,
322,6,RETURN_UP,10.766666666666667,447730,13663.63525390625,1095,33.416748046875,29.92511415525114,157,4.791259765625,938,28.62548828125,0,0.0,0x1F13C0A3,3071,1262,1186,11.99609375,4.9296875,4.6328125,1,0x14,0,0,0,1,0,1,-1,0,0,0,,,,,,,,,,,,,,,,,,,,,,
323,6,RETURN_UP,10.8,448936,13700.439453125,1206,36.80419921875,27.170812603648425,157,4.791259765625,1049,32.012939453125,0,0.0,0x456DF621,3071,1263,1207,11.99609375,4.93359375,4.71484375,1,0x14,0,0,0,1,0,1,-1,0,0,0,,,,,,,,,,,,,,,,,,,,,,
324,6,RETURN_UP,10.833333333333334,451628,13782.5927734375,2692,82.1533203125,12.172362555720653,1146,34.97314453125,1546,47.18017578125,0,0.0,0xE3304181,1,2468,400,0.00390625,9.640625,1.5625,0,0x15,0,0,1,1,0,1,-1,0,0,0,,,,,,,,,,,,,,,,,,,,,,
325,6,RETURN_UP,10.866666666666667,453344,13834.9609375,1716,52.3681640625,19.095571095571096,148,4.5166015625,1568,47.8515625,0,0.0,0xF5333920,0,2447,399,0.0,9.55859375,1.55859375,0,0x14,0,0,0,1,0,1,-1,0,0,0,,,,,,,,,,,,,,,,,,,,,,
326,6,RETURN_UP,10.9,454897,13882.354736328125,1553,47.393798828125,21.099806825499034,148,4.5166015625,1404,42.8466796875,1,0.030517578125,0x5C77CA77,-1,2426,398,-0.00390625,9.4765625,1.5546875,0,0x14,0,0,0,1,0,1,-1,0,0,0,,,,,,,,,,,,,,,,,,,,,,
327,6,RETURN_UP,10.933333333333334,456504,13931.396484375,1607,49.041748046875,20.39079029247044,148,4.5166015625,1458,44.49462890625,1,0.030517578125,0x2B5C216C,-2,2405,397,-0.0078125,9.39453125,1.55078125,0,0x14,0,0,0,1,0,1,-1,0,0,0,,,,,,,,,,,,,,,,,,,,,,
328,6,RETURN_UP,10.966666666666667,458105,13980.255126953125,1601,48.858642578125,20.467207995003122,148,4.5166015625,1453,44.342041015625,0,0.0,0xF6398C29,-3,2384,396,-0.01171875,9.3125,1.546875,0,0x14,0,0,0,1,0,1,-1,0,0,0,,,,,,,,,,,,,,,,,,,,,,
329,6,RETURN_UP,11.0,459766,14030.94482421875,1661,50.689697265625,19.72787477423239,148,4.5166015625,1513,46.173095703125,0,0.0,0xA4A3A3D6,-4,2363,395,-0.015625,9.23046875,1.54296875,0,0x1E,1,1,0,1,1,1,-1,0,0,0,47.943115234375,0.0,7.171630859375,0.0,0.0,0.0,26.85546875,0.823974609375,0.0,12.115478515625,0.9765625,8,28,12,324,217,6031,0,4800,1,0,4
330,7,LOD_RETREAT,11.033333333333333,461450,14082.33642578125,1684,51.3916015625,19.458432304038006,149,4.547119140625,1535,46.844482421875,0,0.0,0xF56371FB,-5,2342,394,-0.01953125,9.1484375,1.5390625,0,0x14,0,0,0,1,0,1,-1,0,0,0,,,,,,,,,,,,,,,,,,,,,,
331,7,LOD_RETREAT,11.066666666666666,463120,14133.30078125,1670,50.96435546875,19.621556886227545,148,4.5166015625,1522,46.44775390625,0,0.0,0x7882CB50,-6,2321,393,-0.0234375,9.06640625,1.53515625,0,0x14,0,0,0,1,0,1,-1,0,0,0,,,,,,,,,,,,,,,,,,,,,,
332,7,LOD_RETREAT,11.1,464884,14187.1337890625,1764,53.8330078125,18.575963718820862,148,4.5166015625,1616,49.31640625,0,0.0,0x1ABD154C,-7,2300,392,-0.02734375,8.984375,1.53125,0,0x14,0,0,0,1,0,1,-1,0,0,0,,,,,,,,,,,,,,,,,,,,,,
333,7,LOD_RETREAT,11.133333333333333,466677,14241.851806640625,1793,54.718017578125,18.275515895147798,148,4.5166015625,1645,50.201416015625,0,0.0,0x4DB8A0AB,-8,2279,391,-0.03125,8.90234375,1.52734375,0,0x14,0,0,0,1,0,1,-1,0,0,0,,,,,,,,,,,,,,,,,,,,,,
334,7,LOD_RETREAT,11.166666666666666,468439,14295.623779296875,1762,53.77197265625,18.59704880817253,148,4.5166015625,1613,49.224853515625,1,0.030517578125,0x1BD7CB8E,-9,2258,390,-0.03515625,8.8203125,1.5234375,0,0x14,0,0,0,1,0,1,-1,0,0,0,,,,,,,,,,,,,,,,,,,,,,
335,7,LOD_RETREAT,11.2,470559,14360.321044921875,2120,64.697265625,15.456603773584906,149,4.547119140625,1970,60.11962890625,1,0.030517578125,0x4C778345,-10,2237,389,-0.0390625,8.73828125,1.51953125,0,0x14,0,0,0,1,0,1,-1,0,0,0,,,,,,,,,,,,,,,,,,,,,,
336,7,LOD_RETREAT,11.233333333333333,472664,14424.560546875,2105,64.239501953125,15.566745843230404,148,4.5166015625,1956,59.6923828125,1,0.030517578125,0x06EDCEF0,-11,2216,388,-0.04296875,8.65625,1.515625,0,0x14,0,0,0,1,0,1,-1,0,0,0,,,,,,,,,,,,,,,,,,,,,,
337,7,LOD_RETREAT,11.266666666666667,474745,14488.067626953125,2081,63.507080078125,15.7462758289284,148,4.5166015625,1933,58.990478515625,0,0.0,0xC108F23F,-12,2195,387,-0.046875,8.57421875,1.51171875,0,0x14,0,0,0,1,0,1,-1,0,0,0,,,,,,,,,,,,,,,,,,,,,,
338,7,LOD_RETREAT,11.3,476848,14552.24609375,2103,64.178466796875,15.581550166428912,148,4.5166015625,1954,59.63134765625,1,0.030517578125,0xEB460C72,-13,2174,386,-0.05078125,8.4921875,1.5078125,0,0x16,1,1,0,1,0,1,-1,0,0,0,61.8896484375,0.0,0.244140625,9.063720703125,5.2490234375,2.44140625,29.78515625,1.007080078125,0.0,13.12255859375,0.9765625,16,40,14,393,334,10810,0,4772,1,0,6
339,7,LOD_RETREAT,11.333333333333334,478921,14615.509033203125,2073,63.262939453125,15.80704293294742,149,4.547119140625,1924,58.7158203125,0,0.0,0xC75B1FA9,-14,2153,385,-0.0546875,8.41015625,1.50390625,0,0x14,0,0,0,1,0,1,-1,0,0,0,,,,,,,,,,,,,,,,,,,,,,
340,7,LOD_RETREAT,11.366666666666667,481008,14679.19921875,2087,63.690185546875,15.701006229036896,148,4.5166015625,1939,59.173583984375,0,0.0,0x551F57A4,-15,2132,384,-0.05859375,8.328125,1.5,0,0x14,0,0,0,1,0,1,-1,0,0,0,,,,,,,,,,,,,,,,,,,,,,
341,7,LOD_RETREAT,11.4,483032,14740.966796875,2024,61.767578125,16.1897233201581,148,4.5166015625,1876,57.2509765625,0,0.0,0xA2C57EE3,-16,2111,383,-0.0625,8.24609375,1.49609375,0,0x14,0,0,0,1,0,1,-1,0,0,0,,,,,,,,,,,,,,,,,,,,,,
342,7,LOD_RETREAT,11.433333333333334,485060,14802.8564453125,2028,61.8896484375,16.157790927021697,148,4.5166015625,1880,57.373046875,0,0.0,0x5D84EBA6,-17,2090,382,-0.06640625,8.1640625,1.4921875,0,0x14,0,0,0,1,0,1,-1,0,0,0,,,,,,,,,,,,,,,,,,,,,,
343,7,LOD_RETREAT,11.466666666666667,487115,14865.570068359375,2055,62.713623046875,15.945498783454989,148,4.5166015625,1906,58.16650390625,1,0.030517578125,0xA77A597D,-18,2069,381,-0.0703125,8.08203125,1.48828125,0,0x14,0,0,0,1,0,1,-1,0,0,0,,,,,,,,,,,,,,,,,,,,,,
344,7,LOD_RETREAT,11.5,489088,14925.78125,1973,60.211181640625,16.60821084642676,149,4.547119140625,1823,55.633544921875,1,0.030517578125,0x55E94EE8,-19,2048,380,-0.07421875,8.0,1.484375,0,0x14,0,0,0,1,0,1,-1,0,0,0,,,,,,,,,,,,,,,,,,,,,,
345,7,LOD_RETREAT,11.533333333333333,491092,14986.9384765625,2004,61.1572265625,16.35129740518962,148,4.5166015625,1855,56.610107421875,1,0.030517578125,0xAB3EB63C,-20,2027,379,-0.078125,7.91796875,1.48046875,0,0x14,0,0,0,1,0,1,-1,0,0,0,,,,,,,,,,,,,,,,,,,,,,
346,7,LOD_RETREAT,11.566666666666666,493096,15048.095703125,2004,61.1572265625,16.35129740518962,149,4.547119140625,1854,56.57958984375,1,0.030517578125,0x78FA7859,-21,2006,378,-0.08203125,7.8359375,1.4765625,0,0x14,0,0,0,1,0,1,-1,0,0,0,,,,,,,,,,,,,,,,,,,,,,
347,7,LOD_RETREAT,11.6,495086,15108.82568359375,1990,60.72998046875,16.46633165829146,148,4.5166015625,1841,56.182861328125,1,0.030517578125,0xE7DBE762,-22,1985,377,-0.0859375,7.75390625,1.47265625,0,0x14,0,0,0,1,0,1,-1,0,0,0,,,,,,,,,,,,,,,,,,,,,,
348,7,LOD_RETREAT,11.633333333333333,497045,15168.609619140625,1959,59.783935546875,16.726901480347117,148,4.5166015625,1810,55.23681640625,1,0.030517578125,0x385BD137,-23,1964,376,-0.08984375,7.671875,1.46875,0,0x14,0,0,0,1,0,1,-1,0,0,0,,,,,,,,,,,,,,,,,,,,,,
349,7,LOD_RETREAT,11.666666666666666,498991,15227.996826171875,1946,59.38720703125,16.838643371017472,148,4.5166015625,1798,54.87060546875,0,0.0,0x357E8788,-24,1943,375,-0.09375,7.58984375,1.46484375,0,0x14,0,0,0,1,0,1,-1,0,0,0,,,,,,,,,,,,,,,,,,,,,,
350,7,LOD_RETREAT,11.7,500951,15287.811279296875,1960,59.814453125,16.718367346938777,148,4.5166015625,1812,55.2978515625,0,0.0,0xDF9E50B5,-25,1922,374,-0.09765625,7.5078125,1.4609375,0,0x14,0,0,0,1,0,1,-1,0,0,0,,,,,,,,,,,,,,,,,,,,,,
351,7,LOD_RETREAT,11.733333333333333,502852,15345.8251953125,1901,58.013916015625,17.237243556023145,148,4.5166015625,1753,53.497314453125,0,0.0,0xE76B625E,-26,1901,373,-0.1015625,7.42578125,1.45703125,0,0x14,0,0,0,1,0,1,-1,0,0,0,,,,,,,,,,,,,,,,,,,,,,
352,7,LOD_RETREAT,11.766666666666667,504754,15403.86962890625,1902,58.04443359375,17.228180862250262,148,4.5166015625,1753,53.497314453125,1,0.030517578125,0x95527963,-27,1880,372,-0.10546875,7.34375,1.453125,0,0x14,0,0,0,1,0,1,-1,0,0,0,,,,,,,,,,,,,,,,,,,,,,
353,7,LOD_RETREAT,11.8,506669,15462.310791015625,1915,58.441162109375,17.111227154046997,148,4.5166015625,1767,53.924560546875,0,0.0,0x8E13BCD4,-28,1859,371,-0.109375,7.26171875,1.44921875,0,0x14,0,0,0,1,0,1,-1,0,0,0,,,,,,,,,,,,,,,,,,,,,,
354,7,LOD_RETREAT,11.833333333333334,508572,15520.3857421875,1903,58.074951171875,17.219127693116132,148,4.5166015625,1754,53.52783203125,1,0.030517578125,0xD14DDB71,-29,1838,370,-0.11328125,7.1796875,1.4453125,0,0x14,0,0,0,1,0,1,-1,0,0,0,,,,,,,,,,,,,,,,,,,,,,
355,7,LOD_RETREAT,11.866666666666667,510626,15583.06884765625,2054,62.68310546875,15.953261927945473,148,4.5166015625,1905,58.135986328125,1,0.030517578125,0x68E66BFA,-30,1817,369,-0.1171875,7.09765625,1.44140625,0,0x14,0,0,0,1,0,1,-1,0,0,0,,,,,,,,,,,,,,,,,,,,,,
356,7,LOD_RETREAT,11.9,512753,15647.979736328125,2127,64.910888671875,15.405735778091207,149,4.547119140625,1977,60.333251953125,1,0.030517578125,0xA61B072F,-31,1796,368,-0.12109375,7.015625,1.4375,0,0x14,0,0,0,1,0,1,-1,0,0,0,,,,,,,,,,,,,,,,,,,,,,
357,7,LOD_RETREAT,11.933333333333334,514831,15711.395263671875,2078,63.41552734375,15.76900866217517,148,4.5166015625,1930,58.89892578125,0,0.0,0x55966161,-32,1775,367,-0.125,6.93359375,1.43359375,0,0x14,0,0,0,1,0,1,-1,0,0,0,,,,,,,,,,,,,,,,,,,,,,
358,7,LOD_RETREAT,11.966666666666667,516855,15773.162841796875,2024,61.767578125,16.1897233201581,148,4.5166015625,1876,57.2509765625,0,0.0,0x2A16FA7C,-33,1754,366,-0.12890625,6.8515625,1.4296875,0,0x14,0,0,0,1,0,1,-1,0,0,0,,,,,,,,,,,,,,,,,,,,,,
359,7,LOD_RETREAT,12.0,518816,15833.0078125,1961,59.844970703125,16.709841917389088,148,4.5166015625,1813,55.328369140625,0,0.0,0x7AF63907,-34,1733,365,-0.1328125,6.76953125,1.42578125,0,0x14,0,0,0,1,0,1,-1,0,0,0,,,,,,,,,,,,,,,,,,,,,,
360,7,LOD_RETREAT,12.033333333333333,520780,15892.9443359375,1964,59.9365234375,16.684317718940935,148,4.5166015625,1816,55.419921875,0,0.0,0xD97A20BA,-35,1712,364,-0.13671875,6.6875,1.421875,0,0x14,0,0,0,1,0,1,-1,0,0,0,,,,,,,,,,,,,,,,,,,,,,
361,7,LOD_RETREAT,12.066666666666666,522764,15953.4912109375,1984,60.546875,16.516129032258064,148,4.5166015625,1836,56.0302734375,0,0.0,0x08A0658D,-36,1691,363,-0.140625,6.60546875,1.41796875,0,0x14,0,0,0,1,0,1,-1,0,0,0,,,,,,,,,,,,,,,,,,,,,,
362,7,LOD_RETREAT,12.1,524691,16012.298583984375,1927,58.807373046875,17.004670472236636,148,4.5166015625,1778,54.26025390625,1,0.030517578125,0x3B2ED158,-37,1670,362,-0.14453125,6.5234375,1.4140625,0,0x14,0,0,0,1,0,1,-1,0,0,0,,,,,,,,,,,,,,,,,,,,,,
363,7,LOD_RETREAT,12.133333333333333,526552,16069.091796875,1861,56.793212890625,17.607737775389577,149,4.547119140625,1711,52.215576171875,1,0.030517578125,0x6FE1A9A3,-38,1649,361,-0.1484375,6.44140625,1.41015625,0,0x14,0,0,0,1,0,1,-1,0,0,0,,,,,,,,,,,,,,,,,,,,,,
364,7,LOD_RETREAT,12.166666666666666,528418,16126.03759765625,1866,56.94580078125,17.560557341907824,148,4.5166015625,1717,52.398681640625,1,0.030517578125,0xF40E85E6,-39,1628,360,-0.15234375,6.359375,1.40625,0,0x14,0,0,0,1,0,1,-1,0,0,0,,,,,,,,,,,,,,,,,,,,,,
365,7,LOD_RETREAT,12.2,530184,16179.931640625,1766,53.89404296875,18.55492638731597,149,4.547119140625,1617,49.346923828125,0,0.0,0x72D9B089,-40,1607,359,-0.15625,6.27734375,1.40234375,0,0x14,0,0,0,1,0,1,-1,0,0,0,,,,,,,,,,,,,,,,,,,,,,
366,7,LOD_RETREAT,12.233333333333333,531917,16232.818603515625,1733,52.886962890625,18.908251586843623,148,4.5166015625,1584,48.33984375,1,0.030517578125,0x49A65404,-41,1586,358,-0.16015625,6.1953125,1.3984375,0,0x14,0,0,0,1,0,1,-1,0,0,0,,,,,,,,,,,,,,,,,,,,,,
367,7,LOD_RETREAT,12.266666666666667,533653,16285.797119140625,1736,52.978515625,18.87557603686636,148,4.5166015625,1587,48.431396484375,1,0.030517578125,0x0BBFB66F,-42,1565,357,-0.1640625,6.11328125,1.39453125,0,0x14,0,0,0,1,0,1,-1,0,0,0,,,,,,,,,,,,,,,,,,,,,,
368,7,LOD_RETREAT,12.3,535357,16337.799072265625,1704,52.001953125,19.230046948356808,148,4.5166015625,1556,47.4853515625,0,0.0,0x891258C2,-43,1544,356,-0.16796875,6.03125,1.390625,0,0x14,0,0,0,1,0,1,-1,0,0,0,,,,,,,,,,,,,,,,,,,,,,
369,7,LOD_RETREAT,12.333333333333334,537044,16389.2822265625,1687,51.483154296875,19.423829282750443,148,4.5166015625,1538,46.93603515625,1,0.030517578125,0xF99191D2,-44,1523,355,-0.171875,5.94921875,1.38671875,0,0x14,0,0,0,1,0,1,-1,0,0,0,,,,,,,,,,,,,,,,,,,,,,
370,7,LOD_RETREAT,12.366666666666667,538725,16440.582275390625,1681,51.300048828125,19.493158834027366,148,4.5166015625,1533,46.783447265625,0,0.0,0xE444F69F,-45,1502,354,-0.17578125,5.8671875,1.3828125,0,0x14,0,0,0,1,0,1,-1,0,0,0,,,,,,,,,,,,,,,,,,,,,,
371,7,LOD_RETREAT,12.4,540410,16492.00439453125,1685,51.422119140625,19.446884272997032,148,4.5166015625,1536,46.875,1,0.030517578125,0x40905A1C,-46,1481,353,-0.1796875,5.78515625,1.37890625,0,0x14,0,0,0,1,0,1,-1,0,0,0,,,,,,,,,,,,,,,,,,,,,,
372,7,LOD_RETREAT,12.433333333333334,542059,16542.327880859375,1649,50.323486328125,19.87143723468769,149,4.547119140625,1499,45.745849609375,1,0.030517578125,0x53054201,-47,1460,352,-0.18359375,5.703125,1.375,0,0x14,0,0,0,1,0,1,-1,0,0,0,,,,,,,,,,,,,,,,,,,,,,
373,7,LOD_RETREAT,12.466666666666667,543716,16592.8955078125,1657,50.567626953125,19.775497887748944,148,4.5166015625,1508,46.0205078125,1,0.030517578125,0x7A204B3E,-48,1439,351,-0.1875,5.62109375,1.37109375,0,0x14,0,0,0,1,0,1,-1,0,0,0,,,,,,,,,,,,,,,,,,,,,,
374,7,LOD_RETREAT,12.5,545375,16643.524169921875,1659,50.628662109375,19.751657625075346,149,4.547119140625,1510,46.08154296875,0,0.0,0x5CF2055B,-49,1418,350,-0.19140625,5.5390625,1.3671875,0,0x14,0,0,0,1,0,1,-1,0,0,0,,,,,,,,,,,,,,,,,,,,,,
375,7,LOD_RETREAT,12.533333333333333,547023,16693.817138671875,1648,50.29296875,19.883495145631066,148,4.5166015625,1500,45.7763671875,0,0.0,0x596A5818,-50,1397,349,-0.1953125,5.45703125,1.36328125,0,0x14,0,0,0,1,0,1,-1,0,0,0,,,,,,,,,,,,,,,,,,,,,,
376,7,LOD_RETREAT,12.566666666666666,548730,16745.91064453125,1707,52.093505859375,19.196250732278852,148,4.5166015625,1558,47.54638671875,1,0.030517578125,0xFF08E4ED,-51,1376,348,-0.19921875,5.375,1.359375,0,0x14,0,0,0,1,0,1,-1,0,0,0,,,,,,,,,,,,,,,,,,,,,,
377,7,LOD_RETREAT,12.6,550453,16798.492431640625,1723,52.581787109375,19.01799187463726,148,4.5166015625,1575,48.065185546875,0,0.0,0xA8F2C94A,-52,1355,347,-0.203125,5.29296875,1.35546875,0,0x1C,0,0,0,1,1,1,-1,0,0,0,,,,,,,,,,,,,,,,,,,,,,
378,8,LOD_APPROACH,12.633333333333333,551979,16845.062255859375,1526,46.56982421875,21.47313237221494,147,4.486083984375,1379,42.083740234375,0,0.0,0x4D002ED7,-51,1376,348,-0.19921875,5.375,1.359375,0,0x14,0,0,0,1,0,1,1,0,0,0,,,,,,,,,,,,,,,,,,,,,,
379,8,LOD_APPROACH,12.666666666666666,553707,16897.796630859375,1728,52.734375,18.962962962962962,148,4.5166015625,1580,48.2177734375,0,0.0,0x09B88652,-50,1397,349,-0.1953125,5.45703125,1.36328125,0,0x14,0,0,0,1,0,1,1,0,0,0,,,,,,,,,,,,,,,,,,,,,,
380,8,LOD_APPROACH,12.7,555400,16949.462890625,1693,51.666259765625,19.354991139988186,148,4.5166015625,1545,47.149658203125,0,0.0,0xCDD83805,-49,1418,350,-0.19140625,5.5390625,1.3671875,0,0x14,0,0,0,1,0,1,1,0,0,0,,,,,,,,,,,,,,,,,,,,,,
381,8,LOD_APPROACH,12.733333333333333,557032,16999.267578125,1632,49.8046875,20.07843137254902,148,4.5166015625,1484,45.2880859375,0,0.0,0x6D2BFD58,-48,1439,351,-0.1875,5.62109375,1.37109375,0,0x14,0,0,0,1,0,1,1,0,0,0,,,,,,,,,,,,,,,,,,,,,,
382,8,LOD_APPROACH,12.766666666666667,558710,17050.47607421875,1678,51.20849609375,19.528009535160905,148,4.5166015625,1529,46.661376953125,1,0.030517578125,0x6961D88B,-47,1460,352,-0.18359375,5.703125,1.375,0,0x14,0,0,0,1,0,1,1,0,0,0,,,,,,,,,,,,,,,,,,,,,,
383,8,LOD_APPROACH,12.8,560388,17101.6845703125,1678,51.20849609375,19.528009535160905,147,4.486083984375,1531,46.722412109375,0,0.0,0x28A5ED36,-46,1481,353,-0.1796875,5.78515625,1.37890625,0,0x14,0,0,0,1,0,1,1,0,0,0,,,,,,,,,,,,,,,,,,,,,,
384,8,LOD_APPROACH,12.833333333333334,562044,17152.2216796875,1656,50.537109375,19.78743961352657,148,4.5166015625,1508,46.0205078125,0,0.0,0xE48DD0E9,-45,1502,354,-0.17578125,5.8671875,1.3828125,0,0x14,0,0,0,1,0,1,1,0,0,0,,,,,,,,,,,,,,,,,,,,,,
385,8,LOD_APPROACH,12.866666666666667,563735,17203.826904296875,1691,51.605224609375,19.377882909520995,148,4.5166015625,1543,47.088623046875,0,0.0,0xC38C156C,-44,1523,355,-0.171875,5.94921875,1.38671875,0,0x14,0,0,0,1,0,1,1,0,0,0,,,,,,,,,,,,,,,,,,,,,,
386,8,LOD_APPROACH,12.9,565418,17255.18798828125,1683,51.361083984375,19.469994058229354,148,4.5166015625,1535,46.844482421875,0,0.0,0x8254B51C,-43,1544,356,-0.16796875,6.03125,1.390625,0,0x14,0,0,0,1,0,1,1,0,0,0,,,,,,,,,,,,,,,,,,,,,,
387,8,LOD_APPROACH,12.933333333333334,567126,17307.31201171875,1708,52.1240234375,19.185011709601874,148,4.5166015625,1559,47.576904296875,1,0.030517578125,0xF9894479,-42,1565,357,-0.1640625,6.11328125,1.39453125,0,0x14,0,0,0,1,0,1,1,0,0,0,,,,,,,,,,,,,,,,,,,,,,
388,8,LOD_APPROACH,12.966666666666667,568858,17360.16845703125,1732,52.8564453125,18.919168591224018,148,4.5166015625,1584,48.33984375,0,0.0,0x404CAEBE,-41,1586,358,-0.16015625,6.1953125,1.3984375,0,0x14,0,0,0,1,0,1,1,0,0,0,,,,,,,,,,,,,,,,,,,,,,
389,8,LOD_APPROACH,13.0,570594,17413.14697265625,1736,52.978515625,18.87557603686636,148,4.5166015625,1588,48.4619140625,0,0.0,0x4A50E553,-40,1607,359,-0.15625,6.27734375,1.40234375,0,0x14,0,0,0,1,0,1,1,0,0,0,,,,,,,,,,,,,,,,,,,,,,
390,8,LOD_APPROACH,13.033333333333333,572430,17469.17724609375,1836,56.0302734375,17.847494553376908,148,4.5166015625,1688,51.513671875,0,0.0,0x7ED10880,-39,1628,360,-0.15234375,6.359375,1.40625,0,0x14,0,0,0,1,0,1,1,0,0,0,,,,,,,,,,,,,,,,,,,,,,
391,8,LOD_APPROACH,13.066666666666666,574312,17526.611328125,1882,57.43408203125,17.41126461211477,148,4.5166015625,1734,52.91748046875,0,0.0,0xC510522D,-38,1649,361,-0.1484375,6.44140625,1.41015625,0,0x14,0,0,0,1,0,1,1,0,0,0,,,,,,,,,,,,,,,,,,,,,,
392,8,LOD_APPROACH,13.1,576192,17583.984375,1880,57.373046875,17.429787234042553,148,4.5166015625,1731,52.825927734375,1,0.030517578125,0x2D35DF92,-37,1670,362,-0.14453125,6.5234375,1.4140625,0,0x14,0,0,0,1,0,1,1,0,0,0,,,,,,,,,,,,,,,,,,,,,,
393,8,LOD_APPROACH,13.133333333333333,578066,17641.17431640625,1874,57.18994140625,17.485592315901815,148,4.5166015625,1726,52.67333984375,0,0.0,0xEDF495F7,-36,1691,363,-0.140625,6.60546875,1.41796875,0,0x14,0,0,0,1,0,1,1,0,0,0,,,,,,,,,,,,,,,,,,,,,,
394,8,LOD_APPROACH,13.166666666666666,580018,17700.74462890625,1952,59.5703125,16.78688524590164,148,4.5166015625,1803,55.023193359375,1,0.030517578125,0xA1277674,-35,1712,364,-0.13671875,6.6875,1.421875,0,0x14,0,0,0,1,0,1,1,0,0,0,,,,,,,,,,,,,,,,,,,,,,
395,8,LOD_APPROACH,13.2,582027,17762.054443359375,2009,61.309814453125,16.310602289696366,148,4.5166015625,1860,56.7626953125,1,0.030517578125,0x15EEA471,-34,1733,365,-0.1328125,6.76953125,1.42578125,0,0x14,0,0,0,1,0,1,1,0,0,0,,,,,,,,,,,,,,,,,,,,,,
396,8,LOD_APPROACH,13.233333333333333,583997,17822.174072265625,1970,60.11962890625,16.633502538071067,148,4.5166015625,1822,55.60302734375,0,0.0,0xB4086516,-33,1754,366,-0.12890625,6.8515625,1.4296875,0,0x14,0,0,0,1,0,1,1,0,0,0,,,,,,,,,,,,,,,,,,,,,,
397,8,LOD_APPROACH,13.266666666666667,586045,17884.674072265625,2048,62.5,16.0,148,4.5166015625,1900,57.9833984375,0,0.0,0xD3CEDB6B,-32,1775,367,-0.125,6.93359375,1.43359375,0,0x14,0,0,0,1,0,1,1,0,0,0,,,,,,,,,,,,,,,,,,,,,,
398,8,LOD_APPROACH,13.3,588153,17949.005126953125,2108,64.3310546875,15.544592030360532,148,4.5166015625,1960,59.814453125,0,0.0,0x37907739,-31,1796,368,-0.12109375,7.015625,1.4375,0,0x14,0,0,0,1,0,1,1,0,0,0,,,,,,,,,,,,,,,,,,,,,,
399,8,LOD_APPROACH,13.333333333333334,590158,18010.19287109375,2005,61.187744140625,16.343142144638403,148,4.5166015625,1856,56.640625,1,0.030517578125,0x354D8EB4,-30,1817,369,-0.1171875,7.09765625,1.44140625,0,0x14,0,0,0,1,0,1,1,0,0,0,,,,,,,,,,,,,,,,,,,,,,
400,8,LOD_APPROACH,13.366666666666667,592211,18072.845458984375,2053,62.652587890625,15.961032635168047,148,4.5166015625,1904,58.10546875,1,0.030517578125,0xB989B73B,-29,1838,370,-0.11328125,7.1796875,1.4453125,0,0x14,0,0,0,1,0,1,1,0,0,0,,,,,,,,,,,,,,,,,,,,,,
401,8,LOD_APPROACH,13.4,594285,18136.138916015625,2074,63.29345703125,15.799421407907426,148,4.5166015625,1925,58.746337890625,1,0.030517578125,0xA649088E,-28,1859,371,-0.109375,7.26171875,1.44921875,0,0x14,0,0,0,1,0,1,1,0,0,0,,,,,,,,,,,,,,,,,,,,,,
402,8,LOD_APPROACH,13.433333333333334,596332,18198.6083984375,2047,62.469482421875,16.00781631656082,148,4.5166015625,1898,57.92236328125,1,0.030517578125,0x81CF51ED,-27,1880,372,-0.10546875,7.34375,1.453125,0,0x14,0,0,0,1,0,1,1,0,0,0,,,,,,,,,,,,,,,,,,,,,,
403,8,LOD_APPROACH,13.466666666666667,598437,18262.847900390625,2105,64.239501953125,15.566745843230404,147,4.486083984375,1957,59.722900390625,1,0.030517578125,0x141BC178,-26,1901,373,-0.1015625,7.42578125,1.45703125,0,0x14,0,0,0,1,0,1,1,0,0,0,,,,,,,,,,,,,,,,,,,,,,
404,8,LOD_APPROACH,13.5,600587,18328.460693359375,2150,65.61279296875,15.24093023255814,148,4.5166015625,2002,61.09619140625,0,0.0,0xBB50435F,-25,1922,374,-0.09765625,7.5078125,1.4609375,0,0x14,0,0,0,1,0,1,1,0,0,0,,,,,,,,,,,,,,,,,,,,,,
405,8,LOD_APPROACH,13.533333333333333,602571,18389.007568359375,1984,60.546875,16.516129032258064,148,4.5166015625,1836,56.0302734375,0,0.0,0x03554D82,-24,1943,375,-0.09375,7.58984375,1.46484375,0,0x14,0,0,0,1,0,1,1,0,0,0,,,,,,,,,,,,,,,,,,,,,,
406,8,LOD_APPROACH,13.566666666666666,604581,18450.347900390625,2010,61.34033203125,16.302487562189054,148,4.5166015625,1861,56.793212890625,1,0.030517578125,0x3EEA4DA1,-23,1964,376,-0.08984375,7.671875,1.46875,0,0x14,0,0,0,1,0,1,1,0,0,0,,,,,,,,,,,,,,,,,,,,,,
407,8,LOD_APPROACH,13.6,606551,18510.467529296875,1970,60.11962890625,16.633502538071067,147,4.486083984375,1822,55.60302734375,1,0.030517578125,0x3C71A03C,-22,1985,377,-0.0859375,7.75390625,1.47265625,0,0x14,0,0,0,1,0,1,1,0,0,0,,,,,,,,,,,,,,,,,,,,,,
408,8,LOD_APPROACH,13.633333333333333,608527,18570.770263671875,1976,60.302734375,16.582995951417004,148,4.5166015625,1827,55.755615234375,1,0.030517578125,0xDC36DBE3,-21,2006,378,-0.08203125,7.8359375,1.4765625,0,0x14,0,0,0,1,0,1,1,0,0,0,,,,,,,,,,,,,,,,,,,,,,
409,8,LOD_APPROACH,13.666666666666666,610536,18632.080078125,2009,61.309814453125,16.310602289696366,148,4.5166015625,1861,56.793212890625,0,0.0,0xAEE872D6,-20,2027,379,-0.078125,7.91796875,1.48046875,0,0x14,0,0,0,1,0,1,1,0,0,0,,,,,,,,,,,,,,,,,,,,,,
410,8,LOD_APPROACH,13.7,612563,18693.939208984375,2027,61.859130859375,16.165762210162804,148,4.5166015625,1878,57.31201171875,1,0.030517578125,0xF16AEBE2,-19,2048,380,-0.07421875,8.0,1.484375,0,0x14,0,0,0,1,0,1,1,0,0,0,,,,,,,,,,,,,,,,,,,,,,
411,8,LOD_APPROACH,13.733333333333333,614590,18755.79833984375,2027,61.859130859375,16.165762210162804,148,4.5166015625,1878,57.31201171875,1,0.030517578125,0xD823C5E7,-18,2069,381,-0.0703125,8.08203125,1.48828125,0,0x14,0,0,0,1,0,1,1,0,0,0,,,,,,,,,,,,,,,,,,,,,,
412,8,LOD_APPROACH,13.766666666666667,616584,18816.650390625,1994,60.85205078125,16.433299899699097,148,4.5166015625,1845,56.304931640625,1,0.030517578125,0x15BBCA40,-17,2090,382,-0.06640625,8.1640625,1.4921875,0,0x14,0,0,0,1,0,1,1,0,0,0,,,,,,,,,,,,,,,,,,,,,,
413,8,LOD_APPROACH,13.8,618682,18880.67626953125,2098,64.02587890625,15.618684461391801,148,4.5166015625,1950,59.50927734375,0,0.0,0x73E6CF6D,-16,2111,383,-0.0625,8.24609375,1.49609375,0,0x14,0,0,0,1,0,1,1,0,0,0,,,,,,,,,,,,,,,,,,,,,,
414,8,LOD_APPROACH,13.833333333333334,620756,18943.9697265625,2074,63.29345703125,15.799421407907426,148,4.5166015625,1926,58.77685546875,0,0.0,0x77C63D5E,-15,2132,384,-0.05859375,8.328125,1.5,0,0x14,0,0,0,1,0,1,1,0,0,0,,,,,,,,,,,,,,,,,,,,,,
415,8,LOD_APPROACH,13.866666666666667,622811,19006.683349609375,2055,62.713623046875,15.945498783454989,148,4.5166015625,1907,58.197021484375,0,0.0,0x0B82ACF3,-14,2153,385,-0.0546875,8.41015625,1.50390625,0,0x14,0,0,0,1,0,1,1,0,0,0,,,,,,,,,,,,,,,,,,,,,,
416,8,LOD_APPROACH,13.9,624923,19071.136474609375,2112,64.453125,15.515151515151516,148,4.5166015625,1964,59.9365234375,0,0.0,0xAF688A0C,-13,2174,386,-0.05078125,8.4921875,1.5078125,0,0x16,1,1,0,1,0,1,1,0,0,0,62.225341796875,0.030517578125,0.213623046875,9.063720703125,5.279541015625,2.44140625,29.78515625,1.007080078125,0.0,13.458251953125,0.946044921875,16,40,14,393,334,10810,0,4772,1,0,6
417,8,LOD_APPROACH,13.933333333333334,626997,19134.429931640625,2074,63.29345703125,15.799421407907426,148,4.5166015625,1925,58.746337890625,1,0.030517578125,0x73C02589,-12,2195,387,-0.046875,8.57421875,1.51171875,0,0x14,0,0,0,1,0,1,1,0,0,0,,,,,,,,,,,,,,,,,,,,,,
418,8,LOD_APPROACH,13.966666666666667,629095,19198.455810546875,2098,64.02587890625,15.618684461391801,148,4.5166015625,1950,59.50927734375,0,0.0,0xAB9B46AA,-11,2216,388,-0.04296875,8.65625,1.515625,0,0x14,0,0,0,1,0,1,1,0,0,0,,,,,,,,,,,,,,,,,,,,,,
419,8,LOD_APPROACH,14.0,631167,19261.688232421875,2072,63.232421875,15.814671814671815,148,4.5166015625,1923,58.685302734375,1,0.030517578125,0x33D8802F,-10,2237,389,-0.0390625,8.73828125,1.51953125,0,0x14,0,0,0,1,0,1,1,0,0,0,,,,,,,,,,,,,,,,,,,,,,
420,8,LOD_APPROACH,14.033333333333333,632944,19315.91796875,1777,54.229736328125,18.440067529544176,147,4.486083984375,1630,49.74365234375,0,0.0,0xC446B768,-9,2258,390,-0.03515625,8.8203125,1.5234375,0,0x14,0,0,0,1,0,1,1,0,0,0,,,,,,,,,,,,,,,,,,,,,,
421,8,LOD_APPROACH,14.066666666666666,634742,19370.78857421875,1798,54.87060546875,18.224694104560623,148,4.5166015625,1650,50.35400390625,0,0.0,0x51285415,-8,2279,391,-0.03125,8.90234375,1.52734375,0,0x14,0,0,0,1,0,1,1,0,0,0,,,,,,,,,,,,,,,,,,,,,,
422,8,LOD_APPROACH,14.1,636494,19424.25537109375,1752,53.466796875,18.703196347031962,148,4.5166015625,1604,48.9501953125,0,0.0,0x70E57126,-7,2300,392,-0.02734375,8.984375,1.53125,0,0x14,0,0,0,1,0,1,1,0,0,0,,,,,,,,,,,,,,,,,,,,,,
423,8,LOD_APPROACH,14.133333333333333,638272,19478.515625,1778,54.26025390625,18.429696287964006,148,4.5166015625,1630,49.74365234375,0,0.0,0xA7C9170A,-6,2321,393,-0.0234375,9.06640625,1.53515625,0,0x14,0,0,0,1,0,1,1,0,0,0,,,,,,,,,,,,,,,,,,,,,,
424,8,LOD_APPROACH,14.166666666666666,639988,19530.8837890625,1716,52.3681640625,19.095571095571096,148,4.5166015625,1568,47.8515625,0,0.0,0x4BE464A5,-5,2342,394,-0.01953125,9.1484375,1.5390625,0,0x14,0,0,0,1,0,1,1,0,0,0,,,,,,,,,,,,,,,,,,,,,,
425,8,LOD_APPROACH,14.2,641601,19580.108642578125,1613,49.224853515625,20.314941103533787,148,4.5166015625,1465,44.708251953125,0,0.0,0x4FA9DD30,-4,2363,395,-0.015625,9.23046875,1.54296875,0,0x14,0,0,0,1,0,1,1,0,0,0,,,,,,,,,,,,,,,,,,,,,,
426,8,LOD_APPROACH,14.233333333333333,643257,19630.645751953125,1656,50.537109375,19.78743961352657,148,4.5166015625,1508,46.0205078125,0,0.0,0xF4A56F73,-3,2384,396,-0.01171875,9.3125,1.546875,0,0x14,0,0,0,1,0,1,1,0,0,0,,,,,,,,,,,,,,,,,,,,,,
427,8,LOD_APPROACH,14.266666666666667,644912,19681.15234375,1655,50.506591796875,19.79939577039275,148,4.5166015625,1507,45.989990234375,0,0.0,0x8BFE6F46,-2,2405,397,-0.0078125,9.39453125,1.55078125,0,0x14,0,0,0,1,0,1,1,0,0,0,,,,,,,,,,,,,,,,,,,,,,
428,8,LOD_APPROACH,14.3,646423,19727.264404296875,1511,46.112060546875,21.686300463269358,148,4.5166015625,1363,41.595458984375,0,0.0,0xDCCA4BE1,-1,2426,398,-0.00390625,9.4765625,1.5546875,0,0x14,0,0,0,1,0,1,1,0,0,0,,,,,,,,,,,,,,,,,,,,,,
429,8,LOD_APPROACH,14.333333333333334,647973,19774.566650390625,1550,47.30224609375,21.140645161290323,148,4.5166015625,1401,42.755126953125,1,0.030517578125,0x0ED9BE1A,0,2447,399,0.0,9.55859375,1.55859375,0,0x14,0,0,0,1,0,1,1,0,0,0,,,,,,,,,,,,,,,,,,,,,,
430,8,LOD_APPROACH,14.366666666666667,649559,19822.967529296875,1586,48.40087890625,20.66078184110971,148,4.5166015625,1437,43.853759765625,1,0.030517578125,0x40AE6F75,1,2468,400,0.00390625,9.640625,1.5625,0,0x14,0,0,0,1,0,1,1,0,0,0,,,,,,,,,,,,,,,,,,,,,,
431,8,LOD_APPROACH,14.4,651135,19871.063232421875,1576,48.095703125,20.79187817258883,147,4.486083984375,1429,43.609619140625,0,0.0,0x06EC46A0,2,2489,401,0.0078125,9.72265625,1.56640625,0,0x14,0,0,0,1,0,1,1,0,0,0,,,,,,,,,,,,,,,,,,,,,,
432,8,LOD_APPROACH,14.433333333333334,653860,19954.2236328125,2725,83.160400390625,12.024954128440367,1144,34.912109375,1581,48.248291015625,0,0.0,0x545FA80F,3069,1262,1186,11.98828125,4.9296875,4.6328125,1,0x15,0,0,1,1,0,1,1,0,0,0,,,,,,,,,,,,,,,,,,,,,,
433,8,LOD_APPROACH,14.466666666666667,655591,20007.049560546875,1731,52.825927734375,18.93009820912767,157,4.791259765625,1574,48.03466796875,0,0.0,0x2D2E4954,3069,1262,1165,11.98828125,4.9296875,4.55078125,1,0x14,0,0,0,1,0,1,1,0,0,0,,,,,,,,,,,,,,,,,,,,,,
434,8,LOD_APPROACH,14.5,657177,20055.450439453125,1586,48.40087890625,20.66078184110971,157,4.791259765625,1428,43.5791015625,1,0.030517578125,0xF000B19D,3069,1262,1144,11.98828125,4.9296875,4.46875,1,0x14,0,0,0,1,0,1,1,0,0,0,,,,,,,,,,,,,,,,,,,,,,
435,8,LOD_APPROACH,14.533333333333333,658720,20102.5390625,1543,47.088623046875,21.23655217109527,158,4.82177734375,1385,42.266845703125,0,0.0,0x84453EEE,3069,1262,1123,11.98828125,4.9296875,4.38671875,1,0x14,0,0,0,1,0,1,1,0,0,0,,,,,,,,,,,,,,,,,,,,,,
436,8,LOD_APPROACH,14.566666666666666,660267,20149.749755859375,1547,47.210693359375,21.18164188752424,157,4.791259765625,1390,42.41943359375,0,0.0,0x0D408297,3069,1262,1102,11.98828125,4.9296875,4.3046875,1,0x14,0,0,0,1,0,1,1,0,0,0,,,,,,,,,,,,,,,,,,,,,,
437,8,LOD_APPROACH,14.6,661814,20196.96044921875,1547,47.210693359375,21.18164188752424,157,4.791259765625,1390,42.41943359375,0,0.0,0x8028BE00,3069,1262,1081,11.98828125,4.9296875,4.22265625,1,0x1C,0,0,0,1,1,1,1,0,0,0,,,,,,,,,,,,,,,,,,,,,,
438,9,FREECAM_YAW,14.633333333333333,663360,20244.140625,1546,47.18017578125,21.195342820181114,164,5.0048828125,1382,42.17529296875,0,0.0,0x53C02975,3069,1262,1081,11.98828125,4.9296875,4.22265625,1,0x14,0,0,0,1,0,1,0,1,0,0,,,,,,,,,,,,,,,,,,,,,,
439,9,FREECAM_YAW,14.666666666666666,664855,20289.764404296875,1495,45.623779296875,21.91839464882943,164,5.0048828125,1330,40.58837890625,1,0.030517578125,0xA2A40271,3069,1262,1081,11.98828125,4.9296875,4.22265625,1,0x14,0,0,0,1,0,1,0,1,0,0,,,,,,,,,,,,,,,,,,,,,,
440,9,FREECAM_YAW,14.7,666350,20335.38818359375,1495,45.623779296875,21.91839464882943,164,5.0048828125,1330,40.58837890625,1,0.030517578125,0xC113AF95,3069,1262,1081,11.98828125,4.9296875,4.22265625,1,0x14,0,0,0,1,0,1,0,1,0,0,,,,,,,,,,,,,,,,,,,,,,
441,9,FREECAM_YAW,14.733333333333333,667848,20381.103515625,1498,45.71533203125,21.874499332443257,163,4.974365234375,1334,40.71044921875,1,0.030517578125,0xFF8769B6,3069,1262,1081,11.98828125,4.9296875,4.22265625,1,0x14,0,0,0,1,0,1,0,1,0,0,,,,,,,,,,,,,,,,,,,,,,
442,9,FREECAM_YAW,14.766666666666667,669265,20424.346923828125,1417,43.243408203125,23.124911785462245,164,5.0048828125,1252,38.2080078125,1,0.030517578125,0x042130CE,3069,1262,1081,11.98828125,4.9296875,4.22265625,1,0x14,0,0,0,1,0,1,0,1,0,0,,,,,,,,,,,,,,,,,,,,,,
443,9,FREECAM_YAW,14.8,670674,20467.34619140625,1409,42.999267578125,23.256210078069554,164,5.0048828125,1244,37.9638671875,1,0.030517578125,0x70927F5D,3069,1262,1081,11.98828125,4.9296875,4.22265625,1,0x14,0,0,0,1,0,1,0,1,0,0,,,,,,,,,,,,,,,,,,,,,,
444,9,FREECAM_YAW,14.833333333333334,672017,20508.331298828125,1343,40.985107421875,24.399106478034252,164,5.0048828125,1178,35.94970703125,1,0.030517578125,0xD2CB2DFC,3069,1262,1081,11.98828125,4.9296875,4.22265625,1,0x14,0,0,0,1,0,1,0,1,0,0,,,,,,,,,,,,,,,,,,,,,,
445,9,FREECAM_YAW,14.866666666666667,673278,20546.81396484375,1261,38.482666015625,25.985725614591594,164,5.0048828125,1096,33.447265625,1,0.030517578125,0x0DC77C76,3069,1262,1081,11.98828125,4.9296875,4.22265625,1,0x14,0,0,0,1,0,1,0,1,0,0,,,,,,,,,,,,,,,,,,,,,,
446,9,FREECAM_YAW,14.9,674502,20584.16748046875,1224,37.353515625,26.77124183006536,164,5.0048828125,1060,32.3486328125,0,0.0,0x646433BE,3069,1262,1081,11.98828125,4.9296875,4.22265625,1,0x14,0,0,0,1,0,1,0,1,0,0,,,,,,,,,,,,,,,,,,,,,,
447,9,FREECAM_YAW,14.933333333333334,675680,20620.1171875,1178,35.94970703125,27.816638370118845,164,5.0048828125,1014,30.94482421875,0,0.0,0x3DDA4090,3069,1262,1081,11.98828125,4.9296875,4.22265625,1,0x14,0,0,0,1,0,1,0,1,0,0,,,,,,,,,,,,,,,,,,,,,,
448,9,FREECAM_YAW,14.966666666666667,676774,20653.50341796875,1094,33.38623046875,29.952468007312614,164,5.0048828125,929,28.350830078125,1,0.030517578125,0xFFCB4259,3069,1262,1081,11.98828125,4.9296875,4.22265625,1,0x14,0,0,0,1,0,1,0,1,0,0,,,,,,,,,,,,,,,,,,,,,,
449,9,FREECAM_YAW,15.0,677865,20686.798095703125,1091,33.294677734375,30.034830430797435,164,5.0048828125,927,28.289794921875,0,0.0,0xBF360EA3,3069,1262,1081,11.98828125,4.9296875,4.22265625,1,0x14,0,0,0,1,0,1,0,1,0,0,,,,,,,,,,,,,,,,,,,,,,
450,9,FREECAM_YAW,15.033333333333333,679084,20723.9990234375,1219,37.200927734375,26.88105004101723,164,5.0048828125,1054,32.16552734375,1,0.030517578125,0x60A33A9C,3069,1262,1081,11.98828125,4.9296875,4.22265625,1,0x14,0,0,0,1,0,1,0,1,0,0,,,,,,,,,,,,,,,,,,,,,,
451,9,FREECAM_YAW,15.066666666666666,680304,20761.23046875,1220,37.2314453125,26.859016393442623,163,4.974365234375,1056,32.2265625,1,0.030517578125,0x198020E6,3069,1262,1081,11.98828125,4.9296875,4.22265625,1,0x14,0,0,0,1,0,1,0,1,0,0,,,,,,,,,,,,,,,,,,,,,,
452,9,FREECAM_YAW,15.1,681654,20802.42919921875,1350,41.19873046875,24.27259259259259,163,4.974365234375,1187,36.224365234375,0,0.0,0x3F7972FA,3069,1262,1081,11.98828125,4.9296875,4.22265625,1,0x14,0,0,0,1,0,1,0,1,0,0,,,,,,,,,,,,,,,,,,,,,,
453,9,FREECAM_YAW,15.133333333333333,683002,20843.56689453125,1348,41.1376953125,24.30860534124629,164,5.0048828125,1184,36.1328125,0,0.0,0x8BBE58C6,3069,1262,1081,11.98828125,4.9296875,4.22265625,1,0x14,0,0,0,1,0,1,0,1,0,0,,,,,,,,,,,,,,,,,,,,,,
454,9,FREECAM_YAW,15.166666666666666,684378,20885.55908203125,1376,41.9921875,23.813953488372093,164,5.0048828125,1212,36.9873046875,0,0.0,0x2E1DABB5,3069,1262,1081,11.98828125,4.9296875,4.22265625,1,0x14,0,0,0,1,0,1,0,1,0,0,,,,,,,,,,,,,,,,,,,,,,
455,9,FREECAM_YAW,15.2,685780,20928.3447265625,1402,42.78564453125,23.372325249643367,164,5.0048828125,1238,37.78076171875,0,0.0,0x738F6485,3069,1262,1081,11.98828125,4.9296875,4.22265625,1,0x14,0,0,0,1,0,1,0,1,0,0,,,,,,,,,,,,,,,,,,,,,,
456,9,FREECAM_YAW,15.233333333333333,687278,20974.06005859375,1498,45.71533203125,21.874499332443257,164,5.0048828125,1333,40.679931640625,1,0.030517578125,0x0BBF162F,3069,1262,1081,11.98828125,4.9296875,4.22265625,1,0x14,0,0,0,1,0,1,0,1,0,0,,,,,,,,,,,,,,,,,,,,,,
457,9,FREECAM_YAW,15.266666666666667,688810,21020.81298828125,1532,46.7529296875,21.389033942558747,163,4.974365234375,1368,41.748046875,1,0.030517578125,0x288A2C51,3069,1262,1081,11.98828125,4.9296875,4.22265625,1,0x14,0,0,0,1,0,1,0,1,0,0,,,,,,,,,,,,,,,,,,,,,,
458,9,FREECAM_YAW,15.3,690365,21068.267822265625,1555,47.454833984375,21.07266881028939,163,4.974365234375,1392,42.48046875,0,0.0,0x2E6A0A0E,3069,1262,1081,11.98828125,4.9296875,4.22265625,1,0x14,0,0,0,1,0,1,0,1,0,0,,,,,,,,,,,,,,,,,,,,,,
459,9,FREECAM_YAW,15.333333333333334,691909,21115.386962890625,1544,47.119140625,21.22279792746114,164,5.0048828125,1380,42.1142578125,0,0.0,0x83B902EA,3069,1262,1081,11.98828125,4.9296875,4.22265625,1,0x16,1,1,0,1,0,1,0,1,0,0,43.76220703125,0.0,0.396728515625,18.06640625,12.908935546875,0.0,0.0,0.0,0.0,11.41357421875,0.9765625,8,28,10,320,168,6252,0,0,0,0,6
460,9,FREECAM_YAW,15.366666666666667,693435,21161.956787109375,1526,46.56982421875,21.47313237221494,164,5.0048828125,1361,41.534423828125,1,0.030517578125,0x926FA628,3069,1262,1081,11.98828125,4.9296875,4.22265625,1,0x14,0,0,0,1,0,1,0,1,0,0,,,,,,,,,,,,,,,,,,,,,,
461,9,FREECAM_YAW,15.4,694952,21208.251953125,1517,46.295166015625,21.600527356624916,164,5.0048828125,1353,41.290283203125,0,0.0,0x49EC8067,3069,1262,1081,11.98828125,4.9296875,4.22265625,1,0x14,0,0,0,1,0,1,0,1,0,0,,,,,,,,,,,,,,,,,,,,,,
462,9,FREECAM_YAW,15.433333333333334,696560,21257.32421875,1608,49.072265625,20.378109452736318,164,5.0048828125,1443,44.036865234375,1,0.030517578125,0x299B9677,3069,1262,1081,11.98828125,4.9296875,4.22265625,1,0x14,0,0,0,1,0,1,0,1,0,0,,,,,,,,,,,,,,,,,,,,,,
463,9,FREECAM_YAW,15.466666666666667,698125,21305.084228515625,1565,47.760009765625,20.938019169329074,164,5.0048828125,1401,42.755126953125,0,0.0,0x9BDD0F89,3069,1262,1081,11.98828125,4.9296875,4.22265625,1,0x14,0,0,0,1,0,1,0,1,0,0,,,,,,,,,,,,,,,,,,,,,,
464,9,FREECAM_YAW,15.5,699659,21351.898193359375,1534,46.81396484375,21.36114732724902,164,5.0048828125,1370,41.80908203125,0,0.0,0xD178667F,3069,1262,1081,11.98828125,4.9296875,4.22265625,1,0x14,0,0,0,1,0,1,0,1,0,0,,,,,,,,,,,,,,,,,,,,,,
465,9,FREECAM_YAW,15.533333333333333,701179,21398.284912109375,1520,46.38671875,21.557894736842105,164,5.0048828125,1355,41.351318359375,1,0.030517578125,0x44428AB8,3069,1262,1081,11.98828125,4.9296875,4.22265625,1,0x14,0,0,0,1,0,1,0,1,0,0,,,,,,,,,,,,,,,,,,,,,,
466,9,FREECAM_YAW,15.566666666666666,702577,21440.948486328125,1398,42.66357421875,23.43919885550787,164,5.0048828125,1233,37.628173828125,1,0.030517578125,0x5A543504,3069,1262,1081,11.98828125,4.9296875,4.22265625,1,0x14,0,0,0,1,0,1,0,1,0,0,,,,,,,,,,,,,,,,,,,,,,
467,9,FREECAM_YAW,15.6,703986,21483.94775390625,1409,42.999267578125,23.256210078069554,164,5.0048828125,1244,37.9638671875,1,0.030517578125,0x8890F534,3069,1262,1081,11.98828125,4.9296875,4.22265625,1,0x14,0,0,0,1,0,1,0,1,0,0,,,,,,,,,,,,,,,,,,,,,,
468,9,FREECAM_YAW,15.633333333333333,705327,21524.871826171875,1341,40.924072265625,24.435495898583145,164,5.0048828125,1176,35.888671875,1,0.030517578125,0x07E496EE,3069,1262,1081,11.98828125,4.9296875,4.22265625,1,0x14,0,0,0,1,0,1,0,1,0,0,,,,,,,,,,,,,,,,,,,,,,
469,9,FREECAM_YAW,15.666666666666666,706691,21566.497802734375,1364,41.6259765625,24.023460410557185,163,4.974365234375,1201,36.651611328125,0,0.0,0x0E8CE62B,3069,1262,1081,11.98828125,4.9296875,4.22265625,1,0x14,0,0,0,1,0,1,0,1,0,0,,,,,,,,,,,,,,,,,,,,,,
470,9,FREECAM_YAW,15.7,708150,21611.02294921875,1459,44.525146484375,22.4592186429061,164,5.0048828125,1295,39.520263671875,0,0.0,0x6C7F7CAB,3069,1262,1081,11.98828125,4.9296875,4.22265625,1,0x14,0,0,0,1,0,1,0,1,0,0,,,,,,,,,,,,,,,,,,,,,,
471,9,FREECAM_YAW,15.733333333333333,709652,21656.8603515625,1502,45.83740234375,21.81624500665779,163,4.974365234375,1338,40.83251953125,1,0.030517578125,0x1860A20C,3069,1262,1081,11.98828125,4.9296875,4.22265625,1,0x14,0,0,0,1,0,1,0,1,0,0,,,,,,,,,,,,,,,,,,,,,,
472,9,FREECAM_YAW,15.766666666666667,711084,21700.5615234375,1432,43.701171875,22.88268156424581,163,4.974365234375,1268,38.6962890625,1,0.030517578125,0x790CD07A,3069,1262,1081,11.98828125,4.9296875,4.22265625,1,0x14,0,0,0,1,0,1,0,1,0,0,,,,,,,,,,,,,,,,,,,,,,
473,9,FREECAM_YAW,15.8,712462,21742.61474609375,1378,42.05322265625,23.779390420899855,163,4.974365234375,1214,37.04833984375,1,0.030517578125,0xC44C36AE,3069,1262,1081,11.98828125,4.9296875,4.22265625,1,0x14,0,0,0,1,0,1,0,1,0,0,,,,,,,,,,,,,,,,,,,,,,
474,9,FREECAM_YAW,15.833333333333334,713889,21786.163330078125,1427,43.548583984375,22.962859145059564,164,5.0048828125,1263,38.543701171875,0,0.0,0xF1AFE5AA,3069,1262,1081,11.98828125,4.9296875,4.22265625,1,0x14,0,0,0,1,0,1,0,1,0,0,,,,,,,,,,,,,,,,,,,,,,
475,9,FREECAM_YAW,15.866666666666667,715364,21831.1767578125,1475,45.013427734375,22.215593220338985,164,5.0048828125,1310,39.97802734375,1,0.030517578125,0x5595FB91,3069,1262,1081,11.98828125,4.9296875,4.22265625,1,0x14,0,0,0,1,0,1,0,1,0,0,,,,,,,,,,,,,,,,,,,,,,
476,9,FREECAM_YAW,15.9,716866,21877.01416015625,1502,45.83740234375,21.81624500665779,163,4.974365234375,1338,40.83251953125,1,0.030517578125,0x4E44351A,3069,1262,1081,11.98828125,4.9296875,4.22265625,1,0x14,0,0,0,1,0,1,0,1,0,0,,,,,,,,,,,,,,,,,,,,,,
477,9,FREECAM_YAW,15.933333333333334,718421,21924.468994140625,1555,47.454833984375,21.07266881028939,164,5.0048828125,1391,42.449951171875,0,0.0,0x1DE63F1A,3069,1262,1081,11.98828125,4.9296875,4.22265625,1,0x14,0,0,0,1,0,1,0,1,0,0,,,,,,,,,,,,,,,,,,,,,,
478,9,FREECAM_YAW,15.966666666666667,719978,21971.98486328125,1557,47.515869140625,21.045600513808605,164,5.0048828125,1393,42.510986328125,0,0.0,0x61EB8F87,3069,1262,1081,11.98828125,4.9296875,4.22265625,1,0x14,0,0,0,1,0,1,0,1,0,0,,,,,,,,,,,,,,,,,,,,,,
479,9,FREECAM_YAW,16.0,721564,22020.3857421875,1586,48.40087890625,20.66078184110971,164,5.0048828125,1422,43.39599609375,0,0.0,0x649F3B8F,3069,1262,1081,11.98828125,4.9296875,4.22265625,1,0x14,0,0,0,1,0,1,0,1,0,0,,,,,,,,,,,,,,,,,,,,,,
480,9,FREECAM_YAW,16.033333333333335,723112,22067.626953125,1548,47.2412109375,21.16795865633075,164,5.0048828125,1384,42.236328125,0,0.0,0xD23C0287,3069,1262,1081,11.98828125,4.9296875,4.22265625,1,0x14,0,0,0,1,0,1,0,1,0,0,,,,,,,,,,,,,,,,,,,,,,
481,9,FREECAM_YAW,16.066666666666666,724666,22115.05126953125,1554,47.42431640625,21.086229086229086,164,5.0048828125,1389,42.388916015625,1,0.030517578125,0x9BA00F04,3069,1262,1081,11.98828125,4.9296875,4.22265625,1,0x14,0,0,0,1,0,1,0,1,0,0,,,,,,,,,,,,,,,,,,,,,,
482,9,FREECAM_YAW,16.1,726197,22161.773681640625,1531,46.722412109375,21.40300457217505,163,4.974365234375,1368,41.748046875,0,0.0,0x5905AEFB,3069,1262,1081,11.98828125,4.9296875,4.22265625,1,0x14,0,0,0,1,0,1,0,1,0,0,,,,,,,,,,,,,,,,,,,,,,
483,9,FREECAM_YAW,16.133333333333333,727714,22208.06884765625,1517,46.295166015625,21.600527356624916,164,5.0048828125,1353,41.290283203125,0,0.0,0x1C3F4722,3069,1262,1081,11.98828125,4.9296875,4.22265625,1,0x14,0,0,0,1,0,1,0,1,0,0,,,,,,,,,,,,,,,,,,,,,,
484,9,FREECAM_YAW,16.166666666666668,729203,22253.509521484375,1489,45.440673828125,22.006715916722634,164,5.0048828125,1325,40.435791015625,0,0.0,0x621C0819,3069,1262,1081,11.98828125,4.9296875,4.22265625,1,0x14,0,0,0,1,0,1,0,1,0,0,,,,,,,,,,,,,,,,,,,,,,
485,9,FREECAM_YAW,16.2,730694,22299.01123046875,1491,45.501708984375,21.97719651240778,164,5.0048828125,1326,40.46630859375,1,0.030517578125,0x3A0C8395,3069,1262,1081,11.98828125,4.9296875,4.22265625,1,0x14,0,0,0,1,0,1,0,1,0,0,,,,,,,,,,,,,,,,,,,,,,
486,9,FREECAM_YAW,16.233333333333334,732126,22342.71240234375,1432,43.701171875,22.88268156424581,164,5.0048828125,1267,38.665771484375,1,0.030517578125,0x956E0910,3069,1262,1081,11.98828125,4.9296875,4.22265625,1,0x14,0,0,0,1,0,1,0,1,0,0,,,,,,,,,,,,,,,,,,,,,,
487,9,FREECAM_YAW,16.266666666666666,733548,22386.1083984375,1422,43.39599609375,23.043600562587905,164,5.0048828125,1257,38.360595703125,1,0.030517578125,0xF35E73A0,3069,1262,1081,11.98828125,4.9296875,4.22265625,1,0x14,0,0,0,1,0,1,0,1,0,0,,,,,,,,,,,,,,,,,,,,,,
488,9,FREECAM_YAW,16.3,734965,22429.351806640625,1417,43.243408203125,23.124911785462245,164,5.0048828125,1252,38.2080078125,1,0.030517578125,0x32C0D7EA,3069,1262,1081,11.98828125,4.9296875,4.22265625,1,0x14,0,0,0,1,0,1,0,1,0,0,,,,,,,,,,,,,,,,,,,,,,
489,9,FREECAM_YAW,16.333333333333332,736216,22467.529296875,1251,38.177490234375,26.193445243804955,163,4.974365234375,1087,33.172607421875,1,0.030517578125,0x57C44DCC,3069,1262,1081,11.98828125,4.9296875,4.22265625,1,0x14,0,0,0,1,0,1,0,1,0,0,,,,,,,,,,,,,,,,,,,,,,
490,9,FREECAM_YAW,16.366666666666667,737429,22504.547119140625,1213,37.017822265625,27.01401483924155,164,5.0048828125,1049,32.012939453125,0,0.0,0x89168DA8,3069,1262,1081,11.98828125,4.9296875,4.22265625,1,0x14,0,0,0,1,0,1,0,1,0,0,,,,,,,,,,,,,,,,,,,,,,
491,9,FREECAM_YAW,16.4,738569,22539.337158203125,1140,34.7900390625,28.743859649122808,164,5.0048828125,975,29.754638671875,1,0.030517578125,0xCB557735,3069,1262,1081,11.98828125,4.9296875,4.22265625,1,0x14,0,0,0,1,0,1,0,1,0,0,,,,,,,,,,,,,,,,,,,,,,
492,9,FREECAM_YAW,16.433333333333334,739715,22574.310302734375,1146,34.97314453125,28.593368237347295,164,5.0048828125,982,29.96826171875,0,0.0,0x56F76AB7,3069,1262,1081,11.98828125,4.9296875,4.22265625,1,0x14,0,0,0,1,0,1,0,1,0,0,,,,,,,,,,,,,,,,,,,,,,
493,9,FREECAM_YAW,16.466666666666665,740955,22612.152099609375,1240,37.841796875,26.425806451612903,164,5.0048828125,1076,32.8369140625,0,0.0,0x83E47B49,3069,1262,1081,11.98828125,4.9296875,4.22265625,1,0x14,0,0,0,1,0,1,0,1,0,0,,,,,,,,,,,,,,,,,,,,,,
494,9,FREECAM_YAW,16.5,742361,22655.059814453125,1406,42.90771484375,23.305832147937412,164,5.0048828125,1242,37.90283203125,0,0.0,0xB18646C1,3069,1262,1081,11.98828125,4.9296875,4.22265625,1,0x14,0,0,0,1,0,1,0,1,0,0,,,,,,,,,,,,,,,,,,,,,,
495,9,FREECAM_YAW,16.533333333333335,743770,22698.05908203125,1409,42.999267578125,23.256210078069554,164,5.0048828125,1245,37.994384765625,0,0.0,0x9119C7F9,3069,1262,1081,11.98828125,4.9296875,4.22265625,1,0x14,0,0,0,1,0,1,0,1,0,0,,,,,,,,,,,,,,,,,,,,,,
496,9,FREECAM_YAW,16.566666666666666,745191,22741.424560546875,1421,43.365478515625,23.05981703026038,164,5.0048828125,1257,38.360595703125,0,0.0,0xF67F2C2F,3069,1262,1081,11.98828125,4.9296875,4.22265625,1,0x14,0,0,0,1,0,1,0,1,0,0,,,,,,,,,,,,,,,,,,,,,,
497,9,FREECAM_YAW,16.6,746627,22785.247802734375,1436,43.8232421875,22.818941504178273,164,5.0048828125,1271,38.787841796875,1,0.030517578125,0x5DDFDFF8,3069,1262,1081,11.98828125,4.9296875,4.22265625,1,0x14,0,0,0,1,0,1,0,1,0,0,,,,,,,,,,,,,,,,,,,,,,
498,9,FREECAM_YAW,16.633333333333333,748073,22829.376220703125,1446,44.12841796875,22.661134163208853,164,5.0048828125,1281,39.093017578125,1,0.030517578125,0xAB06698E,3069,1262,1081,11.98828125,4.9296875,4.22265625,1,0x14,0,0,0,1,0,1,0,1,0,0,,,,,,,,,,,,,,,,,,,,,,
499,9,FREECAM_YAW,16.666666666666668,749626,22876.77001953125,1553,47.393798828125,21.099806825499034,164,5.0048828125,1389,42.388916015625,0,0.0,0x43E77967,3069,1262,1081,11.98828125,4.9296875,4.22265625,1,0x14,0,0,0,1,0,1,0,1,0,0,,,,,,,,,,,,,,,,,,,,,,
500,9,FREECAM_YAW,16.7,751193,22924.591064453125,1567,47.821044921875,20.91129546904914,164,5.0048828125,1403,42.816162109375,0,0.0,0x5CDADBC8,3069,1262,1081,11.98828125,4.9296875,4.22265625,1,0x14,0,0,0,1,0,1,0,1,0,0,,,,,,,,,,,,,,,,,,,,,,
501,9,FREECAM_YAW,16.733333333333334,752758,22972.35107421875,1565,47.760009765625,20.938019169329074,164,5.0048828125,1401,42.755126953125,0,0.0,0x6DF32D85,3069,1262,1081,11.98828125,4.9296875,4.22265625,1,0x14,0,0,0,1,0,1,0,1,0,0,,,,,,,,,,,,,,,,,,,,,,
502,9,FREECAM_YAW,16.766666666666666,754049,23011.749267578125,1291,39.398193359375,25.381874515879165,164,5.0048828125,1127,34.393310546875,0,0.0,0x5CDADBC8,3069,1262,1081,11.98828125,4.9296875,4.22265625,1,0x14,0,0,0,1,0,1,0,-1,0,0,,,,,,,,,,,,,,,,,,,,,,
503,9,FREECAM_YAW,16.8,755611,23059.417724609375,1562,47.66845703125,20.978233034571062,164,5.0048828125,1397,42.633056640625,1,0.030517578125,0x43E77967,3069,1262,1081,11.98828125,4.9296875,4.22265625,1,0x14,0,0,0,1,0,1,0,-1,0,0,,,,,,,,,,,,,,,,,,,,,,
504,9,FREECAM_YAW,16.833333333333332,757087,23104.461669921875,1476,45.0439453125,22.200542005420054,164,5.0048828125,1312,40.0390625,0,0.0,0xAB06698E,3069,1262,1081,11.98828125,4.9296875,4.22265625,1,0x14,0,0,0,1,0,1,0,-1,0,0,,,,,,,,,,,,,,,,,,,,,,
505,9,FREECAM_YAW,16.866666666666667,758542,23148.86474609375,1455,44.403076171875,22.520962199312716,164,5.0048828125,1291,39.398193359375,0,0.0,0x5DDFDFF8,3069,1262,1081,11.98828125,4.9296875,4.22265625,1,0x14,0,0,0,1,0,1,0,-1,0,0,,,,,,,,,,,,,,,,,,,,,,
506,9,FREECAM_YAW,16.9,759970,23192.44384765625,1428,43.5791015625,22.946778711484594,164,5.0048828125,1264,38.57421875,0,0.0,0xF67F2C2F,3069,1262,1081,11.98828125,4.9296875,4.22265625,1,0x14,0,0,0,1,0,1,0,-1,0,0,,,,,,,,,,,,,,,,,,,,,,
507,9,FREECAM_YAW,16.933333333333334,761387,23235.687255859375,1417,43.243408203125,23.124911785462245,164,5.0048828125,1253,38.238525390625,0,0.0,0x9119C7F9,3069,1262,1081,11.98828125,4.9296875,4.22265625,1,0x14,0,0,0,1,0,1,0,-1,0,0,,,,,,,,,,,,,,,,,,,,,,
508,9,FREECAM_YAW,16.966666666666665,762799,23278.778076171875,1412,43.0908203125,23.206798866855525,164,5.0048828125,1248,38.0859375,0,0.0,0xB18646C1,3069,1262,1081,11.98828125,4.9296875,4.22265625,1,0x14,0,0,0,1,0,1,0,-1,0,0,,,,,,,,,,,,,,,,,,,,,,
509,9,FREECAM_YAW,17.0,764049,23316.925048828125,1250,38.14697265625,26.2144,164,5.0048828125,1086,33.14208984375,0,0.0,0x83E47B49,3069,1262,1081,11.98828125,4.9296875,4.22265625,1,0x14,0,0,0,1,0,1,0,-1,0,0,,,,,,,,,,,,,,,,,,,,,,
510,9,FREECAM_YAW,17.033333333333335,765273,23354.278564453125,1224,37.353515625,26.77124183006536,164,5.0048828125,1060,32.3486328125,0,0.0,0x56F76AB7,3069,1262,1081,11.98828125,4.9296875,4.22265625,1,0x14,0,0,0,1,0,1,0,-1,0,0,,,,,,,,,,,,,,,,,,,,,,
511,9,FREECAM_YAW,17.066666666666666,766478,23391.05224609375,1205,36.773681640625,27.19336099585062,164,5.0048828125,1041,31.768798828125,0,0.0,0xCB557735,3069,1262,1081,11.98828125,4.9296875,4.22265625,1,0x14,0,0,0,1,0,1,0,-1,0,0,,,,,,,,,,,,,,,,,,,,,,
512,9,FREECAM_YAW,17.1,767620,23425.9033203125,1142,34.85107421875,28.69352014010508,164,5.0048828125,978,29.84619140625,0,0.0,0x89168DA8,3069,1262,1081,11.98828125,4.9296875,4.22265625,1,0x14,0,0,0,1,0,1,0,-1,0,0,,,,,,,,,,,,,,,,,,,,,,
513,9,FREECAM_YAW,17.133333333333333,768802,23461.97509765625,1182,36.07177734375,27.722504230118442,164,5.0048828125,1018,31.06689453125,0,0.0,0x57C44DCC,3069,1262,1081,11.98828125,4.9296875,4.22265625,1,0x14,0,0,0,1,0,1,0,-1,0,0,,,,,,,,,,,,,,,,,,,,,,
514,9,FREECAM_YAW,17.166666666666668,770210,23504.94384765625,1408,42.96875,23.272727272727273,164,5.0048828125,1244,37.9638671875,0,0.0,0x32C0D7EA,3069,1262,1081,11.98828125,4.9296875,4.22265625,1,0x14,0,0,0,1,0,1,0,-1,0,0,,,,,,,,,,,,,,,,,,,,,,
515,9,FREECAM_YAW,17.2,771624,23548.095703125,1414,43.15185546875,23.173974540311175,164,5.0048828125,1250,38.14697265625,0,0.0,0xF35E73A0,3069,1262,1081,11.98828125,4.9296875,4.22265625,1,0x14,0,0,0,1,0,1,0,-1,0,0,,,,,,,,,,,,,,,,,,,,,,
516,9,FREECAM_YAW,17.233333333333334,773050,23591.61376953125,1426,43.51806640625,22.978962131837307,164,5.0048828125,1261,38.482666015625,1,0.030517578125,0x956E0910,3069,1262,1081,11.98828125,4.9296875,4.22265625,1,0x14,0,0,0,1,0,1,0,-1,0,0,,,,,,,,,,,,,,,,,,,,,,
517,9,FREECAM_YAW,17.266666666666666,774486,23635.43701171875,1436,43.8232421875,22.818941504178273,164,5.0048828125,1272,38.818359375,0,0.0,0x3A0C8395,3069,1262,1081,11.98828125,4.9296875,4.22265625,1,0x14,0,0,0,1,0,1,0,-1,0,0,,,,,,,,,,,,,,,,,,,,,,
518,9,FREECAM_YAW,17.3,775940,23679.8095703125,1454,44.37255859375,22.536451169188446,164,5.0048828125,1290,39.36767578125,0,0.0,0x621C0819,3069,1262,1081,11.98828125,4.9296875,4.22265625,1,0x14,0,0,0,1,0,1,0,-1,0,0,,,,,,,,,,,,,,,,,,,,,,
519,9,FREECAM_YAW,17.333333333333332,777530,23728.33251953125,1590,48.52294921875,20.60880503144654,164,5.0048828125,1426,43.51806640625,0,0.0,0x1C3F4722,3069,1262,1081,11.98828125,4.9296875,4.22265625,1,0x14,0,0,0,1,0,1,0,-1,0,0,,,,,,,,,,,,,,,,,,,,,,
520,9,FREECAM_YAW,17.366666666666667,779094,23776.06201171875,1564,47.7294921875,20.95140664961637,164,5.0048828125,1400,42.724609375,0,0.0,0x5905AEFB,3069,1262,1081,11.98828125,4.9296875,4.22265625,1,0x14,0,0,0,1,0,1,0,-1,0,0,,,,,,,,,,,,,,,,,,,,,,
521,9,FREECAM_YAW,17.4,780611,23822.357177734375,1517,46.295166015625,21.600527356624916,164,5.0048828125,1352,41.259765625,1,0.030517578125,0x9BA00F04,3069,1262,1081,11.98828125,4.9296875,4.22265625,1,0x14,0,0,0,1,0,1,0,-1,0,0,,,,,,,,,,,,,,,,,,,,,,
522,9,FREECAM_YAW,17.433333333333334,782147,23869.232177734375,1536,46.875,21.333333333333332,163,4.974365234375,1372,41.8701171875,1,0.030517578125,0xD23C0287,3069,1262,1081,11.98828125,4.9296875,4.22265625,1,0x14,0,0,0,1,0,1,0,-1,0,0,,,,,,,,,,,,,,,,,,,,,,
523,9,FREECAM_YAW,17.466666666666665,783682,23916.07666015625,1535,46.844482421875,21.347231270358307,163,4.974365234375,1371,41.839599609375,1,0.030517578125,0x649F3B8F,3069,1262,1081,11.98828125,4.9296875,4.22265625,1,0x14,0,0,0,1,0,1,0,-1,0,0,,,,,,,,,,,,,,,,,,,,,,
524,9,FREECAM_YAW,17.5,785220,23963.0126953125,1538,46.93603515625,21.30559167750325,163,4.974365234375,1374,41.93115234375,1,0.030517578125,0x61EB8F87,3069,1262,1081,11.98828125,4.9296875,4.22265625,1,0x14,0,0,0,1,0,1,0,-1,0,0,,,,,,,,,,,,,,,,,,,,,,
525,9,FREECAM_YAW,17.533333333333335,786795,24011.077880859375,1575,48.065185546875,20.805079365079365,164,5.0048828125,1410,43.02978515625,1,0.030517578125,0x1DE63F1A,3069,1262,1081,11.98828125,4.9296875,4.22265625,1,0x14,0,0,0,1,0,1,0,-1,0,0,,,,,,,,,,,,,,,,,,,,,,
526,9,FREECAM_YAW,17.566666666666666,788299,24056.976318359375,1504,45.8984375,21.78723404255319,163,4.974365234375,1341,40.924072265625,0,0.0,0x4E44351A,3069,1262,1081,11.98828125,4.9296875,4.22265625,1,0x14,0,0,0,1,0,1,0,-1,0,0,,,,,,,,,,,,,,,,,,,,,,
527,9,FREECAM_YAW,17.6,789751,24101.287841796875,1452,44.3115234375,22.56749311294766,164,5.0048828125,1287,39.276123046875,1,0.030517578125,0x5595FB91,3069,1262,1081,11.98828125,4.9296875,4.22265625,1,0x14,0,0,0,1,0,1,0,-1,0,0,,,,,,,,,,,,,,,,,,,,,,
528,9,FREECAM_YAW,17.633333333333333,791138,24143.61572265625,1387,42.327880859375,23.62509012256669,163,4.974365234375,1223,37.322998046875,1,0.030517578125,0xF1AFE5AA,3069,1262,1081,11.98828125,4.9296875,4.22265625,1,0x14,0,0,0,1,0,1,0,-1,0,0,,,,,,,,,,,,,,,,,,,,,,
529,9,FREECAM_YAW,17.666666666666668,792542,24186.46240234375,1404,42.8466796875,23.33903133903134,164,5.0048828125,1240,37.841796875,0,0.0,0xC44C36AE,3069,1262,1081,11.98828125,4.9296875,4.22265625,1,0x14,0,0,0,1,0,1,0,-1,0,0,,,,,,,,,,,,,,,,,,,,,,
530,9,FREECAM_YAW,17.7,794004,24231.0791015625,1462,44.61669921875,22.41313269493844,164,5.0048828125,1298,39.61181640625,0,0.0,0x790CD07A,3069,1262,1081,11.98828125,4.9296875,4.22265625,1,0x14,0,0,0,1,0,1,0,-1,0,0,,,,,,,,,,,,,,,,,,,,,,
531,9,FREECAM_YAW,17.733333333333334,795436,24274.7802734375,1432,43.701171875,22.88268156424581,164,5.0048828125,1267,38.665771484375,1,0.030517578125,0x1860A20C,3069,1262,1081,11.98828125,4.9296875,4.22265625,1,0x14,0,0,0,1,0,1,0,-1,0,0,,,,,,,,,,,,,,,,,,,,,,
532,9,FREECAM_YAW,17.766666666666666,796875,24318.695068359375,1439,43.914794921875,22.771369006254343,163,4.974365234375,1275,38.909912109375,1,0.030517578125,0x6C7F7CAB,3069,1262,1081,11.98828125,4.9296875,4.22265625,1,0x14,0,0,0,1,0,1,0,-1,0,0,,,,,,,,,,,,,,,,,,,,,,
533,9,FREECAM_YAW,17.8,798348,24363.6474609375,1473,44.952392578125,22.245756958587915,163,4.974365234375,1310,39.97802734375,0,0.0,0x0E8CE62B,3069,1262,1081,11.98828125,4.9296875,4.22265625,1,0x14,0,0,0,1,0,1,0,-1,0,0,,,,,,,,,,,,,,,,,,,,,,
534,9,FREECAM_YAW,17.833333333333332,799759,24406.707763671875,1411,43.060302734375,23.223245924875975,164,5.0048828125,1246,38.02490234375,1,0.030517578125,0x07E496EE,3069,1262,1081,11.98828125,4.9296875,4.22265625,1,0x14,0,0,0,1,0,1,0,-1,0,0,,,,,,,,,,,,,,,,,,,,,,
535,9,FREECAM_YAW,17.866666666666667,801099,24447.601318359375,1340,40.8935546875,24.453731343283582,163,4.974365234375,1176,35.888671875,1,0.030517578125,0x8890F534,3069,1262,1081,11.98828125,4.9296875,4.22265625,1,0x14,0,0,0,1,0,1,0,-1,0,0,,,,,,,,,,,,,,,,,,,,,,
536,9,FREECAM_YAW,17.9,802430,24488.22021484375,1331,40.618896484375,24.6190833959429,163,4.974365234375,1168,35.64453125,0,0.0,0x5A543504,3069,1262,1081,11.98828125,4.9296875,4.22265625,1,0x14,0,0,0,1,0,1,0,-1,0,0,,,,,,,,,,,,,,,,,,,,,,
537,9,FREECAM_YAW,17.933333333333334,803968,24535.15625,1538,46.93603515625,21.30559167750325,164,5.0048828125,1374,41.93115234375,0,0.0,0x44428AB8,3069,1262,1081,11.98828125,4.9296875,4.22265625,1,0x14,0,0,0,1,0,1,0,-1,0,0,,,,,,,,,,,,,,,,,,,,,,
538,9,FREECAM_YAW,17.966666666666665,805524,24582.6416015625,1556,47.4853515625,21.05912596401028,164,5.0048828125,1391,42.449951171875,1,0.030517578125,0xD178667F,3069,1262,1081,11.98828125,4.9296875,4.22265625,1,0x14,0,0,0,1,0,1,0,-1,0,0,,,,,,,,,,,,,,,,,,,,,,
539,9,FREECAM_YAW,18.0,807083,24630.218505859375,1559,47.576904296875,21.018601667735727,163,4.974365234375,1396,42.6025390625,0,0.0,0x9BDD0F89,3069,1262,1081,11.98828125,4.9296875,4.22265625,1,0x14,0,0,0,1,0,1,0,-1,0,0,,,,,,,,,,,,,,,,,,,,,,
540,9,FREECAM_YAW,18.033333333333335,808641,24677.764892578125,1558,47.54638671875,21.03209242618742,164,5.0048828125,1393,42.510986328125,1,0.030517578125,0x299B9677,3069,1262,1081,11.98828125,4.9296875,4.22265625,1,0x14,0,0,0,1,0,1,0,-1,0,0,,,,,,,,,,,,,,,,,,,,,,
541,9,FREECAM_YAW,18.066666666666666,810230,24726.25732421875,1589,48.492431640625,20.621774701069857,163,4.974365234375,1425,43.487548828125,1,0.030517578125,0x49EC8067,3069,1262,1081,11.98828125,4.9296875,4.22265625,1,0x14,0,0,0,1,0,1,0,-1,0,0,,,,,,,,,,,,,,,,,,,,,,
542,9,FREECAM_YAW,18.1,811861,24776.031494140625,1631,49.774169921875,20.0907418761496,163,4.974365234375,1467,44.769287109375,1,0.030517578125,0x926FA628,3069,1262,1081,11.98828125,4.9296875,4.22265625,1,0x14,0,0,0,1,0,1,0,-1,0,0,,,,,,,,,,,,,,,,,,,,,,
543,9,FREECAM_YAW,18.133333333333333,813392,24822.75390625,1531,46.722412109375,21.40300457217505,163,4.974365234375,1368,41.748046875,0,0.0,0x83B902EA,3069,1262,1081,11.98828125,4.9296875,4.22265625,1,0x14,0,0,0,1,0,1,0,-1,0,0,,,,,,,,,,,,,,,,,,,,,,
544,9,FREECAM_YAW,18.166666666666668,814905,24868.927001953125,1513,46.173095703125,21.657633840052874,164,5.0048828125,1349,41.168212890625,0,0.0,0x2E6A0A0E,3069,1262,1081,11.98828125,4.9296875,4.22265625,1,0x14,0,0,0,1,0,1,0,-1,0,0,,,,,,,,,,,,,,,,,,,,,,
545,9,FREECAM_YAW,18.2,816423,24915.252685546875,1518,46.32568359375,21.586297760210805,164,5.0048828125,1353,41.290283203125,1,0.030517578125,0x288A2C51,3069,1262,1081,11.98828125,4.9296875,4.22265625,1,0x14,0,0,0,1,0,1,0,-1,0,0,,,,,,,,,,,,,,,,,,,,,,
546,9,FREECAM_YAW,18.233333333333334,817946,24961.73095703125,1523,46.478271484375,21.51543007222587,164,5.0048828125,1359,41.473388671875,0,0.0,0x0BBF162F,3069,1262,1081,11.98828125,4.9296875,4.22265625,1,0x14,0,0,0,1,0,1,0,-1,0,0,,,,,,,,,,,,,,,,,,,,,,
547,9,FREECAM_YAW,18.266666666666666,819387,25005.706787109375,1441,43.975830078125,22.73976405274115,164,5.0048828125,1277,38.970947265625,0,0.0,0x738F6485,3069,1262,1081,11.98828125,4.9296875,4.22265625,1,0x14,0,0,0,1,0,1,0,-1,0,0,,,,,,,,,,,,,,,,,,,,,,
548,9,FREECAM_YAW,18.3,820779,25048.187255859375,1392,42.48046875,23.54022988505747,164,5.0048828125,1227,37.445068359375,1,0.030517578125,0x2E1DABB5,3069,1262,1081,11.98828125,4.9296875,4.22265625,1,0x14,0,0,0,1,0,1,0,-1,0,0,,,,,,,,,,,,,,,,,,,,,,
549,9,FREECAM_YAW,18.333333333333332,822134,25089.53857421875,1355,41.351318359375,24.183025830258302,163,4.974365234375,1192,36.376953125,0,0.0,0x8BBE58C6,3069,1262,1081,11.98828125,4.9296875,4.22265625,1,0x14,0,0,0,1,0,1,0,-1,0,0,,,,,,,,,,,,,,,,,,,,,,
550,9,FREECAM_YAW,18.366666666666667,823498,25131.16455078125,1364,41.6259765625,24.023460410557185,164,5.0048828125,1200,36.62109375,0,0.0,0x3F7972FA,3069,1262,1081,11.98828125,4.9296875,4.22265625,1,0x14,0,0,0,1,0,1,0,-1,0,0,,,,,,,,,,,,,,,,,,,,,,
551,9,FREECAM_YAW,18.4,824759,25169.647216796875,1261,38.482666015625,25.985725614591594,164,5.0048828125,1097,33.477783203125,0,0.0,0x198020E6,3069,1262,1081,11.98828125,4.9296875,4.22265625,1,0x14,0,0,0,1,0,1,0,-1,0,0,,,,,,,,,,,,,,,,,,,,,,
552,9,FREECAM_YAW,18.433333333333334,826026,25208.31298828125,1267,38.665771484375,25.86266771902131,164,5.0048828125,1103,33.660888671875,0,0.0,0x60A33A9C,3069,1262,1081,11.98828125,4.9296875,4.22265625,1,0x14,0,0,0,1,0,1,0,-1,0,0,,,,,,,,,,,,,,,,,,,,,,
553,9,FREECAM_YAW,18.466666666666665,827147,25242.523193359375,1121,34.210205078125,29.231043710972347,164,5.0048828125,957,29.205322265625,0,0.0,0xBF360EA3,3069,1262,1081,11.98828125,4.9296875,4.22265625,1,0x14,0,0,0,1,0,1,0,-1,0,0,,,,,,,,,,,,,,,,,,,,,,
554,9,FREECAM_YAW,18.5,828229,25275.543212890625,1082,33.02001953125,30.284658040665434,164,5.0048828125,918,28.01513671875,0,0.0,0xFFCB4259,3069,1262,1081,11.98828125,4.9296875,4.22265625,1,0x14,0,0,0,1,0,1,0,-1,0,0,,,,,,,,,,,,,,,,,,,,,,
555,9,FREECAM_YAW,18.533333333333335,829319,25308.807373046875,1090,33.26416015625,30.06238532110092,164,5.0048828125,926,28.25927734375,0,0.0,0x3DDA4090,3069,1262,1081,11.98828125,4.9296875,4.22265625,1,0x14,0,0,0,1,0,1,0,-1,0,0,,,,,,,,,,,,,,,,,,,,,,
556,9,FREECAM_YAW,18.566666666666666,830501,25344.879150390625,1182,36.07177734375,27.722504230118442,164,5.0048828125,1017,31.036376953125,1,0.030517578125,0x646433BE,3069,1262,1081,11.98828125,4.9296875,4.22265625,1,0x14,0,0,0,1,0,1,0,-1,0,0,,,,,,,,,,,,,,,,,,,,,,
557,9,FREECAM_YAW,18.6,831758,25383.23974609375,1257,38.360595703125,26.068416865552905,164,5.0048828125,1092,33.3251953125,1,0.030517578125,0x0DC77C76,3069,1262,1081,11.98828125,4.9296875,4.22265625,1,0x14,0,0,0,1,0,1,0,-1,0,0,,,,,,,,,,,,,,,,,,,,,,
558,9,FREECAM_YAW,18.633333333333333,833100,25424.1943359375,1342,40.95458984375,24.417287630402384,164,5.0048828125,1177,35.919189453125,1,0.030517578125,0xD2CB2DFC,3069,1262,1081,11.98828125,4.9296875,4.22265625,1,0x14,0,0,0,1,0,1,0,-1,0,0,,,,,,,,,,,,,,,,,,,,,,
559,9,FREECAM_YAW,18.666666666666668,834465,25465.850830078125,1365,41.656494140625,24.005860805860806,164,5.0048828125,1200,36.62109375,1,0.030517578125,0x70927F5D,3069,1262,1081,11.98828125,4.9296875,4.22265625,1,0x14,0,0,0,1,0,1,0,-1,0,0,,,,,,,,,,,,,,,,,,,,,,
560,9,FREECAM_YAW,18.7,835850,25508.11767578125,1385,42.266845703125,23.659205776173284,164,5.0048828125,1221,37.261962890625,0,0.0,0x042130CE,3069,1262,1081,11.98828125,4.9296875,4.22265625,1,0x14,0,0,0,1,0,1,0,-1,0,0,,,,,,,,,,,,,,,,,,,,,,
561,9,FREECAM_YAW,18.733333333333334,837366,25554.38232421875,1516,46.2646484375,21.614775725593667,164,5.0048828125,1351,41.229248046875,1,0.030517578125,0xFF8769B6,3069,1262,1081,11.98828125,4.9296875,4.22265625,1,0x14,0,0,0,1,0,1,0,-1,0,0,,,,,,,,,,,,,,,,,,,,,,
562,9,FREECAM_YAW,18.766666666666666,838877,25600.494384765625,1511,46.112060546875,21.686300463269358,164,5.0048828125,1347,41.107177734375,0,0.0,0xC113AF95,3069,1262,1081,11.98828125,4.9296875,4.22265625,1,0x14,0,0,0,1,0,1,0,-1,0,0,,,,,,,,,,,,,,,,,,,,,,
563,9,FREECAM_YAW,18.8,840418,25647.52197265625,1541,47.027587890625,21.26411421155094,164,5.0048828125,1377,42.022705078125,0,0.0,0xA2A40271,3069,1262,1081,11.98828125,4.9296875,4.22265625,1,0x14,0,0,0,1,0,1,0,-1,0,0,,,,,,,,,,,,,,,,,,,,,,
564,9,FREECAM_YAW,18.833333333333332,841948,25694.2138671875,1530,46.69189453125,21.416993464052286,164,5.0048828125,1365,41.656494140625,1,0.030517578125,0x53C02975,3069,1262,1081,11.98828125,4.9296875,4.22265625,1,0x14,0,0,0,1,0,1,0,-1,0,0,,,,,,,,,,,,,,,,,,,,,,
565,9,FREECAM_YAW,18.866666666666667,843467,25740.570068359375,1519,46.356201171875,21.57208689927584,163,4.974365234375,1355,41.351318359375,1,0.030517578125,0xD6FA1B1C,3069,1262,1081,11.98828125,4.9296875,4.22265625,1,0x1C,0,0,0,1,1,1,0,-1,0,0,,,,,,,,,,,,,,,,,,,,,,
566,10,FREECAM_3D,18.9,845059,25789.154052734375,1592,48.583984375,20.582914572864322,165,5.035400390625,1426,43.51806640625,1,0.030517578125,0x97B6A86E,3069,1262,1081,11.98828125,4.9296875,4.22265625,1,0x14,0,0,0,1,0,1,0,0,1,0,,,,,,,,,,,,,,,,,,,,,,
567,10,FREECAM_3D,18.933333333333334,846739,25840.423583984375,1680,51.26953125,19.504761904761907,165,5.035400390625,1515,46.234130859375,0,0.0,0xB16D2C2A,3069,1262,1081,11.98828125,4.9296875,4.22265625,1,0x14,0,0,0,1,0,1,0,0,1,0,,,,,,,,,,,,,,,,,,,,,,
568,10,FREECAM_3D,18.966666666666665,848377,25890.411376953125,1638,49.98779296875,20.004884004884005,165,5.035400390625,1472,44.921875,1,0.030517578125,0x99232FBD,3069,1262,1081,11.98828125,4.9296875,4.22265625,1,0x14,0,0,0,1,0,1,0,0,1,0,,,,,,,,,,,,,,,,,,,,,,
569,10,FREECAM_3D,19.0,850040,25941.162109375,1663,50.750732421875,19.70414912808178,165,5.035400390625,1497,45.684814453125,1,0.030517578125,0x87F93679,3069,1262,1081,11.98828125,4.9296875,4.22265625,1,0x14,0,0,0,1,0,1,0,0,1,0,,,,,,,,,,,,,,,,,,,,,,
570,10,FREECAM_3D,19.033333333333335,851823,25995.574951171875,1783,54.412841796875,18.37801458216489,164,5.0048828125,1619,49.407958984375,0,0.0,0x58F5109B,3069,1262,1081,11.98828125,4.9296875,4.22265625,1,0x14,0,0,0,1,0,1,0,0,1,0,,,,,,,,,,,,,,,,,,,,,,
571,10,FREECAM_3D,19.066666666666666,853599,26049.774169921875,1776,54.19921875,18.45045045045045,165,5.035400390625,1610,49.13330078125,1,0.030517578125,0xAE96CAD8,3069,1262,1081,11.98828125,4.9296875,4.22265625,1,0x14,0,0,0,1,0,1,0,0,1,0,,,,,,,,,,,,,,,,,,,,,,
572,10,FREECAM_3D,19.1,855445,26106.109619140625,1846,56.33544921875,17.750812567713975,164,5.0048828125,1681,51.300048828125,1,0.030517578125,0xA3747F26,3069,1262,1081,11.98828125,4.9296875,4.22265625,1,0x14,0,0,0,1,0,1,0,0,1,0,,,,,,,,,,,,,,,,,,,,,,
573,10,FREECAM_3D,19.133333333333333,857353,26164.337158203125,1908,58.2275390625,17.17400419287212,164,5.0048828125,1744,53.22265625,0,0.0,0xC7FFADCF,3069,1262,1081,11.98828125,4.9296875,4.22265625,1,0x14,0,0,0,1,0,1,0,0,1,0,,,,,,,,,,,,,,,,,,,,,,
574,10,FREECAM_3D,19.166666666666668,859277,26223.052978515625,1924,58.7158203125,17.031185031185032,165,5.035400390625,1758,53.64990234375,1,0.030517578125,0xA44C425B,3069,1262,1081,11.98828125,4.9296875,4.22265625,1,0x14,0,0,0,1,0,1,0,0,1,0,,,,,,,,,,,,,,,,,,,,,,
575,10,FREECAM_3D,19.2,861215,26282.196044921875,1938,59.14306640625,16.90815273477812,164,5.0048828125,1774,54.13818359375,0,0.0,0xF20D7777,3069,1262,1081,11.98828125,4.9296875,4.22265625,1,0x14,0,0,0,1,0,1,0,0,1,0,,,,,,,,,,,,,,,,,,,,,,
576,10,FREECAM_3D,19.233333333333334,863166,26341.73583984375,1951,59.539794921875,16.795489492567913,165,5.035400390625,1785,54.473876953125,1,0.030517578125,0x1D68886C,3069,1262,1081,11.98828125,4.9296875,4.22265625,1,0x14,0,0,0,1,0,1,0,0,1,0,,,,,,,,,,,,,,,,,,,,,,
577,10,FREECAM_3D,19.266666666666666,864984,26397.216796875,1818,55.48095703125,18.024202420242023,165,5.035400390625,1653,50.445556640625,0,0.0,0x65DFB05A,3069,1262,1081,11.98828125,4.9296875,4.22265625,1,0x14,0,0,0,1,0,1,0,0,1,0,,,,,,,,,,,,,,,,,,,,,,
578,10,FREECAM_3D,19.3,866906,26455.87158203125,1922,58.65478515625,17.04890738813736,165,5.035400390625,1756,53.5888671875,1,0.030517578125,0x7EDEF92F,3069,1262,1081,11.98828125,4.9296875,4.22265625,1,0x14,0,0,0,1,0,1,0,0,1,0,,,,,,,,,,,,,,,,,,,,,,
579,10,FREECAM_3D,19.333333333333332,868646,26508.97216796875,1740,53.1005859375,18.832183908045977,165,5.035400390625,1575,48.065185546875,0,0.0,0x4310EEA4,3069,1262,1081,11.98828125,4.9296875,4.22265625,1,0x14,0,0,0,1,0,1,0,0,1,0,,,,,,,,,,,,,,,,,,,,,,
580,10,FREECAM_3D,19.366666666666667,870372,26561.6455078125,1726,52.67333984375,18.984936268829664,165,5.035400390625,1561,47.637939453125,0,0.0,0x757DE4F2,3069,1262,1081,11.98828125,4.9296875,4.22265625,1,0x14,0,0,0,1,0,1,0,0,1,0,,,,,,,,,,,,,,,,,,,,,,
581,10,FREECAM_3D,19.4,872106,26614.56298828125,1734,52.91748046875,18.897347174163784,164,5.0048828125,1569,47.882080078125,1,0.030517578125,0x7496D160,3069,1262,1081,11.98828125,4.9296875,4.22265625,1,0x14,0,0,0,1,0,1,0,0,1,0,,,,,,,,,,,,,,,,,,,,,,
582,10,FREECAM_3D,19.433333333333334,873802,26666.32080078125,1696,51.7578125,19.32075471698113,164,5.0048828125,1532,46.7529296875,0,0.0,0x0F828D67,3069,1262,1081,11.98828125,4.9296875,4.22265625,1,0x14,0,0,0,1,0,1,0,0,1,0,,,,,,,,,,,,,,,,,,,,,,
583,10,FREECAM_3D,19.466666666666665,875420,26715.6982421875,1618,49.37744140625,20.252163164400493,165,5.035400390625,1452,44.3115234375,1,0.030517578125,0x75381BF2,3069,1262,1081,11.98828125,4.9296875,4.22265625,1,0x14,0,0,0,1,0,1,0,0,1,0,,,,,,,,,,,,,,,,,,,,,,
584,10,FREECAM_3D,19.5,876949,26762.359619140625,1529,46.661376953125,21.431000654022238,165,5.035400390625,1364,41.6259765625,0,0.0,0xBA858160,3069,1262,1081,11.98828125,4.9296875,4.22265625,1,0x14,0,0,0,1,0,1,0,0,1,0,,,,,,,,,,,,,,,,,,,,,,
585,10,FREECAM_3D,19.533333333333335,878594,26812.56103515625,1645,50.201416015625,19.919756838905776,165,5.035400390625,1480,45.166015625,0,0.0,0x301ECFFF,3069,1262,1081,11.98828125,4.9296875,4.22265625,1,0x14,0,0,0,1,0,1,0,0,1,0,,,,,,,,,,,,,,,,,,,,,,
586,10,FREECAM_3D,19.566666666666666,880186,26861.14501953125,1592,48.583984375,20.582914572864322,165,5.035400390625,1427,43.548583984375,0,0.0,0x1CAD1FE7,3069,1262,1081,11.98828125,4.9296875,4.22265625,1,0x14,0,0,0,1,0,1,0,0,1,0,,,,,,,,,,,,,,,,,,,,,,
587,10,FREECAM_3D,19.6,881822,26911.07177734375,1636,49.9267578125,20.029339853300733,165,5.035400390625,1471,44.891357421875,0,0.0,0x125C255F,3069,1262,1081,11.98828125,4.9296875,4.22265625,1,0x14,0,0,0,1,0,1,0,0,1,0,,,,,,,,,,,,,,,,,,,,,,
588,10,FREECAM_3D,19.633333333333333,883499,26962.249755859375,1677,51.177978515625,19.539654144305306,165,5.035400390625,1512,46.142578125,0,0.0,0x351999EE,3069,1262,1081,11.98828125,4.9296875,4.22265625,1,0x14,0,0,0,1,0,1,0,0,1,0,,,,,,,,,,,,,,,,,,,,,,
589,10,FREECAM_3D,19.666666666666668,885154,27012.75634765625,1655,50.506591796875,19.79939577039275,165,5.035400390625,1490,45.47119140625,0,0.0,0xAC17D57C,3069,1262,1081,11.98828125,4.9296875,4.22265625,1,0x14,0,0,0,1,0,1,0,0,1,0,,,,,,,,,,,,,,,,,,,,,,
590,10,FREECAM_3D,19.7,886859,27064.788818359375,1705,52.032470703125,19.218768328445748,165,5.035400390625,1540,46.9970703125,0,0.0,0x9AB97DEB,3069,1262,1081,11.98828125,4.9296875,4.22265625,1,0x14,0,0,0,1,0,1,0,0,1,0,,,,,,,,,,,,,,,,,,,,,,
591,10,FREECAM_3D,19.733333333333334,888704,27121.09375,1845,56.304931640625,17.760433604336043,165,5.035400390625,1680,51.26953125,0,0.0,0x9F0DFB31,3069,1262,1081,11.98828125,4.9296875,4.22265625,1,0x14,0,0,0,1,0,1,0,0,1,0,,,,,,,,,,,,,,,,,,,,,,
592,10,FREECAM_3D,19.766666666666666,890566,27177.91748046875,1862,56.82373046875,17.59828141783029,165,5.035400390625,1696,51.7578125,1,0.030517578125,0x71DCCEE5,3069,1262,1081,11.98828125,4.9296875,4.22265625,1,0x14,0,0,0,1,0,1,0,0,1,0,,,,,,,,,,,,,,,,,,,,,,
593,10,FREECAM_3D,19.8,892415,27234.344482421875,1849,56.427001953125,17.72201189832342,164,5.0048828125,1685,51.422119140625,0,0.0,0xA5FAE12A,3069,1262,1081,11.98828125,4.9296875,4.22265625,1,0x14,0,0,0,1,0,1,0,0,1,0,,,,,,,,,,,,,,,,,,,,,,
594,10,FREECAM_3D,19.833333333333332,894340,27293.0908203125,1925,58.746337890625,17.022337662337662,165,5.035400390625,1760,53.7109375,0,0.0,0xA5318462,3069,1262,1081,11.98828125,4.9296875,4.22265625,1,0x14,0,0,0,1,0,1,0,0,1,0,,,,,,,,,,,,,,,,,,,,,,
595,10,FREECAM_3D,19.866666666666667,896292,27352.6611328125,1952,59.5703125,16.78688524590164,165,5.035400390625,1787,54.534912109375,0,0.0,0x0F056F37,3069,1262,1081,11.98828125,4.9296875,4.22265625,1,0x14,0,0,0,1,0,1,0,0,1,0,,,,,,,,,,,,,,,,,,,,,,
596,10,FREECAM_3D,19.9,898232,27411.865234375,1940,59.2041015625,16.890721649484536,165,5.035400390625,1775,54.168701171875,0,0.0,0x3DD7AA69,3069,1262,1081,11.98828125,4.9296875,4.22265625,1,0x14,0,0,0,1,0,1,0,0,1,0,,,,,,,,,,,,,,,,,,,,,,
597,10,FREECAM_3D,19.933333333333334,900159,27470.672607421875,1927,58.807373046875,17.004670472236636,165,5.035400390625,1762,53.77197265625,0,0.0,0xE75BFEC1,3069,1262,1081,11.98828125,4.9296875,4.22265625,1,0x14,0,0,0,1,0,1,0,0,1,0,,,,,,,,,,,,,,,,,,,,,,
598,10,FREECAM_3D,19.966666666666665,902203,27533.050537109375,2044,62.3779296875,16.031311154598825,165,5.035400390625,1879,57.342529296875,0,0.0,0xD5D21860,3069,1262,1081,11.98828125,4.9296875,4.22265625,1,0x14,0,0,0,1,0,1,0,0,1,0,,,,,,,,,,,,,,,,,,,,,,
599,10,FREECAM_3D,20.0,904277,27596.343994140625,2074,63.29345703125,15.799421407907426,165,5.035400390625,1909,58.258056640625,0,0.0,0x95EDCE06,3069,1262,1081,11.98828125,4.9296875,4.22265625,1,0x14,0,0,0,1,0,1,0,0,1,0,,,,,,,,,,,,,,,,,,,,,,
600,10,FREECAM_3D,20.033333333333335,906460,27662.9638671875,2183,66.619873046875,15.010535959688502,165,5.035400390625,2018,61.58447265625,0,0.0,0x63CE50E1,3069,1262,1081,11.98828125,4.9296875,4.22265625,1,0x14,0,0,0,1,0,1,0,0,1,0,,,,,,,,,,,,,,,,,,,,,,
601,10,FREECAM_3D,20.066666666666666,908706,27731.50634765625,2246,68.54248046875,14.589492430988424,165,5.035400390625,2081,63.507080078125,0,0.0,0x6BFB6151,3069,1262,1081,11.98828125,4.9296875,4.22265625,1,0x14,0,0,0,1,0,1,0,0,1,0,,,,,,,,,,,,,,,,,,,,,,
602,10,FREECAM_3D,20.1,911000,27801.513671875,2294,70.00732421875,14.284219703574543,165,5.035400390625,2128,64.94140625,1,0.030517578125,0xBC1EDF23,3069,1262,1081,11.98828125,4.9296875,4.22265625,1,0x14,0,0,0,1,0,1,0,0,1,0,,,,,,,,,,,,,,,,,,,,,,
603,10,FREECAM_3D,20.133333333333333,913317,27872.222900390625,2317,70.709228515625,14.142425550280535,164,5.0048828125,2153,65.704345703125,0,0.0,0xF7C30E54,3069,1262,1081,11.98828125,4.9296875,4.22265625,1,0x14,0,0,0,1,0,1,0,0,1,0,,,,,,,,,,,,,,,,,,,,,,
604,10,FREECAM_3D,20.166666666666668,915644,27943.2373046875,2327,71.014404296875,14.081650193382037,165,5.035400390625,2161,65.948486328125,1,0.030517578125,0x4540FC6A,3069,1262,1081,11.98828125,4.9296875,4.22265625,1,0x14,0,0,0,1,0,1,0,0,1,0,,,,,,,,,,,,,,,,,,,,,,
605,10,FREECAM_3D,20.2,917971,28014.251708984375,2327,71.014404296875,14.081650193382037,165,5.035400390625,2161,65.948486328125,1,0.030517578125,0x06815C15,3069,1262,1081,11.98828125,4.9296875,4.22265625,1,0x14,0,0,0,1,0,1,0,0,1,0,,,,,,,,,,,,,,,,,,,,,,
606,10,FREECAM_3D,20.233333333333334,920278,28084.65576171875,2307,70.404052734375,14.203727785002167,165,5.035400390625,2141,65.338134765625,1,0.030517578125,0x7CE2CE39,3069,1262,1081,11.98828125,4.9296875,4.22265625,1,0x14,0,0,0,1,0,1,0,0,1,0,,,,,,,,,,,,,,,,,,,,,,
607,10,FREECAM_3D,20.266666666666666,922631,28156.463623046875,2353,71.807861328125,13.926051848703782,164,5.0048828125,2189,66.802978515625,0,0.0,0x0BF6A32B,3069,1262,1081,11.98828125,4.9296875,4.22265625,1,0x14,0,0,0,1,0,1,0,0,1,0,,,,,,,,,,,,,,,,,,,,,,
608,10,FREECAM_3D,20.3,925022,28229.43115234375,2391,72.967529296875,13.704726056043496,165,5.035400390625,2225,67.901611328125,1,0.030517578125,0xD06752C8,3069,1262,1081,11.98828125,4.9296875,4.22265625,1,0x14,0,0,0,1,0,1,0,0,1,0,,,,,,,,,,,,,,,,,,,,,,
609,10,FREECAM_3D,20.333333333333332,927273,28298.126220703125,2251,68.695068359375,14.557085739671257,164,5.0048828125,2086,63.65966796875,1,0.030517578125,0x48A2917A,3069,1262,1081,11.98828125,4.9296875,4.22265625,1,0x14,0,0,0,1,0,1,0,0,1,0,,,,,,,,,,,,,,,,,,,,,,
610,10,FREECAM_3D,20.366666666666667,929540,28367.3095703125,2267,69.183349609375,14.454344949272166,164,5.0048828125,2103,64.178466796875,0,0.0,0x8CC51F67,3069,1262,1081,11.98828125,4.9296875,4.22265625,1,0x14,0,0,0,1,0,1,0,0,1,0,,,,,,,,,,,,,,,,,,,,,,
611,10,FREECAM_3D,20.4,931702,28433.28857421875,2162,65.97900390625,15.156336725254395,165,5.035400390625,1996,60.9130859375,1,0.030517578125,0xA8F28D70,3069,1262,1081,11.98828125,4.9296875,4.22265625,1,0x14,0,0,0,1,0,1,0,0,1,0,,,,,,,,,,,,,,,,,,,,,,
612,10,FREECAM_3D,20.433333333333334,933880,28499.755859375,2178,66.46728515625,15.044995408631772,164,5.0048828125,2014,61.46240234375,0,0.0,0xD7079BC0,3069,1262,1081,11.98828125,4.9296875,4.22265625,1,0x16,1,1,0,1,0,1,0,0,1,0,62.255859375,0.0,6.744384765625,11.199951171875,9.429931640625,2.44140625,16.357421875,5.584716796875,0.0,9.521484375,0.9765625,24,47,9,441,192,9045,0,8316,2,0,16
613,10,FREECAM_3D,20.466666666666665,936062,28566.34521484375,2182,66.58935546875,15.017415215398717,165,5.035400390625,2017,61.553955078125,0,0.0,0xDB7D8AB0,3069,1262,1081,11.98828125,4.9296875,4.22265625,1,0x14,0,0,0,1,0,1,0,0,1,0,,,,,,,,,,,,,,,,,,,,,,
614,10,FREECAM_3D,20.5,938071,28627.655029296875,2009,61.309814453125,16.310602289696366,165,5.035400390625,1844,56.2744140625,0,0.0,0xD7079BC0,3069,1262,1081,11.98828125,4.9296875,4.22265625,1,0x14,0,0,0,1,0,1,0,0,-1,0,,,,,,,,,,,,,,,,,,,,,,
615,10,FREECAM_3D,20.533333333333335,940222,28693.29833984375,2151,65.643310546875,15.233844723384472,165,5.035400390625,1986,60.60791015625,0,0.0,0xA8F28D70,3069,1262,1081,11.98828125,4.9296875,4.22265625,1,0x14,0,0,0,1,0,1,0,0,-1,0,,,,,,,,,,,,,,,,,,,,,,
616,10,FREECAM_3D,20.566666666666666,942410,28760.07080078125,2188,66.7724609375,14.976234003656307,165,5.035400390625,2022,61.70654296875,1,0.030517578125,0x8CC51F67,3069,1262,1081,11.98828125,4.9296875,4.22265625,1,0x14,0,0,0,1,0,1,0,0,-1,0,,,,,,,,,,,,,,,,,,,,,,
617,10,FREECAM_3D,20.6,944579,28826.263427734375,2169,66.192626953125,15.107422775472568,165,5.035400390625,2004,61.1572265625,0,0.0,0x48A2917A,3069,1262,1081,11.98828125,4.9296875,4.22265625,1,0x14,0,0,0,1,0,1,0,0,-1,0,,,,,,,,,,,,,,,,,,,,,,
618,10,FREECAM_3D,20.633333333333333,946712,28891.357421875,2133,65.093994140625,15.362400375058604,165,5.035400390625,1968,60.05859375,0,0.0,0xD06752C8,3069,1262,1081,11.98828125,4.9296875,4.22265625,1,0x14,0,0,0,1,0,1,0,0,-1,0,,,,,,,,,,,,,,,,,,,,,,
619,10,FREECAM_3D,20.666666666666668,948830,28955.99365234375,2118,64.63623046875,15.47119924457035,165,5.035400390625,1952,59.5703125,1,0.030517578125,0x0BF6A32B,3069,1262,1081,11.98828125,4.9296875,4.22265625,1,0x14,0,0,0,1,0,1,0,0,-1,0,,,,,,,,,,,,,,,,,,,,,,
620,10,FREECAM_3D,20.7,950902,29019.22607421875,2072,63.232421875,15.814671814671815,164,5.0048828125,1908,58.2275390625,0,0.0,0x7CE2CE39,3069,1262,1081,11.98828125,4.9296875,4.22265625,1,0x14,0,0,0,1,0,1,0,0,-1,0,,,,,,,,,,,,,,,,,,,,,,
621,10,FREECAM_3D,20.733333333333334,953293,29092.193603515625,2391,72.967529296875,13.704726056043496,165,5.035400390625,2226,67.93212890625,0,0.0,0x06815C15,3069,1262,1081,11.98828125,4.9296875,4.22265625,1,0x14,0,0,0,1,0,1,0,0,-1,0,,,,,,,,,,,,,,,,,,,,,,
622,10,FREECAM_3D,20.766666666666666,955679,29165.008544921875,2386,72.81494140625,13.733445096395641,165,5.035400390625,2220,67.7490234375,1,0.030517578125,0x4540FC6A,3069,1262,1081,11.98828125,4.9296875,4.22265625,1,0x14,0,0,0,1,0,1,0,0,-1,0,,,,,,,,,,,,,,,,,,,,,,
623,10,FREECAM_3D,20.8,957999,29235.809326171875,2320,70.80078125,14.124137931034483,164,5.0048828125,2155,65.765380859375,1,0.030517578125,0xF7C30E54,3069,1262,1081,11.98828125,4.9296875,4.22265625,1,0x14,0,0,0,1,0,1,0,0,-1,0,,,,,,,,,,,,,,,,,,,,,,
624,10,FREECAM_3D,20.833333333333332,960300,29306.0302734375,2301,70.220947265625,14.240764884832682,164,5.0048828125,2136,65.185546875,1,0.030517578125,0xBC1EDF23,3069,1262,1081,11.98828125,4.9296875,4.22265625,1,0x14,0,0,0,1,0,1,0,0,-1,0,,,,,,,,,,,,,,,,,,,,,,
625,10,FREECAM_3D,20.866666666666667,962541,29374.420166015625,2241,68.389892578125,14.622043730477465,165,5.035400390625,2076,63.3544921875,0,0.0,0x6BFB6151,3069,1262,1081,11.98828125,4.9296875,4.22265625,1,0x14,0,0,0,1,0,1,0,0,-1,0,,,,,,,,,,,,,,,,,,,,,,
626,10,FREECAM_3D,20.9,964702,29440.36865234375,2161,65.948486328125,15.163350300786673,165,5.035400390625,1996,60.9130859375,0,0.0,0x63CE50E1,3069,1262,1081,11.98828125,4.9296875,4.22265625,1,0x14,0,0,0,1,0,1,0,0,-1,0,,,,,,,,,,,,,,,,,,,,,,
627,10,FREECAM_3D,20.933333333333334,966771,29503.509521484375,2069,63.140869140625,15.837602706621556,165,5.035400390625,1903,58.074951171875,1,0.030517578125,0x95EDCE06,3069,1262,1081,11.98828125,4.9296875,4.22265625,1,0x14,0,0,0,1,0,1,0,0,-1,0,,,,,,,,,,,,,,,,,,,,,,
628,10,FREECAM_3D,20.966666666666665,968841,29566.680908203125,2070,63.17138671875,15.829951690821256,165,5.035400390625,1905,58.135986328125,0,0.0,0xD5D21860,3069,1262,1081,11.98828125,4.9296875,4.22265625,1,0x14,0,0,0,1,0,1,0,0,-1,0,,,,,,,,,,,,,,,,,,,,,,
629,10,FREECAM_3D,21.0,970801,29626.495361328125,1960,59.814453125,16.718367346938777,165,5.035400390625,1794,54.74853515625,1,0.030517578125,0xE75BFEC1,3069,1262,1081,11.98828125,4.9296875,4.22265625,1,0x14,0,0,0,1,0,1,0,0,-1,0,,,,,,,,,,,,,,,,,,,,,,
630,10,FREECAM_3D,21.033333333333335,972767,29686.492919921875,1966,59.99755859375,16.66734486266531,165,5.035400390625,1801,54.962158203125,0,0.0,0x3DD7AA69,3069,1262,1081,11.98828125,4.9296875,4.22265625,1,0x14,0,0,0,1,0,1,0,0,-1,0,,,,,,,,,,,,,,,,,,,,,,
631,10,FREECAM_3D,21.066666666666666,974704,29745.60546875,1937,59.112548828125,16.91688177594218,165,5.035400390625,1772,54.0771484375,0,0.0,0x0F056F37,3069,1262,1081,11.98828125,4.9296875,4.22265625,1,0x14,0,0,0,1,0,1,0,0,-1,0,,,,,,,,,,,,,,,,,,,,,,
632,10,FREECAM_3D,21.1,976618,29804.01611328125,1914,58.41064453125,17.120167189132708,165,5.035400390625,1749,53.375244140625,0,0.0,0xA5318462,3069,1262,1081,11.98828125,4.9296875,4.22265625,1,0x14,0,0,0,1,0,1,0,0,-1,0,,,,,,,,,,,,,,,,,,,,,,
633,10,FREECAM_3D,21.133333333333333,978466,29860.41259765625,1848,56.396484375,17.73160173160173,165,5.035400390625,1683,51.361083984375,0,0.0,0xA5FAE12A,3069,1262,1081,11.98828125,4.9296875,4.22265625,1,0x14,0,0,0,1,0,1,0,0,-1,0,,,,,,,,,,,,,,,,,,,,,,
634,10,FREECAM_3D,21.166666666666668,980324,29917.1142578125,1858,56.70166015625,17.636167922497307,165,5.035400390625,1692,51.6357421875,1,0.030517578125,0x71DCCEE5,3069,1262,1081,11.98828125,4.9296875,4.22265625,1,0x14,0,0,0,1,0,1,0,0,-1,0,,,,,,,,,,,,,,,,,,,,,,
635,10,FREECAM_3D,21.2,982168,29973.388671875,1844,56.2744140625,17.77006507592191,164,5.0048828125,1680,51.26953125,0,0.0,0x9F0DFB31,3069,1262,1081,11.98828125,4.9296875,4.22265625,1,0x14,0,0,0,1,0,1,0,0,-1,0,,,,,,,,,,,,,,,,,,,,,,
636,10,FREECAM_3D,21.233333333333334,983880,30025.634765625,1712,52.24609375,19.14018691588785,165,5.035400390625,1547,47.210693359375,0,0.0,0x9AB97DEB,3069,1262,1081,11.98828125,4.9296875,4.22265625,1,0x14,0,0,0,1,0,1,0,0,-1,0,,,,,,,,,,,,,,,,,,,,,,
637,10,FREECAM_3D,21.266666666666666,985533,30076.080322265625,1653,50.445556640625,19.82335148215366,165,5.035400390625,1488,45.41015625,0,0.0,0xAC17D57C,3069,1262,1081,11.98828125,4.9296875,4.22265625,1,0x14,0,0,0,1,0,1,0,0,-1,0,,,,,,,,,,,,,,,,,,,,,,
638,10,FREECAM_3D,21.3,987210,30127.25830078125,1677,51.177978515625,19.539654144305306,165,5.035400390625,1512,46.142578125,0,0.0,0x351999EE,3069,1262,1081,11.98828125,4.9296875,4.22265625,1,0x14,0,0,0,1,0,1,0,0,-1,0,,,,,,,,,,,,,,,,,,,,,,
639,10,FREECAM_3D,21.333333333333332,988831,30176.727294921875,1621,49.468994140625,20.214682294879704,165,5.035400390625,1456,44.43359375,0,0.0,0x125C255F,3069,1262,1081,11.98828125,4.9296875,4.22265625,1,0x14,0,0,0,1,0,1,0,0,-1,0,,,,,,,,,,,,,,,,,,,,,,
640,10,FREECAM_3D,21.366666666666667,990389,30224.273681640625,1558,47.54638671875,21.03209242618742,165,5.035400390625,1393,42.510986328125,0,0.0,0x1CAD1FE7,3069,1262,1081,11.98828125,4.9296875,4.22265625,1,0x14,0,0,0,1,0,1,0,0,-1,0,,,,,,,,,,,,,,,,,,,,,,
641,10,FREECAM_3D,21.4,992025,30274.200439453125,1636,49.9267578125,20.029339853300733,165,5.035400390625,1471,44.891357421875,0,0.0,0x301ECFFF,3069,1262,1081,11.98828125,4.9296875,4.22265625,1,0x14,0,0,0,1,0,1,0,0,-1,0,,,,,,,,,,,,,,,,,,,,,,
642,10,FREECAM_3D,21.433333333333334,993557,30320.953369140625,1532,46.7529296875,21.389033942558747,165,5.035400390625,1367,41.717529296875,0,0.0,0xBA858160,3069,1262,1081,11.98828125,4.9296875,4.22265625,1,0x14,0,0,0,1,0,1,0,0,-1,0,,,,,,,,,,,,,,,,,,,,,,
643,10,FREECAM_3D,21.466666666666665,995138,30369.20166015625,1581,48.248291015625,20.726122707147375,165,5.035400390625,1415,43.182373046875,1,0.030517578125,0x75381BF2,3069,1262,1081,11.98828125,4.9296875,4.22265625,1,0x14,0,0,0,1,0,1,0,0,-1,0,,,,,,,,,,,,,,,,,,,,,,
644,10,FREECAM_3D,21.5,996766,30418.88427734375,1628,49.6826171875,20.127764127764127,164,5.0048828125,1463,44.647216796875,1,0.030517578125,0x0F828D67,3069,1262,1081,11.98828125,4.9296875,4.22265625,1,0x14,0,0,0,1,0,1,0,0,-1,0,,,,,,,,,,,,,,,,,,,,,,
645,10,FREECAM_3D,21.533333333333335,998460,30470.5810546875,1694,51.69677734375,19.343565525383706,164,5.0048828125,1530,46.69189453125,0,0.0,0x7496D160,3069,1262,1081,11.98828125,4.9296875,4.22265625,1,0x14,0,0,0,1,0,1,0,0,-1,0,,,,,,,,,,,,,,,,,,,,,,
646,10,FREECAM_3D,21.566666666666666,1000187,30523.284912109375,1727,52.703857421875,18.97394325419803,165,5.035400390625,1562,47.66845703125,0,0.0,0x757DE4F2,3069,1262,1081,11.98828125,4.9296875,4.22265625,1,0x14,0,0,0,1,0,1,0,0,-1,0,,,,,,,,,,,,,,,,,,,,,,
647,10,FREECAM_3D,21.6,1001926,30576.35498046875,1739,53.070068359375,18.84301322599195,165,5.035400390625,1574,48.03466796875,0,0.0,0x4310EEA4,3069,1262,1081,11.98828125,4.9296875,4.22265625,1,0x14,0,0,0,1,0,1,0,0,-1,0,,,,,,,,,,,,,,,,,,,,,,
648,10,FREECAM_3D,21.633333333333333,1003815,30634.002685546875,1889,57.647705078125,17.346744309158286,165,5.035400390625,1724,52.6123046875,0,0.0,0x7EDEF92F,3069,1262,1081,11.98828125,4.9296875,4.22265625,1,0x14,0,0,0,1,0,1,0,0,-1,0,,,,,,,,,,,,,,,,,,,,,,
649,10,FREECAM_3D,21.666666666666668,1005595,30688.323974609375,1780,54.3212890625,18.408988764044945,165,5.035400390625,1615,49.285888671875,0,0.0,0x65DFB05A,3069,1262,1081,11.98828125,4.9296875,4.22265625,1,0x14,0,0,0,1,0,1,0,0,-1,0,,,,,,,,,,,,,,,,,,,,,,
650,10,FREECAM_3D,21.7,1007533,30747.467041015625,1938,59.14306640625,16.90815273477812,165,5.035400390625,1773,54.107666015625,0,0.0,0x1D68886C,3069,1262,1081,11.98828125,4.9296875,4.22265625,1,0x14,0,0,0,1,0,1,0,0,-1,0,,,,,,,,,,,,,,,,,,,,,,
651,10,FREECAM_3D,21.733333333333334,1009448,30805.908203125,1915,58.441162109375,17.111227154046997,165,5.035400390625,1750,53.40576171875,0,0.0,0xF20D7777,3069,1262,1081,11.98828125,4.9296875,4.22265625,1,0x14,0,0,0,1,0,1,0,0,-1,0,,,,,,,,,,,,,,,,,,,,,,
652,10,FREECAM_3D,21.766666666666666,1011365,30864.410400390625,1917,58.502197265625,17.09337506520605,165,5.035400390625,1752,53.466796875,0,0.0,0xA44C425B,3069,1262,1081,11.98828125,4.9296875,4.22265625,1,0x14,0,0,0,1,0,1,0,0,-1,0,,,,,,,,,,,,,,,,,,,,,,
653,10,FREECAM_3D,21.8,1013287,30923.065185546875,1922,58.65478515625,17.04890738813736,165,5.035400390625,1757,53.619384765625,0,0.0,0xC7FFADCF,3069,1262,1081,11.98828125,4.9296875,4.22265625,1,0x14,0,0,0,1,0,1,0,0,-1,0,,,,,,,,,,,,,,,,,,,,,,
654,10,FREECAM_3D,21.833333333333332,1015183,30980.926513671875,1896,57.861328125,17.282700421940927,165,5.035400390625,1731,52.825927734375,0,0.0,0xA3747F26,3069,1262,1081,11.98828125,4.9296875,4.22265625,1,0x14,0,0,0,1,0,1,0,0,-1,0,,,,,,,,,,,,,,,,,,,,,,
655,10,FREECAM_3D,21.866666666666667,1017020,31036.9873046875,1837,56.060791015625,17.837778987479588,165,5.035400390625,1672,51.025390625,0,0.0,0xAE96CAD8,3069,1262,1081,11.98828125,4.9296875,4.22265625,1,0x14,0,0,0,1,0,1,0,0,-1,0,,,,,,,,,,,,,,,,,,,,,,
656,10,FREECAM_3D,21.9,1018786,31090.88134765625,1766,53.89404296875,18.55492638731597,165,5.035400390625,1601,48.858642578125,0,0.0,0x58F5109B,3069,1262,1081,11.98828125,4.9296875,4.22265625,1,0x14,0,0,0,1,0,1,0,0,-1,0,,,,,,,,,,,,,,,,,,,,,,
657,10,FREECAM_3D,21.933333333333334,1020474,31142.39501953125,1688,51.513671875,19.412322274881518,165,5.035400390625,1523,46.478271484375,0,0.0,0x87F93679,3069,1262,1081,11.98828125,4.9296875,4.22265625,1,0x14,0,0,0,1,0,1,0,0,-1,0,,,,,,,,,,,,,,,,,,,,,,
658,10,FREECAM_3D,21.966666666666665,1022137,31193.145751953125,1663,50.750732421875,19.70414912808178,165,5.035400390625,1498,45.71533203125,0,0.0,0x99232FBD,3069,1262,1081,11.98828125,4.9296875,4.22265625,1,0x14,0,0,0,1,0,1,0,0,-1,0,,,,,,,,,,,,,,,,,,,,,,
659,10,FREECAM_3D,22.0,1023743,31242.156982421875,1606,49.01123046875,20.40348692403487,165,5.035400390625,1440,43.9453125,1,0.030517578125,0xB16D2C2A,3069,1262,1081,11.98828125,4.9296875,4.22265625,1,0x14,0,0,0,1,0,1,0,0,-1,0,,,,,,,,,,,,,,,,,,,,,,
660,10,FREECAM_3D,22.033333333333335,1025337,31290.802001953125,1594,48.64501953125,20.557089084065243,165,5.035400390625,1428,43.5791015625,1,0.030517578125,0x97B6A86E,3069,1262,1081,11.98828125,4.9296875,4.22265625,1,0x14,0,0,0,1,0,1,0,0,-1,0,,,,,,,,,,,,,,,,,,,,,,
661,10,FREECAM_3D,22.066666666666666,1026956,31340.2099609375,1619,49.407958984375,20.23965410747375,164,5.0048828125,1455,44.403076171875,0,0.0,0xD6FA1B1C,3069,1262,1081,11.98828125,4.9296875,4.22265625,1,0x14,0,0,0,1,0,1,0,0,-1,0,,,,,,,,,,,,,,,,,,,,,,
662,10,FREECAM_3D,22.1,1028521,31387.969970703125,1565,47.760009765625,20.938019169329074,165,5.035400390625,1399,42.694091796875,1,0.030517578125,0x8B4C3E5A,3069,1262,1081,11.98828125,4.9296875,4.22265625,1,0x14,0,0,0,1,0,1,0,0,-1,0,,,,,,,,,,,,,,,,,,,,,,
663,10,FREECAM_3D,22.133333333333333,1029990,31432.80029296875,1469,44.830322265625,22.306330837304287,161,4.913330078125,1308,39.9169921875,0,0.0,0x8B4C3E5A,3069,1262,1081,11.98828125,4.9296875,4.22265625,1,0x10,0,0,0,0,0,1,0,0,-1,0,,,,,,,,,,,,,,,,,,,,,,
664,10,FREECAM_3D,22.166666666666668,1031276,31472.0458984375,1286,39.24560546875,25.480559875583204,160,4.8828125,1126,34.36279296875,0,0.0,0x8B4C3E5A,3069,1262,1081,11.98828125,4.9296875,4.22265625,1,0x10,0,0,0,0,0,1,0,0,-1,0,,,,,,,,,,,,,,,,,,,,,,
665,10,FREECAM_3D,22.2,1032563,31511.322021484375,1287,39.276123046875,25.46076146076146,160,4.8828125,1127,34.393310546875,0,0.0,0x8B4C3E5A,3069,1262,1081,11.98828125,4.9296875,4.22265625,1,0x10,0,0,0,0,0,1,0,0,-1,0,,,,,,,,,,,,,,,,,,,,,,
666,10,FREECAM_3D,22.233333333333334,1033851,31550.628662109375,1288,39.306640625,25.440993788819874,161,4.913330078125,1126,34.36279296875,1,0.030517578125,0x8B4C3E5A,3069,1262,1081,11.98828125,4.9296875,4.22265625,1,0x10,0,0,0,0,0,1,0,0,-1,0,,,,,,,,,,,,,,,,,,,,,,
667,10,FREECAM_3D,22.266666666666666,1035139,31589.935302734375,1288,39.306640625,25.440993788819874,161,4.913330078125,1126,34.36279296875,1,0.030517578125,0x8B4C3E5A,3069,1262,1081,11.98828125,4.9296875,4.22265625,1,0x10,0,0,0,0,0,1,0,0,-1,0,,,,,,,,,,,,,,,,,,,,,,
668,10,FREECAM_3D,22.3,1036425,31629.180908203125,1286,39.24560546875,25.480559875583204,160,4.8828125,1126,34.36279296875,0,0.0,0x8B4C3E5A,3069,1262,1081,11.98828125,4.9296875,4.22265625,1,0x10,0,0,0,0,0,1,0,0,-1,0,,,,,,,,,,,,,,,,,,,,,,
669,10,FREECAM_3D,22.333333333333332,1037711,31668.426513671875,1286,39.24560546875,25.480559875583204,160,4.8828125,1126,34.36279296875,0,0.0,0x8B4C3E5A,3069,1262,1081,11.98828125,4.9296875,4.22265625,1,0x10,0,0,0,0,0,1,0,0,-1,0,,,,,,,,,,,,,,,,,,,,,,
670,10,FREECAM_3D,22.366666666666667,1038998,31707.70263671875,1287,39.276123046875,25.46076146076146,160,4.8828125,1127,34.393310546875,0,0.0,0x8B4C3E5A,3069,1262,1081,11.98828125,4.9296875,4.22265625,1,0x10,0,0,0,0,0,1,0,0,-1,0,,,,,,,,,,,,,,,,,,,,,,
671,10,FREECAM_3D,22.4,1040286,31747.00927734375,1288,39.306640625,25.440993788819874,161,4.913330078125,1126,34.36279296875,1,0.030517578125,0x8B4C3E5A,3069,1262,1081,11.98828125,4.9296875,4.22265625,1,0x10,0,0,0,0,0,1,0,0,-1,0,,,,,,,,,,,,,,,,,,,,,,
672,10,FREECAM_3D,22.433333333333334,1041574,31786.31591796875,1288,39.306640625,25.440993788819874,161,4.913330078125,1126,34.36279296875,1,0.030517578125,0x8B4C3E5A,3069,1262,1081,11.98828125,4.9296875,4.22265625,1,0x10,0,0,0,0,0,1,0,0,-1,0,,,,,,,,,,,,,,,,,,,,,,
673,10,FREECAM_3D,22.466666666666665,1042861,31825.592041015625,1287,39.276123046875,25.46076146076146,160,4.8828125,1126,34.36279296875,1,0.030517578125,0x8B4C3E5A,3069,1262,1081,11.98828125,4.9296875,4.22265625,1,0x10,0,0,0,0,0,1,0,0,-1,0,,,,,,,,,,,,,,,,,,,,,,
674,10,FREECAM_3D,22.5,1044147,31864.837646484375,1286,39.24560546875,25.480559875583204,160,4.8828125,1126,34.36279296875,0,0.0,0x8B4C3E5A,3069,1262,1081,11.98828125,4.9296875,4.22265625,1,0x10,0,0,0,0,0,1,0,0,-1,0,,,,,,,,,,,,,,,,,,,,,,
675,10,FREECAM_3D,22.533333333333335,1045434,31904.11376953125,1287,39.276123046875,25.46076146076146,160,4.8828125,1127,34.393310546875,0,0.0,0x8B4C3E5A,3069,1262,1081,11.98828125,4.9296875,4.22265625,1,0x10,0,0,0,0,0,1,0,0,-1,0,,,,,,,,,,,,,,,,,,,,,,
676,10,FREECAM_3D,22.566666666666666,1046722,31943.42041015625,1288,39.306640625,25.440993788819874,161,4.913330078125,1126,34.36279296875,1,0.030517578125,0x8B4C3E5A,3069,1262,1081,11.98828125,4.9296875,4.22265625,1,0x10,0,0,0,0,0,1,0,0,-1,0,,,,,,,,,,,,,,,,,,,,,,
677,10,FREECAM_3D,22.6,1048010,31982.72705078125,1288,39.306640625,25.440993788819874,161,4.913330078125,1126,34.36279296875,1,0.030517578125,0x8B4C3E5A,3069,1262,1081,11.98828125,4.9296875,4.22265625,1,0x10,0,0,0,0,0,1,0,0,-1,0,,,,,,,,,,,,,,,,,,,,,,
678,10,FREECAM_3D,22.633333333333333,1049297,32022.003173828125,1287,39.276123046875,25.46076146076146,160,4.8828125,1126,34.36279296875,1,0.030517578125,0x8B4C3E5A,3069,1262,1081,11.98828125,4.9296875,4.22265625,1,0x10,0,0,0,0,0,1,0,0,-1,0,,,,,,,,,,,,,,,,,,,,,,
679,10,FREECAM_3D,22.666666666666668,1050583,32061.248779296875,1286,39.24560546875,25.480559875583204,160,4.8828125,1126,34.36279296875,0,0.0,0x8B4C3E5A,3069,1262,1081,11.98828125,4.9296875,4.22265625,1,0x10,0,0,0,0,0,1,0,0,-1,0,,,,,,,,,,,,,,,,,,,,,,
680,10,FREECAM_3D,22.7,1051870,32100.52490234375,1287,39.276123046875,25.46076146076146,160,4.8828125,1127,34.393310546875,0,0.0,0x8B4C3E5A,3069,1262,1081,11.98828125,4.9296875,4.22265625,1,0x10,0,0,0,0,0,1,0,0,-1,0,,,,,,,,,,,,,,,,,,,,,,
681,10,FREECAM_3D,22.733333333333334,1053157,32139.801025390625,1287,39.276123046875,25.46076146076146,161,4.913330078125,1126,34.36279296875,0,0.0,0x8B4C3E5A,3069,1262,1081,11.98828125,4.9296875,4.22265625,1,0x10,0,0,0,0,0,1,0,0,-1,0,,,,,,,,,,,,,,,,,,,,,,
682,10,FREECAM_3D,22.766666666666666,1054445,32179.107666015625,1288,39.306640625,25.440993788819874,161,4.913330078125,1126,34.36279296875,1,0.030517578125,0x8B4C3E5A,3069,1262,1081,11.98828125,4.9296875,4.22265625,1,0x10,0,0,0,0,0,1,0,0,-1,0,,,,,,,,,,,,,,,,,,,,,,
683,10,FREECAM_3D,22.8,1055733,32218.414306640625,1288,39.306640625,25.440993788819874,161,4.913330078125,1126,34.36279296875,1,0.030517578125,0x8B4C3E5A,3069,1262,1081,11.98828125,4.9296875,4.22265625,1,0x10,0,0,0,0,0,1,0,0,-1,0,,,,,,,,,,,,,,,,,,,,,,
684,10,FREECAM_3D,22.833333333333332,1057019,32257.659912109375,1286,39.24560546875,25.480559875583204,160,4.8828125,1126,34.36279296875,0,0.0,0x8B4C3E5A,3069,1262,1081,11.98828125,4.9296875,4.22265625,1,0x10,0,0,0,0,0,1,0,0,-1,0,,,,,,,,,,,,,,,,,,,,,,
685,10,FREECAM_3D,22.866666666666667,1058305,32296.905517578125,1286,39.24560546875,25.480559875583204,160,4.8828125,1126,34.36279296875,0,0.0,0x8B4C3E5A,3069,1262,1081,11.98828125,4.9296875,4.22265625,1,0x10,0,0,0,0,0,1,0,0,-1,0,,,,,,,,,,,,,,,,,,,,,,
686,10,FREECAM_3D,22.9,1059592,32336.181640625,1287,39.276123046875,25.46076146076146,161,4.913330078125,1126,34.36279296875,0,0.0,0x8B4C3E5A,3069,1262,1081,11.98828125,4.9296875,4.22265625,1,0x10,0,0,0,0,0,1,0,0,-1,0,,,,,,,,,,,,,,,,,,,,,,
687,10,FREECAM_3D,22.933333333333334,1060880,32375.48828125,1288,39.306640625,25.440993788819874,161,4.913330078125,1126,34.36279296875,1,0.030517578125,0x8B4C3E5A,3069,1262,1081,11.98828125,4.9296875,4.22265625,1,0x10,0,0,0,0,0,1,0,0,-1,0,,,,,,,,,,,,,,,,,,,,,,
688,10,FREECAM_3D,22.966666666666665,1062168,32414.794921875,1288,39.306640625,25.440993788819874,161,4.913330078125,1126,34.36279296875,1,0.030517578125,0x8B4C3E5A,3069,1262,1081,11.98828125,4.9296875,4.22265625,1,0x10,0,0,0,0,0,1,0,0,-1,0,,,,,,,,,,,,,,,,,,,,,,
689,10,FREECAM_3D,23.0,1063454,32454.04052734375,1286,39.24560546875,25.480559875583204,160,4.8828125,1126,34.36279296875,0,0.0,0x8B4C3E5A,3069,1262,1081,11.98828125,4.9296875,4.22265625,1,0x10,0,0,0,0,0,1,0,0,-1,0,,,,,,,,,,,,,,,,,,,,,,
690,10,FREECAM_3D,23.033333333333335,1064740,32493.2861328125,1286,39.24560546875,25.480559875583204,160,4.8828125,1126,34.36279296875,0,0.0,0x8B4C3E5A,3069,1262,1081,11.98828125,4.9296875,4.22265625,1,0x10,0,0,0,0,0,1,0,0,-1,0,,,,,,,,,,,,,,,,,,,,,,
691,10,FREECAM_3D,23.066666666666666,1066028,32532.5927734375,1288,39.306640625,25.440993788819874,161,4.913330078125,1127,34.393310546875,0,0.0,0x8B4C3E5A,3069,1262,1081,11.98828125,4.9296875,4.22265625,1,0x10,0,0,0,0,0,1,0,0,-1,0,,,,,,,,,,,,,,,,,,,,,,
692,10,FREECAM_3D,23.1,1067316,32571.8994140625,1288,39.306640625,25.440993788819874,161,4.913330078125,1126,34.36279296875,1,0.030517578125,0x8B4C3E5A,3069,1262,1081,11.98828125,4.9296875,4.22265625,1,0x10,0,0,0,0,0,1,0,0,-1,0,,,,,,,,,,,,,,,,,,,,,,
693,10,FREECAM_3D,23.133333333333333,1068604,32611.2060546875,1288,39.306640625,25.440993788819874,161,4.913330078125,1126,34.36279296875,1,0.030517578125,0x8B4C3E5A,3069,1262,1081,11.98828125,4.9296875,4.22265625,1,0x10,0,0,0,0,0,1,0,0,-1,0,,,,,,,,,,,,,,,,,,,,,,
694,10,FREECAM_3D,23.166666666666668,1069890,32650.45166015625,1286,39.24560546875,25.480559875583204,160,4.8828125,1126,34.36279296875,0,0.0,0x8B4C3E5A,3069,1262,1081,11.98828125,4.9296875,4.22265625,1,0x10,0,0,0,0,0,1,0,0,-1,0,,,,,,,,,,,,,,,,,,,,,,
695,10,FREECAM_3D,23.2,1071176,32689.697265625,1286,39.24560546875,25.480559875583204,160,4.8828125,1126,34.36279296875,0,0.0,0x8B4C3E5A,3069,1262,1081,11.98828125,4.9296875,4.22265625,1,0x10,0,0,0,0,0,1,0,0,-1,0,,,,,,,,,,,,,,,,,,,,,,
696,10,FREECAM_3D,23.233333333333334,1072464,32729.00390625,1288,39.306640625,25.440993788819874,161,4.913330078125,1127,34.393310546875,0,0.0,0x8B4C3E5A,3069,1262,1081,11.98828125,4.9296875,4.22265625,1,0x10,0,0,0,0,0,1,0,0,-1,0,,,,,,,,,,,,,,,,,,,,,,
697,10,FREECAM_3D,23.266666666666666,1073752,32768.310546875,1288,39.306640625,25.440993788819874,161,4.913330078125,1126,34.36279296875,1,0.030517578125,0x8B4C3E5A,3069,1262,1081,11.98828125,4.9296875,4.22265625,1,0x10,0,0,0,0,0,1,0,0,-1,0,,,,,,,,,,,,,,,,,,,,,,
698,10,FREECAM_3D,23.3,1075040,32807.6171875,1288,39.306640625,25.440993788819874,161,4.913330078125,1126,34.36279296875,1,0.030517578125,0x8B4C3E5A,3069,1262,1081,11.98828125,4.9296875,4.22265625,1,0x10,0,0,0,0,0,1,0,0,-1,0,,,,,,,,,,,,,,,,,,,,,,
699,10,FREECAM_3D,23.333333333333332,1076326,32846.86279296875,1286,39.24560546875,25.480559875583204,160,4.8828125,1126,34.36279296875,0,0.0,0x8B4C3E5A,3069,1262,1081,11.98828125,4.9296875,4.22265625,1,0x10,0,0,0,0,0,1,0,0,-1,0,,,,,,,,,,,,,,,,,,,,,,
700,10,FREECAM_3D,23.366666666666667,1077612,32886.1083984375,1286,39.24560546875,25.480559875583204,160,4.8828125,1126,34.36279296875,0,0.0,0x8B4C3E5A,3069,1262,1081,11.98828125,4.9296875,4.22265625,1,0x10,0,0,0,0,0,1,0,0,-1,0,,,,,,,,,,,,,,,,,,,,,,
701,10,FREECAM_3D,23.4,1078900,32925.4150390625,1288,39.306640625,25.440993788819874,161,4.913330078125,1127,34.393310546875,0,0.0,0x8B4C3E5A,3069,1262,1081,11.98828125,4.9296875,4.22265625,1,0x10,0,0,0,0,0,1,0,0,-1,0,,,,,,,,,,,,,,,,,,,,,,
702,10,FREECAM_3D,23.433333333333334,1080188,32964.7216796875,1288,39.306640625,25.440993788819874,161,4.913330078125,1126,34.36279296875,1,0.030517578125,0x8B4C3E5A,3069,1262,1081,11.98828125,4.9296875,4.22265625,1,0x10,0,0,0,0,0,1,0,0,-1,0,,,,,,,,,,,,,,,,,,,,,,
703,10,FREECAM_3D,23.466666666666665,1081476,33004.0283203125,1288,39.306640625,25.440993788819874,161,4.913330078125,1126,34.36279296875,1,0.030517578125,0x8B4C3E5A,3069,1262,1081,11.98828125,4.9296875,4.22265625,1,0x10,0,0,0,0,0,1,0,0,-1,0,,,,,,,,,,,,,,,,,,,,,,
704,10,FREECAM_3D,23.5,1082762,33043.27392578125,1286,39.24560546875,25.480559875583204,160,4.8828125,1126,34.36279296875,0,0.0,0x8B4C3E5A,3069,1262,1081,11.98828125,4.9296875,4.22265625,1,0x10,0,0,0,0,0,1,0,0,-1,0,,,,,,,,,,,,,,,,,,,,,,
705,10,FREECAM_3D,23.533333333333335,1084048,33082.51953125,1286,39.24560546875,25.480559875583204,160,4.8828125,1126,34.36279296875,0,0.0,0x8B4C3E5A,3069,1262,1081,11.98828125,4.9296875,4.22265625,1,0x10,0,0,0,0,0,1,0,0,-1,0,,,,,,,,,,,,,,,,,,,,,,
706,10,FREECAM_3D,23.566666666666666,1085335,33121.795654296875,1287,39.276123046875,25.46076146076146,160,4.8828125,1127,34.393310546875,0,0.0,0x8B4C3E5A,3069,1262,1081,11.98828125,4.9296875,4.22265625,1,0x10,0,0,0,0,0,1,0,0,-1,0,,,,,,,,,,,,,,,,,,,,,,
707,10,FREECAM_3D,23.6,1086623,33161.102294921875,1288,39.306640625,25.440993788819874,161,4.913330078125,1126,34.36279296875,1,0.030517578125,0x8B4C3E5A,3069,1262,1081,11.98828125,4.9296875,4.22265625,1,0x10,0,0,0,0,0,1,0,0,-1,0,,,,,,,,,,,,,,,,,,,,,,
708,10,FREECAM_3D,23.633333333333333,1087911,33200.408935546875,1288,39.306640625,25.440993788819874,161,4.913330078125,1126,34.36279296875,1,0.030517578125,0x8B4C3E5A,3069,1262,1081,11.98828125,4.9296875,4.22265625,1,0x10,0,0,0,0,0,1,0,0,-1,0,,,,,,,,,,,,,,,,,,,,,,
709,10,FREECAM_3D,23.666666666666668,1089198,33239.68505859375,1287,39.276123046875,25.46076146076146,160,4.8828125,1126,34.36279296875,1,0.030517578125,0x8B4C3E5A,3069,1262,1081,11.98828125,4.9296875,4.22265625,1,0x10,0,0,0,0,0,1,0,0,-1,0,,,,,,,,,,,,,,,,,,,,,,
710,10,FREECAM_3D,23.7,1090699,33285.491943359375,1501,45.806884765625,21.830779480346436,165,5.035400390625,1336,40.771484375,0,0.0,0xD6FA1B1C,3069,1262,1081,11.98828125,4.9296875,4.22265625,1,0x14,0,0,0,1,0,1,0,0,1,0,,,,,,,,,,,,,,,,,,,,,,
711,10,FREECAM_3D,23.733333333333334,1092311,33334.686279296875,1612,49.1943359375,20.327543424317618,165,5.035400390625,1447,44.158935546875,0,0.0,0x97B6A86E,3069,1262,1081,11.98828125,4.9296875,4.22265625,1,0x14,0,0,0,1,0,1,0,0,1,0,,,,,,,,,,,,,,,,,,,,,,
712,10,FREECAM_3D,23.766666666666666,1093992,33385.986328125,1681,51.300048828125,19.493158834027366,165,5.035400390625,1515,46.234130859375,1,0.030517578125,0xB16D2C2A,3069,1262,1081,11.98828125,4.9296875,4.22265625,1,0x14,0,0,0,1,0,1,0,0,1,0,,,,,,,,,,,,,,,,,,,,,,
713,10,FREECAM_3D,23.8,1095628,33435.9130859375,1636,49.9267578125,20.029339853300733,164,5.0048828125,1472,44.921875,0,0.0,0x99232FBD,3069,1262,1081,11.98828125,4.9296875,4.22265625,1,0x14,0,0,0,1,0,1,0,0,1,0,,,,,,,,,,,,,,,,,,,,,,
714,10,FREECAM_3D,23.833333333333332,1097290,33486.63330078125,1662,50.72021484375,19.71600481347774,165,5.035400390625,1497,45.684814453125,0,0.0,0x87F93679,3069,1262,1081,11.98828125,4.9296875,4.22265625,1,0x14,0,0,0,1,0,1,0,0,1,0,,,,,,,,,,,,,,,,,,,,,,
715,10,FREECAM_3D,23.866666666666667,1099074,33541.07666015625,1784,54.443359375,18.367713004484305,165,5.035400390625,1618,49.37744140625,1,0.030517578125,0x58F5109B,3069,1262,1081,11.98828125,4.9296875,4.22265625,1,0x14,0,0,0,1,0,1,0,0,1,0,,,,,,,,,,,,,,,,,,,,,,
716,10,FREECAM_3D,23.9,1100849,33595.245361328125,1775,54.168701171875,18.460845070422536,164,5.0048828125,1611,49.163818359375,0,0.0,0xAE96CAD8,3069,1262,1081,11.98828125,4.9296875,4.22265625,1,0x14,0,0,0,1,0,1,0,0,1,0,,,,,,,,,,,,,,,,,,,,,,
717,10,FREECAM_3D,23.933333333333334,1102694,33651.55029296875,1845,56.304931640625,17.760433604336043,165,5.035400390625,1680,51.26953125,0,0.0,0xA3747F26,3069,1262,1081,11.98828125,4.9296875,4.22265625,1,0x14,0,0,0,1,0,1,0,0,1,0,,,,,,,,,,,,,,,,,,,,,,
718,10,FREECAM_3D,23.966666666666665,1104603,33709.808349609375,1909,58.258056640625,17.165007857517026,165,5.035400390625,1743,53.192138671875,1,0.030517578125,0xC7FFADCF,3069,1262,1081,11.98828125,4.9296875,4.22265625,1,0x14,0,0,0,1,0,1,0,0,1,0,,,,,,,,,,,,,,,,,,,,,,
719,10,FREECAM_3D,24.0,1106525,33768.463134765625,1922,58.65478515625,17.04890738813736,164,5.0048828125,1758,53.64990234375,0,0.0,0xA44C425B,3069,1262,1081,11.98828125,4.9296875,4.22265625,1,0x14,0,0,0,1,0,1,0,0,1,0,,,,,,,,,,,,,,,,,,,,,,
720,10,FREECAM_3D,24.033333333333335,1108464,33827.63671875,1939,59.173583984375,16.899432697266633,165,5.035400390625,1773,54.107666015625,1,0.030517578125,0xF20D7777,3069,1262,1081,11.98828125,4.9296875,4.22265625,1,0x14,0,0,0,1,0,1,0,0,1,0,,,,,,,,,,,,,,,,,,,,,,
721,10,FREECAM_3D,24.066666666666666,1110413,33887.115478515625,1949,59.478759765625,16.812724474089276,164,5.0048828125,1785,54.473876953125,0,0.0,0x1D68886C,3069,1262,1081,11.98828125,4.9296875,4.22265625,1,0x14,0,0,0,1,0,1,0,0,1,0,,,,,,,,,,,,,,,,,,,,,,
722,10,FREECAM_3D,24.1,1112231,33942.596435546875,1818,55.48095703125,18.024202420242023,165,5.035400390625,1653,50.445556640625,0,0.0,0x65DFB05A,3069,1262,1081,11.98828125,4.9296875,4.22265625,1,0x14,0,0,0,1,0,1,0,0,1,0,,,,,,,,,,,,,,,,,,,,,,
723,10,FREECAM_3D,24.133333333333333,1114152,34001.220703125,1921,58.624267578125,17.057782404997397,165,5.035400390625,1756,53.5888671875,0,0.0,0x7EDEF92F,3069,1262,1081,11.98828125,4.9296875,4.22265625,1,0x14,0,0,0,1,0,1,0,0,1,0,,,,,,,,,,,,,,,,,,,,,,
724,10,FREECAM_3D,24.166666666666668,1115894,34054.38232421875,1742,53.16162109375,18.810562571756602,165,5.035400390625,1576,48.095703125,1,0.030517578125,0x4310EEA4,3069,1262,1081,11.98828125,4.9296875,4.22265625,1,0x14,0,0,0,1,0,1,0,0,1,0,,,,,,,,,,,,,,,,,,,,,,
725,10,FREECAM_3D,24.2,1117621,34107.086181640625,1727,52.703857421875,18.97394325419803,165,5.035400390625,1562,47.66845703125,0,0.0,0x757DE4F2,3069,1262,1081,11.98828125,4.9296875,4.22265625,1,0x14,0,0,0,1,0,1,0,0,1,0,,,,,,,,,,,,,,,,,,,,,,
726,10,FREECAM_3D,24.233333333333334,1119354,34159.97314453125,1733,52.886962890625,18.908251586843623,165,5.035400390625,1568,47.8515625,0,0.0,0x7496D160,3069,1262,1081,11.98828125,4.9296875,4.22265625,1,0x14,0,0,0,1,0,1,0,0,1,0,,,,,,,,,,,,,,,,,,,,,,
727,10,FREECAM_3D,24.266666666666666,1121052,34211.7919921875,1698,51.81884765625,19.297997644287396,165,5.035400390625,1532,46.7529296875,1,0.030517578125,0x0F828D67,3069,1262,1081,11.98828125,4.9296875,4.22265625,1,0x14,0,0,0,1,0,1,0,0,1,0,,,,,,,,,,,,,,,,,,,,,,
728,10,FREECAM_3D,24.3,1122669,34261.138916015625,1617,49.346923828125,20.264687693259123,165,5.035400390625,1452,44.3115234375,0,0.0,0x75381BF2,3069,1262,1081,11.98828125,4.9296875,4.22265625,1,0x14,0,0,0,1,0,1,0,0,1,0,,,,,,,,,,,,,,,,,,,,,,
729,10,FREECAM_3D,24.333333333333332,1124200,34307.861328125,1531,46.722412109375,21.40300457217505,165,5.035400390625,1365,41.656494140625,1,0.030517578125,0xBA858160,3069,1262,1081,11.98828125,4.9296875,4.22265625,1,0x14,0,0,0,1,0,1,0,0,1,0,,,,,,,,,,,,,,,,,,,,,,
730,10,FREECAM_3D,24.366666666666667,1125847,34358.123779296875,1647,50.262451171875,19.89556769884639,165,5.035400390625,1481,45.196533203125,1,0.030517578125,0x301ECFFF,3069,1262,1081,11.98828125,4.9296875,4.22265625,1,0x14,0,0,0,1,0,1,0,0,1,0,,,,,,,,,,,,,,,,,,,,,,
731,10,FREECAM_3D,24.4,1127439,34406.707763671875,1592,48.583984375,20.582914572864322,164,5.0048828125,1428,43.5791015625,0,0.0,0x1CAD1FE7,3069,1262,1081,11.98828125,4.9296875,4.22265625,1,0x14,0,0,0,1,0,1,0,0,1,0,,,,,,,,,,,,,,,,,,,,,,
732,10,FREECAM_3D,24.433333333333334,1129077,34456.695556640625,1638,49.98779296875,20.004884004884005,165,5.035400390625,1472,44.921875,1,0.030517578125,0x125C255F,3069,1262,1081,11.98828125,4.9296875,4.22265625,1,0x14,0,0,0,1,0,1,0,0,1,0,,,,,,,,,,,,,,,,,,,,,,
733,10,FREECAM_3D,24.466666666666665,1130755,34507.904052734375,1678,51.20849609375,19.528009535160905,165,5.035400390625,1513,46.173095703125,0,0.0,0x351999EE,3069,1262,1081,11.98828125,4.9296875,4.22265625,1,0x14,0,0,0,1,0,1,0,0,1,0,,,,,,,,,,,,,,,,,,,,,,
734,10,FREECAM_3D,24.5,1132410,34558.41064453125,1655,50.506591796875,19.79939577039275,165,5.035400390625,1490,45.47119140625,0,0.0,0xAC17D57C,3069,1262,1081,11.98828125,4.9296875,4.22265625,1,0x14,0,0,0,1,0,1,0,0,1,0,,,,,,,,,,,,,,,,,,,,,,
735,10,FREECAM_3D,24.533333333333335,1134115,34610.443115234375,1705,52.032470703125,19.218768328445748,165,5.035400390625,1539,46.966552734375,1,0.030517578125,0x9AB97DEB,3069,1262,1081,11.98828125,4.9296875,4.22265625,1,0x14,0,0,0,1,0,1,0,0,1,0,,,,,,,,,,,,,,,,,,,,,,
736,10,FREECAM_3D,24.566666666666666,1135960,34666.748046875,1845,56.304931640625,17.760433604336043,164,5.0048828125,1680,51.26953125,1,0.030517578125,0x9F0DFB31,3069,1262,1081,11.98828125,4.9296875,4.22265625,1,0x14,0,0,0,1,0,1,0,0,1,0,,,,,,,,,,,,,,,,,,,,,,
737,10,FREECAM_3D,24.6,1137821,34723.541259765625,1861,56.793212890625,17.607737775389577,164,5.0048828125,1697,51.788330078125,0,0.0,0x71DCCEE5,3069,1262,1081,11.98828125,4.9296875,4.22265625,1,0x14,0,0,0,1,0,1,0,0,1,0,,,,,,,,,,,,,,,,,,,,,,
738,10,FREECAM_3D,24.633333333333333,1139672,34780.029296875,1851,56.488037109375,17.70286331712588,165,5.035400390625,1685,51.422119140625,1,0.030517578125,0xA5FAE12A,3069,1262,1081,11.98828125,4.9296875,4.22265625,1,0x14,0,0,0,1,0,1,0,0,1,0,,,,,,,,,,,,,,,,,,,,,,
739,10,FREECAM_3D,24.666666666666668,1141598,34838.80615234375,1926,58.77685546875,17.0134994807892,165,5.035400390625,1760,53.7109375,1,0.030517578125,0xA5318462,3069,1262,1081,11.98828125,4.9296875,4.22265625,1,0x14,0,0,0,1,0,1,0,0,1,0,,,,,,,,,,,,,,,,,,,,,,
740,10,FREECAM_3D,24.7,1143551,34898.406982421875,1953,59.600830078125,16.778289810547875,164,5.0048828125,1788,54.5654296875,1,0.030517578125,0x0F056F37,3069,1262,1081,11.98828125,4.9296875,4.22265625,1,0x14,0,0,0,1,0,1,0,0,1,0,,,,,,,,,,,,,,,,,,,,,,
741,10,FREECAM_3D,24.733333333333334,1145493,34957.672119140625,1942,59.26513671875,16.873326467559217,165,5.035400390625,1776,54.19921875,1,0.030517578125,0x3DD7AA69,3069,1262,1081,11.98828125,4.9296875,4.22265625,1,0x14,0,0,0,1,0,1,0,0,1,0,,,,,,,,,,,,,,,,,,,,,,
742,10,FREECAM_3D,24.766666666666666,1147422,35016.54052734375,1929,58.868408203125,16.98703991705547,165,5.035400390625,1763,53.802490234375,1,0.030517578125,0xE75BFEC1,3069,1262,1081,11.98828125,4.9296875,4.22265625,1,0x14,0,0,0,1,0,1,0,0,1,0,,,,,,,,,,,,,,,,,,,,,,
743,10,FREECAM_3D,24.8,1149467,35078.948974609375,2045,62.408447265625,16.023471882640585,165,5.035400390625,1880,57.373046875,0,0.0,0xD5D21860,3069,1262,1081,11.98828125,4.9296875,4.22265625,1,0x14,0,0,0,1,0,1,0,0,1,0,,,,,,,,,,,,,,,,,,,,,,
744,10,FREECAM_3D,24.833333333333332,1151542,35142.27294921875,2075,63.323974609375,15.791807228915662,165,5.035400390625,1909,58.258056640625,1,0.030517578125,0x95EDCE06,3069,1262,1081,11.98828125,4.9296875,4.22265625,1,0x14,0,0,0,1,0,1,0,0,1,0,,,,,,,,,,,,,,,,,,,,,,
745,10,FREECAM_3D,24.866666666666667,1153727,35208.953857421875,2185,66.680908203125,14.99679633867277,165,5.035400390625,2019,61.614990234375,1,0.030517578125,0x63CE50E1,3069,1262,1081,11.98828125,4.9296875,4.22265625,1,0x14,0,0,0,1,0,1,0,0,1,0,,,,,,,,,,,,,,,,,,,,,,
746,10,FREECAM_3D,24.9,1155975,35277.557373046875,2248,68.603515625,14.576512455516013,165,5.035400390625,2082,63.53759765625,1,0.030517578125,0x6BFB6151,3069,1262,1081,11.98828125,4.9296875,4.22265625,1,0x14,0,0,0,1,0,1,0,0,1,0,,,,,,,,,,,,,,,,,,,,,,
747,10,FREECAM_3D,24.933333333333334,1158269,35347.564697265625,2294,70.00732421875,14.284219703574543,165,5.035400390625,2129,64.971923828125,0,0.0,0xBC1EDF23,3069,1262,1081,11.98828125,4.9296875,4.22265625,1,0x14,0,0,0,1,0,1,0,0,1,0,,,,,,,,,,,,,,,,,,,,,,
748,10,FREECAM_3D,24.966666666666665,1160588,35418.3349609375,2319,70.770263671875,14.130228546787409,165,5.035400390625,2153,65.704345703125,1,0.030517578125,0xF7C30E54,3069,1262,1081,11.98828125,4.9296875,4.22265625,1,0x14,0,0,0,1,0,1,0,0,1,0,,,,,,,,,,,,,,,,,,,,,,
749,10,FREECAM_3D,25.0,1162914,35489.31884765625,2326,70.98388671875,14.087704213241617,165,5.035400390625,2161,65.948486328125,0,0.0,0x4540FC6A,3069,1262,1081,11.98828125,4.9296875,4.22265625,1,0x14,0,0,0,1,0,1,0,0,1,0,,,,,,,,,,,,,,,,,,,,,,
750,10,FREECAM_3D,25.033333333333335,1165239,35560.272216796875,2325,70.953369140625,14.093763440860215,164,5.0048828125,2161,65.948486328125,0,0.0,0x06815C15,3069,1262,1081,11.98828125,4.9296875,4.22265625,1,0x14,0,0,0,1,0,1,0,0,1,0,,,,,,,,,,,,,,,,,,,,,,
751,10,FREECAM_3D,25.066666666666666,1167545,35630.645751953125,2306,70.37353515625,14.209887250650477,165,5.035400390625,2141,65.338134765625,0,0.0,0x7CE2CE39,3069,1262,1081,11.98828125,4.9296875,4.22265625,1,0x14,0,0,0,1,0,1,0,0,1,0,,,,,,,,,,,,,,,,,,,,,,
752,10,FREECAM_3D,25.1,1169900,35702.5146484375,2355,71.868896484375,13.914225053078557,165,5.035400390625,2189,66.802978515625,1,0.030517578125,0x0BF6A32B,3069,1262,1081,11.98828125,4.9296875,4.22265625,1,0x14,0,0,0,1,0,1,0,0,1,0,,,,,,,,,,,,,,,,,,,,,,
753,10,FREECAM_3D,25.133333333333333,1172290,35775.45166015625,2390,72.93701171875,13.710460251046024,165,5.035400390625,2225,67.901611328125,0,0.0,0xD06752C8,3069,1262,1081,11.98828125,4.9296875,4.22265625,1,0x14,0,0,0,1,0,1,0,0,1,0,,,,,,,,,,,,,,,,,,,,,,
754,10,FREECAM_3D,25.166666666666668,1174540,35844.1162109375,2250,68.66455078125,14.563555555555556,165,5.035400390625,2085,63.629150390625,0,0.0,0x48A2917A,3069,1262,1081,11.98828125,4.9296875,4.22265625,1,0x14,0,0,0,1,0,1,0,0,1,0,,,,,,,,,,,,,,,,,,,,,,
755,10,FREECAM_3D,25.2,1176808,35913.330078125,2268,69.2138671875,14.447971781305114,165,5.035400390625,2102,64.14794921875,1,0.030517578125,0x8CC51F67,3069,1262,1081,11.98828125,4.9296875,4.22265625,1,0x14,0,0,0,1,0,1,0,0,1,0,,,,,,,,,,,,,,,,,,,,,,
756,10,FREECAM_3D,25.233333333333334,1178968,35979.248046875,2160,65.91796875,15.170370370370371,164,5.0048828125,1996,60.9130859375,0,0.0,0xA8F28D70,3069,1262,1081,11.98828125,4.9296875,4.22265625,1,0x14,0,0,0,1,0,1,0,0,1,0,,,,,,,,,,,,,,,,,,,,,,
757,10,FREECAM_3D,25.266666666666666,1181148,36045.7763671875,2180,66.5283203125,15.03119266055046,165,5.035400390625,2014,61.46240234375,1,0.030517578125,0xD7079BC0,3069,1262,1081,11.98828125,4.9296875,4.22265625,1,0x14,0,0,0,1,0,1,0,0,1,0,,,,,,,,,,,,,,,,,,,,,,
758,10,FREECAM_3D,25.3,1183291,36111.175537109375,2143,65.399169921875,15.290713952403173,157,4.791259765625,1986,60.60791015625,0,0.0,0x9F11FE28,3069,1262,1102,11.98828125,4.9296875,4.3046875,1,0x14,0,0,0,1,0,1,0,0,0,1,,,,,,,,,,,,,,,,,,,,,,
759,10,FREECAM_3D,25.333333333333332,1185392,36175.29296875,2101,64.117431640625,15.596382674916706,157,4.791259765625,1944,59.326171875,0,0.0,0xFE201391,3069,1262,1123,11.98828125,4.9296875,4.38671875,1,0x14,0,0,0,1,0,1,0,0,0,1,,,,,,,,,,,,,,,,,,,,,,
760,10,FREECAM_3D,25.366666666666667,1187468,36238.6474609375,2076,63.3544921875,15.784200385356455,157,4.791259765625,1918,58.53271484375,1,0.030517578125,0x8D970B6E,3069,1262,1144,11.98828125,4.9296875,4.46875,1,0x14,0,0,0,1,0,1,0,0,0,1,,,,,,,,,,,,,,,,,,,,,,
761,10,FREECAM_3D,25.4,1189523,36301.361083984375,2055,62.713623046875,15.945498783454989,156,4.7607421875,1899,57.952880859375,0,0.0,0xD10F39AF,3069,1262,1165,11.98828125,4.9296875,4.55078125,1,0x14,0,0,0,1,0,1,0,0,0,1,,,,,,,,,,,,,,,,,,,,,,
762,10,FREECAM_3D,25.433333333333334,1191555,36363.372802734375,2032,62.01171875,16.125984251968504,157,4.791259765625,1874,57.18994140625,1,0.030517578125,0x2CA7BF24,3069,1262,1186,11.98828125,4.9296875,4.6328125,1,0x14,0,0,0,1,0,1,0,0,0,1,,,,,,,,,,,,,,,,,,,,,,
763,10,FREECAM_3D,25.466666666666665,1192744,36399.658203125,1189,36.285400390625,27.55929352396972,157,4.791259765625,1031,31.463623046875,1,0.030517578125,0x85D9FFED,3069,1262,1207,11.98828125,4.9296875,4.71484375,1,0x14,0,0,0,1,0,1,0,0,0,1,,,,,,,,,,,,,,,,,,,,,,
764,10,FREECAM_3D,25.5,1195511,36484.100341796875,2767,84.442138671875,11.842428623057463,1150,35.09521484375,1616,49.31640625,1,0.030517578125,0x60949FFC,3,2468,402,0.01171875,9.640625,1.5703125,0,0x15,0,0,1,1,0,1,0,0,0,1,,,,,,,,,,,,,,,,,,,,,,
765,10,FREECAM_3D,25.533333333333335,1197265,36537.628173828125,1754,53.52783203125,18.68187001140251,148,4.5166015625,1606,49.01123046875,0,0.0,0x7D2C2957,3,2468,423,0.01171875,9.640625,1.65234375,0,0x14,0,0,0,1,0,1,0,0,0,1,,,,,,,,,,,,,,,,,,,,,,
766,10,FREECAM_3D,25.566666666666666,1198439,36573.455810546875,1174,35.82763671875,27.911413969335605,148,4.5166015625,1026,31.31103515625,0,0.0,0xAF34DCD8,3,2468,444,0.01171875,9.640625,1.734375,0,0x14,0,0,0,1,0,1,0,0,0,1,,,,,,,,,,,,,,,,,,,,,,
767,10,FREECAM_3D,25.6,1199611,36609.222412109375,1172,35.7666015625,27.959044368600683,148,4.5166015625,1024,31.25,0,0.0,0xC2DBAE89,3,2468,465,0.01171875,9.640625,1.81640625,0,0x14,0,0,0,1,0,1,0,0,0,1,,,,,,,,,,,,,,,,,,,,,,
768,10,FREECAM_3D,25.633333333333333,1200775,36644.744873046875,1164,35.5224609375,28.151202749140893,148,4.5166015625,1015,30.975341796875,1,0.030517578125,0xEF5FB53A,3,2468,486,0.01171875,9.640625,1.8984375,0,0x14,0,0,0,1,0,1,0,0,0,1,,,,,,,,,,,,,,,,,,,,,,
769,10,FREECAM_3D,25.666666666666668,1201942,36680.35888671875,1167,35.614013671875,28.07883461868038,148,4.5166015625,1018,31.06689453125,1,0.030517578125,0xFE92F063,3,2468,507,0.01171875,9.640625,1.98046875,0,0x14,0,0,0,1,0,1,0,0,0,1,,,,,,,,,,,,,,,,,,,,,,
770,10,FREECAM_3D,25.7,1203101,36715.728759765625,1159,35.369873046875,28.272648835202762,148,4.5166015625,1010,30.82275390625,1,0.030517578125,0xCAC6071D,3,2468,528,0.01171875,9.640625,2.0625,0,0x14,0,0,0,1,0,1,0,0,0,1,,,,,,,,,,,,,,,,,,,,,,
771,10,FREECAM_3D,25.733333333333334,1204266,36751.28173828125,1165,35.552978515625,28.12703862660944,147,4.486083984375,1017,31.036376953125,1,0.030517578125,0xAB0FE09C,3,2468,549,0.01171875,9.640625,2.14453125,0,0x14,0,0,0,1,0,1,0,0,0,1,,,,,,,,,,,,,,,,,,,,,,
772,10,FREECAM_3D,25.766666666666666,1205423,36786.590576171875,1157,35.308837890625,28.32152117545376,148,4.5166015625,1008,30.76171875,1,0.030517578125,0x6E0C8873,3,2468,570,0.01171875,9.640625,2.2265625,0,0x14,0,0,0,1,0,1,0,0,0,1,,,,,,,,,,,,,,,,,,,,,,
773,10,FREECAM_3D,25.8,1206574,36821.71630859375,1151,35.125732421875,28.46915725456125,148,4.5166015625,1003,30.609130859375,0,0.0,0x44E06012,3,2468,591,0.01171875,9.640625,2.30859375,0,0x14,0,0,0,1,0,1,0,0,0,1,,,,,,,,,,,,,,,,,,,,,,
774,10,FREECAM_3D,25.833333333333332,1207725,36856.842041015625,1151,35.125732421875,28.46915725456125,148,4.5166015625,1002,30.57861328125,1,0.030517578125,0x40A22339,3,2468,612,0.01171875,9.640625,2.390625,0,0x14,0,0,0,1,0,1,0,0,0,1,,,,,,,,,,,,,,,,,,,,,,
775,10,FREECAM_3D,25.866666666666667,1208872,36891.845703125,1147,35.003662109375,28.568439407149086,148,4.5166015625,999,30.487060546875,0,0.0,0x80883878,3,2468,633,0.01171875,9.640625,2.47265625,0,0x14,0,0,0,1,0,1,0,0,0,1,,,,,,,,,,,,,,,,,,,,,,
776,10,FREECAM_3D,25.9,1210016,36926.7578125,1144,34.912109375,28.643356643356643,148,4.5166015625,995,30.364990234375,1,0.030517578125,0x74684B0F,3,2468,654,0.01171875,9.640625,2.5546875,0,0x14,0,0,0,1,0,1,0,0,0,1,,,,,,,,,,,,,,,,,,,,,,
777,10,FREECAM_3D,25.933333333333334,1211158,36961.60888671875,1142,34.85107421875,28.69352014010508,148,4.5166015625,993,30.303955078125,1,0.030517578125,0x65B5D9EE,3,2468,675,0.01171875,9.640625,2.63671875,0,0x14,0,0,0,1,0,1,0,0,0,1,,,,,,,,,,,,,,,,,,,,,,
778,10,FREECAM_3D,25.966666666666665,1212297,36996.368408203125,1139,34.759521484375,28.769095697980685,147,4.486083984375,992,30.2734375,0,0.0,0x1E6F2665,3,2468,696,0.01171875,9.640625,2.71875,0,0x14,0,0,0,1,0,1,0,0,0,1,,,,,,,,,,,,,,,,,,,,,,
779,10,FREECAM_3D,26.0,1213431,37030.975341796875,1134,34.60693359375,28.895943562610228,148,4.5166015625,985,30.059814453125,1,0.030517578125,0xBB8A8BE4,3,2468,717,0.01171875,9.640625,2.80078125,0,0x14,0,0,0,1,0,1,0,0,0,1,,,,,,,,,,,,,,,,,,,,,,
780,10,FREECAM_3D,26.033333333333335,1214561,37065.460205078125,1130,34.48486328125,28.998230088495575,148,4.5166015625,982,29.96826171875,0,0.0,0xDB7816DB,3,2468,738,0.01171875,9.640625,2.8828125,0,0x14,0,0,0,1,0,1,0,0,0,1,,,,,,,,,,,,,,,,,,,,,,
781,10,FREECAM_3D,26.066666666666666,1215691,37099.945068359375,1130,34.48486328125,28.998230088495575,148,4.5166015625,981,29.937744140625,1,0.030517578125,0x62D805FA,3,2468,759,0.01171875,9.640625,2.96484375,0,0x14,0,0,0,1,0,1,0,0,0,1,,,,,,,,,,,,,,,,,,,,,,
782,10,FREECAM_3D,26.1,1216762,37132.62939453125,1071,32.684326171875,30.595704948646127,149,4.547119140625,922,28.13720703125,0,0.0,0x65DFB648,3,2468,738,0.01171875,9.640625,2.8828125,0,0x14,0,0,0,1,0,1,0,0,0,1,,,,,,,,,,,,,,,,,,,,,,
783,10,FREECAM_3D,26.133333333333333,1217898,37167.29736328125,1136,34.66796875,28.845070422535212,148,4.5166015625,987,30.120849609375,1,0.030517578125,0xF2845113,3,2468,717,0.01171875,9.640625,2.80078125,0,0x14,0,0,0,1,0,1,0,0,0,1,,,,,,,,,,,,,,,,,,,,,,
784,10,FREECAM_3D,26.166666666666668,1219034,37201.96533203125,1136,34.66796875,28.845070422535212,148,4.5166015625,988,30.1513671875,0,0.0,0xCE7B014A,3,2468,696,0.01171875,9.640625,2.71875,0,0x14,0,0,0,1,0,1,0,0,0,1,,,,,,,,,,,,,,,,,,,,,,
785,10,FREECAM_3D,26.2,1220172,37236.6943359375,1138,34.72900390625,28.794376098418276,148,4.5166015625,990,30.21240234375,0,0.0,0x925B10E5,3,2468,675,0.01171875,9.640625,2.63671875,0,0x14,0,0,0,1,0,1,0,0,0,1,,,,,,,,,,,,,,,,,,,,,,
786,10,FREECAM_3D,26.233333333333334,1221316,37271.6064453125,1144,34.912109375,28.643356643356643,148,4.5166015625,996,30.3955078125,0,0.0,0x5F5A5E4C,3,2468,654,0.01171875,9.640625,2.5546875,0,0x14,0,0,0,1,0,1,0,0,0,1,,,,,,,,,,,,,,,,,,,,,,
787,10,FREECAM_3D,26.266666666666666,1222461,37306.549072265625,1145,34.942626953125,28.618340611353712,148,4.5166015625,997,30.426025390625,0,0.0,0x1EC68647,3,2468,633,0.01171875,9.640625,2.47265625,0,0x14,0,0,0,1,0,1,0,0,0,1,,,,,,,,,,,,,,,,,,,,,,
788,10,FREECAM_3D,26.3,1223610,37341.61376953125,1149,35.064697265625,28.51871192341166,148,4.5166015625,1000,30.517578125,1,0.030517578125,0xA9D9C03E,3,2468,612,0.01171875,9.640625,2.390625,0,0x14,0,0,0,1,0,1,0,0,0,1,,,,,,,,,,,,,,,,,,,,,,
789,10,FREECAM_3D,26.333333333333332,1224762,37376.77001953125,1152,35.15625,28.444444444444443,148,4.5166015625,1003,30.609130859375,1,0.030517578125,0x3A53DC19,3,2468,591,0.01171875,9.640625,2.30859375,0,0x14,0,0,0,1,0,1,0,0,0,1,,,,,,,,,,,,,,,,,,,,,,
790,10,FREECAM_3D,26.366666666666667,1225915,37411.956787109375,1153,35.186767578125,28.419774501300953,148,4.5166015625,1005,30.670166015625,0,0.0,0x460FB860,3,2468,570,0.01171875,9.640625,2.2265625,0,0x14,0,0,0,1,0,1,0,0,0,1,,,,,,,,,,,,,,,,,,,,,,
791,10,FREECAM_3D,26.4,1227072,37447.265625,1157,35.308837890625,28.32152117545376,148,4.5166015625,1009,30.792236328125,0,0.0,0xF378EFAB,3,2468,549,0.01171875,9.640625,2.14453125,0,0x14,0,0,0,1,0,1,0,0,0,1,,,,,,,,,,,,,,,,,,,,,,
792,10,FREECAM_3D,26.433333333333334,1228233,37482.696533203125,1161,35.430908203125,28.223944875107666,148,4.5166015625,1012,30.8837890625,1,0.030517578125,0xE192D4A2,3,2468,528,0.01171875,9.640625,2.0625,0,0x14,0,0,0,1,0,1,0,0,0,1,,,,,,,,,,,,,,,,,,,,,,
793,10,FREECAM_3D,26.466666666666665,1229404,37518.4326171875,1171,35.736083984375,27.982920580700256,149,4.547119140625,1021,31.158447265625,1,0.030517578125,0xD0839570,3,2468,507,0.01171875,9.640625,1.98046875,0,0x14,0,0,0,1,0,1,0,0,0,1,,,,,,,,,,,,,,,,,,,,,,
794,10,FREECAM_3D,26.5,1230568,37553.955078125,1164,35.5224609375,28.151202749140893,149,4.547119140625,1014,30.94482421875,1,0.030517578125,0x0298A6A1,3,2468,486,0.01171875,9.640625,1.8984375,0,0x14,0,0,0,1,0,1,0,0,0,1,,,,,,,,,,,,,,,,,,,,,,
795,10,FREECAM_3D,26.533333333333335,1231738,37589.66064453125,1170,35.70556640625,28.006837606837607,148,4.5166015625,1022,31.18896484375,0,0.0,0x96F755AE,3,2468,465,0.01171875,9.640625,1.81640625,0,0x14,0,0,0,1,0,1,0,0,0,1,,,,,,,,,,,,,,,,,,,,,,
796,10,FREECAM_3D,26.566666666666666,1232903,37625.213623046875,1165,35.552978515625,28.12703862660944,148,4.5166015625,1017,31.036376953125,0,0.0,0x7B524AA7,3,2468,444,0.01171875,9.640625,1.734375,0,0x14,0,0,0,1,0,1,0,0,0,1,,,,,,,,,,,,,,,,,,,,,,
797,10,FREECAM_3D,26.6,1234206,37664.97802734375,1303,39.764404296875,25.148119723714505,148,4.5166015625,1155,35.247802734375,0,0.0,0xF7553ED4,3,2468,423,0.01171875,9.640625,1.65234375,0,0x14,0,0,0,1,0,1,0,0,0,1,,,,,,,,,,,,,,,,,,,,,,
798,10,FREECAM_3D,26.633333333333333,1235522,37705.13916015625,1316,40.1611328125,24.89969604863222,148,4.5166015625,1168,35.64453125,0,0.0,0xFF87F2E5,3,2468,402,0.01171875,9.640625,1.5703125,0,0x14,0,0,0,1,0,1,0,0,0,1,,,,,,,,,,,,,,,,,,,,,,
799,10,FREECAM_3D,26.666666666666668,1236829,37745.025634765625,1307,39.886474609375,25.07115531752104,148,4.5166015625,1159,35.369873046875,0,0.0,0x8649B8B2,3,2468,381,0.01171875,9.640625,1.48828125,0,0x14,0,0,0,1,0,1,0,0,0,1,,,,,,,,,,,,,,,,,,,,,,
800,10,FREECAM_3D,26.7,1238142,37785.09521484375,1313,40.069580078125,24.956587966488957,148,4.5166015625,1165,35.552978515625,0,0.0,0xC0FA100B,3,2468,360,0.01171875,9.640625,1.40625,0,0x14,0,0,0,1,0,1,0,0,0,1,,,,,,,,,,,,,,,,,,,,,,
801,10,FREECAM_3D,26.733333333333334,1239456,37825.1953125,1314,40.10009765625,24.93759512937595,148,4.5166015625,1165,35.552978515625,1,0.030517578125,0x95C89B68,3,2468,339,0.01171875,9.640625,1.32421875,0,0x14,0,0,0,1,0,1,0,0,0,1,,,,,,,,,,,,,,,,,,,,,,
802,10,FREECAM_3D,26.766666666666666,1240778,37865.53955078125,1322,40.34423828125,24.786686838124055,149,4.547119140625,1172,35.7666015625,1,0.030517578125,0xE8578599,3,2468,318,0.01171875,9.640625,1.2421875,0,0x14,0,0,0,1,0,1,0,0,0,1,,,,,,,,,,,,,,,,,,,,,,
803,10,FREECAM_3D,26.8,1242096,37905.76171875,1318,40.22216796875,24.861911987860395,148,4.5166015625,1170,35.70556640625,0,0.0,0x0F446DC6,3,2468,297,0.01171875,9.640625,1.16015625,0,0x14,0,0,0,1,0,1,0,0,0,1,,,,,,,,,,,,,,,,,,,,,,
804,10,FREECAM_3D,26.833333333333332,1243418,37946.10595703125,1322,40.34423828125,24.786686838124055,148,4.5166015625,1173,35.797119140625,1,0.030517578125,0xEEE9D65F,3,2468,276,0.01171875,9.640625,1.078125,0,0x14,0,0,0,1,0,1,0,0,0,1,,,,,,,,,,,,,,,,,,,,,,
805,10,FREECAM_3D,26.866666666666667,1244744,37986.572265625,1326,40.46630859375,24.71191553544495,148,4.5166015625,1177,35.919189453125,1,0.030517578125,0x52A5135F,3,2468,255,0.01171875,9.640625,0.99609375,0,0x14,0,0,0,1,0,1,0,0,0,1,,,,,,,,,,,,,,,,,,,,,,
806,10,FREECAM_3D,26.9,1246067,38026.947021484375,1323,40.374755859375,24.767951625094483,148,4.5166015625,1174,35.82763671875,1,0.030517578125,0x44FB15E2,3,2468,234,0.01171875,9.640625,0.9140625,0,0x14,0,0,0,1,0,1,0,0,0,1,,,,,,,,,,,,,,,,,,,,,,
807,10,FREECAM_3D,26.933333333333334,1247384,38067.138671875,1317,40.191650390625,24.88078967350038,148,4.5166015625,1169,35.675048828125,0,0.0,0xD485F245,3,2468,213,0.01171875,9.640625,0.83203125,0,0x14,0,0,0,1,0,1,0,0,0,1,,,,,,,,,,,,,,,,,,,,,,
808,10,FREECAM_3D,26.966666666666665,1248700,38107.2998046875,1316,40.1611328125,24.89969604863222,148,4.5166015625,1167,35.614013671875,1,0.030517578125,0x4D5E4FC0,3,2468,192,0.01171875,9.640625,0.75,0,0x14,0,0,0,1,0,1,0,0,0,1,,,,,,,,,,,,,,,,,,,,,,
809,10,FREECAM_3D,27.0,1250004,38147.0947265625,1304,39.794921875,25.12883435582822,148,4.5166015625,1155,35.247802734375,1,0.030517578125,0xE2A33C23,3,2468,171,0.01171875,9.640625,0.66796875,0,0x14,0,0,0,1,0,1,0,0,0,1,,,,,,,,,,,,,,,,,,,,,,
810,10,FREECAM_3D,27.033333333333335,1251282,38186.09619140625,1278,39.00146484375,25.640062597809077,148,4.5166015625,1129,34.454345703125,1,0.030517578125,0x03B947B6,3,2468,150,0.01171875,9.640625,0.5859375,0,0x14,0,0,0,1,0,1,0,0,0,1,,,,,,,,,,,,,,,,,,,,,,
811,10,FREECAM_3D,27.066666666666666,1252542,38224.54833984375,1260,38.4521484375,26.006349206349206,148,4.5166015625,1112,33.935546875,0,0.0,0x4C12C299,3,2468,129,0.01171875,9.640625,0.50390625,0,0x14,0,0,0,1,0,1,0,0,0,1,,,,,,,,,,,,,,,,,,,,,,
812,10,FREECAM_3D,27.1,1253785,38262.481689453125,1243,37.933349609375,26.362027353177794,148,4.5166015625,1094,33.38623046875,1,0.030517578125,0x263CFA04,3,2468,108,0.01171875,9.640625,0.421875,0,0x14,0,0,0,1,0,1,0,0,0,1,,,,,,,,,,,,,,,,,,,,,,
813,10,FREECAM_3D,27.133333333333333,1255019,38300.140380859375,1234,37.65869140625,26.554294975688816,148,4.5166015625,1086,33.14208984375,0,0.0,0x5FEC65D7,3,2468,87,0.01171875,9.640625,0.33984375,0,0x14,0,0,0,1,0,1,0,0,0,1,,,,,,,,,,,,,,,,,,,,,,
814,10,FREECAM_3D,27.166666666666668,1256241,38337.432861328125,1222,37.29248046875,26.81505728314239,148,4.5166015625,1073,32.745361328125,1,0.030517578125,0x4C6FF3FA,3,2468,66,0.01171875,9.640625,0.2578125,0,0x14,0,0,0,1,0,1,0,0,0,1,,,,,,,,,,,,,,,,,,,,,,
815,10,FREECAM_3D,27.2,1257439,38373.992919921875,1198,36.56005859375,27.352253756260435,149,4.547119140625,1049,32.012939453125,0,0.0,0x15EA0094,3,2468,64,0.01171875,9.640625,0.25,0,0x14,0,0,0,1,0,1,0,0,0,1,,,,,,,,,,,,,,,,,,,,,,
816,10,FREECAM_3D,27.233333333333334,1258594,38409.24072265625,1155,35.247802734375,28.37056277056277,149,4.547119140625,1005,30.670166015625,1,0.030517578125,0x15EA0094,3,2468,64,0.01171875,9.640625,0.25,0,0x10,0,0,0,0,0,1,0,0,0,1,,,,,,,,,,,,,,,,,,,,,,
817,10,FREECAM_3D,27.266666666666666,1259742,38444.27490234375,1148,35.0341796875,28.54355400696864,150,4.57763671875,998,30.45654296875,0,0.0,0x15EA0094,3,2468,64,0.01171875,9.640625,0.25,0,0x10,0,0,0,0,0,1,0,0,0,1,,,,,,,,,,,,,,,,,,,,,,
818,10,FREECAM_3D,27.3,1260891,38479.339599609375,1149,35.064697265625,28.51871192341166,149,4.547119140625,999,30.487060546875,1,0.030517578125,0x15EA0094,3,2468,64,0.01171875,9.640625,0.25,0,0x10,0,0,0,0,0,1,0,0,0,1,,,,,,,,,,,,,,,,,,,,,,
819,10,FREECAM_3D,27.333333333333332,1262040,38514.404296875,1149,35.064697265625,28.51871192341166,150,4.57763671875,999,30.487060546875,0,0.0,0x15EA0094,3,2468,64,0.01171875,9.640625,0.25,0,0x10,0,0,0,0,0,1,0,0,0,1,,,,,,,,,,,,,,,,,,,,,,
820,10,FREECAM_3D,27.366666666666667,1263188,38549.4384765625,1148,35.0341796875,28.54355400696864,149,4.547119140625,999,30.487060546875,0,0.0,0x15EA0094,3,2468,64,0.01171875,9.640625,0.25,0,0x10,0,0,0,0,0,1,0,0,0,1,,,,,,,,,,,,,,,,,,,,,,
821,10,FREECAM_3D,27.4,1264337,38584.503173828125,1149,35.064697265625,28.51871192341166,149,4.547119140625,999,30.487060546875,1,0.030517578125,0x15EA0094,3,2468,64,0.01171875,9.640625,0.25,0,0x10,0,0,0,0,0,1,0,0,0,1,,,,,,,,,,,,,,,,,,,,,,
822,10,FREECAM_3D,27.433333333333334,1265485,38619.537353515625,1148,35.0341796875,28.54355400696864,149,4.547119140625,999,30.487060546875,0,0.0,0x15EA0094,3,2468,64,0.01171875,9.640625,0.25,0,0x10,0,0,0,0,0,1,0,0,0,1,,,,,,,,,,,,,,,,,,,,,,
823,10,FREECAM_3D,27.466666666666665,1266634,38654.60205078125,1149,35.064697265625,28.51871192341166,149,4.547119140625,999,30.487060546875,1,0.030517578125,0x15EA0094,3,2468,64,0.01171875,9.640625,0.25,0,0x10,0,0,0,0,0,1,0,0,0,1,,,,,,,,,,,,,,,,,,,,,,
824,10,FREECAM_3D,27.5,1267781,38689.605712890625,1147,35.003662109375,28.568439407149086,149,4.547119140625,998,30.45654296875,0,0.0,0x15EA0094,3,2468,64,0.01171875,9.640625,0.25,0,0x10,0,0,0,0,0,1,0,0,0,1,,,,,,,,,,,,,,,,,,,,,,
825,10,FREECAM_3D,27.533333333333335,1268930,38724.67041015625,1149,35.064697265625,28.51871192341166,149,4.547119140625,999,30.487060546875,1,0.030517578125,0x15EA0094,3,2468,64,0.01171875,9.640625,0.25,0,0x10,0,0,0,0,0,1,0,0,0,1,,,,,,,,,,,,,,,,,,,,,,
826,10,FREECAM_3D,27.566666666666666,1270077,38759.674072265625,1147,35.003662109375,28.568439407149086,149,4.547119140625,998,30.45654296875,0,0.0,0x15EA0094,3,2468,64,0.01171875,9.640625,0.25,0,0x10,0,0,0,0,0,1,0,0,0,1,,,,,,,,,,,,,,,,,,,,,,
827,10,FREECAM_3D,27.6,1271226,38794.73876953125,1149,35.064697265625,28.51871192341166,149,4.547119140625,999,30.487060546875,1,0.030517578125,0x15EA0094,3,2468,64,0.01171875,9.640625,0.25,0,0x10,0,0,0,0,0,1,0,0,0,1,,,,,,,,,,,,,,,,,,,,,,
828,10,FREECAM_3D,27.633333333333333,1272374,38829.77294921875,1148,35.0341796875,28.54355400696864,150,4.57763671875,998,30.45654296875,0,0.0,0x15EA0094,3,2468,64,0.01171875,9.640625,0.25,0,0x10,0,0,0,0,0,1,0,0,0,1,,,,,,,,,,,,,,,,,,,,,,
829,10,FREECAM_3D,27.666666666666668,1273522,38864.80712890625,1148,35.0341796875,28.54355400696864,149,4.547119140625,999,30.487060546875,0,0.0,0x15EA0094,3,2468,64,0.01171875,9.640625,0.25,0,0x10,0,0,0,0,0,1,0,0,0,1,,,,,,,,,,,,,,,,,,,,,,
830,10,FREECAM_3D,27.7,1274811,38904.144287109375,1289,39.337158203125,25.421256788207913,155,4.730224609375,1134,34.60693359375,0,0.0,0x52BD6CDC,15,2454,74,0.05859375,9.5859375,0.2890625,0,0x14,0,0,0,1,0,1,1,1,0,0,,,,,,,,,,,,,,,,,,,,,,
831,10,FREECAM_3D,27.733333333333334,1276131,38944.427490234375,1320,40.283203125,24.824242424242424,154,4.69970703125,1165,35.552978515625,1,0.030517578125,0xD74FF083,28,2441,84,0.109375,9.53515625,0.328125,0,0x14,0,0,0,1,0,1,1,1,0,0,,,,,,,,,,,,,,,,,,,,,,
832,10,FREECAM_3D,27.766666666666666,1277519,38986.785888671875,1388,42.3583984375,23.608069164265128,155,4.730224609375,1232,37.59765625,1,0.030517578125,0x67B4D90A,42,2429,94,0.1640625,9.48828125,0.3671875,0,0x14,0,0,0,1,0,1,1,1,0,0,,,,,,,,,,,,,,,,,,,,,,
833,10,FREECAM_3D,27.8,1278918,39029.47998046875,1399,42.694091796875,23.422444603288064,155,4.730224609375,1243,37.933349609375,1,0.030517578125,0x61F2FB2B,57,2418,104,0.22265625,9.4453125,0.40625,0,0x14,0,0,0,1,0,1,1,1,0,0,,,,,,,,,,,,,,,,,,,,,,
834,10,FREECAM_3D,27.833333333333332,1280296,39071.533203125,1378,42.05322265625,23.779390420899855,155,4.730224609375,1223,37.322998046875,0,0.0,0x40E7F905,72,2408,114,0.28125,9.40625,0.4453125,0,0x14,0,0,0,1,0,1,1,1,0,0,,,,,,,,,,,,,,,,,,,,,,
835,10,FREECAM_3D,27.866666666666667,1281683,39113.861083984375,1387,42.327880859375,23.62509012256669,155,4.730224609375,1232,37.59765625,0,0.0,0x8313C4A5,88,2400,124,0.34375,9.375,0.484375,0,0x14,0,0,0,1,0,1,1,1,0,0,,,,,,,,,,,,,,,,,,,,,,
836,10,FREECAM_3D,27.9,1283041,39155.303955078125,1358,41.44287109375,24.12960235640648,155,4.730224609375,1202,36.68212890625,1,0.030517578125,0x24D43927,105,2393,134,0.41015625,9.34765625,0.5234375,0,0x14,0,0,0,1,0,1,1,1,0,0,,,,,,,,,,,,,,,,,,,,,,
837,10,FREECAM_3D,27.933333333333334,1284386,39196.35009765625,1345,41.046142578125,24.36282527881041,154,4.69970703125,1191,36.346435546875,0,0.0,0xA292C121,122,2387,144,0.4765625,9.32421875,0.5625,0,0x14,0,0,0,1,0,1,1,1,0,0,,,,,,,,,,,,,,,,,,,,,,
838,10,FREECAM_3D,27.966666666666665,1285734,39237.48779296875,1348,41.1376953125,24.30860534124629,155,4.730224609375,1192,36.376953125,1,0.030517578125,0xFEB3DA71,140,2382,154,0.546875,9.3046875,0.6015625,0,0x14,0,0,0,1,0,1,1,1,0,0,,,,,,,,,,,,,,,,,,,,,,
839,10,FREECAM_3D,28.0,1287349,39286.773681640625,1615,49.285888671875,20.289783281733747,155,4.730224609375,1460,44.5556640625,0,0.0,0x9F314D1C,158,2379,164,0.6171875,9.29296875,0.640625,0,0x14,0,0,0,1,0,1,1,1,0,0,,,,,,,,,,,,,,,,,,,,,,
840,10,FREECAM_3D,28.033333333333335,1289077,39339.508056640625,1728,52.734375,18.962962962962962,154,4.69970703125,1574,48.03466796875,0,0.0,0x5F9A1335,176,2377,174,0.6875,9.28515625,0.6796875,0,0x14,0,0,0,1,0,1,1,1,0,0,,,,,,,,,,,,,,,,,,,,,,
841,10,FREECAM_3D,28.066666666666666,1290878,39394.47021484375,1801,54.962158203125,18.194336479733483,155,4.730224609375,1645,50.201416015625,1,0.030517578125,0x191BEFC4,194,2376,184,0.7578125,9.28125,0.71875,0,0x14,0,0,0,1,0,1,1,1,0,0,,,,,,,,,,,,,,,,,,,,,,
842,10,FREECAM_3D,28.1,1292560,39445.80078125,1682,51.33056640625,19.48156956004756,154,4.69970703125,1527,46.600341796875,1,0.030517578125,0xF81F3FA2,212,2376,194,0.828125,9.28125,0.7578125,0,0x14,0,0,0,1,0,1,1,1,0,0,,,,,,,,,,,,,,,,,,,,,,
843,10,FREECAM_3D,28.133333333333333,1294387,39501.556396484375,1827,55.755615234375,17.935413245758074,154,4.69970703125,1673,51.055908203125,0,0.0,0x6A0A22B9,230,2377,204,0.8984375,9.28515625,0.796875,0,0x14,0,0,0,1,0,1,1,1,0,0,,,,,,,,,,,,,,,,,,,,,,
844,10,FREECAM_3D,28.166666666666668,1296231,39557.830810546875,1844,56.2744140625,17.77006507592191,154,4.69970703125,1690,51.57470703125,0,0.0,0xF257D097,248,2380,214,0.96875,9.296875,0.8359375,0,0x14,0,0,0,1,0,1,1,1,0,0,,,,,,,,,,,,,,,,,,,,,,
845,10,FREECAM_3D,28.2,1297919,39609.344482421875,1688,51.513671875,19.412322274881518,154,4.69970703125,1534,46.81396484375,0,0.0,0x65803F82,266,2384,224,1.0390625,9.3125,0.875,0,0x14,0,0,0,1,0,1,1,1,0,0,,,,,,,,,,,,,,,,,,,,,,
846,10,FREECAM_3D,28.233333333333334,1299661,39662.506103515625,1742,53.16162109375,18.810562571756602,155,4.730224609375,1587,48.431396484375,0,0.0,0x67365819,283,2389,234,1.10546875,9.33203125,0.9140625,0,0x14,0,0,0,1,0,1,1,1,0,0,,,,,,,,,,,,,,,,,,,,,,
847,10,FREECAM_3D,28.266666666666666,1301642,39722.96142578125,1981,60.455322265625,16.541140837960626,154,4.69970703125,1827,55.755615234375,0,0.0,0x104A20FB,300,2396,244,1.171875,9.359375,0.953125,0,0x14,0,0,0,1,0,1,1,1,0,0,,,,,,,,,,,,,,,,,,,,,,
848,10,FREECAM_3D,28.3,1303718,39786.31591796875,2076,63.3544921875,15.784200385356455,155,4.730224609375,1921,58.624267578125,0,0.0,0x6665B920,316,2404,254,1.234375,9.390625,0.9921875,0,0x14,0,0,0,1,0,1,1,1,0,0,,,,,,,,,,,,,,,,,,,,,,
849,10,FREECAM_3D,28.333333333333332,1305714,39847.22900390625,1996,60.9130859375,16.416833667334668,155,4.730224609375,1840,56.15234375,1,0.030517578125,0x3F6F3346,332,2413,264,1.296875,9.42578125,1.03125,0,0x14,0,0,0,1,0,1,1,1,0,0,,,,,,,,,,,,,,,,,,,,,,
850,10,FREECAM_3D,28.366666666666667,1307509,39902.008056640625,1795,54.779052734375,18.25515320334262,154,4.69970703125,1641,50.079345703125,0,0.0,0xAEF07C4C,347,2423,274,1.35546875,9.46484375,1.0703125,0,0x14,0,0,0,1,0,1,1,1,0,0,,,,,,,,,,,,,,,,,,,,,,
851,10,FREECAM_3D,28.4,1309359,39958.465576171875,1850,56.45751953125,17.712432432432433,155,4.730224609375,1694,51.69677734375,1,0.030517578125,0x61E64260,361,2434,284,1.41015625,9.5078125,1.109375,0,0x14,0,0,0,1,0,1,1,1,0,0,,,,,,,,,,,,,,,,,,,,,,
852,10,FREECAM_3D,28.433333333333334,1311202,40014.70947265625,1843,56.243896484375,17.779706999457407,155,4.730224609375,1687,51.483154296875,1,0.030517578125,0xC82711CF,374,2447,294,1.4609375,9.55859375,1.1484375,0,0x14,0,0,0,1,0,1,1,1,0,0,,,,,,,,,,,,,,,,,,,,,,
853,10,FREECAM_3D,28.466666666666665,1312929,40067.413330078125,1727,52.703857421875,18.97394325419803,154,4.69970703125,1573,48.004150390625,0,0.0,0xB2A40B9D,386,2460,304,1.5078125,9.609375,1.1875,0,0x1C,0,0,0,1,1,1,1,1,0,0,,,,,,,,,,,,,,,,,,,,,,
