frame_index,section_id,section_name,simulation_time_seconds,measured_elapsed_ticks,measured_elapsed_ms,total_ticks,total_ms,instantaneous_fps,update_ticks,update_ms,render_ticks,render_ms,swap_ticks,swap_ms,state_hash,position_x_raw,position_y_raw,position_z_raw,position_x,position_y,position_z,room,flags,detailed,excluded_from_clean_stats,crossed_portal,changed,section_end,freecam,move_axis,turn_axis,look_axis,buttons_active,detail_corrected_total_ms,admin_corrected_ms,setup_corrected_ms,root_geometry_corrected_ms,root_fill_corrected_ms,portal_setup_corrected_ms,portal_geometry_corrected_ms,portal_fill_corrected_ms,wait_corrected_ms,present_corrected_ms,overlay_corrected_ms,transformed_vertices,projected_points,rasterized_polygons,raster_rows,filled_spans,filled_pixels,portal_composite_pixels,portal_clip_pixels,full_portal_views,lod_portal_views,edge_division_fallbacks
0,1,OPEN_YAW,0.03333333333333333,2369,72.296142578125,2369,72.296142578125,13.831996623047699,293,8.941650390625,2075,63.323974609375,1,0.030517578125,0x5E9768D3,0,512,384,0.0,2.0,1.5,0,0x04,0,0,0,1,0,0,0,1,0,0,,,,,,,,,,,,,,,,,,,,,,
1,1,OPEN_YAW,0.06666666666666667,4760,145.263671875,2391,72.967529296875,13.704726056043496,292,8.9111328125,2099,64.056396484375,0,0.0,0x8B3821D2,0,512,384,0.0,2.0,1.5,0,0x06,1,1,0,1,0,0,0,1,0,0,63.995361328125,0.030517578125,0.18310546875,18.98193359375,6.134033203125,1.190185546875,21.97265625,1.861572265625,0.0,13.0615234375,0.579833984375,0,0,0,0,0,0,0,0,0,0,0
2,1,OPEN_YAW,0.1,7013,214.019775390625,2253,68.756103515625,14.54416333777186,293,8.941650390625,1959,59.783935546875,1,0.030517578125,0x58A773FF,0,512,384,0.0,2.0,1.5,0,0x04,0,0,0,1,0,0,0,1,0,0,,,,,,,,,,,,,,,,,,,,,,
3,1,OPEN_YAW,0.13333333333333333,9280,283.203125,2267,69.183349609375,14.454344949272166,293,8.941650390625,1974,60.24169921875,0,0.0,0xAED9429C,0,512,384,0.0,2.0,1.5,0,0x04,0,0,0,1,0,0,0,1,0,0,,,,,,,,,,,,,,,,,,,,,,
4,1,OPEN_YAW,0.16666666666666666,11595,353.851318359375,2315,70.648193359375,14.154643628509719,293,8.941650390625,2022,61.70654296875,0,0.0,0x45E0B719,0,512,384,0.0,2.0,1.5,0,0x04,0,0,0,1,0,0,0,1,0,0,,,,,,,,,,,,,,,,,,,,,,
5,1,OPEN_YAW,0.2,13920,424.8046875,2325,70.953369140625,14.093763440860215,293,8.941650390625,2031,61.981201171875,1,0.030517578125,0x1A9A2DD0,0,512,384,0.0,2.0,1.5,0,0x04,0,0,0,1,0,0,0,1,0,0,,,,,,,,,,,,,,,,,,,,,,
6,1,OPEN_YAW,0.23333333333333334,16261,496.246337890625,2341,71.441650390625,13.997436992738146,293,8.941650390625,2048,62.5,0,0.0,0xF0C60EB7,0,512,384,0.0,2.0,1.5,0,0x04,0,0,0,1,0,0,0,1,0,0,,,,,,,,,,,,,,,,,,,,,,
7,1,OPEN_YAW,0.26666666666666666,18596,567.5048828125,2335,71.258544921875,14.03340471092077,293,8.941650390625,2042,62.31689453125,0,0.0,0xD27F4708,0,512,384,0.0,2.0,1.5,0,0x04,0,0,0,1,0,0,0,1,0,0,,,,,,,,,,,,,,,,,,,,,,
8,1,OPEN_YAW,0.3,20928,638.671875,2332,71.1669921875,14.051457975986278,293,8.941650390625,2039,62.225341796875,0,0.0,0x94A84683,0,512,384,0.0,2.0,1.5,0,0x04,0,0,0,1,0,0,0,1,0,0,,,,,,,,,,,,,,,,,,,,,,
9,1,OPEN_YAW,0.3333333333333333,23231,708.953857421875,2303,70.281982421875,14.228397742075554,293,8.941650390625,2009,61.309814453125,1,0.030517578125,0x1F45C49E,0,512,384,0.0,2.0,1.5,0,0x04,0,0,0,1,0,0,0,1,0,0,,,,,,,,,,,,,,,,,,,,,,
10,1,OPEN_YAW,0.36666666666666664,25513,778.594970703125,2282,69.64111328125,14.359333917616127,293,8.941650390625,1988,60.6689453125,1,0.030517578125,0x6E85EBC5,0,512,384,0.0,2.0,1.5,0,0x04,0,0,0,1,0,0,0,1,0,0,,,,,,,,,,,,,,,,,,,,,,
11,1,OPEN_YAW,0.4,26883,820.404052734375,1370,41.80908203125,23.91824817518248,293,8.941650390625,1076,32.8369140625,1,0.030517578125,0x70470C18,0,512,384,0.0,2.0,1.5,0,0x04,0,0,0,1,0,0,0,1,0,0,,,,,,,,,,,,,,,,,,,,,,
12,1,OPEN_YAW,0.43333333333333335,28251,862.152099609375,1368,41.748046875,23.953216374269005,293,8.941650390625,1074,32.77587890625,1,0.030517578125,0xE47DEAEF,0,512,384,0.0,2.0,1.5,0,0x04,0,0,0,1,0,0,0,1,0,0,,,,,,,,,,,,,,,,,,,,,,
13,1,OPEN_YAW,0.4666666666666667,29616,903.80859375,1365,41.656494140625,24.005860805860806,292,8.9111328125,1073,32.745361328125,0,0.0,0x44510D1A,0,512,384,0.0,2.0,1.5,0,0x04,0,0,0,1,0,0,0,1,0,0,,,,,,,,,,,,,,,,,,,,,,
14,1,OPEN_YAW,0.5,30960,944.82421875,1344,41.015625,24.38095238095238,293,8.941650390625,1051,32.073974609375,0,0.0,0x57F83B3D,0,512,384,0.0,2.0,1.5,0,0x04,0,0,0,1,0,0,0,1,0,0,,,,,,,,,,,,,,,,,,,,,,
15,1,OPEN_YAW,0.5333333333333333,32123,980.316162109375,1163,35.491943359375,28.175408426483234,293,8.941650390625,870,26.55029296875,0,0.0,0xFC68B016,0,512,384,0.0,2.0,1.5,0,0x04,0,0,0,1,0,0,0,1,0,0,,,,,,,,,,,,,,,,,,,,,,
16,1,OPEN_YAW,0.5666666666666667,33274,1015.44189453125,1151,35.125732421875,28.46915725456125,293,8.941650390625,857,26.153564453125,1,0.030517578125,0xA5F2BEEB,0,512,384,0.0,2.0,1.5,0,0x04,0,0,0,1,0,0,0,1,0,0,,,,,,,,,,,,,,,,,,,,,,
17,1,OPEN_YAW,0.6,34401,1049.835205078125,1127,34.393310546875,29.075421472937002,293,8.941650390625,833,25.421142578125,1,0.030517578125,0xC813CCF6,0,512,384,0.0,2.0,1.5,0,0x04,0,0,0,1,0,0,0,1,0,0,,,,,,,,,,,,,,,,,,,,,,
18,1,OPEN_YAW,0.6333333333333333,35666,1088.43994140625,1265,38.604736328125,25.903557312252964,292,8.9111328125,973,29.693603515625,0,0.0,0xFA8FA93F,0,512,384,0.0,2.0,1.5,0,0x04,0,0,0,1,0,0,0,1,0,0,,,,,,,,,,,,,,,,,,,,,,
19,1,OPEN_YAW,0.6666666666666666,36929,1126.983642578125,1263,38.543701171875,25.944576405384005,293,8.941650390625,969,29.571533203125,1,0.030517578125,0xFC0E3B5E,0,512,384,0.0,2.0,1.5,0,0x04,0,0,0,1,0,0,0,1,0,0,,,,,,,,,,,,,,,,,,,,,,
20,1,OPEN_YAW,0.7,38188,1165.4052734375,1259,38.421630859375,26.027005559968227,293,8.941650390625,966,29.47998046875,0,0.0,0xAC3150F9,0,512,384,0.0,2.0,1.5,0,0x04,0,0,0,1,0,0,0,1,0,0,,,,,,,,,,,,,,,,,,,,,,
21,1,OPEN_YAW,0.7333333333333333,39450,1203.91845703125,1262,38.51318359375,25.96513470681458,293,8.941650390625,969,29.571533203125,0,0.0,0xCB25181A,0,512,384,0.0,2.0,1.5,0,0x04,0,0,0,1,0,0,0,1,0,0,,,,,,,,,,,,,,,,,,,,,,
22,1,OPEN_YAW,0.7666666666666667,40721,1242.706298828125,1271,38.787841796875,25.781274586939418,293,8.941650390625,977,29.815673828125,1,0.030517578125,0x48C590F3,0,512,384,0.0,2.0,1.5,0,0x04,0,0,0,1,0,0,0,1,0,0,,,,,,,,,,,,,,,,,,,,,,
23,1,OPEN_YAW,0.8,41993,1281.524658203125,1272,38.818359375,25.761006289308177,293,8.941650390625,979,29.876708984375,0,0.0,0xF1FADB42,0,512,384,0.0,2.0,1.5,0,0x04,0,0,0,1,0,0,0,1,0,0,,,,,,,,,,,,,,,,,,,,,,
24,1,OPEN_YAW,0.8333333333333334,43268,1320.4345703125,1275,38.909912109375,25.700392156862744,293,8.941650390625,981,29.937744140625,1,0.030517578125,0x09DBF567,0,512,384,0.0,2.0,1.5,0,0x04,0,0,0,1,0,0,0,1,0,0,,,,,,,,,,,,,,,,,,,,,,
25,1,OPEN_YAW,0.8666666666666667,44544,1359.375,1276,38.9404296875,25.68025078369906,293,8.941650390625,982,29.96826171875,1,0.030517578125,0x727A5D9C,0,512,384,0.0,2.0,1.5,0,0x04,0,0,0,1,0,0,0,1,0,0,,,,,,,,,,,,,,,,,,,,,,
26,1,OPEN_YAW,0.9,45820,1398.3154296875,1276,38.9404296875,25.68025078369906,293,8.941650390625,983,29.998779296875,0,0.0,0x6BDB5333,0,512,384,0.0,2.0,1.5,0,0x04,0,0,0,1,0,0,0,1,0,0,,,,,,,,,,,,,,,,,,,,,,
27,1,OPEN_YAW,0.9333333333333333,47083,1436.859130859375,1263,38.543701171875,25.944576405384005,293,8.941650390625,970,29.60205078125,0,0.0,0x5AD6DB54,0,512,384,0.0,2.0,1.5,0,0x04,0,0,0,1,0,0,0,1,0,0,,,,,,,,,,,,,,,,,,,,,,
28,1,OPEN_YAW,0.9666666666666667,48347,1475.433349609375,1264,38.57421875,25.924050632911392,293,8.941650390625,970,29.60205078125,1,0.030517578125,0xE5D4D0F1,0,512,384,0.0,2.0,1.5,0,0x04,0,0,0,1,0,0,0,1,0,0,,,,,,,,,,,,,,,,,,,,,,
29,1,OPEN_YAW,1.0,49609,1513.946533203125,1262,38.51318359375,25.96513470681458,293,8.941650390625,969,29.571533203125,0,0.0,0x160A0806,0,512,384,0.0,2.0,1.5,0,0x04,0,0,0,1,0,0,0,1,0,0,,,,,,,,,,,,,,,,,,,,,,
30,1,OPEN_YAW,1.0333333333333334,50732,1548.2177734375,1123,34.271240234375,29.178984861976847,156,4.7607421875,967,29.510498046875,0,0.0,0x779CD11B,0,512,384,0.0,2.0,1.5,0,0x04,0,0,0,1,0,0,0,1,0,0,,,,,,,,,,,,,,,,,,,,,,
31,1,OPEN_YAW,1.0666666666666667,51854,1582.45849609375,1122,34.24072265625,29.204991087344027,156,4.7607421875,966,29.47998046875,0,0.0,0xFB682E46,0,512,384,0.0,2.0,1.5,0,0x04,0,0,0,1,0,0,0,1,0,0,,,,,,,,,,,,,,,,,,,,,,
32,1,OPEN_YAW,1.1,52976,1616.69921875,1122,34.24072265625,29.204991087344027,156,4.7607421875,966,29.47998046875,0,0.0,0xAB4F68AF,0,512,384,0.0,2.0,1.5,0,0x04,0,0,0,1,0,0,0,1,0,0,,,,,,,,,,,,,,,,,,,,,,
33,1,OPEN_YAW,1.1333333333333333,54096,1650.87890625,1120,34.1796875,29.257142857142856,156,4.7607421875,964,29.4189453125,0,0.0,0x0191D5F6,0,512,384,0.0,2.0,1.5,0,0x04,0,0,0,1,0,0,0,1,0,0,,,,,,,,,,,,,,,,,,,,,,
34,1,OPEN_YAW,1.1666666666666667,55214,1684.99755859375,1118,34.11865234375,29.30948121645796,156,4.7607421875,962,29.35791015625,0,0.0,0x47E40981,0,512,384,0.0,2.0,1.5,0,0x04,0,0,0,1,0,0,0,1,0,0,,,,,,,,,,,,,,,,,,,,,,
35,1,OPEN_YAW,1.2,56330,1719.05517578125,1116,34.0576171875,29.36200716845878,156,4.7607421875,960,29.296875,0,0.0,0x58D899FA,0,512,384,0.0,2.0,1.5,0,0x04,0,0,0,1,0,0,0,1,0,0,,,,,,,,,,,,,,,,,,,,,,
36,1,OPEN_YAW,1.2333333333333334,57310,1748.96240234375,980,29.9072265625,33.436734693877554,156,4.7607421875,824,25.146484375,0,0.0,0x82178F31,0,512,384,0.0,2.0,1.5,0,0x04,0,0,0,1,0,0,0,1,0,0,,,,,,,,,,,,,,,,,,,,,,
37,1,OPEN_YAW,1.2666666666666666,58284,1778.6865234375,974,29.72412109375,33.64271047227926,156,4.7607421875,818,24.96337890625,0,0.0,0x47A89276,0,512,384,0.0,2.0,1.5,0,0x04,0,0,0,1,0,0,0,1,0,0,,,,,,,,,,,,,,,,,,,,,,
38,1,OPEN_YAW,1.3,59248,1808.10546875,964,29.4189453125,33.99170124481328,156,4.7607421875,808,24.658203125,0,0.0,0x9B4B1FEF,0,512,384,0.0,2.0,1.5,0,0x04,0,0,0,1,0,0,0,1,0,0,,,,,,,,,,,,,,,,,,,,,,
39,1,OPEN_YAW,1.3333333333333333,60209,1837.432861328125,961,29.327392578125,34.09781477627472,156,4.7607421875,805,24.566650390625,0,0.0,0x2EA80794,0,512,384,0.0,2.0,1.5,0,0x04,0,0,0,1,0,0,0,1,0,0,,,,,,,,,,,,,,,,,,,,,,
40,1,OPEN_YAW,1.3666666666666667,61151,1866.180419921875,942,28.74755859375,34.78556263269639,156,4.7607421875,785,23.956298828125,1,0.030517578125,0x9320BBD7,0,512,384,0.0,2.0,1.5,0,0x04,0,0,0,1,0,0,0,1,0,0,,,,,,,,,,,,,,,,,,,,,,
41,1,OPEN_YAW,1.4,62092,1894.8974609375,941,28.717041015625,34.82252922422954,155,4.730224609375,785,23.956298828125,1,0.030517578125,0xF1D64FEB,0,512,384,0.0,2.0,1.5,0,0x04,0,0,0,1,0,0,0,1,0,0,,,,,,,,,,,,,,,,,,,,,,
42,1,OPEN_YAW,1.4333333333333333,63032,1923.583984375,940,28.6865234375,34.85957446808511,155,4.730224609375,785,23.956298828125,0,0.0,0x313FD664,0,512,384,0.0,2.0,1.5,0,0x04,0,0,0,1,0,0,0,1,0,0,,,,,,,,,,,,,,,,,,,,,,
43,1,OPEN_YAW,1.4666666666666666,63974,1952.33154296875,942,28.74755859375,34.78556263269639,156,4.7607421875,785,23.956298828125,1,0.030517578125,0xD37C3B3A,0,512,384,0.0,2.0,1.5,0,0x04,0,0,0,1,0,0,0,1,0,0,,,,,,,,,,,,,,,,,,,,,,
44,1,OPEN_YAW,1.5,64916,1981.0791015625,942,28.74755859375,34.78556263269639,156,4.7607421875,786,23.98681640625,0,0.0,0xC85E6E2D,0,512,384,0.0,2.0,1.5,0,0x04,0,0,0,1,0,0,0,1,0,0,,,,,,,,,,,,,,,,,,,,,,
45,1,OPEN_YAW,1.5333333333333334,65878,2010.43701171875,962,29.35791015625,34.062370062370064,156,4.7607421875,806,24.59716796875,0,0.0,0x241E983A,0,512,384,0.0,2.0,1.5,0,0x04,0,0,0,1,0,0,0,1,0,0,,,,,,,,,,,,,,,,,,,,,,
46,1,OPEN_YAW,1.5666666666666667,66851,2040.130615234375,973,29.693603515625,33.677286742034944,156,4.7607421875,817,24.932861328125,0,0.0,0x26D8A8C7,0,512,384,0.0,2.0,1.5,0,0x04,0,0,0,1,0,0,0,1,0,0,,,,,,,,,,,,,,,,,,,,,,
47,1,OPEN_YAW,1.6,67829,2069.976806640625,978,29.84619140625,33.50511247443763,156,4.7607421875,821,25.054931640625,1,0.030517578125,0x57BE9584,0,512,384,0.0,2.0,1.5,0,0x04,0,0,0,1,0,0,0,1,0,0,,,,,,,,,,,,,,,,,,,,,,
48,1,OPEN_YAW,1.6333333333333333,68943,2103.973388671875,1114,33.99658203125,29.414721723518852,156,4.7607421875,957,29.205322265625,1,0.030517578125,0x8ED5AA07,0,512,384,0.0,2.0,1.5,0,0x04,0,0,0,1,0,0,0,1,0,0,,,,,,,,,,,,,,,,,,,,,,
49,1,OPEN_YAW,1.6666666666666667,70058,2138.00048828125,1115,34.027099609375,29.388340807174888,155,4.730224609375,960,29.296875,0,0.0,0x4BBB54B2,0,512,384,0.0,2.0,1.5,0,0x04,0,0,0,1,0,0,0,1,0,0,,,,,,,,,,,,,,,,,,,,,,
50,1,OPEN_YAW,1.7,71177,2172.149658203125,1119,34.149169921875,29.283288650580875,156,4.7607421875,963,29.388427734375,0,0.0,0x48512005,0,512,384,0.0,2.0,1.5,0,0x04,0,0,0,1,0,0,0,1,0,0,,,,,,,,,,,,,,,,,,,,,,
51,1,OPEN_YAW,1.7333333333333334,72300,2206.4208984375,1123,34.271240234375,29.178984861976847,156,4.7607421875,966,29.47998046875,1,0.030517578125,0xE2849AE4,0,512,384,0.0,2.0,1.5,0,0x04,0,0,0,1,0,0,0,1,0,0,,,,,,,,,,,,,,,,,,,,,,
52,1,OPEN_YAW,1.7666666666666666,73422,2240.66162109375,1122,34.24072265625,29.204991087344027,155,4.730224609375,967,29.510498046875,0,0.0,0x06B91CB7,0,512,384,0.0,2.0,1.5,0,0x04,0,0,0,1,0,0,0,1,0,0,,,,,,,,,,,,,,,,,,,,,,
53,1,OPEN_YAW,1.8,74546,2274.96337890625,1124,34.3017578125,29.153024911032027,156,4.7607421875,967,29.510498046875,1,0.030517578125,0xEF7CD81A,0,512,384,0.0,2.0,1.5,0,0x04,0,0,0,1,0,0,0,1,0,0,,,,,,,,,,,,,,,,,,,,,,
54,1,OPEN_YAW,1.8333333333333333,75672,2309.326171875,1126,34.36279296875,29.101243339253998,156,4.7607421875,970,29.60205078125,0,0.0,0x50648D73,0,512,384,0.0,2.0,1.5,0,0x04,0,0,0,1,0,0,0,1,0,0,,,,,,,,,,,,,,,,,,,,,,
55,1,OPEN_YAW,1.8666666666666667,76798,2343.68896484375,1126,34.36279296875,29.101243339253998,156,4.7607421875,970,29.60205078125,0,0.0,0xAAF43222,0,512,384,0.0,2.0,1.5,0,0x04,0,0,0,1,0,0,0,1,0,0,,,,,,,,,,,,,,,,,,,,,,
56,1,OPEN_YAW,1.9,77924,2378.0517578125,1126,34.36279296875,29.101243339253998,156,4.7607421875,970,29.60205078125,0,0.0,0x3BD3184F,0,512,384,0.0,2.0,1.5,0,0x04,0,0,0,1,0,0,0,1,0,0,,,,,,,,,,,,,,,,,,,,,,
57,1,OPEN_YAW,1.9333333333333333,79063,2412.811279296875,1139,34.759521484375,28.769095697980685,156,4.7607421875,982,29.96826171875,1,0.030517578125,0x076558F0,0,512,384,0.0,2.0,1.5,0,0x04,0,0,0,1,0,0,0,1,0,0,,,,,,,,,,,,,,,,,,,,,,
58,1,OPEN_YAW,1.9666666666666666,80200,2447.509765625,1137,34.698486328125,28.819700967458225,155,4.730224609375,982,29.96826171875,0,0.0,0x498711DD,0,512,384,0.0,2.0,1.5,0,0x04,0,0,0,1,0,0,0,1,0,0,,,,,,,,,,,,,,,,,,,,,,
59,1,OPEN_YAW,2.0,81338,2482.23876953125,1138,34.72900390625,28.794376098418276,156,4.7607421875,981,29.937744140625,1,0.030517578125,0x46A0A0DE,0,512,384,0.0,2.0,1.5,0,0x04,0,0,0,1,0,0,0,1,0,0,,,,,,,,,,,,,,,,,,,,,,
60,1,OPEN_YAW,2.033333333333333,82473,2516.876220703125,1135,34.637451171875,28.8704845814978,155,4.730224609375,980,29.9072265625,0,0.0,0x9DD3D2F1,0,512,384,0.0,2.0,1.5,0,0x04,0,0,0,1,0,0,0,1,0,0,,,,,,,,,,,,,,,,,,,,,,
61,1,OPEN_YAW,2.066666666666667,83609,2551.544189453125,1136,34.66796875,28.845070422535212,156,4.7607421875,980,29.9072265625,0,0.0,0x7811DB3C,0,512,384,0.0,2.0,1.5,0,0x04,0,0,0,1,0,0,0,1,0,0,,,,,,,,,,,,,,,,,,,,,,
62,1,OPEN_YAW,2.1,84737,2585.968017578125,1128,34.423828125,29.04964539007092,156,4.7607421875,971,29.632568359375,1,0.030517578125,0x84E13E89,0,512,384,0.0,2.0,1.5,0,0x04,0,0,0,1,0,0,0,1,0,0,,,,,,,,,,,,,,,,,,,,,,
63,1,OPEN_YAW,2.1333333333333333,85845,2619.781494140625,1108,33.8134765625,29.574007220216608,155,4.730224609375,953,29.083251953125,0,0.0,0x87201FF4,0,512,384,0.0,2.0,1.5,0,0x04,0,0,0,1,0,0,0,1,0,0,,,,,,,,,,,,,,,,,,,,,,
64,1,OPEN_YAW,2.1666666666666665,86973,2654.205322265625,1128,34.423828125,29.04964539007092,156,4.7607421875,971,29.632568359375,1,0.030517578125,0x84E13E89,0,512,384,0.0,2.0,1.5,0,0x04,0,0,0,1,0,0,0,-1,0,0,,,,,,,,,,,,,,,,,,,,,,
65,1,OPEN_YAW,2.2,88110,2688.90380859375,1137,34.698486328125,28.819700967458225,155,4.730224609375,981,29.937744140625,1,0.030517578125,0x7811DB3C,0,512,384,0.0,2.0,1.5,0,0x04,0,0,0,1,0,0,0,-1,0,0,,,,,,,,,,,,,,,,,,,,,,
66,1,OPEN_YAW,2.2333333333333334,89245,2723.541259765625,1135,34.637451171875,28.8704845814978,155,4.730224609375,980,29.9072265625,0,0.0,0x9DD3D2F1,0,512,384,0.0,2.0,1.5,0,0x04,0,0,0,1,0,0,0,-1,0,0,,,,,,,,,,,,,,,,,,,,,,
67,1,OPEN_YAW,2.2666666666666666,90383,2758.270263671875,1138,34.72900390625,28.794376098418276,156,4.7607421875,981,29.937744140625,1,0.030517578125,0x46A0A0DE,0,512,384,0.0,2.0,1.5,0,0x04,0,0,0,1,0,0,0,-1,0,0,,,,,,,,,,,,,,,,,,,,,,
68,1,OPEN_YAW,2.3,91520,2792.96875,1137,34.698486328125,28.819700967458225,155,4.730224609375,982,29.96826171875,0,0.0,0x498711DD,0,512,384,0.0,2.0,1.5,0,0x04,0,0,0,1,0,0,0,-1,0,0,,,,,,,,,,,,,,,,,,,,,,
69,1,OPEN_YAW,2.3333333333333335,92659,2827.728271484375,1139,34.759521484375,28.769095697980685,156,4.7607421875,982,29.96826171875,1,0.030517578125,0x076558F0,0,512,384,0.0,2.0,1.5,0,0x04,0,0,0,1,0,0,0,-1,0,0,,,,,,,,,,,,,,,,,,,,,,
70,1,OPEN_YAW,2.3666666666666667,93786,2862.12158203125,1127,34.393310546875,29.075421472937002,156,4.7607421875,970,29.60205078125,1,0.030517578125,0x3BD3184F,0,512,384,0.0,2.0,1.5,0,0x04,0,0,0,1,0,0,0,-1,0,0,,,,,,,,,,,,,,,,,,,,,,
71,1,OPEN_YAW,2.4,94912,2896.484375,1126,34.36279296875,29.101243339253998,156,4.7607421875,970,29.60205078125,0,0.0,0xAAF43222,0,512,384,0.0,2.0,1.5,0,0x04,0,0,0,1,0,0,0,-1,0,0,,,,,,,,,,,,,,,,,,,,,,
72,1,OPEN_YAW,2.433333333333333,96038,2930.84716796875,1126,34.36279296875,29.101243339253998,156,4.7607421875,970,29.60205078125,0,0.0,0x50648D73,0,512,384,0.0,2.0,1.5,0,0x04,0,0,0,1,0,0,0,-1,0,0,,,,,,,,,,,,,,,,,,,,,,
73,1,OPEN_YAW,2.466666666666667,97162,2965.14892578125,1124,34.3017578125,29.153024911032027,156,4.7607421875,967,29.510498046875,1,0.030517578125,0xEF7CD81A,0,512,384,0.0,2.0,1.5,0,0x04,0,0,0,1,0,0,0,-1,0,0,,,,,,,,,,,,,,,,,,,,,,
74,1,OPEN_YAW,2.5,98284,2999.3896484375,1122,34.24072265625,29.204991087344027,156,4.7607421875,966,29.47998046875,0,0.0,0x06B91CB7,0,512,384,0.0,2.0,1.5,0,0x04,0,0,0,1,0,0,0,-1,0,0,,,,,,,,,,,,,,,,,,,,,,
75,1,OPEN_YAW,2.533333333333333,99405,3033.599853515625,1121,34.210205078125,29.231043710972347,156,4.7607421875,965,29.449462890625,0,0.0,0xE2849AE4,0,512,384,0.0,2.0,1.5,0,0x04,0,0,0,1,0,0,0,-1,0,0,,,,,,,,,,,,,,,,,,,,,,
76,1,OPEN_YAW,2.566666666666667,100525,3067.779541015625,1120,34.1796875,29.257142857142856,155,4.730224609375,964,29.4189453125,1,0.030517578125,0x48512005,0,512,384,0.0,2.0,1.5,0,0x04,0,0,0,1,0,0,0,-1,0,0,,,,,,,,,,,,,,,,,,,,,,
77,1,OPEN_YAW,2.6,101640,3101.806640625,1115,34.027099609375,29.388340807174888,155,4.730224609375,960,29.296875,0,0.0,0x4BBB54B2,0,512,384,0.0,2.0,1.5,0,0x04,0,0,0,1,0,0,0,-1,0,0,,,,,,,,,,,,,,,,,,,,,,
78,1,OPEN_YAW,2.6333333333333333,102753,3135.772705078125,1113,33.966064453125,29.44115004492363,156,4.7607421875,957,29.205322265625,0,0.0,0x8ED5AA07,0,512,384,0.0,2.0,1.5,0,0x04,0,0,0,1,0,0,0,-1,0,0,,,,,,,,,,,,,,,,,,,,,,
79,1,OPEN_YAW,2.6666666666666665,103731,3165.618896484375,978,29.84619140625,33.50511247443763,156,4.7607421875,821,25.054931640625,1,0.030517578125,0x57BE9584,0,512,384,0.0,2.0,1.5,0,0x04,0,0,0,1,0,0,0,-1,0,0,,,,,,,,,,,,,,,,,,,,,,
80,1,OPEN_YAW,2.7,104704,3195.3125,973,29.693603515625,33.677286742034944,155,4.730224609375,817,24.932861328125,1,0.030517578125,0x26D8A8C7,0,512,384,0.0,2.0,1.5,0,0x04,0,0,0,1,0,0,0,-1,0,0,,,,,,,,,,,,,,,,,,,,,,
81,1,OPEN_YAW,2.7333333333333334,105667,3224.700927734375,963,29.388427734375,34.0269989615784,155,4.730224609375,807,24.627685546875,1,0.030517578125,0x241E983A,0,512,384,0.0,2.0,1.5,0,0x04,0,0,0,1,0,0,0,-1,0,0,,,,,,,,,,,,,,,,,,,,,,
82,1,OPEN_YAW,2.7666666666666666,106610,3253.47900390625,943,28.778076171875,34.748674443266175,156,4.7607421875,787,24.017333984375,0,0.0,0xC85E6E2D,0,512,384,0.0,2.0,1.5,0,0x04,0,0,0,1,0,0,0,-1,0,0,,,,,,,,,,,,,,,,,,,,,,
83,1,OPEN_YAW,2.8,107551,3282.196044921875,941,28.717041015625,34.82252922422954,156,4.7607421875,785,23.956298828125,0,0.0,0xD37C3B3A,0,512,384,0.0,2.0,1.5,0,0x04,0,0,0,1,0,0,0,-1,0,0,,,,,,,,,,,,,,,,,,,,,,
84,1,OPEN_YAW,2.8333333333333335,108491,3310.882568359375,940,28.6865234375,34.85957446808511,156,4.7607421875,784,23.92578125,0,0.0,0x313FD664,0,512,384,0.0,2.0,1.5,0,0x04,0,0,0,1,0,0,0,-1,0,0,,,,,,,,,,,,,,,,,,,,,,
85,1,OPEN_YAW,2.8666666666666667,109431,3339.569091796875,940,28.6865234375,34.85957446808511,156,4.7607421875,784,23.92578125,0,0.0,0xF1D64FEB,0,512,384,0.0,2.0,1.5,0,0x04,0,0,0,1,0,0,0,-1,0,0,,,,,,,,,,,,,,,,,,,,,,
86,1,OPEN_YAW,2.9,110373,3368.316650390625,942,28.74755859375,34.78556263269639,156,4.7607421875,785,23.956298828125,1,0.030517578125,0x9320BBD7,0,512,384,0.0,2.0,1.5,0,0x04,0,0,0,1,0,0,0,-1,0,0,,,,,,,,,,,,,,,,,,,,,,
87,1,OPEN_YAW,2.933333333333333,111335,3397.674560546875,962,29.35791015625,34.062370062370064,156,4.7607421875,805,24.566650390625,1,0.030517578125,0x2EA80794,0,512,384,0.0,2.0,1.5,0,0x04,0,0,0,1,0,0,0,-1,0,0,,,,,,,,,,,,,,,,,,,,,,
88,1,OPEN_YAW,2.966666666666667,112300,3427.1240234375,965,29.449462890625,33.95647668393782,156,4.7607421875,809,24.688720703125,0,0.0,0x9B4B1FEF,0,512,384,0.0,2.0,1.5,0,0x04,0,0,0,1,0,0,0,-1,0,0,,,,,,,,,,,,,,,,,,,,,,
89,1,OPEN_YAW,3.0,113275,3456.878662109375,975,29.754638671875,33.60820512820513,156,4.7607421875,818,24.96337890625,1,0.030517578125,0x47A89276,0,512,384,0.0,2.0,1.5,0,0x04,0,0,0,1,0,0,0,-1,0,0,,,,,,,,,,,,,,,,,,,,,,
90,1,OPEN_YAW,3.033333333333333,114256,3486.81640625,981,29.937744140625,33.4026503567788,156,4.7607421875,824,25.146484375,1,0.030517578125,0x82178F31,0,512,384,0.0,2.0,1.5,0,0x04,0,0,0,1,0,0,0,-1,0,0,,,,,,,,,,,,,,,,,,,,,,
91,1,OPEN_YAW,3.066666666666667,115373,3520.904541015625,1117,34.088134765625,29.335720680393912,156,4.7607421875,960,29.296875,1,0.030517578125,0x58D899FA,0,512,384,0.0,2.0,1.5,0,0x04,0,0,0,1,0,0,0,-1,0,0,,,,,,,,,,,,,,,,,,,,,,
92,1,OPEN_YAW,3.1,116492,3555.0537109375,1119,34.149169921875,29.283288650580875,155,4.730224609375,963,29.388427734375,1,0.030517578125,0x47E40981,0,512,384,0.0,2.0,1.5,0,0x04,0,0,0,1,0,0,0,-1,0,0,,,,,,,,,,,,,,,,,,,,,,
93,1,OPEN_YAW,3.1333333333333333,117612,3589.2333984375,1120,34.1796875,29.257142857142856,156,4.7607421875,964,29.4189453125,0,0.0,0x0191D5F6,0,512,384,0.0,2.0,1.5,0,0x04,0,0,0,1,0,0,0,-1,0,0,,,,,,,,,,,,,,,,,,,,,,
94,1,OPEN_YAW,3.1666666666666665,118735,3623.504638671875,1123,34.271240234375,29.178984861976847,156,4.7607421875,966,29.47998046875,1,0.030517578125,0xAB4F68AF,0,512,384,0.0,2.0,1.5,0,0x04,0,0,0,1,0,0,0,-1,0,0,,,,,,,,,,,,,,,,,,,,,,
95,1,OPEN_YAW,3.2,119858,3657.77587890625,1123,34.271240234375,29.178984861976847,156,4.7607421875,966,29.47998046875,1,0.030517578125,0xFB682E46,0,512,384,0.0,2.0,1.5,0,0x04,0,0,0,1,0,0,0,-1,0,0,,,,,,,,,,,,,,,,,,,,,,
96,1,OPEN_YAW,3.2333333333333334,120982,3692.07763671875,1124,34.3017578125,29.153024911032027,156,4.7607421875,967,29.510498046875,1,0.030517578125,0x779CD11B,0,512,384,0.0,2.0,1.5,0,0x04,0,0,0,1,0,0,0,-1,0,0,,,,,,,,,,,,,,,,,,,,,,
97,1,OPEN_YAW,3.2666666666666666,122108,3726.4404296875,1126,34.36279296875,29.101243339253998,156,4.7607421875,970,29.60205078125,0,0.0,0x160A0806,0,512,384,0.0,2.0,1.5,0,0x04,0,0,0,1,0,0,0,-1,0,0,,,,,,,,,,,,,,,,,,,,,,
98,1,OPEN_YAW,3.3,123234,3760.80322265625,1126,34.36279296875,29.101243339253998,156,4.7607421875,970,29.60205078125,0,0.0,0xE5D4D0F1,0,512,384,0.0,2.0,1.5,0,0x04,0,0,0,1,0,0,0,-1,0,0,,,,,,,,,,,,,,,,,,,,,,
99,1,OPEN_YAW,3.3333333333333335,124359,3795.135498046875,1125,34.332275390625,29.127111111111113,156,4.7607421875,969,29.571533203125,0,0.0,0x5AD6DB54,0,512,384,0.0,2.0,1.5,0,0x04,0,0,0,1,0,0,0,-1,0,0,,,,,,,,,,,,,,,,,,,,,,
100,1,OPEN_YAW,3.3666666666666667,125498,3829.89501953125,1139,34.759521484375,28.769095697980685,156,4.7607421875,982,29.96826171875,1,0.030517578125,0x6BDB5333,0,512,384,0.0,2.0,1.5,0,0x04,0,0,0,1,0,0,0,-1,0,0,,,,,,,,,,,,,,,,,,,,,,
101,1,OPEN_YAW,3.4,126638,3864.68505859375,1140,34.7900390625,28.743859649122808,156,4.7607421875,983,29.998779296875,1,0.030517578125,0x727A5D9C,0,512,384,0.0,2.0,1.5,0,0x04,0,0,0,1,0,0,0,-1,0,0,,,,,,,,,,,,,,,,,,,,,,
102,1,OPEN_YAW,3.433333333333333,127775,3899.383544921875,1137,34.698486328125,28.819700967458225,156,4.7607421875,981,29.937744140625,0,0.0,0x09DBF567,0,512,384,0.0,2.0,1.5,0,0x04,0,0,0,1,0,0,0,-1,0,0,,,,,,,,,,,,,,,,,,,,,,
103,1,OPEN_YAW,3.466666666666667,128910,3934.02099609375,1135,34.637451171875,28.8704845814978,156,4.7607421875,978,29.84619140625,1,0.030517578125,0xF1FADB42,0,512,384,0.0,2.0,1.5,0,0x04,0,0,0,1,0,0,0,-1,0,0,,,,,,,,,,,,,,,,,,,,,,
104,1,OPEN_YAW,3.5,130042,3968.56689453125,1132,34.5458984375,28.946996466431095,155,4.730224609375,977,29.815673828125,0,0.0,0x48C590F3,0,512,384,0.0,2.0,1.5,0,0x04,0,0,0,1,0,0,0,-1,0,0,,,,,,,,,,,,,,,,,,,,,,
105,1,OPEN_YAW,3.533333333333333,131168,4002.9296875,1126,34.36279296875,29.101243339253998,156,4.7607421875,969,29.571533203125,1,0.030517578125,0xCB25181A,0,512,384,0.0,2.0,1.5,0,0x04,0,0,0,1,0,0,0,-1,0,0,,,,,,,,,,,,,,,,,,,,,,
106,1,OPEN_YAW,3.566666666666667,132290,4037.17041015625,1122,34.24072265625,29.204991087344027,156,4.7607421875,966,29.47998046875,0,0.0,0xAC3150F9,0,512,384,0.0,2.0,1.5,0,0x04,0,0,0,1,0,0,0,-1,0,0,,,,,,,,,,,,,,,,,,,,,,
107,1,OPEN_YAW,3.6,133416,4071.533203125,1126,34.36279296875,29.101243339253998,156,4.7607421875,969,29.571533203125,1,0.030517578125,0xFC0E3B5E,0,512,384,0.0,2.0,1.5,0,0x04,0,0,0,1,0,0,0,-1,0,0,,,,,,,,,,,,,,,,,,,,,,
108,1,OPEN_YAW,3.6333333333333333,134544,4105.95703125,1128,34.423828125,29.04964539007092,156,4.7607421875,972,29.6630859375,0,0.0,0xFA8FA93F,0,512,384,0.0,2.0,1.5,0,0x04,0,0,0,1,0,0,0,-1,0,0,,,,,,,,,,,,,,,,,,,,,,
109,1,OPEN_YAW,3.6666666666666665,135532,4136.1083984375,988,30.1513671875,33.16599190283401,156,4.7607421875,832,25.390625,0,0.0,0xC813CCF6,0,512,384,0.0,2.0,1.5,0,0x04,0,0,0,1,0,0,0,-1,0,0,,,,,,,,,,,,,,,,,,,,,,
110,1,OPEN_YAW,3.7,136546,4167.05322265625,1014,30.94482421875,32.315581854043394,156,4.7607421875,857,26.153564453125,1,0.030517578125,0xA5F2BEEB,0,512,384,0.0,2.0,1.5,0,0x04,0,0,0,1,0,0,0,-1,0,0,,,,,,,,,,,,,,,,,,,,,,
111,1,OPEN_YAW,3.7333333333333334,137572,4198.3642578125,1026,31.31103515625,31.937621832358673,156,4.7607421875,870,26.55029296875,0,0.0,0xFC68B016,0,512,384,0.0,2.0,1.5,0,0x04,0,0,0,1,0,0,0,-1,0,0,,,,,,,,,,,,,,,,,,,,,,
112,1,OPEN_YAW,3.7666666666666666,138780,4235.2294921875,1208,36.865234375,27.125827814569536,156,4.7607421875,1051,32.073974609375,1,0.030517578125,0x57F83B3D,0,512,384,0.0,2.0,1.5,0,0x04,0,0,0,1,0,0,0,-1,0,0,,,,,,,,,,,,,,,,,,,,,,
113,1,OPEN_YAW,3.8,140010,4272.76611328125,1230,37.53662109375,26.640650406504065,156,4.7607421875,1073,32.745361328125,1,0.030517578125,0x44510D1A,0,512,384,0.0,2.0,1.5,0,0x04,0,0,0,1,0,0,0,-1,0,0,,,,,,,,,,,,,,,,,,,,,,
114,1,OPEN_YAW,3.8333333333333335,141241,4310.333251953125,1231,37.567138671875,26.61900893582453,156,4.7607421875,1074,32.77587890625,1,0.030517578125,0xE47DEAEF,0,512,384,0.0,2.0,1.5,0,0x04,0,0,0,1,0,0,0,-1,0,0,,,,,,,,,,,,,,,,,,,,,,
115,1,OPEN_YAW,3.8666666666666667,142474,4347.96142578125,1233,37.628173828125,26.575831305758314,156,4.7607421875,1077,32.867431640625,0,0.0,0x70470C18,0,512,384,0.0,2.0,1.5,0,0x04,0,0,0,1,0,0,0,-1,0,0,,,,,,,,,,,,,,,,,,,,,,
116,1,OPEN_YAW,3.9,144618,4413.39111328125,2144,65.4296875,15.283582089552239,156,4.7607421875,1988,60.6689453125,0,0.0,0x6E85EBC5,0,512,384,0.0,2.0,1.5,0,0x04,0,0,0,1,0,0,0,-1,0,0,,,,,,,,,,,,,,,,,,,,,,
117,1,OPEN_YAW,3.933333333333333,146784,4479.4921875,2166,66.10107421875,15.128347183748845,156,4.7607421875,2009,61.309814453125,1,0.030517578125,0x1F45C49E,0,512,384,0.0,2.0,1.5,0,0x04,0,0,0,1,0,0,0,-1,0,0,,,,,,,,,,,,,,,,,,,,,,
118,1,OPEN_YAW,3.966666666666667,148948,4545.5322265625,2164,66.0400390625,15.142329020332717,156,4.7607421875,2008,61.279296875,0,0.0,0x94A84683,0,512,384,0.0,2.0,1.5,0,0x04,0,0,0,1,0,0,0,-1,0,0,,,,,,,,,,,,,,,,,,,,,,
119,1,OPEN_YAW,4.0,151147,4612.640380859375,2199,67.108154296875,14.90131878126421,156,4.7607421875,2042,62.31689453125,1,0.030517578125,0xD27F4708,0,512,384,0.0,2.0,1.5,0,0x04,0,0,0,1,0,0,0,-1,0,0,,,,,,,,,,,,,,,,,,,,,,
120,1,OPEN_YAW,4.033333333333333,153351,4679.901123046875,2204,67.2607421875,14.867513611615244,155,4.730224609375,2049,62.530517578125,0,0.0,0xF0C60EB7,0,512,384,0.0,2.0,1.5,0,0x04,0,0,0,1,0,0,0,-1,0,0,,,,,,,,,,,,,,,,,,,,,,
121,1,OPEN_YAW,4.066666666666666,155538,4746.64306640625,2187,66.741943359375,14.983081847279378,156,4.7607421875,2031,61.981201171875,0,0.0,0x1A9A2DD0,0,512,384,0.0,2.0,1.5,0,0x04,0,0,0,1,0,0,0,-1,0,0,,,,,,,,,,,,,,,,,,,,,,
122,1,OPEN_YAW,4.1,157717,4813.140869140625,2179,66.497802734375,15.038090867370354,156,4.7607421875,2022,61.70654296875,1,0.030517578125,0x45E0B719,0,512,384,0.0,2.0,1.5,0,0x04,0,0,0,1,0,0,0,-1,0,0,,,,,,,,,,,,,,,,,,,,,,
123,1,OPEN_YAW,4.133333333333334,159848,4878.173828125,2131,65.032958984375,15.376818395119662,156,4.7607421875,1974,60.24169921875,1,0.030517578125,0xAED9429C,0,512,384,0.0,2.0,1.5,0,0x04,0,0,0,1,0,0,0,-1,0,0,,,,,,,,,,,,,,,,,,,,,,
124,1,OPEN_YAW,4.166666666666667,161965,4942.779541015625,2117,64.605712890625,15.478507321681626,156,4.7607421875,1960,59.814453125,1,0.030517578125,0x58A773FF,0,512,384,0.0,2.0,1.5,0,0x04,0,0,0,1,0,0,0,-1,0,0,,,,,,,,,,,,,,,,,,,,,,
125,1,OPEN_YAW,4.2,164221,5011.627197265625,2256,68.84765625,14.52482269503546,156,4.7607421875,2099,64.056396484375,1,0.030517578125,0x8B3821D2,0,512,384,0.0,2.0,1.5,0,0x04,0,0,0,1,0,0,0,-1,0,0,,,,,,,,,,,,,,,,,,,,,,
126,1,OPEN_YAW,4.233333333333333,166452,5079.7119140625,2231,68.084716796875,14.687584043030032,155,4.730224609375,2076,63.3544921875,0,0.0,0x5E9768D3,0,512,384,0.0,2.0,1.5,0,0x04,0,0,0,1,0,0,0,-1,0,0,,,,,,,,,,,,,,,,,,,,,,
127,1,OPEN_YAW,4.266666666666667,168633,5146.270751953125,2181,66.558837890625,15.024300779458963,156,4.7607421875,2025,61.798095703125,0,0.0,0x9E5629C9,0,512,384,0.0,2.0,1.5,0,0x0C,0,0,0,1,1,0,0,-1,0,0,,,,,,,,,,,,,,,,,,,,,,
128,2,PITCH_SWEEP,4.3,170820,5213.0126953125,2187,66.741943359375,14.983081847279378,157,4.791259765625,2029,61.920166015625,1,0.030517578125,0xEBC50AFB,0,512,384,0.0,2.0,1.5,0,0x04,0,0,0,1,0,0,0,0,1,0,,,,,,,,,,,,,,,,,,,,,,
129,2,PITCH_SWEEP,4.333333333333333,173007,5279.754638671875,2187,66.741943359375,14.983081847279378,156,4.7607421875,2030,61.95068359375,1,0.030517578125,0x99F6DC11,0,512,384,0.0,2.0,1.5,0,0x04,0,0,0,1,0,0,0,0,1,0,,,,,,,,,,,,,,,,,,,,,,
130,2,PITCH_SWEEP,4.366666666666666,175190,5346.37451171875,2183,66.619873046875,15.010535959688502,156,4.7607421875,2027,61.859130859375,0,0.0,0xF5262E21,0,512,384,0.0,2.0,1.5,0,0x04,0,0,0,1,0,0,0,0,1,0,,,,,,,,,,,,,,,,,,,,,,
131,2,PITCH_SWEEP,4.4,177386,5413.39111328125,2196,67.0166015625,14.92167577413479,156,4.7607421875,2039,62.225341796875,1,0.030517578125,0xB89D05A3,0,512,384,0.0,2.0,1.5,0,0x04,0,0,0,1,0,0,0,0,1,0,,,,,,,,,,,,,,,,,,,,,,
132,2,PITCH_SWEEP,4.433333333333334,179584,5480.46875,2198,67.07763671875,14.908098271155596,157,4.791259765625,2041,62.286376953125,0,0.0,0x0366AA7D,0,512,384,0.0,2.0,1.5,0,0x04,0,0,0,1,0,0,0,0,1,0,,,,,,,,,,,,,,,,,,,,,,
133,2,PITCH_SWEEP,4.466666666666667,181785,5547.637939453125,2201,67.169189453125,14.887778282598818,156,4.7607421875,2044,62.3779296875,1,0.030517578125,0xD32DF697,0,512,384,0.0,2.0,1.5,0,0x06,1,1,0,1,0,0,0,0,1,0,62.31689453125,0.030517578125,0.18310546875,18.035888671875,6.103515625,1.190185546875,21.240234375,1.89208984375,0.0,13.0615234375,0.579833984375,0,0,0,0,0,0,0,0,0,0,0
134,2,PITCH_SWEEP,4.5,183965,5614.166259765625,2180,66.5283203125,15.03119266055046,156,4.7607421875,2024,61.767578125,0,0.0,0xFD0ED9B9,0,512,384,0.0,2.0,1.5,0,0x04,0,0,0,1,0,0,0,0,1,0,,,,,,,,,,,,,,,,,,,,,,
135,2,PITCH_SWEEP,4.533333333333333,186141,5680.572509765625,2176,66.40625,15.058823529411764,156,4.7607421875,2020,61.6455078125,0,0.0,0x384A2F1B,0,512,384,0.0,2.0,1.5,0,0x04,0,0,0,1,0,0,0,0,1,0,,,,,,,,,,,,,,,,,,,,,,
136,2,PITCH_SWEEP,4.566666666666666,188300,5746.4599609375,2159,65.887451171875,15.17739694302918,156,4.7607421875,2002,61.09619140625,1,0.030517578125,0x7DFB7EEB,0,512,384,0.0,2.0,1.5,0,0x04,0,0,0,1,0,0,0,0,1,0,,,,,,,,,,,,,,,,,,,,,,
137,2,PITCH_SWEEP,4.6,190411,5810.882568359375,2111,64.422607421875,15.522501184272857,156,4.7607421875,1955,59.661865234375,0,0.0,0x665540F9,0,512,384,0.0,2.0,1.5,0,0x04,0,0,0,1,0,0,0,0,1,0,,,,,,,,,,,,,,,,,,,,,,
138,2,PITCH_SWEEP,4.633333333333334,192505,5874.786376953125,2094,63.90380859375,15.648519579751671,156,4.7607421875,1937,59.112548828125,1,0.030517578125,0x24928A59,0,512,384,0.0,2.0,1.5,0,0x04,0,0,0,1,0,0,0,0,1,0,,,,,,,,,,,,,,,,,,,,,,
139,2,PITCH_SWEEP,4.666666666666667,194607,5938.934326171875,2102,64.14794921875,15.58896289248335,157,4.791259765625,1944,59.326171875,1,0.030517578125,0xE620FE03,0,512,384,0.0,2.0,1.5,0,0x04,0,0,0,1,0,0,0,0,1,0,,,,,,,,,,,,,,,,,,,,,,
140,2,PITCH_SWEEP,4.7,196688,6002.44140625,2081,63.507080078125,15.7462758289284,157,4.791259765625,1924,58.7158203125,0,0.0,0xF31CD78D,0,512,384,0.0,2.0,1.5,0,0x04,0,0,0,1,0,0,0,0,1,0,,,,,,,,,,,,,,,,,,,,,,
141,2,PITCH_SWEEP,4.733333333333333,198713,6064.239501953125,2025,61.798095703125,16.18172839506173,157,4.791259765625,1867,56.976318359375,1,0.030517578125,0xFC73F4CF,0,512,384,0.0,2.0,1.5,0,0x04,0,0,0,1,0,0,0,0,1,0,,,,,,,,,,,,,,,,,,,,,,
142,2,PITCH_SWEEP,4.766666666666667,200712,6125.244140625,1999,61.004638671875,16.392196098049023,156,4.7607421875,1843,56.243896484375,0,0.0,0x31DBE5A1,0,512,384,0.0,2.0,1.5,0,0x04,0,0,0,1,0,0,0,0,1,0,,,,,,,,,,,,,,,,,,,,,,
143,2,PITCH_SWEEP,4.8,202667,6184.906005859375,1955,59.661865234375,16.761125319693093,157,4.791259765625,1798,54.87060546875,0,0.0,0x637D44ED,0,512,384,0.0,2.0,1.5,0,0x04,0,0,0,1,0,0,0,0,1,0,,,,,,,,,,,,,,,,,,,,,,
144,2,PITCH_SWEEP,4.833333333333333,204595,6243.743896484375,1928,58.837890625,16.99585062240664,157,4.791259765625,1771,54.046630859375,0,0.0,0xDF585765,0,512,384,0.0,2.0,1.5,0,0x04,0,0,0,1,0,0,0,0,1,0,,,,,,,,,,,,,,,,,,,,,,
145,2,PITCH_SWEEP,4.866666666666666,205855,6282.196044921875,1260,38.4521484375,26.006349206349206,157,4.791259765625,1103,33.660888671875,0,0.0,0xC6349AE7,0,512,384,0.0,2.0,1.5,0,0x04,0,0,0,1,0,0,0,0,1,0,,,,,,,,,,,,,,,,,,,,,,
146,2,PITCH_SWEEP,4.9,207051,6318.695068359375,1196,36.4990234375,27.39799331103679,156,4.7607421875,1040,31.73828125,0,0.0,0xF7C74FC9,0,512,384,0.0,2.0,1.5,0,0x04,0,0,0,1,0,0,0,0,1,0,,,,,,,,,,,,,,,,,,,,,,
147,2,PITCH_SWEEP,4.933333333333334,208246,6355.16357421875,1195,36.468505859375,27.42092050209205,157,4.791259765625,1038,31.67724609375,0,0.0,0xD205864D,0,512,384,0.0,2.0,1.5,0,0x04,0,0,0,1,0,0,0,0,1,0,,,,,,,,,,,,,,,,,,,,,,
148,2,PITCH_SWEEP,4.966666666666667,209436,6391.4794921875,1190,36.31591796875,27.536134453781514,157,4.791259765625,1032,31.494140625,1,0.030517578125,0x5776983D,0,512,384,0.0,2.0,1.5,0,0x04,0,0,0,1,0,0,0,0,1,0,,,,,,,,,,,,,,,,,,,,,,
149,2,PITCH_SWEEP,5.0,210622,6427.67333984375,1186,36.19384765625,27.62900505902192,157,4.791259765625,1028,31.3720703125,1,0.030517578125,0x3C8645B7,0,512,384,0.0,2.0,1.5,0,0x04,0,0,0,1,0,0,0,0,1,0,,,,,,,,,,,,,,,,,,,,,,
150,2,PITCH_SWEEP,5.033333333333333,211770,6462.70751953125,1148,35.0341796875,28.54355400696864,157,4.791259765625,990,30.21240234375,1,0.030517578125,0xE8184D3B,0,512,384,0.0,2.0,1.5,0,0x04,0,0,0,1,0,0,0,0,1,0,,,,,,,,,,,,,,,,,,,,,,
151,2,PITCH_SWEEP,5.066666666666666,212918,6497.74169921875,1148,35.0341796875,28.54355400696864,157,4.791259765625,990,30.21240234375,1,0.030517578125,0x92BE7535,0,512,384,0.0,2.0,1.5,0,0x04,0,0,0,1,0,0,0,0,1,0,,,,,,,,,,,,,,,,,,,,,,
152,2,PITCH_SWEEP,5.1,214065,6532.745361328125,1147,35.003662109375,28.568439407149086,156,4.7607421875,990,30.21240234375,1,0.030517578125,0xE8184D3B,0,512,384,0.0,2.0,1.5,0,0x04,0,0,0,1,0,0,0,0,-1,0,,,,,,,,,,,,,,,,,,,,,,
153,2,PITCH_SWEEP,5.133333333333334,215250,6568.90869140625,1185,36.163330078125,27.652320675105486,156,4.7607421875,1028,31.3720703125,1,0.030517578125,0x3C8645B7,0,512,384,0.0,2.0,1.5,0,0x04,0,0,0,1,0,0,0,0,-1,0,,,,,,,,,,,,,,,,,,,,,,
154,2,PITCH_SWEEP,5.166666666666667,216438,6605.16357421875,1188,36.2548828125,27.58249158249158,156,4.7607421875,1032,31.494140625,0,0.0,0x5776983D,0,512,384,0.0,2.0,1.5,0,0x04,0,0,0,1,0,0,0,0,-1,0,,,,,,,,,,,,,,,,,,,,,,
155,2,PITCH_SWEEP,5.2,217632,6641.6015625,1194,36.43798828125,27.44388609715243,156,4.7607421875,1038,31.67724609375,0,0.0,0xD205864D,0,512,384,0.0,2.0,1.5,0,0x04,0,0,0,1,0,0,0,0,-1,0,,,,,,,,,,,,,,,,,,,,,,
156,2,PITCH_SWEEP,5.233333333333333,218828,6678.1005859375,1196,36.4990234375,27.39799331103679,156,4.7607421875,1040,31.73828125,0,0.0,0xF7C74FC9,0,512,384,0.0,2.0,1.5,0,0x04,0,0,0,1,0,0,0,0,-1,0,,,,,,,,,,,,,,,,,,,,,,
157,2,PITCH_SWEEP,5.266666666666667,220088,6716.552734375,1260,38.4521484375,26.006349206349206,157,4.791259765625,1103,33.660888671875,0,0.0,0xC6349AE7,0,512,384,0.0,2.0,1.5,0,0x04,0,0,0,1,0,0,0,0,-1,0,,,,,,,,,,,,,,,,,,,,,,
158,2,PITCH_SWEEP,5.3,222015,6775.360107421875,1927,58.807373046875,17.004670472236636,156,4.7607421875,1771,54.046630859375,0,0.0,0xDF585765,0,512,384,0.0,2.0,1.5,0,0x04,0,0,0,1,0,0,0,0,-1,0,,,,,,,,,,,,,,,,,,,,,,
159,2,PITCH_SWEEP,5.333333333333333,223969,6834.991455078125,1954,59.63134765625,16.769703172978506,156,4.7607421875,1798,54.87060546875,0,0.0,0x637D44ED,0,512,384,0.0,2.0,1.5,0,0x04,0,0,0,1,0,0,0,0,-1,0,,,,,,,,,,,,,,,,,,,,,,
160,2,PITCH_SWEEP,5.366666666666666,225969,6896.026611328125,2000,61.03515625,16.384,156,4.7607421875,1843,56.243896484375,1,0.030517578125,0x31DBE5A1,0,512,384,0.0,2.0,1.5,0,0x04,0,0,0,1,0,0,0,0,-1,0,,,,,,,,,,,,,,,,,,,,,,
161,2,PITCH_SWEEP,5.4,227991,6957.733154296875,2022,61.70654296875,16.205736894164193,156,4.7607421875,1866,56.94580078125,0,0.0,0xFC73F4CF,0,512,384,0.0,2.0,1.5,0,0x04,0,0,0,1,0,0,0,0,-1,0,,,,,,,,,,,,,,,,,,,,,,
162,2,PITCH_SWEEP,5.433333333333334,230032,7020.01953125,2041,62.286376953125,16.054875061244488,156,4.7607421875,1884,57.4951171875,1,0.030517578125,0xF31CD78D,0,512,384,0.0,2.0,1.5,0,0x04,0,0,0,1,0,0,0,0,-1,0,,,,,,,,,,,,,,,,,,,,,,
163,2,PITCH_SWEEP,5.466666666666667,232100,7083.1298828125,2068,63.1103515625,15.845261121856867,157,4.791259765625,1911,58.319091796875,0,0.0,0xE620FE03,0,512,384,0.0,2.0,1.5,0,0x04,0,0,0,1,0,0,0,0,-1,0,,,,,,,,,,,,,,,,,,,,,,
164,2,PITCH_SWEEP,5.5,234162,7146.05712890625,2062,62.92724609375,15.891367604267701,157,4.791259765625,1905,58.135986328125,0,0.0,0x24928A59,0,512,384,0.0,2.0,1.5,0,0x04,0,0,0,1,0,0,0,0,-1,0,,,,,,,,,,,,,,,,,,,,,,
165,2,PITCH_SWEEP,5.533333333333333,236274,7210.51025390625,2112,64.453125,15.515151515151516,156,4.7607421875,1956,59.6923828125,0,0.0,0x665540F9,0,512,384,0.0,2.0,1.5,0,0x04,0,0,0,1,0,0,0,0,-1,0,,,,,,,,,,,,,,,,,,,,,,
166,2,PITCH_SWEEP,5.566666666666666,238432,7276.3671875,2158,65.85693359375,15.184430027803522,157,4.791259765625,2001,61.065673828125,0,0.0,0x7DFB7EEB,0,512,384,0.0,2.0,1.5,0,0x04,0,0,0,1,0,0,0,0,-1,0,,,,,,,,,,,,,,,,,,,,,,
167,2,PITCH_SWEEP,5.6,240608,7342.7734375,2176,66.40625,15.058823529411764,156,4.7607421875,2020,61.6455078125,0,0.0,0x384A2F1B,0,512,384,0.0,2.0,1.5,0,0x04,0,0,0,1,0,0,0,0,-1,0,,,,,,,,,,,,,,,,,,,,,,
168,2,PITCH_SWEEP,5.633333333333334,242789,7409.332275390625,2181,66.558837890625,15.024300779458963,156,4.7607421875,2025,61.798095703125,0,0.0,0xFD0ED9B9,0,512,384,0.0,2.0,1.5,0,0x04,0,0,0,1,0,0,0,0,-1,0,,,,,,,,,,,,,,,,,,,,,,
169,2,PITCH_SWEEP,5.666666666666667,244990,7476.50146484375,2201,67.169189453125,14.887778282598818,157,4.791259765625,2043,62.347412109375,1,0.030517578125,0xD32DF697,0,512,384,0.0,2.0,1.5,0,0x04,0,0,0,1,0,0,0,0,-1,0,,,,,,,,,,,,,,,,,,,,,,
170,2,PITCH_SWEEP,5.7,247188,7543.5791015625,2198,67.07763671875,14.908098271155596,156,4.7607421875,2042,62.31689453125,0,0.0,0x0366AA7D,0,512,384,0.0,2.0,1.5,0,0x04,0,0,0,1,0,0,0,0,-1,0,,,,,,,,,,,,,,,,,,,,,,
171,2,PITCH_SWEEP,5.733333333333333,249383,7610.565185546875,2195,66.986083984375,14.928473804100229,157,4.791259765625,2038,62.19482421875,0,0.0,0xB89D05A3,0,512,384,0.0,2.0,1.5,0,0x04,0,0,0,1,0,0,0,0,-1,0,,,,,,,,,,,,,,,,,,,,,,
172,2,PITCH_SWEEP,5.766666666666667,251566,7677.18505859375,2183,66.619873046875,15.010535959688502,156,4.7607421875,2027,61.859130859375,0,0.0,0xF5262E21,0,512,384,0.0,2.0,1.5,0,0x04,0,0,0,1,0,0,0,0,-1,0,,,,,,,,,,,,,,,,,,,,,,
173,2,PITCH_SWEEP,5.8,253752,7743.896484375,2186,66.71142578125,14.989935956084173,156,4.7607421875,2030,61.95068359375,0,0.0,0x99F6DC11,0,512,384,0.0,2.0,1.5,0,0x04,0,0,0,1,0,0,0,0,-1,0,,,,,,,,,,,,,,,,,,,,,,
174,2,PITCH_SWEEP,5.833333333333333,255938,7810.60791015625,2186,66.71142578125,14.989935956084173,156,4.7607421875,2030,61.95068359375,0,0.0,0xEBC50AFB,0,512,384,0.0,2.0,1.5,0,0x04,0,0,0,1,0,0,0,0,-1,0,,,,,,,,,,,,,,,,,,,,,,
175,2,PITCH_SWEEP,5.866666666666666,258122,7877.25830078125,2184,66.650390625,15.003663003663004,157,4.791259765625,2026,61.82861328125,1,0.030517578125,0x9E5629C9,0,512,384,0.0,2.0,1.5,0,0x04,0,0,0,1,0,0,0,0,-1,0,,,,,,,,,,,,,,,,,,,,,,
176,2,PITCH_SWEEP,5.9,260351,7945.281982421875,2229,68.023681640625,14.700762673844773,156,4.7607421875,2073,63.262939453125,0,0.0,0x70322F27,0,512,384,0.0,2.0,1.5,0,0x04,0,0,0,1,0,0,0,0,-1,0,,,,,,,,,,,,,,,,,,,,,,
177,2,PITCH_SWEEP,5.933333333333334,262566,8012.87841796875,2215,67.596435546875,14.793679458239277,156,4.7607421875,2059,62.835693359375,0,0.0,0x390641B9,0,512,384,0.0,2.0,1.5,0,0x04,0,0,0,1,0,0,0,0,-1,0,,,,,,,,,,,,,,,,,,,,,,
178,2,PITCH_SWEEP,5.966666666666667,264756,8079.7119140625,2190,66.83349609375,14.96255707762557,156,4.7607421875,2033,62.042236328125,1,0.030517578125,0xC1D27A09,0,512,384,0.0,2.0,1.5,0,0x04,0,0,0,1,0,0,0,0,-1,0,,,,,,,,,,,,,,,,,,,,,,
179,2,PITCH_SWEEP,6.0,266940,8146.3623046875,2184,66.650390625,15.003663003663004,156,4.7607421875,2028,61.8896484375,0,0.0,0xDBF98667,0,512,384,0.0,2.0,1.5,0,0x04,0,0,0,1,0,0,0,0,-1,0,,,,,,,,,,,,,,,,,,,,,,
180,2,PITCH_SWEEP,6.033333333333333,269103,8212.371826171875,2163,66.009521484375,15.149329634766527,156,4.7607421875,2007,61.248779296875,0,0.0,0x776F84F5,0,512,384,0.0,2.0,1.5,0,0x04,0,0,0,1,0,0,0,0,-1,0,,,,,,,,,,,,,,,,,,,,,,
181,2,PITCH_SWEEP,6.066666666666666,271221,8277.008056640625,2118,64.63623046875,15.47119924457035,157,4.791259765625,1960,59.814453125,1,0.030517578125,0x9C5D3DAB,0,512,384,0.0,2.0,1.5,0,0x04,0,0,0,1,0,0,0,0,-1,0,,,,,,,,,,,,,,,,,,,,,,
182,2,PITCH_SWEEP,6.1,273293,8340.240478515625,2072,63.232421875,15.814671814671815,156,4.7607421875,1916,58.4716796875,0,0.0,0xF3A6ABD1,0,512,384,0.0,2.0,1.5,0,0x04,0,0,0,1,0,0,0,0,-1,0,,,,,,,,,,,,,,,,,,,,,,
183,2,PITCH_SWEEP,6.133333333333334,275342,8402.77099609375,2049,62.530517578125,15.99219131283553,157,4.791259765625,1892,57.7392578125,0,0.0,0x979B296F,0,512,384,0.0,2.0,1.5,0,0x04,0,0,0,1,0,0,0,0,-1,0,,,,,,,,,,,,,,,,,,,,,,
184,2,PITCH_SWEEP,6.166666666666667,277359,8464.324951171875,2017,61.553955078125,16.245909766980663,156,4.7607421875,1861,56.793212890625,0,0.0,0x0CFC7757,0,512,384,0.0,2.0,1.5,0,0x04,0,0,0,1,0,0,0,0,-1,0,,,,,,,,,,,,,,,,,,,,,,
185,2,PITCH_SWEEP,6.2,279331,8524.505615234375,1972,60.1806640625,16.616632860040568,156,4.7607421875,1815,55.389404296875,1,0.030517578125,0x917C6B41,0,512,384,0.0,2.0,1.5,0,0x04,0,0,0,1,0,0,0,0,-1,0,,,,,,,,,,,,,,,,,,,,,,
186,2,PITCH_SWEEP,6.233333333333333,281296,8584.47265625,1965,59.967041015625,16.675826972010178,157,4.791259765625,1808,55.17578125,0,0.0,0x556C25D5,0,512,384,0.0,2.0,1.5,0,0x04,0,0,0,1,0,0,0,0,-1,0,,,,,,,,,,,,,,,,,,,,,,
187,2,PITCH_SWEEP,6.266666666666667,283218,8643.12744140625,1922,58.65478515625,17.04890738813736,156,4.7607421875,1766,53.89404296875,0,0.0,0x1E07FA07,0,512,384,0.0,2.0,1.5,0,0x04,0,0,0,1,0,0,0,0,-1,0,,,,,,,,,,,,,,,,,,,,,,
188,2,PITCH_SWEEP,6.3,284453,8680.816650390625,1235,37.689208984375,26.532793522267205,157,4.791259765625,1078,32.89794921875,0,0.0,0x9BACD179,0,512,384,0.0,2.0,1.5,0,0x04,0,0,0,1,0,0,0,0,-1,0,,,,,,,,,,,,,,,,,,,,,,
189,2,PITCH_SWEEP,6.333333333333333,285685,8718.414306640625,1232,37.59765625,26.5974025974026,156,4.7607421875,1075,32.806396484375,1,0.030517578125,0x41E71BC3,0,512,384,0.0,2.0,1.5,0,0x04,0,0,0,1,0,0,0,0,-1,0,,,,,,,,,,,,,,,,,,,,,,
190,2,PITCH_SWEEP,6.366666666666666,286856,8754.150390625,1171,35.736083984375,27.982920580700256,156,4.7607421875,1015,30.975341796875,0,0.0,0xACF00F3D,0,512,384,0.0,2.0,1.5,0,0x04,0,0,0,1,0,0,0,0,-1,0,,,,,,,,,,,,,,,,,,,,,,
191,2,PITCH_SWEEP,6.4,287993,8788.848876953125,1137,34.698486328125,28.819700967458225,156,4.7607421875,981,29.937744140625,0,0.0,0x32DB7BBD,0,512,384,0.0,2.0,1.5,0,0x04,0,0,0,1,0,0,0,0,-1,0,,,,,,,,,,,,,,,,,,,,,,
192,2,PITCH_SWEEP,6.433333333333334,289131,8823.577880859375,1138,34.72900390625,28.794376098418276,156,4.7607421875,981,29.937744140625,1,0.030517578125,0xB63D0AED,0,512,384,0.0,2.0,1.5,0,0x04,0,0,0,1,0,0,0,0,-1,0,,,,,,,,,,,,,,,,,,,,,,
193,2,PITCH_SWEEP,6.466666666666667,290269,8858.306884765625,1138,34.72900390625,28.794376098418276,156,4.7607421875,981,29.937744140625,1,0.030517578125,0x1DBE7CEB,0,512,384,0.0,2.0,1.5,0,0x04,0,0,0,1,0,0,0,0,-1,0,,,,,,,,,,,,,,,,,,,,,,
194,2,PITCH_SWEEP,6.5,291407,8893.035888671875,1138,34.72900390625,28.794376098418276,156,4.7607421875,981,29.937744140625,1,0.030517578125,0x955E2471,0,512,384,0.0,2.0,1.5,0,0x04,0,0,0,1,0,0,0,0,-1,0,,,,,,,,,,,,,,,,,,,,,,
195,2,PITCH_SWEEP,6.533333333333333,292559,8928.192138671875,1152,35.15625,28.444444444444443,157,4.791259765625,994,30.33447265625,1,0.030517578125,0x6151133D,0,512,384,0.0,2.0,1.5,0,0x04,0,0,0,1,0,0,0,0,-1,0,,,,,,,,,,,,,,,,,,,,,,
196,2,PITCH_SWEEP,6.566666666666666,293709,8963.287353515625,1150,35.09521484375,28.493913043478262,156,4.7607421875,994,30.33447265625,0,0.0,0x900FB321,0,512,384,0.0,2.0,1.5,0,0x04,0,0,0,1,0,0,0,0,-1,0,,,,,,,,,,,,,,,,,,,,,,
197,2,PITCH_SWEEP,6.6,294668,8992.5537109375,959,29.266357421875,34.1689259645464,156,4.7607421875,802,24.47509765625,1,0.030517578125,0xC01F6EEB,0,512,384,0.0,2.0,1.5,0,0x04,0,0,0,1,0,0,0,0,-1,0,,,,,,,,,,,,,,,,,,,,,,
198,2,PITCH_SWEEP,6.633333333333334,295627,9021.820068359375,959,29.266357421875,34.1689259645464,156,4.7607421875,802,24.47509765625,1,0.030517578125,0x984FEC5B,0,512,384,0.0,2.0,1.5,0,0x04,0,0,0,1,0,0,0,0,-1,0,,,,,,,,,,,,,,,,,,,,,,
199,2,PITCH_SWEEP,6.666666666666667,296572,9050.6591796875,945,28.839111328125,34.67513227513228,157,4.791259765625,788,24.0478515625,0,0.0,0x0C713E95,0,512,384,0.0,2.0,1.5,0,0x04,0,0,0,1,0,0,0,0,-1,0,,,,,,,,,,,,,,,,,,,,,,
200,2,PITCH_SWEEP,6.7,297531,9079.925537109375,959,29.266357421875,34.1689259645464,156,4.7607421875,802,24.47509765625,1,0.030517578125,0x984FEC5B,0,512,384,0.0,2.0,1.5,0,0x04,0,0,0,1,0,0,0,0,1,0,,,,,,,,,,,,,,,,,,,,,,
201,2,PITCH_SWEEP,6.733333333333333,298490,9109.19189453125,959,29.266357421875,34.1689259645464,156,4.7607421875,802,24.47509765625,1,0.030517578125,0xC01F6EEB,0,512,384,0.0,2.0,1.5,0,0x04,0,0,0,1,0,0,0,0,1,0,,,,,,,,,,,,,,,,,,,,,,
202,2,PITCH_SWEEP,6.766666666666667,299642,9144.34814453125,1152,35.15625,28.444444444444443,157,4.791259765625,994,30.33447265625,1,0.030517578125,0x900FB321,0,512,384,0.0,2.0,1.5,0,0x04,0,0,0,1,0,0,0,0,1,0,,,,,,,,,,,,,,,,,,,,,,
203,2,PITCH_SWEEP,6.8,300792,9179.443359375,1150,35.09521484375,28.493913043478262,156,4.7607421875,994,30.33447265625,0,0.0,0x6151133D,0,512,384,0.0,2.0,1.5,0,0x04,0,0,0,1,0,0,0,0,1,0,,,,,,,,,,,,,,,,,,,,,,
204,2,PITCH_SWEEP,6.833333333333333,301929,9214.141845703125,1137,34.698486328125,28.819700967458225,156,4.7607421875,981,29.937744140625,0,0.0,0x955E2471,0,512,384,0.0,2.0,1.5,0,0x04,0,0,0,1,0,0,0,0,1,0,,,,,,,,,,,,,,,,,,,,,,
205,2,PITCH_SWEEP,6.866666666666666,303067,9248.870849609375,1138,34.72900390625,28.794376098418276,156,4.7607421875,981,29.937744140625,1,0.030517578125,0x1DBE7CEB,0,512,384,0.0,2.0,1.5,0,0x04,0,0,0,1,0,0,0,0,1,0,,,,,,,,,,,,,,,,,,,,,,
206,2,PITCH_SWEEP,6.9,304205,9283.599853515625,1138,34.72900390625,28.794376098418276,156,4.7607421875,981,29.937744140625,1,0.030517578125,0xB63D0AED,0,512,384,0.0,2.0,1.5,0,0x04,0,0,0,1,0,0,0,0,1,0,,,,,,,,,,,,,,,,,,,,,,
207,2,PITCH_SWEEP,6.933333333333334,305343,9318.328857421875,1138,34.72900390625,28.794376098418276,156,4.7607421875,981,29.937744140625,1,0.030517578125,0x32DB7BBD,0,512,384,0.0,2.0,1.5,0,0x04,0,0,0,1,0,0,0,0,1,0,,,,,,,,,,,,,,,,,,,,,,
208,2,PITCH_SWEEP,6.966666666666667,306514,9354.06494140625,1171,35.736083984375,27.982920580700256,156,4.7607421875,1015,30.975341796875,0,0.0,0xACF00F3D,0,512,384,0.0,2.0,1.5,0,0x04,0,0,0,1,0,0,0,0,1,0,,,,,,,,,,,,,,,,,,,,,,
209,2,PITCH_SWEEP,7.0,307746,9391.66259765625,1232,37.59765625,26.5974025974026,156,4.7607421875,1075,32.806396484375,1,0.030517578125,0x41E71BC3,0,512,384,0.0,2.0,1.5,0,0x04,0,0,0,1,0,0,0,0,1,0,,,,,,,,,,,,,,,,,,,,,,
210,2,PITCH_SWEEP,7.033333333333333,308982,9429.38232421875,1236,37.7197265625,26.511326860841425,157,4.791259765625,1079,32.928466796875,0,0.0,0x9BACD179,0,512,384,0.0,2.0,1.5,0,0x04,0,0,0,1,0,0,0,0,1,0,,,,,,,,,,,,,,,,,,,,,,
211,2,PITCH_SWEEP,7.066666666666666,310905,9488.067626953125,1923,58.685302734375,17.04004160166407,157,4.791259765625,1765,53.863525390625,1,0.030517578125,0x1E07FA07,0,512,384,0.0,2.0,1.5,0,0x04,0,0,0,1,0,0,0,0,1,0,,,,,,,,,,,,,,,,,,,,,,
212,2,PITCH_SWEEP,7.1,312869,9548.004150390625,1964,59.9365234375,16.684317718940935,156,4.7607421875,1808,55.17578125,0,0.0,0x556C25D5,0,512,384,0.0,2.0,1.5,0,0x04,0,0,0,1,0,0,0,0,1,0,,,,,,,,,,,,,,,,,,,,,,
213,2,PITCH_SWEEP,7.133333333333334,314841,9608.184814453125,1972,60.1806640625,16.616632860040568,156,4.7607421875,1815,55.389404296875,1,0.030517578125,0x917C6B41,0,512,384,0.0,2.0,1.5,0,0x04,0,0,0,1,0,0,0,0,1,0,,,,,,,,,,,,,,,,,,,,,,
214,2,PITCH_SWEEP,7.166666666666667,316860,9669.7998046875,2019,61.614990234375,16.22981674096087,157,4.791259765625,1861,56.793212890625,1,0.030517578125,0x0CFC7757,0,512,384,0.0,2.0,1.5,0,0x04,0,0,0,1,0,0,0,0,1,0,,,,,,,,,,,,,,,,,,,,,,
215,2,PITCH_SWEEP,7.2,318892,9731.8115234375,2032,62.01171875,16.125984251968504,156,4.7607421875,1876,57.2509765625,0,0.0,0x979B296F,0,512,384,0.0,2.0,1.5,0,0x04,0,0,0,1,0,0,0,0,1,0,,,,,,,,,,,,,,,,,,,,,,
216,2,PITCH_SWEEP,7.233333333333333,320932,9794.0673828125,2040,62.255859375,16.062745098039215,156,4.7607421875,1883,57.464599609375,1,0.030517578125,0xF3A6ABD1,0,512,384,0.0,2.0,1.5,0,0x04,0,0,0,1,0,0,0,0,1,0,,,,,,,,,,,,,,,,,,,,,,
217,2,PITCH_SWEEP,7.266666666666667,323012,9857.5439453125,2080,63.4765625,15.753846153846155,156,4.7607421875,1924,58.7158203125,0,0.0,0x9C5D3DAB,0,512,384,0.0,2.0,1.5,0,0x04,0,0,0,1,0,0,0,0,1,0,,,,,,,,,,,,,,,,,,,,,,
218,2,PITCH_SWEEP,7.3,325176,9923.583984375,2164,66.0400390625,15.142329020332717,156,4.7607421875,2007,61.248779296875,1,0.030517578125,0x776F84F5,0,512,384,0.0,2.0,1.5,0,0x04,0,0,0,1,0,0,0,0,1,0,,,,,,,,,,,,,,,,,,,,,,
219,2,PITCH_SWEEP,7.333333333333333,327362,9990.29541015625,2186,66.71142578125,14.989935956084173,157,4.791259765625,2028,61.8896484375,1,0.030517578125,0xDBF98667,0,512,384,0.0,2.0,1.5,0,0x04,0,0,0,1,0,0,0,0,1,0,,,,,,,,,,,,,,,,,,,,,,
220,2,PITCH_SWEEP,7.366666666666666,329552,10057.12890625,2190,66.83349609375,14.96255707762557,156,4.7607421875,2033,62.042236328125,1,0.030517578125,0xC1D27A09,0,512,384,0.0,2.0,1.5,0,0x04,0,0,0,1,0,0,0,0,1,0,,,,,,,,,,,,,,,,,,,,,,
221,2,PITCH_SWEEP,7.4,331768,10124.755859375,2216,67.626953125,14.787003610108304,157,4.791259765625,2059,62.835693359375,0,0.0,0x390641B9,0,512,384,0.0,2.0,1.5,0,0x04,0,0,0,1,0,0,0,0,1,0,,,,,,,,,,,,,,,,,,,,,,
222,2,PITCH_SWEEP,7.433333333333334,333999,10192.840576171875,2231,68.084716796875,14.687584043030032,157,4.791259765625,2073,63.262939453125,1,0.030517578125,0x70322F27,0,512,384,0.0,2.0,1.5,0,0x04,0,0,0,1,0,0,0,0,1,0,,,,,,,,,,,,,,,,,,,,,,
223,2,PITCH_SWEEP,7.466666666666667,336181,10259.429931640625,2182,66.58935546875,15.017415215398717,156,4.7607421875,2026,61.82861328125,0,0.0,0x9E5629C9,0,512,384,0.0,2.0,1.5,0,0x0C,0,0,0,1,1,0,0,0,1,0,,,,,,,,,,,,,,,,,,,,,,
224,3,PORTAL_FAR,7.5,338366,10326.11083984375,2185,66.680908203125,14.99679633867277,148,4.5166015625,2037,62.164306640625,0,0.0,0x8A2F81AC,0,533,384,0.0,2.08203125,1.5,0,0x04,0,0,0,1,0,0,1,0,0,0,,,,,,,,,,,,,,,,,,,,,,
225,3,PORTAL_FAR,7.533333333333333,340551,10392.791748046875,2185,66.680908203125,14.99679633867277,149,4.547119140625,2036,62.1337890625,0,0.0,0xE25D7961,0,554,384,0.0,2.1640625,1.5,0,0x04,0,0,0,1,0,0,1,0,0,0,,,,,,,,,,,,,,,,,,,,,,
226,3,PORTAL_FAR,7.566666666666666,342737,10459.503173828125,2186,66.71142578125,14.989935956084173,148,4.5166015625,2037,62.164306640625,1,0.030517578125,0x21F6AB56,0,575,384,0.0,2.24609375,1.5,0,0x04,0,0,0,1,0,0,1,0,0,0,,,,,,,,,,,,,,,,,,,,,,
227,3,PORTAL_FAR,7.6,344933,10526.519775390625,2196,67.0166015625,14.92167577413479,149,4.547119140625,2047,62.469482421875,0,0.0,0xDF40AB83,0,596,384,0.0,2.328125,1.5,0,0x04,0,0,0,1,0,0,1,0,0,0,,,,,,,,,,,,,,,,,,,,,,
228,3,PORTAL_FAR,7.633333333333334,347130,10593.56689453125,2197,67.047119140625,14.914883932635412,148,4.5166015625,2048,62.5,1,0.030517578125,0xC8B687A0,0,617,384,0.0,2.41015625,1.5,0,0x04,0,0,0,1,0,0,1,0,0,0,,,,,,,,,,,,,,,,,,,,,,
229,3,PORTAL_FAR,7.666666666666667,349327,10660.614013671875,2197,67.047119140625,14.914883932635412,149,4.547119140625,2048,62.5,0,0.0,0x21711EA5,0,638,384,0.0,2.4921875,1.5,0,0x04,0,0,0,1,0,0,1,0,0,0,,,,,,,,,,,,,,,,,,,,,,
230,3,PORTAL_FAR,7.7,351531,10727.874755859375,2204,67.2607421875,14.867513611615244,148,4.5166015625,2055,62.713623046875,1,0.030517578125,0xEF2709EA,0,659,384,0.0,2.57421875,1.5,0,0x04,0,0,0,1,0,0,1,0,0,0,,,,,,,,,,,,,,,,,,,,,,
231,3,PORTAL_FAR,7.733333333333333,353752,10795.654296875,2221,67.779541015625,14.75371454299865,148,4.5166015625,2073,63.262939453125,0,0.0,0xA681AE77,0,680,384,0.0,2.65625,1.5,0,0x04,0,0,0,1,0,0,1,0,0,0,,,,,,,,,,,,,,,,,,,,,,
232,3,PORTAL_FAR,7.766666666666667,355947,10862.640380859375,2195,66.986083984375,14.928473804100229,149,4.547119140625,2046,62.43896484375,0,0.0,0xC1415BE4,0,701,384,0.0,2.73828125,1.5,0,0x04,0,0,0,1,0,0,1,0,0,0,,,,,,,,,,,,,,,,,,,,,,
233,3,PORTAL_FAR,7.8,358142,10929.62646484375,2195,66.986083984375,14.928473804100229,148,4.5166015625,2046,62.43896484375,1,0.030517578125,0x15562539,0,722,384,0.0,2.8203125,1.5,0,0x04,0,0,0,1,0,0,1,0,0,0,,,,,,,,,,,,,,,,,,,,,,
234,3,PORTAL_FAR,7.833333333333333,360338,10996.64306640625,2196,67.0166015625,14.92167577413479,148,4.5166015625,2047,62.469482421875,1,0.030517578125,0x2E3AAF2E,0,743,384,0.0,2.90234375,1.5,0,0x04,0,0,0,1,0,0,1,0,0,0,,,,,,,,,,,,,,,,,,,,,,
235,3,PORTAL_FAR,7.866666666666666,362534,11063.65966796875,2196,67.0166015625,14.92167577413479,149,4.547119140625,2047,62.469482421875,0,0.0,0x6A11B2BB,0,764,384,0.0,2.984375,1.5,0,0x04,0,0,0,1,0,0,1,0,0,0,,,,,,,,,,,,,,,,,,,,,,
236,3,PORTAL_FAR,7.9,364754,11131.40869140625,2220,67.7490234375,14.76036036036036,149,4.547119140625,2071,63.201904296875,0,0.0,0x98AF8E0D,0,785,384,0.0,3.06640625,1.5,0,0x04,0,0,0,1,0,0,1,0,0,0,,,,,,,,,,,,,,,,,,,,,,
237,3,PORTAL_FAR,7.933333333333334,366975,11199.188232421875,2221,67.779541015625,14.75371454299865,149,4.547119140625,2072,63.232421875,0,0.0,0x3C798CE8,0,806,384,0.0,3.1484375,1.5,0,0x04,0,0,0,1,0,0,1,0,0,0,,,,,,,,,,,,,,,,,,,,,,
238,3,PORTAL_FAR,7.966666666666667,369196,11266.9677734375,2221,67.779541015625,14.75371454299865,149,4.547119140625,2072,63.232421875,0,0.0,0xE5941D8F,0,827,384,0.0,3.23046875,1.5,0,0x04,0,0,0,1,0,0,1,0,0,0,,,,,,,,,,,,,,,,,,,,,,
239,3,PORTAL_FAR,8.0,371419,11334.808349609375,2223,67.840576171875,14.740440845704004,149,4.547119140625,2073,63.262939453125,1,0.030517578125,0xB6B9C662,0,848,384,0.0,3.3125,1.5,0,0x04,0,0,0,1,0,0,1,0,0,0,,,,,,,,,,,,,,,,,,,,,,
240,3,PORTAL_FAR,8.033333333333333,373654,11403.01513671875,2235,68.206787109375,14.661297539149889,148,4.5166015625,2086,63.65966796875,1,0.030517578125,0xD8E4F351,0,869,384,0.0,3.39453125,1.5,0,0x04,0,0,0,1,0,0,1,0,0,0,,,,,,,,,,,,,,,,,,,,,,
241,3,PORTAL_FAR,8.066666666666666,375897,11471.466064453125,2243,68.450927734375,14.609005795809184,149,4.547119140625,2093,63.873291015625,1,0.030517578125,0x6E5527DC,0,890,384,0.0,3.4765625,1.5,0,0x04,0,0,0,1,0,0,1,0,0,0,,,,,,,,,,,,,,,,,,,,,,
242,3,PORTAL_FAR,8.1,378138,11539.85595703125,2241,68.389892578125,14.622043730477465,148,4.5166015625,2093,63.873291015625,0,0.0,0x41C83353,0,911,384,0.0,3.55859375,1.5,0,0x04,0,0,0,1,0,0,1,0,0,0,,,,,,,,,,,,,,,,,,,,,,
243,3,PORTAL_FAR,8.133333333333333,380381,11608.306884765625,2243,68.450927734375,14.609005795809184,149,4.547119140625,2093,63.873291015625,1,0.030517578125,0xF40E8226,0,932,384,0.0,3.640625,1.5,0,0x04,0,0,0,1,0,0,1,0,0,0,,,,,,,,,,,,,,,,,,,,,,
244,3,PORTAL_FAR,8.166666666666666,382624,11676.7578125,2243,68.450927734375,14.609005795809184,149,4.547119140625,2093,63.873291015625,1,0.030517578125,0x48B41C45,0,953,384,0.0,3.72265625,1.5,0,0x04,0,0,0,1,0,0,1,0,0,0,,,,,,,,,,,,,,,,,,,,,,
245,3,PORTAL_FAR,8.2,384856,11744.873046875,2232,68.115234375,14.68100358422939,148,4.5166015625,2083,63.568115234375,1,0.030517578125,0xD734A8A0,0,974,384,0.0,3.8046875,1.5,0,0x04,0,0,0,1,0,0,1,0,0,0,,,,,,,,,,,,,,,,,,,,,,
246,3,PORTAL_FAR,8.233333333333333,387087,11812.957763671875,2231,68.084716796875,14.687584043030032,149,4.547119140625,2081,63.507080078125,1,0.030517578125,0xCA13AD67,0,995,384,0.0,3.88671875,1.5,0,0x04,0,0,0,1,0,0,1,0,0,0,,,,,,,,,,,,,,,,,,,,,,
247,3,PORTAL_FAR,8.266666666666667,389333,11881.500244140625,2246,68.54248046875,14.589492430988424,149,4.547119140625,2096,63.96484375,1,0.030517578125,0x67B1739A,0,1016,384,0.0,3.96875,1.5,0,0x04,0,0,0,1,0,0,1,0,0,0,,,,,,,,,,,,,,,,,,,,,,
248,3,PORTAL_FAR,8.3,391581,11950.103759765625,2248,68.603515625,14.576512455516013,149,4.547119140625,2098,64.02587890625,1,0.030517578125,0xA1481F06,0,1037,384,0.0,4.05078125,1.5,0,0x04,0,0,0,1,0,0,1,0,0,0,,,,,,,,,,,,,,,,,,,,,,
249,3,PORTAL_FAR,8.333333333333334,393835,12018.890380859375,2254,68.78662109375,14.537710736468501,149,4.547119140625,2105,64.239501953125,0,0.0,0xEFFF61B3,0,1058,384,0.0,4.1328125,1.5,0,0x04,0,0,0,1,0,0,1,0,0,0,,,,,,,,,,,,,,,,,,,,,,
250,3,PORTAL_FAR,8.366666666666667,396088,12087.646484375,2253,68.756103515625,14.54416333777186,149,4.547119140625,2104,64.208984375,0,0.0,0x0292F82C,0,1079,384,0.0,4.21484375,1.5,0,0x04,0,0,0,1,0,0,1,0,0,0,,,,,,,,,,,,,,,,,,,,,,
251,3,PORTAL_FAR,8.4,398363,12157.073974609375,2275,69.427490234375,14.403516483516484,149,4.547119140625,2126,64.88037109375,0,0.0,0x0E050D61,0,1100,384,0.0,4.296875,1.5,0,0x04,0,0,0,1,0,0,1,0,0,0,,,,,,,,,,,,,,,,,,,,,,
252,3,PORTAL_FAR,8.433333333333334,400661,12227.203369140625,2298,70.12939453125,14.25935596170583,149,4.547119140625,2148,65.5517578125,1,0.030517578125,0x42376622,0,1121,384,0.0,4.37890625,1.5,0,0x04,0,0,0,1,0,0,1,0,0,0,,,,,,,,,,,,,,,,,,,,,,
253,3,PORTAL_FAR,8.466666666666667,402957,12297.271728515625,2296,70.068359375,14.27177700348432,149,4.547119140625,2147,65.521240234375,0,0.0,0xD22FBA7F,0,1142,384,0.0,4.4609375,1.5,0,0x04,0,0,0,1,0,0,1,0,0,0,,,,,,,,,,,,,,,,,,,,,,
254,3,PORTAL_FAR,8.5,405261,12367.584228515625,2304,70.3125,14.222222222222221,149,4.547119140625,2154,65.73486328125,1,0.030517578125,0x7259FE18,0,1163,384,0.0,4.54296875,1.5,0,0x06,1,1,0,1,0,0,1,0,0,0,65.643310546875,0.0,0.18310546875,17.822265625,6.317138671875,1.434326171875,23.345947265625,2.899169921875,0.0,13.0615234375,0.579833984375,0,0,0,0,0,0,0,0,0,0,0
255,3,PORTAL_FAR,8.533333333333333,407563,12437.835693359375,2302,70.25146484375,14.234578627280625,149,4.547119140625,2153,65.704345703125,0,0.0,0xCE60C26D,0,1184,384,0.0,4.625,1.5,0,0x04,0,0,0,1,0,0,1,0,0,0,,,,,,,,,,,,,,,,,,,,,,
256,3,PORTAL_FAR,8.566666666666666,409786,12505.67626953125,2223,67.840576171875,14.740440845704004,148,4.5166015625,2075,63.323974609375,0,0.0,0xA69ACC5E,0,1205,384,0.0,4.70703125,1.5,0,0x04,0,0,0,1,0,0,1,0,0,0,,,,,,,,,,,,,,,,,,,,,,
257,3,PORTAL_FAR,8.6,411799,12567.108154296875,2013,61.431884765625,16.27819175360159,149,4.547119140625,1864,56.884765625,0,0.0,0xEA84E66B,0,1226,384,0.0,4.7890625,1.5,0,0x04,0,0,0,1,0,0,1,0,0,0,,,,,,,,,,,,,,,,,,,,,,
258,3,PORTAL_FAR,8.633333333333333,413835,12629.241943359375,2036,62.1337890625,16.094302554027504,149,4.547119140625,1886,57.55615234375,1,0.030517578125,0xECE8EFE4,0,1247,384,0.0,4.87109375,1.5,0,0x04,0,0,0,1,0,0,1,0,0,0,,,,,,,,,,,,,,,,,,,,,,
259,3,PORTAL_FAR,8.666666666666666,415869,12691.314697265625,2034,62.07275390625,16.110127826941987,148,4.5166015625,1886,57.55615234375,0,0.0,0x96B259B9,0,1268,384,0.0,4.953125,1.5,0,0x04,0,0,0,1,0,0,1,0,0,0,,,,,,,,,,,,,,,,,,,,,,
260,3,PORTAL_FAR,8.7,417892,12753.0517578125,2023,61.737060546875,16.19772614928324,149,4.547119140625,1873,57.159423828125,1,0.030517578125,0xAD36C447,0,1289,384,0.0,5.03515625,1.5,0,0x04,0,0,0,1,0,0,1,0,0,0,,,,,,,,,,,,,,,,,,,,,,
261,3,PORTAL_FAR,8.733333333333333,419937,12815.460205078125,2045,62.408447265625,16.023471882640585,148,4.5166015625,1896,57.861328125,1,0.030517578125,0x3B78C54A,0,1310,384,0.0,5.1171875,1.5,0,0x04,0,0,0,1,0,0,1,0,0,0,,,,,,,,,,,,,,,,,,,,,,
262,3,PORTAL_FAR,8.766666666666667,421992,12878.173828125,2055,62.713623046875,15.945498783454989,149,4.547119140625,1906,58.16650390625,0,0.0,0xF990F785,0,1331,384,0.0,5.19921875,1.5,0,0x04,0,0,0,1,0,0,1,0,0,0,,,,,,,,,,,,,,,,,,,,,,
263,3,PORTAL_FAR,8.8,424048,12940.91796875,2056,62.744140625,15.937743190661479,149,4.547119140625,1906,58.16650390625,1,0.030517578125,0xB7CC6310,0,1352,384,0.0,5.28125,1.5,0,0x04,0,0,0,1,0,0,1,0,0,0,,,,,,,,,,,,,,,,,,,,,,
264,3,PORTAL_FAR,8.833333333333334,426110,13003.84521484375,2062,62.92724609375,15.891367604267701,148,4.5166015625,1914,58.41064453125,0,0.0,0xA51AF683,0,1373,384,0.0,5.36328125,1.5,0,0x04,0,0,0,1,0,0,1,0,0,0,,,,,,,,,,,,,,,,,,,,,,
265,3,PORTAL_FAR,8.866666666666667,428174,13066.83349609375,2064,62.98828125,15.875968992248062,149,4.547119140625,1914,58.41064453125,1,0.030517578125,0x437F0B56,0,1394,384,0.0,5.4453125,1.5,0,0x04,0,0,0,1,0,0,1,0,0,0,,,,,,,,,,,,,,,,,,,,,,
266,3,PORTAL_FAR,8.9,430238,13129.82177734375,2064,62.98828125,15.875968992248062,149,4.547119140625,1914,58.41064453125,1,0.030517578125,0xC5DAB451,0,1415,384,0.0,5.52734375,1.5,0,0x04,0,0,0,1,0,0,1,0,0,0,,,,,,,,,,,,,,,,,,,,,,
267,3,PORTAL_FAR,8.933333333333334,432300,13192.7490234375,2062,62.92724609375,15.891367604267701,148,4.5166015625,1914,58.41064453125,0,0.0,0x5B4AE8DC,0,1436,384,0.0,5.609375,1.5,0,0x04,0,0,0,1,0,0,1,0,0,0,,,,,,,,,,,,,,,,,,,,,,
268,3,PORTAL_FAR,8.966666666666667,434353,13255.401611328125,2053,62.652587890625,15.961032635168047,149,4.547119140625,1904,58.10546875,0,0.0,0x521ED99F,0,1457,384,0.0,5.69140625,1.5,0,0x04,0,0,0,1,0,0,1,0,0,0,,,,,,,,,,,,,,,,,,,,,,
269,3,PORTAL_FAR,9.0,436408,13318.115234375,2055,62.713623046875,15.945498783454989,149,4.547119140625,1905,58.135986328125,1,0.030517578125,0x50B58722,0,1478,384,0.0,5.7734375,1.5,0,0x04,0,0,0,1,0,0,1,0,0,0,,,,,,,,,,,,,,,,,,,,,,
270,3,PORTAL_FAR,9.033333333333333,438483,13381.439208984375,2075,63.323974609375,15.791807228915662,148,4.5166015625,1927,58.807373046875,0,0.0,0x61C697BD,0,1499,384,0.0,5.85546875,1.5,0,0x04,0,0,0,1,0,0,1,0,0,0,,,,,,,,,,,,,,,,,,,,,,
271,3,PORTAL_FAR,9.066666666666666,440560,13444.82421875,2077,63.385009765625,15.776600866634569,149,4.547119140625,1927,58.807373046875,1,0.030517578125,0xB4265268,0,1520,384,0.0,5.9375,1.5,0,0x04,0,0,0,1,0,0,1,0,0,0,,,,,,,,,,,,,,,,,,,,,,
272,3,PORTAL_FAR,9.1,442645,13508.453369140625,2085,63.629150390625,15.716067146282974,149,4.547119140625,1935,59.051513671875,1,0.030517578125,0xFC700458,0,1541,384,0.0,6.01953125,1.5,0,0x04,0,0,0,1,0,0,1,0,0,0,,,,,,,,,,,,,,,,,,,,,,
273,3,PORTAL_FAR,9.133333333333333,444743,13572.479248046875,2098,64.02587890625,15.618684461391801,148,4.5166015625,1950,59.50927734375,0,0.0,0x5E89D90D,0,1562,384,0.0,6.1015625,1.5,0,0x04,0,0,0,1,0,0,1,0,0,0,,,,,,,,,,,,,,,,,,,,,,
274,3,PORTAL_FAR,9.166666666666666,446845,13636.627197265625,2102,64.14794921875,15.58896289248335,149,4.547119140625,1953,59.600830078125,0,0.0,0x6BEE3C0A,0,1583,384,0.0,6.18359375,1.5,0,0x04,0,0,0,1,0,0,1,0,0,0,,,,,,,,,,,,,,,,,,,,,,
275,3,PORTAL_FAR,9.2,448947,13700.775146484375,2102,64.14794921875,15.58896289248335,149,4.547119140625,1953,59.600830078125,0,0.0,0xEAA784B7,0,1604,384,0.0,6.265625,1.5,0,0x04,0,0,0,1,0,0,1,0,0,0,,,,,,,,,,,,,,,,,,,,,,
276,3,PORTAL_FAR,9.233333333333333,451057,13765.167236328125,2110,64.39208984375,15.529857819905214,149,4.547119140625,1960,59.814453125,1,0.030517578125,0xCD80AA54,0,1625,384,0.0,6.34765625,1.5,0,0x04,0,0,0,1,0,0,1,0,0,0,,,,,,,,,,,,,,,,,,,,,,
277,3,PORTAL_FAR,9.266666666666667,453174,13829.77294921875,2117,64.605712890625,15.478507321681626,148,4.5166015625,1969,60.089111328125,0,0.0,0x49B2EFD9,0,1646,384,0.0,6.4296875,1.5,0,0x04,0,0,0,1,0,0,1,0,0,0,,,,,,,,,,,,,,,,,,,,,,
278,3,PORTAL_FAR,9.3,455291,13894.378662109375,2117,64.605712890625,15.478507321681626,149,4.547119140625,1968,60.05859375,0,0.0,0xC0B06496,0,1667,384,0.0,6.51171875,1.5,0,0x04,0,0,0,1,0,0,1,0,0,0,,,,,,,,,,,,,,,,,,,,,,
279,3,PORTAL_FAR,9.333333333333334,457408,13958.984375,2117,64.605712890625,15.478507321681626,149,4.547119140625,1968,60.05859375,0,0.0,0xA72A6D23,0,1688,384,0.0,6.59375,1.5,0,0x0C,0,0,0,1,1,0,1,0,0,0,,,,,,,,,,,,,,,,,,,,,,
280,4,PORTAL_NEAR,9.366666666666667,459521,14023.468017578125,2113,64.483642578125,15.50780880265026,149,4.547119140625,1964,59.9365234375,0,0.0,0x62A14290,0,1709,384,0.0,6.67578125,1.5,0,0x04,0,0,0,1,0,0,1,0,0,0,,,,,,,,,,,,,,,,,,,,,,
281,4,PORTAL_NEAR,9.4,461634,14087.95166015625,2113,64.483642578125,15.50780880265026,149,4.547119140625,1964,59.9365234375,0,0.0,0xB6B60BE5,0,1730,384,0.0,6.7578125,1.5,0,0x04,0,0,0,1,0,0,1,0,0,0,,,,,,,,,,,,,,,,,,,,,,
282,4,PORTAL_NEAR,9.433333333333334,463770,14153.13720703125,2136,65.185546875,15.340823970037453,149,4.547119140625,1987,60.638427734375,0,0.0,0x645005E2,0,1751,384,0.0,6.83984375,1.5,0,0x04,0,0,0,1,0,0,1,0,0,0,,,,,,,,,,,,,,,,,,,,,,
283,4,PORTAL_NEAR,9.466666666666667,465908,14218.3837890625,2138,65.24658203125,15.326473339569691,149,4.547119140625,1988,60.6689453125,1,0.030517578125,0x00039F6F,0,1772,384,0.0,6.921875,1.5,0,0x04,0,0,0,1,0,0,1,0,0,0,,,,,,,,,,,,,,,,,,,,,,
284,4,PORTAL_NEAR,9.5,468219,14288.909912109375,2311,70.526123046875,14.179143228039809,149,4.547119140625,2162,65.97900390625,0,0.0,0xD120EC41,0,1793,384,0.0,7.00390625,1.5,0,0x04,0,0,0,1,0,0,1,0,0,0,,,,,,,,,,,,,,,,,,,,,,
285,4,PORTAL_NEAR,9.533333333333333,470538,14359.68017578125,2319,70.770263671875,14.130228546787409,149,4.547119140625,2170,66.22314453125,0,0.0,0x73C92B1C,0,1814,384,0.0,7.0859375,1.5,0,0x04,0,0,0,1,0,0,1,0,0,0,,,,,,,,,,,,,,,,,,,,,,
286,4,PORTAL_NEAR,9.566666666666666,472857,14430.450439453125,2319,70.770263671875,14.130228546787409,149,4.547119140625,2170,66.22314453125,0,0.0,0x60CD5E3B,0,1835,384,0.0,7.16796875,1.5,0,0x04,0,0,0,1,0,0,1,0,0,0,,,,,,,,,,,,,,,,,,,,,,
287,4,PORTAL_NEAR,9.6,475181,14501.373291015625,2324,70.9228515625,14.099827882960414,149,4.547119140625,2174,66.34521484375,1,0.030517578125,0x32E6260E,0,1856,384,0.0,7.25,1.5,0,0x04,0,0,0,1,0,0,1,0,0,0,,,,,,,,,,,,,,,,,,,,,,
288,4,PORTAL_NEAR,9.633333333333333,477503,14572.235107421875,2322,70.86181640625,14.111972437553833,148,4.5166015625,2173,66.314697265625,1,0.030517578125,0xCFA1D4FD,0,1877,384,0.0,7.33203125,1.5,0,0x04,0,0,0,1,0,0,1,0,0,0,,,,,,,,,,,,,,,,,,,,,,
289,4,PORTAL_NEAR,9.666666666666666,479841,14643.585205078125,2338,71.35009765625,14.015397775876817,149,4.547119140625,2188,66.7724609375,1,0.030517578125,0x6726E888,0,1898,384,0.0,7.4140625,1.5,0,0x04,0,0,0,1,0,0,1,0,0,0,,,,,,,,,,,,,,,,,,,,,,
290,4,PORTAL_NEAR,9.7,482110,14712.82958984375,2269,69.244384765625,14.44160423093874,149,4.547119140625,2120,64.697265625,0,0.0,0x20263787,0,1919,384,0.0,7.49609375,1.5,0,0x04,0,0,0,1,0,0,1,0,0,0,,,,,,,,,,,,,,,,,,,,,,
291,4,PORTAL_NEAR,9.733333333333333,484378,14782.04345703125,2268,69.2138671875,14.447971781305114,149,4.547119140625,2119,64.666748046875,0,0.0,0x5AE10ADA,0,1940,384,0.0,7.578125,1.5,0,0x04,0,0,0,1,0,0,1,0,0,0,,,,,,,,,,,,,,,,,,,,,,
292,4,PORTAL_NEAR,9.766666666666667,486659,14851.654052734375,2281,69.610595703125,14.365629110039457,149,4.547119140625,2132,65.0634765625,0,0.0,0x5A29A9F9,0,1961,384,0.0,7.66015625,1.5,0,0x04,0,0,0,1,0,0,1,0,0,0,,,,,,,,,,,,,,,,,,,,,,
293,4,PORTAL_NEAR,9.8,488948,14921.5087890625,2289,69.854736328125,14.315421581476627,149,4.547119140625,2140,65.3076171875,0,0.0,0x814E47D4,0,1982,384,0.0,7.7421875,1.5,0,0x04,0,0,0,1,0,0,1,0,0,0,,,,,,,,,,,,,,,,,,,,,,
294,4,PORTAL_NEAR,9.833333333333334,491230,14991.14990234375,2282,69.64111328125,14.359333917616127,149,4.547119140625,2132,65.0634765625,1,0.030517578125,0x18426913,0,2003,384,0.0,7.82421875,1.5,0,0x04,0,0,0,1,0,0,1,0,0,0,,,,,,,,,,,,,,,,,,,,,,
295,4,PORTAL_NEAR,9.866666666666667,493524,15061.1572265625,2294,70.00732421875,14.284219703574543,149,4.547119140625,2145,65.460205078125,0,0.0,0x5E6E5546,0,2024,384,0.0,7.90625,1.5,0,0x04,0,0,0,1,0,0,1,0,0,0,,,,,,,,,,,,,,,,,,,,,,
296,4,PORTAL_NEAR,9.9,495793,15130.401611328125,2269,69.244384765625,14.44160423093874,149,4.547119140625,2119,64.666748046875,1,0.030517578125,0x80998235,0,2045,384,0.0,7.98828125,1.5,0,0x04,0,0,0,1,0,0,1,0,0,0,,,,,,,,,,,,,,,,,,,,,,
297,4,PORTAL_NEAR,9.933333333333334,498072,15199.951171875,2279,69.549560546875,14.378236068451075,149,4.547119140625,2129,64.971923828125,1,0.030517578125,0xB9B1BE5F,0,2066,384,0.0,8.0703125,1.5,0,0x04,0,0,0,1,0,0,1,0,0,0,,,,,,,,,,,,,,,,,,,,,,
298,4,PORTAL_NEAR,9.966666666666667,500362,15269.83642578125,2290,69.88525390625,14.309170305676856,149,4.547119140625,2141,65.338134765625,0,0.0,0x2AD4C960,0,2087,384,0.0,8.15234375,1.5,0,0x04,0,0,0,1,0,0,1,0,0,0,,,,,,,,,,,,,,,,,,,,,,
299,4,PORTAL_NEAR,10.0,502655,15339.813232421875,2293,69.976806640625,14.290449193196686,149,4.547119140625,2143,65.399169921875,1,0.030517578125,0xBFF5AA95,0,2108,384,0.0,8.234375,1.5,0,0x04,0,0,0,1,0,0,1,0,0,0,,,,,,,,,,,,,,,,,,,,,,
300,4,PORTAL_NEAR,10.033333333333333,504959,15410.125732421875,2304,70.3125,14.222222222222221,148,4.5166015625,2156,65.7958984375,0,0.0,0x4D9E3F56,0,2129,384,0.0,8.31640625,1.5,0,0x04,0,0,0,1,0,0,1,0,0,0,,,,,,,,,,,,,,,,,,,,,,
301,4,PORTAL_NEAR,10.066666666666666,507296,15481.4453125,2337,71.319580078125,14.021394950791613,149,4.547119140625,2188,66.7724609375,0,0.0,0xBABF1433,0,2150,384,0.0,8.3984375,1.5,0,0x04,0,0,0,1,0,0,1,0,0,0,,,,,,,,,,,,,,,,,,,,,,
302,4,PORTAL_NEAR,10.1,509646,15553.16162109375,2350,71.71630859375,13.943829787234042,149,4.547119140625,2201,67.169189453125,0,0.0,0x9E77BAD4,0,2171,384,0.0,8.48046875,1.5,0,0x04,0,0,0,1,0,0,1,0,0,0,,,,,,,,,,,,,,,,,,,,,,
303,4,PORTAL_NEAR,10.133333333333333,512015,15625.457763671875,2369,72.296142578125,13.831996623047699,149,4.547119140625,2220,67.7490234375,0,0.0,0xBBB1AF29,0,2192,384,0.0,8.5625,1.5,0,0x04,0,0,0,1,0,0,1,0,0,0,,,,,,,,,,,,,,,,,,,,,,
304,4,PORTAL_NEAR,10.166666666666666,514388,15697.8759765625,2373,72.418212890625,13.808680994521703,148,4.5166015625,2224,67.87109375,1,0.030517578125,0x4629139A,0,2213,384,0.0,8.64453125,1.5,0,0x04,0,0,0,1,0,0,1,0,0,0,,,,,,,,,,,,,,,,,,,,,,
305,4,PORTAL_NEAR,10.2,516773,15770.660400390625,2385,72.784423828125,13.739203354297693,149,4.547119140625,2235,68.206787109375,1,0.030517578125,0xB2BD4927,0,2234,384,0.0,8.7265625,1.5,0,0x04,0,0,0,1,0,0,1,0,0,0,,,,,,,,,,,,,,,,,,,,,,
306,4,PORTAL_NEAR,10.233333333333333,518803,15832.611083984375,2030,61.95068359375,16.141871921182265,149,4.547119140625,1881,57.403564453125,0,0.0,0x75A50988,0,2255,384,0.0,8.80859375,1.5,0,0x04,0,0,0,1,0,0,1,0,0,0,,,,,,,,,,,,,,,,,,,,,,
307,4,PORTAL_NEAR,10.266666666666667,521032,15900.634765625,2229,68.023681640625,14.700762673844773,148,4.5166015625,2081,63.507080078125,0,0.0,0x3350AD5D,0,2276,384,0.0,8.890625,1.5,0,0x04,0,0,0,1,0,0,1,0,0,0,,,,,,,,,,,,,,,,,,,,,,
308,4,PORTAL_NEAR,10.3,523275,15969.085693359375,2243,68.450927734375,14.609005795809184,149,4.547119140625,2093,63.873291015625,1,0.030517578125,0x69A6C0FE,0,2297,384,0.0,8.97265625,1.5,0,0x04,0,0,0,1,0,0,1,0,0,0,,,,,,,,,,,,,,,,,,,,,,
309,4,PORTAL_NEAR,10.333333333333334,525495,16036.834716796875,2220,67.7490234375,14.76036036036036,149,4.547119140625,2070,63.17138671875,1,0.030517578125,0x366CD1EE,0,2318,384,0.0,9.0546875,1.5,0,0x04,0,0,0,1,0,0,1,0,0,0,,,,,,,,,,,,,,,,,,,,,,
310,4,PORTAL_NEAR,10.366666666666667,527714,16104.55322265625,2219,67.718505859375,14.767012167643083,149,4.547119140625,2069,63.140869140625,1,0.030517578125,0xC3435431,0,2339,384,0.0,9.13671875,1.5,0,0x04,0,0,0,1,0,0,1,0,0,0,,,,,,,,,,,,,,,,,,,,,,
311,4,PORTAL_NEAR,10.4,529932,16172.2412109375,2218,67.68798828125,14.773669972948602,149,4.547119140625,2069,63.140869140625,0,0.0,0xCF5C623C,0,2360,384,0.0,9.21875,1.5,0,0x04,0,0,0,1,0,0,1,0,0,0,,,,,,,,,,,,,,,,,,,,,,
312,4,PORTAL_NEAR,10.433333333333334,532150,16239.92919921875,2218,67.68798828125,14.773669972948602,149,4.547119140625,2069,63.140869140625,0,0.0,0xF349B22F,0,2381,384,0.0,9.30078125,1.5,0,0x06,1,1,0,1,0,0,1,0,0,0,63.140869140625,0.030517578125,7.171630859375,0.0,0.0,0.0,41.6259765625,0.67138671875,0.0,13.0615234375,0.579833984375,0,0,0,0,0,0,0,0,0,0,0
313,4,PORTAL_NEAR,10.466666666666667,534776,16320.068359375,2626,80.13916015625,12.478293983244479,149,4.547119140625,2476,75.5615234375,1,0.030517578125,0xB5BF8E02,0,2402,384,0.0,9.3828125,1.5,0,0x04,0,0,0,1,0,0,1,0,0,0,,,,,,,,,,,,,,,,,,,,,,
314,4,PORTAL_NEAR,10.5,537403,16400.238037109375,2627,80.169677734375,12.473543966501714,148,4.5166015625,2478,75.62255859375,1,0.030517578125,0xC450AA05,0,2423,384,0.0,9.46484375,1.5,0,0x04,0,0,0,1,0,0,1,0,0,0,,,,,,,,,,,,,,,,,,,,,,
315,4,PORTAL_NEAR,10.533333333333333,539970,16478.57666015625,2567,78.338623046875,12.76509544215037,149,4.547119140625,2418,73.79150390625,0,0.0,0x6CC07690,0,2444,384,0.0,9.546875,1.5,0,0x0C,0,0,0,1,1,0,1,0,0,0,,,,,,,,,,,,,,,,,,,,,,
316,5,CROSS_DOWN,10.566666666666666,542512,16556.15234375,2542,77.57568359375,12.890637293469709,148,4.5166015625,2393,73.028564453125,1,0.030517578125,0x12BF43D3,0,2465,384,0.0,9.62890625,1.5,0,0x06,1,1,0,1,0,0,1,0,0,0,72.967529296875,0.0,7.2021484375,0.0,0.0,0.0,51.45263671875,0.67138671875,0.0,13.0615234375,0.579833984375,0,0,0,0,0,0,0,0,0,0,0
317,5,CROSS_DOWN,10.6,544999,16632.049560546875,2487,75.897216796875,13.175713711298753,149,4.547119140625,2337,71.319580078125,1,0.030517578125,0xF8731ED6,0,2486,384,0.0,9.7109375,1.5,0,0x04,0,0,0,1,0,0,1,0,0,0,,,,,,,,,,,,,,,,,,,,,,
318,5,CROSS_DOWN,10.633333333333333,548490,16738.58642578125,3491,106.536865234375,9.386422228587797,1169,35.675048828125,2322,70.86181640625,0,0.0,0x55DB212F,3072,1282,1189,12.0,5.0078125,4.64453125,1,0x05,0,0,1,1,0,0,1,0,0,0,,,,,,,,,,,,,,,,,,,,,,
319,5,CROSS_DOWN,10.666666666666666,550971,16814.300537109375,2481,75.714111328125,13.20757758968158,157,4.791259765625,2324,70.9228515625,0,0.0,0x2C3FE3A2,3071,1261,1165,11.99609375,4.92578125,4.55078125,1,0x0C,0,0,0,1,1,0,1,0,0,0,,,,,,,,,,,,,,,,,,,,,,
320,6,RETURN_UP,10.7,553465,16890.411376953125,2494,76.11083984375,13.138732959101844,156,4.7607421875,2337,71.319580078125,1,0.030517578125,0xE58885F5,3071,1261,1165,11.99609375,4.92578125,4.55078125,1,0x14,0,0,0,1,0,1,0,0,0,1,,,,,,,,,,,,,,,,,,,,,,
321,6,RETURN_UP,10.733333333333333,555960,16966.552734375,2495,76.141357421875,13.133466933867735,157,4.791259765625,2337,71.319580078125,1,0.030517578125,0x64268D6D,3071,1261,1165,11.99609375,4.92578125,4.55078125,1,0x10,0,0,0,0,0,1,0,0,0,0,,,,,,,,,,,,,,,,,,,,,,
322,6,RETURN_UP,10.766666666666667,558472,17043.212890625,2512,76.66015625,13.044585987261147,156,4.7607421875,2355,71.868896484375,1,0.030517578125,0x1F13C0A3,3071,1262,1186,11.99609375,4.9296875,4.6328125,1,0x14,0,0,0,1,0,1,-1,0,0,0,,,,,,,,,,,,,,,,,,,,,,
323,6,RETURN_UP,10.8,561086,17122.98583984375,2614,79.77294921875,12.53557765876052,155,4.730224609375,2458,75.01220703125,1,0.030517578125,0x456DF621,3071,1263,1207,11.99609375,4.93359375,4.71484375,1,0x14,0,0,0,1,0,1,-1,0,0,0,,,,,,,,,,,,,,,,,,,,,,
324,6,RETURN_UP,10.833333333333334,564702,17233.33740234375,3616,110.3515625,9.061946902654867,1145,34.942626953125,2470,75.37841796875,1,0.030517578125,0xE3304181,1,2468,400,0.00390625,9.640625,1.5625,0,0x15,0,0,1,1,0,1,-1,0,0,0,,,,,,,,,,,,,,,,,,,,,,
325,6,RETURN_UP,10.866666666666667,567315,17313.079833984375,2613,79.742431640625,12.540375047837735,147,4.486083984375,2466,75.25634765625,0,0.0,0xF5333920,0,2447,399,0.0,9.55859375,1.55859375,0,0x14,0,0,0,1,0,1,-1,0,0,0,,,,,,,,,,,,,,,,,,,,,,
326,6,RETURN_UP,10.9,569783,17388.397216796875,2468,75.3173828125,13.277147487844408,148,4.5166015625,2320,70.80078125,0,0.0,0x5C77CA77,-1,2426,398,-0.00390625,9.4765625,1.5546875,0,0x14,0,0,0,1,0,1,-1,0,0,0,,,,,,,,,,,,,,,,,,,,,,
327,6,RETURN_UP,10.933333333333334,572385,17467.803955078125,2602,79.40673828125,12.593389700230592,147,4.486083984375,2455,74.920654296875,0,0.0,0x2B5C216C,-2,2405,397,-0.0078125,9.39453125,1.55078125,0,0x14,0,0,0,1,0,1,-1,0,0,0,,,,,,,,,,,,,,,,,,,,,,
328,6,RETURN_UP,10.966666666666667,574865,17543.487548828125,2480,75.68359375,13.212903225806452,148,4.5166015625,2332,71.1669921875,0,0.0,0xF6398C29,-3,2384,396,-0.01171875,9.3125,1.546875,0,0x14,0,0,0,1,0,1,-1,0,0,0,,,,,,,,,,,,,,,,,,,,,,
329,6,RETURN_UP,11.0,577360,17619.62890625,2495,76.141357421875,13.133466933867735,148,4.5166015625,2346,71.59423828125,1,0.030517578125,0xA4A3A3D6,-4,2363,395,-0.015625,9.23046875,1.54296875,0,0x1E,1,1,0,1,1,1,-1,0,0,0,71.563720703125,0.030517578125,7.2021484375,0.0,0.0,0.0,49.652099609375,0.67138671875,0.0,13.0615234375,0.946044921875,0,0,0,0,0,0,0,0,0,0,0
330,7,LOD_RETREAT,11.033333333333333,579729,17691.925048828125,2369,72.296142578125,13.831996623047699,147,4.486083984375,2221,67.779541015625,1,0.030517578125,0xF56371FB,-5,2342,394,-0.01953125,9.1484375,1.5390625,0,0x14,0,0,0,1,0,1,-1,0,0,0,,,,,,,,,,,,,,,,,,,,,,
331,7,LOD_RETREAT,11.066666666666666,582017,17761.749267578125,2288,69.82421875,14.321678321678322,148,4.5166015625,2140,65.3076171875,0,0.0,0x7882CB50,-6,2321,393,-0.0234375,9.06640625,1.53515625,0,0x14,0,0,0,1,0,1,-1,0,0,0,,,,,,,,,,,,,,,,,,,,,,
332,7,LOD_RETREAT,11.1,584312,17831.787109375,2295,70.037841796875,14.277995642701525,148,4.5166015625,2147,65.521240234375,0,0.0,0x1ABD154C,-7,2300,392,-0.02734375,8.984375,1.53125,0,0x14,0,0,0,1,0,1,-1,0,0,0,,,,,,,,,,,,,,,,,,,,,,
333,7,LOD_RETREAT,11.133333333333333,586495,17898.406982421875,2183,66.619873046875,15.010535959688502,148,4.5166015625,2034,62.07275390625,1,0.030517578125,0x4DB8A0AB,-8,2279,391,-0.03125,8.90234375,1.52734375,0,0x14,0,0,0,1,0,1,-1,0,0,0,,,,,,,,,,,,,,,,,,,,,,
334,7,LOD_RETREAT,11.166666666666666,588563,17961.517333984375,2068,63.1103515625,15.845261121856867,147,4.486083984375,1921,58.624267578125,0,0.0,0x1BD7CB8E,-9,2258,390,-0.03515625,8.8203125,1.5234375,0,0x14,0,0,0,1,0,1,-1,0,0,0,,,,,,,,,,,,,,,,,,,,,,
335,7,LOD_RETREAT,11.2,591100,18038.9404296875,2537,77.423095703125,12.916042569964524,147,4.486083984375,2389,72.906494140625,1,0.030517578125,0x4C778345,-10,2237,389,-0.0390625,8.73828125,1.51953125,0,0x14,0,0,0,1,0,1,-1,0,0,0,,,,,,,,,,,,,,,,,,,,,,
336,7,LOD_RETREAT,11.233333333333333,593662,18117.12646484375,2562,78.18603515625,12.790007806401249,147,4.486083984375,2415,73.699951171875,0,0.0,0x06EDCEF0,-11,2216,388,-0.04296875,8.65625,1.515625,0,0x14,0,0,0,1,0,1,-1,0,0,0,,,,,,,,,,,,,,,,,,,,,,
337,7,LOD_RETREAT,11.266666666666667,596097,18191.436767578125,2435,74.310302734375,13.457084188911704,148,4.5166015625,2287,69.793701171875,0,0.0,0xC108F23F,-12,2195,387,-0.046875,8.57421875,1.51171875,0,0x14,0,0,0,1,0,1,-1,0,0,0,,,,,,,,,,,,,,,,,,,,,,
338,7,LOD_RETREAT,11.3,598538,18265.93017578125,2441,74.493408203125,13.4240065546907,147,4.486083984375,2294,70.00732421875,0,0.0,0xEB460C72,-13,2174,386,-0.05078125,8.4921875,1.5078125,0,0x16,1,1,0,1,0,1,-1,0,0,0,69.9462890625,0.030517578125,0.18310546875,12.26806640625,3.41796875,2.0751953125,37.109375,0.823974609375,0.0,13.0615234375,0.9765625,0,0,0,0,0,0,0,0,0,0,0
339,7,LOD_RETREAT,11.333333333333334,600977,18340.362548828125,2439,74.432373046875,13.4350143501435,148,4.5166015625,2290,69.88525390625,1,0.030517578125,0xC75B1FA9,-14,2153,385,-0.0546875,8.41015625,1.50390625,0,0x14,0,0,0,1,0,1,-1,0,0,0,,,,,,,,,,,,,,,,,,,,,,
340,7,LOD_RETREAT,11.366666666666667,603381,18413.726806640625,2404,73.3642578125,13.630615640599002,147,4.486083984375,2256,68.84765625,1,0.030517578125,0x551F57A4,-15,2132,384,-0.05859375,8.328125,1.5,0,0x14,0,0,0,1,0,1,-1,0,0,0,,,,,,,,,,,,,,,,,,,,,,
341,7,LOD_RETREAT,11.4,605746,18485.90087890625,2365,72.174072265625,13.855391120507399,147,4.486083984375,2218,67.68798828125,0,0.0,0xA2C57EE3,-16,2111,383,-0.0625,8.24609375,1.49609375,0,0x14,0,0,0,1,0,1,-1,0,0,0,,,,,,,,,,,,,,,,,,,,,,
342,7,LOD_RETREAT,11.433333333333334,608095,18557.586669921875,2349,71.685791015625,13.949765857811835,148,4.5166015625,2200,67.138671875,1,0.030517578125,0x5D84EBA6,-17,2090,382,-0.06640625,8.1640625,1.4921875,0,0x14,0,0,0,1,0,1,-1,0,0,0,,,,,,,,,,,,,,,,,,,,,,
343,7,LOD_RETREAT,11.466666666666667,610443,18629.241943359375,2348,71.6552734375,13.955706984667803,148,4.5166015625,2200,67.138671875,0,0.0,0xA77A597D,-18,2069,381,-0.0703125,8.08203125,1.48828125,0,0x14,0,0,0,1,0,1,-1,0,0,0,,,,,,,,,,,,,,,,,,,,,,
344,7,LOD_RETREAT,11.5,612790,18700.86669921875,2347,71.624755859375,13.961653174265019,148,4.5166015625,2199,67.108154296875,0,0.0,0x55E94EE8,-19,2048,380,-0.07421875,8.0,1.484375,0,0x14,0,0,0,1,0,1,-1,0,0,0,,,,,,,,,,,,,,,,,,,,,,
345,7,LOD_RETREAT,11.533333333333333,615132,18772.3388671875,2342,71.47216796875,13.991460290350128,148,4.5166015625,2194,66.95556640625,0,0.0,0xAB3EB63C,-20,2027,379,-0.078125,7.91796875,1.48046875,0,0x14,0,0,0,1,0,1,-1,0,0,0,,,,,,,,,,,,,,,,,,,,,,
346,7,LOD_RETREAT,11.566666666666666,617476,18843.8720703125,2344,71.533203125,13.979522184300341,148,4.5166015625,2195,66.986083984375,1,0.030517578125,0x78FA7859,-21,2006,378,-0.08203125,7.8359375,1.4765625,0,0x14,0,0,0,1,0,1,-1,0,0,0,,,,,,,,,,,,,,,,,,,,,,
347,7,LOD_RETREAT,11.6,619806,18914.97802734375,2330,71.10595703125,14.06351931330472,147,4.486083984375,2183,66.619873046875,0,0.0,0xE7DBE762,-22,1985,377,-0.0859375,7.75390625,1.47265625,0,0x14,0,0,0,1,0,1,-1,0,0,0,,,,,,,,,,,,,,,,,,,,,,
348,7,LOD_RETREAT,11.633333333333333,622131,18985.931396484375,2325,70.953369140625,14.093763440860215,147,4.486083984375,2177,66.436767578125,1,0.030517578125,0x385BD137,-23,1964,376,-0.08984375,7.671875,1.46875,0,0x14,0,0,0,1,0,1,-1,0,0,0,,,,,,,,,,,,,,,,,,,,,,
349,7,LOD_RETREAT,11.666666666666666,624440,19056.396484375,2309,70.465087890625,14.191424859246426,148,4.5166015625,2161,65.948486328125,0,0.0,0x357E8788,-24,1943,375,-0.09375,7.58984375,1.46484375,0,0x14,0,0,0,1,0,1,-1,0,0,0,,,,,,,,,,,,,,,,,,,,,,
350,7,LOD_RETREAT,11.7,626746,19126.77001953125,2306,70.37353515625,14.209887250650477,147,4.486083984375,2159,65.887451171875,0,0.0,0xDF9E50B5,-25,1922,374,-0.09765625,7.5078125,1.4609375,0,0x14,0,0,0,1,0,1,-1,0,0,0,,,,,,,,,,,,,,,,,,,,,,
351,7,LOD_RETREAT,11.733333333333333,629032,19196.533203125,2286,69.76318359375,14.334208223972004,148,4.5166015625,2137,65.216064453125,1,0.030517578125,0xE76B625E,-26,1901,373,-0.1015625,7.42578125,1.45703125,0,0x14,0,0,0,1,0,1,-1,0,0,0,,,,,,,,,,,,,,,,,,,,,,
352,7,LOD_RETREAT,11.766666666666667,631315,19266.204833984375,2283,69.671630859375,14.353044240035041,147,4.486083984375,2135,65.155029296875,1,0.030517578125,0x95527963,-27,1880,372,-0.10546875,7.34375,1.453125,0,0x14,0,0,0,1,0,1,-1,0,0,0,,,,,,,,,,,,,,,,,,,,,,
353,7,LOD_RETREAT,11.8,633593,19335.723876953125,2278,69.51904296875,14.384547848990342,147,4.486083984375,2131,65.032958984375,0,0.0,0x8E13BCD4,-28,1859,371,-0.109375,7.26171875,1.44921875,0,0x14,0,0,0,1,0,1,-1,0,0,0,,,,,,,,,,,,,,,,,,,,,,
354,7,LOD_RETREAT,11.833333333333334,635876,19405.3955078125,2283,69.671630859375,14.353044240035041,148,4.5166015625,2135,65.155029296875,0,0.0,0xD14DDB71,-29,1838,370,-0.11328125,7.1796875,1.4453125,0,0x14,0,0,0,1,0,1,-1,0,0,0,,,,,,,,,,,,,,,,,,,,,,
355,7,LOD_RETREAT,11.866666666666667,638183,19475.799560546875,2307,70.404052734375,14.203727785002167,148,4.5166015625,2158,65.85693359375,1,0.030517578125,0x68E66BFA,-30,1817,369,-0.1171875,7.09765625,1.44140625,0,0x14,0,0,0,1,0,1,-1,0,0,0,,,,,,,,,,,,,,,,,,,,,,
356,7,LOD_RETREAT,11.9,640387,19543.060302734375,2204,67.2607421875,14.867513611615244,147,4.486083984375,2056,62.744140625,1,0.030517578125,0xA61B072F,-31,1796,368,-0.12109375,7.015625,1.4375,0,0x14,0,0,0,1,0,1,-1,0,0,0,,,,,,,,,,,,,,,,,,,,,,
357,7,LOD_RETREAT,11.933333333333334,642590,19610.29052734375,2203,67.230224609375,14.874262369496142,148,4.5166015625,2054,62.68310546875,1,0.030517578125,0x55966161,-32,1775,367,-0.125,6.93359375,1.43359375,0,0x14,0,0,0,1,0,1,-1,0,0,0,,,,,,,,,,,,,,,,,,,,,,
358,7,LOD_RETREAT,11.966666666666667,644792,19677.490234375,2202,67.19970703125,14.881017257039055,148,4.5166015625,2053,62.652587890625,1,0.030517578125,0x2A16FA7C,-33,1754,366,-0.12890625,6.8515625,1.4296875,0,0x14,0,0,0,1,0,1,-1,0,0,0,,,,,,,,,,,,,,,,,,,,,,
359,7,LOD_RETREAT,12.0,647065,19746.856689453125,2273,69.366455078125,14.416190057193138,147,4.486083984375,2126,64.88037109375,0,0.0,0x7AF63907,-34,1733,365,-0.1328125,6.76953125,1.42578125,0,0x14,0,0,0,1,0,1,-1,0,0,0,,,,,,,,,,,,,,,,,,,,,,
360,7,LOD_RETREAT,12.033333333333333,649337,19816.192626953125,2272,69.3359375,14.422535211267606,147,4.486083984375,2124,64.8193359375,1,0.030517578125,0xD97A20BA,-35,1712,364,-0.13671875,6.6875,1.421875,0,0x14,0,0,0,1,0,1,-1,0,0,0,,,,,,,,,,,,,,,,,,,,,,
361,7,LOD_RETREAT,12.066666666666666,651607,19885.467529296875,2270,69.27490234375,14.4352422907489,148,4.5166015625,2122,64.75830078125,0,0.0,0x08A0658D,-36,1691,363,-0.140625,6.60546875,1.41796875,0,0x14,0,0,0,1,0,1,-1,0,0,0,,,,,,,,,,,,,,,,,,,,,,
362,7,LOD_RETREAT,12.1,653860,19954.2236328125,2253,68.756103515625,14.54416333777186,148,4.5166015625,2104,64.208984375,1,0.030517578125,0x3B2ED158,-37,1670,362,-0.14453125,6.5234375,1.4140625,0,0x14,0,0,0,1,0,1,-1,0,0,0,,,,,,,,,,,,,,,,,,,,,,
363,7,LOD_RETREAT,12.133333333333333,656115,20023.040771484375,2255,68.817138671875,14.531263858093126,148,4.5166015625,2106,64.27001953125,1,0.030517578125,0x6FE1A9A3,-38,1649,361,-0.1484375,6.44140625,1.41015625,0,0x14,0,0,0,1,0,1,-1,0,0,0,,,,,,,,,,,,,,,,,,,,,,
364,7,LOD_RETREAT,12.166666666666666,658363,20091.644287109375,2248,68.603515625,14.576512455516013,147,4.486083984375,2101,64.117431640625,0,0.0,0xF40E85E6,-39,1628,360,-0.15234375,6.359375,1.40625,0,0x14,0,0,0,1,0,1,-1,0,0,0,,,,,,,,,,,,,,,,,,,,,,
365,7,LOD_RETREAT,12.2,660529,20157.745361328125,2166,66.10107421875,15.128347183748845,147,4.486083984375,2019,61.614990234375,0,0.0,0x72D9B089,-40,1607,359,-0.15625,6.27734375,1.40234375,0,0x14,0,0,0,1,0,1,-1,0,0,0,,,,,,,,,,,,,,,,,,,,,,
366,7,LOD_RETREAT,12.233333333333333,662690,20223.69384765625,2161,65.948486328125,15.163350300786673,147,4.486083984375,2013,61.431884765625,1,0.030517578125,0x49A65404,-41,1586,358,-0.16015625,6.1953125,1.3984375,0,0x14,0,0,0,1,0,1,-1,0,0,0,,,,,,,,,,,,,,,,,,,,,,
367,7,LOD_RETREAT,12.266666666666667,664824,20288.818359375,2134,65.12451171875,15.355201499531397,147,4.486083984375,1986,60.60791015625,1,0.030517578125,0x0BBFB66F,-42,1565,357,-0.1640625,6.11328125,1.39453125,0,0x14,0,0,0,1,0,1,-1,0,0,0,,,,,,,,,,,,,,,,,,,,,,
368,7,LOD_RETREAT,12.3,666953,20353.790283203125,2129,64.971923828125,15.391263503992485,148,4.5166015625,1980,60.4248046875,1,0.030517578125,0x891258C2,-43,1544,356,-0.16796875,6.03125,1.390625,0,0x14,0,0,0,1,0,1,-1,0,0,0,,,,,,,,,,,,,,,,,,,,,,
369,7,LOD_RETREAT,12.333333333333334,669088,20418.9453125,2135,65.155029296875,15.348009367681499,147,4.486083984375,1988,60.6689453125,0,0.0,0xF99191D2,-44,1523,355,-0.171875,5.94921875,1.38671875,0,0x14,0,0,0,1,0,1,-1,0,0,0,,,,,,,,,,,,,,,,,,,,,,
370,7,LOD_RETREAT,12.366666666666667,671223,20484.100341796875,2135,65.155029296875,15.348009367681499,148,4.5166015625,1986,60.60791015625,1,0.030517578125,0xE444F69F,-45,1502,354,-0.17578125,5.8671875,1.3828125,0,0x14,0,0,0,1,0,1,-1,0,0,0,,,,,,,,,,,,,,,,,,,,,,
371,7,LOD_RETREAT,12.4,673355,20549.163818359375,2132,65.0634765625,15.369606003752345,148,4.5166015625,1984,60.546875,0,0.0,0x40905A1C,-46,1481,353,-0.1796875,5.78515625,1.37890625,0,0x14,0,0,0,1,0,1,-1,0,0,0,,,,,,,,,,,,,,,,,,,,,,
372,7,LOD_RETREAT,12.433333333333334,675472,20613.76953125,2117,64.605712890625,15.478507321681626,148,4.5166015625,1968,60.05859375,1,0.030517578125,0x53054201,-47,1460,352,-0.18359375,5.703125,1.375,0,0x14,0,0,0,1,0,1,-1,0,0,0,,,,,,,,,,,,,,,,,,,,,,
373,7,LOD_RETREAT,12.466666666666667,677586,20678.28369140625,2114,64.51416015625,15.500473036896878,147,4.486083984375,1966,59.99755859375,1,0.030517578125,0x7A204B3E,-48,1439,351,-0.1875,5.62109375,1.37109375,0,0x14,0,0,0,1,0,1,-1,0,0,0,,,,,,,,,,,,,,,,,,,,,,
374,7,LOD_RETREAT,12.5,679683,20742.279052734375,2097,63.995361328125,15.626132570338578,147,4.486083984375,1950,59.50927734375,0,0.0,0x5CF2055B,-49,1418,350,-0.19140625,5.5390625,1.3671875,0,0x14,0,0,0,1,0,1,-1,0,0,0,,,,,,,,,,,,,,,,,,,,,,
375,7,LOD_RETREAT,12.533333333333333,681785,20806.427001953125,2102,64.14794921875,15.58896289248335,147,4.486083984375,1955,59.661865234375,0,0.0,0x596A5818,-50,1397,349,-0.1953125,5.45703125,1.36328125,0,0x14,0,0,0,1,0,1,-1,0,0,0,,,,,,,,,,,,,,,,,,,,,,
376,7,LOD_RETREAT,12.566666666666666,683884,20870.4833984375,2099,64.056396484375,15.611243449261552,148,4.5166015625,1951,59.539794921875,0,0.0,0xFF08E4ED,-51,1376,348,-0.19921875,5.375,1.359375,0,0x14,0,0,0,1,0,1,-1,0,0,0,,,,,,,,,,,,,,,,,,,,,,
377,7,LOD_RETREAT,12.6,685978,20934.38720703125,2094,63.90380859375,15.648519579751671,148,4.5166015625,1945,59.356689453125,1,0.030517578125,0xA8F2C94A,-52,1355,347,-0.203125,5.29296875,1.35546875,0,0x1C,0,0,0,1,1,1,-1,0,0,0,,,,,,,,,,,,,,,,,,,,,,
378,8,LOD_APPROACH,12.633333333333333,688075,20998.382568359375,2097,63.995361328125,15.626132570338578,147,4.486083984375,1950,59.50927734375,0,0.0,0x4D002ED7,-51,1376,348,-0.19921875,5.375,1.359375,0,0x14,0,0,0,1,0,1,1,0,0,0,,,,,,,,,,,,,,,,,,,,,,
379,8,LOD_APPROACH,12.666666666666666,690178,21062.56103515625,2103,64.178466796875,15.581550166428912,147,4.486083984375,1955,59.661865234375,1,0.030517578125,0x09B88652,-50,1397,349,-0.1953125,5.45703125,1.36328125,0,0x14,0,0,0,1,0,1,1,0,0,0,,,,,,,,,,,,,,,,,,,,,,
380,8,LOD_APPROACH,12.7,692276,21126.5869140625,2098,64.02587890625,15.618684461391801,147,4.486083984375,1950,59.50927734375,1,0.030517578125,0xCDD83805,-49,1418,350,-0.19140625,5.5390625,1.3671875,0,0x14,0,0,0,1,0,1,1,0,0,0,,,,,,,,,,,,,,,,,,,,,,
381,8,LOD_APPROACH,12.733333333333333,694389,21191.070556640625,2113,64.483642578125,15.50780880265026,148,4.5166015625,1965,59.967041015625,0,0.0,0x6D2BFD58,-48,1439,351,-0.1875,5.62109375,1.37109375,0,0x14,0,0,0,1,0,1,1,0,0,0,,,,,,,,,,,,,,,,,,,,,,
382,8,LOD_APPROACH,12.766666666666667,696505,21255.645751953125,2116,64.5751953125,15.485822306238186,147,4.486083984375,1969,60.089111328125,0,0.0,0x6961D88B,-47,1460,352,-0.18359375,5.703125,1.375,0,0x14,0,0,0,1,0,1,1,0,0,0,,,,,,,,,,,,,,,,,,,,,,
383,8,LOD_APPROACH,12.8,698638,21320.73974609375,2133,65.093994140625,15.362400375058604,147,4.486083984375,1985,60.577392578125,1,0.030517578125,0x28A5ED36,-46,1481,353,-0.1796875,5.78515625,1.37890625,0,0x14,0,0,0,1,0,1,1,0,0,0,,,,,,,,,,,,,,,,,,,,,,
384,8,LOD_APPROACH,12.833333333333334,700773,21385.894775390625,2135,65.155029296875,15.348009367681499,148,4.5166015625,1986,60.60791015625,1,0.030517578125,0xE48DD0E9,-45,1502,354,-0.17578125,5.8671875,1.3828125,0,0x14,0,0,0,1,0,1,1,0,0,0,,,,,,,,,,,,,,,,,,,,,,
385,8,LOD_APPROACH,12.866666666666667,702909,21451.080322265625,2136,65.185546875,15.340823970037453,148,4.5166015625,1987,60.638427734375,1,0.030517578125,0xC38C156C,-44,1523,355,-0.171875,5.94921875,1.38671875,0,0x14,0,0,0,1,0,1,1,0,0,0,,,,,,,,,,,,,,,,,,,,,,
386,8,LOD_APPROACH,12.9,705038,21516.05224609375,2129,64.971923828125,15.391263503992485,148,4.5166015625,1980,60.4248046875,1,0.030517578125,0x8254B51C,-43,1544,356,-0.16796875,6.03125,1.390625,0,0x14,0,0,0,1,0,1,1,0,0,0,,,,,,,,,,,,,,,,,,,,,,
387,8,LOD_APPROACH,12.933333333333334,707172,21581.1767578125,2134,65.12451171875,15.355201499531397,148,4.5166015625,1985,60.577392578125,1,0.030517578125,0xF9894479,-42,1565,357,-0.1640625,6.11328125,1.39453125,0,0x14,0,0,0,1,0,1,1,0,0,0,,,,,,,,,,,,,,,,,,,,,,
388,8,LOD_APPROACH,12.966666666666667,709332,21647.0947265625,2160,65.91796875,15.170370370370371,147,4.486083984375,2013,61.431884765625,0,0.0,0x404CAEBE,-41,1586,358,-0.16015625,6.1953125,1.3984375,0,0x14,0,0,0,1,0,1,1,0,0,0,,,,,,,,,,,,,,,,,,,,,,
389,8,LOD_APPROACH,13.0,711498,21713.19580078125,2166,66.10107421875,15.128347183748845,147,4.486083984375,2019,61.614990234375,0,0.0,0x4A50E553,-40,1607,359,-0.15625,6.27734375,1.40234375,0,0x14,0,0,0,1,0,1,1,0,0,0,,,,,,,,,,,,,,,,,,,,,,
390,8,LOD_APPROACH,13.033333333333333,713747,21781.829833984375,2249,68.634033203125,14.57003112494442,147,4.486083984375,2101,64.117431640625,1,0.030517578125,0x7ED10880,-39,1628,360,-0.15234375,6.359375,1.40625,0,0x14,0,0,0,1,0,1,1,0,0,0,,,,,,,,,,,,,,,,,,,,,,
391,8,LOD_APPROACH,13.066666666666666,716001,21850.616455078125,2254,68.78662109375,14.537710736468501,147,4.486083984375,2106,64.27001953125,1,0.030517578125,0xC510522D,-38,1649,361,-0.1484375,6.44140625,1.41015625,0,0x14,0,0,0,1,0,1,1,0,0,0,,,,,,,,,,,,,,,,,,,,,,
392,8,LOD_APPROACH,13.1,718252,21919.3115234375,2251,68.695068359375,14.557085739671257,147,4.486083984375,2103,64.178466796875,1,0.030517578125,0x2D35DF92,-37,1670,362,-0.14453125,6.5234375,1.4140625,0,0x14,0,0,0,1,0,1,1,0,0,0,,,,,,,,,,,,,,,,,,,,,,
393,8,LOD_APPROACH,13.133333333333333,720522,21988.58642578125,2270,69.27490234375,14.4352422907489,147,4.486083984375,2122,64.75830078125,1,0.030517578125,0xEDF495F7,-36,1691,363,-0.140625,6.60546875,1.41796875,0,0x14,0,0,0,1,0,1,1,0,0,0,,,,,,,,,,,,,,,,,,,,,,
394,8,LOD_APPROACH,13.166666666666666,722792,22057.861328125,2270,69.27490234375,14.4352422907489,147,4.486083984375,2123,64.788818359375,0,0.0,0xA1277674,-35,1712,364,-0.13671875,6.6875,1.421875,0,0x14,0,0,0,1,0,1,1,0,0,0,,,,,,,,,,,,,,,,,,,,,,
395,8,LOD_APPROACH,13.2,725065,22127.227783203125,2273,69.366455078125,14.416190057193138,147,4.486083984375,2126,64.88037109375,0,0.0,0x15EEA471,-34,1733,365,-0.1328125,6.76953125,1.42578125,0,0x14,0,0,0,1,0,1,1,0,0,0,,,,,,,,,,,,,,,,,,,,,,
396,8,LOD_APPROACH,13.233333333333333,727410,22198.79150390625,2345,71.563720703125,13.973560767590618,147,4.486083984375,2198,67.07763671875,0,0.0,0xB4086516,-33,1754,366,-0.12890625,6.8515625,1.4296875,0,0x14,0,0,0,1,0,1,1,0,0,0,,,,,,,,,,,,,,,,,,,,,,
397,8,LOD_APPROACH,13.266666666666667,729676,22267.9443359375,2266,69.15283203125,14.46072374227714,147,4.486083984375,2118,64.63623046875,1,0.030517578125,0xD3CEDB6B,-32,1775,367,-0.125,6.93359375,1.43359375,0,0x14,0,0,0,1,0,1,1,0,0,0,,,,,,,,,,,,,,,,,,,,,,
398,8,LOD_APPROACH,13.3,731946,22337.21923828125,2270,69.27490234375,14.4352422907489,147,4.486083984375,2123,64.788818359375,0,0.0,0x37907739,-31,1796,368,-0.12109375,7.015625,1.4375,0,0x14,0,0,0,1,0,1,1,0,0,0,,,,,,,,,,,,,,,,,,,,,,
399,8,LOD_APPROACH,13.333333333333334,734320,22409.66796875,2374,72.44873046875,13.802864363942712,147,4.486083984375,2227,67.962646484375,0,0.0,0x354D8EB4,-30,1817,369,-0.1171875,7.09765625,1.44140625,0,0x14,0,0,0,1,0,1,1,0,0,0,,,,,,,,,,,,,,,,,,,,,,
400,8,LOD_APPROACH,13.366666666666667,736696,22482.177734375,2376,72.509765625,13.79124579124579,147,4.486083984375,2229,68.023681640625,0,0.0,0xB989B73B,-29,1838,370,-0.11328125,7.1796875,1.4453125,0,0x14,0,0,0,1,0,1,1,0,0,0,,,,,,,,,,,,,,,,,,,,,,
401,8,LOD_APPROACH,13.4,739071,22554.656982421875,2375,72.479248046875,13.797052631578948,147,4.486083984375,2228,67.9931640625,0,0.0,0xA649088E,-28,1859,371,-0.109375,7.26171875,1.44921875,0,0x14,0,0,0,1,0,1,1,0,0,0,,,,,,,,,,,,,,,,,,,,,,
402,8,LOD_APPROACH,13.433333333333334,741442,22627.01416015625,2371,72.357177734375,13.820328975115984,147,4.486083984375,2224,67.87109375,0,0.0,0x81CF51ED,-27,1880,372,-0.10546875,7.34375,1.453125,0,0x14,0,0,0,1,0,1,1,0,0,0,,,,,,,,,,,,,,,,,,,,,,
403,8,LOD_APPROACH,13.466666666666667,743728,22696.77734375,2286,69.76318359375,14.334208223972004,147,4.486083984375,2138,65.24658203125,1,0.030517578125,0x141BC178,-26,1901,373,-0.1015625,7.42578125,1.45703125,0,0x14,0,0,0,1,0,1,1,0,0,0,,,,,,,,,,,,,,,,,,,,,,
404,8,LOD_APPROACH,13.5,746036,22767.2119140625,2308,70.4345703125,14.197573656845753,148,4.5166015625,2159,65.887451171875,1,0.030517578125,0xBB50435F,-25,1922,374,-0.09765625,7.5078125,1.4609375,0,0x14,0,0,0,1,0,1,1,0,0,0,,,,,,,,,,,,,,,,,,,,,,
405,8,LOD_APPROACH,13.533333333333333,748347,22837.738037109375,2311,70.526123046875,14.179143228039809,148,4.5166015625,2162,65.97900390625,1,0.030517578125,0x03554D82,-24,1943,375,-0.09375,7.58984375,1.46484375,0,0x14,0,0,0,1,0,1,1,0,0,0,,,,,,,,,,,,,,,,,,,,,,
406,8,LOD_APPROACH,13.566666666666666,750672,22908.69140625,2325,70.953369140625,14.093763440860215,148,4.5166015625,2176,66.40625,1,0.030517578125,0x3EEA4DA1,-23,1964,376,-0.08984375,7.671875,1.46875,0,0x14,0,0,0,1,0,1,1,0,0,0,,,,,,,,,,,,,,,,,,,,,,
407,8,LOD_APPROACH,13.6,753002,22979.79736328125,2330,71.10595703125,14.06351931330472,147,4.486083984375,2183,66.619873046875,0,0.0,0x3C71A03C,-22,1985,377,-0.0859375,7.75390625,1.47265625,0,0x14,0,0,0,1,0,1,1,0,0,0,,,,,,,,,,,,,,,,,,,,,,
408,8,LOD_APPROACH,13.633333333333333,755346,23051.33056640625,2344,71.533203125,13.979522184300341,148,4.5166015625,2195,66.986083984375,1,0.030517578125,0xDC36DBE3,-21,2006,378,-0.08203125,7.8359375,1.4765625,0,0x14,0,0,0,1,0,1,1,0,0,0,,,,,,,,,,,,,,,,,,,,,,
409,8,LOD_APPROACH,13.666666666666666,757687,23122.772216796875,2341,71.441650390625,13.997436992738146,147,4.486083984375,2194,66.95556640625,0,0.0,0xAEE872D6,-20,2027,379,-0.078125,7.91796875,1.48046875,0,0x14,0,0,0,1,0,1,1,0,0,0,,,,,,,,,,,,,,,,,,,,,,
410,8,LOD_APPROACH,13.7,760035,23194.427490234375,2348,71.6552734375,13.955706984667803,148,4.5166015625,2200,67.138671875,0,0.0,0xF16AEBE2,-19,2048,380,-0.07421875,8.0,1.484375,0,0x14,0,0,0,1,0,1,1,0,0,0,,,,,,,,,,,,,,,,,,,,,,
411,8,LOD_APPROACH,13.733333333333333,762382,23266.05224609375,2347,71.624755859375,13.961653174265019,147,4.486083984375,2200,67.138671875,0,0.0,0xD823C5E7,-18,2069,381,-0.0703125,8.08203125,1.48828125,0,0x14,0,0,0,1,0,1,1,0,0,0,,,,,,,,,,,,,,,,,,,,,,
412,8,LOD_APPROACH,13.766666666666667,764730,23337.70751953125,2348,71.6552734375,13.955706984667803,147,4.486083984375,2201,67.169189453125,0,0.0,0x15BBCA40,-17,2090,382,-0.06640625,8.1640625,1.4921875,0,0x14,0,0,0,1,0,1,1,0,0,0,,,,,,,,,,,,,,,,,,,,,,
413,8,LOD_APPROACH,13.8,767096,23409.912109375,2366,72.20458984375,13.84953508030431,147,4.486083984375,2219,67.718505859375,0,0.0,0x73E6CF6D,-16,2111,383,-0.0625,8.24609375,1.49609375,0,0x14,0,0,0,1,0,1,1,0,0,0,,,,,,,,,,,,,,,,,,,,,,
414,8,LOD_APPROACH,13.833333333333334,769499,23483.245849609375,2403,73.333740234375,13.636287973366626,147,4.486083984375,2256,68.84765625,0,0.0,0x77C63D5E,-15,2132,384,-0.05859375,8.328125,1.5,0,0x14,0,0,0,1,0,1,1,0,0,0,,,,,,,,,,,,,,,,,,,,,,
415,8,LOD_APPROACH,13.866666666666667,771937,23557.647705078125,2438,74.40185546875,13.440525020508614,147,4.486083984375,2290,69.88525390625,1,0.030517578125,0x0B82ACF3,-14,2153,385,-0.0546875,8.41015625,1.50390625,0,0x14,0,0,0,1,0,1,1,0,0,0,,,,,,,,,,,,,,,,,,,,,,
416,8,LOD_APPROACH,13.9,774377,23632.110595703125,2440,74.462890625,13.429508196721311,147,4.486083984375,2293,69.976806640625,0,0.0,0xAF688A0C,-13,2174,386,-0.05078125,8.4921875,1.5078125,0,0x16,1,1,0,1,0,1,1,0,0,0,69.9462890625,0.030517578125,0.18310546875,12.26806640625,3.41796875,2.0751953125,37.109375,0.823974609375,0.0,13.0615234375,0.9765625,0,0,0,0,0,0,0,0,0,0,0
417,8,LOD_APPROACH,13.933333333333334,776811,23706.390380859375,2434,74.27978515625,13.462612982744453,147,4.486083984375,2287,69.793701171875,0,0.0,0x73C02589,-12,2195,387,-0.046875,8.57421875,1.51171875,0,0x14,0,0,0,1,0,1,1,0,0,0,,,,,,,,,,,,,,,,,,,,,,
418,8,LOD_APPROACH,13.966666666666667,779373,23784.576416015625,2562,78.18603515625,12.790007806401249,147,4.486083984375,2415,73.699951171875,0,0.0,0xAB9B46AA,-11,2216,388,-0.04296875,8.65625,1.515625,0,0x14,0,0,0,1,0,1,1,0,0,0,,,,,,,,,,,,,,,,,,,,,,
419,8,LOD_APPROACH,14.0,781910,23861.99951171875,2537,77.423095703125,12.916042569964524,147,4.486083984375,2389,72.906494140625,1,0.030517578125,0x33D8802F,-10,2237,389,-0.0390625,8.73828125,1.51953125,0,0x14,0,0,0,1,0,1,1,0,0,0,,,,,,,,,,,,,,,,,,,,,,
420,8,LOD_APPROACH,14.033333333333333,783979,23925.140380859375,2069,63.140869140625,15.837602706621556,147,4.486083984375,1921,58.624267578125,1,0.030517578125,0xC446B768,-9,2258,390,-0.03515625,8.8203125,1.5234375,0,0x14,0,0,0,1,0,1,1,0,0,0,,,,,,,,,,,,,,,,,,,,,,
421,8,LOD_APPROACH,14.066666666666666,786162,23991.76025390625,2183,66.619873046875,15.010535959688502,148,4.5166015625,2034,62.07275390625,1,0.030517578125,0x51285415,-8,2279,391,-0.03125,8.90234375,1.52734375,0,0x14,0,0,0,1,0,1,1,0,0,0,,,,,,,,,,,,,,,,,,,,,,
422,8,LOD_APPROACH,14.1,788457,24061.798095703125,2295,70.037841796875,14.277995642701525,147,4.486083984375,2148,65.5517578125,0,0.0,0x70E57126,-7,2300,392,-0.02734375,8.984375,1.53125,0,0x14,0,0,0,1,0,1,1,0,0,0,,,,,,,,,,,,,,,,,,,,,,
423,8,LOD_APPROACH,14.133333333333333,790747,24131.683349609375,2290,69.88525390625,14.309170305676856,148,4.5166015625,2141,65.338134765625,1,0.030517578125,0xA7C9170A,-6,2321,393,-0.0234375,9.06640625,1.53515625,0,0x14,0,0,0,1,0,1,1,0,0,0,,,,,,,,,,,,,,,,,,,,,,
424,8,LOD_APPROACH,14.166666666666666,793114,24203.91845703125,2367,72.235107421875,13.84368398817068,147,4.486083984375,2220,67.7490234375,0,0.0,0x4BE464A5,-5,2342,394,-0.01953125,9.1484375,1.5390625,0,0x14,0,0,0,1,0,1,1,0,0,0,,,,,,,,,,,,,,,,,,,,,,
425,8,LOD_APPROACH,14.2,795608,24280.029296875,2494,76.11083984375,13.138732959101844,147,4.486083984375,2346,71.59423828125,1,0.030517578125,0x4FA9DD30,-4,2363,395,-0.015625,9.23046875,1.54296875,0,0x14,0,0,0,1,0,1,1,0,0,0,,,,,,,,,,,,,,,,,,,,,,
426,8,LOD_APPROACH,14.233333333333333,798087,24355.682373046875,2479,75.653076171875,13.218233158531666,147,4.486083984375,2332,71.1669921875,0,0.0,0xF4A56F73,-3,2384,396,-0.01171875,9.3125,1.546875,0,0x14,0,0,0,1,0,1,1,0,0,0,,,,,,,,,,,,,,,,,,,,,,
427,8,LOD_APPROACH,14.266666666666667,800689,24435.089111328125,2602,79.40673828125,12.593389700230592,147,4.486083984375,2455,74.920654296875,0,0.0,0x8BFE6F46,-2,2405,397,-0.0078125,9.39453125,1.55078125,0,0x14,0,0,0,1,0,1,1,0,0,0,,,,,,,,,,,,,,,,,,,,,,
428,8,LOD_APPROACH,14.3,803158,24510.43701171875,2469,75.347900390625,13.271769947347105,147,4.486083984375,2321,70.831298828125,1,0.030517578125,0xDCCA4BE1,-1,2426,398,-0.00390625,9.4765625,1.5546875,0,0x14,0,0,0,1,0,1,1,0,0,0,,,,,,,,,,,,,,,,,,,,,,
429,8,LOD_APPROACH,14.333333333333334,805771,24590.179443359375,2613,79.742431640625,12.540375047837735,147,4.486083984375,2465,75.225830078125,1,0.030517578125,0x0ED9BE1A,0,2447,399,0.0,9.55859375,1.55859375,0,0x14,0,0,0,1,0,1,1,0,0,0,,,,,,,,,,,,,,,,,,,,,,
430,8,LOD_APPROACH,14.366666666666667,808387,24670.013427734375,2616,79.833984375,12.525993883792049,147,4.486083984375,2469,75.347900390625,0,0.0,0x40AE6F75,1,2468,400,0.00390625,9.640625,1.5625,0,0x14,0,0,0,1,0,1,1,0,0,0,,,,,,,,,,,,,,,,,,,,,,
431,8,LOD_APPROACH,14.4,811131,24753.753662109375,2744,83.740234375,11.941690962099125,147,4.486083984375,2596,79.2236328125,1,0.030517578125,0x06EC46A0,2,2489,401,0.0078125,9.72265625,1.56640625,0,0x14,0,0,0,1,0,1,1,0,0,0,,,,,,,,,,,,,,,,,,,,,,
432,8,LOD_APPROACH,14.433333333333334,815040,24873.046875,3909,119.293212890625,8.382706574571502,1143,34.881591796875,2766,84.41162109375,0,0.0,0x545FA80F,3069,1262,1186,11.98828125,4.9296875,4.6328125,1,0x15,0,0,1,1,0,1,1,0,0,0,,,,,,,,,,,,,,,,,,,,,,
433,8,LOD_APPROACH,14.466666666666667,817883,24959.808349609375,2843,86.761474609375,11.525852972212451,156,4.7607421875,2686,81.97021484375,1,0.030517578125,0x2D2E4954,3069,1262,1165,11.98828125,4.9296875,4.55078125,1,0x14,0,0,0,1,0,1,1,0,0,0,,,,,,,,,,,,,,,,,,,,,,
434,8,LOD_APPROACH,14.5,820715,25046.234130859375,2832,86.42578125,11.570621468926554,156,4.7607421875,2676,81.6650390625,0,0.0,0xF000B19D,3069,1262,1144,11.98828125,4.9296875,4.46875,1,0x14,0,0,0,1,0,1,1,0,0,0,,,,,,,,,,,,,,,,,,,,,,
435,8,LOD_APPROACH,14.533333333333333,823533,25132.232666015625,2818,85.99853515625,11.628105039034777,156,4.7607421875,2661,81.207275390625,1,0.030517578125,0x84453EEE,3069,1262,1123,11.98828125,4.9296875,4.38671875,1,0x14,0,0,0,1,0,1,1,0,0,0,,,,,,,,,,,,,,,,,,,,,,
436,8,LOD_APPROACH,14.566666666666666,826351,25218.231201171875,2818,85.99853515625,11.628105039034777,156,4.7607421875,2662,81.23779296875,0,0.0,0x0D408297,3069,1262,1102,11.98828125,4.9296875,4.3046875,1,0x14,0,0,0,1,0,1,1,0,0,0,,,,,,,,,,,,,,,,,,,,,,
437,8,LOD_APPROACH,14.6,829162,25304.01611328125,2811,85.784912109375,11.657061543934542,156,4.7607421875,2655,81.024169921875,0,0.0,0x8028BE00,3069,1262,1081,11.98828125,4.9296875,4.22265625,1,0x1C,0,0,0,1,1,1,1,0,0,0,,,,,,,,,,,,,,,,,,,,,,
438,9,FREECAM_YAW,14.633333333333333,831956,25389.2822265625,2794,85.26611328125,11.727988546886184,163,4.974365234375,2630,80.26123046875,1,0.030517578125,0x53C02975,3069,1262,1081,11.98828125,4.9296875,4.22265625,1,0x14,0,0,0,1,0,1,0,1,0,0,,,,,,,,,,,,,,,,,,,,,,
439,9,FREECAM_YAW,14.666666666666666,834769,25475.128173828125,2813,85.845947265625,11.648773551368645,163,4.974365234375,2650,80.87158203125,0,0.0,0xA2A40271,3069,1262,1081,11.98828125,4.9296875,4.22265625,1,0x14,0,0,0,1,0,1,0,1,0,0,,,,,,,,,,,,,,,,,,,,,,
440,9,FREECAM_YAW,14.7,837555,25560.150146484375,2786,85.02197265625,11.761665470208184,163,4.974365234375,2623,80.047607421875,0,0.0,0xC113AF95,3069,1262,1081,11.98828125,4.9296875,4.22265625,1,0x14,0,0,0,1,0,1,0,1,0,0,,,,,,,,,,,,,,,,,,,,,,
441,9,FREECAM_YAW,14.733333333333333,840269,25642.974853515625,2714,82.82470703125,12.073691967575535,163,4.974365234375,2551,77.850341796875,0,0.0,0xFF8769B6,3069,1262,1081,11.98828125,4.9296875,4.22265625,1,0x14,0,0,0,1,0,1,0,1,0,0,,,,,,,,,,,,,,,,,,,,,,
442,9,FREECAM_YAW,14.766666666666667,842927,25724.090576171875,2658,81.11572265625,12.328066215199398,163,4.974365234375,2494,76.11083984375,1,0.030517578125,0x042130CE,3069,1262,1081,11.98828125,4.9296875,4.22265625,1,0x14,0,0,0,1,0,1,0,1,0,0,,,,,,,,,,,,,,,,,,,,,,
443,9,FREECAM_YAW,14.8,845646,25807.06787109375,2719,82.977294921875,12.051489518205223,162,4.94384765625,2556,78.0029296875,1,0.030517578125,0x70927F5D,3069,1262,1081,11.98828125,4.9296875,4.22265625,1,0x14,0,0,0,1,0,1,0,1,0,0,,,,,,,,,,,,,,,,,,,,,,
444,9,FREECAM_YAW,14.833333333333334,848327,25888.885498046875,2681,81.817626953125,12.22230511003357,162,4.94384765625,2518,76.84326171875,1,0.030517578125,0xD2CB2DFC,3069,1262,1081,11.98828125,4.9296875,4.22265625,1,0x14,0,0,0,1,0,1,0,1,0,0,,,,,,,,,,,,,,,,,,,,,,
445,9,FREECAM_YAW,14.866666666666667,850892,25967.1630859375,2565,78.277587890625,12.77504873294347,163,4.974365234375,2401,73.272705078125,1,0.030517578125,0x0DC77C76,3069,1262,1081,11.98828125,4.9296875,4.22265625,1,0x14,0,0,0,1,0,1,0,1,0,0,,,,,,,,,,,,,,,,,,,,,,
446,9,FREECAM_YAW,14.9,853423,26044.403076171875,2531,77.239990234375,12.946661398656657,163,4.974365234375,2368,72.265625,0,0.0,0x646433BE,3069,1262,1081,11.98828125,4.9296875,4.22265625,1,0x14,0,0,0,1,0,1,0,1,0,0,,,,,,,,,,,,,,,,,,,,,,
447,9,FREECAM_YAW,14.933333333333334,855854,26118.59130859375,2431,74.188232421875,13.479226655697245,163,4.974365234375,2268,69.2138671875,0,0.0,0x3DDA4090,3069,1262,1081,11.98828125,4.9296875,4.22265625,1,0x14,0,0,0,1,0,1,0,1,0,0,,,,,,,,,,,,,,,,,,,,,,
448,9,FREECAM_YAW,14.966666666666667,858220,26190.7958984375,2366,72.20458984375,13.84953508030431,163,4.974365234375,2203,67.230224609375,0,0.0,0xFFCB4259,3069,1262,1081,11.98828125,4.9296875,4.22265625,1,0x14,0,0,0,1,0,1,0,1,0,0,,,,,,,,,,,,,,,,,,,,,,
449,9,FREECAM_YAW,15.0,860600,26263.427734375,2380,72.6318359375,13.768067226890757,163,4.974365234375,2216,67.626953125,1,0.030517578125,0xBF360EA3,3069,1262,1081,11.98828125,4.9296875,4.22265625,1,0x14,0,0,0,1,0,1,0,1,0,0,,,,,,,,,,,,,,,,,,,,,,
450,9,FREECAM_YAW,15.033333333333333,863125,26340.484619140625,2525,77.056884765625,12.977425742574258,162,4.94384765625,2363,72.113037109375,0,0.0,0x60A33A9C,3069,1262,1081,11.98828125,4.9296875,4.22265625,1,0x14,0,0,0,1,0,1,0,1,0,0,,,,,,,,,,,,,,,,,,,,,,
451,9,FREECAM_YAW,15.066666666666666,865648,26417.48046875,2523,76.995849609375,12.987713040031709,163,4.974365234375,2360,72.021484375,0,0.0,0x198020E6,3069,1262,1081,11.98828125,4.9296875,4.22265625,1,0x14,0,0,0,1,0,1,0,1,0,0,,,,,,,,,,,,,,,,,,,,,,
452,9,FREECAM_YAW,15.1,868328,26499.267578125,2680,81.787109375,12.226865671641791,163,4.974365234375,2516,76.7822265625,1,0.030517578125,0x3F7972FA,3069,1262,1081,11.98828125,4.9296875,4.22265625,1,0x14,0,0,0,1,0,1,0,1,0,0,,,,,,,,,,,,,,,,,,,,,,
453,9,FREECAM_YAW,15.133333333333333,871035,26581.878662109375,2707,82.611083984375,12.10491318803103,163,4.974365234375,2544,77.63671875,0,0.0,0x8BBE58C6,3069,1262,1081,11.98828125,4.9296875,4.22265625,1,0x14,0,0,0,1,0,1,0,1,0,0,,,,,,,,,,,,,,,,,,,,,,
454,9,FREECAM_YAW,15.166666666666666,873768,26665.283203125,2733,83.404541015625,11.989754848152213,163,4.974365234375,2570,78.43017578125,0,0.0,0x2E1DABB5,3069,1262,1081,11.98828125,4.9296875,4.22265625,1,0x14,0,0,0,1,0,1,0,1,0,0,,,,,,,,,,,,,,,,,,,,,,
455,9,FREECAM_YAW,15.2,876441,26746.856689453125,2673,81.573486328125,12.258885147774036,162,4.94384765625,2511,76.629638671875,0,0.0,0x738F6485,3069,1262,1081,11.98828125,4.9296875,4.22265625,1,0x14,0,0,0,1,0,1,0,1,0,0,,,,,,,,,,,,,,,,,,,,,,
456,9,FREECAM_YAW,15.233333333333333,879195,26830.902099609375,2754,84.04541015625,11.89832970225127,162,4.94384765625,2592,79.1015625,0,0.0,0x0BBF162F,3069,1262,1081,11.98828125,4.9296875,4.22265625,1,0x14,0,0,0,1,0,1,0,1,0,0,,,,,,,,,,,,,,,,,,,,,,
457,9,FREECAM_YAW,15.266666666666667,881978,26915.83251953125,2783,84.930419921875,11.774344232842257,163,4.974365234375,2619,79.925537109375,1,0.030517578125,0x288A2C51,3069,1262,1081,11.98828125,4.9296875,4.22265625,1,0x14,0,0,0,1,0,1,0,1,0,0,,,,,,,,,,,,,,,,,,,,,,
458,9,FREECAM_YAW,15.3,884787,27001.556396484375,2809,85.723876953125,11.665361338554646,162,4.94384765625,2647,80.780029296875,0,0.0,0x2E6A0A0E,3069,1262,1081,11.98828125,4.9296875,4.22265625,1,0x14,0,0,0,1,0,1,0,1,0,0,,,,,,,,,,,,,,,,,,,,,,
459,9,FREECAM_YAW,15.333333333333334,887607,27087.615966796875,2820,86.0595703125,11.61985815602837,163,4.974365234375,2657,81.085205078125,0,0.0,0x83B902EA,3069,1262,1081,11.98828125,4.9296875,4.22265625,1,0x16,1,1,0,1,0,1,0,1,0,0,81.0546875,0.030517578125,0.335693359375,17.059326171875,49.62158203125,0.0,0.0,0.0,0.0,13.0615234375,0.946044921875,0,0,0,0,0,0,0,0,0,0,0
460,9,FREECAM_YAW,15.366666666666667,890434,27173.88916015625,2827,86.273193359375,11.591085956844712,163,4.974365234375,2663,81.268310546875,1,0.030517578125,0x926FA628,3069,1262,1081,11.98828125,4.9296875,4.22265625,1,0x14,0,0,0,1,0,1,0,1,0,0,,,,,,,,,,,,,,,,,,,,,,
461,9,FREECAM_YAW,15.4,893240,27259.521484375,2806,85.63232421875,11.677833214540271,162,4.94384765625,2643,80.657958984375,1,0.030517578125,0x49EC8067,3069,1262,1081,11.98828125,4.9296875,4.22265625,1,0x14,0,0,0,1,0,1,0,1,0,0,,,,,,,,,,,,,,,,,,,,,,
462,9,FREECAM_YAW,15.433333333333334,896016,27344.23828125,2776,84.716796875,11.804034582132564,163,4.974365234375,2613,79.742431640625,0,0.0,0x299B9677,3069,1262,1081,11.98828125,4.9296875,4.22265625,1,0x14,0,0,0,1,0,1,0,1,0,0,,,,,,,,,,,,,,,,,,,,,,
463,9,FREECAM_YAW,15.466666666666667,898774,27428.40576171875,2758,84.16748046875,11.881073241479333,162,4.94384765625,2595,79.193115234375,1,0.030517578125,0x9BDD0F89,3069,1262,1081,11.98828125,4.9296875,4.22265625,1,0x14,0,0,0,1,0,1,0,1,0,0,,,,,,,,,,,,,,,,,,,,,,
464,9,FREECAM_YAW,15.5,901517,27512.115478515625,2743,83.709716796875,11.946044476850163,162,4.94384765625,2580,78.7353515625,1,0.030517578125,0xD178667F,3069,1262,1081,11.98828125,4.9296875,4.22265625,1,0x14,0,0,0,1,0,1,0,1,0,0,,,,,,,,,,,,,,,,,,,,,,
465,9,FREECAM_YAW,15.533333333333333,904263,27595.916748046875,2746,83.80126953125,11.932993445010926,163,4.974365234375,2583,78.826904296875,0,0.0,0x44428AB8,3069,1262,1081,11.98828125,4.9296875,4.22265625,1,0x14,0,0,0,1,0,1,0,1,0,0,,,,,,,,,,,,,,,,,,,,,,
466,9,FREECAM_YAW,15.566666666666666,906826,27674.13330078125,2563,78.216552734375,12.785017557549747,163,4.974365234375,2399,73.211669921875,1,0.030517578125,0x5A543504,3069,1262,1081,11.98828125,4.9296875,4.22265625,1,0x14,0,0,0,1,0,1,0,1,0,0,,,,,,,,,,,,,,,,,,,,,,
467,9,FREECAM_YAW,15.6,909342,27750.91552734375,2516,76.7822265625,13.023847376788554,163,4.974365234375,2352,71.77734375,1,0.030517578125,0x8890F534,3069,1262,1081,11.98828125,4.9296875,4.22265625,1,0x14,0,0,0,1,0,1,0,1,0,0,,,,,,,,,,,,,,,,,,,,,,
468,9,FREECAM_YAW,15.633333333333333,911840,27827.1484375,2498,76.23291015625,13.117694155324259,163,4.974365234375,2335,71.258544921875,0,0.0,0x07E496EE,3069,1262,1081,11.98828125,4.9296875,4.22265625,1,0x14,0,0,0,1,0,1,0,1,0,0,,,,,,,,,,,,,,,,,,,,,,
469,9,FREECAM_YAW,15.666666666666666,914364,27904.1748046875,2524,77.0263671875,12.98256735340729,163,4.974365234375,2361,72.052001953125,0,0.0,0x0E8CE62B,3069,1262,1081,11.98828125,4.9296875,4.22265625,1,0x14,0,0,0,1,0,1,0,1,0,0,,,,,,,,,,,,,,,,,,,,,,
470,9,FREECAM_YAW,15.7,916886,27981.14013671875,2522,76.96533203125,12.992862807295797,162,4.94384765625,2359,71.990966796875,1,0.030517578125,0x6C7F7CAB,3069,1262,1081,11.98828125,4.9296875,4.22265625,1,0x14,0,0,0,1,0,1,0,1,0,0,,,,,,,,,,,,,,,,,,,,,,
471,9,FREECAM_YAW,15.733333333333333,919382,28057.31201171875,2496,76.171875,13.128205128205128,162,4.94384765625,2333,71.197509765625,1,0.030517578125,0x1860A20C,3069,1262,1081,11.98828125,4.9296875,4.22265625,1,0x14,0,0,0,1,0,1,0,1,0,0,,,,,,,,,,,,,,,,,,,,,,
472,9,FREECAM_YAW,15.766666666666667,921890,28133.85009765625,2508,76.5380859375,13.065390749601276,162,4.94384765625,2346,71.59423828125,0,0.0,0x790CD07A,3069,1262,1081,11.98828125,4.9296875,4.22265625,1,0x14,0,0,0,1,0,1,0,1,0,0,,,,,,,,,,,,,,,,,,,,,,
473,9,FREECAM_YAW,15.8,924431,28211.395263671875,2541,77.545166015625,12.895710350255804,162,4.94384765625,2379,72.601318359375,0,0.0,0xC44C36AE,3069,1262,1081,11.98828125,4.9296875,4.22265625,1,0x14,0,0,0,1,0,1,0,1,0,0,,,,,,,,,,,,,,,,,,,,,,
474,9,FREECAM_YAW,15.833333333333334,927012,28290.1611328125,2581,78.765869140625,12.695854320030996,162,4.94384765625,2419,73.822021484375,0,0.0,0xF1AFE5AA,3069,1262,1081,11.98828125,4.9296875,4.22265625,1,0x14,0,0,0,1,0,1,0,1,0,0,,,,,,,,,,,,,,,,,,,,,,
475,9,FREECAM_YAW,15.866666666666667,929601,28369.171142578125,2589,79.010009765625,12.656624179219776,163,4.974365234375,2425,74.005126953125,1,0.030517578125,0x5595FB91,3069,1262,1081,11.98828125,4.9296875,4.22265625,1,0x14,0,0,0,1,0,1,0,1,0,0,,,,,,,,,,,,,,,,,,,,,,
476,9,FREECAM_YAW,15.9,932301,28451.568603515625,2700,82.3974609375,12.136296296296296,162,4.94384765625,2538,77.45361328125,0,0.0,0x4E44351A,3069,1262,1081,11.98828125,4.9296875,4.22265625,1,0x14,0,0,0,1,0,1,0,1,0,0,,,,,,,,,,,,,,,,,,,,,,
477,9,FREECAM_YAW,15.933333333333334,935031,28534.881591796875,2730,83.31298828125,12.002930402930403,162,4.94384765625,2567,78.338623046875,1,0.030517578125,0x1DE63F1A,3069,1262,1081,11.98828125,4.9296875,4.22265625,1,0x14,0,0,0,1,0,1,0,1,0,0,,,,,,,,,,,,,,,,,,,,,,
478,9,FREECAM_YAW,15.966666666666667,937793,28619.171142578125,2762,84.28955078125,11.86386676321506,162,4.94384765625,2600,79.345703125,0,0.0,0x61EB8F87,3069,1262,1081,11.98828125,4.9296875,4.22265625,1,0x14,0,0,0,1,0,1,0,1,0,0,,,,,,,,,,,,,,,,,,,,,,
479,9,FREECAM_YAW,16.0,940561,28703.643798828125,2768,84.47265625,11.83815028901734,162,4.94384765625,2606,79.52880859375,0,0.0,0x649F3B8F,3069,1262,1081,11.98828125,4.9296875,4.22265625,1,0x14,0,0,0,1,0,1,0,1,0,0,,,,,,,,,,,,,,,,,,,,,,
480,9,FREECAM_YAW,16.033333333333335,943362,28789.12353515625,2801,85.479736328125,11.698679043198858,162,4.94384765625,2638,80.50537109375,1,0.030517578125,0xD23C0287,3069,1262,1081,11.98828125,4.9296875,4.22265625,1,0x14,0,0,0,1,0,1,0,1,0,0,,,,,,,,,,,,,,,,,,,,,,
481,9,FREECAM_YAW,16.066666666666666,946146,28874.08447265625,2784,84.9609375,11.770114942528735,162,4.94384765625,2621,79.986572265625,1,0.030517578125,0x9BA00F04,3069,1262,1081,11.98828125,4.9296875,4.22265625,1,0x14,0,0,0,1,0,1,0,1,0,0,,,,,,,,,,,,,,,,,,,,,,
482,9,FREECAM_YAW,16.1,948926,28958.92333984375,2780,84.8388671875,11.78705035971223,163,4.974365234375,2617,79.864501953125,0,0.0,0x5905AEFB,3069,1262,1081,11.98828125,4.9296875,4.22265625,1,0x14,0,0,0,1,0,1,0,1,0,0,,,,,,,,,,,,,,,,,,,,,,
483,9,FREECAM_YAW,16.133333333333333,951703,29043.670654296875,2777,84.747314453125,11.799783939503062,162,4.94384765625,2615,79.803466796875,0,0.0,0x1C3F4722,3069,1262,1081,11.98828125,4.9296875,4.22265625,1,0x14,0,0,0,1,0,1,0,1,0,0,,,,,,,,,,,,,,,,,,,,,,
484,9,FREECAM_YAW,16.166666666666668,954377,29125.274658203125,2674,81.60400390625,12.25430067314884,162,4.94384765625,2512,76.66015625,0,0.0,0x621C0819,3069,1262,1081,11.98828125,4.9296875,4.22265625,1,0x14,0,0,0,1,0,1,0,1,0,0,,,,,,,,,,,,,,,,,,,,,,
485,9,FREECAM_YAW,16.2,957041,29206.573486328125,2664,81.298828125,12.3003003003003,163,4.974365234375,2501,76.324462890625,0,0.0,0x3A0C8395,3069,1262,1081,11.98828125,4.9296875,4.22265625,1,0x14,0,0,0,1,0,1,0,1,0,0,,,,,,,,,,,,,,,,,,,,,,
486,9,FREECAM_YAW,16.233333333333334,959623,29285.369873046875,2582,78.79638671875,12.690937257939582,162,4.94384765625,2420,73.8525390625,0,0.0,0x956E0910,3069,1262,1081,11.98828125,4.9296875,4.22265625,1,0x14,0,0,0,1,0,1,0,1,0,0,,,,,,,,,,,,,,,,,,,,,,
487,9,FREECAM_YAW,16.266666666666666,962252,29365.6005859375,2629,80.230712890625,12.464054773678205,163,4.974365234375,2465,75.225830078125,1,0.030517578125,0xF35E73A0,3069,1262,1081,11.98828125,4.9296875,4.22265625,1,0x14,0,0,0,1,0,1,0,1,0,0,,,,,,,,,,,,,,,,,,,,,,
488,9,FREECAM_YAW,16.3,964856,29445.068359375,2604,79.4677734375,12.583717357910906,163,4.974365234375,2440,74.462890625,1,0.030517578125,0x32C0D7EA,3069,1262,1081,11.98828125,4.9296875,4.22265625,1,0x14,0,0,0,1,0,1,0,1,0,0,,,,,,,,,,,,,,,,,,,,,,
489,9,FREECAM_YAW,16.333333333333332,967226,29517.39501953125,2370,72.32666015625,13.826160337552743,162,4.94384765625,2207,67.352294921875,1,0.030517578125,0x57C44DCC,3069,1262,1081,11.98828125,4.9296875,4.22265625,1,0x14,0,0,0,1,0,1,0,1,0,0,,,,,,,,,,,,,,,,,,,,,,
490,9,FREECAM_YAW,16.366666666666667,969527,29587.615966796875,2301,70.220947265625,14.240764884832682,162,4.94384765625,2139,65.277099609375,0,0.0,0x89168DA8,3069,1262,1081,11.98828125,4.9296875,4.22265625,1,0x14,0,0,0,1,0,1,0,1,0,0,,,,,,,,,,,,,,,,,,,,,,
491,9,FREECAM_YAW,16.4,971773,29656.158447265625,2246,68.54248046875,14.589492430988424,163,4.974365234375,2083,63.568115234375,0,0.0,0xCB557735,3069,1262,1081,11.98828125,4.9296875,4.22265625,1,0x14,0,0,0,1,0,1,0,1,0,0,,,,,,,,,,,,,,,,,,,,,,
492,9,FREECAM_YAW,16.433333333333334,974078,29726.50146484375,2305,70.343017578125,14.216052060737526,163,4.974365234375,2141,65.338134765625,1,0.030517578125,0x56F76AB7,3069,1262,1081,11.98828125,4.9296875,4.22265625,1,0x14,0,0,0,1,0,1,0,1,0,0,,,,,,,,,,,,,,,,,,,,,,
493,9,FREECAM_YAW,16.466666666666665,976439,29798.553466796875,2361,72.052001953125,13.878864887759423,163,4.974365234375,2198,67.07763671875,0,0.0,0x83E47B49,3069,1262,1081,11.98828125,4.9296875,4.22265625,1,0x14,0,0,0,1,0,1,0,1,0,0,,,,,,,,,,,,,,,,,,,,,,
494,9,FREECAM_YAW,16.5,979036,29877.8076171875,2597,79.254150390625,12.617635733538698,163,4.974365234375,2433,74.249267578125,1,0.030517578125,0xB18646C1,3069,1262,1081,11.98828125,4.9296875,4.22265625,1,0x14,0,0,0,1,0,1,0,1,0,0,,,,,,,,,,,,,,,,,,,,,,
495,9,FREECAM_YAW,16.533333333333335,981663,29957.977294921875,2627,80.169677734375,12.473543966501714,162,4.94384765625,2464,75.1953125,1,0.030517578125,0x9119C7F9,3069,1262,1081,11.98828125,4.9296875,4.22265625,1,0x14,0,0,0,1,0,1,0,1,0,0,,,,,,,,,,,,,,,,,,,,,,
496,9,FREECAM_YAW,16.566666666666666,984254,30037.04833984375,2591,79.071044921875,12.646854496333463,162,4.94384765625,2428,74.0966796875,1,0.030517578125,0xF67F2C2F,3069,1262,1081,11.98828125,4.9296875,4.22265625,1,0x14,0,0,0,1,0,1,0,1,0,0,,,,,,,,,,,,,,,,,,,,,,
497,9,FREECAM_YAW,16.6,986911,30118.133544921875,2657,81.085205078125,12.332706059465563,163,4.974365234375,2494,76.11083984375,0,0.0,0x5DDFDFF8,3069,1262,1081,11.98828125,4.9296875,4.22265625,1,0x14,0,0,0,1,0,1,0,1,0,0,,,,,,,,,,,,,,,,,,,,,,
498,9,FREECAM_YAW,16.633333333333333,989566,30199.15771484375,2655,81.024169921875,12.341996233521657,163,4.974365234375,2492,76.0498046875,0,0.0,0xAB06698E,3069,1262,1081,11.98828125,4.9296875,4.22265625,1,0x14,0,0,0,1,0,1,0,1,0,0,,,,,,,,,,,,,,,,,,,,,,
499,9,FREECAM_YAW,16.666666666666668,992326,30283.38623046875,2760,84.228515625,11.872463768115942,163,4.974365234375,2596,79.2236328125,1,0.030517578125,0x43E77967,3069,1262,1081,11.98828125,4.9296875,4.22265625,1,0x14,0,0,0,1,0,1,0,1,0,0,,,,,,,,,,,,,,,,,,,,,,
500,9,FREECAM_YAW,16.7,995110,30368.34716796875,2784,84.9609375,11.770114942528735,163,4.974365234375,2621,79.986572265625,0,0.0,0x5CDADBC8,3069,1262,1081,11.98828125,4.9296875,4.22265625,1,0x14,0,0,0,1,0,1,0,1,0,0,,,,,,,,,,,,,,,,,,,,,,
501,9,FREECAM_YAW,16.733333333333334,997876,30452.7587890625,2766,84.41162109375,11.846710050614606,163,4.974365234375,2603,79.437255859375,0,0.0,0x6DF32D85,3069,1262,1081,11.98828125,4.9296875,4.22265625,1,0x14,0,0,0,1,0,1,0,1,0,0,,,,,,,,,,,,,,,,,,,,,,
502,9,FREECAM_YAW,16.766666666666666,1000659,30537.689208984375,2783,84.930419921875,11.774344232842257,163,4.974365234375,2620,79.9560546875,0,0.0,0x5CDADBC8,3069,1262,1081,11.98828125,4.9296875,4.22265625,1,0x14,0,0,0,1,0,1,0,-1,0,0,,,,,,,,,,,,,,,,,,,,,,
503,9,FREECAM_YAW,16.8,1003418,30621.88720703125,2759,84.197998046875,11.876766944545125,163,4.974365234375,2595,79.193115234375,1,0.030517578125,0x43E77967,3069,1262,1081,11.98828125,4.9296875,4.22265625,1,0x14,0,0,0,1,0,1,0,-1,0,0,,,,,,,,,,,,,,,,,,,,,,
504,9,FREECAM_YAW,16.833333333333332,1006074,30702.94189453125,2656,81.0546875,12.337349397590362,162,4.94384765625,2493,76.080322265625,1,0.030517578125,0xAB06698E,3069,1262,1081,11.98828125,4.9296875,4.22265625,1,0x14,0,0,0,1,0,1,0,-1,0,0,,,,,,,,,,,,,,,,,,,,,,
505,9,FREECAM_YAW,16.866666666666667,1008731,30784.027099609375,2657,81.085205078125,12.332706059465563,163,4.974365234375,2494,76.11083984375,0,0.0,0x5DDFDFF8,3069,1262,1081,11.98828125,4.9296875,4.22265625,1,0x14,0,0,0,1,0,1,0,-1,0,0,,,,,,,,,,,,,,,,,,,,,,
506,9,FREECAM_YAW,16.9,1011321,30863.067626953125,2590,79.04052734375,12.651737451737452,163,4.974365234375,2427,74.066162109375,0,0.0,0xF67F2C2F,3069,1262,1081,11.98828125,4.9296875,4.22265625,1,0x14,0,0,0,1,0,1,0,-1,0,0,,,,,,,,,,,,,,,,,,,,,,
507,9,FREECAM_YAW,16.933333333333334,1013947,30943.206787109375,2626,80.13916015625,12.478293983244479,162,4.94384765625,2464,75.1953125,0,0.0,0x9119C7F9,3069,1262,1081,11.98828125,4.9296875,4.22265625,1,0x14,0,0,0,1,0,1,0,-1,0,0,,,,,,,,,,,,,,,,,,,,,,
508,9,FREECAM_YAW,16.966666666666665,1016544,31022.4609375,2597,79.254150390625,12.617635733538698,163,4.974365234375,2433,74.249267578125,1,0.030517578125,0xB18646C1,3069,1262,1081,11.98828125,4.9296875,4.22265625,1,0x14,0,0,0,1,0,1,0,-1,0,0,,,,,,,,,,,,,,,,,,,,,,
509,9,FREECAM_YAW,17.0,1018904,31094.482421875,2360,72.021484375,13.884745762711864,162,4.94384765625,2198,67.07763671875,0,0.0,0x83E47B49,3069,1262,1081,11.98828125,4.9296875,4.22265625,1,0x14,0,0,0,1,0,1,0,-1,0,0,,,,,,,,,,,,,,,,,,,,,,
510,9,FREECAM_YAW,17.033333333333335,1021208,31164.794921875,2304,70.3125,14.222222222222221,163,4.974365234375,2140,65.3076171875,1,0.030517578125,0x56F76AB7,3069,1262,1081,11.98828125,4.9296875,4.22265625,1,0x14,0,0,0,1,0,1,0,-1,0,0,,,,,,,,,,,,,,,,,,,,,,
511,9,FREECAM_YAW,17.066666666666666,1023454,31233.33740234375,2246,68.54248046875,14.589492430988424,162,4.94384765625,2084,63.5986328125,0,0.0,0xCB557735,3069,1262,1081,11.98828125,4.9296875,4.22265625,1,0x14,0,0,0,1,0,1,0,-1,0,0,,,,,,,,,,,,,,,,,,,,,,
512,9,FREECAM_YAW,17.1,1025755,31303.558349609375,2301,70.220947265625,14.240764884832682,163,4.974365234375,2138,65.24658203125,0,0.0,0x89168DA8,3069,1262,1081,11.98828125,4.9296875,4.22265625,1,0x14,0,0,0,1,0,1,0,-1,0,0,,,,,,,,,,,,,,,,,,,,,,
513,9,FREECAM_YAW,17.133333333333333,1028124,31375.8544921875,2369,72.296142578125,13.831996623047699,162,4.94384765625,2207,67.352294921875,0,0.0,0x57C44DCC,3069,1262,1081,11.98828125,4.9296875,4.22265625,1,0x14,0,0,0,1,0,1,0,-1,0,0,,,,,,,,,,,,,,,,,,,,,,
514,9,FREECAM_YAW,17.166666666666668,1030726,31455.26123046875,2602,79.40673828125,12.593389700230592,162,4.94384765625,2440,74.462890625,0,0.0,0x32C0D7EA,3069,1262,1081,11.98828125,4.9296875,4.22265625,1,0x14,0,0,0,1,0,1,0,-1,0,0,,,,,,,,,,,,,,,,,,,,,,
515,9,FREECAM_YAW,17.2,1033354,31535.46142578125,2628,80.2001953125,12.468797564687975,163,4.974365234375,2465,75.225830078125,0,0.0,0xF35E73A0,3069,1262,1081,11.98828125,4.9296875,4.22265625,1,0x14,0,0,0,1,0,1,0,-1,0,0,,,,,,,,,,,,,,,,,,,,,,
516,9,FREECAM_YAW,17.233333333333334,1035937,31614.288330078125,2583,78.826904296875,12.686024003097174,163,4.974365234375,2419,73.822021484375,1,0.030517578125,0x956E0910,3069,1262,1081,11.98828125,4.9296875,4.22265625,1,0x14,0,0,0,1,0,1,0,-1,0,0,,,,,,,,,,,,,,,,,,,,,,
517,9,FREECAM_YAW,17.266666666666666,1038601,31695.587158203125,2664,81.298828125,12.3003003003003,162,4.94384765625,2502,76.35498046875,0,0.0,0x3A0C8395,3069,1262,1081,11.98828125,4.9296875,4.22265625,1,0x14,0,0,0,1,0,1,0,-1,0,0,,,,,,,,,,,,,,,,,,,,,,
518,9,FREECAM_YAW,17.3,1041276,31777.2216796875,2675,81.634521484375,12.249719626168224,163,4.974365234375,2511,76.629638671875,1,0.030517578125,0x621C0819,3069,1262,1081,11.98828125,4.9296875,4.22265625,1,0x14,0,0,0,1,0,1,0,-1,0,0,,,,,,,,,,,,,,,,,,,,,,
519,9,FREECAM_YAW,17.333333333333332,1044055,31862.030029296875,2779,84.808349609375,11.791291831594098,163,4.974365234375,2615,79.803466796875,1,0.030517578125,0x1C3F4722,3069,1262,1081,11.98828125,4.9296875,4.22265625,1,0x14,0,0,0,1,0,1,0,-1,0,0,,,,,,,,,,,,,,,,,,,,,,
520,9,FREECAM_YAW,17.366666666666667,1046835,31946.868896484375,2780,84.8388671875,11.78705035971223,163,4.974365234375,2617,79.864501953125,0,0.0,0x5905AEFB,3069,1262,1081,11.98828125,4.9296875,4.22265625,1,0x14,0,0,0,1,0,1,0,-1,0,0,,,,,,,,,,,,,,,,,,,,,,
521,9,FREECAM_YAW,17.4,1049618,32031.79931640625,2783,84.930419921875,11.774344232842257,162,4.94384765625,2621,79.986572265625,0,0.0,0x9BA00F04,3069,1262,1081,11.98828125,4.9296875,4.22265625,1,0x14,0,0,0,1,0,1,0,-1,0,0,,,,,,,,,,,,,,,,,,,,,,
522,9,FREECAM_YAW,17.433333333333334,1052419,32117.279052734375,2801,85.479736328125,11.698679043198858,162,4.94384765625,2638,80.50537109375,1,0.030517578125,0xD23C0287,3069,1262,1081,11.98828125,4.9296875,4.22265625,1,0x14,0,0,0,1,0,1,0,-1,0,0,,,,,,,,,,,,,,,,,,,,,,
523,9,FREECAM_YAW,17.466666666666665,1055188,32201.7822265625,2769,84.503173828125,11.833875045142651,162,4.94384765625,2606,79.52880859375,1,0.030517578125,0x649F3B8F,3069,1262,1081,11.98828125,4.9296875,4.22265625,1,0x14,0,0,0,1,0,1,0,-1,0,0,,,,,,,,,,,,,,,,,,,,,,
524,9,FREECAM_YAW,17.5,1057950,32286.07177734375,2762,84.28955078125,11.86386676321506,162,4.94384765625,2600,79.345703125,0,0.0,0x61EB8F87,3069,1262,1081,11.98828125,4.9296875,4.22265625,1,0x14,0,0,0,1,0,1,0,-1,0,0,,,,,,,,,,,,,,,,,,,,,,
525,9,FREECAM_YAW,17.533333333333335,1060680,32369.384765625,2730,83.31298828125,12.002930402930403,162,4.94384765625,2567,78.338623046875,1,0.030517578125,0x1DE63F1A,3069,1262,1081,11.98828125,4.9296875,4.22265625,1,0x14,0,0,0,1,0,1,0,-1,0,0,,,,,,,,,,,,,,,,,,,,,,
526,9,FREECAM_YAW,17.566666666666666,1063380,32451.7822265625,2700,82.3974609375,12.136296296296296,162,4.94384765625,2538,77.45361328125,0,0.0,0x4E44351A,3069,1262,1081,11.98828125,4.9296875,4.22265625,1,0x14,0,0,0,1,0,1,0,-1,0,0,,,,,,,,,,,,,,,,,,,,,,
527,9,FREECAM_YAW,17.6,1065968,32530.76171875,2588,78.9794921875,12.661514683153014,162,4.94384765625,2425,74.005126953125,1,0.030517578125,0x5595FB91,3069,1262,1081,11.98828125,4.9296875,4.22265625,1,0x14,0,0,0,1,0,1,0,-1,0,0,,,,,,,,,,,,,,,,,,,,,,
528,9,FREECAM_YAW,17.633333333333333,1068551,32609.588623046875,2583,78.826904296875,12.686024003097174,163,4.974365234375,2419,73.822021484375,1,0.030517578125,0xF1AFE5AA,3069,1262,1081,11.98828125,4.9296875,4.22265625,1,0x14,0,0,0,1,0,1,0,-1,0,0,,,,,,,,,,,,,,,,,,,,,,
529,9,FREECAM_YAW,17.666666666666668,1071093,32687.164306640625,2542,77.57568359375,12.890637293469709,162,4.94384765625,2379,72.601318359375,1,0.030517578125,0xC44C36AE,3069,1262,1081,11.98828125,4.9296875,4.22265625,1,0x14,0,0,0,1,0,1,0,-1,0,0,,,,,,,,,,,,,,,,,,,,,,
530,9,FREECAM_YAW,17.7,1073601,32763.702392578125,2508,76.5380859375,13.065390749601276,162,4.94384765625,2346,71.59423828125,0,0.0,0x790CD07A,3069,1262,1081,11.98828125,4.9296875,4.22265625,1,0x14,0,0,0,1,0,1,0,-1,0,0,,,,,,,,,,,,,,,,,,,,,,
531,9,FREECAM_YAW,17.733333333333334,1076097,32839.874267578125,2496,76.171875,13.128205128205128,162,4.94384765625,2333,71.197509765625,1,0.030517578125,0x1860A20C,3069,1262,1081,11.98828125,4.9296875,4.22265625,1,0x14,0,0,0,1,0,1,0,-1,0,0,,,,,,,,,,,,,,,,,,,,,,
532,9,FREECAM_YAW,17.766666666666666,1078619,32916.839599609375,2522,76.96533203125,12.992862807295797,162,4.94384765625,2359,71.990966796875,1,0.030517578125,0x6C7F7CAB,3069,1262,1081,11.98828125,4.9296875,4.22265625,1,0x14,0,0,0,1,0,1,0,-1,0,0,,,,,,,,,,,,,,,,,,,,,,
533,9,FREECAM_YAW,17.8,1081143,32993.865966796875,2524,77.0263671875,12.98256735340729,162,4.94384765625,2362,72.08251953125,0,0.0,0x0E8CE62B,3069,1262,1081,11.98828125,4.9296875,4.22265625,1,0x14,0,0,0,1,0,1,0,-1,0,0,,,,,,,,,,,,,,,,,,,,,,
534,9,FREECAM_YAW,17.833333333333332,1083641,33070.098876953125,2498,76.23291015625,13.117694155324259,163,4.974365234375,2335,71.258544921875,0,0.0,0x07E496EE,3069,1262,1081,11.98828125,4.9296875,4.22265625,1,0x14,0,0,0,1,0,1,0,-1,0,0,,,,,,,,,,,,,,,,,,,,,,
535,9,FREECAM_YAW,17.866666666666667,1086156,33146.8505859375,2515,76.751708984375,13.029025844930418,163,4.974365234375,2352,71.77734375,0,0.0,0x8890F534,3069,1262,1081,11.98828125,4.9296875,4.22265625,1,0x14,0,0,0,1,0,1,0,-1,0,0,,,,,,,,,,,,,,,,,,,,,,
536,9,FREECAM_YAW,17.9,1088719,33225.067138671875,2563,78.216552734375,12.785017557549747,163,4.974365234375,2399,73.211669921875,1,0.030517578125,0x5A543504,3069,1262,1081,11.98828125,4.9296875,4.22265625,1,0x14,0,0,0,1,0,1,0,-1,0,0,,,,,,,,,,,,,,,,,,,,,,
537,9,FREECAM_YAW,17.933333333333334,1091465,33308.868408203125,2746,83.80126953125,11.932993445010926,163,4.974365234375,2583,78.826904296875,0,0.0,0x44428AB8,3069,1262,1081,11.98828125,4.9296875,4.22265625,1,0x14,0,0,0,1,0,1,0,-1,0,0,,,,,,,,,,,,,,,,,,,,,,
538,9,FREECAM_YAW,17.966666666666665,1094207,33392.547607421875,2742,83.67919921875,11.950401167031364,163,4.974365234375,2579,78.704833984375,0,0.0,0xD178667F,3069,1262,1081,11.98828125,4.9296875,4.22265625,1,0x14,0,0,0,1,0,1,0,-1,0,0,,,,,,,,,,,,,,,,,,,,,,
539,9,FREECAM_YAW,18.0,1096965,33476.715087890625,2758,84.16748046875,11.881073241479333,162,4.94384765625,2595,79.193115234375,1,0.030517578125,0x9BDD0F89,3069,1262,1081,11.98828125,4.9296875,4.22265625,1,0x14,0,0,0,1,0,1,0,-1,0,0,,,,,,,,,,,,,,,,,,,,,,
540,9,FREECAM_YAW,18.033333333333335,1099740,33561.4013671875,2775,84.686279296875,11.808288288288288,162,4.94384765625,2613,79.742431640625,0,0.0,0x299B9677,3069,1262,1081,11.98828125,4.9296875,4.22265625,1,0x14,0,0,0,1,0,1,0,-1,0,0,,,,,,,,,,,,,,,,,,,,,,
541,9,FREECAM_YAW,18.066666666666666,1102546,33647.03369140625,2806,85.63232421875,11.677833214540271,163,4.974365234375,2642,80.62744140625,1,0.030517578125,0x49EC8067,3069,1262,1081,11.98828125,4.9296875,4.22265625,1,0x14,0,0,0,1,0,1,0,-1,0,0,,,,,,,,,,,,,,,,,,,,,,
542,9,FREECAM_YAW,18.1,1105372,33733.2763671875,2826,86.24267578125,11.59518754423213,162,4.94384765625,2663,81.268310546875,1,0.030517578125,0x926FA628,3069,1262,1081,11.98828125,4.9296875,4.22265625,1,0x14,0,0,0,1,0,1,0,-1,0,0,,,,,,,,,,,,,,,,,,,,,,
543,9,FREECAM_YAW,18.133333333333333,1108192,33819.3359375,2820,86.0595703125,11.61985815602837,162,4.94384765625,2658,81.11572265625,0,0.0,0x83B902EA,3069,1262,1081,11.98828125,4.9296875,4.22265625,1,0x14,0,0,0,1,0,1,0,-1,0,0,,,,,,,,,,,,,,,,,,,,,,
544,9,FREECAM_YAW,18.166666666666668,1111001,33905.059814453125,2809,85.723876953125,11.665361338554646,163,4.974365234375,2646,80.74951171875,0,0.0,0x2E6A0A0E,3069,1262,1081,11.98828125,4.9296875,4.22265625,1,0x14,0,0,0,1,0,1,0,-1,0,0,,,,,,,,,,,,,,,,,,,,,,
545,9,FREECAM_YAW,18.2,1113785,33990.020751953125,2784,84.9609375,11.770114942528735,163,4.974365234375,2620,79.9560546875,1,0.030517578125,0x288A2C51,3069,1262,1081,11.98828125,4.9296875,4.22265625,1,0x14,0,0,0,1,0,1,0,-1,0,0,,,,,,,,,,,,,,,,,,,,,,
546,9,FREECAM_YAW,18.233333333333334,1116541,34074.127197265625,2756,84.1064453125,11.889695210449927,163,4.974365234375,2592,79.1015625,1,0.030517578125,0x0BBF162F,3069,1262,1081,11.98828125,4.9296875,4.22265625,1,0x14,0,0,0,1,0,1,0,-1,0,0,,,,,,,,,,,,,,,,,,,,,,
547,9,FREECAM_YAW,18.266666666666666,1119215,34155.731201171875,2674,81.60400390625,12.25430067314884,162,4.94384765625,2511,76.629638671875,1,0.030517578125,0x738F6485,3069,1262,1081,11.98828125,4.9296875,4.22265625,1,0x14,0,0,0,1,0,1,0,-1,0,0,,,,,,,,,,,,,,,,,,,,,,
548,9,FREECAM_YAW,18.3,1121948,34239.1357421875,2733,83.404541015625,11.989754848152213,162,4.94384765625,2571,78.460693359375,0,0.0,0x2E1DABB5,3069,1262,1081,11.98828125,4.9296875,4.22265625,1,0x14,0,0,0,1,0,1,0,-1,0,0,,,,,,,,,,,,,,,,,,,,,,
549,9,FREECAM_YAW,18.333333333333332,1124655,34321.746826171875,2707,82.611083984375,12.10491318803103,163,4.974365234375,2544,77.63671875,0,0.0,0x8BBE58C6,3069,1262,1081,11.98828125,4.9296875,4.22265625,1,0x14,0,0,0,1,0,1,0,-1,0,0,,,,,,,,,,,,,,,,,,,,,,
550,9,FREECAM_YAW,18.366666666666667,1127335,34403.533935546875,2680,81.787109375,12.226865671641791,163,4.974365234375,2516,76.7822265625,1,0.030517578125,0x3F7972FA,3069,1262,1081,11.98828125,4.9296875,4.22265625,1,0x14,0,0,0,1,0,1,0,-1,0,0,,,,,,,,,,,,,,,,,,,,,,
551,9,FREECAM_YAW,18.4,1129859,34480.560302734375,2524,77.0263671875,12.98256735340729,163,4.974365234375,2360,72.021484375,1,0.030517578125,0x198020E6,3069,1262,1081,11.98828125,4.9296875,4.22265625,1,0x14,0,0,0,1,0,1,0,-1,0,0,,,,,,,,,,,,,,,,,,,,,,
552,9,FREECAM_YAW,18.433333333333334,1132384,34557.6171875,2525,77.056884765625,12.977425742574258,162,4.94384765625,2363,72.113037109375,0,0.0,0x60A33A9C,3069,1262,1081,11.98828125,4.9296875,4.22265625,1,0x14,0,0,0,1,0,1,0,-1,0,0,,,,,,,,,,,,,,,,,,,,,,
553,9,FREECAM_YAW,18.466666666666665,1134764,34630.2490234375,2380,72.6318359375,13.768067226890757,163,4.974365234375,2217,67.657470703125,0,0.0,0xBF360EA3,3069,1262,1081,11.98828125,4.9296875,4.22265625,1,0x14,0,0,0,1,0,1,0,-1,0,0,,,,,,,,,,,,,,,,,,,,,,
554,9,FREECAM_YAW,18.5,1137131,34702.484130859375,2367,72.235107421875,13.84368398817068,163,4.974365234375,2203,67.230224609375,1,0.030517578125,0xFFCB4259,3069,1262,1081,11.98828125,4.9296875,4.22265625,1,0x14,0,0,0,1,0,1,0,-1,0,0,,,,,,,,,,,,,,,,,,,,,,
555,9,FREECAM_YAW,18.533333333333335,1139562,34776.67236328125,2431,74.188232421875,13.479226655697245,163,4.974365234375,2267,69.183349609375,1,0.030517578125,0x3DDA4090,3069,1262,1081,11.98828125,4.9296875,4.22265625,1,0x14,0,0,0,1,0,1,0,-1,0,0,,,,,,,,,,,,,,,,,,,,,,
556,9,FREECAM_YAW,18.566666666666666,1142092,34853.8818359375,2530,77.20947265625,12.951778656126482,162,4.94384765625,2368,72.265625,0,0.0,0x646433BE,3069,1262,1081,11.98828125,4.9296875,4.22265625,1,0x14,0,0,0,1,0,1,0,-1,0,0,,,,,,,,,,,,,,,,,,,,,,
557,9,FREECAM_YAW,18.6,1144656,34932.12890625,2564,78.2470703125,12.78003120124805,163,4.974365234375,2401,73.272705078125,0,0.0,0x0DC77C76,3069,1262,1081,11.98828125,4.9296875,4.22265625,1,0x14,0,0,0,1,0,1,0,-1,0,0,,,,,,,,,,,,,,,,,,,,,,
558,9,FREECAM_YAW,18.633333333333333,1147336,35013.916015625,2680,81.787109375,12.226865671641791,163,4.974365234375,2517,76.812744140625,0,0.0,0xD2CB2DFC,3069,1262,1081,11.98828125,4.9296875,4.22265625,1,0x14,0,0,0,1,0,1,0,-1,0,0,,,,,,,,,,,,,,,,,,,,,,
559,9,FREECAM_YAW,18.666666666666668,1150055,35096.893310546875,2719,82.977294921875,12.051489518205223,163,4.974365234375,2556,78.0029296875,0,0.0,0x70927F5D,3069,1262,1081,11.98828125,4.9296875,4.22265625,1,0x14,0,0,0,1,0,1,0,-1,0,0,,,,,,,,,,,,,,,,,,,,,,
560,9,FREECAM_YAW,18.7,1152713,35178.009033203125,2658,81.11572265625,12.328066215199398,163,4.974365234375,2494,76.11083984375,1,0.030517578125,0x042130CE,3069,1262,1081,11.98828125,4.9296875,4.22265625,1,0x14,0,0,0,1,0,1,0,-1,0,0,,,,,,,,,,,,,,,,,,,,,,
561,9,FREECAM_YAW,18.733333333333334,1155428,35260.8642578125,2715,82.855224609375,12.069244935543278,162,4.94384765625,2552,77.880859375,1,0.030517578125,0xFF8769B6,3069,1262,1081,11.98828125,4.9296875,4.22265625,1,0x14,0,0,0,1,0,1,0,-1,0,0,,,,,,,,,,,,,,,,,,,,,,
562,9,FREECAM_YAW,18.766666666666666,1158215,35345.916748046875,2787,85.052490234375,11.757445281664873,163,4.974365234375,2623,80.047607421875,1,0.030517578125,0xC113AF95,3069,1262,1081,11.98828125,4.9296875,4.22265625,1,0x14,0,0,0,1,0,1,0,-1,0,0,,,,,,,,,,,,,,,,,,,,,,
563,9,FREECAM_YAW,18.8,1161028,35431.7626953125,2813,85.845947265625,11.648773551368645,162,4.94384765625,2651,80.902099609375,0,0.0,0xA2A40271,3069,1262,1081,11.98828125,4.9296875,4.22265625,1,0x14,0,0,0,1,0,1,0,-1,0,0,,,,,,,,,,,,,,,,,,,,,,
564,9,FREECAM_YAW,18.833333333333332,1163821,35516.998291015625,2793,85.235595703125,11.73218761188686,163,4.974365234375,2630,80.26123046875,0,0.0,0x53C02975,3069,1262,1081,11.98828125,4.9296875,4.22265625,1,0x14,0,0,0,1,0,1,0,-1,0,0,,,,,,,,,,,,,,,,,,,,,,
565,9,FREECAM_YAW,18.866666666666667,1166640,35603.02734375,2819,86.029052734375,11.623980134799574,163,4.974365234375,2656,81.0546875,0,0.0,0xD6FA1B1C,3069,1262,1081,11.98828125,4.9296875,4.22265625,1,0x1C,0,0,0,1,1,1,0,-1,0,0,,,,,,,,,,,,,,,,,,,,,,
566,10,FREECAM_3D,18.9,1169485,35689.849853515625,2845,86.822509765625,11.517750439367312,163,4.974365234375,2681,81.817626953125,1,0.030517578125,0x97B6A86E,3069,1262,1081,11.98828125,4.9296875,4.22265625,1,0x14,0,0,0,1,0,1,0,0,1,0,,,,,,,,,,,,,,,,,,,,,,
567,10,FREECAM_3D,18.933333333333334,1172364,35777.7099609375,2879,87.860107421875,11.381729767280305,164,5.0048828125,2715,82.855224609375,0,0.0,0xB16D2C2A,3069,1262,1081,11.98828125,4.9296875,4.22265625,1,0x14,0,0,0,1,0,1,0,0,1,0,,,,,,,,,,,,,,,,,,,,,,
568,10,FREECAM_3D,18.966666666666665,1175269,35866.363525390625,2905,88.653564453125,11.279862306368331,164,5.0048828125,2740,83.6181640625,1,0.030517578125,0x99232FBD,3069,1262,1081,11.98828125,4.9296875,4.22265625,1,0x14,0,0,0,1,0,1,0,0,1,0,,,,,,,,,,,,,,,,,,,,,,
569,10,FREECAM_3D,19.0,1178187,35955.413818359375,2918,89.05029296875,11.22960932145305,163,4.974365234375,2755,84.075927734375,0,0.0,0x87F93679,3069,1262,1081,11.98828125,4.9296875,4.22265625,1,0x14,0,0,0,1,0,1,0,0,1,0,,,,,,,,,,,,,,,,,,,,,,
570,10,FREECAM_3D,19.033333333333335,1181145,36045.684814453125,2958,90.27099609375,11.077755240027045,164,5.0048828125,2794,85.26611328125,0,0.0,0x58F5109B,3069,1262,1081,11.98828125,4.9296875,4.22265625,1,0x14,0,0,0,1,0,1,0,0,1,0,,,,,,,,,,,,,,,,,,,,,,
571,10,FREECAM_3D,19.066666666666666,1184108,36136.1083984375,2963,90.423583984375,11.059061761727978,163,4.974365234375,2799,85.418701171875,1,0.030517578125,0xAE96CAD8,3069,1262,1081,11.98828125,4.9296875,4.22265625,1,0x14,0,0,0,1,0,1,0,0,1,0,,,,,,,,,,,,,,,,,,,,,,
572,10,FREECAM_3D,19.1,1187090,36227.11181640625,2982,91.00341796875,10.98859825620389,164,5.0048828125,2817,85.968017578125,1,0.030517578125,0xA3747F26,3069,1262,1081,11.98828125,4.9296875,4.22265625,1,0x14,0,0,0,1,0,1,0,0,1,0,,,,,,,,,,,,,,,,,,,,,,
573,10,FREECAM_3D,19.133333333333333,1190080,36318.359375,2990,91.24755859375,10.959197324414715,164,5.0048828125,2826,86.24267578125,0,0.0,0xC7FFADCF,3069,1262,1081,11.98828125,4.9296875,4.22265625,1,0x14,0,0,0,1,0,1,0,0,1,0,,,,,,,,,,,,,,,,,,,,,,
574,10,FREECAM_3D,19.166666666666668,1193072,36409.66796875,2992,91.30859375,10.95187165775401,163,4.974365234375,2829,86.334228515625,0,0.0,0xA44C425B,3069,1262,1081,11.98828125,4.9296875,4.22265625,1,0x14,0,0,0,1,0,1,0,0,1,0,,,,,,,,,,,,,,,,,,,,,,
575,10,FREECAM_3D,19.2,1196044,36500.3662109375,2972,90.6982421875,11.02557200538358,163,4.974365234375,2808,85.693359375,1,0.030517578125,0xF20D7777,3069,1262,1081,11.98828125,4.9296875,4.22265625,1,0x14,0,0,0,1,0,1,0,0,1,0,,,,,,,,,,,,,,,,,,,,,,
576,10,FREECAM_3D,19.233333333333334,1198996,36590.4541015625,2952,90.087890625,11.100271002710027,164,5.0048828125,2787,85.052490234375,1,0.030517578125,0x1D68886C,3069,1262,1081,11.98828125,4.9296875,4.22265625,1,0x14,0,0,0,1,0,1,0,0,1,0,,,,,,,,,,,,,,,,,,,,,,
577,10,FREECAM_3D,19.266666666666666,1201836,36677.1240234375,2840,86.669921875,11.538028169014085,164,5.0048828125,2676,81.6650390625,0,0.0,0x65DFB05A,3069,1262,1081,11.98828125,4.9296875,4.22265625,1,0x14,0,0,0,1,0,1,0,0,1,0,,,,,,,,,,,,,,,,,,,,,,
578,10,FREECAM_3D,19.3,1204675,36763.763427734375,2839,86.639404296875,11.542092286016203,164,5.0048828125,2674,81.60400390625,1,0.030517578125,0x7EDEF92F,3069,1262,1081,11.98828125,4.9296875,4.22265625,1,0x14,0,0,0,1,0,1,0,0,1,0,,,,,,,,,,,,,,,,,,,,,,
579,10,FREECAM_3D,19.333333333333332,1207368,36845.947265625,2693,82.183837890625,12.16784255477163,164,5.0048828125,2528,77.1484375,1,0.030517578125,0x4310EEA4,3069,1262,1081,11.98828125,4.9296875,4.22265625,1,0x14,0,0,0,1,0,1,0,0,1,0,,,,,,,,,,,,,,,,,,,,,,
580,10,FREECAM_3D,19.366666666666667,1210024,36927.001953125,2656,81.0546875,12.337349397590362,163,4.974365234375,2493,76.080322265625,0,0.0,0x757DE4F2,3069,1262,1081,11.98828125,4.9296875,4.22265625,1,0x14,0,0,0,1,0,1,0,0,1,0,,,,,,,,,,,,,,,,,,,,,,
581,10,FREECAM_3D,19.4,1212662,37007.50732421875,2638,80.50537109375,12.42153146322972,164,5.0048828125,2474,75.50048828125,0,0.0,0x7496D160,3069,1262,1081,11.98828125,4.9296875,4.22265625,1,0x14,0,0,0,1,0,1,0,0,1,0,,,,,,,,,,,,,,,,,,,,,,
582,10,FREECAM_3D,19.433333333333334,1215236,37086.0595703125,2574,78.55224609375,12.73038073038073,163,4.974365234375,2411,73.577880859375,0,0.0,0x0F828D67,3069,1262,1081,11.98828125,4.9296875,4.22265625,1,0x14,0,0,0,1,0,1,0,0,1,0,,,,,,,,,,,,,,,,,,,,,,
583,10,FREECAM_3D,19.466666666666665,1217722,37161.92626953125,2486,75.86669921875,13.181013676588897,163,4.974365234375,2322,70.86181640625,1,0.030517578125,0x75381BF2,3069,1262,1081,11.98828125,4.9296875,4.22265625,1,0x14,0,0,0,1,0,1,0,0,1,0,,,,,,,,,,,,,,,,,,,,,,
584,10,FREECAM_3D,19.5,1220073,37233.673095703125,2351,71.746826171875,13.937898766482348,163,4.974365234375,2188,66.7724609375,0,0.0,0xBA858160,3069,1262,1081,11.98828125,4.9296875,4.22265625,1,0x14,0,0,0,1,0,1,0,0,1,0,,,,,,,,,,,,,,,,,,,,,,
585,10,FREECAM_3D,19.533333333333335,1222411,37305.023193359375,2338,71.35009765625,14.015397775876817,163,4.974365234375,2174,66.34521484375,1,0.030517578125,0x301ECFFF,3069,1262,1081,11.98828125,4.9296875,4.22265625,1,0x14,0,0,0,1,0,1,0,0,1,0,,,,,,,,,,,,,,,,,,,,,,
586,10,FREECAM_3D,19.566666666666666,1224682,37374.32861328125,2271,69.305419921875,14.428885953324526,163,4.974365234375,2108,64.3310546875,0,0.0,0x1CAD1FE7,3069,1262,1081,11.98828125,4.9296875,4.22265625,1,0x14,0,0,0,1,0,1,0,0,1,0,,,,,,,,,,,,,,,,,,,,,,
587,10,FREECAM_3D,19.6,1226930,37442.93212890625,2248,68.603515625,14.576512455516013,163,4.974365234375,2085,63.629150390625,0,0.0,0x125C255F,3069,1262,1081,11.98828125,4.9296875,4.22265625,1,0x14,0,0,0,1,0,1,0,0,1,0,,,,,,,,,,,,,,,,,,,,,,
588,10,FREECAM_3D,19.633333333333333,1229158,37510.92529296875,2228,67.9931640625,14.707360861759426,163,4.974365234375,2065,63.018798828125,0,0.0,0x351999EE,3069,1262,1081,11.98828125,4.9296875,4.22265625,1,0x14,0,0,0,1,0,1,0,0,1,0,,,,,,,,,,,,,,,,,,,,,,
589,10,FREECAM_3D,19.666666666666668,1231401,37579.376220703125,2243,68.450927734375,14.609005795809184,163,4.974365234375,2079,63.446044921875,1,0.030517578125,0xAC17D57C,3069,1262,1081,11.98828125,4.9296875,4.22265625,1,0x14,0,0,0,1,0,1,0,0,1,0,,,,,,,,,,,,,,,,,,,,,,
590,10,FREECAM_3D,19.7,1233653,37648.101806640625,2252,68.7255859375,14.550621669626999,163,4.974365234375,2088,63.720703125,1,0.030517578125,0x9AB97DEB,3069,1262,1081,11.98828125,4.9296875,4.22265625,1,0x14,0,0,0,1,0,1,0,0,1,0,,,,,,,,,,,,,,,,,,,,,,
591,10,FREECAM_3D,19.733333333333334,1235983,37719.207763671875,2330,71.10595703125,14.06351931330472,164,5.0048828125,2166,66.10107421875,0,0.0,0x9F0DFB31,3069,1262,1081,11.98828125,4.9296875,4.22265625,1,0x14,0,0,0,1,0,1,0,0,1,0,,,,,,,,,,,,,,,,,,,,,,
592,10,FREECAM_3D,19.766666666666666,1238302,37789.97802734375,2319,70.770263671875,14.130228546787409,163,4.974365234375,2156,65.7958984375,0,0.0,0x71DCCEE5,3069,1262,1081,11.98828125,4.9296875,4.22265625,1,0x14,0,0,0,1,0,1,0,0,1,0,,,,,,,,,,,,,,,,,,,,,,
593,10,FREECAM_3D,19.8,1240597,37860.015869140625,2295,70.037841796875,14.277995642701525,163,4.974365234375,2132,65.0634765625,0,0.0,0xA5FAE12A,3069,1262,1081,11.98828125,4.9296875,4.22265625,1,0x14,0,0,0,1,0,1,0,0,1,0,,,,,,,,,,,,,,,,,,,,,,
594,10,FREECAM_3D,19.833333333333332,1242931,37931.243896484375,2334,71.22802734375,14.03941730934019,163,4.974365234375,2170,66.22314453125,1,0.030517578125,0xA5318462,3069,1262,1081,11.98828125,4.9296875,4.22265625,1,0x14,0,0,0,1,0,1,0,0,1,0,,,,,,,,,,,,,,,,,,,,,,
595,10,FREECAM_3D,19.866666666666667,1245246,38001.89208984375,2315,70.648193359375,14.154643628509719,163,4.974365234375,2152,65.673828125,0,0.0,0x0F056F37,3069,1262,1081,11.98828125,4.9296875,4.22265625,1,0x14,0,0,0,1,0,1,0,0,1,0,,,,,,,,,,,,,,,,,,,,,,
596,10,FREECAM_3D,19.9,1247574,38072.93701171875,2328,71.044921875,14.075601374570446,163,4.974365234375,2164,66.0400390625,1,0.030517578125,0x3DD7AA69,3069,1262,1081,11.98828125,4.9296875,4.22265625,1,0x14,0,0,0,1,0,1,0,0,1,0,,,,,,,,,,,,,,,,,,,,,,
597,10,FREECAM_3D,19.933333333333334,1249854,38142.51708984375,2280,69.580078125,14.371929824561404,164,5.0048828125,2116,64.5751953125,0,0.0,0xE75BFEC1,3069,1262,1081,11.98828125,4.9296875,4.22265625,1,0x14,0,0,0,1,0,1,0,0,1,0,,,,,,,,,,,,,,,,,,,,,,
598,10,FREECAM_3D,19.966666666666665,1252203,38214.202880859375,2349,71.685791015625,13.949765857811835,164,5.0048828125,2185,66.680908203125,0,0.0,0xD5D21860,3069,1262,1081,11.98828125,4.9296875,4.22265625,1,0x14,0,0,0,1,0,1,0,0,1,0,,,,,,,,,,,,,,,,,,,,,,
599,10,FREECAM_3D,20.0,1254506,38284.48486328125,2303,70.281982421875,14.228397742075554,164,5.0048828125,2138,65.24658203125,1,0.030517578125,0x95EDCE06,3069,1262,1081,11.98828125,4.9296875,4.22265625,1,0x14,0,0,0,1,0,1,0,0,1,0,,,,,,,,,,,,,,,,,,,,,,
600,10,FREECAM_3D,20.033333333333335,1256866,38356.50634765625,2360,72.021484375,13.884745762711864,163,4.974365234375,2197,67.047119140625,0,0.0,0x63CE50E1,3069,1262,1081,11.98828125,4.9296875,4.22265625,1,0x14,0,0,0,1,0,1,0,0,1,0,,,,,,,,,,,,,,,,,,,,,,
601,10,FREECAM_3D,20.066666666666666,1259305,38430.938720703125,2439,74.432373046875,13.4350143501435,164,5.0048828125,2274,69.39697265625,1,0.030517578125,0x6BFB6151,3069,1262,1081,11.98828125,4.9296875,4.22265625,1,0x14,0,0,0,1,0,1,0,0,1,0,,,,,,,,,,,,,,,,,,,,,,
602,10,FREECAM_3D,20.1,1261791,38506.805419921875,2486,75.86669921875,13.181013676588897,163,4.974365234375,2323,70.892333984375,0,0.0,0xBC1EDF23,3069,1262,1081,11.98828125,4.9296875,4.22265625,1,0x14,0,0,0,1,0,1,0,0,1,0,,,,,,,,,,,,,,,,,,,,,,
603,10,FREECAM_3D,20.133333333333333,1264295,38583.221435546875,2504,76.416015625,13.08626198083067,163,4.974365234375,2341,71.441650390625,0,0.0,0xF7C30E54,3069,1262,1081,11.98828125,4.9296875,4.22265625,1,0x14,0,0,0,1,0,1,0,0,1,0,,,,,,,,,,,,,,,,,,,,,,
604,10,FREECAM_3D,20.166666666666668,1266797,38659.576416015625,2502,76.35498046875,13.096722621902478,163,4.974365234375,2338,71.35009765625,1,0.030517578125,0x4540FC6A,3069,1262,1081,11.98828125,4.9296875,4.22265625,1,0x14,0,0,0,1,0,1,0,0,1,0,,,,,,,,,,,,,,,,,,,,,,
605,10,FREECAM_3D,20.2,1269260,38734.7412109375,2463,75.164794921875,13.304100690215185,164,5.0048828125,2299,70.159912109375,0,0.0,0x06815C15,3069,1262,1081,11.98828125,4.9296875,4.22265625,1,0x14,0,0,0,1,0,1,0,0,1,0,,,,,,,,,,,,,,,,,,,,,,
606,10,FREECAM_3D,20.233333333333334,1271667,38808.197021484375,2407,73.455810546875,13.61362692147902,163,4.974365234375,2244,68.4814453125,0,0.0,0x7CE2CE39,3069,1262,1081,11.98828125,4.9296875,4.22265625,1,0x14,0,0,0,1,0,1,0,0,1,0,,,,,,,,,,,,,,,,,,,,,,
607,10,FREECAM_3D,20.266666666666666,1274119,38883.026123046875,2452,74.8291015625,13.36378466557912,163,4.974365234375,2288,69.82421875,1,0.030517578125,0x0BF6A32B,3069,1262,1081,11.98828125,4.9296875,4.22265625,1,0x14,0,0,0,1,0,1,0,0,1,0,,,,,,,,,,,,,,,,,,,,,,
608,10,FREECAM_3D,20.3,1276510,38955.99365234375,2391,72.967529296875,13.704726056043496,163,4.974365234375,2228,67.9931640625,0,0.0,0xD06752C8,3069,1262,1081,11.98828125,4.9296875,4.22265625,1,0x14,0,0,0,1,0,1,0,0,1,0,,,,,,,,,,,,,,,,,,,,,,
609,10,FREECAM_3D,20.333333333333332,1278964,39030.8837890625,2454,74.89013671875,13.352893235533822,163,4.974365234375,2291,69.915771484375,0,0.0,0x48A2917A,3069,1262,1081,11.98828125,4.9296875,4.22265625,1,0x14,0,0,0,1,0,1,0,0,1,0,,,,,,,,,,,,,,,,,,,,,,
610,10,FREECAM_3D,20.366666666666667,1281414,39105.65185546875,2450,74.76806640625,13.374693877551021,163,4.974365234375,2287,69.793701171875,0,0.0,0x8CC51F67,3069,1262,1081,11.98828125,4.9296875,4.22265625,1,0x14,0,0,0,1,0,1,0,0,1,0,,,,,,,,,,,,,,,,,,,,,,
611,10,FREECAM_3D,20.4,1283812,39178.8330078125,2398,73.18115234375,13.664720600500416,163,4.974365234375,2235,68.206787109375,0,0.0,0xA8F28D70,3069,1262,1081,11.98828125,4.9296875,4.22265625,1,0x14,0,0,0,1,0,1,0,0,1,0,,,,,,,,,,,,,,,,,,,,,,
612,10,FREECAM_3D,20.433333333333334,1286224,39252.44140625,2412,73.6083984375,13.585406301824213,163,4.974365234375,2249,68.634033203125,0,0.0,0xD7079BC0,3069,1262,1081,11.98828125,4.9296875,4.22265625,1,0x16,1,1,0,1,0,1,0,0,1,0,68.54248046875,0.0,6.8359375,18.463134765625,3.875732421875,2.0751953125,17.669677734375,5.615234375,0.0,13.0615234375,0.946044921875,0,0,0,0,0,0,0,0,0,0,0
613,10,FREECAM_3D,20.466666666666665,1288634,39325.98876953125,2410,73.54736328125,13.59668049792531,163,4.974365234375,2247,68.572998046875,0,0.0,0xDB7D8AB0,3069,1262,1081,11.98828125,4.9296875,4.22265625,1,0x14,0,0,0,1,0,1,0,0,1,0,,,,,,,,,,,,,,,,,,,,,,
614,10,FREECAM_3D,20.5,1291045,39399.566650390625,2411,73.577880859375,13.591041061800082,163,4.974365234375,2248,68.603515625,0,0.0,0xD7079BC0,3069,1262,1081,11.98828125,4.9296875,4.22265625,1,0x14,0,0,0,1,0,1,0,0,-1,0,,,,,,,,,,,,,,,,,,,,,,
615,10,FREECAM_3D,20.533333333333335,1293444,39472.7783203125,2399,73.211669921875,13.659024593580659,163,4.974365234375,2236,68.2373046875,0,0.0,0xA8F28D70,3069,1262,1081,11.98828125,4.9296875,4.22265625,1,0x14,0,0,0,1,0,1,0,0,-1,0,,,,,,,,,,,,,,,,,,,,,,
616,10,FREECAM_3D,20.566666666666666,1295895,39547.576904296875,2451,74.798583984375,13.369237046103631,163,4.974365234375,2288,69.82421875,0,0.0,0x8CC51F67,3069,1262,1081,11.98828125,4.9296875,4.22265625,1,0x14,0,0,0,1,0,1,0,0,-1,0,,,,,,,,,,,,,,,,,,,,,,
617,10,FREECAM_3D,20.6,1298349,39622.467041015625,2454,74.89013671875,13.352893235533822,163,4.974365234375,2291,69.915771484375,0,0.0,0x48A2917A,3069,1262,1081,11.98828125,4.9296875,4.22265625,1,0x14,0,0,0,1,0,1,0,0,-1,0,,,,,,,,,,,,,,,,,,,,,,
618,10,FREECAM_3D,20.633333333333333,1300742,39695.49560546875,2393,73.028564453125,13.693272043460093,163,4.974365234375,2229,68.023681640625,1,0.030517578125,0xD06752C8,3069,1262,1081,11.98828125,4.9296875,4.22265625,1,0x14,0,0,0,1,0,1,0,0,-1,0,,,,,,,,,,,,,,,,,,,,,,
619,10,FREECAM_3D,20.666666666666668,1303109,39767.730712890625,2367,72.235107421875,13.84368398817068,164,5.0048828125,2203,67.230224609375,0,0.0,0x0BF6A32B,3069,1262,1081,11.98828125,4.9296875,4.22265625,1,0x14,0,0,0,1,0,1,0,0,-1,0,,,,,,,,,,,,,,,,,,,,,,
620,10,FREECAM_3D,20.7,1305436,39838.7451171875,2327,71.014404296875,14.081650193382037,163,4.974365234375,2164,66.0400390625,0,0.0,0x7CE2CE39,3069,1262,1081,11.98828125,4.9296875,4.22265625,1,0x14,0,0,0,1,0,1,0,0,-1,0,,,,,,,,,,,,,,,,,,,,,,
621,10,FREECAM_3D,20.733333333333334,1307824,39911.62109375,2388,72.8759765625,13.721943048576215,163,4.974365234375,2225,67.901611328125,0,0.0,0x06815C15,3069,1262,1081,11.98828125,4.9296875,4.22265625,1,0x14,0,0,0,1,0,1,0,0,-1,0,,,,,,,,,,,,,,,,,,,,,,
622,10,FREECAM_3D,20.766666666666666,1310326,39987.97607421875,2502,76.35498046875,13.096722621902478,163,4.974365234375,2338,71.35009765625,1,0.030517578125,0x4540FC6A,3069,1262,1081,11.98828125,4.9296875,4.22265625,1,0x14,0,0,0,1,0,1,0,0,-1,0,,,,,,,,,,,,,,,,,,,,,,
623,10,FREECAM_3D,20.8,1312831,40064.422607421875,2505,76.446533203125,13.081037924151696,164,5.0048828125,2341,71.441650390625,0,0.0,0xF7C30E54,3069,1262,1081,11.98828125,4.9296875,4.22265625,1,0x14,0,0,0,1,0,1,0,0,-1,0,,,,,,,,,,,,,,,,,,,,,,
624,10,FREECAM_3D,20.833333333333332,1315317,40140.289306640625,2486,75.86669921875,13.181013676588897,164,5.0048828125,2322,70.86181640625,0,0.0,0xBC1EDF23,3069,1262,1081,11.98828125,4.9296875,4.22265625,1,0x14,0,0,0,1,0,1,0,0,-1,0,,,,,,,,,,,,,,,,,,,,,,
625,10,FREECAM_3D,20.866666666666667,1317755,40214.691162109375,2438,74.40185546875,13.440525020508614,163,4.974365234375,2275,69.427490234375,0,0.0,0x6BFB6151,3069,1262,1081,11.98828125,4.9296875,4.22265625,1,0x14,0,0,0,1,0,1,0,0,-1,0,,,,,,,,,,,,,,,,,,,,,,
626,10,FREECAM_3D,20.9,1320116,40286.7431640625,2361,72.052001953125,13.878864887759423,163,4.974365234375,2197,67.047119140625,1,0.030517578125,0x63CE50E1,3069,1262,1081,11.98828125,4.9296875,4.22265625,1,0x14,0,0,0,1,0,1,0,0,-1,0,,,,,,,,,,,,,,,,,,,,,,
627,10,FREECAM_3D,20.933333333333334,1322418,40356.99462890625,2302,70.25146484375,14.234578627280625,163,4.974365234375,2139,65.277099609375,0,0.0,0x95EDCE06,3069,1262,1081,11.98828125,4.9296875,4.22265625,1,0x14,0,0,0,1,0,1,0,0,-1,0,,,,,,,,,,,,,,,,,,,,,,
628,10,FREECAM_3D,20.966666666666665,1324766,40428.64990234375,2348,71.6552734375,13.955706984667803,163,4.974365234375,2185,66.680908203125,0,0.0,0xD5D21860,3069,1262,1081,11.98828125,4.9296875,4.22265625,1,0x14,0,0,0,1,0,1,0,0,-1,0,,,,,,,,,,,,,,,,,,,,,,
629,10,FREECAM_3D,21.0,1327045,40498.199462890625,2279,69.549560546875,14.378236068451075,163,4.974365234375,2116,64.5751953125,0,0.0,0xE75BFEC1,3069,1262,1081,11.98828125,4.9296875,4.22265625,1,0x14,0,0,0,1,0,1,0,0,-1,0,,,,,,,,,,,,,,,,,,,,,,
630,10,FREECAM_3D,21.033333333333335,1329373,40569.244384765625,2328,71.044921875,14.075601374570446,163,4.974365234375,2164,66.0400390625,1,0.030517578125,0x3DD7AA69,3069,1262,1081,11.98828125,4.9296875,4.22265625,1,0x14,0,0,0,1,0,1,0,0,-1,0,,,,,,,,,,,,,,,,,,,,,,
631,10,FREECAM_3D,21.066666666666666,1331689,40639.923095703125,2316,70.6787109375,14.14853195164076,164,5.0048828125,2152,65.673828125,0,0.0,0x0F056F37,3069,1262,1081,11.98828125,4.9296875,4.22265625,1,0x14,0,0,0,1,0,1,0,0,-1,0,,,,,,,,,,,,,,,,,,,,,,
632,10,FREECAM_3D,21.1,1334047,40711.883544921875,2358,71.96044921875,13.896522476675148,163,4.974365234375,2195,66.986083984375,0,0.0,0xA5318462,3069,1262,1081,11.98828125,4.9296875,4.22265625,1,0x14,0,0,0,1,0,1,0,0,-1,0,,,,,,,,,,,,,,,,,,,,,,
633,10,FREECAM_3D,21.133333333333333,1336343,40781.951904296875,2296,70.068359375,14.27177700348432,163,4.974365234375,2132,65.0634765625,1,0.030517578125,0xA5FAE12A,3069,1262,1081,11.98828125,4.9296875,4.22265625,1,0x14,0,0,0,1,0,1,0,0,-1,0,,,,,,,,,,,,,,,,,,,,,,
634,10,FREECAM_3D,21.166666666666668,1338663,40852.752685546875,2320,70.80078125,14.124137931034483,163,4.974365234375,2156,65.7958984375,1,0.030517578125,0x71DCCEE5,3069,1262,1081,11.98828125,4.9296875,4.22265625,1,0x14,0,0,0,1,0,1,0,0,-1,0,,,,,,,,,,,,,,,,,,,,,,
635,10,FREECAM_3D,21.2,1340993,40923.858642578125,2330,71.10595703125,14.06351931330472,163,4.974365234375,2167,66.131591796875,0,0.0,0x9F0DFB31,3069,1262,1081,11.98828125,4.9296875,4.22265625,1,0x14,0,0,0,1,0,1,0,0,-1,0,,,,,,,,,,,,,,,,,,,,,,
636,10,FREECAM_3D,21.233333333333334,1343245,40992.584228515625,2252,68.7255859375,14.550621669626999,164,5.0048828125,2088,63.720703125,0,0.0,0x9AB97DEB,3069,1262,1081,11.98828125,4.9296875,4.22265625,1,0x14,0,0,0,1,0,1,0,0,-1,0,,,,,,,,,,,,,,,,,,,,,,
637,10,FREECAM_3D,21.266666666666666,1345488,41061.03515625,2243,68.450927734375,14.609005795809184,163,4.974365234375,2079,63.446044921875,1,0.030517578125,0xAC17D57C,3069,1262,1081,11.98828125,4.9296875,4.22265625,1,0x14,0,0,0,1,0,1,0,0,-1,0,,,,,,,,,,,,,,,,,,,,,,
638,10,FREECAM_3D,21.3,1347717,41129.058837890625,2229,68.023681640625,14.700762673844773,163,4.974365234375,2065,63.018798828125,1,0.030517578125,0x351999EE,3069,1262,1081,11.98828125,4.9296875,4.22265625,1,0x14,0,0,0,1,0,1,0,0,-1,0,,,,,,,,,,,,,,,,,,,,,,
639,10,FREECAM_3D,21.333333333333332,1349966,41197.69287109375,2249,68.634033203125,14.57003112494442,164,5.0048828125,2084,63.5986328125,1,0.030517578125,0x125C255F,3069,1262,1081,11.98828125,4.9296875,4.22265625,1,0x14,0,0,0,1,0,1,0,0,-1,0,,,,,,,,,,,,,,,,,,,,,,
640,10,FREECAM_3D,21.366666666666667,1352237,41266.998291015625,2271,69.305419921875,14.428885953324526,164,5.0048828125,2107,64.300537109375,0,0.0,0x1CAD1FE7,3069,1262,1081,11.98828125,4.9296875,4.22265625,1,0x14,0,0,0,1,0,1,0,0,-1,0,,,,,,,,,,,,,,,,,,,,,,
641,10,FREECAM_3D,21.4,1354575,41338.348388671875,2338,71.35009765625,14.015397775876817,163,4.974365234375,2174,66.34521484375,1,0.030517578125,0x301ECFFF,3069,1262,1081,11.98828125,4.9296875,4.22265625,1,0x14,0,0,0,1,0,1,0,0,-1,0,,,,,,,,,,,,,,,,,,,,,,
642,10,FREECAM_3D,21.433333333333334,1356926,41410.09521484375,2351,71.746826171875,13.937898766482348,163,4.974365234375,2188,66.7724609375,0,0.0,0xBA858160,3069,1262,1081,11.98828125,4.9296875,4.22265625,1,0x14,0,0,0,1,0,1,0,0,-1,0,,,,,,,,,,,,,,,,,,,,,,
643,10,FREECAM_3D,21.466666666666665,1359412,41485.9619140625,2486,75.86669921875,13.181013676588897,163,4.974365234375,2322,70.86181640625,1,0.030517578125,0x75381BF2,3069,1262,1081,11.98828125,4.9296875,4.22265625,1,0x14,0,0,0,1,0,1,0,0,-1,0,,,,,,,,,,,,,,,,,,,,,,
644,10,FREECAM_3D,21.5,1361987,41564.544677734375,2575,78.582763671875,12.725436893203884,163,4.974365234375,2411,73.577880859375,1,0.030517578125,0x0F828D67,3069,1262,1081,11.98828125,4.9296875,4.22265625,1,0x14,0,0,0,1,0,1,0,0,-1,0,,,,,,,,,,,,,,,,,,,,,,
645,10,FREECAM_3D,21.533333333333335,1364626,41645.08056640625,2639,80.535888671875,12.416824554755589,164,5.0048828125,2475,75.531005859375,0,0.0,0x7496D160,3069,1262,1081,11.98828125,4.9296875,4.22265625,1,0x14,0,0,0,1,0,1,0,0,-1,0,,,,,,,,,,,,,,,,,,,,,,
646,10,FREECAM_3D,21.566666666666666,1367283,41726.165771484375,2657,81.085205078125,12.332706059465563,164,5.0048828125,2493,76.080322265625,0,0.0,0x757DE4F2,3069,1262,1081,11.98828125,4.9296875,4.22265625,1,0x14,0,0,0,1,0,1,0,0,-1,0,,,,,,,,,,,,,,,,,,,,,,
647,10,FREECAM_3D,21.6,1369975,41808.319091796875,2692,82.1533203125,12.172362555720653,163,4.974365234375,2529,77.178955078125,0,0.0,0x4310EEA4,3069,1262,1081,11.98828125,4.9296875,4.22265625,1,0x14,0,0,0,1,0,1,0,0,-1,0,,,,,,,,,,,,,,,,,,,,,,
648,10,FREECAM_3D,21.633333333333333,1372813,41894.927978515625,2838,86.60888671875,11.5461592670895,164,5.0048828125,2674,81.60400390625,0,0.0,0x7EDEF92F,3069,1262,1081,11.98828125,4.9296875,4.22265625,1,0x14,0,0,0,1,0,1,0,0,-1,0,,,,,,,,,,,,,,,,,,,,,,
649,10,FREECAM_3D,21.666666666666668,1375653,41981.597900390625,2840,86.669921875,11.538028169014085,164,5.0048828125,2676,81.6650390625,0,0.0,0x65DFB05A,3069,1262,1081,11.98828125,4.9296875,4.22265625,1,0x14,0,0,0,1,0,1,0,0,-1,0,,,,,,,,,,,,,,,,,,,,,,
650,10,FREECAM_3D,21.7,1378604,42071.6552734375,2951,90.057373046875,11.104032531345307,163,4.974365234375,2788,85.0830078125,0,0.0,0x1D68886C,3069,1262,1081,11.98828125,4.9296875,4.22265625,1,0x14,0,0,0,1,0,1,0,0,-1,0,,,,,,,,,,,,,,,,,,,,,,
651,10,FREECAM_3D,21.733333333333334,1381576,42162.353515625,2972,90.6982421875,11.02557200538358,163,4.974365234375,2808,85.693359375,1,0.030517578125,0xF20D7777,3069,1262,1081,11.98828125,4.9296875,4.22265625,1,0x14,0,0,0,1,0,1,0,0,-1,0,,,,,,,,,,,,,,,,,,,,,,
652,10,FREECAM_3D,21.766666666666666,1384569,42253.692626953125,2993,91.339111328125,10.948212495823588,163,4.974365234375,2829,86.334228515625,1,0.030517578125,0xA44C425B,3069,1262,1081,11.98828125,4.9296875,4.22265625,1,0x14,0,0,0,1,0,1,0,0,-1,0,,,,,,,,,,,,,,,,,,,,,,
653,10,FREECAM_3D,21.8,1387559,42344.940185546875,2990,91.24755859375,10.959197324414715,164,5.0048828125,2826,86.24267578125,0,0.0,0xC7FFADCF,3069,1262,1081,11.98828125,4.9296875,4.22265625,1,0x14,0,0,0,1,0,1,0,0,-1,0,,,,,,,,,,,,,,,,,,,,,,
654,10,FREECAM_3D,21.833333333333332,1390540,42435.9130859375,2981,90.972900390625,10.992284468299228,163,4.974365234375,2818,85.99853515625,0,0.0,0xA3747F26,3069,1262,1081,11.98828125,4.9296875,4.22265625,1,0x14,0,0,0,1,0,1,0,0,-1,0,,,,,,,,,,,,,,,,,,,,,,
655,10,FREECAM_3D,21.866666666666667,1393503,42526.336669921875,2963,90.423583984375,11.059061761727978,163,4.974365234375,2799,85.418701171875,1,0.030517578125,0xAE96CAD8,3069,1262,1081,11.98828125,4.9296875,4.22265625,1,0x14,0,0,0,1,0,1,0,0,-1,0,,,,,,,,,,,,,,,,,,,,,,
656,10,FREECAM_3D,21.9,1396460,42616.5771484375,2957,90.240478515625,11.081501521812648,163,4.974365234375,2794,85.26611328125,0,0.0,0x58F5109B,3069,1262,1081,11.98828125,4.9296875,4.22265625,1,0x14,0,0,0,1,0,1,0,0,-1,0,,,,,,,,,,,,,,,,,,,,,,
657,10,FREECAM_3D,21.933333333333334,1399378,42705.62744140625,2918,89.05029296875,11.22960932145305,164,5.0048828125,2754,84.04541015625,0,0.0,0x87F93679,3069,1262,1081,11.98828125,4.9296875,4.22265625,1,0x14,0,0,0,1,0,1,0,0,-1,0,,,,,,,,,,,,,,,,,,,,,,
658,10,FREECAM_3D,21.966666666666665,1402282,42794.25048828125,2904,88.623046875,11.28374655647383,163,4.974365234375,2740,83.6181640625,1,0.030517578125,0x99232FBD,3069,1262,1081,11.98828125,4.9296875,4.22265625,1,0x14,0,0,0,1,0,1,0,0,-1,0,,,,,,,,,,,,,,,,,,,,,,
659,10,FREECAM_3D,22.0,1405161,42882.110595703125,2879,87.860107421875,11.381729767280305,164,5.0048828125,2715,82.855224609375,0,0.0,0xB16D2C2A,3069,1262,1081,11.98828125,4.9296875,4.22265625,1,0x14,0,0,0,1,0,1,0,0,-1,0,,,,,,,,,,,,,,,,,,,,,,
660,10,FREECAM_3D,22.033333333333335,1408006,42968.93310546875,2845,86.822509765625,11.517750439367312,164,5.0048828125,2681,81.817626953125,0,0.0,0x97B6A86E,3069,1262,1081,11.98828125,4.9296875,4.22265625,1,0x14,0,0,0,1,0,1,0,0,-1,0,,,,,,,,,,,,,,,,,,,,,,
661,10,FREECAM_3D,22.066666666666666,1410826,43054.99267578125,2820,86.0595703125,11.61985815602837,163,4.974365234375,2656,81.0546875,1,0.030517578125,0xD6FA1B1C,3069,1262,1081,11.98828125,4.9296875,4.22265625,1,0x14,0,0,0,1,0,1,0,0,-1,0,,,,,,,,,,,,,,,,,,,,,,
662,10,FREECAM_3D,22.1,1413611,43139.984130859375,2785,84.991455078125,11.765888689407541,164,5.0048828125,2620,79.9560546875,1,0.030517578125,0x8B4C3E5A,3069,1262,1081,11.98828125,4.9296875,4.22265625,1,0x14,0,0,0,1,0,1,0,0,-1,0,,,,,,,,,,,,,,,,,,,,,,
663,10,FREECAM_3D,22.133333333333333,1416391,43224.822998046875,2780,84.8388671875,11.78705035971223,160,4.8828125,2620,79.9560546875,0,0.0,0x8B4C3E5A,3069,1262,1081,11.98828125,4.9296875,4.22265625,1,0x10,0,0,0,0,0,1,0,0,-1,0,,,,,,,,,,,,,,,,,,,,,,
664,10,FREECAM_3D,22.166666666666668,1419170,43309.63134765625,2779,84.808349609375,11.791291831594098,159,4.852294921875,2620,79.9560546875,0,0.0,0x8B4C3E5A,3069,1262,1081,11.98828125,4.9296875,4.22265625,1,0x10,0,0,0,0,0,1,0,0,-1,0,,,,,,,,,,,,,,,,,,,,,,
665,10,FREECAM_3D,22.2,1421949,43394.439697265625,2779,84.808349609375,11.791291831594098,159,4.852294921875,2620,79.9560546875,0,0.0,0x8B4C3E5A,3069,1262,1081,11.98828125,4.9296875,4.22265625,1,0x10,0,0,0,0,0,1,0,0,-1,0,,,,,,,,,,,,,,,,,,,,,,
666,10,FREECAM_3D,22.233333333333334,1424729,43479.278564453125,2780,84.8388671875,11.78705035971223,159,4.852294921875,2620,79.9560546875,1,0.030517578125,0x8B4C3E5A,3069,1262,1081,11.98828125,4.9296875,4.22265625,1,0x10,0,0,0,0,0,1,0,0,-1,0,,,,,,,,,,,,,,,,,,,,,,
667,10,FREECAM_3D,22.266666666666666,1427509,43564.117431640625,2780,84.8388671875,11.78705035971223,159,4.852294921875,2620,79.9560546875,1,0.030517578125,0x8B4C3E5A,3069,1262,1081,11.98828125,4.9296875,4.22265625,1,0x10,0,0,0,0,0,1,0,0,-1,0,,,,,,,,,,,,,,,,,,,,,,
668,10,FREECAM_3D,22.3,1430289,43648.956298828125,2780,84.8388671875,11.78705035971223,159,4.852294921875,2621,79.986572265625,0,0.0,0x8B4C3E5A,3069,1262,1081,11.98828125,4.9296875,4.22265625,1,0x10,0,0,0,0,0,1,0,0,-1,0,,,,,,,,,,,,,,,,,,,,,,
669,10,FREECAM_3D,22.333333333333332,1433068,43733.7646484375,2779,84.808349609375,11.791291831594098,159,4.852294921875,2620,79.9560546875,0,0.0,0x8B4C3E5A,3069,1262,1081,11.98828125,4.9296875,4.22265625,1,0x10,0,0,0,0,0,1,0,0,-1,0,,,,,,,,,,,,,,,,,,,,,,
670,10,FREECAM_3D,22.366666666666667,1435848,43818.603515625,2780,84.8388671875,11.78705035971223,159,4.852294921875,2620,79.9560546875,1,0.030517578125,0x8B4C3E5A,3069,1262,1081,11.98828125,4.9296875,4.22265625,1,0x10,0,0,0,0,0,1,0,0,-1,0,,,,,,,,,,,,,,,,,,,,,,
671,10,FREECAM_3D,22.4,1438628,43903.4423828125,2780,84.8388671875,11.78705035971223,159,4.852294921875,2620,79.9560546875,1,0.030517578125,0x8B4C3E5A,3069,1262,1081,11.98828125,4.9296875,4.22265625,1,0x10,0,0,0,0,0,1,0,0,-1,0,,,,,,,,,,,,,,,,,,,,,,
672,10,FREECAM_3D,22.433333333333334,1441409,43988.311767578125,2781,84.869384765625,11.782811938151744,160,4.8828125,2621,79.986572265625,0,0.0,0x8B4C3E5A,3069,1262,1081,11.98828125,4.9296875,4.22265625,1,0x10,0,0,0,0,0,1,0,0,-1,0,,,,,,,,,,,,,,,,,,,,,,
673,10,FREECAM_3D,22.466666666666665,1444188,44073.1201171875,2779,84.808349609375,11.791291831594098,159,4.852294921875,2620,79.9560546875,0,0.0,0x8B4C3E5A,3069,1262,1081,11.98828125,4.9296875,4.22265625,1,0x10,0,0,0,0,0,1,0,0,-1,0,,,,,,,,,,,,,,,,,,,,,,
674,10,FREECAM_3D,22.5,1446967,44157.928466796875,2779,84.808349609375,11.791291831594098,159,4.852294921875,2620,79.9560546875,0,0.0,0x8B4C3E5A,3069,1262,1081,11.98828125,4.9296875,4.22265625,1,0x10,0,0,0,0,0,1,0,0,-1,0,,,,,,,,,,,,,,,,,,,,,,
675,10,FREECAM_3D,22.533333333333335,1449747,44242.767333984375,2780,84.8388671875,11.78705035971223,159,4.852294921875,2620,79.9560546875,1,0.030517578125,0x8B4C3E5A,3069,1262,1081,11.98828125,4.9296875,4.22265625,1,0x10,0,0,0,0,0,1,0,0,-1,0,,,,,,,,,,,,,,,,,,,,,,
676,10,FREECAM_3D,22.566666666666666,1452527,44327.606201171875,2780,84.8388671875,11.78705035971223,159,4.852294921875,2620,79.9560546875,1,0.030517578125,0x8B4C3E5A,3069,1262,1081,11.98828125,4.9296875,4.22265625,1,0x10,0,0,0,0,0,1,0,0,-1,0,,,,,,,,,,,,,,,,,,,,,,
677,10,FREECAM_3D,22.6,1455307,44412.445068359375,2780,84.8388671875,11.78705035971223,159,4.852294921875,2621,79.986572265625,0,0.0,0x8B4C3E5A,3069,1262,1081,11.98828125,4.9296875,4.22265625,1,0x10,0,0,0,0,0,1,0,0,-1,0,,,,,,,,,,,,,,,,,,,,,,
678,10,FREECAM_3D,22.633333333333333,1458086,44497.25341796875,2779,84.808349609375,11.791291831594098,159,4.852294921875,2620,79.9560546875,0,0.0,0x8B4C3E5A,3069,1262,1081,11.98828125,4.9296875,4.22265625,1,0x10,0,0,0,0,0,1,0,0,-1,0,,,,,,,,,,,,,,,,,,,,,,
679,10,FREECAM_3D,22.666666666666668,1460866,44582.09228515625,2780,84.8388671875,11.78705035971223,159,4.852294921875,2620,79.9560546875,1,0.030517578125,0x8B4C3E5A,3069,1262,1081,11.98828125,4.9296875,4.22265625,1,0x10,0,0,0,0,0,1,0,0,-1,0,,,,,,,,,,,,,,,,,,,,,,
680,10,FREECAM_3D,22.7,1463646,44666.93115234375,2780,84.8388671875,11.78705035971223,159,4.852294921875,2620,79.9560546875,1,0.030517578125,0x8B4C3E5A,3069,1262,1081,11.98828125,4.9296875,4.22265625,1,0x10,0,0,0,0,0,1,0,0,-1,0,,,,,,,,,,,,,,,,,,,,,,
681,10,FREECAM_3D,22.733333333333334,1466427,44751.800537109375,2781,84.869384765625,11.782811938151744,160,4.8828125,2621,79.986572265625,0,0.0,0x8B4C3E5A,3069,1262,1081,11.98828125,4.9296875,4.22265625,1,0x10,0,0,0,0,0,1,0,0,-1,0,,,,,,,,,,,,,,,,,,,,,,
682,10,FREECAM_3D,22.766666666666666,1469206,44836.60888671875,2779,84.808349609375,11.791291831594098,159,4.852294921875,2620,79.9560546875,0,0.0,0x8B4C3E5A,3069,1262,1081,11.98828125,4.9296875,4.22265625,1,0x10,0,0,0,0,0,1,0,0,-1,0,,,,,,,,,,,,,,,,,,,,,,
683,10,FREECAM_3D,22.8,1471985,44921.417236328125,2779,84.808349609375,11.791291831594098,159,4.852294921875,2620,79.9560546875,0,0.0,0x8B4C3E5A,3069,1262,1081,11.98828125,4.9296875,4.22265625,1,0x10,0,0,0,0,0,1,0,0,-1,0,,,,,,,,,,,,,,,,,,,,,,
684,10,FREECAM_3D,22.833333333333332,1474765,45006.256103515625,2780,84.8388671875,11.78705035971223,159,4.852294921875,2620,79.9560546875,1,0.030517578125,0x8B4C3E5A,3069,1262,1081,11.98828125,4.9296875,4.22265625,1,0x10,0,0,0,0,0,1,0,0,-1,0,,,,,,,,,,,,,,,,,,,,,,
685,10,FREECAM_3D,22.866666666666667,1477545,45091.094970703125,2780,84.8388671875,11.78705035971223,159,4.852294921875,2620,79.9560546875,1,0.030517578125,0x8B4C3E5A,3069,1262,1081,11.98828125,4.9296875,4.22265625,1,0x10,0,0,0,0,0,1,0,0,-1,0,,,,,,,,,,,,,,,,,,,,,,
686,10,FREECAM_3D,22.9,1480324,45175.9033203125,2779,84.808349609375,11.791291831594098,159,4.852294921875,2620,79.9560546875,0,0.0,0x8B4C3E5A,3069,1262,1081,11.98828125,4.9296875,4.22265625,1,0x10,0,0,0,0,0,1,0,0,-1,0,,,,,,,,,,,,,,,,,,,,,,
687,10,FREECAM_3D,22.933333333333334,1483103,45260.711669921875,2779,84.808349609375,11.791291831594098,159,4.852294921875,2620,79.9560546875,0,0.0,0x8B4C3E5A,3069,1262,1081,11.98828125,4.9296875,4.22265625,1,0x10,0,0,0,0,0,1,0,0,-1,0,,,,,,,,,,,,,,,,,,,,,,
688,10,FREECAM_3D,22.966666666666665,1485883,45345.550537109375,2780,84.8388671875,11.78705035971223,159,4.852294921875,2620,79.9560546875,1,0.030517578125,0x8B4C3E5A,3069,1262,1081,11.98828125,4.9296875,4.22265625,1,0x10,0,0,0,0,0,1,0,0,-1,0,,,,,,,,,,,,,,,,,,,,,,
689,10,FREECAM_3D,23.0,1488663,45430.389404296875,2780,84.8388671875,11.78705035971223,159,4.852294921875,2620,79.9560546875,1,0.030517578125,0x8B4C3E5A,3069,1262,1081,11.98828125,4.9296875,4.22265625,1,0x10,0,0,0,0,0,1,0,0,-1,0,,,,,,,,,,,,,,,,,,,,,,
690,10,FREECAM_3D,23.033333333333335,1491444,45515.2587890625,2781,84.869384765625,11.782811938151744,160,4.8828125,2621,79.986572265625,0,0.0,0x8B4C3E5A,3069,1262,1081,11.98828125,4.9296875,4.22265625,1,0x10,0,0,0,0,0,1,0,0,-1,0,,,,,,,,,,,,,,,,,,,,,,
691,10,FREECAM_3D,23.066666666666666,1494223,45600.067138671875,2779,84.808349609375,11.791291831594098,159,4.852294921875,2620,79.9560546875,0,0.0,0x8B4C3E5A,3069,1262,1081,11.98828125,4.9296875,4.22265625,1,0x10,0,0,0,0,0,1,0,0,-1,0,,,,,,,,,,,,,,,,,,,,,,
692,10,FREECAM_3D,23.1,1497003,45684.906005859375,2780,84.8388671875,11.78705035971223,159,4.852294921875,2620,79.9560546875,1,0.030517578125,0x8B4C3E5A,3069,1262,1081,11.98828125,4.9296875,4.22265625,1,0x10,0,0,0,0,0,1,0,0,-1,0,,,,,,,,,,,,,,,,,,,,,,
693,10,FREECAM_3D,23.133333333333333,1499783,45769.744873046875,2780,84.8388671875,11.78705035971223,159,4.852294921875,2620,79.9560546875,1,0.030517578125,0x8B4C3E5A,3069,1262,1081,11.98828125,4.9296875,4.22265625,1,0x10,0,0,0,0,0,1,0,0,-1,0,,,,,,,,,,,,,,,,,,,,,,
694,10,FREECAM_3D,23.166666666666668,1502562,45854.55322265625,2779,84.808349609375,11.791291831594098,159,4.852294921875,2620,79.9560546875,0,0.0,0x8B4C3E5A,3069,1262,1081,11.98828125,4.9296875,4.22265625,1,0x10,0,0,0,0,0,1,0,0,-1,0,,,,,,,,,,,,,,,,,,,,,,
695,10,FREECAM_3D,23.2,1505341,45939.361572265625,2779,84.808349609375,11.791291831594098,159,4.852294921875,2620,79.9560546875,0,0.0,0x8B4C3E5A,3069,1262,1081,11.98828125,4.9296875,4.22265625,1,0x10,0,0,0,0,0,1,0,0,-1,0,,,,,,,,,,,,,,,,,,,,,,
696,10,FREECAM_3D,23.233333333333334,1508120,46024.169921875,2779,84.808349609375,11.791291831594098,159,4.852294921875,2620,79.9560546875,0,0.0,0x8B4C3E5A,3069,1262,1081,11.98828125,4.9296875,4.22265625,1,0x10,0,0,0,0,0,1,0,0,-1,0,,,,,,,,,,,,,,,,,,,,,,
697,10,FREECAM_3D,23.266666666666666,1510900,46109.0087890625,2780,84.8388671875,11.78705035971223,159,4.852294921875,2620,79.9560546875,1,0.030517578125,0x8B4C3E5A,3069,1262,1081,11.98828125,4.9296875,4.22265625,1,0x10,0,0,0,0,0,1,0,0,-1,0,,,,,,,,,,,,,,,,,,,,,,
698,10,FREECAM_3D,23.3,1513680,46193.84765625,2780,84.8388671875,11.78705035971223,159,4.852294921875,2620,79.9560546875,1,0.030517578125,0x8B4C3E5A,3069,1262,1081,11.98828125,4.9296875,4.22265625,1,0x10,0,0,0,0,0,1,0,0,-1,0,,,,,,,,,,,,,,,,,,,,,,
699,10,FREECAM_3D,23.333333333333332,1516460,46278.6865234375,2780,84.8388671875,11.78705035971223,159,4.852294921875,2621,79.986572265625,0,0.0,0x8B4C3E5A,3069,1262,1081,11.98828125,4.9296875,4.22265625,1,0x10,0,0,0,0,0,1,0,0,-1,0,,,,,,,,,,,,,,,,,,,,,,
700,10,FREECAM_3D,23.366666666666667,1519239,46363.494873046875,2779,84.808349609375,11.791291831594098,159,4.852294921875,2620,79.9560546875,0,0.0,0x8B4C3E5A,3069,1262,1081,11.98828125,4.9296875,4.22265625,1,0x10,0,0,0,0,0,1,0,0,-1,0,,,,,,,,,,,,,,,,,,,,,,
701,10,FREECAM_3D,23.4,1522019,46448.333740234375,2780,84.8388671875,11.78705035971223,159,4.852294921875,2620,79.9560546875,1,0.030517578125,0x8B4C3E5A,3069,1262,1081,11.98828125,4.9296875,4.22265625,1,0x10,0,0,0,0,0,1,0,0,-1,0,,,,,,,,,,,,,,,,,,,,,,
702,10,FREECAM_3D,23.433333333333334,1524799,46533.172607421875,2780,84.8388671875,11.78705035971223,159,4.852294921875,2620,79.9560546875,1,0.030517578125,0x8B4C3E5A,3069,1262,1081,11.98828125,4.9296875,4.22265625,1,0x10,0,0,0,0,0,1,0,0,-1,0,,,,,,,,,,,,,,,,,,,,,,
703,10,FREECAM_3D,23.466666666666665,1527579,46618.011474609375,2780,84.8388671875,11.78705035971223,160,4.8828125,2620,79.9560546875,0,0.0,0x8B4C3E5A,3069,1262,1081,11.98828125,4.9296875,4.22265625,1,0x10,0,0,0,0,0,1,0,0,-1,0,,,,,,,,,,,,,,,,,,,,,,
704,10,FREECAM_3D,23.5,1530358,46702.81982421875,2779,84.808349609375,11.791291831594098,159,4.852294921875,2620,79.9560546875,0,0.0,0x8B4C3E5A,3069,1262,1081,11.98828125,4.9296875,4.22265625,1,0x10,0,0,0,0,0,1,0,0,-1,0,,,,,,,,,,,,,,,,,,,,,,
705,10,FREECAM_3D,23.533333333333335,1533137,46787.628173828125,2779,84.808349609375,11.791291831594098,159,4.852294921875,2620,79.9560546875,0,0.0,0x8B4C3E5A,3069,1262,1081,11.98828125,4.9296875,4.22265625,1,0x10,0,0,0,0,0,1,0,0,-1,0,,,,,,,,,,,,,,,,,,,,,,
706,10,FREECAM_3D,23.566666666666666,1535917,46872.467041015625,2780,84.8388671875,11.78705035971223,159,4.852294921875,2620,79.9560546875,1,0.030517578125,0x8B4C3E5A,3069,1262,1081,11.98828125,4.9296875,4.22265625,1,0x10,0,0,0,0,0,1,0,0,-1,0,,,,,,,,,,,,,,,,,,,,,,
707,10,FREECAM_3D,23.6,1538697,46957.305908203125,2780,84.8388671875,11.78705035971223,159,4.852294921875,2620,79.9560546875,1,0.030517578125,0x8B4C3E5A,3069,1262,1081,11.98828125,4.9296875,4.22265625,1,0x10,0,0,0,0,0,1,0,0,-1,0,,,,,,,,,,,,,,,,,,,,,,
708,10,FREECAM_3D,23.633333333333333,1541477,47042.144775390625,2780,84.8388671875,11.78705035971223,159,4.852294921875,2621,79.986572265625,0,0.0,0x8B4C3E5A,3069,1262,1081,11.98828125,4.9296875,4.22265625,1,0x10,0,0,0,0,0,1,0,0,-1,0,,,,,,,,,,,,,,,,,,,,,,
709,10,FREECAM_3D,23.666666666666668,1544256,47126.953125,2779,84.808349609375,11.791291831594098,159,4.852294921875,2620,79.9560546875,0,0.0,0x8B4C3E5A,3069,1262,1081,11.98828125,4.9296875,4.22265625,1,0x10,0,0,0,0,0,1,0,0,-1,0,,,,,,,,,,,,,,,,,,,,,,
710,10,FREECAM_3D,23.7,1547076,47213.0126953125,2820,86.0595703125,11.61985815602837,163,4.974365234375,2656,81.0546875,1,0.030517578125,0xD6FA1B1C,3069,1262,1081,11.98828125,4.9296875,4.22265625,1,0x14,0,0,0,1,0,1,0,0,1,0,,,,,,,,,,,,,,,,,,,,,,
711,10,FREECAM_3D,23.733333333333334,1549921,47299.835205078125,2845,86.822509765625,11.517750439367312,164,5.0048828125,2681,81.817626953125,0,0.0,0x97B6A86E,3069,1262,1081,11.98828125,4.9296875,4.22265625,1,0x14,0,0,0,1,0,1,0,0,1,0,,,,,,,,,,,,,,,,,,,,,,
712,10,FREECAM_3D,23.766666666666666,1552799,47387.664794921875,2878,87.82958984375,11.385684503127171,163,4.974365234375,2715,82.855224609375,0,0.0,0xB16D2C2A,3069,1262,1081,11.98828125,4.9296875,4.22265625,1,0x14,0,0,0,1,0,1,0,0,1,0,,,,,,,,,,,,,,,,,,,,,,
713,10,FREECAM_3D,23.8,1555703,47476.287841796875,2904,88.623046875,11.28374655647383,163,4.974365234375,2740,83.6181640625,1,0.030517578125,0x99232FBD,3069,1262,1081,11.98828125,4.9296875,4.22265625,1,0x14,0,0,0,1,0,1,0,0,1,0,,,,,,,,,,,,,,,,,,,,,,
714,10,FREECAM_3D,23.833333333333332,1558621,47565.338134765625,2918,89.05029296875,11.22960932145305,164,5.0048828125,2754,84.04541015625,0,0.0,0x87F93679,3069,1262,1081,11.98828125,4.9296875,4.22265625,1,0x14,0,0,0,1,0,1,0,0,1,0,,,,,,,,,,,,,,,,,,,,,,
715,10,FREECAM_3D,23.866666666666667,1561578,47655.57861328125,2957,90.240478515625,11.081501521812648,163,4.974365234375,2794,85.26611328125,0,0.0,0x58F5109B,3069,1262,1081,11.98828125,4.9296875,4.22265625,1,0x14,0,0,0,1,0,1,0,0,1,0,,,,,,,,,,,,,,,,,,,,,,
716,10,FREECAM_3D,23.9,1564540,47745.9716796875,2962,90.39306640625,11.062795408507766,163,4.974365234375,2799,85.418701171875,0,0.0,0xAE96CAD8,3069,1262,1081,11.98828125,4.9296875,4.22265625,1,0x14,0,0,0,1,0,1,0,0,1,0,,,,,,,,,,,,,,,,,,,,,,
717,10,FREECAM_3D,23.933333333333334,1567521,47836.944580078125,2981,90.972900390625,10.992284468299228,164,5.0048828125,2817,85.968017578125,0,0.0,0xA3747F26,3069,1262,1081,11.98828125,4.9296875,4.22265625,1,0x14,0,0,0,1,0,1,0,0,1,0,,,,,,,,,,,,,,,,,,,,,,
718,10,FREECAM_3D,23.966666666666665,1570511,47928.192138671875,2990,91.24755859375,10.959197324414715,164,5.0048828125,2826,86.24267578125,0,0.0,0xC7FFADCF,3069,1262,1081,11.98828125,4.9296875,4.22265625,1,0x14,0,0,0,1,0,1,0,0,1,0,,,,,,,,,,,,,,,,,,,,,,
719,10,FREECAM_3D,24.0,1573503,48019.500732421875,2992,91.30859375,10.95187165775401,163,4.974365234375,2829,86.334228515625,0,0.0,0xA44C425B,3069,1262,1081,11.98828125,4.9296875,4.22265625,1,0x14,0,0,0,1,0,1,0,0,1,0,,,,,,,,,,,,,,,,,,,,,,
720,10,FREECAM_3D,24.033333333333335,1576474,48110.16845703125,2971,90.667724609375,11.029283069673511,163,4.974365234375,2808,85.693359375,0,0.0,0xF20D7777,3069,1262,1081,11.98828125,4.9296875,4.22265625,1,0x14,0,0,0,1,0,1,0,0,1,0,,,,,,,,,,,,,,,,,,,,,,
721,10,FREECAM_3D,24.066666666666666,1579426,48200.25634765625,2952,90.087890625,11.100271002710027,164,5.0048828125,2788,85.0830078125,0,0.0,0x1D68886C,3069,1262,1081,11.98828125,4.9296875,4.22265625,1,0x14,0,0,0,1,0,1,0,0,1,0,,,,,,,,,,,,,,,,,,,,,,
722,10,FREECAM_3D,24.1,1582266,48286.92626953125,2840,86.669921875,11.538028169014085,164,5.0048828125,2676,81.6650390625,0,0.0,0x65DFB05A,3069,1262,1081,11.98828125,4.9296875,4.22265625,1,0x14,0,0,0,1,0,1,0,0,1,0,,,,,,,,,,,,,,,,,,,,,,
723,10,FREECAM_3D,24.133333333333333,1585103,48373.504638671875,2837,86.578369140625,11.550229115262601,163,4.974365234375,2674,81.60400390625,0,0.0,0x7EDEF92F,3069,1262,1081,11.98828125,4.9296875,4.22265625,1,0x14,0,0,0,1,0,1,0,0,1,0,,,,,,,,,,,,,,,,,,,,,,
724,10,FREECAM_3D,24.166666666666668,1587796,48455.6884765625,2693,82.183837890625,12.16784255477163,163,4.974365234375,2529,77.178955078125,1,0.030517578125,0x4310EEA4,3069,1262,1081,11.98828125,4.9296875,4.22265625,1,0x14,0,0,0,1,0,1,0,0,1,0,,,,,,,,,,,,,,,,,,,,,,
725,10,FREECAM_3D,24.2,1590453,48536.773681640625,2657,81.085205078125,12.332706059465563,164,5.0048828125,2493,76.080322265625,0,0.0,0x757DE4F2,3069,1262,1081,11.98828125,4.9296875,4.22265625,1,0x14,0,0,0,1,0,1,0,0,1,0,,,,,,,,,,,,,,,,,,,,,,
726,10,FREECAM_3D,24.233333333333334,1593091,48617.279052734375,2638,80.50537109375,12.42153146322972,163,4.974365234375,2475,75.531005859375,0,0.0,0x7496D160,3069,1262,1081,11.98828125,4.9296875,4.22265625,1,0x14,0,0,0,1,0,1,0,0,1,0,,,,,,,,,,,,,,,,,,,,,,
727,10,FREECAM_3D,24.266666666666666,1595666,48695.86181640625,2575,78.582763671875,12.725436893203884,163,4.974365234375,2411,73.577880859375,1,0.030517578125,0x0F828D67,3069,1262,1081,11.98828125,4.9296875,4.22265625,1,0x14,0,0,0,1,0,1,0,0,1,0,,,,,,,,,,,,,,,,,,,,,,
728,10,FREECAM_3D,24.3,1598152,48771.728515625,2486,75.86669921875,13.181013676588897,163,4.974365234375,2322,70.86181640625,1,0.030517578125,0x75381BF2,3069,1262,1081,11.98828125,4.9296875,4.22265625,1,0x14,0,0,0,1,0,1,0,0,1,0,,,,,,,,,,,,,,,,,,,,,,
729,10,FREECAM_3D,24.333333333333332,1600505,48843.536376953125,2353,71.807861328125,13.926051848703782,164,5.0048828125,2188,66.7724609375,1,0.030517578125,0xBA858160,3069,1262,1081,11.98828125,4.9296875,4.22265625,1,0x14,0,0,0,1,0,1,0,0,1,0,,,,,,,,,,,,,,,,,,,,,,
730,10,FREECAM_3D,24.366666666666667,1602843,48914.886474609375,2338,71.35009765625,14.015397775876817,163,4.974365234375,2174,66.34521484375,1,0.030517578125,0x301ECFFF,3069,1262,1081,11.98828125,4.9296875,4.22265625,1,0x14,0,0,0,1,0,1,0,0,1,0,,,,,,,,,,,,,,,,,,,,,,
731,10,FREECAM_3D,24.4,1605114,48984.19189453125,2271,69.305419921875,14.428885953324526,164,5.0048828125,2107,64.300537109375,0,0.0,0x1CAD1FE7,3069,1262,1081,11.98828125,4.9296875,4.22265625,1,0x14,0,0,0,1,0,1,0,0,1,0,,,,,,,,,,,,,,,,,,,,,,
732,10,FREECAM_3D,24.433333333333334,1607361,49052.764892578125,2247,68.572998046875,14.582999554962171,163,4.974365234375,2084,63.5986328125,0,0.0,0x125C255F,3069,1262,1081,11.98828125,4.9296875,4.22265625,1,0x14,0,0,0,1,0,1,0,0,1,0,,,,,,,,,,,,,,,,,,,,,,
733,10,FREECAM_3D,24.466666666666665,1609589,49120.758056640625,2228,67.9931640625,14.707360861759426,163,4.974365234375,2065,63.018798828125,0,0.0,0x351999EE,3069,1262,1081,11.98828125,4.9296875,4.22265625,1,0x14,0,0,0,1,0,1,0,0,1,0,,,,,,,,,,,,,,,,,,,,,,
734,10,FREECAM_3D,24.5,1611832,49189.208984375,2243,68.450927734375,14.609005795809184,163,4.974365234375,2079,63.446044921875,1,0.030517578125,0xAC17D57C,3069,1262,1081,11.98828125,4.9296875,4.22265625,1,0x14,0,0,0,1,0,1,0,0,1,0,,,,,,,,,,,,,,,,,,,,,,
735,10,FREECAM_3D,24.533333333333335,1614084,49257.9345703125,2252,68.7255859375,14.550621669626999,164,5.0048828125,2088,63.720703125,0,0.0,0x9AB97DEB,3069,1262,1081,11.98828125,4.9296875,4.22265625,1,0x14,0,0,0,1,0,1,0,0,1,0,,,,,,,,,,,,,,,,,,,,,,
736,10,FREECAM_3D,24.566666666666666,1616415,49329.071044921875,2331,71.136474609375,14.057486057486058,163,4.974365234375,2167,66.131591796875,1,0.030517578125,0x9F0DFB31,3069,1262,1081,11.98828125,4.9296875,4.22265625,1,0x14,0,0,0,1,0,1,0,0,1,0,,,,,,,,,,,,,,,,,,,,,,
737,10,FREECAM_3D,24.6,1618735,49399.871826171875,2320,70.80078125,14.124137931034483,163,4.974365234375,2156,65.7958984375,1,0.030517578125,0x71DCCEE5,3069,1262,1081,11.98828125,4.9296875,4.22265625,1,0x14,0,0,0,1,0,1,0,0,1,0,,,,,,,,,,,,,,,,,,,,,,
738,10,FREECAM_3D,24.633333333333333,1621031,49469.940185546875,2296,70.068359375,14.27177700348432,163,4.974365234375,2132,65.0634765625,1,0.030517578125,0xA5FAE12A,3069,1262,1081,11.98828125,4.9296875,4.22265625,1,0x14,0,0,0,1,0,1,0,0,1,0,,,,,,,,,,,,,,,,,,,,,,
739,10,FREECAM_3D,24.666666666666668,1623365,49541.168212890625,2334,71.22802734375,14.03941730934019,163,4.974365234375,2170,66.22314453125,1,0.030517578125,0xA5318462,3069,1262,1081,11.98828125,4.9296875,4.22265625,1,0x14,0,0,0,1,0,1,0,0,1,0,,,,,,,,,,,,,,,,,,,,,,
740,10,FREECAM_3D,24.7,1625681,49611.846923828125,2316,70.6787109375,14.14853195164076,164,5.0048828125,2152,65.673828125,0,0.0,0x0F056F37,3069,1262,1081,11.98828125,4.9296875,4.22265625,1,0x14,0,0,0,1,0,1,0,0,1,0,,,,,,,,,,,,,,,,,,,,,,
741,10,FREECAM_3D,24.733333333333334,1628009,49682.891845703125,2328,71.044921875,14.075601374570446,163,4.974365234375,2164,66.0400390625,1,0.030517578125,0x3DD7AA69,3069,1262,1081,11.98828125,4.9296875,4.22265625,1,0x14,0,0,0,1,0,1,0,0,1,0,,,,,,,,,,,,,,,,,,,,,,
742,10,FREECAM_3D,24.766666666666666,1630288,49752.44140625,2279,69.549560546875,14.378236068451075,164,5.0048828125,2115,64.544677734375,0,0.0,0xE75BFEC1,3069,1262,1081,11.98828125,4.9296875,4.22265625,1,0x14,0,0,0,1,0,1,0,0,1,0,,,,,,,,,,,,,,,,,,,,,,
743,10,FREECAM_3D,24.8,1632636,49824.0966796875,2348,71.6552734375,13.955706984667803,163,4.974365234375,2185,66.680908203125,0,0.0,0xD5D21860,3069,1262,1081,11.98828125,4.9296875,4.22265625,1,0x14,0,0,0,1,0,1,0,0,1,0,,,,,,,,,,,,,,,,,,,,,,
744,10,FREECAM_3D,24.833333333333332,1634939,49894.378662109375,2303,70.281982421875,14.228397742075554,163,4.974365234375,2139,65.277099609375,1,0.030517578125,0x95EDCE06,3069,1262,1081,11.98828125,4.9296875,4.22265625,1,0x14,0,0,0,1,0,1,0,0,1,0,,,,,,,,,,,,,,,,,,,,,,
745,10,FREECAM_3D,24.866666666666667,1637299,49966.400146484375,2360,72.021484375,13.884745762711864,163,4.974365234375,2197,67.047119140625,0,0.0,0x63CE50E1,3069,1262,1081,11.98828125,4.9296875,4.22265625,1,0x14,0,0,0,1,0,1,0,0,1,0,,,,,,,,,,,,,,,,,,,,,,
746,10,FREECAM_3D,24.9,1639738,50040.83251953125,2439,74.432373046875,13.4350143501435,163,4.974365234375,2275,69.427490234375,1,0.030517578125,0x6BFB6151,3069,1262,1081,11.98828125,4.9296875,4.22265625,1,0x14,0,0,0,1,0,1,0,0,1,0,,,,,,,,,,,,,,,,,,,,,,
747,10,FREECAM_3D,24.933333333333334,1642224,50116.69921875,2486,75.86669921875,13.181013676588897,164,5.0048828125,2322,70.86181640625,0,0.0,0xBC1EDF23,3069,1262,1081,11.98828125,4.9296875,4.22265625,1,0x14,0,0,0,1,0,1,0,0,1,0,,,,,,,,,,,,,,,,,,,,,,
748,10,FREECAM_3D,24.966666666666665,1644728,50193.115234375,2504,76.416015625,13.08626198083067,163,4.974365234375,2341,71.441650390625,0,0.0,0xF7C30E54,3069,1262,1081,11.98828125,4.9296875,4.22265625,1,0x14,0,0,0,1,0,1,0,0,1,0,,,,,,,,,,,,,,,,,,,,,,
749,10,FREECAM_3D,25.0,1647229,50269.439697265625,2501,76.324462890625,13.101959216313475,163,4.974365234375,2338,71.35009765625,0,0.0,0x4540FC6A,3069,1262,1081,11.98828125,4.9296875,4.22265625,1,0x14,0,0,0,1,0,1,0,0,1,0,,,,,,,,,,,,,,,,,,,,,,
750,10,FREECAM_3D,25.033333333333335,1649694,50344.66552734375,2465,75.225830078125,13.293306288032454,164,5.0048828125,2300,70.1904296875,1,0.030517578125,0x06815C15,3069,1262,1081,11.98828125,4.9296875,4.22265625,1,0x14,0,0,0,1,0,1,0,0,1,0,,,,,,,,,,,,,,,,,,,,,,
751,10,FREECAM_3D,25.066666666666666,1652102,50418.15185546875,2408,73.486328125,13.60797342192691,163,4.974365234375,2244,68.4814453125,1,0.030517578125,0x7CE2CE39,3069,1262,1081,11.98828125,4.9296875,4.22265625,1,0x14,0,0,0,1,0,1,0,0,1,0,,,,,,,,,,,,,,,,,,,,,,
752,10,FREECAM_3D,25.1,1654554,50492.98095703125,2452,74.8291015625,13.36378466557912,163,4.974365234375,2288,69.82421875,1,0.030517578125,0x0BF6A32B,3069,1262,1081,11.98828125,4.9296875,4.22265625,1,0x14,0,0,0,1,0,1,0,0,1,0,,,,,,,,,,,,,,,,,,,,,,
753,10,FREECAM_3D,25.133333333333333,1656945,50565.948486328125,2391,72.967529296875,13.704726056043496,163,4.974365234375,2228,67.9931640625,0,0.0,0xD06752C8,3069,1262,1081,11.98828125,4.9296875,4.22265625,1,0x14,0,0,0,1,0,1,0,0,1,0,,,,,,,,,,,,,,,,,,,,,,
754,10,FREECAM_3D,25.166666666666668,1659399,50640.838623046875,2454,74.89013671875,13.352893235533822,163,4.974365234375,2291,69.915771484375,0,0.0,0x48A2917A,3069,1262,1081,11.98828125,4.9296875,4.22265625,1,0x14,0,0,0,1,0,1,0,0,1,0,,,,,,,,,,,,,,,,,,,,,,
755,10,FREECAM_3D,25.2,1661849,50715.606689453125,2450,74.76806640625,13.374693877551021,163,4.974365234375,2287,69.793701171875,0,0.0,0x8CC51F67,3069,1262,1081,11.98828125,4.9296875,4.22265625,1,0x14,0,0,0,1,0,1,0,0,1,0,,,,,,,,,,,,,,,,,,,,,,
756,10,FREECAM_3D,25.233333333333334,1664247,50788.787841796875,2398,73.18115234375,13.664720600500416,163,4.974365234375,2235,68.206787109375,0,0.0,0xA8F28D70,3069,1262,1081,11.98828125,4.9296875,4.22265625,1,0x14,0,0,0,1,0,1,0,0,1,0,,,,,,,,,,,,,,,,,,,,,,
757,10,FREECAM_3D,25.266666666666666,1666658,50862.36572265625,2411,73.577880859375,13.591041061800082,163,4.974365234375,2248,68.603515625,0,0.0,0xD7079BC0,3069,1262,1081,11.98828125,4.9296875,4.22265625,1,0x14,0,0,0,1,0,1,0,0,1,0,,,,,,,,,,,,,,,,,,,,,,
758,10,FREECAM_3D,25.3,1669059,50935.638427734375,2401,73.272705078125,13.647646813827572,156,4.7607421875,2244,68.4814453125,1,0.030517578125,0x9F11FE28,3069,1262,1102,11.98828125,4.9296875,4.3046875,1,0x14,0,0,0,1,0,1,0,0,0,1,,,,,,,,,,,,,,,,,,,,,,
759,10,FREECAM_3D,25.333333333333332,1671468,51009.1552734375,2409,73.516845703125,13.602324616023246,155,4.730224609375,2254,68.78662109375,0,0.0,0xFE201391,3069,1262,1123,11.98828125,4.9296875,4.38671875,1,0x14,0,0,0,1,0,1,0,0,0,1,,,,,,,,,,,,,,,,,,,,,,
760,10,FREECAM_3D,25.366666666666667,1673868,51082.3974609375,2400,73.2421875,13.653333333333334,155,4.730224609375,2245,68.511962890625,0,0.0,0x8D970B6E,3069,1262,1144,11.98828125,4.9296875,4.46875,1,0x14,0,0,0,1,0,1,0,0,0,1,,,,,,,,,,,,,,,,,,,,,,
761,10,FREECAM_3D,25.4,1676255,51155.242919921875,2387,72.845458984375,13.727691663175534,156,4.7607421875,2231,68.084716796875,0,0.0,0xD10F39AF,3069,1262,1165,11.98828125,4.9296875,4.55078125,1,0x14,0,0,0,1,0,1,0,0,0,1,,,,,,,,,,,,,,,,,,,,,,
762,10,FREECAM_3D,25.433333333333334,1678626,51227.60009765625,2371,72.357177734375,13.820328975115984,156,4.7607421875,2215,67.596435546875,0,0.0,0x2CA7BF24,3069,1262,1186,11.98828125,4.9296875,4.6328125,1,0x14,0,0,0,1,0,1,0,0,0,1,,,,,,,,,,,,,,,,,,,,,,
763,10,FREECAM_3D,25.466666666666665,1680119,51273.162841796875,1493,45.562744140625,21.94775619557937,155,4.730224609375,1338,40.83251953125,0,0.0,0x85D9FFED,3069,1262,1207,11.98828125,4.9296875,4.71484375,1,0x14,0,0,0,1,0,1,0,0,0,1,,,,,,,,,,,,,,,,,,,,,,
764,10,FREECAM_3D,25.5,1682517,51346.343994140625,2398,73.18115234375,13.664720600500416,1149,35.064697265625,1248,38.0859375,1,0.030517578125,0x60949FFC,3,2468,402,0.01171875,9.640625,1.5703125,0,0x15,0,0,1,1,0,1,0,0,0,1,,,,,,,,,,,,,,,,,,,,,,
765,10,FREECAM_3D,25.533333333333335,1683906,51388.73291015625,1389,42.388916015625,23.591072714182864,147,4.486083984375,1241,37.872314453125,1,0.030517578125,0x7D2C2957,3,2468,423,0.01171875,9.640625,1.65234375,0,0x14,0,0,0,1,0,1,0,0,0,1,,,,,,,,,,,,,,,,,,,,,,
766,10,FREECAM_3D,25.566666666666666,1685158,51426.94091796875,1252,38.2080078125,26.17252396166134,147,4.486083984375,1105,33.721923828125,0,0.0,0xAF34DCD8,3,2468,444,0.01171875,9.640625,1.734375,0,0x14,0,0,0,1,0,1,0,0,0,1,,,,,,,,,,,,,,,,,,,,,,
767,10,FREECAM_3D,25.6,1686417,51465.362548828125,1259,38.421630859375,26.027005559968227,147,4.486083984375,1111,33.905029296875,1,0.030517578125,0xC2DBAE89,3,2468,465,0.01171875,9.640625,1.81640625,0,0x14,0,0,0,1,0,1,0,0,0,1,,,,,,,,,,,,,,,,,,,,,,
768,10,FREECAM_3D,25.633333333333333,1687673,51503.692626953125,1256,38.330078125,26.089171974522294,147,4.486083984375,1109,33.843994140625,0,0.0,0xEF5FB53A,3,2468,486,0.01171875,9.640625,1.8984375,0,0x14,0,0,0,1,0,1,0,0,0,1,,,,,,,,,,,,,,,,,,,,,,
769,10,FREECAM_3D,25.666666666666668,1688928,51541.9921875,1255,38.299560546875,26.10996015936255,147,4.486083984375,1108,33.8134765625,0,0.0,0xFE92F063,3,2468,507,0.01171875,9.640625,1.98046875,0,0x14,0,0,0,1,0,1,0,0,0,1,,,,,,,,,,,,,,,,,,,,,,
770,10,FREECAM_3D,25.7,1690179,51580.169677734375,1251,38.177490234375,26.193445243804955,147,4.486083984375,1104,33.69140625,0,0.0,0xCAC6071D,3,2468,528,0.01171875,9.640625,2.0625,0,0x14,0,0,0,1,0,1,0,0,0,1,,,,,,,,,,,,,,,,,,,,,,
771,10,FREECAM_3D,25.733333333333334,1691428,51618.2861328125,1249,38.116455078125,26.235388310648517,147,4.486083984375,1102,33.63037109375,0,0.0,0xAB0FE09C,3,2468,549,0.01171875,9.640625,2.14453125,0,0x14,0,0,0,1,0,1,0,0,0,1,,,,,,,,,,,,,,,,,,,,,,
772,10,FREECAM_3D,25.766666666666666,1692676,51656.3720703125,1248,38.0859375,26.256410256410255,147,4.486083984375,1100,33.5693359375,1,0.030517578125,0x6E0C8873,3,2468,570,0.01171875,9.640625,2.2265625,0,0x14,0,0,0,1,0,1,0,0,0,1,,,,,,,,,,,,,,,,,,,,,,
773,10,FREECAM_3D,25.8,1693919,51694.305419921875,1243,37.933349609375,26.362027353177794,147,4.486083984375,1096,33.447265625,0,0.0,0x44E06012,3,2468,591,0.01171875,9.640625,2.30859375,0,0x14,0,0,0,1,0,1,0,0,0,1,,,,,,,,,,,,,,,,,,,,,,
774,10,FREECAM_3D,25.833333333333332,1695160,51732.177734375,1241,37.872314453125,26.404512489927477,147,4.486083984375,1093,33.355712890625,1,0.030517578125,0x40A22339,3,2468,612,0.01171875,9.640625,2.390625,0,0x14,0,0,0,1,0,1,0,0,0,1,,,,,,,,,,,,,,,,,,,,,,
775,10,FREECAM_3D,25.866666666666667,1696402,51770.08056640625,1242,37.90283203125,26.383252818035427,148,4.5166015625,1094,33.38623046875,0,0.0,0x80883878,3,2468,633,0.01171875,9.640625,2.47265625,0,0x14,0,0,0,1,0,1,0,0,0,1,,,,,,,,,,,,,,,,,,,,,,
776,10,FREECAM_3D,25.9,1697638,51807.80029296875,1236,37.7197265625,26.511326860841425,147,4.486083984375,1089,33.233642578125,0,0.0,0x74684B0F,3,2468,654,0.01171875,9.640625,2.5546875,0,0x14,0,0,0,1,0,1,0,0,0,1,,,,,,,,,,,,,,,,,,,,,,
777,10,FREECAM_3D,25.933333333333334,1698871,51845.428466796875,1233,37.628173828125,26.575831305758314,147,4.486083984375,1085,33.111572265625,1,0.030517578125,0x65B5D9EE,3,2468,675,0.01171875,9.640625,2.63671875,0,0x14,0,0,0,1,0,1,0,0,0,1,,,,,,,,,,,,,,,,,,,,,,
778,10,FREECAM_3D,25.966666666666665,1700103,51883.026123046875,1232,37.59765625,26.5974025974026,148,4.5166015625,1084,33.0810546875,0,0.0,0x1E6F2665,3,2468,696,0.01171875,9.640625,2.71875,0,0x14,0,0,0,1,0,1,0,0,0,1,,,,,,,,,,,,,,,,,,,,,,
779,10,FREECAM_3D,26.0,1701331,51920.501708984375,1228,37.4755859375,26.684039087947884,148,4.5166015625,1079,32.928466796875,1,0.030517578125,0xBB8A8BE4,3,2468,717,0.01171875,9.640625,2.80078125,0,0x14,0,0,0,1,0,1,0,0,0,1,,,,,,,,,,,,,,,,,,,,,,
780,10,FREECAM_3D,26.033333333333335,1702555,51957.855224609375,1224,37.353515625,26.77124183006536,147,4.486083984375,1076,32.8369140625,1,0.030517578125,0xDB7816DB,3,2468,738,0.01171875,9.640625,2.8828125,0,0x14,0,0,0,1,0,1,0,0,0,1,,,,,,,,,,,,,,,,,,,,,,
781,10,FREECAM_3D,26.066666666666666,1703777,51995.147705078125,1222,37.29248046875,26.81505728314239,148,4.5166015625,1074,32.77587890625,0,0.0,0x62D805FA,3,2468,759,0.01171875,9.640625,2.96484375,0,0x14,0,0,0,1,0,1,0,0,0,1,,,,,,,,,,,,,,,,,,,,,,
782,10,FREECAM_3D,26.1,1705000,52032.470703125,1223,37.322998046875,26.793131643499592,148,4.5166015625,1075,32.806396484375,0,0.0,0x65DFB648,3,2468,738,0.01171875,9.640625,2.8828125,0,0x14,0,0,0,1,0,1,0,0,0,1,,,,,,,,,,,,,,,,,,,,,,
783,10,FREECAM_3D,26.133333333333333,1706229,52069.976806640625,1229,37.506103515625,26.66232709519935,148,4.5166015625,1080,32.958984375,1,0.030517578125,0xF2845113,3,2468,717,0.01171875,9.640625,2.80078125,0,0x14,0,0,0,1,0,1,0,0,0,1,,,,,,,,,,,,,,,,,,,,,,
784,10,FREECAM_3D,26.166666666666668,1707462,52107.60498046875,1233,37.628173828125,26.575831305758314,148,4.5166015625,1084,33.0810546875,1,0.030517578125,0xCE7B014A,3,2468,696,0.01171875,9.640625,2.71875,0,0x14,0,0,0,1,0,1,0,0,0,1,,,,,,,,,,,,,,,,,,,,,,
785,10,FREECAM_3D,26.2,1708694,52145.20263671875,1232,37.59765625,26.5974025974026,148,4.5166015625,1084,33.0810546875,0,0.0,0x925B10E5,3,2468,675,0.01171875,9.640625,2.63671875,0,0x14,0,0,0,1,0,1,0,0,0,1,,,,,,,,,,,,,,,,,,,,,,
786,10,FREECAM_3D,26.233333333333334,1709931,52182.952880859375,1237,37.750244140625,26.489894907033143,147,4.486083984375,1090,33.26416015625,0,0.0,0x5F5A5E4C,3,2468,654,0.01171875,9.640625,2.5546875,0,0x14,0,0,0,1,0,1,0,0,0,1,,,,,,,,,,,,,,,,,,,,,,
787,10,FREECAM_3D,26.266666666666666,1711174,52220.88623046875,1243,37.933349609375,26.362027353177794,148,4.5166015625,1094,33.38623046875,1,0.030517578125,0x1EC68647,3,2468,633,0.01171875,9.640625,2.47265625,0,0x14,0,0,0,1,0,1,0,0,0,1,,,,,,,,,,,,,,,,,,,,,,
788,10,FREECAM_3D,26.3,1712414,52258.72802734375,1240,37.841796875,26.425806451612903,147,4.486083984375,1093,33.355712890625,0,0.0,0xA9D9C03E,3,2468,612,0.01171875,9.640625,2.390625,0,0x14,0,0,0,1,0,1,0,0,0,1,,,,,,,,,,,,,,,,,,,,,,
789,10,FREECAM_3D,26.333333333333332,1713659,52296.722412109375,1245,37.994384765625,26.31967871485944,148,4.5166015625,1096,33.447265625,1,0.030517578125,0x3A53DC19,3,2468,591,0.01171875,9.640625,2.30859375,0,0x14,0,0,0,1,0,1,0,0,0,1,,,,,,,,,,,,,,,,,,,,,,
790,10,FREECAM_3D,26.366666666666667,1714907,52334.808349609375,1248,38.0859375,26.256410256410255,147,4.486083984375,1100,33.5693359375,1,0.030517578125,0x460FB860,3,2468,570,0.01171875,9.640625,2.2265625,0,0x14,0,0,0,1,0,1,0,0,0,1,,,,,,,,,,,,,,,,,,,,,,
791,10,FREECAM_3D,26.4,1716157,52372.955322265625,1250,38.14697265625,26.2144,147,4.486083984375,1102,33.63037109375,1,0.030517578125,0xF378EFAB,3,2468,549,0.01171875,9.640625,2.14453125,0,0x14,0,0,0,1,0,1,0,0,0,1,,,,,,,,,,,,,,,,,,,,,,
792,10,FREECAM_3D,26.433333333333334,1717407,52411.102294921875,1250,38.14697265625,26.2144,147,4.486083984375,1103,33.660888671875,0,0.0,0xE192D4A2,3,2468,528,0.01171875,9.640625,2.0625,0,0x14,0,0,0,1,0,1,0,0,0,1,,,,,,,,,,,,,,,,,,,,,,
793,10,FREECAM_3D,26.466666666666665,1718662,52449.40185546875,1255,38.299560546875,26.10996015936255,147,4.486083984375,1108,33.8134765625,0,0.0,0xD0839570,3,2468,507,0.01171875,9.640625,1.98046875,0,0x14,0,0,0,1,0,1,0,0,0,1,,,,,,,,,,,,,,,,,,,,,,
794,10,FREECAM_3D,26.5,1719919,52487.762451171875,1257,38.360595703125,26.068416865552905,147,4.486083984375,1109,33.843994140625,1,0.030517578125,0x0298A6A1,3,2468,486,0.01171875,9.640625,1.8984375,0,0x14,0,0,0,1,0,1,0,0,0,1,,,,,,,,,,,,,,,,,,,,,,
795,10,FREECAM_3D,26.533333333333335,1721177,52526.153564453125,1258,38.39111328125,26.047694753577108,147,4.486083984375,1111,33.905029296875,0,0.0,0x96F755AE,3,2468,465,0.01171875,9.640625,1.81640625,0,0x14,0,0,0,1,0,1,0,0,0,1,,,,,,,,,,,,,,,,,,,,,,
796,10,FREECAM_3D,26.566666666666666,1722431,52564.422607421875,1254,38.26904296875,26.130781499202552,148,4.5166015625,1105,33.721923828125,1,0.030517578125,0x7B524AA7,3,2468,444,0.01171875,9.640625,1.734375,0,0x14,0,0,0,1,0,1,0,0,0,1,,,,,,,,,,,,,,,,,,,,,,
797,10,FREECAM_3D,26.6,1723819,52606.781005859375,1388,42.3583984375,23.608069164265128,147,4.486083984375,1241,37.872314453125,0,0.0,0xF7553ED4,3,2468,423,0.01171875,9.640625,1.65234375,0,0x14,0,0,0,1,0,1,0,0,0,1,,,,,,,,,,,,,,,,,,,,,,
798,10,FREECAM_3D,26.633333333333333,1725215,52649.383544921875,1396,42.6025390625,23.472779369627506,147,4.486083984375,1248,38.0859375,1,0.030517578125,0xFF87F2E5,3,2468,402,0.01171875,9.640625,1.5703125,0,0x14,0,0,0,1,0,1,0,0,0,1,,,,,,,,,,,,,,,,,,,,,,
799,10,FREECAM_3D,26.666666666666668,1726612,52692.0166015625,1397,42.633056640625,23.45597709377237,148,4.5166015625,1249,38.116455078125,0,0.0,0x8649B8B2,3,2468,381,0.01171875,9.640625,1.48828125,0,0x14,0,0,0,1,0,1,0,0,0,1,,,,,,,,,,,,,,,,,,,,,,
800,10,FREECAM_3D,26.7,1728009,52734.649658203125,1397,42.633056640625,23.45597709377237,148,4.5166015625,1248,38.0859375,1,0.030517578125,0xC0FA100B,3,2468,360,0.01171875,9.640625,1.40625,0,0x14,0,0,0,1,0,1,0,0,0,1,,,,,,,,,,,,,,,,,,,,,,
801,10,FREECAM_3D,26.733333333333334,1729405,52777.252197265625,1396,42.6025390625,23.472779369627506,147,4.486083984375,1249,38.116455078125,0,0.0,0x95C89B68,3,2468,339,0.01171875,9.640625,1.32421875,0,0x14,0,0,0,1,0,1,0,0,0,1,,,,,,,,,,,,,,,,,,,,,,
802,10,FREECAM_3D,26.766666666666666,1730807,52820.037841796875,1402,42.78564453125,23.372325249643367,148,4.5166015625,1253,38.238525390625,1,0.030517578125,0xE8578599,3,2468,318,0.01171875,9.640625,1.2421875,0,0x14,0,0,0,1,0,1,0,0,0,1,,,,,,,,,,,,,,,,,,,,,,
803,10,FREECAM_3D,26.8,1732208,52862.79296875,1401,42.755126953125,23.38900785153462,148,4.5166015625,1252,38.2080078125,1,0.030517578125,0x0F446DC6,3,2468,297,0.01171875,9.640625,1.16015625,0,0x14,0,0,0,1,0,1,0,0,0,1,,,,,,,,,,,,,,,,,,,,,,
804,10,FREECAM_3D,26.833333333333332,1733608,52905.517578125,1400,42.724609375,23.405714285714286,147,4.486083984375,1253,38.238525390625,0,0.0,0xEEE9D65F,3,2468,276,0.01171875,9.640625,1.078125,0,0x14,0,0,0,1,0,1,0,0,0,1,,,,,,,,,,,,,,,,,,,,,,
805,10,FREECAM_3D,26.866666666666667,1735008,52948.2421875,1400,42.724609375,23.405714285714286,147,4.486083984375,1253,38.238525390625,0,0.0,0x52A5135F,3,2468,255,0.01171875,9.640625,0.99609375,0,0x14,0,0,0,1,0,1,0,0,0,1,,,,,,,,,,,,,,,,,,,,,,
806,10,FREECAM_3D,26.9,1736410,52991.02783203125,1402,42.78564453125,23.372325249643367,148,4.5166015625,1254,38.26904296875,0,0.0,0x44FB15E2,3,2468,234,0.01171875,9.640625,0.9140625,0,0x14,0,0,0,1,0,1,0,0,0,1,,,,,,,,,,,,,,,,,,,,,,
807,10,FREECAM_3D,26.933333333333334,1737812,53033.8134765625,1402,42.78564453125,23.372325249643367,148,4.5166015625,1253,38.238525390625,1,0.030517578125,0xD485F245,3,2468,213,0.01171875,9.640625,0.83203125,0,0x14,0,0,0,1,0,1,0,0,0,1,,,,,,,,,,,,,,,,,,,,,,
808,10,FREECAM_3D,26.966666666666665,1739217,53076.690673828125,1405,42.877197265625,23.322419928825624,147,4.486083984375,1257,38.360595703125,1,0.030517578125,0x4D5E4FC0,3,2468,192,0.01171875,9.640625,0.75,0,0x14,0,0,0,1,0,1,0,0,0,1,,,,,,,,,,,,,,,,,,,,,,
809,10,FREECAM_3D,27.0,1740611,53119.232177734375,1394,42.54150390625,23.506456241033,148,4.5166015625,1246,38.02490234375,0,0.0,0xE2A33C23,3,2468,171,0.01171875,9.640625,0.66796875,0,0x14,0,0,0,1,0,1,0,0,0,1,,,,,,,,,,,,,,,,,,,,,,
810,10,FREECAM_3D,27.033333333333335,1741987,53161.224365234375,1376,41.9921875,23.813953488372093,148,4.5166015625,1228,37.4755859375,0,0.0,0x03B947B6,3,2468,150,0.01171875,9.640625,0.5859375,0,0x14,0,0,0,1,0,1,0,0,0,1,,,,,,,,,,,,,,,,,,,,,,
811,10,FREECAM_3D,27.066666666666666,1743354,53202.94189453125,1367,41.717529296875,23.970738844184346,148,4.5166015625,1219,37.200927734375,0,0.0,0x4C12C299,3,2468,129,0.01171875,9.640625,0.50390625,0,0x14,0,0,0,1,0,1,0,0,0,1,,,,,,,,,,,,,,,,,,,,,,
812,10,FREECAM_3D,27.1,1744716,53244.5068359375,1362,41.56494140625,24.058737151248163,147,4.486083984375,1214,37.04833984375,1,0.030517578125,0x263CFA04,3,2468,108,0.01171875,9.640625,0.421875,0,0x14,0,0,0,1,0,1,0,0,0,1,,,,,,,,,,,,,,,,,,,,,,
813,10,FREECAM_3D,27.133333333333333,1746072,53285.888671875,1356,41.3818359375,24.16519174041298,148,4.5166015625,1207,36.834716796875,1,0.030517578125,0x5FEC65D7,3,2468,87,0.01171875,9.640625,0.33984375,0,0x14,0,0,0,1,0,1,0,0,0,1,,,,,,,,,,,,,,,,,,,,,,
814,10,FREECAM_3D,27.166666666666668,1747423,53327.117919921875,1351,41.229248046875,24.25462620281273,148,4.5166015625,1202,36.68212890625,1,0.030517578125,0x4C6FF3FA,3,2468,66,0.01171875,9.640625,0.2578125,0,0x14,0,0,0,1,0,1,0,0,0,1,,,,,,,,,,,,,,,,,,,,,,
815,10,FREECAM_3D,27.2,1748773,53368.316650390625,1350,41.19873046875,24.27259259259259,147,4.486083984375,1202,36.68212890625,1,0.030517578125,0x15EA0094,3,2468,64,0.01171875,9.640625,0.25,0,0x14,0,0,0,1,0,1,0,0,0,1,,,,,,,,,,,,,,,,,,,,,,
816,10,FREECAM_3D,27.233333333333334,1750124,53409.5458984375,1351,41.229248046875,24.25462620281273,149,4.547119140625,1202,36.68212890625,0,0.0,0x15EA0094,3,2468,64,0.01171875,9.640625,0.25,0,0x10,0,0,0,0,0,1,0,0,0,1,,,,,,,,,,,,,,,,,,,,,,
817,10,FREECAM_3D,27.266666666666666,1751475,53450.775146484375,1351,41.229248046875,24.25462620281273,149,4.547119140625,1202,36.68212890625,0,0.0,0x15EA0094,3,2468,64,0.01171875,9.640625,0.25,0,0x10,0,0,0,0,0,1,0,0,0,1,,,,,,,,,,,,,,,,,,,,,,
818,10,FREECAM_3D,27.3,1752825,53491.973876953125,1350,41.19873046875,24.27259259259259,149,4.547119140625,1201,36.651611328125,0,0.0,0x15EA0094,3,2468,64,0.01171875,9.640625,0.25,0,0x10,0,0,0,0,0,1,0,0,0,1,,,,,,,,,,,,,,,,,,,,,,
819,10,FREECAM_3D,27.333333333333332,1754175,53533.172607421875,1350,41.19873046875,24.27259259259259,149,4.547119140625,1201,36.651611328125,0,0.0,0x15EA0094,3,2468,64,0.01171875,9.640625,0.25,0,0x10,0,0,0,0,0,1,0,0,0,1,,,,,,,,,,,,,,,,,,,,,,
820,10,FREECAM_3D,27.366666666666667,1755527,53574.432373046875,1352,41.259765625,24.236686390532544,149,4.547119140625,1202,36.68212890625,1,0.030517578125,0x15EA0094,3,2468,64,0.01171875,9.640625,0.25,0,0x10,0,0,0,0,0,1,0,0,0,1,,,,,,,,,,,,,,,,,,,,,,
821,10,FREECAM_3D,27.4,1756878,53615.66162109375,1351,41.229248046875,24.25462620281273,148,4.5166015625,1202,36.68212890625,1,0.030517578125,0x15EA0094,3,2468,64,0.01171875,9.640625,0.25,0,0x10,0,0,0,0,0,1,0,0,0,1,,,,,,,,,,,,,,,,,,,,,,
822,10,FREECAM_3D,27.433333333333334,1758229,53656.890869140625,1351,41.229248046875,24.25462620281273,148,4.5166015625,1202,36.68212890625,1,0.030517578125,0x15EA0094,3,2468,64,0.01171875,9.640625,0.25,0,0x10,0,0,0,0,0,1,0,0,0,1,,,,,,,,,,,,,,,,,,,,,,
823,10,FREECAM_3D,27.466666666666665,1759580,53698.1201171875,1351,41.229248046875,24.25462620281273,149,4.547119140625,1202,36.68212890625,0,0.0,0x15EA0094,3,2468,64,0.01171875,9.640625,0.25,0,0x10,0,0,0,0,0,1,0,0,0,1,,,,,,,,,,,,,,,,,,,,,,
824,10,FREECAM_3D,27.5,1760931,53739.349365234375,1351,41.229248046875,24.25462620281273,149,4.547119140625,1202,36.68212890625,0,0.0,0x15EA0094,3,2468,64,0.01171875,9.640625,0.25,0,0x10,0,0,0,0,0,1,0,0,0,1,,,,,,,,,,,,,,,,,,,,,,
825,10,FREECAM_3D,27.533333333333335,1762281,53780.548095703125,1350,41.19873046875,24.27259259259259,149,4.547119140625,1201,36.651611328125,0,0.0,0x15EA0094,3,2468,64,0.01171875,9.640625,0.25,0,0x10,0,0,0,0,0,1,0,0,0,1,,,,,,,,,,,,,,,,,,,,,,
826,10,FREECAM_3D,27.566666666666666,1763631,53821.746826171875,1350,41.19873046875,24.27259259259259,149,4.547119140625,1201,36.651611328125,0,0.0,0x15EA0094,3,2468,64,0.01171875,9.640625,0.25,0,0x10,0,0,0,0,0,1,0,0,0,1,,,,,,,,,,,,,,,,,,,,,,
827,10,FREECAM_3D,27.6,1764982,53862.97607421875,1351,41.229248046875,24.25462620281273,148,4.5166015625,1202,36.68212890625,1,0.030517578125,0x15EA0094,3,2468,64,0.01171875,9.640625,0.25,0,0x10,0,0,0,0,0,1,0,0,0,1,,,,,,,,,,,,,,,,,,,,,,
828,10,FREECAM_3D,27.633333333333333,1766333,53904.205322265625,1351,41.229248046875,24.25462620281273,148,4.5166015625,1202,36.68212890625,1,0.030517578125,0x15EA0094,3,2468,64,0.01171875,9.640625,0.25,0,0x10,0,0,0,0,0,1,0,0,0,1,,,,,,,,,,,,,,,,,,,,,,
829,10,FREECAM_3D,27.666666666666668,1767684,53945.4345703125,1351,41.229248046875,24.25462620281273,148,4.5166015625,1202,36.68212890625,1,0.030517578125,0x15EA0094,3,2468,64,0.01171875,9.640625,0.25,0,0x10,0,0,0,0,0,1,0,0,0,1,,,,,,,,,,,,,,,,,,,,,,
830,10,FREECAM_3D,27.7,1769052,53987.1826171875,1368,41.748046875,23.953216374269005,154,4.69970703125,1214,37.04833984375,0,0.0,0x52BD6CDC,15,2454,74,0.05859375,9.5859375,0.2890625,0,0x14,0,0,0,1,0,1,1,1,0,0,,,,,,,,,,,,,,,,,,,,,,
831,10,FREECAM_3D,27.733333333333334,1770427,54029.144287109375,1375,41.961669921875,23.831272727272726,154,4.69970703125,1220,37.2314453125,1,0.030517578125,0xD74FF083,28,2441,84,0.109375,9.53515625,0.328125,0,0x14,0,0,0,1,0,1,1,1,0,0,,,,,,,,,,,,,,,,,,,,,,
832,10,FREECAM_3D,27.766666666666666,1771937,54075.225830078125,1510,46.08154296875,21.70066225165563,154,4.69970703125,1355,41.351318359375,1,0.030517578125,0x67B4D90A,42,2429,94,0.1640625,9.48828125,0.3671875,0,0x14,0,0,0,1,0,1,1,1,0,0,,,,,,,,,,,,,,,,,,,,,,
833,10,FREECAM_3D,27.8,1773455,54121.551513671875,1518,46.32568359375,21.586297760210805,154,4.69970703125,1364,41.6259765625,0,0.0,0x61F2FB2B,57,2418,104,0.22265625,9.4453125,0.40625,0,0x14,0,0,0,1,0,1,1,1,0,0,,,,,,,,,,,,,,,,,,,,,,
834,10,FREECAM_3D,27.833333333333332,1774977,54167.999267578125,1522,46.44775390625,21.529566360052563,154,4.69970703125,1368,41.748046875,0,0.0,0x40E7F905,72,2408,114,0.28125,9.40625,0.4453125,0,0x14,0,0,0,1,0,1,1,1,0,0,,,,,,,,,,,,,,,,,,,,,,
835,10,FREECAM_3D,27.866666666666667,1776501,54214.508056640625,1524,46.5087890625,21.501312335958005,154,4.69970703125,1369,41.778564453125,1,0.030517578125,0x8313C4A5,88,2400,124,0.34375,9.375,0.484375,0,0x14,0,0,0,1,0,1,1,1,0,0,,,,,,,,,,,,,,,,,,,,,,
836,10,FREECAM_3D,27.9,1777932,54258.1787109375,1431,43.670654296875,22.898672257162822,154,4.69970703125,1277,38.970947265625,0,0.0,0x24D43927,105,2393,134,0.41015625,9.34765625,0.5234375,0,0x14,0,0,0,1,0,1,1,1,0,0,,,,,,,,,,,,,,,,,,,,,,
837,10,FREECAM_3D,27.933333333333334,1779366,54301.94091796875,1434,43.76220703125,22.850767085076708,154,4.69970703125,1280,39.0625,0,0.0,0xA292C121,122,2387,144,0.4765625,9.32421875,0.5625,0,0x14,0,0,0,1,0,1,1,1,0,0,,,,,,,,,,,,,,,,,,,,,,
838,10,FREECAM_3D,27.966666666666665,1780802,54345.76416015625,1436,43.8232421875,22.818941504178273,154,4.69970703125,1281,39.093017578125,1,0.030517578125,0xFEB3DA71,140,2382,154,0.546875,9.3046875,0.6015625,0,0x14,0,0,0,1,0,1,1,1,0,0,,,,,,,,,,,,,,,,,,,,,,
839,10,FREECAM_3D,28.0,1782673,54402.862548828125,1871,57.098388671875,17.513629075360768,155,4.730224609375,1716,52.3681640625,0,0.0,0x9F314D1C,158,2379,164,0.6171875,9.29296875,0.640625,0,0x14,0,0,0,1,0,1,1,1,0,0,,,,,,,,,,,,,,,,,,,,,,
840,10,FREECAM_3D,28.033333333333335,1784663,54463.592529296875,1990,60.72998046875,16.46633165829146,154,4.69970703125,1835,55.999755859375,1,0.030517578125,0x5F9A1335,176,2377,174,0.6875,9.28515625,0.6796875,0,0x14,0,0,0,1,0,1,1,1,0,0,,,,,,,,,,,,,,,,,,,,,,
841,10,FREECAM_3D,28.066666666666666,1786782,54528.25927734375,2119,64.666748046875,15.46389806512506,154,4.69970703125,1965,59.967041015625,0,0.0,0x191BEFC4,194,2376,184,0.7578125,9.28125,0.71875,0,0x14,0,0,0,1,0,1,1,1,0,0,,,,,,,,,,,,,,,,,,,,,,
842,10,FREECAM_3D,28.1,1788770,54588.92822265625,1988,60.6689453125,16.482897384305836,154,4.69970703125,1834,55.96923828125,0,0.0,0xF81F3FA2,212,2376,194,0.828125,9.28125,0.7578125,0,0x14,0,0,0,1,0,1,1,1,0,0,,,,,,,,,,,,,,,,,,,,,,
843,10,FREECAM_3D,28.133333333333333,1790801,54650.909423828125,2031,61.981201171875,16.133924175283113,154,4.69970703125,1876,57.2509765625,1,0.030517578125,0x6A0A22B9,230,2377,204,0.8984375,9.28515625,0.796875,0,0x14,0,0,0,1,0,1,1,1,0,0,,,,,,,,,,,,,,,,,,,,,,
844,10,FREECAM_3D,28.166666666666668,1792873,54714.141845703125,2072,63.232421875,15.814671814671815,154,4.69970703125,1917,58.502197265625,1,0.030517578125,0xF257D097,248,2380,214,0.96875,9.296875,0.8359375,0,0x14,0,0,0,1,0,1,1,1,0,0,,,,,,,,,,,,,,,,,,,,,,
845,10,FREECAM_3D,28.2,1794906,54776.18408203125,2033,62.042236328125,16.11805213969503,154,4.69970703125,1878,57.31201171875,1,0.030517578125,0x65803F82,266,2384,224,1.0390625,9.3125,0.875,0,0x14,0,0,0,1,0,1,1,1,0,0,,,,,,,,,,,,,,,,,,,,,,
846,10,FREECAM_3D,28.233333333333334,1797036,54841.1865234375,2130,65.00244140625,15.384037558685446,154,4.69970703125,1975,60.272216796875,1,0.030517578125,0x67365819,283,2389,234,1.10546875,9.33203125,0.9140625,0,0x14,0,0,0,1,0,1,1,1,0,0,,,,,,,,,,,,,,,,,,,,,,
847,10,FREECAM_3D,28.266666666666666,1799362,54912.17041015625,2326,70.98388671875,14.087704213241617,154,4.69970703125,2172,66.2841796875,0,0.0,0x104A20FB,300,2396,244,1.171875,9.359375,0.953125,0,0x14,0,0,0,1,0,1,1,1,0,0,,,,,,,,,,,,,,,,,,,,,,
848,10,FREECAM_3D,28.3,1801693,54983.306884765625,2331,71.136474609375,14.057486057486058,154,4.69970703125,2177,66.436767578125,0,0.0,0x6665B920,316,2404,254,1.234375,9.390625,0.9921875,0,0x14,0,0,0,1,0,1,1,1,0,0,,,,,,,,,,,,,,,,,,,,,,
849,10,FREECAM_3D,28.333333333333332,1803992,55053.466796875,2299,70.159912109375,14.253153545019574,154,4.69970703125,2145,65.460205078125,0,0.0,0x3F6F3346,332,2413,264,1.296875,9.42578125,1.03125,0,0x14,0,0,0,1,0,1,1,1,0,0,,,,,,,,,,,,,,,,,,,,,,
850,10,FREECAM_3D,28.366666666666667,1806181,55120.269775390625,2189,66.802978515625,14.969392416628597,154,4.69970703125,2034,62.07275390625,1,0.030517578125,0xAEF07C4C,347,2423,274,1.35546875,9.46484375,1.0703125,0,0x14,0,0,0,1,0,1,1,1,0,0,,,,,,,,,,,,,,,,,,,,,,
851,10,FREECAM_3D,28.4,1808356,55186.6455078125,2175,66.375732421875,15.065747126436781,153,4.669189453125,2021,61.676025390625,1,0.030517578125,0x61E64260,361,2434,284,1.41015625,9.5078125,1.109375,0,0x14,0,0,0,1,0,1,1,1,0,0,,,,,,,,,,,,,,,,,,,,,,
852,10,FREECAM_3D,28.433333333333334,1810579,55254.486083984375,2223,67.840576171875,14.740440845704004,153,4.669189453125,2070,63.17138671875,0,0.0,0xC82711CF,374,2447,294,1.4609375,9.55859375,1.1484375,0,0x14,0,0,0,1,0,1,1,1,0,0,,,,,,,,,,,,,,,,,,,,,,
853,10,FREECAM_3D,28.466666666666665,1812755,55320.892333984375,2176,66.40625,15.058823529411764,154,4.69970703125,2021,61.676025390625,1,0.030517578125,0xB2A40B9D,386,2460,304,1.5078125,9.609375,1.1875,0,0x1C,0,0,0,1,1,1,1,1,0,0,,,,,,,,,,,,,,,,,,,,,,
