frame_index,section_id,section_name,simulation_time_seconds,measured_elapsed_ticks,measured_elapsed_ms,total_ticks,total_ms,instantaneous_fps,update_ticks,update_ms,render_ticks,render_ms,swap_ticks,swap_ms,state_hash,position_x_raw,position_y_raw,position_z_raw,position_x,position_y,position_z,room,flags,detailed,excluded_from_clean_stats,crossed_portal,changed,section_end,freecam,move_axis,turn_axis,look_axis,buttons_active,detail_corrected_total_ms,admin_corrected_ms,setup_corrected_ms,root_geometry_corrected_ms,root_fill_corrected_ms,portal_setup_corrected_ms,portal_geometry_corrected_ms,portal_fill_corrected_ms,wait_corrected_ms,present_corrected_ms,overlay_corrected_ms,transformed_vertices,projected_points,rasterized_polygons,raster_rows,filled_spans,filled_pixels,portal_composite_pixels,portal_clip_pixels,full_portal_views,lod_portal_views,edge_division_fallbacks
0,1,OPEN_YAW,0.03333333333333333,1611,49.163818359375,1611,49.163818359375,20.34016139044072,131,3.997802734375,1480,45.166015625,0,0.0,0x5E9768D3,0,512,384,0.0,2.0,1.5,0,0x04,0,0,0,1,0,0,0,1,0,0,,,,,,,,,,,,,,,,,,,,,,
1,1,OPEN_YAW,0.06666666666666667,3257,99.395751953125,1646,50.23193359375,19.907654921020654,132,4.0283203125,1513,46.173095703125,1,0.030517578125,0x8B3821D2,0,512,384,0.0,2.0,1.5,0,0x06,1,1,0,1,0,0,0,1,0,0,49.9267578125,0.0,0.213623046875,7.9345703125,9.6435546875,1.220703125,6.89697265625,1.5869140625,0.0,21.8505859375,0.579833984375,0,0,0,0,0,0,0,0,0,0,0
2,1,OPEN_YAW,0.1,4687,143.035888671875,1430,43.64013671875,22.914685314685315,132,4.0283203125,1298,39.61181640625,0,0.0,0x58A773FF,0,512,384,0.0,2.0,1.5,0,0x04,0,0,0,1,0,0,0,1,0,0,,,,,,,,,,,,,,,,,,,,,,
3,1,OPEN_YAW,0.13333333333333333,6094,185.97412109375,1407,42.938232421875,23.289267945984363,132,4.0283203125,1275,38.909912109375,0,0.0,0xAED9429C,0,512,384,0.0,2.0,1.5,0,0x04,0,0,0,1,0,0,0,1,0,0,,,,,,,,,,,,,,,,,,,,,,
4,1,OPEN_YAW,0.16666666666666666,7489,228.546142578125,1395,42.572021484375,23.489605734767025,131,3.997802734375,1263,38.543701171875,1,0.030517578125,0x45E0B719,0,512,384,0.0,2.0,1.5,0,0x04,0,0,0,1,0,0,0,1,0,0,,,,,,,,,,,,,,,,,,,,,,
5,1,OPEN_YAW,0.2,8893,271.392822265625,1404,42.8466796875,23.33903133903134,132,4.0283203125,1271,38.787841796875,1,0.030517578125,0x1A9A2DD0,0,512,384,0.0,2.0,1.5,0,0x04,0,0,0,1,0,0,0,1,0,0,,,,,,,,,,,,,,,,,,,,,,
6,1,OPEN_YAW,0.23333333333333334,10308,314.5751953125,1415,43.182373046875,23.157597173144875,132,4.0283203125,1283,39.154052734375,0,0.0,0xF0C60EB7,0,512,384,0.0,2.0,1.5,0,0x04,0,0,0,1,0,0,0,1,0,0,,,,,,,,,,,,,,,,,,,,,,
7,1,OPEN_YAW,0.26666666666666666,11690,356.75048828125,1382,42.17529296875,23.710564399421127,132,4.0283203125,1249,38.116455078125,1,0.030517578125,0xD27F4708,0,512,384,0.0,2.0,1.5,0,0x04,0,0,0,1,0,0,0,1,0,0,,,,,,,,,,,,,,,,,,,,,,
8,1,OPEN_YAW,0.3,13053,398.345947265625,1363,41.595458984375,24.041085840058695,131,3.997802734375,1232,37.59765625,0,0.0,0x94A84683,0,512,384,0.0,2.0,1.5,0,0x04,0,0,0,1,0,0,0,1,0,0,,,,,,,,,,,,,,,,,,,,,,
9,1,OPEN_YAW,0.3333333333333333,14388,439.0869140625,1335,40.740966796875,24.545318352059926,131,3.997802734375,1203,36.712646484375,1,0.030517578125,0x1F45C49E,0,512,384,0.0,2.0,1.5,0,0x04,0,0,0,1,0,0,0,1,0,0,,,,,,,,,,,,,,,,,,,,,,
10,1,OPEN_YAW,0.36666666666666664,15666,478.08837890625,1278,39.00146484375,25.640062597809077,131,3.997802734375,1147,35.003662109375,0,0.0,0x6E85EBC5,0,512,384,0.0,2.0,1.5,0,0x04,0,0,0,1,0,0,0,1,0,0,,,,,,,,,,,,,,,,,,,,,,
11,1,OPEN_YAW,0.4,16594,506.40869140625,928,28.3203125,35.310344827586206,132,4.0283203125,795,24.261474609375,1,0.030517578125,0x70470C18,0,512,384,0.0,2.0,1.5,0,0x04,0,0,0,1,0,0,0,1,0,0,,,,,,,,,,,,,,,,,,,,,,
12,1,OPEN_YAW,0.43333333333333335,17521,534.698486328125,927,28.289794921875,35.34843581445523,132,4.0283203125,794,24.23095703125,1,0.030517578125,0xE47DEAEF,0,512,384,0.0,2.0,1.5,0,0x04,0,0,0,1,0,0,0,1,0,0,,,,,,,,,,,,,,,,,,,,,,
13,1,OPEN_YAW,0.4666666666666667,18455,563.201904296875,934,28.50341796875,35.08351177730193,131,3.997802734375,802,24.47509765625,1,0.030517578125,0x44510D1A,0,512,384,0.0,2.0,1.5,0,0x04,0,0,0,1,0,0,0,1,0,0,,,,,,,,,,,,,,,,,,,,,,
14,1,OPEN_YAW,0.5,19320,589.599609375,865,26.397705078125,37.882080924855494,131,3.997802734375,733,22.369384765625,1,0.030517578125,0x57F83B3D,0,512,384,0.0,2.0,1.5,0,0x04,0,0,0,1,0,0,0,1,0,0,,,,,,,,,,,,,,,,,,,,,,
15,1,OPEN_YAW,0.5333333333333333,20031,611.297607421875,711,21.697998046875,46.08720112517581,132,4.0283203125,578,17.63916015625,1,0.030517578125,0xFC68B016,0,512,384,0.0,2.0,1.5,0,0x04,0,0,0,1,0,0,0,1,0,0,,,,,,,,,,,,,,,,,,,,,,
16,1,OPEN_YAW,0.5666666666666667,20734,632.75146484375,703,21.453857421875,46.611664295874824,131,3.997802734375,572,17.4560546875,0,0.0,0xA5F2BEEB,0,512,384,0.0,2.0,1.5,0,0x04,0,0,0,1,0,0,0,1,0,0,,,,,,,,,,,,,,,,,,,,,,
17,1,OPEN_YAW,0.6,21362,651.91650390625,628,19.1650390625,52.17834394904459,132,4.0283203125,495,15.106201171875,1,0.030517578125,0xC813CCF6,0,512,384,0.0,2.0,1.5,0,0x04,0,0,0,1,0,0,0,1,0,0,,,,,,,,,,,,,,,,,,,,,,
18,1,OPEN_YAW,0.6333333333333333,22130,675.35400390625,768,23.4375,42.666666666666664,131,3.997802734375,636,19.4091796875,1,0.030517578125,0xFA8FA93F,0,512,384,0.0,2.0,1.5,0,0x04,0,0,0,1,0,0,0,1,0,0,,,,,,,,,,,,,,,,,,,,,,
19,1,OPEN_YAW,0.6666666666666666,22893,698.638916015625,763,23.284912109375,42.94626474442988,131,3.997802734375,632,19.287109375,0,0.0,0xFC0E3B5E,0,512,384,0.0,2.0,1.5,0,0x04,0,0,0,1,0,0,0,1,0,0,,,,,,,,,,,,,,,,,,,,,,
20,1,OPEN_YAW,0.7,23711,723.602294921875,818,24.96337890625,40.05867970660147,132,4.0283203125,686,20.93505859375,0,0.0,0xAC3150F9,0,512,384,0.0,2.0,1.5,0,0x04,0,0,0,1,0,0,0,1,0,0,,,,,,,,,,,,,,,,,,,,,,
21,1,OPEN_YAW,0.7333333333333333,24605,750.885009765625,894,27.28271484375,36.65324384787472,132,4.0283203125,761,23.223876953125,1,0.030517578125,0xCB25181A,0,512,384,0.0,2.0,1.5,0,0x04,0,0,0,1,0,0,0,1,0,0,,,,,,,,,,,,,,,,,,,,,,
22,1,OPEN_YAW,0.7666666666666667,25442,776.42822265625,837,25.543212890625,39.14934289127837,131,3.997802734375,705,21.514892578125,1,0.030517578125,0x48C590F3,0,512,384,0.0,2.0,1.5,0,0x04,0,0,0,1,0,0,0,1,0,0,,,,,,,,,,,,,,,,,,,,,,
23,1,OPEN_YAW,0.8,26268,801.6357421875,826,25.20751953125,39.67070217917676,132,4.0283203125,694,21.17919921875,0,0.0,0xF1FADB42,0,512,384,0.0,2.0,1.5,0,0x04,0,0,0,1,0,0,0,1,0,0,,,,,,,,,,,,,,,,,,,,,,
24,1,OPEN_YAW,0.8333333333333334,27087,826.629638671875,819,24.993896484375,40.00976800976801,132,4.0283203125,687,20.965576171875,0,0.0,0x09DBF567,0,512,384,0.0,2.0,1.5,0,0x04,0,0,0,1,0,0,0,1,0,0,,,,,,,,,,,,,,,,,,,,,,
25,1,OPEN_YAW,0.8666666666666667,27922,852.11181640625,835,25.482177734375,39.24311377245509,132,4.0283203125,703,21.453857421875,0,0.0,0x727A5D9C,0,512,384,0.0,2.0,1.5,0,0x04,0,0,0,1,0,0,0,1,0,0,,,,,,,,,,,,,,,,,,,,,,
26,1,OPEN_YAW,0.9,28758,877.62451171875,836,25.5126953125,39.196172248803826,132,4.0283203125,704,21.484375,0,0.0,0x6BDB5333,0,512,384,0.0,2.0,1.5,0,0x04,0,0,0,1,0,0,0,1,0,0,,,,,,,,,,,,,,,,,,,,,,
27,1,OPEN_YAW,0.9333333333333333,29567,902.313232421875,809,24.688720703125,40.504326328800985,132,4.0283203125,677,20.660400390625,0,0.0,0x5AD6DB54,0,512,384,0.0,2.0,1.5,0,0x04,0,0,0,1,0,0,0,1,0,0,,,,,,,,,,,,,,,,,,,,,,
28,1,OPEN_YAW,0.9666666666666667,30376,927.001953125,809,24.688720703125,40.504326328800985,132,4.0283203125,677,20.660400390625,0,0.0,0xE5D4D0F1,0,512,384,0.0,2.0,1.5,0,0x04,0,0,0,1,0,0,0,1,0,0,,,,,,,,,,,,,,,,,,,,,,
29,1,OPEN_YAW,1.0,31180,951.5380859375,804,24.5361328125,40.756218905472636,111,3.387451171875,693,21.148681640625,0,0.0,0x160A0806,0,512,384,0.0,2.0,1.5,0,0x04,0,0,0,1,0,0,0,1,0,0,,,,,,,,,,,,,,,,,,,,,,
30,1,OPEN_YAW,1.0333333333333334,31908,973.7548828125,728,22.216796875,45.010989010989015,43,1.312255859375,685,20.904541015625,0,0.0,0x779CD11B,0,512,384,0.0,2.0,1.5,0,0x04,0,0,0,1,0,0,0,1,0,0,,,,,,,,,,,,,,,,,,,,,,
31,1,OPEN_YAW,1.0666666666666667,32631,995.819091796875,723,22.064208984375,45.322268326417706,43,1.312255859375,680,20.751953125,0,0.0,0xFB682E46,0,512,384,0.0,2.0,1.5,0,0x04,0,0,0,1,0,0,0,1,0,0,,,,,,,,,,,,,,,,,,,,,,
32,1,OPEN_YAW,1.1,33348,1017.7001953125,717,21.881103515625,45.701534170153415,43,1.312255859375,674,20.56884765625,0,0.0,0xAB4F68AF,0,512,384,0.0,2.0,1.5,0,0x04,0,0,0,1,0,0,0,1,0,0,,,,,,,,,,,,,,,,,,,,,,
33,1,OPEN_YAW,1.1333333333333333,34080,1040.0390625,732,22.3388671875,44.76502732240437,43,1.312255859375,689,21.026611328125,0,0.0,0x0191D5F6,0,512,384,0.0,2.0,1.5,0,0x04,0,0,0,1,0,0,0,1,0,0,,,,,,,,,,,,,,,,,,,,,,
34,1,OPEN_YAW,1.1666666666666667,34803,1062.103271484375,723,22.064208984375,45.322268326417706,43,1.312255859375,680,20.751953125,0,0.0,0x47E40981,0,512,384,0.0,2.0,1.5,0,0x04,0,0,0,1,0,0,0,1,0,0,,,,,,,,,,,,,,,,,,,,,,
35,1,OPEN_YAW,1.2,35515,1083.831787109375,712,21.728515625,46.02247191011236,43,1.312255859375,669,20.416259765625,0,0.0,0x58D899FA,0,512,384,0.0,2.0,1.5,0,0x04,0,0,0,1,0,0,0,1,0,0,,,,,,,,,,,,,,,,,,,,,,
36,1,OPEN_YAW,1.2333333333333334,36104,1101.806640625,589,17.974853515625,55.63327674023769,43,1.312255859375,545,16.632080078125,1,0.030517578125,0x82178F31,0,512,384,0.0,2.0,1.5,0,0x04,0,0,0,1,0,0,0,1,0,0,,,,,,,,,,,,,,,,,,,,,,
37,1,OPEN_YAW,1.2666666666666666,36689,1119.659423828125,585,17.852783203125,56.013675213675214,42,1.28173828125,542,16.54052734375,1,0.030517578125,0x47A89276,0,512,384,0.0,2.0,1.5,0,0x04,0,0,0,1,0,0,0,1,0,0,,,,,,,,,,,,,,,,,,,,,,
38,1,OPEN_YAW,1.3,37200,1135.25390625,511,15.594482421875,64.1252446183953,43,1.312255859375,468,14.2822265625,0,0.0,0x9B4B1FEF,0,512,384,0.0,2.0,1.5,0,0x04,0,0,0,1,0,0,0,1,0,0,,,,,,,,,,,,,,,,,,,,,,
39,1,OPEN_YAW,1.3333333333333333,37702,1150.57373046875,502,15.31982421875,65.27490039840637,43,1.312255859375,458,13.97705078125,1,0.030517578125,0x2EA80794,0,512,384,0.0,2.0,1.5,0,0x04,0,0,0,1,0,0,0,1,0,0,,,,,,,,,,,,,,,,,,,,,,
40,1,OPEN_YAW,1.3666666666666667,38177,1165.069580078125,475,14.495849609375,68.98526315789474,43,1.312255859375,432,13.18359375,0,0.0,0x9320BBD7,0,512,384,0.0,2.0,1.5,0,0x04,0,0,0,1,0,0,0,1,0,0,,,,,,,,,,,,,,,,,,,,,,
41,1,OPEN_YAW,1.4,38653,1179.595947265625,476,14.5263671875,68.84033613445378,43,1.312255859375,432,13.18359375,1,0.030517578125,0xF1D64FEB,0,512,384,0.0,2.0,1.5,0,0x04,0,0,0,1,0,0,0,1,0,0,,,,,,,,,,,,,,,,,,,,,,
42,1,OPEN_YAW,1.4333333333333333,39128,1194.091796875,475,14.495849609375,68.98526315789474,42,1.28173828125,433,13.214111328125,0,0.0,0x313FD664,0,512,384,0.0,2.0,1.5,0,0x04,0,0,0,1,0,0,0,1,0,0,,,,,,,,,,,,,,,,,,,,,,
43,1,OPEN_YAW,1.4666666666666666,39604,1208.6181640625,476,14.5263671875,68.84033613445378,43,1.312255859375,432,13.18359375,1,0.030517578125,0xD37C3B3A,0,512,384,0.0,2.0,1.5,0,0x04,0,0,0,1,0,0,0,1,0,0,,,,,,,,,,,,,,,,,,,,,,
44,1,OPEN_YAW,1.5,40081,1223.175048828125,477,14.556884765625,68.69601677148847,43,1.312255859375,434,13.24462890625,0,0.0,0xC85E6E2D,0,512,384,0.0,2.0,1.5,0,0x04,0,0,0,1,0,0,0,1,0,0,,,,,,,,,,,,,,,,,,,,,,
45,1,OPEN_YAW,1.5333333333333334,40580,1238.4033203125,499,15.228271484375,65.66733466933867,43,1.312255859375,455,13.885498046875,1,0.030517578125,0x241E983A,0,512,384,0.0,2.0,1.5,0,0x04,0,0,0,1,0,0,0,1,0,0,,,,,,,,,,,,,,,,,,,,,,
46,1,OPEN_YAW,1.5666666666666667,41083,1253.753662109375,503,15.350341796875,65.14512922465208,43,1.312255859375,460,14.0380859375,0,0.0,0x26D8A8C7,0,512,384,0.0,2.0,1.5,0,0x04,0,0,0,1,0,0,0,1,0,0,,,,,,,,,,,,,,,,,,,,,,
47,1,OPEN_YAW,1.6,41596,1269.4091796875,513,15.655517578125,63.875243664717345,43,1.312255859375,469,14.312744140625,1,0.030517578125,0x57BE9584,0,512,384,0.0,2.0,1.5,0,0x04,0,0,0,1,0,0,0,1,0,0,,,,,,,,,,,,,,,,,,,,,,
48,1,OPEN_YAW,1.6333333333333333,42260,1289.6728515625,664,20.263671875,49.34939759036145,43,1.312255859375,621,18.951416015625,0,0.0,0x8ED5AA07,0,512,384,0.0,2.0,1.5,0,0x04,0,0,0,1,0,0,0,1,0,0,,,,,,,,,,,,,,,,,,,,,,
49,1,OPEN_YAW,1.6666666666666667,42921,1309.844970703125,661,20.172119140625,49.57337367624811,43,1.312255859375,617,18.829345703125,1,0.030517578125,0x4BBB54B2,0,512,384,0.0,2.0,1.5,0,0x04,0,0,0,1,0,0,0,1,0,0,,,,,,,,,,,,,,,,,,,,,,
50,1,OPEN_YAW,1.7,43639,1331.756591796875,718,21.91162109375,45.637883008356546,43,1.312255859375,674,20.56884765625,1,0.030517578125,0x48512005,0,512,384,0.0,2.0,1.5,0,0x04,0,0,0,1,0,0,0,1,0,0,,,,,,,,,,,,,,,,,,,,,,
51,1,OPEN_YAW,1.7333333333333334,44354,1353.57666015625,715,21.820068359375,45.82937062937063,42,1.28173828125,673,20.538330078125,0,0.0,0xE2849AE4,0,512,384,0.0,2.0,1.5,0,0x04,0,0,0,1,0,0,0,1,0,0,,,,,,,,,,,,,,,,,,,,,,
52,1,OPEN_YAW,1.7666666666666666,45087,1375.946044921875,733,22.369384765625,44.70395634379263,43,1.312255859375,689,21.026611328125,1,0.030517578125,0x06B91CB7,0,512,384,0.0,2.0,1.5,0,0x04,0,0,0,1,0,0,0,1,0,0,,,,,,,,,,,,,,,,,,,,,,
53,1,OPEN_YAW,1.8,45813,1398.101806640625,726,22.15576171875,45.13498622589532,43,1.312255859375,683,20.843505859375,0,0.0,0xEF7CD81A,0,512,384,0.0,2.0,1.5,0,0x04,0,0,0,1,0,0,0,1,0,0,,,,,,,,,,,,,,,,,,,,,,
54,1,OPEN_YAW,1.8333333333333333,46531,1420.013427734375,718,21.91162109375,45.637883008356546,43,1.312255859375,674,20.56884765625,1,0.030517578125,0x50648D73,0,512,384,0.0,2.0,1.5,0,0x04,0,0,0,1,0,0,0,1,0,0,,,,,,,,,,,,,,,,,,,,,,
55,1,OPEN_YAW,1.8666666666666667,47270,1442.56591796875,739,22.552490234375,44.341001353179976,43,1.312255859375,695,21.209716796875,1,0.030517578125,0xAAF43222,0,512,384,0.0,2.0,1.5,0,0x04,0,0,0,1,0,0,0,1,0,0,,,,,,,,,,,,,,,,,,,,,,
56,1,OPEN_YAW,1.9,48001,1464.874267578125,731,22.308349609375,44.82626538987688,42,1.28173828125,689,21.026611328125,0,0.0,0x3BD3184F,0,512,384,0.0,2.0,1.5,0,0x04,0,0,0,1,0,0,0,1,0,0,,,,,,,,,,,,,,,,,,,,,,
57,1,OPEN_YAW,1.9333333333333333,48739,1487.396240234375,738,22.52197265625,44.40108401084011,42,1.28173828125,695,21.209716796875,1,0.030517578125,0x076558F0,0,512,384,0.0,2.0,1.5,0,0x04,0,0,0,1,0,0,0,1,0,0,,,,,,,,,,,,,,,,,,,,,,
58,1,OPEN_YAW,1.9666666666666666,49466,1509.58251953125,727,22.186279296875,45.07290233837689,42,1.28173828125,685,20.904541015625,0,0.0,0x498711DD,0,512,384,0.0,2.0,1.5,0,0x04,0,0,0,1,0,0,0,1,0,0,,,,,,,,,,,,,,,,,,,,,,
59,1,OPEN_YAW,2.0,50218,1532.53173828125,752,22.94921875,43.57446808510638,43,1.312255859375,708,21.6064453125,1,0.030517578125,0x46A0A0DE,0,512,384,0.0,2.0,1.5,0,0x04,0,0,0,1,0,0,0,1,0,0,,,,,,,,,,,,,,,,,,,,,,
60,1,OPEN_YAW,2.033333333333333,50961,1555.206298828125,743,22.674560546875,44.10228802153432,42,1.28173828125,700,21.3623046875,1,0.030517578125,0x9DD3D2F1,0,512,384,0.0,2.0,1.5,0,0x04,0,0,0,1,0,0,0,1,0,0,,,,,,,,,,,,,,,,,,,,,,
61,1,OPEN_YAW,2.066666666666667,51702,1577.81982421875,741,22.613525390625,44.22132253711201,42,1.28173828125,699,21.331787109375,0,0.0,0x7811DB3C,0,512,384,0.0,2.0,1.5,0,0x04,0,0,0,1,0,0,0,1,0,0,,,,,,,,,,,,,,,,,,,,,,
62,1,OPEN_YAW,2.1,52431,1600.067138671875,729,22.247314453125,44.94924554183813,42,1.28173828125,686,20.93505859375,1,0.030517578125,0x84E13E89,0,512,384,0.0,2.0,1.5,0,0x04,0,0,0,1,0,0,0,1,0,0,,,,,,,,,,,,,,,,,,,,,,
63,1,OPEN_YAW,2.1333333333333333,53164,1622.4365234375,733,22.369384765625,44.70395634379263,42,1.28173828125,691,21.087646484375,0,0.0,0x87201FF4,0,512,384,0.0,2.0,1.5,0,0x04,0,0,0,1,0,0,0,1,0,0,,,,,,,,,,,,,,,,,,,,,,
64,1,OPEN_YAW,2.1666666666666665,53744,1640.13671875,580,17.7001953125,56.49655172413793,43,1.312255859375,537,16.387939453125,0,0.0,0x84E13E89,0,512,384,0.0,2.0,1.5,0,0x04,0,0,0,1,0,0,0,-1,0,0,,,,,,,,,,,,,,,,,,,,,,
65,1,OPEN_YAW,2.2,54496,1663.0859375,752,22.94921875,43.57446808510638,42,1.28173828125,710,21.66748046875,0,0.0,0x7811DB3C,0,512,384,0.0,2.0,1.5,0,0x04,0,0,0,1,0,0,0,-1,0,0,,,,,,,,,,,,,,,,,,,,,,
66,1,OPEN_YAW,2.2333333333333334,55226,1685.36376953125,730,22.27783203125,44.88767123287671,43,1.312255859375,686,20.93505859375,1,0.030517578125,0x9DD3D2F1,0,512,384,0.0,2.0,1.5,0,0x04,0,0,0,1,0,0,0,-1,0,0,,,,,,,,,,,,,,,,,,,,,,
67,1,OPEN_YAW,2.2666666666666666,55965,1707.916259765625,739,22.552490234375,44.341001353179976,42,1.28173828125,696,21.240234375,1,0.030517578125,0x46A0A0DE,0,512,384,0.0,2.0,1.5,0,0x04,0,0,0,1,0,0,0,-1,0,0,,,,,,,,,,,,,,,,,,,,,,
68,1,OPEN_YAW,2.3,56709,1730.621337890625,744,22.705078125,44.043010752688176,42,1.28173828125,701,21.392822265625,1,0.030517578125,0x498711DD,0,512,384,0.0,2.0,1.5,0,0x04,0,0,0,1,0,0,0,-1,0,0,,,,,,,,,,,,,,,,,,,,,,
69,1,OPEN_YAW,2.3333333333333335,57460,1753.5400390625,751,22.918701171875,43.63249001331558,42,1.28173828125,709,21.636962890625,0,0.0,0x076558F0,0,512,384,0.0,2.0,1.5,0,0x04,0,0,0,1,0,0,0,-1,0,0,,,,,,,,,,,,,,,,,,,,,,
70,1,OPEN_YAW,2.3666666666666667,58174,1775.32958984375,714,21.78955078125,45.89355742296919,43,1.312255859375,671,20.477294921875,0,0.0,0x3BD3184F,0,512,384,0.0,2.0,1.5,0,0x04,0,0,0,1,0,0,0,-1,0,0,,,,,,,,,,,,,,,,,,,,,,
71,1,OPEN_YAW,2.4,58897,1797.393798828125,723,22.064208984375,45.322268326417706,42,1.28173828125,681,20.782470703125,0,0.0,0xAAF43222,0,512,384,0.0,2.0,1.5,0,0x04,0,0,0,1,0,0,0,-1,0,0,,,,,,,,,,,,,,,,,,,,,,
72,1,OPEN_YAW,2.433333333333333,59630,1819.76318359375,733,22.369384765625,44.70395634379263,43,1.312255859375,689,21.026611328125,1,0.030517578125,0x50648D73,0,512,384,0.0,2.0,1.5,0,0x04,0,0,0,1,0,0,0,-1,0,0,,,,,,,,,,,,,,,,,,,,,,
73,1,OPEN_YAW,2.466666666666667,60369,1842.315673828125,739,22.552490234375,44.341001353179976,43,1.312255859375,695,21.209716796875,1,0.030517578125,0xEF7CD81A,0,512,384,0.0,2.0,1.5,0,0x04,0,0,0,1,0,0,0,-1,0,0,,,,,,,,,,,,,,,,,,,,,,
74,1,OPEN_YAW,2.5,61084,1864.1357421875,715,21.820068359375,45.82937062937063,42,1.28173828125,673,20.538330078125,0,0.0,0x06B91CB7,0,512,384,0.0,2.0,1.5,0,0x04,0,0,0,1,0,0,0,-1,0,0,,,,,,,,,,,,,,,,,,,,,,
75,1,OPEN_YAW,2.533333333333333,61808,1886.23046875,724,22.0947265625,45.25966850828729,42,1.28173828125,682,20.81298828125,0,0.0,0xE2849AE4,0,512,384,0.0,2.0,1.5,0,0x04,0,0,0,1,0,0,0,-1,0,0,,,,,,,,,,,,,,,,,,,,,,
76,1,OPEN_YAW,2.566666666666667,62539,1908.538818359375,731,22.308349609375,44.82626538987688,42,1.28173828125,689,21.026611328125,0,0.0,0x48512005,0,512,384,0.0,2.0,1.5,0,0x04,0,0,0,1,0,0,0,-1,0,0,,,,,,,,,,,,,,,,,,,,,,
77,1,OPEN_YAW,2.6,63253,1930.328369140625,714,21.78955078125,45.89355742296919,43,1.312255859375,671,20.477294921875,0,0.0,0x4BBB54B2,0,512,384,0.0,2.0,1.5,0,0x04,0,0,0,1,0,0,0,-1,0,0,,,,,,,,,,,,,,,,,,,,,,
78,1,OPEN_YAW,2.6333333333333333,63967,1952.117919921875,714,21.78955078125,45.89355742296919,43,1.312255859375,671,20.477294921875,0,0.0,0x8ED5AA07,0,512,384,0.0,2.0,1.5,0,0x04,0,0,0,1,0,0,0,-1,0,0,,,,,,,,,,,,,,,,,,,,,,
79,1,OPEN_YAW,2.6666666666666665,64565,1970.367431640625,598,18.24951171875,54.79598662207358,43,1.312255859375,554,16.90673828125,1,0.030517578125,0x57BE9584,0,512,384,0.0,2.0,1.5,0,0x04,0,0,0,1,0,0,0,-1,0,0,,,,,,,,,,,,,,,,,,,,,,
80,1,OPEN_YAW,2.7,65166,1988.70849609375,601,18.341064453125,54.52246256239601,43,1.312255859375,558,17.02880859375,0,0.0,0x26D8A8C7,0,512,384,0.0,2.0,1.5,0,0x04,0,0,0,1,0,0,0,-1,0,0,,,,,,,,,,,,,,,,,,,,,,
81,1,OPEN_YAW,2.7333333333333334,65675,2004.241943359375,509,15.533447265625,64.37721021611002,43,1.312255859375,466,14.22119140625,0,0.0,0x241E983A,0,512,384,0.0,2.0,1.5,0,0x04,0,0,0,1,0,0,0,-1,0,0,,,,,,,,,,,,,,,,,,,,,,
82,1,OPEN_YAW,2.7666666666666666,66155,2018.890380859375,480,14.6484375,68.26666666666667,43,1.312255859375,436,13.3056640625,1,0.030517578125,0xC85E6E2D,0,512,384,0.0,2.0,1.5,0,0x04,0,0,0,1,0,0,0,-1,0,0,,,,,,,,,,,,,,,,,,,,,,
83,1,OPEN_YAW,2.8,66629,2033.355712890625,474,14.46533203125,69.13080168776371,42,1.28173828125,432,13.18359375,0,0.0,0xD37C3B3A,0,512,384,0.0,2.0,1.5,0,0x04,0,0,0,1,0,0,0,-1,0,0,,,,,,,,,,,,,,,,,,,,,,
84,1,OPEN_YAW,2.8333333333333335,67104,2047.8515625,475,14.495849609375,68.98526315789474,42,1.28173828125,433,13.214111328125,0,0.0,0x313FD664,0,512,384,0.0,2.0,1.5,0,0x04,0,0,0,1,0,0,0,-1,0,0,,,,,,,,,,,,,,,,,,,,,,
85,1,OPEN_YAW,2.8666666666666667,67579,2062.347412109375,475,14.495849609375,68.98526315789474,43,1.312255859375,432,13.18359375,0,0.0,0xF1D64FEB,0,512,384,0.0,2.0,1.5,0,0x04,0,0,0,1,0,0,0,-1,0,0,,,,,,,,,,,,,,,,,,,,,,
86,1,OPEN_YAW,2.9,68055,2076.873779296875,476,14.5263671875,68.84033613445378,43,1.312255859375,432,13.18359375,1,0.030517578125,0x9320BBD7,0,512,384,0.0,2.0,1.5,0,0x04,0,0,0,1,0,0,0,-1,0,0,,,,,,,,,,,,,,,,,,,,,,
87,1,OPEN_YAW,2.933333333333333,68551,2092.010498046875,496,15.13671875,66.06451612903226,43,1.312255859375,453,13.824462890625,0,0.0,0x2EA80794,0,512,384,0.0,2.0,1.5,0,0x04,0,0,0,1,0,0,0,-1,0,0,,,,,,,,,,,,,,,,,,,,,,
88,1,OPEN_YAW,2.966666666666667,69050,2107.23876953125,499,15.228271484375,65.66733466933867,43,1.312255859375,455,13.885498046875,1,0.030517578125,0x9B4B1FEF,0,512,384,0.0,2.0,1.5,0,0x04,0,0,0,1,0,0,0,-1,0,0,,,,,,,,,,,,,,,,,,,,,,
89,1,OPEN_YAW,3.0,69555,2122.650146484375,505,15.411376953125,64.88712871287129,43,1.312255859375,462,14.09912109375,0,0.0,0x47A89276,0,512,384,0.0,2.0,1.5,0,0x04,0,0,0,1,0,0,0,-1,0,0,,,,,,,,,,,,,,,,,,,,,,
90,1,OPEN_YAW,3.033333333333333,70070,2138.36669921875,515,15.716552734375,63.627184466019415,43,1.312255859375,472,14.404296875,0,0.0,0x82178F31,0,512,384,0.0,2.0,1.5,0,0x04,0,0,0,1,0,0,0,-1,0,0,,,,,,,,,,,,,,,,,,,,,,
91,1,OPEN_YAW,3.066666666666667,70718,2158.14208984375,648,19.775390625,50.5679012345679,43,1.312255859375,604,18.4326171875,1,0.030517578125,0x58D899FA,0,512,384,0.0,2.0,1.5,0,0x04,0,0,0,1,0,0,0,-1,0,0,,,,,,,,,,,,,,,,,,,,,,
92,1,OPEN_YAW,3.1,71370,2178.03955078125,652,19.8974609375,50.25766871165644,43,1.312255859375,608,18.5546875,1,0.030517578125,0x47E40981,0,512,384,0.0,2.0,1.5,0,0x04,0,0,0,1,0,0,0,-1,0,0,,,,,,,,,,,,,,,,,,,,,,
93,1,OPEN_YAW,3.1333333333333333,72084,2199.8291015625,714,21.78955078125,45.89355742296919,42,1.28173828125,672,20.5078125,0,0.0,0x0191D5F6,0,512,384,0.0,2.0,1.5,0,0x04,0,0,0,1,0,0,0,-1,0,0,,,,,,,,,,,,,,,,,,,,,,
94,1,OPEN_YAW,3.1666666666666665,72811,2222.015380859375,727,22.186279296875,45.07290233837689,43,1.312255859375,683,20.843505859375,1,0.030517578125,0xAB4F68AF,0,512,384,0.0,2.0,1.5,0,0x04,0,0,0,1,0,0,0,-1,0,0,,,,,,,,,,,,,,,,,,,,,,
95,1,OPEN_YAW,3.2,73546,2244.44580078125,735,22.430419921875,44.582312925170065,43,1.312255859375,691,21.087646484375,1,0.030517578125,0xFB682E46,0,512,384,0.0,2.0,1.5,0,0x04,0,0,0,1,0,0,0,-1,0,0,,,,,,,,,,,,,,,,,,,,,,
96,1,OPEN_YAW,3.2333333333333334,74264,2266.357421875,718,21.91162109375,45.637883008356546,42,1.28173828125,676,20.6298828125,0,0.0,0x779CD11B,0,512,384,0.0,2.0,1.5,0,0x04,0,0,0,1,0,0,0,-1,0,0,,,,,,,,,,,,,,,,,,,,,,
97,1,OPEN_YAW,3.2666666666666666,74989,2288.482666015625,725,22.125244140625,45.19724137931034,43,1.312255859375,682,20.81298828125,0,0.0,0x160A0806,0,512,384,0.0,2.0,1.5,0,0x04,0,0,0,1,0,0,0,-1,0,0,,,,,,,,,,,,,,,,,,,,,,
98,1,OPEN_YAW,3.3,75717,2310.699462890625,728,22.216796875,45.010989010989015,43,1.312255859375,685,20.904541015625,0,0.0,0xE5D4D0F1,0,512,384,0.0,2.0,1.5,0,0x04,0,0,0,1,0,0,0,-1,0,0,,,,,,,,,,,,,,,,,,,,,,
99,1,OPEN_YAW,3.3333333333333335,76454,2333.19091796875,737,22.491455078125,44.461329715061055,43,1.312255859375,693,21.148681640625,1,0.030517578125,0x5AD6DB54,0,512,384,0.0,2.0,1.5,0,0x04,0,0,0,1,0,0,0,-1,0,0,,,,,,,,,,,,,,,,,,,,,,
100,1,OPEN_YAW,3.3666666666666667,77186,2355.52978515625,732,22.3388671875,44.76502732240437,42,1.28173828125,690,21.05712890625,0,0.0,0x6BDB5333,0,512,384,0.0,2.0,1.5,0,0x04,0,0,0,1,0,0,0,-1,0,0,,,,,,,,,,,,,,,,,,,,,,
101,1,OPEN_YAW,3.4,77919,2377.899169921875,733,22.369384765625,44.70395634379263,43,1.312255859375,690,21.05712890625,0,0.0,0x727A5D9C,0,512,384,0.0,2.0,1.5,0,0x04,0,0,0,1,0,0,0,-1,0,0,,,,,,,,,,,,,,,,,,,,,,
102,1,OPEN_YAW,3.433333333333333,78667,2400.726318359375,748,22.8271484375,43.80748663101604,43,1.312255859375,704,21.484375,1,0.030517578125,0x09DBF567,0,512,384,0.0,2.0,1.5,0,0x04,0,0,0,1,0,0,0,-1,0,0,,,,,,,,,,,,,,,,,,,,,,
103,1,OPEN_YAW,3.466666666666667,79412,2423.4619140625,745,22.735595703125,43.98389261744966,42,1.28173828125,702,21.42333984375,1,0.030517578125,0xF1FADB42,0,512,384,0.0,2.0,1.5,0,0x04,0,0,0,1,0,0,0,-1,0,0,,,,,,,,,,,,,,,,,,,,,,
104,1,OPEN_YAW,3.5,80144,2445.80078125,732,22.3388671875,44.76502732240437,42,1.28173828125,689,21.026611328125,1,0.030517578125,0x48C590F3,0,512,384,0.0,2.0,1.5,0,0x04,0,0,0,1,0,0,0,-1,0,0,,,,,,,,,,,,,,,,,,,,,,
105,1,OPEN_YAW,3.533333333333333,80880,2468.26171875,736,22.4609375,44.52173913043478,42,1.28173828125,694,21.17919921875,0,0.0,0xCB25181A,0,512,384,0.0,2.0,1.5,0,0x04,0,0,0,1,0,0,0,-1,0,0,,,,,,,,,,,,,,,,,,,,,,
106,1,OPEN_YAW,3.566666666666667,81623,2490.936279296875,743,22.674560546875,44.10228802153432,43,1.312255859375,700,21.3623046875,0,0.0,0xAC3150F9,0,512,384,0.0,2.0,1.5,0,0x04,0,0,0,1,0,0,0,-1,0,0,,,,,,,,,,,,,,,,,,,,,,
107,1,OPEN_YAW,3.6,82427,2515.472412109375,804,24.5361328125,40.756218905472636,43,1.312255859375,760,23.193359375,1,0.030517578125,0xFC0E3B5E,0,512,384,0.0,2.0,1.5,0,0x04,0,0,0,1,0,0,0,-1,0,0,,,,,,,,,,,,,,,,,,,,,,
108,1,OPEN_YAW,3.6333333333333333,83156,2537.7197265625,729,22.247314453125,44.94924554183813,42,1.28173828125,687,20.965576171875,0,0.0,0xFA8FA93F,0,512,384,0.0,2.0,1.5,0,0x04,0,0,0,1,0,0,0,-1,0,0,,,,,,,,,,,,,,,,,,,,,,
109,1,OPEN_YAW,3.6666666666666665,83760,2556.15234375,604,18.4326171875,54.25165562913907,43,1.312255859375,561,17.120361328125,0,0.0,0xC813CCF6,0,512,384,0.0,2.0,1.5,0,0x04,0,0,0,1,0,0,0,-1,0,0,,,,,,,,,,,,,,,,,,,,,,
110,1,OPEN_YAW,3.7,84393,2575.469970703125,633,19.317626953125,51.76619273301738,43,1.312255859375,589,17.974853515625,1,0.030517578125,0xA5F2BEEB,0,512,384,0.0,2.0,1.5,0,0x04,0,0,0,1,0,0,0,-1,0,0,,,,,,,,,,,,,,,,,,,,,,
111,1,OPEN_YAW,3.7333333333333334,84958,2592.71240234375,565,17.242431640625,57.99646017699115,42,1.28173828125,523,15.960693359375,0,0.0,0xFC68B016,0,512,384,0.0,2.0,1.5,0,0x04,0,0,0,1,0,0,0,-1,0,0,,,,,,,,,,,,,,,,,,,,,,
112,1,OPEN_YAW,3.7666666666666666,85689,2615.020751953125,731,22.308349609375,44.82626538987688,43,1.312255859375,687,20.965576171875,1,0.030517578125,0x57F83B3D,0,512,384,0.0,2.0,1.5,0,0x04,0,0,0,1,0,0,0,-1,0,0,,,,,,,,,,,,,,,,,,,,,,
113,1,OPEN_YAW,3.8,86436,2637.8173828125,747,22.796630859375,43.866131191432395,43,1.312255859375,704,21.484375,0,0.0,0x44510D1A,0,512,384,0.0,2.0,1.5,0,0x04,0,0,0,1,0,0,0,-1,0,0,,,,,,,,,,,,,,,,,,,,,,
114,1,OPEN_YAW,3.8333333333333335,87226,2661.92626953125,790,24.10888671875,41.47848101265823,43,1.312255859375,747,22.796630859375,0,0.0,0xE47DEAEF,0,512,384,0.0,2.0,1.5,0,0x04,0,0,0,1,0,0,0,-1,0,0,,,,,,,,,,,,,,,,,,,,,,
115,1,OPEN_YAW,3.8666666666666667,88077,2687.896728515625,851,25.970458984375,38.50528789659224,43,1.312255859375,808,24.658203125,0,0.0,0x70470C18,0,512,384,0.0,2.0,1.5,0,0x04,0,0,0,1,0,0,0,-1,0,0,,,,,,,,,,,,,,,,,,,,,,
116,1,OPEN_YAW,3.9,89242,2723.44970703125,1165,35.552978515625,28.12703862660944,43,1.312255859375,1121,34.210205078125,1,0.030517578125,0x6E85EBC5,0,512,384,0.0,2.0,1.5,0,0x04,0,0,0,1,0,0,0,-1,0,0,,,,,,,,,,,,,,,,,,,,,,
117,1,OPEN_YAW,3.933333333333333,90425,2759.552001953125,1183,36.102294921875,27.69907016060862,43,1.312255859375,1139,34.759521484375,1,0.030517578125,0x1F45C49E,0,512,384,0.0,2.0,1.5,0,0x04,0,0,0,1,0,0,0,-1,0,0,,,,,,,,,,,,,,,,,,,,,,
118,1,OPEN_YAW,3.966666666666667,91662,2797.30224609375,1237,37.750244140625,26.489894907033143,42,1.28173828125,1194,36.43798828125,1,0.030517578125,0x94A84683,0,512,384,0.0,2.0,1.5,0,0x04,0,0,0,1,0,0,0,-1,0,0,,,,,,,,,,,,,,,,,,,,,,
119,1,OPEN_YAW,4.0,92958,2836.85302734375,1296,39.55078125,25.28395061728395,43,1.312255859375,1252,38.2080078125,1,0.030517578125,0xD27F4708,0,512,384,0.0,2.0,1.5,0,0x04,0,0,0,1,0,0,0,-1,0,0,,,,,,,,,,,,,,,,,,,,,,
120,1,OPEN_YAW,4.033333333333333,94241,2876.007080078125,1283,39.154052734375,25.540140296180827,42,1.28173828125,1241,37.872314453125,0,0.0,0xF0C60EB7,0,512,384,0.0,2.0,1.5,0,0x04,0,0,0,1,0,0,0,-1,0,0,,,,,,,,,,,,,,,,,,,,,,
121,1,OPEN_YAW,4.066666666666666,95532,2915.4052734375,1291,39.398193359375,25.381874515879165,43,1.312255859375,1247,38.055419921875,1,0.030517578125,0x1A9A2DD0,0,512,384,0.0,2.0,1.5,0,0x04,0,0,0,1,0,0,0,-1,0,0,,,,,,,,,,,,,,,,,,,,,,
122,1,OPEN_YAW,4.1,96840,2955.322265625,1308,39.9169921875,25.051987767584098,42,1.28173828125,1265,38.604736328125,1,0.030517578125,0x45E0B719,0,512,384,0.0,2.0,1.5,0,0x04,0,0,0,1,0,0,0,-1,0,0,,,,,,,,,,,,,,,,,,,,,,
123,1,OPEN_YAW,4.133333333333334,98117,2994.293212890625,1277,38.970947265625,25.660140955364135,42,1.28173828125,1234,37.65869140625,1,0.030517578125,0xAED9429C,0,512,384,0.0,2.0,1.5,0,0x04,0,0,0,1,0,0,0,-1,0,0,,,,,,,,,,,,,,,,,,,,,,
124,1,OPEN_YAW,4.166666666666667,99392,3033.203125,1275,38.909912109375,25.700392156862744,43,1.312255859375,1231,37.567138671875,1,0.030517578125,0x58A773FF,0,512,384,0.0,2.0,1.5,0,0x04,0,0,0,1,0,0,0,-1,0,0,,,,,,,,,,,,,,,,,,,,,,
125,1,OPEN_YAW,4.2,100774,3075.37841796875,1382,42.17529296875,23.710564399421127,42,1.28173828125,1340,40.8935546875,0,0.0,0x8B3821D2,0,512,384,0.0,2.0,1.5,0,0x04,0,0,0,1,0,0,0,-1,0,0,,,,,,,,,,,,,,,,,,,,,,
126,1,OPEN_YAW,4.233333333333333,102146,3117.24853515625,1372,41.8701171875,23.88338192419825,43,1.312255859375,1329,40.557861328125,0,0.0,0x5E9768D3,0,512,384,0.0,2.0,1.5,0,0x04,0,0,0,1,0,0,0,-1,0,0,,,,,,,,,,,,,,,,,,,,,,
127,1,OPEN_YAW,4.266666666666667,103518,3159.11865234375,1372,41.8701171875,23.88338192419825,43,1.312255859375,1328,40.52734375,1,0.030517578125,0x9E5629C9,0,512,384,0.0,2.0,1.5,0,0x0C,0,0,0,1,1,0,0,-1,0,0,,,,,,,,,,,,,,,,,,,,,,
128,2,PITCH_SWEEP,4.3,104883,3200.775146484375,1365,41.656494140625,24.005860805860806,44,1.3427734375,1321,40.313720703125,0,0.0,0xEBC50AFB,0,512,384,0.0,2.0,1.5,0,0x04,0,0,0,1,0,0,0,0,1,0,,,,,,,,,,,,,,,,,,,,,,
129,2,PITCH_SWEEP,4.333333333333333,106174,3240.17333984375,1291,39.398193359375,25.381874515879165,44,1.3427734375,1246,38.02490234375,1,0.030517578125,0x99F6DC11,0,512,384,0.0,2.0,1.5,0,0x04,0,0,0,1,0,0,0,0,1,0,,,,,,,,,,,,,,,,,,,,,,
130,2,PITCH_SWEEP,4.366666666666666,107488,3280.2734375,1314,40.10009765625,24.93759512937595,44,1.3427734375,1269,38.726806640625,1,0.030517578125,0xF5262E21,0,512,384,0.0,2.0,1.5,0,0x04,0,0,0,1,0,0,0,0,1,0,,,,,,,,,,,,,,,,,,,,,,
131,2,PITCH_SWEEP,4.4,108798,3320.25146484375,1310,39.97802734375,25.013740458015267,43,1.312255859375,1267,38.665771484375,0,0.0,0xB89D05A3,0,512,384,0.0,2.0,1.5,0,0x04,0,0,0,1,0,0,0,0,1,0,,,,,,,,,,,,,,,,,,,,,,
132,2,PITCH_SWEEP,4.433333333333334,110102,3360.04638671875,1304,39.794921875,25.12883435582822,44,1.3427734375,1259,38.421630859375,1,0.030517578125,0x0366AA7D,0,512,384,0.0,2.0,1.5,0,0x04,0,0,0,1,0,0,0,0,1,0,,,,,,,,,,,,,,,,,,,,,,
133,2,PITCH_SWEEP,4.466666666666667,111425,3400.421142578125,1323,40.374755859375,24.767951625094483,43,1.312255859375,1280,39.0625,0,0.0,0xD32DF697,0,512,384,0.0,2.0,1.5,0,0x06,1,1,0,1,0,0,0,0,1,0,38.970947265625,0.0,0.244140625,7.6904296875,8.941650390625,1.190185546875,6.744384765625,1.52587890625,0.0,12.054443359375,0.579833984375,0,0,0,0,0,0,0,0,0,0,0
134,2,PITCH_SWEEP,4.5,112732,3440.3076171875,1307,39.886474609375,25.07115531752104,44,1.3427734375,1262,38.51318359375,1,0.030517578125,0xFD0ED9B9,0,512,384,0.0,2.0,1.5,0,0x04,0,0,0,1,0,0,0,0,1,0,,,,,,,,,,,,,,,,,,,,,,
135,2,PITCH_SWEEP,4.533333333333333,114003,3479.095458984375,1271,38.787841796875,25.781274586939418,43,1.312255859375,1227,37.445068359375,1,0.030517578125,0x384A2F1B,0,512,384,0.0,2.0,1.5,0,0x04,0,0,0,1,0,0,0,0,1,0,,,,,,,,,,,,,,,,,,,,,,
136,2,PITCH_SWEEP,4.566666666666666,115239,3516.815185546875,1236,37.7197265625,26.511326860841425,43,1.312255859375,1193,36.407470703125,0,0.0,0x7DFB7EEB,0,512,384,0.0,2.0,1.5,0,0x04,0,0,0,1,0,0,0,0,1,0,,,,,,,,,,,,,,,,,,,,,,
137,2,PITCH_SWEEP,4.6,116455,3553.924560546875,1216,37.109375,26.94736842105263,43,1.312255859375,1172,35.7666015625,1,0.030517578125,0x665540F9,0,512,384,0.0,2.0,1.5,0,0x04,0,0,0,1,0,0,0,0,1,0,,,,,,,,,,,,,,,,,,,,,,
138,2,PITCH_SWEEP,4.633333333333334,117641,3590.118408203125,1186,36.19384765625,27.62900505902192,43,1.312255859375,1142,34.85107421875,1,0.030517578125,0x24928A59,0,512,384,0.0,2.0,1.5,0,0x04,0,0,0,1,0,0,0,0,1,0,,,,,,,,,,,,,,,,,,,,,,
139,2,PITCH_SWEEP,4.666666666666667,118797,3625.396728515625,1156,35.2783203125,28.346020761245676,44,1.3427734375,1112,33.935546875,0,0.0,0xE620FE03,0,512,384,0.0,2.0,1.5,0,0x04,0,0,0,1,0,0,0,0,1,0,,,,,,,,,,,,,,,,,,,,,,
140,2,PITCH_SWEEP,4.7,119952,3660.64453125,1155,35.247802734375,28.37056277056277,43,1.312255859375,1112,33.935546875,0,0.0,0xF31CD78D,0,512,384,0.0,2.0,1.5,0,0x04,0,0,0,1,0,0,0,0,1,0,,,,,,,,,,,,,,,,,,,,,,
141,2,PITCH_SWEEP,4.733333333333333,121086,3695.25146484375,1134,34.60693359375,28.895943562610228,44,1.3427734375,1089,33.233642578125,1,0.030517578125,0xFC73F4CF,0,512,384,0.0,2.0,1.5,0,0x04,0,0,0,1,0,0,0,0,1,0,,,,,,,,,,,,,,,,,,,,,,
142,2,PITCH_SWEEP,4.766666666666667,122194,3729.06494140625,1108,33.8134765625,29.574007220216608,43,1.312255859375,1065,32.501220703125,0,0.0,0x31DBE5A1,0,512,384,0.0,2.0,1.5,0,0x04,0,0,0,1,0,0,0,0,1,0,,,,,,,,,,,,,,,,,,,,,,
143,2,PITCH_SWEEP,4.8,123257,3761.505126953125,1063,32.440185546875,30.825964252116652,44,1.3427734375,1019,31.097412109375,0,0.0,0x637D44ED,0,512,384,0.0,2.0,1.5,0,0x04,0,0,0,1,0,0,0,0,1,0,,,,,,,,,,,,,,,,,,,,,,
144,2,PITCH_SWEEP,4.833333333333333,124303,3793.426513671875,1046,31.92138671875,31.326959847036328,44,1.3427734375,1001,30.548095703125,1,0.030517578125,0xDF585765,0,512,384,0.0,2.0,1.5,0,0x04,0,0,0,1,0,0,0,0,1,0,,,,,,,,,,,,,,,,,,,,,,
145,2,PITCH_SWEEP,4.866666666666666,125117,3818.267822265625,814,24.84130859375,40.255528255528255,43,1.312255859375,770,23.49853515625,1,0.030517578125,0xC6349AE7,0,512,384,0.0,2.0,1.5,0,0x04,0,0,0,1,0,0,0,0,1,0,,,,,,,,,,,,,,,,,,,,,,
146,2,PITCH_SWEEP,4.9,125848,3840.576171875,731,22.308349609375,44.82626538987688,44,1.3427734375,686,20.93505859375,1,0.030517578125,0xF7C74FC9,0,512,384,0.0,2.0,1.5,0,0x04,0,0,0,1,0,0,0,0,1,0,,,,,,,,,,,,,,,,,,,,,,
147,2,PITCH_SWEEP,4.933333333333334,126548,3861.9384765625,700,21.3623046875,46.81142857142857,43,1.312255859375,656,20.01953125,1,0.030517578125,0xD205864D,0,512,384,0.0,2.0,1.5,0,0x04,0,0,0,1,0,0,0,0,1,0,,,,,,,,,,,,,,,,,,,,,,
148,2,PITCH_SWEEP,4.966666666666667,127210,3882.14111328125,662,20.20263671875,49.49848942598187,43,1.312255859375,618,18.85986328125,1,0.030517578125,0x5776983D,0,512,384,0.0,2.0,1.5,0,0x04,0,0,0,1,0,0,0,0,1,0,,,,,,,,,,,,,,,,,,,,,,
149,2,PITCH_SWEEP,5.0,127849,3901.641845703125,639,19.500732421875,51.280125195618155,43,1.312255859375,595,18.157958984375,1,0.030517578125,0x3C8645B7,0,512,384,0.0,2.0,1.5,0,0x04,0,0,0,1,0,0,0,0,1,0,,,,,,,,,,,,,,,,,,,,,,
150,2,PITCH_SWEEP,5.033333333333333,128473,3920.684814453125,624,19.04296875,52.51282051282051,43,1.312255859375,581,17.730712890625,0,0.0,0xE8184D3B,0,512,384,0.0,2.0,1.5,0,0x04,0,0,0,1,0,0,0,0,1,0,,,,,,,,,,,,,,,,,,,,,,
151,2,PITCH_SWEEP,5.066666666666666,129092,3939.5751953125,619,18.890380859375,52.93699515347335,43,1.312255859375,575,17.547607421875,1,0.030517578125,0x92BE7535,0,512,384,0.0,2.0,1.5,0,0x04,0,0,0,1,0,0,0,0,1,0,,,,,,,,,,,,,,,,,,,,,,
152,2,PITCH_SWEEP,5.1,129692,3957.8857421875,600,18.310546875,54.61333333333334,43,1.312255859375,557,16.998291015625,0,0.0,0xE8184D3B,0,512,384,0.0,2.0,1.5,0,0x04,0,0,0,1,0,0,0,0,-1,0,,,,,,,,,,,,,,,,,,,,,,
153,2,PITCH_SWEEP,5.133333333333334,130314,3976.86767578125,622,18.98193359375,52.68167202572347,43,1.312255859375,578,17.63916015625,1,0.030517578125,0x3C8645B7,0,512,384,0.0,2.0,1.5,0,0x04,0,0,0,1,0,0,0,0,-1,0,,,,,,,,,,,,,,,,,,,,,,
154,2,PITCH_SWEEP,5.166666666666667,130945,3996.124267578125,631,19.256591796875,51.93026941362916,43,1.312255859375,588,17.9443359375,0,0.0,0x5776983D,0,512,384,0.0,2.0,1.5,0,0x04,0,0,0,1,0,0,0,0,-1,0,,,,,,,,,,,,,,,,,,,,,,
155,2,PITCH_SWEEP,5.2,131590,4015.80810546875,645,19.683837890625,50.8031007751938,43,1.312255859375,601,18.341064453125,1,0.030517578125,0xD205864D,0,512,384,0.0,2.0,1.5,0,0x04,0,0,0,1,0,0,0,0,-1,0,,,,,,,,,,,,,,,,,,,,,,
156,2,PITCH_SWEEP,5.233333333333333,132254,4036.07177734375,664,20.263671875,49.34939759036145,43,1.312255859375,621,18.951416015625,0,0.0,0xF7C74FC9,0,512,384,0.0,2.0,1.5,0,0x04,0,0,0,1,0,0,0,0,-1,0,,,,,,,,,,,,,,,,,,,,,,
157,2,PITCH_SWEEP,5.266666666666667,133017,4059.356689453125,763,23.284912109375,42.94626474442988,43,1.312255859375,720,21.97265625,0,0.0,0xC6349AE7,0,512,384,0.0,2.0,1.5,0,0x04,0,0,0,1,0,0,0,0,-1,0,,,,,,,,,,,,,,,,,,,,,,
158,2,PITCH_SWEEP,5.3,134025,4090.118408203125,1008,30.76171875,32.507936507936506,44,1.3427734375,963,29.388427734375,1,0.030517578125,0xDF585765,0,512,384,0.0,2.0,1.5,0,0x04,0,0,0,1,0,0,0,0,-1,0,,,,,,,,,,,,,,,,,,,,,,
159,2,PITCH_SWEEP,5.333333333333333,135063,4121.795654296875,1038,31.67724609375,31.56840077071291,44,1.3427734375,993,30.303955078125,1,0.030517578125,0x637D44ED,0,512,384,0.0,2.0,1.5,0,0x04,0,0,0,1,0,0,0,0,-1,0,,,,,,,,,,,,,,,,,,,,,,
160,2,PITCH_SWEEP,5.366666666666666,136151,4154.998779296875,1088,33.203125,30.11764705882353,43,1.312255859375,1044,31.8603515625,1,0.030517578125,0x31DBE5A1,0,512,384,0.0,2.0,1.5,0,0x04,0,0,0,1,0,0,0,0,-1,0,,,,,,,,,,,,,,,,,,,,,,
161,2,PITCH_SWEEP,5.4,137269,4189.117431640625,1118,34.11865234375,29.30948121645796,43,1.312255859375,1075,32.806396484375,0,0.0,0xFC73F4CF,0,512,384,0.0,2.0,1.5,0,0x04,0,0,0,1,0,0,0,0,-1,0,,,,,,,,,,,,,,,,,,,,,,
162,2,PITCH_SWEEP,5.433333333333334,138417,4224.151611328125,1148,35.0341796875,28.54355400696864,44,1.3427734375,1103,33.660888671875,1,0.030517578125,0xF31CD78D,0,512,384,0.0,2.0,1.5,0,0x04,0,0,0,1,0,0,0,0,-1,0,,,,,,,,,,,,,,,,,,,,,,
163,2,PITCH_SWEEP,5.466666666666667,139581,4259.674072265625,1164,35.5224609375,28.151202749140893,44,1.3427734375,1119,34.149169921875,1,0.030517578125,0xE620FE03,0,512,384,0.0,2.0,1.5,0,0x04,0,0,0,1,0,0,0,0,-1,0,,,,,,,,,,,,,,,,,,,,,,
164,2,PITCH_SWEEP,5.5,140738,4294.98291015625,1157,35.308837890625,28.32152117545376,43,1.312255859375,1113,33.966064453125,1,0.030517578125,0x24928A59,0,512,384,0.0,2.0,1.5,0,0x04,0,0,0,1,0,0,0,0,-1,0,,,,,,,,,,,,,,,,,,,,,,
165,2,PITCH_SWEEP,5.533333333333333,141926,4331.23779296875,1188,36.2548828125,27.58249158249158,43,1.312255859375,1144,34.912109375,1,0.030517578125,0x665540F9,0,512,384,0.0,2.0,1.5,0,0x04,0,0,0,1,0,0,0,0,-1,0,,,,,,,,,,,,,,,,,,,,,,
166,2,PITCH_SWEEP,5.566666666666666,143124,4367.7978515625,1198,36.56005859375,27.352253756260435,43,1.312255859375,1155,35.247802734375,0,0.0,0x7DFB7EEB,0,512,384,0.0,2.0,1.5,0,0x04,0,0,0,1,0,0,0,0,-1,0,,,,,,,,,,,,,,,,,,,,,,
167,2,PITCH_SWEEP,5.6,144360,4405.517578125,1236,37.7197265625,26.511326860841425,44,1.3427734375,1192,36.376953125,0,0.0,0x384A2F1B,0,512,384,0.0,2.0,1.5,0,0x04,0,0,0,1,0,0,0,0,-1,0,,,,,,,,,,,,,,,,,,,,,,
168,2,PITCH_SWEEP,5.633333333333334,145602,4443.42041015625,1242,37.90283203125,26.383252818035427,44,1.3427734375,1198,36.56005859375,0,0.0,0xFD0ED9B9,0,512,384,0.0,2.0,1.5,0,0x04,0,0,0,1,0,0,0,0,-1,0,,,,,,,,,,,,,,,,,,,,,,
169,2,PITCH_SWEEP,5.666666666666667,146879,4482.391357421875,1277,38.970947265625,25.660140955364135,43,1.312255859375,1234,37.65869140625,0,0.0,0xD32DF697,0,512,384,0.0,2.0,1.5,0,0x04,0,0,0,1,0,0,0,0,-1,0,,,,,,,,,,,,,,,,,,,,,,
170,2,PITCH_SWEEP,5.7,148190,4522.39990234375,1311,40.008544921875,24.994660564454616,43,1.312255859375,1268,38.6962890625,0,0.0,0x0366AA7D,0,512,384,0.0,2.0,1.5,0,0x04,0,0,0,1,0,0,0,0,-1,0,,,,,,,,,,,,,,,,,,,,,,
171,2,PITCH_SWEEP,5.733333333333333,149498,4562.31689453125,1308,39.9169921875,25.051987767584098,44,1.3427734375,1263,38.543701171875,1,0.030517578125,0xB89D05A3,0,512,384,0.0,2.0,1.5,0,0x04,0,0,0,1,0,0,0,0,-1,0,,,,,,,,,,,,,,,,,,,,,,
172,2,PITCH_SWEEP,5.766666666666667,150795,4601.898193359375,1297,39.581298828125,25.264456437933692,44,1.3427734375,1253,38.238525390625,0,0.0,0xF5262E21,0,512,384,0.0,2.0,1.5,0,0x04,0,0,0,1,0,0,0,0,-1,0,,,,,,,,,,,,,,,,,,,,,,
173,2,PITCH_SWEEP,5.8,152105,4641.876220703125,1310,39.97802734375,25.013740458015267,43,1.312255859375,1266,38.63525390625,1,0.030517578125,0x99F6DC11,0,512,384,0.0,2.0,1.5,0,0x04,0,0,0,1,0,0,0,0,-1,0,,,,,,,,,,,,,,,,,,,,,,
174,2,PITCH_SWEEP,5.833333333333333,153420,4682.0068359375,1315,40.130615234375,24.918631178707223,44,1.3427734375,1271,38.787841796875,0,0.0,0xEBC50AFB,0,512,384,0.0,2.0,1.5,0,0x04,0,0,0,1,0,0,0,0,-1,0,,,,,,,,,,,,,,,,,,,,,,
175,2,PITCH_SWEEP,5.866666666666666,154709,4721.343994140625,1289,39.337158203125,25.421256788207913,44,1.3427734375,1245,37.994384765625,0,0.0,0x9E5629C9,0,512,384,0.0,2.0,1.5,0,0x04,0,0,0,1,0,0,0,0,-1,0,,,,,,,,,,,,,,,,,,,,,,
176,2,PITCH_SWEEP,5.9,156001,4760.772705078125,1292,39.4287109375,25.362229102167184,44,1.3427734375,1247,38.055419921875,1,0.030517578125,0x70322F27,0,512,384,0.0,2.0,1.5,0,0x04,0,0,0,1,0,0,0,0,-1,0,,,,,,,,,,,,,,,,,,,,,,
177,2,PITCH_SWEEP,5.933333333333334,157297,4800.323486328125,1296,39.55078125,25.28395061728395,43,1.312255859375,1253,38.238525390625,0,0.0,0x390641B9,0,512,384,0.0,2.0,1.5,0,0x04,0,0,0,1,0,0,0,0,-1,0,,,,,,,,,,,,,,,,,,,,,,
178,2,PITCH_SWEEP,5.966666666666667,158524,4837.7685546875,1227,37.445068359375,26.705786471067643,44,1.3427734375,1183,36.102294921875,0,0.0,0xC1D27A09,0,512,384,0.0,2.0,1.5,0,0x04,0,0,0,1,0,0,0,0,-1,0,,,,,,,,,,,,,,,,,,,,,,
179,2,PITCH_SWEEP,6.0,159743,4874.969482421875,1219,37.200927734375,26.88105004101723,43,1.312255859375,1176,35.888671875,0,0.0,0xDBF98667,0,512,384,0.0,2.0,1.5,0,0x04,0,0,0,1,0,0,0,0,-1,0,,,,,,,,,,,,,,,,,,,,,,
180,2,PITCH_SWEEP,6.033333333333333,160931,4911.224365234375,1188,36.2548828125,27.58249158249158,43,1.312255859375,1145,34.942626953125,0,0.0,0x776F84F5,0,512,384,0.0,2.0,1.5,0,0x04,0,0,0,1,0,0,0,0,-1,0,,,,,,,,,,,,,,,,,,,,,,
181,2,PITCH_SWEEP,6.066666666666666,162091,4946.624755859375,1160,35.400390625,28.248275862068965,44,1.3427734375,1116,34.0576171875,0,0.0,0x9C5D3DAB,0,512,384,0.0,2.0,1.5,0,0x04,0,0,0,1,0,0,0,0,-1,0,,,,,,,,,,,,,,,,,,,,,,
182,2,PITCH_SWEEP,6.1,163198,4980.40771484375,1107,33.782958984375,29.600722673893404,44,1.3427734375,1063,32.440185546875,0,0.0,0xF3A6ABD1,0,512,384,0.0,2.0,1.5,0,0x04,0,0,0,1,0,0,0,0,-1,0,,,,,,,,,,,,,,,,,,,,,,
183,2,PITCH_SWEEP,6.133333333333334,164291,5013.763427734375,1093,33.355712890625,29.979871912168345,43,1.312255859375,1050,32.04345703125,0,0.0,0x979B296F,0,512,384,0.0,2.0,1.5,0,0x04,0,0,0,1,0,0,0,0,-1,0,,,,,,,,,,,,,,,,,,,,,,
184,2,PITCH_SWEEP,6.166666666666667,165357,5046.295166015625,1066,32.53173828125,30.73921200750469,43,1.312255859375,1022,31.18896484375,1,0.030517578125,0x0CFC7757,0,512,384,0.0,2.0,1.5,0,0x04,0,0,0,1,0,0,0,0,-1,0,,,,,,,,,,,,,,,,,,,,,,
185,2,PITCH_SWEEP,6.2,166411,5078.460693359375,1054,32.16552734375,31.089184060721063,43,1.312255859375,1011,30.853271484375,0,0.0,0x917C6B41,0,512,384,0.0,2.0,1.5,0,0x04,0,0,0,1,0,0,0,0,-1,0,,,,,,,,,,,,,,,,,,,,,,
186,2,PITCH_SWEEP,6.233333333333333,167454,5110.29052734375,1043,31.829833984375,31.417066155321187,44,1.3427734375,998,30.45654296875,1,0.030517578125,0x556C25D5,0,512,384,0.0,2.0,1.5,0,0x04,0,0,0,1,0,0,0,0,-1,0,,,,,,,,,,,,,,,,,,,,,,
187,2,PITCH_SWEEP,6.266666666666667,168485,5141.754150390625,1031,31.463623046875,31.782735208535403,43,1.312255859375,988,30.1513671875,0,0.0,0x1E07FA07,0,512,384,0.0,2.0,1.5,0,0x04,0,0,0,1,0,0,0,0,-1,0,,,,,,,,,,,,,,,,,,,,,,
188,2,PITCH_SWEEP,6.3,169290,5166.32080078125,805,24.566650390625,40.7055900621118,44,1.3427734375,760,23.193359375,1,0.030517578125,0x9BACD179,0,512,384,0.0,2.0,1.5,0,0x04,0,0,0,1,0,0,0,0,-1,0,,,,,,,,,,,,,,,,,,,,,,
189,2,PITCH_SWEEP,6.333333333333333,170083,5190.521240234375,793,24.200439453125,41.32156368221942,44,1.3427734375,749,22.857666015625,0,0.0,0x41E71BC3,0,512,384,0.0,2.0,1.5,0,0x04,0,0,0,1,0,0,0,0,-1,0,,,,,,,,,,,,,,,,,,,,,,
190,2,PITCH_SWEEP,6.366666666666666,170790,5212.09716796875,707,21.575927734375,46.34794908062235,44,1.3427734375,662,20.20263671875,1,0.030517578125,0xACF00F3D,0,512,384,0.0,2.0,1.5,0,0x04,0,0,0,1,0,0,0,0,-1,0,,,,,,,,,,,,,,,,,,,,,,
191,2,PITCH_SWEEP,6.4,171461,5232.574462890625,671,20.477294921875,48.83457526080477,44,1.3427734375,626,19.10400390625,1,0.030517578125,0x32DB7BBD,0,512,384,0.0,2.0,1.5,0,0x04,0,0,0,1,0,0,0,0,-1,0,,,,,,,,,,,,,,,,,,,,,,
192,2,PITCH_SWEEP,6.433333333333334,172085,5251.617431640625,624,19.04296875,52.51282051282051,44,1.3427734375,579,17.669677734375,1,0.030517578125,0xB63D0AED,0,512,384,0.0,2.0,1.5,0,0x04,0,0,0,1,0,0,0,0,-1,0,,,,,,,,,,,,,,,,,,,,,,
193,2,PITCH_SWEEP,6.466666666666667,172676,5269.6533203125,591,18.035888671875,55.445008460236885,43,1.312255859375,547,16.693115234375,1,0.030517578125,0x1DBE7CEB,0,512,384,0.0,2.0,1.5,0,0x04,0,0,0,1,0,0,0,0,-1,0,,,,,,,,,,,,,,,,,,,,,,
194,2,PITCH_SWEEP,6.5,173267,5287.689208984375,591,18.035888671875,55.445008460236885,43,1.312255859375,547,16.693115234375,1,0.030517578125,0x955E2471,0,512,384,0.0,2.0,1.5,0,0x04,0,0,0,1,0,0,0,0,-1,0,,,,,,,,,,,,,,,,,,,,,,
195,2,PITCH_SWEEP,6.533333333333333,173872,5306.15234375,605,18.463134765625,54.16198347107438,44,1.3427734375,561,17.120361328125,0,0.0,0x6151133D,0,512,384,0.0,2.0,1.5,0,0x04,0,0,0,1,0,0,0,0,-1,0,,,,,,,,,,,,,,,,,,,,,,
196,2,PITCH_SWEEP,6.566666666666666,174477,5324.615478515625,605,18.463134765625,54.16198347107438,44,1.3427734375,561,17.120361328125,0,0.0,0x900FB321,0,512,384,0.0,2.0,1.5,0,0x04,0,0,0,1,0,0,0,0,-1,0,,,,,,,,,,,,,,,,,,,,,,
197,2,PITCH_SWEEP,6.6,174971,5339.691162109375,494,15.07568359375,66.33198380566802,44,1.3427734375,449,13.702392578125,1,0.030517578125,0xC01F6EEB,0,512,384,0.0,2.0,1.5,0,0x04,0,0,0,1,0,0,0,0,-1,0,,,,,,,,,,,,,,,,,,,,,,
198,2,PITCH_SWEEP,6.633333333333334,175464,5354.736328125,493,15.045166015625,66.46653144016227,43,1.312255859375,450,13.73291015625,0,0.0,0x984FEC5B,0,512,384,0.0,2.0,1.5,0,0x04,0,0,0,1,0,0,0,0,-1,0,,,,,,,,,,,,,,,,,,,,,,
199,2,PITCH_SWEEP,6.666666666666667,175944,5369.384765625,480,14.6484375,68.26666666666667,44,1.3427734375,436,13.3056640625,0,0.0,0x0C713E95,0,512,384,0.0,2.0,1.5,0,0x04,0,0,0,1,0,0,0,0,-1,0,,,,,,,,,,,,,,,,,,,,,,
200,2,PITCH_SWEEP,6.7,176437,5384.429931640625,493,15.045166015625,66.46653144016227,43,1.312255859375,450,13.73291015625,0,0.0,0x984FEC5B,0,512,384,0.0,2.0,1.5,0,0x04,0,0,0,1,0,0,0,0,1,0,,,,,,,,,,,,,,,,,,,,,,
201,2,PITCH_SWEEP,6.733333333333333,176931,5399.505615234375,494,15.07568359375,66.33198380566802,44,1.3427734375,449,13.702392578125,1,0.030517578125,0xC01F6EEB,0,512,384,0.0,2.0,1.5,0,0x04,0,0,0,1,0,0,0,0,1,0,,,,,,,,,,,,,,,,,,,,,,
202,2,PITCH_SWEEP,6.766666666666667,177536,5417.96875,605,18.463134765625,54.16198347107438,43,1.312255859375,561,17.120361328125,1,0.030517578125,0x900FB321,0,512,384,0.0,2.0,1.5,0,0x04,0,0,0,1,0,0,0,0,1,0,,,,,,,,,,,,,,,,,,,,,,
203,2,PITCH_SWEEP,6.8,178141,5436.431884765625,605,18.463134765625,54.16198347107438,43,1.312255859375,561,17.120361328125,1,0.030517578125,0x6151133D,0,512,384,0.0,2.0,1.5,0,0x04,0,0,0,1,0,0,0,0,1,0,,,,,,,,,,,,,,,,,,,,,,
204,2,PITCH_SWEEP,6.833333333333333,178732,5454.4677734375,591,18.035888671875,55.445008460236885,43,1.312255859375,547,16.693115234375,1,0.030517578125,0x955E2471,0,512,384,0.0,2.0,1.5,0,0x04,0,0,0,1,0,0,0,0,1,0,,,,,,,,,,,,,,,,,,,,,,
205,2,PITCH_SWEEP,6.866666666666666,179323,5472.503662109375,591,18.035888671875,55.445008460236885,44,1.3427734375,547,16.693115234375,0,0.0,0x1DBE7CEB,0,512,384,0.0,2.0,1.5,0,0x04,0,0,0,1,0,0,0,0,1,0,,,,,,,,,,,,,,,,,,,,,,
206,2,PITCH_SWEEP,6.9,179913,5490.509033203125,590,18.00537109375,55.538983050847456,44,1.3427734375,546,16.66259765625,0,0.0,0xB63D0AED,0,512,384,0.0,2.0,1.5,0,0x04,0,0,0,1,0,0,0,0,1,0,,,,,,,,,,,,,,,,,,,,,,
207,2,PITCH_SWEEP,6.933333333333334,180503,5508.514404296875,590,18.00537109375,55.538983050847456,43,1.312255859375,547,16.693115234375,0,0.0,0x32DB7BBD,0,512,384,0.0,2.0,1.5,0,0x04,0,0,0,1,0,0,0,0,1,0,,,,,,,,,,,,,,,,,,,,,,
208,2,PITCH_SWEEP,6.966666666666667,181128,5527.587890625,625,19.073486328125,52.4288,43,1.312255859375,581,17.730712890625,1,0.030517578125,0xACF00F3D,0,512,384,0.0,2.0,1.5,0,0x04,0,0,0,1,0,0,0,0,1,0,,,,,,,,,,,,,,,,,,,,,,
209,2,PITCH_SWEEP,7.0,181860,5549.9267578125,732,22.3388671875,44.76502732240437,44,1.3427734375,687,20.965576171875,1,0.030517578125,0x41E71BC3,0,512,384,0.0,2.0,1.5,0,0x04,0,0,0,1,0,0,0,0,1,0,,,,,,,,,,,,,,,,,,,,,,
210,2,PITCH_SWEEP,7.033333333333333,182628,5573.3642578125,768,23.4375,42.666666666666664,43,1.312255859375,724,22.0947265625,1,0.030517578125,0x9BACD179,0,512,384,0.0,2.0,1.5,0,0x04,0,0,0,1,0,0,0,0,1,0,,,,,,,,,,,,,,,,,,,,,,
211,2,PITCH_SWEEP,7.066666666666666,183636,5604.1259765625,1008,30.76171875,32.507936507936506,44,1.3427734375,964,29.4189453125,0,0.0,0x1E07FA07,0,512,384,0.0,2.0,1.5,0,0x04,0,0,0,1,0,0,0,0,1,0,,,,,,,,,,,,,,,,,,,,,,
212,2,PITCH_SWEEP,7.1,184670,5635.68115234375,1034,31.55517578125,31.690522243713733,43,1.312255859375,990,30.21240234375,1,0.030517578125,0x556C25D5,0,512,384,0.0,2.0,1.5,0,0x04,0,0,0,1,0,0,0,0,1,0,,,,,,,,,,,,,,,,,,,,,,
213,2,PITCH_SWEEP,7.133333333333334,185731,5668.060302734375,1061,32.379150390625,30.88407163053723,43,1.312255859375,1017,31.036376953125,1,0.030517578125,0x917C6B41,0,512,384,0.0,2.0,1.5,0,0x04,0,0,0,1,0,0,0,0,1,0,,,,,,,,,,,,,,,,,,,,,,
214,2,PITCH_SWEEP,7.166666666666667,186801,5700.714111328125,1070,32.65380859375,30.624299065420562,43,1.312255859375,1027,31.341552734375,0,0.0,0x0CFC7757,0,512,384,0.0,2.0,1.5,0,0x04,0,0,0,1,0,0,0,0,1,0,,,,,,,,,,,,,,,,,,,,,,
215,2,PITCH_SWEEP,7.2,187889,5733.917236328125,1088,33.203125,30.11764705882353,43,1.312255859375,1044,31.8603515625,1,0.030517578125,0x979B296F,0,512,384,0.0,2.0,1.5,0,0x04,0,0,0,1,0,0,0,0,1,0,,,,,,,,,,,,,,,,,,,,,,
216,2,PITCH_SWEEP,7.233333333333333,188985,5767.364501953125,1096,33.447265625,29.8978102189781,43,1.312255859375,1053,32.135009765625,0,0.0,0xF3A6ABD1,0,512,384,0.0,2.0,1.5,0,0x04,0,0,0,1,0,0,0,0,1,0,,,,,,,,,,,,,,,,,,,,,,
217,2,PITCH_SWEEP,7.266666666666667,190123,5802.093505859375,1138,34.72900390625,28.794376098418276,43,1.312255859375,1095,33.416748046875,0,0.0,0x9C5D3DAB,0,512,384,0.0,2.0,1.5,0,0x04,0,0,0,1,0,0,0,0,1,0,,,,,,,,,,,,,,,,,,,,,,
218,2,PITCH_SWEEP,7.3,191264,5836.9140625,1141,34.820556640625,28.718667835232253,43,1.312255859375,1098,33.50830078125,0,0.0,0x776F84F5,0,512,384,0.0,2.0,1.5,0,0x04,0,0,0,1,0,0,0,0,1,0,,,,,,,,,,,,,,,,,,,,,,
219,2,PITCH_SWEEP,7.333333333333333,192457,5873.321533203125,1193,36.407470703125,27.466890192791283,43,1.312255859375,1150,35.09521484375,0,0.0,0xDBF98667,0,512,384,0.0,2.0,1.5,0,0x04,0,0,0,1,0,0,0,0,1,0,,,,,,,,,,,,,,,,,,,,,,
220,2,PITCH_SWEEP,7.366666666666666,193664,5910.15625,1207,36.834716796875,27.148301574150786,44,1.3427734375,1162,35.46142578125,1,0.030517578125,0xC1D27A09,0,512,384,0.0,2.0,1.5,0,0x04,0,0,0,1,0,0,0,0,1,0,,,,,,,,,,,,,,,,,,,,,,
221,2,PITCH_SWEEP,7.4,194901,5947.906494140625,1237,37.750244140625,26.489894907033143,44,1.3427734375,1193,36.407470703125,0,0.0,0x390641B9,0,512,384,0.0,2.0,1.5,0,0x04,0,0,0,1,0,0,0,0,1,0,,,,,,,,,,,,,,,,,,,,,,
222,2,PITCH_SWEEP,7.433333333333334,196151,5986.053466796875,1250,38.14697265625,26.2144,43,1.312255859375,1207,36.834716796875,0,0.0,0x70322F27,0,512,384,0.0,2.0,1.5,0,0x04,0,0,0,1,0,0,0,0,1,0,,,,,,,,,,,,,,,,,,,,,,
223,2,PITCH_SWEEP,7.466666666666667,197445,6025.543212890625,1294,39.48974609375,25.323029366306027,43,1.312255859375,1251,38.177490234375,0,0.0,0x9E5629C9,0,512,384,0.0,2.0,1.5,0,0x0C,0,0,0,1,1,0,0,0,1,0,,,,,,,,,,,,,,,,,,,,,,
224,3,PORTAL_FAR,7.5,198662,6062.68310546875,1217,37.139892578125,26.925225965488906,36,1.0986328125,1180,36.0107421875,1,0.030517578125,0x8A2F81AC,0,533,384,0.0,2.08203125,1.5,0,0x04,0,0,0,1,0,0,1,0,0,0,,,,,,,,,,,,,,,,,,,,,,
225,3,PORTAL_FAR,7.533333333333333,199785,6096.954345703125,1123,34.271240234375,29.178984861976847,35,1.068115234375,1087,33.172607421875,1,0.030517578125,0xE25D7961,0,554,384,0.0,2.1640625,1.5,0,0x04,0,0,0,1,0,0,1,0,0,0,,,,,,,,,,,,,,,,,,,,,,
226,3,PORTAL_FAR,7.566666666666666,200934,6132.01904296875,1149,35.064697265625,28.51871192341166,36,1.0986328125,1112,33.935546875,1,0.030517578125,0x21F6AB56,0,575,384,0.0,2.24609375,1.5,0,0x04,0,0,0,1,0,0,1,0,0,0,,,,,,,,,,,,,,,,,,,,,,
227,3,PORTAL_FAR,7.6,201984,6164.0625,1050,32.04345703125,31.207619047619048,36,1.0986328125,1014,30.94482421875,0,0.0,0xDF40AB83,0,596,384,0.0,2.328125,1.5,0,0x04,0,0,0,1,0,0,1,0,0,0,,,,,,,,,,,,,,,,,,,,,,
228,3,PORTAL_FAR,7.633333333333334,203111,6198.455810546875,1127,34.393310546875,29.075421472937002,36,1.0986328125,1091,33.294677734375,0,0.0,0xC8B687A0,0,617,384,0.0,2.41015625,1.5,0,0x04,0,0,0,1,0,0,1,0,0,0,,,,,,,,,,,,,,,,,,,,,,
229,3,PORTAL_FAR,7.666666666666667,204239,6232.879638671875,1128,34.423828125,29.04964539007092,36,1.0986328125,1092,33.3251953125,0,0.0,0x21711EA5,0,638,384,0.0,2.4921875,1.5,0,0x04,0,0,0,1,0,0,1,0,0,0,,,,,,,,,,,,,,,,,,,,,,
230,3,PORTAL_FAR,7.7,205423,6269.012451171875,1184,36.1328125,27.675675675675677,36,1.0986328125,1148,35.0341796875,0,0.0,0xEF2709EA,0,659,384,0.0,2.57421875,1.5,0,0x04,0,0,0,1,0,0,1,0,0,0,,,,,,,,,,,,,,,,,,,,,,
231,3,PORTAL_FAR,7.733333333333333,206646,6306.33544921875,1223,37.322998046875,26.793131643499592,36,1.0986328125,1187,36.224365234375,0,0.0,0xA681AE77,0,680,384,0.0,2.65625,1.5,0,0x04,0,0,0,1,0,0,1,0,0,0,,,,,,,,,,,,,,,,,,,,,,
232,3,PORTAL_FAR,7.766666666666667,207875,6343.841552734375,1229,37.506103515625,26.66232709519935,36,1.0986328125,1193,36.407470703125,0,0.0,0xC1415BE4,0,701,384,0.0,2.73828125,1.5,0,0x04,0,0,0,1,0,0,1,0,0,0,,,,,,,,,,,,,,,,,,,,,,
233,3,PORTAL_FAR,7.8,208918,6375.67138671875,1043,31.829833984375,31.417066155321187,36,1.0986328125,1006,30.70068359375,1,0.030517578125,0x15562539,0,722,384,0.0,2.8203125,1.5,0,0x04,0,0,0,1,0,0,1,0,0,0,,,,,,,,,,,,,,,,,,,,,,
234,3,PORTAL_FAR,7.833333333333333,210071,6410.858154296875,1153,35.186767578125,28.419774501300953,35,1.068115234375,1118,34.11865234375,0,0.0,0x2E3AAF2E,0,743,384,0.0,2.90234375,1.5,0,0x04,0,0,0,1,0,0,1,0,0,0,,,,,,,,,,,,,,,,,,,,,,
235,3,PORTAL_FAR,7.866666666666666,211240,6446.533203125,1169,35.675048828125,28.030795551753634,36,1.0986328125,1133,34.576416015625,0,0.0,0x6A11B2BB,0,764,384,0.0,2.984375,1.5,0,0x04,0,0,0,1,0,0,1,0,0,0,,,,,,,,,,,,,,,,,,,,,,
236,3,PORTAL_FAR,7.9,212308,6479.1259765625,1068,32.5927734375,30.681647940074907,36,1.0986328125,1032,31.494140625,0,0.0,0x98AF8E0D,0,785,384,0.0,3.06640625,1.5,0,0x04,0,0,0,1,0,0,1,0,0,0,,,,,,,,,,,,,,,,,,,,,,
237,3,PORTAL_FAR,7.933333333333334,213465,6514.434814453125,1157,35.308837890625,28.32152117545376,35,1.068115234375,1122,34.24072265625,0,0.0,0x3C798CE8,0,806,384,0.0,3.1484375,1.5,0,0x04,0,0,0,1,0,0,1,0,0,0,,,,,,,,,,,,,,,,,,,,,,
238,3,PORTAL_FAR,7.966666666666667,214760,6553.955078125,1295,39.520263671875,25.303474903474903,36,1.0986328125,1258,38.39111328125,1,0.030517578125,0xE5941D8F,0,827,384,0.0,3.23046875,1.5,0,0x04,0,0,0,1,0,0,1,0,0,0,,,,,,,,,,,,,,,,,,,,,,
239,3,PORTAL_FAR,8.0,215958,6590.51513671875,1198,36.56005859375,27.352253756260435,35,1.068115234375,1163,35.491943359375,0,0.0,0xB6B9C662,0,848,384,0.0,3.3125,1.5,0,0x04,0,0,0,1,0,0,1,0,0,0,,,,,,,,,,,,,,,,,,,,,,
240,3,PORTAL_FAR,8.033333333333333,217161,6627.227783203125,1203,36.712646484375,27.238570241064007,35,1.068115234375,1167,35.614013671875,1,0.030517578125,0xD8E4F351,0,869,384,0.0,3.39453125,1.5,0,0x04,0,0,0,1,0,0,1,0,0,0,,,,,,,,,,,,,,,,,,,,,,
241,3,PORTAL_FAR,8.066666666666666,218353,6663.604736328125,1192,36.376953125,27.48993288590604,35,1.068115234375,1157,35.308837890625,0,0.0,0x6E5527DC,0,890,384,0.0,3.4765625,1.5,0,0x04,0,0,0,1,0,0,1,0,0,0,,,,,,,,,,,,,,,,,,,,,,
242,3,PORTAL_FAR,8.1,219626,6702.45361328125,1273,38.848876953125,25.74076983503535,36,1.0986328125,1237,37.750244140625,0,0.0,0x41C83353,0,911,384,0.0,3.55859375,1.5,0,0x04,0,0,0,1,0,0,1,0,0,0,,,,,,,,,,,,,,,,,,,,,,
243,3,PORTAL_FAR,8.133333333333333,220921,6741.973876953125,1295,39.520263671875,25.303474903474903,35,1.068115234375,1259,38.421630859375,1,0.030517578125,0xF40E8226,0,932,384,0.0,3.640625,1.5,0,0x04,0,0,0,1,0,0,1,0,0,0,,,,,,,,,,,,,,,,,,,,,,
244,3,PORTAL_FAR,8.166666666666666,222269,6783.111572265625,1348,41.1376953125,24.30860534124629,36,1.0986328125,1311,40.008544921875,1,0.030517578125,0x48B41C45,0,953,384,0.0,3.72265625,1.5,0,0x04,0,0,0,1,0,0,1,0,0,0,,,,,,,,,,,,,,,,,,,,,,
245,3,PORTAL_FAR,8.2,223598,6823.66943359375,1329,40.557861328125,24.656132430398795,35,1.068115234375,1293,39.459228515625,1,0.030517578125,0xD734A8A0,0,974,384,0.0,3.8046875,1.5,0,0x04,0,0,0,1,0,0,1,0,0,0,,,,,,,,,,,,,,,,,,,,,,
246,3,PORTAL_FAR,8.233333333333333,224694,6857.11669921875,1096,33.447265625,29.8978102189781,36,1.0986328125,1059,32.318115234375,1,0.030517578125,0xCA13AD67,0,995,384,0.0,3.88671875,1.5,0,0x04,0,0,0,1,0,0,1,0,0,0,,,,,,,,,,,,,,,,,,,,,,
247,3,PORTAL_FAR,8.266666666666667,225909,6894.195556640625,1215,37.078857421875,26.96954732510288,36,1.0986328125,1179,35.980224609375,0,0.0,0x67B1739A,0,1016,384,0.0,3.96875,1.5,0,0x04,0,0,0,1,0,0,1,0,0,0,,,,,,,,,,,,,,,,,,,,,,
248,3,PORTAL_FAR,8.3,227116,6931.0302734375,1207,36.834716796875,27.148301574150786,36,1.0986328125,1170,35.70556640625,1,0.030517578125,0xA1481F06,0,1037,384,0.0,4.05078125,1.5,0,0x04,0,0,0,1,0,0,1,0,0,0,,,,,,,,,,,,,,,,,,,,,,
249,3,PORTAL_FAR,8.333333333333334,228341,6968.414306640625,1225,37.384033203125,26.749387755102042,36,1.0986328125,1189,36.285400390625,0,0.0,0xEFFF61B3,0,1058,384,0.0,4.1328125,1.5,0,0x04,0,0,0,1,0,0,1,0,0,0,,,,,,,,,,,,,,,,,,,,,,
250,3,PORTAL_FAR,8.366666666666667,229699,7009.857177734375,1358,41.44287109375,24.12960235640648,36,1.0986328125,1322,40.34423828125,0,0.0,0x0292F82C,0,1079,384,0.0,4.21484375,1.5,0,0x04,0,0,0,1,0,0,1,0,0,0,,,,,,,,,,,,,,,,,,,,,,
251,3,PORTAL_FAR,8.4,231009,7049.835205078125,1310,39.97802734375,25.013740458015267,36,1.0986328125,1273,38.848876953125,1,0.030517578125,0x0E050D61,0,1100,384,0.0,4.296875,1.5,0,0x04,0,0,0,1,0,0,1,0,0,0,,,,,,,,,,,,,,,,,,,,,,
252,3,PORTAL_FAR,8.433333333333334,232316,7089.7216796875,1307,39.886474609375,25.07115531752104,35,1.068115234375,1271,38.787841796875,1,0.030517578125,0x42376622,0,1121,384,0.0,4.37890625,1.5,0,0x04,0,0,0,1,0,0,1,0,0,0,,,,,,,,,,,,,,,,,,,,,,
253,3,PORTAL_FAR,8.466666666666667,233526,7126.64794921875,1210,36.92626953125,27.08099173553719,36,1.0986328125,1174,35.82763671875,0,0.0,0xD22FBA7F,0,1142,384,0.0,4.4609375,1.5,0,0x04,0,0,0,1,0,0,1,0,0,0,,,,,,,,,,,,,,,,,,,,,,
254,3,PORTAL_FAR,8.5,234726,7163.26904296875,1200,36.62109375,27.30666666666667,36,1.0986328125,1164,35.5224609375,0,0.0,0x7259FE18,0,1163,384,0.0,4.54296875,1.5,0,0x06,1,1,0,1,0,0,1,0,0,0,35.491943359375,0.0,0.213623046875,8.11767578125,8.11767578125,1.434326171875,7.26318359375,2.50244140625,0.0,7.232666015625,0.6103515625,0,0,0,0,0,0,0,0,0,0,0
255,3,PORTAL_FAR,8.533333333333333,236107,7205.413818359375,1381,42.144775390625,23.72773352643012,35,1.068115234375,1345,41.046142578125,1,0.030517578125,0xCE60C26D,0,1184,384,0.0,4.625,1.5,0,0x04,0,0,0,1,0,0,1,0,0,0,,,,,,,,,,,,,,,,,,,,,,
256,3,PORTAL_FAR,8.566666666666666,237470,7247.00927734375,1363,41.595458984375,24.041085840058695,35,1.068115234375,1328,40.52734375,0,0.0,0xA69ACC5E,0,1205,384,0.0,4.70703125,1.5,0,0x04,0,0,0,1,0,0,1,0,0,0,,,,,,,,,,,,,,,,,,,,,,
257,3,PORTAL_FAR,8.6,238601,7281.524658203125,1131,34.515380859375,28.97259062776304,36,1.0986328125,1095,33.416748046875,0,0.0,0xEA84E66B,0,1226,384,0.0,4.7890625,1.5,0,0x04,0,0,0,1,0,0,1,0,0,0,,,,,,,,,,,,,,,,,,,,,,
258,3,PORTAL_FAR,8.633333333333333,239606,7312.19482421875,1005,30.670166015625,32.60497512437811,36,1.0986328125,969,29.571533203125,0,0.0,0xECE8EFE4,0,1247,384,0.0,4.87109375,1.5,0,0x04,0,0,0,1,0,0,1,0,0,0,,,,,,,,,,,,,,,,,,,,,,
259,3,PORTAL_FAR,8.666666666666666,240708,7345.8251953125,1102,33.63037109375,29.73502722323049,36,1.0986328125,1066,32.53173828125,0,0.0,0x96B259B9,0,1268,384,0.0,4.953125,1.5,0,0x04,0,0,0,1,0,0,1,0,0,0,,,,,,,,,,,,,,,,,,,,,,
260,3,PORTAL_FAR,8.7,241809,7379.425048828125,1101,33.599853515625,29.76203451407811,35,1.068115234375,1066,32.53173828125,0,0.0,0xAD36C447,0,1289,384,0.0,5.03515625,1.5,0,0x04,0,0,0,1,0,0,1,0,0,0,,,,,,,,,,,,,,,,,,,,,,
261,3,PORTAL_FAR,8.733333333333333,242830,7410.58349609375,1021,31.158447265625,32.09402546523017,36,1.0986328125,984,30.029296875,1,0.030517578125,0x3B78C54A,0,1310,384,0.0,5.1171875,1.5,0,0x04,0,0,0,1,0,0,1,0,0,0,,,,,,,,,,,,,,,,,,,,,,
262,3,PORTAL_FAR,8.766666666666667,243838,7441.34521484375,1008,30.76171875,32.507936507936506,35,1.068115234375,973,29.693603515625,0,0.0,0xF990F785,0,1331,384,0.0,5.19921875,1.5,0,0x04,0,0,0,1,0,0,1,0,0,0,,,,,,,,,,,,,,,,,,,,,,
263,3,PORTAL_FAR,8.8,245031,7477.752685546875,1193,36.407470703125,27.466890192791283,36,1.0986328125,1156,35.2783203125,1,0.030517578125,0xB7CC6310,0,1352,384,0.0,5.28125,1.5,0,0x04,0,0,0,1,0,0,1,0,0,0,,,,,,,,,,,,,,,,,,,,,,
264,3,PORTAL_FAR,8.833333333333334,246241,7514.678955078125,1210,36.92626953125,27.08099173553719,35,1.068115234375,1174,35.82763671875,1,0.030517578125,0xA51AF683,0,1373,384,0.0,5.36328125,1.5,0,0x04,0,0,0,1,0,0,1,0,0,0,,,,,,,,,,,,,,,,,,,,,,
265,3,PORTAL_FAR,8.866666666666667,247250,7545.47119140625,1009,30.792236328125,32.47571853320119,35,1.068115234375,974,29.72412109375,0,0.0,0x437F0B56,0,1394,384,0.0,5.4453125,1.5,0,0x04,0,0,0,1,0,0,1,0,0,0,,,,,,,,,,,,,,,,,,,,,,
266,3,PORTAL_FAR,8.9,248398,7580.50537109375,1148,35.0341796875,28.54355400696864,35,1.068115234375,1113,33.966064453125,0,0.0,0xC5DAB451,0,1415,384,0.0,5.52734375,1.5,0,0x04,0,0,0,1,0,0,1,0,0,0,,,,,,,,,,,,,,,,,,,,,,
267,3,PORTAL_FAR,8.933333333333334,249551,7615.692138671875,1153,35.186767578125,28.419774501300953,35,1.068115234375,1117,34.088134765625,1,0.030517578125,0x5B4AE8DC,0,1436,384,0.0,5.609375,1.5,0,0x04,0,0,0,1,0,0,1,0,0,0,,,,,,,,,,,,,,,,,,,,,,
268,3,PORTAL_FAR,8.966666666666667,250578,7647.03369140625,1027,31.341552734375,31.906523855890946,35,1.068115234375,991,30.242919921875,1,0.030517578125,0x521ED99F,0,1457,384,0.0,5.69140625,1.5,0,0x04,0,0,0,1,0,0,1,0,0,0,,,,,,,,,,,,,,,,,,,,,,
269,3,PORTAL_FAR,9.0,251711,7681.610107421875,1133,34.576416015625,28.92144748455428,36,1.0986328125,1097,33.477783203125,0,0.0,0x50B58722,0,1478,384,0.0,5.7734375,1.5,0,0x04,0,0,0,1,0,0,1,0,0,0,,,,,,,,,,,,,,,,,,,,,,
270,3,PORTAL_FAR,9.033333333333333,252850,7716.36962890625,1139,34.759521484375,28.769095697980685,36,1.0986328125,1103,33.660888671875,0,0.0,0x61C697BD,0,1499,384,0.0,5.85546875,1.5,0,0x04,0,0,0,1,0,0,1,0,0,0,,,,,,,,,,,,,,,,,,,,,,
271,3,PORTAL_FAR,9.066666666666666,253869,7747.467041015625,1019,31.097412109375,32.15701668302257,36,1.0986328125,982,29.96826171875,1,0.030517578125,0xB4265268,0,1520,384,0.0,5.9375,1.5,0,0x04,0,0,0,1,0,0,1,0,0,0,,,,,,,,,,,,,,,,,,,,,,
272,3,PORTAL_FAR,9.1,254989,7781.646728515625,1120,34.1796875,29.257142857142856,35,1.068115234375,1085,33.111572265625,0,0.0,0xFC700458,0,1541,384,0.0,6.01953125,1.5,0,0x04,0,0,0,1,0,0,1,0,0,0,,,,,,,,,,,,,,,,,,,,,,
273,3,PORTAL_FAR,9.133333333333333,256120,7816.162109375,1131,34.515380859375,28.97259062776304,36,1.0986328125,1095,33.416748046875,0,0.0,0x5E89D90D,0,1562,384,0.0,6.1015625,1.5,0,0x04,0,0,0,1,0,0,1,0,0,0,,,,,,,,,,,,,,,,,,,,,,
274,3,PORTAL_FAR,9.166666666666666,257281,7851.593017578125,1161,35.430908203125,28.223944875107666,36,1.0986328125,1124,34.3017578125,1,0.030517578125,0x6BEE3C0A,0,1583,384,0.0,6.18359375,1.5,0,0x04,0,0,0,1,0,0,1,0,0,0,,,,,,,,,,,,,,,,,,,,,,
275,3,PORTAL_FAR,9.2,258452,7887.3291015625,1171,35.736083984375,27.982920580700256,35,1.068115234375,1136,34.66796875,0,0.0,0xEAA784B7,0,1604,384,0.0,6.265625,1.5,0,0x04,0,0,0,1,0,0,1,0,0,0,,,,,,,,,,,,,,,,,,,,,,
276,3,PORTAL_FAR,9.233333333333333,259603,7922.454833984375,1151,35.125732421875,28.46915725456125,36,1.0986328125,1115,34.027099609375,0,0.0,0xCD80AA54,0,1625,384,0.0,6.34765625,1.5,0,0x04,0,0,0,1,0,0,1,0,0,0,,,,,,,,,,,,,,,,,,,,,,
277,3,PORTAL_FAR,9.266666666666667,260747,7957.366943359375,1144,34.912109375,28.643356643356643,36,1.0986328125,1108,33.8134765625,0,0.0,0x49B2EFD9,0,1646,384,0.0,6.4296875,1.5,0,0x04,0,0,0,1,0,0,1,0,0,0,,,,,,,,,,,,,,,,,,,,,,
278,3,PORTAL_FAR,9.3,261911,7992.889404296875,1164,35.5224609375,28.151202749140893,36,1.0986328125,1128,34.423828125,0,0.0,0xC0B06496,0,1667,384,0.0,6.51171875,1.5,0,0x04,0,0,0,1,0,0,1,0,0,0,,,,,,,,,,,,,,,,,,,,,,
279,3,PORTAL_FAR,9.333333333333334,263092,8028.9306640625,1181,36.041259765625,27.745977984758678,36,1.0986328125,1144,34.912109375,1,0.030517578125,0xA72A6D23,0,1688,384,0.0,6.59375,1.5,0,0x0C,0,0,0,1,1,0,1,0,0,0,,,,,,,,,,,,,,,,,,,,,,
280,4,PORTAL_NEAR,9.366666666666667,264252,8064.3310546875,1160,35.400390625,28.248275862068965,36,1.0986328125,1123,34.271240234375,1,0.030517578125,0x62A14290,0,1709,384,0.0,6.67578125,1.5,0,0x04,0,0,0,1,0,0,1,0,0,0,,,,,,,,,,,,,,,,,,,,,,
281,4,PORTAL_NEAR,9.4,265401,8099.395751953125,1149,35.064697265625,28.51871192341166,35,1.068115234375,1114,33.99658203125,0,0.0,0xB6B60BE5,0,1730,384,0.0,6.7578125,1.5,0,0x04,0,0,0,1,0,0,1,0,0,0,,,,,,,,,,,,,,,,,,,,,,
282,4,PORTAL_NEAR,9.433333333333334,266770,8141.17431640625,1369,41.778564453125,23.93571950328707,35,1.068115234375,1334,40.71044921875,0,0.0,0x645005E2,0,1751,384,0.0,6.83984375,1.5,0,0x04,0,0,0,1,0,0,1,0,0,0,,,,,,,,,,,,,,,,,,,,,,
283,4,PORTAL_NEAR,9.466666666666667,268176,8184.08203125,1406,42.90771484375,23.305832147937412,36,1.0986328125,1370,41.80908203125,0,0.0,0x00039F6F,0,1772,384,0.0,6.921875,1.5,0,0x04,0,0,0,1,0,0,1,0,0,0,,,,,,,,,,,,,,,,,,,,,,
284,4,PORTAL_NEAR,9.5,269378,8220.76416015625,1202,36.68212890625,27.261231281198004,36,1.0986328125,1166,35.58349609375,0,0.0,0xD120EC41,0,1793,384,0.0,7.00390625,1.5,0,0x04,0,0,0,1,0,0,1,0,0,0,,,,,,,,,,,,,,,,,,,,,,
285,4,PORTAL_NEAR,9.533333333333333,270660,8259.8876953125,1282,39.12353515625,25.5600624024961,36,1.0986328125,1246,38.02490234375,0,0.0,0x73C92B1C,0,1814,384,0.0,7.0859375,1.5,0,0x04,0,0,0,1,0,0,1,0,0,0,,,,,,,,,,,,,,,,,,,,,,
286,4,PORTAL_NEAR,9.566666666666666,271971,8299.896240234375,1311,40.008544921875,24.994660564454616,36,1.0986328125,1275,38.909912109375,0,0.0,0x60CD5E3B,0,1835,384,0.0,7.16796875,1.5,0,0x04,0,0,0,1,0,0,1,0,0,0,,,,,,,,,,,,,,,,,,,,,,
287,4,PORTAL_NEAR,9.6,273275,8339.691162109375,1304,39.794921875,25.12883435582822,36,1.0986328125,1267,38.665771484375,1,0.030517578125,0x32E6260E,0,1856,384,0.0,7.25,1.5,0,0x04,0,0,0,1,0,0,1,0,0,0,,,,,,,,,,,,,,,,,,,,,,
288,4,PORTAL_NEAR,9.633333333333333,274626,8380.92041015625,1351,41.229248046875,24.25462620281273,36,1.0986328125,1315,40.130615234375,0,0.0,0xCFA1D4FD,0,1877,384,0.0,7.33203125,1.5,0,0x04,0,0,0,1,0,0,1,0,0,0,,,,,,,,,,,,,,,,,,,,,,
289,4,PORTAL_NEAR,9.666666666666666,275967,8421.844482421875,1341,40.924072265625,24.435495898583145,36,1.0986328125,1304,39.794921875,1,0.030517578125,0x6726E888,0,1898,384,0.0,7.4140625,1.5,0,0x04,0,0,0,1,0,0,1,0,0,0,,,,,,,,,,,,,,,,,,,,,,
290,4,PORTAL_NEAR,9.7,277737,8475.860595703125,1770,54.01611328125,18.512994350282487,35,1.068115234375,1734,52.91748046875,1,0.030517578125,0x20263787,0,1919,384,0.0,7.49609375,1.5,0,0x04,0,0,0,1,0,0,1,0,0,0,,,,,,,,,,,,,,,,,,,,,,
291,4,PORTAL_NEAR,9.733333333333333,279491,8529.388427734375,1754,53.52783203125,18.68187001140251,36,1.0986328125,1717,52.398681640625,1,0.030517578125,0x5AE10ADA,0,1940,384,0.0,7.578125,1.5,0,0x04,0,0,0,1,0,0,1,0,0,0,,,,,,,,,,,,,,,,,,,,,,
292,4,PORTAL_NEAR,9.766666666666667,281357,8586.334228515625,1866,56.94580078125,17.560557341907824,35,1.068115234375,1830,55.84716796875,1,0.030517578125,0x5A29A9F9,0,1961,384,0.0,7.66015625,1.5,0,0x04,0,0,0,1,0,0,1,0,0,0,,,,,,,,,,,,,,,,,,,,,,
293,4,PORTAL_NEAR,9.8,283198,8642.51708984375,1841,56.182861328125,17.79902227050516,36,1.0986328125,1804,55.0537109375,1,0.030517578125,0x814E47D4,0,1982,384,0.0,7.7421875,1.5,0,0x04,0,0,0,1,0,0,1,0,0,0,,,,,,,,,,,,,,,,,,,,,,
294,4,PORTAL_NEAR,9.833333333333334,284971,8696.624755859375,1773,54.107666015625,18.48166948674563,35,1.068115234375,1738,53.03955078125,0,0.0,0x18426913,0,2003,384,0.0,7.82421875,1.5,0,0x04,0,0,0,1,0,0,1,0,0,0,,,,,,,,,,,,,,,,,,,,,,
295,4,PORTAL_NEAR,9.866666666666667,286829,8753.326416015625,1858,56.70166015625,17.636167922497307,36,1.0986328125,1821,55.572509765625,1,0.030517578125,0x5E6E5546,0,2024,384,0.0,7.90625,1.5,0,0x04,0,0,0,1,0,0,1,0,0,0,,,,,,,,,,,,,,,,,,,,,,
296,4,PORTAL_NEAR,9.9,288705,8810.577392578125,1876,57.2509765625,17.466950959488273,36,1.0986328125,1840,56.15234375,0,0.0,0x80998235,0,2045,384,0.0,7.98828125,1.5,0,0x04,0,0,0,1,0,0,1,0,0,0,,,,,,,,,,,,,,,,,,,,,,
297,4,PORTAL_NEAR,9.933333333333334,290480,8864.74609375,1775,54.168701171875,18.460845070422536,35,1.068115234375,1740,53.1005859375,0,0.0,0xB9B1BE5F,0,2066,384,0.0,8.0703125,1.5,0,0x04,0,0,0,1,0,0,1,0,0,0,,,,,,,,,,,,,,,,,,,,,,
298,4,PORTAL_NEAR,9.966666666666667,292313,8920.684814453125,1833,55.938720703125,17.876704855428258,35,1.068115234375,1798,54.87060546875,0,0.0,0x2AD4C960,0,2087,384,0.0,8.15234375,1.5,0,0x04,0,0,0,1,0,0,1,0,0,0,,,,,,,,,,,,,,,,,,,,,,
299,4,PORTAL_NEAR,10.0,294109,8975.494384765625,1796,54.8095703125,18.244988864142538,36,1.0986328125,1760,53.7109375,0,0.0,0xBFF5AA95,0,2108,384,0.0,8.234375,1.5,0,0x04,0,0,0,1,0,0,1,0,0,0,,,,,,,,,,,,,,,,,,,,,,
300,4,PORTAL_NEAR,10.033333333333333,295832,9028.076171875,1723,52.581787109375,19.01799187463726,36,1.0986328125,1686,51.45263671875,1,0.030517578125,0x4D9E3F56,0,2129,384,0.0,8.31640625,1.5,0,0x04,0,0,0,1,0,0,1,0,0,0,,,,,,,,,,,,,,,,,,,,,,
301,4,PORTAL_NEAR,10.066666666666666,297669,9084.136962890625,1837,56.060791015625,17.837778987479588,35,1.068115234375,1802,54.99267578125,0,0.0,0xBABF1433,0,2150,384,0.0,8.3984375,1.5,0,0x04,0,0,0,1,0,0,1,0,0,0,,,,,,,,,,,,,,,,,,,,,,
302,4,PORTAL_NEAR,10.1,299489,9139.678955078125,1820,55.5419921875,18.004395604395604,35,1.068115234375,1784,54.443359375,1,0.030517578125,0x9E77BAD4,0,2171,384,0.0,8.48046875,1.5,0,0x04,0,0,0,1,0,0,1,0,0,0,,,,,,,,,,,,,,,,,,,,,,
303,4,PORTAL_NEAR,10.133333333333333,301318,9195.49560546875,1829,55.816650390625,17.91580098414434,36,1.0986328125,1792,54.6875,1,0.030517578125,0xBBB1AF29,0,2192,384,0.0,8.5625,1.5,0,0x04,0,0,0,1,0,0,1,0,0,0,,,,,,,,,,,,,,,,,,,,,,
304,4,PORTAL_NEAR,10.166666666666666,303215,9253.387451171875,1897,57.891845703125,17.27358987875593,35,1.068115234375,1862,56.82373046875,0,0.0,0x4629139A,0,2213,384,0.0,8.64453125,1.5,0,0x04,0,0,0,1,0,0,1,0,0,0,,,,,,,,,,,,,,,,,,,,,,
305,4,PORTAL_NEAR,10.2,305122,9311.58447265625,1907,58.197021484375,17.18300996329313,36,1.0986328125,1871,57.098388671875,0,0.0,0xB2BD4927,0,2234,384,0.0,8.7265625,1.5,0,0x04,0,0,0,1,0,0,1,0,0,0,,,,,,,,,,,,,,,,,,,,,,
306,4,PORTAL_NEAR,10.233333333333333,306669,9358.795166015625,1547,47.210693359375,21.18164188752424,35,1.068115234375,1512,46.142578125,0,0.0,0x75A50988,0,2255,384,0.0,8.80859375,1.5,0,0x04,0,0,0,1,0,0,1,0,0,0,,,,,,,,,,,,,,,,,,,,,,
307,4,PORTAL_NEAR,10.266666666666667,308073,9401.641845703125,1404,42.8466796875,23.33903133903134,36,1.0986328125,1368,41.748046875,0,0.0,0x3350AD5D,0,2276,384,0.0,8.890625,1.5,0,0x04,0,0,0,1,0,0,1,0,0,0,,,,,,,,,,,,,,,,,,,,,,
308,4,PORTAL_NEAR,10.3,309639,9449.432373046875,1566,47.79052734375,20.924648786717754,36,1.0986328125,1529,46.661376953125,1,0.030517578125,0x69A6C0FE,0,2297,384,0.0,8.97265625,1.5,0,0x04,0,0,0,1,0,0,1,0,0,0,,,,,,,,,,,,,,,,,,,,,,
309,4,PORTAL_NEAR,10.333333333333334,311192,9496.826171875,1553,47.393798828125,21.099806825499034,36,1.0986328125,1517,46.295166015625,0,0.0,0x366CD1EE,0,2318,384,0.0,9.0546875,1.5,0,0x04,0,0,0,1,0,0,1,0,0,0,,,,,,,,,,,,,,,,,,,,,,
310,4,PORTAL_NEAR,10.366666666666667,312726,9543.64013671875,1534,46.81396484375,21.36114732724902,35,1.068115234375,1498,45.71533203125,1,0.030517578125,0xC3435431,0,2339,384,0.0,9.13671875,1.5,0,0x04,0,0,0,1,0,0,1,0,0,0,,,,,,,,,,,,,,,,,,,,,,
311,4,PORTAL_NEAR,10.4,314279,9591.033935546875,1553,47.393798828125,21.099806825499034,35,1.068115234375,1518,46.32568359375,0,0.0,0xCF5C623C,0,2360,384,0.0,9.21875,1.5,0,0x04,0,0,0,1,0,0,1,0,0,0,,,,,,,,,,,,,,,,,,,,,,
312,4,PORTAL_NEAR,10.433333333333334,315842,9638.73291015625,1563,47.698974609375,20.964811260396672,35,1.068115234375,1528,46.630859375,0,0.0,0xF349B22F,0,2381,384,0.0,9.30078125,1.5,0,0x06,1,1,0,1,0,0,1,0,0,0,46.56982421875,0.030517578125,6.7138671875,0.0,0.0,0.0,28.4423828125,0.8544921875,0.0,9.94873046875,0.579833984375,0,0,0,0,0,0,0,0,0,0,0
313,4,PORTAL_NEAR,10.466666666666667,317372,9685.4248046875,1530,46.69189453125,21.416993464052286,36,1.0986328125,1494,45.59326171875,0,0.0,0xB5BF8E02,0,2402,384,0.0,9.3828125,1.5,0,0x04,0,0,0,1,0,0,1,0,0,0,,,,,,,,,,,,,,,,,,,,,,
314,4,PORTAL_NEAR,10.5,318900,9732.0556640625,1528,46.630859375,21.445026178010473,36,1.0986328125,1491,45.501708984375,1,0.030517578125,0xC450AA05,0,2423,384,0.0,9.46484375,1.5,0,0x04,0,0,0,1,0,0,1,0,0,0,,,,,,,,,,,,,,,,,,,,,,
315,4,PORTAL_NEAR,10.533333333333333,320433,9778.839111328125,1533,46.783447265625,21.3750815394651,36,1.0986328125,1497,45.684814453125,0,0.0,0x6CC07690,0,2444,384,0.0,9.546875,1.5,0,0x0C,0,0,0,1,1,0,1,0,0,0,,,,,,,,,,,,,,,,,,,,,,
316,5,CROSS_DOWN,10.566666666666666,321874,9822.81494140625,1441,43.975830078125,22.73976405274115,36,1.0986328125,1404,42.8466796875,1,0.030517578125,0x12BF43D3,0,2465,384,0.0,9.62890625,1.5,0,0x06,1,1,0,1,0,0,1,0,0,0,42.816162109375,0.0,6.744384765625,0.0,0.0,0.0,25.787353515625,0.823974609375,0.0,8.880615234375,0.579833984375,0,0,0,0,0,0,0,0,0,0,0
317,5,CROSS_DOWN,10.6,323241,9864.532470703125,1367,41.717529296875,23.970738844184346,36,1.0986328125,1331,40.618896484375,0,0.0,0xF8731ED6,0,2486,384,0.0,9.7109375,1.5,0,0x04,0,0,0,1,0,0,1,0,0,0,,,,,,,,,,,,,,,,,,,,,,
318,5,CROSS_DOWN,10.633333333333333,324700,9909.0576171875,1459,44.525146484375,22.4592186429061,324,9.8876953125,1135,34.637451171875,0,0.0,0x55DB212F,3072,1282,1189,12.0,5.0078125,4.64453125,1,0x05,0,0,1,1,0,0,1,0,0,0,,,,,,,,,,,,,,,,,,,,,,
319,5,CROSS_DOWN,10.666666666666666,325884,9945.1904296875,1184,36.1328125,27.675675675675677,40,1.220703125,1143,34.881591796875,1,0.030517578125,0x2C3FE3A2,3071,1261,1165,11.99609375,4.92578125,4.55078125,1,0x0C,0,0,0,1,1,0,1,0,0,0,,,,,,,,,,,,,,,,,,,,,,
320,6,RETURN_UP,10.7,326888,9975.830078125,1004,30.6396484375,32.63745019920319,39,1.190185546875,965,29.449462890625,0,0.0,0xE58885F5,3071,1261,1165,11.99609375,4.92578125,4.55078125,1,0x14,0,0,0,1,0,1,0,0,0,1,,,,,,,,,,,,,,,,,,,,,,
321,6,RETURN_UP,10.733333333333333,327832,10004.638671875,944,28.80859375,34.71186440677966,40,1.220703125,904,27.587890625,0,0.0,0x64268D6D,3071,1261,1165,11.99609375,4.92578125,4.55078125,1,0x10,0,0,0,0,0,1,0,0,0,0,,,,,,,,,,,,,,,,,,,,,,
322,6,RETURN_UP,10.766666666666667,328834,10035.21728515625,1002,30.57861328125,32.70259481037924,39,1.190185546875,962,29.35791015625,1,0.030517578125,0x1F13C0A3,3071,1262,1186,11.99609375,4.9296875,4.6328125,1,0x14,0,0,0,1,0,1,-1,0,0,0,,,,,,,,,,,,,,,,,,,,,,
323,6,RETURN_UP,10.8,329907,10067.962646484375,1073,32.745361328125,30.538676607642124,39,1.190185546875,1033,31.524658203125,1,0.030517578125,0x456DF621,3071,1263,1207,11.99609375,4.93359375,4.71484375,1,0x14,0,0,0,1,0,1,-1,0,0,0,,,,,,,,,,,,,,,,,,,,,,
324,6,RETURN_UP,10.833333333333334,331758,10124.45068359375,1851,56.488037109375,17.70286331712588,302,9.21630859375,1548,47.2412109375,1,0.030517578125,0xE3304181,1,2468,400,0.00390625,9.640625,1.5625,0,0x15,0,0,1,1,0,1,-1,0,0,0,,,,,,,,,,,,,,,,,,,,,,
325,6,RETURN_UP,10.866666666666667,333368,10173.583984375,1610,49.13330078125,20.3527950310559,34,1.03759765625,1576,48.095703125,0,0.0,0xF5333920,0,2447,399,0.0,9.55859375,1.55859375,0,0x14,0,0,0,1,0,1,-1,0,0,0,,,,,,,,,,,,,,,,,,,,,,
326,6,RETURN_UP,10.9,334784,10216.796875,1416,43.212890625,23.141242937853107,34,1.03759765625,1381,42.144775390625,1,0.030517578125,0x5C77CA77,-1,2426,398,-0.00390625,9.4765625,1.5546875,0,0x14,0,0,0,1,0,1,-1,0,0,0,,,,,,,,,,,,,,,,,,,,,,
327,6,RETURN_UP,10.933333333333334,336272,10262.20703125,1488,45.41015625,22.021505376344088,35,1.068115234375,1453,44.342041015625,0,0.0,0x2B5C216C,-2,2405,397,-0.0078125,9.39453125,1.55078125,0,0x14,0,0,0,1,0,1,-1,0,0,0,,,,,,,,,,,,,,,,,,,,,,
328,6,RETURN_UP,10.966666666666667,337785,10308.380126953125,1513,46.173095703125,21.657633840052874,35,1.068115234375,1477,45.074462890625,1,0.030517578125,0xF6398C29,-3,2384,396,-0.01171875,9.3125,1.546875,0,0x14,0,0,0,1,0,1,-1,0,0,0,,,,,,,,,,,,,,,,,,,,,,
329,6,RETURN_UP,11.0,339322,10355.28564453125,1537,46.905517578125,21.319453480806768,35,1.068115234375,1502,45.83740234375,0,0.0,0xA4A3A3D6,-4,2363,395,-0.015625,9.23046875,1.54296875,0,0x1E,1,1,0,1,1,1,-1,0,0,0,45.806884765625,0.0,6.77490234375,0.0,0.0,0.0,29.876708984375,0.8544921875,0.0,7.354736328125,0.946044921875,0,0,0,0,0,0,0,0,0,0,0
330,7,LOD_RETREAT,11.033333333333333,340857,10402.130126953125,1535,46.844482421875,21.347231270358307,35,1.068115234375,1499,45.745849609375,1,0.030517578125,0xF56371FB,-5,2342,394,-0.01953125,9.1484375,1.5390625,0,0x14,0,0,0,1,0,1,-1,0,0,0,,,,,,,,,,,,,,,,,,,,,,
331,7,LOD_RETREAT,11.066666666666666,342389,10448.883056640625,1532,46.7529296875,21.389033942558747,34,1.03759765625,1497,45.684814453125,1,0.030517578125,0x7882CB50,-6,2321,393,-0.0234375,9.06640625,1.53515625,0,0x14,0,0,0,1,0,1,-1,0,0,0,,,,,,,,,,,,,,,,,,,,,,
332,7,LOD_RETREAT,11.1,343957,10496.734619140625,1568,47.8515625,20.897959183673468,35,1.068115234375,1532,46.7529296875,1,0.030517578125,0x1ABD154C,-7,2300,392,-0.02734375,8.984375,1.53125,0,0x14,0,0,0,1,0,1,-1,0,0,0,,,,,,,,,,,,,,,,,,,,,,
333,7,LOD_RETREAT,11.133333333333333,345568,10545.8984375,1611,49.163818359375,20.34016139044072,35,1.068115234375,1576,48.095703125,0,0.0,0x4DB8A0AB,-8,2279,391,-0.03125,8.90234375,1.52734375,0,0x14,0,0,0,1,0,1,-1,0,0,0,,,,,,,,,,,,,,,,,,,,,,
334,7,LOD_RETREAT,11.166666666666666,347240,10596.923828125,1672,51.025390625,19.598086124401913,35,1.068115234375,1637,49.957275390625,0,0.0,0x1BD7CB8E,-9,2258,390,-0.03515625,8.8203125,1.5234375,0,0x14,0,0,0,1,0,1,-1,0,0,0,,,,,,,,,,,,,,,,,,,,,,
335,7,LOD_RETREAT,11.2,349136,10654.78515625,1896,57.861328125,17.282700421940927,34,1.03759765625,1861,56.793212890625,1,0.030517578125,0x4C778345,-10,2237,389,-0.0390625,8.73828125,1.51953125,0,0x14,0,0,0,1,0,1,-1,0,0,0,,,,,,,,,,,,,,,,,,,,,,
336,7,LOD_RETREAT,11.233333333333333,351036,10712.7685546875,1900,57.9833984375,17.246315789473684,34,1.03759765625,1866,56.94580078125,0,0.0,0x06EDCEF0,-11,2216,388,-0.04296875,8.65625,1.515625,0,0x14,0,0,0,1,0,1,-1,0,0,0,,,,,,,,,,,,,,,,,,,,,,
337,7,LOD_RETREAT,11.266666666666667,352957,10771.392822265625,1921,58.624267578125,17.057782404997397,34,1.03759765625,1887,57.586669921875,0,0.0,0xC108F23F,-12,2195,387,-0.046875,8.57421875,1.51171875,0,0x14,0,0,0,1,0,1,-1,0,0,0,,,,,,,,,,,,,,,,,,,,,,
338,7,LOD_RETREAT,11.3,354870,10829.77294921875,1913,58.380126953125,17.129116570831155,35,1.068115234375,1877,57.281494140625,1,0.030517578125,0xEB460C72,-13,2174,386,-0.05078125,8.4921875,1.5078125,0,0x16,1,1,0,1,0,1,-1,0,0,0,57.2509765625,0.030517578125,0.213623046875,9.033203125,3.35693359375,2.0751953125,31.463623046875,0.91552734375,0.0,9.185791015625,0.9765625,0,0,0,0,0,0,0,0,0,0,0
339,7,LOD_RETREAT,11.333333333333334,356829,10889.556884765625,1959,59.783935546875,16.726901480347117,34,1.03759765625,1924,58.7158203125,1,0.030517578125,0xC75B1FA9,-14,2153,385,-0.0546875,8.41015625,1.50390625,0,0x14,0,0,0,1,0,1,-1,0,0,0,,,,,,,,,,,,,,,,,,,,,,
340,7,LOD_RETREAT,11.366666666666667,358769,10948.760986328125,1940,59.2041015625,16.890721649484536,35,1.068115234375,1904,58.10546875,1,0.030517578125,0x551F57A4,-15,2132,384,-0.05859375,8.328125,1.5,0,0x14,0,0,0,1,0,1,-1,0,0,0,,,,,,,,,,,,,,,,,,,,,,
341,7,LOD_RETREAT,11.4,360637,11005.767822265625,1868,57.0068359375,17.541755888650965,34,1.03759765625,1834,55.96923828125,0,0.0,0xA2C57EE3,-16,2111,383,-0.0625,8.24609375,1.49609375,0,0x14,0,0,0,1,0,1,-1,0,0,0,,,,,,,,,,,,,,,,,,,,,,
342,7,LOD_RETREAT,11.433333333333334,362506,11062.80517578125,1869,57.037353515625,17.532370251471374,35,1.068115234375,1834,55.96923828125,0,0.0,0x5D84EBA6,-17,2090,382,-0.06640625,8.1640625,1.4921875,0,0x14,0,0,0,1,0,1,-1,0,0,0,,,,,,,,,,,,,,,,,,,,,,
343,7,LOD_RETREAT,11.466666666666667,364385,11120.147705078125,1879,57.342529296875,17.43906333155934,35,1.068115234375,1844,56.2744140625,0,0.0,0xA77A597D,-18,2069,381,-0.0703125,8.08203125,1.48828125,0,0x14,0,0,0,1,0,1,-1,0,0,0,,,,,,,,,,,,,,,,,,,,,,
344,7,LOD_RETREAT,11.5,366247,11176.971435546875,1862,56.82373046875,17.59828141783029,35,1.068115234375,1827,55.755615234375,0,0.0,0x55E94EE8,-19,2048,380,-0.07421875,8.0,1.484375,0,0x14,0,0,0,1,0,1,-1,0,0,0,,,,,,,,,,,,,,,,,,,,,,
345,7,LOD_RETREAT,11.533333333333333,368095,11233.367919921875,1848,56.396484375,17.73160173160173,35,1.068115234375,1812,55.2978515625,1,0.030517578125,0xAB3EB63C,-20,2027,379,-0.078125,7.91796875,1.48046875,0,0x14,0,0,0,1,0,1,-1,0,0,0,,,,,,,,,,,,,,,,,,,,,,
346,7,LOD_RETREAT,11.566666666666666,369962,11290.34423828125,1867,56.976318359375,17.551151580074986,34,1.03759765625,1832,55.908203125,1,0.030517578125,0x78FA7859,-21,2006,378,-0.08203125,7.8359375,1.4765625,0,0x14,0,0,0,1,0,1,-1,0,0,0,,,,,,,,,,,,,,,,,,,,,,
347,7,LOD_RETREAT,11.6,371852,11348.0224609375,1890,57.67822265625,17.33756613756614,35,1.068115234375,1855,56.610107421875,0,0.0,0xE7DBE762,-22,1985,377,-0.0859375,7.75390625,1.47265625,0,0x14,0,0,0,1,0,1,-1,0,0,0,,,,,,,,,,,,,,,,,,,,,,
348,7,LOD_RETREAT,11.633333333333333,373776,11406.73828125,1924,58.7158203125,17.031185031185032,34,1.03759765625,1890,57.67822265625,0,0.0,0x385BD137,-23,1964,376,-0.08984375,7.671875,1.46875,0,0x14,0,0,0,1,0,1,-1,0,0,0,,,,,,,,,,,,,,,,,,,,,,
349,7,LOD_RETREAT,11.666666666666666,375641,11463.653564453125,1865,56.915283203125,17.569973190348527,35,1.068115234375,1830,55.84716796875,0,0.0,0x357E8788,-24,1943,375,-0.09375,7.58984375,1.46484375,0,0x14,0,0,0,1,0,1,-1,0,0,0,,,,,,,,,,,,,,,,,,,,,,
350,7,LOD_RETREAT,11.7,377451,11518.890380859375,1810,55.23681640625,18.10386740331492,34,1.03759765625,1776,54.19921875,0,0.0,0xDF9E50B5,-25,1922,374,-0.09765625,7.5078125,1.4609375,0,0x14,0,0,0,1,0,1,-1,0,0,0,,,,,,,,,,,,,,,,,,,,,,
351,7,LOD_RETREAT,11.733333333333333,379281,11574.737548828125,1830,55.84716796875,17.90601092896175,34,1.03759765625,1796,54.8095703125,0,0.0,0xE76B625E,-26,1901,373,-0.1015625,7.42578125,1.45703125,0,0x14,0,0,0,1,0,1,-1,0,0,0,,,,,,,,,,,,,,,,,,,,,,
352,7,LOD_RETREAT,11.766666666666667,381097,11630.157470703125,1816,55.419921875,18.044052863436125,35,1.068115234375,1781,54.351806640625,0,0.0,0x95527963,-27,1880,372,-0.10546875,7.34375,1.453125,0,0x14,0,0,0,1,0,1,-1,0,0,0,,,,,,,,,,,,,,,,,,,,,,
353,7,LOD_RETREAT,11.8,382885,11684.722900390625,1788,54.5654296875,18.32662192393736,34,1.03759765625,1753,53.497314453125,1,0.030517578125,0x8E13BCD4,-28,1859,371,-0.109375,7.26171875,1.44921875,0,0x14,0,0,0,1,0,1,-1,0,0,0,,,,,,,,,,,,,,,,,,,,,,
354,7,LOD_RETREAT,11.833333333333334,384707,11740.325927734375,1822,55.60302734375,17.98463227222832,34,1.03759765625,1788,54.5654296875,0,0.0,0xD14DDB71,-29,1838,370,-0.11328125,7.1796875,1.4453125,0,0x14,0,0,0,1,0,1,-1,0,0,0,,,,,,,,,,,,,,,,,,,,,,
355,7,LOD_RETREAT,11.866666666666667,386447,11793.426513671875,1740,53.1005859375,18.832183908045977,35,1.068115234375,1705,52.032470703125,0,0.0,0x68E66BFA,-30,1817,369,-0.1171875,7.09765625,1.44140625,0,0x14,0,0,0,1,0,1,-1,0,0,0,,,,,,,,,,,,,,,,,,,,,,
356,7,LOD_RETREAT,11.9,388232,11847.900390625,1785,54.473876953125,18.357422969187674,34,1.03759765625,1751,53.436279296875,0,0.0,0xA61B072F,-31,1796,368,-0.12109375,7.015625,1.4375,0,0x14,0,0,0,1,0,1,-1,0,0,0,,,,,,,,,,,,,,,,,,,,,,
357,7,LOD_RETREAT,11.933333333333334,389968,11900.87890625,1736,52.978515625,18.87557603686636,34,1.03759765625,1701,51.910400390625,1,0.030517578125,0x55966161,-32,1775,367,-0.125,6.93359375,1.43359375,0,0x14,0,0,0,1,0,1,-1,0,0,0,,,,,,,,,,,,,,,,,,,,,,
358,7,LOD_RETREAT,11.966666666666667,391735,11954.803466796875,1767,53.924560546875,18.54442558007923,34,1.03759765625,1732,52.8564453125,1,0.030517578125,0x2A16FA7C,-33,1754,366,-0.12890625,6.8515625,1.4296875,0,0x14,0,0,0,1,0,1,-1,0,0,0,,,,,,,,,,,,,,,,,,,,,,
359,7,LOD_RETREAT,12.0,393349,12004.058837890625,1614,49.25537109375,20.302354399008674,34,1.03759765625,1580,48.2177734375,0,0.0,0x7AF63907,-34,1733,365,-0.1328125,6.76953125,1.42578125,0,0x14,0,0,0,1,0,1,-1,0,0,0,,,,,,,,,,,,,,,,,,,,,,
360,7,LOD_RETREAT,12.033333333333333,394708,12045.5322265625,1359,41.473388671875,24.111846946284032,35,1.068115234375,1324,40.4052734375,0,0.0,0xD97A20BA,-35,1712,364,-0.13671875,6.6875,1.421875,0,0x14,0,0,0,1,0,1,-1,0,0,0,,,,,,,,,,,,,,,,,,,,,,
361,7,LOD_RETREAT,12.066666666666666,396096,12087.890625,1388,42.3583984375,23.608069164265128,34,1.03759765625,1353,41.290283203125,1,0.030517578125,0x08A0658D,-36,1691,363,-0.140625,6.60546875,1.41796875,0,0x14,0,0,0,1,0,1,-1,0,0,0,,,,,,,,,,,,,,,,,,,,,,
362,7,LOD_RETREAT,12.1,397417,12128.204345703125,1321,40.313720703125,24.80545041635125,34,1.03759765625,1286,39.24560546875,1,0.030517578125,0x3B2ED158,-37,1670,362,-0.14453125,6.5234375,1.4140625,0,0x14,0,0,0,1,0,1,-1,0,0,0,,,,,,,,,,,,,,,,,,,,,,
363,7,LOD_RETREAT,12.133333333333333,398689,12167.022705078125,1272,38.818359375,25.761006289308177,35,1.068115234375,1237,37.750244140625,0,0.0,0x6FE1A9A3,-38,1649,361,-0.1484375,6.44140625,1.41015625,0,0x14,0,0,0,1,0,1,-1,0,0,0,,,,,,,,,,,,,,,,,,,,,,
364,7,LOD_RETREAT,12.166666666666666,399950,12205.50537109375,1261,38.482666015625,25.985725614591594,35,1.068115234375,1225,37.384033203125,1,0.030517578125,0xF40E85E6,-39,1628,360,-0.15234375,6.359375,1.40625,0,0x14,0,0,0,1,0,1,-1,0,0,0,,,,,,,,,,,,,,,,,,,,,,
365,7,LOD_RETREAT,12.2,401165,12242.584228515625,1215,37.078857421875,26.96954732510288,35,1.068115234375,1180,36.0107421875,0,0.0,0x72D9B089,-40,1607,359,-0.15625,6.27734375,1.40234375,0,0x14,0,0,0,1,0,1,-1,0,0,0,,,,,,,,,,,,,,,,,,,,,,
366,7,LOD_RETREAT,12.233333333333333,402376,12279.541015625,1211,36.956787109375,27.058629232039635,35,1.068115234375,1176,35.888671875,0,0.0,0x49A65404,-41,1586,358,-0.16015625,6.1953125,1.3984375,0,0x14,0,0,0,1,0,1,-1,0,0,0,,,,,,,,,,,,,,,,,,,,,,
367,7,LOD_RETREAT,12.266666666666667,403582,12316.34521484375,1206,36.80419921875,27.170812603648425,34,1.03759765625,1172,35.7666015625,0,0.0,0x0BBFB66F,-42,1565,357,-0.1640625,6.11328125,1.39453125,0,0x14,0,0,0,1,0,1,-1,0,0,0,,,,,,,,,,,,,,,,,,,,,,
368,7,LOD_RETREAT,12.3,404775,12352.752685546875,1193,36.407470703125,27.466890192791283,34,1.03759765625,1159,35.369873046875,0,0.0,0x891258C2,-43,1544,356,-0.16796875,6.03125,1.390625,0,0x14,0,0,0,1,0,1,-1,0,0,0,,,,,,,,,,,,,,,,,,,,,,
369,7,LOD_RETREAT,12.333333333333334,405951,12388.641357421875,1176,35.888671875,27.86394557823129,35,1.068115234375,1141,34.820556640625,0,0.0,0xF99191D2,-44,1523,355,-0.171875,5.94921875,1.38671875,0,0x14,0,0,0,1,0,1,-1,0,0,0,,,,,,,,,,,,,,,,,,,,,,
370,7,LOD_RETREAT,12.366666666666667,407120,12424.31640625,1169,35.675048828125,28.030795551753634,35,1.068115234375,1134,34.60693359375,0,0.0,0xE444F69F,-45,1502,354,-0.17578125,5.8671875,1.3828125,0,0x14,0,0,0,1,0,1,-1,0,0,0,,,,,,,,,,,,,,,,,,,,,,
371,7,LOD_RETREAT,12.4,408289,12459.991455078125,1169,35.675048828125,28.030795551753634,34,1.03759765625,1135,34.637451171875,0,0.0,0x40905A1C,-46,1481,353,-0.1796875,5.78515625,1.37890625,0,0x14,0,0,0,1,0,1,-1,0,0,0,,,,,,,,,,,,,,,,,,,,,,
372,7,LOD_RETREAT,12.433333333333334,409438,12495.05615234375,1149,35.064697265625,28.51871192341166,35,1.068115234375,1114,33.99658203125,0,0.0,0x53054201,-47,1460,352,-0.18359375,5.703125,1.375,0,0x14,0,0,0,1,0,1,-1,0,0,0,,,,,,,,,,,,,,,,,,,,,,
373,7,LOD_RETREAT,12.466666666666667,410604,12530.6396484375,1166,35.58349609375,28.102915951972555,34,1.03759765625,1132,34.5458984375,0,0.0,0x7A204B3E,-48,1439,351,-0.1875,5.62109375,1.37109375,0,0x14,0,0,0,1,0,1,-1,0,0,0,,,,,,,,,,,,,,,,,,,,,,
374,7,LOD_RETREAT,12.5,411758,12565.85693359375,1154,35.21728515625,28.395147313691506,35,1.068115234375,1118,34.11865234375,1,0.030517578125,0x5CF2055B,-49,1418,350,-0.19140625,5.5390625,1.3671875,0,0x14,0,0,0,1,0,1,-1,0,0,0,,,,,,,,,,,,,,,,,,,,,,
375,7,LOD_RETREAT,12.533333333333333,412927,12601.531982421875,1169,35.675048828125,28.030795551753634,35,1.068115234375,1134,34.60693359375,0,0.0,0x596A5818,-50,1397,349,-0.1953125,5.45703125,1.36328125,0,0x14,0,0,0,1,0,1,-1,0,0,0,,,,,,,,,,,,,,,,,,,,,,
376,7,LOD_RETREAT,12.566666666666666,414181,12639.801025390625,1254,38.26904296875,26.130781499202552,34,1.03759765625,1220,37.2314453125,0,0.0,0xFF08E4ED,-51,1376,348,-0.19921875,5.375,1.359375,0,0x14,0,0,0,1,0,1,-1,0,0,0,,,,,,,,,,,,,,,,,,,,,,
377,7,LOD_RETREAT,12.6,415431,12677.947998046875,1250,38.14697265625,26.2144,35,1.068115234375,1215,37.078857421875,0,0.0,0xA8F2C94A,-52,1355,347,-0.203125,5.29296875,1.35546875,0,0x1C,0,0,0,1,1,1,-1,0,0,0,,,,,,,,,,,,,,,,,,,,,,
378,8,LOD_APPROACH,12.633333333333333,416487,12710.174560546875,1056,32.2265625,31.03030303030303,34,1.03759765625,1022,31.18896484375,0,0.0,0x4D002ED7,-51,1376,348,-0.19921875,5.375,1.359375,0,0x14,0,0,0,1,0,1,1,0,0,0,,,,,,,,,,,,,,,,,,,,,,
379,8,LOD_APPROACH,12.666666666666666,417738,12748.35205078125,1251,38.177490234375,26.193445243804955,34,1.03759765625,1217,37.139892578125,0,0.0,0x09B88652,-50,1397,349,-0.1953125,5.45703125,1.36328125,0,0x14,0,0,0,1,0,1,1,0,0,0,,,,,,,,,,,,,,,,,,,,,,
380,8,LOD_APPROACH,12.7,418976,12786.1328125,1238,37.78076171875,26.468497576736674,34,1.03759765625,1204,36.7431640625,0,0.0,0xCDD83805,-49,1418,350,-0.19140625,5.5390625,1.3671875,0,0x14,0,0,0,1,0,1,1,0,0,0,,,,,,,,,,,,,,,,,,,,,,
381,8,LOD_APPROACH,12.733333333333333,420131,12821.380615234375,1155,35.247802734375,28.37056277056277,34,1.03759765625,1120,34.1796875,1,0.030517578125,0x6D2BFD58,-48,1439,351,-0.1875,5.62109375,1.37109375,0,0x14,0,0,0,1,0,1,1,0,0,0,,,,,,,,,,,,,,,,,,,,,,
382,8,LOD_APPROACH,12.766666666666667,421297,12856.964111328125,1166,35.58349609375,28.102915951972555,34,1.03759765625,1131,34.515380859375,1,0.030517578125,0x6961D88B,-47,1460,352,-0.18359375,5.703125,1.375,0,0x14,0,0,0,1,0,1,1,0,0,0,,,,,,,,,,,,,,,,,,,,,,
383,8,LOD_APPROACH,12.8,422478,12893.00537109375,1181,36.041259765625,27.745977984758678,35,1.068115234375,1146,34.97314453125,0,0.0,0x28A5ED36,-46,1481,353,-0.1796875,5.78515625,1.37890625,0,0x14,0,0,0,1,0,1,1,0,0,0,,,,,,,,,,,,,,,,,,,,,,
384,8,LOD_APPROACH,12.833333333333334,423634,12928.28369140625,1156,35.2783203125,28.346020761245676,34,1.03759765625,1121,34.210205078125,1,0.030517578125,0xE48DD0E9,-45,1502,354,-0.17578125,5.8671875,1.3828125,0,0x14,0,0,0,1,0,1,1,0,0,0,,,,,,,,,,,,,,,,,,,,,,
385,8,LOD_APPROACH,12.866666666666667,424810,12964.17236328125,1176,35.888671875,27.86394557823129,35,1.068115234375,1141,34.820556640625,0,0.0,0xC38C156C,-44,1523,355,-0.171875,5.94921875,1.38671875,0,0x14,0,0,0,1,0,1,1,0,0,0,,,,,,,,,,,,,,,,,,,,,,
386,8,LOD_APPROACH,12.9,425982,12999.93896484375,1172,35.7666015625,27.959044368600683,34,1.03759765625,1137,34.698486328125,1,0.030517578125,0x8254B51C,-43,1544,356,-0.16796875,6.03125,1.390625,0,0x14,0,0,0,1,0,1,1,0,0,0,,,,,,,,,,,,,,,,,,,,,,
387,8,LOD_APPROACH,12.933333333333334,427171,13036.224365234375,1189,36.285400390625,27.55929352396972,34,1.03759765625,1154,35.21728515625,1,0.030517578125,0xF9894479,-42,1565,357,-0.1640625,6.11328125,1.39453125,0,0x14,0,0,0,1,0,1,1,0,0,0,,,,,,,,,,,,,,,,,,,,,,
388,8,LOD_APPROACH,12.966666666666667,428373,13072.906494140625,1202,36.68212890625,27.261231281198004,34,1.03759765625,1168,35.64453125,0,0.0,0x404CAEBE,-41,1586,358,-0.16015625,6.1953125,1.3984375,0,0x14,0,0,0,1,0,1,1,0,0,0,,,,,,,,,,,,,,,,,,,,,,
389,8,LOD_APPROACH,13.0,429570,13109.43603515625,1197,36.529541015625,27.375104427736005,34,1.03759765625,1163,35.491943359375,0,0.0,0x4A50E553,-40,1607,359,-0.15625,6.27734375,1.40234375,0,0x14,0,0,0,1,0,1,1,0,0,0,,,,,,,,,,,,,,,,,,,,,,
390,8,LOD_APPROACH,13.033333333333333,430829,13147.857666015625,1259,38.421630859375,26.027005559968227,34,1.03759765625,1225,37.384033203125,0,0.0,0x7ED10880,-39,1628,360,-0.15234375,6.359375,1.40625,0,0x14,0,0,0,1,0,1,1,0,0,0,,,,,,,,,,,,,,,,,,,,,,
391,8,LOD_APPROACH,13.066666666666666,432106,13186.82861328125,1277,38.970947265625,25.660140955364135,34,1.03759765625,1242,37.90283203125,1,0.030517578125,0xC510522D,-38,1649,361,-0.1484375,6.44140625,1.41015625,0,0x14,0,0,0,1,0,1,1,0,0,0,,,,,,,,,,,,,,,,,,,,,,
392,8,LOD_APPROACH,13.1,433375,13225.555419921875,1269,38.726806640625,25.821907013396377,35,1.068115234375,1234,37.65869140625,0,0.0,0x2D35DF92,-37,1670,362,-0.14453125,6.5234375,1.4140625,0,0x14,0,0,0,1,0,1,1,0,0,0,,,,,,,,,,,,,,,,,,,,,,
393,8,LOD_APPROACH,13.133333333333333,434655,13264.617919921875,1280,39.0625,25.6,34,1.03759765625,1246,38.02490234375,0,0.0,0xEDF495F7,-36,1691,363,-0.140625,6.60546875,1.41796875,0,0x14,0,0,0,1,0,1,1,0,0,0,,,,,,,,,,,,,,,,,,,,,,
394,8,LOD_APPROACH,13.166666666666666,435991,13305.389404296875,1336,40.771484375,24.526946107784433,34,1.03759765625,1301,39.703369140625,1,0.030517578125,0xA1277674,-35,1712,364,-0.13671875,6.6875,1.421875,0,0x14,0,0,0,1,0,1,1,0,0,0,,,,,,,,,,,,,,,,,,,,,,
395,8,LOD_APPROACH,13.2,437369,13347.442626953125,1378,42.05322265625,23.779390420899855,34,1.03759765625,1344,41.015625,0,0.0,0x15EEA471,-34,1733,365,-0.1328125,6.76953125,1.42578125,0,0x14,0,0,0,1,0,1,1,0,0,0,,,,,,,,,,,,,,,,,,,,,,
396,8,LOD_APPROACH,13.233333333333333,438696,13387.939453125,1327,40.496826171875,24.693293142426526,34,1.03759765625,1293,39.459228515625,0,0.0,0xB4086516,-33,1754,366,-0.12890625,6.8515625,1.4296875,0,0x14,0,0,0,1,0,1,1,0,0,0,,,,,,,,,,,,,,,,,,,,,,
397,8,LOD_APPROACH,13.266666666666667,440055,13429.412841796875,1359,41.473388671875,24.111846946284032,34,1.03759765625,1325,40.435791015625,0,0.0,0xD3CEDB6B,-32,1775,367,-0.125,6.93359375,1.43359375,0,0x14,0,0,0,1,0,1,1,0,0,0,,,,,,,,,,,,,,,,,,,,,,
398,8,LOD_APPROACH,13.3,441466,13472.47314453125,1411,43.060302734375,23.223245924875975,34,1.03759765625,1377,42.022705078125,0,0.0,0x37907739,-31,1796,368,-0.12109375,7.015625,1.4375,0,0x14,0,0,0,1,0,1,1,0,0,0,,,,,,,,,,,,,,,,,,,,,,
399,8,LOD_APPROACH,13.333333333333334,442816,13513.671875,1350,41.19873046875,24.27259259259259,34,1.03759765625,1316,40.1611328125,0,0.0,0x354D8EB4,-30,1817,369,-0.1171875,7.09765625,1.44140625,0,0x14,0,0,0,1,0,1,1,0,0,0,,,,,,,,,,,,,,,,,,,,,,
400,8,LOD_APPROACH,13.366666666666667,444177,13555.206298828125,1361,41.534423828125,24.076414401175604,34,1.03759765625,1327,40.496826171875,0,0.0,0xB989B73B,-29,1838,370,-0.11328125,7.1796875,1.4453125,0,0x14,0,0,0,1,0,1,1,0,0,0,,,,,,,,,,,,,,,,,,,,,,
401,8,LOD_APPROACH,13.4,445544,13596.923828125,1367,41.717529296875,23.970738844184346,34,1.03759765625,1333,40.679931640625,0,0.0,0xA649088E,-28,1859,371,-0.109375,7.26171875,1.44921875,0,0x14,0,0,0,1,0,1,1,0,0,0,,,,,,,,,,,,,,,,,,,,,,
402,8,LOD_APPROACH,13.433333333333334,446871,13637.420654296875,1327,40.496826171875,24.693293142426526,34,1.03759765625,1292,39.4287109375,1,0.030517578125,0x81CF51ED,-27,1880,372,-0.10546875,7.34375,1.453125,0,0x14,0,0,0,1,0,1,1,0,0,0,,,,,,,,,,,,,,,,,,,,,,
403,8,LOD_APPROACH,13.466666666666667,448675,13692.474365234375,1804,55.0537109375,18.164079822616408,34,1.03759765625,1769,53.985595703125,1,0.030517578125,0x141BC178,-26,1901,373,-0.1015625,7.42578125,1.45703125,0,0x14,0,0,0,1,0,1,1,0,0,0,,,,,,,,,,,,,,,,,,,,,,
404,8,LOD_APPROACH,13.5,450521,13748.809814453125,1846,56.33544921875,17.750812567713975,34,1.03759765625,1811,55.267333984375,1,0.030517578125,0xBB50435F,-25,1922,374,-0.09765625,7.5078125,1.4609375,0,0x14,0,0,0,1,0,1,1,0,0,0,,,,,,,,,,,,,,,,,,,,,,
405,8,LOD_APPROACH,13.533333333333333,452358,13804.87060546875,1837,56.060791015625,17.837778987479588,34,1.03759765625,1802,54.99267578125,1,0.030517578125,0x03554D82,-24,1943,375,-0.09375,7.58984375,1.46484375,0,0x14,0,0,0,1,0,1,1,0,0,0,,,,,,,,,,,,,,,,,,,,,,
406,8,LOD_APPROACH,13.566666666666666,454210,13861.38916015625,1852,56.5185546875,17.69330453563715,35,1.068115234375,1816,55.419921875,1,0.030517578125,0x3EEA4DA1,-23,1964,376,-0.08984375,7.671875,1.46875,0,0x14,0,0,0,1,0,1,1,0,0,0,,,,,,,,,,,,,,,,,,,,,,
407,8,LOD_APPROACH,13.6,456103,13919.158935546875,1893,57.769775390625,17.310089804543054,34,1.03759765625,1859,56.732177734375,0,0.0,0x3C71A03C,-22,1985,377,-0.0859375,7.75390625,1.47265625,0,0x14,0,0,0,1,0,1,1,0,0,0,,,,,,,,,,,,,,,,,,,,,,
408,8,LOD_APPROACH,13.633333333333333,458025,13977.813720703125,1922,58.65478515625,17.04890738813736,34,1.03759765625,1887,57.586669921875,1,0.030517578125,0xDC36DBE3,-21,2006,378,-0.08203125,7.8359375,1.4765625,0,0x14,0,0,0,1,0,1,1,0,0,0,,,,,,,,,,,,,,,,,,,,,,
409,8,LOD_APPROACH,13.666666666666666,459937,14036.163330078125,1912,58.349609375,17.13807531380753,35,1.068115234375,1877,57.281494140625,0,0.0,0xAEE872D6,-20,2027,379,-0.078125,7.91796875,1.48046875,0,0x14,0,0,0,1,0,1,1,0,0,0,,,,,,,,,,,,,,,,,,,,,,
410,8,LOD_APPROACH,13.7,461831,14093.963623046875,1894,57.80029296875,17.300950369588172,34,1.03759765625,1859,56.732177734375,1,0.030517578125,0xF16AEBE2,-19,2048,380,-0.07421875,8.0,1.484375,0,0x14,0,0,0,1,0,1,1,0,0,0,,,,,,,,,,,,,,,,,,,,,,
411,8,LOD_APPROACH,13.733333333333333,463671,14150.115966796875,1840,56.15234375,17.808695652173913,35,1.068115234375,1804,55.0537109375,1,0.030517578125,0xD823C5E7,-18,2069,381,-0.0703125,8.08203125,1.48828125,0,0x14,0,0,0,1,0,1,1,0,0,0,,,,,,,,,,,,,,,,,,,,,,
412,8,LOD_APPROACH,13.766666666666667,465535,14207.000732421875,1864,56.884765625,17.5793991416309,35,1.068115234375,1829,55.816650390625,0,0.0,0x15BBCA40,-17,2090,382,-0.06640625,8.1640625,1.4921875,0,0x14,0,0,0,1,0,1,1,0,0,0,,,,,,,,,,,,,,,,,,,,,,
413,8,LOD_APPROACH,13.8,467476,14266.2353515625,1941,59.234619140625,16.882019577537353,34,1.03759765625,1907,58.197021484375,0,0.0,0x73E6CF6D,-16,2111,383,-0.0625,8.24609375,1.49609375,0,0x14,0,0,0,1,0,1,1,0,0,0,,,,,,,,,,,,,,,,,,,,,,
414,8,LOD_APPROACH,13.833333333333334,469422,14325.62255859375,1946,59.38720703125,16.838643371017472,34,1.03759765625,1911,58.319091796875,1,0.030517578125,0x77C63D5E,-15,2132,384,-0.05859375,8.328125,1.5,0,0x14,0,0,0,1,0,1,1,0,0,0,,,,,,,,,,,,,,,,,,,,,,
415,8,LOD_APPROACH,13.866666666666667,471334,14383.97216796875,1912,58.349609375,17.13807531380753,35,1.068115234375,1877,57.281494140625,0,0.0,0x0B82ACF3,-14,2153,385,-0.0546875,8.41015625,1.50390625,0,0x14,0,0,0,1,0,1,1,0,0,0,,,,,,,,,,,,,,,,,,,,,,
416,8,LOD_APPROACH,13.9,473272,14443.115234375,1938,59.14306640625,16.90815273477812,34,1.03759765625,1903,58.074951171875,1,0.030517578125,0xAF688A0C,-13,2174,386,-0.05078125,8.4921875,1.5078125,0,0x16,1,1,0,1,0,1,1,0,0,0,58.013916015625,0.030517578125,0.213623046875,9.002685546875,3.35693359375,2.0751953125,31.463623046875,0.91552734375,0.0,9.979248046875,0.9765625,0,0,0,0,0,0,0,0,0,0,0
417,8,LOD_APPROACH,13.933333333333334,475220,14502.5634765625,1948,59.4482421875,16.82135523613963,34,1.03759765625,1913,58.380126953125,1,0.030517578125,0x73C02589,-12,2195,387,-0.046875,8.57421875,1.51171875,0,0x14,0,0,0,1,0,1,1,0,0,0,,,,,,,,,,,,,,,,,,,,,,
418,8,LOD_APPROACH,13.966666666666667,477128,14560.791015625,1908,58.2275390625,17.17400419287212,35,1.068115234375,1873,57.159423828125,0,0.0,0xAB9B46AA,-11,2216,388,-0.04296875,8.65625,1.515625,0,0x14,0,0,0,1,0,1,1,0,0,0,,,,,,,,,,,,,,,,,,,,,,
419,8,LOD_APPROACH,14.0,479017,14618.438720703125,1889,57.647705078125,17.346744309158286,34,1.03759765625,1854,56.57958984375,1,0.030517578125,0x33D8802F,-10,2237,389,-0.0390625,8.73828125,1.51953125,0,0x14,0,0,0,1,0,1,1,0,0,0,,,,,,,,,,,,,,,,,,,,,,
420,8,LOD_APPROACH,14.033333333333333,480657,14668.487548828125,1640,50.048828125,19.98048780487805,34,1.03759765625,1606,49.01123046875,0,0.0,0xC446B768,-9,2258,390,-0.03515625,8.8203125,1.5234375,0,0x14,0,0,0,1,0,1,1,0,0,0,,,,,,,,,,,,,,,,,,,,,,
421,8,LOD_APPROACH,14.066666666666666,482300,14718.6279296875,1643,50.140380859375,19.944004869141814,34,1.03759765625,1608,49.072265625,1,0.030517578125,0x51285415,-8,2279,391,-0.03125,8.90234375,1.52734375,0,0x14,0,0,0,1,0,1,1,0,0,0,,,,,,,,,,,,,,,,,,,,,,
422,8,LOD_APPROACH,14.1,483937,14768.585205078125,1637,49.957275390625,20.01710445937691,35,1.068115234375,1602,48.88916015625,0,0.0,0x70E57126,-7,2300,392,-0.02734375,8.984375,1.53125,0,0x14,0,0,0,1,0,1,1,0,0,0,,,,,,,,,,,,,,,,,,,,,,
423,8,LOD_APPROACH,14.133333333333333,485522,14816.95556640625,1585,48.370361328125,20.673817034700317,34,1.03759765625,1551,47.332763671875,0,0.0,0xA7C9170A,-6,2321,393,-0.0234375,9.06640625,1.53515625,0,0x14,0,0,0,1,0,1,1,0,0,0,,,,,,,,,,,,,,,,,,,,,,
424,8,LOD_APPROACH,14.166666666666666,487076,14864.3798828125,1554,47.42431640625,21.086229086229086,34,1.03759765625,1520,46.38671875,0,0.0,0x4BE464A5,-5,2342,394,-0.01953125,9.1484375,1.5390625,0,0x14,0,0,0,1,0,1,1,0,0,0,,,,,,,,,,,,,,,,,,,,,,
425,8,LOD_APPROACH,14.2,488601,14910.919189453125,1525,46.539306640625,21.4872131147541,34,1.03759765625,1490,45.47119140625,1,0.030517578125,0x4FA9DD30,-4,2363,395,-0.015625,9.23046875,1.54296875,0,0x14,0,0,0,1,0,1,1,0,0,0,,,,,,,,,,,,,,,,,,,,,,
426,8,LOD_APPROACH,14.233333333333333,490120,14957.275390625,1519,46.356201171875,21.57208689927584,34,1.03759765625,1484,45.2880859375,1,0.030517578125,0xF4A56F73,-3,2384,396,-0.01171875,9.3125,1.546875,0,0x14,0,0,0,1,0,1,1,0,0,0,,,,,,,,,,,,,,,,,,,,,,
427,8,LOD_APPROACH,14.266666666666667,491629,15003.326416015625,1509,46.051025390625,21.71504307488403,34,1.03759765625,1474,44.98291015625,1,0.030517578125,0x8BFE6F46,-2,2405,397,-0.0078125,9.39453125,1.55078125,0,0x14,0,0,0,1,0,1,1,0,0,0,,,,,,,,,,,,,,,,,,,,,,
428,8,LOD_APPROACH,14.3,493035,15046.234130859375,1406,42.90771484375,23.305832147937412,34,1.03759765625,1372,41.8701171875,0,0.0,0xDCCA4BE1,-1,2426,398,-0.00390625,9.4765625,1.5546875,0,0x14,0,0,0,1,0,1,1,0,0,0,,,,,,,,,,,,,,,,,,,,,,
429,8,LOD_APPROACH,14.333333333333334,494494,15090.75927734375,1459,44.525146484375,22.4592186429061,34,1.03759765625,1424,43.45703125,1,0.030517578125,0x0ED9BE1A,0,2447,399,0.0,9.55859375,1.55859375,0,0x14,0,0,0,1,0,1,1,0,0,0,,,,,,,,,,,,,,,,,,,,,,
430,8,LOD_APPROACH,14.366666666666667,495944,15135.009765625,1450,44.25048828125,22.59862068965517,34,1.03759765625,1415,43.182373046875,1,0.030517578125,0x40AE6F75,1,2468,400,0.00390625,9.640625,1.5625,0,0x14,0,0,0,1,0,1,1,0,0,0,,,,,,,,,,,,,,,,,,,,,,
431,8,LOD_APPROACH,14.4,497421,15180.084228515625,1477,45.074462890625,22.18551117129316,35,1.068115234375,1442,44.00634765625,0,0.0,0x06EC46A0,2,2489,401,0.0078125,9.72265625,1.56640625,0,0x14,0,0,0,1,0,1,1,0,0,0,,,,,,,,,,,,,,,,,,,,,,
432,8,LOD_APPROACH,14.433333333333334,499191,15234.100341796875,1770,54.01611328125,18.512994350282487,333,10.162353515625,1437,43.853759765625,0,0.0,0x545FA80F,3069,1262,1186,11.98828125,4.9296875,4.6328125,1,0x15,0,0,1,1,0,1,1,0,0,0,,,,,,,,,,,,,,,,,,,,,,
433,8,LOD_APPROACH,14.466666666666667,500650,15278.62548828125,1459,44.525146484375,22.4592186429061,39,1.190185546875,1420,43.3349609375,0,0.0,0x2D2E4954,3069,1262,1165,11.98828125,4.9296875,4.55078125,1,0x14,0,0,0,1,0,1,1,0,0,0,,,,,,,,,,,,,,,,,,,,,,
434,8,LOD_APPROACH,14.5,501939,15317.962646484375,1289,39.337158203125,25.421256788207913,39,1.190185546875,1250,38.14697265625,0,0.0,0xF000B19D,3069,1262,1144,11.98828125,4.9296875,4.46875,1,0x14,0,0,0,1,0,1,1,0,0,0,,,,,,,,,,,,,,,,,,,,,,
435,8,LOD_APPROACH,14.533333333333333,503234,15357.48291015625,1295,39.520263671875,25.303474903474903,39,1.190185546875,1255,38.299560546875,1,0.030517578125,0x84453EEE,3069,1262,1123,11.98828125,4.9296875,4.38671875,1,0x14,0,0,0,1,0,1,1,0,0,0,,,,,,,,,,,,,,,,,,,,,,
436,8,LOD_APPROACH,14.566666666666666,504463,15394.989013671875,1229,37.506103515625,26.66232709519935,40,1.220703125,1188,36.2548828125,1,0.030517578125,0x0D408297,3069,1262,1102,11.98828125,4.9296875,4.3046875,1,0x14,0,0,0,1,0,1,1,0,0,0,,,,,,,,,,,,,,,,,,,,,,
437,8,LOD_APPROACH,14.6,505699,15432.708740234375,1236,37.7197265625,26.511326860841425,39,1.190185546875,1196,36.4990234375,1,0.030517578125,0x8028BE00,3069,1262,1081,11.98828125,4.9296875,4.22265625,1,0x1C,0,0,0,1,1,1,1,0,0,0,,,,,,,,,,,,,,,,,,,,,,
438,9,FREECAM_YAW,14.633333333333333,506945,15470.733642578125,1246,38.02490234375,26.298555377207062,45,1.373291015625,1201,36.651611328125,0,0.0,0x53C02975,3069,1262,1081,11.98828125,4.9296875,4.22265625,1,0x14,0,0,0,1,0,1,0,1,0,0,,,,,,,,,,,,,,,,,,,,,,
439,9,FREECAM_YAW,14.666666666666666,508190,15508.72802734375,1245,37.994384765625,26.31967871485944,46,1.40380859375,1199,36.590576171875,0,0.0,0xA2A40271,3069,1262,1081,11.98828125,4.9296875,4.22265625,1,0x14,0,0,0,1,0,1,0,1,0,0,,,,,,,,,,,,,,,,,,,,,,
440,9,FREECAM_YAW,14.7,509399,15545.623779296875,1209,36.895751953125,27.10339123242349,46,1.40380859375,1163,35.491943359375,0,0.0,0xC113AF95,3069,1262,1081,11.98828125,4.9296875,4.22265625,1,0x14,0,0,0,1,0,1,0,1,0,0,,,,,,,,,,,,,,,,,,,,,,
441,9,FREECAM_YAW,14.733333333333333,510654,15583.92333984375,1255,38.299560546875,26.10996015936255,46,1.40380859375,1208,36.865234375,1,0.030517578125,0xFF8769B6,3069,1262,1081,11.98828125,4.9296875,4.22265625,1,0x14,0,0,0,1,0,1,0,1,0,0,,,,,,,,,,,,,,,,,,,,,,
442,9,FREECAM_YAW,14.766666666666667,511800,15618.896484375,1146,34.97314453125,28.593368237347295,45,1.373291015625,1101,33.599853515625,0,0.0,0x042130CE,3069,1262,1081,11.98828125,4.9296875,4.22265625,1,0x14,0,0,0,1,0,1,0,1,0,0,,,,,,,,,,,,,,,,,,,,,,
443,9,FREECAM_YAW,14.8,512918,15653.01513671875,1118,34.11865234375,29.30948121645796,46,1.40380859375,1072,32.71484375,0,0.0,0x70927F5D,3069,1262,1081,11.98828125,4.9296875,4.22265625,1,0x14,0,0,0,1,0,1,0,1,0,0,,,,,,,,,,,,,,,,,,,,,,
444,9,FREECAM_YAW,14.833333333333334,514082,15688.53759765625,1164,35.5224609375,28.151202749140893,46,1.40380859375,1117,34.088134765625,1,0.030517578125,0xD2CB2DFC,3069,1262,1081,11.98828125,4.9296875,4.22265625,1,0x14,0,0,0,1,0,1,0,1,0,0,,,,,,,,,,,,,,,,,,,,,,
445,9,FREECAM_YAW,14.866666666666667,515183,15722.137451171875,1101,33.599853515625,29.76203451407811,46,1.40380859375,1054,32.16552734375,1,0.030517578125,0x0DC77C76,3069,1262,1081,11.98828125,4.9296875,4.22265625,1,0x14,0,0,0,1,0,1,0,1,0,0,,,,,,,,,,,,,,,,,,,,,,
446,9,FREECAM_YAW,14.9,516229,15754.058837890625,1046,31.92138671875,31.326959847036328,46,1.40380859375,999,30.487060546875,1,0.030517578125,0x646433BE,3069,1262,1081,11.98828125,4.9296875,4.22265625,1,0x14,0,0,0,1,0,1,0,1,0,0,,,,,,,,,,,,,,,,,,,,,,
447,9,FREECAM_YAW,14.933333333333334,517235,15784.759521484375,1006,30.70068359375,32.57256461232604,45,1.373291015625,961,29.327392578125,0,0.0,0x3DDA4090,3069,1262,1081,11.98828125,4.9296875,4.22265625,1,0x14,0,0,0,1,0,1,0,1,0,0,,,,,,,,,,,,,,,,,,,,,,
448,9,FREECAM_YAW,14.966666666666667,518233,15815.216064453125,998,30.45654296875,32.833667334669336,46,1.40380859375,952,29.052734375,0,0.0,0xFFCB4259,3069,1262,1081,11.98828125,4.9296875,4.22265625,1,0x14,0,0,0,1,0,1,0,1,0,0,,,,,,,,,,,,,,,,,,,,,,
449,9,FREECAM_YAW,15.0,519213,15845.123291015625,980,29.9072265625,33.436734693877554,46,1.40380859375,934,28.50341796875,0,0.0,0xBF360EA3,3069,1262,1081,11.98828125,4.9296875,4.22265625,1,0x14,0,0,0,1,0,1,0,1,0,0,,,,,,,,,,,,,,,,,,,,,,
450,9,FREECAM_YAW,15.033333333333333,520275,15877.532958984375,1062,32.40966796875,30.854990583804142,46,1.40380859375,1016,31.005859375,0,0.0,0x60A33A9C,3069,1262,1081,11.98828125,4.9296875,4.22265625,1,0x14,0,0,0,1,0,1,0,1,0,0,,,,,,,,,,,,,,,,,,,,,,
451,9,FREECAM_YAW,15.066666666666666,521325,15909.576416015625,1050,32.04345703125,31.207619047619048,45,1.373291015625,1005,30.670166015625,0,0.0,0x198020E6,3069,1262,1081,11.98828125,4.9296875,4.22265625,1,0x14,0,0,0,1,0,1,0,1,0,0,,,,,,,,,,,,,,,,,,,,,,
452,9,FREECAM_YAW,15.1,522457,15944.122314453125,1132,34.5458984375,28.946996466431095,46,1.40380859375,1085,33.111572265625,1,0.030517578125,0x3F7972FA,3069,1262,1081,11.98828125,4.9296875,4.22265625,1,0x14,0,0,0,1,0,1,0,1,0,0,,,,,,,,,,,,,,,,,,,,,,
453,9,FREECAM_YAW,15.133333333333333,523635,15980.072021484375,1178,35.94970703125,27.816638370118845,45,1.373291015625,1132,34.5458984375,1,0.030517578125,0x8BBE58C6,3069,1262,1081,11.98828125,4.9296875,4.22265625,1,0x14,0,0,0,1,0,1,0,1,0,0,,,,,,,,,,,,,,,,,,,,,,
454,9,FREECAM_YAW,15.166666666666666,524706,16012.75634765625,1071,32.684326171875,30.595704948646127,45,1.373291015625,1026,31.31103515625,0,0.0,0x2E1DABB5,3069,1262,1081,11.98828125,4.9296875,4.22265625,1,0x14,0,0,0,1,0,1,0,1,0,0,,,,,,,,,,,,,,,,,,,,,,
455,9,FREECAM_YAW,15.2,525854,16047.79052734375,1148,35.0341796875,28.54355400696864,46,1.40380859375,1102,33.63037109375,0,0.0,0x738F6485,3069,1262,1081,11.98828125,4.9296875,4.22265625,1,0x14,0,0,0,1,0,1,0,1,0,0,,,,,,,,,,,,,,,,,,,,,,
456,9,FREECAM_YAW,15.233333333333333,527045,16084.136962890625,1191,36.346435546875,27.513014273719563,46,1.40380859375,1144,34.912109375,1,0.030517578125,0x0BBF162F,3069,1262,1081,11.98828125,4.9296875,4.22265625,1,0x14,0,0,0,1,0,1,0,1,0,0,,,,,,,,,,,,,,,,,,,,,,
457,9,FREECAM_YAW,15.266666666666667,528299,16122.406005859375,1254,38.26904296875,26.130781499202552,46,1.40380859375,1208,36.865234375,0,0.0,0x288A2C51,3069,1262,1081,11.98828125,4.9296875,4.22265625,1,0x14,0,0,0,1,0,1,0,1,0,0,,,,,,,,,,,,,,,,,,,,,,
458,9,FREECAM_YAW,15.3,529545,16160.430908203125,1246,38.02490234375,26.298555377207062,46,1.40380859375,1199,36.590576171875,1,0.030517578125,0x2E6A0A0E,3069,1262,1081,11.98828125,4.9296875,4.22265625,1,0x14,0,0,0,1,0,1,0,1,0,0,,,,,,,,,,,,,,,,,,,,,,
459,9,FREECAM_YAW,15.333333333333334,530853,16200.347900390625,1308,39.9169921875,25.051987767584098,46,1.40380859375,1262,38.51318359375,0,0.0,0x83B902EA,3069,1262,1081,11.98828125,4.9296875,4.22265625,1,0x16,1,1,0,1,0,1,0,1,0,0,38.482666015625,0.030517578125,0.3662109375,17.578125,9.21630859375,0.0,0.0,0.0,0.0,10.345458984375,0.946044921875,0,0,0,0,0,0,0,0,0,0,0
460,9,FREECAM_YAW,15.366666666666667,532136,16239.501953125,1283,39.154052734375,25.540140296180827,46,1.40380859375,1237,37.750244140625,0,0.0,0x926FA628,3069,1262,1081,11.98828125,4.9296875,4.22265625,1,0x14,0,0,0,1,0,1,0,1,0,0,,,,,,,,,,,,,,,,,,,,,,
461,9,FREECAM_YAW,15.4,533492,16280.8837890625,1356,41.3818359375,24.16519174041298,46,1.40380859375,1310,39.97802734375,0,0.0,0x49EC8067,3069,1262,1081,11.98828125,4.9296875,4.22265625,1,0x14,0,0,0,1,0,1,0,1,0,0,,,,,,,,,,,,,,,,,,,,,,
462,9,FREECAM_YAW,15.433333333333334,534814,16321.22802734375,1322,40.34423828125,24.786686838124055,46,1.40380859375,1275,38.909912109375,1,0.030517578125,0x299B9677,3069,1262,1081,11.98828125,4.9296875,4.22265625,1,0x14,0,0,0,1,0,1,0,1,0,0,,,,,,,,,,,,,,,,,,,,,,
463,9,FREECAM_YAW,15.466666666666667,536110,16360.77880859375,1296,39.55078125,25.28395061728395,46,1.40380859375,1250,38.14697265625,0,0.0,0x9BDD0F89,3069,1262,1081,11.98828125,4.9296875,4.22265625,1,0x14,0,0,0,1,0,1,0,1,0,0,,,,,,,,,,,,,,,,,,,,,,
464,9,FREECAM_YAW,15.5,537450,16401.67236328125,1340,40.8935546875,24.453731343283582,46,1.40380859375,1294,39.48974609375,0,0.0,0xD178667F,3069,1262,1081,11.98828125,4.9296875,4.22265625,1,0x14,0,0,0,1,0,1,0,1,0,0,,,,,,,,,,,,,,,,,,,,,,
465,9,FREECAM_YAW,15.533333333333333,538705,16439.971923828125,1255,38.299560546875,26.10996015936255,46,1.40380859375,1209,36.895751953125,0,0.0,0x44428AB8,3069,1262,1081,11.98828125,4.9296875,4.22265625,1,0x14,0,0,0,1,0,1,0,1,0,0,,,,,,,,,,,,,,,,,,,,,,
466,9,FREECAM_YAW,15.566666666666666,539960,16478.271484375,1255,38.299560546875,26.10996015936255,46,1.40380859375,1208,36.865234375,1,0.030517578125,0x5A543504,3069,1262,1081,11.98828125,4.9296875,4.22265625,1,0x14,0,0,0,1,0,1,0,1,0,0,,,,,,,,,,,,,,,,,,,,,,
467,9,FREECAM_YAW,15.6,541162,16514.95361328125,1202,36.68212890625,27.261231281198004,46,1.40380859375,1156,35.2783203125,0,0.0,0x8890F534,3069,1262,1081,11.98828125,4.9296875,4.22265625,1,0x14,0,0,0,1,0,1,0,1,0,0,,,,,,,,,,,,,,,,,,,,,,
468,9,FREECAM_YAW,15.633333333333333,542390,16552.42919921875,1228,37.4755859375,26.684039087947884,46,1.40380859375,1182,36.07177734375,0,0.0,0x07E496EE,3069,1262,1081,11.98828125,4.9296875,4.22265625,1,0x14,0,0,0,1,0,1,0,1,0,0,,,,,,,,,,,,,,,,,,,,,,
469,9,FREECAM_YAW,15.666666666666666,543633,16590.362548828125,1243,37.933349609375,26.362027353177794,46,1.40380859375,1197,36.529541015625,0,0.0,0x0E8CE62B,3069,1262,1081,11.98828125,4.9296875,4.22265625,1,0x14,0,0,0,1,0,1,0,1,0,0,,,,,,,,,,,,,,,,,,,,,,
470,9,FREECAM_YAW,15.7,544940,16630.2490234375,1307,39.886474609375,25.07115531752104,46,1.40380859375,1260,38.4521484375,1,0.030517578125,0x6C7F7CAB,3069,1262,1081,11.98828125,4.9296875,4.22265625,1,0x14,0,0,0,1,0,1,0,1,0,0,,,,,,,,,,,,,,,,,,,,,,
471,9,FREECAM_YAW,15.733333333333333,546173,16667.877197265625,1233,37.628173828125,26.575831305758314,46,1.40380859375,1187,36.224365234375,0,0.0,0x1860A20C,3069,1262,1081,11.98828125,4.9296875,4.22265625,1,0x14,0,0,0,1,0,1,0,1,0,0,,,,,,,,,,,,,,,,,,,,,,
472,9,FREECAM_YAW,15.766666666666667,547436,16706.4208984375,1263,38.543701171875,25.944576405384005,45,1.373291015625,1218,37.17041015625,0,0.0,0x790CD07A,3069,1262,1081,11.98828125,4.9296875,4.22265625,1,0x14,0,0,0,1,0,1,0,1,0,0,,,,,,,,,,,,,,,,,,,,,,
473,9,FREECAM_YAW,15.8,548650,16743.46923828125,1214,37.04833984375,26.99176276771005,46,1.40380859375,1168,35.64453125,0,0.0,0xC44C36AE,3069,1262,1081,11.98828125,4.9296875,4.22265625,1,0x14,0,0,0,1,0,1,0,1,0,0,,,,,,,,,,,,,,,,,,,,,,
474,9,FREECAM_YAW,15.833333333333334,549907,16781.829833984375,1257,38.360595703125,26.068416865552905,46,1.40380859375,1210,36.92626953125,1,0.030517578125,0xF1AFE5AA,3069,1262,1081,11.98828125,4.9296875,4.22265625,1,0x14,0,0,0,1,0,1,0,1,0,0,,,,,,,,,,,,,,,,,,,,,,
475,9,FREECAM_YAW,15.866666666666667,551186,16820.86181640625,1279,39.031982421875,25.620015637216575,45,1.373291015625,1234,37.65869140625,0,0.0,0x5595FB91,3069,1262,1081,11.98828125,4.9296875,4.22265625,1,0x14,0,0,0,1,0,1,0,1,0,0,,,,,,,,,,,,,,,,,,,,,,
476,9,FREECAM_YAW,15.9,552695,16866.912841796875,1509,46.051025390625,21.71504307488403,45,1.373291015625,1464,44.677734375,0,0.0,0x4E44351A,3069,1262,1081,11.98828125,4.9296875,4.22265625,1,0x14,0,0,0,1,0,1,0,1,0,0,,,,,,,,,,,,,,,,,,,,,,
477,9,FREECAM_YAW,15.933333333333334,553811,16900.970458984375,1116,34.0576171875,29.36200716845878,42,1.28173828125,1073,32.745361328125,1,0.030517578125,0x1DE63F1A,3069,1262,1081,11.98828125,4.9296875,4.22265625,1,0x14,0,0,0,1,0,1,0,1,0,0,,,,,,,,,,,,,,,,,,,,,,
478,9,FREECAM_YAW,15.966666666666667,554849,16932.647705078125,1038,31.67724609375,31.56840077071291,42,1.28173828125,995,30.364990234375,1,0.030517578125,0x61EB8F87,3069,1262,1081,11.98828125,4.9296875,4.22265625,1,0x14,0,0,0,1,0,1,0,1,0,0,,,,,,,,,,,,,,,,,,,,,,
479,9,FREECAM_YAW,16.0,555878,16964.05029296875,1029,31.402587890625,31.844509232264333,42,1.28173828125,987,30.120849609375,0,0.0,0x649F3B8F,3069,1262,1081,11.98828125,4.9296875,4.22265625,1,0x14,0,0,0,1,0,1,0,1,0,0,,,,,,,,,,,,,,,,,,,,,,
480,9,FREECAM_YAW,16.033333333333335,556919,16995.819091796875,1041,31.768798828125,31.477425552353505,42,1.28173828125,999,30.487060546875,0,0.0,0xD23C0287,3069,1262,1081,11.98828125,4.9296875,4.22265625,1,0x14,0,0,0,1,0,1,0,1,0,0,,,,,,,,,,,,,,,,,,,,,,
481,9,FREECAM_YAW,16.066666666666666,557951,17027.313232421875,1032,31.494140625,31.751937984496124,42,1.28173828125,989,30.181884765625,1,0.030517578125,0x9BA00F04,3069,1262,1081,11.98828125,4.9296875,4.22265625,1,0x14,0,0,0,1,0,1,0,1,0,0,,,,,,,,,,,,,,,,,,,,,,
482,9,FREECAM_YAW,16.1,558946,17057.67822265625,995,30.364990234375,32.93266331658292,43,1.312255859375,952,29.052734375,0,0.0,0x5905AEFB,3069,1262,1081,11.98828125,4.9296875,4.22265625,1,0x14,0,0,0,1,0,1,0,1,0,0,,,,,,,,,,,,,,,,,,,,,,
483,9,FREECAM_YAW,16.133333333333333,559705,17080.841064453125,759,23.162841796875,43.17259552042161,41,1.251220703125,717,21.881103515625,1,0.030517578125,0x1C3F4722,3069,1262,1081,11.98828125,4.9296875,4.22265625,1,0x14,0,0,0,1,0,1,0,1,0,0,,,,,,,,,,,,,,,,,,,,,,
484,9,FREECAM_YAW,16.166666666666668,560400,17102.05078125,695,21.209716796875,47.14820143884892,41,1.251220703125,653,19.927978515625,1,0.030517578125,0x621C0819,3069,1262,1081,11.98828125,4.9296875,4.22265625,1,0x14,0,0,0,1,0,1,0,1,0,0,,,,,,,,,,,,,,,,,,,,,,
485,9,FREECAM_YAW,16.2,561050,17121.88720703125,650,19.83642578125,50.41230769230769,41,1.251220703125,609,18.585205078125,0,0.0,0x3A0C8395,3069,1262,1081,11.98828125,4.9296875,4.22265625,1,0x14,0,0,0,1,0,1,0,1,0,0,,,,,,,,,,,,,,,,,,,,,,
486,9,FREECAM_YAW,16.233333333333334,561694,17141.54052734375,644,19.6533203125,50.88198757763975,42,1.28173828125,602,18.37158203125,0,0.0,0x956E0910,3069,1262,1081,11.98828125,4.9296875,4.22265625,1,0x14,0,0,0,1,0,1,0,1,0,0,,,,,,,,,,,,,,,,,,,,,,
487,9,FREECAM_YAW,16.266666666666666,562332,17161.0107421875,638,19.47021484375,51.36050156739812,42,1.28173828125,596,18.1884765625,0,0.0,0xF35E73A0,3069,1262,1081,11.98828125,4.9296875,4.22265625,1,0x14,0,0,0,1,0,1,0,1,0,0,,,,,,,,,,,,,,,,,,,,,,
488,9,FREECAM_YAW,16.3,562963,17180.267333984375,631,19.256591796875,51.93026941362916,42,1.28173828125,589,17.974853515625,0,0.0,0x32C0D7EA,3069,1262,1081,11.98828125,4.9296875,4.22265625,1,0x14,0,0,0,1,0,1,0,1,0,0,,,,,,,,,,,,,,,,,,,,,,
489,9,FREECAM_YAW,16.333333333333332,563473,17195.831298828125,510,15.56396484375,64.25098039215686,42,1.28173828125,468,14.2822265625,0,0.0,0x57C44DCC,3069,1262,1081,11.98828125,4.9296875,4.22265625,1,0x14,0,0,0,1,0,1,0,1,0,0,,,,,,,,,,,,,,,,,,,,,,
490,9,FREECAM_YAW,16.366666666666667,563954,17210.51025390625,481,14.678955078125,68.12474012474013,42,1.28173828125,439,13.397216796875,0,0.0,0x89168DA8,3069,1262,1081,11.98828125,4.9296875,4.22265625,1,0x14,0,0,0,1,0,1,0,1,0,0,,,,,,,,,,,,,,,,,,,,,,
491,9,FREECAM_YAW,16.4,564429,17225.006103515625,475,14.495849609375,68.98526315789474,42,1.28173828125,433,13.214111328125,0,0.0,0xCB557735,3069,1262,1081,11.98828125,4.9296875,4.22265625,1,0x14,0,0,0,1,0,1,0,1,0,0,,,,,,,,,,,,,,,,,,,,,,
492,9,FREECAM_YAW,16.433333333333334,564904,17239.501953125,475,14.495849609375,68.98526315789474,42,1.28173828125,433,13.214111328125,0,0.0,0x56F76AB7,3069,1262,1081,11.98828125,4.9296875,4.22265625,1,0x14,0,0,0,1,0,1,0,1,0,0,,,,,,,,,,,,,,,,,,,,,,
493,9,FREECAM_YAW,16.466666666666665,565401,17254.669189453125,497,15.167236328125,65.93158953722335,42,1.28173828125,455,13.885498046875,0,0.0,0x83E47B49,3069,1262,1081,11.98828125,4.9296875,4.22265625,1,0x14,0,0,0,1,0,1,0,1,0,0,,,,,,,,,,,,,,,,,,,,,,
494,9,FREECAM_YAW,16.5,566018,17273.49853515625,617,18.829345703125,53.10858995137763,42,1.28173828125,575,17.547607421875,0,0.0,0xB18646C1,3069,1262,1081,11.98828125,4.9296875,4.22265625,1,0x14,0,0,0,1,0,1,0,1,0,0,,,,,,,,,,,,,,,,,,,,,,
495,9,FREECAM_YAW,16.533333333333335,566645,17292.633056640625,627,19.134521484375,52.261562998405104,42,1.28173828125,584,17.822265625,1,0.030517578125,0x9119C7F9,3069,1262,1081,11.98828125,4.9296875,4.22265625,1,0x14,0,0,0,1,0,1,0,1,0,0,,,,,,,,,,,,,,,,,,,,,,
496,9,FREECAM_YAW,16.566666666666666,567281,17312.042236328125,636,19.4091796875,51.522012578616355,42,1.28173828125,594,18.12744140625,0,0.0,0xF67F2C2F,3069,1262,1081,11.98828125,4.9296875,4.22265625,1,0x14,0,0,0,1,0,1,0,1,0,0,,,,,,,,,,,,,,,,,,,,,,
497,9,FREECAM_YAW,16.6,567928,17331.787109375,647,19.744873046875,50.646058732612055,42,1.28173828125,604,18.4326171875,1,0.030517578125,0x5DDFDFF8,3069,1262,1081,11.98828125,4.9296875,4.22265625,1,0x14,0,0,0,1,0,1,0,1,0,0,,,,,,,,,,,,,,,,,,,,,,
498,9,FREECAM_YAW,16.633333333333333,568581,17351.715087890625,653,19.927978515625,50.18070444104135,42,1.28173828125,611,18.646240234375,0,0.0,0xAB06698E,3069,1262,1081,11.98828125,4.9296875,4.22265625,1,0x14,0,0,0,1,0,1,0,1,0,0,,,,,,,,,,,,,,,,,,,,,,
499,9,FREECAM_YAW,16.666666666666668,569269,17372.711181640625,688,20.99609375,47.627906976744185,42,1.28173828125,645,19.683837890625,1,0.030517578125,0x43E77967,3069,1262,1081,11.98828125,4.9296875,4.22265625,1,0x14,0,0,0,1,0,1,0,1,0,0,,,,,,,,,,,,,,,,,,,,,,
500,9,FREECAM_YAW,16.7,569953,17393.585205078125,684,20.8740234375,47.90643274853801,41,1.251220703125,643,19.622802734375,0,0.0,0x5CDADBC8,3069,1262,1081,11.98828125,4.9296875,4.22265625,1,0x14,0,0,0,1,0,1,0,1,0,0,,,,,,,,,,,,,,,,,,,,,,
501,9,FREECAM_YAW,16.733333333333334,570640,17414.55078125,687,20.965576171875,47.69723435225619,42,1.28173828125,645,19.683837890625,0,0.0,0x6DF32D85,3069,1262,1081,11.98828125,4.9296875,4.22265625,1,0x14,0,0,0,1,0,1,0,1,0,0,,,,,,,,,,,,,,,,,,,,,,
502,9,FREECAM_YAW,16.766666666666666,571303,17434.783935546875,663,20.233154296875,49.4238310708899,42,1.28173828125,621,18.951416015625,0,0.0,0x5CDADBC8,3069,1262,1081,11.98828125,4.9296875,4.22265625,1,0x14,0,0,0,1,0,1,0,-1,0,0,,,,,,,,,,,,,,,,,,,,,,
503,9,FREECAM_YAW,16.8,571985,17455.596923828125,682,20.81298828125,48.04692082111437,42,1.28173828125,640,19.53125,0,0.0,0x43E77967,3069,1262,1081,11.98828125,4.9296875,4.22265625,1,0x14,0,0,0,1,0,1,0,-1,0,0,,,,,,,,,,,,,,,,,,,,,,
504,9,FREECAM_YAW,16.833333333333332,572635,17475.433349609375,650,19.83642578125,50.41230769230769,42,1.28173828125,607,18.524169921875,1,0.030517578125,0xAB06698E,3069,1262,1081,11.98828125,4.9296875,4.22265625,1,0x14,0,0,0,1,0,1,0,-1,0,0,,,,,,,,,,,,,,,,,,,,,,
505,9,FREECAM_YAW,16.866666666666667,573286,17495.30029296875,651,19.866943359375,50.334869431643625,41,1.251220703125,610,18.61572265625,0,0.0,0x5DDFDFF8,3069,1262,1081,11.98828125,4.9296875,4.22265625,1,0x14,0,0,0,1,0,1,0,-1,0,0,,,,,,,,,,,,,,,,,,,,,,
506,9,FREECAM_YAW,16.9,573932,17515.0146484375,646,19.71435546875,50.72445820433437,42,1.28173828125,603,18.402099609375,1,0.030517578125,0xF67F2C2F,3069,1262,1081,11.98828125,4.9296875,4.22265625,1,0x14,0,0,0,1,0,1,0,-1,0,0,,,,,,,,,,,,,,,,,,,,,,
507,9,FREECAM_YAW,16.933333333333334,574571,17534.515380859375,639,19.500732421875,51.280125195618155,41,1.251220703125,597,18.218994140625,1,0.030517578125,0x9119C7F9,3069,1262,1081,11.98828125,4.9296875,4.22265625,1,0x14,0,0,0,1,0,1,0,-1,0,0,,,,,,,,,,,,,,,,,,,,,,
508,9,FREECAM_YAW,16.966666666666665,575199,17553.680419921875,628,19.1650390625,52.17834394904459,41,1.251220703125,587,17.913818359375,0,0.0,0xB18646C1,3069,1262,1081,11.98828125,4.9296875,4.22265625,1,0x14,0,0,0,1,0,1,0,-1,0,0,,,,,,,,,,,,,,,,,,,,,,
509,9,FREECAM_YAW,17.0,575704,17569.091796875,505,15.411376953125,64.88712871287129,42,1.28173828125,463,14.129638671875,0,0.0,0x83E47B49,3069,1262,1081,11.98828125,4.9296875,4.22265625,1,0x14,0,0,0,1,0,1,0,-1,0,0,,,,,,,,,,,,,,,,,,,,,,
510,9,FREECAM_YAW,17.033333333333335,576183,17583.709716796875,479,14.617919921875,68.40918580375782,42,1.28173828125,436,13.3056640625,1,0.030517578125,0x56F76AB7,3069,1262,1081,11.98828125,4.9296875,4.22265625,1,0x14,0,0,0,1,0,1,0,-1,0,0,,,,,,,,,,,,,,,,,,,,,,
511,9,FREECAM_YAW,17.066666666666666,576656,17598.14453125,473,14.434814453125,69.276955602537,41,1.251220703125,432,13.18359375,0,0.0,0xCB557735,3069,1262,1081,11.98828125,4.9296875,4.22265625,1,0x14,0,0,0,1,0,1,0,-1,0,0,,,,,,,,,,,,,,,,,,,,,,
512,9,FREECAM_YAW,17.1,577132,17612.6708984375,476,14.5263671875,68.84033613445378,42,1.28173828125,433,13.214111328125,1,0.030517578125,0x89168DA8,3069,1262,1081,11.98828125,4.9296875,4.22265625,1,0x14,0,0,0,1,0,1,0,-1,0,0,,,,,,,,,,,,,,,,,,,,,,
513,9,FREECAM_YAW,17.133333333333333,577630,17627.86865234375,498,15.19775390625,65.79919678714859,42,1.28173828125,456,13.916015625,0,0.0,0x57C44DCC,3069,1262,1081,11.98828125,4.9296875,4.22265625,1,0x14,0,0,0,1,0,1,0,-1,0,0,,,,,,,,,,,,,,,,,,,,,,
514,9,FREECAM_YAW,17.166666666666668,578250,17646.78955078125,620,18.9208984375,52.851612903225806,41,1.251220703125,579,17.669677734375,0,0.0,0x32C0D7EA,3069,1262,1081,11.98828125,4.9296875,4.22265625,1,0x14,0,0,0,1,0,1,0,-1,0,0,,,,,,,,,,,,,,,,,,,,,,
515,9,FREECAM_YAW,17.2,578880,17666.015625,630,19.22607421875,52.01269841269841,41,1.251220703125,589,17.974853515625,0,0.0,0xF35E73A0,3069,1262,1081,11.98828125,4.9296875,4.22265625,1,0x14,0,0,0,1,0,1,0,-1,0,0,,,,,,,,,,,,,,,,,,,,,,
516,9,FREECAM_YAW,17.233333333333334,579519,17685.516357421875,639,19.500732421875,51.280125195618155,41,1.251220703125,597,18.218994140625,1,0.030517578125,0x956E0910,3069,1262,1081,11.98828125,4.9296875,4.22265625,1,0x14,0,0,0,1,0,1,0,-1,0,0,,,,,,,,,,,,,,,,,,,,,,
517,9,FREECAM_YAW,17.266666666666666,580164,17705.2001953125,645,19.683837890625,50.8031007751938,42,1.28173828125,603,18.402099609375,0,0.0,0x3A0C8395,3069,1262,1081,11.98828125,4.9296875,4.22265625,1,0x14,0,0,0,1,0,1,0,-1,0,0,,,,,,,,,,,,,,,,,,,,,,
518,9,FREECAM_YAW,17.3,580816,17725.09765625,652,19.8974609375,50.25766871165644,41,1.251220703125,611,18.646240234375,0,0.0,0x621C0819,3069,1262,1081,11.98828125,4.9296875,4.22265625,1,0x14,0,0,0,1,0,1,0,-1,0,0,,,,,,,,,,,,,,,,,,,,,,
519,9,FREECAM_YAW,17.333333333333332,581503,17746.063232421875,687,20.965576171875,47.69723435225619,42,1.28173828125,644,19.6533203125,1,0.030517578125,0x1C3F4722,3069,1262,1081,11.98828125,4.9296875,4.22265625,1,0x14,0,0,0,1,0,1,0,-1,0,0,,,,,,,,,,,,,,,,,,,,,,
520,9,FREECAM_YAW,17.366666666666667,582182,17766.78466796875,679,20.721435546875,48.25920471281296,41,1.251220703125,638,19.47021484375,0,0.0,0x5905AEFB,3069,1262,1081,11.98828125,4.9296875,4.22265625,1,0x14,0,0,0,1,0,1,0,-1,0,0,,,,,,,,,,,,,,,,,,,,,,
521,9,FREECAM_YAW,17.4,582870,17787.78076171875,688,20.99609375,47.627906976744185,41,1.251220703125,646,19.71435546875,1,0.030517578125,0x9BA00F04,3069,1262,1081,11.98828125,4.9296875,4.22265625,1,0x14,0,0,0,1,0,1,0,-1,0,0,,,,,,,,,,,,,,,,,,,,,,
522,9,FREECAM_YAW,17.433333333333334,583561,17808.868408203125,691,21.087646484375,47.421128798842254,42,1.28173828125,649,19.805908203125,0,0.0,0xD23C0287,3069,1262,1081,11.98828125,4.9296875,4.22265625,1,0x14,0,0,0,1,0,1,0,-1,0,0,,,,,,,,,,,,,,,,,,,,,,
523,9,FREECAM_YAW,17.466666666666665,584254,17830.01708984375,693,21.148681640625,47.284271284271284,42,1.28173828125,650,19.83642578125,1,0.030517578125,0x649F3B8F,3069,1262,1081,11.98828125,4.9296875,4.22265625,1,0x14,0,0,0,1,0,1,0,-1,0,0,,,,,,,,,,,,,,,,,,,,,,
524,9,FREECAM_YAW,17.5,584947,17851.165771484375,693,21.148681640625,47.284271284271284,42,1.28173828125,650,19.83642578125,1,0.030517578125,0x61EB8F87,3069,1262,1081,11.98828125,4.9296875,4.22265625,1,0x14,0,0,0,1,0,1,0,-1,0,0,,,,,,,,,,,,,,,,,,,,,,
525,9,FREECAM_YAW,17.533333333333335,585631,17872.039794921875,684,20.8740234375,47.90643274853801,42,1.28173828125,642,19.59228515625,0,0.0,0x1DE63F1A,3069,1262,1081,11.98828125,4.9296875,4.22265625,1,0x14,0,0,0,1,0,1,0,-1,0,0,,,,,,,,,,,,,,,,,,,,,,
526,9,FREECAM_YAW,17.566666666666666,586289,17892.120361328125,658,20.08056640625,49.79939209726444,41,1.251220703125,617,18.829345703125,0,0.0,0x4E44351A,3069,1262,1081,11.98828125,4.9296875,4.22265625,1,0x14,0,0,0,1,0,1,0,-1,0,0,,,,,,,,,,,,,,,,,,,,,,
527,9,FREECAM_YAW,17.6,586888,17910.400390625,599,18.280029296875,54.70450751252087,42,1.28173828125,556,16.9677734375,1,0.030517578125,0x5595FB91,3069,1262,1081,11.98828125,4.9296875,4.22265625,1,0x14,0,0,0,1,0,1,0,-1,0,0,,,,,,,,,,,,,,,,,,,,,,
528,9,FREECAM_YAW,17.633333333333333,587481,17928.497314453125,593,18.096923828125,55.25801011804384,41,1.251220703125,552,16.845703125,0,0.0,0xF1AFE5AA,3069,1262,1081,11.98828125,4.9296875,4.22265625,1,0x14,0,0,0,1,0,1,0,-1,0,0,,,,,,,,,,,,,,,,,,,,,,
529,9,FREECAM_YAW,17.666666666666668,588061,17946.197509765625,580,17.7001953125,56.49655172413793,42,1.28173828125,538,16.41845703125,0,0.0,0xC44C36AE,3069,1262,1081,11.98828125,4.9296875,4.22265625,1,0x14,0,0,0,1,0,1,0,-1,0,0,,,,,,,,,,,,,,,,,,,,,,
530,9,FREECAM_YAW,17.7,588649,17964.141845703125,588,17.9443359375,55.72789115646258,41,1.251220703125,546,16.66259765625,1,0.030517578125,0x790CD07A,3069,1262,1081,11.98828125,4.9296875,4.22265625,1,0x14,0,0,0,1,0,1,0,-1,0,0,,,,,,,,,,,,,,,,,,,,,,
531,9,FREECAM_YAW,17.733333333333334,589248,17982.421875,599,18.280029296875,54.70450751252087,41,1.251220703125,557,16.998291015625,1,0.030517578125,0x1860A20C,3069,1262,1081,11.98828125,4.9296875,4.22265625,1,0x14,0,0,0,1,0,1,0,-1,0,0,,,,,,,,,,,,,,,,,,,,,,
532,9,FREECAM_YAW,17.766666666666666,589866,18001.28173828125,618,18.85986328125,53.02265372168285,41,1.251220703125,577,17.608642578125,0,0.0,0x6C7F7CAB,3069,1262,1081,11.98828125,4.9296875,4.22265625,1,0x14,0,0,0,1,0,1,0,-1,0,0,,,,,,,,,,,,,,,,,,,,,,
533,9,FREECAM_YAW,17.8,590487,18020.233154296875,621,18.951416015625,52.76650563607085,42,1.28173828125,579,17.669677734375,0,0.0,0x0E8CE62B,3069,1262,1081,11.98828125,4.9296875,4.22265625,1,0x14,0,0,0,1,0,1,0,-1,0,0,,,,,,,,,,,,,,,,,,,,,,
534,9,FREECAM_YAW,17.833333333333332,591104,18039.0625,617,18.829345703125,53.10858995137763,42,1.28173828125,575,17.547607421875,0,0.0,0x07E496EE,3069,1262,1081,11.98828125,4.9296875,4.22265625,1,0x14,0,0,0,1,0,1,0,-1,0,0,,,,,,,,,,,,,,,,,,,,,,
535,9,FREECAM_YAW,17.866666666666667,591722,18057.92236328125,618,18.85986328125,53.02265372168285,42,1.28173828125,576,17.578125,0,0.0,0x8890F534,3069,1262,1081,11.98828125,4.9296875,4.22265625,1,0x14,0,0,0,1,0,1,0,-1,0,0,,,,,,,,,,,,,,,,,,,,,,
536,9,FREECAM_YAW,17.9,592307,18075.775146484375,585,17.852783203125,56.013675213675214,42,1.28173828125,543,16.571044921875,0,0.0,0x5A543504,3069,1262,1081,11.98828125,4.9296875,4.22265625,1,0x14,0,0,0,1,0,1,0,-1,0,0,,,,,,,,,,,,,,,,,,,,,,
537,9,FREECAM_YAW,17.933333333333334,592952,18095.458984375,645,19.683837890625,50.8031007751938,41,1.251220703125,604,18.4326171875,0,0.0,0x44428AB8,3069,1262,1081,11.98828125,4.9296875,4.22265625,1,0x14,0,0,0,1,0,1,0,-1,0,0,,,,,,,,,,,,,,,,,,,,,,
538,9,FREECAM_YAW,17.966666666666665,593628,18116.0888671875,676,20.6298828125,48.47337278106509,42,1.28173828125,633,19.317626953125,1,0.030517578125,0xD178667F,3069,1262,1081,11.98828125,4.9296875,4.22265625,1,0x14,0,0,0,1,0,1,0,-1,0,0,,,,,,,,,,,,,,,,,,,,,,
539,9,FREECAM_YAW,18.0,594305,18136.749267578125,677,20.660400390625,48.40177252584934,41,1.251220703125,636,19.4091796875,0,0.0,0x9BDD0F89,3069,1262,1081,11.98828125,4.9296875,4.22265625,1,0x14,0,0,0,1,0,1,0,-1,0,0,,,,,,,,,,,,,,,,,,,,,,
540,9,FREECAM_YAW,18.033333333333335,594984,18157.470703125,679,20.721435546875,48.25920471281296,41,1.251220703125,638,19.47021484375,0,0.0,0x299B9677,3069,1262,1081,11.98828125,4.9296875,4.22265625,1,0x14,0,0,0,1,0,1,0,-1,0,0,,,,,,,,,,,,,,,,,,,,,,
541,9,FREECAM_YAW,18.066666666666666,595667,18178.314208984375,683,20.843505859375,47.97657393850659,42,1.28173828125,641,19.561767578125,0,0.0,0x49EC8067,3069,1262,1081,11.98828125,4.9296875,4.22265625,1,0x14,0,0,0,1,0,1,0,-1,0,0,,,,,,,,,,,,,,,,,,,,,,
542,9,FREECAM_YAW,18.1,596363,18199.554443359375,696,21.240234375,47.08045977011494,42,1.28173828125,653,19.927978515625,1,0.030517578125,0x926FA628,3069,1262,1081,11.98828125,4.9296875,4.22265625,1,0x14,0,0,0,1,0,1,0,-1,0,0,,,,,,,,,,,,,,,,,,,,,,
543,9,FREECAM_YAW,18.133333333333333,597058,18220.76416015625,695,21.209716796875,47.14820143884892,42,1.28173828125,653,19.927978515625,0,0.0,0x83B902EA,3069,1262,1081,11.98828125,4.9296875,4.22265625,1,0x14,0,0,0,1,0,1,0,-1,0,0,,,,,,,,,,,,,,,,,,,,,,
544,9,FREECAM_YAW,18.166666666666668,597756,18242.0654296875,698,21.30126953125,46.94555873925501,42,1.28173828125,656,20.01953125,0,0.0,0x2E6A0A0E,3069,1262,1081,11.98828125,4.9296875,4.22265625,1,0x14,0,0,0,1,0,1,0,-1,0,0,,,,,,,,,,,,,,,,,,,,,,
545,9,FREECAM_YAW,18.2,598440,18262.939453125,684,20.8740234375,47.90643274853801,42,1.28173828125,642,19.59228515625,0,0.0,0x288A2C51,3069,1262,1081,11.98828125,4.9296875,4.22265625,1,0x14,0,0,0,1,0,1,0,-1,0,0,,,,,,,,,,,,,,,,,,,,,,
546,9,FREECAM_YAW,18.233333333333334,599118,18283.63037109375,678,20.69091796875,48.33038348082596,42,1.28173828125,635,19.378662109375,1,0.030517578125,0x0BBF162F,3069,1262,1081,11.98828125,4.9296875,4.22265625,1,0x14,0,0,0,1,0,1,0,-1,0,0,,,,,,,,,,,,,,,,,,,,,,
547,9,FREECAM_YAW,18.266666666666666,599785,18303.985595703125,667,20.355224609375,49.12743628185907,41,1.251220703125,626,19.10400390625,0,0.0,0x738F6485,3069,1262,1081,11.98828125,4.9296875,4.22265625,1,0x14,0,0,0,1,0,1,0,-1,0,0,,,,,,,,,,,,,,,,,,,,,,
548,9,FREECAM_YAW,18.3,600419,18323.333740234375,634,19.34814453125,51.68454258675079,42,1.28173828125,591,18.035888671875,1,0.030517578125,0x2E1DABB5,3069,1262,1081,11.98828125,4.9296875,4.22265625,1,0x14,0,0,0,1,0,1,0,-1,0,0,,,,,,,,,,,,,,,,,,,,,,
549,9,FREECAM_YAW,18.333333333333332,601043,18342.376708984375,624,19.04296875,52.51282051282051,41,1.251220703125,583,17.791748046875,0,0.0,0x8BBE58C6,3069,1262,1081,11.98828125,4.9296875,4.22265625,1,0x14,0,0,0,1,0,1,0,-1,0,0,,,,,,,,,,,,,,,,,,,,,,
550,9,FREECAM_YAW,18.366666666666667,601659,18361.175537109375,616,18.798828125,53.1948051948052,42,1.28173828125,574,17.51708984375,0,0.0,0x3F7972FA,3069,1262,1081,11.98828125,4.9296875,4.22265625,1,0x14,0,0,0,1,0,1,0,-1,0,0,,,,,,,,,,,,,,,,,,,,,,
551,9,FREECAM_YAW,18.4,602190,18377.38037109375,531,16.204833984375,61.709981167608284,41,1.251220703125,490,14.95361328125,0,0.0,0x198020E6,3069,1262,1081,11.98828125,4.9296875,4.22265625,1,0x14,0,0,0,1,0,1,0,-1,0,0,,,,,,,,,,,,,,,,,,,,,,
552,9,FREECAM_YAW,18.433333333333334,602722,18393.61572265625,532,16.2353515625,61.59398496240601,42,1.28173828125,489,14.923095703125,1,0.030517578125,0x60A33A9C,3069,1262,1081,11.98828125,4.9296875,4.22265625,1,0x14,0,0,0,1,0,1,0,-1,0,0,,,,,,,,,,,,,,,,,,,,,,
553,9,FREECAM_YAW,18.466666666666665,603197,18408.111572265625,475,14.495849609375,68.98526315789474,41,1.251220703125,433,13.214111328125,1,0.030517578125,0xBF360EA3,3069,1262,1081,11.98828125,4.9296875,4.22265625,1,0x14,0,0,0,1,0,1,0,-1,0,0,,,,,,,,,,,,,,,,,,,,,,
554,9,FREECAM_YAW,18.5,603672,18422.607421875,475,14.495849609375,68.98526315789474,42,1.28173828125,433,13.214111328125,0,0.0,0xFFCB4259,3069,1262,1081,11.98828125,4.9296875,4.22265625,1,0x14,0,0,0,1,0,1,0,-1,0,0,,,,,,,,,,,,,,,,,,,,,,
555,9,FREECAM_YAW,18.533333333333335,604146,18437.07275390625,474,14.46533203125,69.13080168776371,42,1.28173828125,432,13.18359375,0,0.0,0x3DDA4090,3069,1262,1081,11.98828125,4.9296875,4.22265625,1,0x14,0,0,0,1,0,1,0,-1,0,0,,,,,,,,,,,,,,,,,,,,,,
556,9,FREECAM_YAW,18.566666666666666,604672,18453.125,526,16.05224609375,62.29657794676806,42,1.28173828125,484,14.7705078125,0,0.0,0x646433BE,3069,1262,1081,11.98828125,4.9296875,4.22265625,1,0x14,0,0,0,1,0,1,0,-1,0,0,,,,,,,,,,,,,,,,,,,,,,
557,9,FREECAM_YAW,18.6,605225,18470.001220703125,553,16.876220703125,59.25497287522604,42,1.28173828125,511,15.594482421875,0,0.0,0x0DC77C76,3069,1262,1081,11.98828125,4.9296875,4.22265625,1,0x14,0,0,0,1,0,1,0,-1,0,0,,,,,,,,,,,,,,,,,,,,,,
558,9,FREECAM_YAW,18.633333333333333,605838,18488.70849609375,613,18.707275390625,53.45513866231648,42,1.28173828125,571,17.425537109375,0,0.0,0xD2CB2DFC,3069,1262,1081,11.98828125,4.9296875,4.22265625,1,0x14,0,0,0,1,0,1,0,-1,0,0,,,,,,,,,,,,,,,,,,,,,,
559,9,FREECAM_YAW,18.666666666666668,606456,18507.568359375,618,18.85986328125,53.02265372168285,42,1.28173828125,576,17.578125,0,0.0,0x70927F5D,3069,1262,1081,11.98828125,4.9296875,4.22265625,1,0x14,0,0,0,1,0,1,0,-1,0,0,,,,,,,,,,,,,,,,,,,,,,
560,9,FREECAM_YAW,18.7,607109,18527.496337890625,653,19.927978515625,50.18070444104135,42,1.28173828125,611,18.646240234375,0,0.0,0x042130CE,3069,1262,1081,11.98828125,4.9296875,4.22265625,1,0x14,0,0,0,1,0,1,0,-1,0,0,,,,,,,,,,,,,,,,,,,,,,
561,9,FREECAM_YAW,18.733333333333334,607774,18547.79052734375,665,20.294189453125,49.275187969924815,42,1.28173828125,623,19.012451171875,0,0.0,0xFF8769B6,3069,1262,1081,11.98828125,4.9296875,4.22265625,1,0x14,0,0,0,1,0,1,0,-1,0,0,,,,,,,,,,,,,,,,,,,,,,
562,9,FREECAM_YAW,18.766666666666666,608453,18568.511962890625,679,20.721435546875,48.25920471281296,42,1.28173828125,636,19.4091796875,1,0.030517578125,0xC113AF95,3069,1262,1081,11.98828125,4.9296875,4.22265625,1,0x14,0,0,0,1,0,1,0,-1,0,0,,,,,,,,,,,,,,,,,,,,,,
563,9,FREECAM_YAW,18.8,609139,18589.447021484375,686,20.93505859375,47.7667638483965,42,1.28173828125,644,19.6533203125,0,0.0,0xA2A40271,3069,1262,1081,11.98828125,4.9296875,4.22265625,1,0x14,0,0,0,1,0,1,0,-1,0,0,,,,,,,,,,,,,,,,,,,,,,
564,9,FREECAM_YAW,18.833333333333332,609830,18610.53466796875,691,21.087646484375,47.421128798842254,42,1.28173828125,649,19.805908203125,0,0.0,0x53C02975,3069,1262,1081,11.98828125,4.9296875,4.22265625,1,0x14,0,0,0,1,0,1,0,-1,0,0,,,,,,,,,,,,,,,,,,,,,,
565,9,FREECAM_YAW,18.866666666666667,610524,18631.7138671875,694,21.17919921875,47.216138328530256,42,1.28173828125,651,19.866943359375,1,0.030517578125,0xD6FA1B1C,3069,1262,1081,11.98828125,4.9296875,4.22265625,1,0x1C,0,0,0,1,1,1,0,-1,0,0,,,,,,,,,,,,,,,,,,,,,,
566,10,FREECAM_3D,18.9,611226,18653.13720703125,702,21.42333984375,46.67806267806268,42,1.28173828125,660,20.1416015625,0,0.0,0x97B6A86E,3069,1262,1081,11.98828125,4.9296875,4.22265625,1,0x14,0,0,0,1,0,1,0,0,1,0,,,,,,,,,,,,,,,,,,,,,,
567,10,FREECAM_3D,18.933333333333334,611976,18676.025390625,750,22.88818359375,43.690666666666665,42,1.28173828125,708,21.6064453125,0,0.0,0xB16D2C2A,3069,1262,1081,11.98828125,4.9296875,4.22265625,1,0x14,0,0,0,1,0,1,0,0,1,0,,,,,,,,,,,,,,,,,,,,,,
568,10,FREECAM_3D,18.966666666666665,612735,18699.188232421875,759,23.162841796875,43.17259552042161,43,1.312255859375,715,21.820068359375,1,0.030517578125,0x99232FBD,3069,1262,1081,11.98828125,4.9296875,4.22265625,1,0x14,0,0,0,1,0,1,0,0,1,0,,,,,,,,,,,,,,,,,,,,,,
569,10,FREECAM_3D,19.0,613508,18722.7783203125,773,23.590087890625,42.39068564036223,43,1.312255859375,730,22.27783203125,0,0.0,0x87F93679,3069,1262,1081,11.98828125,4.9296875,4.22265625,1,0x14,0,0,0,1,0,1,0,0,1,0,,,,,,,,,,,,,,,,,,,,,,
570,10,FREECAM_3D,19.033333333333335,614328,18747.802734375,820,25.0244140625,39.9609756097561,42,1.28173828125,778,23.74267578125,0,0.0,0x58F5109B,3069,1262,1081,11.98828125,4.9296875,4.22265625,1,0x14,0,0,0,1,0,1,0,0,1,0,,,,,,,,,,,,,,,,,,,,,,
571,10,FREECAM_3D,19.066666666666666,615170,18773.49853515625,842,25.69580078125,38.91686460807601,42,1.28173828125,800,24.4140625,0,0.0,0xAE96CAD8,3069,1262,1081,11.98828125,4.9296875,4.22265625,1,0x14,0,0,0,1,0,1,0,0,1,0,,,,,,,,,,,,,,,,,,,,,,
572,10,FREECAM_3D,19.1,616041,18800.079345703125,871,26.580810546875,37.621125143513204,42,1.28173828125,828,25.2685546875,1,0.030517578125,0xA3747F26,3069,1262,1081,11.98828125,4.9296875,4.22265625,1,0x14,0,0,0,1,0,1,0,0,1,0,,,,,,,,,,,,,,,,,,,,,,
573,10,FREECAM_3D,19.133333333333333,616926,18827.08740234375,885,27.008056640625,37.02598870056497,42,1.28173828125,843,25.726318359375,0,0.0,0xC7FFADCF,3069,1262,1081,11.98828125,4.9296875,4.22265625,1,0x14,0,0,0,1,0,1,0,0,1,0,,,,,,,,,,,,,,,,,,,,,,
574,10,FREECAM_3D,19.166666666666668,617841,18855.010986328125,915,27.923583984375,35.8120218579235,42,1.28173828125,873,26.641845703125,0,0.0,0xA44C425B,3069,1262,1081,11.98828125,4.9296875,4.22265625,1,0x14,0,0,0,1,0,1,0,0,1,0,,,,,,,,,,,,,,,,,,,,,,
575,10,FREECAM_3D,19.2,618761,18883.087158203125,920,28.076171875,35.61739130434783,42,1.28173828125,878,26.79443359375,0,0.0,0xF20D7777,3069,1262,1081,11.98828125,4.9296875,4.22265625,1,0x14,0,0,0,1,0,1,0,0,1,0,,,,,,,,,,,,,,,,,,,,,,
576,10,FREECAM_3D,19.233333333333334,619681,18911.163330078125,920,28.076171875,35.61739130434783,43,1.312255859375,876,26.7333984375,1,0.030517578125,0x1D68886C,3069,1262,1081,11.98828125,4.9296875,4.22265625,1,0x14,0,0,0,1,0,1,0,0,1,0,,,,,,,,,,,,,,,,,,,,,,
577,10,FREECAM_3D,19.266666666666666,620534,18937.19482421875,853,26.031494140625,38.41500586166471,42,1.28173828125,810,24.71923828125,1,0.030517578125,0x65DFB05A,3069,1262,1081,11.98828125,4.9296875,4.22265625,1,0x14,0,0,0,1,0,1,0,0,1,0,,,,,,,,,,,,,,,,,,,,,,
578,10,FREECAM_3D,19.3,621404,18963.7451171875,870,26.55029296875,37.66436781609195,42,1.28173828125,828,25.2685546875,0,0.0,0x7EDEF92F,3069,1262,1081,11.98828125,4.9296875,4.22265625,1,0x14,0,0,0,1,0,1,0,0,1,0,,,,,,,,,,,,,,,,,,,,,,
579,10,FREECAM_3D,19.333333333333332,622204,18988.1591796875,800,24.4140625,40.96,42,1.28173828125,757,23.101806640625,1,0.030517578125,0x4310EEA4,3069,1262,1081,11.98828125,4.9296875,4.22265625,1,0x14,0,0,0,1,0,1,0,0,1,0,,,,,,,,,,,,,,,,,,,,,,
580,10,FREECAM_3D,19.366666666666667,623001,19012.481689453125,797,24.322509765625,41.114178168130486,42,1.28173828125,754,23.01025390625,1,0.030517578125,0x757DE4F2,3069,1262,1081,11.98828125,4.9296875,4.22265625,1,0x14,0,0,0,1,0,1,0,0,1,0,,,,,,,,,,,,,,,,,,,,,,
581,10,FREECAM_3D,19.4,623782,19036.31591796875,781,23.834228515625,41.956466069142124,42,1.28173828125,739,22.552490234375,0,0.0,0x7496D160,3069,1262,1081,11.98828125,4.9296875,4.22265625,1,0x14,0,0,0,1,0,1,0,0,1,0,,,,,,,,,,,,,,,,,,,,,,
582,10,FREECAM_3D,19.433333333333334,624561,19060.089111328125,779,23.773193359375,42.06418485237484,42,1.28173828125,736,22.4609375,1,0.030517578125,0x0F828D67,3069,1262,1081,11.98828125,4.9296875,4.22265625,1,0x14,0,0,0,1,0,1,0,0,1,0,,,,,,,,,,,,,,,,,,,,,,
583,10,FREECAM_3D,19.466666666666665,625336,19083.740234375,775,23.651123046875,42.281290322580645,42,1.28173828125,732,22.3388671875,1,0.030517578125,0x75381BF2,3069,1262,1081,11.98828125,4.9296875,4.22265625,1,0x14,0,0,0,1,0,1,0,0,1,0,,,,,,,,,,,,,,,,,,,,,,
584,10,FREECAM_3D,19.5,626108,19107.2998046875,772,23.5595703125,42.44559585492228,43,1.312255859375,729,22.247314453125,0,0.0,0xBA858160,3069,1262,1081,11.98828125,4.9296875,4.22265625,1,0x14,0,0,0,1,0,1,0,0,1,0,,,,,,,,,,,,,,,,,,,,,,
585,10,FREECAM_3D,19.533333333333335,626925,19132.232666015625,817,24.932861328125,40.10771113831089,42,1.28173828125,775,23.651123046875,0,0.0,0x301ECFFF,3069,1262,1081,11.98828125,4.9296875,4.22265625,1,0x14,0,0,0,1,0,1,0,0,1,0,,,,,,,,,,,,,,,,,,,,,,
586,10,FREECAM_3D,19.566666666666666,627747,19157.318115234375,822,25.08544921875,39.86374695863747,42,1.28173828125,780,23.8037109375,0,0.0,0x1CAD1FE7,3069,1262,1081,11.98828125,4.9296875,4.22265625,1,0x14,0,0,0,1,0,1,0,0,1,0,,,,,,,,,,,,,,,,,,,,,,
587,10,FREECAM_3D,19.6,628566,19182.31201171875,819,24.993896484375,40.00976800976801,43,1.312255859375,776,23.681640625,0,0.0,0x125C255F,3069,1262,1081,11.98828125,4.9296875,4.22265625,1,0x14,0,0,0,1,0,1,0,0,1,0,,,,,,,,,,,,,,,,,,,,,,
588,10,FREECAM_3D,19.633333333333333,629453,19209.381103515625,887,27.069091796875,36.94250281848929,42,1.28173828125,845,25.787353515625,0,0.0,0x351999EE,3069,1262,1081,11.98828125,4.9296875,4.22265625,1,0x14,0,0,0,1,0,1,0,0,1,0,,,,,,,,,,,,,,,,,,,,,,
589,10,FREECAM_3D,19.666666666666668,630356,19236.9384765625,903,27.557373046875,36.287929125138426,42,1.28173828125,860,26.2451171875,1,0.030517578125,0xAC17D57C,3069,1262,1081,11.98828125,4.9296875,4.22265625,1,0x14,0,0,0,1,0,1,0,0,1,0,,,,,,,,,,,,,,,,,,,,,,
590,10,FREECAM_3D,19.7,631282,19265.19775390625,926,28.25927734375,35.3866090712743,42,1.28173828125,884,26.9775390625,0,0.0,0x9AB97DEB,3069,1262,1081,11.98828125,4.9296875,4.22265625,1,0x14,0,0,0,1,0,1,0,0,1,0,,,,,,,,,,,,,,,,,,,,,,
591,10,FREECAM_3D,19.733333333333334,632415,19299.774169921875,1133,34.576416015625,28.92144748455428,43,1.312255859375,1090,33.26416015625,0,0.0,0x9F0DFB31,3069,1262,1081,11.98828125,4.9296875,4.22265625,1,0x14,0,0,0,1,0,1,0,0,1,0,,,,,,,,,,,,,,,,,,,,,,
592,10,FREECAM_3D,19.766666666666666,633574,19335.14404296875,1159,35.369873046875,28.272648835202762,43,1.312255859375,1115,34.027099609375,1,0.030517578125,0x71DCCEE5,3069,1262,1081,11.98828125,4.9296875,4.22265625,1,0x14,0,0,0,1,0,1,0,0,1,0,,,,,,,,,,,,,,,,,,,,,,
593,10,FREECAM_3D,19.8,634737,19370.635986328125,1163,35.491943359375,28.175408426483234,42,1.28173828125,1121,34.210205078125,0,0.0,0xA5FAE12A,3069,1262,1081,11.98828125,4.9296875,4.22265625,1,0x14,0,0,0,1,0,1,0,0,1,0,,,,,,,,,,,,,,,,,,,,,,
594,10,FREECAM_3D,19.833333333333332,635963,19408.050537109375,1226,37.41455078125,26.72756933115824,43,1.312255859375,1182,36.07177734375,1,0.030517578125,0xA5318462,3069,1262,1081,11.98828125,4.9296875,4.22265625,1,0x14,0,0,0,1,0,1,0,0,1,0,,,,,,,,,,,,,,,,,,,,,,
595,10,FREECAM_3D,19.866666666666667,637187,19445.404052734375,1224,37.353515625,26.77124183006536,42,1.28173828125,1181,36.041259765625,1,0.030517578125,0x0F056F37,3069,1262,1081,11.98828125,4.9296875,4.22265625,1,0x14,0,0,0,1,0,1,0,0,1,0,,,,,,,,,,,,,,,,,,,,,,
596,10,FREECAM_3D,19.9,638417,19482.940673828125,1230,37.53662109375,26.640650406504065,42,1.28173828125,1188,36.2548828125,0,0.0,0x3DD7AA69,3069,1262,1081,11.98828125,4.9296875,4.22265625,1,0x14,0,0,0,1,0,1,0,0,1,0,,,,,,,,,,,,,,,,,,,,,,
597,10,FREECAM_3D,19.933333333333334,639710,19522.39990234375,1293,39.459228515625,25.34261407579273,42,1.28173828125,1250,38.14697265625,1,0.030517578125,0xE75BFEC1,3069,1262,1081,11.98828125,4.9296875,4.22265625,1,0x14,0,0,0,1,0,1,0,0,1,0,,,,,,,,,,,,,,,,,,,,,,
598,10,FREECAM_3D,19.966666666666665,641072,19563.96484375,1362,41.56494140625,24.058737151248163,42,1.28173828125,1319,40.252685546875,1,0.030517578125,0xD5D21860,3069,1262,1081,11.98828125,4.9296875,4.22265625,1,0x14,0,0,0,1,0,1,0,0,1,0,,,,,,,,,,,,,,,,,,,,,,
599,10,FREECAM_3D,20.0,642475,19606.781005859375,1403,42.816162109375,23.355666429080543,42,1.28173828125,1361,41.534423828125,0,0.0,0x95EDCE06,3069,1262,1081,11.98828125,4.9296875,4.22265625,1,0x14,0,0,0,1,0,1,0,0,1,0,,,,,,,,,,,,,,,,,,,,,,
600,10,FREECAM_3D,20.033333333333335,643933,19651.275634765625,1458,44.49462890625,22.474622770919066,42,1.28173828125,1416,43.212890625,0,0.0,0x63CE50E1,3069,1262,1081,11.98828125,4.9296875,4.22265625,1,0x14,0,0,0,1,0,1,0,0,1,0,,,,,,,,,,,,,,,,,,,,,,
601,10,FREECAM_3D,20.066666666666666,645423,19696.746826171875,1490,45.47119140625,21.99194630872483,42,1.28173828125,1448,44.189453125,0,0.0,0x6BFB6151,3069,1262,1081,11.98828125,4.9296875,4.22265625,1,0x14,0,0,0,1,0,1,0,0,1,0,,,,,,,,,,,,,,,,,,,,,,
602,10,FREECAM_3D,20.1,646938,19742.98095703125,1515,46.234130859375,21.62904290429043,42,1.28173828125,1473,44.952392578125,0,0.0,0xBC1EDF23,3069,1262,1081,11.98828125,4.9296875,4.22265625,1,0x14,0,0,0,1,0,1,0,0,1,0,,,,,,,,,,,,,,,,,,,,,,
603,10,FREECAM_3D,20.133333333333333,648487,19790.252685546875,1549,47.271728515625,21.154293092317623,42,1.28173828125,1507,45.989990234375,0,0.0,0xF7C30E54,3069,1262,1081,11.98828125,4.9296875,4.22265625,1,0x14,0,0,0,1,0,1,0,0,1,0,,,,,,,,,,,,,,,,,,,,,,
604,10,FREECAM_3D,20.166666666666668,650059,19838.226318359375,1572,47.9736328125,20.844783715012724,42,1.28173828125,1529,46.661376953125,1,0.030517578125,0x4540FC6A,3069,1262,1081,11.98828125,4.9296875,4.22265625,1,0x14,0,0,0,1,0,1,0,0,1,0,,,,,,,,,,,,,,,,,,,,,,
605,10,FREECAM_3D,20.2,651654,19886.90185546875,1595,48.675537109375,20.54420062695925,42,1.28173828125,1553,47.393798828125,0,0.0,0x06815C15,3069,1262,1081,11.98828125,4.9296875,4.22265625,1,0x14,0,0,0,1,0,1,0,0,1,0,,,,,,,,,,,,,,,,,,,,,,
606,10,FREECAM_3D,20.233333333333334,653295,19936.981201171875,1641,50.079345703125,19.968312004875077,42,1.28173828125,1599,48.797607421875,0,0.0,0x7CE2CE39,3069,1262,1081,11.98828125,4.9296875,4.22265625,1,0x14,0,0,0,1,0,1,0,0,1,0,,,,,,,,,,,,,,,,,,,,,,
607,10,FREECAM_3D,20.266666666666666,654960,19987.79296875,1665,50.811767578125,19.68048048048048,42,1.28173828125,1622,49.49951171875,1,0.030517578125,0x0BF6A32B,3069,1262,1081,11.98828125,4.9296875,4.22265625,1,0x14,0,0,0,1,0,1,0,0,1,0,,,,,,,,,,,,,,,,,,,,,,
608,10,FREECAM_3D,20.3,656596,20037.7197265625,1636,49.9267578125,20.029339853300733,42,1.28173828125,1593,48.614501953125,1,0.030517578125,0xD06752C8,3069,1262,1081,11.98828125,4.9296875,4.22265625,1,0x14,0,0,0,1,0,1,0,0,1,0,,,,,,,,,,,,,,,,,,,,,,
609,10,FREECAM_3D,20.333333333333332,658292,20089.4775390625,1696,51.7578125,19.32075471698113,42,1.28173828125,1654,50.47607421875,0,0.0,0x48A2917A,3069,1262,1081,11.98828125,4.9296875,4.22265625,1,0x14,0,0,0,1,0,1,0,0,1,0,,,,,,,,,,,,,,,,,,,,,,
610,10,FREECAM_3D,20.366666666666667,659961,20140.411376953125,1669,50.933837890625,19.63331336129419,42,1.28173828125,1627,49.652099609375,0,0.0,0x8CC51F67,3069,1262,1081,11.98828125,4.9296875,4.22265625,1,0x14,0,0,0,1,0,1,0,0,1,0,,,,,,,,,,,,,,,,,,,,,,
611,10,FREECAM_3D,20.4,661641,20191.680908203125,1680,51.26953125,19.504761904761907,42,1.28173828125,1637,49.957275390625,1,0.030517578125,0xA8F28D70,3069,1262,1081,11.98828125,4.9296875,4.22265625,1,0x14,0,0,0,1,0,1,0,0,1,0,,,,,,,,,,,,,,,,,,,,,,
612,10,FREECAM_3D,20.433333333333334,663331,20243.255615234375,1690,51.57470703125,19.389349112426036,42,1.28173828125,1647,50.262451171875,1,0.030517578125,0xD7079BC0,3069,1262,1081,11.98828125,4.9296875,4.22265625,1,0x16,1,1,0,1,0,1,0,0,1,0,50.1708984375,0.0,6.34765625,11.199951171875,6.256103515625,2.0751953125,12.725830078125,1.068115234375,0.0,9.521484375,0.9765625,0,0,0,0,0,0,0,0,0,0,0
613,10,FREECAM_3D,20.466666666666665,664993,20293.975830078125,1662,50.72021484375,19.71600481347774,42,1.28173828125,1620,49.4384765625,0,0.0,0xDB7D8AB0,3069,1262,1081,11.98828125,4.9296875,4.22265625,1,0x14,0,0,0,1,0,1,0,0,1,0,,,,,,,,,,,,,,,,,,,,,,
614,10,FREECAM_3D,20.5,666494,20339.78271484375,1501,45.806884765625,21.830779480346436,42,1.28173828125,1459,44.525146484375,0,0.0,0xD7079BC0,3069,1262,1081,11.98828125,4.9296875,4.22265625,1,0x14,0,0,0,1,0,1,0,0,-1,0,,,,,,,,,,,,,,,,,,,,,,
615,10,FREECAM_3D,20.533333333333335,668146,20390.19775390625,1652,50.4150390625,19.83535108958838,42,1.28173828125,1609,49.102783203125,1,0.030517578125,0xA8F28D70,3069,1262,1081,11.98828125,4.9296875,4.22265625,1,0x14,0,0,0,1,0,1,0,0,-1,0,,,,,,,,,,,,,,,,,,,,,,
616,10,FREECAM_3D,20.566666666666666,669788,20440.3076171875,1642,50.10986328125,19.956151035322776,42,1.28173828125,1600,48.828125,0,0.0,0x8CC51F67,3069,1262,1081,11.98828125,4.9296875,4.22265625,1,0x14,0,0,0,1,0,1,0,0,-1,0,,,,,,,,,,,,,,,,,,,,,,
617,10,FREECAM_3D,20.6,671423,20490.203857421875,1635,49.896240234375,20.041590214067277,42,1.28173828125,1592,48.583984375,1,0.030517578125,0x48A2917A,3069,1262,1081,11.98828125,4.9296875,4.22265625,1,0x14,0,0,0,1,0,1,0,0,-1,0,,,,,,,,,,,,,,,,,,,,,,
618,10,FREECAM_3D,20.633333333333333,673027,20539.154052734375,1604,48.9501953125,20.428927680798004,42,1.28173828125,1561,47.637939453125,1,0.030517578125,0xD06752C8,3069,1262,1081,11.98828125,4.9296875,4.22265625,1,0x14,0,0,0,1,0,1,0,0,-1,0,,,,,,,,,,,,,,,,,,,,,,
619,10,FREECAM_3D,20.666666666666668,674610,20587.46337890625,1583,48.309326171875,20.699936828806063,42,1.28173828125,1540,46.9970703125,1,0.030517578125,0x0BF6A32B,3069,1262,1081,11.98828125,4.9296875,4.22265625,1,0x14,0,0,0,1,0,1,0,0,-1,0,,,,,,,,,,,,,,,,,,,,,,
620,10,FREECAM_3D,20.7,676163,20634.857177734375,1553,47.393798828125,21.099806825499034,42,1.28173828125,1511,46.112060546875,0,0.0,0x7CE2CE39,3069,1262,1081,11.98828125,4.9296875,4.22265625,1,0x14,0,0,0,1,0,1,0,0,-1,0,,,,,,,,,,,,,,,,,,,,,,
621,10,FREECAM_3D,20.733333333333334,677678,20681.09130859375,1515,46.234130859375,21.62904290429043,42,1.28173828125,1473,44.952392578125,0,0.0,0x06815C15,3069,1262,1081,11.98828125,4.9296875,4.22265625,1,0x14,0,0,0,1,0,1,0,0,-1,0,,,,,,,,,,,,,,,,,,,,,,
622,10,FREECAM_3D,20.766666666666666,679171,20726.654052734375,1493,45.562744140625,21.94775619557937,42,1.28173828125,1450,44.25048828125,1,0.030517578125,0x4540FC6A,3069,1262,1081,11.98828125,4.9296875,4.22265625,1,0x14,0,0,0,1,0,1,0,0,-1,0,,,,,,,,,,,,,,,,,,,,,,
623,10,FREECAM_3D,20.8,680761,20775.177001953125,1590,48.52294921875,20.60880503144654,42,1.28173828125,1548,47.2412109375,0,0.0,0xF7C30E54,3069,1262,1081,11.98828125,4.9296875,4.22265625,1,0x14,0,0,0,1,0,1,0,0,-1,0,,,,,,,,,,,,,,,,,,,,,,
624,10,FREECAM_3D,20.833333333333332,682320,20822.75390625,1559,47.576904296875,21.018601667735727,42,1.28173828125,1516,46.2646484375,1,0.030517578125,0xBC1EDF23,3069,1262,1081,11.98828125,4.9296875,4.22265625,1,0x14,0,0,0,1,0,1,0,0,-1,0,,,,,,,,,,,,,,,,,,,,,,
625,10,FREECAM_3D,20.866666666666667,683813,20868.316650390625,1493,45.562744140625,21.94775619557937,42,1.28173828125,1450,44.25048828125,1,0.030517578125,0x6BFB6151,3069,1262,1081,11.98828125,4.9296875,4.22265625,1,0x14,0,0,0,1,0,1,0,0,-1,0,,,,,,,,,,,,,,,,,,,,,,
626,10,FREECAM_3D,20.9,685254,20912.29248046875,1441,43.975830078125,22.73976405274115,42,1.28173828125,1399,42.694091796875,0,0.0,0x63CE50E1,3069,1262,1081,11.98828125,4.9296875,4.22265625,1,0x14,0,0,0,1,0,1,0,0,-1,0,,,,,,,,,,,,,,,,,,,,,,
627,10,FREECAM_3D,20.933333333333334,686647,20954.803466796875,1393,42.510986328125,23.52333094041637,42,1.28173828125,1351,41.229248046875,0,0.0,0x95EDCE06,3069,1262,1081,11.98828125,4.9296875,4.22265625,1,0x14,0,0,0,1,0,1,0,0,-1,0,,,,,,,,,,,,,,,,,,,,,,
628,10,FREECAM_3D,20.966666666666665,688026,20996.88720703125,1379,42.083740234375,23.762146482958666,42,1.28173828125,1336,40.771484375,1,0.030517578125,0xD5D21860,3069,1262,1081,11.98828125,4.9296875,4.22265625,1,0x14,0,0,0,1,0,1,0,0,-1,0,,,,,,,,,,,,,,,,,,,,,,
629,10,FREECAM_3D,21.0,689344,21037.109375,1318,40.22216796875,24.861911987860395,42,1.28173828125,1276,38.9404296875,0,0.0,0xE75BFEC1,3069,1262,1081,11.98828125,4.9296875,4.22265625,1,0x14,0,0,0,1,0,1,0,0,-1,0,,,,,,,,,,,,,,,,,,,,,,
630,10,FREECAM_3D,21.033333333333335,690603,21075.531005859375,1259,38.421630859375,26.027005559968227,42,1.28173828125,1216,37.109375,1,0.030517578125,0x3DD7AA69,3069,1262,1081,11.98828125,4.9296875,4.22265625,1,0x14,0,0,0,1,0,1,0,0,-1,0,,,,,,,,,,,,,,,,,,,,,,
631,10,FREECAM_3D,21.066666666666666,691821,21112.701416015625,1218,37.17041015625,26.90311986863711,42,1.28173828125,1175,35.858154296875,1,0.030517578125,0x0F056F37,3069,1262,1081,11.98828125,4.9296875,4.22265625,1,0x14,0,0,0,1,0,1,0,0,-1,0,,,,,,,,,,,,,,,,,,,,,,
632,10,FREECAM_3D,21.1,693035,21149.749755859375,1214,37.04833984375,26.99176276771005,42,1.28173828125,1171,35.736083984375,1,0.030517578125,0xA5318462,3069,1262,1081,11.98828125,4.9296875,4.22265625,1,0x14,0,0,0,1,0,1,0,0,-1,0,,,,,,,,,,,,,,,,,,,,,,
633,10,FREECAM_3D,21.133333333333333,694199,21185.272216796875,1164,35.5224609375,28.151202749140893,42,1.28173828125,1122,34.24072265625,0,0.0,0xA5FAE12A,3069,1262,1081,11.98828125,4.9296875,4.22265625,1,0x14,0,0,0,1,0,1,0,0,-1,0,,,,,,,,,,,,,,,,,,,,,,
634,10,FREECAM_3D,21.166666666666668,695367,21220.916748046875,1168,35.64453125,28.054794520547944,42,1.28173828125,1126,34.36279296875,0,0.0,0x71DCCEE5,3069,1262,1081,11.98828125,4.9296875,4.22265625,1,0x14,0,0,0,1,0,1,0,0,-1,0,,,,,,,,,,,,,,,,,,,,,,
635,10,FREECAM_3D,21.2,696511,21255.828857421875,1144,34.912109375,28.643356643356643,42,1.28173828125,1101,33.599853515625,1,0.030517578125,0x9F0DFB31,3069,1262,1081,11.98828125,4.9296875,4.22265625,1,0x14,0,0,0,1,0,1,0,0,-1,0,,,,,,,,,,,,,,,,,,,,,,
636,10,FREECAM_3D,21.233333333333334,697452,21284.5458984375,941,28.717041015625,34.82252922422954,42,1.28173828125,899,27.435302734375,0,0.0,0x9AB97DEB,3069,1262,1081,11.98828125,4.9296875,4.22265625,1,0x14,0,0,0,1,0,1,0,0,-1,0,,,,,,,,,,,,,,,,,,,,,,
637,10,FREECAM_3D,21.266666666666666,698382,21312.92724609375,930,28.38134765625,35.23440860215054,42,1.28173828125,888,27.099609375,0,0.0,0xAC17D57C,3069,1262,1081,11.98828125,4.9296875,4.22265625,1,0x14,0,0,0,1,0,1,0,0,-1,0,,,,,,,,,,,,,,,,,,,,,,
638,10,FREECAM_3D,21.3,699304,21341.064453125,922,28.13720703125,35.54013015184382,42,1.28173828125,880,26.85546875,0,0.0,0x351999EE,3069,1262,1081,11.98828125,4.9296875,4.22265625,1,0x14,0,0,0,1,0,1,0,0,-1,0,,,,,,,,,,,,,,,,,,,,,,
639,10,FREECAM_3D,21.333333333333332,700131,21366.302490234375,827,25.238037109375,39.62273276904474,42,1.28173828125,785,23.956298828125,0,0.0,0x125C255F,3069,1262,1081,11.98828125,4.9296875,4.22265625,1,0x14,0,0,0,1,0,1,0,0,-1,0,,,,,,,,,,,,,,,,,,,,,,
640,10,FREECAM_3D,21.366666666666667,700943,21391.082763671875,812,24.7802734375,40.354679802955665,42,1.28173828125,770,23.49853515625,0,0.0,0x1CAD1FE7,3069,1262,1081,11.98828125,4.9296875,4.22265625,1,0x14,0,0,0,1,0,1,0,0,-1,0,,,,,,,,,,,,,,,,,,,,,,
641,10,FREECAM_3D,21.4,701761,21416.046142578125,818,24.96337890625,40.05867970660147,42,1.28173828125,775,23.651123046875,1,0.030517578125,0x301ECFFF,3069,1262,1081,11.98828125,4.9296875,4.22265625,1,0x14,0,0,0,1,0,1,0,0,-1,0,,,,,,,,,,,,,,,,,,,,,,
642,10,FREECAM_3D,21.433333333333334,702540,21439.8193359375,779,23.773193359375,42.06418485237484,42,1.28173828125,737,22.491455078125,0,0.0,0xBA858160,3069,1262,1081,11.98828125,4.9296875,4.22265625,1,0x14,0,0,0,1,0,1,0,0,-1,0,,,,,,,,,,,,,,,,,,,,,,
643,10,FREECAM_3D,21.466666666666665,703313,21463.409423828125,773,23.590087890625,42.39068564036223,42,1.28173828125,731,22.308349609375,0,0.0,0x75381BF2,3069,1262,1081,11.98828125,4.9296875,4.22265625,1,0x14,0,0,0,1,0,1,0,0,-1,0,,,,,,,,,,,,,,,,,,,,,,
644,10,FREECAM_3D,21.5,704088,21487.060546875,775,23.651123046875,42.281290322580645,42,1.28173828125,732,22.3388671875,1,0.030517578125,0x0F828D67,3069,1262,1081,11.98828125,4.9296875,4.22265625,1,0x14,0,0,0,1,0,1,0,0,-1,0,,,,,,,,,,,,,,,,,,,,,,
645,10,FREECAM_3D,21.533333333333335,704865,21510.772705078125,777,23.712158203125,42.17245817245817,42,1.28173828125,735,22.430419921875,0,0.0,0x7496D160,3069,1262,1081,11.98828125,4.9296875,4.22265625,1,0x14,0,0,0,1,0,1,0,0,-1,0,,,,,,,,,,,,,,,,,,,,,,
646,10,FREECAM_3D,21.566666666666666,705662,21535.09521484375,797,24.322509765625,41.114178168130486,42,1.28173828125,755,23.040771484375,0,0.0,0x757DE4F2,3069,1262,1081,11.98828125,4.9296875,4.22265625,1,0x14,0,0,0,1,0,1,0,0,-1,0,,,,,,,,,,,,,,,,,,,,,,
647,10,FREECAM_3D,21.6,706463,21559.539794921875,801,24.444580078125,40.908863920099876,42,1.28173828125,759,23.162841796875,0,0.0,0x4310EEA4,3069,1262,1081,11.98828125,4.9296875,4.22265625,1,0x14,0,0,0,1,0,1,0,0,-1,0,,,,,,,,,,,,,,,,,,,,,,
648,10,FREECAM_3D,21.633333333333333,707325,21585.845947265625,862,26.30615234375,38.01392111368909,42,1.28173828125,820,25.0244140625,0,0.0,0x7EDEF92F,3069,1262,1081,11.98828125,4.9296875,4.22265625,1,0x14,0,0,0,1,0,1,0,0,-1,0,,,,,,,,,,,,,,,,,,,,,,
649,10,FREECAM_3D,21.666666666666668,708170,21611.63330078125,845,25.787353515625,38.77869822485207,42,1.28173828125,803,24.505615234375,0,0.0,0x65DFB05A,3069,1262,1081,11.98828125,4.9296875,4.22265625,1,0x14,0,0,0,1,0,1,0,0,-1,0,,,,,,,,,,,,,,,,,,,,,,
650,10,FREECAM_3D,21.7,709094,21639.83154296875,924,28.1982421875,35.46320346320346,42,1.28173828125,881,26.885986328125,1,0.030517578125,0x1D68886C,3069,1262,1081,11.98828125,4.9296875,4.22265625,1,0x14,0,0,0,1,0,1,0,0,-1,0,,,,,,,,,,,,,,,,,,,,,,
651,10,FREECAM_3D,21.733333333333334,710013,21667.877197265625,919,28.045654296875,35.65614798694233,42,1.28173828125,877,26.763916015625,0,0.0,0xF20D7777,3069,1262,1081,11.98828125,4.9296875,4.22265625,1,0x14,0,0,0,1,0,1,0,0,-1,0,,,,,,,,,,,,,,,,,,,,,,
652,10,FREECAM_3D,21.766666666666666,710928,21695.80078125,915,27.923583984375,35.8120218579235,42,1.28173828125,872,26.611328125,1,0.030517578125,0xA44C425B,3069,1262,1081,11.98828125,4.9296875,4.22265625,1,0x14,0,0,0,1,0,1,0,0,-1,0,,,,,,,,,,,,,,,,,,,,,,
653,10,FREECAM_3D,21.8,711834,21723.44970703125,906,27.64892578125,36.16777041942605,42,1.28173828125,863,26.336669921875,1,0.030517578125,0xC7FFADCF,3069,1262,1081,11.98828125,4.9296875,4.22265625,1,0x14,0,0,0,1,0,1,0,0,-1,0,,,,,,,,,,,,,,,,,,,,,,
654,10,FREECAM_3D,21.833333333333332,712730,21750.79345703125,896,27.34375,36.57142857142857,42,1.28173828125,854,26.06201171875,0,0.0,0xA3747F26,3069,1262,1081,11.98828125,4.9296875,4.22265625,1,0x14,0,0,0,1,0,1,0,0,-1,0,,,,,,,,,,,,,,,,,,,,,,
655,10,FREECAM_3D,21.866666666666667,713604,21777.4658203125,874,26.67236328125,37.49199084668192,42,1.28173828125,831,25.360107421875,1,0.030517578125,0xAE96CAD8,3069,1262,1081,11.98828125,4.9296875,4.22265625,1,0x14,0,0,0,1,0,1,0,0,-1,0,,,,,,,,,,,,,,,,,,,,,,
656,10,FREECAM_3D,21.9,714461,21803.619384765625,857,26.153564453125,38.23570595099183,42,1.28173828125,815,24.871826171875,0,0.0,0x58F5109B,3069,1262,1081,11.98828125,4.9296875,4.22265625,1,0x14,0,0,0,1,0,1,0,0,-1,0,,,,,,,,,,,,,,,,,,,,,,
657,10,FREECAM_3D,21.933333333333334,715263,21828.094482421875,802,24.47509765625,40.85785536159601,42,1.28173828125,759,23.162841796875,1,0.030517578125,0x87F93679,3069,1262,1081,11.98828125,4.9296875,4.22265625,1,0x14,0,0,0,1,0,1,0,0,-1,0,,,,,,,,,,,,,,,,,,,,,,
658,10,FREECAM_3D,21.966666666666665,716044,21851.9287109375,781,23.834228515625,41.956466069142124,42,1.28173828125,738,22.52197265625,1,0.030517578125,0x99232FBD,3069,1262,1081,11.98828125,4.9296875,4.22265625,1,0x14,0,0,0,1,0,1,0,0,-1,0,,,,,,,,,,,,,,,,,,,,,,
659,10,FREECAM_3D,22.0,716810,21875.30517578125,766,23.37646484375,42.778067885117494,43,1.312255859375,723,22.064208984375,0,0.0,0xB16D2C2A,3069,1262,1081,11.98828125,4.9296875,4.22265625,1,0x14,0,0,0,1,0,1,0,0,-1,0,,,,,,,,,,,,,,,,,,,,,,
660,10,FREECAM_3D,22.033333333333335,717530,21897.27783203125,720,21.97265625,45.51111111111111,42,1.28173828125,677,20.660400390625,1,0.030517578125,0x97B6A86E,3069,1262,1081,11.98828125,4.9296875,4.22265625,1,0x14,0,0,0,1,0,1,0,0,-1,0,,,,,,,,,,,,,,,,,,,,,,
661,10,FREECAM_3D,22.066666666666666,718241,21918.975830078125,711,21.697998046875,46.08720112517581,42,1.28173828125,669,20.416259765625,0,0.0,0xD6FA1B1C,3069,1262,1081,11.98828125,4.9296875,4.22265625,1,0x14,0,0,0,1,0,1,0,0,-1,0,,,,,,,,,,,,,,,,,,,,,,
662,10,FREECAM_3D,22.1,718946,21940.49072265625,705,21.514892578125,46.47943262411348,42,1.28173828125,663,20.233154296875,0,0.0,0x8B4C3E5A,3069,1262,1081,11.98828125,4.9296875,4.22265625,1,0x14,0,0,0,1,0,1,0,0,-1,0,,,,,,,,,,,,,,,,,,,,,,
663,10,FREECAM_3D,22.133333333333333,719637,21961.578369140625,691,21.087646484375,47.421128798842254,38,1.15966796875,653,19.927978515625,0,0.0,0x8B4C3E5A,3069,1262,1081,11.98828125,4.9296875,4.22265625,1,0x10,0,0,0,0,0,1,0,0,-1,0,,,,,,,,,,,,,,,,,,,,,,
664,10,FREECAM_3D,22.166666666666668,720303,21981.903076171875,666,20.32470703125,49.2012012012012,38,1.15966796875,628,19.1650390625,0,0.0,0x8B4C3E5A,3069,1262,1081,11.98828125,4.9296875,4.22265625,1,0x10,0,0,0,0,0,1,0,0,-1,0,,,,,,,,,,,,,,,,,,,,,,
665,10,FREECAM_3D,22.2,720970,22002.25830078125,667,20.355224609375,49.12743628185907,38,1.15966796875,628,19.1650390625,1,0.030517578125,0x8B4C3E5A,3069,1262,1081,11.98828125,4.9296875,4.22265625,1,0x10,0,0,0,0,0,1,0,0,-1,0,,,,,,,,,,,,,,,,,,,,,,
666,10,FREECAM_3D,22.233333333333334,721636,22022.5830078125,666,20.32470703125,49.2012012012012,38,1.15966796875,628,19.1650390625,0,0.0,0x8B4C3E5A,3069,1262,1081,11.98828125,4.9296875,4.22265625,1,0x10,0,0,0,0,0,1,0,0,-1,0,,,,,,,,,,,,,,,,,,,,,,
667,10,FREECAM_3D,22.266666666666666,722303,22042.938232421875,667,20.355224609375,49.12743628185907,38,1.15966796875,628,19.1650390625,1,0.030517578125,0x8B4C3E5A,3069,1262,1081,11.98828125,4.9296875,4.22265625,1,0x10,0,0,0,0,0,1,0,0,-1,0,,,,,,,,,,,,,,,,,,,,,,
668,10,FREECAM_3D,22.3,722969,22063.262939453125,666,20.32470703125,49.2012012012012,37,1.129150390625,629,19.195556640625,0,0.0,0x8B4C3E5A,3069,1262,1081,11.98828125,4.9296875,4.22265625,1,0x10,0,0,0,0,0,1,0,0,-1,0,,,,,,,,,,,,,,,,,,,,,,
669,10,FREECAM_3D,22.333333333333332,723635,22083.587646484375,666,20.32470703125,49.2012012012012,38,1.15966796875,628,19.1650390625,0,0.0,0x8B4C3E5A,3069,1262,1081,11.98828125,4.9296875,4.22265625,1,0x10,0,0,0,0,0,1,0,0,-1,0,,,,,,,,,,,,,,,,,,,,,,
670,10,FREECAM_3D,22.366666666666667,724302,22103.94287109375,667,20.355224609375,49.12743628185907,38,1.15966796875,628,19.1650390625,1,0.030517578125,0x8B4C3E5A,3069,1262,1081,11.98828125,4.9296875,4.22265625,1,0x10,0,0,0,0,0,1,0,0,-1,0,,,,,,,,,,,,,,,,,,,,,,
671,10,FREECAM_3D,22.4,724968,22124.267578125,666,20.32470703125,49.2012012012012,38,1.15966796875,628,19.1650390625,0,0.0,0x8B4C3E5A,3069,1262,1081,11.98828125,4.9296875,4.22265625,1,0x10,0,0,0,0,0,1,0,0,-1,0,,,,,,,,,,,,,,,,,,,,,,
672,10,FREECAM_3D,22.433333333333334,725635,22144.622802734375,667,20.355224609375,49.12743628185907,38,1.15966796875,628,19.1650390625,1,0.030517578125,0x8B4C3E5A,3069,1262,1081,11.98828125,4.9296875,4.22265625,1,0x10,0,0,0,0,0,1,0,0,-1,0,,,,,,,,,,,,,,,,,,,,,,
673,10,FREECAM_3D,22.466666666666665,726301,22164.947509765625,666,20.32470703125,49.2012012012012,37,1.129150390625,629,19.195556640625,0,0.0,0x8B4C3E5A,3069,1262,1081,11.98828125,4.9296875,4.22265625,1,0x10,0,0,0,0,0,1,0,0,-1,0,,,,,,,,,,,,,,,,,,,,,,
674,10,FREECAM_3D,22.5,726968,22185.302734375,667,20.355224609375,49.12743628185907,38,1.15966796875,628,19.1650390625,1,0.030517578125,0x8B4C3E5A,3069,1262,1081,11.98828125,4.9296875,4.22265625,1,0x10,0,0,0,0,0,1,0,0,-1,0,,,,,,,,,,,,,,,,,,,,,,
675,10,FREECAM_3D,22.533333333333335,727635,22205.657958984375,667,20.355224609375,49.12743628185907,38,1.15966796875,629,19.195556640625,0,0.0,0x8B4C3E5A,3069,1262,1081,11.98828125,4.9296875,4.22265625,1,0x10,0,0,0,0,0,1,0,0,-1,0,,,,,,,,,,,,,,,,,,,,,,
676,10,FREECAM_3D,22.566666666666666,728301,22225.982666015625,666,20.32470703125,49.2012012012012,38,1.15966796875,628,19.1650390625,0,0.0,0x8B4C3E5A,3069,1262,1081,11.98828125,4.9296875,4.22265625,1,0x10,0,0,0,0,0,1,0,0,-1,0,,,,,,,,,,,,,,,,,,,,,,
677,10,FREECAM_3D,22.6,728968,22246.337890625,667,20.355224609375,49.12743628185907,38,1.15966796875,628,19.1650390625,1,0.030517578125,0x8B4C3E5A,3069,1262,1081,11.98828125,4.9296875,4.22265625,1,0x10,0,0,0,0,0,1,0,0,-1,0,,,,,,,,,,,,,,,,,,,,,,
678,10,FREECAM_3D,22.633333333333333,729634,22266.66259765625,666,20.32470703125,49.2012012012012,38,1.15966796875,628,19.1650390625,0,0.0,0x8B4C3E5A,3069,1262,1081,11.98828125,4.9296875,4.22265625,1,0x10,0,0,0,0,0,1,0,0,-1,0,,,,,,,,,,,,,,,,,,,,,,
679,10,FREECAM_3D,22.666666666666668,730301,22287.017822265625,667,20.355224609375,49.12743628185907,38,1.15966796875,628,19.1650390625,1,0.030517578125,0x8B4C3E5A,3069,1262,1081,11.98828125,4.9296875,4.22265625,1,0x10,0,0,0,0,0,1,0,0,-1,0,,,,,,,,,,,,,,,,,,,,,,
680,10,FREECAM_3D,22.7,730967,22307.342529296875,666,20.32470703125,49.2012012012012,37,1.129150390625,629,19.195556640625,0,0.0,0x8B4C3E5A,3069,1262,1081,11.98828125,4.9296875,4.22265625,1,0x10,0,0,0,0,0,1,0,0,-1,0,,,,,,,,,,,,,,,,,,,,,,
681,10,FREECAM_3D,22.733333333333334,731633,22327.667236328125,666,20.32470703125,49.2012012012012,38,1.15966796875,628,19.1650390625,0,0.0,0x8B4C3E5A,3069,1262,1081,11.98828125,4.9296875,4.22265625,1,0x10,0,0,0,0,0,1,0,0,-1,0,,,,,,,,,,,,,,,,,,,,,,
682,10,FREECAM_3D,22.766666666666666,732300,22348.0224609375,667,20.355224609375,49.12743628185907,38,1.15966796875,628,19.1650390625,1,0.030517578125,0x8B4C3E5A,3069,1262,1081,11.98828125,4.9296875,4.22265625,1,0x10,0,0,0,0,0,1,0,0,-1,0,,,,,,,,,,,,,,,,,,,,,,
683,10,FREECAM_3D,22.8,732966,22368.34716796875,666,20.32470703125,49.2012012012012,38,1.15966796875,628,19.1650390625,0,0.0,0x8B4C3E5A,3069,1262,1081,11.98828125,4.9296875,4.22265625,1,0x10,0,0,0,0,0,1,0,0,-1,0,,,,,,,,,,,,,,,,,,,,,,
684,10,FREECAM_3D,22.833333333333332,733633,22388.702392578125,667,20.355224609375,49.12743628185907,38,1.15966796875,628,19.1650390625,1,0.030517578125,0x8B4C3E5A,3069,1262,1081,11.98828125,4.9296875,4.22265625,1,0x10,0,0,0,0,0,1,0,0,-1,0,,,,,,,,,,,,,,,,,,,,,,
685,10,FREECAM_3D,22.866666666666667,734299,22409.027099609375,666,20.32470703125,49.2012012012012,37,1.129150390625,629,19.195556640625,0,0.0,0x8B4C3E5A,3069,1262,1081,11.98828125,4.9296875,4.22265625,1,0x10,0,0,0,0,0,1,0,0,-1,0,,,,,,,,,,,,,,,,,,,,,,
686,10,FREECAM_3D,22.9,734966,22429.38232421875,667,20.355224609375,49.12743628185907,38,1.15966796875,628,19.1650390625,1,0.030517578125,0x8B4C3E5A,3069,1262,1081,11.98828125,4.9296875,4.22265625,1,0x10,0,0,0,0,0,1,0,0,-1,0,,,,,,,,,,,,,,,,,,,,,,
687,10,FREECAM_3D,22.933333333333334,735633,22449.737548828125,667,20.355224609375,49.12743628185907,38,1.15966796875,629,19.195556640625,0,0.0,0x8B4C3E5A,3069,1262,1081,11.98828125,4.9296875,4.22265625,1,0x10,0,0,0,0,0,1,0,0,-1,0,,,,,,,,,,,,,,,,,,,,,,
688,10,FREECAM_3D,22.966666666666665,736299,22470.062255859375,666,20.32470703125,49.2012012012012,38,1.15966796875,628,19.1650390625,0,0.0,0x8B4C3E5A,3069,1262,1081,11.98828125,4.9296875,4.22265625,1,0x10,0,0,0,0,0,1,0,0,-1,0,,,,,,,,,,,,,,,,,,,,,,
689,10,FREECAM_3D,23.0,736966,22490.41748046875,667,20.355224609375,49.12743628185907,38,1.15966796875,628,19.1650390625,1,0.030517578125,0x8B4C3E5A,3069,1262,1081,11.98828125,4.9296875,4.22265625,1,0x10,0,0,0,0,0,1,0,0,-1,0,,,,,,,,,,,,,,,,,,,,,,
690,10,FREECAM_3D,23.033333333333335,737632,22510.7421875,666,20.32470703125,49.2012012012012,38,1.15966796875,628,19.1650390625,0,0.0,0x8B4C3E5A,3069,1262,1081,11.98828125,4.9296875,4.22265625,1,0x10,0,0,0,0,0,1,0,0,-1,0,,,,,,,,,,,,,,,,,,,,,,
691,10,FREECAM_3D,23.066666666666666,738299,22531.097412109375,667,20.355224609375,49.12743628185907,38,1.15966796875,628,19.1650390625,1,0.030517578125,0x8B4C3E5A,3069,1262,1081,11.98828125,4.9296875,4.22265625,1,0x10,0,0,0,0,0,1,0,0,-1,0,,,,,,,,,,,,,,,,,,,,,,
692,10,FREECAM_3D,23.1,738965,22551.422119140625,666,20.32470703125,49.2012012012012,37,1.129150390625,629,19.195556640625,0,0.0,0x8B4C3E5A,3069,1262,1081,11.98828125,4.9296875,4.22265625,1,0x10,0,0,0,0,0,1,0,0,-1,0,,,,,,,,,,,,,,,,,,,,,,
693,10,FREECAM_3D,23.133333333333333,739631,22571.746826171875,666,20.32470703125,49.2012012012012,38,1.15966796875,628,19.1650390625,0,0.0,0x8B4C3E5A,3069,1262,1081,11.98828125,4.9296875,4.22265625,1,0x10,0,0,0,0,0,1,0,0,-1,0,,,,,,,,,,,,,,,,,,,,,,
694,10,FREECAM_3D,23.166666666666668,740298,22592.10205078125,667,20.355224609375,49.12743628185907,38,1.15966796875,628,19.1650390625,1,0.030517578125,0x8B4C3E5A,3069,1262,1081,11.98828125,4.9296875,4.22265625,1,0x10,0,0,0,0,0,1,0,0,-1,0,,,,,,,,,,,,,,,,,,,,,,
695,10,FREECAM_3D,23.2,740964,22612.4267578125,666,20.32470703125,49.2012012012012,38,1.15966796875,628,19.1650390625,0,0.0,0x8B4C3E5A,3069,1262,1081,11.98828125,4.9296875,4.22265625,1,0x10,0,0,0,0,0,1,0,0,-1,0,,,,,,,,,,,,,,,,,,,,,,
696,10,FREECAM_3D,23.233333333333334,741631,22632.781982421875,667,20.355224609375,49.12743628185907,38,1.15966796875,628,19.1650390625,1,0.030517578125,0x8B4C3E5A,3069,1262,1081,11.98828125,4.9296875,4.22265625,1,0x10,0,0,0,0,0,1,0,0,-1,0,,,,,,,,,,,,,,,,,,,,,,
697,10,FREECAM_3D,23.266666666666666,742297,22653.106689453125,666,20.32470703125,49.2012012012012,37,1.129150390625,629,19.195556640625,0,0.0,0x8B4C3E5A,3069,1262,1081,11.98828125,4.9296875,4.22265625,1,0x10,0,0,0,0,0,1,0,0,-1,0,,,,,,,,,,,,,,,,,,,,,,
698,10,FREECAM_3D,23.3,742964,22673.4619140625,667,20.355224609375,49.12743628185907,38,1.15966796875,628,19.1650390625,1,0.030517578125,0x8B4C3E5A,3069,1262,1081,11.98828125,4.9296875,4.22265625,1,0x10,0,0,0,0,0,1,0,0,-1,0,,,,,,,,,,,,,,,,,,,,,,
699,10,FREECAM_3D,23.333333333333332,743631,22693.817138671875,667,20.355224609375,49.12743628185907,38,1.15966796875,629,19.195556640625,0,0.0,0x8B4C3E5A,3069,1262,1081,11.98828125,4.9296875,4.22265625,1,0x10,0,0,0,0,0,1,0,0,-1,0,,,,,,,,,,,,,,,,,,,,,,
700,10,FREECAM_3D,23.366666666666667,744297,22714.141845703125,666,20.32470703125,49.2012012012012,38,1.15966796875,628,19.1650390625,0,0.0,0x8B4C3E5A,3069,1262,1081,11.98828125,4.9296875,4.22265625,1,0x10,0,0,0,0,0,1,0,0,-1,0,,,,,,,,,,,,,,,,,,,,,,
701,10,FREECAM_3D,23.4,744964,22734.4970703125,667,20.355224609375,49.12743628185907,38,1.15966796875,628,19.1650390625,1,0.030517578125,0x8B4C3E5A,3069,1262,1081,11.98828125,4.9296875,4.22265625,1,0x10,0,0,0,0,0,1,0,0,-1,0,,,,,,,,,,,,,,,,,,,,,,
702,10,FREECAM_3D,23.433333333333334,745630,22754.82177734375,666,20.32470703125,49.2012012012012,38,1.15966796875,628,19.1650390625,0,0.0,0x8B4C3E5A,3069,1262,1081,11.98828125,4.9296875,4.22265625,1,0x10,0,0,0,0,0,1,0,0,-1,0,,,,,,,,,,,,,,,,,,,,,,
703,10,FREECAM_3D,23.466666666666665,746297,22775.177001953125,667,20.355224609375,49.12743628185907,38,1.15966796875,628,19.1650390625,1,0.030517578125,0x8B4C3E5A,3069,1262,1081,11.98828125,4.9296875,4.22265625,1,0x10,0,0,0,0,0,1,0,0,-1,0,,,,,,,,,,,,,,,,,,,,,,
704,10,FREECAM_3D,23.5,746963,22795.501708984375,666,20.32470703125,49.2012012012012,37,1.129150390625,629,19.195556640625,0,0.0,0x8B4C3E5A,3069,1262,1081,11.98828125,4.9296875,4.22265625,1,0x10,0,0,0,0,0,1,0,0,-1,0,,,,,,,,,,,,,,,,,,,,,,
705,10,FREECAM_3D,23.533333333333335,747629,22815.826416015625,666,20.32470703125,49.2012012012012,38,1.15966796875,628,19.1650390625,0,0.0,0x8B4C3E5A,3069,1262,1081,11.98828125,4.9296875,4.22265625,1,0x10,0,0,0,0,0,1,0,0,-1,0,,,,,,,,,,,,,,,,,,,,,,
706,10,FREECAM_3D,23.566666666666666,748296,22836.181640625,667,20.355224609375,49.12743628185907,38,1.15966796875,628,19.1650390625,1,0.030517578125,0x8B4C3E5A,3069,1262,1081,11.98828125,4.9296875,4.22265625,1,0x10,0,0,0,0,0,1,0,0,-1,0,,,,,,,,,,,,,,,,,,,,,,
707,10,FREECAM_3D,23.6,748962,22856.50634765625,666,20.32470703125,49.2012012012012,38,1.15966796875,628,19.1650390625,0,0.0,0x8B4C3E5A,3069,1262,1081,11.98828125,4.9296875,4.22265625,1,0x10,0,0,0,0,0,1,0,0,-1,0,,,,,,,,,,,,,,,,,,,,,,
708,10,FREECAM_3D,23.633333333333333,749629,22876.861572265625,667,20.355224609375,49.12743628185907,38,1.15966796875,628,19.1650390625,1,0.030517578125,0x8B4C3E5A,3069,1262,1081,11.98828125,4.9296875,4.22265625,1,0x10,0,0,0,0,0,1,0,0,-1,0,,,,,,,,,,,,,,,,,,,,,,
709,10,FREECAM_3D,23.666666666666668,750294,22897.15576171875,665,20.294189453125,49.275187969924815,37,1.129150390625,628,19.1650390625,0,0.0,0x8B4C3E5A,3069,1262,1081,11.98828125,4.9296875,4.22265625,1,0x10,0,0,0,0,0,1,0,0,-1,0,,,,,,,,,,,,,,,,,,,,,,
710,10,FREECAM_3D,23.7,750994,22918.51806640625,700,21.3623046875,46.81142857142857,42,1.28173828125,658,20.08056640625,0,0.0,0xD6FA1B1C,3069,1262,1081,11.98828125,4.9296875,4.22265625,1,0x14,0,0,0,1,0,1,0,0,1,0,,,,,,,,,,,,,,,,,,,,,,
711,10,FREECAM_3D,23.733333333333334,751707,22940.277099609375,713,21.759033203125,45.95792426367461,42,1.28173828125,671,20.477294921875,0,0.0,0x97B6A86E,3069,1262,1081,11.98828125,4.9296875,4.22265625,1,0x14,0,0,0,1,0,1,0,0,1,0,,,,,,,,,,,,,,,,,,,,,,
712,10,FREECAM_3D,23.766666666666666,752457,22963.165283203125,750,22.88818359375,43.690666666666665,42,1.28173828125,708,21.6064453125,0,0.0,0xB16D2C2A,3069,1262,1081,11.98828125,4.9296875,4.22265625,1,0x14,0,0,0,1,0,1,0,0,1,0,,,,,,,,,,,,,,,,,,,,,,
713,10,FREECAM_3D,23.8,753214,22986.26708984375,757,23.101806640625,43.28665785997358,42,1.28173828125,715,21.820068359375,0,0.0,0x99232FBD,3069,1262,1081,11.98828125,4.9296875,4.22265625,1,0x14,0,0,0,1,0,1,0,0,1,0,,,,,,,,,,,,,,,,,,,,,,
714,10,FREECAM_3D,23.833333333333332,753986,23009.82666015625,772,23.5595703125,42.44559585492228,42,1.28173828125,730,22.27783203125,0,0.0,0x87F93679,3069,1262,1081,11.98828125,4.9296875,4.22265625,1,0x14,0,0,0,1,0,1,0,0,1,0,,,,,,,,,,,,,,,,,,,,,,
715,10,FREECAM_3D,23.866666666666667,754807,23034.881591796875,821,25.054931640625,39.91230207064555,42,1.28173828125,778,23.74267578125,1,0.030517578125,0x58F5109B,3069,1262,1081,11.98828125,4.9296875,4.22265625,1,0x14,0,0,0,1,0,1,0,0,1,0,,,,,,,,,,,,,,,,,,,,,,
716,10,FREECAM_3D,23.9,755649,23060.577392578125,842,25.69580078125,38.91686460807601,42,1.28173828125,800,24.4140625,0,0.0,0xAE96CAD8,3069,1262,1081,11.98828125,4.9296875,4.22265625,1,0x14,0,0,0,1,0,1,0,0,1,0,,,,,,,,,,,,,,,,,,,,,,
717,10,FREECAM_3D,23.933333333333334,756520,23087.158203125,871,26.580810546875,37.621125143513204,42,1.28173828125,828,25.2685546875,1,0.030517578125,0xA3747F26,3069,1262,1081,11.98828125,4.9296875,4.22265625,1,0x14,0,0,0,1,0,1,0,0,1,0,,,,,,,,,,,,,,,,,,,,,,
718,10,FREECAM_3D,23.966666666666665,757406,23114.19677734375,886,27.03857421875,36.98419864559819,42,1.28173828125,844,25.7568359375,0,0.0,0xC7FFADCF,3069,1262,1081,11.98828125,4.9296875,4.22265625,1,0x14,0,0,0,1,0,1,0,0,1,0,,,,,,,,,,,,,,,,,,,,,,
719,10,FREECAM_3D,24.0,758321,23142.120361328125,915,27.923583984375,35.8120218579235,42,1.28173828125,873,26.641845703125,0,0.0,0xA44C425B,3069,1262,1081,11.98828125,4.9296875,4.22265625,1,0x14,0,0,0,1,0,1,0,0,1,0,,,,,,,,,,,,,,,,,,,,,,
720,10,FREECAM_3D,24.033333333333335,759240,23170.166015625,919,28.045654296875,35.65614798694233,42,1.28173828125,877,26.763916015625,0,0.0,0xF20D7777,3069,1262,1081,11.98828125,4.9296875,4.22265625,1,0x14,0,0,0,1,0,1,0,0,1,0,,,,,,,,,,,,,,,,,,,,,,
721,10,FREECAM_3D,24.066666666666666,760158,23198.18115234375,918,28.01513671875,35.694989106753816,42,1.28173828125,876,26.7333984375,0,0.0,0x1D68886C,3069,1262,1081,11.98828125,4.9296875,4.22265625,1,0x14,0,0,0,1,0,1,0,0,1,0,,,,,,,,,,,,,,,,,,,,,,
722,10,FREECAM_3D,24.1,761011,23224.212646484375,853,26.031494140625,38.41500586166471,42,1.28173828125,810,24.71923828125,1,0.030517578125,0x65DFB05A,3069,1262,1081,11.98828125,4.9296875,4.22265625,1,0x14,0,0,0,1,0,1,0,0,1,0,,,,,,,,,,,,,,,,,,,,,,
723,10,FREECAM_3D,24.133333333333333,761881,23250.762939453125,870,26.55029296875,37.66436781609195,42,1.28173828125,828,25.2685546875,0,0.0,0x7EDEF92F,3069,1262,1081,11.98828125,4.9296875,4.22265625,1,0x14,0,0,0,1,0,1,0,0,1,0,,,,,,,,,,,,,,,,,,,,,,
724,10,FREECAM_3D,24.166666666666668,762681,23275.177001953125,800,24.4140625,40.96,42,1.28173828125,757,23.101806640625,1,0.030517578125,0x4310EEA4,3069,1262,1081,11.98828125,4.9296875,4.22265625,1,0x14,0,0,0,1,0,1,0,0,1,0,,,,,,,,,,,,,,,,,,,,,,
725,10,FREECAM_3D,24.2,763477,23299.468994140625,796,24.2919921875,41.165829145728644,42,1.28173828125,754,23.01025390625,0,0.0,0x757DE4F2,3069,1262,1081,11.98828125,4.9296875,4.22265625,1,0x14,0,0,0,1,0,1,0,0,1,0,,,,,,,,,,,,,,,,,,,,,,
726,10,FREECAM_3D,24.233333333333334,764259,23323.333740234375,782,23.86474609375,41.90281329923274,42,1.28173828125,739,22.552490234375,1,0.030517578125,0x7496D160,3069,1262,1081,11.98828125,4.9296875,4.22265625,1,0x14,0,0,0,1,0,1,0,0,1,0,,,,,,,,,,,,,,,,,,,,,,
727,10,FREECAM_3D,24.266666666666666,765036,23347.0458984375,777,23.712158203125,42.17245817245817,42,1.28173828125,735,22.430419921875,0,0.0,0x0F828D67,3069,1262,1081,11.98828125,4.9296875,4.22265625,1,0x14,0,0,0,1,0,1,0,0,1,0,,,,,,,,,,,,,,,,,,,,,,
728,10,FREECAM_3D,24.3,765811,23370.697021484375,775,23.651123046875,42.281290322580645,42,1.28173828125,732,22.3388671875,1,0.030517578125,0x75381BF2,3069,1262,1081,11.98828125,4.9296875,4.22265625,1,0x14,0,0,0,1,0,1,0,0,1,0,,,,,,,,,,,,,,,,,,,,,,
729,10,FREECAM_3D,24.333333333333332,766584,23394.287109375,773,23.590087890625,42.39068564036223,42,1.28173828125,730,22.27783203125,1,0.030517578125,0xBA858160,3069,1262,1081,11.98828125,4.9296875,4.22265625,1,0x14,0,0,0,1,0,1,0,0,1,0,,,,,,,,,,,,,,,,,,,,,,
730,10,FREECAM_3D,24.366666666666667,767400,23419.189453125,816,24.90234375,40.15686274509804,42,1.28173828125,774,23.62060546875,0,0.0,0x301ECFFF,3069,1262,1081,11.98828125,4.9296875,4.22265625,1,0x14,0,0,0,1,0,1,0,0,1,0,,,,,,,,,,,,,,,,,,,,,,
731,10,FREECAM_3D,24.4,768222,23444.27490234375,822,25.08544921875,39.86374695863747,42,1.28173828125,780,23.8037109375,0,0.0,0x1CAD1FE7,3069,1262,1081,11.98828125,4.9296875,4.22265625,1,0x14,0,0,0,1,0,1,0,0,1,0,,,,,,,,,,,,,,,,,,,,,,
732,10,FREECAM_3D,24.433333333333334,769039,23469.207763671875,817,24.932861328125,40.10771113831089,42,1.28173828125,775,23.651123046875,0,0.0,0x125C255F,3069,1262,1081,11.98828125,4.9296875,4.22265625,1,0x14,0,0,0,1,0,1,0,0,1,0,,,,,,,,,,,,,,,,,,,,,,
733,10,FREECAM_3D,24.466666666666665,769926,23496.27685546875,887,27.069091796875,36.94250281848929,42,1.28173828125,845,25.787353515625,0,0.0,0x351999EE,3069,1262,1081,11.98828125,4.9296875,4.22265625,1,0x14,0,0,0,1,0,1,0,0,1,0,,,,,,,,,,,,,,,,,,,,,,
734,10,FREECAM_3D,24.5,770827,23523.773193359375,901,27.496337890625,36.3684794672586,42,1.28173828125,859,26.214599609375,0,0.0,0xAC17D57C,3069,1262,1081,11.98828125,4.9296875,4.22265625,1,0x14,0,0,0,1,0,1,0,0,1,0,,,,,,,,,,,,,,,,,,,,,,
735,10,FREECAM_3D,24.533333333333335,771753,23552.032470703125,926,28.25927734375,35.3866090712743,42,1.28173828125,884,26.9775390625,0,0.0,0x9AB97DEB,3069,1262,1081,11.98828125,4.9296875,4.22265625,1,0x14,0,0,0,1,0,1,0,0,1,0,,,,,,,,,,,,,,,,,,,,,,
736,10,FREECAM_3D,24.566666666666666,772885,23586.578369140625,1132,34.5458984375,28.946996466431095,42,1.28173828125,1090,33.26416015625,0,0.0,0x9F0DFB31,3069,1262,1081,11.98828125,4.9296875,4.22265625,1,0x14,0,0,0,1,0,1,0,0,1,0,,,,,,,,,,,,,,,,,,,,,,
737,10,FREECAM_3D,24.6,774042,23621.88720703125,1157,35.308837890625,28.32152117545376,42,1.28173828125,1115,34.027099609375,0,0.0,0x71DCCEE5,3069,1262,1081,11.98828125,4.9296875,4.22265625,1,0x14,0,0,0,1,0,1,0,0,1,0,,,,,,,,,,,,,,,,,,,,,,
738,10,FREECAM_3D,24.633333333333333,775204,23657.3486328125,1162,35.46142578125,28.199655765920827,42,1.28173828125,1120,34.1796875,0,0.0,0xA5FAE12A,3069,1262,1081,11.98828125,4.9296875,4.22265625,1,0x14,0,0,0,1,0,1,0,0,1,0,,,,,,,,,,,,,,,,,,,,,,
739,10,FREECAM_3D,24.666666666666668,776428,23694.7021484375,1224,37.353515625,26.77124183006536,42,1.28173828125,1182,36.07177734375,0,0.0,0xA5318462,3069,1262,1081,11.98828125,4.9296875,4.22265625,1,0x14,0,0,0,1,0,1,0,0,1,0,,,,,,,,,,,,,,,,,,,,,,
740,10,FREECAM_3D,24.7,777650,23731.99462890625,1222,37.29248046875,26.81505728314239,42,1.28173828125,1180,36.0107421875,0,0.0,0x0F056F37,3069,1262,1081,11.98828125,4.9296875,4.22265625,1,0x14,0,0,0,1,0,1,0,0,1,0,,,,,,,,,,,,,,,,,,,,,,
741,10,FREECAM_3D,24.733333333333334,778881,23769.561767578125,1231,37.567138671875,26.61900893582453,42,1.28173828125,1188,36.2548828125,1,0.030517578125,0x3DD7AA69,3069,1262,1081,11.98828125,4.9296875,4.22265625,1,0x14,0,0,0,1,0,1,0,0,1,0,,,,,,,,,,,,,,,,,,,,,,
742,10,FREECAM_3D,24.766666666666666,780174,23809.02099609375,1293,39.459228515625,25.34261407579273,43,1.312255859375,1250,38.14697265625,0,0.0,0xE75BFEC1,3069,1262,1081,11.98828125,4.9296875,4.22265625,1,0x14,0,0,0,1,0,1,0,0,1,0,,,,,,,,,,,,,,,,,,,,,,
743,10,FREECAM_3D,24.8,781535,23850.555419921875,1361,41.534423828125,24.076414401175604,42,1.28173828125,1319,40.252685546875,0,0.0,0xD5D21860,3069,1262,1081,11.98828125,4.9296875,4.22265625,1,0x14,0,0,0,1,0,1,0,0,1,0,,,,,,,,,,,,,,,,,,,,,,
744,10,FREECAM_3D,24.833333333333332,782939,23893.402099609375,1404,42.8466796875,23.33903133903134,42,1.28173828125,1361,41.534423828125,1,0.030517578125,0x95EDCE06,3069,1262,1081,11.98828125,4.9296875,4.22265625,1,0x14,0,0,0,1,0,1,0,0,1,0,,,,,,,,,,,,,,,,,,,,,,
745,10,FREECAM_3D,24.866666666666667,784399,23937.957763671875,1460,44.5556640625,22.443835616438356,43,1.312255859375,1417,43.243408203125,0,0.0,0x63CE50E1,3069,1262,1081,11.98828125,4.9296875,4.22265625,1,0x14,0,0,0,1,0,1,0,0,1,0,,,,,,,,,,,,,,,,,,,,,,
746,10,FREECAM_3D,24.9,785890,23983.45947265625,1491,45.501708984375,21.97719651240778,42,1.28173828125,1449,44.219970703125,0,0.0,0x6BFB6151,3069,1262,1081,11.98828125,4.9296875,4.22265625,1,0x14,0,0,0,1,0,1,0,0,1,0,,,,,,,,,,,,,,,,,,,,,,
747,10,FREECAM_3D,24.933333333333334,787406,24029.72412109375,1516,46.2646484375,21.614775725593667,42,1.28173828125,1473,44.952392578125,1,0.030517578125,0xBC1EDF23,3069,1262,1081,11.98828125,4.9296875,4.22265625,1,0x14,0,0,0,1,0,1,0,0,1,0,,,,,,,,,,,,,,,,,,,,,,
748,10,FREECAM_3D,24.966666666666665,788955,24076.995849609375,1549,47.271728515625,21.154293092317623,42,1.28173828125,1507,45.989990234375,0,0.0,0xF7C30E54,3069,1262,1081,11.98828125,4.9296875,4.22265625,1,0x14,0,0,0,1,0,1,0,0,1,0,,,,,,,,,,,,,,,,,,,,,,
749,10,FREECAM_3D,25.0,790526,24124.93896484375,1571,47.943115234375,20.858052196053467,42,1.28173828125,1529,46.661376953125,0,0.0,0x4540FC6A,3069,1262,1081,11.98828125,4.9296875,4.22265625,1,0x14,0,0,0,1,0,1,0,0,1,0,,,,,,,,,,,,,,,,,,,,,,
750,10,FREECAM_3D,25.033333333333335,792121,24173.614501953125,1595,48.675537109375,20.54420062695925,42,1.28173828125,1553,47.393798828125,0,0.0,0x06815C15,3069,1262,1081,11.98828125,4.9296875,4.22265625,1,0x14,0,0,0,1,0,1,0,0,1,0,,,,,,,,,,,,,,,,,,,,,,
751,10,FREECAM_3D,25.066666666666666,793763,24223.724365234375,1642,50.10986328125,19.956151035322776,42,1.28173828125,1599,48.797607421875,1,0.030517578125,0x7CE2CE39,3069,1262,1081,11.98828125,4.9296875,4.22265625,1,0x14,0,0,0,1,0,1,0,0,1,0,,,,,,,,,,,,,,,,,,,,,,
752,10,FREECAM_3D,25.1,795426,24274.47509765625,1663,50.750732421875,19.70414912808178,42,1.28173828125,1621,49.468994140625,0,0.0,0x0BF6A32B,3069,1262,1081,11.98828125,4.9296875,4.22265625,1,0x14,0,0,0,1,0,1,0,0,1,0,,,,,,,,,,,,,,,,,,,,,,
753,10,FREECAM_3D,25.133333333333333,797061,24324.371337890625,1635,49.896240234375,20.041590214067277,42,1.28173828125,1592,48.583984375,1,0.030517578125,0xD06752C8,3069,1262,1081,11.98828125,4.9296875,4.22265625,1,0x14,0,0,0,1,0,1,0,0,1,0,,,,,,,,,,,,,,,,,,,,,,
754,10,FREECAM_3D,25.166666666666668,798757,24376.129150390625,1696,51.7578125,19.32075471698113,42,1.28173828125,1653,50.445556640625,1,0.030517578125,0x48A2917A,3069,1262,1081,11.98828125,4.9296875,4.22265625,1,0x14,0,0,0,1,0,1,0,0,1,0,,,,,,,,,,,,,,,,,,,,,,
755,10,FREECAM_3D,25.2,800427,24427.093505859375,1670,50.96435546875,19.621556886227545,42,1.28173828125,1627,49.652099609375,1,0.030517578125,0x8CC51F67,3069,1262,1081,11.98828125,4.9296875,4.22265625,1,0x14,0,0,0,1,0,1,0,0,1,0,,,,,,,,,,,,,,,,,,,,,,
756,10,FREECAM_3D,25.233333333333334,802106,24478.33251953125,1679,51.239013671875,19.51637879690292,42,1.28173828125,1637,49.957275390625,0,0.0,0xA8F28D70,3069,1262,1081,11.98828125,4.9296875,4.22265625,1,0x14,0,0,0,1,0,1,0,0,1,0,,,,,,,,,,,,,,,,,,,,,,
757,10,FREECAM_3D,25.266666666666666,803796,24529.9072265625,1690,51.57470703125,19.389349112426036,42,1.28173828125,1647,50.262451171875,1,0.030517578125,0xD7079BC0,3069,1262,1081,11.98828125,4.9296875,4.22265625,1,0x14,0,0,0,1,0,1,0,0,1,0,,,,,,,,,,,,,,,,,,,,,,
758,10,FREECAM_3D,25.3,805438,24580.01708984375,1642,50.10986328125,19.956151035322776,34,1.03759765625,1607,49.041748046875,1,0.030517578125,0x9F11FE28,3069,1262,1102,11.98828125,4.9296875,4.3046875,1,0x14,0,0,0,1,0,1,0,0,0,1,,,,,,,,,,,,,,,,,,,,,,
759,10,FREECAM_3D,25.333333333333332,807015,24628.143310546875,1577,48.126220703125,20.77869372225745,35,1.068115234375,1541,47.027587890625,1,0.030517578125,0xFE201391,3069,1262,1123,11.98828125,4.9296875,4.38671875,1,0x14,0,0,0,1,0,1,0,0,0,1,,,,,,,,,,,,,,,,,,,,,,
760,10,FREECAM_3D,25.366666666666667,808567,24675.506591796875,1552,47.36328125,21.11340206185567,34,1.03759765625,1518,46.32568359375,0,0.0,0x8D970B6E,3069,1262,1144,11.98828125,4.9296875,4.46875,1,0x14,0,0,0,1,0,1,0,0,0,1,,,,,,,,,,,,,,,,,,,,,,
761,10,FREECAM_3D,25.4,810106,24722.47314453125,1539,46.966552734375,21.291747888239115,34,1.03759765625,1504,45.8984375,1,0.030517578125,0xD10F39AF,3069,1262,1165,11.98828125,4.9296875,4.55078125,1,0x14,0,0,0,1,0,1,0,0,0,1,,,,,,,,,,,,,,,,,,,,,,
762,10,FREECAM_3D,25.433333333333334,811623,24768.768310546875,1517,46.295166015625,21.600527356624916,34,1.03759765625,1482,45.22705078125,1,0.030517578125,0x2CA7BF24,3069,1262,1186,11.98828125,4.9296875,4.6328125,1,0x14,0,0,0,1,0,1,0,0,0,1,,,,,,,,,,,,,,,,,,,,,,
763,10,FREECAM_3D,25.466666666666665,812545,24796.905517578125,922,28.13720703125,35.54013015184382,34,1.03759765625,888,27.099609375,0,0.0,0x85D9FFED,3069,1262,1207,11.98828125,4.9296875,4.71484375,1,0x14,0,0,0,1,0,1,0,0,0,1,,,,,,,,,,,,,,,,,,,,,,
764,10,FREECAM_3D,25.5,814407,24853.729248046875,1862,56.82373046875,17.59828141783029,314,9.58251953125,1547,47.210693359375,1,0.030517578125,0x60949FFC,3,2468,402,0.01171875,9.640625,1.5703125,0,0x15,0,0,1,1,0,1,0,0,0,1,,,,,,,,,,,,,,,,,,,,,,
765,10,FREECAM_3D,25.533333333333335,815976,24901.611328125,1569,47.882080078125,20.88463989802422,34,1.03759765625,1535,46.844482421875,0,0.0,0x7D2C2957,3,2468,423,0.01171875,9.640625,1.65234375,0,0x14,0,0,0,1,0,1,0,0,0,1,,,,,,,,,,,,,,,,,,,,,,
766,10,FREECAM_3D,25.566666666666666,816842,24928.03955078125,866,26.42822265625,37.838337182448036,33,1.007080078125,832,25.390625,1,0.030517578125,0xAF34DCD8,3,2468,444,0.01171875,9.640625,1.734375,0,0x14,0,0,0,1,0,1,0,0,0,1,,,,,,,,,,,,,,,,,,,,,,
767,10,FREECAM_3D,25.6,817709,24954.498291015625,867,26.458740234375,37.79469434832757,33,1.007080078125,833,25.421142578125,1,0.030517578125,0xC2DBAE89,3,2468,465,0.01171875,9.640625,1.81640625,0,0x14,0,0,0,1,0,1,0,0,0,1,,,,,,,,,,,,,,,,,,,,,,
768,10,FREECAM_3D,25.633333333333333,818570,24980.77392578125,861,26.275634765625,38.05807200929152,33,1.007080078125,828,25.2685546875,0,0.0,0xEF5FB53A,3,2468,486,0.01171875,9.640625,1.8984375,0,0x14,0,0,0,1,0,1,0,0,0,1,,,,,,,,,,,,,,,,,,,,,,
769,10,FREECAM_3D,25.666666666666668,819432,25007.080078125,862,26.30615234375,38.01392111368909,33,1.007080078125,828,25.2685546875,1,0.030517578125,0xFE92F063,3,2468,507,0.01171875,9.640625,1.98046875,0,0x14,0,0,0,1,0,1,0,0,0,1,,,,,,,,,,,,,,,,,,,,,,
770,10,FREECAM_3D,25.7,820292,25033.3251953125,860,26.2451171875,38.10232558139535,34,1.03759765625,825,25.177001953125,1,0.030517578125,0xCAC6071D,3,2468,528,0.01171875,9.640625,2.0625,0,0x14,0,0,0,1,0,1,0,0,0,1,,,,,,,,,,,,,,,,,,,,,,
771,10,FREECAM_3D,25.733333333333334,821154,25059.63134765625,862,26.30615234375,38.01392111368909,33,1.007080078125,829,25.299072265625,0,0.0,0xAB0FE09C,3,2468,549,0.01171875,9.640625,2.14453125,0,0x14,0,0,0,1,0,1,0,0,0,1,,,,,,,,,,,,,,,,,,,,,,
772,10,FREECAM_3D,25.766666666666666,822010,25085.75439453125,856,26.123046875,38.2803738317757,33,1.007080078125,823,25.115966796875,0,0.0,0x6E0C8873,3,2468,570,0.01171875,9.640625,2.2265625,0,0x14,0,0,0,1,0,1,0,0,0,1,,,,,,,,,,,,,,,,,,,,,,
773,10,FREECAM_3D,25.8,822862,25111.75537109375,852,26.0009765625,38.460093896713616,33,1.007080078125,819,24.993896484375,0,0.0,0x44E06012,3,2468,591,0.01171875,9.640625,2.30859375,0,0x14,0,0,0,1,0,1,0,0,0,1,,,,,,,,,,,,,,,,,,,,,,
774,10,FREECAM_3D,25.833333333333332,823715,25137.786865234375,853,26.031494140625,38.41500586166471,33,1.007080078125,819,24.993896484375,1,0.030517578125,0x40A22339,3,2468,612,0.01171875,9.640625,2.390625,0,0x14,0,0,0,1,0,1,0,0,0,1,,,,,,,,,,,,,,,,,,,,,,
775,10,FREECAM_3D,25.866666666666667,824566,25163.75732421875,851,25.970458984375,38.50528789659224,33,1.007080078125,817,24.932861328125,1,0.030517578125,0x80883878,3,2468,633,0.01171875,9.640625,2.47265625,0,0x14,0,0,0,1,0,1,0,0,0,1,,,,,,,,,,,,,,,,,,,,,,
776,10,FREECAM_3D,25.9,825413,25189.605712890625,847,25.848388671875,38.68713105076741,34,1.03759765625,813,24.810791015625,0,0.0,0x74684B0F,3,2468,654,0.01171875,9.640625,2.5546875,0,0x14,0,0,0,1,0,1,0,0,0,1,,,,,,,,,,,,,,,,,,,,,,
777,10,FREECAM_3D,25.933333333333334,826261,25215.484619140625,848,25.87890625,38.64150943396226,33,1.007080078125,815,24.871826171875,0,0.0,0x65B5D9EE,3,2468,675,0.01171875,9.640625,2.63671875,0,0x14,0,0,0,1,0,1,0,0,0,1,,,,,,,,,,,,,,,,,,,,,,
778,10,FREECAM_3D,25.966666666666665,827106,25241.27197265625,845,25.787353515625,38.77869822485207,33,1.007080078125,812,24.7802734375,0,0.0,0x1E6F2665,3,2468,696,0.01171875,9.640625,2.71875,0,0x14,0,0,0,1,0,1,0,0,0,1,,,,,,,,,,,,,,,,,,,,,,
779,10,FREECAM_3D,26.0,827949,25266.998291015625,843,25.726318359375,38.87069988137604,33,1.007080078125,809,24.688720703125,1,0.030517578125,0xBB8A8BE4,3,2468,717,0.01171875,9.640625,2.80078125,0,0x14,0,0,0,1,0,1,0,0,0,1,,,,,,,,,,,,,,,,,,,,,,
780,10,FREECAM_3D,26.033333333333335,828791,25292.694091796875,842,25.69580078125,38.91686460807601,33,1.007080078125,808,24.658203125,1,0.030517578125,0xDB7816DB,3,2468,738,0.01171875,9.640625,2.8828125,0,0x14,0,0,0,1,0,1,0,0,0,1,,,,,,,,,,,,,,,,,,,,,,
781,10,FREECAM_3D,26.066666666666666,829635,25318.450927734375,844,25.7568359375,38.824644549763036,34,1.03759765625,809,24.688720703125,1,0.030517578125,0x62D805FA,3,2468,759,0.01171875,9.640625,2.96484375,0,0x14,0,0,0,1,0,1,0,0,0,1,,,,,,,,,,,,,,,,,,,,,,
782,10,FREECAM_3D,26.1,830427,25342.620849609375,792,24.169921875,41.37373737373738,33,1.007080078125,759,23.162841796875,0,0.0,0x65DFB648,3,2468,738,0.01171875,9.640625,2.8828125,0,0x14,0,0,0,1,0,1,0,0,0,1,,,,,,,,,,,,,,,,,,,,,,
783,10,FREECAM_3D,26.133333333333333,831273,25368.438720703125,846,25.81787109375,38.73286052009456,33,1.007080078125,812,24.7802734375,1,0.030517578125,0xF2845113,3,2468,717,0.01171875,9.640625,2.80078125,0,0x14,0,0,0,1,0,1,0,0,0,1,,,,,,,,,,,,,,,,,,,,,,
784,10,FREECAM_3D,26.166666666666668,832117,25394.195556640625,844,25.7568359375,38.824644549763036,33,1.007080078125,811,24.749755859375,0,0.0,0xCE7B014A,3,2468,696,0.01171875,9.640625,2.71875,0,0x14,0,0,0,1,0,1,0,0,0,1,,,,,,,,,,,,,,,,,,,,,,
785,10,FREECAM_3D,26.2,832963,25420.013427734375,846,25.81787109375,38.73286052009456,33,1.007080078125,812,24.7802734375,1,0.030517578125,0x925B10E5,3,2468,675,0.01171875,9.640625,2.63671875,0,0x14,0,0,0,1,0,1,0,0,0,1,,,,,,,,,,,,,,,,,,,,,,
786,10,FREECAM_3D,26.233333333333334,833812,25445.9228515625,849,25.909423828125,38.59599528857479,34,1.03759765625,814,24.84130859375,1,0.030517578125,0x5F5A5E4C,3,2468,654,0.01171875,9.640625,2.5546875,0,0x14,0,0,0,1,0,1,0,0,0,1,,,,,,,,,,,,,,,,,,,,,,
787,10,FREECAM_3D,26.266666666666666,834663,25471.893310546875,851,25.970458984375,38.50528789659224,34,1.03759765625,817,24.932861328125,0,0.0,0x1EC68647,3,2468,633,0.01171875,9.640625,2.47265625,0,0x14,0,0,0,1,0,1,0,0,0,1,,,,,,,,,,,,,,,,,,,,,,
788,10,FREECAM_3D,26.3,835512,25497.802734375,849,25.909423828125,38.59599528857479,33,1.007080078125,816,24.90234375,0,0.0,0xA9D9C03E,3,2468,612,0.01171875,9.640625,2.390625,0,0x14,0,0,0,1,0,1,0,0,0,1,,,,,,,,,,,,,,,,,,,,,,
789,10,FREECAM_3D,26.333333333333332,836364,25523.8037109375,852,26.0009765625,38.460093896713616,33,1.007080078125,819,24.993896484375,0,0.0,0x3A53DC19,3,2468,591,0.01171875,9.640625,2.30859375,0,0x14,0,0,0,1,0,1,0,0,0,1,,,,,,,,,,,,,,,,,,,,,,
790,10,FREECAM_3D,26.366666666666667,837219,25549.896240234375,855,26.092529296875,38.32514619883041,33,1.007080078125,821,25.054931640625,1,0.030517578125,0x460FB860,3,2468,570,0.01171875,9.640625,2.2265625,0,0x14,0,0,0,1,0,1,0,0,0,1,,,,,,,,,,,,,,,,,,,,,,
791,10,FREECAM_3D,26.4,838075,25576.019287109375,856,26.123046875,38.2803738317757,34,1.03759765625,822,25.08544921875,0,0.0,0xF378EFAB,3,2468,549,0.01171875,9.640625,2.14453125,0,0x14,0,0,0,1,0,1,0,0,0,1,,,,,,,,,,,,,,,,,,,,,,
792,10,FREECAM_3D,26.433333333333334,838934,25602.23388671875,859,26.214599609375,38.146682188591384,33,1.007080078125,825,25.177001953125,1,0.030517578125,0xE192D4A2,3,2468,528,0.01171875,9.640625,2.0625,0,0x14,0,0,0,1,0,1,0,0,0,1,,,,,,,,,,,,,,,,,,,,,,
793,10,FREECAM_3D,26.466666666666665,839798,25628.60107421875,864,26.3671875,37.925925925925924,34,1.03759765625,830,25.32958984375,0,0.0,0xD0839570,3,2468,507,0.01171875,9.640625,1.98046875,0,0x14,0,0,0,1,0,1,0,0,0,1,,,,,,,,,,,,,,,,,,,,,,
794,10,FREECAM_3D,26.5,840658,25654.84619140625,860,26.2451171875,38.10232558139535,33,1.007080078125,827,25.238037109375,0,0.0,0x0298A6A1,3,2468,486,0.01171875,9.640625,1.8984375,0,0x14,0,0,0,1,0,1,0,0,0,1,,,,,,,,,,,,,,,,,,,,,,
795,10,FREECAM_3D,26.533333333333335,841521,25681.182861328125,863,26.336669921875,37.96987253765933,33,1.007080078125,830,25.32958984375,0,0.0,0x96F755AE,3,2468,465,0.01171875,9.640625,1.81640625,0,0x14,0,0,0,1,0,1,0,0,0,1,,,,,,,,,,,,,,,,,,,,,,
796,10,FREECAM_3D,26.566666666666666,842382,25707.45849609375,861,26.275634765625,38.05807200929152,34,1.03759765625,826,25.20751953125,1,0.030517578125,0x7B524AA7,3,2468,444,0.01171875,9.640625,1.734375,0,0x14,0,0,0,1,0,1,0,0,0,1,,,,,,,,,,,,,,,,,,,,,,
797,10,FREECAM_3D,26.6,843375,25737.762451171875,993,30.303955078125,32.99899295065458,33,1.007080078125,960,29.296875,0,0.0,0xF7553ED4,3,2468,423,0.01171875,9.640625,1.65234375,0,0x14,0,0,0,1,0,1,0,0,0,1,,,,,,,,,,,,,,,,,,,,,,
798,10,FREECAM_3D,26.633333333333333,844382,25768.49365234375,1007,30.731201171875,32.540218470705064,33,1.007080078125,973,29.693603515625,1,0.030517578125,0xFF87F2E5,3,2468,402,0.01171875,9.640625,1.5703125,0,0x14,0,0,0,1,0,1,0,0,0,1,,,,,,,,,,,,,,,,,,,,,,
799,10,FREECAM_3D,26.666666666666668,845380,25798.9501953125,998,30.45654296875,32.833667334669336,34,1.03759765625,963,29.388427734375,1,0.030517578125,0x8649B8B2,3,2468,381,0.01171875,9.640625,1.48828125,0,0x14,0,0,0,1,0,1,0,0,0,1,,,,,,,,,,,,,,,,,,,,,,
800,10,FREECAM_3D,26.7,846383,25829.559326171875,1003,30.609130859375,32.66999002991027,34,1.03759765625,968,29.541015625,1,0.030517578125,0xC0FA100B,3,2468,360,0.01171875,9.640625,1.40625,0,0x14,0,0,0,1,0,1,0,0,0,1,,,,,,,,,,,,,,,,,,,,,,
801,10,FREECAM_3D,26.733333333333334,847385,25860.137939453125,1002,30.57861328125,32.70259481037924,34,1.03759765625,968,29.541015625,0,0.0,0x95C89B68,3,2468,339,0.01171875,9.640625,1.32421875,0,0x14,0,0,0,1,0,1,0,0,0,1,,,,,,,,,,,,,,,,,,,,,,
802,10,FREECAM_3D,26.766666666666666,848389,25890.777587890625,1004,30.6396484375,32.63745019920319,33,1.007080078125,970,29.60205078125,1,0.030517578125,0xE8578599,3,2468,318,0.01171875,9.640625,1.2421875,0,0x14,0,0,0,1,0,1,0,0,0,1,,,,,,,,,,,,,,,,,,,,,,
803,10,FREECAM_3D,26.8,849390,25921.32568359375,1001,30.548095703125,32.735264735264735,33,1.007080078125,968,29.541015625,0,0.0,0x0F446DC6,3,2468,297,0.01171875,9.640625,1.16015625,0,0x14,0,0,0,1,0,1,0,0,0,1,,,,,,,,,,,,,,,,,,,,,,
804,10,FREECAM_3D,26.833333333333332,850394,25951.96533203125,1004,30.6396484375,32.63745019920319,33,1.007080078125,971,29.632568359375,0,0.0,0xEEE9D65F,3,2468,276,0.01171875,9.640625,1.078125,0,0x14,0,0,0,1,0,1,0,0,0,1,,,,,,,,,,,,,,,,,,,,,,
805,10,FREECAM_3D,26.866666666666667,851398,25982.60498046875,1004,30.6396484375,32.63745019920319,33,1.007080078125,971,29.632568359375,0,0.0,0x52A5135F,3,2468,255,0.01171875,9.640625,0.99609375,0,0x14,0,0,0,1,0,1,0,0,0,1,,,,,,,,,,,,,,,,,,,,,,
806,10,FREECAM_3D,26.9,852402,26013.24462890625,1004,30.6396484375,32.63745019920319,33,1.007080078125,971,29.632568359375,0,0.0,0x44FB15E2,3,2468,234,0.01171875,9.640625,0.9140625,0,0x14,0,0,0,1,0,1,0,0,0,1,,,,,,,,,,,,,,,,,,,,,,
807,10,FREECAM_3D,26.933333333333334,853401,26043.731689453125,999,30.487060546875,32.8008008008008,33,1.007080078125,966,29.47998046875,0,0.0,0xD485F245,3,2468,213,0.01171875,9.640625,0.83203125,0,0x14,0,0,0,1,0,1,0,0,0,1,,,,,,,,,,,,,,,,,,,,,,
808,10,FREECAM_3D,26.966666666666665,854401,26074.249267578125,1000,30.517578125,32.768,34,1.03759765625,965,29.449462890625,1,0.030517578125,0x4D5E4FC0,3,2468,192,0.01171875,9.640625,0.75,0,0x14,0,0,0,1,0,1,0,0,0,1,,,,,,,,,,,,,,,,,,,,,,
809,10,FREECAM_3D,27.0,855386,26104.30908203125,985,30.059814453125,33.267005076142134,33,1.007080078125,951,29.022216796875,1,0.030517578125,0xE2A33C23,3,2468,171,0.01171875,9.640625,0.66796875,0,0x14,0,0,0,1,0,1,0,0,0,1,,,,,,,,,,,,,,,,,,,,,,
810,10,FREECAM_3D,27.033333333333335,856342,26133.48388671875,956,29.1748046875,34.27615062761506,33,1.007080078125,923,28.167724609375,0,0.0,0x03B947B6,3,2468,150,0.01171875,9.640625,0.5859375,0,0x14,0,0,0,1,0,1,0,0,0,1,,,,,,,,,,,,,,,,,,,,,,
811,10,FREECAM_3D,27.066666666666666,857286,26162.29248046875,944,28.80859375,34.71186440677966,33,1.007080078125,910,27.77099609375,1,0.030517578125,0x4C12C299,3,2468,129,0.01171875,9.640625,0.50390625,0,0x14,0,0,0,1,0,1,0,0,0,1,,,,,,,,,,,,,,,,,,,,,,
812,10,FREECAM_3D,27.1,858211,26190.521240234375,925,28.228759765625,35.424864864864865,33,1.007080078125,891,27.191162109375,1,0.030517578125,0x263CFA04,3,2468,108,0.01171875,9.640625,0.421875,0,0x14,0,0,0,1,0,1,0,0,0,1,,,,,,,,,,,,,,,,,,,,,,
813,10,FREECAM_3D,27.133333333333333,859125,26218.414306640625,914,27.89306640625,35.85120350109409,33,1.007080078125,881,26.885986328125,0,0.0,0x5FEC65D7,3,2468,87,0.01171875,9.640625,0.33984375,0,0x14,0,0,0,1,0,1,0,0,0,1,,,,,,,,,,,,,,,,,,,,,,
814,10,FREECAM_3D,27.166666666666668,860026,26245.91064453125,901,27.496337890625,36.3684794672586,33,1.007080078125,867,26.458740234375,1,0.030517578125,0x4C6FF3FA,3,2468,66,0.01171875,9.640625,0.2578125,0,0x14,0,0,0,1,0,1,0,0,0,1,,,,,,,,,,,,,,,,,,,,,,
815,10,FREECAM_3D,27.2,860906,26272.76611328125,880,26.85546875,37.236363636363635,33,1.007080078125,847,25.848388671875,0,0.0,0x15EA0094,3,2468,64,0.01171875,9.640625,0.25,0,0x14,0,0,0,1,0,1,0,0,0,1,,,,,,,,,,,,,,,,,,,,,,
816,10,FREECAM_3D,27.233333333333334,861756,26298.7060546875,850,25.93994140625,38.550588235294114,35,1.068115234375,815,24.871826171875,0,0.0,0x15EA0094,3,2468,64,0.01171875,9.640625,0.25,0,0x10,0,0,0,0,0,1,0,0,0,1,,,,,,,,,,,,,,,,,,,,,,
817,10,FREECAM_3D,27.266666666666666,862602,26324.52392578125,846,25.81787109375,38.73286052009456,35,1.068115234375,811,24.749755859375,0,0.0,0x15EA0094,3,2468,64,0.01171875,9.640625,0.25,0,0x10,0,0,0,0,0,1,0,0,0,1,,,,,,,,,,,,,,,,,,,,,,
818,10,FREECAM_3D,27.3,863447,26350.311279296875,845,25.787353515625,38.77869822485207,35,1.068115234375,810,24.71923828125,0,0.0,0x15EA0094,3,2468,64,0.01171875,9.640625,0.25,0,0x10,0,0,0,0,0,1,0,0,0,1,,,,,,,,,,,,,,,,,,,,,,
819,10,FREECAM_3D,27.333333333333332,864293,26376.129150390625,846,25.81787109375,38.73286052009456,35,1.068115234375,811,24.749755859375,0,0.0,0x15EA0094,3,2468,64,0.01171875,9.640625,0.25,0,0x10,0,0,0,0,0,1,0,0,0,1,,,,,,,,,,,,,,,,,,,,,,
820,10,FREECAM_3D,27.366666666666667,865138,26401.91650390625,845,25.787353515625,38.77869822485207,34,1.03759765625,811,24.749755859375,0,0.0,0x15EA0094,3,2468,64,0.01171875,9.640625,0.25,0,0x10,0,0,0,0,0,1,0,0,0,1,,,,,,,,,,,,,,,,,,,,,,
821,10,FREECAM_3D,27.4,865983,26427.703857421875,845,25.787353515625,38.77869822485207,34,1.03759765625,811,24.749755859375,0,0.0,0x15EA0094,3,2468,64,0.01171875,9.640625,0.25,0,0x10,0,0,0,0,0,1,0,0,0,1,,,,,,,,,,,,,,,,,,,,,,
822,10,FREECAM_3D,27.433333333333334,866829,26453.521728515625,846,25.81787109375,38.73286052009456,34,1.03759765625,811,24.749755859375,1,0.030517578125,0x15EA0094,3,2468,64,0.01171875,9.640625,0.25,0,0x10,0,0,0,0,0,1,0,0,0,1,,,,,,,,,,,,,,,,,,,,,,
823,10,FREECAM_3D,27.466666666666665,867675,26479.339599609375,846,25.81787109375,38.73286052009456,34,1.03759765625,811,24.749755859375,1,0.030517578125,0x15EA0094,3,2468,64,0.01171875,9.640625,0.25,0,0x10,0,0,0,0,0,1,0,0,0,1,,,,,,,,,,,,,,,,,,,,,,
824,10,FREECAM_3D,27.5,868521,26505.157470703125,846,25.81787109375,38.73286052009456,34,1.03759765625,811,24.749755859375,1,0.030517578125,0x15EA0094,3,2468,64,0.01171875,9.640625,0.25,0,0x10,0,0,0,0,0,1,0,0,0,1,,,,,,,,,,,,,,,,,,,,,,
825,10,FREECAM_3D,27.533333333333335,869367,26530.975341796875,846,25.81787109375,38.73286052009456,34,1.03759765625,811,24.749755859375,1,0.030517578125,0x15EA0094,3,2468,64,0.01171875,9.640625,0.25,0,0x10,0,0,0,0,0,1,0,0,0,1,,,,,,,,,,,,,,,,,,,,,,
826,10,FREECAM_3D,27.566666666666666,870214,26556.82373046875,847,25.848388671875,38.68713105076741,35,1.068115234375,811,24.749755859375,1,0.030517578125,0x15EA0094,3,2468,64,0.01171875,9.640625,0.25,0,0x10,0,0,0,0,0,1,0,0,0,1,,,,,,,,,,,,,,,,,,,,,,
827,10,FREECAM_3D,27.6,871060,26582.6416015625,846,25.81787109375,38.73286052009456,35,1.068115234375,811,24.749755859375,0,0.0,0x15EA0094,3,2468,64,0.01171875,9.640625,0.25,0,0x10,0,0,0,0,0,1,0,0,0,1,,,,,,,,,,,,,,,,,,,,,,
828,10,FREECAM_3D,27.633333333333333,871906,26608.45947265625,846,25.81787109375,38.73286052009456,35,1.068115234375,811,24.749755859375,0,0.0,0x15EA0094,3,2468,64,0.01171875,9.640625,0.25,0,0x10,0,0,0,0,0,1,0,0,0,1,,,,,,,,,,,,,,,,,,,,,,
829,10,FREECAM_3D,27.666666666666668,872752,26634.27734375,846,25.81787109375,38.73286052009456,35,1.068115234375,811,24.749755859375,0,0.0,0x15EA0094,3,2468,64,0.01171875,9.640625,0.25,0,0x10,0,0,0,0,0,1,0,0,0,1,,,,,,,,,,,,,,,,,,,,,,
830,10,FREECAM_3D,27.7,873734,26664.24560546875,982,29.96826171875,33.36863543788187,40,1.220703125,942,28.74755859375,0,0.0,0x52BD6CDC,15,2454,74,0.05859375,9.5859375,0.2890625,0,0x14,0,0,0,1,0,1,1,1,0,0,,,,,,,,,,,,,,,,,,,,,,
831,10,FREECAM_3D,27.733333333333334,874749,26695.220947265625,1015,30.975341796875,32.28374384236453,40,1.220703125,974,29.72412109375,1,0.030517578125,0xD74FF083,28,2441,84,0.109375,9.53515625,0.328125,0,0x14,0,0,0,1,0,1,1,1,0,0,,,,,,,,,,,,,,,,,,,,,,
832,10,FREECAM_3D,27.766666666666666,875790,26726.98974609375,1041,31.768798828125,31.477425552353505,40,1.220703125,1000,30.517578125,1,0.030517578125,0x67B4D90A,42,2429,94,0.1640625,9.48828125,0.3671875,0,0x14,0,0,0,1,0,1,1,1,0,0,,,,,,,,,,,,,,,,,,,,,,
833,10,FREECAM_3D,27.8,876853,26759.429931640625,1063,32.440185546875,30.825964252116652,40,1.220703125,1023,31.219482421875,0,0.0,0x61F2FB2B,57,2418,104,0.22265625,9.4453125,0.40625,0,0x14,0,0,0,1,0,1,1,1,0,0,,,,,,,,,,,,,,,,,,,,,,
834,10,FREECAM_3D,27.833333333333332,877930,26792.29736328125,1077,32.867431640625,30.425255338904364,40,1.220703125,1037,31.646728515625,0,0.0,0x40E7F905,72,2408,114,0.28125,9.40625,0.4453125,0,0x14,0,0,0,1,0,1,1,1,0,0,,,,,,,,,,,,,,,,,,,,,,
835,10,FREECAM_3D,27.866666666666667,879012,26825.3173828125,1082,33.02001953125,30.284658040665434,40,1.220703125,1042,31.79931640625,0,0.0,0x8313C4A5,88,2400,124,0.34375,9.375,0.484375,0,0x14,0,0,0,1,0,1,1,1,0,0,,,,,,,,,,,,,,,,,,,,,,
836,10,FREECAM_3D,27.9,880062,26857.36083984375,1050,32.04345703125,31.207619047619048,40,1.220703125,1010,30.82275390625,0,0.0,0x24D43927,105,2393,134,0.41015625,9.34765625,0.5234375,0,0x14,0,0,0,1,0,1,1,1,0,0,,,,,,,,,,,,,,,,,,,,,,
837,10,FREECAM_3D,27.933333333333334,881120,26889.6484375,1058,32.28759765625,30.97164461247637,40,1.220703125,1017,31.036376953125,1,0.030517578125,0xA292C121,122,2387,144,0.4765625,9.32421875,0.5625,0,0x14,0,0,0,1,0,1,1,1,0,0,,,,,,,,,,,,,,,,,,,,,,
838,10,FREECAM_3D,27.966666666666665,882181,26922.027587890625,1061,32.379150390625,30.88407163053723,40,1.220703125,1020,31.1279296875,1,0.030517578125,0xFEB3DA71,140,2382,154,0.546875,9.3046875,0.6015625,0,0x14,0,0,0,1,0,1,1,1,0,0,,,,,,,,,,,,,,,,,,,,,,
839,10,FREECAM_3D,28.0,883404,26959.3505859375,1223,37.322998046875,26.793131643499592,39,1.190185546875,1184,36.1328125,0,0.0,0x9F314D1C,158,2379,164,0.6171875,9.29296875,0.640625,0,0x14,0,0,0,1,0,1,1,1,0,0,,,,,,,,,,,,,,,,,,,,,,
840,10,FREECAM_3D,28.033333333333335,884655,26997.528076171875,1251,38.177490234375,26.193445243804955,40,1.220703125,1211,36.956787109375,0,0.0,0x5F9A1335,176,2377,174,0.6875,9.28515625,0.6796875,0,0x14,0,0,0,1,0,1,1,1,0,0,,,,,,,,,,,,,,,,,,,,,,
841,10,FREECAM_3D,28.066666666666666,885903,27035.614013671875,1248,38.0859375,26.256410256410255,40,1.220703125,1207,36.834716796875,1,0.030517578125,0x191BEFC4,194,2376,184,0.7578125,9.28125,0.71875,0,0x14,0,0,0,1,0,1,1,1,0,0,,,,,,,,,,,,,,,,,,,,,,
842,10,FREECAM_3D,28.1,887010,27069.39697265625,1107,33.782958984375,29.600722673893404,40,1.220703125,1067,32.562255859375,0,0.0,0xF81F3FA2,212,2376,194,0.828125,9.28125,0.7578125,0,0x14,0,0,0,1,0,1,1,1,0,0,,,,,,,,,,,,,,,,,,,,,,
843,10,FREECAM_3D,28.133333333333333,888171,27104.827880859375,1161,35.430908203125,28.223944875107666,39,1.190185546875,1122,34.24072265625,0,0.0,0x6A0A22B9,230,2377,204,0.8984375,9.28515625,0.796875,0,0x14,0,0,0,1,0,1,1,1,0,0,,,,,,,,,,,,,,,,,,,,,,
844,10,FREECAM_3D,28.166666666666668,889343,27140.594482421875,1172,35.7666015625,27.959044368600683,40,1.220703125,1131,34.515380859375,1,0.030517578125,0xF257D097,248,2380,214,0.96875,9.296875,0.8359375,0,0x14,0,0,0,1,0,1,1,1,0,0,,,,,,,,,,,,,,,,,,,,,,
845,10,FREECAM_3D,28.2,890553,27177.520751953125,1210,36.92626953125,27.08099173553719,39,1.190185546875,1170,35.70556640625,1,0.030517578125,0x65803F82,266,2384,224,1.0390625,9.3125,0.875,0,0x14,0,0,0,1,0,1,1,1,0,0,,,,,,,,,,,,,,,,,,,,,,
846,10,FREECAM_3D,28.233333333333334,891792,27215.33203125,1239,37.811279296875,26.447134786117836,40,1.220703125,1198,36.56005859375,1,0.030517578125,0x67365819,283,2389,234,1.10546875,9.33203125,0.9140625,0,0x14,0,0,0,1,0,1,1,1,0,0,,,,,,,,,,,,,,,,,,,,,,
847,10,FREECAM_3D,28.266666666666666,893044,27253.5400390625,1252,38.2080078125,26.17252396166134,40,1.220703125,1211,36.956787109375,1,0.030517578125,0x104A20FB,300,2396,244,1.171875,9.359375,0.953125,0,0x14,0,0,0,1,0,1,1,1,0,0,,,,,,,,,,,,,,,,,,,,,,
848,10,FREECAM_3D,28.3,894350,27293.39599609375,1306,39.85595703125,25.090352220520675,39,1.190185546875,1266,38.63525390625,1,0.030517578125,0x6665B920,316,2404,254,1.234375,9.390625,0.9921875,0,0x14,0,0,0,1,0,1,1,1,0,0,,,,,,,,,,,,,,,,,,,,,,
849,10,FREECAM_3D,28.333333333333332,895613,27331.939697265625,1263,38.543701171875,25.944576405384005,40,1.220703125,1223,37.322998046875,0,0.0,0x3F6F3346,332,2413,264,1.296875,9.42578125,1.03125,0,0x14,0,0,0,1,0,1,1,1,0,0,,,,,,,,,,,,,,,,,,,,,,
850,10,FREECAM_3D,28.366666666666667,896806,27368.34716796875,1193,36.407470703125,27.466890192791283,40,1.220703125,1153,35.186767578125,0,0.0,0xAEF07C4C,347,2423,274,1.35546875,9.46484375,1.0703125,0,0x14,0,0,0,1,0,1,1,1,0,0,,,,,,,,,,,,,,,,,,,,,,
851,10,FREECAM_3D,28.4,898040,27406.005859375,1234,37.65869140625,26.554294975688816,40,1.220703125,1193,36.407470703125,1,0.030517578125,0x61E64260,361,2434,284,1.41015625,9.5078125,1.109375,0,0x14,0,0,0,1,0,1,1,1,0,0,,,,,,,,,,,,,,,,,,,,,,
852,10,FREECAM_3D,28.433333333333334,899265,27443.389892578125,1225,37.384033203125,26.749387755102042,39,1.190185546875,1185,36.163330078125,1,0.030517578125,0xC82711CF,374,2447,294,1.4609375,9.55859375,1.1484375,0,0x14,0,0,0,1,0,1,1,1,0,0,,,,,,,,,,,,,,,,,,,,,,
853,10,FREECAM_3D,28.466666666666665,900420,27478.6376953125,1155,35.247802734375,28.37056277056277,39,1.190185546875,1116,34.0576171875,0,0.0,0xB2A40B9D,386,2460,304,1.5078125,9.609375,1.1875,0,0x1C,0,0,0,1,1,1,1,1,0,0,,,,,,,,,,,,,,,,,,,,,,
