frame_index,section_id,section_name,simulation_time_seconds,measured_elapsed_ticks,measured_elapsed_ms,total_ticks,total_ms,instantaneous_fps,update_ticks,update_ms,render_ticks,render_ms,swap_ticks,swap_ms,state_hash,position_x_raw,position_y_raw,position_z_raw,position_x,position_y,position_z,room,flags,detailed,excluded_from_clean_stats,crossed_portal,changed,section_end,freecam,move_axis,turn_axis,look_axis,buttons_active,detail_corrected_total_ms,admin_corrected_ms,setup_corrected_ms,root_geometry_corrected_ms,root_fill_corrected_ms,portal_setup_corrected_ms,portal_geometry_corrected_ms,portal_fill_corrected_ms,wait_corrected_ms,present_corrected_ms,overlay_corrected_ms,transformed_vertices,projected_points,rasterized_polygons,raster_rows,filled_spans,filled_pixels,portal_composite_pixels,portal_clip_pixels,full_portal_views,lod_portal_views,edge_division_fallbacks
0,1,OPEN_YAW,0.03333333333333333,1516,46.2646484375,1516,46.2646484375,21.614775725593667,26,0.79345703125,1490,45.47119140625,0,0.0,0x5E9768D3,0,512,384,0.0,2.0,1.5,0,0x04,0,0,0,1,0,0,0,1,0,0,,,,,,,,,,,,,,,,,,,,,,
1,1,OPEN_YAW,0.06666666666666667,3052,93.1396484375,1536,46.875,21.333333333333332,26,0.79345703125,1510,46.08154296875,0,0.0,0x8B3821D2,0,512,384,0.0,2.0,1.5,0,0x06,1,1,0,1,0,0,0,1,0,0,46.0205078125,0.0,0.213623046875,18.98193359375,6.134033203125,1.190185546875,4.119873046875,1.678466796875,0.0,13.0615234375,0.640869140625,0,0,0,0,0,0,0,0,0,0,0
2,1,OPEN_YAW,0.1,4451,135.833740234375,1399,42.694091796875,23.422444603288064,27,0.823974609375,1372,41.8701171875,0,0.0,0x58A773FF,0,512,384,0.0,2.0,1.5,0,0x04,0,0,0,1,0,0,0,1,0,0,,,,,,,,,,,,,,,,,,,,,,
3,1,OPEN_YAW,0.13333333333333333,5864,178.955078125,1413,43.121337890625,23.19037508846426,26,0.79345703125,1386,42.29736328125,1,0.030517578125,0xAED9429C,0,512,384,0.0,2.0,1.5,0,0x04,0,0,0,1,0,0,0,1,0,0,,,,,,,,,,,,,,,,,,,,,,
4,1,OPEN_YAW,0.16666666666666666,7322,223.44970703125,1458,44.49462890625,22.474622770919066,26,0.79345703125,1432,43.701171875,0,0.0,0x45E0B719,0,512,384,0.0,2.0,1.5,0,0x04,0,0,0,1,0,0,0,1,0,0,,,,,,,,,,,,,,,,,,,,,,
5,1,OPEN_YAW,0.2,8789,268.218994140625,1467,44.769287109375,22.336741649625086,26,0.79345703125,1441,43.975830078125,0,0.0,0x1A9A2DD0,0,512,384,0.0,2.0,1.5,0,0x04,0,0,0,1,0,0,0,1,0,0,,,,,,,,,,,,,,,,,,,,,,
6,1,OPEN_YAW,0.23333333333333334,10270,313.41552734375,1481,45.196533203125,22.12559081701553,26,0.79345703125,1455,44.403076171875,0,0.0,0xF0C60EB7,0,512,384,0.0,2.0,1.5,0,0x04,0,0,0,1,0,0,0,1,0,0,,,,,,,,,,,,,,,,,,,,,,
7,1,OPEN_YAW,0.26666666666666666,11747,358.489990234375,1477,45.074462890625,22.18551117129316,27,0.823974609375,1450,44.25048828125,0,0.0,0xD27F4708,0,512,384,0.0,2.0,1.5,0,0x04,0,0,0,1,0,0,0,1,0,0,,,,,,,,,,,,,,,,,,,,,,
8,1,OPEN_YAW,0.3,13227,403.656005859375,1480,45.166015625,22.14054054054054,26,0.79345703125,1453,44.342041015625,1,0.030517578125,0x94A84683,0,512,384,0.0,2.0,1.5,0,0x04,0,0,0,1,0,0,0,1,0,0,,,,,,,,,,,,,,,,,,,,,,
9,1,OPEN_YAW,0.3333333333333333,14691,448.333740234375,1464,44.677734375,22.382513661202186,27,0.823974609375,1437,43.853759765625,0,0.0,0x1F45C49E,0,512,384,0.0,2.0,1.5,0,0x04,0,0,0,1,0,0,0,1,0,0,,,,,,,,,,,,,,,,,,,,,,
10,1,OPEN_YAW,0.36666666666666664,16139,492.523193359375,1448,44.189453125,22.629834254143645,26,0.79345703125,1422,43.39599609375,0,0.0,0x6E85EBC5,0,512,384,0.0,2.0,1.5,0,0x04,0,0,0,1,0,0,0,1,0,0,,,,,,,,,,,,,,,,,,,,,,
11,1,OPEN_YAW,0.4,17238,526.06201171875,1099,33.538818359375,29.816196542311193,26,0.79345703125,1073,32.745361328125,0,0.0,0x70470C18,0,512,384,0.0,2.0,1.5,0,0x04,0,0,0,1,0,0,0,1,0,0,,,,,,,,,,,,,,,,,,,,,,
12,1,OPEN_YAW,0.43333333333333335,18335,559.539794921875,1097,33.477783203125,29.870556061987237,27,0.823974609375,1069,32.623291015625,1,0.030517578125,0xE47DEAEF,0,512,384,0.0,2.0,1.5,0,0x04,0,0,0,1,0,0,0,1,0,0,,,,,,,,,,,,,,,,,,,,,,
13,1,OPEN_YAW,0.4666666666666667,19431,592.987060546875,1096,33.447265625,29.8978102189781,26,0.79345703125,1069,32.623291015625,1,0.030517578125,0x44510D1A,0,512,384,0.0,2.0,1.5,0,0x04,0,0,0,1,0,0,0,1,0,0,,,,,,,,,,,,,,,,,,,,,,
14,1,OPEN_YAW,0.5,20506,625.79345703125,1075,32.806396484375,30.48186046511628,27,0.823974609375,1047,31.951904296875,1,0.030517578125,0x57F83B3D,0,512,384,0.0,2.0,1.5,0,0x04,0,0,0,1,0,0,0,1,0,0,,,,,,,,,,,,,,,,,,,,,,
15,1,OPEN_YAW,0.5333333333333333,21399,653.045654296875,893,27.252197265625,36.694288913773796,27,0.823974609375,866,26.42822265625,0,0.0,0xFC68B016,0,512,384,0.0,2.0,1.5,0,0x04,0,0,0,1,0,0,0,1,0,0,,,,,,,,,,,,,,,,,,,,,,
16,1,OPEN_YAW,0.5666666666666667,22280,679.931640625,881,26.885986328125,37.19409761634506,26,0.79345703125,854,26.06201171875,1,0.030517578125,0xA5F2BEEB,0,512,384,0.0,2.0,1.5,0,0x04,0,0,0,1,0,0,0,1,0,0,,,,,,,,,,,,,,,,,,,,,,
17,1,OPEN_YAW,0.6,23137,706.085205078125,857,26.153564453125,38.23570595099183,27,0.823974609375,829,25.299072265625,1,0.030517578125,0xC813CCF6,0,512,384,0.0,2.0,1.5,0,0x04,0,0,0,1,0,0,0,1,0,0,,,,,,,,,,,,,,,,,,,,,,
18,1,OPEN_YAW,0.6333333333333333,24132,736.4501953125,995,30.364990234375,32.93266331658292,27,0.823974609375,968,29.541015625,0,0.0,0xFA8FA93F,0,512,384,0.0,2.0,1.5,0,0x04,0,0,0,1,0,0,0,1,0,0,,,,,,,,,,,,,,,,,,,,,,
19,1,OPEN_YAW,0.6666666666666666,25124,766.7236328125,992,30.2734375,33.03225806451613,26,0.79345703125,965,29.449462890625,1,0.030517578125,0xFC0E3B5E,0,512,384,0.0,2.0,1.5,0,0x04,0,0,0,1,0,0,0,1,0,0,,,,,,,,,,,,,,,,,,,,,,
20,1,OPEN_YAW,0.7,26112,796.875,988,30.1513671875,33.16599190283401,26,0.79345703125,962,29.35791015625,0,0.0,0xAC3150F9,0,512,384,0.0,2.0,1.5,0,0x04,0,0,0,1,0,0,0,1,0,0,,,,,,,,,,,,,,,,,,,,,,
21,1,OPEN_YAW,0.7333333333333333,27105,827.178955078125,993,30.303955078125,32.99899295065458,27,0.823974609375,965,29.449462890625,1,0.030517578125,0xCB25181A,0,512,384,0.0,2.0,1.5,0,0x04,0,0,0,1,0,0,0,1,0,0,,,,,,,,,,,,,,,,,,,,,,
22,1,OPEN_YAW,0.7666666666666667,28104,857.666015625,999,30.487060546875,32.8008008008008,26,0.79345703125,973,29.693603515625,0,0.0,0x48C590F3,0,512,384,0.0,2.0,1.5,0,0x04,0,0,0,1,0,0,0,1,0,0,,,,,,,,,,,,,,,,,,,,,,
23,1,OPEN_YAW,0.8,29106,888.24462890625,1002,30.57861328125,32.70259481037924,26,0.79345703125,975,29.754638671875,1,0.030517578125,0xF1FADB42,0,512,384,0.0,2.0,1.5,0,0x04,0,0,0,1,0,0,0,1,0,0,,,,,,,,,,,,,,,,,,,,,,
24,1,OPEN_YAW,0.8333333333333334,30110,918.88427734375,1004,30.6396484375,32.63745019920319,27,0.823974609375,977,29.815673828125,0,0.0,0x09DBF567,0,512,384,0.0,2.0,1.5,0,0x04,0,0,0,1,0,0,0,1,0,0,,,,,,,,,,,,,,,,,,,,,,
25,1,OPEN_YAW,0.8666666666666667,31116,949.5849609375,1006,30.70068359375,32.57256461232604,26,0.79345703125,979,29.876708984375,1,0.030517578125,0x727A5D9C,0,512,384,0.0,2.0,1.5,0,0x04,0,0,0,1,0,0,0,1,0,0,,,,,,,,,,,,,,,,,,,,,,
26,1,OPEN_YAW,0.9,32121,980.255126953125,1005,30.670166015625,32.60497512437811,27,0.823974609375,978,29.84619140625,0,0.0,0x6BDB5333,0,512,384,0.0,2.0,1.5,0,0x04,0,0,0,1,0,0,0,1,0,0,,,,,,,,,,,,,,,,,,,,,,
27,1,OPEN_YAW,0.9333333333333333,33113,1010.528564453125,992,30.2734375,33.03225806451613,26,0.79345703125,966,29.47998046875,0,0.0,0x5AD6DB54,0,512,384,0.0,2.0,1.5,0,0x04,0,0,0,1,0,0,0,1,0,0,,,,,,,,,,,,,,,,,,,,,,
28,1,OPEN_YAW,0.9666666666666667,34107,1040.863037109375,994,30.33447265625,32.96579476861167,26,0.79345703125,967,29.510498046875,1,0.030517578125,0xE5D4D0F1,0,512,384,0.0,2.0,1.5,0,0x04,0,0,0,1,0,0,0,1,0,0,,,,,,,,,,,,,,,,,,,,,,
29,1,OPEN_YAW,1.0,35100,1071.1669921875,993,30.303955078125,32.99899295065458,27,0.823974609375,966,29.47998046875,0,0.0,0x160A0806,0,512,384,0.0,2.0,1.5,0,0x04,0,0,0,1,0,0,0,1,0,0,,,,,,,,,,,,,,,,,,,,,,
30,1,OPEN_YAW,1.0333333333333334,36091,1101.409912109375,991,30.242919921875,33.06559031281534,26,0.79345703125,964,29.4189453125,1,0.030517578125,0x779CD11B,0,512,384,0.0,2.0,1.5,0,0x04,0,0,0,1,0,0,0,1,0,0,,,,,,,,,,,,,,,,,,,,,,
31,1,OPEN_YAW,1.0666666666666667,37080,1131.591796875,989,30.181884765625,33.132457027300305,26,0.79345703125,963,29.388427734375,0,0.0,0xFB682E46,0,512,384,0.0,2.0,1.5,0,0x04,0,0,0,1,0,0,0,1,0,0,,,,,,,,,,,,,,,,,,,,,,
32,1,OPEN_YAW,1.1,38069,1161.773681640625,989,30.181884765625,33.132457027300305,26,0.79345703125,963,29.388427734375,0,0.0,0xAB4F68AF,0,512,384,0.0,2.0,1.5,0,0x04,0,0,0,1,0,0,0,1,0,0,,,,,,,,,,,,,,,,,,,,,,
33,1,OPEN_YAW,1.1333333333333333,39057,1191.925048828125,988,30.1513671875,33.16599190283401,26,0.79345703125,961,29.327392578125,1,0.030517578125,0x0191D5F6,0,512,384,0.0,2.0,1.5,0,0x04,0,0,0,1,0,0,0,1,0,0,,,,,,,,,,,,,,,,,,,,,,
34,1,OPEN_YAW,1.1666666666666667,40044,1222.0458984375,987,30.120849609375,33.19959473150963,27,0.823974609375,959,29.266357421875,1,0.030517578125,0x47E40981,0,512,384,0.0,2.0,1.5,0,0x04,0,0,0,1,0,0,0,1,0,0,,,,,,,,,,,,,,,,,,,,,,
35,1,OPEN_YAW,1.2,41029,1252.105712890625,985,30.059814453125,33.267005076142134,27,0.823974609375,957,29.205322265625,1,0.030517578125,0x58D899FA,0,512,384,0.0,2.0,1.5,0,0x04,0,0,0,1,0,0,0,1,0,0,,,,,,,,,,,,,,,,,,,,,,
36,1,OPEN_YAW,1.2333333333333334,41877,1277.984619140625,848,25.87890625,38.64150943396226,27,0.823974609375,820,25.0244140625,1,0.030517578125,0x82178F31,0,512,384,0.0,2.0,1.5,0,0x04,0,0,0,1,0,0,0,1,0,0,,,,,,,,,,,,,,,,,,,,,,
37,1,OPEN_YAW,1.2666666666666666,42718,1303.64990234375,841,25.665283203125,38.96313912009512,26,0.79345703125,814,24.84130859375,1,0.030517578125,0x47A89276,0,512,384,0.0,2.0,1.5,0,0x04,0,0,0,1,0,0,0,1,0,0,,,,,,,,,,,,,,,,,,,,,,
38,1,OPEN_YAW,1.3,43549,1329.010009765625,831,25.360107421875,39.43200962695548,26,0.79345703125,805,24.566650390625,0,0.0,0x9B4B1FEF,0,512,384,0.0,2.0,1.5,0,0x04,0,0,0,1,0,0,0,1,0,0,,,,,,,,,,,,,,,,,,,,,,
39,1,OPEN_YAW,1.3333333333333333,44378,1354.30908203125,829,25.299072265625,39.52714113389626,27,0.823974609375,802,24.47509765625,0,0.0,0x2EA80794,0,512,384,0.0,2.0,1.5,0,0x04,0,0,0,1,0,0,0,1,0,0,,,,,,,,,,,,,,,,,,,,,,
40,1,OPEN_YAW,1.3666666666666667,45187,1378.997802734375,809,24.688720703125,40.504326328800985,27,0.823974609375,781,23.834228515625,1,0.030517578125,0x9320BBD7,0,512,384,0.0,2.0,1.5,0,0x04,0,0,0,1,0,0,0,1,0,0,,,,,,,,,,,,,,,,,,,,,,
41,1,OPEN_YAW,1.4,45996,1403.6865234375,809,24.688720703125,40.504326328800985,27,0.823974609375,781,23.834228515625,1,0.030517578125,0xF1D64FEB,0,512,384,0.0,2.0,1.5,0,0x04,0,0,0,1,0,0,0,1,0,0,,,,,,,,,,,,,,,,,,,,,,
42,1,OPEN_YAW,1.4333333333333333,46803,1428.314208984375,807,24.627685546875,40.60470879801735,27,0.823974609375,780,23.8037109375,0,0.0,0x313FD664,0,512,384,0.0,2.0,1.5,0,0x04,0,0,0,1,0,0,0,1,0,0,,,,,,,,,,,,,,,,,,,,,,
43,1,OPEN_YAW,1.4666666666666666,47610,1452.94189453125,807,24.627685546875,40.60470879801735,26,0.79345703125,781,23.834228515625,0,0.0,0xD37C3B3A,0,512,384,0.0,2.0,1.5,0,0x04,0,0,0,1,0,0,0,1,0,0,,,,,,,,,,,,,,,,,,,,,,
44,1,OPEN_YAW,1.5,48420,1477.6611328125,810,24.71923828125,40.45432098765432,26,0.79345703125,783,23.895263671875,1,0.030517578125,0xC85E6E2D,0,512,384,0.0,2.0,1.5,0,0x04,0,0,0,1,0,0,0,1,0,0,,,,,,,,,,,,,,,,,,,,,,
45,1,OPEN_YAW,1.5333333333333334,49250,1502.99072265625,830,25.32958984375,39.47951807228916,27,0.823974609375,803,24.505615234375,0,0.0,0x241E983A,0,512,384,0.0,2.0,1.5,0,0x04,0,0,0,1,0,0,0,1,0,0,,,,,,,,,,,,,,,,,,,,,,
46,1,OPEN_YAW,1.5666666666666667,50090,1528.62548828125,840,25.634765625,39.00952380952381,26,0.79345703125,814,24.84130859375,0,0.0,0x26D8A8C7,0,512,384,0.0,2.0,1.5,0,0x04,0,0,0,1,0,0,0,1,0,0,,,,,,,,,,,,,,,,,,,,,,
47,1,OPEN_YAW,1.6,50936,1554.443359375,846,25.81787109375,38.73286052009456,27,0.823974609375,818,24.96337890625,1,0.030517578125,0x57BE9584,0,512,384,0.0,2.0,1.5,0,0x04,0,0,0,1,0,0,0,1,0,0,,,,,,,,,,,,,,,,,,,,,,
48,1,OPEN_YAW,1.6333333333333333,51917,1584.381103515625,981,29.937744140625,33.4026503567788,27,0.823974609375,953,29.083251953125,1,0.030517578125,0x8ED5AA07,0,512,384,0.0,2.0,1.5,0,0x04,0,0,0,1,0,0,0,1,0,0,,,,,,,,,,,,,,,,,,,,,,
49,1,OPEN_YAW,1.6666666666666667,52900,1614.3798828125,983,29.998779296875,33.33468972533062,26,0.79345703125,957,29.205322265625,0,0.0,0x4BBB54B2,0,512,384,0.0,2.0,1.5,0,0x04,0,0,0,1,0,0,0,1,0,0,,,,,,,,,,,,,,,,,,,,,,
50,1,OPEN_YAW,1.7,53888,1644.53125,988,30.1513671875,33.16599190283401,27,0.823974609375,961,29.327392578125,0,0.0,0x48512005,0,512,384,0.0,2.0,1.5,0,0x04,0,0,0,1,0,0,0,1,0,0,,,,,,,,,,,,,,,,,,,,,,
51,1,OPEN_YAW,1.7333333333333334,54878,1674.74365234375,990,30.21240234375,33.0989898989899,27,0.823974609375,963,29.388427734375,0,0.0,0xE2849AE4,0,512,384,0.0,2.0,1.5,0,0x04,0,0,0,1,0,0,0,1,0,0,,,,,,,,,,,,,,,,,,,,,,
52,1,OPEN_YAW,1.7666666666666666,55867,1704.925537109375,989,30.181884765625,33.132457027300305,26,0.79345703125,963,29.388427734375,0,0.0,0x06B91CB7,0,512,384,0.0,2.0,1.5,0,0x04,0,0,0,1,0,0,0,1,0,0,,,,,,,,,,,,,,,,,,,,,,
53,1,OPEN_YAW,1.8,56857,1735.137939453125,990,30.21240234375,33.0989898989899,26,0.79345703125,964,29.4189453125,0,0.0,0xEF7CD81A,0,512,384,0.0,2.0,1.5,0,0x04,0,0,0,1,0,0,0,1,0,0,,,,,,,,,,,,,,,,,,,,,,
54,1,OPEN_YAW,1.8333333333333333,57850,1765.44189453125,993,30.303955078125,32.99899295065458,26,0.79345703125,967,29.510498046875,0,0.0,0x50648D73,0,512,384,0.0,2.0,1.5,0,0x04,0,0,0,1,0,0,0,1,0,0,,,,,,,,,,,,,,,,,,,,,,
55,1,OPEN_YAW,1.8666666666666667,58845,1795.806884765625,995,30.364990234375,32.93266331658292,27,0.823974609375,967,29.510498046875,1,0.030517578125,0xAAF43222,0,512,384,0.0,2.0,1.5,0,0x04,0,0,0,1,0,0,0,1,0,0,,,,,,,,,,,,,,,,,,,,,,
56,1,OPEN_YAW,1.9,59840,1826.171875,995,30.364990234375,32.93266331658292,27,0.823974609375,967,29.510498046875,1,0.030517578125,0x3BD3184F,0,512,384,0.0,2.0,1.5,0,0x04,0,0,0,1,0,0,0,1,0,0,,,,,,,,,,,,,,,,,,,,,,
57,1,OPEN_YAW,1.9333333333333333,60846,1856.87255859375,1006,30.70068359375,32.57256461232604,27,0.823974609375,978,29.84619140625,1,0.030517578125,0x076558F0,0,512,384,0.0,2.0,1.5,0,0x04,0,0,0,1,0,0,0,1,0,0,,,,,,,,,,,,,,,,,,,,,,
58,1,OPEN_YAW,1.9666666666666666,61850,1887.51220703125,1004,30.6396484375,32.63745019920319,26,0.79345703125,978,29.84619140625,0,0.0,0x498711DD,0,512,384,0.0,2.0,1.5,0,0x04,0,0,0,1,0,0,0,1,0,0,,,,,,,,,,,,,,,,,,,,,,
59,1,OPEN_YAW,2.0,62855,1918.182373046875,1005,30.670166015625,32.60497512437811,26,0.79345703125,978,29.84619140625,1,0.030517578125,0x46A0A0DE,0,512,384,0.0,2.0,1.5,0,0x04,0,0,0,1,0,0,0,1,0,0,,,,,,,,,,,,,,,,,,,,,,
60,1,OPEN_YAW,2.033333333333333,63859,1948.822021484375,1004,30.6396484375,32.63745019920319,27,0.823974609375,976,29.78515625,1,0.030517578125,0x9DD3D2F1,0,512,384,0.0,2.0,1.5,0,0x04,0,0,0,1,0,0,0,1,0,0,,,,,,,,,,,,,,,,,,,,,,
61,1,OPEN_YAW,2.066666666666667,64863,1979.461669921875,1004,30.6396484375,32.63745019920319,26,0.79345703125,977,29.815673828125,1,0.030517578125,0x7811DB3C,0,512,384,0.0,2.0,1.5,0,0x04,0,0,0,1,0,0,0,1,0,0,,,,,,,,,,,,,,,,,,,,,,
62,1,OPEN_YAW,2.1,65857,2009.796142578125,994,30.33447265625,32.96579476861167,27,0.823974609375,967,29.510498046875,0,0.0,0x84E13E89,0,512,384,0.0,2.0,1.5,0,0x04,0,0,0,1,0,0,0,1,0,0,,,,,,,,,,,,,,,,,,,,,,
63,1,OPEN_YAW,2.1333333333333333,66833,2039.581298828125,976,29.78515625,33.57377049180328,26,0.79345703125,950,28.99169921875,0,0.0,0x87201FF4,0,512,384,0.0,2.0,1.5,0,0x04,0,0,0,1,0,0,0,1,0,0,,,,,,,,,,,,,,,,,,,,,,
64,1,OPEN_YAW,2.1666666666666665,67828,2069.9462890625,995,30.364990234375,32.93266331658292,26,0.79345703125,968,29.541015625,1,0.030517578125,0x84E13E89,0,512,384,0.0,2.0,1.5,0,0x04,0,0,0,1,0,0,0,-1,0,0,,,,,,,,,,,,,,,,,,,,,,
65,1,OPEN_YAW,2.2,68832,2100.5859375,1004,30.6396484375,32.63745019920319,26,0.79345703125,977,29.815673828125,1,0.030517578125,0x7811DB3C,0,512,384,0.0,2.0,1.5,0,0x04,0,0,0,1,0,0,0,-1,0,0,,,,,,,,,,,,,,,,,,,,,,
66,1,OPEN_YAW,2.2333333333333334,69836,2131.2255859375,1004,30.6396484375,32.63745019920319,27,0.823974609375,976,29.78515625,1,0.030517578125,0x9DD3D2F1,0,512,384,0.0,2.0,1.5,0,0x04,0,0,0,1,0,0,0,-1,0,0,,,,,,,,,,,,,,,,,,,,,,
67,1,OPEN_YAW,2.2666666666666666,70840,2161.865234375,1004,30.6396484375,32.63745019920319,26,0.79345703125,978,29.84619140625,0,0.0,0x46A0A0DE,0,512,384,0.0,2.0,1.5,0,0x04,0,0,0,1,0,0,0,-1,0,0,,,,,,,,,,,,,,,,,,,,,,
68,1,OPEN_YAW,2.3,71846,2192.56591796875,1006,30.70068359375,32.57256461232604,26,0.79345703125,979,29.876708984375,1,0.030517578125,0x498711DD,0,512,384,0.0,2.0,1.5,0,0x04,0,0,0,1,0,0,0,-1,0,0,,,,,,,,,,,,,,,,,,,,,,
69,1,OPEN_YAW,2.3333333333333335,72852,2223.2666015625,1006,30.70068359375,32.57256461232604,27,0.823974609375,978,29.84619140625,1,0.030517578125,0x076558F0,0,512,384,0.0,2.0,1.5,0,0x04,0,0,0,1,0,0,0,-1,0,0,,,,,,,,,,,,,,,,,,,,,,
70,1,OPEN_YAW,2.3666666666666667,73845,2253.570556640625,993,30.303955078125,32.99899295065458,26,0.79345703125,966,29.47998046875,1,0.030517578125,0x3BD3184F,0,512,384,0.0,2.0,1.5,0,0x04,0,0,0,1,0,0,0,-1,0,0,,,,,,,,,,,,,,,,,,,,,,
71,1,OPEN_YAW,2.4,74837,2283.843994140625,992,30.2734375,33.03225806451613,26,0.79345703125,966,29.47998046875,0,0.0,0xAAF43222,0,512,384,0.0,2.0,1.5,0,0x04,0,0,0,1,0,0,0,-1,0,0,,,,,,,,,,,,,,,,,,,,,,
72,1,OPEN_YAW,2.433333333333333,75829,2314.117431640625,992,30.2734375,33.03225806451613,26,0.79345703125,966,29.47998046875,0,0.0,0x50648D73,0,512,384,0.0,2.0,1.5,0,0x04,0,0,0,1,0,0,0,-1,0,0,,,,,,,,,,,,,,,,,,,,,,
73,1,OPEN_YAW,2.466666666666667,76819,2344.329833984375,990,30.21240234375,33.0989898989899,26,0.79345703125,964,29.4189453125,0,0.0,0xEF7CD81A,0,512,384,0.0,2.0,1.5,0,0x04,0,0,0,1,0,0,0,-1,0,0,,,,,,,,,,,,,,,,,,,,,,
74,1,OPEN_YAW,2.5,77808,2374.51171875,989,30.181884765625,33.132457027300305,26,0.79345703125,963,29.388427734375,0,0.0,0x06B91CB7,0,512,384,0.0,2.0,1.5,0,0x04,0,0,0,1,0,0,0,-1,0,0,,,,,,,,,,,,,,,,,,,,,,
75,1,OPEN_YAW,2.533333333333333,78796,2404.6630859375,988,30.1513671875,33.16599190283401,26,0.79345703125,962,29.35791015625,0,0.0,0xE2849AE4,0,512,384,0.0,2.0,1.5,0,0x04,0,0,0,1,0,0,0,-1,0,0,,,,,,,,,,,,,,,,,,,,,,
76,1,OPEN_YAW,2.566666666666667,79782,2434.75341796875,986,30.09033203125,33.233265720081135,26,0.79345703125,960,29.296875,0,0.0,0x48512005,0,512,384,0.0,2.0,1.5,0,0x04,0,0,0,1,0,0,0,-1,0,0,,,,,,,,,,,,,,,,,,,,,,
77,1,OPEN_YAW,2.6,80766,2464.78271484375,984,30.029296875,33.300813008130085,26,0.79345703125,957,29.205322265625,1,0.030517578125,0x4BBB54B2,0,512,384,0.0,2.0,1.5,0,0x04,0,0,0,1,0,0,0,-1,0,0,,,,,,,,,,,,,,,,,,,,,,
78,1,OPEN_YAW,2.6333333333333333,81748,2494.7509765625,982,29.96826171875,33.36863543788187,27,0.823974609375,954,29.11376953125,1,0.030517578125,0x8ED5AA07,0,512,384,0.0,2.0,1.5,0,0x04,0,0,0,1,0,0,0,-1,0,0,,,,,,,,,,,,,,,,,,,,,,
79,1,OPEN_YAW,2.6666666666666665,82591,2520.477294921875,843,25.726318359375,38.87069988137604,26,0.79345703125,817,24.932861328125,0,0.0,0x57BE9584,0,512,384,0.0,2.0,1.5,0,0x04,0,0,0,1,0,0,0,-1,0,0,,,,,,,,,,,,,,,,,,,,,,
80,1,OPEN_YAW,2.7,83430,2546.08154296875,839,25.604248046875,39.05601907032181,26,0.79345703125,813,24.810791015625,0,0.0,0x26D8A8C7,0,512,384,0.0,2.0,1.5,0,0x04,0,0,0,1,0,0,0,-1,0,0,,,,,,,,,,,,,,,,,,,,,,
81,1,OPEN_YAW,2.7333333333333334,84260,2571.4111328125,830,25.32958984375,39.47951807228916,26,0.79345703125,803,24.505615234375,1,0.030517578125,0x241E983A,0,512,384,0.0,2.0,1.5,0,0x04,0,0,0,1,0,0,0,-1,0,0,,,,,,,,,,,,,,,,,,,,,,
82,1,OPEN_YAW,2.7666666666666666,85070,2596.13037109375,810,24.71923828125,40.45432098765432,27,0.823974609375,783,23.895263671875,0,0.0,0xC85E6E2D,0,512,384,0.0,2.0,1.5,0,0x04,0,0,0,1,0,0,0,-1,0,0,,,,,,,,,,,,,,,,,,,,,,
83,1,OPEN_YAW,2.8,85877,2620.758056640625,807,24.627685546875,40.60470879801735,26,0.79345703125,781,23.834228515625,0,0.0,0xD37C3B3A,0,512,384,0.0,2.0,1.5,0,0x04,0,0,0,1,0,0,0,-1,0,0,,,,,,,,,,,,,,,,,,,,,,
84,1,OPEN_YAW,2.8333333333333335,86685,2645.416259765625,808,24.658203125,40.554455445544555,26,0.79345703125,781,23.834228515625,1,0.030517578125,0x313FD664,0,512,384,0.0,2.0,1.5,0,0x04,0,0,0,1,0,0,0,-1,0,0,,,,,,,,,,,,,,,,,,,,,,
85,1,OPEN_YAW,2.8666666666666667,87493,2670.074462890625,808,24.658203125,40.554455445544555,26,0.79345703125,781,23.834228515625,1,0.030517578125,0xF1D64FEB,0,512,384,0.0,2.0,1.5,0,0x04,0,0,0,1,0,0,0,-1,0,0,,,,,,,,,,,,,,,,,,,,,,
86,1,OPEN_YAW,2.9,88301,2694.732666015625,808,24.658203125,40.554455445544555,27,0.823974609375,781,23.834228515625,0,0.0,0x9320BBD7,0,512,384,0.0,2.0,1.5,0,0x04,0,0,0,1,0,0,0,-1,0,0,,,,,,,,,,,,,,,,,,,,,,
87,1,OPEN_YAW,2.933333333333333,89128,2719.970703125,827,25.238037109375,39.62273276904474,26,0.79345703125,801,24.444580078125,0,0.0,0x2EA80794,0,512,384,0.0,2.0,1.5,0,0x04,0,0,0,1,0,0,0,-1,0,0,,,,,,,,,,,,,,,,,,,,,,
88,1,OPEN_YAW,2.966666666666667,89960,2745.361328125,832,25.390625,39.38461538461539,26,0.79345703125,805,24.566650390625,1,0.030517578125,0x9B4B1FEF,0,512,384,0.0,2.0,1.5,0,0x04,0,0,0,1,0,0,0,-1,0,0,,,,,,,,,,,,,,,,,,,,,,
89,1,OPEN_YAW,3.0,90802,2771.05712890625,842,25.69580078125,38.91686460807601,27,0.823974609375,814,24.84130859375,1,0.030517578125,0x47A89276,0,512,384,0.0,2.0,1.5,0,0x04,0,0,0,1,0,0,0,-1,0,0,,,,,,,,,,,,,,,,,,,,,,
90,1,OPEN_YAW,3.033333333333333,91650,2796.93603515625,848,25.87890625,38.64150943396226,27,0.823974609375,820,25.0244140625,1,0.030517578125,0x82178F31,0,512,384,0.0,2.0,1.5,0,0x04,0,0,0,1,0,0,0,-1,0,0,,,,,,,,,,,,,,,,,,,,,,
91,1,OPEN_YAW,3.066666666666667,92634,2826.96533203125,984,30.029296875,33.300813008130085,26,0.79345703125,957,29.205322265625,1,0.030517578125,0x58D899FA,0,512,384,0.0,2.0,1.5,0,0x04,0,0,0,1,0,0,0,-1,0,0,,,,,,,,,,,,,,,,,,,,,,
92,1,OPEN_YAW,3.1,93620,2857.0556640625,986,30.09033203125,33.233265720081135,26,0.79345703125,959,29.266357421875,1,0.030517578125,0x47E40981,0,512,384,0.0,2.0,1.5,0,0x04,0,0,0,1,0,0,0,-1,0,0,,,,,,,,,,,,,,,,,,,,,,
93,1,OPEN_YAW,3.1333333333333333,94606,2887.14599609375,986,30.09033203125,33.233265720081135,26,0.79345703125,960,29.296875,0,0.0,0x0191D5F6,0,512,384,0.0,2.0,1.5,0,0x04,0,0,0,1,0,0,0,-1,0,0,,,,,,,,,,,,,,,,,,,,,,
94,1,OPEN_YAW,3.1666666666666665,95597,2917.388916015625,991,30.242919921875,33.06559031281534,27,0.823974609375,964,29.4189453125,0,0.0,0xAB4F68AF,0,512,384,0.0,2.0,1.5,0,0x04,0,0,0,1,0,0,0,-1,0,0,,,,,,,,,,,,,,,,,,,,,,
95,1,OPEN_YAW,3.2,96587,2947.601318359375,990,30.21240234375,33.0989898989899,27,0.823974609375,963,29.388427734375,0,0.0,0xFB682E46,0,512,384,0.0,2.0,1.5,0,0x04,0,0,0,1,0,0,0,-1,0,0,,,,,,,,,,,,,,,,,,,,,,
96,1,OPEN_YAW,3.2333333333333334,97578,2977.84423828125,991,30.242919921875,33.06559031281534,27,0.823974609375,964,29.4189453125,0,0.0,0x779CD11B,0,512,384,0.0,2.0,1.5,0,0x04,0,0,0,1,0,0,0,-1,0,0,,,,,,,,,,,,,,,,,,,,,,
97,1,OPEN_YAW,3.2666666666666666,98573,3008.209228515625,995,30.364990234375,32.93266331658292,27,0.823974609375,967,29.510498046875,1,0.030517578125,0x160A0806,0,512,384,0.0,2.0,1.5,0,0x04,0,0,0,1,0,0,0,-1,0,0,,,,,,,,,,,,,,,,,,,,,,
98,1,OPEN_YAW,3.3,99566,3038.51318359375,993,30.303955078125,32.99899295065458,26,0.79345703125,967,29.510498046875,0,0.0,0xE5D4D0F1,0,512,384,0.0,2.0,1.5,0,0x04,0,0,0,1,0,0,0,-1,0,0,,,,,,,,,,,,,,,,,,,,,,
99,1,OPEN_YAW,3.3333333333333335,100559,3068.817138671875,993,30.303955078125,32.99899295065458,27,0.823974609375,966,29.47998046875,0,0.0,0x5AD6DB54,0,512,384,0.0,2.0,1.5,0,0x04,0,0,0,1,0,0,0,-1,0,0,,,,,,,,,,,,,,,,,,,,,,
100,1,OPEN_YAW,3.3666666666666667,101566,3099.54833984375,1007,30.731201171875,32.540218470705064,27,0.823974609375,979,29.876708984375,1,0.030517578125,0x6BDB5333,0,512,384,0.0,2.0,1.5,0,0x04,0,0,0,1,0,0,0,-1,0,0,,,,,,,,,,,,,,,,,,,,,,
101,1,OPEN_YAW,3.4,102571,3130.218505859375,1005,30.670166015625,32.60497512437811,26,0.79345703125,979,29.876708984375,0,0.0,0x727A5D9C,0,512,384,0.0,2.0,1.5,0,0x04,0,0,0,1,0,0,0,-1,0,0,,,,,,,,,,,,,,,,,,,,,,
102,1,OPEN_YAW,3.433333333333333,103577,3160.919189453125,1006,30.70068359375,32.57256461232604,27,0.823974609375,978,29.84619140625,1,0.030517578125,0x09DBF567,0,512,384,0.0,2.0,1.5,0,0x04,0,0,0,1,0,0,0,-1,0,0,,,,,,,,,,,,,,,,,,,,,,
103,1,OPEN_YAW,3.466666666666667,104578,3191.46728515625,1001,30.548095703125,32.735264735264735,27,0.823974609375,974,29.72412109375,0,0.0,0xF1FADB42,0,512,384,0.0,2.0,1.5,0,0x04,0,0,0,1,0,0,0,-1,0,0,,,,,,,,,,,,,,,,,,,,,,
104,1,OPEN_YAW,3.5,105580,3222.0458984375,1002,30.57861328125,32.70259481037924,27,0.823974609375,974,29.72412109375,1,0.030517578125,0x48C590F3,0,512,384,0.0,2.0,1.5,0,0x04,0,0,0,1,0,0,0,-1,0,0,,,,,,,,,,,,,,,,,,,,,,
105,1,OPEN_YAW,3.533333333333333,106573,3252.349853515625,993,30.303955078125,32.99899295065458,27,0.823974609375,965,29.449462890625,1,0.030517578125,0xCB25181A,0,512,384,0.0,2.0,1.5,0,0x04,0,0,0,1,0,0,0,-1,0,0,,,,,,,,,,,,,,,,,,,,,,
106,1,OPEN_YAW,3.566666666666667,107561,3282.501220703125,988,30.1513671875,33.16599190283401,26,0.79345703125,962,29.35791015625,0,0.0,0xAC3150F9,0,512,384,0.0,2.0,1.5,0,0x04,0,0,0,1,0,0,0,-1,0,0,,,,,,,,,,,,,,,,,,,,,,
107,1,OPEN_YAW,3.6,108553,3312.774658203125,992,30.2734375,33.03225806451613,27,0.823974609375,965,29.449462890625,0,0.0,0xFC0E3B5E,0,512,384,0.0,2.0,1.5,0,0x04,0,0,0,1,0,0,0,-1,0,0,,,,,,,,,,,,,,,,,,,,,,
108,1,OPEN_YAW,3.6333333333333333,109550,3343.20068359375,997,30.426025390625,32.866599799398195,27,0.823974609375,969,29.571533203125,1,0.030517578125,0xFA8FA93F,0,512,384,0.0,2.0,1.5,0,0x04,0,0,0,1,0,0,0,-1,0,0,,,,,,,,,,,,,,,,,,,,,,
109,1,OPEN_YAW,3.6666666666666665,110406,3369.32373046875,856,26.123046875,38.2803738317757,26,0.79345703125,829,25.299072265625,1,0.030517578125,0xC813CCF6,0,512,384,0.0,2.0,1.5,0,0x04,0,0,0,1,0,0,0,-1,0,0,,,,,,,,,,,,,,,,,,,,,,
110,1,OPEN_YAW,3.7,111285,3396.148681640625,879,26.824951171875,37.27872582480091,26,0.79345703125,853,26.031494140625,0,0.0,0xA5F2BEEB,0,512,384,0.0,2.0,1.5,0,0x04,0,0,0,1,0,0,0,-1,0,0,,,,,,,,,,,,,,,,,,,,,,
111,1,OPEN_YAW,3.7333333333333334,112179,3423.431396484375,894,27.28271484375,36.65324384787472,26,0.79345703125,867,26.458740234375,1,0.030517578125,0xFC68B016,0,512,384,0.0,2.0,1.5,0,0x04,0,0,0,1,0,0,0,-1,0,0,,,,,,,,,,,,,,,,,,,,,,
112,1,OPEN_YAW,3.7666666666666666,113254,3456.23779296875,1075,32.806396484375,30.48186046511628,27,0.823974609375,1047,31.951904296875,1,0.030517578125,0x57F83B3D,0,512,384,0.0,2.0,1.5,0,0x04,0,0,0,1,0,0,0,-1,0,0,,,,,,,,,,,,,,,,,,,,,,
113,1,OPEN_YAW,3.8,114350,3489.68505859375,1096,33.447265625,29.8978102189781,27,0.823974609375,1069,32.623291015625,0,0.0,0x44510D1A,0,512,384,0.0,2.0,1.5,0,0x04,0,0,0,1,0,0,0,-1,0,0,,,,,,,,,,,,,,,,,,,,,,
114,1,OPEN_YAW,3.8333333333333335,115448,3523.193359375,1098,33.50830078125,29.84335154826958,27,0.823974609375,1070,32.65380859375,1,0.030517578125,0xE47DEAEF,0,512,384,0.0,2.0,1.5,0,0x04,0,0,0,1,0,0,0,-1,0,0,,,,,,,,,,,,,,,,,,,,,,
115,1,OPEN_YAW,3.8666666666666667,116546,3556.70166015625,1098,33.50830078125,29.84335154826958,26,0.79345703125,1072,32.71484375,0,0.0,0x70470C18,0,512,384,0.0,2.0,1.5,0,0x04,0,0,0,1,0,0,0,-1,0,0,,,,,,,,,,,,,,,,,,,,,,
116,1,OPEN_YAW,3.9,117995,3600.921630859375,1449,44.219970703125,22.614216701173223,26,0.79345703125,1423,43.426513671875,0,0.0,0x6E85EBC5,0,512,384,0.0,2.0,1.5,0,0x04,0,0,0,1,0,0,0,-1,0,0,,,,,,,,,,,,,,,,,,,,,,
117,1,OPEN_YAW,3.933333333333333,119460,3645.6298828125,1465,44.708251953125,22.367235494880546,26,0.79345703125,1438,43.88427734375,1,0.030517578125,0x1F45C49E,0,512,384,0.0,2.0,1.5,0,0x04,0,0,0,1,0,0,0,-1,0,0,,,,,,,,,,,,,,,,,,,,,,
118,1,OPEN_YAW,3.966666666666667,120919,3690.155029296875,1459,44.525146484375,22.4592186429061,26,0.79345703125,1433,43.731689453125,0,0.0,0x94A84683,0,512,384,0.0,2.0,1.5,0,0x04,0,0,0,1,0,0,0,-1,0,0,,,,,,,,,,,,,,,,,,,,,,
119,1,OPEN_YAW,4.0,122396,3735.2294921875,1477,45.074462890625,22.18551117129316,27,0.823974609375,1450,44.25048828125,0,0.0,0xD27F4708,0,512,384,0.0,2.0,1.5,0,0x04,0,0,0,1,0,0,0,-1,0,0,,,,,,,,,,,,,,,,,,,,,,
120,1,OPEN_YAW,4.033333333333333,123877,3780.426025390625,1481,45.196533203125,22.12559081701553,26,0.79345703125,1455,44.403076171875,0,0.0,0xF0C60EB7,0,512,384,0.0,2.0,1.5,0,0x04,0,0,0,1,0,0,0,-1,0,0,,,,,,,,,,,,,,,,,,,,,,
121,1,OPEN_YAW,4.066666666666666,125345,3825.225830078125,1468,44.7998046875,22.321525885558582,27,0.823974609375,1441,43.975830078125,0,0.0,0x1A9A2DD0,0,512,384,0.0,2.0,1.5,0,0x04,0,0,0,1,0,0,0,-1,0,0,,,,,,,,,,,,,,,,,,,,,,
122,1,OPEN_YAW,4.1,126805,3869.781494140625,1460,44.5556640625,22.443835616438356,27,0.823974609375,1432,43.701171875,1,0.030517578125,0x45E0B719,0,512,384,0.0,2.0,1.5,0,0x04,0,0,0,1,0,0,0,-1,0,0,,,,,,,,,,,,,,,,,,,,,,
123,1,OPEN_YAW,4.133333333333334,128219,3912.933349609375,1414,43.15185546875,23.173974540311175,27,0.823974609375,1386,42.29736328125,1,0.030517578125,0xAED9429C,0,512,384,0.0,2.0,1.5,0,0x04,0,0,0,1,0,0,0,-1,0,0,,,,,,,,,,,,,,,,,,,,,,
124,1,OPEN_YAW,4.166666666666667,129617,3955.596923828125,1398,42.66357421875,23.43919885550787,27,0.823974609375,1371,41.839599609375,0,0.0,0x58A773FF,0,512,384,0.0,2.0,1.5,0,0x04,0,0,0,1,0,0,0,-1,0,0,,,,,,,,,,,,,,,,,,,,,,
125,1,OPEN_YAW,4.2,131153,4002.471923828125,1536,46.875,21.333333333333332,26,0.79345703125,1510,46.08154296875,0,0.0,0x8B3821D2,0,512,384,0.0,2.0,1.5,0,0x04,0,0,0,1,0,0,0,-1,0,0,,,,,,,,,,,,,,,,,,,,,,
126,1,OPEN_YAW,4.233333333333333,132669,4048.736572265625,1516,46.2646484375,21.614775725593667,27,0.823974609375,1489,45.440673828125,0,0.0,0x5E9768D3,0,512,384,0.0,2.0,1.5,0,0x04,0,0,0,1,0,0,0,-1,0,0,,,,,,,,,,,,,,,,,,,,,,
127,1,OPEN_YAW,4.266666666666667,134156,4094.1162109375,1487,45.379638671875,22.036314727639542,26,0.79345703125,1460,44.5556640625,1,0.030517578125,0x9E5629C9,0,512,384,0.0,2.0,1.5,0,0x0C,0,0,0,1,1,0,0,-1,0,0,,,,,,,,,,,,,,,,,,,,,,
128,2,PITCH_SWEEP,4.3,135646,4139.58740234375,1490,45.47119140625,21.99194630872483,27,0.823974609375,1463,44.647216796875,0,0.0,0xEBC50AFB,0,512,384,0.0,2.0,1.5,0,0x04,0,0,0,1,0,0,0,0,1,0,,,,,,,,,,,,,,,,,,,,,,
129,2,PITCH_SWEEP,4.333333333333333,137138,4185.11962890625,1492,45.5322265625,21.962466487935657,28,0.8544921875,1463,44.647216796875,1,0.030517578125,0x99F6DC11,0,512,384,0.0,2.0,1.5,0,0x04,0,0,0,1,0,0,0,0,1,0,,,,,,,,,,,,,,,,,,,,,,
130,2,PITCH_SWEEP,4.366666666666666,138626,4230.52978515625,1488,45.41015625,22.021505376344088,27,0.823974609375,1461,44.586181640625,0,0.0,0xF5262E21,0,512,384,0.0,2.0,1.5,0,0x04,0,0,0,1,0,0,0,0,1,0,,,,,,,,,,,,,,,,,,,,,,
131,2,PITCH_SWEEP,4.4,140125,4276.275634765625,1499,45.745849609375,21.859906604402934,27,0.823974609375,1472,44.921875,0,0.0,0xB89D05A3,0,512,384,0.0,2.0,1.5,0,0x04,0,0,0,1,0,0,0,0,1,0,,,,,,,,,,,,,,,,,,,,,,
132,2,PITCH_SWEEP,4.433333333333334,141628,4322.1435546875,1503,45.867919921875,21.80172987358616,27,0.823974609375,1475,45.013427734375,1,0.030517578125,0x0366AA7D,0,512,384,0.0,2.0,1.5,0,0x04,0,0,0,1,0,0,0,0,1,0,,,,,,,,,,,,,,,,,,,,,,
133,2,PITCH_SWEEP,4.466666666666667,143131,4368.011474609375,1503,45.867919921875,21.80172987358616,27,0.823974609375,1476,45.0439453125,0,0.0,0xD32DF697,0,512,384,0.0,2.0,1.5,0,0x06,1,1,0,1,0,0,0,0,1,0,45.013427734375,0.030517578125,0.18310546875,18.035888671875,6.103515625,1.190185546875,4.058837890625,1.708984375,0.0,13.0615234375,0.640869140625,0,0,0,0,0,0,0,0,0,0,0
134,2,PITCH_SWEEP,4.5,144605,4412.994384765625,1474,44.98291015625,22.230664857530527,27,0.823974609375,1447,44.158935546875,0,0.0,0xFD0ED9B9,0,512,384,0.0,2.0,1.5,0,0x04,0,0,0,1,0,0,0,0,1,0,,,,,,,,,,,,,,,,,,,,,,
135,2,PITCH_SWEEP,4.533333333333333,146075,4457.855224609375,1470,44.86083984375,22.291156462585032,28,0.8544921875,1442,44.00634765625,0,0.0,0x384A2F1B,0,512,384,0.0,2.0,1.5,0,0x04,0,0,0,1,0,0,0,0,1,0,,,,,,,,,,,,,,,,,,,,,,
136,2,PITCH_SWEEP,4.566666666666666,147538,4502.50244140625,1463,44.647216796875,22.39781271360219,27,0.823974609375,1435,43.792724609375,1,0.030517578125,0x7DFB7EEB,0,512,384,0.0,2.0,1.5,0,0x04,0,0,0,1,0,0,0,0,1,0,,,,,,,,,,,,,,,,,,,,,,
137,2,PITCH_SWEEP,4.6,148979,4546.478271484375,1441,43.975830078125,22.73976405274115,28,0.8544921875,1412,43.0908203125,1,0.030517578125,0x665540F9,0,512,384,0.0,2.0,1.5,0,0x04,0,0,0,1,0,0,0,0,1,0,,,,,,,,,,,,,,,,,,,,,,
138,2,PITCH_SWEEP,4.633333333333334,150401,4589.874267578125,1422,43.39599609375,23.043600562587905,28,0.8544921875,1393,42.510986328125,1,0.030517578125,0x24928A59,0,512,384,0.0,2.0,1.5,0,0x04,0,0,0,1,0,0,0,0,1,0,,,,,,,,,,,,,,,,,,,,,,
139,2,PITCH_SWEEP,4.666666666666667,151817,4633.087158203125,1416,43.212890625,23.141242937853107,27,0.823974609375,1389,42.388916015625,0,0.0,0xE620FE03,0,512,384,0.0,2.0,1.5,0,0x04,0,0,0,1,0,0,0,0,1,0,,,,,,,,,,,,,,,,,,,,,,
140,2,PITCH_SWEEP,4.7,153212,4675.6591796875,1395,42.572021484375,23.489605734767025,27,0.823974609375,1368,41.748046875,0,0.0,0xF31CD78D,0,512,384,0.0,2.0,1.5,0,0x04,0,0,0,1,0,0,0,0,1,0,,,,,,,,,,,,,,,,,,,,,,
141,2,PITCH_SWEEP,4.733333333333333,154563,4716.888427734375,1351,41.229248046875,24.25462620281273,28,0.8544921875,1323,40.374755859375,0,0.0,0xFC73F4CF,0,512,384,0.0,2.0,1.5,0,0x04,0,0,0,1,0,0,0,0,1,0,,,,,,,,,,,,,,,,,,,,,,
142,2,PITCH_SWEEP,4.766666666666667,155900,4757.6904296875,1337,40.802001953125,24.50860134629768,27,0.823974609375,1310,39.97802734375,0,0.0,0x31DBE5A1,0,512,384,0.0,2.0,1.5,0,0x04,0,0,0,1,0,0,0,0,1,0,,,,,,,,,,,,,,,,,,,,,,
143,2,PITCH_SWEEP,4.8,157209,4797.637939453125,1309,39.947509765625,25.03284950343774,27,0.823974609375,1282,39.12353515625,0,0.0,0x637D44ED,0,512,384,0.0,2.0,1.5,0,0x04,0,0,0,1,0,0,0,0,1,0,,,,,,,,,,,,,,,,,,,,,,
144,2,PITCH_SWEEP,4.833333333333333,158498,4836.97509765625,1289,39.337158203125,25.421256788207913,27,0.823974609375,1262,38.51318359375,0,0.0,0xDF585765,0,512,384,0.0,2.0,1.5,0,0x04,0,0,0,1,0,0,0,0,1,0,,,,,,,,,,,,,,,,,,,,,,
145,2,PITCH_SWEEP,4.866666666666666,159626,4871.39892578125,1128,34.423828125,29.04964539007092,27,0.823974609375,1100,33.5693359375,1,0.030517578125,0xC6349AE7,0,512,384,0.0,2.0,1.5,0,0x04,0,0,0,1,0,0,0,0,1,0,,,,,,,,,,,,,,,,,,,,,,
146,2,PITCH_SWEEP,4.9,160690,4903.86962890625,1064,32.470703125,30.796992481203006,28,0.8544921875,1035,31.585693359375,1,0.030517578125,0xF7C74FC9,0,512,384,0.0,2.0,1.5,0,0x04,0,0,0,1,0,0,0,0,1,0,,,,,,,,,,,,,,,,,,,,,,
147,2,PITCH_SWEEP,4.933333333333334,161752,4936.279296875,1062,32.40966796875,30.854990583804142,27,0.823974609375,1034,31.55517578125,1,0.030517578125,0xD205864D,0,512,384,0.0,2.0,1.5,0,0x04,0,0,0,1,0,0,0,0,1,0,,,,,,,,,,,,,,,,,,,,,,
148,2,PITCH_SWEEP,4.966666666666667,162809,4968.536376953125,1057,32.257080078125,31.000946073793756,28,0.8544921875,1028,31.3720703125,1,0.030517578125,0x5776983D,0,512,384,0.0,2.0,1.5,0,0x04,0,0,0,1,0,0,0,0,1,0,,,,,,,,,,,,,,,,,,,,,,
149,2,PITCH_SWEEP,5.0,163861,5000.640869140625,1052,32.1044921875,31.14828897338403,27,0.823974609375,1024,31.25,1,0.030517578125,0x3C8645B7,0,512,384,0.0,2.0,1.5,0,0x04,0,0,0,1,0,0,0,0,1,0,,,,,,,,,,,,,,,,,,,,,,
150,2,PITCH_SWEEP,5.033333333333333,164876,5031.6162109375,1015,30.975341796875,32.28374384236453,28,0.8544921875,986,30.09033203125,1,0.030517578125,0xE8184D3B,0,512,384,0.0,2.0,1.5,0,0x04,0,0,0,1,0,0,0,0,1,0,,,,,,,,,,,,,,,,,,,,,,
151,2,PITCH_SWEEP,5.066666666666666,165891,5062.591552734375,1015,30.975341796875,32.28374384236453,28,0.8544921875,986,30.09033203125,1,0.030517578125,0x92BE7535,0,512,384,0.0,2.0,1.5,0,0x04,0,0,0,1,0,0,0,0,1,0,,,,,,,,,,,,,,,,,,,,,,
152,2,PITCH_SWEEP,5.1,166906,5093.56689453125,1015,30.975341796875,32.28374384236453,28,0.8544921875,986,30.09033203125,1,0.030517578125,0xE8184D3B,0,512,384,0.0,2.0,1.5,0,0x04,0,0,0,1,0,0,0,0,-1,0,,,,,,,,,,,,,,,,,,,,,,
153,2,PITCH_SWEEP,5.133333333333334,167958,5125.67138671875,1052,32.1044921875,31.14828897338403,28,0.8544921875,1024,31.25,0,0.0,0x3C8645B7,0,512,384,0.0,2.0,1.5,0,0x04,0,0,0,1,0,0,0,0,-1,0,,,,,,,,,,,,,,,,,,,,,,
154,2,PITCH_SWEEP,5.166666666666667,169015,5157.928466796875,1057,32.257080078125,31.000946073793756,28,0.8544921875,1029,31.402587890625,0,0.0,0x5776983D,0,512,384,0.0,2.0,1.5,0,0x04,0,0,0,1,0,0,0,0,-1,0,,,,,,,,,,,,,,,,,,,,,,
155,2,PITCH_SWEEP,5.2,170078,5190.36865234375,1063,32.440185546875,30.825964252116652,28,0.8544921875,1035,31.585693359375,0,0.0,0xD205864D,0,512,384,0.0,2.0,1.5,0,0x04,0,0,0,1,0,0,0,0,-1,0,,,,,,,,,,,,,,,,,,,,,,
156,2,PITCH_SWEEP,5.233333333333333,171142,5222.83935546875,1064,32.470703125,30.796992481203006,27,0.823974609375,1036,31.6162109375,1,0.030517578125,0xF7C74FC9,0,512,384,0.0,2.0,1.5,0,0x04,0,0,0,1,0,0,0,0,-1,0,,,,,,,,,,,,,,,,,,,,,,
157,2,PITCH_SWEEP,5.266666666666667,172269,5257.232666015625,1127,34.393310546875,29.075421472937002,28,0.8544921875,1099,33.538818359375,0,0.0,0xC6349AE7,0,512,384,0.0,2.0,1.5,0,0x04,0,0,0,1,0,0,0,0,-1,0,,,,,,,,,,,,,,,,,,,,,,
158,2,PITCH_SWEEP,5.3,173558,5296.56982421875,1289,39.337158203125,25.421256788207913,27,0.823974609375,1262,38.51318359375,0,0.0,0xDF585765,0,512,384,0.0,2.0,1.5,0,0x04,0,0,0,1,0,0,0,0,-1,0,,,,,,,,,,,,,,,,,,,,,,
159,2,PITCH_SWEEP,5.333333333333333,174867,5336.517333984375,1309,39.947509765625,25.03284950343774,27,0.823974609375,1282,39.12353515625,0,0.0,0x637D44ED,0,512,384,0.0,2.0,1.5,0,0x04,0,0,0,1,0,0,0,0,-1,0,,,,,,,,,,,,,,,,,,,,,,
160,2,PITCH_SWEEP,5.366666666666666,176204,5377.3193359375,1337,40.802001953125,24.50860134629768,27,0.823974609375,1310,39.97802734375,0,0.0,0x31DBE5A1,0,512,384,0.0,2.0,1.5,0,0x04,0,0,0,1,0,0,0,0,-1,0,,,,,,,,,,,,,,,,,,,,,,
161,2,PITCH_SWEEP,5.4,177555,5418.548583984375,1351,41.229248046875,24.25462620281273,27,0.823974609375,1323,40.374755859375,1,0.030517578125,0xFC73F4CF,0,512,384,0.0,2.0,1.5,0,0x04,0,0,0,1,0,0,0,0,-1,0,,,,,,,,,,,,,,,,,,,,,,
162,2,PITCH_SWEEP,5.433333333333334,178933,5460.601806640625,1378,42.05322265625,23.779390420899855,27,0.823974609375,1351,41.229248046875,0,0.0,0xF31CD78D,0,512,384,0.0,2.0,1.5,0,0x04,0,0,0,1,0,0,0,0,-1,0,,,,,,,,,,,,,,,,,,,,,,
163,2,PITCH_SWEEP,5.466666666666667,180339,5503.509521484375,1406,42.90771484375,23.305832147937412,28,0.8544921875,1378,42.05322265625,0,0.0,0xE620FE03,0,512,384,0.0,2.0,1.5,0,0x04,0,0,0,1,0,0,0,0,-1,0,,,,,,,,,,,,,,,,,,,,,,
164,2,PITCH_SWEEP,5.5,181741,5546.295166015625,1402,42.78564453125,23.372325249643367,27,0.823974609375,1374,41.93115234375,1,0.030517578125,0x24928A59,0,512,384,0.0,2.0,1.5,0,0x04,0,0,0,1,0,0,0,0,-1,0,,,,,,,,,,,,,,,,,,,,,,
165,2,PITCH_SWEEP,5.533333333333333,183181,5590.240478515625,1440,43.9453125,22.755555555555556,28,0.8544921875,1412,43.0908203125,0,0.0,0x665540F9,0,512,384,0.0,2.0,1.5,0,0x04,0,0,0,1,0,0,0,0,-1,0,,,,,,,,,,,,,,,,,,,,,,
166,2,PITCH_SWEEP,5.566666666666666,184644,5634.8876953125,1463,44.647216796875,22.39781271360219,28,0.8544921875,1435,43.792724609375,0,0.0,0x7DFB7EEB,0,512,384,0.0,2.0,1.5,0,0x04,0,0,0,1,0,0,0,0,-1,0,,,,,,,,,,,,,,,,,,,,,,
167,2,PITCH_SWEEP,5.6,186114,5679.74853515625,1470,44.86083984375,22.291156462585032,27,0.823974609375,1442,44.00634765625,1,0.030517578125,0x384A2F1B,0,512,384,0.0,2.0,1.5,0,0x04,0,0,0,1,0,0,0,0,-1,0,,,,,,,,,,,,,,,,,,,,,,
168,2,PITCH_SWEEP,5.633333333333334,187588,5724.7314453125,1474,44.98291015625,22.230664857530527,28,0.8544921875,1446,44.12841796875,0,0.0,0xFD0ED9B9,0,512,384,0.0,2.0,1.5,0,0x04,0,0,0,1,0,0,0,0,-1,0,,,,,,,,,,,,,,,,,,,,,,
169,2,PITCH_SWEEP,5.666666666666667,189091,5770.599365234375,1503,45.867919921875,21.80172987358616,27,0.823974609375,1476,45.0439453125,0,0.0,0xD32DF697,0,512,384,0.0,2.0,1.5,0,0x04,0,0,0,1,0,0,0,0,-1,0,,,,,,,,,,,,,,,,,,,,,,
170,2,PITCH_SWEEP,5.7,190594,5816.46728515625,1503,45.867919921875,21.80172987358616,27,0.823974609375,1475,45.013427734375,1,0.030517578125,0x0366AA7D,0,512,384,0.0,2.0,1.5,0,0x04,0,0,0,1,0,0,0,0,-1,0,,,,,,,,,,,,,,,,,,,,,,
171,2,PITCH_SWEEP,5.733333333333333,192094,5862.24365234375,1500,45.7763671875,21.845333333333333,27,0.823974609375,1472,44.921875,1,0.030517578125,0xB89D05A3,0,512,384,0.0,2.0,1.5,0,0x04,0,0,0,1,0,0,0,0,-1,0,,,,,,,,,,,,,,,,,,,,,,
172,2,PITCH_SWEEP,5.766666666666667,193582,5907.65380859375,1488,45.41015625,22.021505376344088,28,0.8544921875,1460,44.5556640625,0,0.0,0xF5262E21,0,512,384,0.0,2.0,1.5,0,0x04,0,0,0,1,0,0,0,0,-1,0,,,,,,,,,,,,,,,,,,,,,,
173,2,PITCH_SWEEP,5.8,195073,5953.155517578125,1491,45.501708984375,21.97719651240778,27,0.823974609375,1464,44.677734375,0,0.0,0x99F6DC11,0,512,384,0.0,2.0,1.5,0,0x04,0,0,0,1,0,0,0,0,-1,0,,,,,,,,,,,,,,,,,,,,,,
174,2,PITCH_SWEEP,5.833333333333333,196565,5998.687744140625,1492,45.5322265625,21.962466487935657,28,0.8544921875,1463,44.647216796875,1,0.030517578125,0xEBC50AFB,0,512,384,0.0,2.0,1.5,0,0x04,0,0,0,1,0,0,0,0,-1,0,,,,,,,,,,,,,,,,,,,,,,
175,2,PITCH_SWEEP,5.866666666666666,198051,6044.036865234375,1486,45.34912109375,22.05114401076716,27,0.823974609375,1459,44.525146484375,0,0.0,0x9E5629C9,0,512,384,0.0,2.0,1.5,0,0x04,0,0,0,1,0,0,0,0,-1,0,,,,,,,,,,,,,,,,,,,,,,
176,2,PITCH_SWEEP,5.9,199547,6089.691162109375,1496,45.654296875,21.90374331550802,27,0.823974609375,1468,44.7998046875,1,0.030517578125,0x70322F27,0,512,384,0.0,2.0,1.5,0,0x04,0,0,0,1,0,0,0,0,-1,0,,,,,,,,,,,,,,,,,,,,,,
177,2,PITCH_SWEEP,5.933333333333334,201040,6135.25390625,1493,45.562744140625,21.94775619557937,28,0.8544921875,1464,44.677734375,1,0.030517578125,0x390641B9,0,512,384,0.0,2.0,1.5,0,0x04,0,0,0,1,0,0,0,0,-1,0,,,,,,,,,,,,,,,,,,,,,,
178,2,PITCH_SWEEP,5.966666666666667,202505,6179.962158203125,1465,44.708251953125,22.367235494880546,27,0.823974609375,1438,43.88427734375,0,0.0,0xC1D27A09,0,512,384,0.0,2.0,1.5,0,0x04,0,0,0,1,0,0,0,0,-1,0,,,,,,,,,,,,,,,,,,,,,,
179,2,PITCH_SWEEP,6.0,203966,6224.54833984375,1461,44.586181640625,22.428473648186174,27,0.823974609375,1434,43.76220703125,0,0.0,0xDBF98667,0,512,384,0.0,2.0,1.5,0,0x04,0,0,0,1,0,0,0,0,-1,0,,,,,,,,,,,,,,,,,,,,,,
180,2,PITCH_SWEEP,6.033333333333333,205406,6268.49365234375,1440,43.9453125,22.755555555555556,28,0.8544921875,1412,43.0908203125,0,0.0,0x776F84F5,0,512,384,0.0,2.0,1.5,0,0x04,0,0,0,1,0,0,0,0,-1,0,,,,,,,,,,,,,,,,,,,,,,
181,2,PITCH_SWEEP,6.066666666666666,206821,6311.676025390625,1415,43.182373046875,23.157597173144875,27,0.823974609375,1388,42.3583984375,0,0.0,0x9C5D3DAB,0,512,384,0.0,2.0,1.5,0,0x04,0,0,0,1,0,0,0,0,-1,0,,,,,,,,,,,,,,,,,,,,,,
182,2,PITCH_SWEEP,6.1,208217,6354.278564453125,1396,42.6025390625,23.472779369627506,28,0.8544921875,1367,41.717529296875,1,0.030517578125,0xF3A6ABD1,0,512,384,0.0,2.0,1.5,0,0x04,0,0,0,1,0,0,0,0,-1,0,,,,,,,,,,,,,,,,,,,,,,
183,2,PITCH_SWEEP,6.133333333333334,209589,6396.148681640625,1372,41.8701171875,23.88338192419825,28,0.8544921875,1344,41.015625,0,0.0,0x979B296F,0,512,384,0.0,2.0,1.5,0,0x04,0,0,0,1,0,0,0,0,-1,0,,,,,,,,,,,,,,,,,,,,,,
184,2,PITCH_SWEEP,6.166666666666667,210926,6436.95068359375,1337,40.802001953125,24.50860134629768,27,0.823974609375,1310,39.97802734375,0,0.0,0x0CFC7757,0,512,384,0.0,2.0,1.5,0,0x04,0,0,0,1,0,0,0,0,-1,0,,,,,,,,,,,,,,,,,,,,,,
185,2,PITCH_SWEEP,6.2,212235,6476.898193359375,1309,39.947509765625,25.03284950343774,27,0.823974609375,1282,39.12353515625,0,0.0,0x917C6B41,0,512,384,0.0,2.0,1.5,0,0x04,0,0,0,1,0,0,0,0,-1,0,,,,,,,,,,,,,,,,,,,,,,
186,2,PITCH_SWEEP,6.233333333333333,213522,6516.17431640625,1287,39.276123046875,25.46076146076146,27,0.823974609375,1260,38.4521484375,0,0.0,0x556C25D5,0,512,384,0.0,2.0,1.5,0,0x04,0,0,0,1,0,0,0,0,-1,0,,,,,,,,,,,,,,,,,,,,,,
187,2,PITCH_SWEEP,6.266666666666667,214782,6554.62646484375,1260,38.4521484375,26.006349206349206,27,0.823974609375,1233,37.628173828125,0,0.0,0x1E07FA07,0,512,384,0.0,2.0,1.5,0,0x04,0,0,0,1,0,0,0,0,-1,0,,,,,,,,,,,,,,,,,,,,,,
188,2,PITCH_SWEEP,6.3,215884,6588.2568359375,1102,33.63037109375,29.73502722323049,27,0.823974609375,1075,32.806396484375,0,0.0,0x9BACD179,0,512,384,0.0,2.0,1.5,0,0x04,0,0,0,1,0,0,0,0,-1,0,,,,,,,,,,,,,,,,,,,,,,
189,2,PITCH_SWEEP,6.333333333333333,216983,6621.795654296875,1099,33.538818359375,29.816196542311193,27,0.823974609375,1071,32.684326171875,1,0.030517578125,0x41E71BC3,0,512,384,0.0,2.0,1.5,0,0x04,0,0,0,1,0,0,0,0,-1,0,,,,,,,,,,,,,,,,,,,,,,
190,2,PITCH_SWEEP,6.366666666666666,218022,6653.50341796875,1039,31.707763671875,31.53801732435034,28,0.8544921875,1011,30.853271484375,0,0.0,0xACF00F3D,0,512,384,0.0,2.0,1.5,0,0x04,0,0,0,1,0,0,0,0,-1,0,,,,,,,,,,,,,,,,,,,,,,
191,2,PITCH_SWEEP,6.4,219026,6684.14306640625,1004,30.6396484375,32.63745019920319,27,0.823974609375,977,29.815673828125,0,0.0,0x32DB7BBD,0,512,384,0.0,2.0,1.5,0,0x04,0,0,0,1,0,0,0,0,-1,0,,,,,,,,,,,,,,,,,,,,,,
192,2,PITCH_SWEEP,6.433333333333334,220030,6714.78271484375,1004,30.6396484375,32.63745019920319,27,0.823974609375,977,29.815673828125,0,0.0,0xB63D0AED,0,512,384,0.0,2.0,1.5,0,0x04,0,0,0,1,0,0,0,0,-1,0,,,,,,,,,,,,,,,,,,,,,,
193,2,PITCH_SWEEP,6.466666666666667,221035,6745.452880859375,1005,30.670166015625,32.60497512437811,27,0.823974609375,978,29.84619140625,0,0.0,0x1DBE7CEB,0,512,384,0.0,2.0,1.5,0,0x04,0,0,0,1,0,0,0,0,-1,0,,,,,,,,,,,,,,,,,,,,,,
194,2,PITCH_SWEEP,6.5,222040,6776.123046875,1005,30.670166015625,32.60497512437811,27,0.823974609375,978,29.84619140625,0,0.0,0x955E2471,0,512,384,0.0,2.0,1.5,0,0x04,0,0,0,1,0,0,0,0,-1,0,,,,,,,,,,,,,,,,,,,,,,
195,2,PITCH_SWEEP,6.533333333333333,223059,6807.220458984375,1019,31.097412109375,32.15701668302257,28,0.8544921875,991,30.242919921875,0,0.0,0x6151133D,0,512,384,0.0,2.0,1.5,0,0x04,0,0,0,1,0,0,0,0,-1,0,,,,,,,,,,,,,,,,,,,,,,
196,2,PITCH_SWEEP,6.566666666666666,224079,6838.348388671875,1020,31.1279296875,32.12549019607843,28,0.8544921875,991,30.242919921875,1,0.030517578125,0x900FB321,0,512,384,0.0,2.0,1.5,0,0x04,0,0,0,1,0,0,0,0,-1,0,,,,,,,,,,,,,,,,,,,,,,
197,2,PITCH_SWEEP,6.6,224905,6863.555908203125,826,25.20751953125,39.67070217917676,28,0.8544921875,798,24.35302734375,0,0.0,0xC01F6EEB,0,512,384,0.0,2.0,1.5,0,0x04,0,0,0,1,0,0,0,0,-1,0,,,,,,,,,,,,,,,,,,,,,,
198,2,PITCH_SWEEP,6.633333333333334,225731,6888.763427734375,826,25.20751953125,39.67070217917676,27,0.823974609375,798,24.35302734375,1,0.030517578125,0x984FEC5B,0,512,384,0.0,2.0,1.5,0,0x04,0,0,0,1,0,0,0,0,-1,0,,,,,,,,,,,,,,,,,,,,,,
199,2,PITCH_SWEEP,6.666666666666667,226544,6913.57421875,813,24.810791015625,40.305043050430506,27,0.823974609375,785,23.956298828125,1,0.030517578125,0x0C713E95,0,512,384,0.0,2.0,1.5,0,0x04,0,0,0,1,0,0,0,0,-1,0,,,,,,,,,,,,,,,,,,,,,,
200,2,PITCH_SWEEP,6.7,227369,6938.751220703125,825,25.177001953125,39.71878787878788,28,0.8544921875,797,24.322509765625,0,0.0,0x984FEC5B,0,512,384,0.0,2.0,1.5,0,0x04,0,0,0,1,0,0,0,0,1,0,,,,,,,,,,,,,,,,,,,,,,
201,2,PITCH_SWEEP,6.733333333333333,228195,6963.958740234375,826,25.20751953125,39.67070217917676,27,0.823974609375,798,24.35302734375,1,0.030517578125,0xC01F6EEB,0,512,384,0.0,2.0,1.5,0,0x04,0,0,0,1,0,0,0,0,1,0,,,,,,,,,,,,,,,,,,,,,,
202,2,PITCH_SWEEP,6.766666666666667,229212,6994.9951171875,1017,31.036376953125,32.220255653883974,27,0.823974609375,990,30.21240234375,0,0.0,0x900FB321,0,512,384,0.0,2.0,1.5,0,0x04,0,0,0,1,0,0,0,0,1,0,,,,,,,,,,,,,,,,,,,,,,
203,2,PITCH_SWEEP,6.8,230229,7026.031494140625,1017,31.036376953125,32.220255653883974,27,0.823974609375,990,30.21240234375,0,0.0,0x6151133D,0,512,384,0.0,2.0,1.5,0,0x04,0,0,0,1,0,0,0,0,1,0,,,,,,,,,,,,,,,,,,,,,,
204,2,PITCH_SWEEP,6.833333333333333,231234,7056.70166015625,1005,30.670166015625,32.60497512437811,27,0.823974609375,978,29.84619140625,0,0.0,0x955E2471,0,512,384,0.0,2.0,1.5,0,0x04,0,0,0,1,0,0,0,0,1,0,,,,,,,,,,,,,,,,,,,,,,
205,2,PITCH_SWEEP,6.866666666666666,232239,7087.371826171875,1005,30.670166015625,32.60497512437811,27,0.823974609375,978,29.84619140625,0,0.0,0x1DBE7CEB,0,512,384,0.0,2.0,1.5,0,0x04,0,0,0,1,0,0,0,0,1,0,,,,,,,,,,,,,,,,,,,,,,
206,2,PITCH_SWEEP,6.9,233244,7118.0419921875,1005,30.670166015625,32.60497512437811,27,0.823974609375,978,29.84619140625,0,0.0,0xB63D0AED,0,512,384,0.0,2.0,1.5,0,0x04,0,0,0,1,0,0,0,0,1,0,,,,,,,,,,,,,,,,,,,,,,
207,2,PITCH_SWEEP,6.933333333333334,234250,7148.74267578125,1006,30.70068359375,32.57256461232604,28,0.8544921875,978,29.84619140625,0,0.0,0x32DB7BBD,0,512,384,0.0,2.0,1.5,0,0x04,0,0,0,1,0,0,0,0,1,0,,,,,,,,,,,,,,,,,,,,,,
208,2,PITCH_SWEEP,6.966666666666667,235291,7180.511474609375,1041,31.768798828125,31.477425552353505,28,0.8544921875,1012,30.8837890625,1,0.030517578125,0xACF00F3D,0,512,384,0.0,2.0,1.5,0,0x04,0,0,0,1,0,0,0,0,1,0,,,,,,,,,,,,,,,,,,,,,,
209,2,PITCH_SWEEP,7.0,236390,7214.05029296875,1099,33.538818359375,29.816196542311193,27,0.823974609375,1071,32.684326171875,1,0.030517578125,0x41E71BC3,0,512,384,0.0,2.0,1.5,0,0x04,0,0,0,1,0,0,0,0,1,0,,,,,,,,,,,,,,,,,,,,,,
210,2,PITCH_SWEEP,7.033333333333333,237494,7247.74169921875,1104,33.69140625,29.681159420289855,28,0.8544921875,1075,32.806396484375,1,0.030517578125,0x9BACD179,0,512,384,0.0,2.0,1.5,0,0x04,0,0,0,1,0,0,0,0,1,0,,,,,,,,,,,,,,,,,,,,,,
211,2,PITCH_SWEEP,7.066666666666666,238755,7286.224365234375,1261,38.482666015625,25.985725614591594,28,0.8544921875,1233,37.628173828125,0,0.0,0x1E07FA07,0,512,384,0.0,2.0,1.5,0,0x04,0,0,0,1,0,0,0,0,1,0,,,,,,,,,,,,,,,,,,,,,,
212,2,PITCH_SWEEP,7.1,240043,7325.531005859375,1288,39.306640625,25.440993788819874,27,0.823974609375,1260,38.4521484375,1,0.030517578125,0x556C25D5,0,512,384,0.0,2.0,1.5,0,0x04,0,0,0,1,0,0,0,0,1,0,,,,,,,,,,,,,,,,,,,,,,
213,2,PITCH_SWEEP,7.133333333333334,241353,7365.509033203125,1310,39.97802734375,25.013740458015267,28,0.8544921875,1282,39.12353515625,0,0.0,0x917C6B41,0,512,384,0.0,2.0,1.5,0,0x04,0,0,0,1,0,0,0,0,1,0,,,,,,,,,,,,,,,,,,,,,,
214,2,PITCH_SWEEP,7.166666666666667,242692,7406.3720703125,1339,40.863037109375,24.471994025392085,28,0.8544921875,1311,40.008544921875,0,0.0,0x0CFC7757,0,512,384,0.0,2.0,1.5,0,0x04,0,0,0,1,0,0,0,0,1,0,,,,,,,,,,,,,,,,,,,,,,
215,2,PITCH_SWEEP,7.2,244048,7447.75390625,1356,41.3818359375,24.16519174041298,27,0.823974609375,1328,40.52734375,1,0.030517578125,0x979B296F,0,512,384,0.0,2.0,1.5,0,0x04,0,0,0,1,0,0,0,0,1,0,,,,,,,,,,,,,,,,,,,,,,
216,2,PITCH_SWEEP,7.233333333333333,245427,7489.837646484375,1379,42.083740234375,23.762146482958666,28,0.8544921875,1350,41.19873046875,1,0.030517578125,0xF3A6ABD1,0,512,384,0.0,2.0,1.5,0,0x04,0,0,0,1,0,0,0,0,1,0,,,,,,,,,,,,,,,,,,,,,,
217,2,PITCH_SWEEP,7.266666666666667,246823,7532.440185546875,1396,42.6025390625,23.472779369627506,28,0.8544921875,1368,41.748046875,0,0.0,0x9C5D3DAB,0,512,384,0.0,2.0,1.5,0,0x04,0,0,0,1,0,0,0,0,1,0,,,,,,,,,,,,,,,,,,,,,,
218,2,PITCH_SWEEP,7.3,248263,7576.385498046875,1440,43.9453125,22.755555555555556,27,0.823974609375,1412,43.0908203125,1,0.030517578125,0x776F84F5,0,512,384,0.0,2.0,1.5,0,0x04,0,0,0,1,0,0,0,0,1,0,,,,,,,,,,,,,,,,,,,,,,
219,2,PITCH_SWEEP,7.333333333333333,249724,7620.9716796875,1461,44.586181640625,22.428473648186174,27,0.823974609375,1434,43.76220703125,0,0.0,0xDBF98667,0,512,384,0.0,2.0,1.5,0,0x04,0,0,0,1,0,0,0,0,1,0,,,,,,,,,,,,,,,,,,,,,,
220,2,PITCH_SWEEP,7.366666666666666,251190,7665.71044921875,1466,44.73876953125,22.351978171896317,27,0.823974609375,1439,43.914794921875,0,0.0,0xC1D27A09,0,512,384,0.0,2.0,1.5,0,0x04,0,0,0,1,0,0,0,0,1,0,,,,,,,,,,,,,,,,,,,,,,
221,2,PITCH_SWEEP,7.4,252684,7711.3037109375,1494,45.59326171875,21.933065595716197,28,0.8544921875,1465,44.708251953125,1,0.030517578125,0x390641B9,0,512,384,0.0,2.0,1.5,0,0x04,0,0,0,1,0,0,0,0,1,0,,,,,,,,,,,,,,,,,,,,,,
222,2,PITCH_SWEEP,7.433333333333334,254179,7756.927490234375,1495,45.623779296875,21.91839464882943,28,0.8544921875,1467,44.769287109375,0,0.0,0x70322F27,0,512,384,0.0,2.0,1.5,0,0x04,0,0,0,1,0,0,0,0,1,0,,,,,,,,,,,,,,,,,,,,,,
223,2,PITCH_SWEEP,7.466666666666667,255666,7802.30712890625,1487,45.379638671875,22.036314727639542,27,0.823974609375,1460,44.5556640625,0,0.0,0x9E5629C9,0,512,384,0.0,2.0,1.5,0,0x0C,0,0,0,1,1,0,0,0,1,0,,,,,,,,,,,,,,,,,,,,,,
224,3,PORTAL_FAR,7.5,257155,7847.747802734375,1489,45.440673828125,22.006715916722634,19,0.579833984375,1470,44.86083984375,0,0.0,0x8A2F81AC,0,533,384,0.0,2.08203125,1.5,0,0x04,0,0,0,1,0,0,1,0,0,0,,,,,,,,,,,,,,,,,,,,,,
225,3,PORTAL_FAR,7.533333333333333,258644,7893.1884765625,1489,45.440673828125,22.006715916722634,19,0.579833984375,1470,44.86083984375,0,0.0,0xE25D7961,0,554,384,0.0,2.1640625,1.5,0,0x04,0,0,0,1,0,0,1,0,0,0,,,,,,,,,,,,,,,,,,,,,,
226,3,PORTAL_FAR,7.566666666666666,260133,7938.629150390625,1489,45.440673828125,22.006715916722634,19,0.579833984375,1470,44.86083984375,0,0.0,0x21F6AB56,0,575,384,0.0,2.24609375,1.5,0,0x04,0,0,0,1,0,0,1,0,0,0,,,,,,,,,,,,,,,,,,,,,,
227,3,PORTAL_FAR,7.6,261622,7984.06982421875,1489,45.440673828125,22.006715916722634,19,0.579833984375,1470,44.86083984375,0,0.0,0xDF40AB83,0,596,384,0.0,2.328125,1.5,0,0x04,0,0,0,1,0,0,1,0,0,0,,,,,,,,,,,,,,,,,,,,,,
228,3,PORTAL_FAR,7.633333333333334,263111,8029.510498046875,1489,45.440673828125,22.006715916722634,19,0.579833984375,1470,44.86083984375,0,0.0,0xC8B687A0,0,617,384,0.0,2.41015625,1.5,0,0x04,0,0,0,1,0,0,1,0,0,0,,,,,,,,,,,,,,,,,,,,,,
229,3,PORTAL_FAR,7.666666666666667,264601,8074.981689453125,1490,45.47119140625,21.99194630872483,19,0.579833984375,1471,44.891357421875,0,0.0,0x21711EA5,0,638,384,0.0,2.4921875,1.5,0,0x04,0,0,0,1,0,0,1,0,0,0,,,,,,,,,,,,,,,,,,,,,,
230,3,PORTAL_FAR,7.7,266099,8120.697021484375,1498,45.71533203125,21.874499332443257,19,0.579833984375,1478,45.10498046875,1,0.030517578125,0xEF2709EA,0,659,384,0.0,2.57421875,1.5,0,0x04,0,0,0,1,0,0,1,0,0,0,,,,,,,,,,,,,,,,,,,,,,
231,3,PORTAL_FAR,7.733333333333333,267600,8166.50390625,1501,45.806884765625,21.830779480346436,20,0.6103515625,1480,45.166015625,1,0.030517578125,0xA681AE77,0,680,384,0.0,2.65625,1.5,0,0x04,0,0,0,1,0,0,1,0,0,0,,,,,,,,,,,,,,,,,,,,,,
232,3,PORTAL_FAR,7.766666666666667,269098,8212.21923828125,1498,45.71533203125,21.874499332443257,19,0.579833984375,1479,45.135498046875,0,0.0,0xC1415BE4,0,701,384,0.0,2.73828125,1.5,0,0x04,0,0,0,1,0,0,1,0,0,0,,,,,,,,,,,,,,,,,,,,,,
233,3,PORTAL_FAR,7.8,270597,8257.965087890625,1499,45.745849609375,21.859906604402934,19,0.579833984375,1480,45.166015625,0,0.0,0x15562539,0,722,384,0.0,2.8203125,1.5,0,0x04,0,0,0,1,0,0,1,0,0,0,,,,,,,,,,,,,,,,,,,,,,
234,3,PORTAL_FAR,7.833333333333333,272098,8303.77197265625,1501,45.806884765625,21.830779480346436,19,0.579833984375,1481,45.196533203125,1,0.030517578125,0x2E3AAF2E,0,743,384,0.0,2.90234375,1.5,0,0x04,0,0,0,1,0,0,1,0,0,0,,,,,,,,,,,,,,,,,,,,,,
235,3,PORTAL_FAR,7.866666666666666,273599,8349.578857421875,1501,45.806884765625,21.830779480346436,20,0.6103515625,1480,45.166015625,1,0.030517578125,0x6A11B2BB,0,764,384,0.0,2.984375,1.5,0,0x04,0,0,0,1,0,0,1,0,0,0,,,,,,,,,,,,,,,,,,,,,,
236,3,PORTAL_FAR,7.9,275124,8396.1181640625,1525,46.539306640625,21.4872131147541,19,0.579833984375,1505,45.928955078125,1,0.030517578125,0x98AF8E0D,0,785,384,0.0,3.06640625,1.5,0,0x04,0,0,0,1,0,0,1,0,0,0,,,,,,,,,,,,,,,,,,,,,,
237,3,PORTAL_FAR,7.933333333333334,276649,8442.657470703125,1525,46.539306640625,21.4872131147541,20,0.6103515625,1505,45.928955078125,0,0.0,0x3C798CE8,0,806,384,0.0,3.1484375,1.5,0,0x04,0,0,0,1,0,0,1,0,0,0,,,,,,,,,,,,,,,,,,,,,,
238,3,PORTAL_FAR,7.966666666666667,278175,8489.227294921875,1526,46.56982421875,21.47313237221494,19,0.579833984375,1506,45.95947265625,1,0.030517578125,0xE5941D8F,0,827,384,0.0,3.23046875,1.5,0,0x04,0,0,0,1,0,0,1,0,0,0,,,,,,,,,,,,,,,,,,,,,,
239,3,PORTAL_FAR,8.0,279701,8535.797119140625,1526,46.56982421875,21.47313237221494,19,0.579833984375,1506,45.95947265625,1,0.030517578125,0xB6B9C662,0,848,384,0.0,3.3125,1.5,0,0x04,0,0,0,1,0,0,1,0,0,0,,,,,,,,,,,,,,,,,,,,,,
240,3,PORTAL_FAR,8.033333333333333,281228,8582.3974609375,1527,46.600341796875,21.459070072036674,19,0.579833984375,1507,45.989990234375,1,0.030517578125,0xD8E4F351,0,869,384,0.0,3.39453125,1.5,0,0x04,0,0,0,1,0,0,1,0,0,0,,,,,,,,,,,,,,,,,,,,,,
241,3,PORTAL_FAR,8.066666666666666,282762,8629.21142578125,1534,46.81396484375,21.36114732724902,20,0.6103515625,1514,46.20361328125,0,0.0,0x6E5527DC,0,890,384,0.0,3.4765625,1.5,0,0x04,0,0,0,1,0,0,1,0,0,0,,,,,,,,,,,,,,,,,,,,,,
242,3,PORTAL_FAR,8.1,284297,8676.055908203125,1535,46.844482421875,21.347231270358307,19,0.579833984375,1515,46.234130859375,1,0.030517578125,0x41C83353,0,911,384,0.0,3.55859375,1.5,0,0x04,0,0,0,1,0,0,1,0,0,0,,,,,,,,,,,,,,,,,,,,,,
243,3,PORTAL_FAR,8.133333333333333,285832,8722.900390625,1535,46.844482421875,21.347231270358307,20,0.6103515625,1515,46.234130859375,0,0.0,0xF40E8226,0,932,384,0.0,3.640625,1.5,0,0x04,0,0,0,1,0,0,1,0,0,0,,,,,,,,,,,,,,,,,,,,,,
244,3,PORTAL_FAR,8.166666666666666,287366,8769.71435546875,1534,46.81396484375,21.36114732724902,19,0.579833984375,1515,46.234130859375,0,0.0,0x48B41C45,0,953,384,0.0,3.72265625,1.5,0,0x04,0,0,0,1,0,0,1,0,0,0,,,,,,,,,,,,,,,,,,,,,,
245,3,PORTAL_FAR,8.2,288890,8816.22314453125,1524,46.5087890625,21.501312335958005,20,0.6103515625,1504,45.8984375,0,0.0,0xD734A8A0,0,974,384,0.0,3.8046875,1.5,0,0x04,0,0,0,1,0,0,1,0,0,0,,,,,,,,,,,,,,,,,,,,,,
246,3,PORTAL_FAR,8.233333333333333,290412,8862.6708984375,1522,46.44775390625,21.529566360052563,19,0.579833984375,1502,45.83740234375,1,0.030517578125,0xCA13AD67,0,995,384,0.0,3.88671875,1.5,0,0x04,0,0,0,1,0,0,1,0,0,0,,,,,,,,,,,,,,,,,,,,,,
247,3,PORTAL_FAR,8.266666666666667,291934,8909.11865234375,1522,46.44775390625,21.529566360052563,19,0.579833984375,1502,45.83740234375,1,0.030517578125,0x67B1739A,0,1016,384,0.0,3.96875,1.5,0,0x04,0,0,0,1,0,0,1,0,0,0,,,,,,,,,,,,,,,,,,,,,,
248,3,PORTAL_FAR,8.3,293458,8955.62744140625,1524,46.5087890625,21.501312335958005,20,0.6103515625,1504,45.8984375,0,0.0,0xA1481F06,0,1037,384,0.0,4.05078125,1.5,0,0x04,0,0,0,1,0,0,1,0,0,0,,,,,,,,,,,,,,,,,,,,,,
249,3,PORTAL_FAR,8.333333333333334,294989,9002.349853515625,1531,46.722412109375,21.40300457217505,20,0.6103515625,1511,46.112060546875,0,0.0,0xEFFF61B3,0,1058,384,0.0,4.1328125,1.5,0,0x04,0,0,0,1,0,0,1,0,0,0,,,,,,,,,,,,,,,,,,,,,,
250,3,PORTAL_FAR,8.366666666666667,296520,9049.072265625,1531,46.722412109375,21.40300457217505,19,0.579833984375,1511,46.112060546875,1,0.030517578125,0x0292F82C,0,1079,384,0.0,4.21484375,1.5,0,0x04,0,0,0,1,0,0,1,0,0,0,,,,,,,,,,,,,,,,,,,,,,
251,3,PORTAL_FAR,8.4,298057,9095.977783203125,1537,46.905517578125,21.319453480806768,20,0.6103515625,1517,46.295166015625,0,0.0,0x0E050D61,0,1100,384,0.0,4.296875,1.5,0,0x04,0,0,0,1,0,0,1,0,0,0,,,,,,,,,,,,,,,,,,,,,,
252,3,PORTAL_FAR,8.433333333333334,299615,9143.524169921875,1558,47.54638671875,21.03209242618742,19,0.579833984375,1539,46.966552734375,0,0.0,0x42376622,0,1121,384,0.0,4.37890625,1.5,0,0x04,0,0,0,1,0,0,1,0,0,0,,,,,,,,,,,,,,,,,,,,,,
253,3,PORTAL_FAR,8.466666666666667,301174,9191.10107421875,1559,47.576904296875,21.018601667735727,19,0.579833984375,1539,46.966552734375,1,0.030517578125,0xD22FBA7F,0,1142,384,0.0,4.4609375,1.5,0,0x04,0,0,0,1,0,0,1,0,0,0,,,,,,,,,,,,,,,,,,,,,,
254,3,PORTAL_FAR,8.5,302739,9238.861083984375,1565,47.760009765625,20.938019169329074,20,0.6103515625,1544,47.119140625,1,0.030517578125,0x7259FE18,0,1163,384,0.0,4.54296875,1.5,0,0x06,1,1,0,1,0,0,1,0,0,0,47.088623046875,0.030517578125,0.18310546875,17.822265625,6.317138671875,1.434326171875,4.852294921875,2.777099609375,0.0,13.031005859375,0.640869140625,0,0,0,0,0,0,0,0,0,0,0
255,3,PORTAL_FAR,8.533333333333333,304303,9286.590576171875,1564,47.7294921875,20.95140664961637,19,0.579833984375,1544,47.119140625,1,0.030517578125,0xCE60C26D,0,1184,384,0.0,4.625,1.5,0,0x04,0,0,0,1,0,0,1,0,0,0,,,,,,,,,,,,,,,,,,,,,,
256,3,PORTAL_FAR,8.566666666666666,305789,9331.939697265625,1486,45.34912109375,22.05114401076716,19,0.579833984375,1466,44.73876953125,1,0.030517578125,0xA69ACC5E,0,1205,384,0.0,4.70703125,1.5,0,0x04,0,0,0,1,0,0,1,0,0,0,,,,,,,,,,,,,,,,,,,,,,
257,3,PORTAL_FAR,8.6,307065,9370.880126953125,1276,38.9404296875,25.68025078369906,20,0.6103515625,1255,38.299560546875,1,0.030517578125,0xEA84E66B,0,1226,384,0.0,4.7890625,1.5,0,0x04,0,0,0,1,0,0,1,0,0,0,,,,,,,,,,,,,,,,,,,,,,
258,3,PORTAL_FAR,8.633333333333333,308363,9410.491943359375,1298,39.61181640625,25.244992295839754,20,0.6103515625,1277,38.970947265625,1,0.030517578125,0xECE8EFE4,0,1247,384,0.0,4.87109375,1.5,0,0x04,0,0,0,1,0,0,1,0,0,0,,,,,,,,,,,,,,,,,,,,,,
259,3,PORTAL_FAR,8.666666666666666,309662,9450.13427734375,1299,39.642333984375,25.225558121632023,20,0.6103515625,1278,39.00146484375,1,0.030517578125,0x96B259B9,0,1268,384,0.0,4.953125,1.5,0,0x04,0,0,0,1,0,0,1,0,0,0,,,,,,,,,,,,,,,,,,,,,,
260,3,PORTAL_FAR,8.7,310961,9489.776611328125,1299,39.642333984375,25.225558121632023,20,0.6103515625,1279,39.031982421875,0,0.0,0xAD36C447,0,1289,384,0.0,5.03515625,1.5,0,0x04,0,0,0,1,0,0,1,0,0,0,,,,,,,,,,,,,,,,,,,,,,
261,3,PORTAL_FAR,8.733333333333333,312267,9529.632568359375,1306,39.85595703125,25.090352220520675,19,0.579833984375,1287,39.276123046875,0,0.0,0x3B78C54A,0,1310,384,0.0,5.1171875,1.5,0,0x04,0,0,0,1,0,0,1,0,0,0,,,,,,,,,,,,,,,,,,,,,,
262,3,PORTAL_FAR,8.766666666666667,313584,9569.82421875,1317,40.191650390625,24.88078967350038,19,0.579833984375,1298,39.61181640625,0,0.0,0xF990F785,0,1331,384,0.0,5.19921875,1.5,0,0x04,0,0,0,1,0,0,1,0,0,0,,,,,,,,,,,,,,,,,,,,,,
263,3,PORTAL_FAR,8.8,314901,9610.015869140625,1317,40.191650390625,24.88078967350038,19,0.579833984375,1298,39.61181640625,0,0.0,0xB7CC6310,0,1352,384,0.0,5.28125,1.5,0,0x04,0,0,0,1,0,0,1,0,0,0,,,,,,,,,,,,,,,,,,,,,,
264,3,PORTAL_FAR,8.833333333333334,316225,9650.421142578125,1324,40.4052734375,24.749244712990937,19,0.579833984375,1305,39.825439453125,0,0.0,0xA51AF683,0,1373,384,0.0,5.36328125,1.5,0,0x04,0,0,0,1,0,0,1,0,0,0,,,,,,,,,,,,,,,,,,,,,,
265,3,PORTAL_FAR,8.866666666666667,317550,9690.85693359375,1325,40.435791015625,24.730566037735848,19,0.579833984375,1305,39.825439453125,1,0.030517578125,0x437F0B56,0,1394,384,0.0,5.4453125,1.5,0,0x04,0,0,0,1,0,0,1,0,0,0,,,,,,,,,,,,,,,,,,,,,,
266,3,PORTAL_FAR,8.9,318875,9731.292724609375,1325,40.435791015625,24.730566037735848,20,0.6103515625,1305,39.825439453125,0,0.0,0xC5DAB451,0,1415,384,0.0,5.52734375,1.5,0,0x04,0,0,0,1,0,0,1,0,0,0,,,,,,,,,,,,,,,,,,,,,,
267,3,PORTAL_FAR,8.933333333333334,320199,9771.697998046875,1324,40.4052734375,24.749244712990937,19,0.579833984375,1305,39.825439453125,0,0.0,0x5B4AE8DC,0,1436,384,0.0,5.609375,1.5,0,0x04,0,0,0,1,0,0,1,0,0,0,,,,,,,,,,,,,,,,,,,,,,
268,3,PORTAL_FAR,8.966666666666667,321514,9811.82861328125,1315,40.130615234375,24.918631178707223,19,0.579833984375,1296,39.55078125,0,0.0,0x521ED99F,0,1457,384,0.0,5.69140625,1.5,0,0x04,0,0,0,1,0,0,1,0,0,0,,,,,,,,,,,,,,,,,,,,,,
269,3,PORTAL_FAR,9.0,322830,9851.98974609375,1316,40.1611328125,24.89969604863222,19,0.579833984375,1296,39.55078125,1,0.030517578125,0x50B58722,0,1478,384,0.0,5.7734375,1.5,0,0x04,0,0,0,1,0,0,1,0,0,0,,,,,,,,,,,,,,,,,,,,,,
270,3,PORTAL_FAR,9.033333333333333,324152,9892.333984375,1322,40.34423828125,24.786686838124055,20,0.6103515625,1302,39.73388671875,0,0.0,0x61C697BD,0,1499,384,0.0,5.85546875,1.5,0,0x04,0,0,0,1,0,0,1,0,0,0,,,,,,,,,,,,,,,,,,,,,,
271,3,PORTAL_FAR,9.066666666666666,325475,9932.708740234375,1323,40.374755859375,24.767951625094483,19,0.579833984375,1303,39.764404296875,1,0.030517578125,0xB4265268,0,1520,384,0.0,5.9375,1.5,0,0x04,0,0,0,1,0,0,1,0,0,0,,,,,,,,,,,,,,,,,,,,,,
272,3,PORTAL_FAR,9.1,326806,9973.32763671875,1331,40.618896484375,24.6190833959429,20,0.6103515625,1311,40.008544921875,0,0.0,0xFC700458,0,1541,384,0.0,6.01953125,1.5,0,0x04,0,0,0,1,0,0,1,0,0,0,,,,,,,,,,,,,,,,,,,,,,
273,3,PORTAL_FAR,9.133333333333333,328136,10013.916015625,1330,40.58837890625,24.637593984962407,19,0.579833984375,1311,40.008544921875,0,0.0,0x5E89D90D,0,1562,384,0.0,6.1015625,1.5,0,0x04,0,0,0,1,0,0,1,0,0,0,,,,,,,,,,,,,,,,,,,,,,
274,3,PORTAL_FAR,9.166666666666666,329469,10054.595947265625,1333,40.679931640625,24.582145536384097,19,0.579833984375,1314,40.10009765625,0,0.0,0x6BEE3C0A,0,1583,384,0.0,6.18359375,1.5,0,0x04,0,0,0,1,0,0,1,0,0,0,,,,,,,,,,,,,,,,,,,,,,
275,3,PORTAL_FAR,9.2,330804,10095.3369140625,1335,40.740966796875,24.545318352059926,20,0.6103515625,1314,40.10009765625,1,0.030517578125,0xEAA784B7,0,1604,384,0.0,6.265625,1.5,0,0x04,0,0,0,1,0,0,1,0,0,0,,,,,,,,,,,,,,,,,,,,,,
276,3,PORTAL_FAR,9.233333333333333,332145,10136.260986328125,1341,40.924072265625,24.435495898583145,20,0.6103515625,1321,40.313720703125,0,0.0,0xCD80AA54,0,1625,384,0.0,6.34765625,1.5,0,0x04,0,0,0,1,0,0,1,0,0,0,,,,,,,,,,,,,,,,,,,,,,
277,3,PORTAL_FAR,9.266666666666667,333493,10177.398681640625,1348,41.1376953125,24.30860534124629,19,0.579833984375,1329,40.557861328125,0,0.0,0x49B2EFD9,0,1646,384,0.0,6.4296875,1.5,0,0x04,0,0,0,1,0,0,1,0,0,0,,,,,,,,,,,,,,,,,,,,,,
278,3,PORTAL_FAR,9.3,334841,10218.536376953125,1348,41.1376953125,24.30860534124629,19,0.579833984375,1329,40.557861328125,0,0.0,0xC0B06496,0,1667,384,0.0,6.51171875,1.5,0,0x04,0,0,0,1,0,0,1,0,0,0,,,,,,,,,,,,,,,,,,,,,,
279,3,PORTAL_FAR,9.333333333333334,336189,10259.674072265625,1348,41.1376953125,24.30860534124629,19,0.579833984375,1329,40.557861328125,0,0.0,0xA72A6D23,0,1688,384,0.0,6.59375,1.5,0,0x0C,0,0,0,1,1,0,1,0,0,0,,,,,,,,,,,,,,,,,,,,,,
280,4,PORTAL_NEAR,9.366666666666667,337550,10301.20849609375,1361,41.534423828125,24.076414401175604,20,0.6103515625,1340,40.8935546875,1,0.030517578125,0x62A14290,0,1709,384,0.0,6.67578125,1.5,0,0x04,0,0,0,1,0,0,1,0,0,0,,,,,,,,,,,,,,,,,,,,,,
281,4,PORTAL_NEAR,9.4,338908,10342.6513671875,1358,41.44287109375,24.12960235640648,19,0.579833984375,1339,40.863037109375,0,0.0,0xB6B60BE5,0,1730,384,0.0,6.7578125,1.5,0,0x04,0,0,0,1,0,0,1,0,0,0,,,,,,,,,,,,,,,,,,,,,,
282,4,PORTAL_NEAR,9.433333333333334,340275,10384.368896484375,1367,41.717529296875,23.970738844184346,19,0.579833984375,1348,41.1376953125,0,0.0,0x645005E2,0,1751,384,0.0,6.83984375,1.5,0,0x04,0,0,0,1,0,0,1,0,0,0,,,,,,,,,,,,,,,,,,,,,,
283,4,PORTAL_NEAR,9.466666666666667,341643,10426.116943359375,1368,41.748046875,23.953216374269005,19,0.579833984375,1348,41.1376953125,1,0.030517578125,0x00039F6F,0,1772,384,0.0,6.921875,1.5,0,0x04,0,0,0,1,0,0,1,0,0,0,,,,,,,,,,,,,,,,,,,,,,
284,4,PORTAL_NEAR,9.5,343183,10473.114013671875,1540,46.9970703125,21.277922077922078,19,0.579833984375,1521,46.417236328125,0,0.0,0xD120EC41,0,1793,384,0.0,7.00390625,1.5,0,0x04,0,0,0,1,0,0,1,0,0,0,,,,,,,,,,,,,,,,,,,,,,
285,4,PORTAL_NEAR,9.533333333333333,344733,10520.416259765625,1550,47.30224609375,21.140645161290323,19,0.579833984375,1530,46.69189453125,1,0.030517578125,0x73C92B1C,0,1814,384,0.0,7.0859375,1.5,0,0x04,0,0,0,1,0,0,1,0,0,0,,,,,,,,,,,,,,,,,,,,,,
286,4,PORTAL_NEAR,9.566666666666666,346282,10567.68798828125,1549,47.271728515625,21.154293092317623,19,0.579833984375,1530,46.69189453125,0,0.0,0x60CD5E3B,0,1835,384,0.0,7.16796875,1.5,0,0x04,0,0,0,1,0,0,1,0,0,0,,,,,,,,,,,,,,,,,,,,,,
287,4,PORTAL_NEAR,9.6,347836,10615.1123046875,1554,47.42431640625,21.086229086229086,20,0.6103515625,1533,46.783447265625,1,0.030517578125,0x32E6260E,0,1856,384,0.0,7.25,1.5,0,0x04,0,0,0,1,0,0,1,0,0,0,,,,,,,,,,,,,,,,,,,,,,
288,4,PORTAL_NEAR,9.633333333333333,349388,10662.4755859375,1552,47.36328125,21.11340206185567,19,0.579833984375,1532,46.7529296875,1,0.030517578125,0xCFA1D4FD,0,1877,384,0.0,7.33203125,1.5,0,0x04,0,0,0,1,0,0,1,0,0,0,,,,,,,,,,,,,,,,,,,,,,
289,4,PORTAL_NEAR,9.666666666666666,350941,10709.869384765625,1553,47.393798828125,21.099806825499034,20,0.6103515625,1532,46.7529296875,1,0.030517578125,0x6726E888,0,1898,384,0.0,7.4140625,1.5,0,0x04,0,0,0,1,0,0,1,0,0,0,,,,,,,,,,,,,,,,,,,,,,
290,4,PORTAL_NEAR,9.7,352459,10756.195068359375,1518,46.32568359375,21.586297760210805,19,0.579833984375,1499,45.745849609375,0,0.0,0x20263787,0,1919,384,0.0,7.49609375,1.5,0,0x04,0,0,0,1,0,0,1,0,0,0,,,,,,,,,,,,,,,,,,,,,,
291,4,PORTAL_NEAR,9.733333333333333,353977,10802.520751953125,1518,46.32568359375,21.586297760210805,19,0.579833984375,1499,45.745849609375,0,0.0,0x5AE10ADA,0,1940,384,0.0,7.578125,1.5,0,0x04,0,0,0,1,0,0,1,0,0,0,,,,,,,,,,,,,,,,,,,,,,
292,4,PORTAL_NEAR,9.766666666666667,355510,10849.30419921875,1533,46.783447265625,21.3750815394651,19,0.579833984375,1513,46.173095703125,1,0.030517578125,0x5A29A9F9,0,1961,384,0.0,7.66015625,1.5,0,0x04,0,0,0,1,0,0,1,0,0,0,,,,,,,,,,,,,,,,,,,,,,
293,4,PORTAL_NEAR,9.8,357044,10896.1181640625,1534,46.81396484375,21.36114732724902,20,0.6103515625,1514,46.20361328125,0,0.0,0x814E47D4,0,1982,384,0.0,7.7421875,1.5,0,0x04,0,0,0,1,0,0,1,0,0,0,,,,,,,,,,,,,,,,,,,,,,
294,4,PORTAL_NEAR,9.833333333333334,358578,10942.93212890625,1534,46.81396484375,21.36114732724902,19,0.579833984375,1514,46.20361328125,1,0.030517578125,0x18426913,0,2003,384,0.0,7.82421875,1.5,0,0x04,0,0,0,1,0,0,1,0,0,0,,,,,,,,,,,,,,,,,,,,,,
295,4,PORTAL_NEAR,9.866666666666667,360126,10990.17333984375,1548,47.2412109375,21.16795865633075,20,0.6103515625,1528,46.630859375,0,0.0,0x5E6E5546,0,2024,384,0.0,7.90625,1.5,0,0x04,0,0,0,1,0,0,1,0,0,0,,,,,,,,,,,,,,,,,,,,,,
296,4,PORTAL_NEAR,9.9,361648,11036.62109375,1522,46.44775390625,21.529566360052563,19,0.579833984375,1503,45.867919921875,0,0.0,0x80998235,0,2045,384,0.0,7.98828125,1.5,0,0x04,0,0,0,1,0,0,1,0,0,0,,,,,,,,,,,,,,,,,,,,,,
297,4,PORTAL_NEAR,9.933333333333334,363336,11088.134765625,1688,51.513671875,19.412322274881518,19,0.579833984375,1669,50.933837890625,0,0.0,0xB9B1BE5F,0,2066,384,0.0,8.0703125,1.5,0,0x04,0,0,0,1,0,0,1,0,0,0,,,,,,,,,,,,,,,,,,,,,,
298,4,PORTAL_NEAR,9.966666666666667,365041,11140.167236328125,1705,52.032470703125,19.218768328445748,19,0.579833984375,1685,51.422119140625,1,0.030517578125,0x2AD4C960,0,2087,384,0.0,8.15234375,1.5,0,0x04,0,0,0,1,0,0,1,0,0,0,,,,,,,,,,,,,,,,,,,,,,
299,4,PORTAL_NEAR,10.0,366761,11192.657470703125,1720,52.490234375,19.051162790697674,19,0.579833984375,1700,51.8798828125,1,0.030517578125,0xBFF5AA95,0,2108,384,0.0,8.234375,1.5,0,0x04,0,0,0,1,0,0,1,0,0,0,,,,,,,,,,,,,,,,,,,,,,
300,4,PORTAL_NEAR,10.033333333333333,368497,11245.635986328125,1736,52.978515625,18.87557603686636,20,0.6103515625,1716,52.3681640625,0,0.0,0x4D9E3F56,0,2129,384,0.0,8.31640625,1.5,0,0x04,0,0,0,1,0,0,1,0,0,0,,,,,,,,,,,,,,,,,,,,,,
301,4,PORTAL_NEAR,10.066666666666666,370270,11299.74365234375,1773,54.107666015625,18.48166948674563,19,0.579833984375,1753,53.497314453125,1,0.030517578125,0xBABF1433,0,2150,384,0.0,8.3984375,1.5,0,0x04,0,0,0,1,0,0,1,0,0,0,,,,,,,,,,,,,,,,,,,,,,
302,4,PORTAL_NEAR,10.1,372059,11354.339599609375,1789,54.595947265625,18.3163778647289,20,0.6103515625,1768,53.955078125,1,0.030517578125,0x9E77BAD4,0,2171,384,0.0,8.48046875,1.5,0,0x04,0,0,0,1,0,0,1,0,0,0,,,,,,,,,,,,,,,,,,,,,,
303,4,PORTAL_NEAR,10.133333333333333,373862,11409.36279296875,1803,55.023193359375,18.174154187465337,20,0.6103515625,1783,54.412841796875,0,0.0,0xBBB1AF29,0,2192,384,0.0,8.5625,1.5,0,0x04,0,0,0,1,0,0,1,0,0,0,,,,,,,,,,,,,,,,,,,,,,
304,4,PORTAL_NEAR,10.166666666666666,375681,11464.874267578125,1819,55.511474609375,18.01429356789445,19,0.579833984375,1799,54.901123046875,1,0.030517578125,0x4629139A,0,2213,384,0.0,8.64453125,1.5,0,0x04,0,0,0,1,0,0,1,0,0,0,,,,,,,,,,,,,,,,,,,,,,
305,4,PORTAL_NEAR,10.2,376957,11503.814697265625,1276,38.9404296875,25.68025078369906,19,0.579833984375,1256,38.330078125,1,0.030517578125,0xB2BD4927,0,2234,384,0.0,8.7265625,1.5,0,0x04,0,0,0,1,0,0,1,0,0,0,,,,,,,,,,,,,,,,,,,,,,
306,4,PORTAL_NEAR,10.233333333333333,378233,11542.755126953125,1276,38.9404296875,25.68025078369906,19,0.579833984375,1256,38.330078125,1,0.030517578125,0x75A50988,0,2255,384,0.0,8.80859375,1.5,0,0x04,0,0,0,1,0,0,1,0,0,0,,,,,,,,,,,,,,,,,,,,,,
307,4,PORTAL_NEAR,10.266666666666667,379509,11581.695556640625,1276,38.9404296875,25.68025078369906,19,0.579833984375,1257,38.360595703125,0,0.0,0x3350AD5D,0,2276,384,0.0,8.890625,1.5,0,0x04,0,0,0,1,0,0,1,0,0,0,,,,,,,,,,,,,,,,,,,,,,
308,4,PORTAL_NEAR,10.3,380789,11620.758056640625,1280,39.0625,25.6,19,0.579833984375,1260,38.4521484375,1,0.030517578125,0x69A6C0FE,0,2297,384,0.0,8.97265625,1.5,0,0x04,0,0,0,1,0,0,1,0,0,0,,,,,,,,,,,,,,,,,,,,,,
309,4,PORTAL_NEAR,10.333333333333334,382069,11659.820556640625,1280,39.0625,25.6,19,0.579833984375,1260,38.4521484375,1,0.030517578125,0x366CD1EE,0,2318,384,0.0,9.0546875,1.5,0,0x04,0,0,0,1,0,0,1,0,0,0,,,,,,,,,,,,,,,,,,,,,,
310,4,PORTAL_NEAR,10.366666666666667,383350,11698.91357421875,1281,39.093017578125,25.580015612802498,20,0.6103515625,1260,38.4521484375,1,0.030517578125,0xC3435431,0,2339,384,0.0,9.13671875,1.5,0,0x04,0,0,0,1,0,0,1,0,0,0,,,,,,,,,,,,,,,,,,,,,,
311,4,PORTAL_NEAR,10.4,384630,11737.97607421875,1280,39.0625,25.6,20,0.6103515625,1260,38.4521484375,0,0.0,0xCF5C623C,0,2360,384,0.0,9.21875,1.5,0,0x04,0,0,0,1,0,0,1,0,0,0,,,,,,,,,,,,,,,,,,,,,,
312,4,PORTAL_NEAR,10.433333333333334,385910,11777.03857421875,1280,39.0625,25.6,19,0.579833984375,1261,38.482666015625,0,0.0,0xF349B22F,0,2381,384,0.0,9.30078125,1.5,0,0x06,1,1,0,1,0,0,1,0,0,0,38.421630859375,0.030517578125,6.561279296875,0.0,0.0,0.0,15.93017578125,2.227783203125,0.0,13.0615234375,0.6103515625,0,0,0,0,0,0,0,0,0,0,0
313,4,PORTAL_NEAR,10.466666666666667,387189,11816.070556640625,1279,39.031982421875,25.620015637216575,19,0.579833984375,1260,38.4521484375,0,0.0,0xB5BF8E02,0,2402,384,0.0,9.3828125,1.5,0,0x04,0,0,0,1,0,0,1,0,0,0,,,,,,,,,,,,,,,,,,,,,,
314,4,PORTAL_NEAR,10.5,388469,11855.133056640625,1280,39.0625,25.6,19,0.579833984375,1260,38.4521484375,1,0.030517578125,0xC450AA05,0,2423,384,0.0,9.46484375,1.5,0,0x04,0,0,0,1,0,0,1,0,0,0,,,,,,,,,,,,,,,,,,,,,,
315,4,PORTAL_NEAR,10.533333333333333,389748,11894.1650390625,1279,39.031982421875,25.620015637216575,20,0.6103515625,1259,38.421630859375,0,0.0,0x6CC07690,0,2444,384,0.0,9.546875,1.5,0,0x0C,0,0,0,1,1,0,1,0,0,0,,,,,,,,,,,,,,,,,,,,,,
316,5,CROSS_DOWN,10.566666666666666,391026,11933.16650390625,1278,39.00146484375,25.640062597809077,19,0.579833984375,1259,38.421630859375,0,0.0,0x12BF43D3,0,2465,384,0.0,9.62890625,1.5,0,0x06,1,1,0,1,0,0,1,0,0,0,38.360595703125,0.0,6.561279296875,0.0,0.0,0.0,15.93017578125,2.197265625,0.0,13.0615234375,0.6103515625,0,0,0,0,0,0,0,0,0,0,0
317,5,CROSS_DOWN,10.6,392238,11970.15380859375,1212,36.9873046875,27.036303630363037,19,0.579833984375,1193,36.407470703125,0,0.0,0xF8731ED6,0,2486,384,0.0,9.7109375,1.5,0,0x04,0,0,0,1,0,0,1,0,0,0,,,,,,,,,,,,,,,,,,,,,,
318,5,CROSS_DOWN,10.633333333333333,393928,12021.728515625,1690,51.57470703125,19.389349112426036,892,27.2216796875,797,24.322509765625,1,0.030517578125,0x55DB212F,3072,1282,1189,12.0,5.0078125,4.64453125,1,0x05,0,0,1,1,0,0,1,0,0,0,,,,,,,,,,,,,,,,,,,,,,
319,5,CROSS_DOWN,10.666666666666666,394746,12046.69189453125,818,24.96337890625,40.05867970660147,20,0.6103515625,797,24.322509765625,1,0.030517578125,0x2C3FE3A2,3071,1261,1165,11.99609375,4.92578125,4.55078125,1,0x0C,0,0,0,1,1,0,1,0,0,0,,,,,,,,,,,,,,,,,,,,,,
320,6,RETURN_UP,10.7,395553,12071.319580078125,807,24.627685546875,40.60470879801735,18,0.54931640625,789,24.078369140625,0,0.0,0xE58885F5,3071,1261,1165,11.99609375,4.92578125,4.55078125,1,0x14,0,0,0,1,0,1,0,0,0,1,,,,,,,,,,,,,,,,,,,,,,
321,6,RETURN_UP,10.733333333333333,396362,12096.00830078125,809,24.688720703125,40.504326328800985,18,0.54931640625,790,24.10888671875,1,0.030517578125,0x64268D6D,3071,1261,1165,11.99609375,4.92578125,4.55078125,1,0x10,0,0,0,0,0,1,0,0,0,0,,,,,,,,,,,,,,,,,,,,,,
322,6,RETURN_UP,10.766666666666667,397169,12120.635986328125,807,24.627685546875,40.60470879801735,18,0.54931640625,789,24.078369140625,0,0.0,0x1F13C0A3,3071,1262,1186,11.99609375,4.9296875,4.6328125,1,0x14,0,0,0,1,0,1,-1,0,0,0,,,,,,,,,,,,,,,,,,,,,,
323,6,RETURN_UP,10.8,398072,12148.193359375,903,27.557373046875,36.287929125138426,18,0.54931640625,884,26.9775390625,1,0.030517578125,0x456DF621,3071,1263,1207,11.99609375,4.93359375,4.71484375,1,0x14,0,0,0,1,0,1,-1,0,0,0,,,,,,,,,,,,,,,,,,,,,,
324,6,RETURN_UP,10.833333333333334,400511,12222.625732421875,2439,74.432373046875,13.4350143501435,905,27.618408203125,1534,46.81396484375,0,0.0,0xE3304181,1,2468,400,0.00390625,9.640625,1.5625,0,0x15,0,0,1,1,0,1,-1,0,0,0,,,,,,,,,,,,,,,,,,,,,,
325,6,RETURN_UP,10.866666666666667,402049,12269.561767578125,1538,46.93603515625,21.30559167750325,18,0.54931640625,1519,46.356201171875,1,0.030517578125,0xF5333920,0,2447,399,0.0,9.55859375,1.55859375,0,0x14,0,0,0,1,0,1,-1,0,0,0,,,,,,,,,,,,,,,,,,,,,,
326,6,RETURN_UP,10.9,403548,12315.3076171875,1499,45.745849609375,21.859906604402934,17,0.518798828125,1482,45.22705078125,0,0.0,0x5C77CA77,-1,2426,398,-0.00390625,9.4765625,1.5546875,0,0x14,0,0,0,1,0,1,-1,0,0,0,,,,,,,,,,,,,,,,,,,,,,
327,6,RETURN_UP,10.933333333333334,405161,12364.532470703125,1613,49.224853515625,20.314941103533787,18,0.54931640625,1595,48.675537109375,0,0.0,0x2B5C216C,-2,2405,397,-0.0078125,9.39453125,1.55078125,0,0x14,0,0,0,1,0,1,-1,0,0,0,,,,,,,,,,,,,,,,,,,,,,
328,6,RETURN_UP,10.966666666666667,406774,12413.75732421875,1613,49.224853515625,20.314941103533787,18,0.54931640625,1595,48.675537109375,0,0.0,0xF6398C29,-3,2384,396,-0.01171875,9.3125,1.546875,0,0x14,0,0,0,1,0,1,-1,0,0,0,,,,,,,,,,,,,,,,,,,,,,
329,6,RETURN_UP,11.0,408390,12463.07373046875,1616,49.31640625,20.277227722772277,18,0.54931640625,1598,48.76708984375,0,0.0,0xA4A3A3D6,-4,2363,395,-0.015625,9.23046875,1.54296875,0,0x1E,1,1,0,1,1,1,-1,0,0,0,48.7060546875,0.030517578125,0.091552734375,12.20703125,3.41796875,2.044677734375,14.617919921875,2.227783203125,0.0,13.0615234375,1.007080078125,0,0,0,0,0,0,0,0,0,0,0
330,7,LOD_RETREAT,11.033333333333333,410013,12512.603759765625,1623,49.530029296875,20.18977202711029,18,0.54931640625,1605,48.980712890625,0,0.0,0xF56371FB,-5,2342,394,-0.01953125,9.1484375,1.5390625,0,0x14,0,0,0,1,0,1,-1,0,0,0,,,,,,,,,,,,,,,,,,,,,,
331,7,LOD_RETREAT,11.066666666666666,411664,12562.98828125,1651,50.384521484375,19.847365233192004,18,0.54931640625,1633,49.835205078125,0,0.0,0x7882CB50,-6,2321,393,-0.0234375,9.06640625,1.53515625,0,0x14,0,0,0,1,0,1,-1,0,0,0,,,,,,,,,,,,,,,,,,,,,,
332,7,LOD_RETREAT,11.1,413323,12613.616943359375,1659,50.628662109375,19.751657625075346,18,0.54931640625,1640,50.048828125,1,0.030517578125,0x1ABD154C,-7,2300,392,-0.02734375,8.984375,1.53125,0,0x14,0,0,0,1,0,1,-1,0,0,0,,,,,,,,,,,,,,,,,,,,,,
333,7,LOD_RETREAT,11.133333333333333,414982,12664.24560546875,1659,50.628662109375,19.751657625075346,18,0.54931640625,1640,50.048828125,1,0.030517578125,0x4DB8A0AB,-8,2279,391,-0.03125,8.90234375,1.52734375,0,0x14,0,0,0,1,0,1,-1,0,0,0,,,,,,,,,,,,,,,,,,,,,,
334,7,LOD_RETREAT,11.166666666666666,416640,12714.84375,1658,50.59814453125,19.76357056694813,18,0.54931640625,1640,50.048828125,0,0.0,0x1BD7CB8E,-9,2258,390,-0.03515625,8.8203125,1.5234375,0,0x14,0,0,0,1,0,1,-1,0,0,0,,,,,,,,,,,,,,,,,,,,,,
335,7,LOD_RETREAT,11.2,418301,12765.533447265625,1661,50.689697265625,19.72787477423239,18,0.54931640625,1642,50.10986328125,1,0.030517578125,0x4C778345,-10,2237,389,-0.0390625,8.73828125,1.51953125,0,0x14,0,0,0,1,0,1,-1,0,0,0,,,,,,,,,,,,,,,,,,,,,,
336,7,LOD_RETREAT,11.233333333333333,419969,12816.436767578125,1668,50.9033203125,19.645083932853716,18,0.54931640625,1650,50.35400390625,0,0.0,0x06EDCEF0,-11,2216,388,-0.04296875,8.65625,1.515625,0,0x14,0,0,0,1,0,1,-1,0,0,0,,,,,,,,,,,,,,,,,,,,,,
337,7,LOD_RETREAT,11.266666666666667,421637,12867.340087890625,1668,50.9033203125,19.645083932853716,18,0.54931640625,1649,50.323486328125,1,0.030517578125,0xC108F23F,-12,2195,387,-0.046875,8.57421875,1.51171875,0,0x14,0,0,0,1,0,1,-1,0,0,0,,,,,,,,,,,,,,,,,,,,,,
338,7,LOD_RETREAT,11.3,423310,12918.39599609375,1673,51.055908203125,19.586371787208606,18,0.54931640625,1655,50.506591796875,0,0.0,0xEB460C72,-13,2174,386,-0.05078125,8.4921875,1.5078125,0,0x16,1,1,0,1,0,1,-1,0,0,0,50.445556640625,0.030517578125,0.1220703125,12.26806640625,3.41796875,2.0751953125,16.265869140625,2.227783203125,0.0,13.0615234375,0.9765625,0,0,0,0,0,0,0,0,0,0,0
339,7,LOD_RETREAT,11.333333333333334,424980,12969.3603515625,1670,50.96435546875,19.621556886227545,18,0.54931640625,1652,50.4150390625,0,0.0,0xC75B1FA9,-14,2153,385,-0.0546875,8.41015625,1.50390625,0,0x14,0,0,0,1,0,1,-1,0,0,0,,,,,,,,,,,,,,,,,,,,,,
340,7,LOD_RETREAT,11.366666666666667,426617,13019.317626953125,1637,49.957275390625,20.01710445937691,18,0.54931640625,1618,49.37744140625,1,0.030517578125,0x551F57A4,-15,2132,384,-0.05859375,8.328125,1.5,0,0x14,0,0,0,1,0,1,-1,0,0,0,,,,,,,,,,,,,,,,,,,,,,
341,7,LOD_RETREAT,11.4,428218,13068.17626953125,1601,48.858642578125,20.467207995003122,17,0.518798828125,1584,48.33984375,0,0.0,0xA2C57EE3,-16,2111,383,-0.0625,8.24609375,1.49609375,0,0x14,0,0,0,1,0,1,-1,0,0,0,,,,,,,,,,,,,,,,,,,,,,
342,7,LOD_RETREAT,11.433333333333334,429805,13116.607666015625,1587,48.431396484375,20.647763074984248,18,0.54931640625,1569,47.882080078125,0,0.0,0x5D84EBA6,-17,2090,382,-0.06640625,8.1640625,1.4921875,0,0x14,0,0,0,1,0,1,-1,0,0,0,,,,,,,,,,,,,,,,,,,,,,
343,7,LOD_RETREAT,11.466666666666667,431394,13165.10009765625,1589,48.492431640625,20.621774701069857,18,0.54931640625,1571,47.943115234375,0,0.0,0xA77A597D,-18,2069,381,-0.0703125,8.08203125,1.48828125,0,0x14,0,0,0,1,0,1,-1,0,0,0,,,,,,,,,,,,,,,,,,,,,,
344,7,LOD_RETREAT,11.5,432987,13213.714599609375,1593,48.614501953125,20.569993722536097,18,0.54931640625,1574,48.03466796875,1,0.030517578125,0x55E94EE8,-19,2048,380,-0.07421875,8.0,1.484375,0,0x14,0,0,0,1,0,1,-1,0,0,0,,,,,,,,,,,,,,,,,,,,,,
345,7,LOD_RETREAT,11.533333333333333,434575,13262.176513671875,1588,48.4619140625,20.634760705289672,18,0.54931640625,1570,47.91259765625,0,0.0,0xAB3EB63C,-20,2027,379,-0.078125,7.91796875,1.48046875,0,0x14,0,0,0,1,0,1,-1,0,0,0,,,,,,,,,,,,,,,,,,,,,,
346,7,LOD_RETREAT,11.566666666666666,436163,13310.638427734375,1588,48.4619140625,20.634760705289672,18,0.54931640625,1569,47.882080078125,1,0.030517578125,0x78FA7859,-21,2006,378,-0.08203125,7.8359375,1.4765625,0,0x14,0,0,0,1,0,1,-1,0,0,0,,,,,,,,,,,,,,,,,,,,,,
347,7,LOD_RETREAT,11.6,437737,13358.673095703125,1574,48.03466796875,20.818297331639137,17,0.518798828125,1557,47.515869140625,0,0.0,0xE7DBE762,-22,1985,377,-0.0859375,7.75390625,1.47265625,0,0x14,0,0,0,1,0,1,-1,0,0,0,,,,,,,,,,,,,,,,,,,,,,
348,7,LOD_RETREAT,11.633333333333333,439311,13406.707763671875,1574,48.03466796875,20.818297331639137,18,0.54931640625,1556,47.4853515625,0,0.0,0x385BD137,-23,1964,376,-0.08984375,7.671875,1.46875,0,0x14,0,0,0,1,0,1,-1,0,0,0,,,,,,,,,,,,,,,,,,,,,,
349,7,LOD_RETREAT,11.666666666666666,440870,13454.28466796875,1559,47.576904296875,21.018601667735727,18,0.54931640625,1541,47.027587890625,0,0.0,0x357E8788,-24,1943,375,-0.09375,7.58984375,1.46484375,0,0x14,0,0,0,1,0,1,-1,0,0,0,,,,,,,,,,,,,,,,,,,,,,
350,7,LOD_RETREAT,11.7,442429,13501.861572265625,1559,47.576904296875,21.018601667735727,18,0.54931640625,1541,47.027587890625,0,0.0,0xDF9E50B5,-25,1922,374,-0.09765625,7.5078125,1.4609375,0,0x14,0,0,0,1,0,1,-1,0,0,0,,,,,,,,,,,,,,,,,,,,,,
351,7,LOD_RETREAT,11.733333333333333,443970,13548.88916015625,1541,47.027587890625,21.26411421155094,18,0.54931640625,1523,46.478271484375,0,0.0,0xE76B625E,-26,1901,373,-0.1015625,7.42578125,1.45703125,0,0x14,0,0,0,1,0,1,-1,0,0,0,,,,,,,,,,,,,,,,,,,,,,
352,7,LOD_RETREAT,11.766666666666667,445511,13595.916748046875,1541,47.027587890625,21.26411421155094,18,0.54931640625,1522,46.44775390625,1,0.030517578125,0x95527963,-27,1880,372,-0.10546875,7.34375,1.453125,0,0x14,0,0,0,1,0,1,-1,0,0,0,,,,,,,,,,,,,,,,,,,,,,
353,7,LOD_RETREAT,11.8,447046,13642.76123046875,1535,46.844482421875,21.347231270358307,18,0.54931640625,1517,46.295166015625,0,0.0,0x8E13BCD4,-28,1859,371,-0.109375,7.26171875,1.44921875,0,0x14,0,0,0,1,0,1,-1,0,0,0,,,,,,,,,,,,,,,,,,,,,,
354,7,LOD_RETREAT,11.833333333333334,448587,13689.788818359375,1541,47.027587890625,21.26411421155094,18,0.54931640625,1522,46.44775390625,1,0.030517578125,0xD14DDB71,-29,1838,370,-0.11328125,7.1796875,1.4453125,0,0x14,0,0,0,1,0,1,-1,0,0,0,,,,,,,,,,,,,,,,,,,,,,
355,7,LOD_RETREAT,11.866666666666667,450151,13737.518310546875,1564,47.7294921875,20.95140664961637,18,0.54931640625,1545,47.149658203125,1,0.030517578125,0x68E66BFA,-30,1817,369,-0.1171875,7.09765625,1.44140625,0,0x14,0,0,0,1,0,1,-1,0,0,0,,,,,,,,,,,,,,,,,,,,,,
356,7,LOD_RETREAT,11.9,451613,13782.135009765625,1462,44.61669921875,22.41313269493844,18,0.54931640625,1443,44.036865234375,1,0.030517578125,0xA61B072F,-31,1796,368,-0.12109375,7.015625,1.4375,0,0x14,0,0,0,1,0,1,-1,0,0,0,,,,,,,,,,,,,,,,,,,,,,
357,7,LOD_RETREAT,11.933333333333334,453073,13826.690673828125,1460,44.5556640625,22.443835616438356,18,0.54931640625,1441,43.975830078125,1,0.030517578125,0x55966161,-32,1775,367,-0.125,6.93359375,1.43359375,0,0x14,0,0,0,1,0,1,-1,0,0,0,,,,,,,,,,,,,,,,,,,,,,
358,7,LOD_RETREAT,11.966666666666667,454534,13871.27685546875,1461,44.586181640625,22.428473648186174,18,0.54931640625,1442,44.00634765625,1,0.030517578125,0x2A16FA7C,-33,1754,366,-0.12890625,6.8515625,1.4296875,0,0x14,0,0,0,1,0,1,-1,0,0,0,,,,,,,,,,,,,,,,,,,,,,
359,7,LOD_RETREAT,12.0,456044,13917.3583984375,1510,46.08154296875,21.70066225165563,17,0.518798828125,1492,45.5322265625,1,0.030517578125,0x7AF63907,-34,1733,365,-0.1328125,6.76953125,1.42578125,0,0x14,0,0,0,1,0,1,-1,0,0,0,,,,,,,,,,,,,,,,,,,,,,
360,7,LOD_RETREAT,12.033333333333333,457552,13963.37890625,1508,46.0205078125,21.72944297082228,18,0.54931640625,1490,45.47119140625,0,0.0,0xD97A20BA,-35,1712,364,-0.13671875,6.6875,1.421875,0,0x14,0,0,0,1,0,1,-1,0,0,0,,,,,,,,,,,,,,,,,,,,,,
361,7,LOD_RETREAT,12.066666666666666,459059,14009.368896484375,1507,45.989990234375,21.74386197743862,18,0.54931640625,1488,45.41015625,1,0.030517578125,0x08A0658D,-36,1691,363,-0.140625,6.60546875,1.41796875,0,0x14,0,0,0,1,0,1,-1,0,0,0,,,,,,,,,,,,,,,,,,,,,,
362,7,LOD_RETREAT,12.1,460544,14054.6875,1485,45.318603515625,22.065993265993267,18,0.54931640625,1466,44.73876953125,1,0.030517578125,0x3B2ED158,-37,1670,362,-0.14453125,6.5234375,1.4140625,0,0x14,0,0,0,1,0,1,-1,0,0,0,,,,,,,,,,,,,,,,,,,,,,
363,7,LOD_RETREAT,12.133333333333333,462028,14099.9755859375,1484,45.2880859375,22.080862533692724,18,0.54931640625,1465,44.708251953125,1,0.030517578125,0x6FE1A9A3,-38,1649,361,-0.1484375,6.44140625,1.41015625,0,0x14,0,0,0,1,0,1,-1,0,0,0,,,,,,,,,,,,,,,,,,,,,,
364,7,LOD_RETREAT,12.166666666666666,463502,14144.95849609375,1474,44.98291015625,22.230664857530527,18,0.54931640625,1456,44.43359375,0,0.0,0xF40E85E6,-39,1628,360,-0.15234375,6.359375,1.40625,0,0x14,0,0,0,1,0,1,-1,0,0,0,,,,,,,,,,,,,,,,,,,,,,
365,7,LOD_RETREAT,12.2,464896,14187.5,1394,42.54150390625,23.506456241033,18,0.54931640625,1376,41.9921875,0,0.0,0x72D9B089,-40,1607,359,-0.15625,6.27734375,1.40234375,0,0x14,0,0,0,1,0,1,-1,0,0,0,,,,,,,,,,,,,,,,,,,,,,
366,7,LOD_RETREAT,12.233333333333333,466288,14229.98046875,1392,42.48046875,23.54022988505747,18,0.54931640625,1374,41.93115234375,0,0.0,0x49A65404,-41,1586,358,-0.16015625,6.1953125,1.3984375,0,0x14,0,0,0,1,0,1,-1,0,0,0,,,,,,,,,,,,,,,,,,,,,,
367,7,LOD_RETREAT,12.266666666666667,467665,14272.003173828125,1377,42.022705078125,23.79665940450254,18,0.54931640625,1359,41.473388671875,0,0.0,0x0BBFB66F,-42,1565,357,-0.1640625,6.11328125,1.39453125,0,0x14,0,0,0,1,0,1,-1,0,0,0,,,,,,,,,,,,,,,,,,,,,,
368,7,LOD_RETREAT,12.3,469042,14314.02587890625,1377,42.022705078125,23.79665940450254,18,0.54931640625,1358,41.44287109375,1,0.030517578125,0x891258C2,-43,1544,356,-0.16796875,6.03125,1.390625,0,0x14,0,0,0,1,0,1,-1,0,0,0,,,,,,,,,,,,,,,,,,,,,,
369,7,LOD_RETREAT,12.333333333333334,470429,14356.353759765625,1387,42.327880859375,23.62509012256669,18,0.54931640625,1369,41.778564453125,0,0.0,0xF99191D2,-44,1523,355,-0.171875,5.94921875,1.38671875,0,0x14,0,0,0,1,0,1,-1,0,0,0,,,,,,,,,,,,,,,,,,,,,,
370,7,LOD_RETREAT,12.366666666666667,471818,14398.74267578125,1389,42.388916015625,23.591072714182864,18,0.54931640625,1371,41.839599609375,0,0.0,0xE444F69F,-45,1502,354,-0.17578125,5.8671875,1.3828125,0,0x14,0,0,0,1,0,1,-1,0,0,0,,,,,,,,,,,,,,,,,,,,,,
371,7,LOD_RETREAT,12.4,473206,14441.10107421875,1388,42.3583984375,23.608069164265128,18,0.54931640625,1370,41.80908203125,0,0.0,0x40905A1C,-46,1481,353,-0.1796875,5.78515625,1.37890625,0,0x14,0,0,0,1,0,1,-1,0,0,0,,,,,,,,,,,,,,,,,,,,,,
372,7,LOD_RETREAT,12.433333333333334,474579,14483.001708984375,1373,41.900634765625,23.86598689002185,18,0.54931640625,1354,41.32080078125,1,0.030517578125,0x53054201,-47,1460,352,-0.18359375,5.703125,1.375,0,0x14,0,0,0,1,0,1,-1,0,0,0,,,,,,,,,,,,,,,,,,,,,,
373,7,LOD_RETREAT,12.466666666666667,475950,14524.84130859375,1371,41.839599609375,23.90080233406273,18,0.54931640625,1352,41.259765625,1,0.030517578125,0x7A204B3E,-48,1439,351,-0.1875,5.62109375,1.37109375,0,0x14,0,0,0,1,0,1,-1,0,0,0,,,,,,,,,,,,,,,,,,,,,,
374,7,LOD_RETREAT,12.5,477304,14566.162109375,1354,41.32080078125,24.20088626292467,18,0.54931640625,1336,40.771484375,0,0.0,0x5CF2055B,-49,1418,350,-0.19140625,5.5390625,1.3671875,0,0x14,0,0,0,1,0,1,-1,0,0,0,,,,,,,,,,,,,,,,,,,,,,
375,7,LOD_RETREAT,12.533333333333333,478662,14607.60498046875,1358,41.44287109375,24.12960235640648,18,0.54931640625,1340,40.8935546875,0,0.0,0x596A5818,-50,1397,349,-0.1953125,5.45703125,1.36328125,0,0x14,0,0,0,1,0,1,-1,0,0,0,,,,,,,,,,,,,,,,,,,,,,
376,7,LOD_RETREAT,12.566666666666666,480015,14648.895263671875,1353,41.290283203125,24.218773096821877,18,0.54931640625,1335,40.740966796875,0,0.0,0xFF08E4ED,-51,1376,348,-0.19921875,5.375,1.359375,0,0x14,0,0,0,1,0,1,-1,0,0,0,,,,,,,,,,,,,,,,,,,,,,
377,7,LOD_RETREAT,12.6,481364,14690.0634765625,1349,41.168212890625,24.29058561897702,18,0.54931640625,1331,40.618896484375,0,0.0,0xA8F2C94A,-52,1355,347,-0.203125,5.29296875,1.35546875,0,0x1C,0,0,0,1,1,1,-1,0,0,0,,,,,,,,,,,,,,,,,,,,,,
378,8,LOD_APPROACH,12.633333333333333,482718,14731.38427734375,1354,41.32080078125,24.20088626292467,17,0.518798828125,1336,40.771484375,1,0.030517578125,0x4D002ED7,-51,1376,348,-0.19921875,5.375,1.359375,0,0x14,0,0,0,1,0,1,1,0,0,0,,,,,,,,,,,,,,,,,,,,,,
379,8,LOD_APPROACH,12.666666666666666,484077,14772.857666015625,1359,41.473388671875,24.111846946284032,18,0.54931640625,1341,40.924072265625,0,0.0,0x09B88652,-50,1397,349,-0.1953125,5.45703125,1.36328125,0,0x14,0,0,0,1,0,1,1,0,0,0,,,,,,,,,,,,,,,,,,,,,,
380,8,LOD_APPROACH,12.7,485431,14814.178466796875,1354,41.32080078125,24.20088626292467,18,0.54931640625,1336,40.771484375,0,0.0,0xCDD83805,-49,1418,350,-0.19140625,5.5390625,1.3671875,0,0x14,0,0,0,1,0,1,1,0,0,0,,,,,,,,,,,,,,,,,,,,,,
381,8,LOD_APPROACH,12.733333333333333,486801,14855.987548828125,1370,41.80908203125,23.91824817518248,17,0.518798828125,1352,41.259765625,1,0.030517578125,0x6D2BFD58,-48,1439,351,-0.1875,5.62109375,1.37109375,0,0x14,0,0,0,1,0,1,1,0,0,0,,,,,,,,,,,,,,,,,,,,,,
382,8,LOD_APPROACH,12.766666666666667,488174,14897.88818359375,1373,41.900634765625,23.86598689002185,18,0.54931640625,1354,41.32080078125,1,0.030517578125,0x6961D88B,-47,1460,352,-0.18359375,5.703125,1.375,0,0x14,0,0,0,1,0,1,1,0,0,0,,,,,,,,,,,,,,,,,,,,,,
383,8,LOD_APPROACH,12.8,489562,14940.24658203125,1388,42.3583984375,23.608069164265128,17,0.518798828125,1370,41.80908203125,1,0.030517578125,0x28A5ED36,-46,1481,353,-0.1796875,5.78515625,1.37890625,0,0x14,0,0,0,1,0,1,1,0,0,0,,,,,,,,,,,,,,,,,,,,,,
384,8,LOD_APPROACH,12.833333333333334,490951,14982.635498046875,1389,42.388916015625,23.591072714182864,18,0.54931640625,1371,41.839599609375,0,0.0,0xE48DD0E9,-45,1502,354,-0.17578125,5.8671875,1.3828125,0,0x14,0,0,0,1,0,1,1,0,0,0,,,,,,,,,,,,,,,,,,,,,,
385,8,LOD_APPROACH,12.866666666666667,492339,15024.993896484375,1388,42.3583984375,23.608069164265128,18,0.54931640625,1370,41.80908203125,0,0.0,0xC38C156C,-44,1523,355,-0.171875,5.94921875,1.38671875,0,0x14,0,0,0,1,0,1,1,0,0,0,,,,,,,,,,,,,,,,,,,,,,
386,8,LOD_APPROACH,12.9,493716,15067.0166015625,1377,42.022705078125,23.79665940450254,18,0.54931640625,1359,41.473388671875,0,0.0,0x8254B51C,-43,1544,356,-0.16796875,6.03125,1.390625,0,0x14,0,0,0,1,0,1,1,0,0,0,,,,,,,,,,,,,,,,,,,,,,
387,8,LOD_APPROACH,12.933333333333334,495093,15109.039306640625,1377,42.022705078125,23.79665940450254,18,0.54931640625,1359,41.473388671875,0,0.0,0xF9894479,-42,1565,357,-0.1640625,6.11328125,1.39453125,0,0x14,0,0,0,1,0,1,1,0,0,0,,,,,,,,,,,,,,,,,,,,,,
388,8,LOD_APPROACH,12.966666666666667,496485,15151.519775390625,1392,42.48046875,23.54022988505747,17,0.518798828125,1375,41.961669921875,0,0.0,0x404CAEBE,-41,1586,358,-0.16015625,6.1953125,1.3984375,0,0x14,0,0,0,1,0,1,1,0,0,0,,,,,,,,,,,,,,,,,,,,,,
389,8,LOD_APPROACH,13.0,497880,15194.091796875,1395,42.572021484375,23.489605734767025,18,0.54931640625,1376,41.9921875,1,0.030517578125,0x4A50E553,-40,1607,359,-0.15625,6.27734375,1.40234375,0,0x14,0,0,0,1,0,1,1,0,0,0,,,,,,,,,,,,,,,,,,,,,,
390,8,LOD_APPROACH,13.033333333333333,499355,15239.105224609375,1475,45.013427734375,22.215593220338985,18,0.54931640625,1456,44.43359375,1,0.030517578125,0x7ED10880,-39,1628,360,-0.15234375,6.359375,1.40625,0,0x14,0,0,0,1,0,1,1,0,0,0,,,,,,,,,,,,,,,,,,,,,,
391,8,LOD_APPROACH,13.066666666666666,500837,15284.332275390625,1482,45.22705078125,22.110661268556004,18,0.54931640625,1464,44.677734375,0,0.0,0xC510522D,-38,1649,361,-0.1484375,6.44140625,1.41015625,0,0x14,0,0,0,1,0,1,1,0,0,0,,,,,,,,,,,,,,,,,,,,,,
392,8,LOD_APPROACH,13.1,502321,15329.620361328125,1484,45.2880859375,22.080862533692724,17,0.518798828125,1466,44.73876953125,1,0.030517578125,0x2D35DF92,-37,1670,362,-0.14453125,6.5234375,1.4140625,0,0x14,0,0,0,1,0,1,1,0,0,0,,,,,,,,,,,,,,,,,,,,,,
393,8,LOD_APPROACH,13.133333333333333,503828,15375.6103515625,1507,45.989990234375,21.74386197743862,18,0.54931640625,1488,45.41015625,1,0.030517578125,0xEDF495F7,-36,1691,363,-0.140625,6.60546875,1.41796875,0,0x14,0,0,0,1,0,1,1,0,0,0,,,,,,,,,,,,,,,,,,,,,,
394,8,LOD_APPROACH,13.166666666666666,505336,15421.630859375,1508,46.0205078125,21.72944297082228,18,0.54931640625,1489,45.440673828125,1,0.030517578125,0xA1277674,-35,1712,364,-0.13671875,6.6875,1.421875,0,0x14,0,0,0,1,0,1,1,0,0,0,,,,,,,,,,,,,,,,,,,,,,
395,8,LOD_APPROACH,13.2,506846,15467.71240234375,1510,46.08154296875,21.70066225165563,18,0.54931640625,1492,45.5322265625,0,0.0,0x15EEA471,-34,1733,365,-0.1328125,6.76953125,1.42578125,0,0x14,0,0,0,1,0,1,1,0,0,0,,,,,,,,,,,,,,,,,,,,,,
396,8,LOD_APPROACH,13.233333333333333,508424,15515.869140625,1578,48.15673828125,20.76552598225602,18,0.54931640625,1560,47.607421875,0,0.0,0xB4086516,-33,1754,366,-0.12890625,6.8515625,1.4296875,0,0x14,0,0,0,1,0,1,1,0,0,0,,,,,,,,,,,,,,,,,,,,,,
397,8,LOD_APPROACH,13.266666666666667,509922,15561.58447265625,1498,45.71533203125,21.874499332443257,18,0.54931640625,1480,45.166015625,0,0.0,0xD3CEDB6B,-32,1775,367,-0.125,6.93359375,1.43359375,0,0x14,0,0,0,1,0,1,1,0,0,0,,,,,,,,,,,,,,,,,,,,,,
398,8,LOD_APPROACH,13.3,511423,15607.391357421875,1501,45.806884765625,21.830779480346436,18,0.54931640625,1482,45.22705078125,1,0.030517578125,0x37907739,-31,1796,368,-0.12109375,7.015625,1.4375,0,0x14,0,0,0,1,0,1,1,0,0,0,,,,,,,,,,,,,,,,,,,,,,
399,8,LOD_APPROACH,13.333333333333334,513022,15656.18896484375,1599,48.797607421875,20.492808005003127,17,0.518798828125,1581,48.248291015625,1,0.030517578125,0x354D8EB4,-30,1817,369,-0.1171875,7.09765625,1.44140625,0,0x14,0,0,0,1,0,1,1,0,0,0,,,,,,,,,,,,,,,,,,,,,,
400,8,LOD_APPROACH,13.366666666666667,514623,15705.047607421875,1601,48.858642578125,20.467207995003122,17,0.518798828125,1583,48.309326171875,1,0.030517578125,0xB989B73B,-29,1838,370,-0.11328125,7.1796875,1.4453125,0,0x14,0,0,0,1,0,1,1,0,0,0,,,,,,,,,,,,,,,,,,,,,,
401,8,LOD_APPROACH,13.4,516219,15753.753662109375,1596,48.7060546875,20.531328320802004,17,0.518798828125,1578,48.15673828125,1,0.030517578125,0xA649088E,-28,1859,371,-0.109375,7.26171875,1.44921875,0,0x14,0,0,0,1,0,1,1,0,0,0,,,,,,,,,,,,,,,,,,,,,,
402,8,LOD_APPROACH,13.433333333333334,517807,15802.215576171875,1588,48.4619140625,20.634760705289672,17,0.518798828125,1570,47.91259765625,1,0.030517578125,0x81CF51ED,-27,1880,372,-0.10546875,7.34375,1.453125,0,0x14,0,0,0,1,0,1,1,0,0,0,,,,,,,,,,,,,,,,,,,,,,
403,8,LOD_APPROACH,13.466666666666667,519347,15849.212646484375,1540,46.9970703125,21.277922077922078,18,0.54931640625,1522,46.44775390625,0,0.0,0x141BC178,-26,1901,373,-0.1015625,7.42578125,1.45703125,0,0x14,0,0,0,1,0,1,1,0,0,0,,,,,,,,,,,,,,,,,,,,,,
404,8,LOD_APPROACH,13.5,520905,15896.759033203125,1558,47.54638671875,21.03209242618742,17,0.518798828125,1541,47.027587890625,0,0.0,0xBB50435F,-25,1922,374,-0.09765625,7.5078125,1.4609375,0,0x14,0,0,0,1,0,1,1,0,0,0,,,,,,,,,,,,,,,,,,,,,,
405,8,LOD_APPROACH,13.533333333333333,522465,15944.366455078125,1560,47.607421875,21.005128205128205,17,0.518798828125,1542,47.05810546875,1,0.030517578125,0x03554D82,-24,1943,375,-0.09375,7.58984375,1.46484375,0,0x14,0,0,0,1,0,1,1,0,0,0,,,,,,,,,,,,,,,,,,,,,,
406,8,LOD_APPROACH,13.566666666666666,524038,15992.37060546875,1573,48.004150390625,20.831532104259377,18,0.54931640625,1555,47.454833984375,0,0.0,0x3EEA4DA1,-23,1964,376,-0.08984375,7.671875,1.46875,0,0x14,0,0,0,1,0,1,1,0,0,0,,,,,,,,,,,,,,,,,,,,,,
407,8,LOD_APPROACH,13.6,525612,16040.4052734375,1574,48.03466796875,20.818297331639137,17,0.518798828125,1557,47.515869140625,0,0.0,0x3C71A03C,-22,1985,377,-0.0859375,7.75390625,1.47265625,0,0x14,0,0,0,1,0,1,1,0,0,0,,,,,,,,,,,,,,,,,,,,,,
408,8,LOD_APPROACH,13.633333333333333,527199,16088.836669921875,1587,48.431396484375,20.647763074984248,18,0.54931640625,1569,47.882080078125,0,0.0,0xDC36DBE3,-21,2006,378,-0.08203125,7.8359375,1.4765625,0,0x14,0,0,0,1,0,1,1,0,0,0,,,,,,,,,,,,,,,,,,,,,,
409,8,LOD_APPROACH,13.666666666666666,528787,16137.298583984375,1588,48.4619140625,20.634760705289672,18,0.54931640625,1569,47.882080078125,1,0.030517578125,0xAEE872D6,-20,2027,379,-0.078125,7.91796875,1.48046875,0,0x14,0,0,0,1,0,1,1,0,0,0,,,,,,,,,,,,,,,,,,,,,,
410,8,LOD_APPROACH,13.7,530380,16185.9130859375,1593,48.614501953125,20.569993722536097,18,0.54931640625,1574,48.03466796875,1,0.030517578125,0xF16AEBE2,-19,2048,380,-0.07421875,8.0,1.484375,0,0x14,0,0,0,1,0,1,1,0,0,0,,,,,,,,,,,,,,,,,,,,,,
411,8,LOD_APPROACH,13.733333333333333,531969,16234.405517578125,1589,48.492431640625,20.621774701069857,18,0.54931640625,1571,47.943115234375,0,0.0,0xD823C5E7,-18,2069,381,-0.0703125,8.08203125,1.48828125,0,0x14,0,0,0,1,0,1,1,0,0,0,,,,,,,,,,,,,,,,,,,,,,
412,8,LOD_APPROACH,13.766666666666667,533556,16282.8369140625,1587,48.431396484375,20.647763074984248,18,0.54931640625,1569,47.882080078125,0,0.0,0x15BBCA40,-17,2090,382,-0.06640625,8.1640625,1.4921875,0,0x14,0,0,0,1,0,1,1,0,0,0,,,,,,,,,,,,,,,,,,,,,,
413,8,LOD_APPROACH,13.8,535157,16331.695556640625,1601,48.858642578125,20.467207995003122,17,0.518798828125,1584,48.33984375,0,0.0,0x73E6CF6D,-16,2111,383,-0.0625,8.24609375,1.49609375,0,0x14,0,0,0,1,0,1,1,0,0,0,,,,,,,,,,,,,,,,,,,,,,
414,8,LOD_APPROACH,13.833333333333334,536792,16381.591796875,1635,49.896240234375,20.041590214067277,17,0.518798828125,1618,49.37744140625,0,0.0,0x77C63D5E,-15,2132,384,-0.05859375,8.328125,1.5,0,0x14,0,0,0,1,0,1,1,0,0,0,,,,,,,,,,,,,,,,,,,,,,
415,8,LOD_APPROACH,13.866666666666667,538462,16432.55615234375,1670,50.96435546875,19.621556886227545,18,0.54931640625,1652,50.4150390625,0,0.0,0x0B82ACF3,-14,2153,385,-0.0546875,8.41015625,1.50390625,0,0x14,0,0,0,1,0,1,1,0,0,0,,,,,,,,,,,,,,,,,,,,,,
416,8,LOD_APPROACH,13.9,540134,16483.58154296875,1672,51.025390625,19.598086124401913,17,0.518798828125,1655,50.506591796875,0,0.0,0xAF688A0C,-13,2174,386,-0.05078125,8.4921875,1.5078125,0,0x16,1,1,0,1,0,1,1,0,0,0,50.445556640625,0.0,0.1220703125,12.26806640625,3.448486328125,2.044677734375,16.265869140625,2.227783203125,0.0,13.0615234375,1.007080078125,0,0,0,0,0,0,0,0,0,0,0
417,8,LOD_APPROACH,13.933333333333334,541801,16534.454345703125,1667,50.872802734375,19.656868626274743,17,0.518798828125,1650,50.35400390625,0,0.0,0x73C02589,-12,2195,387,-0.046875,8.57421875,1.51171875,0,0x14,0,0,0,1,0,1,1,0,0,0,,,,,,,,,,,,,,,,,,,,,,
418,8,LOD_APPROACH,13.966666666666667,543469,16585.357666015625,1668,50.9033203125,19.645083932853716,18,0.54931640625,1650,50.35400390625,0,0.0,0xAB9B46AA,-11,2216,388,-0.04296875,8.65625,1.515625,0,0x14,0,0,0,1,0,1,1,0,0,0,,,,,,,,,,,,,,,,,,,,,,
419,8,LOD_APPROACH,14.0,545129,16636.016845703125,1660,50.6591796875,19.73975903614458,18,0.54931640625,1642,50.10986328125,0,0.0,0x33D8802F,-10,2237,389,-0.0390625,8.73828125,1.51953125,0,0x14,0,0,0,1,0,1,1,0,0,0,,,,,,,,,,,,,,,,,,,,,,
420,8,LOD_APPROACH,14.033333333333333,546786,16686.58447265625,1657,50.567626953125,19.775497887748944,17,0.518798828125,1640,50.048828125,0,0.0,0xC446B768,-9,2258,390,-0.03515625,8.8203125,1.5234375,0,0x14,0,0,0,1,0,1,1,0,0,0,,,,,,,,,,,,,,,,,,,,,,
421,8,LOD_APPROACH,14.066666666666666,548443,16737.152099609375,1657,50.567626953125,19.775497887748944,18,0.54931640625,1639,50.018310546875,0,0.0,0x51285415,-8,2279,391,-0.03125,8.90234375,1.52734375,0,0x14,0,0,0,1,0,1,1,0,0,0,,,,,,,,,,,,,,,,,,,,,,
422,8,LOD_APPROACH,14.1,550100,16787.7197265625,1657,50.567626953125,19.775497887748944,17,0.518798828125,1640,50.048828125,0,0.0,0x70E57126,-7,2300,392,-0.02734375,8.984375,1.53125,0,0x14,0,0,0,1,0,1,1,0,0,0,,,,,,,,,,,,,,,,,,,,,,
423,8,LOD_APPROACH,14.133333333333333,551753,16838.165283203125,1653,50.445556640625,19.82335148215366,18,0.54931640625,1634,49.86572265625,1,0.030517578125,0xA7C9170A,-6,2321,393,-0.0234375,9.06640625,1.53515625,0,0x14,0,0,0,1,0,1,1,0,0,0,,,,,,,,,,,,,,,,,,,,,,
424,8,LOD_APPROACH,14.166666666666666,553375,16887.664794921875,1622,49.49951171875,20.20221948212084,17,0.518798828125,1605,48.980712890625,0,0.0,0x4BE464A5,-5,2342,394,-0.01953125,9.1484375,1.5390625,0,0x14,0,0,0,1,0,1,1,0,0,0,,,,,,,,,,,,,,,,,,,,,,
425,8,LOD_APPROACH,14.2,554991,16936.981201171875,1616,49.31640625,20.277227722772277,17,0.518798828125,1598,48.76708984375,1,0.030517578125,0x4FA9DD30,-4,2363,395,-0.015625,9.23046875,1.54296875,0,0x14,0,0,0,1,0,1,1,0,0,0,,,,,,,,,,,,,,,,,,,,,,
426,8,LOD_APPROACH,14.233333333333333,556604,16986.2060546875,1613,49.224853515625,20.314941103533787,18,0.54931640625,1595,48.675537109375,0,0.0,0xF4A56F73,-3,2384,396,-0.01171875,9.3125,1.546875,0,0x14,0,0,0,1,0,1,1,0,0,0,,,,,,,,,,,,,,,,,,,,,,
427,8,LOD_APPROACH,14.266666666666667,558217,17035.430908203125,1613,49.224853515625,20.314941103533787,18,0.54931640625,1595,48.675537109375,0,0.0,0x8BFE6F46,-2,2405,397,-0.0078125,9.39453125,1.55078125,0,0x14,0,0,0,1,0,1,1,0,0,0,,,,,,,,,,,,,,,,,,,,,,
428,8,LOD_APPROACH,14.3,559716,17081.1767578125,1499,45.745849609375,21.859906604402934,17,0.518798828125,1482,45.22705078125,0,0.0,0xDCCA4BE1,-1,2426,398,-0.00390625,9.4765625,1.5546875,0,0x14,0,0,0,1,0,1,1,0,0,0,,,,,,,,,,,,,,,,,,,,,,
429,8,LOD_APPROACH,14.333333333333334,561253,17128.082275390625,1537,46.905517578125,21.319453480806768,17,0.518798828125,1520,46.38671875,0,0.0,0x0ED9BE1A,0,2447,399,0.0,9.55859375,1.55859375,0,0x14,0,0,0,1,0,1,1,0,0,0,,,,,,,,,,,,,,,,,,,,,,
430,8,LOD_APPROACH,14.366666666666667,562805,17175.445556640625,1552,47.36328125,21.11340206185567,18,0.54931640625,1534,46.81396484375,0,0.0,0x40AE6F75,1,2468,400,0.00390625,9.640625,1.5625,0,0x14,0,0,0,1,0,1,1,0,0,0,,,,,,,,,,,,,,,,,,,,,,
431,8,LOD_APPROACH,14.4,564358,17222.83935546875,1553,47.393798828125,21.099806825499034,18,0.54931640625,1535,46.844482421875,0,0.0,0x06EC46A0,2,2489,401,0.0078125,9.72265625,1.56640625,0,0x14,0,0,0,1,0,1,1,0,0,0,,,,,,,,,,,,,,,,,,,,,,
432,8,LOD_APPROACH,14.433333333333334,566388,17284.7900390625,2030,61.95068359375,16.141871921182265,897,27.374267578125,1133,34.576416015625,0,0.0,0x545FA80F,3069,1262,1186,11.98828125,4.9296875,4.6328125,1,0x15,0,0,1,1,0,1,1,0,0,0,,,,,,,,,,,,,,,,,,,,,,
433,8,LOD_APPROACH,14.466666666666667,567537,17319.854736328125,1149,35.064697265625,28.51871192341166,18,0.54931640625,1131,34.515380859375,0,0.0,0x2D2E4954,3069,1262,1165,11.98828125,4.9296875,4.55078125,1,0x14,0,0,0,1,0,1,1,0,0,0,,,,,,,,,,,,,,,,,,,,,,
434,8,LOD_APPROACH,14.5,568685,17354.888916015625,1148,35.0341796875,28.54355400696864,18,0.54931640625,1130,34.48486328125,0,0.0,0xF000B19D,3069,1262,1144,11.98828125,4.9296875,4.46875,1,0x14,0,0,0,1,0,1,1,0,0,0,,,,,,,,,,,,,,,,,,,,,,
435,8,LOD_APPROACH,14.533333333333333,569832,17389.892578125,1147,35.003662109375,28.568439407149086,18,0.54931640625,1129,34.454345703125,0,0.0,0x84453EEE,3069,1262,1123,11.98828125,4.9296875,4.38671875,1,0x14,0,0,0,1,0,1,1,0,0,0,,,,,,,,,,,,,,,,,,,,,,
436,8,LOD_APPROACH,14.566666666666666,570976,17424.8046875,1144,34.912109375,28.643356643356643,18,0.54931640625,1125,34.332275390625,1,0.030517578125,0x0D408297,3069,1262,1102,11.98828125,4.9296875,4.3046875,1,0x14,0,0,0,1,0,1,1,0,0,0,,,,,,,,,,,,,,,,,,,,,,
437,8,LOD_APPROACH,14.6,572120,17459.716796875,1144,34.912109375,28.643356643356643,19,0.579833984375,1125,34.332275390625,0,0.0,0x8028BE00,3069,1262,1081,11.98828125,4.9296875,4.22265625,1,0x1C,0,0,0,1,1,1,1,0,0,0,,,,,,,,,,,,,,,,,,,,,,
438,9,FREECAM_YAW,14.633333333333333,573268,17494.7509765625,1148,35.0341796875,28.54355400696864,24,0.732421875,1123,34.271240234375,1,0.030517578125,0x53C02975,3069,1262,1081,11.98828125,4.9296875,4.22265625,1,0x14,0,0,0,1,0,1,0,1,0,0,,,,,,,,,,,,,,,,,,,,,,
439,9,FREECAM_YAW,14.666666666666666,574416,17529.78515625,1148,35.0341796875,28.54355400696864,24,0.732421875,1124,34.3017578125,0,0.0,0xA2A40271,3069,1262,1081,11.98828125,4.9296875,4.22265625,1,0x14,0,0,0,1,0,1,0,1,0,0,,,,,,,,,,,,,,,,,,,,,,
440,9,FREECAM_YAW,14.7,575545,17564.239501953125,1129,34.454345703125,29.023914968999115,25,0.762939453125,1104,33.69140625,0,0.0,0xC113AF95,3069,1262,1081,11.98828125,4.9296875,4.22265625,1,0x14,0,0,0,1,0,1,0,1,0,0,,,,,,,,,,,,,,,,,,,,,,
441,9,FREECAM_YAW,14.733333333333333,576658,17598.20556640625,1113,33.966064453125,29.44115004492363,25,0.762939453125,1087,33.172607421875,1,0.030517578125,0xFF8769B6,3069,1262,1081,11.98828125,4.9296875,4.22265625,1,0x14,0,0,0,1,0,1,0,1,0,0,,,,,,,,,,,,,,,,,,,,,,
442,9,FREECAM_YAW,14.766666666666667,577754,17631.65283203125,1096,33.447265625,29.8978102189781,25,0.762939453125,1071,32.684326171875,0,0.0,0x042130CE,3069,1262,1081,11.98828125,4.9296875,4.22265625,1,0x14,0,0,0,1,0,1,0,1,0,0,,,,,,,,,,,,,,,,,,,,,,
443,9,FREECAM_YAW,14.8,578816,17664.0625,1062,32.40966796875,30.854990583804142,25,0.762939453125,1036,31.6162109375,1,0.030517578125,0x70927F5D,3069,1262,1081,11.98828125,4.9296875,4.22265625,1,0x14,0,0,0,1,0,1,0,1,0,0,,,,,,,,,,,,,,,,,,,,,,
444,9,FREECAM_YAW,14.833333333333334,579850,17695.61767578125,1034,31.55517578125,31.690522243713733,24,0.732421875,1010,30.82275390625,0,0.0,0xD2CB2DFC,3069,1262,1081,11.98828125,4.9296875,4.22265625,1,0x14,0,0,0,1,0,1,0,1,0,0,,,,,,,,,,,,,,,,,,,,,,
445,9,FREECAM_YAW,14.866666666666667,580784,17724.12109375,934,28.50341796875,35.08351177730193,25,0.762939453125,908,27.7099609375,1,0.030517578125,0x0DC77C76,3069,1262,1081,11.98828125,4.9296875,4.22265625,1,0x14,0,0,0,1,0,1,0,1,0,0,,,,,,,,,,,,,,,,,,,,,,
446,9,FREECAM_YAW,14.9,581693,17751.861572265625,909,27.740478515625,36.04840484048405,25,0.762939453125,884,26.9775390625,0,0.0,0x646433BE,3069,1262,1081,11.98828125,4.9296875,4.22265625,1,0x14,0,0,0,1,0,1,0,1,0,0,,,,,,,,,,,,,,,,,,,,,,
447,9,FREECAM_YAW,14.933333333333334,582508,17776.7333984375,815,24.871826171875,40.206134969325156,25,0.762939453125,789,24.078369140625,1,0.030517578125,0x3DDA4090,3069,1262,1081,11.98828125,4.9296875,4.22265625,1,0x14,0,0,0,1,0,1,0,1,0,0,,,,,,,,,,,,,,,,,,,,,,
448,9,FREECAM_YAW,14.966666666666667,583323,17801.605224609375,815,24.871826171875,40.206134969325156,24,0.732421875,790,24.10888671875,1,0.030517578125,0xFFCB4259,3069,1262,1081,11.98828125,4.9296875,4.22265625,1,0x14,0,0,0,1,0,1,0,1,0,0,,,,,,,,,,,,,,,,,,,,,,
449,9,FREECAM_YAW,15.0,584137,17826.446533203125,814,24.84130859375,40.255528255528255,25,0.762939453125,789,24.078369140625,0,0.0,0xBF360EA3,3069,1262,1081,11.98828125,4.9296875,4.22265625,1,0x14,0,0,0,1,0,1,0,1,0,0,,,,,,,,,,,,,,,,,,,,,,
450,9,FREECAM_YAW,15.033333333333333,585046,17854.18701171875,909,27.740478515625,36.04840484048405,24,0.732421875,885,27.008056640625,0,0.0,0x60A33A9C,3069,1262,1081,11.98828125,4.9296875,4.22265625,1,0x14,0,0,0,1,0,1,0,1,0,0,,,,,,,,,,,,,,,,,,,,,,
451,9,FREECAM_YAW,15.066666666666666,585956,17881.9580078125,910,27.77099609375,36.00879120879121,25,0.762939453125,884,26.9775390625,1,0.030517578125,0x198020E6,3069,1262,1081,11.98828125,4.9296875,4.22265625,1,0x14,0,0,0,1,0,1,0,1,0,0,,,,,,,,,,,,,,,,,,,,,,
452,9,FREECAM_YAW,15.1,586986,17913.39111328125,1030,31.43310546875,31.813592233009707,25,0.762939453125,1004,30.6396484375,1,0.030517578125,0x3F7972FA,3069,1262,1081,11.98828125,4.9296875,4.22265625,1,0x14,0,0,0,1,0,1,0,1,0,0,,,,,,,,,,,,,,,,,,,,,,
453,9,FREECAM_YAW,15.133333333333333,588021,17944.976806640625,1035,31.585693359375,31.65990338164251,24,0.732421875,1011,30.853271484375,0,0.0,0x8BBE58C6,3069,1262,1081,11.98828125,4.9296875,4.22265625,1,0x14,0,0,0,1,0,1,0,1,0,0,,,,,,,,,,,,,,,,,,,,,,
454,9,FREECAM_YAW,15.166666666666666,589087,17977.508544921875,1066,32.53173828125,30.73921200750469,24,0.732421875,1042,31.79931640625,0,0.0,0x2E1DABB5,3069,1262,1081,11.98828125,4.9296875,4.22265625,1,0x14,0,0,0,1,0,1,0,1,0,0,,,,,,,,,,,,,,,,,,,,,,
455,9,FREECAM_YAW,15.2,590189,18011.138916015625,1102,33.63037109375,29.73502722323049,25,0.762939453125,1076,32.8369140625,1,0.030517578125,0x738F6485,3069,1262,1081,11.98828125,4.9296875,4.22265625,1,0x14,0,0,0,1,0,1,0,1,0,0,,,,,,,,,,,,,,,,,,,,,,
456,9,FREECAM_YAW,15.233333333333333,591305,18045.196533203125,1116,34.0576171875,29.36200716845878,25,0.762939453125,1090,33.26416015625,1,0.030517578125,0x0BBF162F,3069,1262,1081,11.98828125,4.9296875,4.22265625,1,0x14,0,0,0,1,0,1,0,1,0,0,,,,,,,,,,,,,,,,,,,,,,
457,9,FREECAM_YAW,15.266666666666667,592437,18079.742431640625,1132,34.5458984375,28.946996466431095,24,0.732421875,1108,33.8134765625,0,0.0,0x288A2C51,3069,1262,1081,11.98828125,4.9296875,4.22265625,1,0x14,0,0,0,1,0,1,0,1,0,0,,,,,,,,,,,,,,,,,,,,,,
458,9,FREECAM_YAW,15.3,593583,18114.715576171875,1146,34.97314453125,28.593368237347295,25,0.762939453125,1121,34.210205078125,0,0.0,0x2E6A0A0E,3069,1262,1081,11.98828125,4.9296875,4.22265625,1,0x14,0,0,0,1,0,1,0,1,0,0,,,,,,,,,,,,,,,,,,,,,,
459,9,FREECAM_YAW,15.333333333333334,594732,18149.7802734375,1149,35.064697265625,28.51871192341166,25,0.762939453125,1124,34.3017578125,0,0.0,0x83B902EA,3069,1262,1081,11.98828125,4.9296875,4.22265625,1,0x16,1,1,0,1,0,1,0,1,0,0,34.271240234375,0.0,0.1220703125,17.08984375,2.99072265625,0.0,0.0,0.0,0.0,13.0615234375,1.007080078125,0,0,0,0,0,0,0,0,0,0,0
460,9,FREECAM_YAW,15.366666666666667,595880,18184.814453125,1148,35.0341796875,28.54355400696864,25,0.762939453125,1123,34.271240234375,0,0.0,0x926FA628,3069,1262,1081,11.98828125,4.9296875,4.22265625,1,0x14,0,0,0,1,0,1,0,1,0,0,,,,,,,,,,,,,,,,,,,,,,
461,9,FREECAM_YAW,15.4,597013,18219.390869140625,1133,34.576416015625,28.92144748455428,24,0.732421875,1108,33.8134765625,1,0.030517578125,0x49EC8067,3069,1262,1081,11.98828125,4.9296875,4.22265625,1,0x14,0,0,0,1,0,1,0,1,0,0,,,,,,,,,,,,,,,,,,,,,,
462,9,FREECAM_YAW,15.433333333333334,598128,18253.41796875,1115,34.027099609375,29.388340807174888,25,0.762939453125,1090,33.26416015625,0,0.0,0x299B9677,3069,1262,1081,11.98828125,4.9296875,4.22265625,1,0x14,0,0,0,1,0,1,0,1,0,0,,,,,,,,,,,,,,,,,,,,,,
463,9,FREECAM_YAW,15.466666666666667,599231,18287.078857421875,1103,33.660888671875,29.70806890299184,24,0.732421875,1078,32.89794921875,1,0.030517578125,0x9BDD0F89,3069,1262,1081,11.98828125,4.9296875,4.22265625,1,0x14,0,0,0,1,0,1,0,1,0,0,,,,,,,,,,,,,,,,,,,,,,
464,9,FREECAM_YAW,15.5,600321,18320.343017578125,1090,33.26416015625,30.06238532110092,25,0.762939453125,1065,32.501220703125,0,0.0,0xD178667F,3069,1262,1081,11.98828125,4.9296875,4.22265625,1,0x14,0,0,0,1,0,1,0,1,0,0,,,,,,,,,,,,,,,,,,,,,,
465,9,FREECAM_YAW,15.533333333333333,601355,18351.898193359375,1034,31.55517578125,31.690522243713733,24,0.732421875,1010,30.82275390625,0,0.0,0x44428AB8,3069,1262,1081,11.98828125,4.9296875,4.22265625,1,0x14,0,0,0,1,0,1,0,1,0,0,,,,,,,,,,,,,,,,,,,,,,
466,9,FREECAM_YAW,15.566666666666666,602295,18380.584716796875,940,28.6865234375,34.85957446808511,25,0.762939453125,915,27.923583984375,0,0.0,0x5A543504,3069,1262,1081,11.98828125,4.9296875,4.22265625,1,0x14,0,0,0,1,0,1,0,1,0,0,,,,,,,,,,,,,,,,,,,,,,
467,9,FREECAM_YAW,15.6,603237,18409.332275390625,942,28.74755859375,34.78556263269639,25,0.762939453125,917,27.984619140625,0,0.0,0x8890F534,3069,1262,1081,11.98828125,4.9296875,4.22265625,1,0x14,0,0,0,1,0,1,0,1,0,0,,,,,,,,,,,,,,,,,,,,,,
468,9,FREECAM_YAW,15.633333333333333,604184,18438.232421875,947,28.900146484375,34.601900739176344,25,0.762939453125,921,28.106689453125,1,0.030517578125,0x07E496EE,3069,1262,1081,11.98828125,4.9296875,4.22265625,1,0x14,0,0,0,1,0,1,0,1,0,0,,,,,,,,,,,,,,,,,,,,,,
469,9,FREECAM_YAW,15.666666666666666,605143,18467.498779296875,959,29.266357421875,34.1689259645464,25,0.762939453125,934,28.50341796875,0,0.0,0x0E8CE62B,3069,1262,1081,11.98828125,4.9296875,4.22265625,1,0x14,0,0,0,1,0,1,0,1,0,0,,,,,,,,,,,,,,,,,,,,,,
470,9,FREECAM_YAW,15.7,606100,18496.7041015625,957,29.205322265625,34.240334378265416,24,0.732421875,932,28.4423828125,1,0.030517578125,0x6C7F7CAB,3069,1262,1081,11.98828125,4.9296875,4.22265625,1,0x14,0,0,0,1,0,1,0,1,0,0,,,,,,,,,,,,,,,,,,,,,,
471,9,FREECAM_YAW,15.733333333333333,607047,18525.604248046875,947,28.900146484375,34.601900739176344,25,0.762939453125,922,28.13720703125,0,0.0,0x1860A20C,3069,1262,1081,11.98828125,4.9296875,4.22265625,1,0x14,0,0,0,1,0,1,0,1,0,0,,,,,,,,,,,,,,,,,,,,,,
472,9,FREECAM_YAW,15.766666666666667,607992,18554.443359375,945,28.839111328125,34.67513227513228,25,0.762939453125,920,28.076171875,0,0.0,0x790CD07A,3069,1262,1081,11.98828125,4.9296875,4.22265625,1,0x14,0,0,0,1,0,1,0,1,0,0,,,,,,,,,,,,,,,,,,,,,,
473,9,FREECAM_YAW,15.8,608938,18583.31298828125,946,28.86962890625,34.6384778012685,24,0.732421875,921,28.106689453125,1,0.030517578125,0xC44C36AE,3069,1262,1081,11.98828125,4.9296875,4.22265625,1,0x14,0,0,0,1,0,1,0,1,0,0,,,,,,,,,,,,,,,,,,,,,,
474,9,FREECAM_YAW,15.833333333333334,609905,18612.823486328125,967,29.510498046875,33.88624612202689,25,0.762939453125,942,28.74755859375,0,0.0,0xF1AFE5AA,3069,1262,1081,11.98828125,4.9296875,4.22265625,1,0x14,0,0,0,1,0,1,0,1,0,0,,,,,,,,,,,,,,,,,,,,,,
475,9,FREECAM_YAW,15.866666666666667,610876,18642.4560546875,971,29.632568359375,33.74665293511843,24,0.732421875,947,28.900146484375,0,0.0,0x5595FB91,3069,1262,1081,11.98828125,4.9296875,4.22265625,1,0x14,0,0,0,1,0,1,0,1,0,0,,,,,,,,,,,,,,,,,,,,,,
476,9,FREECAM_YAW,15.9,611955,18675.384521484375,1079,32.928466796875,30.368860055607044,25,0.762939453125,1054,32.16552734375,0,0.0,0x4E44351A,3069,1262,1081,11.98828125,4.9296875,4.22265625,1,0x14,0,0,0,1,0,1,0,1,0,0,,,,,,,,,,,,,,,,,,,,,,
477,9,FREECAM_YAW,15.933333333333334,613068,18709.3505859375,1113,33.966064453125,29.44115004492363,25,0.762939453125,1087,33.172607421875,1,0.030517578125,0x1DE63F1A,3069,1262,1081,11.98828125,4.9296875,4.22265625,1,0x14,0,0,0,1,0,1,0,1,0,0,,,,,,,,,,,,,,,,,,,,,,
478,9,FREECAM_YAW,15.966666666666667,614204,18744.0185546875,1136,34.66796875,28.845070422535212,25,0.762939453125,1111,33.905029296875,0,0.0,0x61EB8F87,3069,1262,1081,11.98828125,4.9296875,4.22265625,1,0x14,0,0,0,1,0,1,0,1,0,0,,,,,,,,,,,,,,,,,,,,,,
479,9,FREECAM_YAW,16.0,615327,18778.289794921875,1123,34.271240234375,29.178984861976847,25,0.762939453125,1098,33.50830078125,0,0.0,0x649F3B8F,3069,1262,1081,11.98828125,4.9296875,4.22265625,1,0x14,0,0,0,1,0,1,0,1,0,0,,,,,,,,,,,,,,,,,,,,,,
480,9,FREECAM_YAW,16.033333333333335,616471,18813.201904296875,1144,34.912109375,28.643356643356643,25,0.762939453125,1119,34.149169921875,0,0.0,0xD23C0287,3069,1262,1081,11.98828125,4.9296875,4.22265625,1,0x14,0,0,0,1,0,1,0,1,0,0,,,,,,,,,,,,,,,,,,,,,,
481,9,FREECAM_YAW,16.066666666666666,617615,18848.114013671875,1144,34.912109375,28.643356643356643,25,0.762939453125,1118,34.11865234375,1,0.030517578125,0x9BA00F04,3069,1262,1081,11.98828125,4.9296875,4.22265625,1,0x14,0,0,0,1,0,1,0,1,0,0,,,,,,,,,,,,,,,,,,,,,,
482,9,FREECAM_YAW,16.1,618733,18882.232666015625,1118,34.11865234375,29.30948121645796,25,0.762939453125,1093,33.355712890625,0,0.0,0x5905AEFB,3069,1262,1081,11.98828125,4.9296875,4.22265625,1,0x14,0,0,0,1,0,1,0,1,0,0,,,,,,,,,,,,,,,,,,,,,,
483,9,FREECAM_YAW,16.133333333333333,619861,18916.656494140625,1128,34.423828125,29.04964539007092,25,0.762939453125,1102,33.63037109375,1,0.030517578125,0x1C3F4722,3069,1262,1081,11.98828125,4.9296875,4.22265625,1,0x14,0,0,0,1,0,1,0,1,0,0,,,,,,,,,,,,,,,,,,,,,,
484,9,FREECAM_YAW,16.166666666666668,620952,18949.951171875,1091,33.294677734375,30.034830430797435,24,0.732421875,1066,32.53173828125,1,0.030517578125,0x621C0819,3069,1262,1081,11.98828125,4.9296875,4.22265625,1,0x14,0,0,0,1,0,1,0,1,0,0,,,,,,,,,,,,,,,,,,,,,,
485,9,FREECAM_YAW,16.2,622034,18982.97119140625,1082,33.02001953125,30.284658040665434,24,0.732421875,1058,32.28759765625,0,0.0,0x3A0C8395,3069,1262,1081,11.98828125,4.9296875,4.22265625,1,0x14,0,0,0,1,0,1,0,1,0,0,,,,,,,,,,,,,,,,,,,,,,
486,9,FREECAM_YAW,16.233333333333334,623091,19015.228271484375,1057,32.257080078125,31.000946073793756,25,0.762939453125,1032,31.494140625,0,0.0,0x956E0910,3069,1262,1081,11.98828125,4.9296875,4.22265625,1,0x14,0,0,0,1,0,1,0,1,0,0,,,,,,,,,,,,,,,,,,,,,,
487,9,FREECAM_YAW,16.266666666666666,624141,19047.271728515625,1050,32.04345703125,31.207619047619048,24,0.732421875,1026,31.31103515625,0,0.0,0xF35E73A0,3069,1262,1081,11.98828125,4.9296875,4.22265625,1,0x14,0,0,0,1,0,1,0,1,0,0,,,,,,,,,,,,,,,,,,,,,,
488,9,FREECAM_YAW,16.3,625181,19079.010009765625,1040,31.73828125,31.50769230769231,25,0.762939453125,1015,30.975341796875,0,0.0,0x32C0D7EA,3069,1262,1081,11.98828125,4.9296875,4.22265625,1,0x14,0,0,0,1,0,1,0,1,0,0,,,,,,,,,,,,,,,,,,,,,,
489,9,FREECAM_YAW,16.333333333333332,626021,19104.644775390625,840,25.634765625,39.00952380952381,25,0.762939453125,815,24.871826171875,0,0.0,0x57C44DCC,3069,1262,1081,11.98828125,4.9296875,4.22265625,1,0x14,0,0,0,1,0,1,0,1,0,0,,,,,,,,,,,,,,,,,,,,,,
490,9,FREECAM_YAW,16.366666666666667,626835,19129.486083984375,814,24.84130859375,40.255528255528255,25,0.762939453125,789,24.078369140625,0,0.0,0x89168DA8,3069,1262,1081,11.98828125,4.9296875,4.22265625,1,0x14,0,0,0,1,0,1,0,1,0,0,,,,,,,,,,,,,,,,,,,,,,
491,9,FREECAM_YAW,16.4,627650,19154.35791015625,815,24.871826171875,40.206134969325156,25,0.762939453125,790,24.10888671875,0,0.0,0xCB557735,3069,1262,1081,11.98828125,4.9296875,4.22265625,1,0x14,0,0,0,1,0,1,0,1,0,0,,,,,,,,,,,,,,,,,,,,,,
492,9,FREECAM_YAW,16.433333333333334,628465,19179.229736328125,815,24.871826171875,40.206134969325156,25,0.762939453125,790,24.10888671875,0,0.0,0x56F76AB7,3069,1262,1081,11.98828125,4.9296875,4.22265625,1,0x14,0,0,0,1,0,1,0,1,0,0,,,,,,,,,,,,,,,,,,,,,,
493,9,FREECAM_YAW,16.466666666666665,629305,19204.864501953125,840,25.634765625,39.00952380952381,25,0.762939453125,814,24.84130859375,1,0.030517578125,0x83E47B49,3069,1262,1081,11.98828125,4.9296875,4.22265625,1,0x14,0,0,0,1,0,1,0,1,0,0,,,,,,,,,,,,,,,,,,,,,,
494,9,FREECAM_YAW,16.5,630346,19236.63330078125,1041,31.768798828125,31.477425552353505,24,0.732421875,1016,31.005859375,1,0.030517578125,0xB18646C1,3069,1262,1081,11.98828125,4.9296875,4.22265625,1,0x14,0,0,0,1,0,1,0,1,0,0,,,,,,,,,,,,,,,,,,,,,,
495,9,FREECAM_YAW,16.533333333333335,631396,19268.6767578125,1050,32.04345703125,31.207619047619048,25,0.762939453125,1024,31.25,1,0.030517578125,0x9119C7F9,3069,1262,1081,11.98828125,4.9296875,4.22265625,1,0x14,0,0,0,1,0,1,0,1,0,0,,,,,,,,,,,,,,,,,,,,,,
496,9,FREECAM_YAW,16.566666666666666,632468,19301.3916015625,1072,32.71484375,30.567164179104477,24,0.732421875,1048,31.982421875,0,0.0,0xF67F2C2F,3069,1262,1081,11.98828125,4.9296875,4.22265625,1,0x14,0,0,0,1,0,1,0,1,0,0,,,,,,,,,,,,,,,,,,,,,,
497,9,FREECAM_YAW,16.6,633551,19334.442138671875,1083,33.050537109375,30.25669436749769,25,0.762939453125,1058,32.28759765625,0,0.0,0x5DDFDFF8,3069,1262,1081,11.98828125,4.9296875,4.22265625,1,0x14,0,0,0,1,0,1,0,1,0,0,,,,,,,,,,,,,,,,,,,,,,
498,9,FREECAM_YAW,16.633333333333333,634643,19367.767333984375,1092,33.3251953125,30.007326007326007,25,0.762939453125,1066,32.53173828125,1,0.030517578125,0xAB06698E,3069,1262,1081,11.98828125,4.9296875,4.22265625,1,0x14,0,0,0,1,0,1,0,1,0,0,,,,,,,,,,,,,,,,,,,,,,
499,9,FREECAM_YAW,16.666666666666668,635772,19402.2216796875,1129,34.454345703125,29.023914968999115,25,0.762939453125,1103,33.660888671875,1,0.030517578125,0x43E77967,3069,1262,1081,11.98828125,4.9296875,4.22265625,1,0x14,0,0,0,1,0,1,0,1,0,0,,,,,,,,,,,,,,,,,,,,,,
500,9,FREECAM_YAW,16.7,636901,19436.676025390625,1129,34.454345703125,29.023914968999115,25,0.762939453125,1104,33.69140625,0,0.0,0x5CDADBC8,3069,1262,1081,11.98828125,4.9296875,4.22265625,1,0x14,0,0,0,1,0,1,0,1,0,0,,,,,,,,,,,,,,,,,,,,,,
501,9,FREECAM_YAW,16.733333333333334,638044,19471.5576171875,1143,34.881591796875,28.668416447944008,25,0.762939453125,1118,34.11865234375,0,0.0,0x6DF32D85,3069,1262,1081,11.98828125,4.9296875,4.22265625,1,0x14,0,0,0,1,0,1,0,1,0,0,,,,,,,,,,,,,,,,,,,,,,
502,9,FREECAM_YAW,16.766666666666666,639174,19506.04248046875,1130,34.48486328125,28.998230088495575,25,0.762939453125,1104,33.69140625,1,0.030517578125,0x5CDADBC8,3069,1262,1081,11.98828125,4.9296875,4.22265625,1,0x14,0,0,0,1,0,1,0,-1,0,0,,,,,,,,,,,,,,,,,,,,,,
503,9,FREECAM_YAW,16.8,640302,19540.46630859375,1128,34.423828125,29.04964539007092,24,0.732421875,1103,33.660888671875,1,0.030517578125,0x43E77967,3069,1262,1081,11.98828125,4.9296875,4.22265625,1,0x14,0,0,0,1,0,1,0,-1,0,0,,,,,,,,,,,,,,,,,,,,,,
504,9,FREECAM_YAW,16.833333333333332,641392,19573.73046875,1090,33.26416015625,30.06238532110092,24,0.732421875,1066,32.53173828125,0,0.0,0xAB06698E,3069,1262,1081,11.98828125,4.9296875,4.22265625,1,0x14,0,0,0,1,0,1,0,-1,0,0,,,,,,,,,,,,,,,,,,,,,,
505,9,FREECAM_YAW,16.866666666666667,642476,19606.8115234375,1084,33.0810546875,30.228782287822877,25,0.762939453125,1059,32.318115234375,0,0.0,0x5DDFDFF8,3069,1262,1081,11.98828125,4.9296875,4.22265625,1,0x14,0,0,0,1,0,1,0,-1,0,0,,,,,,,,,,,,,,,,,,,,,,
506,9,FREECAM_YAW,16.9,643550,19639.58740234375,1074,32.77587890625,30.51024208566108,25,0.762939453125,1048,31.982421875,1,0.030517578125,0xF67F2C2F,3069,1262,1081,11.98828125,4.9296875,4.22265625,1,0x14,0,0,0,1,0,1,0,-1,0,0,,,,,,,,,,,,,,,,,,,,,,
507,9,FREECAM_YAW,16.933333333333334,644599,19671.600341796875,1049,32.012939453125,31.237368922783602,25,0.762939453125,1024,31.25,0,0.0,0x9119C7F9,3069,1262,1081,11.98828125,4.9296875,4.22265625,1,0x14,0,0,0,1,0,1,0,-1,0,0,,,,,,,,,,,,,,,,,,,,,,
508,9,FREECAM_YAW,16.966666666666665,645640,19703.369140625,1041,31.768798828125,31.477425552353505,24,0.732421875,1016,31.005859375,1,0.030517578125,0xB18646C1,3069,1262,1081,11.98828125,4.9296875,4.22265625,1,0x14,0,0,0,1,0,1,0,-1,0,0,,,,,,,,,,,,,,,,,,,,,,
509,9,FREECAM_YAW,17.0,646479,19728.973388671875,839,25.604248046875,39.05601907032181,25,0.762939453125,814,24.84130859375,0,0.0,0x83E47B49,3069,1262,1081,11.98828125,4.9296875,4.22265625,1,0x14,0,0,0,1,0,1,0,-1,0,0,,,,,,,,,,,,,,,,,,,,,,
510,9,FREECAM_YAW,17.033333333333335,647293,19753.814697265625,814,24.84130859375,40.255528255528255,25,0.762939453125,789,24.078369140625,0,0.0,0x56F76AB7,3069,1262,1081,11.98828125,4.9296875,4.22265625,1,0x14,0,0,0,1,0,1,0,-1,0,0,,,,,,,,,,,,,,,,,,,,,,
511,9,FREECAM_YAW,17.066666666666666,648108,19778.6865234375,815,24.871826171875,40.206134969325156,25,0.762939453125,790,24.10888671875,0,0.0,0xCB557735,3069,1262,1081,11.98828125,4.9296875,4.22265625,1,0x14,0,0,0,1,0,1,0,-1,0,0,,,,,,,,,,,,,,,,,,,,,,
512,9,FREECAM_YAW,17.1,648922,19803.52783203125,814,24.84130859375,40.255528255528255,25,0.762939453125,789,24.078369140625,0,0.0,0x89168DA8,3069,1262,1081,11.98828125,4.9296875,4.22265625,1,0x14,0,0,0,1,0,1,0,-1,0,0,,,,,,,,,,,,,,,,,,,,,,
513,9,FREECAM_YAW,17.133333333333333,649761,19829.132080078125,839,25.604248046875,39.05601907032181,24,0.732421875,815,24.871826171875,0,0.0,0x57C44DCC,3069,1262,1081,11.98828125,4.9296875,4.22265625,1,0x14,0,0,0,1,0,1,0,-1,0,0,,,,,,,,,,,,,,,,,,,,,,
514,9,FREECAM_YAW,17.166666666666668,650801,19860.870361328125,1040,31.73828125,31.50769230769231,25,0.762939453125,1015,30.975341796875,0,0.0,0x32C0D7EA,3069,1262,1081,11.98828125,4.9296875,4.22265625,1,0x14,0,0,0,1,0,1,0,-1,0,0,,,,,,,,,,,,,,,,,,,,,,
515,9,FREECAM_YAW,17.2,651852,19892.9443359375,1051,32.073974609375,31.1779257849667,25,0.762939453125,1026,31.31103515625,0,0.0,0xF35E73A0,3069,1262,1081,11.98828125,4.9296875,4.22265625,1,0x14,0,0,0,1,0,1,0,-1,0,0,,,,,,,,,,,,,,,,,,,,,,
516,9,FREECAM_YAW,17.233333333333334,652909,19925.201416015625,1057,32.257080078125,31.000946073793756,25,0.762939453125,1032,31.494140625,0,0.0,0x956E0910,3069,1262,1081,11.98828125,4.9296875,4.22265625,1,0x14,0,0,0,1,0,1,0,-1,0,0,,,,,,,,,,,,,,,,,,,,,,
517,9,FREECAM_YAW,17.266666666666666,653993,19958.282470703125,1084,33.0810546875,30.228782287822877,25,0.762939453125,1058,32.28759765625,1,0.030517578125,0x3A0C8395,3069,1262,1081,11.98828125,4.9296875,4.22265625,1,0x14,0,0,0,1,0,1,0,-1,0,0,,,,,,,,,,,,,,,,,,,,,,
518,9,FREECAM_YAW,17.3,655085,19991.607666015625,1092,33.3251953125,30.007326007326007,25,0.762939453125,1066,32.53173828125,1,0.030517578125,0x621C0819,3069,1262,1081,11.98828125,4.9296875,4.22265625,1,0x14,0,0,0,1,0,1,0,-1,0,0,,,,,,,,,,,,,,,,,,,,,,
519,9,FREECAM_YAW,17.333333333333332,656212,20026.0009765625,1127,34.393310546875,29.075421472937002,25,0.762939453125,1102,33.63037109375,0,0.0,0x1C3F4722,3069,1262,1081,11.98828125,4.9296875,4.22265625,1,0x14,0,0,0,1,0,1,0,-1,0,0,,,,,,,,,,,,,,,,,,,,,,
520,9,FREECAM_YAW,17.366666666666667,657330,20060.11962890625,1118,34.11865234375,29.30948121645796,24,0.732421875,1093,33.355712890625,1,0.030517578125,0x5905AEFB,3069,1262,1081,11.98828125,4.9296875,4.22265625,1,0x14,0,0,0,1,0,1,0,-1,0,0,,,,,,,,,,,,,,,,,,,,,,
521,9,FREECAM_YAW,17.4,658472,20094.970703125,1142,34.85107421875,28.69352014010508,24,0.732421875,1118,34.11865234375,0,0.0,0x9BA00F04,3069,1262,1081,11.98828125,4.9296875,4.22265625,1,0x14,0,0,0,1,0,1,0,-1,0,0,,,,,,,,,,,,,,,,,,,,,,
522,9,FREECAM_YAW,17.433333333333334,659616,20129.8828125,1144,34.912109375,28.643356643356643,25,0.762939453125,1119,34.149169921875,0,0.0,0xD23C0287,3069,1262,1081,11.98828125,4.9296875,4.22265625,1,0x14,0,0,0,1,0,1,0,-1,0,0,,,,,,,,,,,,,,,,,,,,,,
523,9,FREECAM_YAW,17.466666666666665,660739,20164.154052734375,1123,34.271240234375,29.178984861976847,25,0.762939453125,1098,33.50830078125,0,0.0,0x649F3B8F,3069,1262,1081,11.98828125,4.9296875,4.22265625,1,0x14,0,0,0,1,0,1,0,-1,0,0,,,,,,,,,,,,,,,,,,,,,,
524,9,FREECAM_YAW,17.5,661875,20198.822021484375,1136,34.66796875,28.845070422535212,24,0.732421875,1111,33.905029296875,1,0.030517578125,0x61EB8F87,3069,1262,1081,11.98828125,4.9296875,4.22265625,1,0x14,0,0,0,1,0,1,0,-1,0,0,,,,,,,,,,,,,,,,,,,,,,
525,9,FREECAM_YAW,17.533333333333335,662986,20232.72705078125,1111,33.905029296875,29.494149414941493,24,0.732421875,1087,33.172607421875,0,0.0,0x1DE63F1A,3069,1262,1081,11.98828125,4.9296875,4.22265625,1,0x14,0,0,0,1,0,1,0,-1,0,0,,,,,,,,,,,,,,,,,,,,,,
526,9,FREECAM_YAW,17.566666666666666,664066,20265.68603515625,1080,32.958984375,30.340740740740742,25,0.762939453125,1055,32.196044921875,0,0.0,0x4E44351A,3069,1262,1081,11.98828125,4.9296875,4.22265625,1,0x14,0,0,0,1,0,1,0,-1,0,0,,,,,,,,,,,,,,,,,,,,,,
527,9,FREECAM_YAW,17.6,665038,20295.34912109375,972,29.6630859375,33.711934156378604,25,0.762939453125,947,28.900146484375,0,0.0,0x5595FB91,3069,1262,1081,11.98828125,4.9296875,4.22265625,1,0x14,0,0,0,1,0,1,0,-1,0,0,,,,,,,,,,,,,,,,,,,,,,
528,9,FREECAM_YAW,17.633333333333333,666006,20324.89013671875,968,29.541015625,33.85123966942149,25,0.762939453125,942,28.74755859375,1,0.030517578125,0xF1AFE5AA,3069,1262,1081,11.98828125,4.9296875,4.22265625,1,0x14,0,0,0,1,0,1,0,-1,0,0,,,,,,,,,,,,,,,,,,,,,,
529,9,FREECAM_YAW,17.666666666666668,666951,20353.729248046875,945,28.839111328125,34.67513227513228,24,0.732421875,921,28.106689453125,0,0.0,0xC44C36AE,3069,1262,1081,11.98828125,4.9296875,4.22265625,1,0x14,0,0,0,1,0,1,0,-1,0,0,,,,,,,,,,,,,,,,,,,,,,
530,9,FREECAM_YAW,17.7,667896,20382.568359375,945,28.839111328125,34.67513227513228,25,0.762939453125,920,28.076171875,0,0.0,0x790CD07A,3069,1262,1081,11.98828125,4.9296875,4.22265625,1,0x14,0,0,0,1,0,1,0,-1,0,0,,,,,,,,,,,,,,,,,,,,,,
531,9,FREECAM_YAW,17.733333333333334,668845,20411.529541015625,949,28.961181640625,34.52897787144362,25,0.762939453125,923,28.167724609375,1,0.030517578125,0x1860A20C,3069,1262,1081,11.98828125,4.9296875,4.22265625,1,0x14,0,0,0,1,0,1,0,-1,0,0,,,,,,,,,,,,,,,,,,,,,,
532,9,FREECAM_YAW,17.766666666666666,669801,20440.704345703125,956,29.1748046875,34.27615062761506,24,0.732421875,932,28.4423828125,0,0.0,0x6C7F7CAB,3069,1262,1081,11.98828125,4.9296875,4.22265625,1,0x14,0,0,0,1,0,1,0,-1,0,0,,,,,,,,,,,,,,,,,,,,,,
533,9,FREECAM_YAW,17.8,670761,20470.001220703125,960,29.296875,34.13333333333333,25,0.762939453125,934,28.50341796875,1,0.030517578125,0x0E8CE62B,3069,1262,1081,11.98828125,4.9296875,4.22265625,1,0x14,0,0,0,1,0,1,0,-1,0,0,,,,,,,,,,,,,,,,,,,,,,
534,9,FREECAM_YAW,17.833333333333332,671706,20498.84033203125,945,28.839111328125,34.67513227513228,24,0.732421875,921,28.106689453125,0,0.0,0x07E496EE,3069,1262,1081,11.98828125,4.9296875,4.22265625,1,0x14,0,0,0,1,0,1,0,-1,0,0,,,,,,,,,,,,,,,,,,,,,,
535,9,FREECAM_YAW,17.866666666666667,672647,20527.557373046875,941,28.717041015625,34.82252922422954,24,0.732421875,917,27.984619140625,0,0.0,0x8890F534,3069,1262,1081,11.98828125,4.9296875,4.22265625,1,0x14,0,0,0,1,0,1,0,-1,0,0,,,,,,,,,,,,,,,,,,,,,,
536,9,FREECAM_YAW,17.9,673587,20556.243896484375,940,28.6865234375,34.85957446808511,25,0.762939453125,915,27.923583984375,0,0.0,0x5A543504,3069,1262,1081,11.98828125,4.9296875,4.22265625,1,0x14,0,0,0,1,0,1,0,-1,0,0,,,,,,,,,,,,,,,,,,,,,,
537,9,FREECAM_YAW,17.933333333333334,674622,20587.82958984375,1035,31.585693359375,31.65990338164251,25,0.762939453125,1010,30.82275390625,0,0.0,0x44428AB8,3069,1262,1081,11.98828125,4.9296875,4.22265625,1,0x14,0,0,0,1,0,1,0,-1,0,0,,,,,,,,,,,,,,,,,,,,,,
538,9,FREECAM_YAW,17.966666666666665,675713,20621.124267578125,1091,33.294677734375,30.034830430797435,25,0.762939453125,1065,32.501220703125,1,0.030517578125,0xD178667F,3069,1262,1081,11.98828125,4.9296875,4.22265625,1,0x14,0,0,0,1,0,1,0,-1,0,0,,,,,,,,,,,,,,,,,,,,,,
539,9,FREECAM_YAW,18.0,676815,20654.754638671875,1102,33.63037109375,29.73502722323049,24,0.732421875,1078,32.89794921875,0,0.0,0x9BDD0F89,3069,1262,1081,11.98828125,4.9296875,4.22265625,1,0x14,0,0,0,1,0,1,0,-1,0,0,,,,,,,,,,,,,,,,,,,,,,
540,9,FREECAM_YAW,18.033333333333335,677931,20688.812255859375,1116,34.0576171875,29.36200716845878,25,0.762939453125,1090,33.26416015625,1,0.030517578125,0x299B9677,3069,1262,1081,11.98828125,4.9296875,4.22265625,1,0x14,0,0,0,1,0,1,0,-1,0,0,,,,,,,,,,,,,,,,,,,,,,
541,9,FREECAM_YAW,18.066666666666666,679063,20723.358154296875,1132,34.5458984375,28.946996466431095,24,0.732421875,1108,33.8134765625,0,0.0,0x49EC8067,3069,1262,1081,11.98828125,4.9296875,4.22265625,1,0x14,0,0,0,1,0,1,0,-1,0,0,,,,,,,,,,,,,,,,,,,,,,
542,9,FREECAM_YAW,18.1,680211,20758.392333984375,1148,35.0341796875,28.54355400696864,25,0.762939453125,1123,34.271240234375,0,0.0,0x926FA628,3069,1262,1081,11.98828125,4.9296875,4.22265625,1,0x14,0,0,0,1,0,1,0,-1,0,0,,,,,,,,,,,,,,,,,,,,,,
543,9,FREECAM_YAW,18.133333333333333,681359,20793.426513671875,1148,35.0341796875,28.54355400696864,24,0.732421875,1124,34.3017578125,0,0.0,0x83B902EA,3069,1262,1081,11.98828125,4.9296875,4.22265625,1,0x14,0,0,0,1,0,1,0,-1,0,0,,,,,,,,,,,,,,,,,,,,,,
544,9,FREECAM_YAW,18.166666666666668,682505,20828.399658203125,1146,34.97314453125,28.593368237347295,25,0.762939453125,1121,34.210205078125,0,0.0,0x2E6A0A0E,3069,1262,1081,11.98828125,4.9296875,4.22265625,1,0x14,0,0,0,1,0,1,0,-1,0,0,,,,,,,,,,,,,,,,,,,,,,
545,9,FREECAM_YAW,18.2,683638,20862.97607421875,1133,34.576416015625,28.92144748455428,24,0.732421875,1108,33.8134765625,1,0.030517578125,0x288A2C51,3069,1262,1081,11.98828125,4.9296875,4.22265625,1,0x14,0,0,0,1,0,1,0,-1,0,0,,,,,,,,,,,,,,,,,,,,,,
546,9,FREECAM_YAW,18.233333333333334,684754,20897.03369140625,1116,34.0576171875,29.36200716845878,25,0.762939453125,1090,33.26416015625,1,0.030517578125,0x0BBF162F,3069,1262,1081,11.98828125,4.9296875,4.22265625,1,0x14,0,0,0,1,0,1,0,-1,0,0,,,,,,,,,,,,,,,,,,,,,,
547,9,FREECAM_YAW,18.266666666666666,685854,20930.60302734375,1100,33.5693359375,29.78909090909091,24,0.732421875,1076,32.8369140625,0,0.0,0x738F6485,3069,1262,1081,11.98828125,4.9296875,4.22265625,1,0x14,0,0,0,1,0,1,0,-1,0,0,,,,,,,,,,,,,,,,,,,,,,
548,9,FREECAM_YAW,18.3,686921,20963.165283203125,1067,32.562255859375,30.710402999062794,25,0.762939453125,1042,31.79931640625,0,0.0,0x2E1DABB5,3069,1262,1081,11.98828125,4.9296875,4.22265625,1,0x14,0,0,0,1,0,1,0,-1,0,0,,,,,,,,,,,,,,,,,,,,,,
549,9,FREECAM_YAW,18.333333333333332,687958,20994.81201171875,1037,31.646728515625,31.59884281581485,25,0.762939453125,1011,30.853271484375,1,0.030517578125,0x8BBE58C6,3069,1262,1081,11.98828125,4.9296875,4.22265625,1,0x14,0,0,0,1,0,1,0,-1,0,0,,,,,,,,,,,,,,,,,,,,,,
550,9,FREECAM_YAW,18.366666666666667,688987,21026.214599609375,1029,31.402587890625,31.844509232264333,25,0.762939453125,1004,30.6396484375,0,0.0,0x3F7972FA,3069,1262,1081,11.98828125,4.9296875,4.22265625,1,0x14,0,0,0,1,0,1,0,-1,0,0,,,,,,,,,,,,,,,,,,,,,,
551,9,FREECAM_YAW,18.4,689895,21053.924560546875,908,27.7099609375,36.08810572687225,24,0.732421875,884,26.9775390625,0,0.0,0x198020E6,3069,1262,1081,11.98828125,4.9296875,4.22265625,1,0x14,0,0,0,1,0,1,0,-1,0,0,,,,,,,,,,,,,,,,,,,,,,
552,9,FREECAM_YAW,18.433333333333334,690804,21081.6650390625,909,27.740478515625,36.04840484048405,24,0.732421875,885,27.008056640625,0,0.0,0x60A33A9C,3069,1262,1081,11.98828125,4.9296875,4.22265625,1,0x14,0,0,0,1,0,1,0,-1,0,0,,,,,,,,,,,,,,,,,,,,,,
553,9,FREECAM_YAW,18.466666666666665,691619,21106.536865234375,815,24.871826171875,40.206134969325156,25,0.762939453125,789,24.078369140625,1,0.030517578125,0xBF360EA3,3069,1262,1081,11.98828125,4.9296875,4.22265625,1,0x14,0,0,0,1,0,1,0,-1,0,0,,,,,,,,,,,,,,,,,,,,,,
554,9,FREECAM_YAW,18.5,692434,21131.40869140625,815,24.871826171875,40.206134969325156,24,0.732421875,790,24.10888671875,1,0.030517578125,0xFFCB4259,3069,1262,1081,11.98828125,4.9296875,4.22265625,1,0x14,0,0,0,1,0,1,0,-1,0,0,,,,,,,,,,,,,,,,,,,,,,
555,9,FREECAM_YAW,18.533333333333335,693249,21156.280517578125,815,24.871826171875,40.206134969325156,25,0.762939453125,790,24.10888671875,0,0.0,0x3DDA4090,3069,1262,1081,11.98828125,4.9296875,4.22265625,1,0x14,0,0,0,1,0,1,0,-1,0,0,,,,,,,,,,,,,,,,,,,,,,
556,9,FREECAM_YAW,18.566666666666666,694159,21184.051513671875,910,27.77099609375,36.00879120879121,25,0.762939453125,884,26.9775390625,1,0.030517578125,0x646433BE,3069,1262,1081,11.98828125,4.9296875,4.22265625,1,0x14,0,0,0,1,0,1,0,-1,0,0,,,,,,,,,,,,,,,,,,,,,,
557,9,FREECAM_YAW,18.6,695092,21212.5244140625,933,28.472900390625,35.12111468381565,24,0.732421875,909,27.740478515625,0,0.0,0x0DC77C76,3069,1262,1081,11.98828125,4.9296875,4.22265625,1,0x14,0,0,0,1,0,1,0,-1,0,0,,,,,,,,,,,,,,,,,,,,,,
558,9,FREECAM_YAW,18.633333333333333,696128,21244.140625,1036,31.6162109375,31.62934362934363,25,0.762939453125,1010,30.82275390625,1,0.030517578125,0xD2CB2DFC,3069,1262,1081,11.98828125,4.9296875,4.22265625,1,0x14,0,0,0,1,0,1,0,-1,0,0,,,,,,,,,,,,,,,,,,,,,,
559,9,FREECAM_YAW,18.666666666666668,697189,21276.519775390625,1061,32.379150390625,30.88407163053723,25,0.762939453125,1036,31.6162109375,0,0.0,0x70927F5D,3069,1262,1081,11.98828125,4.9296875,4.22265625,1,0x14,0,0,0,1,0,1,0,-1,0,0,,,,,,,,,,,,,,,,,,,,,,
560,9,FREECAM_YAW,18.7,698286,21309.99755859375,1097,33.477783203125,29.870556061987237,25,0.762939453125,1071,32.684326171875,1,0.030517578125,0x042130CE,3069,1262,1081,11.98828125,4.9296875,4.22265625,1,0x14,0,0,0,1,0,1,0,-1,0,0,,,,,,,,,,,,,,,,,,,,,,
561,9,FREECAM_YAW,18.733333333333334,699397,21343.902587890625,1111,33.905029296875,29.494149414941493,24,0.732421875,1087,33.172607421875,0,0.0,0xFF8769B6,3069,1262,1081,11.98828125,4.9296875,4.22265625,1,0x14,0,0,0,1,0,1,0,-1,0,0,,,,,,,,,,,,,,,,,,,,,,
562,9,FREECAM_YAW,18.766666666666666,700525,21378.326416015625,1128,34.423828125,29.04964539007092,25,0.762939453125,1103,33.660888671875,0,0.0,0xC113AF95,3069,1262,1081,11.98828125,4.9296875,4.22265625,1,0x14,0,0,0,1,0,1,0,-1,0,0,,,,,,,,,,,,,,,,,,,,,,
563,9,FREECAM_YAW,18.8,701674,21413.39111328125,1149,35.064697265625,28.51871192341166,25,0.762939453125,1123,34.271240234375,1,0.030517578125,0xA2A40271,3069,1262,1081,11.98828125,4.9296875,4.22265625,1,0x14,0,0,0,1,0,1,0,-1,0,0,,,,,,,,,,,,,,,,,,,,,,
564,9,FREECAM_YAW,18.833333333333332,702823,21448.455810546875,1149,35.064697265625,28.51871192341166,25,0.762939453125,1123,34.271240234375,1,0.030517578125,0x53C02975,3069,1262,1081,11.98828125,4.9296875,4.22265625,1,0x14,0,0,0,1,0,1,0,-1,0,0,,,,,,,,,,,,,,,,,,,,,,
565,9,FREECAM_YAW,18.866666666666667,703971,21483.489990234375,1148,35.0341796875,28.54355400696864,24,0.732421875,1124,34.3017578125,0,0.0,0xD6FA1B1C,3069,1262,1081,11.98828125,4.9296875,4.22265625,1,0x1C,0,0,0,1,1,1,0,-1,0,0,,,,,,,,,,,,,,,,,,,,,,
566,10,FREECAM_3D,18.9,705129,21518.829345703125,1158,35.33935546875,28.29706390328152,26,0.79345703125,1132,34.5458984375,0,0.0,0x97B6A86E,3069,1262,1081,11.98828125,4.9296875,4.22265625,1,0x14,0,0,0,1,0,1,0,0,1,0,,,,,,,,,,,,,,,,,,,,,,
567,10,FREECAM_3D,18.933333333333334,706324,21555.2978515625,1195,36.468505859375,27.42092050209205,26,0.79345703125,1169,35.675048828125,0,0.0,0xB16D2C2A,3069,1262,1081,11.98828125,4.9296875,4.22265625,1,0x14,0,0,0,1,0,1,0,0,1,0,,,,,,,,,,,,,,,,,,,,,,
568,10,FREECAM_3D,18.966666666666665,707521,21591.827392578125,1197,36.529541015625,27.375104427736005,26,0.79345703125,1170,35.70556640625,1,0.030517578125,0x99232FBD,3069,1262,1081,11.98828125,4.9296875,4.22265625,1,0x14,0,0,0,1,0,1,0,0,1,0,,,,,,,,,,,,,,,,,,,,,,
569,10,FREECAM_3D,19.0,708729,21628.692626953125,1208,36.865234375,27.125827814569536,25,0.762939453125,1183,36.102294921875,0,0.0,0x87F93679,3069,1262,1081,11.98828125,4.9296875,4.22265625,1,0x14,0,0,0,1,0,1,0,0,1,0,,,,,,,,,,,,,,,,,,,,,,
570,10,FREECAM_3D,19.033333333333335,709955,21666.107177734375,1226,37.41455078125,26.72756933115824,26,0.79345703125,1200,36.62109375,0,0.0,0x58F5109B,3069,1262,1081,11.98828125,4.9296875,4.22265625,1,0x14,0,0,0,1,0,1,0,0,1,0,,,,,,,,,,,,,,,,,,,,,,
571,10,FREECAM_3D,19.066666666666666,711192,21703.857421875,1237,37.750244140625,26.489894907033143,25,0.762939453125,1212,36.9873046875,0,0.0,0xAE96CAD8,3069,1262,1081,11.98828125,4.9296875,4.22265625,1,0x14,0,0,0,1,0,1,0,0,1,0,,,,,,,,,,,,,,,,,,,,,,
572,10,FREECAM_3D,19.1,712446,21742.12646484375,1254,38.26904296875,26.130781499202552,26,0.79345703125,1227,37.445068359375,1,0.030517578125,0xA3747F26,3069,1262,1081,11.98828125,4.9296875,4.22265625,1,0x14,0,0,0,1,0,1,0,0,1,0,,,,,,,,,,,,,,,,,,,,,,
573,10,FREECAM_3D,19.133333333333333,713712,21780.76171875,1266,38.63525390625,25.88309636650869,26,0.79345703125,1240,37.841796875,0,0.0,0xC7FFADCF,3069,1262,1081,11.98828125,4.9296875,4.22265625,1,0x14,0,0,0,1,0,1,0,0,1,0,,,,,,,,,,,,,,,,,,,,,,
574,10,FREECAM_3D,19.166666666666668,714992,21819.82421875,1280,39.0625,25.6,26,0.79345703125,1253,38.238525390625,1,0.030517578125,0xA44C425B,3069,1262,1081,11.98828125,4.9296875,4.22265625,1,0x14,0,0,0,1,0,1,0,0,1,0,,,,,,,,,,,,,,,,,,,,,,
575,10,FREECAM_3D,19.2,716277,21859.039306640625,1285,39.215087890625,25.500389105058368,26,0.79345703125,1258,38.39111328125,1,0.030517578125,0xF20D7777,3069,1262,1081,11.98828125,4.9296875,4.22265625,1,0x14,0,0,0,1,0,1,0,0,1,0,,,,,,,,,,,,,,,,,,,,,,
576,10,FREECAM_3D,19.233333333333334,717559,21898.162841796875,1282,39.12353515625,25.5600624024961,25,0.762939453125,1256,38.330078125,1,0.030517578125,0x1D68886C,3069,1262,1081,11.98828125,4.9296875,4.22265625,1,0x14,0,0,0,1,0,1,0,0,1,0,,,,,,,,,,,,,,,,,,,,,,
577,10,FREECAM_3D,19.266666666666666,718747,21934.417724609375,1188,36.2548828125,27.58249158249158,25,0.762939453125,1163,35.491943359375,0,0.0,0x65DFB05A,3069,1262,1081,11.98828125,4.9296875,4.22265625,1,0x14,0,0,0,1,0,1,0,0,1,0,,,,,,,,,,,,,,,,,,,,,,
578,10,FREECAM_3D,19.3,719951,21971.160888671875,1204,36.7431640625,27.21594684385382,26,0.79345703125,1178,35.94970703125,0,0.0,0x7EDEF92F,3069,1262,1081,11.98828125,4.9296875,4.22265625,1,0x14,0,0,0,1,0,1,0,0,1,0,,,,,,,,,,,,,,,,,,,,,,
579,10,FREECAM_3D,19.333333333333332,721054,22004.82177734375,1103,33.660888671875,29.70806890299184,26,0.79345703125,1076,32.8369140625,1,0.030517578125,0x4310EEA4,3069,1262,1081,11.98828125,4.9296875,4.22265625,1,0x14,0,0,0,1,0,1,0,0,1,0,,,,,,,,,,,,,,,,,,,,,,
580,10,FREECAM_3D,19.366666666666667,722153,22038.360595703125,1099,33.538818359375,29.816196542311193,26,0.79345703125,1073,32.745361328125,0,0.0,0x757DE4F2,3069,1262,1081,11.98828125,4.9296875,4.22265625,1,0x14,0,0,0,1,0,1,0,0,1,0,,,,,,,,,,,,,,,,,,,,,,
581,10,FREECAM_3D,19.4,723234,22071.35009765625,1081,32.989501953125,30.31267345050879,26,0.79345703125,1055,32.196044921875,0,0.0,0x7496D160,3069,1262,1081,11.98828125,4.9296875,4.22265625,1,0x14,0,0,0,1,0,1,0,0,1,0,,,,,,,,,,,,,,,,,,,,,,
582,10,FREECAM_3D,19.433333333333334,724313,22104.278564453125,1079,32.928466796875,30.368860055607044,26,0.79345703125,1052,32.1044921875,1,0.030517578125,0x0F828D67,3069,1262,1081,11.98828125,4.9296875,4.22265625,1,0x14,0,0,0,1,0,1,0,0,1,0,,,,,,,,,,,,,,,,,,,,,,
583,10,FREECAM_3D,19.466666666666665,725389,22137.115478515625,1076,32.8369140625,30.45353159851301,25,0.762939453125,1050,32.04345703125,1,0.030517578125,0x75381BF2,3069,1262,1081,11.98828125,4.9296875,4.22265625,1,0x14,0,0,0,1,0,1,0,0,1,0,,,,,,,,,,,,,,,,,,,,,,
584,10,FREECAM_3D,19.5,726462,22169.86083984375,1073,32.745361328125,30.538676607642124,25,0.762939453125,1048,31.982421875,0,0.0,0xBA858160,3069,1262,1081,11.98828125,4.9296875,4.22265625,1,0x14,0,0,0,1,0,1,0,0,1,0,,,,,,,,,,,,,,,,,,,,,,
585,10,FREECAM_3D,19.533333333333335,727533,22202.545166015625,1071,32.684326171875,30.595704948646127,26,0.79345703125,1045,31.890869140625,0,0.0,0x301ECFFF,3069,1262,1081,11.98828125,4.9296875,4.22265625,1,0x14,0,0,0,1,0,1,0,0,1,0,,,,,,,,,,,,,,,,,,,,,,
586,10,FREECAM_3D,19.566666666666666,728600,22235.107421875,1067,32.562255859375,30.710402999062794,26,0.79345703125,1041,31.768798828125,0,0.0,0x1CAD1FE7,3069,1262,1081,11.98828125,4.9296875,4.22265625,1,0x14,0,0,0,1,0,1,0,0,1,0,,,,,,,,,,,,,,,,,,,,,,
587,10,FREECAM_3D,19.6,729660,22267.4560546875,1060,32.3486328125,30.91320754716981,25,0.762939453125,1035,31.585693359375,0,0.0,0x125C255F,3069,1262,1081,11.98828125,4.9296875,4.22265625,1,0x14,0,0,0,1,0,1,0,0,1,0,,,,,,,,,,,,,,,,,,,,,,
588,10,FREECAM_3D,19.633333333333333,730719,22299.774169921875,1059,32.318115234375,30.9423984891407,25,0.762939453125,1034,31.55517578125,0,0.0,0x351999EE,3069,1262,1081,11.98828125,4.9296875,4.22265625,1,0x14,0,0,0,1,0,1,0,0,1,0,,,,,,,,,,,,,,,,,,,,,,
589,10,FREECAM_3D,19.666666666666668,731856,22334.47265625,1137,34.698486328125,28.819700967458225,25,0.762939453125,1111,33.905029296875,1,0.030517578125,0xAC17D57C,3069,1262,1081,11.98828125,4.9296875,4.22265625,1,0x14,0,0,0,1,0,1,0,0,1,0,,,,,,,,,,,,,,,,,,,,,,
590,10,FREECAM_3D,19.7,732994,22369.20166015625,1138,34.72900390625,28.794376098418276,26,0.79345703125,1112,33.935546875,0,0.0,0x9AB97DEB,3069,1262,1081,11.98828125,4.9296875,4.22265625,1,0x14,0,0,0,1,0,1,0,0,1,0,,,,,,,,,,,,,,,,,,,,,,
591,10,FREECAM_3D,19.733333333333334,734327,22409.881591796875,1333,40.679931640625,24.582145536384097,26,0.79345703125,1307,39.886474609375,0,0.0,0x9F0DFB31,3069,1262,1081,11.98828125,4.9296875,4.22265625,1,0x14,0,0,0,1,0,1,0,0,1,0,,,,,,,,,,,,,,,,,,,,,,
592,10,FREECAM_3D,19.766666666666666,735672,22450.927734375,1345,41.046142578125,24.36282527881041,26,0.79345703125,1319,40.252685546875,0,0.0,0x71DCCEE5,3069,1262,1081,11.98828125,4.9296875,4.22265625,1,0x14,0,0,0,1,0,1,0,0,1,0,,,,,,,,,,,,,,,,,,,,,,
593,10,FREECAM_3D,19.8,737025,22492.218017578125,1353,41.290283203125,24.218773096821877,26,0.79345703125,1326,40.46630859375,1,0.030517578125,0xA5FAE12A,3069,1262,1081,11.98828125,4.9296875,4.22265625,1,0x14,0,0,0,1,0,1,0,0,1,0,,,,,,,,,,,,,,,,,,,,,,
594,10,FREECAM_3D,19.833333333333332,738427,22535.003662109375,1402,42.78564453125,23.372325249643367,26,0.79345703125,1376,41.9921875,0,0.0,0xA5318462,3069,1262,1081,11.98828125,4.9296875,4.22265625,1,0x14,0,0,0,1,0,1,0,0,1,0,,,,,,,,,,,,,,,,,,,,,,
595,10,FREECAM_3D,19.866666666666667,739850,22578.43017578125,1423,43.426513671875,23.02740688685875,25,0.762939453125,1397,42.633056640625,1,0.030517578125,0x0F056F37,3069,1262,1081,11.98828125,4.9296875,4.22265625,1,0x14,0,0,0,1,0,1,0,0,1,0,,,,,,,,,,,,,,,,,,,,,,
596,10,FREECAM_3D,19.9,741301,22622.711181640625,1451,44.281005859375,22.583046175051688,26,0.79345703125,1424,43.45703125,1,0.030517578125,0x3DD7AA69,3069,1262,1081,11.98828125,4.9296875,4.22265625,1,0x14,0,0,0,1,0,1,0,0,1,0,,,,,,,,,,,,,,,,,,,,,,
597,10,FREECAM_3D,19.933333333333334,742798,22668.39599609375,1497,45.684814453125,21.889111556446228,26,0.79345703125,1471,44.891357421875,0,0.0,0xE75BFEC1,3069,1262,1081,11.98828125,4.9296875,4.22265625,1,0x14,0,0,0,1,0,1,0,0,1,0,,,,,,,,,,,,,,,,,,,,,,
598,10,FREECAM_3D,19.966666666666665,744351,22715.789794921875,1553,47.393798828125,21.099806825499034,26,0.79345703125,1527,46.600341796875,0,0.0,0xD5D21860,3069,1262,1081,11.98828125,4.9296875,4.22265625,1,0x14,0,0,0,1,0,1,0,0,1,0,,,,,,,,,,,,,,,,,,,,,,
599,10,FREECAM_3D,20.0,745934,22764.09912109375,1583,48.309326171875,20.699936828806063,26,0.79345703125,1557,47.515869140625,0,0.0,0x95EDCE06,3069,1262,1081,11.98828125,4.9296875,4.22265625,1,0x14,0,0,0,1,0,1,0,0,1,0,,,,,,,,,,,,,,,,,,,,,,
600,10,FREECAM_3D,20.033333333333335,747564,22813.8427734375,1630,49.74365234375,20.103067484662578,26,0.79345703125,1603,48.919677734375,1,0.030517578125,0x63CE50E1,3069,1262,1081,11.98828125,4.9296875,4.22265625,1,0x14,0,0,0,1,0,1,0,0,1,0,,,,,,,,,,,,,,,,,,,,,,
601,10,FREECAM_3D,20.066666666666666,749251,22865.325927734375,1687,51.483154296875,19.423829282750443,26,0.79345703125,1661,50.689697265625,0,0.0,0x6BFB6151,3069,1262,1081,11.98828125,4.9296875,4.22265625,1,0x14,0,0,0,1,0,1,0,0,1,0,,,,,,,,,,,,,,,,,,,,,,
602,10,FREECAM_3D,20.1,750964,22917.6025390625,1713,52.276611328125,19.12901342673672,25,0.762939453125,1688,51.513671875,0,0.0,0xBC1EDF23,3069,1262,1081,11.98828125,4.9296875,4.22265625,1,0x14,0,0,0,1,0,1,0,0,1,0,,,,,,,,,,,,,,,,,,,,,,
603,10,FREECAM_3D,20.133333333333333,752706,22970.76416015625,1742,53.16162109375,18.810562571756602,26,0.79345703125,1716,52.3681640625,0,0.0,0xF7C30E54,3069,1262,1081,11.98828125,4.9296875,4.22265625,1,0x14,0,0,0,1,0,1,0,0,1,0,,,,,,,,,,,,,,,,,,,,,,
604,10,FREECAM_3D,20.166666666666668,754465,23024.444580078125,1759,53.680419921875,18.628766344513927,25,0.762939453125,1733,52.886962890625,1,0.030517578125,0x4540FC6A,3069,1262,1081,11.98828125,4.9296875,4.22265625,1,0x14,0,0,0,1,0,1,0,0,1,0,,,,,,,,,,,,,,,,,,,,,,
605,10,FREECAM_3D,20.2,756254,23079.04052734375,1789,54.595947265625,18.3163778647289,26,0.79345703125,1763,53.802490234375,0,0.0,0x06815C15,3069,1262,1081,11.98828125,4.9296875,4.22265625,1,0x14,0,0,0,1,0,1,0,0,1,0,,,,,,,,,,,,,,,,,,,,,,
606,10,FREECAM_3D,20.233333333333334,758076,23134.6435546875,1822,55.60302734375,17.98463227222832,26,0.79345703125,1796,54.8095703125,0,0.0,0x7CE2CE39,3069,1262,1081,11.98828125,4.9296875,4.22265625,1,0x14,0,0,0,1,0,1,0,0,1,0,,,,,,,,,,,,,,,,,,,,,,
607,10,FREECAM_3D,20.266666666666666,759926,23191.10107421875,1850,56.45751953125,17.712432432432433,25,0.762939453125,1824,55.6640625,1,0.030517578125,0x0BF6A32B,3069,1262,1081,11.98828125,4.9296875,4.22265625,1,0x14,0,0,0,1,0,1,0,0,1,0,,,,,,,,,,,,,,,,,,,,,,
608,10,FREECAM_3D,20.3,761749,23246.734619140625,1823,55.633544921875,17.97476686780033,26,0.79345703125,1797,54.840087890625,0,0.0,0xD06752C8,3069,1262,1081,11.98828125,4.9296875,4.22265625,1,0x14,0,0,0,1,0,1,0,0,1,0,,,,,,,,,,,,,,,,,,,,,,
609,10,FREECAM_3D,20.333333333333332,763630,23304.13818359375,1881,57.403564453125,17.42052099946837,26,0.79345703125,1854,56.57958984375,1,0.030517578125,0x48A2917A,3069,1262,1081,11.98828125,4.9296875,4.22265625,1,0x14,0,0,0,1,0,1,0,0,1,0,,,,,,,,,,,,,,,,,,,,,,
610,10,FREECAM_3D,20.366666666666667,765531,23362.152099609375,1901,58.013916015625,17.237243556023145,26,0.79345703125,1875,57.220458984375,0,0.0,0x8CC51F67,3069,1262,1081,11.98828125,4.9296875,4.22265625,1,0x14,0,0,0,1,0,1,0,0,1,0,,,,,,,,,,,,,,,,,,,,,,
611,10,FREECAM_3D,20.4,767445,23420.562744140625,1914,58.41064453125,17.120167189132708,25,0.762939453125,1888,57.6171875,1,0.030517578125,0xA8F28D70,3069,1262,1081,11.98828125,4.9296875,4.22265625,1,0x14,0,0,0,1,0,1,0,0,1,0,,,,,,,,,,,,,,,,,,,,,,
612,10,FREECAM_3D,20.433333333333334,769377,23479.522705078125,1932,58.9599609375,16.96066252587992,26,0.79345703125,1905,58.135986328125,1,0.030517578125,0xD7079BC0,3069,1262,1081,11.98828125,4.9296875,4.22265625,1,0x16,1,1,0,1,0,1,0,0,1,0,58.074951171875,0.030517578125,0.1220703125,18.4326171875,3.90625,2.044677734375,17.333984375,2.166748046875,0.0,13.031005859375,1.007080078125,0,0,0,0,0,0,0,0,0,0,0
613,10,FREECAM_3D,20.466666666666665,771294,23538.02490234375,1917,58.502197265625,17.09337506520605,26,0.79345703125,1891,57.708740234375,0,0.0,0xDB7D8AB0,3069,1262,1081,11.98828125,4.9296875,4.22265625,1,0x14,0,0,0,1,0,1,0,0,1,0,,,,,,,,,,,,,,,,,,,,,,
614,10,FREECAM_3D,20.5,773226,23596.98486328125,1932,58.9599609375,16.96066252587992,26,0.79345703125,1905,58.135986328125,1,0.030517578125,0xD7079BC0,3069,1262,1081,11.98828125,4.9296875,4.22265625,1,0x14,0,0,0,1,0,1,0,0,-1,0,,,,,,,,,,,,,,,,,,,,,,
615,10,FREECAM_3D,20.533333333333335,775139,23655.364990234375,1913,58.380126953125,17.129116570831155,26,0.79345703125,1887,57.586669921875,0,0.0,0xA8F28D70,3069,1262,1081,11.98828125,4.9296875,4.22265625,1,0x14,0,0,0,1,0,1,0,0,-1,0,,,,,,,,,,,,,,,,,,,,,,
616,10,FREECAM_3D,20.566666666666666,777041,23713.409423828125,1902,58.04443359375,17.228180862250262,26,0.79345703125,1875,57.220458984375,1,0.030517578125,0x8CC51F67,3069,1262,1081,11.98828125,4.9296875,4.22265625,1,0x14,0,0,0,1,0,1,0,0,-1,0,,,,,,,,,,,,,,,,,,,,,,
617,10,FREECAM_3D,20.6,778920,23770.751953125,1879,57.342529296875,17.43906333155934,26,0.79345703125,1853,56.549072265625,0,0.0,0x48A2917A,3069,1262,1081,11.98828125,4.9296875,4.22265625,1,0x14,0,0,0,1,0,1,0,0,-1,0,,,,,,,,,,,,,,,,,,,,,,
618,10,FREECAM_3D,20.633333333333333,780745,23826.446533203125,1825,55.694580078125,17.955068493150684,26,0.79345703125,1798,54.87060546875,1,0.030517578125,0xD06752C8,3069,1262,1081,11.98828125,4.9296875,4.22265625,1,0x14,0,0,0,1,0,1,0,0,-1,0,,,,,,,,,,,,,,,,,,,,,,
619,10,FREECAM_3D,20.666666666666668,782544,23881.34765625,1799,54.901123046875,18.21456364647026,26,0.79345703125,1772,54.0771484375,1,0.030517578125,0x0BF6A32B,3069,1262,1081,11.98828125,4.9296875,4.22265625,1,0x14,0,0,0,1,0,1,0,0,-1,0,,,,,,,,,,,,,,,,,,,,,,
620,10,FREECAM_3D,20.7,784317,23935.455322265625,1773,54.107666015625,18.48166948674563,25,0.762939453125,1747,53.314208984375,1,0.030517578125,0x7CE2CE39,3069,1262,1081,11.98828125,4.9296875,4.22265625,1,0x14,0,0,0,1,0,1,0,0,-1,0,,,,,,,,,,,,,,,,,,,,,,
621,10,FREECAM_3D,20.733333333333334,786060,23988.6474609375,1743,53.192138671875,18.799770510613882,25,0.762939453125,1718,52.42919921875,0,0.0,0x06815C15,3069,1262,1081,11.98828125,4.9296875,4.22265625,1,0x14,0,0,0,1,0,1,0,0,-1,0,,,,,,,,,,,,,,,,,,,,,,
622,10,FREECAM_3D,20.766666666666666,787819,24042.327880859375,1759,53.680419921875,18.628766344513927,26,0.79345703125,1732,52.8564453125,1,0.030517578125,0x4540FC6A,3069,1262,1081,11.98828125,4.9296875,4.22265625,1,0x14,0,0,0,1,0,1,0,0,-1,0,,,,,,,,,,,,,,,,,,,,,,
623,10,FREECAM_3D,20.8,789562,24095.52001953125,1743,53.192138671875,18.799770510613882,26,0.79345703125,1717,52.398681640625,0,0.0,0xF7C30E54,3069,1262,1081,11.98828125,4.9296875,4.22265625,1,0x14,0,0,0,1,0,1,0,0,-1,0,,,,,,,,,,,,,,,,,,,,,,
624,10,FREECAM_3D,20.833333333333332,791276,24147.8271484375,1714,52.30712890625,19.117852975495914,26,0.79345703125,1687,51.483154296875,1,0.030517578125,0xBC1EDF23,3069,1262,1081,11.98828125,4.9296875,4.22265625,1,0x14,0,0,0,1,0,1,0,0,-1,0,,,,,,,,,,,,,,,,,,,,,,
625,10,FREECAM_3D,20.866666666666667,792962,24199.27978515625,1686,51.45263671875,19.43534994068802,25,0.762939453125,1661,50.689697265625,0,0.0,0x6BFB6151,3069,1262,1081,11.98828125,4.9296875,4.22265625,1,0x14,0,0,0,1,0,1,0,0,-1,0,,,,,,,,,,,,,,,,,,,,,,
626,10,FREECAM_3D,20.9,794591,24248.992919921875,1629,49.713134765625,20.115408225905462,25,0.762939453125,1604,48.9501953125,0,0.0,0x63CE50E1,3069,1262,1081,11.98828125,4.9296875,4.22265625,1,0x14,0,0,0,1,0,1,0,0,-1,0,,,,,,,,,,,,,,,,,,,,,,
627,10,FREECAM_3D,20.933333333333334,796175,24297.332763671875,1584,48.33984375,20.68686868686869,26,0.79345703125,1557,47.515869140625,1,0.030517578125,0x95EDCE06,3069,1262,1081,11.98828125,4.9296875,4.22265625,1,0x14,0,0,0,1,0,1,0,0,-1,0,,,,,,,,,,,,,,,,,,,,,,
628,10,FREECAM_3D,20.966666666666665,797729,24344.757080078125,1554,47.42431640625,21.086229086229086,26,0.79345703125,1528,46.630859375,0,0.0,0xD5D21860,3069,1262,1081,11.98828125,4.9296875,4.22265625,1,0x14,0,0,0,1,0,1,0,0,-1,0,,,,,,,,,,,,,,,,,,,,,,
629,10,FREECAM_3D,21.0,799225,24390.411376953125,1496,45.654296875,21.90374331550802,26,0.79345703125,1470,44.86083984375,0,0.0,0xE75BFEC1,3069,1262,1081,11.98828125,4.9296875,4.22265625,1,0x14,0,0,0,1,0,1,0,0,-1,0,,,,,,,,,,,,,,,,,,,,,,
630,10,FREECAM_3D,21.033333333333335,800675,24434.661865234375,1450,44.25048828125,22.59862068965517,26,0.79345703125,1424,43.45703125,0,0.0,0x3DD7AA69,3069,1262,1081,11.98828125,4.9296875,4.22265625,1,0x14,0,0,0,1,0,1,0,0,-1,0,,,,,,,,,,,,,,,,,,,,,,
631,10,FREECAM_3D,21.066666666666666,802098,24478.08837890625,1423,43.426513671875,23.02740688685875,25,0.762939453125,1397,42.633056640625,1,0.030517578125,0x0F056F37,3069,1262,1081,11.98828125,4.9296875,4.22265625,1,0x14,0,0,0,1,0,1,0,0,-1,0,,,,,,,,,,,,,,,,,,,,,,
632,10,FREECAM_3D,21.1,803525,24521.636962890625,1427,43.548583984375,22.962859145059564,26,0.79345703125,1401,42.755126953125,0,0.0,0xA5318462,3069,1262,1081,11.98828125,4.9296875,4.22265625,1,0x14,0,0,0,1,0,1,0,0,-1,0,,,,,,,,,,,,,,,,,,,,,,
633,10,FREECAM_3D,21.133333333333333,804878,24562.92724609375,1353,41.290283203125,24.218773096821877,26,0.79345703125,1327,40.496826171875,0,0.0,0xA5FAE12A,3069,1262,1081,11.98828125,4.9296875,4.22265625,1,0x14,0,0,0,1,0,1,0,0,-1,0,,,,,,,,,,,,,,,,,,,,,,
634,10,FREECAM_3D,21.166666666666668,806223,24603.973388671875,1345,41.046142578125,24.36282527881041,26,0.79345703125,1319,40.252685546875,0,0.0,0x71DCCEE5,3069,1262,1081,11.98828125,4.9296875,4.22265625,1,0x14,0,0,0,1,0,1,0,0,-1,0,,,,,,,,,,,,,,,,,,,,,,
635,10,FREECAM_3D,21.2,807556,24644.6533203125,1333,40.679931640625,24.582145536384097,26,0.79345703125,1307,39.886474609375,0,0.0,0x9F0DFB31,3069,1262,1081,11.98828125,4.9296875,4.22265625,1,0x14,0,0,0,1,0,1,0,0,-1,0,,,,,,,,,,,,,,,,,,,,,,
636,10,FREECAM_3D,21.233333333333334,808693,24679.351806640625,1137,34.698486328125,28.819700967458225,26,0.79345703125,1111,33.905029296875,0,0.0,0x9AB97DEB,3069,1262,1081,11.98828125,4.9296875,4.22265625,1,0x14,0,0,0,1,0,1,0,0,-1,0,,,,,,,,,,,,,,,,,,,,,,
637,10,FREECAM_3D,21.266666666666666,809830,24714.05029296875,1137,34.698486328125,28.819700967458225,25,0.762939453125,1111,33.905029296875,1,0.030517578125,0xAC17D57C,3069,1262,1081,11.98828125,4.9296875,4.22265625,1,0x14,0,0,0,1,0,1,0,0,-1,0,,,,,,,,,,,,,,,,,,,,,,
638,10,FREECAM_3D,21.3,810891,24746.429443359375,1061,32.379150390625,30.88407163053723,26,0.79345703125,1034,31.55517578125,1,0.030517578125,0x351999EE,3069,1262,1081,11.98828125,4.9296875,4.22265625,1,0x14,0,0,0,1,0,1,0,0,-1,0,,,,,,,,,,,,,,,,,,,,,,
639,10,FREECAM_3D,21.333333333333332,811952,24778.80859375,1061,32.379150390625,30.88407163053723,25,0.762939453125,1035,31.585693359375,1,0.030517578125,0x125C255F,3069,1262,1081,11.98828125,4.9296875,4.22265625,1,0x14,0,0,0,1,0,1,0,0,-1,0,,,,,,,,,,,,,,,,,,,,,,
640,10,FREECAM_3D,21.366666666666667,813019,24811.370849609375,1067,32.562255859375,30.710402999062794,25,0.762939453125,1042,31.79931640625,0,0.0,0x1CAD1FE7,3069,1262,1081,11.98828125,4.9296875,4.22265625,1,0x14,0,0,0,1,0,1,0,0,-1,0,,,,,,,,,,,,,,,,,,,,,,
641,10,FREECAM_3D,21.4,814090,24844.05517578125,1071,32.684326171875,30.595704948646127,26,0.79345703125,1045,31.890869140625,0,0.0,0x301ECFFF,3069,1262,1081,11.98828125,4.9296875,4.22265625,1,0x14,0,0,0,1,0,1,0,0,-1,0,,,,,,,,,,,,,,,,,,,,,,
642,10,FREECAM_3D,21.433333333333334,815164,24876.8310546875,1074,32.77587890625,30.51024208566108,26,0.79345703125,1047,31.951904296875,1,0.030517578125,0xBA858160,3069,1262,1081,11.98828125,4.9296875,4.22265625,1,0x14,0,0,0,1,0,1,0,0,-1,0,,,,,,,,,,,,,,,,,,,,,,
643,10,FREECAM_3D,21.466666666666665,816240,24909.66796875,1076,32.8369140625,30.45353159851301,25,0.762939453125,1050,32.04345703125,1,0.030517578125,0x75381BF2,3069,1262,1081,11.98828125,4.9296875,4.22265625,1,0x14,0,0,0,1,0,1,0,0,-1,0,,,,,,,,,,,,,,,,,,,,,,
644,10,FREECAM_3D,21.5,817318,24942.56591796875,1078,32.89794921875,30.397031539888683,25,0.762939453125,1053,32.135009765625,0,0.0,0x0F828D67,3069,1262,1081,11.98828125,4.9296875,4.22265625,1,0x14,0,0,0,1,0,1,0,0,-1,0,,,,,,,,,,,,,,,,,,,,,,
645,10,FREECAM_3D,21.533333333333335,818399,24975.555419921875,1081,32.989501953125,30.31267345050879,26,0.79345703125,1055,32.196044921875,0,0.0,0x7496D160,3069,1262,1081,11.98828125,4.9296875,4.22265625,1,0x14,0,0,0,1,0,1,0,0,-1,0,,,,,,,,,,,,,,,,,,,,,,
646,10,FREECAM_3D,21.566666666666666,819497,25009.063720703125,1098,33.50830078125,29.84335154826958,26,0.79345703125,1072,32.71484375,0,0.0,0x757DE4F2,3069,1262,1081,11.98828125,4.9296875,4.22265625,1,0x14,0,0,0,1,0,1,0,0,-1,0,,,,,,,,,,,,,,,,,,,,,,
647,10,FREECAM_3D,21.6,820599,25042.694091796875,1102,33.63037109375,29.73502722323049,26,0.79345703125,1075,32.806396484375,1,0.030517578125,0x4310EEA4,3069,1262,1081,11.98828125,4.9296875,4.22265625,1,0x14,0,0,0,1,0,1,0,0,-1,0,,,,,,,,,,,,,,,,,,,,,,
648,10,FREECAM_3D,21.633333333333333,821805,25079.498291015625,1206,36.80419921875,27.170812603648425,26,0.79345703125,1179,35.980224609375,1,0.030517578125,0x7EDEF92F,3069,1262,1081,11.98828125,4.9296875,4.22265625,1,0x14,0,0,0,1,0,1,0,0,-1,0,,,,,,,,,,,,,,,,,,,,,,
649,10,FREECAM_3D,21.666666666666668,822995,25115.814208984375,1190,36.31591796875,27.536134453781514,26,0.79345703125,1163,35.491943359375,1,0.030517578125,0x65DFB05A,3069,1262,1081,11.98828125,4.9296875,4.22265625,1,0x14,0,0,0,1,0,1,0,0,-1,0,,,,,,,,,,,,,,,,,,,,,,
650,10,FREECAM_3D,21.7,824277,25154.937744140625,1282,39.12353515625,25.5600624024961,25,0.762939453125,1256,38.330078125,1,0.030517578125,0x1D68886C,3069,1262,1081,11.98828125,4.9296875,4.22265625,1,0x14,0,0,0,1,0,1,0,0,-1,0,,,,,,,,,,,,,,,,,,,,,,
651,10,FREECAM_3D,21.733333333333334,825560,25194.091796875,1283,39.154052734375,25.540140296180827,25,0.762939453125,1258,38.39111328125,0,0.0,0xF20D7777,3069,1262,1081,11.98828125,4.9296875,4.22265625,1,0x14,0,0,0,1,0,1,0,0,-1,0,,,,,,,,,,,,,,,,,,,,,,
652,10,FREECAM_3D,21.766666666666666,826839,25233.123779296875,1279,39.031982421875,25.620015637216575,25,0.762939453125,1254,38.26904296875,0,0.0,0xA44C425B,3069,1262,1081,11.98828125,4.9296875,4.22265625,1,0x14,0,0,0,1,0,1,0,0,-1,0,,,,,,,,,,,,,,,,,,,,,,
653,10,FREECAM_3D,21.8,828104,25271.728515625,1265,38.604736328125,25.903557312252964,26,0.79345703125,1239,37.811279296875,0,0.0,0xC7FFADCF,3069,1262,1081,11.98828125,4.9296875,4.22265625,1,0x14,0,0,0,1,0,1,0,0,-1,0,,,,,,,,,,,,,,,,,,,,,,
654,10,FREECAM_3D,21.833333333333332,829358,25309.99755859375,1254,38.26904296875,26.130781499202552,26,0.79345703125,1227,37.445068359375,1,0.030517578125,0xA3747F26,3069,1262,1081,11.98828125,4.9296875,4.22265625,1,0x14,0,0,0,1,0,1,0,0,-1,0,,,,,,,,,,,,,,,,,,,,,,
655,10,FREECAM_3D,21.866666666666667,830597,25347.808837890625,1239,37.811279296875,26.447134786117836,26,0.79345703125,1212,36.9873046875,1,0.030517578125,0xAE96CAD8,3069,1262,1081,11.98828125,4.9296875,4.22265625,1,0x14,0,0,0,1,0,1,0,0,-1,0,,,,,,,,,,,,,,,,,,,,,,
656,10,FREECAM_3D,21.9,831823,25385.223388671875,1226,37.41455078125,26.72756933115824,25,0.762939453125,1201,36.651611328125,0,0.0,0x58F5109B,3069,1262,1081,11.98828125,4.9296875,4.22265625,1,0x14,0,0,0,1,0,1,0,0,-1,0,,,,,,,,,,,,,,,,,,,,,,
657,10,FREECAM_3D,21.933333333333334,833031,25422.088623046875,1208,36.865234375,27.125827814569536,26,0.79345703125,1182,36.07177734375,0,0.0,0x87F93679,3069,1262,1081,11.98828125,4.9296875,4.22265625,1,0x14,0,0,0,1,0,1,0,0,-1,0,,,,,,,,,,,,,,,,,,,,,,
658,10,FREECAM_3D,21.966666666666665,834227,25458.587646484375,1196,36.4990234375,27.39799331103679,25,0.762939453125,1171,35.736083984375,0,0.0,0x99232FBD,3069,1262,1081,11.98828125,4.9296875,4.22265625,1,0x14,0,0,0,1,0,1,0,0,-1,0,,,,,,,,,,,,,,,,,,,,,,
659,10,FREECAM_3D,22.0,835422,25495.05615234375,1195,36.468505859375,27.42092050209205,26,0.79345703125,1168,35.64453125,1,0.030517578125,0xB16D2C2A,3069,1262,1081,11.98828125,4.9296875,4.22265625,1,0x14,0,0,0,1,0,1,0,0,-1,0,,,,,,,,,,,,,,,,,,,,,,
660,10,FREECAM_3D,22.033333333333335,836580,25530.3955078125,1158,35.33935546875,28.29706390328152,26,0.79345703125,1132,34.5458984375,0,0.0,0x97B6A86E,3069,1262,1081,11.98828125,4.9296875,4.22265625,1,0x14,0,0,0,1,0,1,0,0,-1,0,,,,,,,,,,,,,,,,,,,,,,
661,10,FREECAM_3D,22.066666666666666,837731,25565.521240234375,1151,35.125732421875,28.46915725456125,26,0.79345703125,1125,34.332275390625,0,0.0,0xD6FA1B1C,3069,1262,1081,11.98828125,4.9296875,4.22265625,1,0x14,0,0,0,1,0,1,0,0,-1,0,,,,,,,,,,,,,,,,,,,,,,
662,10,FREECAM_3D,22.1,838867,25600.189208984375,1136,34.66796875,28.845070422535212,26,0.79345703125,1110,33.87451171875,0,0.0,0x8B4C3E5A,3069,1262,1081,11.98828125,4.9296875,4.22265625,1,0x14,0,0,0,1,0,1,0,0,-1,0,,,,,,,,,,,,,,,,,,,,,,
663,10,FREECAM_3D,22.133333333333333,839998,25634.70458984375,1131,34.515380859375,28.97259062776304,21,0.640869140625,1110,33.87451171875,0,0.0,0x8B4C3E5A,3069,1262,1081,11.98828125,4.9296875,4.22265625,1,0x10,0,0,0,0,0,1,0,0,-1,0,,,,,,,,,,,,,,,,,,,,,,
664,10,FREECAM_3D,22.166666666666668,841130,25669.25048828125,1132,34.5458984375,28.946996466431095,21,0.640869140625,1111,33.905029296875,0,0.0,0x8B4C3E5A,3069,1262,1081,11.98828125,4.9296875,4.22265625,1,0x10,0,0,0,0,0,1,0,0,-1,0,,,,,,,,,,,,,,,,,,,,,,
665,10,FREECAM_3D,22.2,842264,25703.857421875,1134,34.60693359375,28.895943562610228,22,0.67138671875,1111,33.905029296875,1,0.030517578125,0x8B4C3E5A,3069,1262,1081,11.98828125,4.9296875,4.22265625,1,0x10,0,0,0,0,0,1,0,0,-1,0,,,,,,,,,,,,,,,,,,,,,,
666,10,FREECAM_3D,22.233333333333334,843397,25738.433837890625,1133,34.576416015625,28.92144748455428,22,0.67138671875,1110,33.87451171875,1,0.030517578125,0x8B4C3E5A,3069,1262,1081,11.98828125,4.9296875,4.22265625,1,0x10,0,0,0,0,0,1,0,0,-1,0,,,,,,,,,,,,,,,,,,,,,,
667,10,FREECAM_3D,22.266666666666666,844528,25772.94921875,1131,34.515380859375,28.97259062776304,21,0.640869140625,1110,33.87451171875,0,0.0,0x8B4C3E5A,3069,1262,1081,11.98828125,4.9296875,4.22265625,1,0x10,0,0,0,0,0,1,0,0,-1,0,,,,,,,,,,,,,,,,,,,,,,
668,10,FREECAM_3D,22.3,845660,25807.4951171875,1132,34.5458984375,28.946996466431095,21,0.640869140625,1111,33.905029296875,0,0.0,0x8B4C3E5A,3069,1262,1081,11.98828125,4.9296875,4.22265625,1,0x10,0,0,0,0,0,1,0,0,-1,0,,,,,,,,,,,,,,,,,,,,,,
669,10,FREECAM_3D,22.333333333333332,846793,25842.071533203125,1133,34.576416015625,28.92144748455428,21,0.640869140625,1111,33.905029296875,1,0.030517578125,0x8B4C3E5A,3069,1262,1081,11.98828125,4.9296875,4.22265625,1,0x10,0,0,0,0,0,1,0,0,-1,0,,,,,,,,,,,,,,,,,,,,,,
670,10,FREECAM_3D,22.366666666666667,847926,25876.64794921875,1133,34.576416015625,28.92144748455428,22,0.67138671875,1110,33.87451171875,1,0.030517578125,0x8B4C3E5A,3069,1262,1081,11.98828125,4.9296875,4.22265625,1,0x10,0,0,0,0,0,1,0,0,-1,0,,,,,,,,,,,,,,,,,,,,,,
671,10,FREECAM_3D,22.4,849057,25911.163330078125,1131,34.515380859375,28.97259062776304,21,0.640869140625,1110,33.87451171875,0,0.0,0x8B4C3E5A,3069,1262,1081,11.98828125,4.9296875,4.22265625,1,0x10,0,0,0,0,0,1,0,0,-1,0,,,,,,,,,,,,,,,,,,,,,,
672,10,FREECAM_3D,22.433333333333334,850188,25945.6787109375,1131,34.515380859375,28.97259062776304,21,0.640869140625,1110,33.87451171875,0,0.0,0x8B4C3E5A,3069,1262,1081,11.98828125,4.9296875,4.22265625,1,0x10,0,0,0,0,0,1,0,0,-1,0,,,,,,,,,,,,,,,,,,,,,,
673,10,FREECAM_3D,22.466666666666665,851320,25980.224609375,1132,34.5458984375,28.946996466431095,21,0.640869140625,1111,33.905029296875,0,0.0,0x8B4C3E5A,3069,1262,1081,11.98828125,4.9296875,4.22265625,1,0x10,0,0,0,0,0,1,0,0,-1,0,,,,,,,,,,,,,,,,,,,,,,
674,10,FREECAM_3D,22.5,852454,26014.83154296875,1134,34.60693359375,28.895943562610228,22,0.67138671875,1111,33.905029296875,1,0.030517578125,0x8B4C3E5A,3069,1262,1081,11.98828125,4.9296875,4.22265625,1,0x10,0,0,0,0,0,1,0,0,-1,0,,,,,,,,,,,,,,,,,,,,,,
675,10,FREECAM_3D,22.533333333333335,853587,26049.407958984375,1133,34.576416015625,28.92144748455428,22,0.67138671875,1110,33.87451171875,1,0.030517578125,0x8B4C3E5A,3069,1262,1081,11.98828125,4.9296875,4.22265625,1,0x10,0,0,0,0,0,1,0,0,-1,0,,,,,,,,,,,,,,,,,,,,,,
676,10,FREECAM_3D,22.566666666666666,854718,26083.92333984375,1131,34.515380859375,28.97259062776304,21,0.640869140625,1110,33.87451171875,0,0.0,0x8B4C3E5A,3069,1262,1081,11.98828125,4.9296875,4.22265625,1,0x10,0,0,0,0,0,1,0,0,-1,0,,,,,,,,,,,,,,,,,,,,,,
677,10,FREECAM_3D,22.6,855850,26118.46923828125,1132,34.5458984375,28.946996466431095,21,0.640869140625,1111,33.905029296875,0,0.0,0x8B4C3E5A,3069,1262,1081,11.98828125,4.9296875,4.22265625,1,0x10,0,0,0,0,0,1,0,0,-1,0,,,,,,,,,,,,,,,,,,,,,,
678,10,FREECAM_3D,22.633333333333333,856983,26153.045654296875,1133,34.576416015625,28.92144748455428,21,0.640869140625,1111,33.905029296875,1,0.030517578125,0x8B4C3E5A,3069,1262,1081,11.98828125,4.9296875,4.22265625,1,0x10,0,0,0,0,0,1,0,0,-1,0,,,,,,,,,,,,,,,,,,,,,,
679,10,FREECAM_3D,22.666666666666668,858116,26187.6220703125,1133,34.576416015625,28.92144748455428,22,0.67138671875,1110,33.87451171875,1,0.030517578125,0x8B4C3E5A,3069,1262,1081,11.98828125,4.9296875,4.22265625,1,0x10,0,0,0,0,0,1,0,0,-1,0,,,,,,,,,,,,,,,,,,,,,,
680,10,FREECAM_3D,22.7,859247,26222.137451171875,1131,34.515380859375,28.97259062776304,21,0.640869140625,1110,33.87451171875,0,0.0,0x8B4C3E5A,3069,1262,1081,11.98828125,4.9296875,4.22265625,1,0x10,0,0,0,0,0,1,0,0,-1,0,,,,,,,,,,,,,,,,,,,,,,
681,10,FREECAM_3D,22.733333333333334,860378,26256.65283203125,1131,34.515380859375,28.97259062776304,21,0.640869140625,1110,33.87451171875,0,0.0,0x8B4C3E5A,3069,1262,1081,11.98828125,4.9296875,4.22265625,1,0x10,0,0,0,0,0,1,0,0,-1,0,,,,,,,,,,,,,,,,,,,,,,
682,10,FREECAM_3D,22.766666666666666,861510,26291.19873046875,1132,34.5458984375,28.946996466431095,21,0.640869140625,1111,33.905029296875,0,0.0,0x8B4C3E5A,3069,1262,1081,11.98828125,4.9296875,4.22265625,1,0x10,0,0,0,0,0,1,0,0,-1,0,,,,,,,,,,,,,,,,,,,,,,
683,10,FREECAM_3D,22.8,862644,26325.8056640625,1134,34.60693359375,28.895943562610228,22,0.67138671875,1111,33.905029296875,1,0.030517578125,0x8B4C3E5A,3069,1262,1081,11.98828125,4.9296875,4.22265625,1,0x10,0,0,0,0,0,1,0,0,-1,0,,,,,,,,,,,,,,,,,,,,,,
684,10,FREECAM_3D,22.833333333333332,863777,26360.382080078125,1133,34.576416015625,28.92144748455428,22,0.67138671875,1110,33.87451171875,1,0.030517578125,0x8B4C3E5A,3069,1262,1081,11.98828125,4.9296875,4.22265625,1,0x10,0,0,0,0,0,1,0,0,-1,0,,,,,,,,,,,,,,,,,,,,,,
685,10,FREECAM_3D,22.866666666666667,864908,26394.8974609375,1131,34.515380859375,28.97259062776304,21,0.640869140625,1110,33.87451171875,0,0.0,0x8B4C3E5A,3069,1262,1081,11.98828125,4.9296875,4.22265625,1,0x10,0,0,0,0,0,1,0,0,-1,0,,,,,,,,,,,,,,,,,,,,,,
686,10,FREECAM_3D,22.9,866040,26429.443359375,1132,34.5458984375,28.946996466431095,21,0.640869140625,1111,33.905029296875,0,0.0,0x8B4C3E5A,3069,1262,1081,11.98828125,4.9296875,4.22265625,1,0x10,0,0,0,0,0,1,0,0,-1,0,,,,,,,,,,,,,,,,,,,,,,
687,10,FREECAM_3D,22.933333333333334,867173,26464.019775390625,1133,34.576416015625,28.92144748455428,21,0.640869140625,1111,33.905029296875,1,0.030517578125,0x8B4C3E5A,3069,1262,1081,11.98828125,4.9296875,4.22265625,1,0x10,0,0,0,0,0,1,0,0,-1,0,,,,,,,,,,,,,,,,,,,,,,
688,10,FREECAM_3D,22.966666666666665,868306,26498.59619140625,1133,34.576416015625,28.92144748455428,22,0.67138671875,1110,33.87451171875,1,0.030517578125,0x8B4C3E5A,3069,1262,1081,11.98828125,4.9296875,4.22265625,1,0x10,0,0,0,0,0,1,0,0,-1,0,,,,,,,,,,,,,,,,,,,,,,
689,10,FREECAM_3D,23.0,869437,26533.111572265625,1131,34.515380859375,28.97259062776304,21,0.640869140625,1110,33.87451171875,0,0.0,0x8B4C3E5A,3069,1262,1081,11.98828125,4.9296875,4.22265625,1,0x10,0,0,0,0,0,1,0,0,-1,0,,,,,,,,,,,,,,,,,,,,,,
690,10,FREECAM_3D,23.033333333333335,870568,26567.626953125,1131,34.515380859375,28.97259062776304,21,0.640869140625,1110,33.87451171875,0,0.0,0x8B4C3E5A,3069,1262,1081,11.98828125,4.9296875,4.22265625,1,0x10,0,0,0,0,0,1,0,0,-1,0,,,,,,,,,,,,,,,,,,,,,,
691,10,FREECAM_3D,23.066666666666666,871700,26602.1728515625,1132,34.5458984375,28.946996466431095,21,0.640869140625,1111,33.905029296875,0,0.0,0x8B4C3E5A,3069,1262,1081,11.98828125,4.9296875,4.22265625,1,0x10,0,0,0,0,0,1,0,0,-1,0,,,,,,,,,,,,,,,,,,,,,,
692,10,FREECAM_3D,23.1,872834,26636.77978515625,1134,34.60693359375,28.895943562610228,22,0.67138671875,1111,33.905029296875,1,0.030517578125,0x8B4C3E5A,3069,1262,1081,11.98828125,4.9296875,4.22265625,1,0x10,0,0,0,0,0,1,0,0,-1,0,,,,,,,,,,,,,,,,,,,,,,
693,10,FREECAM_3D,23.133333333333333,873967,26671.356201171875,1133,34.576416015625,28.92144748455428,22,0.67138671875,1110,33.87451171875,1,0.030517578125,0x8B4C3E5A,3069,1262,1081,11.98828125,4.9296875,4.22265625,1,0x10,0,0,0,0,0,1,0,0,-1,0,,,,,,,,,,,,,,,,,,,,,,
694,10,FREECAM_3D,23.166666666666668,875098,26705.87158203125,1131,34.515380859375,28.97259062776304,21,0.640869140625,1110,33.87451171875,0,0.0,0x8B4C3E5A,3069,1262,1081,11.98828125,4.9296875,4.22265625,1,0x10,0,0,0,0,0,1,0,0,-1,0,,,,,,,,,,,,,,,,,,,,,,
695,10,FREECAM_3D,23.2,876230,26740.41748046875,1132,34.5458984375,28.946996466431095,21,0.640869140625,1111,33.905029296875,0,0.0,0x8B4C3E5A,3069,1262,1081,11.98828125,4.9296875,4.22265625,1,0x10,0,0,0,0,0,1,0,0,-1,0,,,,,,,,,,,,,,,,,,,,,,
696,10,FREECAM_3D,23.233333333333334,877363,26774.993896484375,1133,34.576416015625,28.92144748455428,21,0.640869140625,1111,33.905029296875,1,0.030517578125,0x8B4C3E5A,3069,1262,1081,11.98828125,4.9296875,4.22265625,1,0x10,0,0,0,0,0,1,0,0,-1,0,,,,,,,,,,,,,,,,,,,,,,
697,10,FREECAM_3D,23.266666666666666,878496,26809.5703125,1133,34.576416015625,28.92144748455428,22,0.67138671875,1110,33.87451171875,1,0.030517578125,0x8B4C3E5A,3069,1262,1081,11.98828125,4.9296875,4.22265625,1,0x10,0,0,0,0,0,1,0,0,-1,0,,,,,,,,,,,,,,,,,,,,,,
698,10,FREECAM_3D,23.3,879628,26844.1162109375,1132,34.5458984375,28.946996466431095,22,0.67138671875,1110,33.87451171875,0,0.0,0x8B4C3E5A,3069,1262,1081,11.98828125,4.9296875,4.22265625,1,0x10,0,0,0,0,0,1,0,0,-1,0,,,,,,,,,,,,,,,,,,,,,,
699,10,FREECAM_3D,23.333333333333332,880759,26878.631591796875,1131,34.515380859375,28.97259062776304,21,0.640869140625,1110,33.87451171875,0,0.0,0x8B4C3E5A,3069,1262,1081,11.98828125,4.9296875,4.22265625,1,0x10,0,0,0,0,0,1,0,0,-1,0,,,,,,,,,,,,,,,,,,,,,,
700,10,FREECAM_3D,23.366666666666667,881891,26913.177490234375,1132,34.5458984375,28.946996466431095,21,0.640869140625,1111,33.905029296875,0,0.0,0x8B4C3E5A,3069,1262,1081,11.98828125,4.9296875,4.22265625,1,0x10,0,0,0,0,0,1,0,0,-1,0,,,,,,,,,,,,,,,,,,,,,,
701,10,FREECAM_3D,23.4,883025,26947.784423828125,1134,34.60693359375,28.895943562610228,22,0.67138671875,1111,33.905029296875,1,0.030517578125,0x8B4C3E5A,3069,1262,1081,11.98828125,4.9296875,4.22265625,1,0x10,0,0,0,0,0,1,0,0,-1,0,,,,,,,,,,,,,,,,,,,,,,
702,10,FREECAM_3D,23.433333333333334,884158,26982.36083984375,1133,34.576416015625,28.92144748455428,22,0.67138671875,1110,33.87451171875,1,0.030517578125,0x8B4C3E5A,3069,1262,1081,11.98828125,4.9296875,4.22265625,1,0x10,0,0,0,0,0,1,0,0,-1,0,,,,,,,,,,,,,,,,,,,,,,
703,10,FREECAM_3D,23.466666666666665,885289,27016.876220703125,1131,34.515380859375,28.97259062776304,21,0.640869140625,1110,33.87451171875,0,0.0,0x8B4C3E5A,3069,1262,1081,11.98828125,4.9296875,4.22265625,1,0x10,0,0,0,0,0,1,0,0,-1,0,,,,,,,,,,,,,,,,,,,,,,
704,10,FREECAM_3D,23.5,886421,27051.422119140625,1132,34.5458984375,28.946996466431095,21,0.640869140625,1111,33.905029296875,0,0.0,0x8B4C3E5A,3069,1262,1081,11.98828125,4.9296875,4.22265625,1,0x10,0,0,0,0,0,1,0,0,-1,0,,,,,,,,,,,,,,,,,,,,,,
705,10,FREECAM_3D,23.533333333333335,887554,27085.99853515625,1133,34.576416015625,28.92144748455428,21,0.640869140625,1111,33.905029296875,1,0.030517578125,0x8B4C3E5A,3069,1262,1081,11.98828125,4.9296875,4.22265625,1,0x10,0,0,0,0,0,1,0,0,-1,0,,,,,,,,,,,,,,,,,,,,,,
706,10,FREECAM_3D,23.566666666666666,888687,27120.574951171875,1133,34.576416015625,28.92144748455428,22,0.67138671875,1110,33.87451171875,1,0.030517578125,0x8B4C3E5A,3069,1262,1081,11.98828125,4.9296875,4.22265625,1,0x10,0,0,0,0,0,1,0,0,-1,0,,,,,,,,,,,,,,,,,,,,,,
707,10,FREECAM_3D,23.6,889819,27155.120849609375,1132,34.5458984375,28.946996466431095,22,0.67138671875,1110,33.87451171875,0,0.0,0x8B4C3E5A,3069,1262,1081,11.98828125,4.9296875,4.22265625,1,0x10,0,0,0,0,0,1,0,0,-1,0,,,,,,,,,,,,,,,,,,,,,,
708,10,FREECAM_3D,23.633333333333333,890950,27189.63623046875,1131,34.515380859375,28.97259062776304,21,0.640869140625,1110,33.87451171875,0,0.0,0x8B4C3E5A,3069,1262,1081,11.98828125,4.9296875,4.22265625,1,0x10,0,0,0,0,0,1,0,0,-1,0,,,,,,,,,,,,,,,,,,,,,,
709,10,FREECAM_3D,23.666666666666668,892082,27224.18212890625,1132,34.5458984375,28.946996466431095,21,0.640869140625,1111,33.905029296875,0,0.0,0x8B4C3E5A,3069,1262,1081,11.98828125,4.9296875,4.22265625,1,0x10,0,0,0,0,0,1,0,0,-1,0,,,,,,,,,,,,,,,,,,,,,,
710,10,FREECAM_3D,23.7,893233,27259.307861328125,1151,35.125732421875,28.46915725456125,26,0.79345703125,1124,34.3017578125,1,0.030517578125,0xD6FA1B1C,3069,1262,1081,11.98828125,4.9296875,4.22265625,1,0x14,0,0,0,1,0,1,0,0,1,0,,,,,,,,,,,,,,,,,,,,,,
711,10,FREECAM_3D,23.733333333333334,894390,27294.61669921875,1157,35.308837890625,28.32152117545376,25,0.762939453125,1132,34.5458984375,0,0.0,0x97B6A86E,3069,1262,1081,11.98828125,4.9296875,4.22265625,1,0x14,0,0,0,1,0,1,0,0,1,0,,,,,,,,,,,,,,,,,,,,,,
712,10,FREECAM_3D,23.766666666666666,895585,27331.085205078125,1195,36.468505859375,27.42092050209205,26,0.79345703125,1168,35.64453125,1,0.030517578125,0xB16D2C2A,3069,1262,1081,11.98828125,4.9296875,4.22265625,1,0x14,0,0,0,1,0,1,0,0,1,0,,,,,,,,,,,,,,,,,,,,,,
713,10,FREECAM_3D,23.8,896782,27367.61474609375,1197,36.529541015625,27.375104427736005,26,0.79345703125,1170,35.70556640625,1,0.030517578125,0x99232FBD,3069,1262,1081,11.98828125,4.9296875,4.22265625,1,0x14,0,0,0,1,0,1,0,0,1,0,,,,,,,,,,,,,,,,,,,,,,
714,10,FREECAM_3D,23.833333333333332,897990,27404.47998046875,1208,36.865234375,27.125827814569536,25,0.762939453125,1183,36.102294921875,0,0.0,0x87F93679,3069,1262,1081,11.98828125,4.9296875,4.22265625,1,0x14,0,0,0,1,0,1,0,0,1,0,,,,,,,,,,,,,,,,,,,,,,
715,10,FREECAM_3D,23.866666666666667,899216,27441.89453125,1226,37.41455078125,26.72756933115824,26,0.79345703125,1200,36.62109375,0,0.0,0x58F5109B,3069,1262,1081,11.98828125,4.9296875,4.22265625,1,0x14,0,0,0,1,0,1,0,0,1,0,,,,,,,,,,,,,,,,,,,,,,
716,10,FREECAM_3D,23.9,900454,27479.67529296875,1238,37.78076171875,26.468497576736674,26,0.79345703125,1212,36.9873046875,0,0.0,0xAE96CAD8,3069,1262,1081,11.98828125,4.9296875,4.22265625,1,0x14,0,0,0,1,0,1,0,0,1,0,,,,,,,,,,,,,,,,,,,,,,
717,10,FREECAM_3D,23.933333333333334,901707,27517.913818359375,1253,38.238525390625,26.151636073423784,26,0.79345703125,1226,37.41455078125,1,0.030517578125,0xA3747F26,3069,1262,1081,11.98828125,4.9296875,4.22265625,1,0x14,0,0,0,1,0,1,0,0,1,0,,,,,,,,,,,,,,,,,,,,,,
718,10,FREECAM_3D,23.966666666666665,902973,27556.549072265625,1266,38.63525390625,25.88309636650869,26,0.79345703125,1240,37.841796875,0,0.0,0xC7FFADCF,3069,1262,1081,11.98828125,4.9296875,4.22265625,1,0x14,0,0,0,1,0,1,0,0,1,0,,,,,,,,,,,,,,,,,,,,,,
719,10,FREECAM_3D,24.0,904253,27595.611572265625,1280,39.0625,25.6,26,0.79345703125,1253,38.238525390625,1,0.030517578125,0xA44C425B,3069,1262,1081,11.98828125,4.9296875,4.22265625,1,0x14,0,0,0,1,0,1,0,0,1,0,,,,,,,,,,,,,,,,,,,,,,
720,10,FREECAM_3D,24.033333333333335,905536,27634.765625,1283,39.154052734375,25.540140296180827,25,0.762939453125,1258,38.39111328125,0,0.0,0xF20D7777,3069,1262,1081,11.98828125,4.9296875,4.22265625,1,0x14,0,0,0,1,0,1,0,0,1,0,,,,,,,,,,,,,,,,,,,,,,
721,10,FREECAM_3D,24.066666666666666,906818,27673.88916015625,1282,39.12353515625,25.5600624024961,25,0.762939453125,1256,38.330078125,1,0.030517578125,0x1D68886C,3069,1262,1081,11.98828125,4.9296875,4.22265625,1,0x14,0,0,0,1,0,1,0,0,1,0,,,,,,,,,,,,,,,,,,,,,,
722,10,FREECAM_3D,24.1,908007,27710.174560546875,1189,36.285400390625,27.55929352396972,25,0.762939453125,1164,35.5224609375,0,0.0,0x65DFB05A,3069,1262,1081,11.98828125,4.9296875,4.22265625,1,0x14,0,0,0,1,0,1,0,0,1,0,,,,,,,,,,,,,,,,,,,,,,
723,10,FREECAM_3D,24.133333333333333,909212,27746.9482421875,1205,36.773681640625,27.19336099585062,26,0.79345703125,1179,35.980224609375,0,0.0,0x7EDEF92F,3069,1262,1081,11.98828125,4.9296875,4.22265625,1,0x14,0,0,0,1,0,1,0,0,1,0,,,,,,,,,,,,,,,,,,,,,,
724,10,FREECAM_3D,24.166666666666668,910314,27780.57861328125,1102,33.63037109375,29.73502722323049,26,0.79345703125,1075,32.806396484375,1,0.030517578125,0x4310EEA4,3069,1262,1081,11.98828125,4.9296875,4.22265625,1,0x14,0,0,0,1,0,1,0,0,1,0,,,,,,,,,,,,,,,,,,,,,,
725,10,FREECAM_3D,24.2,911413,27814.117431640625,1099,33.538818359375,29.816196542311193,26,0.79345703125,1073,32.745361328125,0,0.0,0x757DE4F2,3069,1262,1081,11.98828125,4.9296875,4.22265625,1,0x14,0,0,0,1,0,1,0,0,1,0,,,,,,,,,,,,,,,,,,,,,,
726,10,FREECAM_3D,24.233333333333334,912494,27847.10693359375,1081,32.989501953125,30.31267345050879,26,0.79345703125,1055,32.196044921875,0,0.0,0x7496D160,3069,1262,1081,11.98828125,4.9296875,4.22265625,1,0x14,0,0,0,1,0,1,0,0,1,0,,,,,,,,,,,,,,,,,,,,,,
727,10,FREECAM_3D,24.266666666666666,913572,27880.0048828125,1078,32.89794921875,30.397031539888683,26,0.79345703125,1052,32.1044921875,0,0.0,0x0F828D67,3069,1262,1081,11.98828125,4.9296875,4.22265625,1,0x14,0,0,0,1,0,1,0,0,1,0,,,,,,,,,,,,,,,,,,,,,,
728,10,FREECAM_3D,24.3,914647,27912.811279296875,1075,32.806396484375,30.48186046511628,25,0.762939453125,1050,32.04345703125,0,0.0,0x75381BF2,3069,1262,1081,11.98828125,4.9296875,4.22265625,1,0x14,0,0,0,1,0,1,0,0,1,0,,,,,,,,,,,,,,,,,,,,,,
729,10,FREECAM_3D,24.333333333333332,915721,27945.587158203125,1074,32.77587890625,30.51024208566108,25,0.762939453125,1048,31.982421875,1,0.030517578125,0xBA858160,3069,1262,1081,11.98828125,4.9296875,4.22265625,1,0x14,0,0,0,1,0,1,0,0,1,0,,,,,,,,,,,,,,,,,,,,,,
730,10,FREECAM_3D,24.366666666666667,916792,27978.271484375,1071,32.684326171875,30.595704948646127,26,0.79345703125,1045,31.890869140625,0,0.0,0x301ECFFF,3069,1262,1081,11.98828125,4.9296875,4.22265625,1,0x14,0,0,0,1,0,1,0,0,1,0,,,,,,,,,,,,,,,,,,,,,,
731,10,FREECAM_3D,24.4,917859,28010.833740234375,1067,32.562255859375,30.710402999062794,26,0.79345703125,1041,31.768798828125,0,0.0,0x1CAD1FE7,3069,1262,1081,11.98828125,4.9296875,4.22265625,1,0x14,0,0,0,1,0,1,0,0,1,0,,,,,,,,,,,,,,,,,,,,,,
732,10,FREECAM_3D,24.433333333333334,918920,28043.212890625,1061,32.379150390625,30.88407163053723,26,0.79345703125,1035,31.585693359375,0,0.0,0x125C255F,3069,1262,1081,11.98828125,4.9296875,4.22265625,1,0x14,0,0,0,1,0,1,0,0,1,0,,,,,,,,,,,,,,,,,,,,,,
733,10,FREECAM_3D,24.466666666666665,919980,28075.5615234375,1060,32.3486328125,30.91320754716981,26,0.79345703125,1034,31.55517578125,0,0.0,0x351999EE,3069,1262,1081,11.98828125,4.9296875,4.22265625,1,0x14,0,0,0,1,0,1,0,0,1,0,,,,,,,,,,,,,,,,,,,,,,
734,10,FREECAM_3D,24.5,921118,28110.29052734375,1138,34.72900390625,28.794376098418276,26,0.79345703125,1111,33.905029296875,1,0.030517578125,0xAC17D57C,3069,1262,1081,11.98828125,4.9296875,4.22265625,1,0x14,0,0,0,1,0,1,0,0,1,0,,,,,,,,,,,,,,,,,,,,,,
735,10,FREECAM_3D,24.533333333333335,922256,28145.01953125,1138,34.72900390625,28.794376098418276,25,0.762939453125,1112,33.935546875,1,0.030517578125,0x9AB97DEB,3069,1262,1081,11.98828125,4.9296875,4.22265625,1,0x14,0,0,0,1,0,1,0,0,1,0,,,,,,,,,,,,,,,,,,,,,,
736,10,FREECAM_3D,24.566666666666666,923590,28185.72998046875,1334,40.71044921875,24.563718140929534,26,0.79345703125,1307,39.886474609375,1,0.030517578125,0x9F0DFB31,3069,1262,1081,11.98828125,4.9296875,4.22265625,1,0x14,0,0,0,1,0,1,0,0,1,0,,,,,,,,,,,,,,,,,,,,,,
737,10,FREECAM_3D,24.6,924936,28226.806640625,1346,41.07666015625,24.344725111441306,26,0.79345703125,1319,40.252685546875,1,0.030517578125,0x71DCCEE5,3069,1262,1081,11.98828125,4.9296875,4.22265625,1,0x14,0,0,0,1,0,1,0,0,1,0,,,,,,,,,,,,,,,,,,,,,,
738,10,FREECAM_3D,24.633333333333333,926289,28268.096923828125,1353,41.290283203125,24.218773096821877,26,0.79345703125,1326,40.46630859375,1,0.030517578125,0xA5FAE12A,3069,1262,1081,11.98828125,4.9296875,4.22265625,1,0x14,0,0,0,1,0,1,0,0,1,0,,,,,,,,,,,,,,,,,,,,,,
739,10,FREECAM_3D,24.666666666666668,927691,28310.882568359375,1402,42.78564453125,23.372325249643367,26,0.79345703125,1376,41.9921875,0,0.0,0xA5318462,3069,1262,1081,11.98828125,4.9296875,4.22265625,1,0x14,0,0,0,1,0,1,0,0,1,0,,,,,,,,,,,,,,,,,,,,,,
740,10,FREECAM_3D,24.7,929115,28354.339599609375,1424,43.45703125,23.01123595505618,26,0.79345703125,1397,42.633056640625,1,0.030517578125,0x0F056F37,3069,1262,1081,11.98828125,4.9296875,4.22265625,1,0x14,0,0,0,1,0,1,0,0,1,0,,,,,,,,,,,,,,,,,,,,,,
741,10,FREECAM_3D,24.733333333333334,930565,28398.590087890625,1450,44.25048828125,22.59862068965517,25,0.762939453125,1424,43.45703125,1,0.030517578125,0x3DD7AA69,3069,1262,1081,11.98828125,4.9296875,4.22265625,1,0x14,0,0,0,1,0,1,0,0,1,0,,,,,,,,,,,,,,,,,,,,,,
742,10,FREECAM_3D,24.766666666666666,932062,28444.27490234375,1497,45.684814453125,21.889111556446228,26,0.79345703125,1471,44.891357421875,0,0.0,0xE75BFEC1,3069,1262,1081,11.98828125,4.9296875,4.22265625,1,0x14,0,0,0,1,0,1,0,0,1,0,,,,,,,,,,,,,,,,,,,,,,
743,10,FREECAM_3D,24.8,933616,28491.69921875,1554,47.42431640625,21.086229086229086,26,0.79345703125,1528,46.630859375,0,0.0,0xD5D21860,3069,1262,1081,11.98828125,4.9296875,4.22265625,1,0x14,0,0,0,1,0,1,0,0,1,0,,,,,,,,,,,,,,,,,,,,,,
744,10,FREECAM_3D,24.833333333333332,935199,28540.008544921875,1583,48.309326171875,20.699936828806063,26,0.79345703125,1557,47.515869140625,0,0.0,0x95EDCE06,3069,1262,1081,11.98828125,4.9296875,4.22265625,1,0x14,0,0,0,1,0,1,0,0,1,0,,,,,,,,,,,,,,,,,,,,,,
745,10,FREECAM_3D,24.866666666666667,936829,28589.752197265625,1630,49.74365234375,20.103067484662578,26,0.79345703125,1603,48.919677734375,1,0.030517578125,0x63CE50E1,3069,1262,1081,11.98828125,4.9296875,4.22265625,1,0x14,0,0,0,1,0,1,0,0,1,0,,,,,,,,,,,,,,,,,,,,,,
746,10,FREECAM_3D,24.9,938515,28641.204833984375,1686,51.45263671875,19.43534994068802,25,0.762939453125,1661,50.689697265625,0,0.0,0x6BFB6151,3069,1262,1081,11.98828125,4.9296875,4.22265625,1,0x14,0,0,0,1,0,1,0,0,1,0,,,,,,,,,,,,,,,,,,,,,,
747,10,FREECAM_3D,24.933333333333334,940229,28693.511962890625,1714,52.30712890625,19.117852975495914,26,0.79345703125,1688,51.513671875,0,0.0,0xBC1EDF23,3069,1262,1081,11.98828125,4.9296875,4.22265625,1,0x14,0,0,0,1,0,1,0,0,1,0,,,,,,,,,,,,,,,,,,,,,,
748,10,FREECAM_3D,24.966666666666665,941971,28746.673583984375,1742,53.16162109375,18.810562571756602,26,0.79345703125,1716,52.3681640625,0,0.0,0xF7C30E54,3069,1262,1081,11.98828125,4.9296875,4.22265625,1,0x14,0,0,0,1,0,1,0,0,1,0,,,,,,,,,,,,,,,,,,,,,,
749,10,FREECAM_3D,25.0,943731,28800.384521484375,1760,53.7109375,18.618181818181817,26,0.79345703125,1733,52.886962890625,1,0.030517578125,0x4540FC6A,3069,1262,1081,11.98828125,4.9296875,4.22265625,1,0x14,0,0,0,1,0,1,0,0,1,0,,,,,,,,,,,,,,,,,,,,,,
750,10,FREECAM_3D,25.033333333333335,945520,28854.98046875,1789,54.595947265625,18.3163778647289,26,0.79345703125,1763,53.802490234375,0,0.0,0x06815C15,3069,1262,1081,11.98828125,4.9296875,4.22265625,1,0x14,0,0,0,1,0,1,0,0,1,0,,,,,,,,,,,,,,,,,,,,,,
751,10,FREECAM_3D,25.066666666666666,947341,28910.552978515625,1821,55.572509765625,17.9945085118067,26,0.79345703125,1795,54.779052734375,0,0.0,0x7CE2CE39,3069,1262,1081,11.98828125,4.9296875,4.22265625,1,0x14,0,0,0,1,0,1,0,0,1,0,,,,,,,,,,,,,,,,,,,,,,
752,10,FREECAM_3D,25.1,949191,28967.010498046875,1850,56.45751953125,17.712432432432433,26,0.79345703125,1823,55.633544921875,1,0.030517578125,0x0BF6A32B,3069,1262,1081,11.98828125,4.9296875,4.22265625,1,0x14,0,0,0,1,0,1,0,0,1,0,,,,,,,,,,,,,,,,,,,,,,
753,10,FREECAM_3D,25.133333333333333,951013,29022.613525390625,1822,55.60302734375,17.98463227222832,25,0.762939453125,1797,54.840087890625,0,0.0,0xD06752C8,3069,1262,1081,11.98828125,4.9296875,4.22265625,1,0x14,0,0,0,1,0,1,0,0,1,0,,,,,,,,,,,,,,,,,,,,,,
754,10,FREECAM_3D,25.166666666666668,952893,29079.986572265625,1880,57.373046875,17.429787234042553,26,0.79345703125,1853,56.549072265625,1,0.030517578125,0x48A2917A,3069,1262,1081,11.98828125,4.9296875,4.22265625,1,0x14,0,0,0,1,0,1,0,0,1,0,,,,,,,,,,,,,,,,,,,,,,
755,10,FREECAM_3D,25.2,954794,29138.00048828125,1901,58.013916015625,17.237243556023145,26,0.79345703125,1875,57.220458984375,0,0.0,0x8CC51F67,3069,1262,1081,11.98828125,4.9296875,4.22265625,1,0x14,0,0,0,1,0,1,0,0,1,0,,,,,,,,,,,,,,,,,,,,,,
756,10,FREECAM_3D,25.233333333333334,956709,29196.441650390625,1915,58.441162109375,17.111227154046997,26,0.79345703125,1888,57.6171875,1,0.030517578125,0xA8F28D70,3069,1262,1081,11.98828125,4.9296875,4.22265625,1,0x14,0,0,0,1,0,1,0,0,1,0,,,,,,,,,,,,,,,,,,,,,,
757,10,FREECAM_3D,25.266666666666666,958641,29255.401611328125,1932,58.9599609375,16.96066252587992,26,0.79345703125,1905,58.135986328125,1,0.030517578125,0xD7079BC0,3069,1262,1081,11.98828125,4.9296875,4.22265625,1,0x14,0,0,0,1,0,1,0,0,1,0,,,,,,,,,,,,,,,,,,,,,,
758,10,FREECAM_3D,25.3,960560,29313.96484375,1919,58.563232421875,17.075560187597706,17,0.518798828125,1901,58.013916015625,1,0.030517578125,0x9F11FE28,3069,1262,1102,11.98828125,4.9296875,4.3046875,1,0x14,0,0,0,1,0,1,0,0,0,1,,,,,,,,,,,,,,,,,,,,,,
759,10,FREECAM_3D,25.333333333333332,962474,29372.37548828125,1914,58.41064453125,17.120167189132708,17,0.518798828125,1897,57.891845703125,0,0.0,0xFE201391,3069,1262,1123,11.98828125,4.9296875,4.38671875,1,0x14,0,0,0,1,0,1,0,0,0,1,,,,,,,,,,,,,,,,,,,,,,
760,10,FREECAM_3D,25.366666666666667,964379,29430.511474609375,1905,58.135986328125,17.201049868766404,18,0.54931640625,1887,57.586669921875,0,0.0,0x8D970B6E,3069,1262,1144,11.98828125,4.9296875,4.46875,1,0x14,0,0,0,1,0,1,0,0,0,1,,,,,,,,,,,,,,,,,,,,,,
761,10,FREECAM_3D,25.4,966272,29488.28125,1893,57.769775390625,17.310089804543054,18,0.54931640625,1875,57.220458984375,0,0.0,0xD10F39AF,3069,1262,1165,11.98828125,4.9296875,4.55078125,1,0x14,0,0,0,1,0,1,0,0,0,1,,,,,,,,,,,,,,,,,,,,,,
762,10,FREECAM_3D,25.433333333333334,968149,29545.562744140625,1877,57.281494140625,17.45764517847629,18,0.54931640625,1859,56.732177734375,0,0.0,0x2CA7BF24,3069,1262,1186,11.98828125,4.9296875,4.6328125,1,0x14,0,0,0,1,0,1,0,0,0,1,,,,,,,,,,,,,,,,,,,,,,
763,10,FREECAM_3D,25.466666666666665,970014,29602.47802734375,1865,56.915283203125,17.569973190348527,17,0.518798828125,1847,56.365966796875,1,0.030517578125,0x85D9FFED,3069,1262,1207,11.98828125,4.9296875,4.71484375,1,0x14,0,0,0,1,0,1,0,0,0,1,,,,,,,,,,,,,,,,,,,,,,
764,10,FREECAM_3D,25.5,972015,29663.543701171875,2001,61.065673828125,16.375812093953023,907,27.679443359375,1094,33.38623046875,0,0.0,0x60949FFC,3,2468,402,0.01171875,9.640625,1.5703125,0,0x15,0,0,1,1,0,1,0,0,0,1,,,,,,,,,,,,,,,,,,,,,,
765,10,FREECAM_3D,25.533333333333335,973124,29697.3876953125,1109,33.843994140625,29.547339945897203,18,0.54931640625,1091,33.294677734375,0,0.0,0x7D2C2957,3,2468,423,0.01171875,9.640625,1.65234375,0,0x14,0,0,0,1,0,1,0,0,0,1,,,,,,,,,,,,,,,,,,,,,,
766,10,FREECAM_3D,25.566666666666666,974236,29731.3232421875,1112,33.935546875,29.467625899280577,18,0.54931640625,1094,33.38623046875,0,0.0,0xAF34DCD8,3,2468,444,0.01171875,9.640625,1.734375,0,0x14,0,0,0,1,0,1,0,0,0,1,,,,,,,,,,,,,,,,,,,,,,
767,10,FREECAM_3D,25.6,975354,29765.44189453125,1118,34.11865234375,29.30948121645796,18,0.54931640625,1099,33.538818359375,1,0.030517578125,0xC2DBAE89,3,2468,465,0.01171875,9.640625,1.81640625,0,0x14,0,0,0,1,0,1,0,0,0,1,,,,,,,,,,,,,,,,,,,,,,
768,10,FREECAM_3D,25.633333333333333,976468,29799.4384765625,1114,33.99658203125,29.414721723518852,17,0.518798828125,1097,33.477783203125,0,0.0,0xEF5FB53A,3,2468,486,0.01171875,9.640625,1.8984375,0,0x14,0,0,0,1,0,1,0,0,0,1,,,,,,,,,,,,,,,,,,,,,,
769,10,FREECAM_3D,25.666666666666668,977583,29833.465576171875,1115,34.027099609375,29.388340807174888,18,0.54931640625,1096,33.447265625,1,0.030517578125,0xFE92F063,3,2468,507,0.01171875,9.640625,1.98046875,0,0x14,0,0,0,1,0,1,0,0,0,1,,,,,,,,,,,,,,,,,,,,,,
770,10,FREECAM_3D,25.7,978693,29867.340087890625,1110,33.87451171875,29.52072072072072,17,0.518798828125,1092,33.3251953125,1,0.030517578125,0xCAC6071D,3,2468,528,0.01171875,9.640625,2.0625,0,0x14,0,0,0,1,0,1,0,0,0,1,,,,,,,,,,,,,,,,,,,,,,
771,10,FREECAM_3D,25.733333333333334,979801,29901.153564453125,1108,33.8134765625,29.574007220216608,17,0.518798828125,1091,33.294677734375,0,0.0,0xAB0FE09C,3,2468,549,0.01171875,9.640625,2.14453125,0,0x14,0,0,0,1,0,1,0,0,0,1,,,,,,,,,,,,,,,,,,,,,,
772,10,FREECAM_3D,25.766666666666666,980907,29934.906005859375,1106,33.75244140625,29.62748643761302,18,0.54931640625,1088,33.203125,0,0.0,0x6E0C8873,3,2468,570,0.01171875,9.640625,2.2265625,0,0x14,0,0,0,1,0,1,0,0,0,1,,,,,,,,,,,,,,,,,,,,,,
773,10,FREECAM_3D,25.8,982011,29968.597412109375,1104,33.69140625,29.681159420289855,18,0.54931640625,1086,33.14208984375,0,0.0,0x44E06012,3,2468,591,0.01171875,9.640625,2.30859375,0,0x14,0,0,0,1,0,1,0,0,0,1,,,,,,,,,,,,,,,,,,,,,,
774,10,FREECAM_3D,25.833333333333332,983111,30002.166748046875,1100,33.5693359375,29.78909090909091,18,0.54931640625,1081,32.989501953125,1,0.030517578125,0x40A22339,3,2468,612,0.01171875,9.640625,2.390625,0,0x14,0,0,0,1,0,1,0,0,0,1,,,,,,,,,,,,,,,,,,,,,,
775,10,FREECAM_3D,25.866666666666667,984213,30035.797119140625,1102,33.63037109375,29.73502722323049,18,0.54931640625,1083,33.050537109375,1,0.030517578125,0x80883878,3,2468,633,0.01171875,9.640625,2.47265625,0,0x14,0,0,0,1,0,1,0,0,0,1,,,,,,,,,,,,,,,,,,,,,,
776,10,FREECAM_3D,25.9,985309,30069.244384765625,1096,33.447265625,29.8978102189781,17,0.518798828125,1078,32.89794921875,1,0.030517578125,0x74684B0F,3,2468,654,0.01171875,9.640625,2.5546875,0,0x14,0,0,0,1,0,1,0,0,0,1,,,,,,,,,,,,,,,,,,,,,,
777,10,FREECAM_3D,25.933333333333334,986401,30102.569580078125,1092,33.3251953125,30.007326007326007,18,0.54931640625,1073,32.745361328125,1,0.030517578125,0x65B5D9EE,3,2468,675,0.01171875,9.640625,2.63671875,0,0x14,0,0,0,1,0,1,0,0,0,1,,,,,,,,,,,,,,,,,,,,,,
778,10,FREECAM_3D,25.966666666666665,987492,30135.8642578125,1091,33.294677734375,30.034830430797435,17,0.518798828125,1073,32.745361328125,1,0.030517578125,0x1E6F2665,3,2468,696,0.01171875,9.640625,2.71875,0,0x14,0,0,0,1,0,1,0,0,0,1,,,,,,,,,,,,,,,,,,,,,,
779,10,FREECAM_3D,26.0,988579,30169.036865234375,1087,33.172607421875,30.145354185832566,18,0.54931640625,1068,32.5927734375,1,0.030517578125,0xBB8A8BE4,3,2468,717,0.01171875,9.640625,2.80078125,0,0x14,0,0,0,1,0,1,0,0,0,1,,,,,,,,,,,,,,,,,,,,,,
780,10,FREECAM_3D,26.033333333333335,989661,30202.056884765625,1082,33.02001953125,30.284658040665434,18,0.54931640625,1064,32.470703125,0,0.0,0xDB7816DB,3,2468,738,0.01171875,9.640625,2.8828125,0,0x14,0,0,0,1,0,1,0,0,0,1,,,,,,,,,,,,,,,,,,,,,,
781,10,FREECAM_3D,26.066666666666666,990742,30235.04638671875,1081,32.989501953125,30.31267345050879,18,0.54931640625,1062,32.40966796875,1,0.030517578125,0x62D805FA,3,2468,759,0.01171875,9.640625,2.96484375,0,0x14,0,0,0,1,0,1,0,0,0,1,,,,,,,,,,,,,,,,,,,,,,
782,10,FREECAM_3D,26.1,991825,30268.096923828125,1083,33.050537109375,30.25669436749769,17,0.518798828125,1065,32.501220703125,1,0.030517578125,0x65DFB648,3,2468,738,0.01171875,9.640625,2.8828125,0,0x14,0,0,0,1,0,1,0,0,0,1,,,,,,,,,,,,,,,,,,,,,,
783,10,FREECAM_3D,26.133333333333333,992912,30301.26953125,1087,33.172607421875,30.145354185832566,18,0.54931640625,1068,32.5927734375,1,0.030517578125,0xF2845113,3,2468,717,0.01171875,9.640625,2.80078125,0,0x14,0,0,0,1,0,1,0,0,0,1,,,,,,,,,,,,,,,,,,,,,,
784,10,FREECAM_3D,26.166666666666668,994003,30334.564208984375,1091,33.294677734375,30.034830430797435,17,0.518798828125,1073,32.745361328125,1,0.030517578125,0xCE7B014A,3,2468,696,0.01171875,9.640625,2.71875,0,0x14,0,0,0,1,0,1,0,0,0,1,,,,,,,,,,,,,,,,,,,,,,
785,10,FREECAM_3D,26.2,995095,30367.889404296875,1092,33.3251953125,30.007326007326007,18,0.54931640625,1073,32.745361328125,1,0.030517578125,0x925B10E5,3,2468,675,0.01171875,9.640625,2.63671875,0,0x14,0,0,0,1,0,1,0,0,0,1,,,,,,,,,,,,,,,,,,,,,,
786,10,FREECAM_3D,26.233333333333334,996191,30401.336669921875,1096,33.447265625,29.8978102189781,17,0.518798828125,1078,32.89794921875,1,0.030517578125,0x5F5A5E4C,3,2468,654,0.01171875,9.640625,2.5546875,0,0x14,0,0,0,1,0,1,0,0,0,1,,,,,,,,,,,,,,,,,,,,,,
787,10,FREECAM_3D,26.266666666666666,997291,30434.906005859375,1100,33.5693359375,29.78909090909091,17,0.518798828125,1083,33.050537109375,0,0.0,0x1EC68647,3,2468,633,0.01171875,9.640625,2.47265625,0,0x14,0,0,0,1,0,1,0,0,0,1,,,,,,,,,,,,,,,,,,,,,,
788,10,FREECAM_3D,26.3,998391,30468.475341796875,1100,33.5693359375,29.78909090909091,18,0.54931640625,1081,32.989501953125,1,0.030517578125,0xA9D9C03E,3,2468,612,0.01171875,9.640625,2.390625,0,0x14,0,0,0,1,0,1,0,0,0,1,,,,,,,,,,,,,,,,,,,,,,
789,10,FREECAM_3D,26.333333333333332,999495,30502.166748046875,1104,33.69140625,29.681159420289855,18,0.54931640625,1085,33.111572265625,1,0.030517578125,0x3A53DC19,3,2468,591,0.01171875,9.640625,2.30859375,0,0x14,0,0,0,1,0,1,0,0,0,1,,,,,,,,,,,,,,,,,,,,,,
790,10,FREECAM_3D,26.366666666666667,1000602,30535.94970703125,1107,33.782958984375,29.600722673893404,17,0.518798828125,1089,33.233642578125,1,0.030517578125,0x460FB860,3,2468,570,0.01171875,9.640625,2.2265625,0,0x14,0,0,0,1,0,1,0,0,0,1,,,,,,,,,,,,,,,,,,,,,,
791,10,FREECAM_3D,26.4,1001711,30569.793701171875,1109,33.843994140625,29.547339945897203,18,0.54931640625,1091,33.294677734375,0,0.0,0xF378EFAB,3,2468,549,0.01171875,9.640625,2.14453125,0,0x14,0,0,0,1,0,1,0,0,0,1,,,,,,,,,,,,,,,,,,,,,,
792,10,FREECAM_3D,26.433333333333334,1002821,30603.668212890625,1110,33.87451171875,29.52072072072072,18,0.54931640625,1092,33.3251953125,0,0.0,0xE192D4A2,3,2468,528,0.01171875,9.640625,2.0625,0,0x14,0,0,0,1,0,1,0,0,0,1,,,,,,,,,,,,,,,,,,,,,,
793,10,FREECAM_3D,26.466666666666665,1003935,30637.664794921875,1114,33.99658203125,29.414721723518852,18,0.54931640625,1096,33.447265625,0,0.0,0xD0839570,3,2468,507,0.01171875,9.640625,1.98046875,0,0x14,0,0,0,1,0,1,0,0,0,1,,,,,,,,,,,,,,,,,,,,,,
794,10,FREECAM_3D,26.5,1005051,30671.722412109375,1116,34.0576171875,29.36200716845878,18,0.54931640625,1097,33.477783203125,1,0.030517578125,0x0298A6A1,3,2468,486,0.01171875,9.640625,1.8984375,0,0x14,0,0,0,1,0,1,0,0,0,1,,,,,,,,,,,,,,,,,,,,,,
795,10,FREECAM_3D,26.533333333333335,1006168,30705.810546875,1117,34.088134765625,29.335720680393912,18,0.54931640625,1099,33.538818359375,0,0.0,0x96F755AE,3,2468,465,0.01171875,9.640625,1.81640625,0,0x14,0,0,0,1,0,1,0,0,0,1,,,,,,,,,,,,,,,,,,,,,,
796,10,FREECAM_3D,26.566666666666666,1007280,30739.74609375,1112,33.935546875,29.467625899280577,18,0.54931640625,1094,33.38623046875,0,0.0,0x7B524AA7,3,2468,444,0.01171875,9.640625,1.734375,0,0x14,0,0,0,1,0,1,0,0,0,1,,,,,,,,,,,,,,,,,,,,,,
797,10,FREECAM_3D,26.6,1008390,30773.62060546875,1110,33.87451171875,29.52072072072072,18,0.54931640625,1091,33.294677734375,1,0.030517578125,0xF7553ED4,3,2468,423,0.01171875,9.640625,1.65234375,0,0x14,0,0,0,1,0,1,0,0,0,1,,,,,,,,,,,,,,,,,,,,,,
798,10,FREECAM_3D,26.633333333333333,1009502,30807.55615234375,1112,33.935546875,29.467625899280577,18,0.54931640625,1094,33.38623046875,0,0.0,0xFF87F2E5,3,2468,402,0.01171875,9.640625,1.5703125,0,0x14,0,0,0,1,0,1,0,0,0,1,,,,,,,,,,,,,,,,,,,,,,
799,10,FREECAM_3D,26.666666666666668,1010616,30841.552734375,1114,33.99658203125,29.414721723518852,18,0.54931640625,1095,33.416748046875,1,0.030517578125,0x8649B8B2,3,2468,381,0.01171875,9.640625,1.48828125,0,0x14,0,0,0,1,0,1,0,0,0,1,,,,,,,,,,,,,,,,,,,,,,
800,10,FREECAM_3D,26.7,1011728,30875.48828125,1112,33.935546875,29.467625899280577,18,0.54931640625,1094,33.38623046875,0,0.0,0xC0FA100B,3,2468,360,0.01171875,9.640625,1.40625,0,0x14,0,0,0,1,0,1,0,0,0,1,,,,,,,,,,,,,,,,,,,,,,
801,10,FREECAM_3D,26.733333333333334,1012841,30909.454345703125,1113,33.966064453125,29.44115004492363,18,0.54931640625,1095,33.416748046875,0,0.0,0x95C89B68,3,2468,339,0.01171875,9.640625,1.32421875,0,0x14,0,0,0,1,0,1,0,0,0,1,,,,,,,,,,,,,,,,,,,,,,
802,10,FREECAM_3D,26.766666666666666,1013959,30943.572998046875,1118,34.11865234375,29.30948121645796,18,0.54931640625,1099,33.538818359375,1,0.030517578125,0xE8578599,3,2468,318,0.01171875,9.640625,1.2421875,0,0x14,0,0,0,1,0,1,0,0,0,1,,,,,,,,,,,,,,,,,,,,,,
803,10,FREECAM_3D,26.8,1015075,30977.630615234375,1116,34.0576171875,29.36200716845878,18,0.54931640625,1098,33.50830078125,0,0.0,0x0F446DC6,3,2468,297,0.01171875,9.640625,1.16015625,0,0x14,0,0,0,1,0,1,0,0,0,1,,,,,,,,,,,,,,,,,,,,,,
804,10,FREECAM_3D,26.833333333333332,1016193,31011.749267578125,1118,34.11865234375,29.30948121645796,18,0.54931640625,1099,33.538818359375,1,0.030517578125,0xEEE9D65F,3,2468,276,0.01171875,9.640625,1.078125,0,0x14,0,0,0,1,0,1,0,0,0,1,,,,,,,,,,,,,,,,,,,,,,
805,10,FREECAM_3D,26.866666666666667,1017312,31045.8984375,1119,34.149169921875,29.283288650580875,18,0.54931640625,1100,33.5693359375,1,0.030517578125,0x52A5135F,3,2468,255,0.01171875,9.640625,0.99609375,0,0x14,0,0,0,1,0,1,0,0,0,1,,,,,,,,,,,,,,,,,,,,,,
806,10,FREECAM_3D,26.9,1018431,31080.047607421875,1119,34.149169921875,29.283288650580875,18,0.54931640625,1100,33.5693359375,1,0.030517578125,0x44FB15E2,3,2468,234,0.01171875,9.640625,0.9140625,0,0x14,0,0,0,1,0,1,0,0,0,1,,,,,,,,,,,,,,,,,,,,,,
807,10,FREECAM_3D,26.933333333333334,1019550,31114.19677734375,1119,34.149169921875,29.283288650580875,18,0.54931640625,1100,33.5693359375,1,0.030517578125,0xD485F245,3,2468,213,0.01171875,9.640625,0.83203125,0,0x14,0,0,0,1,0,1,0,0,0,1,,,,,,,,,,,,,,,,,,,,,,
808,10,FREECAM_3D,26.966666666666665,1020668,31148.3154296875,1118,34.11865234375,29.30948121645796,17,0.518798828125,1100,33.5693359375,1,0.030517578125,0x4D5E4FC0,3,2468,192,0.01171875,9.640625,0.75,0,0x14,0,0,0,1,0,1,0,0,0,1,,,,,,,,,,,,,,,,,,,,,,
809,10,FREECAM_3D,27.0,1021789,31182.525634765625,1121,34.210205078125,29.231043710972347,17,0.518798828125,1103,33.660888671875,1,0.030517578125,0xE2A33C23,3,2468,171,0.01171875,9.640625,0.66796875,0,0x14,0,0,0,1,0,1,0,0,0,1,,,,,,,,,,,,,,,,,,,,,,
810,10,FREECAM_3D,27.033333333333335,1022908,31216.6748046875,1119,34.149169921875,29.283288650580875,18,0.54931640625,1100,33.5693359375,1,0.030517578125,0x03B947B6,3,2468,150,0.01171875,9.640625,0.5859375,0,0x14,0,0,0,1,0,1,0,0,0,1,,,,,,,,,,,,,,,,,,,,,,
811,10,FREECAM_3D,27.066666666666666,1024025,31250.762939453125,1117,34.088134765625,29.335720680393912,17,0.518798828125,1100,33.5693359375,0,0.0,0x4C12C299,3,2468,129,0.01171875,9.640625,0.50390625,0,0x14,0,0,0,1,0,1,0,0,0,1,,,,,,,,,,,,,,,,,,,,,,
812,10,FREECAM_3D,27.1,1025145,31284.942626953125,1120,34.1796875,29.257142857142856,18,0.54931640625,1102,33.63037109375,0,0.0,0x263CFA04,3,2468,108,0.01171875,9.640625,0.421875,0,0x14,0,0,0,1,0,1,0,0,0,1,,,,,,,,,,,,,,,,,,,,,,
813,10,FREECAM_3D,27.133333333333333,1026266,31319.15283203125,1121,34.210205078125,29.231043710972347,18,0.54931640625,1103,33.660888671875,0,0.0,0x5FEC65D7,3,2468,87,0.01171875,9.640625,0.33984375,0,0x14,0,0,0,1,0,1,0,0,0,1,,,,,,,,,,,,,,,,,,,,,,
814,10,FREECAM_3D,27.166666666666668,1027389,31353.424072265625,1123,34.271240234375,29.178984861976847,18,0.54931640625,1104,33.69140625,1,0.030517578125,0x4C6FF3FA,3,2468,66,0.01171875,9.640625,0.2578125,0,0x14,0,0,0,1,0,1,0,0,0,1,,,,,,,,,,,,,,,,,,,,,,
815,10,FREECAM_3D,27.2,1028512,31387.6953125,1123,34.271240234375,29.178984861976847,18,0.54931640625,1104,33.69140625,1,0.030517578125,0x15EA0094,3,2468,64,0.01171875,9.640625,0.25,0,0x14,0,0,0,1,0,1,0,0,0,1,,,,,,,,,,,,,,,,,,,,,,
816,10,FREECAM_3D,27.233333333333334,1029636,31421.9970703125,1124,34.3017578125,29.153024911032027,19,0.579833984375,1104,33.69140625,1,0.030517578125,0x15EA0094,3,2468,64,0.01171875,9.640625,0.25,0,0x10,0,0,0,0,0,1,0,0,0,1,,,,,,,,,,,,,,,,,,,,,,
817,10,FREECAM_3D,27.266666666666666,1030760,31456.298828125,1124,34.3017578125,29.153024911032027,19,0.579833984375,1104,33.69140625,1,0.030517578125,0x15EA0094,3,2468,64,0.01171875,9.640625,0.25,0,0x10,0,0,0,0,0,1,0,0,0,1,,,,,,,,,,,,,,,,,,,,,,
818,10,FREECAM_3D,27.3,1031884,31490.6005859375,1124,34.3017578125,29.153024911032027,19,0.579833984375,1104,33.69140625,1,0.030517578125,0x15EA0094,3,2468,64,0.01171875,9.640625,0.25,0,0x10,0,0,0,0,0,1,0,0,0,1,,,,,,,,,,,,,,,,,,,,,,
819,10,FREECAM_3D,27.333333333333332,1033007,31524.871826171875,1123,34.271240234375,29.178984861976847,18,0.54931640625,1104,33.69140625,1,0.030517578125,0x15EA0094,3,2468,64,0.01171875,9.640625,0.25,0,0x10,0,0,0,0,0,1,0,0,0,1,,,,,,,,,,,,,,,,,,,,,,
820,10,FREECAM_3D,27.366666666666667,1034130,31559.14306640625,1123,34.271240234375,29.178984861976847,18,0.54931640625,1104,33.69140625,1,0.030517578125,0x15EA0094,3,2468,64,0.01171875,9.640625,0.25,0,0x10,0,0,0,0,0,1,0,0,0,1,,,,,,,,,,,,,,,,,,,,,,
821,10,FREECAM_3D,27.4,1035254,31593.44482421875,1124,34.3017578125,29.153024911032027,19,0.579833984375,1104,33.69140625,1,0.030517578125,0x15EA0094,3,2468,64,0.01171875,9.640625,0.25,0,0x10,0,0,0,0,0,1,0,0,0,1,,,,,,,,,,,,,,,,,,,,,,
822,10,FREECAM_3D,27.433333333333334,1036378,31627.74658203125,1124,34.3017578125,29.153024911032027,19,0.579833984375,1104,33.69140625,1,0.030517578125,0x15EA0094,3,2468,64,0.01171875,9.640625,0.25,0,0x10,0,0,0,0,0,1,0,0,0,1,,,,,,,,,,,,,,,,,,,,,,
823,10,FREECAM_3D,27.466666666666665,1037502,31662.04833984375,1124,34.3017578125,29.153024911032027,19,0.579833984375,1104,33.69140625,1,0.030517578125,0x15EA0094,3,2468,64,0.01171875,9.640625,0.25,0,0x10,0,0,0,0,0,1,0,0,0,1,,,,,,,,,,,,,,,,,,,,,,
824,10,FREECAM_3D,27.5,1038626,31696.35009765625,1124,34.3017578125,29.153024911032027,19,0.579833984375,1104,33.69140625,1,0.030517578125,0x15EA0094,3,2468,64,0.01171875,9.640625,0.25,0,0x10,0,0,0,0,0,1,0,0,0,1,,,,,,,,,,,,,,,,,,,,,,
825,10,FREECAM_3D,27.533333333333335,1039750,31730.65185546875,1124,34.3017578125,29.153024911032027,19,0.579833984375,1104,33.69140625,1,0.030517578125,0x15EA0094,3,2468,64,0.01171875,9.640625,0.25,0,0x10,0,0,0,0,0,1,0,0,0,1,,,,,,,,,,,,,,,,,,,,,,
826,10,FREECAM_3D,27.566666666666666,1040874,31764.95361328125,1124,34.3017578125,29.153024911032027,19,0.579833984375,1104,33.69140625,1,0.030517578125,0x15EA0094,3,2468,64,0.01171875,9.640625,0.25,0,0x10,0,0,0,0,0,1,0,0,0,1,,,,,,,,,,,,,,,,,,,,,,
827,10,FREECAM_3D,27.6,1041996,31799.1943359375,1122,34.24072265625,29.204991087344027,19,0.579833984375,1103,33.660888671875,0,0.0,0x15EA0094,3,2468,64,0.01171875,9.640625,0.25,0,0x10,0,0,0,0,0,1,0,0,0,1,,,,,,,,,,,,,,,,,,,,,,
828,10,FREECAM_3D,27.633333333333333,1043118,31833.43505859375,1122,34.24072265625,29.204991087344027,19,0.579833984375,1103,33.660888671875,0,0.0,0x15EA0094,3,2468,64,0.01171875,9.640625,0.25,0,0x10,0,0,0,0,0,1,0,0,0,1,,,,,,,,,,,,,,,,,,,,,,
829,10,FREECAM_3D,27.666666666666668,1044240,31867.67578125,1122,34.24072265625,29.204991087344027,19,0.579833984375,1103,33.660888671875,0,0.0,0x15EA0094,3,2468,64,0.01171875,9.640625,0.25,0,0x10,0,0,0,0,0,1,0,0,0,1,,,,,,,,,,,,,,,,,,,,,,
830,10,FREECAM_3D,27.7,1045375,31902.313232421875,1135,34.637451171875,28.8704845814978,24,0.732421875,1110,33.87451171875,1,0.030517578125,0x52BD6CDC,15,2454,74,0.05859375,9.5859375,0.2890625,0,0x14,0,0,0,1,0,1,1,1,0,0,,,,,,,,,,,,,,,,,,,,,,
831,10,FREECAM_3D,27.733333333333334,1046513,31937.042236328125,1138,34.72900390625,28.794376098418276,24,0.732421875,1113,33.966064453125,1,0.030517578125,0xD74FF083,28,2441,84,0.109375,9.53515625,0.328125,0,0x14,0,0,0,1,0,1,1,1,0,0,,,,,,,,,,,,,,,,,,,,,,
832,10,FREECAM_3D,27.766666666666666,1047781,31975.738525390625,1268,38.6962890625,25.842271293375394,24,0.732421875,1244,37.9638671875,0,0.0,0x67B4D90A,42,2429,94,0.1640625,9.48828125,0.3671875,0,0x14,0,0,0,1,0,1,1,1,0,0,,,,,,,,,,,,,,,,,,,,,,
833,10,FREECAM_3D,27.8,1049054,32014.58740234375,1273,38.848876953125,25.74076983503535,24,0.732421875,1249,38.116455078125,0,0.0,0x61F2FB2B,57,2418,104,0.22265625,9.4453125,0.40625,0,0x14,0,0,0,1,0,1,1,1,0,0,,,,,,,,,,,,,,,,,,,,,,
834,10,FREECAM_3D,27.833333333333332,1050327,32053.436279296875,1273,38.848876953125,25.74076983503535,24,0.732421875,1248,38.0859375,1,0.030517578125,0x40E7F905,72,2408,114,0.28125,9.40625,0.4453125,0,0x14,0,0,0,1,0,1,1,1,0,0,,,,,,,,,,,,,,,,,,,,,,
835,10,FREECAM_3D,27.866666666666667,1051601,32092.315673828125,1274,38.87939453125,25.72056514913658,25,0.762939453125,1249,38.116455078125,0,0.0,0x8313C4A5,88,2400,124,0.34375,9.375,0.484375,0,0x14,0,0,0,1,0,1,1,1,0,0,,,,,,,,,,,,,,,,,,,,,,
836,10,FREECAM_3D,27.9,1052779,32128.265380859375,1178,35.94970703125,27.816638370118845,24,0.732421875,1154,35.21728515625,0,0.0,0x24D43927,105,2393,134,0.41015625,9.34765625,0.5234375,0,0x14,0,0,0,1,0,1,1,1,0,0,,,,,,,,,,,,,,,,,,,,,,
837,10,FREECAM_3D,27.933333333333334,1053958,32164.24560546875,1179,35.980224609375,27.793044953350297,24,0.732421875,1154,35.21728515625,1,0.030517578125,0xA292C121,122,2387,144,0.4765625,9.32421875,0.5625,0,0x14,0,0,0,1,0,1,1,1,0,0,,,,,,,,,,,,,,,,,,,,,,
838,10,FREECAM_3D,27.966666666666665,1055135,32200.164794921875,1177,35.919189453125,27.840271877655056,25,0.762939453125,1151,35.125732421875,1,0.030517578125,0xFEB3DA71,140,2382,154,0.546875,9.3046875,0.6015625,0,0x14,0,0,0,1,0,1,1,1,0,0,,,,,,,,,,,,,,,,,,,,,,
839,10,FREECAM_3D,28.0,1056508,32242.0654296875,1373,41.900634765625,23.86598689002185,25,0.762939453125,1347,41.107177734375,1,0.030517578125,0x9F314D1C,158,2379,164,0.6171875,9.29296875,0.640625,0,0x14,0,0,0,1,0,1,1,1,0,0,,,,,,,,,,,,,,,,,,,,,,
840,10,FREECAM_3D,28.033333333333335,1057888,32284.1796875,1380,42.1142578125,23.744927536231884,24,0.732421875,1356,41.3818359375,0,0.0,0x5F9A1335,176,2377,174,0.6875,9.28515625,0.6796875,0,0x14,0,0,0,1,0,1,1,1,0,0,,,,,,,,,,,,,,,,,,,,,,
841,10,FREECAM_3D,28.066666666666666,1059275,32326.507568359375,1387,42.327880859375,23.62509012256669,24,0.732421875,1363,41.595458984375,0,0.0,0x191BEFC4,194,2376,184,0.7578125,9.28125,0.71875,0,0x14,0,0,0,1,0,1,1,1,0,0,,,,,,,,,,,,,,,,,,,,,,
842,10,FREECAM_3D,28.1,1060676,32369.2626953125,1401,42.755126953125,23.38900785153462,24,0.732421875,1377,42.022705078125,0,0.0,0xF81F3FA2,212,2376,194,0.828125,9.28125,0.7578125,0,0x14,0,0,0,1,0,1,1,1,0,0,,,,,,,,,,,,,,,,,,,,,,
843,10,FREECAM_3D,28.133333333333333,1062098,32412.65869140625,1422,43.39599609375,23.043600562587905,24,0.732421875,1397,42.633056640625,1,0.030517578125,0x6A0A22B9,230,2377,204,0.8984375,9.28515625,0.796875,0,0x14,0,0,0,1,0,1,1,1,0,0,,,,,,,,,,,,,,,,,,,,,,
844,10,FREECAM_3D,28.166666666666668,1063556,32457.1533203125,1458,44.49462890625,22.474622770919066,25,0.762939453125,1433,43.731689453125,0,0.0,0xF257D097,248,2380,214,0.96875,9.296875,0.8359375,0,0x14,0,0,0,1,0,1,1,1,0,0,,,,,,,,,,,,,,,,,,,,,,
845,10,FREECAM_3D,28.2,1065055,32502.899169921875,1499,45.745849609375,21.859906604402934,24,0.732421875,1475,45.013427734375,0,0.0,0x65803F82,266,2384,224,1.0390625,9.3125,0.875,0,0x14,0,0,0,1,0,1,1,1,0,0,,,,,,,,,,,,,,,,,,,,,,
846,10,FREECAM_3D,28.233333333333334,1066587,32549.652099609375,1532,46.7529296875,21.389033942558747,24,0.732421875,1507,45.989990234375,1,0.030517578125,0x67365819,283,2389,234,1.10546875,9.33203125,0.9140625,0,0x14,0,0,0,1,0,1,1,1,0,0,,,,,,,,,,,,,,,,,,,,,,
847,10,FREECAM_3D,28.266666666666666,1068160,32597.65625,1573,48.004150390625,20.831532104259377,24,0.732421875,1548,47.2412109375,1,0.030517578125,0x104A20FB,300,2396,244,1.171875,9.359375,0.953125,0,0x14,0,0,0,1,0,1,1,1,0,0,,,,,,,,,,,,,,,,,,,,,,
848,10,FREECAM_3D,28.3,1069746,32646.05712890625,1586,48.40087890625,20.66078184110971,25,0.762939453125,1560,47.607421875,1,0.030517578125,0x6665B920,316,2404,254,1.234375,9.390625,0.9921875,0,0x14,0,0,0,1,0,1,1,1,0,0,,,,,,,,,,,,,,,,,,,,,,
849,10,FREECAM_3D,28.333333333333332,1071306,32693.66455078125,1560,47.607421875,21.005128205128205,25,0.762939453125,1534,46.81396484375,1,0.030517578125,0x3F6F3346,332,2413,264,1.296875,9.42578125,1.03125,0,0x14,0,0,0,1,0,1,1,1,0,0,,,,,,,,,,,,,,,,,,,,,,
850,10,FREECAM_3D,28.366666666666667,1072833,32740.264892578125,1527,46.600341796875,21.459070072036674,24,0.732421875,1502,45.83740234375,1,0.030517578125,0xAEF07C4C,347,2423,274,1.35546875,9.46484375,1.0703125,0,0x14,0,0,0,1,0,1,1,1,0,0,,,,,,,,,,,,,,,,,,,,,,
851,10,FREECAM_3D,28.4,1074343,32786.346435546875,1510,46.08154296875,21.70066225165563,25,0.762939453125,1485,45.318603515625,0,0.0,0x61E64260,361,2434,284,1.41015625,9.5078125,1.109375,0,0x14,0,0,0,1,0,1,1,1,0,0,,,,,,,,,,,,,,,,,,,,,,
852,10,FREECAM_3D,28.433333333333334,1075843,32832.122802734375,1500,45.7763671875,21.845333333333333,24,0.732421875,1476,45.0439453125,0,0.0,0xC82711CF,374,2447,294,1.4609375,9.55859375,1.1484375,0,0x14,0,0,0,1,0,1,1,1,0,0,,,,,,,,,,,,,,,,,,,,,,
853,10,FREECAM_3D,28.466666666666665,1077265,32875.518798828125,1422,43.39599609375,23.043600562587905,24,0.732421875,1397,42.633056640625,1,0.030517578125,0xB2A40B9D,386,2460,304,1.5078125,9.609375,1.1875,0,0x1C,0,0,0,1,1,1,1,1,0,0,,,,,,,,,,,,,,,,,,,,,,
