frame_index,simulation_time_seconds,measured_elapsed_ticks,measured_elapsed_ms,measured_elapsed_seconds,section_id,section_name,section_flags,section_flag_names,total_ticks,component_total_ticks,total_ms,instantaneous_fps,update_ticks,update_ms,render_ticks,render_ms,swap_ticks,swap_ms,player_x_raw,player_y_raw,player_x,player_y,map_x,map_y,angle_raw,angle_degrees,move_axis,turn_axis,casts,logical_columns,portal_layer_casts,max_depth,ray_layer_depth,portal_recursion_depth,flags,detailed,timing_excluded_from_clean_stats,crossed_portal,changed,section_end,section_small_room,section_large_room,section_slow_turn,section_fast_turn,section_portal_view,section_portal_approach,section_portal_cross,section_stress,detail_corrected_total_ms,admin_corrected_ms,wait_corrected_ms,background_corrected_ms,dda_corrected_ms,portal_trace_corrected_ms,wall_draw_corrected_ms,portal_draw_corrected_ms,portal_transforms,wall_calls,mask_calls,portal_candidates,linked_exits,textured_rows,dda_steps
0,0.03333333333333333,1551,47.332763671875,0.047332763671875,1,A_APPROACH,0x72,large_room|portal_view|portal_approach|portal_cross,1551,1551,47.332763671875,21.12701482914249,15,0.457763671875,1536,46.875,0,0.0,364,640,1.421875,2.5,1,2,8192,180.0,1,0,166,80,86,3,3,2,0x06,1,0,0,1,0,0,1,0,0,1,1,1,0,48.248291015625,2.9296875,0.0,9.918212890625,13.61083984375,10.19287109375,6.591796875,5.0048828125,86,80,86,86,86,2736,898
1,0.06666666666666667,3094,94.42138671875,0.09442138671875,1,A_APPROACH,0x72,large_room|portal_view|portal_approach|portal_cross,1543,1543,47.088623046875,21.23655217109527,15,0.457763671875,1527,46.600341796875,1,0.030517578125,344,640,1.34375,2.5,1,2,8192,180.0,1,0,165,80,85,3,3,2,0x04,0,0,0,1,0,0,1,0,0,1,1,1,0,,,,,,,,,,,,,,,
2,0.1,4631,141.326904296875,0.141326904296875,1,A_APPROACH,0x72,large_room|portal_view|portal_approach|portal_cross,1537,1537,46.905517578125,21.319453480806768,15,0.457763671875,1521,46.417236328125,1,0.030517578125,324,640,1.265625,2.5,1,2,8192,180.0,1,0,164,80,84,3,3,2,0x04,0,0,0,1,0,0,1,0,0,1,1,1,0,,,,,,,,,,,,,,,
3,0.13333333333333333,6175,188.446044921875,0.188446044921875,1,A_APPROACH,0x72,large_room|portal_view|portal_approach|portal_cross,1544,1544,47.119140625,21.22279792746114,16,0.48828125,1527,46.600341796875,1,0.030517578125,304,640,1.1875,2.5,1,2,8192,180.0,1,0,164,80,84,3,3,2,0x04,0,0,0,1,0,0,1,0,0,1,1,1,0,,,,,,,,,,,,,,,
4,0.16666666666666666,7210,220.03173828125,0.22003173828125,1,A_APPROACH,0x72,large_room|portal_view|portal_approach|portal_cross,1035,1035,31.585693359375,31.65990338164251,19,0.579833984375,1016,31.005859375,0,0.0,896,321,3.5,1.25390625,3,1,4096,90.0,1,0,80,80,0,1,1,0,0x05,0,0,1,1,0,0,1,0,0,1,1,1,0,,,,,,,,,,,,,,,
5,0.2,8237,251.373291015625,0.251373291015625,1,A_APPROACH,0x72,large_room|portal_view|portal_approach|portal_cross,1027,1027,31.341552734375,31.906523855890946,14,0.42724609375,1012,30.8837890625,1,0.030517578125,896,341,3.5,1.33203125,3,1,4096,90.0,1,0,80,80,0,1,1,0,0x04,0,0,0,1,0,0,1,0,0,1,1,1,0,,,,,,,,,,,,,,,
6,0.23333333333333334,9268,282.8369140625,0.2828369140625,1,A_APPROACH,0x72,large_room|portal_view|portal_approach|portal_cross,1031,1031,31.463623046875,31.782735208535403,14,0.42724609375,1017,31.036376953125,0,0.0,896,361,3.5,1.41015625,3,1,4096,90.0,1,0,80,80,0,1,1,0,0x04,0,0,0,1,0,0,1,0,0,1,1,1,0,,,,,,,,,,,,,,,
7,0.26666666666666666,10298,314.27001953125,0.31427001953125,1,A_APPROACH,0x72,large_room|portal_view|portal_approach|portal_cross,1030,1030,31.43310546875,31.813592233009707,14,0.42724609375,1015,30.975341796875,1,0.030517578125,896,381,3.5,1.48828125,3,1,4096,90.0,1,0,80,80,0,1,1,0,0x0C,0,0,0,1,1,0,1,0,0,1,1,1,0,,,,,,,,,,,,,,,
8,0.3,11330,345.76416015625,0.34576416015625,2,LARGE_ENTRY,0x02,large_room,1032,1032,31.494140625,31.751937984496124,14,0.42724609375,1017,31.036376953125,1,0.030517578125,896,401,3.5,1.56640625,3,1,4096,90.0,1,0,80,80,0,1,1,0,0x04,0,0,0,1,0,0,1,0,0,0,0,0,0,,,,,,,,,,,,,,,
9,0.3333333333333333,12363,377.288818359375,0.377288818359375,2,LARGE_ENTRY,0x02,large_room,1033,1033,31.524658203125,31.721200387221685,14,0.42724609375,1019,31.097412109375,0,0.0,896,421,3.5,1.64453125,3,1,4096,90.0,1,0,80,80,0,1,1,0,0x04,0,0,0,1,0,0,1,0,0,0,0,0,0,,,,,,,,,,,,,,,
10,0.36666666666666664,13396,408.8134765625,0.4088134765625,2,LARGE_ENTRY,0x02,large_room,1033,1033,31.524658203125,31.721200387221685,13,0.396728515625,1020,31.1279296875,0,0.0,896,441,3.5,1.72265625,3,1,4096,90.0,1,0,80,80,0,1,1,0,0x04,0,0,0,1,0,0,1,0,0,0,0,0,0,,,,,,,,,,,,,,,
11,0.4,14432,440.4296875,0.4404296875,2,LARGE_ENTRY,0x02,large_room,1036,1036,31.6162109375,31.62934362934363,14,0.42724609375,1022,31.18896484375,0,0.0,896,461,3.5,1.80078125,3,1,4096,90.0,1,0,80,80,0,1,1,0,0x04,0,0,0,1,0,0,1,0,0,0,0,0,0,,,,,,,,,,,,,,,
12,0.43333333333333335,15466,471.98486328125,0.47198486328125,2,LARGE_ENTRY,0x02,large_room,1034,1034,31.55517578125,31.690522243713733,14,0.42724609375,1020,31.1279296875,0,0.0,896,481,3.5,1.87890625,3,1,4096,90.0,1,0,80,80,0,1,1,0,0x04,0,0,0,1,0,0,1,0,0,0,0,0,0,,,,,,,,,,,,,,,
13,0.4666666666666667,16500,503.5400390625,0.5035400390625,2,LARGE_ENTRY,0x02,large_room,1034,1034,31.55517578125,31.690522243713733,14,0.42724609375,1020,31.1279296875,0,0.0,896,501,3.5,1.95703125,3,1,4096,90.0,1,0,80,80,0,1,1,0,0x04,0,0,0,1,0,0,1,0,0,0,0,0,0,,,,,,,,,,,,,,,
14,0.5,17534,535.09521484375,0.53509521484375,2,LARGE_ENTRY,0x02,large_room,1034,1034,31.55517578125,31.690522243713733,14,0.42724609375,1020,31.1279296875,0,0.0,896,521,3.5,2.03515625,3,2,4096,90.0,1,0,80,80,0,1,1,0,0x04,0,0,0,1,0,0,1,0,0,0,0,0,0,,,,,,,,,,,,,,,
15,0.5333333333333333,18529,565.460205078125,0.565460205078125,2,LARGE_ENTRY,0x02,large_room,995,995,30.364990234375,32.93266331658292,14,0.42724609375,981,29.937744140625,0,0.0,896,541,3.5,2.11328125,3,2,4096,90.0,1,0,80,80,0,1,1,0,0x04,0,0,0,1,0,0,1,0,0,0,0,0,0,,,,,,,,,,,,,,,
16,0.5666666666666667,19526,595.88623046875,0.59588623046875,2,LARGE_ENTRY,0x02,large_room,997,997,30.426025390625,32.866599799398195,14,0.42724609375,983,29.998779296875,0,0.0,896,561,3.5,2.19140625,3,2,4096,90.0,1,0,80,80,0,1,1,0,0x04,0,0,0,1,0,0,1,0,0,0,0,0,0,,,,,,,,,,,,,,,
17,0.6,20524,626.3427734375,0.6263427734375,2,LARGE_ENTRY,0x02,large_room,998,998,30.45654296875,32.833667334669336,14,0.42724609375,984,30.029296875,0,0.0,896,581,3.5,2.26953125,3,2,4096,90.0,1,0,80,80,0,1,1,0,0x04,0,0,0,1,0,0,1,0,0,0,0,0,0,,,,,,,,,,,,,,,
18,0.6333333333333333,21565,658.111572265625,0.658111572265625,2,LARGE_ENTRY,0x02,large_room,1041,1041,31.768798828125,31.477425552353505,14,0.42724609375,1027,31.341552734375,0,0.0,896,601,3.5,2.34765625,3,2,4096,90.0,1,0,80,80,0,1,1,0,0x04,0,0,0,1,0,0,1,0,0,0,0,0,0,,,,,,,,,,,,,,,
19,0.6666666666666666,22605,689.849853515625,0.689849853515625,2,LARGE_ENTRY,0x02,large_room,1040,1040,31.73828125,31.50769230769231,14,0.42724609375,1025,31.280517578125,1,0.030517578125,896,621,3.5,2.42578125,3,2,4096,90.0,1,0,80,80,0,1,1,0,0x04,0,0,0,1,0,0,1,0,0,0,0,0,0,,,,,,,,,,,,,,,
20,0.7,23647,721.649169921875,0.721649169921875,2,LARGE_ENTRY,0x02,large_room,1042,1042,31.79931640625,31.44721689059501,14,0.42724609375,1027,31.341552734375,1,0.030517578125,896,641,3.5,2.50390625,3,2,4096,90.0,1,0,80,80,0,1,1,0,0x04,0,0,0,1,0,0,1,0,0,0,0,0,0,,,,,,,,,,,,,,,
21,0.7333333333333333,24692,753.5400390625,0.7535400390625,2,LARGE_ENTRY,0x02,large_room,1045,1045,31.890869140625,31.356937799043063,14,0.42724609375,1031,31.463623046875,0,0.0,896,661,3.5,2.58203125,3,2,4096,90.0,1,0,80,80,0,1,1,0,0x04,0,0,0,1,0,0,1,0,0,0,0,0,0,,,,,,,,,,,,,,,
22,0.7666666666666667,25738,785.46142578125,0.78546142578125,2,LARGE_ENTRY,0x02,large_room,1046,1046,31.92138671875,31.326959847036328,13,0.396728515625,1033,31.524658203125,0,0.0,896,681,3.5,2.66015625,3,2,4096,90.0,1,0,80,80,0,1,1,0,0x04,0,0,0,1,0,0,1,0,0,0,0,0,0,,,,,,,,,,,,,,,
23,0.8,26786,817.44384765625,0.81744384765625,2,LARGE_ENTRY,0x02,large_room,1048,1048,31.982421875,31.267175572519083,14,0.42724609375,1034,31.55517578125,0,0.0,896,701,3.5,2.73828125,3,2,4096,90.0,1,0,80,80,0,1,1,0,0x04,0,0,0,1,0,0,1,0,0,0,0,0,0,,,,,,,,,,,,,,,
24,0.8333333333333334,27839,849.578857421875,0.849578857421875,2,LARGE_ENTRY,0x02,large_room,1053,1053,32.135009765625,31.118708452041787,14,0.42724609375,1038,31.67724609375,1,0.030517578125,896,721,3.5,2.81640625,3,2,4096,90.0,1,0,80,80,0,1,1,0,0x04,0,0,0,1,0,0,1,0,0,0,0,0,0,,,,,,,,,,,,,,,
25,0.8666666666666667,28896,881.8359375,0.8818359375,2,LARGE_ENTRY,0x02,large_room,1057,1057,32.257080078125,31.000946073793756,15,0.457763671875,1041,31.768798828125,1,0.030517578125,896,741,3.5,2.89453125,3,2,4096,90.0,1,0,80,80,0,1,1,0,0x04,0,0,0,1,0,0,1,0,0,0,0,0,0,,,,,,,,,,,,,,,
26,0.9,29955,914.154052734375,0.914154052734375,2,LARGE_ENTRY,0x02,large_room,1059,1059,32.318115234375,30.9423984891407,15,0.457763671875,1044,31.8603515625,0,0.0,896,761,3.5,2.97265625,3,2,4096,90.0,1,0,80,80,0,1,1,0,0x06,1,0,0,1,0,0,1,0,0,0,0,0,0,31.6162109375,1.77001953125,0.0,11.8408203125,7.659912109375,1.983642578125,8.36181640625,0.0,0,80,0,0,0,4649,524
27,0.9333333333333333,31008,946.2890625,0.9462890625,2,LARGE_ENTRY,0x02,large_room,1053,1053,32.135009765625,31.118708452041787,14,0.42724609375,1039,31.707763671875,0,0.0,896,781,3.5,3.05078125,3,3,4096,90.0,1,0,80,80,0,1,1,0,0x0C,0,0,0,1,1,0,1,0,0,0,0,0,0,,,,,,,,,,,,,,,
28,0.9666666666666667,32235,983.734130859375,0.983734130859375,3,SLOW_SWEEP,0x16,large_room|slow_turn|portal_view,1227,1227,37.445068359375,26.705786471067643,6,0.18310546875,1220,37.2314453125,1,0.030517578125,896,781,3.5,3.05078125,3,3,4198,92.2412109375,0,1,80,80,0,1,1,0,0x04,0,0,0,1,0,0,1,1,0,1,0,0,0,,,,,,,,,,,,,,,
29,1.0,33462,1021.17919921875,1.02117919921875,3,SLOW_SWEEP,0x16,large_room|slow_turn|portal_view,1227,1227,37.445068359375,26.705786471067643,6,0.18310546875,1220,37.2314453125,1,0.030517578125,896,781,3.5,3.05078125,3,3,4198,92.2412109375,0,0,80,80,0,1,1,0,0x00,0,0,0,0,0,0,1,1,0,1,0,0,0,,,,,,,,,,,,,,,
30,1.0333333333333334,34695,1058.807373046875,1.058807373046875,3,SLOW_SWEEP,0x16,large_room|slow_turn|portal_view,1233,1233,37.628173828125,26.575831305758314,6,0.18310546875,1227,37.445068359375,0,0.0,896,781,3.5,3.05078125,3,3,4300,94.482421875,0,1,80,80,0,1,1,0,0x04,0,0,0,1,0,0,1,1,0,1,0,0,0,,,,,,,,,,,,,,,
31,1.0666666666666667,35928,1096.435546875,1.096435546875,3,SLOW_SWEEP,0x16,large_room|slow_turn|portal_view,1233,1233,37.628173828125,26.575831305758314,6,0.18310546875,1227,37.445068359375,0,0.0,896,781,3.5,3.05078125,3,3,4300,94.482421875,0,0,80,80,0,1,1,0,0x00,0,0,0,0,0,0,1,1,0,1,0,0,0,,,,,,,,,,,,,,,
32,1.1,37165,1134.185791015625,1.134185791015625,3,SLOW_SWEEP,0x16,large_room|slow_turn|portal_view,1237,1237,37.750244140625,26.489894907033143,5,0.152587890625,1232,37.59765625,0,0.0,896,781,3.5,3.05078125,3,3,4402,96.7236328125,0,1,80,80,0,1,1,0,0x04,0,0,0,1,0,0,1,1,0,1,0,0,0,,,,,,,,,,,,,,,
33,1.1333333333333333,38402,1171.93603515625,1.17193603515625,3,SLOW_SWEEP,0x16,large_room|slow_turn|portal_view,1237,1237,37.750244140625,26.489894907033143,6,0.18310546875,1231,37.567138671875,0,0.0,896,781,3.5,3.05078125,3,3,4402,96.7236328125,0,0,80,80,0,1,1,0,0x00,0,0,0,0,0,0,1,1,0,1,0,0,0,,,,,,,,,,,,,,,
34,1.1666666666666667,39640,1209.716796875,1.209716796875,3,SLOW_SWEEP,0x16,large_room|slow_turn|portal_view,1238,1238,37.78076171875,26.468497576736674,6,0.18310546875,1231,37.567138671875,1,0.030517578125,896,781,3.5,3.05078125,3,3,4504,98.96484375,0,1,80,80,0,1,1,0,0x04,0,0,0,1,0,0,1,1,0,1,0,0,0,,,,,,,,,,,,,,,
35,1.2,40879,1247.528076171875,1.247528076171875,3,SLOW_SWEEP,0x16,large_room|slow_turn|portal_view,1239,1239,37.811279296875,26.447134786117836,6,0.18310546875,1232,37.59765625,1,0.030517578125,896,781,3.5,3.05078125,3,3,4504,98.96484375,0,0,80,80,0,1,1,0,0x00,0,0,0,0,0,0,1,1,0,1,0,0,0,,,,,,,,,,,,,,,
36,1.2333333333333334,42133,1285.797119140625,1.285797119140625,3,SLOW_SWEEP,0x16,large_room|slow_turn|portal_view,1254,1254,38.26904296875,26.130781499202552,5,0.152587890625,1248,38.0859375,1,0.030517578125,896,781,3.5,3.05078125,3,3,4606,101.2060546875,0,1,80,80,0,1,1,0,0x04,0,0,0,1,0,0,1,1,0,1,0,0,0,,,,,,,,,,,,,,,
37,1.2666666666666666,43387,1324.066162109375,1.324066162109375,3,SLOW_SWEEP,0x16,large_room|slow_turn|portal_view,1254,1254,38.26904296875,26.130781499202552,6,0.18310546875,1248,38.0859375,0,0.0,896,781,3.5,3.05078125,3,3,4606,101.2060546875,0,0,80,80,0,1,1,0,0x00,0,0,0,0,0,0,1,1,0,1,0,0,0,,,,,,,,,,,,,,,
38,1.3,44649,1362.579345703125,1.362579345703125,3,SLOW_SWEEP,0x16,large_room|slow_turn|portal_view,1262,1262,38.51318359375,25.96513470681458,6,0.18310546875,1255,38.299560546875,1,0.030517578125,896,781,3.5,3.05078125,3,3,4708,103.447265625,0,1,80,80,0,1,1,0,0x04,0,0,0,1,0,0,1,1,0,1,0,0,0,,,,,,,,,,,,,,,
39,1.3333333333333333,45909,1401.031494140625,1.401031494140625,3,SLOW_SWEEP,0x16,large_room|slow_turn|portal_view,1260,1260,38.4521484375,26.006349206349206,5,0.152587890625,1255,38.299560546875,0,0.0,896,781,3.5,3.05078125,3,3,4708,103.447265625,0,0,80,80,0,1,1,0,0x00,0,0,0,0,0,0,1,1,0,1,0,0,0,,,,,,,,,,,,,,,
40,1.3666666666666667,47168,1439.453125,1.439453125,3,SLOW_SWEEP,0x16,large_room|slow_turn|portal_view,1259,1259,38.421630859375,26.027005559968227,5,0.152587890625,1253,38.238525390625,1,0.030517578125,896,781,3.5,3.05078125,3,3,4810,105.6884765625,0,1,80,80,0,1,1,0,0x04,0,0,0,1,0,0,1,1,0,1,0,0,0,,,,,,,,,,,,,,,
41,1.4,48426,1477.84423828125,1.47784423828125,3,SLOW_SWEEP,0x16,large_room|slow_turn|portal_view,1258,1258,38.39111328125,26.047694753577108,6,0.18310546875,1252,38.2080078125,0,0.0,896,781,3.5,3.05078125,3,3,4810,105.6884765625,0,0,80,80,0,1,1,0,0x00,0,0,0,0,0,0,1,1,0,1,0,0,0,,,,,,,,,,,,,,,
42,1.4333333333333333,49684,1516.2353515625,1.5162353515625,3,SLOW_SWEEP,0x16,large_room|slow_turn|portal_view,1258,1258,38.39111328125,26.047694753577108,5,0.152587890625,1252,38.2080078125,1,0.030517578125,896,781,3.5,3.05078125,3,3,4912,107.9296875,0,1,80,80,0,1,1,0,0x04,0,0,0,1,0,0,1,1,0,1,0,0,0,,,,,,,,,,,,,,,
43,1.4666666666666666,50942,1554.62646484375,1.55462646484375,3,SLOW_SWEEP,0x16,large_room|slow_turn|portal_view,1258,1258,38.39111328125,26.047694753577108,5,0.152587890625,1252,38.2080078125,1,0.030517578125,896,781,3.5,3.05078125,3,3,4912,107.9296875,0,0,80,80,0,1,1,0,0x00,0,0,0,0,0,0,1,1,0,1,0,0,0,,,,,,,,,,,,,,,
44,1.5,52228,1593.8720703125,1.5938720703125,3,SLOW_SWEEP,0x16,large_room|slow_turn|portal_view,1286,1286,39.24560546875,25.480559875583204,5,0.152587890625,1281,39.093017578125,0,0.0,896,781,3.5,3.05078125,3,3,5014,110.1708984375,0,1,83,80,3,3,3,2,0x04,0,0,0,1,0,0,1,1,0,1,0,0,0,,,,,,,,,,,,,,,
45,1.5333333333333334,53515,1633.148193359375,1.633148193359375,3,SLOW_SWEEP,0x16,large_room|slow_turn|portal_view,1287,1287,39.276123046875,25.46076146076146,6,0.18310546875,1281,39.093017578125,0,0.0,896,781,3.5,3.05078125,3,3,5014,110.1708984375,0,0,83,80,3,3,3,2,0x00,0,0,0,0,0,0,1,1,0,1,0,0,0,,,,,,,,,,,,,,,
46,1.5666666666666667,54823,1673.065185546875,1.673065185546875,3,SLOW_SWEEP,0x16,large_room|slow_turn|portal_view,1308,1308,39.9169921875,25.051987767584098,5,0.152587890625,1302,39.73388671875,1,0.030517578125,896,781,3.5,3.05078125,3,3,5116,112.412109375,0,1,86,80,6,3,3,2,0x04,0,0,0,1,0,0,1,1,0,1,0,0,0,,,,,,,,,,,,,,,
47,1.6,56131,1712.982177734375,1.712982177734375,3,SLOW_SWEEP,0x16,large_room|slow_turn|portal_view,1308,1308,39.9169921875,25.051987767584098,6,0.18310546875,1302,39.73388671875,0,0.0,896,781,3.5,3.05078125,3,3,5116,112.412109375,0,0,86,80,6,3,3,2,0x00,0,0,0,0,0,0,1,1,0,1,0,0,0,,,,,,,,,,,,,,,
48,1.6333333333333333,57453,1753.326416015625,1.753326416015625,3,SLOW_SWEEP,0x16,large_room|slow_turn|portal_view,1322,1322,40.34423828125,24.786686838124055,5,0.152587890625,1317,40.191650390625,0,0.0,896,781,3.5,3.05078125,3,3,5218,114.6533203125,0,1,88,80,8,2,2,1,0x04,0,0,0,1,0,0,1,1,0,1,0,0,0,,,,,,,,,,,,,,,
49,1.6666666666666667,58776,1793.701171875,1.793701171875,3,SLOW_SWEEP,0x16,large_room|slow_turn|portal_view,1323,1323,40.374755859375,24.767951625094483,6,0.18310546875,1317,40.191650390625,0,0.0,896,781,3.5,3.05078125,3,3,5218,114.6533203125,0,0,88,80,8,2,2,1,0x00,0,0,0,0,0,0,1,1,0,1,0,0,0,,,,,,,,,,,,,,,
50,1.7,60116,1834.5947265625,1.8345947265625,3,SLOW_SWEEP,0x16,large_room|slow_turn|portal_view,1340,1340,40.8935546875,24.453731343283582,6,0.18310546875,1333,40.679931640625,1,0.030517578125,896,781,3.5,3.05078125,3,3,5320,116.89453125,0,1,91,80,11,2,2,1,0x04,0,0,0,1,0,0,1,1,0,1,0,0,0,,,,,,,,,,,,,,,
51,1.7333333333333334,61456,1875.48828125,1.87548828125,3,SLOW_SWEEP,0x16,large_room|slow_turn|portal_view,1340,1340,40.8935546875,24.453731343283582,6,0.18310546875,1333,40.679931640625,1,0.030517578125,896,781,3.5,3.05078125,3,3,5320,116.89453125,0,0,91,80,11,2,2,1,0x00,0,0,0,0,0,0,1,1,0,1,0,0,0,,,,,,,,,,,,,,,
52,1.7666666666666666,62828,1917.3583984375,1.9173583984375,3,SLOW_SWEEP,0x16,large_room|slow_turn|portal_view,1372,1372,41.8701171875,23.88338192419825,6,0.18310546875,1365,41.656494140625,1,0.030517578125,896,781,3.5,3.05078125,3,3,5422,119.1357421875,0,1,95,80,15,3,3,2,0x04,0,0,0,1,0,0,1,1,0,1,0,0,0,,,,,,,,,,,,,,,
53,1.8,64201,1959.259033203125,1.959259033203125,3,SLOW_SWEEP,0x16,large_room|slow_turn|portal_view,1373,1373,41.900634765625,23.86598689002185,6,0.18310546875,1366,41.68701171875,1,0.030517578125,896,781,3.5,3.05078125,3,3,5422,119.1357421875,0,0,95,80,15,3,3,2,0x00,0,0,0,0,0,0,1,1,0,1,0,0,0,,,,,,,,,,,,,,,
54,1.8333333333333333,65602,2002.01416015625,2.00201416015625,3,SLOW_SWEEP,0x16,large_room|slow_turn|portal_view,1401,1401,42.755126953125,23.38900785153462,6,0.18310546875,1394,42.54150390625,1,0.030517578125,896,781,3.5,3.05078125,3,3,5524,121.376953125,0,1,98,80,18,3,3,2,0x04,0,0,0,1,0,0,1,1,0,1,0,0,0,,,,,,,,,,,,,,,
55,1.8666666666666667,67003,2044.769287109375,2.044769287109375,3,SLOW_SWEEP,0x16,large_room|slow_turn|portal_view,1401,1401,42.755126953125,23.38900785153462,5,0.152587890625,1395,42.572021484375,1,0.030517578125,896,781,3.5,3.05078125,3,3,5524,121.376953125,0,0,98,80,18,3,3,2,0x00,0,0,0,0,0,0,1,1,0,1,0,0,0,,,,,,,,,,,,,,,
56,1.9,68433,2088.409423828125,2.088409423828125,3,SLOW_SWEEP,0x16,large_room|slow_turn|portal_view,1430,1430,43.64013671875,22.914685314685315,6,0.18310546875,1423,43.426513671875,1,0.030517578125,896,781,3.5,3.05078125,3,3,5626,123.6181640625,0,1,101,80,21,3,3,2,0x04,0,0,0,1,0,0,1,1,0,1,0,0,0,,,,,,,,,,,,,,,
57,1.9333333333333333,69864,2132.080078125,2.132080078125,3,SLOW_SWEEP,0x16,large_room|slow_turn|portal_view,1431,1431,43.670654296875,22.898672257162822,6,0.18310546875,1424,43.45703125,1,0.030517578125,896,781,3.5,3.05078125,3,3,5626,123.6181640625,0,0,101,80,21,3,3,2,0x00,0,0,0,0,0,0,1,1,0,1,0,0,0,,,,,,,,,,,,,,,
58,1.9666666666666666,71318,2176.45263671875,2.17645263671875,3,SLOW_SWEEP,0x16,large_room|slow_turn|portal_view,1454,1454,44.37255859375,22.536451169188446,6,0.18310546875,1447,44.158935546875,1,0.030517578125,896,781,3.5,3.05078125,3,3,5728,125.859375,0,1,102,80,22,2,2,1,0x04,0,0,0,1,0,0,1,1,0,1,0,0,0,,,,,,,,,,,,,,,
59,2.0,72771,2220.794677734375,2.220794677734375,3,SLOW_SWEEP,0x16,large_room|slow_turn|portal_view,1453,1453,44.342041015625,22.55196145905024,5,0.152587890625,1447,44.158935546875,1,0.030517578125,896,781,3.5,3.05078125,3,3,5728,125.859375,0,0,102,80,22,2,2,1,0x00,0,0,0,0,0,0,1,1,0,1,0,0,0,,,,,,,,,,,,,,,
60,2.033333333333333,74240,2265.625,2.265625,3,SLOW_SWEEP,0x16,large_room|slow_turn|portal_view,1469,1469,44.830322265625,22.306330837304287,6,0.18310546875,1463,44.647216796875,0,0.0,896,781,3.5,3.05078125,3,3,5830,128.1005859375,0,1,103,80,23,3,3,2,0x04,0,0,0,1,0,0,1,1,0,1,0,0,0,,,,,,,,,,,,,,,
61,2.066666666666667,75709,2310.455322265625,2.310455322265625,3,SLOW_SWEEP,0x16,large_room|slow_turn|portal_view,1469,1469,44.830322265625,22.306330837304287,6,0.18310546875,1462,44.61669921875,1,0.030517578125,896,781,3.5,3.05078125,3,3,5830,128.1005859375,0,0,103,80,23,3,3,2,0x00,0,0,0,0,0,0,1,1,0,1,0,0,0,,,,,,,,,,,,,,,
62,2.1,77164,2354.8583984375,2.3548583984375,3,SLOW_SWEEP,0x16,large_room|slow_turn|portal_view,1455,1455,44.403076171875,22.520962199312716,6,0.18310546875,1449,44.219970703125,0,0.0,896,781,3.5,3.05078125,3,3,5932,130.341796875,0,1,101,80,21,2,2,1,0x04,0,0,0,1,0,0,1,1,0,1,0,0,0,,,,,,,,,,,,,,,
63,2.1333333333333333,78619,2399.261474609375,2.399261474609375,3,SLOW_SWEEP,0x16,large_room|slow_turn|portal_view,1455,1455,44.403076171875,22.520962199312716,6,0.18310546875,1449,44.219970703125,0,0.0,896,781,3.5,3.05078125,3,3,5932,130.341796875,0,0,101,80,21,2,2,1,0x00,0,0,0,0,0,0,1,1,0,1,0,0,0,,,,,,,,,,,,,,,
64,2.1666666666666665,80075,2443.695068359375,2.443695068359375,3,SLOW_SWEEP,0x16,large_room|slow_turn|portal_view,1456,1456,44.43359375,22.505494505494507,5,0.152587890625,1451,44.281005859375,0,0.0,896,781,3.5,3.05078125,3,3,6034,132.5830078125,0,1,101,80,21,3,3,2,0x04,0,0,0,1,0,0,1,1,0,1,0,0,0,,,,,,,,,,,,,,,
65,2.2,81532,2488.1591796875,2.4881591796875,3,SLOW_SWEEP,0x16,large_room|slow_turn|portal_view,1457,1457,44.464111328125,22.490048043925874,6,0.18310546875,1451,44.281005859375,0,0.0,896,781,3.5,3.05078125,3,3,6034,132.5830078125,0,0,101,80,21,3,3,2,0x00,0,0,0,0,0,0,1,1,0,1,0,0,0,,,,,,,,,,,,,,,
66,2.2333333333333334,82981,2532.379150390625,2.532379150390625,3,SLOW_SWEEP,0x16,large_room|slow_turn|portal_view,1449,1449,44.219970703125,22.614216701173223,5,0.152587890625,1444,44.0673828125,0,0.0,896,781,3.5,3.05078125,3,3,6136,134.82421875,0,1,100,80,20,2,2,1,0x04,0,0,0,1,0,0,1,1,0,1,0,0,0,,,,,,,,,,,,,,,
67,2.2666666666666666,84430,2576.59912109375,2.57659912109375,3,SLOW_SWEEP,0x16,large_room|slow_turn|portal_view,1449,1449,44.219970703125,22.614216701173223,6,0.18310546875,1443,44.036865234375,0,0.0,896,781,3.5,3.05078125,3,3,6136,134.82421875,0,0,100,80,20,2,2,1,0x00,0,0,0,0,0,0,1,1,0,1,0,0,0,,,,,,,,,,,,,,,
68,2.3,85878,2620.78857421875,2.62078857421875,3,SLOW_SWEEP,0x16,large_room|slow_turn|portal_view,1448,1448,44.189453125,22.629834254143645,5,0.152587890625,1443,44.036865234375,0,0.0,896,781,3.5,3.05078125,3,3,6238,137.0654296875,0,1,101,80,21,3,3,2,0x04,0,0,0,1,0,0,1,1,0,1,0,0,0,,,,,,,,,,,,,,,
69,2.3333333333333335,87326,2664.97802734375,2.66497802734375,3,SLOW_SWEEP,0x16,large_room|slow_turn|portal_view,1448,1448,44.189453125,22.629834254143645,6,0.18310546875,1442,44.00634765625,0,0.0,896,781,3.5,3.05078125,3,3,6238,137.0654296875,0,0,101,80,21,3,3,2,0x00,0,0,0,0,0,0,1,1,0,1,0,0,0,,,,,,,,,,,,,,,
70,2.3666666666666667,88753,2708.526611328125,2.708526611328125,3,SLOW_SWEEP,0x16,large_room|slow_turn|portal_view,1427,1427,43.548583984375,22.962859145059564,6,0.18310546875,1420,43.3349609375,1,0.030517578125,896,781,3.5,3.05078125,3,3,6340,139.306640625,0,1,99,80,19,2,2,1,0x04,0,0,0,1,0,0,1,1,0,1,0,0,0,,,,,,,,,,,,,,,
71,2.4,90180,2752.0751953125,2.7520751953125,3,SLOW_SWEEP,0x16,large_room|slow_turn|portal_view,1427,1427,43.548583984375,22.962859145059564,6,0.18310546875,1421,43.365478515625,0,0.0,896,781,3.5,3.05078125,3,3,6340,139.306640625,0,0,99,80,19,2,2,1,0x00,0,0,0,0,0,0,1,1,0,1,0,0,0,,,,,,,,,,,,,,,
72,2.433333333333333,91612,2795.7763671875,2.7957763671875,3,SLOW_SWEEP,0x16,large_room|slow_turn|portal_view,1432,1432,43.701171875,22.88268156424581,6,0.18310546875,1426,43.51806640625,0,0.0,896,781,3.5,3.05078125,3,3,6442,141.5478515625,0,1,100,80,20,3,3,2,0x04,0,0,0,1,0,0,1,1,0,1,0,0,0,,,,,,,,,,,,,,,
73,2.466666666666667,93044,2839.4775390625,2.8394775390625,3,SLOW_SWEEP,0x16,large_room|slow_turn|portal_view,1432,1432,43.701171875,22.88268156424581,6,0.18310546875,1426,43.51806640625,0,0.0,896,781,3.5,3.05078125,3,3,6442,141.5478515625,0,0,100,80,20,3,3,2,0x00,0,0,0,0,0,0,1,1,0,1,0,0,0,,,,,,,,,,,,,,,
74,2.5,94458,2882.62939453125,2.88262939453125,3,SLOW_SWEEP,0x16,large_room|slow_turn|portal_view,1414,1414,43.15185546875,23.173974540311175,6,0.18310546875,1408,42.96875,0,0.0,896,781,3.5,3.05078125,3,3,6544,143.7890625,0,1,100,80,20,3,3,2,0x04,0,0,0,1,0,0,1,1,0,1,0,0,0,,,,,,,,,,,,,,,
75,2.533333333333333,95873,2925.811767578125,2.925811767578125,3,SLOW_SWEEP,0x16,large_room|slow_turn|portal_view,1415,1415,43.182373046875,23.157597173144875,6,0.18310546875,1408,42.96875,1,0.030517578125,896,781,3.5,3.05078125,3,3,6544,143.7890625,0,0,100,80,20,3,3,2,0x00,0,0,0,0,0,0,1,1,0,1,0,0,0,,,,,,,,,,,,,,,
76,2.566666666666667,97266,2968.32275390625,2.96832275390625,3,SLOW_SWEEP,0x16,large_room|slow_turn|portal_view,1393,1393,42.510986328125,23.52333094041637,6,0.18310546875,1386,42.29736328125,1,0.030517578125,896,781,3.5,3.05078125,3,3,6646,146.0302734375,0,1,98,80,18,2,2,1,0x04,0,0,0,1,0,0,1,1,0,1,0,0,0,,,,,,,,,,,,,,,
77,2.6,98657,3010.772705078125,3.010772705078125,3,SLOW_SWEEP,0x16,large_room|slow_turn|portal_view,1391,1391,42.449951171875,23.557153127246586,5,0.152587890625,1386,42.29736328125,0,0.0,896,781,3.5,3.05078125,3,3,6646,146.0302734375,0,0,98,80,18,2,2,1,0x00,0,0,0,0,0,0,1,1,0,1,0,0,0,,,,,,,,,,,,,,,
78,2.6333333333333333,100070,3053.89404296875,3.05389404296875,3,SLOW_SWEEP,0x16,large_room|slow_turn|portal_view,1413,1413,43.121337890625,23.19037508846426,6,0.18310546875,1406,42.90771484375,1,0.030517578125,896,781,3.5,3.05078125,3,3,6748,148.271484375,0,1,101,80,21,3,3,2,0x04,0,0,0,1,0,0,1,1,0,1,0,0,0,,,,,,,,,,,,,,,
79,2.6666666666666665,101483,3097.015380859375,3.097015380859375,3,SLOW_SWEEP,0x16,large_room|slow_turn|portal_view,1413,1413,43.121337890625,23.19037508846426,6,0.18310546875,1407,42.938232421875,0,0.0,896,781,3.5,3.05078125,3,3,6748,148.271484375,0,0,101,80,21,3,3,2,0x00,0,0,0,0,0,0,1,1,0,1,0,0,0,,,,,,,,,,,,,,,
80,2.7,102915,3140.716552734375,3.140716552734375,3,SLOW_SWEEP,0x16,large_room|slow_turn|portal_view,1432,1432,43.701171875,22.88268156424581,5,0.152587890625,1427,43.548583984375,0,0.0,896,781,3.5,3.05078125,3,3,6850,150.5126953125,0,1,104,80,24,3,3,2,0x04,0,0,0,1,0,0,1,1,0,1,0,0,0,,,,,,,,,,,,,,,
81,2.7333333333333334,104348,3184.4482421875,3.1844482421875,3,SLOW_SWEEP,0x16,large_room|slow_turn|portal_view,1433,1433,43.731689453125,22.866713189113746,6,0.18310546875,1426,43.51806640625,1,0.030517578125,896,781,3.5,3.05078125,3,3,6850,150.5126953125,0,0,104,80,24,3,3,2,0x00,0,0,0,0,0,0,1,1,0,1,0,0,0,,,,,,,,,,,,,,,
82,2.7666666666666666,105785,3228.302001953125,3.228302001953125,3,SLOW_SWEEP,0x16,large_room|slow_turn|portal_view,1437,1437,43.853759765625,22.803061934585944,6,0.18310546875,1431,43.670654296875,0,0.0,896,781,3.5,3.05078125,3,3,6952,152.75390625,0,1,105,80,25,2,2,1,0x04,0,0,0,1,0,0,1,1,0,1,0,0,0,,,,,,,,,,,,,,,
83,2.8,107222,3272.15576171875,3.27215576171875,3,SLOW_SWEEP,0x16,large_room|slow_turn|portal_view,1437,1437,43.853759765625,22.803061934585944,6,0.18310546875,1430,43.64013671875,1,0.030517578125,896,781,3.5,3.05078125,3,3,6952,152.75390625,0,0,105,80,25,2,2,1,0x00,0,0,0,0,0,0,1,1,0,1,0,0,0,,,,,,,,,,,,,,,
84,2.8333333333333335,108689,3316.925048828125,3.316925048828125,3,SLOW_SWEEP,0x16,large_room|slow_turn|portal_view,1467,1467,44.769287109375,22.336741649625086,5,0.152587890625,1462,44.61669921875,0,0.0,896,781,3.5,3.05078125,3,3,7054,154.9951171875,0,1,109,80,29,3,3,2,0x04,0,0,0,1,0,0,1,1,0,1,0,0,0,,,,,,,,,,,,,,,
85,2.8666666666666667,110157,3361.724853515625,3.361724853515625,3,SLOW_SWEEP,0x16,large_room|slow_turn|portal_view,1468,1468,44.7998046875,22.321525885558582,6,0.18310546875,1462,44.61669921875,0,0.0,896,781,3.5,3.05078125,3,3,7054,154.9951171875,0,0,109,80,29,3,3,2,0x00,0,0,0,0,0,0,1,1,0,1,0,0,0,,,,,,,,,,,,,,,
86,2.9,111632,3406.73828125,3.40673828125,3,SLOW_SWEEP,0x16,large_room|slow_turn|portal_view,1475,1475,45.013427734375,22.215593220338985,5,0.152587890625,1469,44.830322265625,1,0.030517578125,896,781,3.5,3.05078125,3,3,7156,157.236328125,0,1,111,80,31,2,2,1,0x04,0,0,0,1,0,0,1,1,0,1,0,0,0,,,,,,,,,,,,,,,
87,2.933333333333333,113108,3451.7822265625,3.4517822265625,3,SLOW_SWEEP,0x16,large_room|slow_turn|portal_view,1476,1476,45.0439453125,22.200542005420054,6,0.18310546875,1469,44.830322265625,1,0.030517578125,896,781,3.5,3.05078125,3,3,7156,157.236328125,0,0,111,80,31,2,2,1,0x00,0,0,0,0,0,0,1,1,0,1,0,0,0,,,,,,,,,,,,,,,
88,2.966666666666667,114608,3497.55859375,3.49755859375,3,SLOW_SWEEP,0x16,large_room|slow_turn|portal_view,1500,1500,45.7763671875,21.845333333333333,5,0.152587890625,1495,45.623779296875,0,0.0,896,781,3.5,3.05078125,3,3,7258,159.4775390625,0,1,115,80,35,3,3,2,0x04,0,0,0,1,0,0,1,1,0,1,0,0,0,,,,,,,,,,,,,,,
89,3.0,116109,3543.365478515625,3.543365478515625,3,SLOW_SWEEP,0x16,large_room|slow_turn|portal_view,1501,1501,45.806884765625,21.830779480346436,6,0.18310546875,1495,45.623779296875,0,0.0,896,781,3.5,3.05078125,3,3,7258,159.4775390625,0,0,115,80,35,3,3,2,0x00,0,0,0,0,0,0,1,1,0,1,0,0,0,,,,,,,,,,,,,,,
90,3.033333333333333,117632,3589.84375,3.58984375,3,SLOW_SWEEP,0x16,large_room|slow_turn|portal_view,1523,1523,46.478271484375,21.51543007222587,5,0.152587890625,1518,46.32568359375,0,0.0,896,781,3.5,3.05078125,3,3,7360,161.71875,0,1,119,80,39,3,3,2,0x04,0,0,0,1,0,0,1,1,0,1,0,0,0,,,,,,,,,,,,,,,
91,3.066666666666667,119156,3636.3525390625,3.6363525390625,3,SLOW_SWEEP,0x16,large_room|slow_turn|portal_view,1524,1524,46.5087890625,21.501312335958005,6,0.18310546875,1518,46.32568359375,0,0.0,896,781,3.5,3.05078125,3,3,7360,161.71875,0,0,119,80,39,3,3,2,0x00,0,0,0,0,0,0,1,1,0,1,0,0,0,,,,,,,,,,,,,,,
92,3.1,120703,3683.563232421875,3.683563232421875,3,SLOW_SWEEP,0x16,large_room|slow_turn|portal_view,1547,1547,47.210693359375,21.18164188752424,5,0.152587890625,1542,47.05810546875,0,0.0,896,781,3.5,3.05078125,3,3,7462,163.9599609375,0,1,122,80,42,3,3,2,0x04,0,0,0,1,0,0,1,1,0,1,0,0,0,,,,,,,,,,,,,,,
93,3.1333333333333333,122251,3730.804443359375,3.730804443359375,3,SLOW_SWEEP,0x16,large_room|slow_turn|portal_view,1548,1548,47.2412109375,21.16795865633075,6,0.18310546875,1542,47.05810546875,0,0.0,896,781,3.5,3.05078125,3,3,7462,163.9599609375,0,0,122,80,42,3,3,2,0x00,0,0,0,0,0,0,1,1,0,1,0,0,0,,,,,,,,,,,,,,,
94,3.1666666666666665,123802,3778.13720703125,3.77813720703125,3,SLOW_SWEEP,0x16,large_room|slow_turn|portal_view,1551,1551,47.332763671875,21.12701482914249,6,0.18310546875,1545,47.149658203125,0,0.0,896,781,3.5,3.05078125,3,3,7564,166.201171875,0,1,123,80,43,2,2,1,0x04,0,0,0,1,0,0,1,1,0,1,0,0,0,,,,,,,,,,,,,,,
95,3.2,125354,3825.50048828125,3.82550048828125,3,SLOW_SWEEP,0x16,large_room|slow_turn|portal_view,1552,1552,47.36328125,21.11340206185567,6,0.18310546875,1545,47.149658203125,1,0.030517578125,896,781,3.5,3.05078125,3,3,7564,166.201171875,0,0,123,80,43,2,2,1,0x00,0,0,0,0,0,0,1,1,0,1,0,0,0,,,,,,,,,,,,,,,
96,3.2333333333333334,126938,3873.84033203125,3.87384033203125,3,SLOW_SWEEP,0x16,large_room|slow_turn|portal_view,1584,1584,48.33984375,20.68686868686869,5,0.152587890625,1579,48.187255859375,0,0.0,896,781,3.5,3.05078125,3,3,7666,168.4423828125,0,1,127,80,47,3,3,2,0x06,1,0,0,1,0,0,1,1,0,1,0,0,0,48.76708984375,2.532958984375,0.0,14.5263671875,10.650634765625,6.103515625,8.72802734375,6.2255859375,47,80,47,47,47,5819,619
97,3.2666666666666666,128523,3922.210693359375,3.922210693359375,3,SLOW_SWEEP,0x16,large_room|slow_turn|portal_view,1585,1585,48.370361328125,20.673817034700317,6,0.18310546875,1579,48.187255859375,0,0.0,896,781,3.5,3.05078125,3,3,7666,168.4423828125,0,0,127,80,47,3,3,2,0x00,0,0,0,0,0,0,1,1,0,1,0,0,0,,,,,,,,,,,,,,,
98,3.3,130106,3970.52001953125,3.97052001953125,3,SLOW_SWEEP,0x16,large_room|slow_turn|portal_view,1583,1583,48.309326171875,20.699936828806063,6,0.18310546875,1577,48.126220703125,0,0.0,896,781,3.5,3.05078125,3,3,7768,170.68359375,0,1,127,80,47,2,2,1,0x04,0,0,0,1,0,0,1,1,0,1,0,0,0,,,,,,,,,,,,,,,
99,3.3333333333333335,131689,4018.829345703125,4.018829345703125,3,SLOW_SWEEP,0x16,large_room|slow_turn|portal_view,1583,1583,48.309326171875,20.699936828806063,6,0.18310546875,1577,48.126220703125,0,0.0,896,781,3.5,3.05078125,3,3,7768,170.68359375,0,0,127,80,47,2,2,1,0x00,0,0,0,0,0,0,1,1,0,1,0,0,0,,,,,,,,,,,,,,,
100,3.3666666666666667,133265,4066.925048828125,4.066925048828125,3,SLOW_SWEEP,0x16,large_room|slow_turn|portal_view,1576,1576,48.095703125,20.79187817258883,5,0.152587890625,1571,47.943115234375,0,0.0,896,781,3.5,3.05078125,3,3,7870,172.9248046875,0,1,128,80,48,3,3,2,0x04,0,0,0,1,0,0,1,1,0,1,0,0,0,,,,,,,,,,,,,,,
101,3.4,134841,4115.020751953125,4.115020751953125,3,SLOW_SWEEP,0x16,large_room|slow_turn|portal_view,1576,1576,48.095703125,20.79187817258883,6,0.18310546875,1570,47.91259765625,0,0.0,896,781,3.5,3.05078125,3,3,7870,172.9248046875,0,0,128,80,48,3,3,2,0x00,0,0,0,0,0,0,1,1,0,1,0,0,0,,,,,,,,,,,,,,,
102,3.433333333333333,136422,4163.26904296875,4.16326904296875,3,SLOW_SWEEP,0x16,large_room|slow_turn|portal_view,1581,1581,48.248291015625,20.726122707147375,6,0.18310546875,1574,48.03466796875,1,0.030517578125,896,781,3.5,3.05078125,3,3,7972,175.166015625,0,1,129,80,49,3,3,2,0x04,0,0,0,1,0,0,1,1,0,1,0,0,0,,,,,,,,,,,,,,,
103,3.466666666666667,138002,4211.48681640625,4.21148681640625,3,SLOW_SWEEP,0x16,large_room|slow_turn|portal_view,1580,1580,48.2177734375,20.739240506329114,6,0.18310546875,1574,48.03466796875,0,0.0,896,781,3.5,3.05078125,3,3,7972,175.166015625,0,0,129,80,49,3,3,2,0x00,0,0,0,0,0,0,1,1,0,1,0,0,0,,,,,,,,,,,,,,,
104,3.5,139533,4258.209228515625,4.258209228515625,3,SLOW_SWEEP,0x16,large_room|slow_turn|portal_view,1531,1531,46.722412109375,21.40300457217505,5,0.152587890625,1526,46.56982421875,0,0.0,896,781,3.5,3.05078125,3,3,8074,177.4072265625,0,1,125,80,45,2,2,1,0x04,0,0,0,1,0,0,1,1,0,1,0,0,0,,,,,,,,,,,,,,,
105,3.533333333333333,141065,4304.962158203125,4.304962158203125,3,SLOW_SWEEP,0x16,large_room|slow_turn|portal_view,1532,1532,46.7529296875,21.389033942558747,6,0.18310546875,1526,46.56982421875,0,0.0,896,781,3.5,3.05078125,3,3,8074,177.4072265625,0,0,125,80,45,2,2,1,0x00,0,0,0,0,0,0,1,1,0,1,0,0,0,,,,,,,,,,,,,,,
106,3.566666666666667,142556,4350.4638671875,4.3504638671875,3,SLOW_SWEEP,0x16,large_room|slow_turn|portal_view,1491,1491,45.501708984375,21.97719651240778,5,0.152587890625,1486,45.34912109375,0,0.0,896,781,3.5,3.05078125,3,3,8176,179.6484375,0,1,121,80,41,2,2,1,0x04,0,0,0,1,0,0,1,1,0,1,0,0,0,,,,,,,,,,,,,,,
107,3.6,144048,4395.99609375,4.39599609375,3,SLOW_SWEEP,0x16,large_room|slow_turn|portal_view,1492,1492,45.5322265625,21.962466487935657,6,0.18310546875,1486,45.34912109375,0,0.0,896,781,3.5,3.05078125,3,3,8176,179.6484375,0,0,121,80,41,2,2,1,0x08,0,0,0,0,1,0,1,1,0,1,0,0,0,,,,,,,,,,,,,,,
108,3.6333333333333333,145570,4442.44384765625,4.44244384765625,4,FAST_SWEEP,0x9A,large_room|fast_turn|portal_view|stress,1522,1522,46.44775390625,21.529566360052563,5,0.152587890625,1516,46.2646484375,1,0.030517578125,896,781,3.5,3.05078125,3,3,8278,181.8896484375,0,1,118,80,38,2,2,1,0x04,0,0,0,1,0,0,1,0,1,1,0,0,1,,,,,,,,,,,,,,,
109,3.6666666666666665,147077,4488.433837890625,4.488433837890625,4,FAST_SWEEP,0x9A,large_room|fast_turn|portal_view|stress,1507,1507,45.989990234375,21.74386197743862,5,0.152587890625,1501,45.806884765625,1,0.030517578125,896,781,3.5,3.05078125,3,3,8380,184.130859375,0,1,116,80,36,2,2,1,0x04,0,0,0,1,0,0,1,0,1,1,0,0,1,,,,,,,,,,,,,,,
110,3.7,148552,4533.447265625,4.533447265625,4,FAST_SWEEP,0x9A,large_room|fast_turn|portal_view|stress,1475,1475,45.013427734375,22.215593220338985,6,0.18310546875,1469,44.830322265625,0,0.0,896,781,3.5,3.05078125,3,3,8482,186.3720703125,0,1,112,80,32,2,2,1,0x04,0,0,0,1,0,0,1,0,1,1,0,0,1,,,,,,,,,,,,,,,
111,3.7333333333333334,150011,4577.972412109375,4.577972412109375,4,FAST_SWEEP,0x9A,large_room|fast_turn|portal_view|stress,1459,1459,44.525146484375,22.4592186429061,5,0.152587890625,1453,44.342041015625,1,0.030517578125,896,781,3.5,3.05078125,3,3,8584,188.61328125,0,1,109,80,29,2,2,1,0x04,0,0,0,1,0,0,1,0,1,1,0,0,1,,,,,,,,,,,,,,,
112,3.7666666666666666,151436,4621.4599609375,4.6214599609375,4,FAST_SWEEP,0x9A,large_room|fast_turn|portal_view|stress,1425,1425,43.487548828125,22.995087719298244,6,0.18310546875,1419,43.304443359375,0,0.0,896,781,3.5,3.05078125,3,3,8686,190.8544921875,0,1,105,80,25,2,2,1,0x04,0,0,0,1,0,0,1,0,1,1,0,0,1,,,,,,,,,,,,,,,
113,3.8,152850,4664.61181640625,4.66461181640625,4,FAST_SWEEP,0x9A,large_room|fast_turn|portal_view|stress,1414,1414,43.15185546875,23.173974540311175,5,0.152587890625,1409,42.999267578125,0,0.0,896,781,3.5,3.05078125,3,3,8788,193.095703125,0,1,104,80,24,2,2,1,0x04,0,0,0,1,0,0,1,0,1,1,0,0,1,,,,,,,,,,,,,,,
114,3.8333333333333335,154252,4707.3974609375,4.7073974609375,4,FAST_SWEEP,0x9A,large_room|fast_turn|portal_view|stress,1402,1402,42.78564453125,23.372325249643367,6,0.18310546875,1395,42.572021484375,1,0.030517578125,896,781,3.5,3.05078125,3,3,8890,195.3369140625,0,1,103,80,23,2,2,1,0x04,0,0,0,1,0,0,1,0,1,1,0,0,1,,,,,,,,,,,,,,,
115,3.8666666666666667,155659,4750.335693359375,4.750335693359375,4,FAST_SWEEP,0x9A,large_room|fast_turn|portal_view|stress,1407,1407,42.938232421875,23.289267945984363,6,0.18310546875,1400,42.724609375,1,0.030517578125,896,781,3.5,3.05078125,3,3,8992,197.578125,0,1,104,80,24,2,2,1,0x04,0,0,0,1,0,0,1,0,1,1,0,0,1,,,,,,,,,,,,,,,
116,3.9,157053,4792.877197265625,4.792877197265625,4,FAST_SWEEP,0x9A,large_room|fast_turn|portal_view|stress,1394,1394,42.54150390625,23.506456241033,6,0.18310546875,1388,42.3583984375,0,0.0,896,781,3.5,3.05078125,3,3,9094,199.8193359375,0,1,103,80,23,2,2,1,0x04,0,0,0,1,0,0,1,0,1,1,0,0,1,,,,,,,,,,,,,,,
117,3.933333333333333,158452,4835.5712890625,4.8355712890625,4,FAST_SWEEP,0x9A,large_room|fast_turn|portal_view|stress,1399,1399,42.694091796875,23.422444603288064,6,0.18310546875,1392,42.48046875,1,0.030517578125,896,781,3.5,3.05078125,3,3,9196,202.060546875,0,1,104,80,24,2,2,1,0x04,0,0,0,1,0,0,1,0,1,1,0,0,1,,,,,,,,,,,,,,,
118,3.966666666666667,159853,4878.326416015625,4.878326416015625,4,FAST_SWEEP,0x9A,large_room|fast_turn|portal_view|stress,1401,1401,42.755126953125,23.38900785153462,6,0.18310546875,1395,42.572021484375,0,0.0,896,781,3.5,3.05078125,3,3,9298,204.3017578125,0,1,104,80,24,2,2,1,0x04,0,0,0,1,0,0,1,0,1,1,0,0,1,,,,,,,,,,,,,,,
119,4.0,161250,4920.95947265625,4.92095947265625,4,FAST_SWEEP,0x9A,large_room|fast_turn|portal_view|stress,1397,1397,42.633056640625,23.45597709377237,6,0.18310546875,1391,42.449951171875,0,0.0,896,781,3.5,3.05078125,3,3,9400,206.54296875,0,1,105,80,25,2,2,1,0x04,0,0,0,1,0,0,1,0,1,1,0,0,1,,,,,,,,,,,,,,,
120,4.033333333333333,162652,4963.7451171875,4.9637451171875,4,FAST_SWEEP,0x9A,large_room|fast_turn|portal_view|stress,1402,1402,42.78564453125,23.372325249643367,5,0.152587890625,1397,42.633056640625,0,0.0,896,781,3.5,3.05078125,3,3,9502,208.7841796875,0,1,106,80,26,2,2,1,0x04,0,0,0,1,0,0,1,0,1,1,0,0,1,,,,,,,,,,,,,,,
121,4.066666666666666,164044,5006.2255859375,5.0062255859375,4,FAST_SWEEP,0x9A,large_room|fast_turn|portal_view|stress,1392,1392,42.48046875,23.54022988505747,5,0.152587890625,1387,42.327880859375,0,0.0,896,781,3.5,3.05078125,3,3,9604,211.025390625,0,1,105,80,25,2,2,1,0x04,0,0,0,1,0,0,1,0,1,1,0,0,1,,,,,,,,,,,,,,,
122,4.1,165457,5049.346923828125,5.049346923828125,4,FAST_SWEEP,0x9A,large_room|fast_turn|portal_view|stress,1413,1413,43.121337890625,23.19037508846426,5,0.152587890625,1407,42.938232421875,1,0.030517578125,896,781,3.5,3.05078125,3,3,9706,213.2666015625,0,1,107,80,27,2,2,1,0x04,0,0,0,1,0,0,1,0,1,1,0,0,1,,,,,,,,,,,,,,,
123,4.133333333333334,166864,5092.28515625,5.09228515625,4,FAST_SWEEP,0x9A,large_room|fast_turn|portal_view|stress,1407,1407,42.938232421875,23.289267945984363,6,0.18310546875,1400,42.724609375,1,0.030517578125,896,781,3.5,3.05078125,3,3,9808,215.5078125,0,1,106,80,26,2,2,1,0x04,0,0,0,1,0,0,1,0,1,1,0,0,1,,,,,,,,,,,,,,,
124,4.166666666666667,168254,5134.70458984375,5.13470458984375,4,FAST_SWEEP,0x9A,large_room|fast_turn|portal_view|stress,1390,1390,42.41943359375,23.57410071942446,6,0.18310546875,1384,42.236328125,0,0.0,896,781,3.5,3.05078125,3,3,9910,217.7490234375,0,1,104,80,24,2,2,1,0x04,0,0,0,1,0,0,1,0,1,1,0,0,1,,,,,,,,,,,,,,,
125,4.2,169622,5176.45263671875,5.17645263671875,4,FAST_SWEEP,0x9A,large_room|fast_turn|portal_view|stress,1368,1368,41.748046875,23.953216374269005,6,0.18310546875,1362,41.56494140625,0,0.0,896,781,3.5,3.05078125,3,3,10012,219.990234375,0,1,101,80,21,2,2,1,0x04,0,0,0,1,0,0,1,0,1,1,0,0,1,,,,,,,,,,,,,,,
126,4.233333333333333,170984,5218.017578125,5.218017578125,4,FAST_SWEEP,0x9A,large_room|fast_turn|portal_view|stress,1362,1362,41.56494140625,24.058737151248163,5,0.152587890625,1356,41.3818359375,1,0.030517578125,896,781,3.5,3.05078125,3,3,10114,222.2314453125,0,1,99,80,19,2,2,1,0x04,0,0,0,1,0,0,1,0,1,1,0,0,1,,,,,,,,,,,,,,,
127,4.266666666666667,172376,5260.498046875,5.260498046875,4,FAST_SWEEP,0x9A,large_room|fast_turn|portal_view|stress,1392,1392,42.48046875,23.54022988505747,6,0.18310546875,1386,42.29736328125,0,0.0,896,781,3.5,3.05078125,3,3,10216,224.47265625,0,1,102,80,22,4,4,3,0x04,0,0,0,1,0,0,1,0,1,1,0,0,1,,,,,,,,,,,,,,,
128,4.3,173791,5303.680419921875,5.303680419921875,4,FAST_SWEEP,0x9A,large_room|fast_turn|portal_view|stress,1415,1415,43.182373046875,23.157597173144875,5,0.152587890625,1409,42.999267578125,1,0.030517578125,896,781,3.5,3.05078125,3,3,10318,226.7138671875,0,1,103,80,23,4,4,3,0x04,0,0,0,1,0,0,1,0,1,1,0,0,1,,,,,,,,,,,,,,,
129,4.333333333333333,175227,5347.503662109375,5.347503662109375,4,FAST_SWEEP,0x9A,large_room|fast_turn|portal_view|stress,1436,1436,43.8232421875,22.818941504178273,6,0.18310546875,1429,43.609619140625,1,0.030517578125,896,781,3.5,3.05078125,3,3,10420,228.955078125,0,1,104,80,24,4,4,3,0x04,0,0,0,1,0,0,1,0,1,1,0,0,1,,,,,,,,,,,,,,,
130,4.366666666666666,176647,5390.838623046875,5.390838623046875,4,FAST_SWEEP,0x9A,large_room|fast_turn|portal_view|stress,1420,1420,43.3349609375,23.07605633802817,6,0.18310546875,1413,43.121337890625,1,0.030517578125,896,781,3.5,3.05078125,3,3,10522,231.1962890625,0,1,103,80,23,4,4,3,0x04,0,0,0,1,0,0,1,0,1,1,0,0,1,,,,,,,,,,,,,,,
131,4.4,178064,5434.08203125,5.43408203125,4,FAST_SWEEP,0x9A,large_room|fast_turn|portal_view|stress,1417,1417,43.243408203125,23.124911785462245,6,0.18310546875,1410,43.02978515625,1,0.030517578125,896,781,3.5,3.05078125,3,3,10624,233.4375,0,1,103,80,23,4,4,3,0x04,0,0,0,1,0,0,1,0,1,1,0,0,1,,,,,,,,,,,,,,,
132,4.433333333333334,179458,5476.62353515625,5.47662353515625,4,FAST_SWEEP,0x9A,large_room|fast_turn|portal_view|stress,1394,1394,42.54150390625,23.506456241033,5,0.152587890625,1389,42.388916015625,0,0.0,896,781,3.5,3.05078125,3,3,10726,235.6787109375,0,1,103,80,23,4,4,3,0x04,0,0,0,1,0,0,1,0,1,1,0,0,1,,,,,,,,,,,,,,,
133,4.466666666666667,180861,5519.439697265625,5.519439697265625,4,FAST_SWEEP,0x9A,large_room|fast_turn|portal_view|stress,1403,1403,42.816162109375,23.355666429080543,5,0.152587890625,1397,42.633056640625,1,0.030517578125,896,781,3.5,3.05078125,3,3,10828,237.919921875,0,1,105,80,25,4,4,3,0x04,0,0,0,1,0,0,1,0,1,1,0,0,1,,,,,,,,,,,,,,,
134,4.5,182285,5562.896728515625,5.562896728515625,4,FAST_SWEEP,0x9A,large_room|fast_turn|portal_view|stress,1424,1424,43.45703125,23.01123595505618,6,0.18310546875,1417,43.243408203125,1,0.030517578125,896,781,3.5,3.05078125,3,3,10930,240.1611328125,0,1,108,80,28,4,4,3,0x04,0,0,0,1,0,0,1,0,1,1,0,0,1,,,,,,,,,,,,,,,
135,4.533333333333333,183711,5606.414794921875,5.606414794921875,4,FAST_SWEEP,0x9A,large_room|fast_turn|portal_view|stress,1426,1426,43.51806640625,22.978962131837307,6,0.18310546875,1420,43.3349609375,0,0.0,896,781,3.5,3.05078125,3,3,11032,242.40234375,0,1,110,80,30,4,4,3,0x04,0,0,0,1,0,0,1,0,1,1,0,0,1,,,,,,,,,,,,,,,
136,4.566666666666666,185152,5650.390625,5.650390625,4,FAST_SWEEP,0x9A,large_room|fast_turn|portal_view|stress,1441,1441,43.975830078125,22.73976405274115,5,0.152587890625,1436,43.8232421875,0,0.0,896,781,3.5,3.05078125,3,3,11134,244.6435546875,0,1,111,80,31,4,4,3,0x04,0,0,0,1,0,0,1,0,1,1,0,0,1,,,,,,,,,,,,,,,
137,4.6,186621,5695.220947265625,5.695220947265625,4,FAST_SWEEP,0x9A,large_room|fast_turn|portal_view|stress,1469,1469,44.830322265625,22.306330837304287,5,0.152587890625,1464,44.677734375,0,0.0,896,781,3.5,3.05078125,3,3,11236,246.884765625,0,1,115,80,35,4,4,3,0x04,0,0,0,1,0,0,1,0,1,1,0,0,1,,,,,,,,,,,,,,,
138,4.633333333333334,188134,5741.39404296875,5.74139404296875,4,FAST_SWEEP,0x9A,large_room|fast_turn|portal_view|stress,1513,1513,46.173095703125,21.657633840052874,6,0.18310546875,1506,45.95947265625,1,0.030517578125,896,781,3.5,3.05078125,3,3,11338,249.1259765625,0,1,119,80,39,4,4,3,0x04,0,0,0,1,0,0,1,0,1,1,0,0,1,,,,,,,,,,,,,,,
139,4.666666666666667,189659,5787.933349609375,5.787933349609375,4,FAST_SWEEP,0x9A,large_room|fast_turn|portal_view|stress,1525,1525,46.539306640625,21.4872131147541,6,0.18310546875,1519,46.356201171875,0,0.0,896,781,3.5,3.05078125,3,3,11440,251.3671875,0,1,120,80,40,4,4,3,0x04,0,0,0,1,0,0,1,0,1,1,0,0,1,,,,,,,,,,,,,,,
140,4.7,191175,5834.197998046875,5.834197998046875,4,FAST_SWEEP,0x9A,large_room|fast_turn|portal_view|stress,1516,1516,46.2646484375,21.614775725593667,6,0.18310546875,1509,46.051025390625,1,0.030517578125,896,781,3.5,3.05078125,3,3,11542,253.6083984375,0,1,119,80,39,4,4,3,0x04,0,0,0,1,0,0,1,0,1,1,0,0,1,,,,,,,,,,,,,,,
141,4.733333333333333,192683,5880.218505859375,5.880218505859375,4,FAST_SWEEP,0x9A,large_room|fast_turn|portal_view|stress,1508,1508,46.0205078125,21.72944297082228,6,0.18310546875,1501,45.806884765625,1,0.030517578125,896,781,3.5,3.05078125,3,3,11644,255.849609375,0,1,117,80,37,4,4,3,0x04,0,0,0,1,0,0,1,0,1,1,0,0,1,,,,,,,,,,,,,,,
142,4.766666666666667,194221,5927.154541015625,5.927154541015625,4,FAST_SWEEP,0x9A,large_room|fast_turn|portal_view|stress,1538,1538,46.93603515625,21.30559167750325,6,0.18310546875,1532,46.7529296875,0,0.0,896,781,3.5,3.05078125,3,3,11746,258.0908203125,0,1,120,80,40,4,4,3,0x06,1,0,0,1,0,0,1,0,1,1,0,0,1,44.708251953125,2.166748046875,0.0,10.833740234375,10.498046875,5.950927734375,9.796142578125,5.462646484375,40,80,40,40,40,7380,701
143,4.8,195744,5973.6328125,5.9736328125,4,FAST_SWEEP,0x9A,large_room|fast_turn|portal_view|stress,1523,1523,46.478271484375,21.51543007222587,6,0.18310546875,1517,46.295166015625,0,0.0,896,781,3.5,3.05078125,3,3,11848,260.33203125,0,1,120,80,40,4,4,3,0x04,0,0,0,1,0,0,1,0,1,1,0,0,1,,,,,,,,,,,,,,,
144,4.833333333333333,197232,6019.04296875,6.01904296875,4,FAST_SWEEP,0x9A,large_room|fast_turn|portal_view|stress,1488,1488,45.41015625,22.021505376344088,5,0.152587890625,1483,45.257568359375,0,0.0,896,781,3.5,3.05078125,3,3,11950,262.5732421875,0,1,116,80,36,4,4,3,0x04,0,0,0,1,0,0,1,0,1,1,0,0,1,,,,,,,,,,,,,,,
145,4.866666666666666,198734,6064.88037109375,6.06488037109375,4,FAST_SWEEP,0x9A,large_room|fast_turn|portal_view|stress,1502,1502,45.83740234375,21.81624500665779,5,0.152587890625,1497,45.684814453125,0,0.0,896,781,3.5,3.05078125,3,3,12052,264.814453125,0,1,118,80,38,4,4,3,0x04,0,0,0,1,0,0,1,0,1,1,0,0,1,,,,,,,,,,,,,,,
146,4.9,200245,6110.992431640625,6.110992431640625,4,FAST_SWEEP,0x9A,large_room|fast_turn|portal_view|stress,1511,1511,46.112060546875,21.686300463269358,6,0.18310546875,1505,45.928955078125,0,0.0,896,781,3.5,3.05078125,3,3,12154,267.0556640625,0,1,119,80,39,4,4,3,0x04,0,0,0,1,0,0,1,0,1,1,0,0,1,,,,,,,,,,,,,,,
147,4.933333333333334,201751,6156.951904296875,6.156951904296875,4,FAST_SWEEP,0x9A,large_room|fast_turn|portal_view|stress,1506,1506,45.95947265625,21.758300132802123,6,0.18310546875,1499,45.745849609375,1,0.030517578125,896,781,3.5,3.05078125,3,3,12256,269.296875,0,1,118,80,38,4,4,3,0x0C,0,0,0,1,1,0,1,0,1,1,0,0,1,,,,,,,,,,,,,,,
148,4.966666666666667,203250,6202.69775390625,6.20269775390625,5,A_RETURN,0x72,large_room|portal_view|portal_approach|portal_cross,1499,1499,45.745849609375,21.859906604402934,14,0.42724609375,1484,45.2880859375,1,0.030517578125,896,762,3.5,2.9765625,3,2,12256,269.296875,1,0,118,80,38,4,4,3,0x04,0,0,0,1,0,0,1,0,0,1,1,1,0,,,,,,,,,,,,,,,
149,5.0,204797,6249.908447265625,6.249908447265625,5,A_RETURN,0x72,large_room|portal_view|portal_approach|portal_cross,1547,1547,47.210693359375,21.18164188752424,13,0.396728515625,1533,46.783447265625,1,0.030517578125,896,743,3.5,2.90234375,3,2,12256,269.296875,1,0,123,80,43,4,4,3,0x04,0,0,0,1,0,0,1,0,0,1,1,1,0,,,,,,,,,,,,,,,
150,5.033333333333333,206385,6298.370361328125,6.298370361328125,5,A_RETURN,0x72,large_room|portal_view|portal_approach|portal_cross,1588,1588,48.4619140625,20.634760705289672,14,0.42724609375,1573,48.004150390625,1,0.030517578125,896,724,3.5,2.828125,3,2,12256,269.296875,1,0,126,80,46,4,4,3,0x04,0,0,0,1,0,0,1,0,0,1,1,1,0,,,,,,,,,,,,,,,
151,5.066666666666666,207995,6347.503662109375,6.347503662109375,5,A_RETURN,0x72,large_room|portal_view|portal_approach|portal_cross,1610,1610,49.13330078125,20.3527950310559,14,0.42724609375,1595,48.675537109375,1,0.030517578125,896,705,3.5,2.75390625,3,2,12256,269.296875,1,0,127,80,47,4,4,3,0x04,0,0,0,1,0,0,1,0,0,1,1,1,0,,,,,,,,,,,,,,,
152,5.1,209623,6397.186279296875,6.397186279296875,5,A_RETURN,0x72,large_room|portal_view|portal_approach|portal_cross,1628,1628,49.6826171875,20.127764127764127,13,0.396728515625,1614,49.25537109375,1,0.030517578125,896,686,3.5,2.6796875,3,2,12256,269.296875,1,0,128,80,48,4,4,3,0x04,0,0,0,1,0,0,1,0,0,1,1,1,0,,,,,,,,,,,,,,,
153,5.133333333333334,211199,6445.281982421875,6.445281982421875,5,A_RETURN,0x72,large_room|portal_view|portal_approach|portal_cross,1576,1576,48.095703125,20.79187817258883,13,0.396728515625,1562,47.66845703125,1,0.030517578125,896,667,3.5,2.60546875,3,2,12256,269.296875,1,0,131,80,51,4,4,3,0x04,0,0,0,1,0,0,1,0,0,1,1,1,0,,,,,,,,,,,,,,,
154,5.166666666666667,212803,6494.232177734375,6.494232177734375,5,A_RETURN,0x72,large_room|portal_view|portal_approach|portal_cross,1604,1604,48.9501953125,20.428927680798004,14,0.42724609375,1589,48.492431640625,1,0.030517578125,896,648,3.5,2.53125,3,2,12256,269.296875,1,0,133,80,53,4,4,3,0x04,0,0,0,1,0,0,1,0,0,1,1,1,0,,,,,,,,,,,,,,,
155,5.2,214450,6544.49462890625,6.54449462890625,5,A_RETURN,0x72,large_room|portal_view|portal_approach|portal_cross,1647,1647,50.262451171875,19.89556769884639,14,0.42724609375,1633,49.835205078125,0,0.0,896,629,3.5,2.45703125,3,2,12256,269.296875,1,0,137,80,57,4,4,3,0x04,0,0,0,1,0,0,1,0,0,1,1,1,0,,,,,,,,,,,,,,,
156,5.233333333333333,216119,6595.428466796875,6.595428466796875,5,A_RETURN,0x72,large_room|portal_view|portal_approach|portal_cross,1669,1669,50.933837890625,19.63331336129419,14,0.42724609375,1655,50.506591796875,0,0.0,896,610,3.5,2.3828125,3,2,12256,269.296875,1,0,138,80,58,4,4,3,0x04,0,0,0,1,0,0,1,0,0,1,1,1,0,,,,,,,,,,,,,,,
157,5.266666666666667,217809,6647.003173828125,6.647003173828125,5,A_RETURN,0x72,large_room|portal_view|portal_approach|portal_cross,1690,1690,51.57470703125,19.389349112426036,14,0.42724609375,1675,51.116943359375,1,0.030517578125,896,591,3.5,2.30859375,3,2,12256,269.296875,1,0,140,80,60,4,4,3,0x04,0,0,0,1,0,0,1,0,0,1,1,1,0,,,,,,,,,,,,,,,
158,5.3,219510,6698.91357421875,6.69891357421875,5,A_RETURN,0x72,large_room|portal_view|portal_approach|portal_cross,1701,1701,51.910400390625,19.263962375073486,14,0.42724609375,1687,51.483154296875,0,0.0,896,572,3.5,2.234375,3,2,12256,269.296875,1,0,140,80,60,4,4,3,0x04,0,0,0,1,0,0,1,0,0,1,1,1,0,,,,,,,,,,,,,,,
159,5.333333333333333,221367,6755.584716796875,6.755584716796875,5,A_RETURN,0x72,large_room|portal_view|portal_approach|portal_cross,1857,1857,56.671142578125,17.64566505115778,14,0.42724609375,1842,56.21337890625,1,0.030517578125,896,553,3.5,2.16015625,3,2,12256,269.296875,1,0,146,80,66,4,4,3,0x04,0,0,0,1,0,0,1,0,0,1,1,1,0,,,,,,,,,,,,,,,
160,5.366666666666666,223282,6814.02587890625,6.81402587890625,5,A_RETURN,0x72,large_room|portal_view|portal_approach|portal_cross,1915,1915,58.441162109375,17.111227154046997,14,0.42724609375,1901,58.013916015625,0,0.0,896,534,3.5,2.0859375,3,2,12256,269.296875,1,0,151,80,71,4,4,3,0x04,0,0,0,1,0,0,1,0,0,1,1,1,0,,,,,,,,,,,,,,,
161,5.4,225242,6873.84033203125,6.87384033203125,5,A_RETURN,0x72,large_room|portal_view|portal_approach|portal_cross,1960,1960,59.814453125,16.718367346938777,14,0.42724609375,1945,59.356689453125,1,0.030517578125,896,515,3.5,2.01171875,3,2,12256,269.296875,1,0,155,80,75,4,4,3,0x06,1,0,0,1,0,0,1,0,0,1,1,1,0,60.577392578125,2.532958984375,0.0,12.420654296875,13.214111328125,9.490966796875,9.33837890625,13.580322265625,75,73,82,82,82,10920,941
162,5.433333333333334,227173,6932.769775390625,6.932769775390625,5,A_RETURN,0x72,large_room|portal_view|portal_approach|portal_cross,1931,1931,58.929443359375,16.969445882962194,15,0.457763671875,1915,58.441162109375,1,0.030517578125,896,496,3.5,1.9375,3,1,12256,269.296875,1,0,160,80,80,4,4,3,0x04,0,0,0,1,0,0,1,0,0,1,1,1,0,,,,,,,,,,,,,,,
163,5.466666666666667,229088,6991.2109375,6.9912109375,5,A_RETURN,0x72,large_room|portal_view|portal_approach|portal_cross,1915,1915,58.441162109375,17.111227154046997,13,0.396728515625,1902,58.04443359375,0,0.0,896,477,3.5,1.86328125,3,1,12256,269.296875,1,0,164,80,84,4,4,3,0x04,0,0,0,1,0,0,1,0,0,1,1,1,0,,,,,,,,,,,,,,,
164,5.5,231002,7049.62158203125,7.04962158203125,5,A_RETURN,0x72,large_room|portal_view|portal_approach|portal_cross,1914,1914,58.41064453125,17.120167189132708,13,0.396728515625,1900,57.9833984375,1,0.030517578125,896,458,3.5,1.7890625,3,1,12256,269.296875,1,0,170,80,90,4,4,3,0x04,0,0,0,1,0,0,1,0,0,1,1,1,0,,,,,,,,,,,,,,,
165,5.533333333333333,232896,7107.421875,7.107421875,5,A_RETURN,0x72,large_room|portal_view|portal_approach|portal_cross,1894,1894,57.80029296875,17.300950369588172,14,0.42724609375,1880,57.373046875,0,0.0,896,439,3.5,1.71484375,3,1,12256,269.296875,1,0,175,80,95,4,4,3,0x04,0,0,0,1,0,0,1,0,0,1,1,1,0,,,,,,,,,,,,,,,
166,5.566666666666666,234627,7160.247802734375,7.160247802734375,5,A_RETURN,0x72,large_room|portal_view|portal_approach|portal_cross,1731,1731,52.825927734375,18.93009820912767,14,0.42724609375,1716,52.3681640625,1,0.030517578125,896,420,3.5,1.640625,3,1,12256,269.296875,1,0,176,80,96,4,4,3,0x04,0,0,0,1,0,0,1,0,0,1,1,1,0,,,,,,,,,,,,,,,
167,5.6,236306,7211.48681640625,7.21148681640625,5,A_RETURN,0x72,large_room|portal_view|portal_approach|portal_cross,1679,1679,51.239013671875,19.51637879690292,14,0.42724609375,1664,50.78125,1,0.030517578125,896,401,3.5,1.56640625,3,1,12256,269.296875,1,0,176,80,96,4,4,3,0x04,0,0,0,1,0,0,1,0,0,1,1,1,0,,,,,,,,,,,,,,,
168,5.633333333333334,237949,7261.627197265625,7.261627197265625,5,A_RETURN,0x72,large_room|portal_view|portal_approach|portal_cross,1643,1643,50.140380859375,19.944004869141814,14,0.42724609375,1628,49.6826171875,1,0.030517578125,896,382,3.5,1.4921875,3,1,12256,269.296875,1,0,175,80,95,4,4,3,0x04,0,0,0,1,0,0,1,0,0,1,1,1,0,,,,,,,,,,,,,,,
169,5.666666666666667,239616,7312.5,7.3125,5,A_RETURN,0x72,large_room|portal_view|portal_approach|portal_cross,1667,1667,50.872802734375,19.656868626274743,14,0.42724609375,1653,50.445556640625,0,0.0,896,363,3.5,1.41796875,3,1,12256,269.296875,1,0,177,80,97,4,4,3,0x04,0,0,0,1,0,0,1,0,0,1,1,1,0,,,,,,,,,,,,,,,
170,5.7,241287,7363.494873046875,7.363494873046875,5,A_RETURN,0x72,large_room|portal_view|portal_approach|portal_cross,1671,1671,50.994873046875,19.6098144823459,14,0.42724609375,1657,50.567626953125,0,0.0,896,344,3.5,1.34375,3,1,12256,269.296875,1,0,177,80,97,4,4,3,0x04,0,0,0,1,0,0,1,0,0,1,1,1,0,,,,,,,,,,,,,,,
171,5.733333333333333,242962,7414.61181640625,7.41461181640625,5,A_RETURN,0x72,large_room|portal_view|portal_approach|portal_cross,1675,1675,51.116943359375,19.562985074626866,13,0.396728515625,1662,50.72021484375,0,0.0,896,325,3.5,1.26953125,3,1,12256,269.296875,1,0,179,80,99,4,4,3,0x04,0,0,0,1,0,0,1,0,0,1,1,1,0,,,,,,,,,,,,,,,
172,5.766666666666667,244633,7465.606689453125,7.465606689453125,5,A_RETURN,0x72,large_room|portal_view|portal_approach|portal_cross,1671,1671,50.994873046875,19.6098144823459,13,0.396728515625,1658,50.59814453125,0,0.0,896,306,3.5,1.1953125,3,1,12256,269.296875,1,0,178,80,98,4,4,3,0x04,0,0,0,1,0,0,1,0,0,1,1,1,0,,,,,,,,,,,,,,,
173,5.8,246081,7509.796142578125,7.509796142578125,5,A_RETURN,0x72,large_room|portal_view|portal_approach|portal_cross,1448,1448,44.189453125,22.629834254143645,18,0.54931640625,1429,43.609619140625,1,0.030517578125,320,640,1.25,2.5,1,2,16352,359.296875,1,0,106,80,26,3,3,2,0x05,0,0,1,1,0,0,1,0,0,1,1,1,0,,,,,,,,,,,,,,,
174,5.833333333333333,247518,7553.64990234375,7.55364990234375,5,A_RETURN,0x72,large_room|portal_view|portal_approach|portal_cross,1437,1437,43.853759765625,22.803061934585944,16,0.48828125,1421,43.365478515625,0,0.0,339,640,1.32421875,2.5,1,2,16352,359.296875,1,0,105,80,25,3,3,2,0x04,0,0,0,1,0,0,1,0,0,1,1,1,0,,,,,,,,,,,,,,,
175,5.866666666666666,248935,7596.893310546875,7.596893310546875,5,A_RETURN,0x72,large_room|portal_view|portal_approach|portal_cross,1417,1417,43.243408203125,23.124911785462245,15,0.457763671875,1402,42.78564453125,0,0.0,358,640,1.3984375,2.5,1,2,16352,359.296875,1,0,102,80,22,3,3,2,0x0C,0,0,0,1,1,0,1,0,0,1,1,1,0,,,,,,,,,,,,,,,
176,5.9,250358,7640.31982421875,7.64031982421875,6,B_APPROACH,0x22,large_room|portal_approach,1423,1423,43.426513671875,23.02740688685875,5,0.152587890625,1417,43.243408203125,1,0.030517578125,358,640,1.3984375,2.5,1,2,70,1.5380859375,0,1,101,80,21,3,3,2,0x04,0,0,0,1,0,0,1,0,0,0,1,0,0,,,,,,,,,,,,,,,
177,5.933333333333334,251758,7683.04443359375,7.68304443359375,6,B_APPROACH,0x22,large_room|portal_approach,1400,1400,42.724609375,23.405714285714286,6,0.18310546875,1393,42.510986328125,1,0.030517578125,358,640,1.3984375,2.5,1,2,172,3.779296875,0,1,97,80,17,3,3,2,0x04,0,0,0,1,0,0,1,0,0,0,1,0,0,,,,,,,,,,,,,,,
178,5.966666666666667,253162,7725.89111328125,7.72589111328125,6,B_APPROACH,0x22,large_room|portal_approach,1404,1404,42.8466796875,23.33903133903134,6,0.18310546875,1397,42.633056640625,1,0.030517578125,358,640,1.3984375,2.5,1,2,274,6.0205078125,0,1,97,80,17,3,3,2,0x04,0,0,0,1,0,0,1,0,0,0,1,0,0,,,,,,,,,,,,,,,
179,6.0,254579,7769.134521484375,7.769134521484375,6,B_APPROACH,0x22,large_room|portal_approach,1417,1417,43.243408203125,23.124911785462245,6,0.18310546875,1410,43.02978515625,1,0.030517578125,358,640,1.3984375,2.5,1,2,376,8.26171875,0,1,97,80,17,3,3,2,0x04,0,0,0,1,0,0,1,0,0,0,1,0,0,,,,,,,,,,,,,,,
180,6.033333333333333,256003,7812.591552734375,7.812591552734375,6,B_APPROACH,0x22,large_room|portal_approach,1424,1424,43.45703125,23.01123595505618,6,0.18310546875,1418,43.27392578125,0,0.0,358,640,1.3984375,2.5,1,2,478,10.5029296875,0,1,96,80,16,3,3,2,0x04,0,0,0,1,0,0,1,0,0,0,1,0,0,,,,,,,,,,,,,,,
181,6.066666666666666,257429,7856.109619140625,7.856109619140625,6,B_APPROACH,0x22,large_room|portal_approach,1426,1426,43.51806640625,22.978962131837307,5,0.152587890625,1421,43.365478515625,0,0.0,358,640,1.3984375,2.5,1,2,580,12.744140625,0,1,95,80,15,3,3,2,0x04,0,0,0,1,0,0,1,0,0,0,1,0,0,,,,,,,,,,,,,,,
182,6.1,258838,7899.10888671875,7.89910888671875,6,B_APPROACH,0x22,large_room|portal_approach,1409,1409,42.999267578125,23.256210078069554,6,0.18310546875,1402,42.78564453125,1,0.030517578125,358,640,1.3984375,2.5,1,2,682,14.9853515625,0,1,92,80,12,3,3,2,0x04,0,0,0,1,0,0,1,0,0,0,1,0,0,,,,,,,,,,,,,,,
183,6.133333333333334,260261,7942.535400390625,7.942535400390625,6,B_APPROACH,0x22,large_room|portal_approach,1423,1423,43.426513671875,23.02740688685875,6,0.18310546875,1417,43.243408203125,0,0.0,358,640,1.3984375,2.5,1,2,784,17.2265625,0,1,92,80,12,3,3,2,0x04,0,0,0,1,0,0,1,0,0,0,1,0,0,,,,,,,,,,,,,,,
184,6.166666666666667,261664,7985.3515625,7.9853515625,6,B_APPROACH,0x22,large_room|portal_approach,1403,1403,42.816162109375,23.355666429080543,5,0.152587890625,1398,42.66357421875,0,0.0,358,640,1.3984375,2.5,1,2,886,19.4677734375,0,1,90,80,10,3,3,2,0x04,0,0,0,1,0,0,1,0,0,0,1,0,0,,,,,,,,,,,,,,,
185,6.2,263048,8027.587890625,8.027587890625,6,B_APPROACH,0x22,large_room|portal_approach,1384,1384,42.236328125,23.67630057803468,5,0.152587890625,1379,42.083740234375,0,0.0,358,640,1.3984375,2.5,1,2,988,21.708984375,0,1,86,80,6,3,3,2,0x04,0,0,0,1,0,0,1,0,0,0,1,0,0,,,,,,,,,,,,,,,
186,6.233333333333333,264426,8069.64111328125,8.06964111328125,6,B_APPROACH,0x22,large_room|portal_approach,1378,1378,42.05322265625,23.779390420899855,5,0.152587890625,1373,41.900634765625,0,0.0,358,640,1.3984375,2.5,1,2,1090,23.9501953125,0,1,85,80,5,2,2,1,0x04,0,0,0,1,0,0,1,0,0,0,1,0,0,,,,,,,,,,,,,,,
187,6.266666666666667,265826,8112.36572265625,8.11236572265625,6,B_APPROACH,0x22,large_room|portal_approach,1400,1400,42.724609375,23.405714285714286,5,0.152587890625,1394,42.54150390625,1,0.030517578125,358,640,1.3984375,2.5,1,2,1192,26.19140625,0,1,86,80,6,3,3,2,0x04,0,0,0,1,0,0,1,0,0,0,1,0,0,,,,,,,,,,,,,,,
188,6.3,267228,8155.1513671875,8.1551513671875,6,B_APPROACH,0x22,large_room|portal_approach,1402,1402,42.78564453125,23.372325249643367,6,0.18310546875,1396,42.6025390625,0,0.0,358,640,1.3984375,2.5,1,2,1294,28.4326171875,0,1,86,80,6,3,3,2,0x04,0,0,0,1,0,0,1,0,0,0,1,0,0,,,,,,,,,,,,,,,
189,6.333333333333333,268630,8197.93701171875,8.19793701171875,6,B_APPROACH,0x22,large_room|portal_approach,1402,1402,42.78564453125,23.372325249643367,5,0.152587890625,1397,42.633056640625,0,0.0,358,640,1.3984375,2.5,1,2,1396,30.673828125,0,1,86,80,6,3,3,2,0x04,0,0,0,1,0,0,1,0,0,0,1,0,0,,,,,,,,,,,,,,,
190,6.366666666666666,270041,8240.997314453125,8.240997314453125,6,B_APPROACH,0x22,large_room|portal_approach,1411,1411,43.060302734375,23.223245924875975,6,0.18310546875,1404,42.8466796875,1,0.030517578125,358,640,1.3984375,2.5,1,2,1498,32.9150390625,0,1,86,80,6,3,3,2,0x04,0,0,0,1,0,0,1,0,0,0,1,0,0,,,,,,,,,,,,,,,
191,6.4,271457,8284.210205078125,8.284210205078125,6,B_APPROACH,0x22,large_room|portal_approach,1416,1416,43.212890625,23.141242937853107,6,0.18310546875,1409,42.999267578125,1,0.030517578125,358,640,1.3984375,2.5,1,2,1600,35.15625,0,1,86,80,6,3,3,2,0x04,0,0,0,1,0,0,1,0,0,0,1,0,0,,,,,,,,,,,,,,,
192,6.433333333333334,272901,8328.277587890625,8.328277587890625,6,B_APPROACH,0x22,large_room|portal_approach,1444,1444,44.0673828125,22.69252077562327,6,0.18310546875,1437,43.853759765625,1,0.030517578125,358,640,1.3984375,2.5,1,2,1702,37.3974609375,0,1,87,80,7,3,3,2,0x04,0,0,0,1,0,0,1,0,0,0,1,0,0,,,,,,,,,,,,,,,
193,6.466666666666667,274344,8372.314453125,8.372314453125,6,B_APPROACH,0x22,large_room|portal_approach,1443,1443,44.036865234375,22.70824670824671,6,0.18310546875,1436,43.8232421875,1,0.030517578125,358,640,1.3984375,2.5,1,2,1804,39.638671875,0,1,86,80,6,3,3,2,0x04,0,0,0,1,0,0,1,0,0,0,1,0,0,,,,,,,,,,,,,,,
194,6.5,275796,8416.6259765625,8.4166259765625,6,B_APPROACH,0x22,large_room|portal_approach,1452,1452,44.3115234375,22.56749311294766,6,0.18310546875,1446,44.12841796875,0,0.0,358,640,1.3984375,2.5,1,2,1906,41.8798828125,0,1,86,80,6,2,2,1,0x04,0,0,0,1,0,0,1,0,0,0,1,0,0,,,,,,,,,,,,,,,
195,6.533333333333333,277266,8461.48681640625,8.46148681640625,6,B_APPROACH,0x22,large_room|portal_approach,1470,1470,44.86083984375,22.291156462585032,5,0.152587890625,1465,44.708251953125,0,0.0,358,640,1.3984375,2.5,1,2,2008,44.12109375,0,1,88,80,8,3,3,2,0x06,1,0,0,1,0,0,1,0,0,0,1,0,0,44.586181640625,1.739501953125,0.0,23.345947265625,9.002685546875,2.655029296875,7.049560546875,0.79345703125,8,80,8,8,8,2813,1067
196,6.566666666666666,278736,8506.34765625,8.50634765625,6,B_APPROACH,0x22,large_room|portal_approach,1470,1470,44.86083984375,22.291156462585032,6,0.18310546875,1464,44.677734375,0,0.0,358,640,1.3984375,2.5,1,2,2110,46.3623046875,0,1,88,80,8,3,3,2,0x04,0,0,0,1,0,0,1,0,0,0,1,0,0,,,,,,,,,,,,,,,
197,6.6,280192,8550.78125,8.55078125,6,B_APPROACH,0x22,large_room|portal_approach,1456,1456,44.43359375,22.505494505494507,6,0.18310546875,1450,44.25048828125,0,0.0,358,640,1.3984375,2.5,1,2,2212,48.603515625,0,1,87,80,7,3,3,2,0x04,0,0,0,1,0,0,1,0,0,0,1,0,0,,,,,,,,,,,,,,,
198,6.633333333333334,281610,8594.05517578125,8.59405517578125,6,B_APPROACH,0x22,large_room|portal_approach,1418,1418,43.27392578125,23.108603667136812,5,0.152587890625,1413,43.121337890625,0,0.0,358,640,1.3984375,2.5,1,2,2314,50.8447265625,0,1,83,80,3,2,2,1,0x04,0,0,0,1,0,0,1,0,0,0,1,0,0,,,,,,,,,,,,,,,
199,6.666666666666667,282990,8636.16943359375,8.63616943359375,6,B_APPROACH,0x22,large_room|portal_approach,1380,1380,42.1142578125,23.744927536231884,5,0.152587890625,1375,41.961669921875,0,0.0,358,640,1.3984375,2.5,1,2,2416,53.0859375,0,1,80,80,0,1,1,0,0x04,0,0,0,1,0,0,1,0,0,0,1,0,0,,,,,,,,,,,,,,,
200,6.7,284355,8677.825927734375,8.677825927734375,6,B_APPROACH,0x22,large_room|portal_approach,1365,1365,41.656494140625,24.005860805860806,5,0.152587890625,1360,41.50390625,0,0.0,358,640,1.3984375,2.5,1,2,2518,55.3271484375,0,1,80,80,0,1,1,0,0x04,0,0,0,1,0,0,1,0,0,0,1,0,0,,,,,,,,,,,,,,,
201,6.733333333333333,285707,8719.085693359375,8.719085693359375,6,B_APPROACH,0x22,large_room|portal_approach,1352,1352,41.259765625,24.236686390532544,5,0.152587890625,1347,41.107177734375,0,0.0,358,640,1.3984375,2.5,1,2,2620,57.568359375,0,1,80,80,0,1,1,0,0x04,0,0,0,1,0,0,1,0,0,0,1,0,0,,,,,,,,,,,,,,,
202,6.766666666666667,287044,8759.8876953125,8.7598876953125,6,B_APPROACH,0x22,large_room|portal_approach,1337,1337,40.802001953125,24.50860134629768,6,0.18310546875,1331,40.618896484375,0,0.0,358,640,1.3984375,2.5,1,2,2722,59.8095703125,0,1,80,80,0,1,1,0,0x04,0,0,0,1,0,0,1,0,0,0,1,0,0,,,,,,,,,,,,,,,
203,6.8,288379,8800.628662109375,8.800628662109375,6,B_APPROACH,0x22,large_room|portal_approach,1335,1335,40.740966796875,24.545318352059926,5,0.152587890625,1330,40.58837890625,0,0.0,358,640,1.3984375,2.5,1,2,2824,62.05078125,0,1,80,80,0,1,1,0,0x04,0,0,0,1,0,0,1,0,0,0,1,0,0,,,,,,,,,,,,,,,
204,6.833333333333333,289704,8841.064453125,8.841064453125,6,B_APPROACH,0x22,large_room|portal_approach,1325,1325,40.435791015625,24.730566037735848,6,0.18310546875,1318,40.22216796875,1,0.030517578125,358,640,1.3984375,2.5,1,2,2926,64.2919921875,0,1,80,80,0,1,1,0,0x04,0,0,0,1,0,0,1,0,0,0,1,0,0,,,,,,,,,,,,,,,
205,6.866666666666666,291046,8882.01904296875,8.88201904296875,6,B_APPROACH,0x22,large_room|portal_approach,1342,1342,40.95458984375,24.417287630402384,6,0.18310546875,1336,40.771484375,0,0.0,358,640,1.3984375,2.5,1,2,3028,66.533203125,0,1,82,80,2,2,2,1,0x04,0,0,0,1,0,0,1,0,0,0,1,0,0,,,,,,,,,,,,,,,
206,6.9,292398,8923.27880859375,8.92327880859375,6,B_APPROACH,0x22,large_room|portal_approach,1352,1352,41.259765625,24.236686390532544,5,0.152587890625,1347,41.107177734375,0,0.0,358,640,1.3984375,2.5,1,2,3130,68.7744140625,0,1,85,80,5,2,2,1,0x04,0,0,0,1,0,0,1,0,0,0,1,0,0,,,,,,,,,,,,,,,
207,6.933333333333334,293780,8965.4541015625,8.9654541015625,6,B_APPROACH,0x22,large_room|portal_approach,1382,1382,42.17529296875,23.710564399421127,5,0.152587890625,1377,42.022705078125,0,0.0,358,640,1.3984375,2.5,1,2,3232,71.015625,0,1,88,80,8,2,2,1,0x04,0,0,0,1,0,0,1,0,0,0,1,0,0,,,,,,,,,,,,,,,
208,6.966666666666667,295168,9007.8125,9.0078125,6,B_APPROACH,0x22,large_room|portal_approach,1388,1388,42.3583984375,23.608069164265128,6,0.18310546875,1382,42.17529296875,0,0.0,358,640,1.3984375,2.5,1,2,3334,73.2568359375,0,1,88,80,8,2,2,1,0x04,0,0,0,1,0,0,1,0,0,0,1,0,0,,,,,,,,,,,,,,,
209,7.0,296556,9050.1708984375,9.0501708984375,6,B_APPROACH,0x22,large_room|portal_approach,1388,1388,42.3583984375,23.608069164265128,5,0.152587890625,1383,42.205810546875,0,0.0,358,640,1.3984375,2.5,1,2,3436,75.498046875,0,1,88,80,8,2,2,1,0x04,0,0,0,1,0,0,1,0,0,0,1,0,0,,,,,,,,,,,,,,,
210,7.033333333333333,297936,9092.28515625,9.09228515625,6,B_APPROACH,0x22,large_room|portal_approach,1380,1380,42.1142578125,23.744927536231884,5,0.152587890625,1375,41.961669921875,0,0.0,358,640,1.3984375,2.5,1,2,3538,77.7392578125,0,1,87,80,7,2,2,1,0x04,0,0,0,1,0,0,1,0,0,0,1,0,0,,,,,,,,,,,,,,,
211,7.066666666666666,299320,9134.521484375,9.134521484375,6,B_APPROACH,0x22,large_room|portal_approach,1384,1384,42.236328125,23.67630057803468,5,0.152587890625,1378,42.05322265625,1,0.030517578125,358,640,1.3984375,2.5,1,2,3640,79.98046875,0,1,87,80,7,2,2,1,0x04,0,0,0,1,0,0,1,0,0,0,1,0,0,,,,,,,,,,,,,,,
212,7.1,300709,9176.910400390625,9.176910400390625,6,B_APPROACH,0x22,large_room|portal_approach,1389,1389,42.388916015625,23.591072714182864,6,0.18310546875,1383,42.205810546875,0,0.0,358,640,1.3984375,2.5,1,2,3742,82.2216796875,0,1,87,80,7,2,2,1,0x04,0,0,0,1,0,0,1,0,0,0,1,0,0,,,,,,,,,,,,,,,
213,7.133333333333334,302093,9219.146728515625,9.219146728515625,6,B_APPROACH,0x22,large_room|portal_approach,1384,1384,42.236328125,23.67630057803468,5,0.152587890625,1379,42.083740234375,0,0.0,358,640,1.3984375,2.5,1,2,3844,84.462890625,0,1,87,80,7,2,2,1,0x04,0,0,0,1,0,0,1,0,0,0,1,0,0,,,,,,,,,,,,,,,
214,7.166666666666667,303474,9261.29150390625,9.26129150390625,6,B_APPROACH,0x22,large_room|portal_approach,1381,1381,42.144775390625,23.72773352643012,6,0.18310546875,1374,41.93115234375,1,0.030517578125,358,640,1.3984375,2.5,1,2,3946,86.7041015625,0,1,87,80,7,2,2,1,0x04,0,0,0,1,0,0,1,0,0,0,1,0,0,,,,,,,,,,,,,,,
215,7.2,304838,9302.91748046875,9.30291748046875,6,B_APPROACH,0x22,large_room|portal_approach,1364,1364,41.6259765625,24.023460410557185,6,0.18310546875,1357,41.412353515625,1,0.030517578125,358,640,1.3984375,2.5,1,2,4048,88.9453125,0,1,86,80,6,2,2,1,0x04,0,0,0,1,0,0,1,0,0,0,1,0,0,,,,,,,,,,,,,,,
216,7.233333333333333,306216,9344.970703125,9.344970703125,6,B_APPROACH,0x22,large_room|portal_approach,1378,1378,42.05322265625,23.779390420899855,14,0.42724609375,1363,41.595458984375,1,0.030517578125,358,659,1.3984375,2.57421875,1,2,4048,88.9453125,1,0,87,80,7,2,2,1,0x04,0,0,0,1,0,0,1,0,0,0,1,0,0,,,,,,,,,,,,,,,
217,7.266666666666667,307601,9387.237548828125,9.387237548828125,6,B_APPROACH,0x22,large_room|portal_approach,1385,1385,42.266845703125,23.659205776173284,14,0.42724609375,1371,41.839599609375,0,0.0,358,678,1.3984375,2.6484375,1,2,4048,88.9453125,1,0,88,80,8,2,2,1,0x04,0,0,0,1,0,0,1,0,0,0,1,0,0,,,,,,,,,,,,,,,
218,7.3,308981,9429.351806640625,9.429351806640625,6,B_APPROACH,0x22,large_room|portal_approach,1380,1380,42.1142578125,23.744927536231884,13,0.396728515625,1366,41.68701171875,1,0.030517578125,358,697,1.3984375,2.72265625,1,2,4048,88.9453125,1,0,88,80,8,2,2,1,0x04,0,0,0,1,0,0,1,0,0,0,1,0,0,,,,,,,,,,,,,,,
219,7.333333333333333,310369,9471.710205078125,9.471710205078125,6,B_APPROACH,0x22,large_room|portal_approach,1388,1388,42.3583984375,23.608069164265128,13,0.396728515625,1375,41.961669921875,0,0.0,358,716,1.3984375,2.796875,1,2,4048,88.9453125,1,0,89,80,9,2,2,1,0x04,0,0,0,1,0,0,1,0,0,0,1,0,0,,,,,,,,,,,,,,,
220,7.366666666666666,311773,9514.556884765625,9.514556884765625,6,B_APPROACH,0x22,large_room|portal_approach,1404,1404,42.8466796875,23.33903133903134,14,0.42724609375,1390,42.41943359375,0,0.0,358,735,1.3984375,2.87109375,1,2,4048,88.9453125,1,0,91,80,11,2,2,1,0x04,0,0,0,1,0,0,1,0,0,0,1,0,0,,,,,,,,,,,,,,,
221,7.4,313179,9557.464599609375,9.557464599609375,6,B_APPROACH,0x22,large_room|portal_approach,1406,1406,42.90771484375,23.305832147937412,14,0.42724609375,1392,42.48046875,0,0.0,358,754,1.3984375,2.9453125,1,2,4048,88.9453125,1,0,91,80,11,2,2,1,0x04,0,0,0,1,0,0,1,0,0,0,1,0,0,,,,,,,,,,,,,,,
222,7.433333333333334,314576,9600.09765625,9.60009765625,6,B_APPROACH,0x22,large_room|portal_approach,1397,1397,42.633056640625,23.45597709377237,14,0.42724609375,1382,42.17529296875,1,0.030517578125,358,773,1.3984375,3.01953125,1,3,4048,88.9453125,1,0,93,80,13,2,2,1,0x04,0,0,0,1,0,0,1,0,0,0,1,0,0,,,,,,,,,,,,,,,
223,7.466666666666667,315963,9642.425537109375,9.642425537109375,6,B_APPROACH,0x22,large_room|portal_approach,1387,1387,42.327880859375,23.62509012256669,14,0.42724609375,1372,41.8701171875,1,0.030517578125,358,792,1.3984375,3.09375,1,3,4048,88.9453125,1,0,94,80,14,2,2,1,0x04,0,0,0,1,0,0,1,0,0,0,1,0,0,,,,,,,,,,,,,,,
224,7.5,317357,9684.967041015625,9.684967041015625,6,B_APPROACH,0x22,large_room|portal_approach,1394,1394,42.54150390625,23.506456241033,14,0.42724609375,1379,42.083740234375,1,0.030517578125,358,811,1.3984375,3.16796875,1,3,4048,88.9453125,1,0,96,80,16,2,2,1,0x04,0,0,0,1,0,0,1,0,0,0,1,0,0,,,,,,,,,,,,,,,
225,7.533333333333333,318757,9727.691650390625,9.727691650390625,6,B_APPROACH,0x22,large_room|portal_approach,1400,1400,42.724609375,23.405714285714286,14,0.42724609375,1386,42.29736328125,0,0.0,358,830,1.3984375,3.2421875,1,3,4048,88.9453125,1,0,98,80,18,2,2,1,0x04,0,0,0,1,0,0,1,0,0,0,1,0,0,,,,,,,,,,,,,,,
226,7.566666666666666,320182,9771.17919921875,9.77117919921875,6,B_APPROACH,0x22,large_room|portal_approach,1425,1425,43.487548828125,22.995087719298244,13,0.396728515625,1411,43.060302734375,1,0.030517578125,358,849,1.3984375,3.31640625,1,3,4048,88.9453125,1,0,102,80,22,2,2,1,0x04,0,0,0,1,0,0,1,0,0,0,1,0,0,,,,,,,,,,,,,,,
227,7.6,321626,9815.24658203125,9.81524658203125,6,B_APPROACH,0x22,large_room|portal_approach,1444,1444,44.0673828125,22.69252077562327,13,0.396728515625,1430,43.64013671875,1,0.030517578125,358,868,1.3984375,3.390625,1,3,4048,88.9453125,1,0,104,80,24,2,2,1,0x04,0,0,0,1,0,0,1,0,0,0,1,0,0,,,,,,,,,,,,,,,
228,7.633333333333334,323036,9858.2763671875,9.8582763671875,6,B_APPROACH,0x22,large_room|portal_approach,1410,1410,43.02978515625,23.23971631205674,14,0.42724609375,1396,42.6025390625,0,0.0,358,887,1.3984375,3.46484375,1,3,4048,88.9453125,1,0,103,80,23,2,2,1,0x04,0,0,0,1,0,0,1,0,0,0,1,0,0,,,,,,,,,,,,,,,
229,7.666666666666667,324419,9900.482177734375,9.900482177734375,6,B_APPROACH,0x22,large_room|portal_approach,1383,1383,42.205810546875,23.69342010122921,14,0.42724609375,1368,41.748046875,1,0.030517578125,358,906,1.3984375,3.5390625,1,3,4048,88.9453125,1,0,102,80,22,2,2,1,0x04,0,0,0,1,0,0,1,0,0,0,1,0,0,,,,,,,,,,,,,,,
230,7.7,325801,9942.657470703125,9.942657470703125,6,B_APPROACH,0x22,large_room|portal_approach,1382,1382,42.17529296875,23.710564399421127,14,0.42724609375,1367,41.717529296875,1,0.030517578125,358,925,1.3984375,3.61328125,1,3,4048,88.9453125,1,0,101,80,21,2,2,1,0x04,0,0,0,1,0,0,1,0,0,0,1,0,0,,,,,,,,,,,,,,,
231,7.733333333333333,327181,9984.771728515625,9.984771728515625,6,B_APPROACH,0x22,large_room|portal_approach,1380,1380,42.1142578125,23.744927536231884,14,0.42724609375,1366,41.68701171875,0,0.0,358,944,1.3984375,3.6875,1,3,4048,88.9453125,1,0,100,80,20,2,2,1,0x04,0,0,0,1,0,0,1,0,0,0,1,0,0,,,,,,,,,,,,,,,
232,7.766666666666667,328569,10027.130126953125,10.027130126953125,6,B_APPROACH,0x22,large_room|portal_approach,1388,1388,42.3583984375,23.608069164265128,14,0.42724609375,1374,41.93115234375,0,0.0,358,963,1.3984375,3.76171875,1,3,4048,88.9453125,1,0,99,80,19,2,2,1,0x04,0,0,0,1,0,0,1,0,0,0,1,0,0,,,,,,,,,,,,,,,
233,7.8,329960,10069.580078125,10.069580078125,6,B_APPROACH,0x22,large_room|portal_approach,1391,1391,42.449951171875,23.557153127246586,14,0.42724609375,1377,42.022705078125,0,0.0,358,982,1.3984375,3.8359375,1,3,4048,88.9453125,1,0,98,80,18,2,2,1,0x04,0,0,0,1,0,0,1,0,0,0,1,0,0,,,,,,,,,,,,,,,
234,7.833333333333333,331357,10112.213134765625,10.112213134765625,6,B_APPROACH,0x22,large_room|portal_approach,1397,1397,42.633056640625,23.45597709377237,14,0.42724609375,1383,42.205810546875,0,0.0,358,1001,1.3984375,3.91015625,1,3,4048,88.9453125,1,0,97,80,17,2,2,1,0x04,0,0,0,1,0,0,1,0,0,0,1,0,0,,,,,,,,,,,,,,,
235,7.866666666666666,332764,10155.1513671875,10.1551513671875,6,B_APPROACH,0x22,large_room|portal_approach,1407,1407,42.938232421875,23.289267945984363,14,0.42724609375,1393,42.510986328125,0,0.0,358,1020,1.3984375,3.984375,1,3,4048,88.9453125,1,0,95,80,15,2,2,1,0x04,0,0,0,1,0,0,1,0,0,0,1,0,0,,,,,,,,,,,,,,,
236,7.9,334143,10197.235107421875,10.197235107421875,6,B_APPROACH,0x22,large_room|portal_approach,1379,1379,42.083740234375,23.762146482958666,14,0.42724609375,1365,41.656494140625,0,0.0,358,1039,1.3984375,4.05859375,1,4,4048,88.9453125,1,0,93,80,13,2,2,1,0x04,0,0,0,1,0,0,1,0,0,0,1,0,0,,,,,,,,,,,,,,,
237,7.933333333333334,335508,10238.8916015625,10.2388916015625,6,B_APPROACH,0x22,large_room|portal_approach,1365,1365,41.656494140625,24.005860805860806,13,0.396728515625,1352,41.259765625,0,0.0,358,1058,1.3984375,4.1328125,1,4,4048,88.9453125,1,0,91,80,11,2,2,1,0x04,0,0,0,1,0,0,1,0,0,0,1,0,0,,,,,,,,,,,,,,,
238,7.966666666666667,336876,10280.6396484375,10.2806396484375,6,B_APPROACH,0x22,large_room|portal_approach,1368,1368,41.748046875,23.953216374269005,13,0.396728515625,1354,41.32080078125,1,0.030517578125,358,1077,1.3984375,4.20703125,1,4,4048,88.9453125,1,0,88,80,8,2,2,1,0x04,0,0,0,1,0,0,1,0,0,0,1,0,0,,,,,,,,,,,,,,,
239,8.0,338231,10321.990966796875,10.321990966796875,6,B_APPROACH,0x22,large_room|portal_approach,1355,1355,41.351318359375,24.183025830258302,13,0.396728515625,1342,40.95458984375,0,0.0,358,1096,1.3984375,4.28125,1,4,4048,88.9453125,1,0,85,80,5,2,2,1,0x04,0,0,0,1,0,0,1,0,0,0,1,0,0,,,,,,,,,,,,,,,
240,8.033333333333333,339575,10363.006591796875,10.363006591796875,6,B_APPROACH,0x22,large_room|portal_approach,1344,1344,41.015625,24.38095238095238,14,0.42724609375,1329,40.557861328125,1,0.030517578125,358,1115,1.3984375,4.35546875,1,4,4048,88.9453125,1,0,81,80,1,2,2,1,0x04,0,0,0,1,0,0,1,0,0,0,1,0,0,,,,,,,,,,,,,,,
241,8.066666666666666,340913,10403.839111328125,10.403839111328125,6,B_APPROACH,0x22,large_room|portal_approach,1338,1338,40.83251953125,24.490284005979074,14,0.42724609375,1324,40.4052734375,0,0.0,358,1134,1.3984375,4.4296875,1,4,4048,88.9453125,1,0,80,80,0,1,1,0,0x04,0,0,0,1,0,0,1,0,0,0,1,0,0,,,,,,,,,,,,,,,
242,8.1,342255,10444.793701171875,10.444793701171875,6,B_APPROACH,0x22,large_room|portal_approach,1342,1342,40.95458984375,24.417287630402384,14,0.42724609375,1327,40.496826171875,1,0.030517578125,358,1153,1.3984375,4.50390625,1,4,4048,88.9453125,1,0,80,80,0,1,1,0,0x04,0,0,0,1,0,0,1,0,0,0,1,0,0,,,,,,,,,,,,,,,
243,8.133333333333333,343603,10485.931396484375,10.485931396484375,6,B_APPROACH,0x22,large_room|portal_approach,1348,1348,41.1376953125,24.30860534124629,14,0.42724609375,1334,40.71044921875,0,0.0,358,1172,1.3984375,4.578125,1,4,4048,88.9453125,1,0,80,80,0,1,1,0,0x04,0,0,0,1,0,0,1,0,0,0,1,0,0,,,,,,,,,,,,,,,
244,8.166666666666666,344952,10527.099609375,10.527099609375,6,B_APPROACH,0x22,large_room|portal_approach,1349,1349,41.168212890625,24.29058561897702,14,0.42724609375,1334,40.71044921875,1,0.030517578125,358,1191,1.3984375,4.65234375,1,4,4048,88.9453125,1,0,80,80,0,1,1,0,0x04,0,0,0,1,0,0,1,0,0,0,1,0,0,,,,,,,,,,,,,,,
245,8.2,346308,10568.4814453125,10.5684814453125,6,B_APPROACH,0x22,large_room|portal_approach,1356,1356,41.3818359375,24.16519174041298,14,0.42724609375,1342,40.95458984375,0,0.0,358,1210,1.3984375,4.7265625,1,4,4048,88.9453125,1,0,80,80,0,1,1,0,0x04,0,0,0,1,0,0,1,0,0,0,1,0,0,,,,,,,,,,,,,,,
246,8.233333333333333,347668,10609.9853515625,10.6099853515625,6,B_APPROACH,0x22,large_room|portal_approach,1360,1360,41.50390625,24.094117647058823,13,0.396728515625,1346,41.07666015625,1,0.030517578125,358,1229,1.3984375,4.80078125,1,4,4048,88.9453125,1,0,80,80,0,1,1,0,0x04,0,0,0,1,0,0,1,0,0,0,1,0,0,,,,,,,,,,,,,,,
247,8.266666666666667,349030,10651.55029296875,10.65155029296875,6,B_APPROACH,0x22,large_room|portal_approach,1362,1362,41.56494140625,24.058737151248163,15,0.457763671875,1346,41.07666015625,1,0.030517578125,358,1248,1.3984375,4.875,1,4,4048,88.9453125,1,0,80,80,0,1,1,0,0x04,0,0,0,1,0,0,1,0,0,0,1,0,0,,,,,,,,,,,,,,,
248,8.3,350404,10693.4814453125,10.6934814453125,6,B_APPROACH,0x22,large_room|portal_approach,1374,1374,41.93115234375,23.848617176128094,15,0.457763671875,1358,41.44287109375,1,0.030517578125,358,1267,1.3984375,4.94921875,1,4,4048,88.9453125,1,0,80,80,0,1,1,0,0x04,0,0,0,1,0,0,1,0,0,0,1,0,0,,,,,,,,,,,,,,,
249,8.333333333333334,351760,10734.86328125,10.73486328125,6,B_APPROACH,0x22,large_room|portal_approach,1356,1356,41.3818359375,24.16519174041298,15,0.457763671875,1341,40.924072265625,0,0.0,358,1286,1.3984375,5.0234375,1,5,4048,88.9453125,1,0,80,80,0,1,1,0,0x04,0,0,0,1,0,0,1,0,0,0,1,0,0,,,,,,,,,,,,,,,
250,8.366666666666667,353102,10775.81787109375,10.77581787109375,6,B_APPROACH,0x22,large_room|portal_approach,1342,1342,40.95458984375,24.417287630402384,13,0.396728515625,1329,40.557861328125,0,0.0,358,1305,1.3984375,5.09765625,1,5,4048,88.9453125,1,0,80,80,0,1,1,0,0x04,0,0,0,1,0,0,1,0,0,0,1,0,0,,,,,,,,,,,,,,,
251,8.4,354459,10817.230224609375,10.817230224609375,6,B_APPROACH,0x22,large_room|portal_approach,1357,1357,41.412353515625,24.14738393515107,14,0.42724609375,1343,40.985107421875,0,0.0,358,1324,1.3984375,5.171875,1,5,4048,88.9453125,1,0,80,80,0,1,1,0,0x0C,0,0,0,1,1,0,1,0,0,0,1,0,0,,,,,,,,,,,,,,,
252,8.433333333333334,355808,10858.3984375,10.8583984375,7,B_VIEW,0x1A,large_room|fast_turn|portal_view,1349,1349,41.168212890625,24.29058561897702,6,0.18310546875,1342,40.95458984375,1,0.030517578125,358,1324,1.3984375,5.171875,1,5,4150,91.1865234375,0,1,80,80,0,1,1,0,0x04,0,0,0,1,0,0,1,0,1,1,0,0,0,,,,,,,,,,,,,,,
253,8.466666666666667,357166,10899.84130859375,10.89984130859375,7,B_VIEW,0x1A,large_room|fast_turn|portal_view,1358,1358,41.44287109375,24.12960235640648,6,0.18310546875,1352,41.259765625,0,0.0,358,1324,1.3984375,5.171875,1,5,4252,93.427734375,0,1,80,80,0,1,1,0,0x04,0,0,0,1,0,0,1,0,1,1,0,0,0,,,,,,,,,,,,,,,
254,8.5,358552,10942.138671875,10.942138671875,7,B_VIEW,0x1A,large_room|fast_turn|portal_view,1386,1386,42.29736328125,23.642135642135642,5,0.152587890625,1380,42.1142578125,1,0.030517578125,358,1324,1.3984375,5.171875,1,5,4354,95.6689453125,0,1,80,80,0,1,1,0,0x04,0,0,0,1,0,0,1,0,1,1,0,0,0,,,,,,,,,,,,,,,
255,8.533333333333333,359945,10984.649658203125,10.984649658203125,7,B_VIEW,0x1A,large_room|fast_turn|portal_view,1393,1393,42.510986328125,23.52333094041637,6,0.18310546875,1386,42.29736328125,1,0.030517578125,358,1324,1.3984375,5.171875,1,5,4456,97.91015625,0,1,80,80,0,1,1,0,0x04,0,0,0,1,0,0,1,0,1,1,0,0,0,,,,,,,,,,,,,,,
256,8.566666666666666,361342,11027.28271484375,11.02728271484375,7,B_VIEW,0x1A,large_room|fast_turn|portal_view,1397,1397,42.633056640625,23.45597709377237,6,0.18310546875,1390,42.41943359375,1,0.030517578125,358,1324,1.3984375,5.171875,1,5,4558,100.1513671875,0,1,80,80,0,1,1,0,0x04,0,0,0,1,0,0,1,0,1,1,0,0,0,,,,,,,,,,,,,,,
257,8.6,362741,11069.976806640625,11.069976806640625,7,B_VIEW,0x1A,large_room|fast_turn|portal_view,1399,1399,42.694091796875,23.422444603288064,6,0.18310546875,1393,42.510986328125,0,0.0,358,1324,1.3984375,5.171875,1,5,4660,102.392578125,0,1,80,80,0,1,1,0,0x04,0,0,0,1,0,0,1,0,1,1,0,0,0,,,,,,,,,,,,,,,
258,8.633333333333333,364147,11112.884521484375,11.112884521484375,7,B_VIEW,0x1A,large_room|fast_turn|portal_view,1406,1406,42.90771484375,23.305832147937412,6,0.18310546875,1399,42.694091796875,1,0.030517578125,358,1324,1.3984375,5.171875,1,5,4762,104.6337890625,0,1,80,80,0,1,1,0,0x04,0,0,0,1,0,0,1,0,1,1,0,0,0,,,,,,,,,,,,,,,
259,8.666666666666666,365562,11156.06689453125,11.15606689453125,7,B_VIEW,0x1A,large_room|fast_turn|portal_view,1415,1415,43.182373046875,23.157597173144875,6,0.18310546875,1408,42.96875,1,0.030517578125,358,1324,1.3984375,5.171875,1,5,4864,106.875,0,1,80,80,0,1,1,0,0x04,0,0,0,1,0,0,1,0,1,1,0,0,0,,,,,,,,,,,,,,,
260,8.7,366980,11199.3408203125,11.1993408203125,7,B_VIEW,0x1A,large_room|fast_turn|portal_view,1418,1418,43.27392578125,23.108603667136812,6,0.18310546875,1411,43.060302734375,1,0.030517578125,358,1324,1.3984375,5.171875,1,5,4966,109.1162109375,0,1,80,80,0,1,1,0,0x04,0,0,0,1,0,0,1,0,1,1,0,0,0,,,,,,,,,,,,,,,
261,8.733333333333333,368403,11242.767333984375,11.242767333984375,7,B_VIEW,0x1A,large_room|fast_turn|portal_view,1423,1423,43.426513671875,23.02740688685875,6,0.18310546875,1417,43.243408203125,0,0.0,358,1324,1.3984375,5.171875,1,5,5068,111.357421875,0,1,80,80,0,1,1,0,0x04,0,0,0,1,0,0,1,0,1,1,0,0,0,,,,,,,,,,,,,,,
262,8.766666666666667,369832,11286.376953125,11.286376953125,7,B_VIEW,0x1A,large_room|fast_turn|portal_view,1429,1429,43.609619140625,22.93072078376487,5,0.152587890625,1423,43.426513671875,1,0.030517578125,358,1324,1.3984375,5.171875,1,5,5170,113.5986328125,0,1,80,80,0,1,1,0,0x04,0,0,0,1,0,0,1,0,1,1,0,0,0,,,,,,,,,,,,,,,
263,8.8,371268,11330.2001953125,11.3302001953125,7,B_VIEW,0x1A,large_room|fast_turn|portal_view,1436,1436,43.8232421875,22.818941504178273,6,0.18310546875,1430,43.64013671875,0,0.0,358,1324,1.3984375,5.171875,1,5,5272,115.83984375,0,1,80,80,0,1,1,0,0x04,0,0,0,1,0,0,1,0,1,1,0,0,0,,,,,,,,,,,,,,,
264,8.833333333333334,372709,11374.176025390625,11.374176025390625,7,B_VIEW,0x1A,large_room|fast_turn|portal_view,1441,1441,43.975830078125,22.73976405274115,5,0.152587890625,1436,43.8232421875,0,0.0,358,1324,1.3984375,5.171875,1,5,5374,118.0810546875,0,1,80,80,0,1,1,0,0x04,0,0,0,1,0,0,1,0,1,1,0,0,0,,,,,,,,,,,,,,,
265,8.866666666666667,374159,11418.426513671875,11.418426513671875,7,B_VIEW,0x1A,large_room|fast_turn|portal_view,1450,1450,44.25048828125,22.59862068965517,5,0.152587890625,1444,44.0673828125,1,0.030517578125,358,1324,1.3984375,5.171875,1,5,5476,120.322265625,0,1,80,80,0,1,1,0,0x04,0,0,0,1,0,0,1,0,1,1,0,0,0,,,,,,,,,,,,,,,
266,8.9,375610,11462.70751953125,11.46270751953125,7,B_VIEW,0x1A,large_room|fast_turn|portal_view,1451,1451,44.281005859375,22.583046175051688,5,0.152587890625,1446,44.12841796875,0,0.0,358,1324,1.3984375,5.171875,1,5,5578,122.5634765625,0,1,80,80,0,1,1,0,0x04,0,0,0,1,0,0,1,0,1,1,0,0,0,,,,,,,,,,,,,,,
267,8.933333333333334,377076,11507.4462890625,11.5074462890625,7,B_VIEW,0x1A,large_room|fast_turn|portal_view,1466,1466,44.73876953125,22.351978171896317,6,0.18310546875,1459,44.525146484375,1,0.030517578125,358,1324,1.3984375,5.171875,1,5,5680,124.8046875,0,1,80,80,0,1,1,0,0x04,0,0,0,1,0,0,1,0,1,1,0,0,0,,,,,,,,,,,,,,,
268,8.966666666666667,378549,11552.398681640625,11.552398681640625,7,B_VIEW,0x1A,large_room|fast_turn|portal_view,1473,1473,44.952392578125,22.245756958587915,6,0.18310546875,1467,44.769287109375,0,0.0,358,1324,1.3984375,5.171875,1,5,5782,127.0458984375,0,1,80,80,0,1,1,0,0x04,0,0,0,1,0,0,1,0,1,1,0,0,0,,,,,,,,,,,,,,,
269,9.0,380038,11597.83935546875,11.59783935546875,7,B_VIEW,0x1A,large_room|fast_turn|portal_view,1489,1489,45.440673828125,22.006715916722634,6,0.18310546875,1483,45.257568359375,0,0.0,358,1324,1.3984375,5.171875,1,5,5884,129.287109375,0,1,80,80,0,1,1,0,0x04,0,0,0,1,0,0,1,0,1,1,0,0,0,,,,,,,,,,,,,,,
270,9.033333333333333,381531,11643.402099609375,11.643402099609375,7,B_VIEW,0x1A,large_room|fast_turn|portal_view,1493,1493,45.562744140625,21.94775619557937,5,0.152587890625,1488,45.41015625,0,0.0,358,1324,1.3984375,5.171875,1,5,5986,131.5283203125,0,1,80,80,0,1,1,0,0x04,0,0,0,1,0,0,1,0,1,1,0,0,0,,,,,,,,,,,,,,,
271,9.066666666666666,383026,11689.02587890625,11.68902587890625,7,B_VIEW,0x1A,large_room|fast_turn|portal_view,1495,1495,45.623779296875,21.91839464882943,5,0.152587890625,1489,45.440673828125,1,0.030517578125,358,1324,1.3984375,5.171875,1,5,6088,133.76953125,0,1,80,80,0,1,1,0,0x04,0,0,0,1,0,0,1,0,1,1,0,0,0,,,,,,,,,,,,,,,
272,9.1,384524,11734.7412109375,11.7347412109375,7,B_VIEW,0x1A,large_room|fast_turn|portal_view,1498,1498,45.71533203125,21.874499332443257,6,0.18310546875,1491,45.501708984375,1,0.030517578125,358,1324,1.3984375,5.171875,1,5,6190,136.0107421875,0,1,80,80,0,1,1,0,0x06,1,0,0,1,0,0,1,0,1,1,0,0,0,45.22705078125,1.40380859375,0.0,14.83154296875,6.988525390625,2.13623046875,19.866943359375,0.0,0,80,0,0,0,18737,97
273,9.133333333333333,386021,11780.426025390625,11.780426025390625,7,B_VIEW,0x1A,large_room|fast_turn|portal_view,1497,1497,45.684814453125,21.889111556446228,6,0.18310546875,1490,45.47119140625,1,0.030517578125,358,1324,1.3984375,5.171875,1,5,6292,138.251953125,0,1,80,80,0,1,1,0,0x04,0,0,0,1,0,0,1,0,1,1,0,0,0,,,,,,,,,,,,,,,
274,9.166666666666666,387512,11825.927734375,11.825927734375,7,B_VIEW,0x1A,large_room|fast_turn|portal_view,1491,1491,45.501708984375,21.97719651240778,6,0.18310546875,1485,45.318603515625,0,0.0,358,1324,1.3984375,5.171875,1,5,6394,140.4931640625,0,1,80,80,0,1,1,0,0x04,0,0,0,1,0,0,1,0,1,1,0,0,0,,,,,,,,,,,,,,,
275,9.2,388992,11871.09375,11.87109375,7,B_VIEW,0x1A,large_room|fast_turn|portal_view,1480,1480,45.166015625,22.14054054054054,5,0.152587890625,1474,44.98291015625,1,0.030517578125,358,1324,1.3984375,5.171875,1,5,6496,142.734375,0,1,80,80,0,1,1,0,0x04,0,0,0,1,0,0,1,0,1,1,0,0,0,,,,,,,,,,,,,,,
276,9.233333333333333,390453,11915.679931640625,11.915679931640625,7,B_VIEW,0x1A,large_room|fast_turn|portal_view,1461,1461,44.586181640625,22.428473648186174,6,0.18310546875,1455,44.403076171875,0,0.0,358,1324,1.3984375,5.171875,1,5,6598,144.9755859375,0,1,80,80,0,1,1,0,0x04,0,0,0,1,0,0,1,0,1,1,0,0,0,,,,,,,,,,,,,,,
277,9.266666666666667,391905,11959.991455078125,11.959991455078125,7,B_VIEW,0x1A,large_room|fast_turn|portal_view,1452,1452,44.3115234375,22.56749311294766,5,0.152587890625,1447,44.158935546875,0,0.0,358,1324,1.3984375,5.171875,1,5,6700,147.216796875,0,1,80,80,0,1,1,0,0x04,0,0,0,1,0,0,1,0,1,1,0,0,0,,,,,,,,,,,,,,,
278,9.3,393349,12004.058837890625,12.004058837890625,7,B_VIEW,0x1A,large_room|fast_turn|portal_view,1444,1444,44.0673828125,22.69252077562327,5,0.152587890625,1439,43.914794921875,0,0.0,358,1324,1.3984375,5.171875,1,5,6802,149.4580078125,0,1,80,80,0,1,1,0,0x04,0,0,0,1,0,0,1,0,1,1,0,0,0,,,,,,,,,,,,,,,
279,9.333333333333334,394783,12047.821044921875,12.047821044921875,7,B_VIEW,0x1A,large_room|fast_turn|portal_view,1434,1434,43.76220703125,22.850767085076708,5,0.152587890625,1429,43.609619140625,0,0.0,358,1324,1.3984375,5.171875,1,5,6904,151.69921875,0,1,80,80,0,1,1,0,0x04,0,0,0,1,0,0,1,0,1,1,0,0,0,,,,,,,,,,,,,,,
280,9.366666666666667,396210,12091.36962890625,12.09136962890625,7,B_VIEW,0x1A,large_room|fast_turn|portal_view,1427,1427,43.548583984375,22.962859145059564,6,0.18310546875,1420,43.3349609375,1,0.030517578125,358,1324,1.3984375,5.171875,1,5,7006,153.9404296875,0,1,80,80,0,1,1,0,0x04,0,0,0,1,0,0,1,0,1,1,0,0,0,,,,,,,,,,,,,,,
281,9.4,397637,12134.918212890625,12.134918212890625,7,B_VIEW,0x1A,large_room|fast_turn|portal_view,1427,1427,43.548583984375,22.962859145059564,6,0.18310546875,1421,43.365478515625,0,0.0,358,1324,1.3984375,5.171875,1,5,7108,156.181640625,0,1,80,80,0,1,1,0,0x04,0,0,0,1,0,0,1,0,1,1,0,0,0,,,,,,,,,,,,,,,
282,9.433333333333334,399059,12178.314208984375,12.178314208984375,7,B_VIEW,0x1A,large_room|fast_turn|portal_view,1422,1422,43.39599609375,23.043600562587905,6,0.18310546875,1415,43.182373046875,1,0.030517578125,358,1324,1.3984375,5.171875,1,5,7210,158.4228515625,0,1,80,80,0,1,1,0,0x04,0,0,0,1,0,0,1,0,1,1,0,0,0,,,,,,,,,,,,,,,
283,9.466666666666667,400475,12221.527099609375,12.221527099609375,7,B_VIEW,0x1A,large_room|fast_turn|portal_view,1416,1416,43.212890625,23.141242937853107,6,0.18310546875,1410,43.02978515625,0,0.0,358,1324,1.3984375,5.171875,1,5,7312,160.6640625,0,1,80,80,0,1,1,0,0x04,0,0,0,1,0,0,1,0,1,1,0,0,0,,,,,,,,,,,,,,,
284,9.5,401884,12264.5263671875,12.2645263671875,7,B_VIEW,0x1A,large_room|fast_turn|portal_view,1409,1409,42.999267578125,23.256210078069554,5,0.152587890625,1404,42.8466796875,0,0.0,358,1324,1.3984375,5.171875,1,5,7414,162.9052734375,0,1,80,80,0,1,1,0,0x04,0,0,0,1,0,0,1,0,1,1,0,0,0,,,,,,,,,,,,,,,
285,9.533333333333333,403287,12307.342529296875,12.307342529296875,7,B_VIEW,0x1A,large_room|fast_turn|portal_view,1403,1403,42.816162109375,23.355666429080543,5,0.152587890625,1398,42.66357421875,0,0.0,358,1324,1.3984375,5.171875,1,5,7516,165.146484375,0,1,80,80,0,1,1,0,0x04,0,0,0,1,0,0,1,0,1,1,0,0,0,,,,,,,,,,,,,,,
286,9.566666666666666,404682,12349.91455078125,12.34991455078125,7,B_VIEW,0x1A,large_room|fast_turn|portal_view,1395,1395,42.572021484375,23.489605734767025,5,0.152587890625,1390,42.41943359375,0,0.0,358,1324,1.3984375,5.171875,1,5,7618,167.3876953125,0,1,80,80,0,1,1,0,0x04,0,0,0,1,0,0,1,0,1,1,0,0,0,,,,,,,,,,,,,,,
287,9.6,406072,12392.333984375,12.392333984375,7,B_VIEW,0x1A,large_room|fast_turn|portal_view,1390,1390,42.41943359375,23.57410071942446,6,0.18310546875,1384,42.236328125,0,0.0,358,1324,1.3984375,5.171875,1,5,7720,169.62890625,0,1,80,80,0,1,1,0,0x04,0,0,0,1,0,0,1,0,1,1,0,0,0,,,,,,,,,,,,,,,
288,9.633333333333333,407484,12435.4248046875,12.4354248046875,7,B_VIEW,0x1A,large_room|fast_turn|portal_view,1412,1412,43.0908203125,23.206798866855525,5,0.152587890625,1407,42.938232421875,0,0.0,358,1324,1.3984375,5.171875,1,5,7822,171.8701171875,0,1,82,80,2,2,2,1,0x04,0,0,0,1,0,0,1,0,1,1,0,0,0,,,,,,,,,,,,,,,
289,9.666666666666666,408916,12479.1259765625,12.4791259765625,7,B_VIEW,0x1A,large_room|fast_turn|portal_view,1432,1432,43.701171875,22.88268156424581,6,0.18310546875,1426,43.51806640625,0,0.0,358,1324,1.3984375,5.171875,1,5,7924,174.111328125,0,1,85,80,5,2,2,1,0x04,0,0,0,1,0,0,1,0,1,1,0,0,0,,,,,,,,,,,,,,,
290,9.7,410361,12523.223876953125,12.523223876953125,7,B_VIEW,0x1A,large_room|fast_turn|portal_view,1445,1445,44.097900390625,22.67681660899654,6,0.18310546875,1439,43.914794921875,0,0.0,358,1324,1.3984375,5.171875,1,5,8026,176.3525390625,0,1,88,80,8,2,2,1,0x04,0,0,0,1,0,0,1,0,1,1,0,0,0,,,,,,,,,,,,,,,
291,9.733333333333333,411818,12567.68798828125,12.56768798828125,7,B_VIEW,0x1A,large_room|fast_turn|portal_view,1457,1457,44.464111328125,22.490048043925874,5,0.152587890625,1451,44.281005859375,1,0.030517578125,358,1324,1.3984375,5.171875,1,5,8128,178.59375,0,1,91,80,11,2,2,1,0x0C,0,0,0,1,1,0,1,0,1,1,0,0,0,,,,,,,,,,,,,,,
292,9.766666666666667,413233,12610.870361328125,12.610870361328125,8,B_TO_SMALL,0x71,small_room|portal_view|portal_approach|portal_cross,1415,1415,43.182373046875,23.157597173144875,15,0.457763671875,1400,42.724609375,0,0.0,339,1324,1.32421875,5.171875,1,5,8128,178.59375,1,0,85,80,5,2,2,1,0x04,0,0,0,1,0,1,0,0,0,1,1,1,0,,,,,,,,,,,,,,,
293,9.8,414598,12652.52685546875,12.65252685546875,8,B_TO_SMALL,0x71,small_room|portal_view|portal_approach|portal_cross,1365,1365,41.656494140625,24.005860805860806,15,0.457763671875,1350,41.19873046875,0,0.0,320,1324,1.25,5.171875,1,5,8128,178.59375,1,0,80,80,0,1,1,0,0x04,0,0,0,1,0,1,0,0,0,1,1,1,0,,,,,,,,,,,,,,,
294,9.833333333333334,415967,12694.305419921875,12.694305419921875,8,B_TO_SMALL,0x71,small_room|portal_view|portal_approach|portal_cross,1369,1369,41.778564453125,23.93571950328707,15,0.457763671875,1353,41.290283203125,1,0.030517578125,301,1324,1.17578125,5.171875,1,5,8128,178.59375,1,0,80,80,0,1,1,0,0x04,0,0,0,1,0,1,0,0,0,1,1,1,0,,,,,,,,,,,,,,,
295,9.866666666666667,417396,12737.9150390625,12.7379150390625,8,B_TO_SMALL,0x71,small_room|portal_view|portal_approach|portal_cross,1429,1429,43.609619140625,22.93072078376487,16,0.48828125,1413,43.121337890625,0,0.0,301,1324,1.17578125,5.171875,1,5,8128,178.59375,1,0,80,80,0,1,1,0,0x02,1,0,0,0,0,1,0,0,0,1,1,1,0,42.816162109375,1.800537109375,0.0,12.6953125,6.9580078125,1.861572265625,19.500732421875,0.0,0,80,0,0,0,19200,80
296,9.9,418826,12781.55517578125,12.78155517578125,8,B_TO_SMALL,0x71,small_room|portal_view|portal_approach|portal_cross,1430,1430,43.64013671875,22.914685314685315,16,0.48828125,1413,43.121337890625,1,0.030517578125,301,1324,1.17578125,5.171875,1,5,8128,178.59375,1,0,80,80,0,1,1,0,0x00,0,0,0,0,0,1,0,0,0,1,1,1,0,,,,,,,,,,,,,,,
297,9.933333333333334,420255,12825.164794921875,12.825164794921875,8,B_TO_SMALL,0x71,small_room|portal_view|portal_approach|portal_cross,1429,1429,43.609619140625,22.93072078376487,16,0.48828125,1413,43.121337890625,0,0.0,301,1324,1.17578125,5.171875,1,5,8128,178.59375,1,0,80,80,0,1,1,0,0x00,0,0,0,0,0,1,0,0,0,1,1,1,0,,,,,,,,,,,,,,,
298,9.966666666666667,421684,12868.7744140625,12.8687744140625,8,B_TO_SMALL,0x71,small_room|portal_view|portal_approach|portal_cross,1429,1429,43.609619140625,22.93072078376487,16,0.48828125,1413,43.121337890625,0,0.0,301,1324,1.17578125,5.171875,1,5,8128,178.59375,1,0,80,80,0,1,1,0,0x00,0,0,0,0,0,1,0,0,0,1,1,1,0,,,,,,,,,,,,,,,
299,10.0,423113,12912.384033203125,12.912384033203125,8,B_TO_SMALL,0x71,small_room|portal_view|portal_approach|portal_cross,1429,1429,43.609619140625,22.93072078376487,16,0.48828125,1412,43.0908203125,1,0.030517578125,301,1324,1.17578125,5.171875,1,5,8128,178.59375,1,0,80,80,0,1,1,0,0x00,0,0,0,0,0,1,0,0,0,1,1,1,0,,,,,,,,,,,,,,,
300,10.033333333333333,424543,12956.024169921875,12.956024169921875,8,B_TO_SMALL,0x71,small_room|portal_view|portal_approach|portal_cross,1430,1430,43.64013671875,22.914685314685315,16,0.48828125,1413,43.121337890625,1,0.030517578125,301,1324,1.17578125,5.171875,1,5,8128,178.59375,1,0,80,80,0,1,1,0,0x00,0,0,0,0,0,1,0,0,0,1,1,1,0,,,,,,,,,,,,,,,
301,10.066666666666666,425972,12999.6337890625,12.9996337890625,8,B_TO_SMALL,0x71,small_room|portal_view|portal_approach|portal_cross,1429,1429,43.609619140625,22.93072078376487,16,0.48828125,1413,43.121337890625,0,0.0,301,1324,1.17578125,5.171875,1,5,8128,178.59375,1,0,80,80,0,1,1,0,0x00,0,0,0,0,0,1,0,0,0,1,1,1,0,,,,,,,,,,,,,,,
302,10.1,427402,13043.27392578125,13.04327392578125,8,B_TO_SMALL,0x71,small_room|portal_view|portal_approach|portal_cross,1430,1430,43.64013671875,22.914685314685315,16,0.48828125,1413,43.121337890625,1,0.030517578125,301,1324,1.17578125,5.171875,1,5,8128,178.59375,1,0,80,80,0,1,1,0,0x00,0,0,0,0,0,1,0,0,0,1,1,1,0,,,,,,,,,,,,,,,
303,10.133333333333333,428831,13086.883544921875,13.086883544921875,8,B_TO_SMALL,0x71,small_room|portal_view|portal_approach|portal_cross,1429,1429,43.609619140625,22.93072078376487,15,0.457763671875,1413,43.121337890625,1,0.030517578125,301,1324,1.17578125,5.171875,1,5,8128,178.59375,1,0,80,80,0,1,1,0,0x00,0,0,0,0,0,1,0,0,0,1,1,1,0,,,,,,,,,,,,,,,
304,10.166666666666666,430260,13130.4931640625,13.1304931640625,8,B_TO_SMALL,0x71,small_room|portal_view|portal_approach|portal_cross,1429,1429,43.609619140625,22.93072078376487,16,0.48828125,1413,43.121337890625,0,0.0,301,1324,1.17578125,5.171875,1,5,8128,178.59375,1,0,80,80,0,1,1,0,0x00,0,0,0,0,0,1,0,0,0,1,1,1,0,,,,,,,,,,,,,,,
305,10.2,431689,13174.102783203125,13.174102783203125,8,B_TO_SMALL,0x71,small_room|portal_view|portal_approach|portal_cross,1429,1429,43.609619140625,22.93072078376487,16,0.48828125,1413,43.121337890625,0,0.0,301,1324,1.17578125,5.171875,1,5,8128,178.59375,1,0,80,80,0,1,1,0,0x00,0,0,0,0,0,1,0,0,0,1,1,1,0,,,,,,,,,,,,,,,
306,10.233333333333333,433118,13217.71240234375,13.21771240234375,8,B_TO_SMALL,0x71,small_room|portal_view|portal_approach|portal_cross,1429,1429,43.609619140625,22.93072078376487,16,0.48828125,1412,43.0908203125,1,0.030517578125,301,1324,1.17578125,5.171875,1,5,8128,178.59375,1,0,80,80,0,1,1,0,0x00,0,0,0,0,0,1,0,0,0,1,1,1,0,,,,,,,,,,,,,,,
307,10.266666666666667,434548,13261.3525390625,13.2613525390625,8,B_TO_SMALL,0x71,small_room|portal_view|portal_approach|portal_cross,1430,1430,43.64013671875,22.914685314685315,16,0.48828125,1413,43.121337890625,1,0.030517578125,301,1324,1.17578125,5.171875,1,5,8128,178.59375,1,0,80,80,0,1,1,0,0x00,0,0,0,0,0,1,0,0,0,1,1,1,0,,,,,,,,,,,,,,,
308,10.3,435977,13304.962158203125,13.304962158203125,8,B_TO_SMALL,0x71,small_room|portal_view|portal_approach|portal_cross,1429,1429,43.609619140625,22.93072078376487,16,0.48828125,1413,43.121337890625,0,0.0,301,1324,1.17578125,5.171875,1,5,8128,178.59375,1,0,80,80,0,1,1,0,0x00,0,0,0,0,0,1,0,0,0,1,1,1,0,,,,,,,,,,,,,,,
309,10.333333333333334,437407,13348.602294921875,13.348602294921875,8,B_TO_SMALL,0x71,small_room|portal_view|portal_approach|portal_cross,1430,1430,43.64013671875,22.914685314685315,16,0.48828125,1413,43.121337890625,1,0.030517578125,301,1324,1.17578125,5.171875,1,5,8128,178.59375,1,0,80,80,0,1,1,0,0x00,0,0,0,0,0,1,0,0,0,1,1,1,0,,,,,,,,,,,,,,,
310,10.366666666666667,438836,13392.2119140625,13.3922119140625,8,B_TO_SMALL,0x71,small_room|portal_view|portal_approach|portal_cross,1429,1429,43.609619140625,22.93072078376487,15,0.457763671875,1413,43.121337890625,1,0.030517578125,301,1324,1.17578125,5.171875,1,5,8128,178.59375,1,0,80,80,0,1,1,0,0x00,0,0,0,0,0,1,0,0,0,1,1,1,0,,,,,,,,,,,,,,,
311,10.4,440266,13435.85205078125,13.43585205078125,8,B_TO_SMALL,0x71,small_room|portal_view|portal_approach|portal_cross,1430,1430,43.64013671875,22.914685314685315,16,0.48828125,1413,43.121337890625,1,0.030517578125,301,1324,1.17578125,5.171875,1,5,8128,178.59375,1,0,80,80,0,1,1,0,0x08,0,0,0,0,1,1,0,0,0,1,1,1,0,,,,,,,,,,,,,,,
312,10.433333333333334,441744,13480.95703125,13.48095703125,9,SMALL_SWEEP,0x99,small_room|fast_turn|portal_view|stress,1478,1478,45.10498046875,22.170500676589988,6,0.18310546875,1472,44.921875,0,0.0,301,1324,1.17578125,5.171875,1,5,8230,180.8349609375,0,1,80,80,0,1,1,0,0x04,0,0,0,1,0,1,0,0,1,1,0,0,1,,,,,,,,,,,,,,,
313,10.466666666666667,443220,13526.0009765625,13.5260009765625,9,SMALL_SWEEP,0x99,small_room|fast_turn|portal_view|stress,1476,1476,45.0439453125,22.200542005420054,5,0.152587890625,1471,44.891357421875,0,0.0,301,1324,1.17578125,5.171875,1,5,8332,183.076171875,0,1,80,80,0,1,1,0,0x04,0,0,0,1,0,1,0,0,1,1,0,0,1,,,,,,,,,,,,,,,
314,10.5,444694,13570.98388671875,13.57098388671875,9,SMALL_SWEEP,0x99,small_room|fast_turn|portal_view|stress,1474,1474,44.98291015625,22.230664857530527,5,0.152587890625,1469,44.830322265625,0,0.0,301,1324,1.17578125,5.171875,1,5,8434,185.3173828125,0,1,80,80,0,1,1,0,0x04,0,0,0,1,0,1,0,0,1,1,0,0,1,,,,,,,,,,,,,,,
315,10.533333333333333,446167,13615.936279296875,13.615936279296875,9,SMALL_SWEEP,0x99,small_room|fast_turn|portal_view|stress,1473,1473,44.952392578125,22.245756958587915,6,0.18310546875,1466,44.73876953125,1,0.030517578125,301,1324,1.17578125,5.171875,1,5,8536,187.55859375,0,1,80,80,0,1,1,0,0x04,0,0,0,1,0,1,0,0,1,1,0,0,1,,,,,,,,,,,,,,,
316,10.566666666666666,447638,13660.82763671875,13.66082763671875,9,SMALL_SWEEP,0x99,small_room|fast_turn|portal_view|stress,1471,1471,44.891357421875,22.276002719238612,6,0.18310546875,1464,44.677734375,1,0.030517578125,301,1324,1.17578125,5.171875,1,5,8638,189.7998046875,0,1,80,80,0,1,1,0,0x04,0,0,0,1,0,1,0,0,1,1,0,0,1,,,,,,,,,,,,,,,
317,10.6,449112,13705.810546875,13.705810546875,9,SMALL_SWEEP,0x99,small_room|fast_turn|portal_view|stress,1474,1474,44.98291015625,22.230664857530527,6,0.18310546875,1468,44.7998046875,0,0.0,301,1324,1.17578125,5.171875,1,5,8740,192.041015625,0,1,81,80,1,2,2,1,0x04,0,0,0,1,0,1,0,0,1,1,0,0,1,,,,,,,,,,,,,,,
318,10.633333333333333,450600,13751.220703125,13.751220703125,9,SMALL_SWEEP,0x99,small_room|fast_turn|portal_view|stress,1488,1488,45.41015625,22.021505376344088,5,0.152587890625,1483,45.257568359375,0,0.0,301,1324,1.17578125,5.171875,1,5,8842,194.2822265625,0,1,83,80,3,2,2,1,0x04,0,0,0,1,0,1,0,0,1,1,0,0,1,,,,,,,,,,,,,,,
319,10.666666666666666,452127,13797.821044921875,13.797821044921875,9,SMALL_SWEEP,0x99,small_room|fast_turn|portal_view|stress,1527,1527,46.600341796875,21.459070072036674,5,0.152587890625,1521,46.417236328125,1,0.030517578125,301,1324,1.17578125,5.171875,1,5,8944,196.5234375,0,1,87,80,7,2,2,1,0x04,0,0,0,1,0,1,0,0,1,1,0,0,1,,,,,,,,,,,,,,,
320,10.7,453667,13844.818115234375,13.844818115234375,9,SMALL_SWEEP,0x99,small_room|fast_turn|portal_view|stress,1540,1540,46.9970703125,21.277922077922078,6,0.18310546875,1534,46.81396484375,0,0.0,301,1324,1.17578125,5.171875,1,5,9046,198.7646484375,0,1,90,80,10,2,2,1,0x04,0,0,0,1,0,1,0,0,1,1,0,0,1,,,,,,,,,,,,,,,
321,10.733333333333333,455210,13891.90673828125,13.89190673828125,9,SMALL_SWEEP,0x99,small_room|fast_turn|portal_view|stress,1543,1543,47.088623046875,21.23655217109527,5,0.152587890625,1537,46.905517578125,1,0.030517578125,301,1324,1.17578125,5.171875,1,5,9148,201.005859375,0,1,92,80,12,2,2,1,0x04,0,0,0,1,0,1,0,0,1,1,0,0,1,,,,,,,,,,,,,,,
322,10.766666666666667,456759,13939.178466796875,13.939178466796875,9,SMALL_SWEEP,0x99,small_room|fast_turn|portal_view|stress,1549,1549,47.271728515625,21.154293092317623,6,0.18310546875,1543,47.088623046875,0,0.0,301,1324,1.17578125,5.171875,1,5,9250,203.2470703125,0,1,95,80,15,2,2,1,0x04,0,0,0,1,0,1,0,0,1,1,0,0,1,,,,,,,,,,,,,,,
323,10.8,458317,13986.724853515625,13.986724853515625,9,SMALL_SWEEP,0x99,small_room|fast_turn|portal_view|stress,1558,1558,47.54638671875,21.03209242618742,5,0.152587890625,1552,47.36328125,1,0.030517578125,301,1324,1.17578125,5.171875,1,5,9352,205.48828125,0,1,98,80,18,2,2,1,0x04,0,0,0,1,0,1,0,0,1,1,0,0,1,,,,,,,,,,,,,,,
324,10.833333333333334,459886,14034.60693359375,14.03460693359375,9,SMALL_SWEEP,0x99,small_room|fast_turn|portal_view|stress,1569,1569,47.882080078125,20.88463989802422,5,0.152587890625,1563,47.698974609375,1,0.030517578125,301,1324,1.17578125,5.171875,1,5,9454,207.7294921875,0,1,101,80,21,2,2,1,0x04,0,0,0,1,0,1,0,0,1,1,0,0,1,,,,,,,,,,,,,,,
325,10.866666666666667,461456,14082.51953125,14.08251953125,9,SMALL_SWEEP,0x99,small_room|fast_turn|portal_view|stress,1570,1570,47.91259765625,20.871337579617833,6,0.18310546875,1563,47.698974609375,1,0.030517578125,301,1324,1.17578125,5.171875,1,5,9556,209.970703125,0,1,103,80,23,2,2,1,0x04,0,0,0,1,0,1,0,0,1,1,0,0,1,,,,,,,,,,,,,,,
326,10.9,463041,14130.889892578125,14.130889892578125,9,SMALL_SWEEP,0x99,small_room|fast_turn|portal_view|stress,1585,1585,48.370361328125,20.673817034700317,6,0.18310546875,1578,48.15673828125,1,0.030517578125,301,1324,1.17578125,5.171875,1,5,9658,212.2119140625,0,1,106,80,26,2,2,1,0x04,0,0,0,1,0,1,0,0,1,1,0,0,1,,,,,,,,,,,,,,,
327,10.933333333333334,464637,14179.595947265625,14.179595947265625,9,SMALL_SWEEP,0x99,small_room|fast_turn|portal_view|stress,1596,1596,48.7060546875,20.531328320802004,6,0.18310546875,1590,48.52294921875,0,0.0,301,1324,1.17578125,5.171875,1,5,9760,214.453125,0,1,108,80,28,2,2,1,0x04,0,0,0,1,0,1,0,0,1,1,0,0,1,,,,,,,,,,,,,,,
328,10.966666666666667,466251,14228.851318359375,14.228851318359375,9,SMALL_SWEEP,0x99,small_room|fast_turn|portal_view|stress,1614,1614,49.25537109375,20.302354399008674,5,0.152587890625,1609,49.102783203125,0,0.0,301,1324,1.17578125,5.171875,1,5,9862,216.6943359375,0,1,111,80,31,2,2,1,0x04,0,0,0,1,0,1,0,0,1,1,0,0,1,,,,,,,,,,,,,,,
329,11.0,467873,14278.350830078125,14.278350830078125,9,SMALL_SWEEP,0x99,small_room|fast_turn|portal_view|stress,1622,1622,49.49951171875,20.20221948212084,5,0.152587890625,1617,49.346923828125,0,0.0,301,1324,1.17578125,5.171875,1,5,9964,218.935546875,0,1,113,80,33,2,2,1,0x04,0,0,0,1,0,1,0,0,1,1,0,0,1,,,,,,,,,,,,,,,
330,11.033333333333333,469516,14328.4912109375,14.3284912109375,9,SMALL_SWEEP,0x99,small_room|fast_turn|portal_view|stress,1643,1643,50.140380859375,19.944004869141814,5,0.152587890625,1638,49.98779296875,0,0.0,301,1324,1.17578125,5.171875,1,5,10066,221.1767578125,0,1,117,80,37,2,2,1,0x04,0,0,0,1,0,1,0,0,1,1,0,0,1,,,,,,,,,,,,,,,
331,11.066666666666666,471160,14378.662109375,14.378662109375,9,SMALL_SWEEP,0x99,small_room|fast_turn|portal_view|stress,1644,1644,50.1708984375,19.931873479318735,5,0.152587890625,1639,50.018310546875,0,0.0,301,1324,1.17578125,5.171875,1,5,10168,223.41796875,0,1,118,80,38,2,2,1,0x04,0,0,0,1,0,1,0,0,1,1,0,0,1,,,,,,,,,,,,,,,
332,11.1,472810,14429.01611328125,14.42901611328125,9,SMALL_SWEEP,0x99,small_room|fast_turn|portal_view|stress,1650,1650,50.35400390625,19.85939393939394,5,0.152587890625,1644,50.1708984375,1,0.030517578125,301,1324,1.17578125,5.171875,1,5,10270,225.6591796875,0,1,120,80,40,2,2,1,0x04,0,0,0,1,0,1,0,0,1,1,0,0,1,,,,,,,,,,,,,,,
333,11.133333333333333,474493,14480.377197265625,14.480377197265625,9,SMALL_SWEEP,0x99,small_room|fast_turn|portal_view|stress,1683,1683,51.361083984375,19.469994058229354,6,0.18310546875,1677,51.177978515625,0,0.0,301,1324,1.17578125,5.171875,1,5,10372,227.900390625,0,1,123,80,43,2,2,1,0x04,0,0,0,1,0,1,0,0,1,1,0,0,1,,,,,,,,,,,,,,,
334,11.166666666666666,476177,14531.768798828125,14.531768798828125,9,SMALL_SWEEP,0x99,small_room|fast_turn|portal_view|stress,1684,1684,51.3916015625,19.458432304038006,6,0.18310546875,1677,51.177978515625,1,0.030517578125,301,1324,1.17578125,5.171875,1,5,10474,230.1416015625,0,1,122,80,42,2,2,1,0x04,0,0,0,1,0,1,0,0,1,1,0,0,1,,,,,,,,,,,,,,,
335,11.2,477869,14583.404541015625,14.583404541015625,9,SMALL_SWEEP,0x99,small_room|fast_turn|portal_view|stress,1692,1692,51.6357421875,19.36643026004728,6,0.18310546875,1685,51.422119140625,1,0.030517578125,301,1324,1.17578125,5.171875,1,5,10576,232.3828125,0,1,123,80,43,2,2,1,0x04,0,0,0,1,0,1,0,0,1,1,0,0,1,,,,,,,,,,,,,,,
336,11.233333333333333,479562,14635.07080078125,14.63507080078125,9,SMALL_SWEEP,0x99,small_room|fast_turn|portal_view|stress,1693,1693,51.666259765625,19.354991139988186,6,0.18310546875,1686,51.45263671875,1,0.030517578125,301,1324,1.17578125,5.171875,1,5,10678,234.6240234375,0,1,124,80,44,2,2,1,0x06,1,0,0,1,0,1,0,0,1,1,0,0,1,52.001953125,2.25830078125,0.0,14.190673828125,10.040283203125,5.645751953125,14.678955078125,5.18798828125,44,79,45,45,45,14028,254
337,11.266666666666667,481229,14685.943603515625,14.685943603515625,9,SMALL_SWEEP,0x99,small_room|fast_turn|portal_view|stress,1667,1667,50.872802734375,19.656868626274743,6,0.18310546875,1660,50.6591796875,1,0.030517578125,301,1324,1.17578125,5.171875,1,5,10780,236.865234375,0,1,123,80,43,2,2,1,0x04,0,0,0,1,0,1,0,0,1,1,0,0,1,,,,,,,,,,,,,,,
338,11.3,482870,14736.02294921875,14.73602294921875,9,SMALL_SWEEP,0x99,small_room|fast_turn|portal_view|stress,1641,1641,50.079345703125,19.968312004875077,6,0.18310546875,1634,49.86572265625,1,0.030517578125,301,1324,1.17578125,5.171875,1,5,10882,239.1064453125,0,1,122,80,42,2,2,1,0x04,0,0,0,1,0,1,0,0,1,1,0,0,1,,,,,,,,,,,,,,,
339,11.333333333333334,484514,14786.19384765625,14.78619384765625,9,SMALL_SWEEP,0x99,small_room|fast_turn|portal_view|stress,1644,1644,50.1708984375,19.931873479318735,6,0.18310546875,1638,49.98779296875,0,0.0,301,1324,1.17578125,5.171875,1,5,10984,241.34765625,0,1,124,80,44,2,2,1,0x04,0,0,0,1,0,1,0,0,1,1,0,0,1,,,,,,,,,,,,,,,
340,11.366666666666667,486128,14835.44921875,14.83544921875,9,SMALL_SWEEP,0x99,small_room|fast_turn|portal_view|stress,1614,1614,49.25537109375,20.302354399008674,6,0.18310546875,1607,49.041748046875,1,0.030517578125,301,1324,1.17578125,5.171875,1,5,11086,243.5888671875,0,1,122,80,42,2,2,1,0x04,0,0,0,1,0,1,0,0,1,1,0,0,1,,,,,,,,,,,,,,,
341,11.4,487720,14884.033203125,14.884033203125,9,SMALL_SWEEP,0x99,small_room|fast_turn|portal_view|stress,1592,1592,48.583984375,20.582914572864322,6,0.18310546875,1586,48.40087890625,0,0.0,301,1324,1.17578125,5.171875,1,5,11188,245.830078125,0,1,121,80,41,2,2,1,0x04,0,0,0,1,0,1,0,0,1,1,0,0,1,,,,,,,,,,,,,,,
342,11.433333333333334,489312,14932.6171875,14.9326171875,9,SMALL_SWEEP,0x99,small_room|fast_turn|portal_view|stress,1592,1592,48.583984375,20.582914572864322,5,0.152587890625,1587,48.431396484375,0,0.0,301,1324,1.17578125,5.171875,1,5,11290,248.0712890625,0,1,123,80,43,2,2,1,0x04,0,0,0,1,0,1,0,0,1,1,0,0,1,,,,,,,,,,,,,,,
343,11.466666666666667,490894,14980.89599609375,14.98089599609375,9,SMALL_SWEEP,0x99,small_room|fast_turn|portal_view|stress,1582,1582,48.27880859375,20.713021491782555,5,0.152587890625,1576,48.095703125,1,0.030517578125,301,1324,1.17578125,5.171875,1,5,11392,250.3125,0,1,123,80,43,2,2,1,0x04,0,0,0,1,0,1,0,0,1,1,0,0,1,,,,,,,,,,,,,,,
344,11.5,492475,15029.144287109375,15.029144287109375,9,SMALL_SWEEP,0x99,small_room|fast_turn|portal_view|stress,1581,1581,48.248291015625,20.726122707147375,5,0.152587890625,1576,48.095703125,0,0.0,301,1324,1.17578125,5.171875,1,5,11494,252.5537109375,0,1,124,80,44,2,2,1,0x04,0,0,0,1,0,1,0,0,1,1,0,0,1,,,,,,,,,,,,,,,
345,11.533333333333333,494030,15076.59912109375,15.07659912109375,9,SMALL_SWEEP,0x99,small_room|fast_turn|portal_view|stress,1555,1555,47.454833984375,21.07266881028939,6,0.18310546875,1548,47.2412109375,1,0.030517578125,301,1324,1.17578125,5.171875,1,5,11596,254.794921875,0,1,123,80,43,2,2,1,0x04,0,0,0,1,0,1,0,0,1,1,0,0,1,,,,,,,,,,,,,,,
346,11.566666666666666,495597,15124.420166015625,15.124420166015625,9,SMALL_SWEEP,0x99,small_room|fast_turn|portal_view|stress,1567,1567,47.821044921875,20.91129546904914,6,0.18310546875,1560,47.607421875,1,0.030517578125,301,1324,1.17578125,5.171875,1,5,11698,257.0361328125,0,1,125,80,45,2,2,1,0x04,0,0,0,1,0,1,0,0,1,1,0,0,1,,,,,,,,,,,,,,,
347,11.6,497133,15171.295166015625,15.171295166015625,9,SMALL_SWEEP,0x99,small_room|fast_turn|portal_view|stress,1536,1536,46.875,21.333333333333332,6,0.18310546875,1530,46.69189453125,0,0.0,301,1324,1.17578125,5.171875,1,5,11800,259.27734375,0,1,124,80,44,2,2,1,0x04,0,0,0,1,0,1,0,0,1,1,0,0,1,,,,,,,,,,,,,,,
348,11.633333333333333,498650,15217.59033203125,15.21759033203125,9,SMALL_SWEEP,0x99,small_room|fast_turn|portal_view|stress,1517,1517,46.295166015625,21.600527356624916,6,0.18310546875,1511,46.112060546875,0,0.0,301,1324,1.17578125,5.171875,1,5,11902,261.5185546875,0,1,123,80,43,2,2,1,0x04,0,0,0,1,0,1,0,0,1,1,0,0,1,,,,,,,,,,,,,,,
349,11.666666666666666,500158,15263.61083984375,15.26361083984375,9,SMALL_SWEEP,0x99,small_room|fast_turn|portal_view|stress,1508,1508,46.0205078125,21.72944297082228,5,0.152587890625,1502,45.83740234375,1,0.030517578125,301,1324,1.17578125,5.171875,1,5,12004,263.759765625,0,1,124,80,44,2,2,1,0x04,0,0,0,1,0,1,0,0,1,1,0,0,1,,,,,,,,,,,,,,,
350,11.7,501661,15309.478759765625,15.309478759765625,9,SMALL_SWEEP,0x99,small_room|fast_turn|portal_view|stress,1503,1503,45.867919921875,21.80172987358616,6,0.18310546875,1497,45.684814453125,0,0.0,301,1324,1.17578125,5.171875,1,5,12106,266.0009765625,0,1,124,80,44,2,2,1,0x04,0,0,0,1,0,1,0,0,1,1,0,0,1,,,,,,,,,,,,,,,
351,11.733333333333333,503174,15355.65185546875,15.35565185546875,9,SMALL_SWEEP,0x99,small_room|fast_turn|portal_view|stress,1513,1513,46.173095703125,21.657633840052874,5,0.152587890625,1507,45.989990234375,1,0.030517578125,301,1324,1.17578125,5.171875,1,5,12208,268.2421875,0,1,126,80,46,2,2,1,0x04,0,0,0,1,0,1,0,0,1,1,0,0,1,,,,,,,,,,,,,,,
352,11.766666666666667,504748,15403.6865234375,15.4036865234375,9,SMALL_SWEEP,0x99,small_room|fast_turn|portal_view|stress,1574,1574,48.03466796875,20.818297331639137,6,0.18310546875,1567,47.821044921875,1,0.030517578125,301,1324,1.17578125,5.171875,1,5,12310,270.4833984375,0,1,126,80,46,2,2,1,0x04,0,0,0,1,0,1,0,0,1,1,0,0,1,,,,,,,,,,,,,,,
353,11.8,506318,15451.59912109375,15.45159912109375,9,SMALL_SWEEP,0x99,small_room|fast_turn|portal_view|stress,1570,1570,47.91259765625,20.871337579617833,6,0.18310546875,1563,47.698974609375,1,0.030517578125,301,1324,1.17578125,5.171875,1,5,12412,272.724609375,0,1,124,80,44,2,2,1,0x04,0,0,0,1,0,1,0,0,1,1,0,0,1,,,,,,,,,,,,,,,
354,11.833333333333334,507873,15499.053955078125,15.499053955078125,9,SMALL_SWEEP,0x99,small_room|fast_turn|portal_view|stress,1555,1555,47.454833984375,21.07266881028939,6,0.18310546875,1548,47.2412109375,1,0.030517578125,301,1324,1.17578125,5.171875,1,5,12514,274.9658203125,0,1,120,80,40,2,2,1,0x04,0,0,0,1,0,1,0,0,1,1,0,0,1,,,,,,,,,,,,,,,
355,11.866666666666667,509425,15546.417236328125,15.546417236328125,9,SMALL_SWEEP,0x99,small_room|fast_turn|portal_view|stress,1552,1552,47.36328125,21.11340206185567,6,0.18310546875,1546,47.18017578125,0,0.0,301,1324,1.17578125,5.171875,1,5,12616,277.20703125,0,1,118,80,38,2,2,1,0x04,0,0,0,1,0,1,0,0,1,1,0,0,1,,,,,,,,,,,,,,,
356,11.9,510952,15593.017578125,15.593017578125,9,SMALL_SWEEP,0x99,small_room|fast_turn|portal_view|stress,1527,1527,46.600341796875,21.459070072036674,6,0.18310546875,1520,46.38671875,1,0.030517578125,301,1324,1.17578125,5.171875,1,5,12718,279.4482421875,0,1,115,80,35,2,2,1,0x04,0,0,0,1,0,1,0,0,1,1,0,0,1,,,,,,,,,,,,,,,
357,11.933333333333334,512481,15639.678955078125,15.639678955078125,9,SMALL_SWEEP,0x99,small_room|fast_turn|portal_view|stress,1529,1529,46.661376953125,21.431000654022238,6,0.18310546875,1522,46.44775390625,1,0.030517578125,301,1324,1.17578125,5.171875,1,5,12820,281.689453125,0,1,114,80,34,2,2,1,0x04,0,0,0,1,0,1,0,0,1,1,0,0,1,,,,,,,,,,,,,,,
358,11.966666666666667,514039,15687.225341796875,15.687225341796875,9,SMALL_SWEEP,0x99,small_room|fast_turn|portal_view|stress,1558,1558,47.54638671875,21.03209242618742,6,0.18310546875,1551,47.332763671875,1,0.030517578125,301,1324,1.17578125,5.171875,1,5,12922,283.9306640625,0,1,116,80,36,2,2,1,0x04,0,0,0,1,0,1,0,0,1,1,0,0,1,,,,,,,,,,,,,,,
359,12.0,515605,15735.015869140625,15.735015869140625,9,SMALL_SWEEP,0x99,small_room|fast_turn|portal_view|stress,1566,1566,47.79052734375,20.924648786717754,6,0.18310546875,1559,47.576904296875,1,0.030517578125,301,1324,1.17578125,5.171875,1,5,13024,286.171875,0,1,115,80,35,2,2,1,0x04,0,0,0,1,0,1,0,0,1,1,0,0,1,,,,,,,,,,,,,,,
360,12.033333333333333,517144,15781.982421875,15.781982421875,9,SMALL_SWEEP,0x99,small_room|fast_turn|portal_view|stress,1539,1539,46.966552734375,21.291747888239115,6,0.18310546875,1532,46.7529296875,1,0.030517578125,301,1324,1.17578125,5.171875,1,5,13126,288.4130859375,0,1,111,80,31,2,2,1,0x04,0,0,0,1,0,1,0,0,1,1,0,0,1,,,,,,,,,,,,,,,
361,12.066666666666666,518658,15828.18603515625,15.82818603515625,9,SMALL_SWEEP,0x99,small_room|fast_turn|portal_view|stress,1514,1514,46.20361328125,21.64332892998679,6,0.18310546875,1507,45.989990234375,1,0.030517578125,301,1324,1.17578125,5.171875,1,5,13228,290.654296875,0,1,107,80,27,2,2,1,0x04,0,0,0,1,0,1,0,0,1,1,0,0,1,,,,,,,,,,,,,,,
362,12.1,520198,15875.18310546875,15.87518310546875,9,SMALL_SWEEP,0x99,small_room|fast_turn|portal_view|stress,1540,1540,46.9970703125,21.277922077922078,6,0.18310546875,1534,46.81396484375,0,0.0,301,1324,1.17578125,5.171875,1,5,13330,292.8955078125,0,1,109,80,29,3,3,2,0x04,0,0,0,1,0,1,0,0,1,1,0,0,1,,,,,,,,,,,,,,,
363,12.133333333333333,521742,15922.30224609375,15.92230224609375,9,SMALL_SWEEP,0x99,small_room|fast_turn|portal_view|stress,1544,1544,47.119140625,21.22279792746114,5,0.152587890625,1539,46.966552734375,0,0.0,301,1324,1.17578125,5.171875,1,5,13432,295.13671875,0,1,110,80,30,3,3,2,0x04,0,0,0,1,0,1,0,0,1,1,0,0,1,,,,,,,,,,,,,,,
364,12.166666666666666,523288,15969.482421875,15.969482421875,9,SMALL_SWEEP,0x99,small_room|fast_turn|portal_view|stress,1546,1546,47.18017578125,21.195342820181114,5,0.152587890625,1540,46.9970703125,1,0.030517578125,301,1324,1.17578125,5.171875,1,5,13534,297.3779296875,0,1,111,80,31,3,3,2,0x04,0,0,0,1,0,1,0,0,1,1,0,0,1,,,,,,,,,,,,,,,
365,12.2,524817,16016.143798828125,16.016143798828125,9,SMALL_SWEEP,0x99,small_room|fast_turn|portal_view|stress,1529,1529,46.661376953125,21.431000654022238,6,0.18310546875,1522,46.44775390625,1,0.030517578125,301,1324,1.17578125,5.171875,1,5,13636,299.619140625,0,1,109,80,29,3,3,2,0x04,0,0,0,1,0,1,0,0,1,1,0,0,1,,,,,,,,,,,,,,,
366,12.233333333333333,526326,16062.19482421875,16.06219482421875,9,SMALL_SWEEP,0x99,small_room|fast_turn|portal_view|stress,1509,1509,46.051025390625,21.71504307488403,6,0.18310546875,1503,45.867919921875,0,0.0,301,1324,1.17578125,5.171875,1,5,13738,301.8603515625,0,1,107,80,27,3,3,2,0x04,0,0,0,1,0,1,0,0,1,1,0,0,1,,,,,,,,,,,,,,,
367,12.266666666666667,527842,16108.45947265625,16.10845947265625,9,SMALL_SWEEP,0x99,small_room|fast_turn|portal_view|stress,1516,1516,46.2646484375,21.614775725593667,6,0.18310546875,1509,46.051025390625,1,0.030517578125,301,1324,1.17578125,5.171875,1,5,13840,304.1015625,0,1,107,80,27,3,3,2,0x04,0,0,0,1,0,1,0,0,1,1,0,0,1,,,,,,,,,,,,,,,
368,12.3,529351,16154.510498046875,16.154510498046875,9,SMALL_SWEEP,0x99,small_room|fast_turn|portal_view|stress,1509,1509,46.051025390625,21.71504307488403,6,0.18310546875,1502,45.83740234375,1,0.030517578125,301,1324,1.17578125,5.171875,1,5,13942,306.3427734375,0,1,106,80,26,3,3,2,0x04,0,0,0,1,0,1,0,0,1,1,0,0,1,,,,,,,,,,,,,,,
369,12.333333333333334,530880,16201.171875,16.201171875,9,SMALL_SWEEP,0x99,small_room|fast_turn|portal_view|stress,1529,1529,46.661376953125,21.431000654022238,6,0.18310546875,1522,46.44775390625,1,0.030517578125,301,1324,1.17578125,5.171875,1,5,14044,308.583984375,0,1,106,80,26,3,3,2,0x04,0,0,0,1,0,1,0,0,1,1,0,0,1,,,,,,,,,,,,,,,
370,12.366666666666667,532415,16248.016357421875,16.248016357421875,9,SMALL_SWEEP,0x99,small_room|fast_turn|portal_view|stress,1535,1535,46.844482421875,21.347231270358307,6,0.18310546875,1529,46.661376953125,0,0.0,301,1324,1.17578125,5.171875,1,5,14146,310.8251953125,0,1,106,80,26,3,3,2,0x04,0,0,0,1,0,1,0,0,1,1,0,0,1,,,,,,,,,,,,,,,
371,12.4,533951,16294.891357421875,16.294891357421875,9,SMALL_SWEEP,0x99,small_room|fast_turn|portal_view|stress,1536,1536,46.875,21.333333333333332,5,0.152587890625,1531,46.722412109375,0,0.0,301,1324,1.17578125,5.171875,1,5,14248,313.06640625,0,1,105,80,25,3,3,2,0x04,0,0,0,1,0,1,0,0,1,1,0,0,1,,,,,,,,,,,,,,,
372,12.433333333333334,535503,16342.254638671875,16.342254638671875,9,SMALL_SWEEP,0x99,small_room|fast_turn|portal_view|stress,1552,1552,47.36328125,21.11340206185567,5,0.152587890625,1546,47.18017578125,1,0.030517578125,301,1324,1.17578125,5.171875,1,5,14350,315.3076171875,0,1,106,80,26,3,3,2,0x04,0,0,0,1,0,1,0,0,1,1,0,0,1,,,,,,,,,,,,,,,
373,12.466666666666667,537046,16389.34326171875,16.38934326171875,9,SMALL_SWEEP,0x99,small_room|fast_turn|portal_view|stress,1543,1543,47.088623046875,21.23655217109527,6,0.18310546875,1536,46.875,1,0.030517578125,301,1324,1.17578125,5.171875,1,5,14452,317.548828125,0,1,105,80,25,3,3,2,0x04,0,0,0,1,0,1,0,0,1,1,0,0,1,,,,,,,,,,,,,,,
374,12.5,538614,16437.19482421875,16.43719482421875,9,SMALL_SWEEP,0x99,small_room|fast_turn|portal_view|stress,1568,1568,47.8515625,20.897959183673468,6,0.18310546875,1562,47.66845703125,0,0.0,301,1324,1.17578125,5.171875,1,5,14554,319.7900390625,0,1,108,80,28,3,3,2,0x04,0,0,0,1,0,1,0,0,1,1,0,0,1,,,,,,,,,,,,,,,
375,12.533333333333333,540176,16484.86328125,16.48486328125,9,SMALL_SWEEP,0x99,small_room|fast_turn|portal_view|stress,1562,1562,47.66845703125,20.978233034571062,5,0.152587890625,1557,47.515869140625,0,0.0,301,1324,1.17578125,5.171875,1,5,14656,322.03125,0,1,107,80,27,3,3,2,0x04,0,0,0,1,0,1,0,0,1,1,0,0,1,,,,,,,,,,,,,,,
376,12.566666666666666,541727,16532.196044921875,16.532196044921875,9,SMALL_SWEEP,0x99,small_room|fast_turn|portal_view|stress,1551,1551,47.332763671875,21.12701482914249,6,0.18310546875,1545,47.149658203125,0,0.0,301,1324,1.17578125,5.171875,1,5,14758,324.2724609375,0,1,106,80,26,3,3,2,0x04,0,0,0,1,0,1,0,0,1,1,0,0,1,,,,,,,,,,,,,,,
377,12.6,543309,16580.474853515625,16.580474853515625,9,SMALL_SWEEP,0x99,small_room|fast_turn|portal_view|stress,1582,1582,48.27880859375,20.713021491782555,5,0.152587890625,1576,48.095703125,1,0.030517578125,301,1324,1.17578125,5.171875,1,5,14860,326.513671875,0,1,110,80,30,3,3,2,0x04,0,0,0,1,0,1,0,0,1,1,0,0,1,,,,,,,,,,,,,,,
378,12.633333333333333,544869,16628.082275390625,16.628082275390625,9,SMALL_SWEEP,0x99,small_room|fast_turn|portal_view|stress,1560,1560,47.607421875,21.005128205128205,6,0.18310546875,1553,47.393798828125,1,0.030517578125,301,1324,1.17578125,5.171875,1,5,14962,328.7548828125,0,1,109,80,29,3,3,2,0x04,0,0,0,1,0,1,0,0,1,1,0,0,1,,,,,,,,,,,,,,,
379,12.666666666666666,546455,16676.483154296875,16.676483154296875,9,SMALL_SWEEP,0x99,small_room|fast_turn|portal_view|stress,1586,1586,48.40087890625,20.66078184110971,6,0.18310546875,1580,48.2177734375,0,0.0,301,1324,1.17578125,5.171875,1,5,15064,330.99609375,0,1,113,80,33,3,3,2,0x04,0,0,0,1,0,1,0,0,1,1,0,0,1,,,,,,,,,,,,,,,
380,12.7,548037,16724.761962890625,16.724761962890625,9,SMALL_SWEEP,0x99,small_room|fast_turn|portal_view|stress,1582,1582,48.27880859375,20.713021491782555,6,0.18310546875,1576,48.095703125,0,0.0,301,1324,1.17578125,5.171875,1,5,15166,333.2373046875,0,1,113,80,33,3,3,2,0x04,0,0,0,1,0,1,0,0,1,1,0,0,1,,,,,,,,,,,,,,,
381,12.733333333333333,549632,16773.4375,16.7734375,9,SMALL_SWEEP,0x99,small_room|fast_turn|portal_view|stress,1595,1595,48.675537109375,20.54420062695925,5,0.152587890625,1590,48.52294921875,0,0.0,301,1324,1.17578125,5.171875,1,5,15268,335.478515625,0,1,115,80,35,3,3,2,0x04,0,0,0,1,0,1,0,0,1,1,0,0,1,,,,,,,,,,,,,,,
382,12.766666666666667,551168,16820.3125,16.8203125,9,SMALL_SWEEP,0x99,small_room|fast_turn|portal_view|stress,1536,1536,46.875,21.333333333333332,6,0.18310546875,1529,46.661376953125,1,0.030517578125,301,1324,1.17578125,5.171875,1,5,15370,337.7197265625,0,1,109,80,29,3,3,2,0x04,0,0,0,1,0,1,0,0,1,1,0,0,1,,,,,,,,,,,,,,,
383,12.8,552701,16867.095947265625,16.867095947265625,9,SMALL_SWEEP,0x99,small_room|fast_turn|portal_view|stress,1533,1533,46.783447265625,21.3750815394651,6,0.18310546875,1527,46.600341796875,0,0.0,301,1324,1.17578125,5.171875,1,5,15472,339.9609375,0,1,110,80,30,3,3,2,0x04,0,0,0,1,0,1,0,0,1,1,0,0,1,,,,,,,,,,,,,,,
384,12.833333333333334,554218,16913.39111328125,16.91339111328125,9,SMALL_SWEEP,0x99,small_room|fast_turn|portal_view|stress,1517,1517,46.295166015625,21.600527356624916,6,0.18310546875,1511,46.112060546875,0,0.0,301,1324,1.17578125,5.171875,1,5,15574,342.2021484375,0,1,108,80,28,3,3,2,0x04,0,0,0,1,0,1,0,0,1,1,0,0,1,,,,,,,,,,,,,,,
385,12.866666666666667,555737,16959.747314453125,16.959747314453125,9,SMALL_SWEEP,0x99,small_room|fast_turn|portal_view|stress,1519,1519,46.356201171875,21.57208689927584,5,0.152587890625,1513,46.173095703125,1,0.030517578125,301,1324,1.17578125,5.171875,1,5,15676,344.443359375,0,1,110,80,30,3,3,2,0x04,0,0,0,1,0,1,0,0,1,1,0,0,1,,,,,,,,,,,,,,,
386,12.9,557250,17005.92041015625,17.00592041015625,9,SMALL_SWEEP,0x99,small_room|fast_turn|portal_view|stress,1513,1513,46.173095703125,21.657633840052874,6,0.18310546875,1507,45.989990234375,0,0.0,301,1324,1.17578125,5.171875,1,5,15778,346.6845703125,0,1,109,80,29,3,3,2,0x04,0,0,0,1,0,1,0,0,1,1,0,0,1,,,,,,,,,,,,,,,
387,12.933333333333334,558726,17050.96435546875,17.05096435546875,9,SMALL_SWEEP,0x99,small_room|fast_turn|portal_view|stress,1476,1476,45.0439453125,22.200542005420054,5,0.152587890625,1470,44.86083984375,1,0.030517578125,301,1324,1.17578125,5.171875,1,5,15880,348.92578125,0,1,106,80,26,3,3,2,0x04,0,0,0,1,0,1,0,0,1,1,0,0,1,,,,,,,,,,,,,,,
388,12.966666666666667,560170,17095.03173828125,17.09503173828125,9,SMALL_SWEEP,0x99,small_room|fast_turn|portal_view|stress,1444,1444,44.0673828125,22.69252077562327,5,0.152587890625,1438,43.88427734375,1,0.030517578125,301,1324,1.17578125,5.171875,1,5,15982,351.1669921875,0,1,103,80,23,3,3,2,0x04,0,0,0,1,0,1,0,0,1,1,0,0,1,,,,,,,,,,,,,,,
389,13.0,561600,17138.671875,17.138671875,9,SMALL_SWEEP,0x99,small_room|fast_turn|portal_view|stress,1430,1430,43.64013671875,22.914685314685315,6,0.18310546875,1424,43.45703125,0,0.0,301,1324,1.17578125,5.171875,1,5,16084,353.408203125,0,1,101,80,21,3,3,2,0x04,0,0,0,1,0,1,0,0,1,1,0,0,1,,,,,,,,,,,,,,,
390,13.033333333333333,563026,17182.18994140625,17.18218994140625,9,SMALL_SWEEP,0x99,small_room|fast_turn|portal_view|stress,1426,1426,43.51806640625,22.978962131837307,6,0.18310546875,1419,43.304443359375,1,0.030517578125,301,1324,1.17578125,5.171875,1,5,16186,355.6494140625,0,1,102,80,22,3,3,2,0x04,0,0,0,1,0,1,0,0,1,1,0,0,1,,,,,,,,,,,,,,,
391,13.066666666666666,564436,17225.2197265625,17.2252197265625,9,SMALL_SWEEP,0x99,small_room|fast_turn|portal_view|stress,1410,1410,43.02978515625,23.23971631205674,6,0.18310546875,1403,42.816162109375,1,0.030517578125,301,1324,1.17578125,5.171875,1,5,16288,357.890625,0,1,100,80,20,3,3,2,0x0C,0,0,0,1,1,1,0,0,1,1,0,0,1,,,,,,,,,,,,,,,
392,13.1,565765,17265.777587890625,17.265777587890625,10,B_RETURN,0x71,small_room|portal_view|portal_approach|portal_cross,1329,1329,40.557861328125,24.656132430398795,15,0.457763671875,1313,40.069580078125,1,0.030517578125,320,1324,1.25,5.171875,1,5,16288,357.890625,1,0,100,80,20,3,3,2,0x04,0,0,0,1,0,1,0,0,0,1,1,1,0,,,,,,,,,,,,,,,
393,13.133333333333333,567088,17306.15234375,17.30615234375,10,B_RETURN,0x71,small_room|portal_view|portal_approach|portal_cross,1323,1323,40.374755859375,24.767951625094483,15,0.457763671875,1308,39.9169921875,0,0.0,339,1324,1.32421875,5.171875,1,5,16288,357.890625,1,0,99,80,19,3,3,2,0x04,0,0,0,1,0,1,0,0,0,1,1,1,0,,,,,,,,,,,,,,,
394,13.166666666666666,568399,17346.160888671875,17.346160888671875,10,B_RETURN,0x71,small_room|portal_view|portal_approach|portal_cross,1311,1311,40.008544921875,24.994660564454616,15,0.457763671875,1295,39.520263671875,1,0.030517578125,358,1324,1.3984375,5.171875,1,5,16288,357.890625,1,0,98,80,18,3,3,2,0x04,0,0,0,1,0,1,0,0,0,1,1,1,0,,,,,,,,,,,,,,,
395,13.2,569707,17386.077880859375,17.386077880859375,10,B_RETURN,0x71,small_room|portal_view|portal_approach|portal_cross,1308,1308,39.9169921875,25.051987767584098,15,0.457763671875,1293,39.459228515625,0,0.0,377,1324,1.47265625,5.171875,1,5,16288,357.890625,1,0,98,80,18,3,3,2,0x04,0,0,0,1,0,1,0,0,0,1,1,1,0,,,,,,,,,,,,,,,
396,13.233333333333333,571005,17425.689697265625,17.425689697265625,10,B_RETURN,0x71,small_room|portal_view|portal_approach|portal_cross,1298,1298,39.61181640625,25.244992295839754,15,0.457763671875,1282,39.12353515625,1,0.030517578125,396,1324,1.546875,5.171875,1,5,16288,357.890625,1,0,96,80,16,3,3,2,0x04,0,0,0,1,0,1,0,0,0,1,1,1,0,,,,,,,,,,,,,,,
397,13.266666666666667,572303,17465.301513671875,17.465301513671875,10,B_RETURN,0x71,small_room|portal_view|portal_approach|portal_cross,1298,1298,39.61181640625,25.244992295839754,15,0.457763671875,1283,39.154052734375,0,0.0,415,1324,1.62109375,5.171875,1,5,16288,357.890625,1,0,96,80,16,3,3,2,0x04,0,0,0,1,0,1,0,0,0,1,1,1,0,,,,,,,,,,,,,,,
398,13.3,573592,17504.638671875,17.504638671875,10,B_RETURN,0x71,small_room|portal_view|portal_approach|portal_cross,1289,1289,39.337158203125,25.421256788207913,15,0.457763671875,1274,38.87939453125,0,0.0,434,1324,1.6953125,5.171875,1,5,16288,357.890625,1,0,96,80,16,3,3,2,0x04,0,0,0,1,0,1,0,0,0,1,1,1,0,,,,,,,,,,,,,,,
399,13.333333333333334,574885,17544.097900390625,17.544097900390625,10,B_RETURN,0x71,small_room|portal_view|portal_approach|portal_cross,1293,1293,39.459228515625,25.34261407579273,15,0.457763671875,1277,38.970947265625,1,0.030517578125,453,1324,1.76953125,5.171875,1,5,16288,357.890625,1,0,96,80,16,3,3,2,0x04,0,0,0,1,0,1,0,0,0,1,1,1,0,,,,,,,,,,,,,,,
400,13.366666666666667,576260,17586.0595703125,17.5860595703125,10,B_RETURN,0x71,small_room|portal_view|portal_approach|portal_cross,1375,1375,41.961669921875,23.831272727272726,16,0.48828125,1359,41.473388671875,0,0.0,472,1324,1.84375,5.171875,1,5,16288,357.890625,1,0,95,80,15,3,3,2,0x06,1,0,0,1,0,1,0,0,0,1,1,1,0,41.50390625,1.64794921875,0.0,18.5546875,9.674072265625,3.326416015625,6.622314453125,1.678466796875,15,80,15,15,15,2574,1103
401,13.4,577626,17627.74658203125,17.62774658203125,10,B_RETURN,0x71,small_room|portal_view|portal_approach|portal_cross,1366,1366,41.68701171875,23.988286969253295,15,0.457763671875,1350,41.19873046875,1,0.030517578125,491,1324,1.91796875,5.171875,1,5,16288,357.890625,1,0,94,80,14,3,3,2,0x04,0,0,0,1,0,1,0,0,0,1,1,1,0,,,,,,,,,,,,,,,
402,13.433333333333334,578980,17669.0673828125,17.6690673828125,10,B_RETURN,0x71,small_room|portal_view|portal_approach|portal_cross,1354,1354,41.32080078125,24.20088626292467,16,0.48828125,1337,40.802001953125,1,0.030517578125,510,1324,1.9921875,5.171875,1,5,16288,357.890625,1,0,93,80,13,3,3,2,0x04,0,0,0,1,0,1,0,0,0,1,1,1,0,,,,,,,,,,,,,,,
403,13.466666666666667,580325,17710.113525390625,17.710113525390625,10,B_RETURN,0x71,small_room|portal_view|portal_approach|portal_cross,1345,1345,41.046142578125,24.36282527881041,16,0.48828125,1328,40.52734375,1,0.030517578125,529,1324,2.06640625,5.171875,2,5,16288,357.890625,1,0,94,80,14,3,3,2,0x04,0,0,0,1,0,1,0,0,0,1,1,1,0,,,,,,,,,,,,,,,
404,13.5,581568,17748.046875,17.748046875,10,B_RETURN,0x71,small_room|portal_view|portal_approach|portal_cross,1243,1243,37.933349609375,26.362027353177794,15,0.457763671875,1228,37.4755859375,0,0.0,548,1324,2.140625,5.171875,2,5,16288,357.890625,1,0,93,80,13,3,3,2,0x04,0,0,0,1,0,1,0,0,0,1,1,1,0,,,,,,,,,,,,,,,
405,13.533333333333333,582809,17785.919189453125,17.785919189453125,10,B_RETURN,0x71,small_room|portal_view|portal_approach|portal_cross,1241,1241,37.872314453125,26.404512489927477,15,0.457763671875,1226,37.41455078125,0,0.0,567,1324,2.21484375,5.171875,2,5,16288,357.890625,1,0,93,80,13,3,3,2,0x04,0,0,0,1,0,1,0,0,0,1,1,1,0,,,,,,,,,,,,,,,
406,13.566666666666666,584050,17823.79150390625,17.82379150390625,10,B_RETURN,0x71,small_room|portal_view|portal_approach|portal_cross,1241,1241,37.872314453125,26.404512489927477,15,0.457763671875,1226,37.41455078125,0,0.0,586,1324,2.2890625,5.171875,2,5,16288,357.890625,1,0,93,80,13,3,3,2,0x04,0,0,0,1,0,1,0,0,0,1,1,1,0,,,,,,,,,,,,,,,
407,13.6,585290,17861.63330078125,17.86163330078125,10,B_RETURN,0x71,small_room|portal_view|portal_approach|portal_cross,1240,1240,37.841796875,26.425806451612903,15,0.457763671875,1225,37.384033203125,0,0.0,605,1324,2.36328125,5.171875,2,5,16288,357.890625,1,0,93,80,13,3,3,2,0x04,0,0,0,1,0,1,0,0,0,1,1,1,0,,,,,,,,,,,,,,,
408,13.633333333333333,586533,17899.566650390625,17.899566650390625,10,B_RETURN,0x71,small_room|portal_view|portal_approach|portal_cross,1243,1243,37.933349609375,26.362027353177794,15,0.457763671875,1228,37.4755859375,0,0.0,624,1324,2.4375,5.171875,2,5,16288,357.890625,1,0,93,80,13,3,3,2,0x04,0,0,0,1,0,1,0,0,0,1,1,1,0,,,,,,,,,,,,,,,
409,13.666666666666666,587773,17937.408447265625,17.937408447265625,10,B_RETURN,0x71,small_room|portal_view|portal_approach|portal_cross,1240,1240,37.841796875,26.425806451612903,15,0.457763671875,1224,37.353515625,1,0.030517578125,643,1324,2.51171875,5.171875,2,5,16288,357.890625,1,0,93,80,13,3,3,2,0x04,0,0,0,1,0,1,0,0,0,1,1,1,0,,,,,,,,,,,,,,,
410,13.7,589018,17975.40283203125,17.97540283203125,10,B_RETURN,0x71,small_room|portal_view|portal_approach|portal_cross,1245,1245,37.994384765625,26.31967871485944,15,0.457763671875,1229,37.506103515625,1,0.030517578125,662,1324,2.5859375,5.171875,2,5,16288,357.890625,1,0,93,80,13,3,3,2,0x04,0,0,0,1,0,1,0,0,0,1,1,1,0,,,,,,,,,,,,,,,
411,13.733333333333333,590261,18013.336181640625,18.013336181640625,10,B_RETURN,0x71,small_room|portal_view|portal_approach|portal_cross,1243,1243,37.933349609375,26.362027353177794,15,0.457763671875,1227,37.445068359375,1,0.030517578125,681,1324,2.66015625,5.171875,2,5,16288,357.890625,1,0,93,80,13,3,3,2,0x0C,0,0,0,1,1,1,0,0,0,1,1,1,0,,,,,,,,,,,,,,,
412,13.766666666666667,591507,18051.361083984375,18.051361083984375,11,OPEN_TRAVERSE,0x02,large_room,1246,1246,38.02490234375,26.298555377207062,15,0.457763671875,1230,37.53662109375,1,0.030517578125,700,1324,2.734375,5.171875,2,5,16288,357.890625,1,0,93,80,13,3,3,2,0x04,0,0,0,1,0,0,1,0,0,0,0,0,0,,,,,,,,,,,,,,,
413,13.8,592749,18089.263916015625,18.089263916015625,11,OPEN_TRAVERSE,0x02,large_room,1242,1242,37.90283203125,26.383252818035427,15,0.457763671875,1226,37.41455078125,1,0.030517578125,719,1324,2.80859375,5.171875,2,5,16288,357.890625,1,0,93,80,13,3,3,2,0x04,0,0,0,1,0,0,1,0,0,0,0,0,0,,,,,,,,,,,,,,,
414,13.833333333333334,594097,18130.401611328125,18.130401611328125,11,OPEN_TRAVERSE,0x02,large_room,1348,1348,41.1376953125,24.30860534124629,16,0.48828125,1332,40.6494140625,0,0.0,738,1324,2.8828125,5.171875,2,5,16288,357.890625,1,0,94,80,14,3,3,2,0x04,0,0,0,1,0,0,1,0,0,0,0,0,0,,,,,,,,,,,,,,,
415,13.866666666666667,595440,18171.38671875,18.17138671875,11,OPEN_TRAVERSE,0x02,large_room,1343,1343,40.985107421875,24.399106478034252,16,0.48828125,1327,40.496826171875,0,0.0,757,1324,2.95703125,5.171875,2,5,16288,357.890625,1,0,94,80,14,3,3,2,0x04,0,0,0,1,0,0,1,0,0,0,0,0,0,,,,,,,,,,,,,,,
416,13.9,596767,18211.883544921875,18.211883544921875,11,OPEN_TRAVERSE,0x02,large_room,1327,1327,40.496826171875,24.693293142426526,15,0.457763671875,1312,40.0390625,0,0.0,776,1324,3.03125,5.171875,3,5,16288,357.890625,1,0,94,80,14,3,3,2,0x04,0,0,0,1,0,0,1,0,0,0,0,0,0,,,,,,,,,,,,,,,
417,13.933333333333334,598012,18249.8779296875,18.2498779296875,11,OPEN_TRAVERSE,0x02,large_room,1245,1245,37.994384765625,26.31967871485944,15,0.457763671875,1229,37.506103515625,1,0.030517578125,795,1324,3.10546875,5.171875,3,5,16288,357.890625,1,0,95,80,15,3,3,2,0x04,0,0,0,1,0,0,1,0,0,0,0,0,0,,,,,,,,,,,,,,,
418,13.966666666666667,599262,18288.02490234375,18.28802490234375,11,OPEN_TRAVERSE,0x02,large_room,1250,1250,38.14697265625,26.2144,15,0.457763671875,1235,37.689208984375,0,0.0,814,1324,3.1796875,5.171875,3,5,16288,357.890625,1,0,95,80,15,3,3,2,0x04,0,0,0,1,0,0,1,0,0,0,0,0,0,,,,,,,,,,,,,,,
419,14.0,600512,18326.171875,18.326171875,11,OPEN_TRAVERSE,0x02,large_room,1250,1250,38.14697265625,26.2144,15,0.457763671875,1235,37.689208984375,0,0.0,833,1324,3.25390625,5.171875,3,5,16288,357.890625,1,0,95,80,15,3,3,2,0x04,0,0,0,1,0,0,1,0,0,0,0,0,0,,,,,,,,,,,,,,,
420,14.033333333333333,601764,18364.3798828125,18.3643798828125,11,OPEN_TRAVERSE,0x02,large_room,1252,1252,38.2080078125,26.17252396166134,15,0.457763671875,1236,37.7197265625,1,0.030517578125,852,1324,3.328125,5.171875,3,5,16288,357.890625,1,0,95,80,15,3,3,2,0x04,0,0,0,1,0,0,1,0,0,0,0,0,0,,,,,,,,,,,,,,,
421,14.066666666666666,603015,18402.557373046875,18.402557373046875,11,OPEN_TRAVERSE,0x02,large_room,1251,1251,38.177490234375,26.193445243804955,15,0.457763671875,1236,37.7197265625,0,0.0,871,1324,3.40234375,5.171875,3,5,16288,357.890625,1,0,95,80,15,3,3,2,0x04,0,0,0,1,0,0,1,0,0,0,0,0,0,,,,,,,,,,,,,,,
422,14.1,604263,18440.643310546875,18.440643310546875,11,OPEN_TRAVERSE,0x02,large_room,1248,1248,38.0859375,26.256410256410255,15,0.457763671875,1233,37.628173828125,0,0.0,890,1324,3.4765625,5.171875,3,5,16288,357.890625,1,0,95,80,15,3,3,2,0x04,0,0,0,1,0,0,1,0,0,0,0,0,0,,,,,,,,,,,,,,,
423,14.133333333333333,605517,18478.912353515625,18.478912353515625,11,OPEN_TRAVERSE,0x02,large_room,1254,1254,38.26904296875,26.130781499202552,15,0.457763671875,1239,37.811279296875,0,0.0,909,1324,3.55078125,5.171875,3,5,16288,357.890625,1,0,95,80,15,3,3,2,0x04,0,0,0,1,0,0,1,0,0,0,0,0,0,,,,,,,,,,,,,,,
424,14.166666666666666,606772,18517.2119140625,18.5172119140625,11,OPEN_TRAVERSE,0x02,large_room,1255,1255,38.299560546875,26.10996015936255,15,0.457763671875,1239,37.811279296875,1,0.030517578125,928,1324,3.625,5.171875,3,5,16288,357.890625,1,0,95,80,15,3,3,2,0x04,0,0,0,1,0,0,1,0,0,0,0,0,0,,,,,,,,,,,,,,,
425,14.2,608030,18555.60302734375,18.55560302734375,11,OPEN_TRAVERSE,0x02,large_room,1258,1258,38.39111328125,26.047694753577108,15,0.457763671875,1243,37.933349609375,0,0.0,947,1324,3.69921875,5.171875,3,5,16288,357.890625,1,0,95,80,15,3,3,2,0x04,0,0,0,1,0,0,1,0,0,0,0,0,0,,,,,,,,,,,,,,,
426,14.233333333333333,609289,18594.024658203125,18.594024658203125,11,OPEN_TRAVERSE,0x02,large_room,1259,1259,38.421630859375,26.027005559968227,15,0.457763671875,1244,37.9638671875,0,0.0,966,1324,3.7734375,5.171875,3,5,16288,357.890625,1,0,95,80,15,3,3,2,0x04,0,0,0,1,0,0,1,0,0,0,0,0,0,,,,,,,,,,,,,,,
427,14.266666666666667,610652,18635.6201171875,18.6356201171875,11,OPEN_TRAVERSE,0x02,large_room,1363,1363,41.595458984375,24.041085840058695,15,0.457763671875,1347,41.107177734375,1,0.030517578125,985,1324,3.84765625,5.171875,3,5,16288,357.890625,1,0,96,80,16,3,3,2,0x04,0,0,0,1,0,0,1,0,0,0,0,0,0,,,,,,,,,,,,,,,
428,14.3,612017,18677.276611328125,18.677276611328125,11,OPEN_TRAVERSE,0x02,large_room,1365,1365,41.656494140625,24.005860805860806,16,0.48828125,1349,41.168212890625,0,0.0,1004,1324,3.921875,5.171875,3,5,16288,357.890625,1,0,96,80,16,3,3,2,0x04,0,0,0,1,0,0,1,0,0,0,0,0,0,,,,,,,,,,,,,,,
429,14.333333333333334,613380,18718.8720703125,18.7188720703125,11,OPEN_TRAVERSE,0x02,large_room,1363,1363,41.595458984375,24.041085840058695,16,0.48828125,1347,41.107177734375,0,0.0,1023,1324,3.99609375,5.171875,3,5,16288,357.890625,1,0,96,80,16,3,3,2,0x04,0,0,0,1,0,0,1,0,0,0,0,0,0,,,,,,,,,,,,,,,
430,14.366666666666667,614729,18760.040283203125,18.760040283203125,11,OPEN_TRAVERSE,0x02,large_room,1349,1349,41.168212890625,24.29058561897702,15,0.457763671875,1334,40.71044921875,0,0.0,1042,1324,4.0703125,5.171875,4,5,16288,357.890625,1,0,96,80,16,3,3,2,0x04,0,0,0,1,0,0,1,0,0,0,0,0,0,,,,,,,,,,,,,,,
431,14.4,615984,18798.33984375,18.79833984375,11,OPEN_TRAVERSE,0x02,large_room,1255,1255,38.299560546875,26.10996015936255,15,0.457763671875,1240,37.841796875,0,0.0,1061,1324,4.14453125,5.171875,4,5,16288,357.890625,1,0,96,80,16,3,3,2,0x04,0,0,0,1,0,0,1,0,0,0,0,0,0,,,,,,,,,,,,,,,
432,14.433333333333334,617240,18836.669921875,18.836669921875,11,OPEN_TRAVERSE,0x02,large_room,1256,1256,38.330078125,26.089171974522294,15,0.457763671875,1240,37.841796875,1,0.030517578125,1080,1324,4.21875,5.171875,4,5,16288,357.890625,1,0,96,80,16,3,3,2,0x04,0,0,0,1,0,0,1,0,0,0,0,0,0,,,,,,,,,,,,,,,
433,14.466666666666667,618498,18875.06103515625,18.87506103515625,11,OPEN_TRAVERSE,0x02,large_room,1258,1258,38.39111328125,26.047694753577108,15,0.457763671875,1242,37.90283203125,1,0.030517578125,1099,1324,4.29296875,5.171875,4,5,16288,357.890625,1,0,96,80,16,3,3,2,0x04,0,0,0,1,0,0,1,0,0,0,0,0,0,,,,,,,,,,,,,,,
434,14.5,619759,18913.543701171875,18.913543701171875,11,OPEN_TRAVERSE,0x02,large_room,1261,1261,38.482666015625,25.985725614591594,15,0.457763671875,1246,38.02490234375,0,0.0,1118,1324,4.3671875,5.171875,4,5,16288,357.890625,1,0,96,80,16,3,3,2,0x04,0,0,0,1,0,0,1,0,0,0,0,0,0,,,,,,,,,,,,,,,
435,14.533333333333333,621017,18951.934814453125,18.951934814453125,11,OPEN_TRAVERSE,0x02,large_room,1258,1258,38.39111328125,26.047694753577108,15,0.457763671875,1243,37.933349609375,0,0.0,1137,1324,4.44140625,5.171875,4,5,16288,357.890625,1,0,96,80,16,3,3,2,0x04,0,0,0,1,0,0,1,0,0,0,0,0,0,,,,,,,,,,,,,,,
436,14.566666666666666,622275,18990.325927734375,18.990325927734375,11,OPEN_TRAVERSE,0x02,large_room,1258,1258,38.39111328125,26.047694753577108,15,0.457763671875,1242,37.90283203125,1,0.030517578125,1156,1324,4.515625,5.171875,4,5,16288,357.890625,1,0,96,80,16,3,3,2,0x04,0,0,0,1,0,0,1,0,0,0,0,0,0,,,,,,,,,,,,,,,
437,14.6,623532,19028.6865234375,19.0286865234375,11,OPEN_TRAVERSE,0x02,large_room,1257,1257,38.360595703125,26.068416865552905,15,0.457763671875,1242,37.90283203125,0,0.0,1175,1324,4.58984375,5.171875,4,5,16288,357.890625,1,0,96,80,16,3,3,2,0x04,0,0,0,1,0,0,1,0,0,0,0,0,0,,,,,,,,,,,,,,,
438,14.633333333333333,624793,19067.169189453125,19.067169189453125,11,OPEN_TRAVERSE,0x02,large_room,1261,1261,38.482666015625,25.985725614591594,15,0.457763671875,1245,37.994384765625,1,0.030517578125,1194,1324,4.6640625,5.171875,4,5,16288,357.890625,1,0,96,80,16,3,3,2,0x04,0,0,0,1,0,0,1,0,0,0,0,0,0,,,,,,,,,,,,,,,
439,14.666666666666666,626058,19105.77392578125,19.10577392578125,11,OPEN_TRAVERSE,0x02,large_room,1265,1265,38.604736328125,25.903557312252964,15,0.457763671875,1249,38.116455078125,1,0.030517578125,1213,1324,4.73828125,5.171875,4,5,16288,357.890625,1,0,96,80,16,3,3,2,0x04,0,0,0,1,0,0,1,0,0,0,0,0,0,,,,,,,,,,,,,,,
440,14.7,627325,19144.439697265625,19.144439697265625,11,OPEN_TRAVERSE,0x02,large_room,1267,1267,38.665771484375,25.86266771902131,15,0.457763671875,1252,38.2080078125,0,0.0,1232,1324,4.8125,5.171875,4,5,16288,357.890625,1,0,96,80,16,3,3,2,0x04,0,0,0,1,0,0,1,0,0,0,0,0,0,,,,,,,,,,,,,,,
441,14.733333333333333,628686,19185.97412109375,19.18597412109375,11,OPEN_TRAVERSE,0x02,large_room,1361,1361,41.534423828125,24.076414401175604,16,0.48828125,1345,41.046142578125,0,0.0,1251,1324,4.88671875,5.171875,4,5,16288,357.890625,1,0,96,80,16,3,3,2,0x04,0,0,0,1,0,0,1,0,0,0,0,0,0,,,,,,,,,,,,,,,
442,14.766666666666667,630049,19227.569580078125,19.227569580078125,11,OPEN_TRAVERSE,0x02,large_room,1363,1363,41.595458984375,24.041085840058695,16,0.48828125,1347,41.107177734375,0,0.0,1270,1324,4.9609375,5.171875,4,5,16288,357.890625,1,0,96,80,16,3,3,2,0x04,0,0,0,1,0,0,1,0,0,0,0,0,0,,,,,,,,,,,,,,,
443,14.8,631388,19268.4326171875,19.2684326171875,11,OPEN_TRAVERSE,0x02,large_room,1339,1339,40.863037109375,24.471994025392085,15,0.457763671875,1323,40.374755859375,1,0.030517578125,1289,1324,5.03515625,5.171875,5,5,16288,357.890625,1,0,96,80,16,3,3,2,0x04,0,0,0,1,0,0,1,0,0,0,0,0,0,,,,,,,,,,,,,,,
444,14.833333333333334,632641,19306.671142578125,19.306671142578125,11,OPEN_TRAVERSE,0x02,large_room,1253,1253,38.238525390625,26.151636073423784,15,0.457763671875,1238,37.78076171875,0,0.0,1308,1324,5.109375,5.171875,5,5,16288,357.890625,1,0,96,80,16,3,3,2,0x04,0,0,0,1,0,0,1,0,0,0,0,0,0,,,,,,,,,,,,,,,
445,14.866666666666667,633893,19344.879150390625,19.344879150390625,11,OPEN_TRAVERSE,0x02,large_room,1252,1252,38.2080078125,26.17252396166134,15,0.457763671875,1236,37.7197265625,1,0.030517578125,1327,1324,5.18359375,5.171875,5,5,16288,357.890625,1,0,96,80,16,3,3,2,0x04,0,0,0,1,0,0,1,0,0,0,0,0,0,,,,,,,,,,,,,,,
446,14.9,635142,19382.99560546875,19.38299560546875,11,OPEN_TRAVERSE,0x02,large_room,1249,1249,38.116455078125,26.235388310648517,15,0.457763671875,1234,37.65869140625,0,0.0,1346,1324,5.2578125,5.171875,5,5,16288,357.890625,1,0,96,80,16,3,3,2,0x04,0,0,0,1,0,0,1,0,0,0,0,0,0,,,,,,,,,,,,,,,
447,14.933333333333334,636393,19421.173095703125,19.421173095703125,11,OPEN_TRAVERSE,0x02,large_room,1251,1251,38.177490234375,26.193445243804955,15,0.457763671875,1235,37.689208984375,1,0.030517578125,1365,1324,5.33203125,5.171875,5,5,16288,357.890625,1,0,96,80,16,3,3,2,0x04,0,0,0,1,0,0,1,0,0,0,0,0,0,,,,,,,,,,,,,,,
448,14.966666666666667,637645,19459.381103515625,19.459381103515625,11,OPEN_TRAVERSE,0x02,large_room,1252,1252,38.2080078125,26.17252396166134,15,0.457763671875,1237,37.750244140625,0,0.0,1384,1324,5.40625,5.171875,5,5,16288,357.890625,1,0,96,80,16,3,3,2,0x04,0,0,0,1,0,0,1,0,0,0,0,0,0,,,,,,,,,,,,,,,
449,15.0,638895,19497.528076171875,19.497528076171875,11,OPEN_TRAVERSE,0x02,large_room,1250,1250,38.14697265625,26.2144,15,0.457763671875,1234,37.65869140625,1,0.030517578125,1403,1324,5.48046875,5.171875,5,5,16288,357.890625,1,0,95,80,15,3,3,2,0x04,0,0,0,1,0,0,1,0,0,0,0,0,0,,,,,,,,,,,,,,,
450,15.033333333333333,640161,19536.163330078125,19.536163330078125,11,OPEN_TRAVERSE,0x02,large_room,1266,1266,38.63525390625,25.88309636650869,15,0.457763671875,1250,38.14697265625,1,0.030517578125,1422,1324,5.5546875,5.171875,5,5,16288,357.890625,1,0,97,80,17,3,3,2,0x04,0,0,0,1,0,0,1,0,0,0,0,0,0,,,,,,,,,,,,,,,
451,15.066666666666666,641423,19574.676513671875,19.574676513671875,11,OPEN_TRAVERSE,0x02,large_room,1262,1262,38.51318359375,25.96513470681458,15,0.457763671875,1247,38.055419921875,0,0.0,1441,1324,5.62890625,5.171875,5,5,16288,357.890625,1,0,97,80,17,3,3,2,0x04,0,0,0,1,0,0,1,0,0,0,0,0,0,,,,,,,,,,,,,,,
452,15.1,642692,19613.4033203125,19.6134033203125,11,OPEN_TRAVERSE,0x02,large_room,1269,1269,38.726806640625,25.821907013396377,15,0.457763671875,1254,38.26904296875,0,0.0,1460,1324,5.703125,5.171875,5,5,16288,357.890625,1,0,98,80,18,3,3,2,0x04,0,0,0,1,0,0,1,0,0,0,0,0,0,,,,,,,,,,,,,,,
453,15.133333333333333,643954,19651.91650390625,19.65191650390625,11,OPEN_TRAVERSE,0x02,large_room,1262,1262,38.51318359375,25.96513470681458,15,0.457763671875,1247,38.055419921875,0,0.0,1479,1324,5.77734375,5.171875,5,5,16288,357.890625,1,0,98,80,18,3,3,2,0x04,0,0,0,1,0,0,1,0,0,0,0,0,0,,,,,,,,,,,,,,,
454,15.166666666666666,645314,19693.42041015625,19.69342041015625,11,OPEN_TRAVERSE,0x02,large_room,1360,1360,41.50390625,24.094117647058823,15,0.457763671875,1344,41.015625,1,0.030517578125,1498,1324,5.8515625,5.171875,5,5,16288,357.890625,1,0,98,80,18,3,3,2,0x04,0,0,0,1,0,0,1,0,0,0,0,0,0,,,,,,,,,,,,,,,
455,15.2,646666,19734.68017578125,19.73468017578125,11,OPEN_TRAVERSE,0x02,large_room,1352,1352,41.259765625,24.236686390532544,16,0.48828125,1335,40.740966796875,1,0.030517578125,1517,1324,5.92578125,5.171875,5,5,16288,357.890625,1,0,98,80,18,3,3,2,0x04,0,0,0,1,0,0,1,0,0,0,0,0,0,,,,,,,,,,,,,,,
456,15.233333333333333,647995,19775.238037109375,19.775238037109375,11,OPEN_TRAVERSE,0x02,large_room,1329,1329,40.557861328125,24.656132430398795,16,0.48828125,1313,40.069580078125,0,0.0,1536,1324,6.0,5.171875,6,5,16288,357.890625,1,0,98,80,18,3,3,2,0x04,0,0,0,1,0,0,1,0,0,0,0,0,0,,,,,,,,,,,,,,,
457,15.266666666666667,649243,19813.323974609375,19.813323974609375,11,OPEN_TRAVERSE,0x02,large_room,1248,1248,38.0859375,26.256410256410255,15,0.457763671875,1233,37.628173828125,0,0.0,1555,1324,6.07421875,5.171875,6,5,16288,357.890625,1,0,99,80,19,3,3,2,0x04,0,0,0,1,0,0,1,0,0,0,0,0,0,,,,,,,,,,,,,,,
458,15.3,650489,19851.348876953125,19.851348876953125,11,OPEN_TRAVERSE,0x02,large_room,1246,1246,38.02490234375,26.298555377207062,15,0.457763671875,1231,37.567138671875,0,0.0,1574,1324,6.1484375,5.171875,6,5,16288,357.890625,1,0,99,80,19,3,3,2,0x04,0,0,0,1,0,0,1,0,0,0,0,0,0,,,,,,,,,,,,,,,
459,15.333333333333334,651733,19889.312744140625,19.889312744140625,11,OPEN_TRAVERSE,0x02,large_room,1244,1244,37.9638671875,26.340836012861736,15,0.457763671875,1229,37.506103515625,0,0.0,1593,1324,6.22265625,5.171875,6,5,16288,357.890625,1,0,99,80,19,3,3,2,0x04,0,0,0,1,0,0,1,0,0,0,0,0,0,,,,,,,,,,,,,,,
460,15.366666666666667,652971,19927.093505859375,19.927093505859375,11,OPEN_TRAVERSE,0x02,large_room,1238,1238,37.78076171875,26.468497576736674,15,0.457763671875,1222,37.29248046875,1,0.030517578125,1612,1324,6.296875,5.171875,6,5,16288,357.890625,1,0,99,80,19,3,3,2,0x04,0,0,0,1,0,0,1,0,0,0,0,0,0,,,,,,,,,,,,,,,
461,15.4,654207,19964.813232421875,19.964813232421875,11,OPEN_TRAVERSE,0x02,large_room,1236,1236,37.7197265625,26.511326860841425,15,0.457763671875,1221,37.261962890625,0,0.0,1631,1324,6.37109375,5.171875,6,5,16288,357.890625,1,0,99,80,19,3,3,2,0x04,0,0,0,1,0,0,1,0,0,0,0,0,0,,,,,,,,,,,,,,,
462,15.433333333333334,655446,20002.62451171875,20.00262451171875,11,OPEN_TRAVERSE,0x02,large_room,1239,1239,37.811279296875,26.447134786117836,15,0.457763671875,1223,37.322998046875,1,0.030517578125,1650,1324,6.4453125,5.171875,6,5,16288,357.890625,1,0,99,80,19,3,3,2,0x04,0,0,0,1,0,0,1,0,0,0,0,0,0,,,,,,,,,,,,,,,
463,15.466666666666667,656689,20040.557861328125,20.040557861328125,11,OPEN_TRAVERSE,0x02,large_room,1243,1243,37.933349609375,26.362027353177794,15,0.457763671875,1228,37.4755859375,0,0.0,1669,1324,6.51953125,5.171875,6,5,16288,357.890625,1,0,99,80,19,3,3,2,0x04,0,0,0,1,0,0,1,0,0,0,0,0,0,,,,,,,,,,,,,,,
464,15.5,657935,20078.582763671875,20.078582763671875,11,OPEN_TRAVERSE,0x02,large_room,1246,1246,38.02490234375,26.298555377207062,15,0.457763671875,1231,37.567138671875,0,0.0,1688,1324,6.59375,5.171875,6,5,16288,357.890625,1,0,100,80,20,3,3,2,0x04,0,0,0,1,0,0,1,0,0,0,0,0,0,,,,,,,,,,,,,,,
465,15.533333333333333,659171,20116.302490234375,20.116302490234375,11,OPEN_TRAVERSE,0x02,large_room,1236,1236,37.7197265625,26.511326860841425,15,0.457763671875,1220,37.2314453125,1,0.030517578125,1707,1324,6.66796875,5.171875,6,5,16288,357.890625,1,0,98,80,18,3,3,2,0x04,0,0,0,1,0,0,1,0,0,0,0,0,0,,,,,,,,,,,,,,,
466,15.566666666666666,660418,20154.35791015625,20.15435791015625,11,OPEN_TRAVERSE,0x02,large_room,1247,1247,38.055419921875,26.27746591820369,15,0.457763671875,1232,37.59765625,0,0.0,1726,1324,6.7421875,5.171875,6,5,16288,357.890625,1,0,100,80,20,3,3,2,0x04,0,0,0,1,0,0,1,0,0,0,0,0,0,,,,,,,,,,,,,,,
467,15.6,661665,20192.413330078125,20.192413330078125,11,OPEN_TRAVERSE,0x02,large_room,1247,1247,38.055419921875,26.27746591820369,15,0.457763671875,1232,37.59765625,0,0.0,1745,1324,6.81640625,5.171875,6,5,16288,357.890625,1,0,100,80,20,3,3,2,0x04,0,0,0,1,0,0,1,0,0,0,0,0,0,,,,,,,,,,,,,,,
468,15.633333333333333,663010,20233.45947265625,20.23345947265625,11,OPEN_TRAVERSE,0x02,large_room,1345,1345,41.046142578125,24.36282527881041,16,0.48828125,1329,40.557861328125,0,0.0,1764,1324,6.890625,5.171875,6,5,16288,357.890625,1,0,100,80,20,3,3,2,0x04,0,0,0,1,0,0,1,0,0,0,0,0,0,,,,,,,,,,,,,,,
469,15.666666666666666,664359,20274.627685546875,20.274627685546875,11,OPEN_TRAVERSE,0x02,large_room,1349,1349,41.168212890625,24.29058561897702,15,0.457763671875,1334,40.71044921875,0,0.0,1783,1324,6.96484375,5.171875,6,5,16288,357.890625,1,0,100,80,20,3,3,2,0x04,0,0,0,1,0,0,1,0,0,0,0,0,0,,,,,,,,,,,,,,,
470,15.7,665691,20315.277099609375,20.315277099609375,11,OPEN_TRAVERSE,0x02,large_room,1332,1332,40.6494140625,24.6006006006006,15,0.457763671875,1316,40.1611328125,1,0.030517578125,1802,1324,7.0390625,5.171875,7,5,16288,357.890625,1,0,101,80,21,3,3,2,0x04,0,0,0,1,0,0,1,0,0,0,0,0,0,,,,,,,,,,,,,,,
471,15.733333333333333,666935,20353.240966796875,20.353240966796875,11,OPEN_TRAVERSE,0x02,large_room,1244,1244,37.9638671875,26.340836012861736,15,0.457763671875,1228,37.4755859375,1,0.030517578125,1821,1324,7.11328125,5.171875,7,5,16288,357.890625,1,0,101,80,21,3,3,2,0x04,0,0,0,1,0,0,1,0,0,0,0,0,0,,,,,,,,,,,,,,,
472,15.766666666666667,668181,20391.265869140625,20.391265869140625,11,OPEN_TRAVERSE,0x02,large_room,1246,1246,38.02490234375,26.298555377207062,15,0.457763671875,1231,37.567138671875,0,0.0,1840,1324,7.1875,5.171875,7,5,16288,357.890625,1,0,101,80,21,3,3,2,0x04,0,0,0,1,0,0,1,0,0,0,0,0,0,,,,,,,,,,,,,,,
473,15.8,669424,20429.19921875,20.42919921875,11,OPEN_TRAVERSE,0x02,large_room,1243,1243,37.933349609375,26.362027353177794,15,0.457763671875,1228,37.4755859375,0,0.0,1859,1324,7.26171875,5.171875,7,5,16288,357.890625,1,0,101,80,21,3,3,2,0x04,0,0,0,1,0,0,1,0,0,0,0,0,0,,,,,,,,,,,,,,,
474,15.833333333333334,670676,20467.4072265625,20.4674072265625,11,OPEN_TRAVERSE,0x02,large_room,1252,1252,38.2080078125,26.17252396166134,15,0.457763671875,1236,37.7197265625,1,0.030517578125,1878,1324,7.3359375,5.171875,7,5,16288,357.890625,1,0,101,80,21,3,3,2,0x04,0,0,0,1,0,0,1,0,0,0,0,0,0,,,,,,,,,,,,,,,
475,15.866666666666667,671936,20505.859375,20.505859375,11,OPEN_TRAVERSE,0x02,large_room,1260,1260,38.4521484375,26.006349206349206,15,0.457763671875,1244,37.9638671875,1,0.030517578125,1897,1324,7.41015625,5.171875,7,5,16288,357.890625,1,0,102,80,22,3,3,2,0x04,0,0,0,1,0,0,1,0,0,0,0,0,0,,,,,,,,,,,,,,,
476,15.9,673193,20544.219970703125,20.544219970703125,11,OPEN_TRAVERSE,0x02,large_room,1257,1257,38.360595703125,26.068416865552905,15,0.457763671875,1241,37.872314453125,1,0.030517578125,1916,1324,7.484375,5.171875,7,5,16288,357.890625,1,0,102,80,22,3,3,2,0x04,0,0,0,1,0,0,1,0,0,0,0,0,0,,,,,,,,,,,,,,,
477,15.933333333333334,674460,20582.8857421875,20.5828857421875,11,OPEN_TRAVERSE,0x02,large_room,1267,1267,38.665771484375,25.86266771902131,15,0.457763671875,1252,38.2080078125,0,0.0,1935,1324,7.55859375,5.171875,7,5,16288,357.890625,1,0,102,80,22,3,3,2,0x04,0,0,0,1,0,0,1,0,0,0,0,0,0,,,,,,,,,,,,,,,
478,15.966666666666667,675727,20621.551513671875,20.621551513671875,11,OPEN_TRAVERSE,0x02,large_room,1267,1267,38.665771484375,25.86266771902131,15,0.457763671875,1252,38.2080078125,0,0.0,1954,1324,7.6328125,5.171875,7,5,16288,357.890625,1,0,102,80,22,3,3,2,0x04,0,0,0,1,0,0,1,0,0,0,0,0,0,,,,,,,,,,,,,,,
479,16.0,677004,20660.5224609375,20.6605224609375,11,OPEN_TRAVERSE,0x02,large_room,1277,1277,38.970947265625,25.660140955364135,15,0.457763671875,1261,38.482666015625,1,0.030517578125,1973,1324,7.70703125,5.171875,7,5,16288,357.890625,1,0,102,80,22,3,3,2,0x04,0,0,0,1,0,0,1,0,0,0,0,0,0,,,,,,,,,,,,,,,
480,16.033333333333335,678280,20699.462890625,20.699462890625,11,OPEN_TRAVERSE,0x02,large_room,1276,1276,38.9404296875,25.68025078369906,15,0.457763671875,1260,38.4521484375,1,0.030517578125,1992,1324,7.78125,5.171875,7,5,16288,357.890625,1,0,102,80,22,3,3,2,0x04,0,0,0,1,0,0,1,0,0,0,0,0,0,,,,,,,,,,,,,,,
481,16.066666666666666,679657,20741.485595703125,20.741485595703125,11,OPEN_TRAVERSE,0x02,large_room,1377,1377,42.022705078125,23.79665940450254,15,0.457763671875,1361,41.534423828125,1,0.030517578125,2011,1324,7.85546875,5.171875,7,5,16288,357.890625,1,0,103,80,23,3,3,2,0x04,0,0,0,1,0,0,1,0,0,0,0,0,0,,,,,,,,,,,,,,,
482,16.1,681040,20783.69140625,20.78369140625,11,OPEN_TRAVERSE,0x02,large_room,1383,1383,42.205810546875,23.69342010122921,16,0.48828125,1366,41.68701171875,1,0.030517578125,2030,1324,7.9296875,5.171875,7,5,16288,357.890625,1,0,104,80,24,3,3,2,0x04,0,0,0,1,0,0,1,0,0,0,0,0,0,,,,,,,,,,,,,,,
483,16.133333333333333,682415,20825.653076171875,20.825653076171875,11,OPEN_TRAVERSE,0x02,large_room,1375,1375,41.961669921875,23.831272727272726,16,0.48828125,1358,41.44287109375,1,0.030517578125,2049,1324,8.00390625,5.171875,8,5,16288,357.890625,1,0,104,80,24,3,3,2,0x04,0,0,0,1,0,0,1,0,0,0,0,0,0,,,,,,,,,,,,,,,
484,16.166666666666668,683689,20864.532470703125,20.864532470703125,11,OPEN_TRAVERSE,0x02,large_room,1274,1274,38.87939453125,25.72056514913658,15,0.457763671875,1259,38.421630859375,0,0.0,2068,1324,8.078125,5.171875,8,5,16288,357.890625,1,0,104,80,24,3,3,2,0x04,0,0,0,1,0,0,1,0,0,0,0,0,0,,,,,,,,,,,,,,,
485,16.2,684979,20903.900146484375,20.903900146484375,11,OPEN_TRAVERSE,0x02,large_room,1290,1290,39.36767578125,25.4015503875969,15,0.457763671875,1274,38.87939453125,1,0.030517578125,2087,1324,8.15234375,5.171875,8,5,16288,357.890625,1,0,105,80,25,3,3,2,0x04,0,0,0,1,0,0,1,0,0,0,0,0,0,,,,,,,,,,,,,,,
486,16.233333333333334,686266,20943.17626953125,20.94317626953125,11,OPEN_TRAVERSE,0x02,large_room,1287,1287,39.276123046875,25.46076146076146,15,0.457763671875,1272,38.818359375,0,0.0,2106,1324,8.2265625,5.171875,8,5,16288,357.890625,1,0,104,80,24,3,3,2,0x04,0,0,0,1,0,0,1,0,0,0,0,0,0,,,,,,,,,,,,,,,
487,16.266666666666666,687556,20982.5439453125,20.9825439453125,11,OPEN_TRAVERSE,0x02,large_room,1290,1290,39.36767578125,25.4015503875969,15,0.457763671875,1275,38.909912109375,0,0.0,2125,1324,8.30078125,5.171875,8,5,16288,357.890625,1,0,104,80,24,3,3,2,0x04,0,0,0,1,0,0,1,0,0,0,0,0,0,,,,,,,,,,,,,,,
488,16.3,688850,21022.03369140625,21.02203369140625,11,OPEN_TRAVERSE,0x02,large_room,1294,1294,39.48974609375,25.323029366306027,15,0.457763671875,1279,39.031982421875,0,0.0,2144,1324,8.375,5.171875,8,5,16288,357.890625,1,0,104,80,24,3,3,2,0x04,0,0,0,1,0,0,1,0,0,0,0,0,0,,,,,,,,,,,,,,,
489,16.333333333333332,690153,21061.798095703125,21.061798095703125,11,OPEN_TRAVERSE,0x02,large_room,1303,1303,39.764404296875,25.148119723714505,15,0.457763671875,1287,39.276123046875,1,0.030517578125,2163,1324,8.44921875,5.171875,8,5,16288,357.890625,1,0,105,80,25,3,3,2,0x04,0,0,0,1,0,0,1,0,0,0,0,0,0,,,,,,,,,,,,,,,
490,16.366666666666667,691476,21102.1728515625,21.1021728515625,11,OPEN_TRAVERSE,0x02,large_room,1323,1323,40.374755859375,24.767951625094483,15,0.457763671875,1308,39.9169921875,0,0.0,2182,1324,8.5234375,5.171875,8,5,16288,357.890625,1,0,107,80,27,3,3,2,0x04,0,0,0,1,0,0,1,0,0,0,0,0,0,,,,,,,,,,,,,,,
491,16.4,692805,21142.730712890625,21.142730712890625,11,OPEN_TRAVERSE,0x02,large_room,1329,1329,40.557861328125,24.656132430398795,15,0.457763671875,1314,40.10009765625,0,0.0,2201,1324,8.59765625,5.171875,8,5,16288,357.890625,1,0,107,80,27,3,3,2,0x04,0,0,0,1,0,0,1,0,0,0,0,0,0,,,,,,,,,,,,,,,
492,16.433333333333334,694149,21183.746337890625,21.183746337890625,11,OPEN_TRAVERSE,0x02,large_room,1344,1344,41.015625,24.38095238095238,15,0.457763671875,1328,40.52734375,1,0.030517578125,2220,1324,8.671875,5.171875,8,5,16288,357.890625,1,0,108,80,28,3,3,2,0x04,0,0,0,1,0,0,1,0,0,0,0,0,0,,,,,,,,,,,,,,,
493,16.466666666666665,695495,21224.822998046875,21.224822998046875,11,OPEN_TRAVERSE,0x02,large_room,1346,1346,41.07666015625,24.344725111441306,15,0.457763671875,1330,40.58837890625,1,0.030517578125,2239,1324,8.74609375,5.171875,8,5,16288,357.890625,1,0,108,80,28,3,3,2,0x04,0,0,0,1,0,0,1,0,0,0,0,0,0,,,,,,,,,,,,,,,
494,16.5,696855,21266.326904296875,21.266326904296875,11,OPEN_TRAVERSE,0x02,large_room,1360,1360,41.50390625,24.094117647058823,16,0.48828125,1344,41.015625,0,0.0,2258,1324,8.8203125,5.171875,8,5,16288,357.890625,1,0,108,80,28,3,3,2,0x04,0,0,0,1,0,0,1,0,0,0,0,0,0,,,,,,,,,,,,,,,
495,16.533333333333335,698319,21311.004638671875,21.311004638671875,11,OPEN_TRAVERSE,0x02,large_room,1464,1464,44.677734375,22.382513661202186,16,0.48828125,1448,44.189453125,0,0.0,2277,1324,8.89453125,5.171875,8,5,16288,357.890625,1,0,109,80,29,3,3,2,0x04,0,0,0,1,0,0,1,0,0,0,0,0,0,,,,,,,,,,,,,,,
496,16.566666666666666,699785,21355.743408203125,21.355743408203125,11,OPEN_TRAVERSE,0x02,large_room,1466,1466,44.73876953125,22.351978171896317,15,0.457763671875,1451,44.281005859375,0,0.0,2296,1324,8.96875,5.171875,8,5,16288,357.890625,1,0,109,80,29,3,3,2,0x04,0,0,0,1,0,0,1,0,0,0,0,0,0,,,,,,,,,,,,,,,
497,16.6,701247,21400.360107421875,21.400360107421875,11,OPEN_TRAVERSE,0x02,large_room,1462,1462,44.61669921875,22.41313269493844,15,0.457763671875,1446,44.12841796875,1,0.030517578125,2315,1324,9.04296875,5.171875,9,5,16288,357.890625,1,0,110,80,30,3,3,2,0x04,0,0,0,1,0,0,1,0,0,0,0,0,0,,,,,,,,,,,,,,,
498,16.633333333333333,702611,21441.986083984375,21.441986083984375,11,OPEN_TRAVERSE,0x02,large_room,1364,1364,41.6259765625,24.023460410557185,15,0.457763671875,1349,41.168212890625,0,0.0,2334,1324,9.1171875,5.171875,9,5,16288,357.890625,1,0,109,80,29,3,3,2,0x04,0,0,0,1,0,0,1,0,0,0,0,0,0,,,,,,,,,,,,,,,
499,16.666666666666668,703995,21484.222412109375,21.484222412109375,11,OPEN_TRAVERSE,0x02,large_room,1384,1384,42.236328125,23.67630057803468,15,0.457763671875,1369,41.778564453125,0,0.0,2353,1324,9.19140625,5.171875,9,5,16288,357.890625,1,0,110,80,30,3,3,2,0x04,0,0,0,1,0,0,1,0,0,0,0,0,0,,,,,,,,,,,,,,,
500,16.7,705395,21526.947021484375,21.526947021484375,11,OPEN_TRAVERSE,0x02,large_room,1400,1400,42.724609375,23.405714285714286,15,0.457763671875,1384,42.236328125,1,0.030517578125,2372,1324,9.265625,5.171875,9,5,16288,357.890625,1,0,110,80,30,3,3,2,0x04,0,0,0,1,0,0,1,0,0,0,0,0,0,,,,,,,,,,,,,,,
501,16.733333333333334,706814,21570.25146484375,21.57025146484375,11,OPEN_TRAVERSE,0x02,large_room,1419,1419,43.304443359375,23.092318534179,15,0.457763671875,1403,42.816162109375,1,0.030517578125,2391,1324,9.33984375,5.171875,9,5,16288,357.890625,1,0,111,80,31,3,3,2,0x04,0,0,0,1,0,0,1,0,0,0,0,0,0,,,,,,,,,,,,,,,
502,16.766666666666666,708240,21613.76953125,21.61376953125,11,OPEN_TRAVERSE,0x02,large_room,1426,1426,43.51806640625,22.978962131837307,15,0.457763671875,1411,43.060302734375,0,0.0,2410,1324,9.4140625,5.171875,9,5,16288,357.890625,1,0,111,80,31,3,3,2,0x04,0,0,0,1,0,0,1,0,0,0,0,0,0,,,,,,,,,,,,,,,
503,16.8,709669,21657.379150390625,21.657379150390625,11,OPEN_TRAVERSE,0x02,large_room,1429,1429,43.609619140625,22.93072078376487,15,0.457763671875,1414,43.15185546875,0,0.0,2429,1324,9.48828125,5.171875,9,5,16288,357.890625,1,0,111,80,31,3,3,2,0x04,0,0,0,1,0,0,1,0,0,0,0,0,0,,,,,,,,,,,,,,,
504,16.833333333333332,711130,21701.96533203125,21.70196533203125,11,OPEN_TRAVERSE,0x02,large_room,1461,1461,44.586181640625,22.428473648186174,15,0.457763671875,1446,44.12841796875,0,0.0,2448,1324,9.5625,5.171875,9,5,16288,357.890625,1,0,113,80,33,3,3,2,0x04,0,0,0,1,0,0,1,0,0,0,0,0,0,,,,,,,,,,,,,,,
505,16.866666666666667,712597,21746.734619140625,21.746734619140625,11,OPEN_TRAVERSE,0x02,large_room,1467,1467,44.769287109375,22.336741649625086,15,0.457763671875,1452,44.3115234375,0,0.0,2467,1324,9.63671875,5.171875,9,5,16288,357.890625,1,0,113,80,33,3,3,2,0x04,0,0,0,1,0,0,1,0,0,0,0,0,0,,,,,,,,,,,,,,,
506,16.9,714084,21792.1142578125,21.7921142578125,11,OPEN_TRAVERSE,0x02,large_room,1487,1487,45.379638671875,22.036314727639542,15,0.457763671875,1472,44.921875,0,0.0,2486,1324,9.7109375,5.171875,9,5,16288,357.890625,1,0,114,80,34,3,3,2,0x04,0,0,0,1,0,0,1,0,0,0,0,0,0,,,,,,,,,,,,,,,
507,16.933333333333334,715597,21838.287353515625,21.838287353515625,11,OPEN_TRAVERSE,0x02,large_room,1513,1513,46.173095703125,21.657633840052874,15,0.457763671875,1498,45.71533203125,0,0.0,2505,1324,9.78515625,5.171875,9,5,16288,357.890625,1,0,115,80,35,3,3,2,0x04,0,0,0,1,0,0,1,0,0,0,0,0,0,,,,,,,,,,,,,,,
508,16.966666666666665,717219,21887.786865234375,21.887786865234375,11,OPEN_TRAVERSE,0x02,large_room,1622,1622,49.49951171875,20.20221948212084,16,0.48828125,1606,49.01123046875,0,0.0,2524,1324,9.859375,5.171875,9,5,16288,357.890625,1,0,116,80,36,3,3,2,0x04,0,0,0,1,0,0,1,0,0,0,0,0,0,,,,,,,,,,,,,,,
509,17.0,718854,21937.68310546875,21.93768310546875,11,OPEN_TRAVERSE,0x02,large_room,1635,1635,49.896240234375,20.041590214067277,15,0.457763671875,1619,49.407958984375,1,0.030517578125,2543,1324,9.93359375,5.171875,9,5,16288,357.890625,1,0,116,80,36,3,3,2,0x04,0,0,0,1,0,0,1,0,0,0,0,0,0,,,,,,,,,,,,,,,
510,17.033333333333335,720495,21987.762451171875,21.987762451171875,11,OPEN_TRAVERSE,0x02,large_room,1641,1641,50.079345703125,19.968312004875077,16,0.48828125,1625,49.591064453125,0,0.0,2562,1324,10.0078125,5.171875,10,5,16288,357.890625,1,0,117,80,37,3,3,2,0x04,0,0,0,1,0,0,1,0,0,0,0,0,0,,,,,,,,,,,,,,,
511,17.066666666666666,722038,22034.85107421875,22.03485107421875,11,OPEN_TRAVERSE,0x02,large_room,1543,1543,47.088623046875,21.23655217109527,15,0.457763671875,1528,46.630859375,0,0.0,2581,1324,10.08203125,5.171875,10,5,16288,357.890625,1,0,117,80,37,3,3,2,0x04,0,0,0,1,0,0,1,0,0,0,0,0,0,,,,,,,,,,,,,,,
512,17.1,723599,22082.489013671875,22.082489013671875,11,OPEN_TRAVERSE,0x02,large_room,1561,1561,47.637939453125,20.99167200512492,15,0.457763671875,1546,47.18017578125,0,0.0,2600,1324,10.15625,5.171875,10,5,16288,357.890625,1,0,119,80,39,3,3,2,0x04,0,0,0,1,0,0,1,0,0,0,0,0,0,,,,,,,,,,,,,,,
513,17.133333333333333,725158,22130.06591796875,22.13006591796875,11,OPEN_TRAVERSE,0x02,large_room,1559,1559,47.576904296875,21.018601667735727,15,0.457763671875,1544,47.119140625,0,0.0,2619,1324,10.23046875,5.171875,10,5,16288,357.890625,1,0,119,80,39,3,3,2,0x04,0,0,0,1,0,0,1,0,0,0,0,0,0,,,,,,,,,,,,,,,
514,17.166666666666668,726717,22177.642822265625,22.177642822265625,11,OPEN_TRAVERSE,0x02,large_room,1559,1559,47.576904296875,21.018601667735727,15,0.457763671875,1544,47.119140625,0,0.0,2638,1324,10.3046875,5.171875,10,5,16288,357.890625,1,0,119,80,39,3,3,2,0x04,0,0,0,1,0,0,1,0,0,0,0,0,0,,,,,,,,,,,,,,,
515,17.2,728267,22224.945068359375,22.224945068359375,11,OPEN_TRAVERSE,0x02,large_room,1550,1550,47.30224609375,21.140645161290323,15,0.457763671875,1535,46.844482421875,0,0.0,2657,1324,10.37890625,5.171875,10,5,16288,357.890625,1,0,119,80,39,3,3,2,0x04,0,0,0,1,0,0,1,0,0,0,0,0,0,,,,,,,,,,,,,,,
516,17.233333333333334,729829,22272.613525390625,22.272613525390625,11,OPEN_TRAVERSE,0x02,large_room,1562,1562,47.66845703125,20.978233034571062,15,0.457763671875,1546,47.18017578125,1,0.030517578125,2676,1324,10.453125,5.171875,10,5,16288,357.890625,1,0,121,80,41,3,3,2,0x04,0,0,0,1,0,0,1,0,0,0,0,0,0,,,,,,,,,,,,,,,
517,17.266666666666666,731387,22320.159912109375,22.320159912109375,11,OPEN_TRAVERSE,0x02,large_room,1558,1558,47.54638671875,21.03209242618742,15,0.457763671875,1542,47.05810546875,1,0.030517578125,2695,1324,10.52734375,5.171875,10,5,16288,357.890625,1,0,121,80,41,3,3,2,0x04,0,0,0,1,0,0,1,0,0,0,0,0,0,,,,,,,,,,,,,,,
518,17.3,732960,22368.1640625,22.3681640625,11,OPEN_TRAVERSE,0x02,large_room,1573,1573,48.004150390625,20.831532104259377,15,0.457763671875,1558,47.54638671875,0,0.0,2714,1324,10.6015625,5.171875,10,5,16288,357.890625,1,0,122,80,42,3,3,2,0x04,0,0,0,1,0,0,1,0,0,0,0,0,0,,,,,,,,,,,,,,,
519,17.333333333333332,734541,22416.412353515625,22.416412353515625,11,OPEN_TRAVERSE,0x02,large_room,1581,1581,48.248291015625,20.726122707147375,15,0.457763671875,1565,47.760009765625,1,0.030517578125,2733,1324,10.67578125,5.171875,10,5,16288,357.890625,1,0,123,80,43,3,3,2,0x04,0,0,0,1,0,0,1,0,0,0,0,0,0,,,,,,,,,,,,,,,
520,17.366666666666667,736139,22465.179443359375,22.465179443359375,11,OPEN_TRAVERSE,0x02,large_room,1598,1598,48.76708984375,20.505632040050063,15,0.457763671875,1583,48.309326171875,0,0.0,2752,1324,10.75,5.171875,10,5,16288,357.890625,1,0,125,80,45,3,3,2,0x04,0,0,0,1,0,0,1,0,0,0,0,0,0,,,,,,,,,,,,,,,
521,17.4,737740,22514.0380859375,22.5140380859375,11,OPEN_TRAVERSE,0x02,large_room,1601,1601,48.858642578125,20.467207995003122,15,0.457763671875,1586,48.40087890625,0,0.0,2771,1324,10.82421875,5.171875,10,5,16288,357.890625,1,0,125,80,45,3,3,2,0x04,0,0,0,1,0,0,1,0,0,0,0,0,0,,,,,,,,,,,,,,,
522,17.433333333333334,739441,22565.948486328125,22.565948486328125,11,OPEN_TRAVERSE,0x02,large_room,1701,1701,51.910400390625,19.263962375073486,16,0.48828125,1684,51.3916015625,1,0.030517578125,2790,1324,10.8984375,5.171875,10,5,16288,357.890625,1,0,127,80,47,3,3,2,0x04,0,0,0,1,0,0,1,0,0,0,0,0,0,,,,,,,,,,,,,,,
523,17.466666666666665,741146,22617.98095703125,22.61798095703125,11,OPEN_TRAVERSE,0x02,large_room,1705,1705,52.032470703125,19.218768328445748,16,0.48828125,1689,51.544189453125,0,0.0,2809,1324,10.97265625,5.171875,10,5,16288,357.890625,1,0,128,80,48,3,3,2,0x06,1,0,0,1,0,0,1,0,0,0,0,0,0,52.154541015625,2.38037109375,0.0,13.916015625,10.92529296875,6.591796875,12.176513671875,6.16455078125,48,80,48,48,48,10403,714
524,17.5,742834,22669.49462890625,22.66949462890625,11,OPEN_TRAVERSE,0x02,large_room,1688,1688,51.513671875,19.412322274881518,15,0.457763671875,1673,51.055908203125,0,0.0,2828,1324,11.046875,5.171875,11,5,16288,357.890625,1,0,128,80,48,3,3,2,0x04,0,0,0,1,0,0,1,0,0,0,0,0,0,,,,,,,,,,,,,,,
525,17.533333333333335,744429,22718.170166015625,22.718170166015625,11,OPEN_TRAVERSE,0x02,large_room,1595,1595,48.675537109375,20.54420062695925,15,0.457763671875,1580,48.2177734375,0,0.0,2847,1324,11.12109375,5.171875,11,5,16288,357.890625,1,0,128,80,48,3,3,2,0x04,0,0,0,1,0,0,1,0,0,0,0,0,0,,,,,,,,,,,,,,,
526,17.566666666666666,746027,22766.937255859375,22.766937255859375,11,OPEN_TRAVERSE,0x02,large_room,1598,1598,48.76708984375,20.505632040050063,15,0.457763671875,1582,48.27880859375,1,0.030517578125,2866,1324,11.1953125,5.171875,11,5,16288,357.890625,1,0,129,80,49,3,3,2,0x04,0,0,0,1,0,0,1,0,0,0,0,0,0,,,,,,,,,,,,,,,
527,17.6,747608,22815.185546875,22.815185546875,11,OPEN_TRAVERSE,0x02,large_room,1581,1581,48.248291015625,20.726122707147375,15,0.457763671875,1565,47.760009765625,1,0.030517578125,2885,1324,11.26953125,5.171875,11,5,16288,357.890625,1,0,128,80,48,3,3,2,0x04,0,0,0,1,0,0,1,0,0,0,0,0,0,,,,,,,,,,,,,,,
528,17.633333333333333,749181,22863.189697265625,22.863189697265625,11,OPEN_TRAVERSE,0x02,large_room,1573,1573,48.004150390625,20.831532104259377,15,0.457763671875,1558,47.54638671875,0,0.0,2904,1324,11.34375,5.171875,11,5,16288,357.890625,1,0,128,80,48,3,3,2,0x04,0,0,0,1,0,0,1,0,0,0,0,0,0,,,,,,,,,,,,,,,
529,17.666666666666668,750748,22911.0107421875,22.9110107421875,11,OPEN_TRAVERSE,0x02,large_room,1567,1567,47.821044921875,20.91129546904914,15,0.457763671875,1552,47.36328125,0,0.0,2923,1324,11.41796875,5.171875,11,5,16288,357.890625,1,0,128,80,48,3,3,2,0x04,0,0,0,1,0,0,1,0,0,0,0,0,0,,,,,,,,,,,,,,,
530,17.7,752322,22959.04541015625,22.95904541015625,11,OPEN_TRAVERSE,0x02,large_room,1574,1574,48.03466796875,20.818297331639137,15,0.457763671875,1558,47.54638671875,1,0.030517578125,2942,1324,11.4921875,5.171875,11,5,16288,357.890625,1,0,129,80,49,3,3,2,0x04,0,0,0,1,0,0,1,0,0,0,0,0,0,,,,,,,,,,,,,,,
531,17.733333333333334,753886,23006.77490234375,23.00677490234375,11,OPEN_TRAVERSE,0x02,large_room,1564,1564,47.7294921875,20.95140664961637,15,0.457763671875,1549,47.271728515625,0,0.0,2961,1324,11.56640625,5.171875,11,5,16288,357.890625,1,0,128,80,48,3,3,2,0x0C,0,0,0,1,1,0,1,0,0,0,0,0,0,,,,,,,,,,,,,,,
532,17.766666666666666,755407,23053.192138671875,23.053192138671875,12,OPEN_NAV,0x0A,large_room|fast_turn,1521,1521,46.417236328125,21.54372123602893,5,0.152587890625,1515,46.234130859375,1,0.030517578125,2961,1324,11.56640625,5.171875,11,5,6,0.1318359375,0,1,132,80,52,3,3,2,0x04,0,0,0,1,0,0,1,0,1,0,0,0,0,,,,,,,,,,,,,,,
533,17.8,757017,23102.325439453125,23.102325439453125,12,OPEN_NAV,0x0A,large_room|fast_turn,1610,1610,49.13330078125,20.3527950310559,6,0.18310546875,1603,48.919677734375,1,0.030517578125,2961,1324,11.56640625,5.171875,11,5,108,2.373046875,0,1,137,80,57,3,3,2,0x04,0,0,0,1,0,0,1,0,1,0,0,0,0,,,,,,,,,,,,,,,
534,17.833333333333332,758628,23151.4892578125,23.1514892578125,12,OPEN_NAV,0x0A,large_room|fast_turn,1611,1611,49.163818359375,20.34016139044072,6,0.18310546875,1604,48.9501953125,1,0.030517578125,2961,1324,11.56640625,5.171875,11,5,210,4.6142578125,0,1,137,80,57,3,3,2,0x04,0,0,0,1,0,0,1,0,1,0,0,0,0,,,,,,,,,,,,,,,
535,17.866666666666667,760236,23200.5615234375,23.2005615234375,12,OPEN_NAV,0x0A,large_room|fast_turn,1608,1608,49.072265625,20.378109452736318,6,0.18310546875,1602,48.88916015625,0,0.0,2961,1324,11.56640625,5.171875,11,5,312,6.85546875,0,1,135,80,55,3,3,2,0x04,0,0,0,1,0,0,1,0,1,0,0,0,0,,,,,,,,,,,,,,,
536,17.9,761831,23249.237060546875,23.249237060546875,12,OPEN_NAV,0x0A,large_room|fast_turn,1595,1595,48.675537109375,20.54420062695925,6,0.18310546875,1589,48.492431640625,0,0.0,2961,1324,11.56640625,5.171875,11,5,414,9.0966796875,0,1,135,80,55,3,3,2,0x04,0,0,0,1,0,0,1,0,1,0,0,0,0,,,,,,,,,,,,,,,
537,17.933333333333334,763424,23297.8515625,23.2978515625,12,OPEN_NAV,0x0A,large_room|fast_turn,1593,1593,48.614501953125,20.569993722536097,5,0.152587890625,1587,48.431396484375,1,0.030517578125,2961,1324,11.56640625,5.171875,11,5,516,11.337890625,0,1,134,80,54,3,3,2,0x04,0,0,0,1,0,0,1,0,1,0,0,0,0,,,,,,,,,,,,,,,
538,17.966666666666665,765029,23346.832275390625,23.346832275390625,12,OPEN_NAV,0x0A,large_room|fast_turn,1605,1605,48.980712890625,20.41619937694704,5,0.152587890625,1599,48.797607421875,1,0.030517578125,2961,1324,11.56640625,5.171875,11,5,618,13.5791015625,0,1,136,80,56,3,3,2,0x04,0,0,0,1,0,0,1,0,1,0,0,0,0,,,,,,,,,,,,,,,
539,18.0,766638,23395.93505859375,23.39593505859375,12,OPEN_NAV,0x0A,large_room|fast_turn,1609,1609,49.102783203125,20.36544437538844,6,0.18310546875,1602,48.88916015625,1,0.030517578125,2961,1324,11.56640625,5.171875,11,5,720,15.8203125,0,1,134,80,54,3,3,2,0x04,0,0,0,1,0,0,1,0,1,0,0,0,0,,,,,,,,,,,,,,,
540,18.033333333333335,768256,23445.3125,23.4453125,12,OPEN_NAV,0x0A,large_room|fast_turn,1618,1618,49.37744140625,20.252163164400493,5,0.152587890625,1613,49.224853515625,0,0.0,2961,1324,11.56640625,5.171875,11,5,822,18.0615234375,0,1,134,80,54,3,3,2,0x04,0,0,0,1,0,0,1,0,1,0,0,0,0,,,,,,,,,,,,,,,
541,18.066666666666666,769854,23494.07958984375,23.49407958984375,12,OPEN_NAV,0x0A,large_room|fast_turn,1598,1598,48.76708984375,20.505632040050063,6,0.18310546875,1592,48.583984375,0,0.0,2961,1324,11.56640625,5.171875,11,5,924,20.302734375,0,1,133,80,53,3,3,2,0x04,0,0,0,1,0,0,1,0,1,0,0,0,0,,,,,,,,,,,,,,,
542,18.1,771487,23543.914794921875,23.543914794921875,12,OPEN_NAV,0x0A,large_room|fast_turn,1633,1633,49.835205078125,20.06613594611145,6,0.18310546875,1626,49.62158203125,1,0.030517578125,2961,1324,11.56640625,5.171875,11,5,1026,22.5439453125,0,1,135,80,55,3,3,2,0x04,0,0,0,1,0,0,1,0,1,0,0,0,0,,,,,,,,,,,,,,,
543,18.133333333333333,773119,23593.719482421875,23.593719482421875,12,OPEN_NAV,0x0A,large_room|fast_turn,1632,1632,49.8046875,20.07843137254902,6,0.18310546875,1625,49.591064453125,1,0.030517578125,2961,1324,11.56640625,5.171875,11,5,1128,24.78515625,0,1,137,80,57,3,3,2,0x04,0,0,0,1,0,0,1,0,1,0,0,0,0,,,,,,,,,,,,,,,
544,18.166666666666668,774765,23643.951416015625,23.643951416015625,12,OPEN_NAV,0x0A,large_room|fast_turn,1646,1646,50.23193359375,19.907654921020654,6,0.18310546875,1639,50.018310546875,1,0.030517578125,2961,1324,11.56640625,5.171875,11,5,1230,27.0263671875,0,1,136,80,56,3,3,2,0x04,0,0,0,1,0,0,1,0,1,0,0,0,0,,,,,,,,,,,,,,,
545,18.2,776425,23694.610595703125,23.694610595703125,12,OPEN_NAV,0x0A,large_room|fast_turn,1660,1660,50.6591796875,19.73975903614458,5,0.152587890625,1654,50.47607421875,1,0.030517578125,2961,1324,11.56640625,5.171875,11,5,1332,29.267578125,0,1,138,80,58,3,3,2,0x06,1,0,0,1,0,0,1,0,1,0,0,0,0,51.239013671875,2.44140625,0.0,13.7939453125,11.8408203125,7.14111328125,7.720947265625,8.30078125,58,80,58,58,58,4937,897
546,18.233333333333334,778077,23745.025634765625,23.745025634765625,12,OPEN_NAV,0x0A,large_room|fast_turn,1652,1652,50.4150390625,19.83535108958838,6,0.18310546875,1645,50.201416015625,1,0.030517578125,2961,1324,11.56640625,5.171875,11,5,1434,31.5087890625,0,1,137,80,57,3,3,2,0x04,0,0,0,1,0,0,1,0,1,0,0,0,0,,,,,,,,,,,,,,,
547,18.266666666666666,779694,23794.37255859375,23.79437255859375,12,OPEN_NAV,0x0A,large_room|fast_turn,1617,1617,49.346923828125,20.264687693259123,6,0.18310546875,1610,49.13330078125,1,0.030517578125,2961,1324,11.56640625,5.171875,11,5,1536,33.75,0,1,133,80,53,3,3,2,0x04,0,0,0,1,0,0,1,0,1,0,0,0,0,,,,,,,,,,,,,,,
548,18.3,781286,23842.95654296875,23.84295654296875,12,OPEN_NAV,0x0A,large_room|fast_turn,1592,1592,48.583984375,20.582914572864322,5,0.152587890625,1587,48.431396484375,0,0.0,2961,1324,11.56640625,5.171875,11,5,1638,35.9912109375,0,1,130,80,50,3,3,2,0x04,0,0,0,1,0,0,1,0,1,0,0,0,0,,,,,,,,,,,,,,,
549,18.333333333333332,782890,23891.90673828125,23.89190673828125,12,OPEN_NAV,0x0A,large_room|fast_turn,1604,1604,48.9501953125,20.428927680798004,6,0.18310546875,1597,48.736572265625,1,0.030517578125,2961,1324,11.56640625,5.171875,11,5,1740,38.232421875,0,1,129,80,49,3,3,2,0x04,0,0,0,1,0,0,1,0,1,0,0,0,0,,,,,,,,,,,,,,,
550,18.366666666666667,784506,23941.22314453125,23.94122314453125,12,OPEN_NAV,0x0A,large_room|fast_turn,1616,1616,49.31640625,20.277227722772277,6,0.18310546875,1609,49.102783203125,1,0.030517578125,2961,1324,11.56640625,5.171875,11,5,1842,40.4736328125,0,1,127,80,47,3,3,2,0x04,0,0,0,1,0,0,1,0,1,0,0,0,0,,,,,,,,,,,,,,,
551,18.4,786089,23989.532470703125,23.989532470703125,12,OPEN_NAV,0x0A,large_room|fast_turn,1583,1583,48.309326171875,20.699936828806063,6,0.18310546875,1577,48.126220703125,0,0.0,2961,1324,11.56640625,5.171875,11,5,1944,42.71484375,0,1,122,80,42,3,3,2,0x04,0,0,0,1,0,0,1,0,1,0,0,0,0,,,,,,,,,,,,,,,
552,18.433333333333334,787648,24037.109375,24.037109375,12,OPEN_NAV,0x0A,large_room|fast_turn,1559,1559,47.576904296875,21.018601667735727,5,0.152587890625,1553,47.393798828125,1,0.030517578125,2961,1324,11.56640625,5.171875,11,5,2046,44.9560546875,0,1,118,80,38,3,3,2,0x04,0,0,0,1,0,0,1,0,1,0,0,0,0,,,,,,,,,,,,,,,
553,18.466666666666665,789202,24084.53369140625,24.08453369140625,12,OPEN_NAV,0x0A,large_room|fast_turn,1554,1554,47.42431640625,21.086229086229086,6,0.18310546875,1548,47.2412109375,0,0.0,2961,1324,11.56640625,5.171875,11,5,2148,47.197265625,0,1,117,80,37,3,3,2,0x04,0,0,0,1,0,0,1,0,1,0,0,0,0,,,,,,,,,,,,,,,
554,18.5,790691,24129.974365234375,24.129974365234375,12,OPEN_NAV,0x0A,large_room|fast_turn,1489,1489,45.440673828125,22.006715916722634,5,0.152587890625,1484,45.2880859375,0,0.0,2961,1324,11.56640625,5.171875,11,5,2250,49.4384765625,0,1,110,80,30,3,3,2,0x04,0,0,0,1,0,0,1,0,1,0,0,0,0,,,,,,,,,,,,,,,
555,18.533333333333335,792148,24174.4384765625,24.1744384765625,12,OPEN_NAV,0x0A,large_room|fast_turn,1457,1457,44.464111328125,22.490048043925874,5,0.152587890625,1452,44.3115234375,0,0.0,2961,1324,11.56640625,5.171875,11,5,2352,51.6796875,0,1,107,80,27,3,3,2,0x04,0,0,0,1,0,0,1,0,1,0,0,0,0,,,,,,,,,,,,,,,
556,18.566666666666666,793569,24217.803955078125,24.217803955078125,12,OPEN_NAV,0x0A,large_room|fast_turn,1421,1421,43.365478515625,23.05981703026038,5,0.152587890625,1416,43.212890625,0,0.0,2961,1324,11.56640625,5.171875,11,5,2454,53.9208984375,0,1,104,80,24,3,3,2,0x04,0,0,0,1,0,0,1,0,1,0,0,0,0,,,,,,,,,,,,,,,
557,18.6,794942,24259.70458984375,24.25970458984375,12,OPEN_NAV,0x0A,large_room|fast_turn,1373,1373,41.900634765625,23.86598689002185,6,0.18310546875,1367,41.717529296875,0,0.0,2961,1324,11.56640625,5.171875,11,5,2556,56.162109375,0,1,101,80,21,3,3,2,0x04,0,0,0,1,0,0,1,0,1,0,0,0,0,,,,,,,,,,,,,,,
558,18.633333333333333,796276,24300.4150390625,24.3004150390625,12,OPEN_NAV,0x0A,large_room|fast_turn,1334,1334,40.71044921875,24.563718140929534,6,0.18310546875,1327,40.496826171875,1,0.030517578125,2961,1324,11.56640625,5.171875,11,5,2658,58.4033203125,0,1,98,80,18,3,3,2,0x04,0,0,0,1,0,0,1,0,1,0,0,0,0,,,,,,,,,,,,,,,
559,18.666666666666668,797577,24340.118408203125,24.340118408203125,12,OPEN_NAV,0x0A,large_room|fast_turn,1301,1301,39.703369140625,25.186779400461184,5,0.152587890625,1295,39.520263671875,1,0.030517578125,2961,1324,11.56640625,5.171875,11,5,2760,60.64453125,0,1,96,80,16,3,3,2,0x04,0,0,0,1,0,0,1,0,1,0,0,0,0,,,,,,,,,,,,,,,
560,18.7,798852,24379.0283203125,24.3790283203125,12,OPEN_NAV,0x0A,large_room|fast_turn,1275,1275,38.909912109375,25.700392156862744,6,0.18310546875,1268,38.6962890625,1,0.030517578125,2961,1324,11.56640625,5.171875,11,5,2862,62.8857421875,0,1,93,80,13,3,3,2,0x04,0,0,0,1,0,0,1,0,1,0,0,0,0,,,,,,,,,,,,,,,
561,18.733333333333334,800105,24417.266845703125,24.417266845703125,12,OPEN_NAV,0x0A,large_room|fast_turn,1253,1253,38.238525390625,26.151636073423784,6,0.18310546875,1246,38.02490234375,1,0.030517578125,2961,1324,11.56640625,5.171875,11,5,2964,65.126953125,0,1,91,80,11,3,3,2,0x04,0,0,0,1,0,0,1,0,1,0,0,0,0,,,,,,,,,,,,,,,
562,18.766666666666666,801300,24453.7353515625,24.4537353515625,12,OPEN_NAV,0x0A,large_room|fast_turn,1195,1195,36.468505859375,27.42092050209205,6,0.18310546875,1188,36.2548828125,1,0.030517578125,2961,1324,11.56640625,5.171875,11,5,3066,67.3681640625,0,1,85,80,5,3,3,2,0x04,0,0,0,1,0,0,1,0,1,0,0,0,0,,,,,,,,,,,,,,,
563,18.8,802452,24488.8916015625,24.4888916015625,12,OPEN_NAV,0x0A,large_room|fast_turn,1152,1152,35.15625,28.444444444444443,6,0.18310546875,1145,34.942626953125,1,0.030517578125,2961,1324,11.56640625,5.171875,11,5,3168,69.609375,0,1,81,80,1,2,2,1,0x04,0,0,0,1,0,0,1,0,1,0,0,0,0,,,,,,,,,,,,,,,
564,18.833333333333332,803582,24523.37646484375,24.52337646484375,12,OPEN_NAV,0x0A,large_room|fast_turn,1130,1130,34.48486328125,28.998230088495575,6,0.18310546875,1124,34.3017578125,0,0.0,2961,1324,11.56640625,5.171875,11,5,3270,71.8505859375,0,1,80,80,0,1,1,0,0x04,0,0,0,1,0,0,1,0,1,0,0,0,0,,,,,,,,,,,,,,,
565,18.866666666666667,804698,24557.43408203125,24.55743408203125,12,OPEN_NAV,0x0A,large_room|fast_turn,1116,1116,34.0576171875,29.36200716845878,5,0.152587890625,1111,33.905029296875,0,0.0,2961,1324,11.56640625,5.171875,11,5,3372,74.091796875,0,1,80,80,0,1,1,0,0x04,0,0,0,1,0,0,1,0,1,0,0,0,0,,,,,,,,,,,,,,,
566,18.9,805805,24591.217041015625,24.591217041015625,12,OPEN_NAV,0x0A,large_room|fast_turn,1107,1107,33.782958984375,29.600722673893404,6,0.18310546875,1100,33.5693359375,1,0.030517578125,2961,1324,11.56640625,5.171875,11,5,3474,76.3330078125,0,1,80,80,0,1,1,0,0x04,0,0,0,1,0,0,1,0,1,0,0,0,0,,,,,,,,,,,,,,,
567,18.933333333333334,806899,24624.603271484375,24.624603271484375,12,OPEN_NAV,0x0A,large_room|fast_turn,1094,1094,33.38623046875,29.952468007312614,6,0.18310546875,1087,33.172607421875,1,0.030517578125,2961,1324,11.56640625,5.171875,11,5,3576,78.57421875,0,1,80,80,0,1,1,0,0x04,0,0,0,1,0,0,1,0,1,0,0,0,0,,,,,,,,,,,,,,,
568,18.966666666666665,807979,24657.562255859375,24.657562255859375,12,OPEN_NAV,0x0A,large_room|fast_turn,1080,1080,32.958984375,30.340740740740742,5,0.152587890625,1075,32.806396484375,0,0.0,2961,1324,11.56640625,5.171875,11,5,3678,80.8154296875,0,1,80,80,0,1,1,0,0x04,0,0,0,1,0,0,1,0,1,0,0,0,0,,,,,,,,,,,,,,,
569,19.0,809049,24690.216064453125,24.690216064453125,12,OPEN_NAV,0x0A,large_room|fast_turn,1070,1070,32.65380859375,30.624299065420562,5,0.152587890625,1065,32.501220703125,0,0.0,2961,1324,11.56640625,5.171875,11,5,3780,83.056640625,0,1,80,80,0,1,1,0,0x04,0,0,0,1,0,0,1,0,1,0,0,0,0,,,,,,,,,,,,,,,
570,19.033333333333335,810121,24722.930908203125,24.722930908203125,12,OPEN_NAV,0x0A,large_room|fast_turn,1072,1072,32.71484375,30.567164179104477,5,0.152587890625,1067,32.562255859375,0,0.0,2961,1324,11.56640625,5.171875,11,5,3882,85.2978515625,0,1,80,80,0,1,1,0,0x04,0,0,0,1,0,0,1,0,1,0,0,0,0,,,,,,,,,,,,,,,
571,19.066666666666666,811180,24755.2490234375,24.7552490234375,12,OPEN_NAV,0x0A,large_room|fast_turn,1059,1059,32.318115234375,30.9423984891407,6,0.18310546875,1053,32.135009765625,0,0.0,2961,1324,11.56640625,5.171875,11,5,3984,87.5390625,0,1,80,80,0,1,1,0,0x04,0,0,0,1,0,0,1,0,1,0,0,0,0,,,,,,,,,,,,,,,
572,19.1,812245,24787.750244140625,24.787750244140625,12,OPEN_NAV,0x0A,large_room|fast_turn,1065,1065,32.501220703125,30.76807511737089,13,0.396728515625,1052,32.1044921875,0,0.0,2961,1343,11.56640625,5.24609375,11,5,3984,87.5390625,1,0,80,80,0,1,1,0,0x04,0,0,0,1,0,0,1,0,1,0,0,0,0,,,,,,,,,,,,,,,
573,19.133333333333333,813311,24820.281982421875,24.820281982421875,12,OPEN_NAV,0x0A,large_room|fast_turn,1066,1066,32.53173828125,30.73921200750469,13,0.396728515625,1052,32.1044921875,1,0.030517578125,2961,1362,11.56640625,5.3203125,11,5,3984,87.5390625,1,0,80,80,0,1,1,0,0x04,0,0,0,1,0,0,1,0,1,0,0,0,0,,,,,,,,,,,,,,,
574,19.166666666666668,814463,24855.438232421875,24.855438232421875,12,OPEN_NAV,0x0A,large_room|fast_turn,1152,1152,35.15625,28.444444444444443,13,0.396728515625,1139,34.759521484375,0,0.0,2961,1381,11.56640625,5.39453125,11,5,3984,87.5390625,1,0,80,80,0,1,1,0,0x04,0,0,0,1,0,0,1,0,1,0,0,0,0,,,,,,,,,,,,,,,
575,19.2,815614,24890.56396484375,24.89056396484375,12,OPEN_NAV,0x0A,large_room|fast_turn,1151,1151,35.125732421875,28.46915725456125,13,0.396728515625,1137,34.698486328125,1,0.030517578125,2961,1400,11.56640625,5.46875,11,5,3984,87.5390625,1,0,80,80,0,1,1,0,0x04,0,0,0,1,0,0,1,0,1,0,0,0,0,,,,,,,,,,,,,,,
576,19.233333333333334,816771,24925.872802734375,24.925872802734375,12,OPEN_NAV,0x0A,large_room|fast_turn,1157,1157,35.308837890625,28.32152117545376,14,0.42724609375,1142,34.85107421875,1,0.030517578125,2961,1419,11.56640625,5.54296875,11,5,3984,87.5390625,1,0,80,80,0,1,1,0,0x04,0,0,0,1,0,0,1,0,1,0,0,0,0,,,,,,,,,,,,,,,
577,19.266666666666666,817924,24961.0595703125,24.9610595703125,12,OPEN_NAV,0x0A,large_room|fast_turn,1153,1153,35.186767578125,28.419774501300953,13,0.396728515625,1140,34.7900390625,0,0.0,2961,1438,11.56640625,5.6171875,11,5,3984,87.5390625,1,0,80,80,0,1,1,0,0x04,0,0,0,1,0,0,1,0,1,0,0,0,0,,,,,,,,,,,,,,,
578,19.3,819079,24996.307373046875,24.996307373046875,12,OPEN_NAV,0x0A,large_room|fast_turn,1155,1155,35.247802734375,28.37056277056277,14,0.42724609375,1141,34.820556640625,0,0.0,2961,1457,11.56640625,5.69140625,11,5,3984,87.5390625,1,0,80,80,0,1,1,0,0x04,0,0,0,1,0,0,1,0,1,0,0,0,0,,,,,,,,,,,,,,,
579,19.333333333333332,820235,25031.585693359375,25.031585693359375,12,OPEN_NAV,0x0A,large_room|fast_turn,1156,1156,35.2783203125,28.346020761245676,14,0.42724609375,1141,34.820556640625,1,0.030517578125,2961,1476,11.56640625,5.765625,11,5,3984,87.5390625,1,0,80,80,0,1,1,0,0x04,0,0,0,1,0,0,1,0,1,0,0,0,0,,,,,,,,,,,,,,,
580,19.366666666666667,821390,25066.83349609375,25.06683349609375,12,OPEN_NAV,0x0A,large_room|fast_turn,1155,1155,35.247802734375,28.37056277056277,14,0.42724609375,1141,34.820556640625,0,0.0,2961,1495,11.56640625,5.83984375,11,5,3984,87.5390625,1,0,80,80,0,1,1,0,0x04,0,0,0,1,0,0,1,0,1,0,0,0,0,,,,,,,,,,,,,,,
581,19.4,822549,25102.203369140625,25.102203369140625,12,OPEN_NAV,0x0A,large_room|fast_turn,1159,1159,35.369873046875,28.272648835202762,14,0.42724609375,1144,34.912109375,1,0.030517578125,2961,1514,11.56640625,5.9140625,11,5,3984,87.5390625,1,0,80,80,0,1,1,0,0x04,0,0,0,1,0,0,1,0,1,0,0,0,0,,,,,,,,,,,,,,,
582,19.433333333333334,823705,25137.481689453125,25.137481689453125,12,OPEN_NAV,0x0A,large_room|fast_turn,1156,1156,35.2783203125,28.346020761245676,15,0.457763671875,1140,34.7900390625,1,0.030517578125,2961,1533,11.56640625,5.98828125,11,5,3984,87.5390625,1,0,80,80,0,1,1,0,0x04,0,0,0,1,0,0,1,0,1,0,0,0,0,,,,,,,,,,,,,,,
583,19.466666666666665,824837,25172.027587890625,25.172027587890625,12,OPEN_NAV,0x0A,large_room|fast_turn,1132,1132,34.5458984375,28.946996466431095,15,0.457763671875,1117,34.088134765625,0,0.0,2961,1552,11.56640625,6.0625,11,6,3984,87.5390625,1,0,80,80,0,1,1,0,0x04,0,0,0,1,0,0,1,0,1,0,0,0,0,,,,,,,,,,,,,,,
584,19.5,825886,25204.04052734375,25.20404052734375,12,OPEN_NAV,0x0A,large_room|fast_turn,1049,1049,32.012939453125,31.237368922783602,13,0.396728515625,1036,31.6162109375,0,0.0,2961,1571,11.56640625,6.13671875,11,6,3984,87.5390625,1,0,80,80,0,1,1,0,0x04,0,0,0,1,0,0,1,0,1,0,0,0,0,,,,,,,,,,,,,,,
585,19.533333333333335,826939,25236.175537109375,25.236175537109375,12,OPEN_NAV,0x0A,large_room|fast_turn,1053,1053,32.135009765625,31.118708452041787,14,0.42724609375,1038,31.67724609375,1,0.030517578125,2961,1590,11.56640625,6.2109375,11,6,3984,87.5390625,1,0,80,80,0,1,1,0,0x04,0,0,0,1,0,0,1,0,1,0,0,0,0,,,,,,,,,,,,,,,
586,19.566666666666666,827992,25268.310546875,25.268310546875,12,OPEN_NAV,0x0A,large_room|fast_turn,1053,1053,32.135009765625,31.118708452041787,14,0.42724609375,1038,31.67724609375,1,0.030517578125,2961,1609,11.56640625,6.28515625,11,6,3984,87.5390625,1,0,80,80,0,1,1,0,0x04,0,0,0,1,0,0,1,0,1,0,0,0,0,,,,,,,,,,,,,,,
587,19.6,829131,25303.070068359375,25.303070068359375,12,OPEN_NAV,0x0A,large_room|fast_turn,1139,1139,34.759521484375,28.769095697980685,14,0.42724609375,1124,34.3017578125,1,0.030517578125,2961,1628,11.56640625,6.359375,11,6,3984,87.5390625,1,0,80,80,0,1,1,0,0x04,0,0,0,1,0,0,1,0,1,0,0,0,0,,,,,,,,,,,,,,,
588,19.633333333333333,830271,25337.860107421875,25.337860107421875,12,OPEN_NAV,0x0A,large_room|fast_turn,1140,1140,34.7900390625,28.743859649122808,14,0.42724609375,1125,34.332275390625,1,0.030517578125,2961,1647,11.56640625,6.43359375,11,6,3984,87.5390625,1,0,80,80,0,1,1,0,0x04,0,0,0,1,0,0,1,0,1,0,0,0,0,,,,,,,,,,,,,,,
589,19.666666666666668,831408,25372.55859375,25.37255859375,12,OPEN_NAV,0x0A,large_room|fast_turn,1137,1137,34.698486328125,28.819700967458225,14,0.42724609375,1122,34.24072265625,1,0.030517578125,2961,1666,11.56640625,6.5078125,11,6,3984,87.5390625,1,0,80,80,0,1,1,0,0x04,0,0,0,1,0,0,1,0,1,0,0,0,0,,,,,,,,,,,,,,,
590,19.7,832547,25407.318115234375,25.407318115234375,12,OPEN_NAV,0x0A,large_room|fast_turn,1139,1139,34.759521484375,28.769095697980685,13,0.396728515625,1126,34.36279296875,0,0.0,2961,1685,11.56640625,6.58203125,11,6,3984,87.5390625,1,0,80,80,0,1,1,0,0x04,0,0,0,1,0,0,1,0,1,0,0,0,0,,,,,,,,,,,,,,,
591,19.733333333333334,833685,25442.047119140625,25.442047119140625,12,OPEN_NAV,0x0A,large_room|fast_turn,1138,1138,34.72900390625,28.794376098418276,14,0.42724609375,1123,34.271240234375,1,0.030517578125,2961,1704,11.56640625,6.65625,11,6,3984,87.5390625,1,0,80,80,0,1,1,0,0x04,0,0,0,1,0,0,1,0,1,0,0,0,0,,,,,,,,,,,,,,,
592,19.766666666666666,834825,25476.837158203125,25.476837158203125,12,OPEN_NAV,0x0A,large_room|fast_turn,1140,1140,34.7900390625,28.743859649122808,14,0.42724609375,1126,34.36279296875,0,0.0,2961,1723,11.56640625,6.73046875,11,6,3984,87.5390625,1,0,80,80,0,1,1,0,0x04,0,0,0,1,0,0,1,0,1,0,0,0,0,,,,,,,,,,,,,,,
593,19.8,835966,25511.65771484375,25.51165771484375,12,OPEN_NAV,0x0A,large_room|fast_turn,1141,1141,34.820556640625,28.718667835232253,13,0.396728515625,1127,34.393310546875,1,0.030517578125,2961,1742,11.56640625,6.8046875,11,6,3984,87.5390625,1,0,80,80,0,1,1,0,0x04,0,0,0,1,0,0,1,0,1,0,0,0,0,,,,,,,,,,,,,,,
594,19.833333333333332,837111,25546.600341796875,25.546600341796875,12,OPEN_NAV,0x0A,large_room|fast_turn,1145,1145,34.942626953125,28.618340611353712,15,0.457763671875,1129,34.454345703125,1,0.030517578125,2961,1761,11.56640625,6.87890625,11,6,3984,87.5390625,1,0,80,80,0,1,1,0,0x04,0,0,0,1,0,0,1,0,1,0,0,0,0,,,,,,,,,,,,,,,
595,19.866666666666667,838255,25581.512451171875,25.581512451171875,12,OPEN_NAV,0x0A,large_room|fast_turn,1144,1144,34.912109375,28.643356643356643,15,0.457763671875,1128,34.423828125,1,0.030517578125,2961,1780,11.56640625,6.953125,11,6,3984,87.5390625,1,0,80,80,0,1,1,0,0x04,0,0,0,1,0,0,1,0,1,0,0,0,0,,,,,,,,,,,,,,,
596,19.9,839394,25616.27197265625,25.61627197265625,12,OPEN_NAV,0x0A,large_room|fast_turn,1139,1139,34.759521484375,28.769095697980685,5,0.152587890625,1133,34.576416015625,1,0.030517578125,2961,1780,11.56640625,6.953125,11,6,3882,85.2978515625,0,-1,80,80,0,1,1,0,0x04,0,0,0,1,0,0,1,0,1,0,0,0,0,,,,,,,,,,,,,,,
597,19.933333333333334,840549,25651.519775390625,25.651519775390625,12,OPEN_NAV,0x0A,large_room|fast_turn,1155,1155,35.247802734375,28.37056277056277,6,0.18310546875,1148,35.0341796875,1,0.030517578125,2961,1780,11.56640625,6.953125,11,6,3780,83.056640625,0,-1,80,80,0,1,1,0,0x04,0,0,0,1,0,0,1,0,1,0,0,0,0,,,,,,,,,,,,,,,
598,19.966666666666665,841711,25686.981201171875,25.686981201171875,12,OPEN_NAV,0x0A,large_room|fast_turn,1162,1162,35.46142578125,28.199655765920827,6,0.18310546875,1156,35.2783203125,0,0.0,2961,1780,11.56640625,6.953125,11,6,3678,80.8154296875,0,-1,80,80,0,1,1,0,0x04,0,0,0,1,0,0,1,0,1,0,0,0,0,,,,,,,,,,,,,,,
599,20.0,842874,25722.47314453125,25.72247314453125,12,OPEN_NAV,0x0A,large_room|fast_turn,1163,1163,35.491943359375,28.175408426483234,5,0.152587890625,1158,35.33935546875,0,0.0,2961,1780,11.56640625,6.953125,11,6,3576,78.57421875,0,-1,80,80,0,1,1,0,0x04,0,0,0,1,0,0,1,0,1,0,0,0,0,,,,,,,,,,,,,,,
600,20.033333333333335,844049,25758.331298828125,25.758331298828125,12,OPEN_NAV,0x0A,large_room|fast_turn,1175,1175,35.858154296875,27.887659574468085,6,0.18310546875,1168,35.64453125,1,0.030517578125,2961,1780,11.56640625,6.953125,11,6,3474,76.3330078125,0,-1,80,80,0,1,1,0,0x04,0,0,0,1,0,0,1,0,1,0,0,0,0,,,,,,,,,,,,,,,
601,20.066666666666666,845223,25794.158935546875,25.794158935546875,12,OPEN_NAV,0x0A,large_room|fast_turn,1174,1174,35.82763671875,27.911413969335605,6,0.18310546875,1167,35.614013671875,1,0.030517578125,2961,1780,11.56640625,6.953125,11,6,3372,74.091796875,0,-1,80,80,0,1,1,0,0x04,0,0,0,1,0,0,1,0,1,0,0,0,0,,,,,,,,,,,,,,,
602,20.1,846402,25830.13916015625,25.83013916015625,12,OPEN_NAV,0x0A,large_room|fast_turn,1179,1179,35.980224609375,27.793044953350297,5,0.152587890625,1174,35.82763671875,0,0.0,2961,1780,11.56640625,6.953125,11,6,3270,71.8505859375,0,-1,80,80,0,1,1,0,0x04,0,0,0,1,0,0,1,0,1,0,0,0,0,,,,,,,,,,,,,,,
603,20.133333333333333,847586,25866.27197265625,25.86627197265625,12,OPEN_NAV,0x0A,large_room|fast_turn,1184,1184,36.1328125,27.675675675675677,5,0.152587890625,1179,35.980224609375,0,0.0,2961,1780,11.56640625,6.953125,11,6,3168,69.609375,0,-1,80,80,0,1,1,0,0x04,0,0,0,1,0,0,1,0,1,0,0,0,0,,,,,,,,,,,,,,,
604,20.166666666666668,848776,25902.587890625,25.902587890625,12,OPEN_NAV,0x0A,large_room|fast_turn,1190,1190,36.31591796875,27.536134453781514,5,0.152587890625,1185,36.163330078125,0,0.0,2961,1780,11.56640625,6.953125,11,6,3066,67.3681640625,0,-1,80,80,0,1,1,0,0x04,0,0,0,1,0,0,1,0,1,0,0,0,0,,,,,,,,,,,,,,,
605,20.2,849972,25939.0869140625,25.9390869140625,12,OPEN_NAV,0x0A,large_room|fast_turn,1196,1196,36.4990234375,27.39799331103679,5,0.152587890625,1190,36.31591796875,1,0.030517578125,2961,1780,11.56640625,6.953125,11,6,2964,65.126953125,0,-1,80,80,0,1,1,0,0x04,0,0,0,1,0,0,1,0,1,0,0,0,0,,,,,,,,,,,,,,,
606,20.233333333333334,851175,25975.799560546875,25.975799560546875,12,OPEN_NAV,0x0A,large_room|fast_turn,1203,1203,36.712646484375,27.238570241064007,6,0.18310546875,1196,36.4990234375,1,0.030517578125,2961,1780,11.56640625,6.953125,11,6,2862,62.8857421875,0,-1,80,80,0,1,1,0,0x04,0,0,0,1,0,0,1,0,1,0,0,0,0,,,,,,,,,,,,,,,
607,20.266666666666666,852389,26012.847900390625,26.012847900390625,12,OPEN_NAV,0x0A,large_room|fast_turn,1214,1214,37.04833984375,26.99176276771005,6,0.18310546875,1208,36.865234375,0,0.0,2961,1780,11.56640625,6.953125,11,6,2760,60.64453125,0,-1,80,80,0,1,1,0,0x04,0,0,0,1,0,0,1,0,1,0,0,0,0,,,,,,,,,,,,,,,
608,20.3,853608,26050.048828125,26.050048828125,12,OPEN_NAV,0x0A,large_room|fast_turn,1219,1219,37.200927734375,26.88105004101723,5,0.152587890625,1214,37.04833984375,0,0.0,2961,1780,11.56640625,6.953125,11,6,2658,58.4033203125,0,-1,80,80,0,1,1,0,0x04,0,0,0,1,0,0,1,0,1,0,0,0,0,,,,,,,,,,,,,,,
609,20.333333333333332,854838,26087.58544921875,26.08758544921875,12,OPEN_NAV,0x0A,large_room|fast_turn,1230,1230,37.53662109375,26.640650406504065,6,0.18310546875,1224,37.353515625,0,0.0,2961,1780,11.56640625,6.953125,11,6,2556,56.162109375,0,-1,80,80,0,1,1,0,0x04,0,0,0,1,0,0,1,0,1,0,0,0,0,,,,,,,,,,,,,,,
610,20.366666666666667,856085,26125.640869140625,26.125640869140625,12,OPEN_NAV,0x0A,large_room|fast_turn,1247,1247,38.055419921875,26.27746591820369,6,0.18310546875,1240,37.841796875,1,0.030517578125,2961,1780,11.56640625,6.953125,11,6,2454,53.9208984375,0,-1,80,80,0,1,1,0,0x04,0,0,0,1,0,0,1,0,1,0,0,0,0,,,,,,,,,,,,,,,
611,20.4,857338,26163.87939453125,26.16387939453125,12,OPEN_NAV,0x0A,large_room|fast_turn,1253,1253,38.238525390625,26.151636073423784,6,0.18310546875,1246,38.02490234375,1,0.030517578125,2961,1780,11.56640625,6.953125,11,6,2352,51.6796875,0,-1,80,80,0,1,1,0,0x04,0,0,0,1,0,0,1,0,1,0,0,0,0,,,,,,,,,,,,,,,
612,20.433333333333334,858597,26202.301025390625,26.202301025390625,12,OPEN_NAV,0x0A,large_room|fast_turn,1259,1259,38.421630859375,26.027005559968227,6,0.18310546875,1252,38.2080078125,1,0.030517578125,2961,1780,11.56640625,6.953125,11,6,2250,49.4384765625,0,-1,80,80,0,1,1,0,0x04,0,0,0,1,0,0,1,0,1,0,0,0,0,,,,,,,,,,,,,,,
613,20.466666666666665,859862,26240.90576171875,26.24090576171875,12,OPEN_NAV,0x0A,large_room|fast_turn,1265,1265,38.604736328125,25.903557312252964,6,0.18310546875,1258,38.39111328125,1,0.030517578125,2961,1780,11.56640625,6.953125,11,6,2148,47.197265625,0,-1,80,80,0,1,1,0,0x04,0,0,0,1,0,0,1,0,1,0,0,0,0,,,,,,,,,,,,,,,
614,20.5,861122,26279.35791015625,26.27935791015625,12,OPEN_NAV,0x0A,large_room|fast_turn,1260,1260,38.4521484375,26.006349206349206,6,0.18310546875,1253,38.238525390625,1,0.030517578125,2961,1780,11.56640625,6.953125,11,6,2046,44.9560546875,0,-1,80,80,0,1,1,0,0x04,0,0,0,1,0,0,1,0,1,0,0,0,0,,,,,,,,,,,,,,,
615,20.533333333333335,862382,26317.81005859375,26.31781005859375,12,OPEN_NAV,0x0A,large_room|fast_turn,1260,1260,38.4521484375,26.006349206349206,6,0.18310546875,1253,38.238525390625,1,0.030517578125,2961,1780,11.56640625,6.953125,11,6,1944,42.71484375,0,-1,80,80,0,1,1,0,0x04,0,0,0,1,0,0,1,0,1,0,0,0,0,,,,,,,,,,,,,,,
616,20.566666666666666,863639,26356.170654296875,26.356170654296875,12,OPEN_NAV,0x0A,large_room|fast_turn,1257,1257,38.360595703125,26.068416865552905,6,0.18310546875,1250,38.14697265625,1,0.030517578125,2961,1780,11.56640625,6.953125,11,6,1842,40.4736328125,0,-1,80,80,0,1,1,0,0x04,0,0,0,1,0,0,1,0,1,0,0,0,0,,,,,,,,,,,,,,,
617,20.6,864890,26394.34814453125,26.39434814453125,12,OPEN_NAV,0x0A,large_room|fast_turn,1251,1251,38.177490234375,26.193445243804955,6,0.18310546875,1244,37.9638671875,1,0.030517578125,2961,1780,11.56640625,6.953125,11,6,1740,38.232421875,0,-1,80,80,0,1,1,0,0x04,0,0,0,1,0,0,1,0,1,0,0,0,0,,,,,,,,,,,,,,,
618,20.633333333333333,866136,26432.373046875,26.432373046875,12,OPEN_NAV,0x0A,large_room|fast_turn,1246,1246,38.02490234375,26.298555377207062,6,0.18310546875,1239,37.811279296875,1,0.030517578125,2961,1780,11.56640625,6.953125,11,6,1638,35.9912109375,0,-1,80,80,0,1,1,0,0x04,0,0,0,1,0,0,1,0,1,0,0,0,0,,,,,,,,,,,,,,,
619,20.666666666666668,867393,26470.733642578125,26.470733642578125,12,OPEN_NAV,0x0A,large_room|fast_turn,1257,1257,38.360595703125,26.068416865552905,6,0.18310546875,1250,38.14697265625,1,0.030517578125,2961,1780,11.56640625,6.953125,11,6,1536,33.75,0,-1,81,80,1,2,2,1,0x04,0,0,0,1,0,0,1,0,1,0,0,0,0,,,,,,,,,,,,,,,
620,20.7,868693,26510.406494140625,26.510406494140625,12,OPEN_NAV,0x0A,large_room|fast_turn,1300,1300,39.6728515625,25.206153846153846,6,0.18310546875,1294,39.48974609375,0,0.0,2961,1780,11.56640625,6.953125,11,6,1434,31.5087890625,0,-1,86,80,6,3,3,2,0x04,0,0,0,1,0,0,1,0,1,0,0,0,0,,,,,,,,,,,,,,,
621,20.733333333333334,870013,26550.689697265625,26.550689697265625,12,OPEN_NAV,0x0A,large_room|fast_turn,1320,1320,40.283203125,24.824242424242424,5,0.152587890625,1314,40.10009765625,1,0.030517578125,2961,1780,11.56640625,6.953125,11,6,1332,29.267578125,0,-1,89,80,9,3,3,2,0x04,0,0,0,1,0,0,1,0,1,0,0,0,0,,,,,,,,,,,,,,,
622,20.766666666666666,871354,26591.61376953125,26.59161376953125,12,OPEN_NAV,0x0A,large_room|fast_turn,1341,1341,40.924072265625,24.435495898583145,6,0.18310546875,1335,40.740966796875,0,0.0,2961,1780,11.56640625,6.953125,11,6,1230,27.0263671875,0,-1,91,80,11,2,2,1,0x04,0,0,0,1,0,0,1,0,1,0,0,0,0,,,,,,,,,,,,,,,
623,20.8,872730,26633.60595703125,26.63360595703125,12,OPEN_NAV,0x0A,large_room|fast_turn,1376,1376,41.9921875,23.813953488372093,5,0.152587890625,1370,41.80908203125,1,0.030517578125,2961,1780,11.56640625,6.953125,11,6,1128,24.78515625,0,-1,95,80,15,3,3,2,0x04,0,0,0,1,0,0,1,0,1,0,0,0,0,,,,,,,,,,,,,,,
624,20.833333333333332,874119,26675.994873046875,26.675994873046875,12,OPEN_NAV,0x0A,large_room|fast_turn,1389,1389,42.388916015625,23.591072714182864,6,0.18310546875,1383,42.205810546875,0,0.0,2961,1780,11.56640625,6.953125,11,6,1026,22.5439453125,0,-1,97,80,17,3,3,2,0x04,0,0,0,1,0,0,1,0,1,0,0,0,0,,,,,,,,,,,,,,,
625,20.866666666666667,875529,26719.024658203125,26.719024658203125,12,OPEN_NAV,0x0A,large_room|fast_turn,1410,1410,43.02978515625,23.23971631205674,6,0.18310546875,1404,42.8466796875,0,0.0,2961,1780,11.56640625,6.953125,11,6,924,20.302734375,0,-1,100,80,20,3,3,2,0x04,0,0,0,1,0,0,1,0,1,0,0,0,0,,,,,,,,,,,,,,,
626,20.9,876956,26762.5732421875,26.7625732421875,12,OPEN_NAV,0x0A,large_room|fast_turn,1427,1427,43.548583984375,22.962859145059564,6,0.18310546875,1420,43.3349609375,1,0.030517578125,2961,1780,11.56640625,6.953125,11,6,822,18.0615234375,0,-1,102,80,22,2,2,1,0x04,0,0,0,1,0,0,1,0,1,0,0,0,0,,,,,,,,,,,,,,,
627,20.933333333333334,878418,26807.18994140625,26.80718994140625,12,OPEN_NAV,0x0A,large_room|fast_turn,1462,1462,44.61669921875,22.41313269493844,5,0.152587890625,1456,44.43359375,1,0.030517578125,2961,1780,11.56640625,6.953125,11,6,720,15.8203125,0,-1,106,80,26,3,3,2,0x04,0,0,0,1,0,0,1,0,1,0,0,0,0,,,,,,,,,,,,,,,
628,20.966666666666665,879883,26851.898193359375,26.851898193359375,12,OPEN_NAV,0x0A,large_room|fast_turn,1465,1465,44.708251953125,22.367235494880546,6,0.18310546875,1459,44.525146484375,0,0.0,2961,1780,11.56640625,6.953125,11,6,618,13.5791015625,0,-1,107,80,27,2,2,1,0x04,0,0,0,1,0,0,1,0,1,0,0,0,0,,,,,,,,,,,,,,,
629,21.0,881383,26897.674560546875,26.897674560546875,12,OPEN_NAV,0x0A,large_room|fast_turn,1500,1500,45.7763671875,21.845333333333333,5,0.152587890625,1494,45.59326171875,1,0.030517578125,2961,1780,11.56640625,6.953125,11,6,516,11.337890625,0,-1,110,80,30,3,3,2,0x04,0,0,0,1,0,0,1,0,1,0,0,0,0,,,,,,,,,,,,,,,
630,21.033333333333335,882897,26943.878173828125,26.943878173828125,12,OPEN_NAV,0x0A,large_room|fast_turn,1514,1514,46.20361328125,21.64332892998679,6,0.18310546875,1507,45.989990234375,1,0.030517578125,2961,1780,11.56640625,6.953125,11,6,414,9.0966796875,0,-1,112,80,32,2,2,1,0x04,0,0,0,1,0,0,1,0,1,0,0,0,0,,,,,,,,,,,,,,,
631,21.066666666666666,884438,26990.90576171875,26.99090576171875,12,OPEN_NAV,0x0A,large_room|fast_turn,1541,1541,47.027587890625,21.26411421155094,6,0.18310546875,1534,46.81396484375,1,0.030517578125,2961,1780,11.56640625,6.953125,11,6,312,6.85546875,0,-1,115,80,35,3,3,2,0x04,0,0,0,1,0,0,1,0,1,0,0,0,0,,,,,,,,,,,,,,,
632,21.1,885973,27037.750244140625,27.037750244140625,12,OPEN_NAV,0x0A,large_room|fast_turn,1535,1535,46.844482421875,21.347231270358307,6,0.18310546875,1528,46.630859375,1,0.030517578125,2961,1780,11.56640625,6.953125,11,6,210,4.6142578125,0,-1,116,80,36,2,2,1,0x04,0,0,0,1,0,0,1,0,1,0,0,0,0,,,,,,,,,,,,,,,
633,21.133333333333333,887526,27085.14404296875,27.08514404296875,12,OPEN_NAV,0x0A,large_room|fast_turn,1553,1553,47.393798828125,21.099806825499034,6,0.18310546875,1546,47.18017578125,1,0.030517578125,2961,1780,11.56640625,6.953125,11,6,108,2.373046875,0,-1,119,80,39,2,2,1,0x04,0,0,0,1,0,0,1,0,1,0,0,0,0,,,,,,,,,,,,,,,
634,21.166666666666668,888992,27129.8828125,27.1298828125,12,OPEN_NAV,0x0A,large_room|fast_turn,1466,1466,44.73876953125,22.351978171896317,6,0.18310546875,1459,44.525146484375,1,0.030517578125,2961,1780,11.56640625,6.953125,11,6,6,0.1318359375,0,-1,122,80,42,3,3,2,0x04,0,0,0,1,0,0,1,0,1,0,0,0,0,,,,,,,,,,,,,,,
635,21.2,890536,27177.001953125,27.177001953125,12,OPEN_NAV,0x0A,large_room|fast_turn,1544,1544,47.119140625,21.22279792746114,6,0.18310546875,1537,46.905517578125,1,0.030517578125,2961,1780,11.56640625,6.953125,11,6,16288,357.890625,0,-1,125,80,45,3,3,2,0x0C,0,0,0,1,1,0,1,0,1,0,0,0,0,,,,,,,,,,,,,,,
636,21.233333333333334,892076,27223.9990234375,27.2239990234375,13,D_APPROACH,0x32,large_room|portal_view|portal_approach,1540,1540,46.9970703125,21.277922077922078,15,0.457763671875,1525,46.539306640625,0,0.0,2980,1780,11.640625,6.953125,11,6,16288,357.890625,1,0,124,80,44,2,2,1,0x04,0,0,0,1,0,0,1,0,0,1,1,0,0,,,,,,,,,,,,,,,
637,21.266666666666666,893616,27270.99609375,27.27099609375,13,D_APPROACH,0x32,large_room|portal_view|portal_approach,1540,1540,46.9970703125,21.277922077922078,15,0.457763671875,1524,46.5087890625,1,0.030517578125,2999,1780,11.71484375,6.953125,11,6,16288,357.890625,1,0,123,80,43,2,2,1,0x04,0,0,0,1,0,0,1,0,0,1,1,0,0,,,,,,,,,,,,,,,
638,21.3,895178,27318.66455078125,27.31866455078125,13,D_APPROACH,0x32,large_room|portal_view|portal_approach,1562,1562,47.66845703125,20.978233034571062,15,0.457763671875,1547,47.210693359375,0,0.0,3018,1780,11.7890625,6.953125,11,6,16288,357.890625,1,0,125,80,45,3,3,2,0x04,0,0,0,1,0,0,1,0,0,1,1,0,0,,,,,,,,,,,,,,,
639,21.333333333333332,896741,27366.363525390625,27.366363525390625,13,D_APPROACH,0x32,large_room|portal_view|portal_approach,1563,1563,47.698974609375,20.964811260396672,15,0.457763671875,1547,47.210693359375,1,0.030517578125,3037,1780,11.86328125,6.953125,11,6,16288,357.890625,1,0,124,80,44,2,2,1,0x04,0,0,0,1,0,0,1,0,0,1,1,0,0,,,,,,,,,,,,,,,
640,21.366666666666667,898313,27414.337158203125,27.414337158203125,13,D_APPROACH,0x32,large_room|portal_view|portal_approach,1572,1572,47.9736328125,20.844783715012724,16,0.48828125,1556,47.4853515625,0,0.0,3056,1780,11.9375,6.953125,11,6,16288,357.890625,1,0,124,80,44,2,2,1,0x04,0,0,0,1,0,0,1,0,0,1,1,0,0,,,,,,,,,,,,,,,
641,21.4,899872,27461.9140625,27.4619140625,13,D_APPROACH,0x32,large_room|portal_view|portal_approach,1559,1559,47.576904296875,21.018601667735727,16,0.48828125,1543,47.088623046875,0,0.0,3075,1780,12.01171875,6.953125,12,6,16288,357.890625,1,0,124,80,44,2,2,1,0x04,0,0,0,1,0,0,1,0,0,1,1,0,0,,,,,,,,,,,,,,,
642,21.433333333333334,901430,27509.46044921875,27.50946044921875,13,D_APPROACH,0x32,large_room|portal_view|portal_approach,1558,1558,47.54638671875,21.03209242618742,15,0.457763671875,1543,47.088623046875,0,0.0,3094,1780,12.0859375,6.953125,12,6,16288,357.890625,1,0,124,80,44,2,2,1,0x04,0,0,0,1,0,0,1,0,0,1,1,0,0,,,,,,,,,,,,,,,
643,21.466666666666665,902997,27557.281494140625,27.557281494140625,13,D_APPROACH,0x32,large_room|portal_view|portal_approach,1567,1567,47.821044921875,20.91129546904914,15,0.457763671875,1552,47.36328125,0,0.0,3113,1780,12.16015625,6.953125,12,6,16288,357.890625,1,0,123,80,43,2,2,1,0x04,0,0,0,1,0,0,1,0,0,1,1,0,0,,,,,,,,,,,,,,,
644,21.5,904587,27605.804443359375,27.605804443359375,13,D_APPROACH,0x32,large_room|portal_view|portal_approach,1590,1590,48.52294921875,20.60880503144654,15,0.457763671875,1574,48.03466796875,1,0.030517578125,3132,1780,12.234375,6.953125,12,6,16288,357.890625,1,0,124,80,44,2,2,1,0x04,0,0,0,1,0,0,1,0,0,1,1,0,0,,,,,,,,,,,,,,,
645,21.533333333333335,906195,27654.876708984375,27.654876708984375,13,D_APPROACH,0x32,large_room|portal_view|portal_approach,1608,1608,49.072265625,20.378109452736318,15,0.457763671875,1592,48.583984375,1,0.030517578125,3151,1780,12.30859375,6.953125,12,6,16288,357.890625,1,0,124,80,44,2,2,1,0x04,0,0,0,1,0,0,1,0,0,1,1,0,0,,,,,,,,,,,,,,,
646,21.566666666666666,907801,27703.887939453125,27.703887939453125,13,D_APPROACH,0x32,large_room|portal_view|portal_approach,1606,1606,49.01123046875,20.40348692403487,15,0.457763671875,1591,48.553466796875,0,0.0,3170,1780,12.3828125,6.953125,12,6,16288,357.890625,1,0,124,80,44,2,2,1,0x04,0,0,0,1,0,0,1,0,0,1,1,0,0,,,,,,,,,,,,,,,
647,21.6,909417,27753.204345703125,27.753204345703125,13,D_APPROACH,0x32,large_room|portal_view|portal_approach,1616,1616,49.31640625,20.277227722772277,15,0.457763671875,1600,48.828125,1,0.030517578125,3189,1780,12.45703125,6.953125,12,6,16288,357.890625,1,0,124,80,44,2,2,1,0x04,0,0,0,1,0,0,1,0,0,1,1,0,0,,,,,,,,,,,,,,,
648,21.633333333333333,911059,27803.314208984375,27.803314208984375,13,D_APPROACH,0x32,large_room|portal_view|portal_approach,1642,1642,50.10986328125,19.956151035322776,15,0.457763671875,1626,49.62158203125,1,0.030517578125,3208,1780,12.53125,6.953125,12,6,16288,357.890625,1,0,125,80,45,2,2,1,0x04,0,0,0,1,0,0,1,0,0,1,1,0,0,,,,,,,,,,,,,,,
649,21.666666666666668,912702,27853.45458984375,27.85345458984375,13,D_APPROACH,0x32,large_room|portal_view|portal_approach,1643,1643,50.140380859375,19.944004869141814,15,0.457763671875,1628,49.6826171875,0,0.0,3227,1780,12.60546875,6.953125,12,6,16288,357.890625,1,0,125,80,45,2,2,1,0x04,0,0,0,1,0,0,1,0,0,1,1,0,0,,,,,,,,,,,,,,,
650,21.7,914352,27903.80859375,27.90380859375,13,D_APPROACH,0x32,large_room|portal_view|portal_approach,1650,1650,50.35400390625,19.85939393939394,15,0.457763671875,1635,49.896240234375,0,0.0,3246,1780,12.6796875,6.953125,12,6,16288,357.890625,1,0,125,80,45,2,2,1,0x04,0,0,0,1,0,0,1,0,0,1,1,0,0,,,,,,,,,,,,,,,
651,21.733333333333334,916015,27954.559326171875,27.954559326171875,13,D_APPROACH,0x32,large_room|portal_view|portal_approach,1663,1663,50.750732421875,19.70414912808178,15,0.457763671875,1647,50.262451171875,1,0.030517578125,3265,1780,12.75390625,6.953125,12,6,16288,357.890625,1,0,125,80,45,2,2,1,0x04,0,0,0,1,0,0,1,0,0,1,1,0,0,,,,,,,,,,,,,,,
652,21.766666666666666,917686,28005.55419921875,28.00555419921875,13,D_APPROACH,0x32,large_room|portal_view|portal_approach,1671,1671,50.994873046875,19.6098144823459,16,0.48828125,1654,50.47607421875,1,0.030517578125,3284,1780,12.828125,6.953125,12,6,16288,357.890625,1,0,125,80,45,2,2,1,0x04,0,0,0,1,0,0,1,0,0,1,1,0,0,,,,,,,,,,,,,,,
653,21.8,919367,28056.854248046875,28.056854248046875,13,D_APPROACH,0x32,large_room|portal_view|portal_approach,1681,1681,51.300048828125,19.493158834027366,16,0.48828125,1665,50.811767578125,0,0.0,3303,1780,12.90234375,6.953125,12,6,16288,357.890625,1,0,125,80,45,2,2,1,0x04,0,0,0,1,0,0,1,0,0,1,1,0,0,,,,,,,,,,,,,,,
654,21.833333333333332,921064,28108.642578125,28.108642578125,13,D_APPROACH,0x32,large_room|portal_view|portal_approach,1697,1697,51.788330078125,19.30936947554508,15,0.457763671875,1681,51.300048828125,1,0.030517578125,3322,1780,12.9765625,6.953125,12,6,16288,357.890625,1,0,125,80,45,2,2,1,0x06,1,0,0,1,0,0,1,0,0,1,1,0,0,51.849365234375,2.0751953125,0.0,13.24462890625,10.80322265625,6.072998046875,12.420654296875,7.232666015625,45,80,45,51,45,12066,735
655,21.866666666666667,922720,28159.1796875,28.1591796875,13,D_APPROACH,0x32,large_room|portal_view|portal_approach,1656,1656,50.537109375,19.78743961352657,16,0.48828125,1640,50.048828125,0,0.0,3341,1780,13.05078125,6.953125,13,6,16288,357.890625,1,0,125,80,45,2,2,1,0x04,0,0,0,1,0,0,1,0,0,1,1,0,0,,,,,,,,,,,,,,,
656,21.9,924358,28209.16748046875,28.20916748046875,13,D_APPROACH,0x32,large_room|portal_view|portal_approach,1638,1638,49.98779296875,20.004884004884005,15,0.457763671875,1623,49.530029296875,0,0.0,3360,1780,13.125,6.953125,13,6,16288,357.890625,1,0,126,80,46,2,2,1,0x04,0,0,0,1,0,0,1,0,0,1,1,0,0,,,,,,,,,,,,,,,
657,21.933333333333334,925993,28259.063720703125,28.259063720703125,13,D_APPROACH,0x32,large_room|portal_view|portal_approach,1635,1635,49.896240234375,20.041590214067277,15,0.457763671875,1619,49.407958984375,1,0.030517578125,3379,1780,13.19921875,6.953125,13,6,16288,357.890625,1,0,126,80,46,2,2,1,0x04,0,0,0,1,0,0,1,0,0,1,1,0,0,,,,,,,,,,,,,,,
658,21.966666666666665,927628,28308.9599609375,28.3089599609375,13,D_APPROACH,0x32,large_room|portal_view|portal_approach,1635,1635,49.896240234375,20.041590214067277,15,0.457763671875,1619,49.407958984375,1,0.030517578125,3398,1780,13.2734375,6.953125,13,6,16288,357.890625,1,0,126,80,46,2,2,1,0x04,0,0,0,1,0,0,1,0,0,1,1,0,0,,,,,,,,,,,,,,,
659,22.0,929254,28358.58154296875,28.35858154296875,13,D_APPROACH,0x32,large_room|portal_view|portal_approach,1626,1626,49.62158203125,20.152521525215253,16,0.48828125,1610,49.13330078125,0,0.0,3417,1780,13.34765625,6.953125,13,6,16288,357.890625,1,0,127,80,47,2,2,1,0x04,0,0,0,1,0,0,1,0,0,1,1,0,0,,,,,,,,,,,,,,,
660,22.033333333333335,930852,28407.3486328125,28.4073486328125,13,D_APPROACH,0x32,large_room|portal_view|portal_approach,1598,1598,48.76708984375,20.505632040050063,15,0.457763671875,1582,48.27880859375,1,0.030517578125,3436,1780,13.421875,6.953125,13,6,16288,357.890625,1,0,127,80,47,2,2,1,0x04,0,0,0,1,0,0,1,0,0,1,1,0,0,,,,,,,,,,,,,,,
661,22.066666666666666,932453,28456.207275390625,28.456207275390625,13,D_APPROACH,0x32,large_room|portal_view|portal_approach,1601,1601,48.858642578125,20.467207995003122,15,0.457763671875,1585,48.370361328125,1,0.030517578125,3455,1780,13.49609375,6.953125,13,6,16288,357.890625,1,0,128,80,48,2,2,1,0x04,0,0,0,1,0,0,1,0,0,1,1,0,0,,,,,,,,,,,,,,,
662,22.1,934057,28505.157470703125,28.505157470703125,13,D_APPROACH,0x32,large_room|portal_view|portal_approach,1604,1604,48.9501953125,20.428927680798004,15,0.457763671875,1589,48.492431640625,0,0.0,3474,1780,13.5703125,6.953125,13,6,16288,357.890625,1,0,129,80,49,2,2,1,0x04,0,0,0,1,0,0,1,0,0,1,1,0,0,,,,,,,,,,,,,,,
663,22.133333333333333,935657,28553.985595703125,28.553985595703125,13,D_APPROACH,0x32,large_room|portal_view|portal_approach,1600,1600,48.828125,20.48,15,0.457763671875,1585,48.370361328125,0,0.0,3493,1780,13.64453125,6.953125,13,6,16288,357.890625,1,0,130,80,50,2,2,1,0x04,0,0,0,1,0,0,1,0,0,1,1,0,0,,,,,,,,,,,,,,,
664,22.166666666666668,937278,28603.45458984375,28.60345458984375,13,D_APPROACH,0x32,large_room|portal_view|portal_approach,1621,1621,49.468994140625,20.214682294879704,15,0.457763671875,1605,48.980712890625,1,0.030517578125,3512,1780,13.71875,6.953125,13,6,16288,357.890625,1,0,133,80,53,2,2,1,0x04,0,0,0,1,0,0,1,0,0,1,1,0,0,,,,,,,,,,,,,,,
665,22.2,938922,28653.62548828125,28.65362548828125,13,D_APPROACH,0x32,large_room|portal_view|portal_approach,1644,1644,50.1708984375,19.931873479318735,15,0.457763671875,1629,49.713134765625,0,0.0,3531,1780,13.79296875,6.953125,13,6,16288,357.890625,1,0,136,80,56,2,2,1,0x04,0,0,0,1,0,0,1,0,0,1,1,0,0,,,,,,,,,,,,,,,
666,22.233333333333334,940295,28695.526123046875,28.695526123046875,13,D_APPROACH,0x32,large_room|portal_view|portal_approach,1373,1373,41.900634765625,23.86598689002185,18,0.54931640625,1354,41.32080078125,1,0.030517578125,3520,1325,13.75,5.17578125,13,5,8096,177.890625,1,0,83,80,3,2,2,1,0x05,0,0,1,1,0,0,1,0,0,1,1,0,0,,,,,,,,,,,,,,,
667,22.266666666666666,941612,28735.7177734375,28.7357177734375,13,D_APPROACH,0x32,large_room|portal_view|portal_approach,1317,1317,40.191650390625,24.88078967350038,15,0.457763671875,1301,39.703369140625,1,0.030517578125,3501,1325,13.67578125,5.17578125,13,5,8096,177.890625,1,0,83,80,3,2,2,1,0x04,0,0,0,1,0,0,1,0,0,1,1,0,0,,,,,,,,,,,,,,,
668,22.3,942931,28775.970458984375,28.775970458984375,13,D_APPROACH,0x32,large_room|portal_view|portal_approach,1319,1319,40.252685546875,24.84306292645944,15,0.457763671875,1304,39.794921875,0,0.0,3482,1325,13.6015625,5.17578125,13,5,8096,177.890625,1,0,83,80,3,2,2,1,0x04,0,0,0,1,0,0,1,0,0,1,1,0,0,,,,,,,,,,,,,,,
669,22.333333333333332,944258,28816.46728515625,28.81646728515625,13,D_APPROACH,0x32,large_room|portal_view|portal_approach,1327,1327,40.496826171875,24.693293142426526,15,0.457763671875,1312,40.0390625,0,0.0,3463,1325,13.52734375,5.17578125,13,5,8096,177.890625,1,0,83,80,3,2,2,1,0x04,0,0,0,1,0,0,1,0,0,1,1,0,0,,,,,,,,,,,,,,,
670,22.366666666666667,945598,28857.36083984375,28.85736083984375,13,D_APPROACH,0x32,large_room|portal_view|portal_approach,1340,1340,40.8935546875,24.453731343283582,15,0.457763671875,1324,40.4052734375,1,0.030517578125,3444,1325,13.453125,5.17578125,13,5,8096,177.890625,1,0,84,80,4,2,2,1,0x04,0,0,0,1,0,0,1,0,0,1,1,0,0,,,,,,,,,,,,,,,
671,22.4,946945,28898.468017578125,28.898468017578125,13,D_APPROACH,0x32,large_room|portal_view|portal_approach,1347,1347,41.107177734375,24.326651818856718,15,0.457763671875,1331,40.618896484375,1,0.030517578125,3425,1325,13.37890625,5.17578125,13,5,8096,177.890625,1,0,84,80,4,2,2,1,0x04,0,0,0,1,0,0,1,0,0,1,1,0,0,,,,,,,,,,,,,,,
672,22.433333333333334,948300,28939.8193359375,28.9398193359375,13,D_APPROACH,0x32,large_room|portal_view|portal_approach,1355,1355,41.351318359375,24.183025830258302,15,0.457763671875,1339,40.863037109375,1,0.030517578125,3406,1325,13.3046875,5.17578125,13,5,8096,177.890625,1,0,84,80,4,2,2,1,0x04,0,0,0,1,0,0,1,0,0,1,1,0,0,,,,,,,,,,,,,,,
673,22.466666666666665,949665,28981.475830078125,28.981475830078125,13,D_APPROACH,0x32,large_room|portal_view|portal_approach,1365,1365,41.656494140625,24.005860805860806,15,0.457763671875,1350,41.19873046875,0,0.0,3387,1325,13.23046875,5.17578125,13,5,8096,177.890625,1,0,84,80,4,2,2,1,0x04,0,0,0,1,0,0,1,0,0,1,1,0,0,,,,,,,,,,,,,,,
674,22.5,951098,29025.20751953125,29.02520751953125,13,D_APPROACH,0x32,large_room|portal_view|portal_approach,1433,1433,43.731689453125,22.866713189113746,16,0.48828125,1417,43.243408203125,0,0.0,3368,1325,13.15625,5.17578125,13,5,8096,177.890625,1,0,84,80,4,2,2,1,0x04,0,0,0,1,0,0,1,0,0,1,1,0,0,,,,,,,,,,,,,,,
675,22.533333333333335,952543,29069.305419921875,29.069305419921875,13,D_APPROACH,0x32,large_room|portal_view|portal_approach,1445,1445,44.097900390625,22.67681660899654,15,0.457763671875,1430,43.64013671875,0,0.0,3349,1325,13.08203125,5.17578125,13,5,8096,177.890625,1,0,84,80,4,2,2,1,0x04,0,0,0,1,0,0,1,0,0,1,1,0,0,,,,,,,,,,,,,,,
676,22.566666666666666,954003,29113.861083984375,29.113861083984375,13,D_APPROACH,0x32,large_room|portal_view|portal_approach,1460,1460,44.5556640625,22.443835616438356,15,0.457763671875,1445,44.097900390625,0,0.0,3330,1325,13.0078125,5.17578125,13,5,8096,177.890625,1,0,85,80,5,2,2,1,0x04,0,0,0,1,0,0,1,0,0,1,1,0,0,,,,,,,,,,,,,,,
677,22.6,955451,29158.050537109375,29.158050537109375,13,D_APPROACH,0x32,large_room|portal_view|portal_approach,1448,1448,44.189453125,22.629834254143645,15,0.457763671875,1432,43.701171875,1,0.030517578125,3311,1325,12.93359375,5.17578125,12,5,8096,177.890625,1,0,85,80,5,2,2,1,0x04,0,0,0,1,0,0,1,0,0,1,1,0,0,,,,,,,,,,,,,,,
678,22.633333333333333,956839,29200.408935546875,29.200408935546875,13,D_APPROACH,0x32,large_room|portal_view|portal_approach,1388,1388,42.3583984375,23.608069164265128,15,0.457763671875,1373,41.900634765625,0,0.0,3292,1325,12.859375,5.17578125,12,5,8096,177.890625,1,0,85,80,5,2,2,1,0x04,0,0,0,1,0,0,1,0,0,1,1,0,0,,,,,,,,,,,,,,,
679,22.666666666666668,958226,29242.73681640625,29.24273681640625,13,D_APPROACH,0x32,large_room|portal_view|portal_approach,1387,1387,42.327880859375,23.62509012256669,15,0.457763671875,1371,41.839599609375,1,0.030517578125,3273,1325,12.78515625,5.17578125,12,5,8096,177.890625,1,0,85,80,5,2,2,1,0x04,0,0,0,1,0,0,1,0,0,1,1,0,0,,,,,,,,,,,,,,,
680,22.7,959605,29284.820556640625,29.284820556640625,13,D_APPROACH,0x32,large_room|portal_view|portal_approach,1379,1379,42.083740234375,23.762146482958666,15,0.457763671875,1363,41.595458984375,1,0.030517578125,3254,1325,12.7109375,5.17578125,12,5,8096,177.890625,1,0,85,80,5,2,2,1,0x04,0,0,0,1,0,0,1,0,0,1,1,0,0,,,,,,,,,,,,,,,
681,22.733333333333334,960979,29326.751708984375,29.326751708984375,13,D_APPROACH,0x32,large_room|portal_view|portal_approach,1374,1374,41.93115234375,23.848617176128094,15,0.457763671875,1359,41.473388671875,0,0.0,3235,1325,12.63671875,5.17578125,12,5,8096,177.890625,1,0,85,80,5,2,2,1,0x04,0,0,0,1,0,0,1,0,0,1,1,0,0,,,,,,,,,,,,,,,
682,22.766666666666666,962356,29368.7744140625,29.3687744140625,13,D_APPROACH,0x32,large_room|portal_view|portal_approach,1377,1377,42.022705078125,23.79665940450254,15,0.457763671875,1362,41.56494140625,0,0.0,3216,1325,12.5625,5.17578125,12,5,8096,177.890625,1,0,86,80,6,2,2,1,0x04,0,0,0,1,0,0,1,0,0,1,1,0,0,,,,,,,,,,,,,,,
683,22.8,963728,29410.64453125,29.41064453125,13,D_APPROACH,0x32,large_room|portal_view|portal_approach,1372,1372,41.8701171875,23.88338192419825,15,0.457763671875,1356,41.3818359375,1,0.030517578125,3197,1325,12.48828125,5.17578125,12,5,8096,177.890625,1,0,86,80,6,2,2,1,0x04,0,0,0,1,0,0,1,0,0,1,1,0,0,,,,,,,,,,,,,,,
684,22.833333333333332,965101,29452.545166015625,29.452545166015625,13,D_APPROACH,0x32,large_room|portal_view|portal_approach,1373,1373,41.900634765625,23.86598689002185,15,0.457763671875,1357,41.412353515625,1,0.030517578125,3178,1325,12.4140625,5.17578125,12,5,8096,177.890625,1,0,86,80,6,2,2,1,0x04,0,0,0,1,0,0,1,0,0,1,1,0,0,,,,,,,,,,,,,,,
685,22.866666666666667,966472,29494.384765625,29.494384765625,13,D_APPROACH,0x32,large_room|portal_view|portal_approach,1371,1371,41.839599609375,23.90080233406273,15,0.457763671875,1355,41.351318359375,1,0.030517578125,3159,1325,12.33984375,5.17578125,12,5,8096,177.890625,1,0,86,80,6,2,2,1,0x04,0,0,0,1,0,0,1,0,0,1,1,0,0,,,,,,,,,,,,,,,
686,22.9,967840,29536.1328125,29.5361328125,13,D_APPROACH,0x32,large_room|portal_view|portal_approach,1368,1368,41.748046875,23.953216374269005,15,0.457763671875,1353,41.290283203125,0,0.0,3140,1325,12.265625,5.17578125,12,5,8096,177.890625,1,0,86,80,6,2,2,1,0x04,0,0,0,1,0,0,1,0,0,1,1,0,0,,,,,,,,,,,,,,,
687,22.933333333333334,969208,29577.880859375,29.577880859375,13,D_APPROACH,0x32,large_room|portal_view|portal_approach,1368,1368,41.748046875,23.953216374269005,15,0.457763671875,1353,41.290283203125,0,0.0,3121,1325,12.19140625,5.17578125,12,5,8096,177.890625,1,0,86,80,6,2,2,1,0x04,0,0,0,1,0,0,1,0,0,1,1,0,0,,,,,,,,,,,,,,,
688,22.966666666666665,970628,29621.2158203125,29.6212158203125,13,D_APPROACH,0x32,large_room|portal_view|portal_approach,1420,1420,43.3349609375,23.07605633802817,15,0.457763671875,1404,42.8466796875,1,0.030517578125,3102,1325,12.1171875,5.17578125,12,5,8096,177.890625,1,0,86,80,6,2,2,1,0x04,0,0,0,1,0,0,1,0,0,1,1,0,0,,,,,,,,,,,,,,,
689,23.0,972046,29664.48974609375,29.66448974609375,13,D_APPROACH,0x32,large_room|portal_view|portal_approach,1418,1418,43.27392578125,23.108603667136812,16,0.48828125,1401,42.755126953125,1,0.030517578125,3083,1325,12.04296875,5.17578125,12,5,8096,177.890625,1,0,86,80,6,2,2,1,0x04,0,0,0,1,0,0,1,0,0,1,1,0,0,,,,,,,,,,,,,,,
690,23.033333333333335,973442,29707.09228515625,29.70709228515625,13,D_APPROACH,0x32,large_room|portal_view|portal_approach,1396,1396,42.6025390625,23.472779369627506,15,0.457763671875,1381,42.144775390625,0,0.0,3064,1325,11.96875,5.17578125,11,5,8096,177.890625,1,0,86,80,6,2,2,1,0x04,0,0,0,1,0,0,1,0,0,1,1,0,0,,,,,,,,,,,,,,,
691,23.066666666666666,974773,29747.711181640625,29.747711181640625,13,D_APPROACH,0x32,large_room|portal_view|portal_approach,1331,1331,40.618896484375,24.6190833959429,15,0.457763671875,1316,40.1611328125,0,0.0,3045,1325,11.89453125,5.17578125,11,5,8096,177.890625,1,0,86,80,6,2,2,1,0x04,0,0,0,1,0,0,1,0,0,1,1,0,0,,,,,,,,,,,,,,,
692,23.1,976101,29788.238525390625,29.788238525390625,13,D_APPROACH,0x32,large_room|portal_view|portal_approach,1328,1328,40.52734375,24.674698795180724,15,0.457763671875,1313,40.069580078125,0,0.0,3026,1325,11.8203125,5.17578125,11,5,8096,177.890625,1,0,86,80,6,2,2,1,0x04,0,0,0,1,0,0,1,0,0,1,1,0,0,,,,,,,,,,,,,,,
693,23.133333333333333,977435,29828.948974609375,29.828948974609375,13,D_APPROACH,0x32,large_room|portal_view|portal_approach,1334,1334,40.71044921875,24.563718140929534,15,0.457763671875,1318,40.22216796875,1,0.030517578125,3007,1325,11.74609375,5.17578125,11,5,8096,177.890625,1,0,88,80,8,2,2,1,0x04,0,0,0,1,0,0,1,0,0,1,1,0,0,,,,,,,,,,,,,,,
694,23.166666666666668,978775,29869.842529296875,29.869842529296875,13,D_APPROACH,0x32,large_room|portal_view|portal_approach,1340,1340,40.8935546875,24.453731343283582,15,0.457763671875,1324,40.4052734375,1,0.030517578125,2988,1325,11.671875,5.17578125,11,5,8096,177.890625,1,0,89,80,9,2,2,1,0x04,0,0,0,1,0,0,1,0,0,1,1,0,0,,,,,,,,,,,,,,,
695,23.2,980106,29910.46142578125,29.91046142578125,13,D_APPROACH,0x32,large_room|portal_view|portal_approach,1331,1331,40.618896484375,24.6190833959429,16,0.48828125,1315,40.130615234375,0,0.0,2969,1325,11.59765625,5.17578125,11,5,8096,177.890625,1,0,89,80,9,2,2,1,0x04,0,0,0,1,0,0,1,0,0,1,1,0,0,,,,,,,,,,,,,,,
696,23.233333333333334,981420,29950.5615234375,29.9505615234375,13,D_APPROACH,0x32,large_room|portal_view|portal_approach,1314,1314,40.10009765625,24.93759512937595,15,0.457763671875,1299,39.642333984375,0,0.0,2950,1325,11.5234375,5.17578125,11,5,8096,177.890625,1,0,89,80,9,2,2,1,0x04,0,0,0,1,0,0,1,0,0,1,1,0,0,,,,,,,,,,,,,,,
697,23.266666666666666,982735,29990.692138671875,29.990692138671875,13,D_APPROACH,0x32,large_room|portal_view|portal_approach,1315,1315,40.130615234375,24.918631178707223,15,0.457763671875,1300,39.6728515625,0,0.0,2931,1325,11.44921875,5.17578125,11,5,8096,177.890625,1,0,90,80,10,2,2,1,0x04,0,0,0,1,0,0,1,0,0,1,1,0,0,,,,,,,,,,,,,,,
698,23.3,984035,30030.364990234375,30.030364990234375,13,D_APPROACH,0x32,large_room|portal_view|portal_approach,1300,1300,39.6728515625,25.206153846153846,15,0.457763671875,1285,39.215087890625,0,0.0,2912,1325,11.375,5.17578125,11,5,8096,177.890625,1,0,90,80,10,2,2,1,0x04,0,0,0,1,0,0,1,0,0,1,1,0,0,,,,,,,,,,,,,,,
699,23.333333333333332,985305,30069.122314453125,30.069122314453125,13,D_APPROACH,0x32,large_room|portal_view|portal_approach,1270,1270,38.75732421875,25.801574803149606,15,0.457763671875,1254,38.26904296875,1,0.030517578125,2893,1325,11.30078125,5.17578125,11,5,8096,177.890625,1,0,90,80,10,2,2,1,0x04,0,0,0,1,0,0,1,0,0,1,1,0,0,,,,,,,,,,,,,,,
700,23.366666666666667,986572,30107.7880859375,30.1077880859375,13,D_APPROACH,0x32,large_room|portal_view|portal_approach,1267,1267,38.665771484375,25.86266771902131,15,0.457763671875,1252,38.2080078125,0,0.0,2874,1325,11.2265625,5.17578125,11,5,8096,177.890625,1,0,90,80,10,2,2,1,0x04,0,0,0,1,0,0,1,0,0,1,1,0,0,,,,,,,,,,,,,,,
701,23.4,987903,30148.406982421875,30.148406982421875,13,D_APPROACH,0x32,large_room|portal_view|portal_approach,1331,1331,40.618896484375,24.6190833959429,15,0.457763671875,1315,40.130615234375,1,0.030517578125,2855,1325,11.15234375,5.17578125,11,5,8096,177.890625,1,0,91,80,11,2,2,1,0x04,0,0,0,1,0,0,1,0,0,1,1,0,0,,,,,,,,,,,,,,,
702,23.433333333333334,989234,30189.02587890625,30.18902587890625,13,D_APPROACH,0x32,large_room|portal_view|portal_approach,1331,1331,40.618896484375,24.6190833959429,16,0.48828125,1315,40.130615234375,0,0.0,2836,1325,11.078125,5.17578125,11,5,8096,177.890625,1,0,91,80,11,2,2,1,0x04,0,0,0,1,0,0,1,0,0,1,1,0,0,,,,,,,,,,,,,,,
703,23.466666666666665,990558,30229.43115234375,30.22943115234375,13,D_APPROACH,0x32,large_room|portal_view|portal_approach,1324,1324,40.4052734375,24.749244712990937,16,0.48828125,1308,39.9169921875,0,0.0,2817,1325,11.00390625,5.17578125,11,5,8096,177.890625,1,0,91,80,11,2,2,1,0x04,0,0,0,1,0,0,1,0,0,1,1,0,0,,,,,,,,,,,,,,,
704,23.5,991876,30269.6533203125,30.2696533203125,13,D_APPROACH,0x32,large_room|portal_view|portal_approach,1318,1318,40.22216796875,24.861911987860395,15,0.457763671875,1303,39.764404296875,0,0.0,2798,1325,10.9296875,5.17578125,10,5,8096,177.890625,1,0,92,80,12,2,2,1,0x04,0,0,0,1,0,0,1,0,0,1,1,0,0,,,,,,,,,,,,,,,
705,23.533333333333335,993139,30308.197021484375,30.308197021484375,13,D_APPROACH,0x32,large_room|portal_view|portal_approach,1263,1263,38.543701171875,25.944576405384005,15,0.457763671875,1248,38.0859375,0,0.0,2779,1325,10.85546875,5.17578125,10,5,8096,177.890625,1,0,92,80,12,2,2,1,0x04,0,0,0,1,0,0,1,0,0,1,1,0,0,,,,,,,,,,,,,,,
706,23.566666666666666,994398,30346.61865234375,30.34661865234375,13,D_APPROACH,0x32,large_room|portal_view|portal_approach,1259,1259,38.421630859375,26.027005559968227,15,0.457763671875,1244,37.9638671875,0,0.0,2760,1325,10.78125,5.17578125,10,5,8096,177.890625,1,0,92,80,12,2,2,1,0x04,0,0,0,1,0,0,1,0,0,1,1,0,0,,,,,,,,,,,,,,,
707,23.6,995672,30385.498046875,30.385498046875,13,D_APPROACH,0x32,large_room|portal_view|portal_approach,1274,1274,38.87939453125,25.72056514913658,15,0.457763671875,1259,38.421630859375,0,0.0,2741,1325,10.70703125,5.17578125,10,5,8096,177.890625,1,0,93,80,13,2,2,1,0x04,0,0,0,1,0,0,1,0,0,1,1,0,0,,,,,,,,,,,,,,,
708,23.633333333333333,996942,30424.25537109375,30.42425537109375,13,D_APPROACH,0x32,large_room|portal_view|portal_approach,1270,1270,38.75732421875,25.801574803149606,15,0.457763671875,1255,38.299560546875,0,0.0,2722,1325,10.6328125,5.17578125,10,5,8096,177.890625,1,0,93,80,13,2,2,1,0x04,0,0,0,1,0,0,1,0,0,1,1,0,0,,,,,,,,,,,,,,,
709,23.666666666666668,998221,30463.287353515625,30.463287353515625,13,D_APPROACH,0x32,large_room|portal_view|portal_approach,1279,1279,39.031982421875,25.620015637216575,15,0.457763671875,1264,38.57421875,0,0.0,2703,1325,10.55859375,5.17578125,10,5,8096,177.890625,1,0,94,80,14,2,2,1,0x04,0,0,0,1,0,0,1,0,0,1,1,0,0,,,,,,,,,,,,,,,
710,23.7,999503,30502.410888671875,30.502410888671875,13,D_APPROACH,0x32,large_room|portal_view|portal_approach,1282,1282,39.12353515625,25.5600624024961,15,0.457763671875,1266,38.63525390625,1,0.030517578125,2684,1325,10.484375,5.17578125,10,5,8096,177.890625,1,0,94,80,14,2,2,1,0x04,0,0,0,1,0,0,1,0,0,1,1,0,0,,,,,,,,,,,,,,,
711,23.733333333333334,1000786,30541.56494140625,30.54156494140625,13,D_APPROACH,0x32,large_room|portal_view|portal_approach,1283,1283,39.154052734375,25.540140296180827,15,0.457763671875,1268,38.6962890625,0,0.0,2665,1325,10.41015625,5.17578125,10,5,8096,177.890625,1,0,94,80,14,2,2,1,0x04,0,0,0,1,0,0,1,0,0,1,1,0,0,,,,,,,,,,,,,,,
712,23.766666666666666,1002061,30580.474853515625,30.580474853515625,13,D_APPROACH,0x32,large_room|portal_view|portal_approach,1275,1275,38.909912109375,25.700392156862744,15,0.457763671875,1260,38.4521484375,0,0.0,2646,1325,10.3359375,5.17578125,10,5,8096,177.890625,1,0,93,80,13,2,2,1,0x04,0,0,0,1,0,0,1,0,0,1,1,0,0,,,,,,,,,,,,,,,
713,23.8,1003342,30619.56787109375,30.61956787109375,13,D_APPROACH,0x32,large_room|portal_view|portal_approach,1281,1281,39.093017578125,25.580015612802498,15,0.457763671875,1265,38.604736328125,1,0.030517578125,2627,1325,10.26171875,5.17578125,10,5,8096,177.890625,1,0,93,80,13,2,2,1,0x04,0,0,0,1,0,0,1,0,0,1,1,0,0,,,,,,,,,,,,,,,
714,23.833333333333332,1004624,30658.69140625,30.65869140625,13,D_APPROACH,0x32,large_room|portal_view|portal_approach,1282,1282,39.12353515625,25.5600624024961,15,0.457763671875,1267,38.665771484375,0,0.0,2608,1325,10.1875,5.17578125,10,5,8096,177.890625,1,0,93,80,13,2,2,1,0x04,0,0,0,1,0,0,1,0,0,1,1,0,0,,,,,,,,,,,,,,,
715,23.866666666666667,1005963,30699.554443359375,30.699554443359375,13,D_APPROACH,0x32,large_room|portal_view|portal_approach,1339,1339,40.863037109375,24.471994025392085,16,0.48828125,1323,40.374755859375,0,0.0,2589,1325,10.11328125,5.17578125,10,5,8096,177.890625,1,0,93,80,13,2,2,1,0x04,0,0,0,1,0,0,1,0,0,1,1,0,0,,,,,,,,,,,,,,,
716,23.9,1007303,30740.447998046875,30.740447998046875,13,D_APPROACH,0x32,large_room|portal_view|portal_approach,1340,1340,40.8935546875,24.453731343283582,16,0.48828125,1324,40.4052734375,0,0.0,2570,1325,10.0390625,5.17578125,10,5,8096,177.890625,1,0,93,80,13,2,2,1,0x04,0,0,0,1,0,0,1,0,0,1,1,0,0,,,,,,,,,,,,,,,
717,23.933333333333334,1008618,30780.57861328125,30.78057861328125,13,D_APPROACH,0x32,large_room|portal_view|portal_approach,1315,1315,40.130615234375,24.918631178707223,15,0.457763671875,1300,39.6728515625,0,0.0,2551,1325,9.96484375,5.17578125,9,5,8096,177.890625,1,0,93,80,13,2,2,1,0x04,0,0,0,1,0,0,1,0,0,1,1,0,0,,,,,,,,,,,,,,,
718,23.966666666666665,1009876,30818.9697265625,30.8189697265625,13,D_APPROACH,0x32,large_room|portal_view|portal_approach,1258,1258,38.39111328125,26.047694753577108,15,0.457763671875,1242,37.90283203125,1,0.030517578125,2532,1325,9.890625,5.17578125,9,5,8096,177.890625,1,0,93,80,13,2,2,1,0x04,0,0,0,1,0,0,1,0,0,1,1,0,0,,,,,,,,,,,,,,,
719,24.0,1011140,30857.5439453125,30.8575439453125,13,D_APPROACH,0x32,large_room|portal_view|portal_approach,1264,1264,38.57421875,25.924050632911392,15,0.457763671875,1249,38.116455078125,0,0.0,2513,1325,9.81640625,5.17578125,9,5,8096,177.890625,1,0,94,80,14,2,2,1,0x04,0,0,0,1,0,0,1,0,0,1,1,0,0,,,,,,,,,,,,,,,
720,24.033333333333335,1012397,30895.904541015625,30.895904541015625,13,D_APPROACH,0x32,large_room|portal_view|portal_approach,1257,1257,38.360595703125,26.068416865552905,15,0.457763671875,1241,37.872314453125,1,0.030517578125,2494,1325,9.7421875,5.17578125,9,5,8096,177.890625,1,0,93,80,13,2,2,1,0x04,0,0,0,1,0,0,1,0,0,1,1,0,0,,,,,,,,,,,,,,,
721,24.066666666666666,1013656,30934.326171875,30.934326171875,13,D_APPROACH,0x32,large_room|portal_view|portal_approach,1259,1259,38.421630859375,26.027005559968227,16,0.48828125,1242,37.90283203125,1,0.030517578125,2475,1325,9.66796875,5.17578125,9,5,8096,177.890625,1,0,93,80,13,2,2,1,0x04,0,0,0,1,0,0,1,0,0,1,1,0,0,,,,,,,,,,,,,,,
722,24.1,1014923,30972.991943359375,30.972991943359375,13,D_APPROACH,0x32,large_room|portal_view|portal_approach,1267,1267,38.665771484375,25.86266771902131,15,0.457763671875,1252,38.2080078125,0,0.0,2456,1325,9.59375,5.17578125,9,5,8096,177.890625,1,0,94,80,14,2,2,1,0x04,0,0,0,1,0,0,1,0,0,1,1,0,0,,,,,,,,,,,,,,,
723,24.133333333333333,1016190,31011.65771484375,31.01165771484375,13,D_APPROACH,0x32,large_room|portal_view|portal_approach,1267,1267,38.665771484375,25.86266771902131,15,0.457763671875,1251,38.177490234375,1,0.030517578125,2437,1325,9.51953125,5.17578125,9,5,8096,177.890625,1,0,94,80,14,2,2,1,0x04,0,0,0,1,0,0,1,0,0,1,1,0,0,,,,,,,,,,,,,,,
724,24.166666666666668,1017456,31050.29296875,31.05029296875,13,D_APPROACH,0x32,large_room|portal_view|portal_approach,1266,1266,38.63525390625,25.88309636650869,15,0.457763671875,1250,38.14697265625,1,0.030517578125,2418,1325,9.4453125,5.17578125,9,5,8096,177.890625,1,0,94,80,14,2,2,1,0x04,0,0,0,1,0,0,1,0,0,1,1,0,0,,,,,,,,,,,,,,,
725,24.2,1018729,31089.141845703125,31.089141845703125,13,D_APPROACH,0x32,large_room|portal_view|portal_approach,1273,1273,38.848876953125,25.74076983503535,15,0.457763671875,1258,38.39111328125,0,0.0,2399,1325,9.37109375,5.17578125,9,5,8096,177.890625,1,0,95,80,15,2,2,1,0x04,0,0,0,1,0,0,1,0,0,1,1,0,0,,,,,,,,,,,,,,,
726,24.233333333333334,1019997,31127.838134765625,31.127838134765625,13,D_APPROACH,0x32,large_room|portal_view|portal_approach,1268,1268,38.6962890625,25.842271293375394,15,0.457763671875,1252,38.2080078125,1,0.030517578125,2380,1325,9.296875,5.17578125,9,5,8096,177.890625,1,0,95,80,15,2,2,1,0x04,0,0,0,1,0,0,1,0,0,1,1,0,0,,,,,,,,,,,,,,,
727,24.266666666666666,1021261,31166.412353515625,31.166412353515625,13,D_APPROACH,0x32,large_room|portal_view|portal_approach,1264,1264,38.57421875,25.924050632911392,15,0.457763671875,1248,38.0859375,1,0.030517578125,2361,1325,9.22265625,5.17578125,9,5,8096,177.890625,1,0,94,80,14,2,2,1,0x04,0,0,0,1,0,0,1,0,0,1,1,0,0,,,,,,,,,,,,,,,
728,24.3,1022582,31206.72607421875,31.20672607421875,13,D_APPROACH,0x32,large_room|portal_view|portal_approach,1321,1321,40.313720703125,24.80545041635125,16,0.48828125,1305,39.825439453125,0,0.0,2342,1325,9.1484375,5.17578125,9,5,8096,177.890625,1,0,94,80,14,2,2,1,0x04,0,0,0,1,0,0,1,0,0,1,1,0,0,,,,,,,,,,,,,,,
729,24.333333333333332,1023906,31247.13134765625,31.24713134765625,13,D_APPROACH,0x32,large_room|portal_view|portal_approach,1324,1324,40.4052734375,24.749244712990937,15,0.457763671875,1309,39.947509765625,0,0.0,2323,1325,9.07421875,5.17578125,9,5,8096,177.890625,1,0,94,80,14,2,2,1,0x04,0,0,0,1,0,0,1,0,0,1,1,0,0,,,,,,,,,,,,,,,
730,24.366666666666667,1025226,31287.41455078125,31.28741455078125,13,D_APPROACH,0x32,large_room|portal_view|portal_approach,1320,1320,40.283203125,24.824242424242424,15,0.457763671875,1305,39.825439453125,0,0.0,2304,1325,9.0,5.17578125,9,5,8096,177.890625,1,0,95,80,15,2,2,1,0x04,0,0,0,1,0,0,1,0,0,1,1,0,0,,,,,,,,,,,,,,,
731,24.4,1026529,31327.178955078125,31.327178955078125,13,D_APPROACH,0x32,large_room|portal_view|portal_approach,1303,1303,39.764404296875,25.148119723714505,16,0.48828125,1287,39.276123046875,0,0.0,2285,1325,8.92578125,5.17578125,8,5,8096,177.890625,1,0,95,80,15,2,2,1,0x04,0,0,0,1,0,0,1,0,0,1,1,0,0,,,,,,,,,,,,,,,
732,24.433333333333334,1027776,31365.234375,31.365234375,13,D_APPROACH,0x32,large_room|portal_view|portal_approach,1247,1247,38.055419921875,26.27746591820369,15,0.457763671875,1232,37.59765625,0,0.0,2266,1325,8.8515625,5.17578125,8,5,8096,177.890625,1,0,95,80,15,2,2,1,0x04,0,0,0,1,0,0,1,0,0,1,1,0,0,,,,,,,,,,,,,,,
733,24.466666666666665,1029022,31403.25927734375,31.40325927734375,13,D_APPROACH,0x32,large_room|portal_view|portal_approach,1246,1246,38.02490234375,26.298555377207062,15,0.457763671875,1230,37.53662109375,1,0.030517578125,2247,1325,8.77734375,5.17578125,8,5,8096,177.890625,1,0,95,80,15,2,2,1,0x04,0,0,0,1,0,0,1,0,0,1,1,0,0,,,,,,,,,,,,,,,
734,24.5,1030276,31441.5283203125,31.4415283203125,13,D_APPROACH,0x32,large_room|portal_view|portal_approach,1254,1254,38.26904296875,26.130781499202552,15,0.457763671875,1238,37.78076171875,1,0.030517578125,2228,1325,8.703125,5.17578125,8,5,8096,177.890625,1,0,96,80,16,2,2,1,0x04,0,0,0,1,0,0,1,0,0,1,1,0,0,,,,,,,,,,,,,,,
735,24.533333333333335,1031530,31479.79736328125,31.47979736328125,13,D_APPROACH,0x32,large_room|portal_view|portal_approach,1254,1254,38.26904296875,26.130781499202552,15,0.457763671875,1238,37.78076171875,1,0.030517578125,2209,1325,8.62890625,5.17578125,8,5,8096,177.890625,1,0,96,80,16,2,2,1,0x04,0,0,0,1,0,0,1,0,0,1,1,0,0,,,,,,,,,,,,,,,
736,24.566666666666666,1032787,31518.157958984375,31.518157958984375,13,D_APPROACH,0x32,large_room|portal_view|portal_approach,1257,1257,38.360595703125,26.068416865552905,15,0.457763671875,1241,37.872314453125,1,0.030517578125,2190,1325,8.5546875,5.17578125,8,5,8096,177.890625,1,0,96,80,16,2,2,1,0x04,0,0,0,1,0,0,1,0,0,1,1,0,0,,,,,,,,,,,,,,,
737,24.6,1034054,31556.82373046875,31.55682373046875,13,D_APPROACH,0x32,large_room|portal_view|portal_approach,1267,1267,38.665771484375,25.86266771902131,15,0.457763671875,1252,38.2080078125,0,0.0,2171,1325,8.48046875,5.17578125,8,5,8096,177.890625,1,0,97,80,17,2,2,1,0x04,0,0,0,1,0,0,1,0,0,1,1,0,0,,,,,,,,,,,,,,,
738,24.633333333333333,1035323,31595.550537109375,31.595550537109375,13,D_APPROACH,0x32,large_room|portal_view|portal_approach,1269,1269,38.726806640625,25.821907013396377,15,0.457763671875,1253,38.238525390625,1,0.030517578125,2152,1325,8.40625,5.17578125,8,5,8096,177.890625,1,0,97,80,17,2,2,1,0x04,0,0,0,1,0,0,1,0,0,1,1,0,0,,,,,,,,,,,,,,,
739,24.666666666666668,1036583,31634.002685546875,31.634002685546875,13,D_APPROACH,0x32,large_room|portal_view|portal_approach,1260,1260,38.4521484375,26.006349206349206,15,0.457763671875,1245,37.994384765625,0,0.0,2133,1325,8.33203125,5.17578125,8,5,8096,177.890625,1,0,96,80,16,2,2,1,0x04,0,0,0,1,0,0,1,0,0,1,1,0,0,,,,,,,,,,,,,,,
740,24.7,1037845,31672.515869140625,31.672515869140625,13,D_APPROACH,0x32,large_room|portal_view|portal_approach,1262,1262,38.51318359375,25.96513470681458,15,0.457763671875,1246,38.02490234375,1,0.030517578125,2114,1325,8.2578125,5.17578125,8,5,8096,177.890625,1,0,96,80,16,2,2,1,0x0C,0,0,0,1,1,0,1,0,0,1,1,0,0,,,,,,,,,,,,,,,
741,24.733333333333334,1039112,31711.181640625,31.711181640625,14,D_CROSS,0xF2,large_room|portal_view|portal_approach|portal_cross|stress,1267,1267,38.665771484375,25.86266771902131,15,0.457763671875,1252,38.2080078125,0,0.0,2095,1325,8.18359375,5.17578125,8,5,8096,177.890625,1,0,97,80,17,2,2,1,0x04,0,0,0,1,0,0,1,0,0,1,1,1,1,,,,,,,,,,,,,,,
742,24.766666666666666,1040440,31751.708984375,31.751708984375,14,D_CROSS,0xF2,large_room|portal_view|portal_approach|portal_cross|stress,1328,1328,40.52734375,24.674698795180724,15,0.457763671875,1312,40.0390625,1,0.030517578125,2076,1325,8.109375,5.17578125,8,5,8096,177.890625,1,0,97,80,17,2,2,1,0x04,0,0,0,1,0,0,1,0,0,1,1,1,1,,,,,,,,,,,,,,,
743,24.8,1041769,31792.266845703125,31.792266845703125,14,D_CROSS,0xF2,large_room|portal_view|portal_approach|portal_cross|stress,1329,1329,40.557861328125,24.656132430398795,16,0.48828125,1313,40.069580078125,0,0.0,2057,1325,8.03515625,5.17578125,8,5,8096,177.890625,1,0,97,80,17,2,2,1,0x04,0,0,0,1,0,0,1,0,0,1,1,1,1,,,,,,,,,,,,,,,
744,24.833333333333332,1043079,31832.244873046875,31.832244873046875,14,D_CROSS,0xF2,large_room|portal_view|portal_approach|portal_cross|stress,1310,1310,39.97802734375,25.013740458015267,15,0.457763671875,1294,39.48974609375,1,0.030517578125,2038,1325,7.9609375,5.17578125,7,5,8096,177.890625,1,0,97,80,17,2,2,1,0x04,0,0,0,1,0,0,1,0,0,1,1,1,1,,,,,,,,,,,,,,,
745,24.866666666666667,1044341,31870.758056640625,31.870758056640625,14,D_CROSS,0xF2,large_room|portal_view|portal_approach|portal_cross|stress,1262,1262,38.51318359375,25.96513470681458,15,0.457763671875,1247,38.055419921875,0,0.0,2019,1325,7.88671875,5.17578125,7,5,8096,177.890625,1,0,98,80,18,2,2,1,0x04,0,0,0,1,0,0,1,0,0,1,1,1,1,,,,,,,,,,,,,,,
746,24.9,1045598,31909.11865234375,31.90911865234375,14,D_CROSS,0xF2,large_room|portal_view|portal_approach|portal_cross|stress,1257,1257,38.360595703125,26.068416865552905,15,0.457763671875,1242,37.90283203125,0,0.0,2000,1325,7.8125,5.17578125,7,5,8096,177.890625,1,0,98,80,18,2,2,1,0x04,0,0,0,1,0,0,1,0,0,1,1,1,1,,,,,,,,,,,,,,,
747,24.933333333333334,1046858,31947.57080078125,31.94757080078125,14,D_CROSS,0xF2,large_room|portal_view|portal_approach|portal_cross|stress,1260,1260,38.4521484375,26.006349206349206,15,0.457763671875,1244,37.9638671875,1,0.030517578125,1981,1325,7.73828125,5.17578125,7,5,8096,177.890625,1,0,98,80,18,2,2,1,0x04,0,0,0,1,0,0,1,0,0,1,1,1,1,,,,,,,,,,,,,,,
748,24.966666666666665,1048130,31986.38916015625,31.98638916015625,14,D_CROSS,0xF2,large_room|portal_view|portal_approach|portal_cross|stress,1272,1272,38.818359375,25.761006289308177,15,0.457763671875,1257,38.360595703125,0,0.0,1962,1325,7.6640625,5.17578125,7,5,8096,177.890625,1,0,99,80,19,2,2,1,0x04,0,0,0,1,0,0,1,0,0,1,1,1,1,,,,,,,,,,,,,,,
749,25.0,1049392,32024.90234375,32.02490234375,14,D_CROSS,0xF2,large_room|portal_view|portal_approach|portal_cross|stress,1262,1262,38.51318359375,25.96513470681458,15,0.457763671875,1246,38.02490234375,1,0.030517578125,1943,1325,7.58984375,5.17578125,7,5,8096,177.890625,1,0,98,80,18,2,2,1,0x04,0,0,0,1,0,0,1,0,0,1,1,1,1,,,,,,,,,,,,,,,
750,25.033333333333335,1050660,32063.5986328125,32.0635986328125,14,D_CROSS,0xF2,large_room|portal_view|portal_approach|portal_cross|stress,1268,1268,38.6962890625,25.842271293375394,15,0.457763671875,1252,38.2080078125,1,0.030517578125,1924,1325,7.515625,5.17578125,7,5,8096,177.890625,1,0,98,80,18,2,2,1,0x04,0,0,0,1,0,0,1,0,0,1,1,1,1,,,,,,,,,,,,,,,
751,25.066666666666666,1051941,32102.691650390625,32.102691650390625,14,D_CROSS,0xF2,large_room|portal_view|portal_approach|portal_cross|stress,1281,1281,39.093017578125,25.580015612802498,15,0.457763671875,1265,38.604736328125,1,0.030517578125,1905,1325,7.44140625,5.17578125,7,5,8096,177.890625,1,0,100,80,20,2,2,1,0x04,0,0,0,1,0,0,1,0,0,1,1,1,1,,,,,,,,,,,,,,,
752,25.1,1053226,32141.90673828125,32.14190673828125,14,D_CROSS,0xF2,large_room|portal_view|portal_approach|portal_cross|stress,1285,1285,39.215087890625,25.500389105058368,16,0.48828125,1268,38.6962890625,1,0.030517578125,1886,1325,7.3671875,5.17578125,7,5,8096,177.890625,1,0,100,80,20,2,2,1,0x04,0,0,0,1,0,0,1,0,0,1,1,1,1,,,,,,,,,,,,,,,
753,25.133333333333333,1054509,32181.060791015625,32.181060791015625,14,D_CROSS,0xF2,large_room|portal_view|portal_approach|portal_cross|stress,1283,1283,39.154052734375,25.540140296180827,15,0.457763671875,1268,38.6962890625,0,0.0,1867,1325,7.29296875,5.17578125,7,5,8096,177.890625,1,0,100,80,20,2,2,1,0x04,0,0,0,1,0,0,1,0,0,1,1,1,1,,,,,,,,,,,,,,,
754,25.166666666666668,1055793,32220.245361328125,32.220245361328125,14,D_CROSS,0xF2,large_room|portal_view|portal_approach|portal_cross|stress,1284,1284,39.1845703125,25.5202492211838,15,0.457763671875,1268,38.6962890625,1,0.030517578125,1848,1325,7.21875,5.17578125,7,5,8096,177.890625,1,0,100,80,20,2,2,1,0x04,0,0,0,1,0,0,1,0,0,1,1,1,1,,,,,,,,,,,,,,,
755,25.2,1057134,32261.16943359375,32.26116943359375,14,D_CROSS,0xF2,large_room|portal_view|portal_approach|portal_cross|stress,1341,1341,40.924072265625,24.435495898583145,16,0.48828125,1324,40.4052734375,1,0.030517578125,1829,1325,7.14453125,5.17578125,7,5,8096,177.890625,1,0,100,80,20,2,2,1,0x04,0,0,0,1,0,0,1,0,0,1,1,1,1,,,,,,,,,,,,,,,
756,25.233333333333334,1058486,32302.42919921875,32.30242919921875,14,D_CROSS,0xF2,large_room|portal_view|portal_approach|portal_cross|stress,1352,1352,41.259765625,24.236686390532544,16,0.48828125,1336,40.771484375,0,0.0,1810,1325,7.0703125,5.17578125,7,5,8096,177.890625,1,0,101,80,21,3,3,2,0x06,1,0,0,1,0,0,1,0,0,1,1,1,1,40.863037109375,2.197265625,0.0,15.68603515625,9.3994140625,3.72314453125,7.32421875,2.532958984375,21,79,22,22,22,3594,761
757,25.266666666666666,1059818,32343.07861328125,32.34307861328125,14,D_CROSS,0xF2,large_room|portal_view|portal_approach|portal_cross|stress,1332,1332,40.6494140625,24.6006006006006,16,0.48828125,1316,40.1611328125,0,0.0,1791,1325,6.99609375,5.17578125,6,5,8096,177.890625,1,0,100,80,20,2,2,1,0x04,0,0,0,1,0,0,1,0,0,1,1,1,1,,,,,,,,,,,,,,,
758,25.3,1061093,32381.988525390625,32.381988525390625,14,D_CROSS,0xF2,large_room|portal_view|portal_approach|portal_cross|stress,1275,1275,38.909912109375,25.700392156862744,15,0.457763671875,1260,38.4521484375,0,0.0,1772,1325,6.921875,5.17578125,6,5,8096,177.890625,1,0,101,80,21,2,2,1,0x04,0,0,0,1,0,0,1,0,0,1,1,1,1,,,,,,,,,,,,,,,
759,25.333333333333332,1062379,32421.234130859375,32.421234130859375,14,D_CROSS,0xF2,large_room|portal_view|portal_approach|portal_cross|stress,1286,1286,39.24560546875,25.480559875583204,15,0.457763671875,1271,38.787841796875,0,0.0,1753,1325,6.84765625,5.17578125,6,5,8096,177.890625,1,0,103,80,23,3,3,2,0x04,0,0,0,1,0,0,1,0,0,1,1,1,1,,,,,,,,,,,,,,,
760,25.366666666666667,1063666,32460.51025390625,32.46051025390625,14,D_CROSS,0xF2,large_room|portal_view|portal_approach|portal_cross|stress,1287,1287,39.276123046875,25.46076146076146,15,0.457763671875,1272,38.818359375,0,0.0,1734,1325,6.7734375,5.17578125,6,5,8096,177.890625,1,0,103,80,23,3,3,2,0x0C,0,0,0,1,1,0,1,0,0,1,1,1,1,,,,,,,,,,,,,,,
761,25.4,1064826,32495.91064453125,32.49591064453125,15,D_TURN_BACK,0x9A,large_room|fast_turn|portal_view|stress,1160,1160,35.400390625,28.248275862068965,5,0.152587890625,1154,35.21728515625,1,0.030517578125,1734,1325,6.7734375,5.17578125,6,5,8198,180.1318359375,0,1,101,80,21,3,3,2,0x04,0,0,0,1,0,0,1,0,1,1,0,0,1,,,,,,,,,,,,,,,
762,25.433333333333334,1066078,32534.11865234375,32.53411865234375,15,D_TURN_BACK,0x9A,large_room|fast_turn|portal_view|stress,1252,1252,38.2080078125,26.17252396166134,6,0.18310546875,1246,38.02490234375,0,0.0,1734,1325,6.7734375,5.17578125,6,5,8300,182.373046875,0,1,102,80,22,3,3,2,0x04,0,0,0,1,0,0,1,0,1,1,0,0,1,,,,,,,,,,,,,,,
763,25.466666666666665,1067326,32572.20458984375,32.57220458984375,15,D_TURN_BACK,0x9A,large_room|fast_turn|portal_view|stress,1248,1248,38.0859375,26.256410256410255,5,0.152587890625,1243,37.933349609375,0,0.0,1734,1325,6.7734375,5.17578125,6,5,8402,184.6142578125,0,1,100,80,20,3,3,2,0x04,0,0,0,1,0,0,1,0,1,1,0,0,1,,,,,,,,,,,,,,,
764,25.5,1068574,32610.29052734375,32.61029052734375,15,D_TURN_BACK,0x9A,large_room|fast_turn|portal_view|stress,1248,1248,38.0859375,26.256410256410255,5,0.152587890625,1243,37.933349609375,0,0.0,1734,1325,6.7734375,5.17578125,6,5,8504,186.85546875,0,1,101,80,21,3,3,2,0x04,0,0,0,1,0,0,1,0,1,1,0,0,1,,,,,,,,,,,,,,,
765,25.533333333333335,1069844,32649.0478515625,32.6490478515625,15,D_TURN_BACK,0x9A,large_room|fast_turn|portal_view|stress,1270,1270,38.75732421875,25.801574803149606,5,0.152587890625,1264,38.57421875,1,0.030517578125,1734,1325,6.7734375,5.17578125,6,5,8606,189.0966796875,0,1,102,80,22,3,3,2,0x04,0,0,0,1,0,0,1,0,1,1,0,0,1,,,,,,,,,,,,,,,
766,25.566666666666666,1071099,32687.347412109375,32.687347412109375,15,D_TURN_BACK,0x9A,large_room|fast_turn|portal_view|stress,1255,1255,38.299560546875,26.10996015936255,6,0.18310546875,1249,38.116455078125,0,0.0,1734,1325,6.7734375,5.17578125,6,5,8708,191.337890625,0,1,100,80,20,3,3,2,0x04,0,0,0,1,0,0,1,0,1,1,0,0,1,,,,,,,,,,,,,,,
767,25.6,1072366,32726.01318359375,32.72601318359375,15,D_TURN_BACK,0x9A,large_room|fast_turn|portal_view|stress,1267,1267,38.665771484375,25.86266771902131,6,0.18310546875,1260,38.4521484375,1,0.030517578125,1734,1325,6.7734375,5.17578125,6,5,8810,193.5791015625,0,1,100,80,20,3,3,2,0x04,0,0,0,1,0,0,1,0,1,1,0,0,1,,,,,,,,,,,,,,,
768,25.633333333333333,1073679,32766.082763671875,32.766082763671875,15,D_TURN_BACK,0x9A,large_room|fast_turn|portal_view|stress,1313,1313,40.069580078125,24.956587966488957,6,0.18310546875,1306,39.85595703125,1,0.030517578125,1734,1325,6.7734375,5.17578125,6,5,8912,195.8203125,0,1,103,80,23,3,3,2,0x04,0,0,0,1,0,0,1,0,1,1,0,0,1,,,,,,,,,,,,,,,
769,25.666666666666668,1075027,32807.220458984375,32.807220458984375,15,D_TURN_BACK,0x9A,large_room|fast_turn|portal_view|stress,1348,1348,41.1376953125,24.30860534124629,6,0.18310546875,1341,40.924072265625,1,0.030517578125,1734,1325,6.7734375,5.17578125,6,5,9014,198.0615234375,0,1,106,80,26,3,3,2,0x04,0,0,0,1,0,0,1,0,1,1,0,0,1,,,,,,,,,,,,,,,
770,25.7,1076408,32849.365234375,32.849365234375,15,D_TURN_BACK,0x9A,large_room|fast_turn|portal_view|stress,1381,1381,42.144775390625,23.72773352643012,6,0.18310546875,1374,41.93115234375,1,0.030517578125,1734,1325,6.7734375,5.17578125,6,5,9116,200.302734375,0,1,108,80,28,3,3,2,0x04,0,0,0,1,0,0,1,0,1,1,0,0,1,,,,,,,,,,,,,,,
771,25.733333333333334,1077831,32892.791748046875,32.892791748046875,15,D_TURN_BACK,0x9A,large_room|fast_turn|portal_view|stress,1423,1423,43.426513671875,23.02740688685875,6,0.18310546875,1417,43.243408203125,0,0.0,1734,1325,6.7734375,5.17578125,6,5,9218,202.5439453125,0,1,112,80,32,3,3,2,0x04,0,0,0,1,0,0,1,0,1,1,0,0,1,,,,,,,,,,,,,,,
772,25.766666666666666,1079262,32936.46240234375,32.93646240234375,15,D_TURN_BACK,0x9A,large_room|fast_turn|portal_view|stress,1431,1431,43.670654296875,22.898672257162822,5,0.152587890625,1426,43.51806640625,0,0.0,1734,1325,6.7734375,5.17578125,6,5,9320,204.78515625,0,1,113,80,33,3,3,2,0x04,0,0,0,1,0,0,1,0,1,1,0,0,1,,,,,,,,,,,,,,,
773,25.8,1080702,32980.40771484375,32.98040771484375,15,D_TURN_BACK,0x9A,large_room|fast_turn|portal_view|stress,1440,1440,43.9453125,22.755555555555556,5,0.152587890625,1434,43.76220703125,1,0.030517578125,1734,1325,6.7734375,5.17578125,6,5,9422,207.0263671875,0,1,113,80,33,3,3,2,0x04,0,0,0,1,0,0,1,0,1,1,0,0,1,,,,,,,,,,,,,,,
774,25.833333333333332,1082128,33023.92578125,33.02392578125,15,D_TURN_BACK,0x9A,large_room|fast_turn|portal_view|stress,1426,1426,43.51806640625,22.978962131837307,6,0.18310546875,1419,43.304443359375,1,0.030517578125,1734,1325,6.7734375,5.17578125,6,5,9524,209.267578125,0,1,112,80,32,3,3,2,0x04,0,0,0,1,0,0,1,0,1,1,0,0,1,,,,,,,,,,,,,,,
775,25.866666666666667,1083567,33067.840576171875,33.067840576171875,15,D_TURN_BACK,0x9A,large_room|fast_turn|portal_view|stress,1439,1439,43.914794921875,22.771369006254343,6,0.18310546875,1432,43.701171875,1,0.030517578125,1734,1325,6.7734375,5.17578125,6,5,9626,211.5087890625,0,1,112,80,32,3,3,2,0x04,0,0,0,1,0,0,1,0,1,1,0,0,1,,,,,,,,,,,,,,,
776,25.9,1085016,33112.060546875,33.112060546875,15,D_TURN_BACK,0x9A,large_room|fast_turn|portal_view|stress,1449,1449,44.219970703125,22.614216701173223,6,0.18310546875,1443,44.036865234375,0,0.0,1734,1325,6.7734375,5.17578125,6,5,9728,213.75,0,1,113,80,33,3,3,2,0x04,0,0,0,1,0,0,1,0,1,1,0,0,1,,,,,,,,,,,,,,,
777,25.933333333333334,1086512,33157.71484375,33.15771484375,15,D_TURN_BACK,0x9A,large_room|fast_turn|portal_view|stress,1496,1496,45.654296875,21.90374331550802,5,0.152587890625,1490,45.47119140625,1,0.030517578125,1734,1325,6.7734375,5.17578125,6,5,9830,215.9912109375,0,1,116,80,36,3,3,2,0x04,0,0,0,1,0,0,1,0,1,1,0,0,1,,,,,,,,,,,,,,,
778,25.966666666666665,1087994,33202.94189453125,33.20294189453125,15,D_TURN_BACK,0x9A,large_room|fast_turn|portal_view|stress,1482,1482,45.22705078125,22.110661268556004,6,0.18310546875,1475,45.013427734375,1,0.030517578125,1734,1325,6.7734375,5.17578125,6,5,9932,218.232421875,0,1,115,80,35,3,3,2,0x04,0,0,0,1,0,0,1,0,1,1,0,0,1,,,,,,,,,,,,,,,
779,26.0,1089499,33248.870849609375,33.248870849609375,15,D_TURN_BACK,0x9A,large_room|fast_turn|portal_view|stress,1505,1505,45.928955078125,21.772757475083058,5,0.152587890625,1499,45.745849609375,1,0.030517578125,1734,1325,6.7734375,5.17578125,6,5,10034,220.4736328125,0,1,117,80,37,3,3,2,0x04,0,0,0,1,0,0,1,0,1,1,0,0,1,,,,,,,,,,,,,,,
780,26.033333333333335,1090986,33294.25048828125,33.29425048828125,15,D_TURN_BACK,0x9A,large_room|fast_turn|portal_view|stress,1487,1487,45.379638671875,22.036314727639542,6,0.18310546875,1480,45.166015625,1,0.030517578125,1734,1325,6.7734375,5.17578125,6,5,10136,222.71484375,0,1,115,80,35,3,3,2,0x04,0,0,0,1,0,0,1,0,1,1,0,0,1,,,,,,,,,,,,,,,
781,26.066666666666666,1092485,33339.996337890625,33.339996337890625,15,D_TURN_BACK,0x9A,large_room|fast_turn|portal_view|stress,1499,1499,45.745849609375,21.859906604402934,6,0.18310546875,1492,45.5322265625,1,0.030517578125,1734,1325,6.7734375,5.17578125,6,5,10238,224.9560546875,0,1,116,80,36,3,3,2,0x04,0,0,0,1,0,0,1,0,1,1,0,0,1,,,,,,,,,,,,,,,
782,26.1,1093991,33385.955810546875,33.385955810546875,15,D_TURN_BACK,0x9A,large_room|fast_turn|portal_view|stress,1506,1506,45.95947265625,21.758300132802123,6,0.18310546875,1500,45.7763671875,0,0.0,1734,1325,6.7734375,5.17578125,6,5,10340,227.197265625,0,1,118,80,38,3,3,2,0x06,1,0,0,1,0,0,1,0,1,1,0,0,1,46.2646484375,2.3193359375,0.0,16.143798828125,10.80322265625,5.706787109375,6.28662109375,5.0048828125,38,76,42,42,42,3252,936
783,26.133333333333333,1095489,33431.671142578125,33.431671142578125,15,D_TURN_BACK,0x9A,large_room|fast_turn|portal_view|stress,1498,1498,45.71533203125,21.874499332443257,5,0.152587890625,1493,45.562744140625,0,0.0,1734,1325,6.7734375,5.17578125,6,5,10442,229.4384765625,0,1,116,80,36,3,3,2,0x04,0,0,0,1,0,0,1,0,1,1,0,0,1,,,,,,,,,,,,,,,
784,26.166666666666668,1096995,33477.630615234375,33.477630615234375,15,D_TURN_BACK,0x9A,large_room|fast_turn|portal_view|stress,1506,1506,45.95947265625,21.758300132802123,6,0.18310546875,1499,45.745849609375,1,0.030517578125,1734,1325,6.7734375,5.17578125,6,5,10544,231.6796875,0,1,118,80,38,3,3,2,0x04,0,0,0,1,0,0,1,0,1,1,0,0,1,,,,,,,,,,,,,,,
785,26.2,1098483,33523.040771484375,33.523040771484375,15,D_TURN_BACK,0x9A,large_room|fast_turn|portal_view|stress,1488,1488,45.41015625,22.021505376344088,6,0.18310546875,1482,45.22705078125,0,0.0,1734,1325,6.7734375,5.17578125,6,5,10646,233.9208984375,0,1,116,80,36,3,3,2,0x04,0,0,0,1,0,0,1,0,1,1,0,0,1,,,,,,,,,,,,,,,
786,26.233333333333334,1099942,33567.56591796875,33.56756591796875,15,D_TURN_BACK,0x9A,large_room|fast_turn|portal_view|stress,1459,1459,44.525146484375,22.4592186429061,5,0.152587890625,1453,44.342041015625,1,0.030517578125,1734,1325,6.7734375,5.17578125,6,5,10748,236.162109375,0,1,115,80,35,3,3,2,0x04,0,0,0,1,0,0,1,0,1,1,0,0,1,,,,,,,,,,,,,,,
787,26.266666666666666,1101346,33610.41259765625,33.61041259765625,15,D_TURN_BACK,0x9A,large_room|fast_turn|portal_view|stress,1404,1404,42.8466796875,23.33903133903134,5,0.152587890625,1399,42.694091796875,0,0.0,1734,1325,6.7734375,5.17578125,6,5,10850,238.4033203125,0,1,109,80,29,3,3,2,0x04,0,0,0,1,0,0,1,0,1,1,0,0,1,,,,,,,,,,,,,,,
788,26.3,1102741,33652.984619140625,33.652984619140625,15,D_TURN_BACK,0x9A,large_room|fast_turn|portal_view|stress,1395,1395,42.572021484375,23.489605734767025,5,0.152587890625,1389,42.388916015625,1,0.030517578125,1734,1325,6.7734375,5.17578125,6,5,10952,240.64453125,0,1,108,80,28,3,3,2,0x04,0,0,0,1,0,0,1,0,1,1,0,0,1,,,,,,,,,,,,,,,
789,26.333333333333332,1104118,33695.00732421875,33.69500732421875,15,D_TURN_BACK,0x9A,large_room|fast_turn|portal_view|stress,1377,1377,42.022705078125,23.79665940450254,5,0.152587890625,1371,41.839599609375,1,0.030517578125,1734,1325,6.7734375,5.17578125,6,5,11054,242.8857421875,0,1,106,80,26,2,2,1,0x04,0,0,0,1,0,0,1,0,1,1,0,0,1,,,,,,,,,,,,,,,
790,26.366666666666667,1105512,33737.548828125,33.737548828125,15,D_TURN_BACK,0x9A,large_room|fast_turn|portal_view|stress,1394,1394,42.54150390625,23.506456241033,6,0.18310546875,1387,42.327880859375,1,0.030517578125,1734,1325,6.7734375,5.17578125,6,5,11156,245.126953125,0,1,107,80,27,2,2,1,0x04,0,0,0,1,0,0,1,0,1,1,0,0,1,,,,,,,,,,,,,,,
791,26.4,1106900,33779.9072265625,33.7799072265625,15,D_TURN_BACK,0x9A,large_room|fast_turn|portal_view|stress,1388,1388,42.3583984375,23.608069164265128,5,0.152587890625,1382,42.17529296875,1,0.030517578125,1734,1325,6.7734375,5.17578125,6,5,11258,247.3681640625,0,1,106,80,26,2,2,1,0x04,0,0,0,1,0,0,1,0,1,1,0,0,1,,,,,,,,,,,,,,,
792,26.433333333333334,1108307,33822.845458984375,33.822845458984375,15,D_TURN_BACK,0x9A,large_room|fast_turn|portal_view|stress,1407,1407,42.938232421875,23.289267945984363,6,0.18310546875,1401,42.755126953125,0,0.0,1734,1325,6.7734375,5.17578125,6,5,11360,249.609375,0,1,107,80,27,2,2,1,0x04,0,0,0,1,0,0,1,0,1,1,0,0,1,,,,,,,,,,,,,,,
793,26.466666666666665,1109715,33865.814208984375,33.865814208984375,15,D_TURN_BACK,0x9A,large_room|fast_turn|portal_view|stress,1408,1408,42.96875,23.272727272727273,5,0.152587890625,1403,42.816162109375,0,0.0,1734,1325,6.7734375,5.17578125,6,5,11462,251.8505859375,0,1,106,80,26,2,2,1,0x04,0,0,0,1,0,0,1,0,1,1,0,0,1,,,,,,,,,,,,,,,
794,26.5,1111148,33909.5458984375,33.9095458984375,15,D_TURN_BACK,0x9A,large_room|fast_turn|portal_view|stress,1433,1433,43.731689453125,22.866713189113746,5,0.152587890625,1428,43.5791015625,0,0.0,1734,1325,6.7734375,5.17578125,6,5,11564,254.091796875,0,1,108,80,28,2,2,1,0x04,0,0,0,1,0,0,1,0,1,1,0,0,1,,,,,,,,,,,,,,,
795,26.533333333333335,1112579,33953.216552734375,33.953216552734375,15,D_TURN_BACK,0x9A,large_room|fast_turn|portal_view|stress,1431,1431,43.670654296875,22.898672257162822,6,0.18310546875,1425,43.487548828125,0,0.0,1734,1325,6.7734375,5.17578125,6,5,11666,256.3330078125,0,1,108,80,28,2,2,1,0x04,0,0,0,1,0,0,1,0,1,1,0,0,1,,,,,,,,,,,,,,,
796,26.566666666666666,1114018,33997.13134765625,33.99713134765625,15,D_TURN_BACK,0x9A,large_room|fast_turn|portal_view|stress,1439,1439,43.914794921875,22.771369006254343,5,0.152587890625,1434,43.76220703125,0,0.0,1734,1325,6.7734375,5.17578125,6,5,11768,258.57421875,0,1,108,80,28,2,2,1,0x04,0,0,0,1,0,0,1,0,1,1,0,0,1,,,,,,,,,,,,,,,
797,26.6,1115476,34041.6259765625,34.0416259765625,15,D_TURN_BACK,0x9A,large_room|fast_turn|portal_view|stress,1458,1458,44.49462890625,22.474622770919066,5,0.152587890625,1452,44.3115234375,1,0.030517578125,1734,1325,6.7734375,5.17578125,6,5,11870,260.8154296875,0,1,110,80,30,2,2,1,0x04,0,0,0,1,0,0,1,0,1,1,0,0,1,,,,,,,,,,,,,,,
798,26.633333333333333,1116886,34084.65576171875,34.08465576171875,15,D_TURN_BACK,0x9A,large_room|fast_turn|portal_view|stress,1410,1410,43.02978515625,23.23971631205674,6,0.18310546875,1404,42.8466796875,0,0.0,1734,1325,6.7734375,5.17578125,6,5,11972,263.056640625,0,1,105,80,25,2,2,1,0x04,0,0,0,1,0,0,1,0,1,1,0,0,1,,,,,,,,,,,,,,,
799,26.666666666666668,1118286,34127.38037109375,34.12738037109375,15,D_TURN_BACK,0x9A,large_room|fast_turn|portal_view|stress,1400,1400,42.724609375,23.405714285714286,5,0.152587890625,1395,42.572021484375,0,0.0,1734,1325,6.7734375,5.17578125,6,5,12074,265.2978515625,0,1,103,80,23,2,2,1,0x04,0,0,0,1,0,0,1,0,1,1,0,0,1,,,,,,,,,,,,,,,
800,26.7,1119650,34169.00634765625,34.16900634765625,15,D_TURN_BACK,0x9A,large_room|fast_turn|portal_view|stress,1364,1364,41.6259765625,24.023460410557185,6,0.18310546875,1357,41.412353515625,1,0.030517578125,1734,1325,6.7734375,5.17578125,6,5,12176,267.5390625,0,1,100,80,20,2,2,1,0x04,0,0,0,1,0,0,1,0,1,1,0,0,1,,,,,,,,,,,,,,,
801,26.733333333333334,1120979,34209.564208984375,34.209564208984375,15,D_TURN_BACK,0x9A,large_room|fast_turn|portal_view|stress,1329,1329,40.557861328125,24.656132430398795,5,0.152587890625,1324,40.4052734375,0,0.0,1734,1325,6.7734375,5.17578125,6,5,12278,269.7802734375,0,1,97,80,17,2,2,1,0x04,0,0,0,1,0,0,1,0,1,1,0,0,1,,,,,,,,,,,,,,,
802,26.766666666666666,1122322,34250.54931640625,34.25054931640625,15,D_TURN_BACK,0x9A,large_room|fast_turn|portal_view|stress,1343,1343,40.985107421875,24.399106478034252,6,0.18310546875,1336,40.771484375,1,0.030517578125,1734,1325,6.7734375,5.17578125,6,5,12380,272.021484375,0,1,97,80,17,2,2,1,0x04,0,0,0,1,0,0,1,0,1,1,0,0,1,,,,,,,,,,,,,,,
803,26.8,1123677,34291.900634765625,34.291900634765625,15,D_TURN_BACK,0x9A,large_room|fast_turn|portal_view|stress,1355,1355,41.351318359375,24.183025830258302,6,0.18310546875,1348,41.1376953125,1,0.030517578125,1734,1325,6.7734375,5.17578125,6,5,12482,274.2626953125,0,1,98,80,18,2,2,1,0x04,0,0,0,1,0,0,1,0,1,1,0,0,1,,,,,,,,,,,,,,,
804,26.833333333333332,1125069,34334.381103515625,34.334381103515625,15,D_TURN_BACK,0x9A,large_room|fast_turn|portal_view|stress,1392,1392,42.48046875,23.54022988505747,5,0.152587890625,1386,42.29736328125,1,0.030517578125,1734,1325,6.7734375,5.17578125,6,5,12584,276.50390625,0,1,99,80,19,2,2,1,0x04,0,0,0,1,0,0,1,0,1,1,0,0,1,,,,,,,,,,,,,,,
805,26.866666666666667,1126483,34377.532958984375,34.377532958984375,15,D_TURN_BACK,0x9A,large_room|fast_turn|portal_view|stress,1414,1414,43.15185546875,23.173974540311175,5,0.152587890625,1408,42.96875,1,0.030517578125,1734,1325,6.7734375,5.17578125,6,5,12686,278.7451171875,0,1,99,80,19,2,2,1,0x04,0,0,0,1,0,0,1,0,1,1,0,0,1,,,,,,,,,,,,,,,
806,26.9,1127907,34420.989990234375,34.420989990234375,15,D_TURN_BACK,0x9A,large_room|fast_turn|portal_view|stress,1424,1424,43.45703125,23.01123595505618,6,0.18310546875,1418,43.27392578125,0,0.0,1734,1325,6.7734375,5.17578125,6,5,12788,280.986328125,0,1,99,80,19,2,2,1,0x04,0,0,0,1,0,0,1,0,1,1,0,0,1,,,,,,,,,,,,,,,
807,26.933333333333334,1129311,34463.836669921875,34.463836669921875,15,D_TURN_BACK,0x9A,large_room|fast_turn|portal_view|stress,1404,1404,42.8466796875,23.33903133903134,6,0.18310546875,1398,42.66357421875,0,0.0,1734,1325,6.7734375,5.17578125,6,5,12890,283.2275390625,0,1,96,80,16,2,2,1,0x04,0,0,0,1,0,0,1,0,1,1,0,0,1,,,,,,,,,,,,,,,
808,26.966666666666665,1130713,34506.622314453125,34.506622314453125,15,D_TURN_BACK,0x9A,large_room|fast_turn|portal_view|stress,1402,1402,42.78564453125,23.372325249643367,5,0.152587890625,1396,42.6025390625,1,0.030517578125,1734,1325,6.7734375,5.17578125,6,5,12992,285.46875,0,1,94,80,14,2,2,1,0x04,0,0,0,1,0,0,1,0,1,1,0,0,1,,,,,,,,,,,,,,,
809,27.0,1132089,34548.614501953125,34.548614501953125,15,D_TURN_BACK,0x9A,large_room|fast_turn|portal_view|stress,1376,1376,41.9921875,23.813953488372093,6,0.18310546875,1369,41.778564453125,1,0.030517578125,1734,1325,6.7734375,5.17578125,6,5,13094,287.7099609375,0,1,91,80,11,2,2,1,0x04,0,0,0,1,0,0,1,0,1,1,0,0,1,,,,,,,,,,,,,,,
810,27.033333333333335,1133444,34589.9658203125,34.5899658203125,15,D_TURN_BACK,0x9A,large_room|fast_turn|portal_view|stress,1355,1355,41.351318359375,24.183025830258302,5,0.152587890625,1350,41.19873046875,0,0.0,1734,1325,6.7734375,5.17578125,6,5,13196,289.951171875,0,1,88,80,8,2,2,1,0x04,0,0,0,1,0,0,1,0,1,1,0,0,1,,,,,,,,,,,,,,,
811,27.066666666666666,1134775,34630.584716796875,34.630584716796875,15,D_TURN_BACK,0x9A,large_room|fast_turn|portal_view|stress,1331,1331,40.618896484375,24.6190833959429,6,0.18310546875,1325,40.435791015625,0,0.0,1734,1325,6.7734375,5.17578125,6,5,13298,292.1923828125,0,1,85,80,5,2,2,1,0x04,0,0,0,1,0,0,1,0,1,1,0,0,1,,,,,,,,,,,,,,,
812,27.1,1136097,34670.928955078125,34.670928955078125,15,D_TURN_BACK,0x9A,large_room|fast_turn|portal_view|stress,1322,1322,40.34423828125,24.786686838124055,6,0.18310546875,1316,40.1611328125,0,0.0,1734,1325,6.7734375,5.17578125,6,5,13400,294.43359375,0,1,83,80,3,2,2,1,0x04,0,0,0,1,0,0,1,0,1,1,0,0,1,,,,,,,,,,,,,,,
813,27.133333333333333,1137415,34711.151123046875,34.711151123046875,15,D_TURN_BACK,0x9A,large_room|fast_turn|portal_view|stress,1318,1318,40.22216796875,24.861911987860395,5,0.152587890625,1313,40.069580078125,0,0.0,1734,1325,6.7734375,5.17578125,6,5,13502,296.6748046875,0,1,83,80,3,2,2,1,0x04,0,0,0,1,0,0,1,0,1,1,0,0,1,,,,,,,,,,,,,,,
814,27.166666666666668,1138759,34752.166748046875,34.752166748046875,15,D_TURN_BACK,0x9A,large_room|fast_turn|portal_view|stress,1344,1344,41.015625,24.38095238095238,5,0.152587890625,1338,40.83251953125,1,0.030517578125,1734,1325,6.7734375,5.17578125,6,5,13604,298.916015625,0,1,84,80,4,2,2,1,0x04,0,0,0,1,0,0,1,0,1,1,0,0,1,,,,,,,,,,,,,,,
815,27.2,1140122,34793.76220703125,34.79376220703125,15,D_TURN_BACK,0x9A,large_room|fast_turn|portal_view|stress,1363,1363,41.595458984375,24.041085840058695,6,0.18310546875,1356,41.3818359375,1,0.030517578125,1734,1325,6.7734375,5.17578125,6,5,13706,301.1572265625,0,1,84,80,4,2,2,1,0x04,0,0,0,1,0,0,1,0,1,1,0,0,1,,,,,,,,,,,,,,,
816,27.233333333333334,1141492,34835.5712890625,34.8355712890625,15,D_TURN_BACK,0x9A,large_room|fast_turn|portal_view|stress,1370,1370,41.80908203125,23.91824817518248,6,0.18310546875,1364,41.6259765625,0,0.0,1734,1325,6.7734375,5.17578125,6,5,13808,303.3984375,0,1,84,80,4,2,2,1,0x04,0,0,0,1,0,0,1,0,1,1,0,0,1,,,,,,,,,,,,,,,
817,27.266666666666666,1142873,34877.716064453125,34.877716064453125,15,D_TURN_BACK,0x9A,large_room|fast_turn|portal_view|stress,1381,1381,42.144775390625,23.72773352643012,5,0.152587890625,1376,41.9921875,0,0.0,1734,1325,6.7734375,5.17578125,6,5,13910,305.6396484375,0,1,84,80,4,2,2,1,0x04,0,0,0,1,0,0,1,0,1,1,0,0,1,,,,,,,,,,,,,,,
818,27.3,1144254,34919.86083984375,34.91986083984375,15,D_TURN_BACK,0x9A,large_room|fast_turn|portal_view|stress,1381,1381,42.144775390625,23.72773352643012,5,0.152587890625,1375,41.961669921875,1,0.030517578125,1734,1325,6.7734375,5.17578125,6,5,14012,307.880859375,0,1,83,80,3,2,2,1,0x04,0,0,0,1,0,0,1,0,1,1,0,0,1,,,,,,,,,,,,,,,
819,27.333333333333332,1145617,34961.456298828125,34.961456298828125,15,D_TURN_BACK,0x9A,large_room|fast_turn|portal_view|stress,1363,1363,41.595458984375,24.041085840058695,6,0.18310546875,1357,41.412353515625,0,0.0,1734,1325,6.7734375,5.17578125,6,5,14114,310.1220703125,0,1,80,80,0,1,1,0,0x04,0,0,0,1,0,0,1,0,1,1,0,0,1,,,,,,,,,,,,,,,
820,27.366666666666667,1146974,35002.86865234375,35.00286865234375,15,D_TURN_BACK,0x9A,large_room|fast_turn|portal_view|stress,1357,1357,41.412353515625,24.14738393515107,6,0.18310546875,1351,41.229248046875,0,0.0,1734,1325,6.7734375,5.17578125,6,5,14216,312.36328125,0,1,80,80,0,1,1,0,0x04,0,0,0,1,0,0,1,0,1,1,0,0,1,,,,,,,,,,,,,,,
821,27.4,1148333,35044.342041015625,35.044342041015625,15,D_TURN_BACK,0x9A,large_room|fast_turn|portal_view|stress,1359,1359,41.473388671875,24.111846946284032,6,0.18310546875,1353,41.290283203125,0,0.0,1734,1325,6.7734375,5.17578125,6,5,14318,314.6044921875,0,1,80,80,0,1,1,0,0x04,0,0,0,1,0,0,1,0,1,1,0,0,1,,,,,,,,,,,,,,,
822,27.433333333333334,1149683,35085.540771484375,35.085540771484375,15,D_TURN_BACK,0x9A,large_room|fast_turn|portal_view|stress,1350,1350,41.19873046875,24.27259259259259,5,0.152587890625,1344,41.015625,1,0.030517578125,1734,1325,6.7734375,5.17578125,6,5,14420,316.845703125,0,1,80,80,0,1,1,0,0x04,0,0,0,1,0,0,1,0,1,1,0,0,1,,,,,,,,,,,,,,,
823,27.466666666666665,1151025,35126.495361328125,35.126495361328125,15,D_TURN_BACK,0x9A,large_room|fast_turn|portal_view|stress,1342,1342,40.95458984375,24.417287630402384,6,0.18310546875,1336,40.771484375,0,0.0,1734,1325,6.7734375,5.17578125,6,5,14522,319.0869140625,0,1,80,80,0,1,1,0,0x04,0,0,0,1,0,0,1,0,1,1,0,0,1,,,,,,,,,,,,,,,
824,27.5,1152356,35167.1142578125,35.1671142578125,15,D_TURN_BACK,0x9A,large_room|fast_turn|portal_view|stress,1331,1331,40.618896484375,24.6190833959429,5,0.152587890625,1325,40.435791015625,1,0.030517578125,1734,1325,6.7734375,5.17578125,6,5,14624,321.328125,0,1,80,80,0,1,1,0,0x04,0,0,0,1,0,0,1,0,1,1,0,0,1,,,,,,,,,,,,,,,
825,27.533333333333335,1153677,35207.427978515625,35.207427978515625,15,D_TURN_BACK,0x9A,large_room|fast_turn|portal_view|stress,1321,1321,40.313720703125,24.80545041635125,6,0.18310546875,1314,40.10009765625,1,0.030517578125,1734,1325,6.7734375,5.17578125,6,5,14726,323.5693359375,0,1,80,80,0,1,1,0,0x04,0,0,0,1,0,0,1,0,1,1,0,0,1,,,,,,,,,,,,,,,
826,27.566666666666666,1154991,35247.528076171875,35.247528076171875,15,D_TURN_BACK,0x9A,large_room|fast_turn|portal_view|stress,1314,1314,40.10009765625,24.93759512937595,6,0.18310546875,1307,39.886474609375,1,0.030517578125,1734,1325,6.7734375,5.17578125,6,5,14828,325.810546875,0,1,81,80,1,2,2,1,0x04,0,0,0,1,0,0,1,0,1,1,0,0,1,,,,,,,,,,,,,,,
827,27.6,1156318,35288.02490234375,35.28802490234375,15,D_TURN_BACK,0x9A,large_room|fast_turn|portal_view|stress,1327,1327,40.496826171875,24.693293142426526,6,0.18310546875,1321,40.313720703125,0,0.0,1734,1325,6.7734375,5.17578125,6,5,14930,328.0517578125,0,1,84,80,4,2,2,1,0x04,0,0,0,1,0,0,1,0,1,1,0,0,1,,,,,,,,,,,,,,,
828,27.633333333333333,1157650,35328.67431640625,35.32867431640625,15,D_TURN_BACK,0x9A,large_room|fast_turn|portal_view|stress,1332,1332,40.6494140625,24.6006006006006,5,0.152587890625,1326,40.46630859375,1,0.030517578125,1734,1325,6.7734375,5.17578125,6,5,15032,330.29296875,0,1,87,80,7,2,2,1,0x04,0,0,0,1,0,0,1,0,1,1,0,0,1,,,,,,,,,,,,,,,
829,27.666666666666668,1159002,35369.93408203125,35.36993408203125,15,D_TURN_BACK,0x9A,large_room|fast_turn|portal_view|stress,1352,1352,41.259765625,24.236686390532544,6,0.18310546875,1346,41.07666015625,0,0.0,1734,1325,6.7734375,5.17578125,6,5,15134,332.5341796875,0,1,91,80,11,3,3,2,0x04,0,0,0,1,0,0,1,0,1,1,0,0,1,,,,,,,,,,,,,,,
830,27.7,1160393,35412.384033203125,35.412384033203125,15,D_TURN_BACK,0x9A,large_room|fast_turn|portal_view|stress,1391,1391,42.449951171875,23.557153127246586,5,0.152587890625,1385,42.266845703125,1,0.030517578125,1734,1325,6.7734375,5.17578125,6,5,15236,334.775390625,0,1,97,80,17,3,3,2,0x04,0,0,0,1,0,0,1,0,1,1,0,0,1,,,,,,,,,,,,,,,
831,27.733333333333334,1161780,35454.7119140625,35.4547119140625,15,D_TURN_BACK,0x9A,large_room|fast_turn|portal_view|stress,1387,1387,42.327880859375,23.62509012256669,6,0.18310546875,1380,42.1142578125,1,0.030517578125,1734,1325,6.7734375,5.17578125,6,5,15338,337.0166015625,0,1,100,80,20,3,3,2,0x04,0,0,0,1,0,0,1,0,1,1,0,0,1,,,,,,,,,,,,,,,
832,27.766666666666666,1163170,35497.13134765625,35.49713134765625,15,D_TURN_BACK,0x9A,large_room|fast_turn|portal_view|stress,1390,1390,42.41943359375,23.57410071942446,6,0.18310546875,1384,42.236328125,0,0.0,1734,1325,6.7734375,5.17578125,6,5,15440,339.2578125,0,1,102,80,22,3,3,2,0x04,0,0,0,1,0,0,1,0,1,1,0,0,1,,,,,,,,,,,,,,,
833,27.8,1164537,35538.848876953125,35.538848876953125,15,D_TURN_BACK,0x9A,large_room|fast_turn|portal_view|stress,1367,1367,41.717529296875,23.970738844184346,6,0.18310546875,1361,41.534423828125,0,0.0,1734,1325,6.7734375,5.17578125,6,5,15542,341.4990234375,0,1,101,80,21,3,3,2,0x04,0,0,0,1,0,0,1,0,1,1,0,0,1,,,,,,,,,,,,,,,
834,27.833333333333332,1165908,35580.6884765625,35.5806884765625,15,D_TURN_BACK,0x9A,large_room|fast_turn|portal_view|stress,1371,1371,41.839599609375,23.90080233406273,5,0.152587890625,1365,41.656494140625,1,0.030517578125,1734,1325,6.7734375,5.17578125,6,5,15644,343.740234375,0,1,104,80,24,3,3,2,0x04,0,0,0,1,0,0,1,0,1,1,0,0,1,,,,,,,,,,,,,,,
835,27.866666666666667,1167246,35621.52099609375,35.62152099609375,15,D_TURN_BACK,0x9A,large_room|fast_turn|portal_view|stress,1338,1338,40.83251953125,24.490284005979074,6,0.18310546875,1331,40.618896484375,1,0.030517578125,1734,1325,6.7734375,5.17578125,6,5,15746,345.9814453125,0,1,103,80,23,3,3,2,0x04,0,0,0,1,0,0,1,0,1,1,0,0,1,,,,,,,,,,,,,,,
836,27.9,1168565,35661.773681640625,35.661773681640625,15,D_TURN_BACK,0x9A,large_room|fast_turn|portal_view|stress,1319,1319,40.252685546875,24.84306292645944,5,0.152587890625,1313,40.069580078125,1,0.030517578125,1734,1325,6.7734375,5.17578125,6,5,15848,348.22265625,0,1,102,80,22,3,3,2,0x04,0,0,0,1,0,0,1,0,1,1,0,0,1,,,,,,,,,,,,,,,
837,27.933333333333334,1169859,35701.263427734375,35.701263427734375,15,D_TURN_BACK,0x9A,large_room|fast_turn|portal_view|stress,1294,1294,39.48974609375,25.323029366306027,5,0.152587890625,1289,39.337158203125,0,0.0,1734,1325,6.7734375,5.17578125,6,5,15950,350.4638671875,0,1,102,80,22,3,3,2,0x04,0,0,0,1,0,0,1,0,1,1,0,0,1,,,,,,,,,,,,,,,
838,27.966666666666665,1171141,35740.386962890625,35.740386962890625,15,D_TURN_BACK,0x9A,large_room|fast_turn|portal_view|stress,1282,1282,39.12353515625,25.5600624024961,6,0.18310546875,1275,38.909912109375,1,0.030517578125,1734,1325,6.7734375,5.17578125,6,5,16052,352.705078125,0,1,101,80,21,3,3,2,0x04,0,0,0,1,0,0,1,0,1,1,0,0,1,,,,,,,,,,,,,,,
839,28.0,1172399,35778.778076171875,35.778778076171875,15,D_TURN_BACK,0x9A,large_room|fast_turn|portal_view|stress,1258,1258,38.39111328125,26.047694753577108,6,0.18310546875,1252,38.2080078125,0,0.0,1734,1325,6.7734375,5.17578125,6,5,16154,354.9462890625,0,1,100,80,20,3,3,2,0x04,0,0,0,1,0,0,1,0,1,1,0,0,1,,,,,,,,,,,,,,,
840,28.033333333333335,1173646,35816.83349609375,35.81683349609375,15,D_TURN_BACK,0x9A,large_room|fast_turn|portal_view|stress,1247,1247,38.055419921875,26.27746591820369,5,0.152587890625,1242,37.90283203125,0,0.0,1734,1325,6.7734375,5.17578125,6,5,16256,357.1875,0,1,100,80,20,3,3,2,0x0C,0,0,0,1,1,0,1,0,1,1,0,0,1,,,,,,,,,,,,,,,
841,28.066666666666666,1175000,35858.154296875,35.858154296875,16,D_RETURN,0xF2,large_room|portal_view|portal_approach|portal_cross|stress,1354,1354,41.32080078125,24.20088626292467,20,0.6103515625,1333,40.679931640625,1,0.030517578125,1753,1324,6.84765625,5.171875,6,5,16256,357.1875,1,0,100,80,20,3,3,2,0x04,0,0,0,1,0,0,1,0,0,1,1,1,1,,,,,,,,,,,,,,,
842,28.1,1176356,35899.5361328125,35.8995361328125,16,D_RETURN,0xF2,large_room|portal_view|portal_approach|portal_cross|stress,1356,1356,41.3818359375,24.16519174041298,21,0.640869140625,1334,40.71044921875,1,0.030517578125,1772,1323,6.921875,5.16796875,6,5,16256,357.1875,1,0,100,80,20,3,3,2,0x04,0,0,0,1,0,0,1,0,0,1,1,1,1,,,,,,,,,,,,,,,
843,28.133333333333333,1177709,35940.826416015625,35.940826416015625,16,D_RETURN,0xF2,large_room|portal_view|portal_approach|portal_cross|stress,1353,1353,41.290283203125,24.218773096821877,21,0.640869140625,1332,40.6494140625,0,0.0,1791,1322,6.99609375,5.1640625,6,5,16256,357.1875,1,0,100,80,20,3,3,2,0x04,0,0,0,1,0,0,1,0,0,1,1,1,1,,,,,,,,,,,,,,,
844,28.166666666666668,1179057,35981.964111328125,35.981964111328125,16,D_RETURN,0xF2,large_room|portal_view|portal_approach|portal_cross|stress,1348,1348,41.1376953125,24.30860534124629,21,0.640869140625,1326,40.46630859375,1,0.030517578125,1810,1321,7.0703125,5.16015625,7,5,16256,357.1875,1,0,101,80,21,3,3,2,0x04,0,0,0,1,0,0,1,0,0,1,1,1,1,,,,,,,,,,,,,,,
845,28.2,1180402,36023.01025390625,36.02301025390625,16,D_RETURN,0xF2,large_room|portal_view|portal_approach|portal_cross|stress,1345,1345,41.046142578125,24.36282527881041,21,0.640869140625,1324,40.4052734375,0,0.0,1829,1320,7.14453125,5.15625,7,5,16256,357.1875,1,0,101,80,21,3,3,2,0x04,0,0,0,1,0,0,1,0,0,1,1,1,1,,,,,,,,,,,,,,,
846,28.233333333333334,1181743,36063.934326171875,36.063934326171875,16,D_RETURN,0xF2,large_room|portal_view|portal_approach|portal_cross|stress,1341,1341,40.924072265625,24.435495898583145,20,0.6103515625,1320,40.283203125,1,0.030517578125,1848,1319,7.21875,5.15234375,7,5,16256,357.1875,1,0,101,80,21,3,3,2,0x04,0,0,0,1,0,0,1,0,0,1,1,1,1,,,,,,,,,,,,,,,
847,28.266666666666666,1183088,36104.98046875,36.10498046875,16,D_RETURN,0xF2,large_room|portal_view|portal_approach|portal_cross|stress,1345,1345,41.046142578125,24.36282527881041,20,0.6103515625,1324,40.4052734375,1,0.030517578125,1867,1318,7.29296875,5.1484375,7,5,16256,357.1875,1,0,101,80,21,3,3,2,0x04,0,0,0,1,0,0,1,0,0,1,1,1,1,,,,,,,,,,,,,,,
848,28.3,1184442,36146.30126953125,36.14630126953125,16,D_RETURN,0xF2,large_room|portal_view|portal_approach|portal_cross|stress,1354,1354,41.32080078125,24.20088626292467,20,0.6103515625,1333,40.679931640625,1,0.030517578125,1886,1317,7.3671875,5.14453125,7,5,16256,357.1875,1,0,101,80,21,3,3,2,0x04,0,0,0,1,0,0,1,0,0,1,1,1,1,,,,,,,,,,,,,,,
849,28.333333333333332,1185801,36187.774658203125,36.187774658203125,16,D_RETURN,0xF2,large_room|portal_view|portal_approach|portal_cross|stress,1359,1359,41.473388671875,24.111846946284032,20,0.6103515625,1338,40.83251953125,1,0.030517578125,1905,1316,7.44140625,5.140625,7,5,16256,357.1875,1,0,102,80,22,3,3,2,0x04,0,0,0,1,0,0,1,0,0,1,1,1,1,,,,,,,,,,,,,,,
850,28.366666666666667,1187162,36229.30908203125,36.22930908203125,16,D_RETURN,0xF2,large_room|portal_view|portal_approach|portal_cross|stress,1361,1361,41.534423828125,24.076414401175604,21,0.640869140625,1340,40.8935546875,0,0.0,1924,1315,7.515625,5.13671875,7,5,16256,357.1875,1,0,102,80,22,3,3,2,0x0E,1,0,0,1,1,0,1,0,0,1,1,1,1,41.046142578125,2.3193359375,0.0,15.472412109375,9.368896484375,3.692626953125,7.537841796875,2.655029296875,22,80,22,22,22,3330,862
851,28.4,1188498,36270.08056640625,36.27008056640625,17,BOUNDARY_SLOW,0x96,large_room|slow_turn|portal_view|stress,1336,1336,40.771484375,24.526946107784433,5,0.152587890625,1331,40.618896484375,0,0.0,1924,1315,7.515625,5.13671875,7,5,16358,359.4287109375,0,1,101,80,21,3,3,2,0x04,0,0,0,1,0,0,1,1,0,1,0,0,1,,,,,,,,,,,,,,,
852,28.433333333333334,1189835,36310.882568359375,36.310882568359375,17,BOUNDARY_SLOW,0x96,large_room|slow_turn|portal_view|stress,1337,1337,40.802001953125,24.50860134629768,6,0.18310546875,1330,40.58837890625,1,0.030517578125,1924,1315,7.515625,5.13671875,7,5,16358,359.4287109375,0,0,101,80,21,3,3,2,0x00,0,0,0,0,0,0,1,1,0,1,0,0,1,,,,,,,,,,,,,,,
853,28.466666666666665,1191217,36353.057861328125,36.353057861328125,17,BOUNDARY_SLOW,0x96,large_room|slow_turn|portal_view|stress,1382,1382,42.17529296875,23.710564399421127,6,0.18310546875,1376,41.9921875,0,0.0,1924,1315,7.515625,5.13671875,7,5,76,1.669921875,0,1,100,80,20,3,3,2,0x04,0,0,0,1,0,0,1,1,0,1,0,0,1,,,,,,,,,,,,,,,
854,28.5,1192599,36395.233154296875,36.395233154296875,17,BOUNDARY_SLOW,0x96,large_room|slow_turn|portal_view|stress,1382,1382,42.17529296875,23.710564399421127,6,0.18310546875,1376,41.9921875,0,0.0,1924,1315,7.515625,5.13671875,7,5,76,1.669921875,0,0,100,80,20,3,3,2,0x00,0,0,0,0,0,0,1,1,0,1,0,0,1,,,,,,,,,,,,,,,
855,28.533333333333335,1193990,36437.68310546875,36.43768310546875,17,BOUNDARY_SLOW,0x96,large_room|slow_turn|portal_view|stress,1391,1391,42.449951171875,23.557153127246586,6,0.18310546875,1384,42.236328125,1,0.030517578125,1924,1315,7.515625,5.13671875,7,5,178,3.9111328125,0,1,101,80,21,3,3,2,0x04,0,0,0,1,0,0,1,1,0,1,0,0,1,,,,,,,,,,,,,,,
856,28.566666666666666,1195381,36480.133056640625,36.480133056640625,17,BOUNDARY_SLOW,0x96,large_room|slow_turn|portal_view|stress,1391,1391,42.449951171875,23.557153127246586,6,0.18310546875,1384,42.236328125,1,0.030517578125,1924,1315,7.515625,5.13671875,7,5,178,3.9111328125,0,0,101,80,21,3,3,2,0x00,0,0,0,0,0,0,1,1,0,1,0,0,1,,,,,,,,,,,,,,,
857,28.6,1196792,36523.193359375,36.523193359375,17,BOUNDARY_SLOW,0x96,large_room|slow_turn|portal_view|stress,1411,1411,43.060302734375,23.223245924875975,6,0.18310546875,1405,42.877197265625,0,0.0,1924,1315,7.515625,5.13671875,7,5,280,6.15234375,0,1,102,80,22,3,3,2,0x04,0,0,0,1,0,0,1,1,0,1,0,0,1,,,,,,,,,,,,,,,
858,28.633333333333333,1198203,36566.253662109375,36.566253662109375,17,BOUNDARY_SLOW,0x96,large_room|slow_turn|portal_view|stress,1411,1411,43.060302734375,23.223245924875975,6,0.18310546875,1405,42.877197265625,0,0.0,1924,1315,7.515625,5.13671875,7,5,280,6.15234375,0,0,102,80,22,3,3,2,0x00,0,0,0,0,0,0,1,1,0,1,0,0,1,,,,,,,,,,,,,,,
859,28.666666666666668,1199611,36609.222412109375,36.609222412109375,17,BOUNDARY_SLOW,0x96,large_room|slow_turn|portal_view|stress,1408,1408,42.96875,23.272727272727273,5,0.152587890625,1403,42.816162109375,0,0.0,1924,1315,7.515625,5.13671875,7,5,382,8.3935546875,0,1,101,80,21,3,3,2,0x04,0,0,0,1,0,0,1,1,0,1,0,0,1,,,,,,,,,,,,,,,
860,28.7,1201019,36652.191162109375,36.652191162109375,17,BOUNDARY_SLOW,0x96,large_room|slow_turn|portal_view|stress,1408,1408,42.96875,23.272727272727273,6,0.18310546875,1402,42.78564453125,0,0.0,1924,1315,7.515625,5.13671875,7,5,382,8.3935546875,0,0,101,80,21,3,3,2,0x00,0,0,0,0,0,0,1,1,0,1,0,0,1,,,,,,,,,,,,,,,
861,28.733333333333334,1202449,36695.831298828125,36.695831298828125,17,BOUNDARY_SLOW,0x96,large_room|slow_turn|portal_view|stress,1430,1430,43.64013671875,22.914685314685315,6,0.18310546875,1423,43.426513671875,1,0.030517578125,1924,1315,7.515625,5.13671875,7,5,484,10.634765625,0,1,102,80,22,3,3,2,0x04,0,0,0,1,0,0,1,1,0,1,0,0,1,,,,,,,,,,,,,,,
862,28.766666666666666,1203880,36739.501953125,36.739501953125,17,BOUNDARY_SLOW,0x96,large_room|slow_turn|portal_view|stress,1431,1431,43.670654296875,22.898672257162822,6,0.18310546875,1424,43.45703125,1,0.030517578125,1924,1315,7.515625,5.13671875,7,5,484,10.634765625,0,0,102,80,22,3,3,2,0x00,0,0,0,0,0,0,1,1,0,1,0,0,1,,,,,,,,,,,,,,,
863,28.8,1205316,36783.3251953125,36.7833251953125,17,BOUNDARY_SLOW,0x96,large_room|slow_turn|portal_view|stress,1436,1436,43.8232421875,22.818941504178273,5,0.152587890625,1430,43.64013671875,1,0.030517578125,1924,1315,7.515625,5.13671875,7,5,586,12.8759765625,0,1,103,80,23,3,3,2,0x04,0,0,0,1,0,0,1,1,0,1,0,0,1,,,,,,,,,,,,,,,
864,28.833333333333332,1206752,36827.1484375,36.8271484375,17,BOUNDARY_SLOW,0x96,large_room|slow_turn|portal_view|stress,1436,1436,43.8232421875,22.818941504178273,5,0.152587890625,1430,43.64013671875,1,0.030517578125,1924,1315,7.515625,5.13671875,7,5,586,12.8759765625,0,0,103,80,23,3,3,2,0x00,0,0,0,0,0,0,1,1,0,1,0,0,1,,,,,,,,,,,,,,,
865,28.866666666666667,1208178,36870.66650390625,36.87066650390625,17,BOUNDARY_SLOW,0x96,large_room|slow_turn|portal_view|stress,1426,1426,43.51806640625,22.978962131837307,6,0.18310546875,1419,43.304443359375,1,0.030517578125,1924,1315,7.515625,5.13671875,7,5,688,15.1171875,0,1,101,80,21,3,3,2,0x04,0,0,0,1,0,0,1,1,0,1,0,0,1,,,,,,,,,,,,,,,
866,28.9,1209604,36914.1845703125,36.9141845703125,17,BOUNDARY_SLOW,0x96,large_room|slow_turn|portal_view|stress,1426,1426,43.51806640625,22.978962131837307,6,0.18310546875,1420,43.3349609375,0,0.0,1924,1315,7.515625,5.13671875,7,5,688,15.1171875,0,0,101,80,21,3,3,2,0x00,0,0,0,0,0,0,1,1,0,1,0,0,1,,,,,,,,,,,,,,,
867,28.933333333333334,1211047,36958.221435546875,36.958221435546875,17,BOUNDARY_SLOW,0x96,large_room|slow_turn|portal_view|stress,1443,1443,44.036865234375,22.70824670824671,5,0.152587890625,1438,43.88427734375,0,0.0,1924,1315,7.515625,5.13671875,7,5,790,17.3583984375,0,1,103,80,23,3,3,2,0x04,0,0,0,1,0,0,1,1,0,1,0,0,1,,,,,,,,,,,,,,,
868,28.966666666666665,1212491,37002.288818359375,37.002288818359375,17,BOUNDARY_SLOW,0x96,large_room|slow_turn|portal_view|stress,1444,1444,44.0673828125,22.69252077562327,6,0.18310546875,1438,43.88427734375,0,0.0,1924,1315,7.515625,5.13671875,7,5,790,17.3583984375,0,0,103,80,23,3,3,2,0x00,0,0,0,0,0,0,1,1,0,1,0,0,1,,,,,,,,,,,,,,,
869,29.0,1213928,37046.142578125,37.046142578125,17,BOUNDARY_SLOW,0x96,large_room|slow_turn|portal_view|stress,1437,1437,43.853759765625,22.803061934585944,6,0.18310546875,1431,43.670654296875,0,0.0,1924,1315,7.515625,5.13671875,7,5,892,19.599609375,0,1,102,80,22,3,3,2,0x04,0,0,0,1,0,0,1,1,0,1,0,0,1,,,,,,,,,,,,,,,
870,29.033333333333335,1215367,37090.057373046875,37.090057373046875,17,BOUNDARY_SLOW,0x96,large_room|slow_turn|portal_view|stress,1439,1439,43.914794921875,22.771369006254343,6,0.18310546875,1432,43.701171875,1,0.030517578125,1924,1315,7.515625,5.13671875,7,5,892,19.599609375,0,0,102,80,22,3,3,2,0x00,0,0,0,0,0,0,1,1,0,1,0,0,1,,,,,,,,,,,,,,,
871,29.066666666666666,1216810,37134.09423828125,37.13409423828125,17,BOUNDARY_SLOW,0x96,large_room|slow_turn|portal_view|stress,1443,1443,44.036865234375,22.70824670824671,5,0.152587890625,1437,43.853759765625,1,0.030517578125,1924,1315,7.515625,5.13671875,7,5,994,21.8408203125,0,1,103,80,23,3,3,2,0x04,0,0,0,1,0,0,1,1,0,1,0,0,1,,,,,,,,,,,,,,,
872,29.1,1218253,37178.131103515625,37.178131103515625,17,BOUNDARY_SLOW,0x96,large_room|slow_turn|portal_view|stress,1443,1443,44.036865234375,22.70824670824671,6,0.18310546875,1437,43.853759765625,0,0.0,1924,1315,7.515625,5.13671875,7,5,994,21.8408203125,0,0,103,80,23,3,3,2,0x00,0,0,0,0,0,0,1,1,0,1,0,0,1,,,,,,,,,,,,,,,
873,29.133333333333333,1219702,37222.35107421875,37.22235107421875,17,BOUNDARY_SLOW,0x96,large_room|slow_turn|portal_view|stress,1449,1449,44.219970703125,22.614216701173223,6,0.18310546875,1442,44.00634765625,1,0.030517578125,1924,1315,7.515625,5.13671875,7,5,1096,24.08203125,0,1,103,80,23,3,3,2,0x04,0,0,0,1,0,0,1,1,0,1,0,0,1,,,,,,,,,,,,,,,
874,29.166666666666668,1221152,37266.6015625,37.2666015625,17,BOUNDARY_SLOW,0x96,large_room|slow_turn|portal_view|stress,1450,1450,44.25048828125,22.59862068965517,6,0.18310546875,1443,44.036865234375,1,0.030517578125,1924,1315,7.515625,5.13671875,7,5,1096,24.08203125,0,0,103,80,23,3,3,2,0x00,0,0,0,0,0,0,1,1,0,1,0,0,1,,,,,,,,,,,,,,,
875,29.2,1222617,37311.309814453125,37.311309814453125,17,BOUNDARY_SLOW,0x96,large_room|slow_turn|portal_view|stress,1465,1465,44.708251953125,22.367235494880546,6,0.18310546875,1458,44.49462890625,1,0.030517578125,1924,1315,7.515625,5.13671875,7,5,1198,26.3232421875,0,1,105,80,25,3,3,2,0x04,0,0,0,1,0,0,1,1,0,1,0,0,1,,,,,,,,,,,,,,,
876,29.233333333333334,1224082,37356.01806640625,37.35601806640625,17,BOUNDARY_SLOW,0x96,large_room|slow_turn|portal_view|stress,1465,1465,44.708251953125,22.367235494880546,6,0.18310546875,1458,44.49462890625,1,0.030517578125,1924,1315,7.515625,5.13671875,7,5,1198,26.3232421875,0,0,105,80,25,3,3,2,0x00,0,0,0,0,0,0,1,1,0,1,0,0,1,,,,,,,,,,,,,,,
877,29.266666666666666,1225554,37400.93994140625,37.40093994140625,17,BOUNDARY_SLOW,0x96,large_room|slow_turn|portal_view|stress,1472,1472,44.921875,22.26086956521739,6,0.18310546875,1465,44.708251953125,1,0.030517578125,1924,1315,7.515625,5.13671875,7,5,1300,28.564453125,0,1,106,80,26,3,3,2,0x04,0,0,0,1,0,0,1,1,0,1,0,0,1,,,,,,,,,,,,,,,
878,29.3,1227025,37445.831298828125,37.445831298828125,17,BOUNDARY_SLOW,0x96,large_room|slow_turn|portal_view|stress,1471,1471,44.891357421875,22.276002719238612,5,0.152587890625,1465,44.708251953125,1,0.030517578125,1924,1315,7.515625,5.13671875,7,5,1300,28.564453125,0,0,106,80,26,3,3,2,0x00,0,0,0,0,0,0,1,1,0,1,0,0,1,,,,,,,,,,,,,,,
879,29.333333333333332,1228503,37490.936279296875,37.490936279296875,17,BOUNDARY_SLOW,0x96,large_room|slow_turn|portal_view|stress,1478,1478,45.10498046875,22.170500676589988,6,0.18310546875,1471,44.891357421875,1,0.030517578125,1924,1315,7.515625,5.13671875,7,5,1402,30.8056640625,0,1,106,80,26,3,3,2,0x06,1,0,0,1,0,0,1,1,0,1,0,0,1,43.060302734375,1.922607421875,0.0,16.9677734375,10.345458984375,4.21142578125,6.622314453125,2.99072265625,26,80,26,26,26,2357,1118
880,29.366666666666667,1229981,37536.041259765625,37.536041259765625,17,BOUNDARY_SLOW,0x96,large_room|slow_turn|portal_view|stress,1478,1478,45.10498046875,22.170500676589988,6,0.18310546875,1471,44.891357421875,1,0.030517578125,1924,1315,7.515625,5.13671875,7,5,1402,30.8056640625,0,0,106,80,26,3,3,2,0x00,0,0,0,0,0,0,1,1,0,1,0,0,1,,,,,,,,,,,,,,,
881,29.4,1231449,37580.841064453125,37.580841064453125,17,BOUNDARY_SLOW,0x96,large_room|slow_turn|portal_view|stress,1468,1468,44.7998046875,22.321525885558582,5,0.152587890625,1462,44.61669921875,1,0.030517578125,1924,1315,7.515625,5.13671875,7,5,1504,33.046875,0,1,105,80,25,3,3,2,0x04,0,0,0,1,0,0,1,1,0,1,0,0,1,,,,,,,,,,,,,,,
882,29.433333333333334,1232918,37625.67138671875,37.62567138671875,17,BOUNDARY_SLOW,0x96,large_room|slow_turn|portal_view|stress,1469,1469,44.830322265625,22.306330837304287,6,0.18310546875,1462,44.61669921875,1,0.030517578125,1924,1315,7.515625,5.13671875,7,5,1504,33.046875,0,0,105,80,25,3,3,2,0x00,0,0,0,0,0,0,1,1,0,1,0,0,1,,,,,,,,,,,,,,,
883,29.466666666666665,1234365,37669.830322265625,37.669830322265625,17,BOUNDARY_SLOW,0x96,large_room|slow_turn|portal_view|stress,1447,1447,44.158935546875,22.645473393227366,6,0.18310546875,1440,43.9453125,1,0.030517578125,1924,1315,7.515625,5.13671875,7,5,1606,35.2880859375,0,1,103,80,23,3,3,2,0x04,0,0,0,1,0,0,1,1,0,1,0,0,1,,,,,,,,,,,,,,,
884,29.5,1235811,37713.958740234375,37.713958740234375,17,BOUNDARY_SLOW,0x96,large_room|slow_turn|portal_view|stress,1446,1446,44.12841796875,22.661134163208853,5,0.152587890625,1441,43.975830078125,0,0.0,1924,1315,7.515625,5.13671875,7,5,1606,35.2880859375,0,0,103,80,23,3,3,2,0x00,0,0,0,0,0,0,1,1,0,1,0,0,1,,,,,,,,,,,,,,,
885,29.533333333333335,1237266,37758.36181640625,37.75836181640625,17,BOUNDARY_SLOW,0x96,large_room|slow_turn|portal_view|stress,1455,1455,44.403076171875,22.520962199312716,5,0.152587890625,1450,44.25048828125,0,0.0,1924,1315,7.515625,5.13671875,7,5,1708,37.529296875,0,1,101,80,21,3,3,2,0x04,0,0,0,1,0,0,1,1,0,1,0,0,1,,,,,,,,,,,,,,,
886,29.566666666666666,1238721,37802.764892578125,37.802764892578125,17,BOUNDARY_SLOW,0x96,large_room|slow_turn|portal_view|stress,1455,1455,44.403076171875,22.520962199312716,6,0.18310546875,1449,44.219970703125,0,0.0,1924,1315,7.515625,5.13671875,7,5,1708,37.529296875,0,0,101,80,21,3,3,2,0x00,0,0,0,0,0,0,1,1,0,1,0,0,1,,,,,,,,,,,,,,,
887,29.6,1240147,37846.282958984375,37.846282958984375,17,BOUNDARY_SLOW,0x96,large_room|slow_turn|portal_view|stress,1426,1426,43.51806640625,22.978962131837307,6,0.18310546875,1420,43.3349609375,0,0.0,1924,1315,7.515625,5.13671875,7,5,1810,39.7705078125,0,1,97,80,17,3,3,2,0x04,0,0,0,1,0,0,1,1,0,1,0,0,1,,,,,,,,,,,,,,,
888,29.633333333333333,1241573,37889.801025390625,37.889801025390625,17,BOUNDARY_SLOW,0x96,large_room|slow_turn|portal_view|stress,1426,1426,43.51806640625,22.978962131837307,6,0.18310546875,1420,43.3349609375,0,0.0,1924,1315,7.515625,5.13671875,7,5,1810,39.7705078125,0,0,97,80,17,3,3,2,0x00,0,0,0,0,0,0,1,1,0,1,0,0,1,,,,,,,,,,,,,,,
889,29.666666666666668,1242952,37931.884765625,37.931884765625,17,BOUNDARY_SLOW,0x96,large_room|slow_turn|portal_view|stress,1379,1379,42.083740234375,23.762146482958666,5,0.152587890625,1373,41.900634765625,1,0.030517578125,1924,1315,7.515625,5.13671875,7,5,1912,42.01171875,0,1,91,80,11,2,2,1,0x04,0,0,0,1,0,0,1,1,0,1,0,0,1,,,,,,,,,,,,,,,
890,29.7,1244331,37973.968505859375,37.973968505859375,17,BOUNDARY_SLOW,0x96,large_room|slow_turn|portal_view|stress,1379,1379,42.083740234375,23.762146482958666,6,0.18310546875,1373,41.900634765625,0,0.0,1924,1315,7.515625,5.13671875,7,5,1912,42.01171875,0,0,91,80,11,2,2,1,0x00,0,0,0,0,0,0,1,1,0,1,0,0,1,,,,,,,,,,,,,,,
891,29.733333333333334,1245686,38015.31982421875,38.01531982421875,17,BOUNDARY_SLOW,0x96,large_room|slow_turn|portal_view|stress,1355,1355,41.351318359375,24.183025830258302,6,0.18310546875,1348,41.1376953125,1,0.030517578125,1924,1315,7.515625,5.13671875,7,5,2014,44.2529296875,0,1,88,80,8,2,2,1,0x04,0,0,0,1,0,0,1,1,0,1,0,0,1,,,,,,,,,,,,,,,
892,29.766666666666666,1247041,38056.671142578125,38.056671142578125,17,BOUNDARY_SLOW,0x96,large_room|slow_turn|portal_view|stress,1355,1355,41.351318359375,24.183025830258302,6,0.18310546875,1348,41.1376953125,1,0.030517578125,1924,1315,7.515625,5.13671875,7,5,2014,44.2529296875,0,0,88,80,8,2,2,1,0x00,0,0,0,0,0,0,1,1,0,1,0,0,1,,,,,,,,,,,,,,,
893,29.8,1248367,38097.137451171875,38.097137451171875,17,BOUNDARY_SLOW,0x96,large_room|slow_turn|portal_view|stress,1326,1326,40.46630859375,24.71191553544495,5,0.152587890625,1321,40.313720703125,0,0.0,1924,1315,7.515625,5.13671875,7,5,2116,46.494140625,0,1,84,80,4,2,2,1,0x04,0,0,0,1,0,0,1,1,0,1,0,0,1,,,,,,,,,,,,,,,
894,29.833333333333332,1249694,38137.63427734375,38.13763427734375,17,BOUNDARY_SLOW,0x96,large_room|slow_turn|portal_view|stress,1327,1327,40.496826171875,24.693293142426526,6,0.18310546875,1321,40.313720703125,0,0.0,1924,1315,7.515625,5.13671875,7,5,2116,46.494140625,0,0,84,80,4,2,2,1,0x00,0,0,0,0,0,0,1,1,0,1,0,0,1,,,,,,,,,,,,,,,
895,29.866666666666667,1250989,38177.154541015625,38.177154541015625,17,BOUNDARY_SLOW,0x96,large_room|slow_turn|portal_view|stress,1295,1295,39.520263671875,25.303474903474903,6,0.18310546875,1289,39.337158203125,0,0.0,1924,1315,7.515625,5.13671875,7,5,2218,48.7353515625,0,1,81,80,1,2,2,1,0x04,0,0,0,1,0,0,1,1,0,1,0,0,1,,,,,,,,,,,,,,,
896,29.9,1252283,38216.644287109375,38.216644287109375,17,BOUNDARY_SLOW,0x96,large_room|slow_turn|portal_view|stress,1294,1294,39.48974609375,25.323029366306027,6,0.18310546875,1288,39.306640625,0,0.0,1924,1315,7.515625,5.13671875,7,5,2218,48.7353515625,0,0,81,80,1,2,2,1,0x00,0,0,0,0,0,0,1,1,0,1,0,0,1,,,,,,,,,,,,,,,
897,29.933333333333334,1253561,38255.645751953125,38.255645751953125,17,BOUNDARY_SLOW,0x96,large_room|slow_turn|portal_view|stress,1278,1278,39.00146484375,25.640062597809077,6,0.18310546875,1271,38.787841796875,1,0.030517578125,1924,1315,7.515625,5.13671875,7,5,2320,50.9765625,0,1,80,80,0,1,1,0,0x04,0,0,0,1,0,0,1,1,0,1,0,0,1,,,,,,,,,,,,,,,
898,29.966666666666665,1254839,38294.647216796875,38.294647216796875,17,BOUNDARY_SLOW,0x96,large_room|slow_turn|portal_view|stress,1278,1278,39.00146484375,25.640062597809077,5,0.152587890625,1272,38.818359375,1,0.030517578125,1924,1315,7.515625,5.13671875,7,5,2320,50.9765625,0,0,80,80,0,1,1,0,0x00,0,0,0,0,0,0,1,1,0,1,0,0,1,,,,,,,,,,,,,,,
899,30.0,1256112,38333.49609375,38.33349609375,17,BOUNDARY_SLOW,0x96,large_room|slow_turn|portal_view|stress,1273,1273,38.848876953125,25.74076983503535,6,0.18310546875,1267,38.665771484375,0,0.0,1924,1315,7.515625,5.13671875,7,5,2422,53.2177734375,0,1,80,80,0,1,1,0,0x04,0,0,0,1,0,0,1,1,0,1,0,0,1,,,,,,,,,,,,,,,
900,30.033333333333335,1257385,38372.344970703125,38.372344970703125,17,BOUNDARY_SLOW,0x96,large_room|slow_turn|portal_view|stress,1273,1273,38.848876953125,25.74076983503535,6,0.18310546875,1267,38.665771484375,0,0.0,1924,1315,7.515625,5.13671875,7,5,2422,53.2177734375,0,0,80,80,0,1,1,0,0x00,0,0,0,0,0,0,1,1,0,1,0,0,1,,,,,,,,,,,,,,,
901,30.066666666666666,1258644,38410.7666015625,38.4107666015625,17,BOUNDARY_SLOW,0x96,large_room|slow_turn|portal_view|stress,1259,1259,38.421630859375,26.027005559968227,5,0.152587890625,1253,38.238525390625,1,0.030517578125,1924,1315,7.515625,5.13671875,7,5,2524,55.458984375,0,1,80,80,0,1,1,0,0x04,0,0,0,1,0,0,1,1,0,1,0,0,1,,,,,,,,,,,,,,,
902,30.1,1259904,38449.21875,38.44921875,17,BOUNDARY_SLOW,0x96,large_room|slow_turn|portal_view|stress,1260,1260,38.4521484375,26.006349206349206,6,0.18310546875,1253,38.238525390625,1,0.030517578125,1924,1315,7.515625,5.13671875,7,5,2524,55.458984375,0,0,80,80,0,1,1,0,0x00,0,0,0,0,0,0,1,1,0,1,0,0,1,,,,,,,,,,,,,,,
903,30.133333333333333,1261153,38487.335205078125,38.487335205078125,17,BOUNDARY_SLOW,0x96,large_room|slow_turn|portal_view|stress,1249,1249,38.116455078125,26.235388310648517,6,0.18310546875,1242,37.90283203125,1,0.030517578125,1924,1315,7.515625,5.13671875,7,5,2626,57.7001953125,0,1,80,80,0,1,1,0,0x04,0,0,0,1,0,0,1,1,0,1,0,0,1,,,,,,,,,,,,,,,
904,30.166666666666668,1262401,38525.421142578125,38.525421142578125,17,BOUNDARY_SLOW,0x96,large_room|slow_turn|portal_view|stress,1248,1248,38.0859375,26.256410256410255,5,0.152587890625,1243,37.933349609375,0,0.0,1924,1315,7.515625,5.13671875,7,5,2626,57.7001953125,0,0,80,80,0,1,1,0,0x00,0,0,0,0,0,0,1,1,0,1,0,0,1,,,,,,,,,,,,,,,
905,30.2,1263644,38563.3544921875,38.5633544921875,17,BOUNDARY_SLOW,0x96,large_room|slow_turn|portal_view|stress,1243,1243,37.933349609375,26.362027353177794,6,0.18310546875,1237,37.750244140625,0,0.0,1924,1315,7.515625,5.13671875,7,5,2728,59.94140625,0,1,80,80,0,1,1,0,0x04,0,0,0,1,0,0,1,1,0,1,0,0,1,,,,,,,,,,,,,,,
906,30.233333333333334,1264887,38601.287841796875,38.601287841796875,17,BOUNDARY_SLOW,0x96,large_room|slow_turn|portal_view|stress,1243,1243,37.933349609375,26.362027353177794,6,0.18310546875,1236,37.7197265625,1,0.030517578125,1924,1315,7.515625,5.13671875,7,5,2728,59.94140625,0,0,80,80,0,1,1,0,0x00,0,0,0,0,0,0,1,1,0,1,0,0,1,,,,,,,,,,,,,,,
907,30.266666666666666,1266124,38639.0380859375,38.6390380859375,17,BOUNDARY_SLOW,0x96,large_room|slow_turn|portal_view|stress,1237,1237,37.750244140625,26.489894907033143,6,0.18310546875,1230,37.53662109375,1,0.030517578125,1924,1315,7.515625,5.13671875,7,5,2830,62.1826171875,0,1,80,80,0,1,1,0,0x04,0,0,0,1,0,0,1,1,0,1,0,0,1,,,,,,,,,,,,,,,
908,30.3,1267360,38676.7578125,38.6767578125,17,BOUNDARY_SLOW,0x96,large_room|slow_turn|portal_view|stress,1236,1236,37.7197265625,26.511326860841425,5,0.152587890625,1230,37.53662109375,1,0.030517578125,1924,1315,7.515625,5.13671875,7,5,2830,62.1826171875,0,0,80,80,0,1,1,0,0x00,0,0,0,0,0,0,1,1,0,1,0,0,1,,,,,,,,,,,,,,,
909,30.333333333333332,1268588,38714.2333984375,38.7142333984375,17,BOUNDARY_SLOW,0x96,large_room|slow_turn|portal_view|stress,1228,1228,37.4755859375,26.684039087947884,6,0.18310546875,1221,37.261962890625,1,0.030517578125,1924,1315,7.515625,5.13671875,7,5,2932,64.423828125,0,1,80,80,0,1,1,0,0x04,0,0,0,1,0,0,1,1,0,1,0,0,1,,,,,,,,,,,,,,,
910,30.366666666666667,1269817,38751.739501953125,38.751739501953125,17,BOUNDARY_SLOW,0x96,large_room|slow_turn|portal_view|stress,1229,1229,37.506103515625,26.66232709519935,6,0.18310546875,1222,37.29248046875,1,0.030517578125,1924,1315,7.515625,5.13671875,7,5,2932,64.423828125,0,0,80,80,0,1,1,0,0x00,0,0,0,0,0,0,1,1,0,1,0,0,1,,,,,,,,,,,,,,,
911,30.4,1271040,38789.0625,38.7890625,17,BOUNDARY_SLOW,0x96,large_room|slow_turn|portal_view|stress,1223,1223,37.322998046875,26.793131643499592,5,0.152587890625,1217,37.139892578125,1,0.030517578125,1924,1315,7.515625,5.13671875,7,5,3034,66.6650390625,0,1,80,80,0,1,1,0,0x04,0,0,0,1,0,0,1,1,0,1,0,0,1,,,,,,,,,,,,,,,
912,30.433333333333334,1272262,38826.35498046875,38.82635498046875,17,BOUNDARY_SLOW,0x96,large_room|slow_turn|portal_view|stress,1222,1222,37.29248046875,26.81505728314239,6,0.18310546875,1216,37.109375,0,0.0,1924,1315,7.515625,5.13671875,7,5,3034,66.6650390625,0,0,80,80,0,1,1,0,0x00,0,0,0,0,0,0,1,1,0,1,0,0,1,,,,,,,,,,,,,,,
913,30.466666666666665,1273475,38863.372802734375,38.863372802734375,17,BOUNDARY_SLOW,0x96,large_room|slow_turn|portal_view|stress,1213,1213,37.017822265625,27.01401483924155,6,0.18310546875,1207,36.834716796875,0,0.0,1924,1315,7.515625,5.13671875,7,5,3136,68.90625,0,1,80,80,0,1,1,0,0x04,0,0,0,1,0,0,1,1,0,1,0,0,1,,,,,,,,,,,,,,,
914,30.5,1274688,38900.390625,38.900390625,17,BOUNDARY_SLOW,0x96,large_room|slow_turn|portal_view|stress,1213,1213,37.017822265625,27.01401483924155,6,0.18310546875,1207,36.834716796875,0,0.0,1924,1315,7.515625,5.13671875,7,5,3136,68.90625,0,0,80,80,0,1,1,0,0x00,0,0,0,0,0,0,1,1,0,1,0,0,1,,,,,,,,,,,,,,,
915,30.533333333333335,1275897,38937.286376953125,38.937286376953125,17,BOUNDARY_SLOW,0x96,large_room|slow_turn|portal_view|stress,1209,1209,36.895751953125,27.10339123242349,6,0.18310546875,1203,36.712646484375,0,0.0,1924,1315,7.515625,5.13671875,7,5,3238,71.1474609375,0,1,80,80,0,1,1,0,0x04,0,0,0,1,0,0,1,1,0,1,0,0,1,,,,,,,,,,,,,,,
916,30.566666666666666,1277106,38974.18212890625,38.97418212890625,17,BOUNDARY_SLOW,0x96,large_room|slow_turn|portal_view|stress,1209,1209,36.895751953125,27.10339123242349,6,0.18310546875,1203,36.712646484375,0,0.0,1924,1315,7.515625,5.13671875,7,5,3238,71.1474609375,0,0,80,80,0,1,1,0,0x00,0,0,0,0,0,0,1,1,0,1,0,0,1,,,,,,,,,,,,,,,
917,30.6,1278308,39010.8642578125,39.0108642578125,17,BOUNDARY_SLOW,0x96,large_room|slow_turn|portal_view|stress,1202,1202,36.68212890625,27.261231281198004,5,0.152587890625,1196,36.4990234375,1,0.030517578125,1924,1315,7.515625,5.13671875,7,5,3340,73.388671875,0,1,80,80,0,1,1,0,0x04,0,0,0,1,0,0,1,1,0,1,0,0,1,,,,,,,,,,,,,,,
918,30.633333333333333,1279510,39047.54638671875,39.04754638671875,17,BOUNDARY_SLOW,0x96,large_room|slow_turn|portal_view|stress,1202,1202,36.68212890625,27.261231281198004,6,0.18310546875,1196,36.4990234375,0,0.0,1924,1315,7.515625,5.13671875,7,5,3340,73.388671875,0,0,80,80,0,1,1,0,0x00,0,0,0,0,0,0,1,1,0,1,0,0,1,,,,,,,,,,,,,,,
919,30.666666666666668,1280708,39084.1064453125,39.0841064453125,17,BOUNDARY_SLOW,0x96,large_room|slow_turn|portal_view|stress,1198,1198,36.56005859375,27.352253756260435,5,0.152587890625,1193,36.407470703125,0,0.0,1924,1315,7.515625,5.13671875,7,5,3442,75.6298828125,0,1,80,80,0,1,1,0,0x04,0,0,0,1,0,0,1,1,0,1,0,0,1,,,,,,,,,,,,,,,
920,30.7,1281907,39120.697021484375,39.120697021484375,17,BOUNDARY_SLOW,0x96,large_room|slow_turn|portal_view|stress,1199,1199,36.590576171875,27.329441201000833,6,0.18310546875,1192,36.376953125,1,0.030517578125,1924,1315,7.515625,5.13671875,7,5,3442,75.6298828125,0,0,80,80,0,1,1,0,0x00,0,0,0,0,0,0,1,1,0,1,0,0,1,,,,,,,,,,,,,,,
921,30.733333333333334,1283101,39157.135009765625,39.157135009765625,17,BOUNDARY_SLOW,0x96,large_room|slow_turn|portal_view|stress,1194,1194,36.43798828125,27.44388609715243,5,0.152587890625,1189,36.285400390625,0,0.0,1924,1315,7.515625,5.13671875,7,5,3544,77.87109375,0,1,80,80,0,1,1,0,0x04,0,0,0,1,0,0,1,1,0,1,0,0,1,,,,,,,,,,,,,,,
922,30.766666666666666,1284296,39193.603515625,39.193603515625,17,BOUNDARY_SLOW,0x96,large_room|slow_turn|portal_view|stress,1195,1195,36.468505859375,27.42092050209205,6,0.18310546875,1188,36.2548828125,1,0.030517578125,1924,1315,7.515625,5.13671875,7,5,3544,77.87109375,0,0,80,80,0,1,1,0,0x00,0,0,0,0,0,0,1,1,0,1,0,0,1,,,,,,,,,,,,,,,
923,30.8,1285485,39229.888916015625,39.229888916015625,17,BOUNDARY_SLOW,0x96,large_room|slow_turn|portal_view|stress,1189,1189,36.285400390625,27.55929352396972,6,0.18310546875,1182,36.07177734375,1,0.030517578125,1924,1315,7.515625,5.13671875,7,5,3646,80.1123046875,0,1,80,80,0,1,1,0,0x04,0,0,0,1,0,0,1,1,0,1,0,0,1,,,,,,,,,,,,,,,
924,30.833333333333332,1286674,39266.17431640625,39.26617431640625,17,BOUNDARY_SLOW,0x96,large_room|slow_turn|portal_view|stress,1189,1189,36.285400390625,27.55929352396972,6,0.18310546875,1182,36.07177734375,1,0.030517578125,1924,1315,7.515625,5.13671875,7,5,3646,80.1123046875,0,0,80,80,0,1,1,0,0x00,0,0,0,0,0,0,1,1,0,1,0,0,1,,,,,,,,,,,,,,,
925,30.866666666666667,1287850,39302.06298828125,39.30206298828125,17,BOUNDARY_SLOW,0x96,large_room|slow_turn|portal_view|stress,1176,1176,35.888671875,27.86394557823129,5,0.152587890625,1171,35.736083984375,0,0.0,1924,1315,7.515625,5.13671875,7,5,3748,82.353515625,0,1,80,80,0,1,1,0,0x04,0,0,0,1,0,0,1,1,0,1,0,0,1,,,,,,,,,,,,,,,
926,30.9,1289027,39337.982177734375,39.337982177734375,17,BOUNDARY_SLOW,0x96,large_room|slow_turn|portal_view|stress,1177,1177,35.919189453125,27.840271877655056,6,0.18310546875,1171,35.736083984375,0,0.0,1924,1315,7.515625,5.13671875,7,5,3748,82.353515625,0,0,80,80,0,1,1,0,0x00,0,0,0,0,0,0,1,1,0,1,0,0,1,,,,,,,,,,,,,,,
927,30.933333333333334,1290201,39373.809814453125,39.373809814453125,17,BOUNDARY_SLOW,0x96,large_room|slow_turn|portal_view|stress,1174,1174,35.82763671875,27.911413969335605,6,0.18310546875,1168,35.64453125,0,0.0,1924,1315,7.515625,5.13671875,7,5,3850,84.5947265625,0,1,80,80,0,1,1,0,0x04,0,0,0,1,0,0,1,1,0,1,0,0,1,,,,,,,,,,,,,,,
928,30.966666666666665,1291375,39409.637451171875,39.409637451171875,17,BOUNDARY_SLOW,0x96,large_room|slow_turn|portal_view|stress,1174,1174,35.82763671875,27.911413969335605,6,0.18310546875,1167,35.614013671875,1,0.030517578125,1924,1315,7.515625,5.13671875,7,5,3850,84.5947265625,0,0,80,80,0,1,1,0,0x00,0,0,0,0,0,0,1,1,0,1,0,0,1,,,,,,,,,,,,,,,
929,31.0,1292546,39445.37353515625,39.44537353515625,17,BOUNDARY_SLOW,0x96,large_room|slow_turn|portal_view|stress,1171,1171,35.736083984375,27.982920580700256,5,0.152587890625,1166,35.58349609375,0,0.0,1924,1315,7.515625,5.13671875,7,5,3952,86.8359375,0,1,80,80,0,1,1,0,0x04,0,0,0,1,0,0,1,1,0,1,0,0,1,,,,,,,,,,,,,,,
930,31.033333333333335,1293718,39481.14013671875,39.48114013671875,17,BOUNDARY_SLOW,0x96,large_room|slow_turn|portal_view|stress,1172,1172,35.7666015625,27.959044368600683,6,0.18310546875,1166,35.58349609375,0,0.0,1924,1315,7.515625,5.13671875,7,5,3952,86.8359375,0,0,80,80,0,1,1,0,0x08,0,0,0,0,1,0,1,1,0,1,0,0,1,,,,,,,,,,,,,,,
931,31.066666666666666,1294838,39515.31982421875,39.51531982421875,18,OPEN_EXIT,0x02,large_room,1120,1120,34.1796875,29.257142857142856,20,0.6103515625,1100,33.5693359375,0,0.0,1925,1334,7.51953125,5.2109375,7,5,3952,86.8359375,1,0,80,80,0,1,1,0,0x04,0,0,0,1,0,0,1,0,0,0,0,0,0,,,,,,,,,,,,,,,
932,31.1,1295963,39549.652099609375,39.549652099609375,18,OPEN_EXIT,0x02,large_room,1125,1125,34.332275390625,29.127111111111113,19,0.579833984375,1105,33.721923828125,1,0.030517578125,1926,1353,7.5234375,5.28515625,7,5,3952,86.8359375,1,0,80,80,0,1,1,0,0x04,0,0,0,1,0,0,1,0,0,0,0,0,0,,,,,,,,,,,,,,,
933,31.133333333333333,1297146,39585.75439453125,39.58575439453125,18,OPEN_EXIT,0x02,large_room,1183,1183,36.102294921875,27.69907016060862,20,0.6103515625,1163,35.491943359375,0,0.0,1927,1372,7.52734375,5.359375,7,5,3952,86.8359375,1,0,80,80,0,1,1,0,0x04,0,0,0,1,0,0,1,0,0,0,0,0,0,,,,,,,,,,,,,,,
934,31.166666666666668,1298331,39621.917724609375,39.621917724609375,18,OPEN_EXIT,0x02,large_room,1185,1185,36.163330078125,27.652320675105486,19,0.579833984375,1166,35.58349609375,0,0.0,1928,1391,7.53125,5.43359375,7,5,3952,86.8359375,1,0,80,80,0,1,1,0,0x04,0,0,0,1,0,0,1,0,0,0,0,0,0,,,,,,,,,,,,,,,
935,31.2,1299518,39658.14208984375,39.65814208984375,18,OPEN_EXIT,0x02,large_room,1187,1187,36.224365234375,27.605728727885424,19,0.579833984375,1168,35.64453125,0,0.0,1929,1410,7.53515625,5.5078125,7,5,3952,86.8359375,1,0,80,80,0,1,1,0,0x04,0,0,0,1,0,0,1,0,0,0,0,0,0,,,,,,,,,,,,,,,
936,31.233333333333334,1300708,39694.4580078125,39.6944580078125,18,OPEN_EXIT,0x02,large_room,1190,1190,36.31591796875,27.536134453781514,20,0.6103515625,1170,35.70556640625,0,0.0,1930,1429,7.5390625,5.58203125,7,5,3952,86.8359375,1,0,80,80,0,1,1,0,0x04,0,0,0,1,0,0,1,0,0,0,0,0,0,,,,,,,,,,,,,,,
937,31.266666666666666,1301898,39730.77392578125,39.73077392578125,18,OPEN_EXIT,0x02,large_room,1190,1190,36.31591796875,27.536134453781514,20,0.6103515625,1169,35.675048828125,1,0.030517578125,1931,1448,7.54296875,5.65625,7,5,3952,86.8359375,1,0,80,80,0,1,1,0,0x04,0,0,0,1,0,0,1,0,0,0,0,0,0,,,,,,,,,,,,,,,
938,31.3,1303087,39767.059326171875,39.767059326171875,18,OPEN_EXIT,0x02,large_room,1189,1189,36.285400390625,27.55929352396972,20,0.6103515625,1168,35.64453125,1,0.030517578125,1932,1467,7.546875,5.73046875,7,5,3952,86.8359375,1,0,80,80,0,1,1,0,0x04,0,0,0,1,0,0,1,0,0,0,0,0,0,,,,,,,,,,,,,,,
939,31.333333333333332,1304278,39803.40576171875,39.80340576171875,18,OPEN_EXIT,0x02,large_room,1191,1191,36.346435546875,27.513014273719563,20,0.6103515625,1170,35.70556640625,1,0.030517578125,1933,1486,7.55078125,5.8046875,7,5,3952,86.8359375,1,0,80,80,0,1,1,0,0x04,0,0,0,1,0,0,1,0,0,0,0,0,0,,,,,,,,,,,,,,,
940,31.366666666666667,1305472,39839.84375,39.83984375,18,OPEN_EXIT,0x02,large_room,1194,1194,36.43798828125,27.44388609715243,20,0.6103515625,1173,35.797119140625,1,0.030517578125,1934,1505,7.5546875,5.87890625,7,5,3952,86.8359375,1,0,80,80,0,1,1,0,0x06,1,0,0,1,0,0,1,0,0,0,0,0,0,35.552978515625,2.044677734375,0.0,16.632080078125,8.056640625,1.953125,6.866455078125,0.0,0,80,0,10,0,3076,806
941,31.4,1306664,39876.220703125,39.876220703125,18,OPEN_EXIT,0x02,large_room,1192,1192,36.376953125,27.48993288590604,21,0.640869140625,1171,35.736083984375,0,0.0,1935,1524,7.55859375,5.953125,7,5,3952,86.8359375,1,0,80,80,0,1,1,0,0x04,0,0,0,1,0,0,1,0,0,0,0,0,0,,,,,,,,,,,,,,,
942,31.433333333333334,1307836,39911.9873046875,39.9119873046875,18,OPEN_EXIT,0x02,large_room,1172,1172,35.7666015625,27.959044368600683,20,0.6103515625,1152,35.15625,0,0.0,1936,1543,7.5625,6.02734375,7,6,3952,86.8359375,1,0,80,80,0,1,1,0,0x04,0,0,0,1,0,0,1,0,0,0,0,0,0,,,,,,,,,,,,,,,
943,31.466666666666665,1308939,39945.648193359375,39.945648193359375,18,OPEN_EXIT,0x02,large_room,1103,1103,33.660888671875,29.70806890299184,19,0.579833984375,1083,33.050537109375,1,0.030517578125,1937,1562,7.56640625,6.1015625,7,6,3952,86.8359375,1,0,80,80,0,1,1,0,0x04,0,0,0,1,0,0,1,0,0,0,0,0,0,,,,,,,,,,,,,,,
944,31.5,1310041,39979.278564453125,39.979278564453125,18,OPEN_EXIT,0x02,large_room,1102,1102,33.63037109375,29.73502722323049,20,0.6103515625,1081,32.989501953125,1,0.030517578125,1938,1581,7.5703125,6.17578125,7,6,3952,86.8359375,1,0,80,80,0,1,1,0,0x04,0,0,0,1,0,0,1,0,0,0,0,0,0,,,,,,,,,,,,,,,
945,31.533333333333335,1311142,40012.87841796875,40.01287841796875,18,OPEN_EXIT,0x02,large_room,1101,1101,33.599853515625,29.76203451407811,19,0.579833984375,1081,32.989501953125,1,0.030517578125,1939,1600,7.57421875,6.25,7,6,3952,86.8359375,1,0,80,80,0,1,1,0,0x04,0,0,0,1,0,0,1,0,0,0,0,0,0,,,,,,,,,,,,,,,
946,31.566666666666666,1312245,40046.539306640625,40.046539306640625,18,OPEN_EXIT,0x02,large_room,1103,1103,33.660888671875,29.70806890299184,20,0.6103515625,1082,33.02001953125,1,0.030517578125,1940,1619,7.578125,6.32421875,7,6,3952,86.8359375,1,0,80,80,0,1,1,0,0x04,0,0,0,1,0,0,1,0,0,0,0,0,0,,,,,,,,,,,,,,,
947,31.6,1313413,40082.183837890625,40.082183837890625,18,OPEN_EXIT,0x02,large_room,1168,1168,35.64453125,28.054794520547944,20,0.6103515625,1147,35.003662109375,1,0.030517578125,1941,1638,7.58203125,6.3984375,7,6,3952,86.8359375,1,0,80,80,0,1,1,0,0x04,0,0,0,1,0,0,1,0,0,0,0,0,0,,,,,,,,,,,,,,,
948,31.633333333333333,1314585,40117.950439453125,40.117950439453125,18,OPEN_EXIT,0x02,large_room,1172,1172,35.7666015625,27.959044368600683,20,0.6103515625,1152,35.15625,0,0.0,1942,1657,7.5859375,6.47265625,7,6,3952,86.8359375,1,0,80,80,0,1,1,0,0x04,0,0,0,1,0,0,1,0,0,0,0,0,0,,,,,,,,,,,,,,,
949,31.666666666666668,1315755,40153.656005859375,40.153656005859375,18,OPEN_EXIT,0x02,large_room,1170,1170,35.70556640625,28.006837606837607,19,0.579833984375,1150,35.09521484375,1,0.030517578125,1943,1676,7.58984375,6.546875,7,6,3952,86.8359375,1,0,80,80,0,1,1,0,0x04,0,0,0,1,0,0,1,0,0,0,0,0,0,,,,,,,,,,,,,,,
950,31.7,1316920,40189.208984375,40.189208984375,18,OPEN_EXIT,0x02,large_room,1165,1165,35.552978515625,28.12703862660944,20,0.6103515625,1145,34.942626953125,0,0.0,1944,1695,7.59375,6.62109375,7,6,3952,86.8359375,1,0,80,80,0,1,1,0,0x04,0,0,0,1,0,0,1,0,0,0,0,0,0,,,,,,,,,,,,,,,
951,31.733333333333334,1318088,40224.853515625,40.224853515625,18,OPEN_EXIT,0x02,large_room,1168,1168,35.64453125,28.054794520547944,20,0.6103515625,1148,35.0341796875,0,0.0,1945,1714,7.59765625,6.6953125,7,6,3952,86.8359375,1,0,80,80,0,1,1,0,0x04,0,0,0,1,0,0,1,0,0,0,0,0,0,,,,,,,,,,,,,,,
952,31.766666666666666,1319259,40260.589599609375,40.260589599609375,18,OPEN_EXIT,0x02,large_room,1171,1171,35.736083984375,27.982920580700256,19,0.579833984375,1152,35.15625,0,0.0,1946,1733,7.6015625,6.76953125,7,6,3952,86.8359375,1,0,80,80,0,1,1,0,0x04,0,0,0,1,0,0,1,0,0,0,0,0,0,,,,,,,,,,,,,,,
953,31.8,1320430,40296.32568359375,40.29632568359375,18,OPEN_EXIT,0x02,large_room,1171,1171,35.736083984375,27.982920580700256,20,0.6103515625,1150,35.09521484375,1,0.030517578125,1947,1752,7.60546875,6.84375,7,6,3952,86.8359375,1,0,80,80,0,1,1,0,0x04,0,0,0,1,0,0,1,0,0,0,0,0,0,,,,,,,,,,,,,,,
954,31.833333333333332,1321608,40332.275390625,40.332275390625,18,OPEN_EXIT,0x02,large_room,1178,1178,35.94970703125,27.816638370118845,21,0.640869140625,1156,35.2783203125,1,0.030517578125,1948,1771,7.609375,6.91796875,7,6,3952,86.8359375,1,0,80,80,0,1,1,0,0x04,0,0,0,1,0,0,1,0,0,0,0,0,0,,,,,,,,,,,,,,,
955,31.866666666666667,1322778,40367.98095703125,40.36798095703125,18,OPEN_EXIT,0x02,large_room,1170,1170,35.70556640625,28.006837606837607,21,0.640869140625,1149,35.064697265625,0,0.0,1949,1790,7.61328125,6.9921875,7,6,3952,86.8359375,1,0,80,80,0,1,1,0,0x04,0,0,0,1,0,0,1,0,0,0,0,0,0,,,,,,,,,,,,,,,
956,31.9,1323929,40403.106689453125,40.403106689453125,18,OPEN_EXIT,0x02,large_room,1151,1151,35.125732421875,28.46915725456125,20,0.6103515625,1130,34.48486328125,1,0.030517578125,1950,1809,7.6171875,7.06640625,7,7,3952,86.8359375,1,0,80,80,0,1,1,0,0x04,0,0,0,1,0,0,1,0,0,0,0,0,0,,,,,,,,,,,,,,,
957,31.933333333333334,1325007,40436.004638671875,40.436004638671875,18,OPEN_EXIT,0x02,large_room,1078,1078,32.89794921875,30.397031539888683,20,0.6103515625,1058,32.28759765625,0,0.0,1951,1828,7.62109375,7.140625,7,7,3952,86.8359375,1,0,80,80,0,1,1,0,0x04,0,0,0,1,0,0,1,0,0,0,0,0,0,,,,,,,,,,,,,,,
958,31.966666666666665,1326086,40468.93310546875,40.46893310546875,18,OPEN_EXIT,0x02,large_room,1079,1079,32.928466796875,30.368860055607044,19,0.579833984375,1060,32.3486328125,0,0.0,1952,1847,7.625,7.21484375,7,7,3952,86.8359375,1,0,80,80,0,1,1,0,0x04,0,0,0,1,0,0,1,0,0,0,0,0,0,,,,,,,,,,,,,,,
959,32.0,1327167,40501.922607421875,40.501922607421875,18,OPEN_EXIT,0x02,large_room,1081,1081,32.989501953125,30.31267345050879,19,0.579833984375,1062,32.40966796875,0,0.0,1953,1866,7.62890625,7.2890625,7,7,3952,86.8359375,1,0,80,80,0,1,1,0,0x04,0,0,0,1,0,0,1,0,0,0,0,0,0,,,,,,,,,,,,,,,
960,32.03333333333333,1328336,40537.59765625,40.53759765625,18,OPEN_EXIT,0x02,large_room,1169,1169,35.675048828125,28.030795551753634,20,0.6103515625,1149,35.064697265625,0,0.0,1954,1885,7.6328125,7.36328125,7,7,3952,86.8359375,1,0,80,80,0,1,1,0,0x04,0,0,0,1,0,0,1,0,0,0,0,0,0,,,,,,,,,,,,,,,
961,32.06666666666667,1329501,40573.150634765625,40.573150634765625,18,OPEN_EXIT,0x02,large_room,1165,1165,35.552978515625,28.12703862660944,19,0.579833984375,1145,34.942626953125,1,0.030517578125,1955,1904,7.63671875,7.4375,7,7,3952,86.8359375,1,0,80,80,0,1,1,0,0x04,0,0,0,1,0,0,1,0,0,0,0,0,0,,,,,,,,,,,,,,,
962,32.1,1330668,40608.7646484375,40.6087646484375,18,OPEN_EXIT,0x02,large_room,1167,1167,35.614013671875,28.07883461868038,20,0.6103515625,1146,34.97314453125,1,0.030517578125,1956,1923,7.640625,7.51171875,7,7,3952,86.8359375,1,0,80,80,0,1,1,0,0x04,0,0,0,1,0,0,1,0,0,0,0,0,0,,,,,,,,,,,,,,,
963,32.13333333333333,1331833,40644.317626953125,40.644317626953125,18,OPEN_EXIT,0x02,large_room,1165,1165,35.552978515625,28.12703862660944,20,0.6103515625,1144,34.912109375,1,0.030517578125,1957,1942,7.64453125,7.5859375,7,7,3952,86.8359375,1,0,80,80,0,1,1,0,0x04,0,0,0,1,0,0,1,0,0,0,0,0,0,,,,,,,,,,,,,,,
964,32.166666666666664,1333000,40679.931640625,40.679931640625,18,OPEN_EXIT,0x02,large_room,1167,1167,35.614013671875,28.07883461868038,20,0.6103515625,1146,34.97314453125,1,0.030517578125,1958,1961,7.6484375,7.66015625,7,7,3952,86.8359375,1,0,80,80,0,1,1,0,0x04,0,0,0,1,0,0,1,0,0,0,0,0,0,,,,,,,,,,,,,,,
965,32.2,1334170,40715.63720703125,40.71563720703125,18,OPEN_EXIT,0x02,large_room,1170,1170,35.70556640625,28.006837606837607,20,0.6103515625,1149,35.064697265625,1,0.030517578125,1959,1980,7.65234375,7.734375,7,7,3952,86.8359375,1,0,80,80,0,1,1,0,0x04,0,0,0,1,0,0,1,0,0,0,0,0,0,,,,,,,,,,,,,,,
966,32.233333333333334,1335341,40751.373291015625,40.751373291015625,18,OPEN_EXIT,0x02,large_room,1171,1171,35.736083984375,27.982920580700256,20,0.6103515625,1150,35.09521484375,1,0.030517578125,1960,1999,7.65625,7.80859375,7,7,3952,86.8359375,1,0,80,80,0,1,1,0,0x04,0,0,0,1,0,0,1,0,0,0,0,0,0,,,,,,,,,,,,,,,
967,32.266666666666666,1336511,40787.078857421875,40.787078857421875,18,OPEN_EXIT,0x02,large_room,1170,1170,35.70556640625,28.006837606837607,21,0.640869140625,1148,35.0341796875,1,0.030517578125,1961,2018,7.66015625,7.8828125,7,7,3952,86.8359375,1,0,80,80,0,1,1,0,0x04,0,0,0,1,0,0,1,0,0,0,0,0,0,,,,,,,,,,,,,,,
968,32.3,1337683,40822.845458984375,40.822845458984375,18,OPEN_EXIT,0x02,large_room,1172,1172,35.7666015625,27.959044368600683,20,0.6103515625,1151,35.125732421875,1,0.030517578125,1962,2037,7.6640625,7.95703125,7,7,3952,86.8359375,1,0,80,80,0,1,1,0,0x04,0,0,0,1,0,0,1,0,0,0,0,0,0,,,,,,,,,,,,,,,
969,32.333333333333336,1338836,40858.0322265625,40.8580322265625,18,OPEN_EXIT,0x02,large_room,1153,1153,35.186767578125,28.419774501300953,21,0.640869140625,1131,34.515380859375,1,0.030517578125,1963,2056,7.66796875,8.03125,7,8,3952,86.8359375,1,0,80,80,0,1,1,0,0x04,0,0,0,1,0,0,1,0,0,0,0,0,0,,,,,,,,,,,,,,,
970,32.36666666666667,1339897,40890.411376953125,40.890411376953125,18,OPEN_EXIT,0x02,large_room,1061,1061,32.379150390625,30.88407163053723,19,0.579833984375,1041,31.768798828125,1,0.030517578125,1964,2075,7.671875,8.10546875,7,8,3952,86.8359375,1,0,80,80,0,1,1,0,0x0C,0,0,0,1,1,0,1,0,0,0,0,0,0,,,,,,,,,,,,,,,
