frame_index,section_id,section_name,simulation_time_seconds,measured_elapsed_ticks,measured_elapsed_ms,total_ticks,total_ms,instantaneous_fps,update_ticks,update_ms,render_ticks,render_ms,swap_ticks,swap_ms,state_hash,position_x_raw,position_y_raw,position_z_raw,position_x,position_y,position_z,room,flags,detailed,excluded_from_clean_stats,crossed_portal,changed,section_end,freecam,move_axis,turn_axis,look_axis,buttons_active,detail_corrected_total_ms,admin_corrected_ms,setup_corrected_ms,root_geometry_corrected_ms,root_fill_corrected_ms,portal_setup_corrected_ms,portal_geometry_corrected_ms,portal_fill_corrected_ms,wait_corrected_ms,present_corrected_ms,overlay_corrected_ms,transformed_vertices,projected_points,rasterized_polygons,raster_rows,filled_spans,filled_pixels,portal_composite_pixels,portal_clip_pixels,full_portal_views,lod_portal_views,edge_division_fallbacks
0,1,OPEN_YAW,0.03333333333333333,1990,60.72998046875,1990,60.72998046875,16.46633165829146,136,4.150390625,1854,56.57958984375,0,0.0,0x5E9768D3,0,512,384,0.0,2.0,1.5,0,0x04,0,0,0,1,0,0,0,1,0,0,,,,,,,,,,,,,,,,,,,,,,
1,1,OPEN_YAW,0.06666666666666667,4084,124.6337890625,2094,63.90380859375,15.648519579751671,136,4.150390625,1958,59.75341796875,0,0.0,0x8B3821D2,0,512,384,0.0,2.0,1.5,0,0x06,1,1,0,1,0,0,0,1,0,0,59.9365234375,0.0,0.244140625,7.87353515625,9.368896484375,1.220703125,3.2958984375,15.472412109375,0.0,21.881103515625,0.579833984375,0,0,0,0,0,0,0,0,0,0,0
2,1,OPEN_YAW,0.1,6013,183.502197265625,1929,58.868408203125,16.98703991705547,136,4.150390625,1793,54.718017578125,0,0.0,0x58A773FF,0,512,384,0.0,2.0,1.5,0,0x04,0,0,0,1,0,0,0,1,0,0,,,,,,,,,,,,,,,,,,,,,,
3,1,OPEN_YAW,0.13333333333333333,7921,241.729736328125,1908,58.2275390625,17.17400419287212,136,4.150390625,1772,54.0771484375,0,0.0,0xAED9429C,0,512,384,0.0,2.0,1.5,0,0x04,0,0,0,1,0,0,0,1,0,0,,,,,,,,,,,,,,,,,,,,,,
4,1,OPEN_YAW,0.16666666666666666,9840,300.29296875,1919,58.563232421875,17.075560187597706,136,4.150390625,1782,54.38232421875,1,0.030517578125,0x45E0B719,0,512,384,0.0,2.0,1.5,0,0x04,0,0,0,1,0,0,0,1,0,0,,,,,,,,,,,,,,,,,,,,,,
5,1,OPEN_YAW,0.2,11773,359.283447265625,1933,58.990478515625,16.951888256595964,136,4.150390625,1796,54.8095703125,1,0.030517578125,0x1A9A2DD0,0,512,384,0.0,2.0,1.5,0,0x04,0,0,0,1,0,0,0,1,0,0,,,,,,,,,,,,,,,,,,,,,,
6,1,OPEN_YAW,0.23333333333333334,13658,416.80908203125,1885,57.525634765625,17.383554376657823,136,4.150390625,1749,53.375244140625,0,0.0,0xF0C60EB7,0,512,384,0.0,2.0,1.5,0,0x04,0,0,0,1,0,0,0,1,0,0,,,,,,,,,,,,,,,,,,,,,,
7,1,OPEN_YAW,0.26666666666666666,15512,473.388671875,1854,56.57958984375,17.674217907227614,136,4.150390625,1717,52.398681640625,1,0.030517578125,0xD27F4708,0,512,384,0.0,2.0,1.5,0,0x04,0,0,0,1,0,0,0,1,0,0,,,,,,,,,,,,,,,,,,,,,,
8,1,OPEN_YAW,0.3,17356,529.6630859375,1844,56.2744140625,17.77006507592191,136,4.150390625,1708,52.1240234375,0,0.0,0x94A84683,0,512,384,0.0,2.0,1.5,0,0x04,0,0,0,1,0,0,0,1,0,0,,,,,,,,,,,,,,,,,,,,,,
9,1,OPEN_YAW,0.3333333333333333,19179,585.296630859375,1823,55.633544921875,17.97476686780033,136,4.150390625,1686,51.45263671875,1,0.030517578125,0x1F45C49E,0,512,384,0.0,2.0,1.5,0,0x04,0,0,0,1,0,0,0,1,0,0,,,,,,,,,,,,,,,,,,,,,,
10,1,OPEN_YAW,0.36666666666666664,20867,636.810302734375,1688,51.513671875,19.412322274881518,136,4.150390625,1552,47.36328125,0,0.0,0x6E85EBC5,0,512,384,0.0,2.0,1.5,0,0x04,0,0,0,1,0,0,0,1,0,0,,,,,,,,,,,,,,,,,,,,,,
11,1,OPEN_YAW,0.4,22300,680.5419921875,1433,43.731689453125,22.866713189113746,136,4.150390625,1297,39.581298828125,0,0.0,0x70470C18,0,512,384,0.0,2.0,1.5,0,0x04,0,0,0,1,0,0,0,1,0,0,,,,,,,,,,,,,,,,,,,,,,
12,1,OPEN_YAW,0.43333333333333335,23723,723.968505859375,1423,43.426513671875,23.02740688685875,136,4.150390625,1287,39.276123046875,0,0.0,0xE47DEAEF,0,512,384,0.0,2.0,1.5,0,0x04,0,0,0,1,0,0,0,1,0,0,,,,,,,,,,,,,,,,,,,,,,
13,1,OPEN_YAW,0.4666666666666667,25090,765.68603515625,1367,41.717529296875,23.970738844184346,136,4.150390625,1230,37.53662109375,1,0.030517578125,0x44510D1A,0,512,384,0.0,2.0,1.5,0,0x04,0,0,0,1,0,0,0,1,0,0,,,,,,,,,,,,,,,,,,,,,,
14,1,OPEN_YAW,0.5,26403,805.755615234375,1313,40.069580078125,24.956587966488957,136,4.150390625,1176,35.888671875,1,0.030517578125,0x57F83B3D,0,512,384,0.0,2.0,1.5,0,0x04,0,0,0,1,0,0,0,1,0,0,,,,,,,,,,,,,,,,,,,,,,
15,1,OPEN_YAW,0.5333333333333333,27528,840.087890625,1125,34.332275390625,29.127111111111113,136,4.150390625,989,30.181884765625,0,0.0,0xFC68B016,0,512,384,0.0,2.0,1.5,0,0x04,0,0,0,1,0,0,0,1,0,0,,,,,,,,,,,,,,,,,,,,,,
16,1,OPEN_YAW,0.5666666666666667,28663,874.725341796875,1135,34.637451171875,28.8704845814978,136,4.150390625,999,30.487060546875,0,0.0,0xA5F2BEEB,0,512,384,0.0,2.0,1.5,0,0x04,0,0,0,1,0,0,0,1,0,0,,,,,,,,,,,,,,,,,,,,,,
17,1,OPEN_YAW,0.6,29686,905.94482421875,1023,31.219482421875,32.03128054740958,136,4.150390625,886,27.03857421875,1,0.030517578125,0xC813CCF6,0,512,384,0.0,2.0,1.5,0,0x04,0,0,0,1,0,0,0,1,0,0,,,,,,,,,,,,,,,,,,,,,,
18,1,OPEN_YAW,0.6333333333333333,30877,942.291259765625,1191,36.346435546875,27.513014273719563,136,4.150390625,1055,32.196044921875,0,0.0,0xFA8FA93F,0,512,384,0.0,2.0,1.5,0,0x04,0,0,0,1,0,0,0,1,0,0,,,,,,,,,,,,,,,,,,,,,,
19,1,OPEN_YAW,0.6666666666666666,31973,975.738525390625,1096,33.447265625,29.8978102189781,136,4.150390625,960,29.296875,0,0.0,0xFC0E3B5E,0,512,384,0.0,2.0,1.5,0,0x04,0,0,0,1,0,0,0,1,0,0,,,,,,,,,,,,,,,,,,,,,,
20,1,OPEN_YAW,0.7,33112,1010.498046875,1139,34.759521484375,28.769095697980685,136,4.150390625,1002,30.57861328125,1,0.030517578125,0xAC3150F9,0,512,384,0.0,2.0,1.5,0,0x04,0,0,0,1,0,0,0,1,0,0,,,,,,,,,,,,,,,,,,,,,,
21,1,OPEN_YAW,0.7333333333333333,34260,1045.5322265625,1148,35.0341796875,28.54355400696864,137,4.180908203125,1011,30.853271484375,0,0.0,0xCB25181A,0,512,384,0.0,2.0,1.5,0,0x04,0,0,0,1,0,0,0,1,0,0,,,,,,,,,,,,,,,,,,,,,,
22,1,OPEN_YAW,0.7666666666666667,35318,1077.81982421875,1058,32.28759765625,30.97164461247637,136,4.150390625,921,28.106689453125,1,0.030517578125,0x48C590F3,0,512,384,0.0,2.0,1.5,0,0x04,0,0,0,1,0,0,0,1,0,0,,,,,,,,,,,,,,,,,,,,,,
23,1,OPEN_YAW,0.8,36347,1109.222412109375,1029,31.402587890625,31.844509232264333,136,4.150390625,892,27.2216796875,1,0.030517578125,0xF1FADB42,0,512,384,0.0,2.0,1.5,0,0x04,0,0,0,1,0,0,0,1,0,0,,,,,,,,,,,,,,,,,,,,,,
24,1,OPEN_YAW,0.8333333333333334,37295,1138.153076171875,948,28.9306640625,34.565400843881854,136,4.150390625,812,24.7802734375,0,0.0,0x09DBF567,0,512,384,0.0,2.0,1.5,0,0x04,0,0,0,1,0,0,0,1,0,0,,,,,,,,,,,,,,,,,,,,,,
25,1,OPEN_YAW,0.8666666666666667,38240,1166.9921875,945,28.839111328125,34.67513227513228,136,4.150390625,809,24.688720703125,0,0.0,0x727A5D9C,0,512,384,0.0,2.0,1.5,0,0x04,0,0,0,1,0,0,0,1,0,0,,,,,,,,,,,,,,,,,,,,,,
26,1,OPEN_YAW,0.9,39164,1195.1904296875,924,28.1982421875,35.46320346320346,136,4.150390625,788,24.0478515625,0,0.0,0x6BDB5333,0,512,384,0.0,2.0,1.5,0,0x04,0,0,0,1,0,0,0,1,0,0,,,,,,,,,,,,,,,,,,,,,,
27,1,OPEN_YAW,0.9333333333333333,40009,1220.977783203125,845,25.787353515625,38.77869822485207,136,4.150390625,709,21.636962890625,0,0.0,0x5AD6DB54,0,512,384,0.0,2.0,1.5,0,0x04,0,0,0,1,0,0,0,1,0,0,,,,,,,,,,,,,,,,,,,,,,
28,1,OPEN_YAW,0.9666666666666667,40854,1246.76513671875,845,25.787353515625,38.77869822485207,136,4.150390625,708,21.6064453125,1,0.030517578125,0xE5D4D0F1,0,512,384,0.0,2.0,1.5,0,0x04,0,0,0,1,0,0,0,1,0,0,,,,,,,,,,,,,,,,,,,,,,
29,1,OPEN_YAW,1.0,41691,1272.308349609375,837,25.543212890625,39.14934289127837,115,3.509521484375,722,22.03369140625,0,0.0,0x160A0806,0,512,384,0.0,2.0,1.5,0,0x04,0,0,0,1,0,0,0,1,0,0,,,,,,,,,,,,,,,,,,,,,,
30,1,OPEN_YAW,1.0333333333333334,42453,1295.562744140625,762,23.25439453125,43.00262467191601,47,1.434326171875,714,21.78955078125,1,0.030517578125,0x779CD11B,0,512,384,0.0,2.0,1.5,0,0x04,0,0,0,1,0,0,0,1,0,0,,,,,,,,,,,,,,,,,,,,,,
31,1,OPEN_YAW,1.0666666666666667,43209,1318.634033203125,756,23.0712890625,43.34391534391534,47,1.434326171875,709,21.636962890625,0,0.0,0xFB682E46,0,512,384,0.0,2.0,1.5,0,0x04,0,0,0,1,0,0,0,1,0,0,,,,,,,,,,,,,,,,,,,,,,
32,1,OPEN_YAW,1.1,43959,1341.522216796875,750,22.88818359375,43.690666666666665,47,1.434326171875,703,21.453857421875,0,0.0,0xAB4F68AF,0,512,384,0.0,2.0,1.5,0,0x04,0,0,0,1,0,0,0,1,0,0,,,,,,,,,,,,,,,,,,,,,,
33,1,OPEN_YAW,1.1333333333333333,44724,1364.8681640625,765,23.345947265625,42.83398692810457,47,1.434326171875,718,21.91162109375,0,0.0,0x0191D5F6,0,512,384,0.0,2.0,1.5,0,0x04,0,0,0,1,0,0,0,1,0,0,,,,,,,,,,,,,,,,,,,,,,
34,1,OPEN_YAW,1.1666666666666667,45480,1387.939453125,756,23.0712890625,43.34391534391534,47,1.434326171875,709,21.636962890625,0,0.0,0x47E40981,0,512,384,0.0,2.0,1.5,0,0x04,0,0,0,1,0,0,0,1,0,0,,,,,,,,,,,,,,,,,,,,,,
35,1,OPEN_YAW,1.2,46225,1410.675048828125,745,22.735595703125,43.98389261744966,47,1.434326171875,698,21.30126953125,0,0.0,0x58D899FA,0,512,384,0.0,2.0,1.5,0,0x04,0,0,0,1,0,0,0,1,0,0,,,,,,,,,,,,,,,,,,,,,,
36,1,OPEN_YAW,1.2333333333333334,46837,1429.351806640625,612,18.6767578125,53.54248366013072,47,1.434326171875,564,17.2119140625,1,0.030517578125,0x82178F31,0,512,384,0.0,2.0,1.5,0,0x04,0,0,0,1,0,0,0,1,0,0,,,,,,,,,,,,,,,,,,,,,,
37,1,OPEN_YAW,1.2666666666666666,47443,1447.845458984375,606,18.49365234375,54.07260726072607,47,1.434326171875,559,17.059326171875,0,0.0,0x47A89276,0,512,384,0.0,2.0,1.5,0,0x04,0,0,0,1,0,0,0,1,0,0,,,,,,,,,,,,,,,,,,,,,,
38,1,OPEN_YAW,1.3,47978,1464.17236328125,535,16.326904296875,61.248598130841124,47,1.434326171875,487,14.862060546875,1,0.030517578125,0x9B4B1FEF,0,512,384,0.0,2.0,1.5,0,0x04,0,0,0,1,0,0,0,1,0,0,,,,,,,,,,,,,,,,,,,,,,
39,1,OPEN_YAW,1.3333333333333333,48502,1480.16357421875,524,15.9912109375,62.534351145038165,48,1.46484375,476,14.5263671875,0,0.0,0x2EA80794,0,512,384,0.0,2.0,1.5,0,0x04,0,0,0,1,0,0,0,1,0,0,,,,,,,,,,,,,,,,,,,,,,
40,1,OPEN_YAW,1.3666666666666667,49001,1495.391845703125,499,15.228271484375,65.66733466933867,47,1.434326171875,452,13.7939453125,0,0.0,0x9320BBD7,0,512,384,0.0,2.0,1.5,0,0x04,0,0,0,1,0,0,0,1,0,0,,,,,,,,,,,,,,,,,,,,,,
41,1,OPEN_YAW,1.4,49502,1510.68115234375,501,15.289306640625,65.40518962075848,47,1.434326171875,453,13.824462890625,1,0.030517578125,0xF1D64FEB,0,512,384,0.0,2.0,1.5,0,0x04,0,0,0,1,0,0,0,1,0,0,,,,,,,,,,,,,,,,,,,,,,
42,1,OPEN_YAW,1.4333333333333333,50001,1525.909423828125,499,15.228271484375,65.66733466933867,47,1.434326171875,452,13.7939453125,0,0.0,0x313FD664,0,512,384,0.0,2.0,1.5,0,0x04,0,0,0,1,0,0,0,1,0,0,,,,,,,,,,,,,,,,,,,,,,
43,1,OPEN_YAW,1.4666666666666666,50499,1541.107177734375,498,15.19775390625,65.79919678714859,47,1.434326171875,451,13.763427734375,0,0.0,0xD37C3B3A,0,512,384,0.0,2.0,1.5,0,0x04,0,0,0,1,0,0,0,1,0,0,,,,,,,,,,,,,,,,,,,,,,
44,1,OPEN_YAW,1.5,51000,1556.396484375,501,15.289306640625,65.40518962075848,47,1.434326171875,453,13.824462890625,1,0.030517578125,0xC85E6E2D,0,512,384,0.0,2.0,1.5,0,0x04,0,0,0,1,0,0,0,1,0,0,,,,,,,,,,,,,,,,,,,,,,
45,1,OPEN_YAW,1.5333333333333334,51521,1572.296142578125,521,15.899658203125,62.89443378119002,47,1.434326171875,473,14.434814453125,1,0.030517578125,0x241E983A,0,512,384,0.0,2.0,1.5,0,0x04,0,0,0,1,0,0,0,1,0,0,,,,,,,,,,,,,,,,,,,,,,
46,1,OPEN_YAW,1.5666666666666667,52046,1588.31787109375,525,16.021728515625,62.415238095238095,46,1.40380859375,478,14.58740234375,1,0.030517578125,0x26D8A8C7,0,512,384,0.0,2.0,1.5,0,0x04,0,0,0,1,0,0,0,1,0,0,,,,,,,,,,,,,,,,,,,,,,
47,1,OPEN_YAW,1.6,52580,1604.6142578125,534,16.29638671875,61.36329588014981,47,1.434326171875,487,14.862060546875,0,0.0,0x57BE9584,0,512,384,0.0,2.0,1.5,0,0x04,0,0,0,1,0,0,0,1,0,0,,,,,,,,,,,,,,,,,,,,,,
48,1,OPEN_YAW,1.6333333333333333,53267,1625.579833984375,687,20.965576171875,47.69723435225619,47,1.434326171875,639,19.500732421875,1,0.030517578125,0x8ED5AA07,0,512,384,0.0,2.0,1.5,0,0x04,0,0,0,1,0,0,0,1,0,0,,,,,,,,,,,,,,,,,,,,,,
49,1,OPEN_YAW,1.6666666666666667,53959,1646.697998046875,692,21.1181640625,47.35260115606936,47,1.434326171875,645,19.683837890625,0,0.0,0x4BBB54B2,0,512,384,0.0,2.0,1.5,0,0x04,0,0,0,1,0,0,0,1,0,0,,,,,,,,,,,,,,,,,,,,,,
50,1,OPEN_YAW,1.7,54708,1669.5556640625,749,22.857666015625,43.748998664886514,47,1.434326171875,702,21.42333984375,0,0.0,0x48512005,0,512,384,0.0,2.0,1.5,0,0x04,0,0,0,1,0,0,0,1,0,0,,,,,,,,,,,,,,,,,,,,,,
51,1,OPEN_YAW,1.7333333333333334,55457,1692.413330078125,749,22.857666015625,43.748998664886514,47,1.434326171875,701,21.392822265625,1,0.030517578125,0xE2849AE4,0,512,384,0.0,2.0,1.5,0,0x04,0,0,0,1,0,0,0,1,0,0,,,,,,,,,,,,,,,,,,,,,,
52,1,OPEN_YAW,1.7666666666666666,56221,1715.728759765625,764,23.3154296875,42.890052356020945,47,1.434326171875,717,21.881103515625,0,0.0,0x06B91CB7,0,512,384,0.0,2.0,1.5,0,0x04,0,0,0,1,0,0,0,1,0,0,,,,,,,,,,,,,,,,,,,,,,
53,1,OPEN_YAW,1.8,56979,1738.861083984375,758,23.13232421875,43.229551451187334,47,1.434326171875,711,21.697998046875,0,0.0,0xEF7CD81A,0,512,384,0.0,2.0,1.5,0,0x04,0,0,0,1,0,0,0,1,0,0,,,,,,,,,,,,,,,,,,,,,,
54,1,OPEN_YAW,1.8333333333333333,57729,1761.749267578125,750,22.88818359375,43.690666666666665,47,1.434326171875,702,21.42333984375,1,0.030517578125,0x50648D73,0,512,384,0.0,2.0,1.5,0,0x04,0,0,0,1,0,0,0,1,0,0,,,,,,,,,,,,,,,,,,,,,,
55,1,OPEN_YAW,1.8666666666666667,58504,1785.400390625,775,23.651123046875,42.281290322580645,47,1.434326171875,728,22.216796875,0,0.0,0xAAF43222,0,512,384,0.0,2.0,1.5,0,0x04,0,0,0,1,0,0,0,1,0,0,,,,,,,,,,,,,,,,,,,,,,
56,1,OPEN_YAW,1.9,59272,1808.837890625,768,23.4375,42.666666666666664,47,1.434326171875,721,22.003173828125,0,0.0,0x3BD3184F,0,512,384,0.0,2.0,1.5,0,0x04,0,0,0,1,0,0,0,1,0,0,,,,,,,,,,,,,,,,,,,,,,
57,1,OPEN_YAW,1.9333333333333333,60099,1834.075927734375,827,25.238037109375,39.62273276904474,47,1.434326171875,779,23.773193359375,1,0.030517578125,0x076558F0,0,512,384,0.0,2.0,1.5,0,0x04,0,0,0,1,0,0,0,1,0,0,,,,,,,,,,,,,,,,,,,,,,
58,1,OPEN_YAW,1.9666666666666666,60916,1859.0087890625,817,24.932861328125,40.10771113831089,47,1.434326171875,770,23.49853515625,0,0.0,0x498711DD,0,512,384,0.0,2.0,1.5,0,0x04,0,0,0,1,0,0,0,1,0,0,,,,,,,,,,,,,,,,,,,,,,
59,1,OPEN_YAW,2.0,61757,1884.674072265625,841,25.665283203125,38.96313912009512,47,1.434326171875,793,24.200439453125,1,0.030517578125,0x46A0A0DE,0,512,384,0.0,2.0,1.5,0,0x04,0,0,0,1,0,0,0,1,0,0,,,,,,,,,,,,,,,,,,,,,,
60,1,OPEN_YAW,2.033333333333333,62675,1912.689208984375,918,28.01513671875,35.694989106753816,47,1.434326171875,871,26.580810546875,0,0.0,0x9DD3D2F1,0,512,384,0.0,2.0,1.5,0,0x04,0,0,0,1,0,0,0,1,0,0,,,,,,,,,,,,,,,,,,,,,,
61,1,OPEN_YAW,2.066666666666667,63603,1941.009521484375,928,28.3203125,35.310344827586206,47,1.434326171875,881,26.885986328125,0,0.0,0x7811DB3C,0,512,384,0.0,2.0,1.5,0,0x04,0,0,0,1,0,0,0,1,0,0,,,,,,,,,,,,,,,,,,,,,,
62,1,OPEN_YAW,2.1,64558,1970.15380859375,955,29.144287109375,34.31204188481676,47,1.434326171875,908,27.7099609375,0,0.0,0x84E13E89,0,512,384,0.0,2.0,1.5,0,0x04,0,0,0,1,0,0,0,1,0,0,,,,,,,,,,,,,,,,,,,,,,
63,1,OPEN_YAW,2.1333333333333333,65547,2000.335693359375,989,30.181884765625,33.132457027300305,47,1.434326171875,942,28.74755859375,0,0.0,0x87201FF4,0,512,384,0.0,2.0,1.5,0,0x04,0,0,0,1,0,0,0,1,0,0,,,,,,,,,,,,,,,,,,,,,,
64,1,OPEN_YAW,2.1666666666666665,66305,2023.468017578125,758,23.13232421875,43.229551451187334,47,1.434326171875,711,21.697998046875,0,0.0,0x84E13E89,0,512,384,0.0,2.0,1.5,0,0x04,0,0,0,1,0,0,0,-1,0,0,,,,,,,,,,,,,,,,,,,,,,
65,1,OPEN_YAW,2.2,67291,2053.558349609375,986,30.09033203125,33.233265720081135,47,1.434326171875,939,28.656005859375,0,0.0,0x7811DB3C,0,512,384,0.0,2.0,1.5,0,0x04,0,0,0,1,0,0,0,-1,0,0,,,,,,,,,,,,,,,,,,,,,,
66,1,OPEN_YAW,2.2333333333333334,68218,2081.84814453125,927,28.289794921875,35.34843581445523,47,1.434326171875,880,26.85546875,0,0.0,0x9DD3D2F1,0,512,384,0.0,2.0,1.5,0,0x04,0,0,0,1,0,0,0,-1,0,0,,,,,,,,,,,,,,,,,,,,,,
67,1,OPEN_YAW,2.2666666666666666,69074,2107.97119140625,856,26.123046875,38.2803738317757,47,1.434326171875,808,24.658203125,1,0.030517578125,0x46A0A0DE,0,512,384,0.0,2.0,1.5,0,0x04,0,0,0,1,0,0,0,-1,0,0,,,,,,,,,,,,,,,,,,,,,,
68,1,OPEN_YAW,2.3,69929,2134.063720703125,855,26.092529296875,38.32514619883041,46,1.40380859375,809,24.688720703125,0,0.0,0x498711DD,0,512,384,0.0,2.0,1.5,0,0x04,0,0,0,1,0,0,0,-1,0,0,,,,,,,,,,,,,,,,,,,,,,
69,1,OPEN_YAW,2.3333333333333335,70768,2159.66796875,839,25.604248046875,39.05601907032181,47,1.434326171875,792,24.169921875,0,0.0,0x076558F0,0,512,384,0.0,2.0,1.5,0,0x04,0,0,0,1,0,0,0,-1,0,0,,,,,,,,,,,,,,,,,,,,,,
70,1,OPEN_YAW,2.3666666666666667,71519,2182.586669921875,751,22.918701171875,43.63249001331558,47,1.434326171875,704,21.484375,0,0.0,0x3BD3184F,0,512,384,0.0,2.0,1.5,0,0x04,0,0,0,1,0,0,0,-1,0,0,,,,,,,,,,,,,,,,,,,,,,
71,1,OPEN_YAW,2.4,72279,2205.780029296875,760,23.193359375,43.11578947368421,47,1.434326171875,713,21.759033203125,0,0.0,0xAAF43222,0,512,384,0.0,2.0,1.5,0,0x04,0,0,0,1,0,0,0,-1,0,0,,,,,,,,,,,,,,,,,,,,,,
72,1,OPEN_YAW,2.433333333333333,73044,2229.1259765625,765,23.345947265625,42.83398692810457,47,1.434326171875,717,21.881103515625,1,0.030517578125,0x50648D73,0,512,384,0.0,2.0,1.5,0,0x04,0,0,0,1,0,0,0,-1,0,0,,,,,,,,,,,,,,,,,,,,,,
73,1,OPEN_YAW,2.466666666666667,73814,2252.62451171875,770,23.49853515625,42.555844155844156,47,1.434326171875,723,22.064208984375,0,0.0,0xEF7CD81A,0,512,384,0.0,2.0,1.5,0,0x04,0,0,0,1,0,0,0,-1,0,0,,,,,,,,,,,,,,,,,,,,,,
74,1,OPEN_YAW,2.5,74563,2275.482177734375,749,22.857666015625,43.748998664886514,47,1.434326171875,701,21.392822265625,1,0.030517578125,0x06B91CB7,0,512,384,0.0,2.0,1.5,0,0x04,0,0,0,1,0,0,0,-1,0,0,,,,,,,,,,,,,,,,,,,,,,
75,1,OPEN_YAW,2.533333333333333,75319,2298.553466796875,756,23.0712890625,43.34391534391534,47,1.434326171875,709,21.636962890625,0,0.0,0xE2849AE4,0,512,384,0.0,2.0,1.5,0,0x04,0,0,0,1,0,0,0,-1,0,0,,,,,,,,,,,,,,,,,,,,,,
76,1,OPEN_YAW,2.566666666666667,76083,2321.868896484375,764,23.3154296875,42.890052356020945,47,1.434326171875,716,21.8505859375,1,0.030517578125,0x48512005,0,512,384,0.0,2.0,1.5,0,0x04,0,0,0,1,0,0,0,-1,0,0,,,,,,,,,,,,,,,,,,,,,,
77,1,OPEN_YAW,2.6,76831,2344.696044921875,748,22.8271484375,43.80748663101604,47,1.434326171875,700,21.3623046875,1,0.030517578125,0x4BBB54B2,0,512,384,0.0,2.0,1.5,0,0x04,0,0,0,1,0,0,0,-1,0,0,,,,,,,,,,,,,,,,,,,,,,
78,1,OPEN_YAW,2.6333333333333333,77567,2367.156982421875,736,22.4609375,44.52173913043478,47,1.434326171875,689,21.026611328125,0,0.0,0x8ED5AA07,0,512,384,0.0,2.0,1.5,0,0x04,0,0,0,1,0,0,0,-1,0,0,,,,,,,,,,,,,,,,,,,,,,
79,1,OPEN_YAW,2.6666666666666665,78187,2386.077880859375,620,18.9208984375,52.851612903225806,47,1.434326171875,572,17.4560546875,1,0.030517578125,0x57BE9584,0,512,384,0.0,2.0,1.5,0,0x04,0,0,0,1,0,0,0,-1,0,0,,,,,,,,,,,,,,,,,,,,,,
80,1,OPEN_YAW,2.7,78810,2405.09033203125,623,19.012451171875,52.597110754414125,47,1.434326171875,576,17.578125,0,0.0,0x26D8A8C7,0,512,384,0.0,2.0,1.5,0,0x04,0,0,0,1,0,0,0,-1,0,0,,,,,,,,,,,,,,,,,,,,,,
81,1,OPEN_YAW,2.7333333333333334,79340,2421.2646484375,530,16.17431640625,61.82641509433962,47,1.434326171875,483,14.739990234375,0,0.0,0x241E983A,0,512,384,0.0,2.0,1.5,0,0x04,0,0,0,1,0,0,0,-1,0,0,,,,,,,,,,,,,,,,,,,,,,
82,1,OPEN_YAW,2.7666666666666666,79844,2436.6455078125,504,15.380859375,65.01587301587301,47,1.434326171875,456,13.916015625,1,0.030517578125,0xC85E6E2D,0,512,384,0.0,2.0,1.5,0,0x04,0,0,0,1,0,0,0,-1,0,0,,,,,,,,,,,,,,,,,,,,,,
83,1,OPEN_YAW,2.8,80344,2451.904296875,500,15.2587890625,65.536,47,1.434326171875,452,13.7939453125,1,0.030517578125,0xD37C3B3A,0,512,384,0.0,2.0,1.5,0,0x04,0,0,0,1,0,0,0,-1,0,0,,,,,,,,,,,,,,,,,,,,,,
84,1,OPEN_YAW,2.8333333333333335,80843,2467.132568359375,499,15.228271484375,65.66733466933867,47,1.434326171875,452,13.7939453125,0,0.0,0x313FD664,0,512,384,0.0,2.0,1.5,0,0x04,0,0,0,1,0,0,0,-1,0,0,,,,,,,,,,,,,,,,,,,,,,
85,1,OPEN_YAW,2.8666666666666667,81344,2482.421875,501,15.289306640625,65.40518962075848,47,1.434326171875,453,13.824462890625,1,0.030517578125,0xF1D64FEB,0,512,384,0.0,2.0,1.5,0,0x04,0,0,0,1,0,0,0,-1,0,0,,,,,,,,,,,,,,,,,,,,,,
86,1,OPEN_YAW,2.9,81846,2497.74169921875,502,15.31982421875,65.27490039840637,48,1.46484375,453,13.824462890625,1,0.030517578125,0x9320BBD7,0,512,384,0.0,2.0,1.5,0,0x04,0,0,0,1,0,0,0,-1,0,0,,,,,,,,,,,,,,,,,,,,,,
87,1,OPEN_YAW,2.933333333333333,82365,2513.580322265625,519,15.838623046875,63.13680154142582,48,1.46484375,471,14.373779296875,0,0.0,0x2EA80794,0,512,384,0.0,2.0,1.5,0,0x04,0,0,0,1,0,0,0,-1,0,0,,,,,,,,,,,,,,,,,,,,,,
88,1,OPEN_YAW,2.966666666666667,82887,2529.510498046875,522,15.93017578125,62.77394636015325,47,1.434326171875,474,14.46533203125,1,0.030517578125,0x9B4B1FEF,0,512,384,0.0,2.0,1.5,0,0x04,0,0,0,1,0,0,0,-1,0,0,,,,,,,,,,,,,,,,,,,,,,
89,1,OPEN_YAW,3.0,83415,2545.623779296875,528,16.11328125,62.06060606060606,47,1.434326171875,481,14.678955078125,0,0.0,0x47A89276,0,512,384,0.0,2.0,1.5,0,0x04,0,0,0,1,0,0,0,-1,0,0,,,,,,,,,,,,,,,,,,,,,,
90,1,OPEN_YAW,3.033333333333333,83953,2562.042236328125,538,16.41845703125,60.90706319702602,47,1.434326171875,491,14.984130859375,0,0.0,0x82178F31,0,512,384,0.0,2.0,1.5,0,0x04,0,0,0,1,0,0,0,-1,0,0,,,,,,,,,,,,,,,,,,,,,,
91,1,OPEN_YAW,3.066666666666667,84634,2582.82470703125,681,20.782470703125,48.117474302496326,47,1.434326171875,633,19.317626953125,1,0.030517578125,0x58D899FA,0,512,384,0.0,2.0,1.5,0,0x04,0,0,0,1,0,0,0,-1,0,0,,,,,,,,,,,,,,,,,,,,,,
92,1,OPEN_YAW,3.1,85317,2603.668212890625,683,20.843505859375,47.97657393850659,47,1.434326171875,636,19.4091796875,0,0.0,0x47E40981,0,512,384,0.0,2.0,1.5,0,0x04,0,0,0,1,0,0,0,-1,0,0,,,,,,,,,,,,,,,,,,,,,,
93,1,OPEN_YAW,3.1333333333333333,86065,2626.495361328125,748,22.8271484375,43.80748663101604,47,1.434326171875,701,21.392822265625,0,0.0,0x0191D5F6,0,512,384,0.0,2.0,1.5,0,0x04,0,0,0,1,0,0,0,-1,0,0,,,,,,,,,,,,,,,,,,,,,,
94,1,OPEN_YAW,3.1666666666666665,86825,2649.688720703125,760,23.193359375,43.11578947368421,47,1.434326171875,712,21.728515625,1,0.030517578125,0xAB4F68AF,0,512,384,0.0,2.0,1.5,0,0x04,0,0,0,1,0,0,0,-1,0,0,,,,,,,,,,,,,,,,,,,,,,
95,1,OPEN_YAW,3.2,87592,2673.095703125,767,23.406982421875,42.72229465449804,47,1.434326171875,719,21.942138671875,1,0.030517578125,0xFB682E46,0,512,384,0.0,2.0,1.5,0,0x04,0,0,0,1,0,0,0,-1,0,0,,,,,,,,,,,,,,,,,,,,,,
96,1,OPEN_YAW,3.2333333333333334,88344,2696.044921875,752,22.94921875,43.57446808510638,47,1.434326171875,705,21.514892578125,0,0.0,0x779CD11B,0,512,384,0.0,2.0,1.5,0,0x04,0,0,0,1,0,0,0,-1,0,0,,,,,,,,,,,,,,,,,,,,,,
97,1,OPEN_YAW,3.2666666666666666,89103,2719.207763671875,759,23.162841796875,43.17259552042161,47,1.434326171875,711,21.697998046875,1,0.030517578125,0x160A0806,0,512,384,0.0,2.0,1.5,0,0x04,0,0,0,1,0,0,0,-1,0,0,,,,,,,,,,,,,,,,,,,,,,
98,1,OPEN_YAW,3.3,89868,2742.5537109375,765,23.345947265625,42.83398692810457,48,1.46484375,717,21.881103515625,0,0.0,0xE5D4D0F1,0,512,384,0.0,2.0,1.5,0,0x04,0,0,0,1,0,0,0,-1,0,0,,,,,,,,,,,,,,,,,,,,,,
99,1,OPEN_YAW,3.3333333333333335,90640,2766.11328125,772,23.5595703125,42.44559585492228,47,1.434326171875,725,22.125244140625,0,0.0,0x5AD6DB54,0,512,384,0.0,2.0,1.5,0,0x04,0,0,0,1,0,0,0,-1,0,0,,,,,,,,,,,,,,,,,,,,,,
100,1,OPEN_YAW,3.3666666666666667,91460,2791.1376953125,820,25.0244140625,39.9609756097561,47,1.434326171875,773,23.590087890625,0,0.0,0x6BDB5333,0,512,384,0.0,2.0,1.5,0,0x04,0,0,0,1,0,0,0,-1,0,0,,,,,,,,,,,,,,,,,,,,,,
101,1,OPEN_YAW,3.4,92281,2816.192626953125,821,25.054931640625,39.91230207064555,47,1.434326171875,774,23.62060546875,0,0.0,0x727A5D9C,0,512,384,0.0,2.0,1.5,0,0x04,0,0,0,1,0,0,0,-1,0,0,,,,,,,,,,,,,,,,,,,,,,
102,1,OPEN_YAW,3.433333333333333,93117,2841.705322265625,836,25.5126953125,39.196172248803826,47,1.434326171875,788,24.0478515625,1,0.030517578125,0x09DBF567,0,512,384,0.0,2.0,1.5,0,0x04,0,0,0,1,0,0,0,-1,0,0,,,,,,,,,,,,,,,,,,,,,,
103,1,OPEN_YAW,3.466666666666667,94043,2869.964599609375,926,28.25927734375,35.3866090712743,47,1.434326171875,878,26.79443359375,1,0.030517578125,0xF1FADB42,0,512,384,0.0,2.0,1.5,0,0x04,0,0,0,1,0,0,0,-1,0,0,,,,,,,,,,,,,,,,,,,,,,
104,1,OPEN_YAW,3.5,94969,2898.223876953125,926,28.25927734375,35.3866090712743,47,1.434326171875,879,26.824951171875,0,0.0,0x48C590F3,0,512,384,0.0,2.0,1.5,0,0x04,0,0,0,1,0,0,0,-1,0,0,,,,,,,,,,,,,,,,,,,,,,
105,1,OPEN_YAW,3.533333333333333,95929,2927.520751953125,960,29.296875,34.13333333333333,47,1.434326171875,913,27.862548828125,0,0.0,0xCB25181A,0,512,384,0.0,2.0,1.5,0,0x04,0,0,0,1,0,0,0,-1,0,0,,,,,,,,,,,,,,,,,,,,,,
106,1,OPEN_YAW,3.566666666666667,96972,2959.3505859375,1043,31.829833984375,31.417066155321187,47,1.434326171875,995,30.364990234375,1,0.030517578125,0xAC3150F9,0,512,384,0.0,2.0,1.5,0,0x04,0,0,0,1,0,0,0,-1,0,0,,,,,,,,,,,,,,,,,,,,,,
107,1,OPEN_YAW,3.6,98088,2993.408203125,1116,34.0576171875,29.36200716845878,47,1.434326171875,1069,32.623291015625,0,0.0,0xFC0E3B5E,0,512,384,0.0,2.0,1.5,0,0x04,0,0,0,1,0,0,0,-1,0,0,,,,,,,,,,,,,,,,,,,,,,
108,1,OPEN_YAW,3.6333333333333333,99215,3027.801513671875,1127,34.393310546875,29.075421472937002,47,1.434326171875,1080,32.958984375,0,0.0,0xFA8FA93F,0,512,384,0.0,2.0,1.5,0,0x04,0,0,0,1,0,0,0,-1,0,0,,,,,,,,,,,,,,,,,,,,,,
109,1,OPEN_YAW,3.6666666666666665,100213,3058.258056640625,998,30.45654296875,32.833667334669336,47,1.434326171875,950,28.99169921875,1,0.030517578125,0xC813CCF6,0,512,384,0.0,2.0,1.5,0,0x04,0,0,0,1,0,0,0,-1,0,0,,,,,,,,,,,,,,,,,,,,,,
110,1,OPEN_YAW,3.7,101284,3090.9423828125,1071,32.684326171875,30.595704948646127,47,1.434326171875,1024,31.25,0,0.0,0xA5F2BEEB,0,512,384,0.0,2.0,1.5,0,0x04,0,0,0,1,0,0,0,-1,0,0,,,,,,,,,,,,,,,,,,,,,,
111,1,OPEN_YAW,3.7333333333333334,102269,3121.002197265625,985,30.059814453125,33.267005076142134,47,1.434326171875,937,28.594970703125,1,0.030517578125,0xFC68B016,0,512,384,0.0,2.0,1.5,0,0x04,0,0,0,1,0,0,0,-1,0,0,,,,,,,,,,,,,,,,,,,,,,
112,1,OPEN_YAW,3.7666666666666666,103428,3156.3720703125,1159,35.369873046875,28.272648835202762,47,1.434326171875,1112,33.935546875,0,0.0,0x57F83B3D,0,512,384,0.0,2.0,1.5,0,0x04,0,0,0,1,0,0,0,-1,0,0,,,,,,,,,,,,,,,,,,,,,,
113,1,OPEN_YAW,3.8,104588,3191.7724609375,1160,35.400390625,28.248275862068965,47,1.434326171875,1112,33.935546875,1,0.030517578125,0x44510D1A,0,512,384,0.0,2.0,1.5,0,0x04,0,0,0,1,0,0,0,-1,0,0,,,,,,,,,,,,,,,,,,,,,,
114,1,OPEN_YAW,3.8333333333333335,105857,3230.499267578125,1269,38.726806640625,25.821907013396377,47,1.434326171875,1221,37.261962890625,1,0.030517578125,0xE47DEAEF,0,512,384,0.0,2.0,1.5,0,0x04,0,0,0,1,0,0,0,-1,0,0,,,,,,,,,,,,,,,,,,,,,,
115,1,OPEN_YAW,3.8666666666666667,107174,3270.69091796875,1317,40.191650390625,24.88078967350038,47,1.434326171875,1269,38.726806640625,1,0.030517578125,0x70470C18,0,512,384,0.0,2.0,1.5,0,0x04,0,0,0,1,0,0,0,-1,0,0,,,,,,,,,,,,,,,,,,,,,,
116,1,OPEN_YAW,3.9,108711,3317.596435546875,1537,46.905517578125,21.319453480806768,47,1.434326171875,1490,45.47119140625,0,0.0,0x6E85EBC5,0,512,384,0.0,2.0,1.5,0,0x04,0,0,0,1,0,0,0,-1,0,0,,,,,,,,,,,,,,,,,,,,,,
117,1,OPEN_YAW,3.933333333333333,110362,3367.98095703125,1651,50.384521484375,19.847365233192004,47,1.434326171875,1604,48.9501953125,0,0.0,0x1F45C49E,0,512,384,0.0,2.0,1.5,0,0x04,0,0,0,1,0,0,0,-1,0,0,,,,,,,,,,,,,,,,,,,,,,
118,1,OPEN_YAW,3.966666666666667,112035,3419.036865234375,1673,51.055908203125,19.586371787208606,47,1.434326171875,1626,49.62158203125,0,0.0,0x94A84683,0,512,384,0.0,2.0,1.5,0,0x04,0,0,0,1,0,0,0,-1,0,0,,,,,,,,,,,,,,,,,,,,,,
119,1,OPEN_YAW,4.0,113802,3472.96142578125,1767,53.924560546875,18.54442558007923,47,1.434326171875,1720,52.490234375,0,0.0,0xD27F4708,0,512,384,0.0,2.0,1.5,0,0x04,0,0,0,1,0,0,0,-1,0,0,,,,,,,,,,,,,,,,,,,,,,
120,1,OPEN_YAW,4.033333333333333,115579,3527.191162109375,1777,54.229736328125,18.440067529544176,47,1.434326171875,1730,52.79541015625,0,0.0,0xF0C60EB7,0,512,384,0.0,2.0,1.5,0,0x04,0,0,0,1,0,0,0,-1,0,0,,,,,,,,,,,,,,,,,,,,,,
121,1,OPEN_YAW,4.066666666666666,117399,3582.733154296875,1820,55.5419921875,18.004395604395604,47,1.434326171875,1772,54.0771484375,1,0.030517578125,0x1A9A2DD0,0,512,384,0.0,2.0,1.5,0,0x04,0,0,0,1,0,0,0,-1,0,0,,,,,,,,,,,,,,,,,,,,,,
122,1,OPEN_YAW,4.1,119208,3637.939453125,1809,55.206298828125,18.11387506909895,47,1.434326171875,1762,53.77197265625,0,0.0,0x45E0B719,0,512,384,0.0,2.0,1.5,0,0x04,0,0,0,1,0,0,0,-1,0,0,,,,,,,,,,,,,,,,,,,,,,
123,1,OPEN_YAW,4.133333333333334,121001,3692.657470703125,1793,54.718017578125,18.275515895147798,47,1.434326171875,1746,53.28369140625,0,0.0,0xAED9429C,0,512,384,0.0,2.0,1.5,0,0x04,0,0,0,1,0,0,0,-1,0,0,,,,,,,,,,,,,,,,,,,,,,
124,1,OPEN_YAW,4.166666666666667,122823,3748.260498046875,1822,55.60302734375,17.98463227222832,47,1.434326171875,1774,54.13818359375,1,0.030517578125,0x58A773FF,0,512,384,0.0,2.0,1.5,0,0x04,0,0,0,1,0,0,0,-1,0,0,,,,,,,,,,,,,,,,,,,,,,
125,1,OPEN_YAW,4.2,124697,3805.450439453125,1874,57.18994140625,17.485592315901815,47,1.434326171875,1827,55.755615234375,0,0.0,0x8B3821D2,0,512,384,0.0,2.0,1.5,0,0x04,0,0,0,1,0,0,0,-1,0,0,,,,,,,,,,,,,,,,,,,,,,
126,1,OPEN_YAW,4.233333333333333,126504,3860.595703125,1807,55.145263671875,18.133923630326507,47,1.434326171875,1759,53.680419921875,1,0.030517578125,0x5E9768D3,0,512,384,0.0,2.0,1.5,0,0x04,0,0,0,1,0,0,0,-1,0,0,,,,,,,,,,,,,,,,,,,,,,
127,1,OPEN_YAW,4.266666666666667,128230,3913.26904296875,1726,52.67333984375,18.984936268829664,47,1.434326171875,1679,51.239013671875,0,0.0,0x9E5629C9,0,512,384,0.0,2.0,1.5,0,0x0C,0,0,0,1,1,0,0,-1,0,0,,,,,,,,,,,,,,,,,,,,,,
128,2,PITCH_SWEEP,4.3,129892,3963.9892578125,1662,50.72021484375,19.71600481347774,48,1.46484375,1613,49.224853515625,1,0.030517578125,0xEBC50AFB,0,512,384,0.0,2.0,1.5,0,0x04,0,0,0,1,0,0,0,0,1,0,,,,,,,,,,,,,,,,,,,,,,
129,2,PITCH_SWEEP,4.333333333333333,131423,4010.711669921875,1531,46.722412109375,21.40300457217505,48,1.46484375,1483,45.257568359375,0,0.0,0x99F6DC11,0,512,384,0.0,2.0,1.5,0,0x04,0,0,0,1,0,0,0,0,1,0,,,,,,,,,,,,,,,,,,,,,,
130,2,PITCH_SWEEP,4.366666666666666,132953,4057.403564453125,1530,46.69189453125,21.416993464052286,48,1.46484375,1481,45.196533203125,1,0.030517578125,0xF5262E21,0,512,384,0.0,2.0,1.5,0,0x04,0,0,0,1,0,0,0,0,1,0,,,,,,,,,,,,,,,,,,,,,,
131,2,PITCH_SWEEP,4.4,134431,4102.508544921875,1478,45.10498046875,22.170500676589988,48,1.46484375,1430,43.64013671875,0,0.0,0xB89D05A3,0,512,384,0.0,2.0,1.5,0,0x04,0,0,0,1,0,0,0,0,1,0,,,,,,,,,,,,,,,,,,,,,,
132,2,PITCH_SWEEP,4.433333333333334,135867,4146.331787109375,1436,43.8232421875,22.818941504178273,48,1.46484375,1388,42.3583984375,0,0.0,0x0366AA7D,0,512,384,0.0,2.0,1.5,0,0x04,0,0,0,1,0,0,0,0,1,0,,,,,,,,,,,,,,,,,,,,,,
133,2,PITCH_SWEEP,4.466666666666667,137289,4189.727783203125,1422,43.39599609375,23.043600562587905,48,1.46484375,1374,41.93115234375,0,0.0,0xD32DF697,0,512,384,0.0,2.0,1.5,0,0x06,1,1,0,1,0,0,0,0,1,0,41.8701171875,0.0,0.244140625,7.659912109375,8.7890625,1.15966796875,3.47900390625,7.87353515625,0.0,12.0849609375,0.579833984375,0,0,0,0,0,0,0,0,0,0,0
134,2,PITCH_SWEEP,4.5,138611,4230.072021484375,1322,40.34423828125,24.786686838124055,48,1.46484375,1274,38.87939453125,0,0.0,0xFD0ED9B9,0,512,384,0.0,2.0,1.5,0,0x04,0,0,0,1,0,0,0,0,1,0,,,,,,,,,,,,,,,,,,,,,,
135,2,PITCH_SWEEP,4.533333333333333,139898,4269.34814453125,1287,39.276123046875,25.46076146076146,48,1.46484375,1239,37.811279296875,0,0.0,0x384A2F1B,0,512,384,0.0,2.0,1.5,0,0x04,0,0,0,1,0,0,0,0,1,0,,,,,,,,,,,,,,,,,,,,,,
136,2,PITCH_SWEEP,4.566666666666666,141157,4307.769775390625,1259,38.421630859375,26.027005559968227,48,1.46484375,1211,36.956787109375,0,0.0,0x7DFB7EEB,0,512,384,0.0,2.0,1.5,0,0x04,0,0,0,1,0,0,0,0,1,0,,,,,,,,,,,,,,,,,,,,,,
137,2,PITCH_SWEEP,4.6,142385,4345.245361328125,1228,37.4755859375,26.684039087947884,48,1.46484375,1179,35.980224609375,1,0.030517578125,0x665540F9,0,512,384,0.0,2.0,1.5,0,0x04,0,0,0,1,0,0,0,0,1,0,,,,,,,,,,,,,,,,,,,,,,
138,2,PITCH_SWEEP,4.633333333333334,143573,4381.500244140625,1188,36.2548828125,27.58249158249158,48,1.46484375,1140,34.7900390625,0,0.0,0x24928A59,0,512,384,0.0,2.0,1.5,0,0x04,0,0,0,1,0,0,0,0,1,0,,,,,,,,,,,,,,,,,,,,,,
139,2,PITCH_SWEEP,4.666666666666667,144751,4417.449951171875,1178,35.94970703125,27.816638370118845,48,1.46484375,1129,34.454345703125,1,0.030517578125,0xE620FE03,0,512,384,0.0,2.0,1.5,0,0x04,0,0,0,1,0,0,0,0,1,0,,,,,,,,,,,,,,,,,,,,,,
140,2,PITCH_SWEEP,4.7,145924,4453.2470703125,1173,35.797119140625,27.935208866155158,47,1.434326171875,1126,34.36279296875,0,0.0,0xF31CD78D,0,512,384,0.0,2.0,1.5,0,0x04,0,0,0,1,0,0,0,0,1,0,,,,,,,,,,,,,,,,,,,,,,
141,2,PITCH_SWEEP,4.733333333333333,147094,4488.95263671875,1170,35.70556640625,28.006837606837607,48,1.46484375,1122,34.24072265625,0,0.0,0xFC73F4CF,0,512,384,0.0,2.0,1.5,0,0x04,0,0,0,1,0,0,0,0,1,0,,,,,,,,,,,,,,,,,,,,,,
142,2,PITCH_SWEEP,4.766666666666667,148125,4520.416259765625,1031,31.463623046875,31.782735208535403,48,1.46484375,983,29.998779296875,0,0.0,0x31DBE5A1,0,512,384,0.0,2.0,1.5,0,0x04,0,0,0,1,0,0,0,0,1,0,,,,,,,,,,,,,,,,,,,,,,
143,2,PITCH_SWEEP,4.8,149110,4550.47607421875,985,30.059814453125,33.267005076142134,48,1.46484375,937,28.594970703125,0,0.0,0x637D44ED,0,512,384,0.0,2.0,1.5,0,0x04,0,0,0,1,0,0,0,0,1,0,,,,,,,,,,,,,,,,,,,,,,
144,2,PITCH_SWEEP,4.833333333333333,150078,4580.01708984375,968,29.541015625,33.85123966942149,48,1.46484375,920,28.076171875,0,0.0,0xDF585765,0,512,384,0.0,2.0,1.5,0,0x04,0,0,0,1,0,0,0,0,1,0,,,,,,,,,,,,,,,,,,,,,,
145,2,PITCH_SWEEP,4.866666666666666,150932,4606.0791015625,854,26.06201171875,38.37002341920375,48,1.46484375,805,24.566650390625,1,0.030517578125,0xC6349AE7,0,512,384,0.0,2.0,1.5,0,0x04,0,0,0,1,0,0,0,0,1,0,,,,,,,,,,,,,,,,,,,,,,
146,2,PITCH_SWEEP,4.9,151705,4629.669189453125,773,23.590087890625,42.39068564036223,48,1.46484375,724,22.0947265625,1,0.030517578125,0xF7C74FC9,0,512,384,0.0,2.0,1.5,0,0x04,0,0,0,1,0,0,0,0,1,0,,,,,,,,,,,,,,,,,,,,,,
147,2,PITCH_SWEEP,4.933333333333334,152447,4652.313232421875,742,22.64404296875,44.16172506738545,47,1.434326171875,694,21.17919921875,1,0.030517578125,0xD205864D,0,512,384,0.0,2.0,1.5,0,0x04,0,0,0,1,0,0,0,0,1,0,,,,,,,,,,,,,,,,,,,,,,
148,2,PITCH_SWEEP,4.966666666666667,153150,4673.76708984375,703,21.453857421875,46.611664295874824,48,1.46484375,655,19.989013671875,0,0.0,0x5776983D,0,512,384,0.0,2.0,1.5,0,0x04,0,0,0,1,0,0,0,0,1,0,,,,,,,,,,,,,,,,,,,,,,
149,2,PITCH_SWEEP,5.0,153830,4694.51904296875,680,20.751953125,48.188235294117646,48,1.46484375,632,19.287109375,0,0.0,0x3C8645B7,0,512,384,0.0,2.0,1.5,0,0x04,0,0,0,1,0,0,0,0,1,0,,,,,,,,,,,,,,,,,,,,,,
150,2,PITCH_SWEEP,5.033333333333333,154496,4714.84375,666,20.32470703125,49.2012012012012,48,1.46484375,618,18.85986328125,0,0.0,0xE8184D3B,0,512,384,0.0,2.0,1.5,0,0x04,0,0,0,1,0,0,0,0,1,0,,,,,,,,,,,,,,,,,,,,,,
151,2,PITCH_SWEEP,5.066666666666666,155156,4734.9853515625,660,20.1416015625,49.64848484848485,48,1.46484375,611,18.646240234375,1,0.030517578125,0x92BE7535,0,512,384,0.0,2.0,1.5,0,0x04,0,0,0,1,0,0,0,0,1,0,,,,,,,,,,,,,,,,,,,,,,
152,2,PITCH_SWEEP,5.1,155799,4754.608154296875,643,19.622802734375,50.96111975116641,48,1.46484375,594,18.12744140625,1,0.030517578125,0xE8184D3B,0,512,384,0.0,2.0,1.5,0,0x04,0,0,0,1,0,0,0,0,-1,0,,,,,,,,,,,,,,,,,,,,,,
153,2,PITCH_SWEEP,5.133333333333334,156461,4774.810791015625,662,20.20263671875,49.49848942598187,47,1.434326171875,615,18.768310546875,0,0.0,0x3C8645B7,0,512,384,0.0,2.0,1.5,0,0x04,0,0,0,1,0,0,0,0,-1,0,,,,,,,,,,,,,,,,,,,,,,
154,2,PITCH_SWEEP,5.166666666666667,157135,4795.379638671875,674,20.56884765625,48.61721068249258,48,1.46484375,625,19.073486328125,1,0.030517578125,0x5776983D,0,512,384,0.0,2.0,1.5,0,0x04,0,0,0,1,0,0,0,0,-1,0,,,,,,,,,,,,,,,,,,,,,,
155,2,PITCH_SWEEP,5.2,157821,4816.314697265625,686,20.93505859375,47.7667638483965,47,1.434326171875,639,19.500732421875,0,0.0,0xD205864D,0,512,384,0.0,2.0,1.5,0,0x04,0,0,0,1,0,0,0,0,-1,0,,,,,,,,,,,,,,,,,,,,,,
156,2,PITCH_SWEEP,5.233333333333333,158529,4837.921142578125,708,21.6064453125,46.282485875706215,48,1.46484375,659,20.111083984375,1,0.030517578125,0xF7C74FC9,0,512,384,0.0,2.0,1.5,0,0x04,0,0,0,1,0,0,0,0,-1,0,,,,,,,,,,,,,,,,,,,,,,
157,2,PITCH_SWEEP,5.266666666666667,159332,4862.4267578125,803,24.505615234375,40.80697384806974,47,1.434326171875,755,23.040771484375,1,0.030517578125,0xC6349AE7,0,512,384,0.0,2.0,1.5,0,0x04,0,0,0,1,0,0,0,0,-1,0,,,,,,,,,,,,,,,,,,,,,,
158,2,PITCH_SWEEP,5.3,160262,4890.80810546875,930,28.38134765625,35.23440860215054,47,1.434326171875,883,26.947021484375,0,0.0,0xDF585765,0,512,384,0.0,2.0,1.5,0,0x04,0,0,0,1,0,0,0,0,-1,0,,,,,,,,,,,,,,,,,,,,,,
159,2,PITCH_SWEEP,5.333333333333333,161225,4920.196533203125,963,29.388427734375,34.0269989615784,48,1.46484375,915,27.923583984375,0,0.0,0x637D44ED,0,512,384,0.0,2.0,1.5,0,0x04,0,0,0,1,0,0,0,0,-1,0,,,,,,,,,,,,,,,,,,,,,,
160,2,PITCH_SWEEP,5.366666666666666,162226,4950.74462890625,1001,30.548095703125,32.735264735264735,48,1.46484375,952,29.052734375,1,0.030517578125,0x31DBE5A1,0,512,384,0.0,2.0,1.5,0,0x04,0,0,0,1,0,0,0,0,-1,0,,,,,,,,,,,,,,,,,,,,,,
161,2,PITCH_SWEEP,5.4,163356,4985.2294921875,1130,34.48486328125,28.998230088495575,47,1.434326171875,1083,33.050537109375,0,0.0,0xFC73F4CF,0,512,384,0.0,2.0,1.5,0,0x04,0,0,0,1,0,0,0,0,-1,0,,,,,,,,,,,,,,,,,,,,,,
162,2,PITCH_SWEEP,5.433333333333334,164503,5020.233154296875,1147,35.003662109375,28.568439407149086,48,1.46484375,1099,33.538818359375,0,0.0,0xF31CD78D,0,512,384,0.0,2.0,1.5,0,0x04,0,0,0,1,0,0,0,0,-1,0,,,,,,,,,,,,,,,,,,,,,,
163,2,PITCH_SWEEP,5.466666666666667,165657,5055.450439453125,1154,35.21728515625,28.395147313691506,48,1.46484375,1106,33.75244140625,0,0.0,0xE620FE03,0,512,384,0.0,2.0,1.5,0,0x04,0,0,0,1,0,0,0,0,-1,0,,,,,,,,,,,,,,,,,,,,,,
164,2,PITCH_SWEEP,5.5,166808,5090.576171875,1151,35.125732421875,28.46915725456125,48,1.46484375,1102,33.63037109375,1,0.030517578125,0x24928A59,0,512,384,0.0,2.0,1.5,0,0x04,0,0,0,1,0,0,0,0,-1,0,,,,,,,,,,,,,,,,,,,,,,
165,2,PITCH_SWEEP,5.533333333333333,168071,5129.119873046875,1263,38.543701171875,25.944576405384005,47,1.434326171875,1215,37.078857421875,1,0.030517578125,0x665540F9,0,512,384,0.0,2.0,1.5,0,0x04,0,0,0,1,0,0,0,0,-1,0,,,,,,,,,,,,,,,,,,,,,,
166,2,PITCH_SWEEP,5.566666666666666,169367,5168.670654296875,1296,39.55078125,25.28395061728395,47,1.434326171875,1248,38.0859375,1,0.030517578125,0x7DFB7EEB,0,512,384,0.0,2.0,1.5,0,0x04,0,0,0,1,0,0,0,0,-1,0,,,,,,,,,,,,,,,,,,,,,,
167,2,PITCH_SWEEP,5.6,170615,5206.756591796875,1248,38.0859375,26.256410256410255,48,1.46484375,1200,36.62109375,0,0.0,0x384A2F1B,0,512,384,0.0,2.0,1.5,0,0x04,0,0,0,1,0,0,0,0,-1,0,,,,,,,,,,,,,,,,,,,,,,
168,2,PITCH_SWEEP,5.633333333333334,171874,5245.17822265625,1259,38.421630859375,26.027005559968227,48,1.46484375,1210,36.92626953125,1,0.030517578125,0xFD0ED9B9,0,512,384,0.0,2.0,1.5,0,0x04,0,0,0,1,0,0,0,0,-1,0,,,,,,,,,,,,,,,,,,,,,,
169,2,PITCH_SWEEP,5.666666666666667,173233,5286.651611328125,1359,41.473388671875,24.111846946284032,48,1.46484375,1311,40.008544921875,0,0.0,0xD32DF697,0,512,384,0.0,2.0,1.5,0,0x04,0,0,0,1,0,0,0,0,-1,0,,,,,,,,,,,,,,,,,,,,,,
170,2,PITCH_SWEEP,5.7,174637,5329.498291015625,1404,42.8466796875,23.33903133903134,48,1.46484375,1356,41.3818359375,0,0.0,0x0366AA7D,0,512,384,0.0,2.0,1.5,0,0x04,0,0,0,1,0,0,0,0,-1,0,,,,,,,,,,,,,,,,,,,,,,
171,2,PITCH_SWEEP,5.733333333333333,176074,5373.35205078125,1437,43.853759765625,22.803061934585944,48,1.46484375,1389,42.388916015625,0,0.0,0xB89D05A3,0,512,384,0.0,2.0,1.5,0,0x04,0,0,0,1,0,0,0,0,-1,0,,,,,,,,,,,,,,,,,,,,,,
172,2,PITCH_SWEEP,5.766666666666667,177567,5418.914794921875,1493,45.562744140625,21.94775619557937,48,1.46484375,1445,44.097900390625,0,0.0,0xF5262E21,0,512,384,0.0,2.0,1.5,0,0x04,0,0,0,1,0,0,0,0,-1,0,,,,,,,,,,,,,,,,,,,,,,
173,2,PITCH_SWEEP,5.8,179095,5465.545654296875,1528,46.630859375,21.445026178010473,48,1.46484375,1479,45.135498046875,1,0.030517578125,0x99F6DC11,0,512,384,0.0,2.0,1.5,0,0x04,0,0,0,1,0,0,0,0,-1,0,,,,,,,,,,,,,,,,,,,,,,
174,2,PITCH_SWEEP,5.833333333333333,180650,5513.00048828125,1555,47.454833984375,21.07266881028939,48,1.46484375,1507,45.989990234375,0,0.0,0xEBC50AFB,0,512,384,0.0,2.0,1.5,0,0x04,0,0,0,1,0,0,0,0,-1,0,,,,,,,,,,,,,,,,,,,,,,
175,2,PITCH_SWEEP,5.866666666666666,182211,5560.638427734375,1561,47.637939453125,20.99167200512492,48,1.46484375,1512,46.142578125,1,0.030517578125,0x9E5629C9,0,512,384,0.0,2.0,1.5,0,0x04,0,0,0,1,0,0,0,0,-1,0,,,,,,,,,,,,,,,,,,,,,,
176,2,PITCH_SWEEP,5.9,183864,5611.083984375,1653,50.445556640625,19.82335148215366,47,1.434326171875,1605,48.980712890625,1,0.030517578125,0x70322F27,0,512,384,0.0,2.0,1.5,0,0x04,0,0,0,1,0,0,0,0,-1,0,,,,,,,,,,,,,,,,,,,,,,
177,2,PITCH_SWEEP,5.933333333333334,185566,5663.02490234375,1702,51.94091796875,19.25264394829612,47,1.434326171875,1654,50.47607421875,1,0.030517578125,0x390641B9,0,512,384,0.0,2.0,1.5,0,0x04,0,0,0,1,0,0,0,0,-1,0,,,,,,,,,,,,,,,,,,,,,,
178,2,PITCH_SWEEP,5.966666666666667,187221,5713.531494140625,1655,50.506591796875,19.79939577039275,47,1.434326171875,1607,49.041748046875,1,0.030517578125,0xC1D27A09,0,512,384,0.0,2.0,1.5,0,0x04,0,0,0,1,0,0,0,0,-1,0,,,,,,,,,,,,,,,,,,,,,,
179,2,PITCH_SWEEP,6.0,188884,5764.2822265625,1663,50.750732421875,19.70414912808178,47,1.434326171875,1615,49.285888671875,1,0.030517578125,0xDBF98667,0,512,384,0.0,2.0,1.5,0,0x04,0,0,0,1,0,0,0,0,-1,0,,,,,,,,,,,,,,,,,,,,,,
180,2,PITCH_SWEEP,6.033333333333333,190526,5814.39208984375,1642,50.10986328125,19.956151035322776,47,1.434326171875,1595,48.675537109375,0,0.0,0x776F84F5,0,512,384,0.0,2.0,1.5,0,0x04,0,0,0,1,0,0,0,0,-1,0,,,,,,,,,,,,,,,,,,,,,,
181,2,PITCH_SWEEP,6.066666666666666,192163,5864.349365234375,1637,49.957275390625,20.01710445937691,48,1.46484375,1588,48.4619140625,1,0.030517578125,0x9C5D3DAB,0,512,384,0.0,2.0,1.5,0,0x04,0,0,0,1,0,0,0,0,-1,0,,,,,,,,,,,,,,,,,,,,,,
182,2,PITCH_SWEEP,6.1,193796,5914.1845703125,1633,49.835205078125,20.06613594611145,48,1.46484375,1584,48.33984375,1,0.030517578125,0xF3A6ABD1,0,512,384,0.0,2.0,1.5,0,0x04,0,0,0,1,0,0,0,0,-1,0,,,,,,,,,,,,,,,,,,,,,,
183,2,PITCH_SWEEP,6.133333333333334,195419,5963.714599609375,1623,49.530029296875,20.18977202711029,48,1.46484375,1575,48.065185546875,0,0.0,0x979B296F,0,512,384,0.0,2.0,1.5,0,0x04,0,0,0,1,0,0,0,0,-1,0,,,,,,,,,,,,,,,,,,,,,,
184,2,PITCH_SWEEP,6.166666666666667,197026,6012.75634765625,1607,49.041748046875,20.39079029247044,48,1.46484375,1559,47.576904296875,0,0.0,0x0CFC7757,0,512,384,0.0,2.0,1.5,0,0x04,0,0,0,1,0,0,0,0,-1,0,,,,,,,,,,,,,,,,,,,,,,
185,2,PITCH_SWEEP,6.2,198608,6061.03515625,1582,48.27880859375,20.713021491782555,48,1.46484375,1534,46.81396484375,0,0.0,0x917C6B41,0,512,384,0.0,2.0,1.5,0,0x04,0,0,0,1,0,0,0,0,-1,0,,,,,,,,,,,,,,,,,,,,,,
186,2,PITCH_SWEEP,6.233333333333333,200151,6108.123779296875,1543,47.088623046875,21.23655217109527,48,1.46484375,1495,45.623779296875,0,0.0,0x556C25D5,0,512,384,0.0,2.0,1.5,0,0x04,0,0,0,1,0,0,0,0,-1,0,,,,,,,,,,,,,,,,,,,,,,
187,2,PITCH_SWEEP,6.266666666666667,201677,6154.693603515625,1526,46.56982421875,21.47313237221494,48,1.46484375,1478,45.10498046875,0,0.0,0x1E07FA07,0,512,384,0.0,2.0,1.5,0,0x04,0,0,0,1,0,0,0,0,-1,0,,,,,,,,,,,,,,,,,,,,,,
188,2,PITCH_SWEEP,6.3,203087,6197.723388671875,1410,43.02978515625,23.23971631205674,48,1.46484375,1361,41.534423828125,1,0.030517578125,0x9BACD179,0,512,384,0.0,2.0,1.5,0,0x04,0,0,0,1,0,0,0,0,-1,0,,,,,,,,,,,,,,,,,,,,,,
189,2,PITCH_SWEEP,6.333333333333333,204493,6240.631103515625,1406,42.90771484375,23.305832147937412,48,1.46484375,1358,41.44287109375,0,0.0,0x41E71BC3,0,512,384,0.0,2.0,1.5,0,0x04,0,0,0,1,0,0,0,0,-1,0,,,,,,,,,,,,,,,,,,,,,,
190,2,PITCH_SWEEP,6.366666666666666,205817,6281.036376953125,1324,40.4052734375,24.749244712990937,48,1.46484375,1275,38.909912109375,1,0.030517578125,0xACF00F3D,0,512,384,0.0,2.0,1.5,0,0x04,0,0,0,1,0,0,0,0,-1,0,,,,,,,,,,,,,,,,,,,,,,
191,2,PITCH_SWEEP,6.4,207089,6319.854736328125,1272,38.818359375,25.761006289308177,47,1.434326171875,1225,37.384033203125,0,0.0,0x32DB7BBD,0,512,384,0.0,2.0,1.5,0,0x04,0,0,0,1,0,0,0,0,-1,0,,,,,,,,,,,,,,,,,,,,,,
192,2,PITCH_SWEEP,6.433333333333334,208287,6356.414794921875,1198,36.56005859375,27.352253756260435,48,1.46484375,1150,35.09521484375,0,0.0,0xB63D0AED,0,512,384,0.0,2.0,1.5,0,0x04,0,0,0,1,0,0,0,0,-1,0,,,,,,,,,,,,,,,,,,,,,,
193,2,PITCH_SWEEP,6.466666666666667,209436,6391.4794921875,1149,35.064697265625,28.51871192341166,48,1.46484375,1101,33.599853515625,0,0.0,0x1DBE7CEB,0,512,384,0.0,2.0,1.5,0,0x04,0,0,0,1,0,0,0,0,-1,0,,,,,,,,,,,,,,,,,,,,,,
194,2,PITCH_SWEEP,6.5,210543,6425.262451171875,1107,33.782958984375,29.600722673893404,48,1.46484375,1059,32.318115234375,0,0.0,0x955E2471,0,512,384,0.0,2.0,1.5,0,0x04,0,0,0,1,0,0,0,0,-1,0,,,,,,,,,,,,,,,,,,,,,,
195,2,PITCH_SWEEP,6.533333333333333,211653,6459.136962890625,1110,33.87451171875,29.52072072072072,48,1.46484375,1061,32.379150390625,1,0.030517578125,0x6151133D,0,512,384,0.0,2.0,1.5,0,0x04,0,0,0,1,0,0,0,0,-1,0,,,,,,,,,,,,,,,,,,,,,,
196,2,PITCH_SWEEP,6.566666666666666,212696,6490.966796875,1043,31.829833984375,31.417066155321187,47,1.434326171875,996,30.3955078125,0,0.0,0x900FB321,0,512,384,0.0,2.0,1.5,0,0x04,0,0,0,1,0,0,0,0,-1,0,,,,,,,,,,,,,,,,,,,,,,
197,2,PITCH_SWEEP,6.6,213542,6516.78466796875,846,25.81787109375,38.73286052009456,48,1.46484375,798,24.35302734375,0,0.0,0xC01F6EEB,0,512,384,0.0,2.0,1.5,0,0x04,0,0,0,1,0,0,0,0,-1,0,,,,,,,,,,,,,,,,,,,,,,
198,2,PITCH_SWEEP,6.633333333333334,214373,6542.144775390625,831,25.360107421875,39.43200962695548,48,1.46484375,782,23.86474609375,1,0.030517578125,0x984FEC5B,0,512,384,0.0,2.0,1.5,0,0x04,0,0,0,1,0,0,0,0,-1,0,,,,,,,,,,,,,,,,,,,,,,
199,2,PITCH_SWEEP,6.666666666666667,215168,6566.40625,795,24.261474609375,41.21761006289308,47,1.434326171875,748,22.8271484375,0,0.0,0x0C713E95,0,512,384,0.0,2.0,1.5,0,0x04,0,0,0,1,0,0,0,0,-1,0,,,,,,,,,,,,,,,,,,,,,,
200,2,PITCH_SWEEP,6.7,215906,6588.92822265625,738,22.52197265625,44.40108401084011,48,1.46484375,689,21.026611328125,1,0.030517578125,0x984FEC5B,0,512,384,0.0,2.0,1.5,0,0x04,0,0,0,1,0,0,0,0,1,0,,,,,,,,,,,,,,,,,,,,,,
201,2,PITCH_SWEEP,6.733333333333333,216738,6614.31884765625,832,25.390625,39.38461538461539,48,1.46484375,784,23.92578125,0,0.0,0xC01F6EEB,0,512,384,0.0,2.0,1.5,0,0x04,0,0,0,1,0,0,0,0,1,0,,,,,,,,,,,,,,,,,,,,,,
202,2,PITCH_SWEEP,6.766666666666667,217764,6645.6298828125,1026,31.31103515625,31.937621832358673,48,1.46484375,977,29.815673828125,1,0.030517578125,0x900FB321,0,512,384,0.0,2.0,1.5,0,0x04,0,0,0,1,0,0,0,0,1,0,,,,,,,,,,,,,,,,,,,,,,
203,2,PITCH_SWEEP,6.8,218854,6678.89404296875,1090,33.26416015625,30.06238532110092,48,1.46484375,1042,31.79931640625,0,0.0,0x6151133D,0,512,384,0.0,2.0,1.5,0,0x04,0,0,0,1,0,0,0,0,1,0,,,,,,,,,,,,,,,,,,,,,,
204,2,PITCH_SWEEP,6.833333333333333,219959,6712.615966796875,1105,33.721923828125,29.654298642533938,48,1.46484375,1057,32.257080078125,0,0.0,0x955E2471,0,512,384,0.0,2.0,1.5,0,0x04,0,0,0,1,0,0,0,0,1,0,,,,,,,,,,,,,,,,,,,,,,
205,2,PITCH_SWEEP,6.866666666666666,221079,6746.795654296875,1120,34.1796875,29.257142857142856,48,1.46484375,1072,32.71484375,0,0.0,0x1DBE7CEB,0,512,384,0.0,2.0,1.5,0,0x04,0,0,0,1,0,0,0,0,1,0,,,,,,,,,,,,,,,,,,,,,,
206,2,PITCH_SWEEP,6.9,222210,6781.31103515625,1131,34.515380859375,28.97259062776304,48,1.46484375,1083,33.050537109375,0,0.0,0xB63D0AED,0,512,384,0.0,2.0,1.5,0,0x04,0,0,0,1,0,0,0,0,1,0,,,,,,,,,,,,,,,,,,,,,,
207,2,PITCH_SWEEP,6.933333333333334,223413,6818.023681640625,1203,36.712646484375,27.238570241064007,48,1.46484375,1155,35.247802734375,0,0.0,0x32DB7BBD,0,512,384,0.0,2.0,1.5,0,0x04,0,0,0,1,0,0,0,0,1,0,,,,,,,,,,,,,,,,,,,,,,
208,2,PITCH_SWEEP,6.966666666666667,224668,6856.3232421875,1255,38.299560546875,26.10996015936255,48,1.46484375,1207,36.834716796875,0,0.0,0xACF00F3D,0,512,384,0.0,2.0,1.5,0,0x04,0,0,0,1,0,0,0,0,1,0,,,,,,,,,,,,,,,,,,,,,,
209,2,PITCH_SWEEP,7.0,226014,6897.39990234375,1346,41.07666015625,24.344725111441306,48,1.46484375,1297,39.581298828125,1,0.030517578125,0x41E71BC3,0,512,384,0.0,2.0,1.5,0,0x04,0,0,0,1,0,0,0,0,1,0,,,,,,,,,,,,,,,,,,,,,,
210,2,PITCH_SWEEP,7.033333333333333,227399,6939.666748046875,1385,42.266845703125,23.659205776173284,48,1.46484375,1336,40.771484375,1,0.030517578125,0x9BACD179,0,512,384,0.0,2.0,1.5,0,0x04,0,0,0,1,0,0,0,0,1,0,,,,,,,,,,,,,,,,,,,,,,
211,2,PITCH_SWEEP,7.066666666666666,228902,6985.53466796875,1503,45.867919921875,21.80172987358616,47,1.434326171875,1456,44.43359375,0,0.0,0x1E07FA07,0,512,384,0.0,2.0,1.5,0,0x04,0,0,0,1,0,0,0,0,1,0,,,,,,,,,,,,,,,,,,,,,,
212,2,PITCH_SWEEP,7.1,230423,7031.951904296875,1521,46.417236328125,21.54372123602893,48,1.46484375,1473,44.952392578125,0,0.0,0x556C25D5,0,512,384,0.0,2.0,1.5,0,0x04,0,0,0,1,0,0,0,0,1,0,,,,,,,,,,,,,,,,,,,,,,
213,2,PITCH_SWEEP,7.133333333333334,231980,7079.4677734375,1557,47.515869140625,21.045600513808605,48,1.46484375,1509,46.051025390625,0,0.0,0x917C6B41,0,512,384,0.0,2.0,1.5,0,0x04,0,0,0,1,0,0,0,0,1,0,,,,,,,,,,,,,,,,,,,,,,
214,2,PITCH_SWEEP,7.166666666666667,233556,7127.5634765625,1576,48.095703125,20.79187817258883,48,1.46484375,1527,46.600341796875,1,0.030517578125,0x0CFC7757,0,512,384,0.0,2.0,1.5,0,0x04,0,0,0,1,0,0,0,0,1,0,,,,,,,,,,,,,,,,,,,,,,
215,2,PITCH_SWEEP,7.2,235140,7175.9033203125,1584,48.33984375,20.68686868686869,47,1.434326171875,1537,46.905517578125,0,0.0,0x979B296F,0,512,384,0.0,2.0,1.5,0,0x04,0,0,0,1,0,0,0,0,1,0,,,,,,,,,,,,,,,,,,,,,,
216,2,PITCH_SWEEP,7.233333333333333,236738,7224.67041015625,1598,48.76708984375,20.505632040050063,48,1.46484375,1550,47.30224609375,0,0.0,0xF3A6ABD1,0,512,384,0.0,2.0,1.5,0,0x04,0,0,0,1,0,0,0,0,1,0,,,,,,,,,,,,,,,,,,,,,,
217,2,PITCH_SWEEP,7.266666666666667,238454,7277.03857421875,1716,52.3681640625,19.095571095571096,48,1.46484375,1668,50.9033203125,0,0.0,0x9C5D3DAB,0,512,384,0.0,2.0,1.5,0,0x04,0,0,0,1,0,0,0,0,1,0,,,,,,,,,,,,,,,,,,,,,,
218,2,PITCH_SWEEP,7.3,240177,7329.620361328125,1723,52.581787109375,19.01799187463726,48,1.46484375,1675,51.116943359375,0,0.0,0x776F84F5,0,512,384,0.0,2.0,1.5,0,0x04,0,0,0,1,0,0,0,0,1,0,,,,,,,,,,,,,,,,,,,,,,
219,2,PITCH_SWEEP,7.333333333333333,241823,7379.852294921875,1646,50.23193359375,19.907654921020654,48,1.46484375,1597,48.736572265625,1,0.030517578125,0xDBF98667,0,512,384,0.0,2.0,1.5,0,0x04,0,0,0,1,0,0,0,0,1,0,,,,,,,,,,,,,,,,,,,,,,
220,2,PITCH_SWEEP,7.366666666666666,243456,7429.6875,1633,49.835205078125,20.06613594611145,47,1.434326171875,1585,48.370361328125,1,0.030517578125,0xC1D27A09,0,512,384,0.0,2.0,1.5,0,0x04,0,0,0,1,0,0,0,0,1,0,,,,,,,,,,,,,,,,,,,,,,
221,2,PITCH_SWEEP,7.4,245120,7480.46875,1664,50.78125,19.692307692307693,47,1.434326171875,1616,49.31640625,1,0.030517578125,0x390641B9,0,512,384,0.0,2.0,1.5,0,0x04,0,0,0,1,0,0,0,0,1,0,,,,,,,,,,,,,,,,,,,,,,
222,2,PITCH_SWEEP,7.433333333333334,246725,7529.449462890625,1605,48.980712890625,20.41619937694704,48,1.46484375,1557,47.515869140625,0,0.0,0x70322F27,0,512,384,0.0,2.0,1.5,0,0x04,0,0,0,1,0,0,0,0,1,0,,,,,,,,,,,,,,,,,,,,,,
223,2,PITCH_SWEEP,7.466666666666667,248291,7577.239990234375,1566,47.79052734375,20.924648786717754,48,1.46484375,1518,46.32568359375,0,0.0,0x9E5629C9,0,512,384,0.0,2.0,1.5,0,0x0C,0,0,0,1,1,0,0,0,1,0,,,,,,,,,,,,,,,,,,,,,,
224,3,PORTAL_FAR,7.5,249793,7623.077392578125,1502,45.83740234375,21.81624500665779,40,1.220703125,1462,44.61669921875,0,0.0,0x8A2F81AC,0,533,384,0.0,2.08203125,1.5,0,0x04,0,0,0,1,0,0,1,0,0,0,,,,,,,,,,,,,,,,,,,,,,
225,3,PORTAL_FAR,7.533333333333333,251214,7666.44287109375,1421,43.365478515625,23.05981703026038,40,1.220703125,1381,42.144775390625,0,0.0,0xE25D7961,0,554,384,0.0,2.1640625,1.5,0,0x04,0,0,0,1,0,0,1,0,0,0,,,,,,,,,,,,,,,,,,,,,,
226,3,PORTAL_FAR,7.566666666666666,252645,7710.113525390625,1431,43.670654296875,22.898672257162822,40,1.220703125,1391,42.449951171875,0,0.0,0x21F6AB56,0,575,384,0.0,2.24609375,1.5,0,0x04,0,0,0,1,0,0,1,0,0,0,,,,,,,,,,,,,,,,,,,,,,
227,3,PORTAL_FAR,7.6,253984,7750.9765625,1339,40.863037109375,24.471994025392085,40,1.220703125,1299,39.642333984375,0,0.0,0xDF40AB83,0,596,384,0.0,2.328125,1.5,0,0x04,0,0,0,1,0,0,1,0,0,0,,,,,,,,,,,,,,,,,,,,,,
228,3,PORTAL_FAR,7.633333333333334,255400,7794.189453125,1416,43.212890625,23.141242937853107,40,1.220703125,1375,41.961669921875,1,0.030517578125,0xC8B687A0,0,617,384,0.0,2.41015625,1.5,0,0x04,0,0,0,1,0,0,1,0,0,0,,,,,,,,,,,,,,,,,,,,,,
229,3,PORTAL_FAR,7.666666666666667,256825,7837.677001953125,1425,43.487548828125,22.995087719298244,40,1.220703125,1384,42.236328125,1,0.030517578125,0x21711EA5,0,638,384,0.0,2.4921875,1.5,0,0x04,0,0,0,1,0,0,1,0,0,0,,,,,,,,,,,,,,,,,,,,,,
230,3,PORTAL_FAR,7.7,258219,7880.218505859375,1394,42.54150390625,23.506456241033,40,1.220703125,1354,41.32080078125,0,0.0,0xEF2709EA,0,659,384,0.0,2.57421875,1.5,0,0x04,0,0,0,1,0,0,1,0,0,0,,,,,,,,,,,,,,,,,,,,,,
231,3,PORTAL_FAR,7.733333333333333,259682,7924.86572265625,1463,44.647216796875,22.39781271360219,40,1.220703125,1422,43.39599609375,1,0.030517578125,0xA681AE77,0,680,384,0.0,2.65625,1.5,0,0x04,0,0,0,1,0,0,1,0,0,0,,,,,,,,,,,,,,,,,,,,,,
232,3,PORTAL_FAR,7.766666666666667,261042,7966.36962890625,1360,41.50390625,24.094117647058823,40,1.220703125,1319,40.252685546875,1,0.030517578125,0xC1415BE4,0,701,384,0.0,2.73828125,1.5,0,0x04,0,0,0,1,0,0,1,0,0,0,,,,,,,,,,,,,,,,,,,,,,
233,3,PORTAL_FAR,7.8,262309,8005.035400390625,1267,38.665771484375,25.86266771902131,40,1.220703125,1227,37.445068359375,0,0.0,0x15562539,0,722,384,0.0,2.8203125,1.5,0,0x04,0,0,0,1,0,0,1,0,0,0,,,,,,,,,,,,,,,,,,,,,,
234,3,PORTAL_FAR,7.833333333333333,263663,8046.356201171875,1354,41.32080078125,24.20088626292467,40,1.220703125,1313,40.069580078125,1,0.030517578125,0x2E3AAF2E,0,743,384,0.0,2.90234375,1.5,0,0x04,0,0,0,1,0,0,1,0,0,0,,,,,,,,,,,,,,,,,,,,,,
235,3,PORTAL_FAR,7.866666666666666,265030,8088.07373046875,1367,41.717529296875,23.970738844184346,40,1.220703125,1326,40.46630859375,1,0.030517578125,0x6A11B2BB,0,764,384,0.0,2.984375,1.5,0,0x04,0,0,0,1,0,0,1,0,0,0,,,,,,,,,,,,,,,,,,,,,,
236,3,PORTAL_FAR,7.9,266290,8126.52587890625,1260,38.4521484375,26.006349206349206,40,1.220703125,1219,37.200927734375,1,0.030517578125,0x98AF8E0D,0,785,384,0.0,3.06640625,1.5,0,0x04,0,0,0,1,0,0,1,0,0,0,,,,,,,,,,,,,,,,,,,,,,
237,3,PORTAL_FAR,7.933333333333334,267640,8167.724609375,1350,41.19873046875,24.27259259259259,40,1.220703125,1309,39.947509765625,1,0.030517578125,0x3C798CE8,0,806,384,0.0,3.1484375,1.5,0,0x04,0,0,0,1,0,0,1,0,0,0,,,,,,,,,,,,,,,,,,,,,,
238,3,PORTAL_FAR,7.966666666666667,269060,8211.0595703125,1420,43.3349609375,23.07605633802817,40,1.220703125,1380,42.1142578125,0,0.0,0xE5941D8F,0,827,384,0.0,3.23046875,1.5,0,0x04,0,0,0,1,0,0,1,0,0,0,,,,,,,,,,,,,,,,,,,,,,
239,3,PORTAL_FAR,8.0,270372,8251.0986328125,1312,40.0390625,24.975609756097562,40,1.220703125,1271,38.787841796875,1,0.030517578125,0xB6B9C662,0,848,384,0.0,3.3125,1.5,0,0x04,0,0,0,1,0,0,1,0,0,0,,,,,,,,,,,,,,,,,,,,,,
240,3,PORTAL_FAR,8.033333333333333,271772,8293.8232421875,1400,42.724609375,23.405714285714286,40,1.220703125,1360,41.50390625,0,0.0,0xD8E4F351,0,869,384,0.0,3.39453125,1.5,0,0x04,0,0,0,1,0,0,1,0,0,0,,,,,,,,,,,,,,,,,,,,,,
241,3,PORTAL_FAR,8.066666666666666,273159,8336.151123046875,1387,42.327880859375,23.62509012256669,40,1.220703125,1347,41.107177734375,0,0.0,0x6E5527DC,0,890,384,0.0,3.4765625,1.5,0,0x04,0,0,0,1,0,0,1,0,0,0,,,,,,,,,,,,,,,,,,,,,,
242,3,PORTAL_FAR,8.1,274514,8377.50244140625,1355,41.351318359375,24.183025830258302,40,1.220703125,1314,40.10009765625,1,0.030517578125,0x41C83353,0,911,384,0.0,3.55859375,1.5,0,0x04,0,0,0,1,0,0,1,0,0,0,,,,,,,,,,,,,,,,,,,,,,
243,3,PORTAL_FAR,8.133333333333333,275825,8417.510986328125,1311,40.008544921875,24.994660564454616,40,1.220703125,1270,38.75732421875,1,0.030517578125,0xF40E8226,0,932,384,0.0,3.640625,1.5,0,0x04,0,0,0,1,0,0,1,0,0,0,,,,,,,,,,,,,,,,,,,,,,
244,3,PORTAL_FAR,8.166666666666666,277206,8459.65576171875,1381,42.144775390625,23.72773352643012,40,1.220703125,1341,40.924072265625,0,0.0,0x48B41C45,0,953,384,0.0,3.72265625,1.5,0,0x04,0,0,0,1,0,0,1,0,0,0,,,,,,,,,,,,,,,,,,,,,,
245,3,PORTAL_FAR,8.2,278563,8501.068115234375,1357,41.412353515625,24.14738393515107,40,1.220703125,1316,40.1611328125,1,0.030517578125,0xD734A8A0,0,974,384,0.0,3.8046875,1.5,0,0x04,0,0,0,1,0,0,1,0,0,0,,,,,,,,,,,,,,,,,,,,,,
246,3,PORTAL_FAR,8.233333333333333,279725,8536.529541015625,1162,35.46142578125,28.199655765920827,40,1.220703125,1121,34.210205078125,1,0.030517578125,0xCA13AD67,0,995,384,0.0,3.88671875,1.5,0,0x04,0,0,0,1,0,0,1,0,0,0,,,,,,,,,,,,,,,,,,,,,,
247,3,PORTAL_FAR,8.266666666666667,280848,8570.80078125,1123,34.271240234375,29.178984861976847,40,1.220703125,1082,33.02001953125,1,0.030517578125,0x67B1739A,0,1016,384,0.0,3.96875,1.5,0,0x04,0,0,0,1,0,0,1,0,0,0,,,,,,,,,,,,,,,,,,,,,,
248,3,PORTAL_FAR,8.3,281960,8604.736328125,1112,33.935546875,29.467625899280577,40,1.220703125,1071,32.684326171875,1,0.030517578125,0xA1481F06,0,1037,384,0.0,4.05078125,1.5,0,0x04,0,0,0,1,0,0,1,0,0,0,,,,,,,,,,,,,,,,,,,,,,
249,3,PORTAL_FAR,8.333333333333334,283088,8639.16015625,1128,34.423828125,29.04964539007092,40,1.220703125,1088,33.203125,0,0.0,0xEFFF61B3,0,1058,384,0.0,4.1328125,1.5,0,0x04,0,0,0,1,0,0,1,0,0,0,,,,,,,,,,,,,,,,,,,,,,
250,3,PORTAL_FAR,8.366666666666667,284313,8676.544189453125,1225,37.384033203125,26.749387755102042,40,1.220703125,1185,36.163330078125,0,0.0,0x0292F82C,0,1079,384,0.0,4.21484375,1.5,0,0x04,0,0,0,1,0,0,1,0,0,0,,,,,,,,,,,,,,,,,,,,,,
251,3,PORTAL_FAR,8.4,285527,8713.592529296875,1214,37.04833984375,26.99176276771005,40,1.220703125,1173,35.797119140625,1,0.030517578125,0x0E050D61,0,1100,384,0.0,4.296875,1.5,0,0x04,0,0,0,1,0,0,1,0,0,0,,,,,,,,,,,,,,,,,,,,,,
252,3,PORTAL_FAR,8.433333333333334,286637,8747.467041015625,1110,33.87451171875,29.52072072072072,39,1.190185546875,1071,32.684326171875,0,0.0,0x42376622,0,1121,384,0.0,4.37890625,1.5,0,0x04,0,0,0,1,0,0,1,0,0,0,,,,,,,,,,,,,,,,,,,,,,
253,3,PORTAL_FAR,8.466666666666667,287745,8781.280517578125,1108,33.8134765625,29.574007220216608,40,1.220703125,1067,32.562255859375,1,0.030517578125,0xD22FBA7F,0,1142,384,0.0,4.4609375,1.5,0,0x04,0,0,0,1,0,0,1,0,0,0,,,,,,,,,,,,,,,,,,,,,,
254,3,PORTAL_FAR,8.5,288842,8814.75830078125,1097,33.477783203125,29.870556061987237,40,1.220703125,1057,32.257080078125,0,0.0,0x7259FE18,0,1163,384,0.0,4.54296875,1.5,0,0x06,1,1,0,1,0,0,1,0,0,0,32.2265625,0.030517578125,0.213623046875,8.056640625,8.056640625,1.40380859375,3.47900390625,3.143310546875,0.0,7.232666015625,0.6103515625,0,0,0,0,0,0,0,0,0,0,0
255,3,PORTAL_FAR,8.533333333333333,290065,8852.081298828125,1223,37.322998046875,26.793131643499592,40,1.220703125,1183,36.102294921875,0,0.0,0xCE60C26D,0,1184,384,0.0,4.625,1.5,0,0x04,0,0,0,1,0,0,1,0,0,0,,,,,,,,,,,,,,,,,,,,,,
256,3,PORTAL_FAR,8.566666666666666,291270,8888.85498046875,1205,36.773681640625,27.19336099585062,40,1.220703125,1164,35.5224609375,1,0.030517578125,0xA69ACC5E,0,1205,384,0.0,4.70703125,1.5,0,0x04,0,0,0,1,0,0,1,0,0,0,,,,,,,,,,,,,,,,,,,,,,
257,3,PORTAL_FAR,8.6,292281,8919.708251953125,1011,30.853271484375,32.41147378832839,39,1.190185546875,971,29.632568359375,1,0.030517578125,0xEA84E66B,0,1226,384,0.0,4.7890625,1.5,0,0x04,0,0,0,1,0,0,1,0,0,0,,,,,,,,,,,,,,,,,,,,,,
258,3,PORTAL_FAR,8.633333333333333,293165,8946.685791015625,884,26.9775390625,37.067873303167424,40,1.220703125,844,25.7568359375,0,0.0,0xECE8EFE4,0,1247,384,0.0,4.87109375,1.5,0,0x04,0,0,0,1,0,0,1,0,0,0,,,,,,,,,,,,,,,,,,,,,,
259,3,PORTAL_FAR,8.666666666666666,294157,8976.959228515625,992,30.2734375,33.03225806451613,40,1.220703125,952,29.052734375,0,0.0,0x96B259B9,0,1268,384,0.0,4.953125,1.5,0,0x04,0,0,0,1,0,0,1,0,0,0,,,,,,,,,,,,,,,,,,,,,,
260,3,PORTAL_FAR,8.7,295149,9007.232666015625,992,30.2734375,33.03225806451613,40,1.220703125,952,29.052734375,0,0.0,0xAD36C447,0,1289,384,0.0,5.03515625,1.5,0,0x04,0,0,0,1,0,0,1,0,0,0,,,,,,,,,,,,,,,,,,,,,,
261,3,PORTAL_FAR,8.733333333333333,296047,9034.637451171875,898,27.40478515625,36.489977728285076,40,1.220703125,858,26.18408203125,0,0.0,0x3B78C54A,0,1310,384,0.0,5.1171875,1.5,0,0x04,0,0,0,1,0,0,1,0,0,0,,,,,,,,,,,,,,,,,,,,,,
262,3,PORTAL_FAR,8.766666666666667,296945,9062.042236328125,898,27.40478515625,36.489977728285076,40,1.220703125,858,26.18408203125,0,0.0,0xF990F785,0,1331,384,0.0,5.19921875,1.5,0,0x04,0,0,0,1,0,0,1,0,0,0,,,,,,,,,,,,,,,,,,,,,,
263,3,PORTAL_FAR,8.8,298027,9095.062255859375,1082,33.02001953125,30.284658040665434,40,1.220703125,1041,31.768798828125,1,0.030517578125,0xB7CC6310,0,1352,384,0.0,5.28125,1.5,0,0x04,0,0,0,1,0,0,1,0,0,0,,,,,,,,,,,,,,,,,,,,,,
264,3,PORTAL_FAR,8.833333333333334,299126,9128.60107421875,1099,33.538818359375,29.816196542311193,40,1.220703125,1059,32.318115234375,0,0.0,0xA51AF683,0,1373,384,0.0,5.36328125,1.5,0,0x04,0,0,0,1,0,0,1,0,0,0,,,,,,,,,,,,,,,,,,,,,,
265,3,PORTAL_FAR,8.866666666666667,300026,9156.06689453125,900,27.4658203125,36.40888888888889,40,1.220703125,859,26.214599609375,1,0.030517578125,0x437F0B56,0,1394,384,0.0,5.4453125,1.5,0,0x04,0,0,0,1,0,0,1,0,0,0,,,,,,,,,,,,,,,,,,,,,,
266,3,PORTAL_FAR,8.9,301038,9186.95068359375,1012,30.8837890625,32.3794466403162,40,1.220703125,971,29.632568359375,1,0.030517578125,0xC5DAB451,0,1415,384,0.0,5.52734375,1.5,0,0x04,0,0,0,1,0,0,1,0,0,0,,,,,,,,,,,,,,,,,,,,,,
267,3,PORTAL_FAR,8.933333333333334,302048,9217.7734375,1010,30.82275390625,32.443564356435644,40,1.220703125,970,29.60205078125,0,0.0,0x5B4AE8DC,0,1436,384,0.0,5.609375,1.5,0,0x04,0,0,0,1,0,0,1,0,0,0,,,,,,,,,,,,,,,,,,,,,,
268,3,PORTAL_FAR,8.966666666666667,302938,9244.93408203125,890,27.16064453125,36.81797752808989,40,1.220703125,850,25.93994140625,0,0.0,0x521ED99F,0,1457,384,0.0,5.69140625,1.5,0,0x04,0,0,0,1,0,0,1,0,0,0,,,,,,,,,,,,,,,,,,,,,,
269,3,PORTAL_FAR,9.0,303950,9275.81787109375,1012,30.8837890625,32.3794466403162,40,1.220703125,972,29.6630859375,0,0.0,0x50B58722,0,1478,384,0.0,5.7734375,1.5,0,0x04,0,0,0,1,0,0,1,0,0,0,,,,,,,,,,,,,,,,,,,,,,
270,3,PORTAL_FAR,9.033333333333333,304973,9307.037353515625,1023,31.219482421875,32.03128054740958,40,1.220703125,982,29.96826171875,1,0.030517578125,0x61C697BD,0,1499,384,0.0,5.85546875,1.5,0,0x04,0,0,0,1,0,0,1,0,0,0,,,,,,,,,,,,,,,,,,,,,,
271,3,PORTAL_FAR,9.066666666666666,305882,9334.77783203125,909,27.740478515625,36.04840484048405,40,1.220703125,869,26.519775390625,0,0.0,0xB4265268,0,1520,384,0.0,5.9375,1.5,0,0x04,0,0,0,1,0,0,1,0,0,0,,,,,,,,,,,,,,,,,,,,,,
272,3,PORTAL_FAR,9.1,306896,9365.72265625,1014,30.94482421875,32.315581854043394,40,1.220703125,973,29.693603515625,1,0.030517578125,0xFC700458,0,1541,384,0.0,6.01953125,1.5,0,0x04,0,0,0,1,0,0,1,0,0,0,,,,,,,,,,,,,,,,,,,,,,
273,3,PORTAL_FAR,9.133333333333333,307910,9396.66748046875,1014,30.94482421875,32.315581854043394,40,1.220703125,973,29.693603515625,1,0.030517578125,0x5E89D90D,0,1562,384,0.0,6.1015625,1.5,0,0x04,0,0,0,1,0,0,1,0,0,0,,,,,,,,,,,,,,,,,,,,,,
274,3,PORTAL_FAR,9.166666666666666,308929,9427.764892578125,1019,31.097412109375,32.15701668302257,40,1.220703125,979,29.876708984375,0,0.0,0x6BEE3C0A,0,1583,384,0.0,6.18359375,1.5,0,0x04,0,0,0,1,0,0,1,0,0,0,,,,,,,,,,,,,,,,,,,,,,
275,3,PORTAL_FAR,9.2,309966,9459.41162109375,1037,31.646728515625,31.59884281581485,40,1.220703125,996,30.3955078125,1,0.030517578125,0xEAA784B7,0,1604,384,0.0,6.265625,1.5,0,0x04,0,0,0,1,0,0,1,0,0,0,,,,,,,,,,,,,,,,,,,,,,
276,3,PORTAL_FAR,9.233333333333333,311001,9490.997314453125,1035,31.585693359375,31.65990338164251,40,1.220703125,994,30.33447265625,1,0.030517578125,0xCD80AA54,0,1625,384,0.0,6.34765625,1.5,0,0x04,0,0,0,1,0,0,1,0,0,0,,,,,,,,,,,,,,,,,,,,,,
277,3,PORTAL_FAR,9.266666666666667,312028,9522.3388671875,1027,31.341552734375,31.906523855890946,40,1.220703125,986,30.09033203125,1,0.030517578125,0x49B2EFD9,0,1646,384,0.0,6.4296875,1.5,0,0x04,0,0,0,1,0,0,1,0,0,0,,,,,,,,,,,,,,,,,,,,,,
278,3,PORTAL_FAR,9.3,313058,9553.77197265625,1030,31.43310546875,31.813592233009707,40,1.220703125,989,30.181884765625,1,0.030517578125,0xC0B06496,0,1667,384,0.0,6.51171875,1.5,0,0x04,0,0,0,1,0,0,1,0,0,0,,,,,,,,,,,,,,,,,,,,,,
279,3,PORTAL_FAR,9.333333333333334,314103,9585.662841796875,1045,31.890869140625,31.356937799043063,40,1.220703125,1005,30.670166015625,0,0.0,0xA72A6D23,0,1688,384,0.0,6.59375,1.5,0,0x0C,0,0,0,1,1,0,1,0,0,0,,,,,,,,,,,,,,,,,,,,,,
280,4,PORTAL_NEAR,9.366666666666667,315153,9617.706298828125,1050,32.04345703125,31.207619047619048,40,1.220703125,1010,30.82275390625,0,0.0,0x62A14290,0,1709,384,0.0,6.67578125,1.5,0,0x04,0,0,0,1,0,0,1,0,0,0,,,,,,,,,,,,,,,,,,,,,,
281,4,PORTAL_NEAR,9.4,316195,9649.505615234375,1042,31.79931640625,31.44721689059501,40,1.220703125,1002,30.57861328125,0,0.0,0xB6B60BE5,0,1730,384,0.0,6.7578125,1.5,0,0x04,0,0,0,1,0,0,1,0,0,0,,,,,,,,,,,,,,,,,,,,,,
282,4,PORTAL_NEAR,9.433333333333334,317424,9687.01171875,1229,37.506103515625,26.66232709519935,40,1.220703125,1188,36.2548828125,1,0.030517578125,0x645005E2,0,1751,384,0.0,6.83984375,1.5,0,0x04,0,0,0,1,0,0,1,0,0,0,,,,,,,,,,,,,,,,,,,,,,
283,4,PORTAL_NEAR,9.466666666666667,318690,9725.64697265625,1266,38.63525390625,25.88309636650869,40,1.220703125,1226,37.41455078125,0,0.0,0x00039F6F,0,1772,384,0.0,6.921875,1.5,0,0x04,0,0,0,1,0,0,1,0,0,0,,,,,,,,,,,,,,,,,,,,,,
284,4,PORTAL_NEAR,9.5,319761,9758.331298828125,1071,32.684326171875,30.595704948646127,40,1.220703125,1031,31.463623046875,0,0.0,0xD120EC41,0,1793,384,0.0,7.00390625,1.5,0,0x04,0,0,0,1,0,0,1,0,0,0,,,,,,,,,,,,,,,,,,,,,,
285,4,PORTAL_NEAR,9.533333333333333,320919,9793.670654296875,1158,35.33935546875,28.29706390328152,40,1.220703125,1117,34.088134765625,1,0.030517578125,0x73C92B1C,0,1814,384,0.0,7.0859375,1.5,0,0x04,0,0,0,1,0,0,1,0,0,0,,,,,,,,,,,,,,,,,,,,,,
286,4,PORTAL_NEAR,9.566666666666666,322092,9829.4677734375,1173,35.797119140625,27.935208866155158,40,1.220703125,1133,34.576416015625,0,0.0,0x60CD5E3B,0,1835,384,0.0,7.16796875,1.5,0,0x04,0,0,0,1,0,0,1,0,0,0,,,,,,,,,,,,,,,,,,,,,,
287,4,PORTAL_NEAR,9.6,323258,9865.05126953125,1166,35.58349609375,28.102915951972555,40,1.220703125,1125,34.332275390625,1,0.030517578125,0x32E6260E,0,1856,384,0.0,7.25,1.5,0,0x04,0,0,0,1,0,0,1,0,0,0,,,,,,,,,,,,,,,,,,,,,,
288,4,PORTAL_NEAR,9.633333333333333,324445,9901.275634765625,1187,36.224365234375,27.605728727885424,40,1.220703125,1147,35.003662109375,0,0.0,0xCFA1D4FD,0,1877,384,0.0,7.33203125,1.5,0,0x04,0,0,0,1,0,0,1,0,0,0,,,,,,,,,,,,,,,,,,,,,,
289,4,PORTAL_NEAR,9.666666666666666,325618,9937.07275390625,1173,35.797119140625,27.935208866155158,40,1.220703125,1133,34.576416015625,0,0.0,0x6726E888,0,1898,384,0.0,7.4140625,1.5,0,0x04,0,0,0,1,0,0,1,0,0,0,,,,,,,,,,,,,,,,,,,,,,
290,4,PORTAL_NEAR,9.7,326716,9970.5810546875,1098,33.50830078125,29.84335154826958,40,1.220703125,1058,32.28759765625,0,0.0,0x20263787,0,1919,384,0.0,7.49609375,1.5,0,0x04,0,0,0,1,0,0,1,0,0,0,,,,,,,,,,,,,,,,,,,,,,
291,4,PORTAL_NEAR,9.733333333333333,327821,10004.302978515625,1105,33.721923828125,29.654298642533938,40,1.220703125,1064,32.470703125,1,0.030517578125,0x5AE10ADA,0,1940,384,0.0,7.578125,1.5,0,0x04,0,0,0,1,0,0,1,0,0,0,,,,,,,,,,,,,,,,,,,,,,
292,4,PORTAL_NEAR,9.766666666666667,329036,10041.3818359375,1215,37.078857421875,26.96954732510288,40,1.220703125,1175,35.858154296875,0,0.0,0x5A29A9F9,0,1961,384,0.0,7.66015625,1.5,0,0x04,0,0,0,1,0,0,1,0,0,0,,,,,,,,,,,,,,,,,,,,,,
293,4,PORTAL_NEAR,9.8,330246,10078.30810546875,1210,36.92626953125,27.08099173553719,40,1.220703125,1170,35.70556640625,0,0.0,0x814E47D4,0,1982,384,0.0,7.7421875,1.5,0,0x04,0,0,0,1,0,0,1,0,0,0,,,,,,,,,,,,,,,,,,,,,,
294,4,PORTAL_NEAR,9.833333333333334,331372,10112.6708984375,1126,34.36279296875,29.101243339253998,40,1.220703125,1085,33.111572265625,1,0.030517578125,0x18426913,0,2003,384,0.0,7.82421875,1.5,0,0x04,0,0,0,1,0,0,1,0,0,0,,,,,,,,,,,,,,,,,,,,,,
295,4,PORTAL_NEAR,9.866666666666667,332610,10150.45166015625,1238,37.78076171875,26.468497576736674,40,1.220703125,1197,36.529541015625,1,0.030517578125,0x5E6E5546,0,2024,384,0.0,7.90625,1.5,0,0x04,0,0,0,1,0,0,1,0,0,0,,,,,,,,,,,,,,,,,,,,,,
296,4,PORTAL_NEAR,9.9,333863,10188.690185546875,1253,38.238525390625,26.151636073423784,40,1.220703125,1212,36.9873046875,1,0.030517578125,0x80998235,0,2045,384,0.0,7.98828125,1.5,0,0x04,0,0,0,1,0,0,1,0,0,0,,,,,,,,,,,,,,,,,,,,,,
297,4,PORTAL_NEAR,9.933333333333334,334999,10223.358154296875,1136,34.66796875,28.845070422535212,40,1.220703125,1095,33.416748046875,1,0.030517578125,0xB9B1BE5F,0,2066,384,0.0,8.0703125,1.5,0,0x04,0,0,0,1,0,0,1,0,0,0,,,,,,,,,,,,,,,,,,,,,,
298,4,PORTAL_NEAR,9.966666666666667,336248,10261.474609375,1249,38.116455078125,26.235388310648517,40,1.220703125,1209,36.895751953125,0,0.0,0x2AD4C960,0,2087,384,0.0,8.15234375,1.5,0,0x04,0,0,0,1,0,0,1,0,0,0,,,,,,,,,,,,,,,,,,,,,,
299,4,PORTAL_NEAR,10.0,337413,10297.027587890625,1165,35.552978515625,28.12703862660944,40,1.220703125,1124,34.3017578125,1,0.030517578125,0xBFF5AA95,0,2108,384,0.0,8.234375,1.5,0,0x04,0,0,0,1,0,0,1,0,0,0,,,,,,,,,,,,,,,,,,,,,,
300,4,PORTAL_NEAR,10.033333333333333,338467,10329.193115234375,1054,32.16552734375,31.089184060721063,39,1.190185546875,1015,30.975341796875,0,0.0,0x4D9E3F56,0,2129,384,0.0,8.31640625,1.5,0,0x04,0,0,0,1,0,0,1,0,0,0,,,,,,,,,,,,,,,,,,,,,,
301,4,PORTAL_NEAR,10.066666666666666,339687,10366.424560546875,1220,37.2314453125,26.859016393442623,40,1.220703125,1180,36.0107421875,0,0.0,0xBABF1433,0,2150,384,0.0,8.3984375,1.5,0,0x04,0,0,0,1,0,0,1,0,0,0,,,,,,,,,,,,,,,,,,,,,,
302,4,PORTAL_NEAR,10.1,340909,10403.717041015625,1222,37.29248046875,26.81505728314239,40,1.220703125,1181,36.041259765625,1,0.030517578125,0x9E77BAD4,0,2171,384,0.0,8.48046875,1.5,0,0x04,0,0,0,1,0,0,1,0,0,0,,,,,,,,,,,,,,,,,,,,,,
303,4,PORTAL_NEAR,10.133333333333333,342140,10441.2841796875,1231,37.567138671875,26.61900893582453,40,1.220703125,1190,36.31591796875,1,0.030517578125,0xBBB1AF29,0,2192,384,0.0,8.5625,1.5,0,0x04,0,0,0,1,0,0,1,0,0,0,,,,,,,,,,,,,,,,,,,,,,
304,4,PORTAL_NEAR,10.166666666666666,343408,10479.98046875,1268,38.6962890625,25.842271293375394,40,1.220703125,1227,37.445068359375,1,0.030517578125,0x4629139A,0,2213,384,0.0,8.64453125,1.5,0,0x04,0,0,0,1,0,0,1,0,0,0,,,,,,,,,,,,,,,,,,,,,,
305,4,PORTAL_NEAR,10.2,344685,10518.951416015625,1277,38.970947265625,25.660140955364135,40,1.220703125,1236,37.7197265625,1,0.030517578125,0xB2BD4927,0,2234,384,0.0,8.7265625,1.5,0,0x04,0,0,0,1,0,0,1,0,0,0,,,,,,,,,,,,,,,,,,,,,,
306,4,PORTAL_NEAR,10.233333333333333,345651,10548.431396484375,966,29.47998046875,33.92132505175984,40,1.220703125,926,28.25927734375,0,0.0,0x75A50988,0,2255,384,0.0,8.80859375,1.5,0,0x04,0,0,0,1,0,0,1,0,0,0,,,,,,,,,,,,,,,,,,,,,,
307,4,PORTAL_NEAR,10.266666666666667,346455,10572.967529296875,804,24.5361328125,40.756218905472636,40,1.220703125,764,23.3154296875,0,0.0,0x3350AD5D,0,2276,384,0.0,8.890625,1.5,0,0x04,0,0,0,1,0,0,1,0,0,0,,,,,,,,,,,,,,,,,,,,,,
308,4,PORTAL_NEAR,10.3,347406,10601.98974609375,951,29.022216796875,34.456361724500525,40,1.220703125,911,27.801513671875,0,0.0,0x69A6C0FE,0,2297,384,0.0,8.97265625,1.5,0,0x04,0,0,0,1,0,0,1,0,0,0,,,,,,,,,,,,,,,,,,,,,,
309,4,PORTAL_NEAR,10.333333333333334,348347,10630.706787109375,941,28.717041015625,34.82252922422954,40,1.220703125,901,27.496337890625,0,0.0,0x366CD1EE,0,2318,384,0.0,9.0546875,1.5,0,0x04,0,0,0,1,0,0,1,0,0,0,,,,,,,,,,,,,,,,,,,,,,
310,4,PORTAL_NEAR,10.366666666666667,349303,10659.881591796875,956,29.1748046875,34.27615062761506,40,1.220703125,916,27.9541015625,0,0.0,0xC3435431,0,2339,384,0.0,9.13671875,1.5,0,0x04,0,0,0,1,0,0,1,0,0,0,,,,,,,,,,,,,,,,,,,,,,
311,4,PORTAL_NEAR,10.4,350259,10689.056396484375,956,29.1748046875,34.27615062761506,40,1.220703125,916,27.9541015625,0,0.0,0xCF5C623C,0,2360,384,0.0,9.21875,1.5,0,0x04,0,0,0,1,0,0,1,0,0,0,,,,,,,,,,,,,,,,,,,,,,
312,4,PORTAL_NEAR,10.433333333333334,351220,10718.3837890625,961,29.327392578125,34.09781477627472,40,1.220703125,921,28.106689453125,0,0.0,0xF349B22F,0,2381,384,0.0,9.30078125,1.5,0,0x06,1,1,0,1,0,0,1,0,0,0,28.076171875,0.0,6.7138671875,0.0,0.0,0.0,11.138916015625,0.8544921875,0.0,8.7890625,0.579833984375,0,0,0,0,0,0,0,0,0,0,0
313,4,PORTAL_NEAR,10.466666666666667,352182,10747.74169921875,962,29.35791015625,34.062370062370064,40,1.220703125,921,28.106689453125,1,0.030517578125,0xB5BF8E02,0,2402,384,0.0,9.3828125,1.5,0,0x04,0,0,0,1,0,0,1,0,0,0,,,,,,,,,,,,,,,,,,,,,,
314,4,PORTAL_NEAR,10.5,353130,10776.67236328125,948,28.9306640625,34.565400843881854,40,1.220703125,907,27.679443359375,1,0.030517578125,0xC450AA05,0,2423,384,0.0,9.46484375,1.5,0,0x04,0,0,0,1,0,0,1,0,0,0,,,,,,,,,,,,,,,,,,,,,,
315,4,PORTAL_NEAR,10.533333333333333,354088,10805.908203125,958,29.23583984375,34.20459290187891,40,1.220703125,918,28.01513671875,0,0.0,0x6CC07690,0,2444,384,0.0,9.546875,1.5,0,0x0C,0,0,0,1,1,0,1,0,0,0,,,,,,,,,,,,,,,,,,,,,,
316,5,CROSS_DOWN,10.566666666666666,355045,10835.113525390625,957,29.205322265625,34.240334378265416,40,1.220703125,917,27.984619140625,0,0.0,0x12BF43D3,0,2465,384,0.0,9.62890625,1.5,0,0x06,1,1,0,1,0,0,1,0,0,0,27.9541015625,0.030517578125,6.683349609375,0.0,0.0,0.0,11.04736328125,0.823974609375,0.0,8.758544921875,0.6103515625,0,0,0,0,0,0,0,0,0,0,0
317,5,CROSS_DOWN,10.6,355929,10862.091064453125,884,26.9775390625,37.067873303167424,40,1.220703125,844,25.7568359375,0,0.0,0xF8731ED6,0,2486,384,0.0,9.7109375,1.5,0,0x04,0,0,0,1,0,0,1,0,0,0,,,,,,,,,,,,,,,,,,,,,,
318,5,CROSS_DOWN,10.633333333333333,356840,10889.892578125,911,27.801513671875,35.96926454445664,320,9.765625,591,18.035888671875,0,0.0,0x55DB212F,3072,1282,1189,12.0,5.0078125,4.64453125,1,0x05,0,0,1,1,0,0,1,0,0,0,,,,,,,,,,,,,,,,,,,,,,
319,5,CROSS_DOWN,10.666666666666666,357467,10909.027099609375,627,19.134521484375,52.261562998405104,36,1.0986328125,591,18.035888671875,0,0.0,0x2C3FE3A2,3071,1261,1165,11.99609375,4.92578125,4.55078125,1,0x0C,0,0,0,1,1,0,1,0,0,0,,,,,,,,,,,,,,,,,,,,,,
320,6,RETURN_UP,10.7,357927,10923.065185546875,460,14.0380859375,71.23478260869565,35,1.068115234375,425,12.969970703125,0,0.0,0xE58885F5,3071,1261,1165,11.99609375,4.92578125,4.55078125,1,0x14,0,0,0,1,0,1,0,0,0,1,,,,,,,,,,,,,,,,,,,,,,
321,6,RETURN_UP,10.733333333333333,358389,10937.164306640625,462,14.09912109375,70.92640692640693,35,1.068115234375,426,13.00048828125,1,0.030517578125,0x64268D6D,3071,1261,1165,11.99609375,4.92578125,4.55078125,1,0x10,0,0,0,0,0,1,0,0,0,0,,,,,,,,,,,,,,,,,,,,,,
322,6,RETURN_UP,10.766666666666667,358849,10951.202392578125,460,14.0380859375,71.23478260869565,35,1.068115234375,425,12.969970703125,0,0.0,0x1F13C0A3,3071,1262,1186,11.99609375,4.9296875,4.6328125,1,0x14,0,0,0,1,0,1,-1,0,0,0,,,,,,,,,,,,,,,,,,,,,,
323,6,RETURN_UP,10.8,359360,10966.796875,511,15.594482421875,64.1252446183953,34,1.03759765625,476,14.5263671875,1,0.030517578125,0x456DF621,3071,1263,1207,11.99609375,4.93359375,4.71484375,1,0x14,0,0,0,1,0,1,-1,0,0,0,,,,,,,,,,,,,,,,,,,,,,
324,6,RETURN_UP,10.833333333333334,360555,11003.265380859375,1195,36.468505859375,27.42092050209205,307,9.368896484375,887,27.069091796875,1,0.030517578125,0xE3304181,1,2468,400,0.00390625,9.640625,1.5625,0,0x15,0,0,1,1,0,1,-1,0,0,0,,,,,,,,,,,,,,,,,,,,,,
325,6,RETURN_UP,10.866666666666667,361482,11031.55517578125,927,28.289794921875,35.34843581445523,39,1.190185546875,888,27.099609375,0,0.0,0xF5333920,0,2447,399,0.0,9.55859375,1.55859375,0,0x14,0,0,0,1,0,1,-1,0,0,0,,,,,,,,,,,,,,,,,,,,,,
326,6,RETURN_UP,10.9,362253,11055.084228515625,771,23.529052734375,42.50064850843061,39,1.190185546875,732,22.3388671875,0,0.0,0x5C77CA77,-1,2426,398,-0.00390625,9.4765625,1.5546875,0,0x14,0,0,0,1,0,1,-1,0,0,0,,,,,,,,,,,,,,,,,,,,,,
327,6,RETURN_UP,10.933333333333334,363092,11080.6884765625,839,25.604248046875,39.05601907032181,39,1.190185546875,799,24.383544921875,1,0.030517578125,0x2B5C216C,-2,2405,397,-0.0078125,9.39453125,1.55078125,0,0x14,0,0,0,1,0,1,-1,0,0,0,,,,,,,,,,,,,,,,,,,,,,
328,6,RETURN_UP,10.966666666666667,363938,11106.50634765625,846,25.81787109375,38.73286052009456,39,1.190185546875,806,24.59716796875,1,0.030517578125,0xF6398C29,-3,2384,396,-0.01171875,9.3125,1.546875,0,0x14,0,0,0,1,0,1,-1,0,0,0,,,,,,,,,,,,,,,,,,,,,,
329,6,RETURN_UP,11.0,364784,11132.32421875,846,25.81787109375,38.73286052009456,39,1.190185546875,807,24.627685546875,0,0.0,0xA4A3A3D6,-4,2363,395,-0.015625,9.23046875,1.54296875,0,0x1E,1,1,0,1,1,1,-1,0,0,0,24.59716796875,0.030517578125,6.7138671875,0.0,0.0,0.0,9.94873046875,0.823974609375,0.0,6.134033203125,0.946044921875,0,0,0,0,0,0,0,0,0,0,0
330,7,LOD_RETREAT,11.033333333333333,365632,11158.203125,848,25.87890625,38.64150943396226,39,1.190185546875,809,24.688720703125,0,0.0,0xF56371FB,-5,2342,394,-0.01953125,9.1484375,1.5390625,0,0x14,0,0,0,1,0,1,-1,0,0,0,,,,,,,,,,,,,,,,,,,,,,
331,7,LOD_RETREAT,11.066666666666666,366525,11185.455322265625,893,27.252197265625,36.694288913773796,39,1.190185546875,853,26.031494140625,1,0.030517578125,0x7882CB50,-6,2321,393,-0.0234375,9.06640625,1.53515625,0,0x14,0,0,0,1,0,1,-1,0,0,0,,,,,,,,,,,,,,,,,,,,,,
332,7,LOD_RETREAT,11.1,367457,11213.897705078125,932,28.4423828125,35.1587982832618,38,1.15966796875,894,27.28271484375,0,0.0,0x1ABD154C,-7,2300,392,-0.02734375,8.984375,1.53125,0,0x14,0,0,0,1,0,1,-1,0,0,0,,,,,,,,,,,,,,,,,,,,,,
333,7,LOD_RETREAT,11.133333333333333,368416,11243.1640625,959,29.266357421875,34.1689259645464,39,1.190185546875,919,28.045654296875,1,0.030517578125,0x4DB8A0AB,-8,2279,391,-0.03125,8.90234375,1.52734375,0,0x14,0,0,0,1,0,1,-1,0,0,0,,,,,,,,,,,,,,,,,,,,,,
334,7,LOD_RETREAT,11.166666666666666,369377,11272.491455078125,961,29.327392578125,34.09781477627472,38,1.15966796875,923,28.167724609375,0,0.0,0x1BD7CB8E,-9,2258,390,-0.03515625,8.8203125,1.5234375,0,0x14,0,0,0,1,0,1,-1,0,0,0,,,,,,,,,,,,,,,,,,,,,,
335,7,LOD_RETREAT,11.2,370614,11310.24169921875,1237,37.750244140625,26.489894907033143,39,1.190185546875,1198,36.56005859375,0,0.0,0x4C778345,-10,2237,389,-0.0390625,8.73828125,1.51953125,0,0x14,0,0,0,1,0,1,-1,0,0,0,,,,,,,,,,,,,,,,,,,,,,
336,7,LOD_RETREAT,11.233333333333333,371865,11348.419189453125,1251,38.177490234375,26.193445243804955,39,1.190185546875,1212,36.9873046875,0,0.0,0x06EDCEF0,-11,2216,388,-0.04296875,8.65625,1.515625,0,0x14,0,0,0,1,0,1,-1,0,0,0,,,,,,,,,,,,,,,,,,,,,,
337,7,LOD_RETREAT,11.266666666666667,373115,11386.566162109375,1250,38.14697265625,26.2144,39,1.190185546875,1211,36.956787109375,0,0.0,0xC108F23F,-12,2195,387,-0.046875,8.57421875,1.51171875,0,0x14,0,0,0,1,0,1,-1,0,0,0,,,,,,,,,,,,,,,,,,,,,,
338,7,LOD_RETREAT,11.3,374361,11424.591064453125,1246,38.02490234375,26.298555377207062,39,1.190185546875,1207,36.834716796875,0,0.0,0xEB460C72,-13,2174,386,-0.05078125,8.4921875,1.5078125,0,0x16,1,1,0,1,0,1,-1,0,0,0,36.773681640625,0.030517578125,0.213623046875,8.9111328125,3.35693359375,2.0751953125,11.474609375,1.5869140625,0.0,8.1787109375,0.946044921875,0,0,0,0,0,0,0,0,0,0,0
339,7,LOD_RETREAT,11.333333333333334,375634,11463.43994140625,1273,38.848876953125,25.74076983503535,39,1.190185546875,1234,37.65869140625,0,0.0,0xC75B1FA9,-14,2153,385,-0.0546875,8.41015625,1.50390625,0,0x14,0,0,0,1,0,1,-1,0,0,0,,,,,,,,,,,,,,,,,,,,,,
340,7,LOD_RETREAT,11.366666666666667,376874,11501.28173828125,1240,37.841796875,26.425806451612903,39,1.190185546875,1201,36.651611328125,0,0.0,0x551F57A4,-15,2132,384,-0.05859375,8.328125,1.5,0,0x14,0,0,0,1,0,1,-1,0,0,0,,,,,,,,,,,,,,,,,,,,,,
341,7,LOD_RETREAT,11.4,378081,11538.116455078125,1207,36.834716796875,27.148301574150786,39,1.190185546875,1168,35.64453125,0,0.0,0xA2C57EE3,-16,2111,383,-0.0625,8.24609375,1.49609375,0,0x14,0,0,0,1,0,1,-1,0,0,0,,,,,,,,,,,,,,,,,,,,,,
342,7,LOD_RETREAT,11.433333333333334,379291,11575.042724609375,1210,36.92626953125,27.08099173553719,39,1.190185546875,1170,35.70556640625,1,0.030517578125,0x5D84EBA6,-17,2090,382,-0.06640625,8.1640625,1.4921875,0,0x14,0,0,0,1,0,1,-1,0,0,0,,,,,,,,,,,,,,,,,,,,,,
343,7,LOD_RETREAT,11.466666666666667,380512,11612.3046875,1221,37.261962890625,26.83701883701884,38,1.15966796875,1183,36.102294921875,0,0.0,0xA77A597D,-18,2069,381,-0.0703125,8.08203125,1.48828125,0,0x14,0,0,0,1,0,1,-1,0,0,0,,,,,,,,,,,,,,,,,,,,,,
344,7,LOD_RETREAT,11.5,381732,11649.5361328125,1220,37.2314453125,26.859016393442623,39,1.190185546875,1180,36.0107421875,1,0.030517578125,0x55E94EE8,-19,2048,380,-0.07421875,8.0,1.484375,0,0x14,0,0,0,1,0,1,-1,0,0,0,,,,,,,,,,,,,,,,,,,,,,
345,7,LOD_RETREAT,11.533333333333333,382948,11686.6455078125,1216,37.109375,26.94736842105263,39,1.190185546875,1176,35.888671875,1,0.030517578125,0xAB3EB63C,-20,2027,379,-0.078125,7.91796875,1.48046875,0,0x14,0,0,0,1,0,1,-1,0,0,0,,,,,,,,,,,,,,,,,,,,,,
346,7,LOD_RETREAT,11.566666666666666,384173,11724.029541015625,1225,37.384033203125,26.749387755102042,38,1.15966796875,1186,36.19384765625,1,0.030517578125,0x78FA7859,-21,2006,378,-0.08203125,7.8359375,1.4765625,0,0x14,0,0,0,1,0,1,-1,0,0,0,,,,,,,,,,,,,,,,,,,,,,
347,7,LOD_RETREAT,11.6,385403,11761.566162109375,1230,37.53662109375,26.640650406504065,38,1.15966796875,1192,36.376953125,0,0.0,0xE7DBE762,-22,1985,377,-0.0859375,7.75390625,1.47265625,0,0x14,0,0,0,1,0,1,-1,0,0,0,,,,,,,,,,,,,,,,,,,,,,
348,7,LOD_RETREAT,11.633333333333333,386653,11799.713134765625,1250,38.14697265625,26.2144,39,1.190185546875,1210,36.92626953125,1,0.030517578125,0x385BD137,-23,1964,376,-0.08984375,7.671875,1.46875,0,0x14,0,0,0,1,0,1,-1,0,0,0,,,,,,,,,,,,,,,,,,,,,,
349,7,LOD_RETREAT,11.666666666666666,387909,11838.043212890625,1256,38.330078125,26.089171974522294,39,1.190185546875,1216,37.109375,1,0.030517578125,0x357E8788,-24,1943,375,-0.09375,7.58984375,1.46484375,0,0x14,0,0,0,1,0,1,-1,0,0,0,,,,,,,,,,,,,,,,,,,,,,
350,7,LOD_RETREAT,11.7,389113,11874.786376953125,1204,36.7431640625,27.21594684385382,39,1.190185546875,1165,35.552978515625,0,0.0,0xDF9E50B5,-25,1922,374,-0.09765625,7.5078125,1.4609375,0,0x14,0,0,0,1,0,1,-1,0,0,0,,,,,,,,,,,,,,,,,,,,,,
351,7,LOD_RETREAT,11.733333333333333,390312,11911.376953125,1199,36.590576171875,27.329441201000833,39,1.190185546875,1159,35.369873046875,1,0.030517578125,0xE76B625E,-26,1901,373,-0.1015625,7.42578125,1.45703125,0,0x14,0,0,0,1,0,1,-1,0,0,0,,,,,,,,,,,,,,,,,,,,,,
352,7,LOD_RETREAT,11.766666666666667,391488,11947.265625,1176,35.888671875,27.86394557823129,38,1.15966796875,1138,34.72900390625,0,0.0,0x95527963,-27,1880,372,-0.10546875,7.34375,1.453125,0,0x14,0,0,0,1,0,1,-1,0,0,0,,,,,,,,,,,,,,,,,,,,,,
353,7,LOD_RETREAT,11.8,392635,11982.269287109375,1147,35.003662109375,28.568439407149086,39,1.190185546875,1108,33.8134765625,0,0.0,0x8E13BCD4,-28,1859,371,-0.109375,7.26171875,1.44921875,0,0x14,0,0,0,1,0,1,-1,0,0,0,,,,,,,,,,,,,,,,,,,,,,
354,7,LOD_RETREAT,11.833333333333334,393803,12017.913818359375,1168,35.64453125,28.054794520547944,39,1.190185546875,1129,34.454345703125,0,0.0,0xD14DDB71,-29,1838,370,-0.11328125,7.1796875,1.4453125,0,0x14,0,0,0,1,0,1,-1,0,0,0,,,,,,,,,,,,,,,,,,,,,,
355,7,LOD_RETREAT,11.866666666666667,394920,12052.001953125,1117,34.088134765625,29.335720680393912,39,1.190185546875,1078,32.89794921875,0,0.0,0x68E66BFA,-30,1817,369,-0.1171875,7.09765625,1.44140625,0,0x14,0,0,0,1,0,1,-1,0,0,0,,,,,,,,,,,,,,,,,,,,,,
356,7,LOD_RETREAT,11.9,396106,12088.19580078125,1186,36.19384765625,27.62900505902192,39,1.190185546875,1147,35.003662109375,0,0.0,0xA61B072F,-31,1796,368,-0.12109375,7.015625,1.4375,0,0x14,0,0,0,1,0,1,-1,0,0,0,,,,,,,,,,,,,,,,,,,,,,
357,7,LOD_RETREAT,11.933333333333334,397247,12123.016357421875,1141,34.820556640625,28.718667835232253,39,1.190185546875,1102,33.63037109375,0,0.0,0x55966161,-32,1775,367,-0.125,6.93359375,1.43359375,0,0x14,0,0,0,1,0,1,-1,0,0,0,,,,,,,,,,,,,,,,,,,,,,
358,7,LOD_RETREAT,11.966666666666667,398406,12158.38623046875,1159,35.369873046875,28.272648835202762,39,1.190185546875,1120,34.1796875,0,0.0,0x2A16FA7C,-33,1754,366,-0.12890625,6.8515625,1.4296875,0,0x14,0,0,0,1,0,1,-1,0,0,0,,,,,,,,,,,,,,,,,,,,,,
359,7,LOD_RETREAT,12.0,399529,12192.657470703125,1123,34.271240234375,29.178984861976847,39,1.190185546875,1083,33.050537109375,1,0.030517578125,0x7AF63907,-34,1733,365,-0.1328125,6.76953125,1.42578125,0,0x14,0,0,0,1,0,1,-1,0,0,0,,,,,,,,,,,,,,,,,,,,,,
360,7,LOD_RETREAT,12.033333333333333,400716,12228.8818359375,1187,36.224365234375,27.605728727885424,38,1.15966796875,1149,35.064697265625,0,0.0,0xD97A20BA,-35,1712,364,-0.13671875,6.6875,1.421875,0,0x14,0,0,0,1,0,1,-1,0,0,0,,,,,,,,,,,,,,,,,,,,,,
361,7,LOD_RETREAT,12.066666666666666,401928,12265.869140625,1212,36.9873046875,27.036303630363037,39,1.190185546875,1173,35.797119140625,0,0.0,0x08A0658D,-36,1691,363,-0.140625,6.60546875,1.41796875,0,0x14,0,0,0,1,0,1,-1,0,0,0,,,,,,,,,,,,,,,,,,,,,,
362,7,LOD_RETREAT,12.1,403098,12301.57470703125,1170,35.70556640625,28.006837606837607,39,1.190185546875,1130,34.48486328125,1,0.030517578125,0x3B2ED158,-37,1670,362,-0.14453125,6.5234375,1.4140625,0,0x14,0,0,0,1,0,1,-1,0,0,0,,,,,,,,,,,,,,,,,,,,,,
363,7,LOD_RETREAT,12.133333333333333,404234,12336.24267578125,1136,34.66796875,28.845070422535212,39,1.190185546875,1096,33.447265625,1,0.030517578125,0x6FE1A9A3,-38,1649,361,-0.1484375,6.44140625,1.41015625,0,0x14,0,0,0,1,0,1,-1,0,0,0,,,,,,,,,,,,,,,,,,,,,,
364,7,LOD_RETREAT,12.166666666666666,405365,12370.758056640625,1131,34.515380859375,28.97259062776304,39,1.190185546875,1092,33.3251953125,0,0.0,0xF40E85E6,-39,1628,360,-0.15234375,6.359375,1.40625,0,0x14,0,0,0,1,0,1,-1,0,0,0,,,,,,,,,,,,,,,,,,,,,,
365,7,LOD_RETREAT,12.2,406453,12403.961181640625,1088,33.203125,30.11764705882353,39,1.190185546875,1049,32.012939453125,0,0.0,0x72D9B089,-40,1607,359,-0.15625,6.27734375,1.40234375,0,0x14,0,0,0,1,0,1,-1,0,0,0,,,,,,,,,,,,,,,,,,,,,,
366,7,LOD_RETREAT,12.233333333333333,407531,12436.859130859375,1078,32.89794921875,30.397031539888683,39,1.190185546875,1038,31.67724609375,1,0.030517578125,0x49A65404,-41,1586,358,-0.16015625,6.1953125,1.3984375,0,0x14,0,0,0,1,0,1,-1,0,0,0,,,,,,,,,,,,,,,,,,,,,,
367,7,LOD_RETREAT,12.266666666666667,408606,12469.66552734375,1075,32.806396484375,30.48186046511628,39,1.190185546875,1035,31.585693359375,1,0.030517578125,0x0BBFB66F,-42,1565,357,-0.1640625,6.11328125,1.39453125,0,0x14,0,0,0,1,0,1,-1,0,0,0,,,,,,,,,,,,,,,,,,,,,,
368,7,LOD_RETREAT,12.3,409684,12502.5634765625,1078,32.89794921875,30.397031539888683,39,1.190185546875,1039,31.707763671875,0,0.0,0x891258C2,-43,1544,356,-0.16796875,6.03125,1.390625,0,0x14,0,0,0,1,0,1,-1,0,0,0,,,,,,,,,,,,,,,,,,,,,,
369,7,LOD_RETREAT,12.333333333333334,410746,12534.97314453125,1062,32.40966796875,30.854990583804142,39,1.190185546875,1022,31.18896484375,1,0.030517578125,0xF99191D2,-44,1523,355,-0.171875,5.94921875,1.38671875,0,0x14,0,0,0,1,0,1,-1,0,0,0,,,,,,,,,,,,,,,,,,,,,,
370,7,LOD_RETREAT,12.366666666666667,411796,12567.0166015625,1050,32.04345703125,31.207619047619048,39,1.190185546875,1011,30.853271484375,0,0.0,0xE444F69F,-45,1502,354,-0.17578125,5.8671875,1.3828125,0,0x14,0,0,0,1,0,1,-1,0,0,0,,,,,,,,,,,,,,,,,,,,,,
371,7,LOD_RETREAT,12.4,412839,12598.846435546875,1043,31.829833984375,31.417066155321187,39,1.190185546875,1004,30.6396484375,0,0.0,0x40905A1C,-46,1481,353,-0.1796875,5.78515625,1.37890625,0,0x14,0,0,0,1,0,1,-1,0,0,0,,,,,,,,,,,,,,,,,,,,,,
372,7,LOD_RETREAT,12.433333333333334,413858,12629.94384765625,1019,31.097412109375,32.15701668302257,39,1.190185546875,980,29.9072265625,0,0.0,0x53054201,-47,1460,352,-0.18359375,5.703125,1.375,0,0x14,0,0,0,1,0,1,-1,0,0,0,,,,,,,,,,,,,,,,,,,,,,
373,7,LOD_RETREAT,12.466666666666667,414891,12661.468505859375,1033,31.524658203125,31.721200387221685,39,1.190185546875,994,30.33447265625,0,0.0,0x7A204B3E,-48,1439,351,-0.1875,5.62109375,1.37109375,0,0x14,0,0,0,1,0,1,-1,0,0,0,,,,,,,,,,,,,,,,,,,,,,
374,7,LOD_RETREAT,12.5,415908,12692.5048828125,1017,31.036376953125,32.220255653883974,39,1.190185546875,977,29.815673828125,1,0.030517578125,0x5CF2055B,-49,1418,350,-0.19140625,5.5390625,1.3671875,0,0x14,0,0,0,1,0,1,-1,0,0,0,,,,,,,,,,,,,,,,,,,,,,
375,7,LOD_RETREAT,12.533333333333333,416935,12723.846435546875,1027,31.341552734375,31.906523855890946,39,1.190185546875,987,30.120849609375,1,0.030517578125,0x596A5818,-50,1397,349,-0.1953125,5.45703125,1.36328125,0,0x14,0,0,0,1,0,1,-1,0,0,0,,,,,,,,,,,,,,,,,,,,,,
376,7,LOD_RETREAT,12.566666666666666,417995,12756.195068359375,1060,32.3486328125,30.91320754716981,38,1.15966796875,1022,31.18896484375,0,0.0,0xFF08E4ED,-51,1376,348,-0.19921875,5.375,1.359375,0,0x14,0,0,0,1,0,1,-1,0,0,0,,,,,,,,,,,,,,,,,,,,,,
377,7,LOD_RETREAT,12.6,419050,12788.39111328125,1055,32.196044921875,31.059715639810427,39,1.190185546875,1015,30.975341796875,1,0.030517578125,0xA8F2C94A,-52,1355,347,-0.203125,5.29296875,1.35546875,0,0x1C,0,0,0,1,1,1,-1,0,0,0,,,,,,,,,,,,,,,,,,,,,,
378,8,LOD_APPROACH,12.633333333333333,419983,12816.864013671875,933,28.472900390625,35.12111468381565,38,1.15966796875,894,27.28271484375,1,0.030517578125,0x4D002ED7,-51,1376,348,-0.19921875,5.375,1.359375,0,0x14,0,0,0,1,0,1,1,0,0,0,,,,,,,,,,,,,,,,,,,,,,
379,8,LOD_APPROACH,12.666666666666666,421042,12849.18212890625,1059,32.318115234375,30.9423984891407,39,1.190185546875,1020,31.1279296875,0,0.0,0x09B88652,-50,1397,349,-0.1953125,5.45703125,1.36328125,0,0x14,0,0,0,1,0,1,1,0,0,0,,,,,,,,,,,,,,,,,,,,,,
380,8,LOD_APPROACH,12.7,422093,12881.256103515625,1051,32.073974609375,31.1779257849667,39,1.190185546875,1012,30.8837890625,0,0.0,0xCDD83805,-49,1418,350,-0.19140625,5.5390625,1.3671875,0,0x14,0,0,0,1,0,1,1,0,0,0,,,,,,,,,,,,,,,,,,,,,,
381,8,LOD_APPROACH,12.733333333333333,423105,12912.139892578125,1012,30.8837890625,32.3794466403162,38,1.15966796875,973,29.693603515625,1,0.030517578125,0x6D2BFD58,-48,1439,351,-0.1875,5.62109375,1.37109375,0,0x14,0,0,0,1,0,1,1,0,0,0,,,,,,,,,,,,,,,,,,,,,,
382,8,LOD_APPROACH,12.766666666666667,424132,12943.4814453125,1027,31.341552734375,31.906523855890946,38,1.15966796875,988,30.1513671875,1,0.030517578125,0x6961D88B,-47,1460,352,-0.18359375,5.703125,1.375,0,0x14,0,0,0,1,0,1,1,0,0,0,,,,,,,,,,,,,,,,,,,,,,
383,8,LOD_APPROACH,12.8,425179,12975.433349609375,1047,31.951904296875,31.297039159503342,38,1.15966796875,1008,30.76171875,1,0.030517578125,0x28A5ED36,-46,1481,353,-0.1796875,5.78515625,1.37890625,0,0x14,0,0,0,1,0,1,1,0,0,0,,,,,,,,,,,,,,,,,,,,,,
384,8,LOD_APPROACH,12.833333333333334,426206,13006.77490234375,1027,31.341552734375,31.906523855890946,38,1.15966796875,989,30.181884765625,0,0.0,0xE48DD0E9,-45,1502,354,-0.17578125,5.8671875,1.3828125,0,0x14,0,0,0,1,0,1,1,0,0,0,,,,,,,,,,,,,,,,,,,,,,
385,8,LOD_APPROACH,12.866666666666667,427259,13038.909912109375,1053,32.135009765625,31.118708452041787,38,1.15966796875,1014,30.94482421875,1,0.030517578125,0xC38C156C,-44,1523,355,-0.171875,5.94921875,1.38671875,0,0x14,0,0,0,1,0,1,1,0,0,0,,,,,,,,,,,,,,,,,,,,,,
386,8,LOD_APPROACH,12.9,428312,13071.044921875,1053,32.135009765625,31.118708452041787,38,1.15966796875,1015,30.975341796875,0,0.0,0x8254B51C,-43,1544,356,-0.16796875,6.03125,1.390625,0,0x14,0,0,0,1,0,1,1,0,0,0,,,,,,,,,,,,,,,,,,,,,,
387,8,LOD_APPROACH,12.933333333333334,429385,13103.790283203125,1073,32.745361328125,30.538676607642124,38,1.15966796875,1034,31.55517578125,1,0.030517578125,0xF9894479,-42,1565,357,-0.1640625,6.11328125,1.39453125,0,0x14,0,0,0,1,0,1,1,0,0,0,,,,,,,,,,,,,,,,,,,,,,
388,8,LOD_APPROACH,12.966666666666667,430470,13136.90185546875,1085,33.111572265625,30.200921658986175,39,1.190185546875,1046,31.92138671875,0,0.0,0x404CAEBE,-41,1586,358,-0.16015625,6.1953125,1.3984375,0,0x14,0,0,0,1,0,1,1,0,0,0,,,,,,,,,,,,,,,,,,,,,,
389,8,LOD_APPROACH,13.0,431532,13169.3115234375,1062,32.40966796875,30.854990583804142,38,1.15966796875,1024,31.25,0,0.0,0x4A50E553,-40,1607,359,-0.15625,6.27734375,1.40234375,0,0x14,0,0,0,1,0,1,1,0,0,0,,,,,,,,,,,,,,,,,,,,,,
390,8,LOD_APPROACH,13.033333333333333,432651,13203.460693359375,1119,34.149169921875,29.283288650580875,38,1.15966796875,1080,32.958984375,1,0.030517578125,0x7ED10880,-39,1628,360,-0.15234375,6.359375,1.40625,0,0x14,0,0,0,1,0,1,1,0,0,0,,,,,,,,,,,,,,,,,,,,,,
391,8,LOD_APPROACH,13.066666666666666,433791,13238.250732421875,1140,34.7900390625,28.743859649122808,38,1.15966796875,1102,33.63037109375,0,0.0,0xC510522D,-38,1649,361,-0.1484375,6.44140625,1.41015625,0,0x14,0,0,0,1,0,1,1,0,0,0,,,,,,,,,,,,,,,,,,,,,,
392,8,LOD_APPROACH,13.1,434927,13272.918701171875,1136,34.66796875,28.845070422535212,39,1.190185546875,1097,33.477783203125,0,0.0,0x2D35DF92,-37,1670,362,-0.14453125,6.5234375,1.4140625,0,0x14,0,0,0,1,0,1,1,0,0,0,,,,,,,,,,,,,,,,,,,,,,
393,8,LOD_APPROACH,13.133333333333333,436070,13307.80029296875,1143,34.881591796875,28.668416447944008,38,1.15966796875,1105,33.721923828125,0,0.0,0xEDF495F7,-36,1691,363,-0.140625,6.60546875,1.41796875,0,0x14,0,0,0,1,0,1,1,0,0,0,,,,,,,,,,,,,,,,,,,,,,
394,8,LOD_APPROACH,13.166666666666666,437255,13343.963623046875,1185,36.163330078125,27.652320675105486,39,1.190185546875,1146,34.97314453125,0,0.0,0xA1277674,-35,1712,364,-0.13671875,6.6875,1.421875,0,0x14,0,0,0,1,0,1,1,0,0,0,,,,,,,,,,,,,,,,,,,,,,
395,8,LOD_APPROACH,13.2,438480,13381.34765625,1225,37.384033203125,26.749387755102042,38,1.15966796875,1187,36.224365234375,0,0.0,0x15EEA471,-34,1733,365,-0.1328125,6.76953125,1.42578125,0,0x14,0,0,0,1,0,1,1,0,0,0,,,,,,,,,,,,,,,,,,,,,,
396,8,LOD_APPROACH,13.233333333333333,439667,13417.572021484375,1187,36.224365234375,27.605728727885424,38,1.15966796875,1149,35.064697265625,0,0.0,0xB4086516,-33,1754,366,-0.12890625,6.8515625,1.4296875,0,0x14,0,0,0,1,0,1,1,0,0,0,,,,,,,,,,,,,,,,,,,,,,
397,8,LOD_APPROACH,13.266666666666667,440884,13454.7119140625,1217,37.139892578125,26.925225965488906,38,1.15966796875,1178,35.94970703125,1,0.030517578125,0xD3CEDB6B,-32,1775,367,-0.125,6.93359375,1.43359375,0,0x14,0,0,0,1,0,1,1,0,0,0,,,,,,,,,,,,,,,,,,,,,,
398,8,LOD_APPROACH,13.3,442142,13493.10302734375,1258,38.39111328125,26.047694753577108,38,1.15966796875,1219,37.200927734375,1,0.030517578125,0x37907739,-31,1796,368,-0.12109375,7.015625,1.4375,0,0x14,0,0,0,1,0,1,1,0,0,0,,,,,,,,,,,,,,,,,,,,,,
399,8,LOD_APPROACH,13.333333333333334,443348,13529.9072265625,1206,36.80419921875,27.170812603648425,38,1.15966796875,1168,35.64453125,0,0.0,0x354D8EB4,-30,1817,369,-0.1171875,7.09765625,1.44140625,0,0x14,0,0,0,1,0,1,1,0,0,0,,,,,,,,,,,,,,,,,,,,,,
400,8,LOD_APPROACH,13.366666666666667,444567,13567.108154296875,1219,37.200927734375,26.88105004101723,38,1.15966796875,1180,36.0107421875,1,0.030517578125,0xB989B73B,-29,1838,370,-0.11328125,7.1796875,1.4453125,0,0x14,0,0,0,1,0,1,1,0,0,0,,,,,,,,,,,,,,,,,,,,,,
401,8,LOD_APPROACH,13.4,445791,13604.461669921875,1224,37.353515625,26.77124183006536,39,1.190185546875,1185,36.163330078125,0,0.0,0xA649088E,-28,1859,371,-0.109375,7.26171875,1.44921875,0,0x14,0,0,0,1,0,1,1,0,0,0,,,,,,,,,,,,,,,,,,,,,,
402,8,LOD_APPROACH,13.433333333333334,446996,13641.2353515625,1205,36.773681640625,27.19336099585062,39,1.190185546875,1165,35.552978515625,1,0.030517578125,0x81CF51ED,-27,1880,372,-0.10546875,7.34375,1.453125,0,0x14,0,0,0,1,0,1,1,0,0,0,,,,,,,,,,,,,,,,,,,,,,
403,8,LOD_APPROACH,13.466666666666667,448135,13675.994873046875,1139,34.759521484375,28.769095697980685,39,1.190185546875,1099,33.538818359375,1,0.030517578125,0x141BC178,-26,1901,373,-0.1015625,7.42578125,1.45703125,0,0x14,0,0,0,1,0,1,1,0,0,0,,,,,,,,,,,,,,,,,,,,,,
404,8,LOD_APPROACH,13.5,449326,13712.34130859375,1191,36.346435546875,27.513014273719563,39,1.190185546875,1152,35.15625,0,0.0,0xBB50435F,-25,1922,374,-0.09765625,7.5078125,1.4609375,0,0x14,0,0,0,1,0,1,1,0,0,0,,,,,,,,,,,,,,,,,,,,,,
405,8,LOD_APPROACH,13.533333333333333,450533,13749.176025390625,1207,36.834716796875,27.148301574150786,38,1.15966796875,1168,35.64453125,1,0.030517578125,0x03554D82,-24,1943,375,-0.09375,7.58984375,1.46484375,0,0x14,0,0,0,1,0,1,1,0,0,0,,,,,,,,,,,,,,,,,,,,,,
406,8,LOD_APPROACH,13.566666666666666,451744,13786.1328125,1211,36.956787109375,27.058629232039635,38,1.15966796875,1173,35.797119140625,0,0.0,0x3EEA4DA1,-23,1964,376,-0.08984375,7.671875,1.46875,0,0x14,0,0,0,1,0,1,1,0,0,0,,,,,,,,,,,,,,,,,,,,,,
407,8,LOD_APPROACH,13.6,453011,13824.798583984375,1267,38.665771484375,25.86266771902131,38,1.15966796875,1229,37.506103515625,0,0.0,0x3C71A03C,-22,1985,377,-0.0859375,7.75390625,1.47265625,0,0x14,0,0,0,1,0,1,1,0,0,0,,,,,,,,,,,,,,,,,,,,,,
408,8,LOD_APPROACH,13.633333333333333,454270,13863.22021484375,1259,38.421630859375,26.027005559968227,38,1.15966796875,1221,37.261962890625,0,0.0,0xDC36DBE3,-21,2006,378,-0.08203125,7.8359375,1.4765625,0,0x14,0,0,0,1,0,1,1,0,0,0,,,,,,,,,,,,,,,,,,,,,,
409,8,LOD_APPROACH,13.666666666666666,455510,13901.06201171875,1240,37.841796875,26.425806451612903,39,1.190185546875,1200,36.62109375,1,0.030517578125,0xAEE872D6,-20,2027,379,-0.078125,7.91796875,1.48046875,0,0x14,0,0,0,1,0,1,1,0,0,0,,,,,,,,,,,,,,,,,,,,,,
410,8,LOD_APPROACH,13.7,456744,13938.720703125,1234,37.65869140625,26.554294975688816,38,1.15966796875,1196,36.4990234375,0,0.0,0xF16AEBE2,-19,2048,380,-0.07421875,8.0,1.484375,0,0x14,0,0,0,1,0,1,1,0,0,0,,,,,,,,,,,,,,,,,,,,,,
411,8,LOD_APPROACH,13.733333333333333,457970,13976.13525390625,1226,37.41455078125,26.72756933115824,38,1.15966796875,1188,36.2548828125,0,0.0,0xD823C5E7,-18,2069,381,-0.0703125,8.08203125,1.48828125,0,0x14,0,0,0,1,0,1,1,0,0,0,,,,,,,,,,,,,,,,,,,,,,
412,8,LOD_APPROACH,13.766666666666667,459200,14013.671875,1230,37.53662109375,26.640650406504065,39,1.190185546875,1190,36.31591796875,1,0.030517578125,0x15BBCA40,-17,2090,382,-0.06640625,8.1640625,1.4921875,0,0x14,0,0,0,1,0,1,1,0,0,0,,,,,,,,,,,,,,,,,,,,,,
413,8,LOD_APPROACH,13.8,460452,14051.8798828125,1252,38.2080078125,26.17252396166134,39,1.190185546875,1213,37.017822265625,0,0.0,0x73E6CF6D,-16,2111,383,-0.0625,8.24609375,1.49609375,0,0x14,0,0,0,1,0,1,1,0,0,0,,,,,,,,,,,,,,,,,,,,,,
414,8,LOD_APPROACH,13.833333333333334,461698,14089.90478515625,1246,38.02490234375,26.298555377207062,38,1.15966796875,1207,36.834716796875,1,0.030517578125,0x77C63D5E,-15,2132,384,-0.05859375,8.328125,1.5,0,0x14,0,0,0,1,0,1,1,0,0,0,,,,,,,,,,,,,,,,,,,,,,
415,8,LOD_APPROACH,13.866666666666667,462933,14127.593994140625,1235,37.689208984375,26.532793522267205,39,1.190185546875,1196,36.4990234375,0,0.0,0x0B82ACF3,-14,2153,385,-0.0546875,8.41015625,1.50390625,0,0x14,0,0,0,1,0,1,1,0,0,0,,,,,,,,,,,,,,,,,,,,,,
416,8,LOD_APPROACH,13.9,464197,14166.168212890625,1264,38.57421875,25.924050632911392,39,1.190185546875,1225,37.384033203125,0,0.0,0xAF688A0C,-13,2174,386,-0.05078125,8.4921875,1.5078125,0,0x16,1,1,0,1,0,1,1,0,0,0,37.322998046875,0.030517578125,0.213623046875,8.9111328125,3.35693359375,2.0751953125,11.474609375,1.5869140625,0.0,8.697509765625,0.9765625,0,0,0,0,0,0,0,0,0,0,0
417,8,LOD_APPROACH,13.933333333333334,465472,14205.078125,1275,38.909912109375,25.700392156862744,39,1.190185546875,1235,37.689208984375,1,0.030517578125,0x73C02589,-12,2195,387,-0.046875,8.57421875,1.51171875,0,0x14,0,0,0,1,0,1,1,0,0,0,,,,,,,,,,,,,,,,,,,,,,
418,8,LOD_APPROACH,13.966666666666667,466716,14243.0419921875,1244,37.9638671875,26.340836012861736,39,1.190185546875,1204,36.7431640625,1,0.030517578125,0xAB9B46AA,-11,2216,388,-0.04296875,8.65625,1.515625,0,0x14,0,0,0,1,0,1,1,0,0,0,,,,,,,,,,,,,,,,,,,,,,
419,8,LOD_APPROACH,14.0,467957,14280.914306640625,1241,37.872314453125,26.404512489927477,39,1.190185546875,1202,36.68212890625,0,0.0,0x33D8802F,-10,2237,389,-0.0390625,8.73828125,1.51953125,0,0x14,0,0,0,1,0,1,1,0,0,0,,,,,,,,,,,,,,,,,,,,,,
420,8,LOD_APPROACH,14.033333333333333,468919,14310.272216796875,962,29.35791015625,34.062370062370064,39,1.190185546875,923,28.167724609375,0,0.0,0xC446B768,-9,2258,390,-0.03515625,8.8203125,1.5234375,0,0x14,0,0,0,1,0,1,1,0,0,0,,,,,,,,,,,,,,,,,,,,,,
421,8,LOD_APPROACH,14.066666666666666,469875,14339.447021484375,956,29.1748046875,34.27615062761506,38,1.15966796875,918,28.01513671875,0,0.0,0x51285415,-8,2279,391,-0.03125,8.90234375,1.52734375,0,0x14,0,0,0,1,0,1,1,0,0,0,,,,,,,,,,,,,,,,,,,,,,
422,8,LOD_APPROACH,14.1,470835,14368.743896484375,960,29.296875,34.13333333333333,38,1.15966796875,921,28.106689453125,1,0.030517578125,0x70E57126,-7,2300,392,-0.02734375,8.984375,1.53125,0,0x14,0,0,0,1,0,1,1,0,0,0,,,,,,,,,,,,,,,,,,,,,,
423,8,LOD_APPROACH,14.133333333333333,471787,14397.796630859375,952,29.052734375,34.42016806722689,38,1.15966796875,913,27.862548828125,1,0.030517578125,0xA7C9170A,-6,2321,393,-0.0234375,9.06640625,1.53515625,0,0x14,0,0,0,1,0,1,1,0,0,0,,,,,,,,,,,,,,,,,,,,,,
424,8,LOD_APPROACH,14.166666666666666,472685,14425.201416015625,898,27.40478515625,36.489977728285076,38,1.15966796875,860,26.2451171875,0,0.0,0x4BE464A5,-5,2342,394,-0.01953125,9.1484375,1.5390625,0,0x14,0,0,0,1,0,1,1,0,0,0,,,,,,,,,,,,,,,,,,,,,,
425,8,LOD_APPROACH,14.2,473542,14451.35498046875,857,26.153564453125,38.23570595099183,39,1.190185546875,818,24.96337890625,0,0.0,0x4FA9DD30,-4,2363,395,-0.015625,9.23046875,1.54296875,0,0x14,0,0,0,1,0,1,1,0,0,0,,,,,,,,,,,,,,,,,,,,,,
426,8,LOD_APPROACH,14.233333333333333,474381,14476.959228515625,839,25.604248046875,39.05601907032181,39,1.190185546875,800,24.4140625,0,0.0,0xF4A56F73,-3,2384,396,-0.01171875,9.3125,1.546875,0,0x14,0,0,0,1,0,1,1,0,0,0,,,,,,,,,,,,,,,,,,,,,,
427,8,LOD_APPROACH,14.266666666666667,475223,14502.655029296875,842,25.69580078125,38.91686460807601,38,1.15966796875,804,24.5361328125,0,0.0,0x8BFE6F46,-2,2405,397,-0.0078125,9.39453125,1.55078125,0,0x14,0,0,0,1,0,1,1,0,0,0,,,,,,,,,,,,,,,,,,,,,,
428,8,LOD_APPROACH,14.3,476001,14526.397705078125,778,23.74267578125,42.11825192802056,38,1.15966796875,740,22.5830078125,0,0.0,0xDCCA4BE1,-1,2426,398,-0.00390625,9.4765625,1.5546875,0,0x14,0,0,0,1,0,1,1,0,0,0,,,,,,,,,,,,,,,,,,,,,,
429,8,LOD_APPROACH,14.333333333333334,476817,14551.300048828125,816,24.90234375,40.15686274509804,39,1.190185546875,776,23.681640625,1,0.030517578125,0x0ED9BE1A,0,2447,399,0.0,9.55859375,1.55859375,0,0x14,0,0,0,1,0,1,1,0,0,0,,,,,,,,,,,,,,,,,,,,,,
430,8,LOD_APPROACH,14.366666666666667,477631,14576.141357421875,814,24.84130859375,40.255528255528255,39,1.190185546875,774,23.62060546875,1,0.030517578125,0x40AE6F75,1,2468,400,0.00390625,9.640625,1.5625,0,0x14,0,0,0,1,0,1,1,0,0,0,,,,,,,,,,,,,,,,,,,,,,
431,8,LOD_APPROACH,14.4,478450,14601.13525390625,819,24.993896484375,40.00976800976801,38,1.15966796875,781,23.834228515625,0,0.0,0x06EC46A0,2,2489,401,0.0078125,9.72265625,1.56640625,0,0x14,0,0,0,1,0,1,1,0,0,0,,,,,,,,,,,,,,,,,,,,,,
432,8,LOD_APPROACH,14.433333333333334,479595,14636.077880859375,1145,34.942626953125,28.618340611353712,329,10.040283203125,816,24.90234375,0,0.0,0x545FA80F,3069,1262,1186,11.98828125,4.9296875,4.6328125,1,0x15,0,0,1,1,0,1,1,0,0,0,,,,,,,,,,,,,,,,,,,,,,
433,8,LOD_APPROACH,14.466666666666667,480443,14661.956787109375,848,25.87890625,38.64150943396226,35,1.068115234375,812,24.7802734375,1,0.030517578125,0x2D2E4954,3069,1262,1165,11.98828125,4.9296875,4.55078125,1,0x14,0,0,0,1,0,1,1,0,0,0,,,,,,,,,,,,,,,,,,,,,,
434,8,LOD_APPROACH,14.5,481138,14683.16650390625,695,21.209716796875,47.14820143884892,35,1.068115234375,660,20.1416015625,0,0.0,0xF000B19D,3069,1262,1144,11.98828125,4.9296875,4.46875,1,0x14,0,0,0,1,0,1,1,0,0,0,,,,,,,,,,,,,,,,,,,,,,
435,8,LOD_APPROACH,14.533333333333333,481827,14704.193115234375,689,21.026611328125,47.55878084179971,35,1.068115234375,653,19.927978515625,1,0.030517578125,0x84453EEE,3069,1262,1123,11.98828125,4.9296875,4.38671875,1,0x14,0,0,0,1,0,1,1,0,0,0,,,,,,,,,,,,,,,,,,,,,,
436,8,LOD_APPROACH,14.566666666666666,482512,14725.09765625,685,20.904541015625,47.83649635036496,34,1.03759765625,650,19.83642578125,1,0.030517578125,0x0D408297,3069,1262,1102,11.98828125,4.9296875,4.3046875,1,0x14,0,0,0,1,0,1,1,0,0,0,,,,,,,,,,,,,,,,,,,,,,
437,8,LOD_APPROACH,14.6,483191,14745.819091796875,679,20.721435546875,48.25920471281296,34,1.03759765625,644,19.6533203125,1,0.030517578125,0x8028BE00,3069,1262,1081,11.98828125,4.9296875,4.22265625,1,0x1C,0,0,0,1,1,1,1,0,0,0,,,,,,,,,,,,,,,,,,,,,,
438,9,FREECAM_YAW,14.633333333333333,483871,14766.571044921875,680,20.751953125,48.188235294117646,41,1.251220703125,638,19.47021484375,1,0.030517578125,0x53C02975,3069,1262,1081,11.98828125,4.9296875,4.22265625,1,0x14,0,0,0,1,0,1,0,1,0,0,,,,,,,,,,,,,,,,,,,,,,
439,9,FREECAM_YAW,14.666666666666666,484547,14787.200927734375,676,20.6298828125,48.47337278106509,42,1.28173828125,633,19.317626953125,1,0.030517578125,0xA2A40271,3069,1262,1081,11.98828125,4.9296875,4.22265625,1,0x14,0,0,0,1,0,1,0,1,0,0,,,,,,,,,,,,,,,,,,,,,,
440,9,FREECAM_YAW,14.7,485213,14807.525634765625,666,20.32470703125,49.2012012012012,41,1.251220703125,625,19.073486328125,0,0.0,0xC113AF95,3069,1262,1081,11.98828125,4.9296875,4.22265625,1,0x14,0,0,0,1,0,1,0,1,0,0,,,,,,,,,,,,,,,,,,,,,,
441,9,FREECAM_YAW,14.733333333333333,485869,14827.545166015625,656,20.01953125,49.951219512195124,41,1.251220703125,615,18.768310546875,0,0.0,0xFF8769B6,3069,1262,1081,11.98828125,4.9296875,4.22265625,1,0x14,0,0,0,1,0,1,0,1,0,0,,,,,,,,,,,,,,,,,,,,,,
442,9,FREECAM_YAW,14.766666666666667,486518,14847.35107421875,649,19.805908203125,50.48998459167951,42,1.28173828125,606,18.49365234375,1,0.030517578125,0x042130CE,3069,1262,1081,11.98828125,4.9296875,4.22265625,1,0x14,0,0,0,1,0,1,0,1,0,0,,,,,,,,,,,,,,,,,,,,,,
443,9,FREECAM_YAW,14.8,487132,14866.0888671875,614,18.73779296875,53.36807817589577,41,1.251220703125,573,17.486572265625,0,0.0,0x70927F5D,3069,1262,1081,11.98828125,4.9296875,4.22265625,1,0x14,0,0,0,1,0,1,0,1,0,0,,,,,,,,,,,,,,,,,,,,,,
444,9,FREECAM_YAW,14.833333333333334,487740,14884.6435546875,608,18.5546875,53.89473684210526,41,1.251220703125,566,17.27294921875,1,0.030517578125,0xD2CB2DFC,3069,1262,1081,11.98828125,4.9296875,4.22265625,1,0x14,0,0,0,1,0,1,0,1,0,0,,,,,,,,,,,,,,,,,,,,,,
445,9,FREECAM_YAW,14.866666666666667,488284,14901.2451171875,544,16.6015625,60.23529411764706,41,1.251220703125,502,15.31982421875,1,0.030517578125,0x0DC77C76,3069,1262,1081,11.98828125,4.9296875,4.22265625,1,0x14,0,0,0,1,0,1,0,1,0,0,,,,,,,,,,,,,,,,,,,,,,
446,9,FREECAM_YAW,14.9,488802,14917.05322265625,518,15.80810546875,63.25868725868726,42,1.28173828125,476,14.5263671875,0,0.0,0x646433BE,3069,1262,1081,11.98828125,4.9296875,4.22265625,1,0x14,0,0,0,1,0,1,0,1,0,0,,,,,,,,,,,,,,,,,,,,,,
447,9,FREECAM_YAW,14.933333333333334,489270,14931.33544921875,468,14.2822265625,70.01709401709402,42,1.28173828125,425,12.969970703125,1,0.030517578125,0x3DDA4090,3069,1262,1081,11.98828125,4.9296875,4.22265625,1,0x14,0,0,0,1,0,1,0,1,0,0,,,,,,,,,,,,,,,,,,,,,,
448,9,FREECAM_YAW,14.966666666666667,489738,14945.61767578125,468,14.2822265625,70.01709401709402,41,1.251220703125,426,13.00048828125,1,0.030517578125,0xFFCB4259,3069,1262,1081,11.98828125,4.9296875,4.22265625,1,0x14,0,0,0,1,0,1,0,1,0,0,,,,,,,,,,,,,,,,,,,,,,
449,9,FREECAM_YAW,15.0,490206,14959.89990234375,468,14.2822265625,70.01709401709402,42,1.28173828125,425,12.969970703125,1,0.030517578125,0xBF360EA3,3069,1262,1081,11.98828125,4.9296875,4.22265625,1,0x14,0,0,0,1,0,1,0,1,0,0,,,,,,,,,,,,,,,,,,,,,,
450,9,FREECAM_YAW,15.033333333333333,490728,14975.830078125,522,15.93017578125,62.77394636015325,41,1.251220703125,481,14.678955078125,0,0.0,0x60A33A9C,3069,1262,1081,11.98828125,4.9296875,4.22265625,1,0x14,0,0,0,1,0,1,0,1,0,0,,,,,,,,,,,,,,,,,,,,,,
451,9,FREECAM_YAW,15.066666666666666,491251,14991.790771484375,523,15.960693359375,62.653919694072655,41,1.251220703125,482,14.70947265625,0,0.0,0x198020E6,3069,1262,1081,11.98828125,4.9296875,4.22265625,1,0x14,0,0,0,1,0,1,0,1,0,0,,,,,,,,,,,,,,,,,,,,,,
452,9,FREECAM_YAW,15.1,491849,15010.040283203125,598,18.24951171875,54.79598662207358,41,1.251220703125,557,16.998291015625,0,0.0,0x3F7972FA,3069,1262,1081,11.98828125,4.9296875,4.22265625,1,0x14,0,0,0,1,0,1,0,1,0,0,,,,,,,,,,,,,,,,,,,,,,
453,9,FREECAM_YAW,15.133333333333333,492450,15028.38134765625,601,18.341064453125,54.52246256239601,41,1.251220703125,560,17.08984375,0,0.0,0x8BBE58C6,3069,1262,1081,11.98828125,4.9296875,4.22265625,1,0x14,0,0,0,1,0,1,0,1,0,0,,,,,,,,,,,,,,,,,,,,,,
454,9,FREECAM_YAW,15.166666666666666,493062,15047.05810546875,612,18.6767578125,53.54248366013072,41,1.251220703125,571,17.425537109375,0,0.0,0x2E1DABB5,3069,1262,1081,11.98828125,4.9296875,4.22265625,1,0x14,0,0,0,1,0,1,0,1,0,0,,,,,,,,,,,,,,,,,,,,,,
455,9,FREECAM_YAW,15.2,493707,15066.741943359375,645,19.683837890625,50.8031007751938,41,1.251220703125,604,18.4326171875,0,0.0,0x738F6485,3069,1262,1081,11.98828125,4.9296875,4.22265625,1,0x14,0,0,0,1,0,1,0,1,0,0,,,,,,,,,,,,,,,,,,,,,,
456,9,FREECAM_YAW,15.233333333333333,494366,15086.85302734375,659,20.111083984375,49.72382397572079,41,1.251220703125,617,18.829345703125,1,0.030517578125,0x0BBF162F,3069,1262,1081,11.98828125,4.9296875,4.22265625,1,0x14,0,0,0,1,0,1,0,1,0,0,,,,,,,,,,,,,,,,,,,,,,
457,9,FREECAM_YAW,15.266666666666667,495032,15107.177734375,666,20.32470703125,49.2012012012012,41,1.251220703125,625,19.073486328125,0,0.0,0x288A2C51,3069,1262,1081,11.98828125,4.9296875,4.22265625,1,0x14,0,0,0,1,0,1,0,1,0,0,,,,,,,,,,,,,,,,,,,,,,
458,9,FREECAM_YAW,15.3,495709,15127.838134765625,677,20.660400390625,48.40177252584934,41,1.251220703125,636,19.4091796875,0,0.0,0x2E6A0A0E,3069,1262,1081,11.98828125,4.9296875,4.22265625,1,0x14,0,0,0,1,0,1,0,1,0,0,,,,,,,,,,,,,,,,,,,,,,
459,9,FREECAM_YAW,15.333333333333334,496385,15148.468017578125,676,20.6298828125,48.47337278106509,42,1.28173828125,634,19.34814453125,0,0.0,0x83B902EA,3069,1262,1081,11.98828125,4.9296875,4.22265625,1,0x16,1,1,0,1,0,1,0,1,0,0,19.317626953125,0.0,0.396728515625,4.57763671875,8.941650390625,0.0,0.0,0.0,0.0,4.45556640625,0.946044921875,0,0,0,0,0,0,0,0,0,0,0
460,9,FREECAM_YAW,15.366666666666667,497069,15169.342041015625,684,20.8740234375,47.90643274853801,41,1.251220703125,643,19.622802734375,0,0.0,0x926FA628,3069,1262,1081,11.98828125,4.9296875,4.22265625,1,0x14,0,0,0,1,0,1,0,1,0,0,,,,,,,,,,,,,,,,,,,,,,
461,9,FREECAM_YAW,15.4,497745,15189.971923828125,676,20.6298828125,48.47337278106509,41,1.251220703125,635,19.378662109375,0,0.0,0x49EC8067,3069,1262,1081,11.98828125,4.9296875,4.22265625,1,0x14,0,0,0,1,0,1,0,1,0,0,,,,,,,,,,,,,,,,,,,,,,
462,9,FREECAM_YAW,15.433333333333334,498413,15210.357666015625,668,20.3857421875,49.053892215568865,42,1.28173828125,626,19.10400390625,0,0.0,0x299B9677,3069,1262,1081,11.98828125,4.9296875,4.22265625,1,0x14,0,0,0,1,0,1,0,1,0,0,,,,,,,,,,,,,,,,,,,,,,
463,9,FREECAM_YAW,15.466666666666667,499071,15230.438232421875,658,20.08056640625,49.79939209726444,42,1.28173828125,616,18.798828125,0,0.0,0x9BDD0F89,3069,1262,1081,11.98828125,4.9296875,4.22265625,1,0x14,0,0,0,1,0,1,0,1,0,0,,,,,,,,,,,,,,,,,,,,,,
464,9,FREECAM_YAW,15.5,499725,15250.396728515625,654,19.95849609375,50.103975535168196,41,1.251220703125,613,18.707275390625,0,0.0,0xD178667F,3069,1262,1081,11.98828125,4.9296875,4.22265625,1,0x14,0,0,0,1,0,1,0,1,0,0,,,,,,,,,,,,,,,,,,,,,,
465,9,FREECAM_YAW,15.533333333333333,500355,15269.622802734375,630,19.22607421875,52.01269841269841,41,1.251220703125,589,17.974853515625,0,0.0,0x44428AB8,3069,1262,1081,11.98828125,4.9296875,4.22265625,1,0x14,0,0,0,1,0,1,0,1,0,0,,,,,,,,,,,,,,,,,,,,,,
466,9,FREECAM_YAW,15.566666666666666,500915,15286.712646484375,560,17.08984375,58.51428571428571,42,1.28173828125,518,15.80810546875,0,0.0,0x5A543504,3069,1262,1081,11.98828125,4.9296875,4.22265625,1,0x14,0,0,0,1,0,1,0,1,0,0,,,,,,,,,,,,,,,,,,,,,,
467,9,FREECAM_YAW,15.6,501476,15303.8330078125,561,17.120361328125,58.409982174688054,41,1.251220703125,520,15.869140625,0,0.0,0x8890F534,3069,1262,1081,11.98828125,4.9296875,4.22265625,1,0x14,0,0,0,1,0,1,0,1,0,0,,,,,,,,,,,,,,,,,,,,,,
468,9,FREECAM_YAW,15.633333333333333,502057,15321.563720703125,581,17.730712890625,56.399311531841654,41,1.251220703125,539,16.448974609375,1,0.030517578125,0x07E496EE,3069,1262,1081,11.98828125,4.9296875,4.22265625,1,0x14,0,0,0,1,0,1,0,1,0,0,,,,,,,,,,,,,,,,,,,,,,
469,9,FREECAM_YAW,15.666666666666666,502674,15340.39306640625,617,18.829345703125,53.10858995137763,41,1.251220703125,576,17.578125,0,0.0,0x0E8CE62B,3069,1262,1081,11.98828125,4.9296875,4.22265625,1,0x14,0,0,0,1,0,1,0,1,0,0,,,,,,,,,,,,,,,,,,,,,,
470,9,FREECAM_YAW,15.7,503286,15359.06982421875,612,18.6767578125,53.54248366013072,41,1.251220703125,571,17.425537109375,0,0.0,0x6C7F7CAB,3069,1262,1081,11.98828125,4.9296875,4.22265625,1,0x14,0,0,0,1,0,1,0,1,0,0,,,,,,,,,,,,,,,,,,,,,,
471,9,FREECAM_YAW,15.733333333333333,503896,15377.685546875,610,18.61572265625,53.718032786885246,41,1.251220703125,569,17.364501953125,0,0.0,0x1860A20C,3069,1262,1081,11.98828125,4.9296875,4.22265625,1,0x14,0,0,0,1,0,1,0,1,0,0,,,,,,,,,,,,,,,,,,,,,,
472,9,FREECAM_YAW,15.766666666666667,504503,15396.209716796875,607,18.524169921875,53.9835255354201,41,1.251220703125,565,17.242431640625,1,0.030517578125,0x790CD07A,3069,1262,1081,11.98828125,4.9296875,4.22265625,1,0x14,0,0,0,1,0,1,0,1,0,0,,,,,,,,,,,,,,,,,,,,,,
473,9,FREECAM_YAW,15.8,505093,15414.215087890625,590,18.00537109375,55.538983050847456,41,1.251220703125,549,16.754150390625,0,0.0,0xC44C36AE,3069,1262,1081,11.98828125,4.9296875,4.22265625,1,0x14,0,0,0,1,0,1,0,1,0,0,,,,,,,,,,,,,,,,,,,,,,
474,9,FREECAM_YAW,15.833333333333334,505693,15432.525634765625,600,18.310546875,54.61333333333334,41,1.251220703125,559,17.059326171875,0,0.0,0xF1AFE5AA,3069,1262,1081,11.98828125,4.9296875,4.22265625,1,0x14,0,0,0,1,0,1,0,1,0,0,,,,,,,,,,,,,,,,,,,,,,
475,9,FREECAM_YAW,15.866666666666667,506288,15450.68359375,595,18.157958984375,55.07226890756303,41,1.251220703125,553,16.876220703125,1,0.030517578125,0x5595FB91,3069,1262,1081,11.98828125,4.9296875,4.22265625,1,0x14,0,0,0,1,0,1,0,1,0,0,,,,,,,,,,,,,,,,,,,,,,
476,9,FREECAM_YAW,15.9,506933,15470.367431640625,645,19.683837890625,50.8031007751938,41,1.251220703125,604,18.4326171875,0,0.0,0x4E44351A,3069,1262,1081,11.98828125,4.9296875,4.22265625,1,0x14,0,0,0,1,0,1,0,1,0,0,,,,,,,,,,,,,,,,,,,,,,
477,9,FREECAM_YAW,15.933333333333334,507610,15491.02783203125,677,20.660400390625,48.40177252584934,41,1.251220703125,635,19.378662109375,1,0.030517578125,0x1DE63F1A,3069,1262,1081,11.98828125,4.9296875,4.22265625,1,0x14,0,0,0,1,0,1,0,1,0,0,,,,,,,,,,,,,,,,,,,,,,
478,9,FREECAM_YAW,15.966666666666667,508293,15511.871337890625,683,20.843505859375,47.97657393850659,41,1.251220703125,641,19.561767578125,1,0.030517578125,0x61EB8F87,3069,1262,1081,11.98828125,4.9296875,4.22265625,1,0x14,0,0,0,1,0,1,0,1,0,0,,,,,,,,,,,,,,,,,,,,,,
479,9,FREECAM_YAW,16.0,508967,15532.440185546875,674,20.56884765625,48.61721068249258,42,1.28173828125,632,19.287109375,0,0.0,0x649F3B8F,3069,1262,1081,11.98828125,4.9296875,4.22265625,1,0x14,0,0,0,1,0,1,0,1,0,0,,,,,,,,,,,,,,,,,,,,,,
480,9,FREECAM_YAW,16.033333333333335,509648,15553.22265625,681,20.782470703125,48.117474302496326,41,1.251220703125,640,19.53125,0,0.0,0xD23C0287,3069,1262,1081,11.98828125,4.9296875,4.22265625,1,0x14,0,0,0,1,0,1,0,1,0,0,,,,,,,,,,,,,,,,,,,,,,
481,9,FREECAM_YAW,16.066666666666666,510329,15574.005126953125,681,20.782470703125,48.117474302496326,41,1.251220703125,640,19.53125,0,0.0,0x9BA00F04,3069,1262,1081,11.98828125,4.9296875,4.22265625,1,0x14,0,0,0,1,0,1,0,1,0,0,,,,,,,,,,,,,,,,,,,,,,
482,9,FREECAM_YAW,16.1,511000,15594.482421875,671,20.477294921875,48.83457526080477,41,1.251220703125,629,19.195556640625,1,0.030517578125,0x5905AEFB,3069,1262,1081,11.98828125,4.9296875,4.22265625,1,0x14,0,0,0,1,0,1,0,1,0,0,,,,,,,,,,,,,,,,,,,,,,
483,9,FREECAM_YAW,16.133333333333333,511671,15614.959716796875,671,20.477294921875,48.83457526080477,41,1.251220703125,630,19.22607421875,0,0.0,0x1C3F4722,3069,1262,1081,11.98828125,4.9296875,4.22265625,1,0x14,0,0,0,1,0,1,0,1,0,0,,,,,,,,,,,,,,,,,,,,,,
484,9,FREECAM_YAW,16.166666666666668,512312,15634.521484375,641,19.561767578125,51.1201248049922,41,1.251220703125,600,18.310546875,0,0.0,0x621C0819,3069,1262,1081,11.98828125,4.9296875,4.22265625,1,0x14,0,0,0,1,0,1,0,1,0,0,,,,,,,,,,,,,,,,,,,,,,
485,9,FREECAM_YAW,16.2,512951,15654.022216796875,639,19.500732421875,51.280125195618155,41,1.251220703125,598,18.24951171875,0,0.0,0x3A0C8395,3069,1262,1081,11.98828125,4.9296875,4.22265625,1,0x14,0,0,0,1,0,1,0,1,0,0,,,,,,,,,,,,,,,,,,,,,,
486,9,FREECAM_YAW,16.233333333333334,513584,15673.33984375,633,19.317626953125,51.76619273301738,41,1.251220703125,591,18.035888671875,1,0.030517578125,0x956E0910,3069,1262,1081,11.98828125,4.9296875,4.22265625,1,0x14,0,0,0,1,0,1,0,1,0,0,,,,,,,,,,,,,,,,,,,,,,
487,9,FREECAM_YAW,16.266666666666666,514211,15692.474365234375,627,19.134521484375,52.261562998405104,41,1.251220703125,585,17.852783203125,1,0.030517578125,0xF35E73A0,3069,1262,1081,11.98828125,4.9296875,4.22265625,1,0x14,0,0,0,1,0,1,0,1,0,0,,,,,,,,,,,,,,,,,,,,,,
488,9,FREECAM_YAW,16.3,514833,15711.456298828125,622,18.98193359375,52.68167202572347,42,1.28173828125,579,17.669677734375,1,0.030517578125,0x32C0D7EA,3069,1262,1081,11.98828125,4.9296875,4.22265625,1,0x14,0,0,0,1,0,1,0,1,0,0,,,,,,,,,,,,,,,,,,,,,,
489,9,FREECAM_YAW,16.333333333333332,515334,15726.74560546875,501,15.289306640625,65.40518962075848,41,1.251220703125,459,14.007568359375,1,0.030517578125,0x57C44DCC,3069,1262,1081,11.98828125,4.9296875,4.22265625,1,0x14,0,0,0,1,0,1,0,1,0,0,,,,,,,,,,,,,,,,,,,,,,
490,9,FREECAM_YAW,16.366666666666667,515807,15741.180419921875,473,14.434814453125,69.276955602537,41,1.251220703125,432,13.18359375,0,0.0,0x89168DA8,3069,1262,1081,11.98828125,4.9296875,4.22265625,1,0x14,0,0,0,1,0,1,0,1,0,0,,,,,,,,,,,,,,,,,,,,,,
491,9,FREECAM_YAW,16.4,516276,15755.4931640625,469,14.312744140625,69.86780383795309,42,1.28173828125,426,13.00048828125,1,0.030517578125,0xCB557735,3069,1262,1081,11.98828125,4.9296875,4.22265625,1,0x14,0,0,0,1,0,1,0,1,0,0,,,,,,,,,,,,,,,,,,,,,,
492,9,FREECAM_YAW,16.433333333333334,516744,15769.775390625,468,14.2822265625,70.01709401709402,41,1.251220703125,426,13.00048828125,1,0.030517578125,0x56F76AB7,3069,1262,1081,11.98828125,4.9296875,4.22265625,1,0x14,0,0,0,1,0,1,0,1,0,0,,,,,,,,,,,,,,,,,,,,,,
493,9,FREECAM_YAW,16.466666666666665,517232,15784.66796875,488,14.892578125,67.14754098360656,42,1.28173828125,446,13.61083984375,0,0.0,0x83E47B49,3069,1262,1081,11.98828125,4.9296875,4.22265625,1,0x14,0,0,0,1,0,1,0,1,0,0,,,,,,,,,,,,,,,,,,,,,,
494,9,FREECAM_YAW,16.5,517837,15803.131103515625,605,18.463134765625,54.16198347107438,41,1.251220703125,564,17.2119140625,0,0.0,0xB18646C1,3069,1262,1081,11.98828125,4.9296875,4.22265625,1,0x14,0,0,0,1,0,1,0,1,0,0,,,,,,,,,,,,,,,,,,,,,,
495,9,FREECAM_YAW,16.533333333333335,518453,15821.929931640625,616,18.798828125,53.1948051948052,42,1.28173828125,573,17.486572265625,1,0.030517578125,0x9119C7F9,3069,1262,1081,11.98828125,4.9296875,4.22265625,1,0x14,0,0,0,1,0,1,0,1,0,0,,,,,,,,,,,,,,,,,,,,,,
496,9,FREECAM_YAW,16.566666666666666,519076,15840.9423828125,623,19.012451171875,52.597110754414125,41,1.251220703125,582,17.76123046875,0,0.0,0xF67F2C2F,3069,1262,1081,11.98828125,4.9296875,4.22265625,1,0x14,0,0,0,1,0,1,0,1,0,0,,,,,,,,,,,,,,,,,,,,,,
497,9,FREECAM_YAW,16.6,519710,15860.29052734375,634,19.34814453125,51.68454258675079,41,1.251220703125,593,18.096923828125,0,0.0,0x5DDFDFF8,3069,1262,1081,11.98828125,4.9296875,4.22265625,1,0x14,0,0,0,1,0,1,0,1,0,0,,,,,,,,,,,,,,,,,,,,,,
498,9,FREECAM_YAW,16.633333333333333,520352,15879.8828125,642,19.59228515625,51.0404984423676,41,1.251220703125,600,18.310546875,1,0.030517578125,0xAB06698E,3069,1262,1081,11.98828125,4.9296875,4.22265625,1,0x14,0,0,0,1,0,1,0,1,0,0,,,,,,,,,,,,,,,,,,,,,,
499,9,FREECAM_YAW,16.666666666666668,521026,15900.45166015625,674,20.56884765625,48.61721068249258,42,1.28173828125,631,19.256591796875,1,0.030517578125,0x43E77967,3069,1262,1081,11.98828125,4.9296875,4.22265625,1,0x14,0,0,0,1,0,1,0,1,0,0,,,,,,,,,,,,,,,,,,,,,,
500,9,FREECAM_YAW,16.7,521696,15920.8984375,670,20.44677734375,48.907462686567165,41,1.251220703125,628,19.1650390625,1,0.030517578125,0x5CDADBC8,3069,1262,1081,11.98828125,4.9296875,4.22265625,1,0x14,0,0,0,1,0,1,0,1,0,0,,,,,,,,,,,,,,,,,,,,,,
501,9,FREECAM_YAW,16.733333333333334,522370,15941.46728515625,674,20.56884765625,48.61721068249258,41,1.251220703125,632,19.287109375,1,0.030517578125,0x6DF32D85,3069,1262,1081,11.98828125,4.9296875,4.22265625,1,0x14,0,0,0,1,0,1,0,1,0,0,,,,,,,,,,,,,,,,,,,,,,
502,9,FREECAM_YAW,16.766666666666666,523019,15961.273193359375,649,19.805908203125,50.48998459167951,41,1.251220703125,607,18.524169921875,1,0.030517578125,0x5CDADBC8,3069,1262,1081,11.98828125,4.9296875,4.22265625,1,0x14,0,0,0,1,0,1,0,-1,0,0,,,,,,,,,,,,,,,,,,,,,,
503,9,FREECAM_YAW,16.8,523689,15981.719970703125,670,20.44677734375,48.907462686567165,42,1.28173828125,627,19.134521484375,1,0.030517578125,0x43E77967,3069,1262,1081,11.98828125,4.9296875,4.22265625,1,0x14,0,0,0,1,0,1,0,-1,0,0,,,,,,,,,,,,,,,,,,,,,,
504,9,FREECAM_YAW,16.833333333333332,524328,16001.220703125,639,19.500732421875,51.280125195618155,42,1.28173828125,596,18.1884765625,1,0.030517578125,0xAB06698E,3069,1262,1081,11.98828125,4.9296875,4.22265625,1,0x14,0,0,0,1,0,1,0,-1,0,0,,,,,,,,,,,,,,,,,,,,,,
505,9,FREECAM_YAW,16.866666666666667,524969,16020.782470703125,641,19.561767578125,51.1201248049922,41,1.251220703125,599,18.280029296875,1,0.030517578125,0x5DDFDFF8,3069,1262,1081,11.98828125,4.9296875,4.22265625,1,0x14,0,0,0,1,0,1,0,-1,0,0,,,,,,,,,,,,,,,,,,,,,,
506,9,FREECAM_YAW,16.9,525604,16040.1611328125,635,19.378662109375,51.60314960629921,42,1.28173828125,592,18.06640625,1,0.030517578125,0xF67F2C2F,3069,1262,1081,11.98828125,4.9296875,4.22265625,1,0x14,0,0,0,1,0,1,0,-1,0,0,,,,,,,,,,,,,,,,,,,,,,
507,9,FREECAM_YAW,16.933333333333334,526231,16059.295654296875,627,19.134521484375,52.261562998405104,42,1.28173828125,585,17.852783203125,0,0.0,0x9119C7F9,3069,1262,1081,11.98828125,4.9296875,4.22265625,1,0x14,0,0,0,1,0,1,0,-1,0,0,,,,,,,,,,,,,,,,,,,,,,
508,9,FREECAM_YAW,16.966666666666665,526848,16078.125,617,18.829345703125,53.10858995137763,41,1.251220703125,576,17.578125,0,0.0,0xB18646C1,3069,1262,1081,11.98828125,4.9296875,4.22265625,1,0x14,0,0,0,1,0,1,0,-1,0,0,,,,,,,,,,,,,,,,,,,,,,
509,9,FREECAM_YAW,17.0,527344,16093.26171875,496,15.13671875,66.06451612903226,42,1.28173828125,454,13.85498046875,0,0.0,0x83E47B49,3069,1262,1081,11.98828125,4.9296875,4.22265625,1,0x14,0,0,0,1,0,1,0,-1,0,0,,,,,,,,,,,,,,,,,,,,,,
510,9,FREECAM_YAW,17.033333333333335,527815,16107.635498046875,471,14.373779296875,69.57112526539278,41,1.251220703125,430,13.12255859375,0,0.0,0x56F76AB7,3069,1262,1081,11.98828125,4.9296875,4.22265625,1,0x14,0,0,0,1,0,1,0,-1,0,0,,,,,,,,,,,,,,,,,,,,,,
511,9,FREECAM_YAW,17.066666666666666,528282,16121.88720703125,467,14.251708984375,70.16702355460386,42,1.28173828125,425,12.969970703125,0,0.0,0xCB557735,3069,1262,1081,11.98828125,4.9296875,4.22265625,1,0x14,0,0,0,1,0,1,0,-1,0,0,,,,,,,,,,,,,,,,,,,,,,
512,9,FREECAM_YAW,17.1,528749,16136.138916015625,467,14.251708984375,70.16702355460386,41,1.251220703125,426,13.00048828125,0,0.0,0x89168DA8,3069,1262,1081,11.98828125,4.9296875,4.22265625,1,0x14,0,0,0,1,0,1,0,-1,0,0,,,,,,,,,,,,,,,,,,,,,,
513,9,FREECAM_YAW,17.133333333333333,529238,16151.06201171875,489,14.923095703125,67.01022494887526,41,1.251220703125,448,13.671875,0,0.0,0x57C44DCC,3069,1262,1081,11.98828125,4.9296875,4.22265625,1,0x14,0,0,0,1,0,1,0,-1,0,0,,,,,,,,,,,,,,,,,,,,,,
514,9,FREECAM_YAW,17.166666666666668,529848,16169.677734375,610,18.61572265625,53.718032786885246,41,1.251220703125,568,17.333984375,1,0.030517578125,0x32C0D7EA,3069,1262,1081,11.98828125,4.9296875,4.22265625,1,0x14,0,0,0,1,0,1,0,-1,0,0,,,,,,,,,,,,,,,,,,,,,,
515,9,FREECAM_YAW,17.2,530467,16188.568115234375,619,18.890380859375,52.93699515347335,42,1.28173828125,577,17.608642578125,0,0.0,0xF35E73A0,3069,1262,1081,11.98828125,4.9296875,4.22265625,1,0x14,0,0,0,1,0,1,0,-1,0,0,,,,,,,,,,,,,,,,,,,,,,
516,9,FREECAM_YAW,17.233333333333334,531094,16207.70263671875,627,19.134521484375,52.261562998405104,41,1.251220703125,586,17.88330078125,0,0.0,0x956E0910,3069,1262,1081,11.98828125,4.9296875,4.22265625,1,0x14,0,0,0,1,0,1,0,-1,0,0,,,,,,,,,,,,,,,,,,,,,,
517,9,FREECAM_YAW,17.266666666666666,531729,16227.081298828125,635,19.378662109375,51.60314960629921,41,1.251220703125,593,18.096923828125,1,0.030517578125,0x3A0C8395,3069,1262,1081,11.98828125,4.9296875,4.22265625,1,0x14,0,0,0,1,0,1,0,-1,0,0,,,,,,,,,,,,,,,,,,,,,,
518,9,FREECAM_YAW,17.3,532371,16246.673583984375,642,19.59228515625,51.0404984423676,42,1.28173828125,599,18.280029296875,1,0.030517578125,0x621C0819,3069,1262,1081,11.98828125,4.9296875,4.22265625,1,0x14,0,0,0,1,0,1,0,-1,0,0,,,,,,,,,,,,,,,,,,,,,,
519,9,FREECAM_YAW,17.333333333333332,533044,16267.2119140625,673,20.538330078125,48.68945022288261,41,1.251220703125,631,19.256591796875,1,0.030517578125,0x1C3F4722,3069,1262,1081,11.98828125,4.9296875,4.22265625,1,0x14,0,0,0,1,0,1,0,-1,0,0,,,,,,,,,,,,,,,,,,,,,,
520,9,FREECAM_YAW,17.366666666666667,533709,16287.506103515625,665,20.294189453125,49.275187969924815,41,1.251220703125,624,19.04296875,0,0.0,0x5905AEFB,3069,1262,1081,11.98828125,4.9296875,4.22265625,1,0x14,0,0,0,1,0,1,0,-1,0,0,,,,,,,,,,,,,,,,,,,,,,
521,9,FREECAM_YAW,17.4,534383,16308.074951171875,674,20.56884765625,48.61721068249258,41,1.251220703125,633,19.317626953125,0,0.0,0x9BA00F04,3069,1262,1081,11.98828125,4.9296875,4.22265625,1,0x14,0,0,0,1,0,1,0,-1,0,0,,,,,,,,,,,,,,,,,,,,,,
522,9,FREECAM_YAW,17.433333333333334,535063,16328.826904296875,680,20.751953125,48.188235294117646,42,1.28173828125,637,19.439697265625,1,0.030517578125,0xD23C0287,3069,1262,1081,11.98828125,4.9296875,4.22265625,1,0x14,0,0,0,1,0,1,0,-1,0,0,,,,,,,,,,,,,,,,,,,,,,
523,9,FREECAM_YAW,17.466666666666665,535740,16349.4873046875,677,20.660400390625,48.40177252584934,41,1.251220703125,636,19.4091796875,0,0.0,0x649F3B8F,3069,1262,1081,11.98828125,4.9296875,4.22265625,1,0x14,0,0,0,1,0,1,0,-1,0,0,,,,,,,,,,,,,,,,,,,,,,
524,9,FREECAM_YAW,17.5,536418,16370.17822265625,678,20.69091796875,48.33038348082596,41,1.251220703125,637,19.439697265625,0,0.0,0x61EB8F87,3069,1262,1081,11.98828125,4.9296875,4.22265625,1,0x14,0,0,0,1,0,1,0,-1,0,0,,,,,,,,,,,,,,,,,,,,,,
525,9,FREECAM_YAW,17.533333333333335,537088,16390.625,670,20.44677734375,48.907462686567165,41,1.251220703125,629,19.195556640625,0,0.0,0x1DE63F1A,3069,1262,1081,11.98828125,4.9296875,4.22265625,1,0x14,0,0,0,1,0,1,0,-1,0,0,,,,,,,,,,,,,,,,,,,,,,
526,9,FREECAM_YAW,17.566666666666666,537736,16410.400390625,648,19.775390625,50.5679012345679,41,1.251220703125,606,18.49365234375,1,0.030517578125,0x4E44351A,3069,1262,1081,11.98828125,4.9296875,4.22265625,1,0x14,0,0,0,1,0,1,0,-1,0,0,,,,,,,,,,,,,,,,,,,,,,
527,9,FREECAM_YAW,17.6,538324,16428.3447265625,588,17.9443359375,55.72789115646258,41,1.251220703125,547,16.693115234375,0,0.0,0x5595FB91,3069,1262,1081,11.98828125,4.9296875,4.22265625,1,0x14,0,0,0,1,0,1,0,-1,0,0,,,,,,,,,,,,,,,,,,,,,,
528,9,FREECAM_YAW,17.633333333333333,538909,16446.197509765625,585,17.852783203125,56.013675213675214,41,1.251220703125,544,16.6015625,0,0.0,0xF1AFE5AA,3069,1262,1081,11.98828125,4.9296875,4.22265625,1,0x14,0,0,0,1,0,1,0,-1,0,0,,,,,,,,,,,,,,,,,,,,,,
529,9,FREECAM_YAW,17.666666666666668,539482,16463.68408203125,573,17.486572265625,57.18673647469459,41,1.251220703125,531,16.204833984375,1,0.030517578125,0xC44C36AE,3069,1262,1081,11.98828125,4.9296875,4.22265625,1,0x14,0,0,0,1,0,1,0,-1,0,0,,,,,,,,,,,,,,,,,,,,,,
530,9,FREECAM_YAW,17.7,540063,16481.414794921875,581,17.730712890625,56.399311531841654,41,1.251220703125,539,16.448974609375,1,0.030517578125,0x790CD07A,3069,1262,1081,11.98828125,4.9296875,4.22265625,1,0x14,0,0,0,1,0,1,0,-1,0,0,,,,,,,,,,,,,,,,,,,,,,
531,9,FREECAM_YAW,17.733333333333334,540655,16499.481201171875,592,18.06640625,55.351351351351354,42,1.28173828125,550,16.78466796875,0,0.0,0x1860A20C,3069,1262,1081,11.98828125,4.9296875,4.22265625,1,0x14,0,0,0,1,0,1,0,-1,0,0,,,,,,,,,,,,,,,,,,,,,,
532,9,FREECAM_YAW,17.766666666666666,541267,16518.157958984375,612,18.6767578125,53.54248366013072,41,1.251220703125,570,17.39501953125,1,0.030517578125,0x6C7F7CAB,3069,1262,1081,11.98828125,4.9296875,4.22265625,1,0x14,0,0,0,1,0,1,0,-1,0,0,,,,,,,,,,,,,,,,,,,,,,
533,9,FREECAM_YAW,17.8,541882,16536.92626953125,615,18.768310546875,53.28130081300813,41,1.251220703125,573,17.486572265625,1,0.030517578125,0x0E8CE62B,3069,1262,1081,11.98828125,4.9296875,4.22265625,1,0x14,0,0,0,1,0,1,0,-1,0,0,,,,,,,,,,,,,,,,,,,,,,
534,9,FREECAM_YAW,17.833333333333332,542491,16555.511474609375,609,18.585205078125,53.80623973727422,41,1.251220703125,567,17.303466796875,1,0.030517578125,0x07E496EE,3069,1262,1081,11.98828125,4.9296875,4.22265625,1,0x14,0,0,0,1,0,1,0,-1,0,0,,,,,,,,,,,,,,,,,,,,,,
535,9,FREECAM_YAW,17.866666666666667,543101,16574.127197265625,610,18.61572265625,53.718032786885246,41,1.251220703125,569,17.364501953125,0,0.0,0x8890F534,3069,1262,1081,11.98828125,4.9296875,4.22265625,1,0x14,0,0,0,1,0,1,0,-1,0,0,,,,,,,,,,,,,,,,,,,,,,
536,9,FREECAM_YAW,17.9,543679,16591.766357421875,578,17.63916015625,56.69204152249135,41,1.251220703125,537,16.387939453125,0,0.0,0x5A543504,3069,1262,1081,11.98828125,4.9296875,4.22265625,1,0x14,0,0,0,1,0,1,0,-1,0,0,,,,,,,,,,,,,,,,,,,,,,
537,9,FREECAM_YAW,17.933333333333334,544316,16611.2060546875,637,19.439697265625,51.44113029827316,42,1.28173828125,594,18.12744140625,1,0.030517578125,0x44428AB8,3069,1262,1081,11.98828125,4.9296875,4.22265625,1,0x14,0,0,0,1,0,1,0,-1,0,0,,,,,,,,,,,,,,,,,,,,,,
538,9,FREECAM_YAW,17.966666666666665,544979,16631.439208984375,663,20.233154296875,49.4238310708899,42,1.28173828125,620,18.9208984375,1,0.030517578125,0xD178667F,3069,1262,1081,11.98828125,4.9296875,4.22265625,1,0x14,0,0,0,1,0,1,0,-1,0,0,,,,,,,,,,,,,,,,,,,,,,
539,9,FREECAM_YAW,18.0,545643,16651.702880859375,664,20.263671875,49.34939759036145,42,1.28173828125,622,18.98193359375,0,0.0,0x9BDD0F89,3069,1262,1081,11.98828125,4.9296875,4.22265625,1,0x14,0,0,0,1,0,1,0,-1,0,0,,,,,,,,,,,,,,,,,,,,,,
540,9,FREECAM_YAW,18.033333333333335,546310,16672.05810546875,667,20.355224609375,49.12743628185907,41,1.251220703125,625,19.073486328125,1,0.030517578125,0x299B9677,3069,1262,1081,11.98828125,4.9296875,4.22265625,1,0x14,0,0,0,1,0,1,0,-1,0,0,,,,,,,,,,,,,,,,,,,,,,
541,9,FREECAM_YAW,18.066666666666666,546979,16692.474365234375,669,20.416259765625,48.98056801195815,41,1.251220703125,628,19.1650390625,0,0.0,0x49EC8067,3069,1262,1081,11.98828125,4.9296875,4.22265625,1,0x14,0,0,0,1,0,1,0,-1,0,0,,,,,,,,,,,,,,,,,,,,,,
542,9,FREECAM_YAW,18.1,547660,16713.2568359375,681,20.782470703125,48.117474302496326,41,1.251220703125,639,19.500732421875,1,0.030517578125,0x926FA628,3069,1262,1081,11.98828125,4.9296875,4.22265625,1,0x14,0,0,0,1,0,1,0,-1,0,0,,,,,,,,,,,,,,,,,,,,,,
543,9,FREECAM_YAW,18.133333333333333,548341,16734.039306640625,681,20.782470703125,48.117474302496326,41,1.251220703125,640,19.53125,0,0.0,0x83B902EA,3069,1262,1081,11.98828125,4.9296875,4.22265625,1,0x14,0,0,0,1,0,1,0,-1,0,0,,,,,,,,,,,,,,,,,,,,,,
544,9,FREECAM_YAW,18.166666666666668,549026,16754.94384765625,685,20.904541015625,47.83649635036496,42,1.28173828125,642,19.59228515625,1,0.030517578125,0x2E6A0A0E,3069,1262,1081,11.98828125,4.9296875,4.22265625,1,0x14,0,0,0,1,0,1,0,-1,0,0,,,,,,,,,,,,,,,,,,,,,,
545,9,FREECAM_YAW,18.2,549695,16775.360107421875,669,20.416259765625,48.98056801195815,41,1.251220703125,628,19.1650390625,0,0.0,0x288A2C51,3069,1262,1081,11.98828125,4.9296875,4.22265625,1,0x14,0,0,0,1,0,1,0,-1,0,0,,,,,,,,,,,,,,,,,,,,,,
546,9,FREECAM_YAW,18.233333333333334,550359,16795.623779296875,664,20.263671875,49.34939759036145,41,1.251220703125,622,18.98193359375,1,0.030517578125,0x0BBF162F,3069,1262,1081,11.98828125,4.9296875,4.22265625,1,0x14,0,0,0,1,0,1,0,-1,0,0,,,,,,,,,,,,,,,,,,,,,,
547,9,FREECAM_YAW,18.266666666666666,551013,16815.582275390625,654,19.95849609375,50.103975535168196,42,1.28173828125,612,18.6767578125,0,0.0,0x738F6485,3069,1262,1081,11.98828125,4.9296875,4.22265625,1,0x14,0,0,0,1,0,1,0,-1,0,0,,,,,,,,,,,,,,,,,,,,,,
548,9,FREECAM_YAW,18.3,551634,16834.53369140625,621,18.951416015625,52.76650563607085,41,1.251220703125,580,17.7001953125,0,0.0,0x2E1DABB5,3069,1262,1081,11.98828125,4.9296875,4.22265625,1,0x14,0,0,0,1,0,1,0,-1,0,0,,,,,,,,,,,,,,,,,,,,,,
549,9,FREECAM_YAW,18.333333333333332,552247,16853.240966796875,613,18.707275390625,53.45513866231648,41,1.251220703125,571,17.425537109375,1,0.030517578125,0x8BBE58C6,3069,1262,1081,11.98828125,4.9296875,4.22265625,1,0x14,0,0,0,1,0,1,0,-1,0,0,,,,,,,,,,,,,,,,,,,,,,
550,9,FREECAM_YAW,18.366666666666667,552852,16871.7041015625,605,18.463134765625,54.16198347107438,41,1.251220703125,563,17.181396484375,1,0.030517578125,0x3F7972FA,3069,1262,1081,11.98828125,4.9296875,4.22265625,1,0x14,0,0,0,1,0,1,0,-1,0,0,,,,,,,,,,,,,,,,,,,,,,
551,9,FREECAM_YAW,18.4,553375,16887.664794921875,523,15.960693359375,62.653919694072655,41,1.251220703125,481,14.678955078125,1,0.030517578125,0x198020E6,3069,1262,1081,11.98828125,4.9296875,4.22265625,1,0x14,0,0,0,1,0,1,0,-1,0,0,,,,,,,,,,,,,,,,,,,,,,
552,9,FREECAM_YAW,18.433333333333334,553897,16903.594970703125,522,15.93017578125,62.77394636015325,41,1.251220703125,481,14.678955078125,0,0.0,0x60A33A9C,3069,1262,1081,11.98828125,4.9296875,4.22265625,1,0x14,0,0,0,1,0,1,0,-1,0,0,,,,,,,,,,,,,,,,,,,,,,
553,9,FREECAM_YAW,18.466666666666665,554363,16917.816162109375,466,14.22119140625,70.3175965665236,41,1.251220703125,425,12.969970703125,0,0.0,0xBF360EA3,3069,1262,1081,11.98828125,4.9296875,4.22265625,1,0x14,0,0,0,1,0,1,0,-1,0,0,,,,,,,,,,,,,,,,,,,,,,
554,9,FREECAM_YAW,18.5,554830,16932.06787109375,467,14.251708984375,70.16702355460386,42,1.28173828125,425,12.969970703125,0,0.0,0xFFCB4259,3069,1262,1081,11.98828125,4.9296875,4.22265625,1,0x14,0,0,0,1,0,1,0,-1,0,0,,,,,,,,,,,,,,,,,,,,,,
555,9,FREECAM_YAW,18.533333333333335,555298,16946.35009765625,468,14.2822265625,70.01709401709402,41,1.251220703125,426,13.00048828125,1,0.030517578125,0x3DDA4090,3069,1262,1081,11.98828125,4.9296875,4.22265625,1,0x14,0,0,0,1,0,1,0,-1,0,0,,,,,,,,,,,,,,,,,,,,,,
556,9,FREECAM_YAW,18.566666666666666,555816,16962.158203125,518,15.80810546875,63.25868725868726,42,1.28173828125,476,14.5263671875,0,0.0,0x646433BE,3069,1262,1081,11.98828125,4.9296875,4.22265625,1,0x14,0,0,0,1,0,1,0,-1,0,0,,,,,,,,,,,,,,,,,,,,,,
557,9,FREECAM_YAW,18.6,556359,16978.729248046875,543,16.571044921875,60.34622467771639,42,1.28173828125,500,15.2587890625,1,0.030517578125,0x0DC77C76,3069,1262,1081,11.98828125,4.9296875,4.22265625,1,0x14,0,0,0,1,0,1,0,-1,0,0,,,,,,,,,,,,,,,,,,,,,,
558,9,FREECAM_YAW,18.633333333333333,556960,16997.0703125,601,18.341064453125,54.52246256239601,41,1.251220703125,560,17.08984375,0,0.0,0xD2CB2DFC,3069,1262,1081,11.98828125,4.9296875,4.22265625,1,0x14,0,0,0,1,0,1,0,-1,0,0,,,,,,,,,,,,,,,,,,,,,,
559,9,FREECAM_YAW,18.666666666666668,557567,17015.594482421875,607,18.524169921875,53.9835255354201,42,1.28173828125,564,17.2119140625,1,0.030517578125,0x70927F5D,3069,1262,1081,11.98828125,4.9296875,4.22265625,1,0x14,0,0,0,1,0,1,0,-1,0,0,,,,,,,,,,,,,,,,,,,,,,
560,9,FREECAM_YAW,18.7,558207,17035.125732421875,640,19.53125,51.2,41,1.251220703125,598,18.24951171875,1,0.030517578125,0x042130CE,3069,1262,1081,11.98828125,4.9296875,4.22265625,1,0x14,0,0,0,1,0,1,0,-1,0,0,,,,,,,,,,,,,,,,,,,,,,
561,9,FREECAM_YAW,18.733333333333334,558859,17055.023193359375,652,19.8974609375,50.25766871165644,42,1.28173828125,609,18.585205078125,1,0.030517578125,0xFF8769B6,3069,1262,1081,11.98828125,4.9296875,4.22265625,1,0x14,0,0,0,1,0,1,0,-1,0,0,,,,,,,,,,,,,,,,,,,,,,
562,9,FREECAM_YAW,18.766666666666666,559524,17075.3173828125,665,20.294189453125,49.275187969924815,42,1.28173828125,622,18.98193359375,1,0.030517578125,0xC113AF95,3069,1262,1081,11.98828125,4.9296875,4.22265625,1,0x14,0,0,0,1,0,1,0,-1,0,0,,,,,,,,,,,,,,,,,,,,,,
563,9,FREECAM_YAW,18.8,560196,17095.8251953125,672,20.5078125,48.76190476190476,42,1.28173828125,630,19.22607421875,0,0.0,0xA2A40271,3069,1262,1081,11.98828125,4.9296875,4.22265625,1,0x14,0,0,0,1,0,1,0,-1,0,0,,,,,,,,,,,,,,,,,,,,,,
564,9,FREECAM_YAW,18.833333333333332,560873,17116.485595703125,677,20.660400390625,48.40177252584934,41,1.251220703125,635,19.378662109375,1,0.030517578125,0x53C02975,3069,1262,1081,11.98828125,4.9296875,4.22265625,1,0x14,0,0,0,1,0,1,0,-1,0,0,,,,,,,,,,,,,,,,,,,,,,
565,9,FREECAM_YAW,18.866666666666667,561552,17137.20703125,679,20.721435546875,48.25920471281296,41,1.251220703125,637,19.439697265625,1,0.030517578125,0xD6FA1B1C,3069,1262,1081,11.98828125,4.9296875,4.22265625,1,0x1C,0,0,0,1,1,1,0,-1,0,0,,,,,,,,,,,,,,,,,,,,,,
566,10,FREECAM_3D,18.9,562240,17158.203125,688,20.99609375,47.627906976744185,42,1.28173828125,646,19.71435546875,0,0.0,0x97B6A86E,3069,1262,1081,11.98828125,4.9296875,4.22265625,1,0x14,0,0,0,1,0,1,0,0,1,0,,,,,,,,,,,,,,,,,,,,,,
567,10,FREECAM_3D,18.933333333333334,562975,17180.633544921875,735,22.430419921875,44.582312925170065,42,1.28173828125,693,21.148681640625,0,0.0,0xB16D2C2A,3069,1262,1081,11.98828125,4.9296875,4.22265625,1,0x14,0,0,0,1,0,1,0,0,1,0,,,,,,,,,,,,,,,,,,,,,,
568,10,FREECAM_3D,18.966666666666665,563718,17203.30810546875,743,22.674560546875,44.10228802153432,42,1.28173828125,701,21.392822265625,0,0.0,0x99232FBD,3069,1262,1081,11.98828125,4.9296875,4.22265625,1,0x14,0,0,0,1,0,1,0,0,1,0,,,,,,,,,,,,,,,,,,,,,,
569,10,FREECAM_3D,19.0,564476,17226.4404296875,758,23.13232421875,43.229551451187334,42,1.28173828125,716,21.8505859375,0,0.0,0x87F93679,3069,1262,1081,11.98828125,4.9296875,4.22265625,1,0x14,0,0,0,1,0,1,0,0,1,0,,,,,,,,,,,,,,,,,,,,,,
570,10,FREECAM_3D,19.033333333333335,565283,17251.068115234375,807,24.627685546875,40.60470879801735,42,1.28173828125,764,23.3154296875,1,0.030517578125,0x58F5109B,3069,1262,1081,11.98828125,4.9296875,4.22265625,1,0x14,0,0,0,1,0,1,0,0,1,0,,,,,,,,,,,,,,,,,,,,,,
571,10,FREECAM_3D,19.066666666666666,566111,17276.336669921875,828,25.2685546875,39.57487922705314,42,1.28173828125,786,23.98681640625,0,0.0,0xAE96CAD8,3069,1262,1081,11.98828125,4.9296875,4.22265625,1,0x14,0,0,0,1,0,1,0,0,1,0,,,,,,,,,,,,,,,,,,,,,,
572,10,FREECAM_3D,19.1,566967,17302.459716796875,856,26.123046875,38.2803738317757,42,1.28173828125,814,24.84130859375,0,0.0,0xA3747F26,3069,1262,1081,11.98828125,4.9296875,4.22265625,1,0x14,0,0,0,1,0,1,0,0,1,0,,,,,,,,,,,,,,,,,,,,,,
573,10,FREECAM_3D,19.133333333333333,567839,17329.071044921875,872,26.611328125,37.57798165137615,42,1.28173828125,830,25.32958984375,0,0.0,0xC7FFADCF,3069,1262,1081,11.98828125,4.9296875,4.22265625,1,0x14,0,0,0,1,0,1,0,0,1,0,,,,,,,,,,,,,,,,,,,,,,
574,10,FREECAM_3D,19.166666666666668,568739,17356.536865234375,900,27.4658203125,36.40888888888889,42,1.28173828125,857,26.153564453125,1,0.030517578125,0xA44C425B,3069,1262,1081,11.98828125,4.9296875,4.22265625,1,0x14,0,0,0,1,0,1,0,0,1,0,,,,,,,,,,,,,,,,,,,,,,
575,10,FREECAM_3D,19.2,569644,17384.1552734375,905,27.618408203125,36.20773480662984,42,1.28173828125,862,26.30615234375,1,0.030517578125,0xF20D7777,3069,1262,1081,11.98828125,4.9296875,4.22265625,1,0x14,0,0,0,1,0,1,0,0,1,0,,,,,,,,,,,,,,,,,,,,,,
576,10,FREECAM_3D,19.233333333333334,570547,17411.712646484375,903,27.557373046875,36.287929125138426,42,1.28173828125,860,26.2451171875,1,0.030517578125,0x1D68886C,3069,1262,1081,11.98828125,4.9296875,4.22265625,1,0x14,0,0,0,1,0,1,0,0,1,0,,,,,,,,,,,,,,,,,,,,,,
577,10,FREECAM_3D,19.266666666666666,571387,17437.347412109375,840,25.634765625,39.00952380952381,43,1.312255859375,797,24.322509765625,0,0.0,0x65DFB05A,3069,1262,1081,11.98828125,4.9296875,4.22265625,1,0x14,0,0,0,1,0,1,0,0,1,0,,,,,,,,,,,,,,,,,,,,,,
578,10,FREECAM_3D,19.3,572245,17463.531494140625,858,26.18408203125,38.19114219114219,42,1.28173828125,815,24.871826171875,1,0.030517578125,0x7EDEF92F,3069,1262,1081,11.98828125,4.9296875,4.22265625,1,0x14,0,0,0,1,0,1,0,0,1,0,,,,,,,,,,,,,,,,,,,,,,
579,10,FREECAM_3D,19.333333333333332,573036,17487.6708984375,791,24.139404296875,41.42604298356511,42,1.28173828125,748,22.8271484375,1,0.030517578125,0x4310EEA4,3069,1262,1081,11.98828125,4.9296875,4.22265625,1,0x14,0,0,0,1,0,1,0,0,1,0,,,,,,,,,,,,,,,,,,,,,,
580,10,FREECAM_3D,19.366666666666667,573823,17511.688232421875,787,24.017333984375,41.636594663278274,42,1.28173828125,745,22.735595703125,0,0.0,0x757DE4F2,3069,1262,1081,11.98828125,4.9296875,4.22265625,1,0x14,0,0,0,1,0,1,0,0,1,0,,,,,,,,,,,,,,,,,,,,,,
581,10,FREECAM_3D,19.4,574594,17535.21728515625,771,23.529052734375,42.50064850843061,42,1.28173828125,729,22.247314453125,0,0.0,0x7496D160,3069,1262,1081,11.98828125,4.9296875,4.22265625,1,0x14,0,0,0,1,0,1,0,0,1,0,,,,,,,,,,,,,,,,,,,,,,
582,10,FREECAM_3D,19.433333333333334,575362,17558.65478515625,768,23.4375,42.666666666666664,42,1.28173828125,726,22.15576171875,0,0.0,0x0F828D67,3069,1262,1081,11.98828125,4.9296875,4.22265625,1,0x14,0,0,0,1,0,1,0,0,1,0,,,,,,,,,,,,,,,,,,,,,,
583,10,FREECAM_3D,19.466666666666665,576127,17582.000732421875,765,23.345947265625,42.83398692810457,42,1.28173828125,723,22.064208984375,0,0.0,0x75381BF2,3069,1262,1081,11.98828125,4.9296875,4.22265625,1,0x14,0,0,0,1,0,1,0,0,1,0,,,,,,,,,,,,,,,,,,,,,,
584,10,FREECAM_3D,19.5,576890,17605.28564453125,763,23.284912109375,42.94626474442988,42,1.28173828125,721,22.003173828125,0,0.0,0xBA858160,3069,1262,1081,11.98828125,4.9296875,4.22265625,1,0x14,0,0,0,1,0,1,0,0,1,0,,,,,,,,,,,,,,,,,,,,,,
585,10,FREECAM_3D,19.533333333333335,577699,17629.974365234375,809,24.688720703125,40.504326328800985,42,1.28173828125,766,23.37646484375,1,0.030517578125,0x301ECFFF,3069,1262,1081,11.98828125,4.9296875,4.22265625,1,0x14,0,0,0,1,0,1,0,0,1,0,,,,,,,,,,,,,,,,,,,,,,
586,10,FREECAM_3D,19.566666666666666,578510,17654.72412109375,811,24.749755859375,40.40443896424168,42,1.28173828125,769,23.468017578125,0,0.0,0x1CAD1FE7,3069,1262,1081,11.98828125,4.9296875,4.22265625,1,0x14,0,0,0,1,0,1,0,0,1,0,,,,,,,,,,,,,,,,,,,,,,
587,10,FREECAM_3D,19.6,579320,17679.443359375,810,24.71923828125,40.45432098765432,42,1.28173828125,767,23.406982421875,1,0.030517578125,0x125C255F,3069,1262,1081,11.98828125,4.9296875,4.22265625,1,0x14,0,0,0,1,0,1,0,0,1,0,,,,,,,,,,,,,,,,,,,,,,
588,10,FREECAM_3D,19.633333333333333,580196,17706.1767578125,876,26.7333984375,37.406392694063925,42,1.28173828125,834,25.45166015625,0,0.0,0x351999EE,3069,1262,1081,11.98828125,4.9296875,4.22265625,1,0x14,0,0,0,1,0,1,0,0,1,0,,,,,,,,,,,,,,,,,,,,,,
589,10,FREECAM_3D,19.666666666666668,581087,17733.367919921875,891,27.191162109375,36.77665544332211,42,1.28173828125,849,25.909423828125,0,0.0,0xAC17D57C,3069,1262,1081,11.98828125,4.9296875,4.22265625,1,0x14,0,0,0,1,0,1,0,0,1,0,,,,,,,,,,,,,,,,,,,,,,
590,10,FREECAM_3D,19.7,582001,17761.260986328125,914,27.89306640625,35.85120350109409,42,1.28173828125,871,26.580810546875,1,0.030517578125,0x9AB97DEB,3069,1262,1081,11.98828125,4.9296875,4.22265625,1,0x14,0,0,0,1,0,1,0,0,1,0,,,,,,,,,,,,,,,,,,,,,,
591,10,FREECAM_3D,19.733333333333334,583054,17793.39599609375,1053,32.135009765625,31.118708452041787,42,1.28173828125,1010,30.82275390625,1,0.030517578125,0x9F0DFB31,3069,1262,1081,11.98828125,4.9296875,4.22265625,1,0x14,0,0,0,1,0,1,0,0,1,0,,,,,,,,,,,,,,,,,,,,,,
592,10,FREECAM_3D,19.766666666666666,584134,17826.35498046875,1080,32.958984375,30.340740740740742,42,1.28173828125,1038,31.67724609375,0,0.0,0x71DCCEE5,3069,1262,1081,11.98828125,4.9296875,4.22265625,1,0x14,0,0,0,1,0,1,0,0,1,0,,,,,,,,,,,,,,,,,,,,,,
593,10,FREECAM_3D,19.8,585217,17859.405517578125,1083,33.050537109375,30.25669436749769,42,1.28173828125,1040,31.73828125,1,0.030517578125,0xA5FAE12A,3069,1262,1081,11.98828125,4.9296875,4.22265625,1,0x14,0,0,0,1,0,1,0,0,1,0,,,,,,,,,,,,,,,,,,,,,,
594,10,FREECAM_3D,19.833333333333332,586357,17894.195556640625,1140,34.7900390625,28.743859649122808,42,1.28173828125,1097,33.477783203125,1,0.030517578125,0xA5318462,3069,1262,1081,11.98828125,4.9296875,4.22265625,1,0x14,0,0,0,1,0,1,0,0,1,0,,,,,,,,,,,,,,,,,,,,,,
595,10,FREECAM_3D,19.866666666666667,587593,17931.915283203125,1236,37.7197265625,26.511326860841425,42,1.28173828125,1193,36.407470703125,1,0.030517578125,0x0F056F37,3069,1262,1081,11.98828125,4.9296875,4.22265625,1,0x14,0,0,0,1,0,1,0,0,1,0,,,,,,,,,,,,,,,,,,,,,,
596,10,FREECAM_3D,19.9,588838,17969.90966796875,1245,37.994384765625,26.31967871485944,42,1.28173828125,1203,36.712646484375,0,0.0,0x3DD7AA69,3069,1262,1081,11.98828125,4.9296875,4.22265625,1,0x14,0,0,0,1,0,1,0,0,1,0,,,,,,,,,,,,,,,,,,,,,,
597,10,FREECAM_3D,19.933333333333334,590146,18009.82666015625,1308,39.9169921875,25.051987767584098,42,1.28173828125,1265,38.604736328125,1,0.030517578125,0xE75BFEC1,3069,1262,1081,11.98828125,4.9296875,4.22265625,1,0x14,0,0,0,1,0,1,0,0,1,0,,,,,,,,,,,,,,,,,,,,,,
598,10,FREECAM_3D,19.966666666666665,591524,18051.8798828125,1378,42.05322265625,23.779390420899855,43,1.312255859375,1334,40.71044921875,1,0.030517578125,0xD5D21860,3069,1262,1081,11.98828125,4.9296875,4.22265625,1,0x14,0,0,0,1,0,1,0,0,1,0,,,,,,,,,,,,,,,,,,,,,,
599,10,FREECAM_3D,20.0,592940,18095.0927734375,1416,43.212890625,23.141242937853107,42,1.28173828125,1374,41.93115234375,0,0.0,0x95EDCE06,3069,1262,1081,11.98828125,4.9296875,4.22265625,1,0x14,0,0,0,1,0,1,0,0,1,0,,,,,,,,,,,,,,,,,,,,,,
600,10,FREECAM_3D,20.033333333333335,594418,18140.19775390625,1478,45.10498046875,22.170500676589988,42,1.28173828125,1435,43.792724609375,1,0.030517578125,0x63CE50E1,3069,1262,1081,11.98828125,4.9296875,4.22265625,1,0x14,0,0,0,1,0,1,0,0,1,0,,,,,,,,,,,,,,,,,,,,,,
601,10,FREECAM_3D,20.066666666666666,595925,18186.187744140625,1507,45.989990234375,21.74386197743862,43,1.312255859375,1464,44.677734375,0,0.0,0x6BFB6151,3069,1262,1081,11.98828125,4.9296875,4.22265625,1,0x14,0,0,0,1,0,1,0,0,1,0,,,,,,,,,,,,,,,,,,,,,,
602,10,FREECAM_3D,20.1,597455,18232.879638671875,1530,46.69189453125,21.416993464052286,42,1.28173828125,1488,45.41015625,0,0.0,0xBC1EDF23,3069,1262,1081,11.98828125,4.9296875,4.22265625,1,0x14,0,0,0,1,0,1,0,0,1,0,,,,,,,,,,,,,,,,,,,,,,
603,10,FREECAM_3D,20.133333333333333,599019,18280.609130859375,1564,47.7294921875,20.95140664961637,42,1.28173828125,1521,46.417236328125,1,0.030517578125,0xF7C30E54,3069,1262,1081,11.98828125,4.9296875,4.22265625,1,0x14,0,0,0,1,0,1,0,0,1,0,,,,,,,,,,,,,,,,,,,,,,
604,10,FREECAM_3D,20.166666666666668,600610,18329.16259765625,1591,48.553466796875,20.595851665619108,42,1.28173828125,1548,47.2412109375,1,0.030517578125,0x4540FC6A,3069,1262,1081,11.98828125,4.9296875,4.22265625,1,0x14,0,0,0,1,0,1,0,0,1,0,,,,,,,,,,,,,,,,,,,,,,
605,10,FREECAM_3D,20.2,602224,18378.41796875,1614,49.25537109375,20.302354399008674,42,1.28173828125,1572,47.9736328125,0,0.0,0x06815C15,3069,1262,1081,11.98828125,4.9296875,4.22265625,1,0x14,0,0,0,1,0,1,0,0,1,0,,,,,,,,,,,,,,,,,,,,,,
606,10,FREECAM_3D,20.233333333333334,603892,18429.3212890625,1668,50.9033203125,19.645083932853716,42,1.28173828125,1626,49.62158203125,0,0.0,0x7CE2CE39,3069,1262,1081,11.98828125,4.9296875,4.22265625,1,0x14,0,0,0,1,0,1,0,0,1,0,,,,,,,,,,,,,,,,,,,,,,
607,10,FREECAM_3D,20.266666666666666,605582,18480.89599609375,1690,51.57470703125,19.389349112426036,42,1.28173828125,1648,50.29296875,0,0.0,0x0BF6A32B,3069,1262,1081,11.98828125,4.9296875,4.22265625,1,0x14,0,0,0,1,0,1,0,0,1,0,,,,,,,,,,,,,,,,,,,,,,
608,10,FREECAM_3D,20.3,607285,18532.867431640625,1703,51.971435546875,19.241338813857897,42,1.28173828125,1661,50.689697265625,0,0.0,0xD06752C8,3069,1262,1081,11.98828125,4.9296875,4.22265625,1,0x14,0,0,0,1,0,1,0,0,1,0,,,,,,,,,,,,,,,,,,,,,,
609,10,FREECAM_3D,20.333333333333332,609047,18586.639404296875,1762,53.77197265625,18.59704880817253,42,1.28173828125,1720,52.490234375,0,0.0,0x48A2917A,3069,1262,1081,11.98828125,4.9296875,4.22265625,1,0x14,0,0,0,1,0,1,0,0,1,0,,,,,,,,,,,,,,,,,,,,,,
610,10,FREECAM_3D,20.366666666666667,610828,18640.9912109375,1781,54.351806640625,18.398652442448064,42,1.28173828125,1738,53.03955078125,1,0.030517578125,0x8CC51F67,3069,1262,1081,11.98828125,4.9296875,4.22265625,1,0x14,0,0,0,1,0,1,0,0,1,0,,,,,,,,,,,,,,,,,,,,,,
611,10,FREECAM_3D,20.4,612672,18697.265625,1844,56.2744140625,17.77006507592191,42,1.28173828125,1801,54.962158203125,1,0.030517578125,0xA8F28D70,3069,1262,1081,11.98828125,4.9296875,4.22265625,1,0x14,0,0,0,1,0,1,0,0,1,0,,,,,,,,,,,,,,,,,,,,,,
612,10,FREECAM_3D,20.433333333333334,614543,18754.364013671875,1871,57.098388671875,17.513629075360768,42,1.28173828125,1829,55.816650390625,0,0.0,0xD7079BC0,3069,1262,1081,11.98828125,4.9296875,4.22265625,1,0x16,1,1,0,1,0,1,0,0,1,0,55.755615234375,0.030517578125,6.256103515625,11.077880859375,6.134033203125,2.0751953125,18.585205078125,0.885009765625,0.0,9.735107421875,0.9765625,0,0,0,0,0,0,0,0,0,0,0
613,10,FREECAM_3D,20.466666666666665,616426,18811.82861328125,1883,57.464599609375,17.402018056293148,42,1.28173828125,1840,56.15234375,1,0.030517578125,0xDB7D8AB0,3069,1262,1081,11.98828125,4.9296875,4.22265625,1,0x14,0,0,0,1,0,1,0,0,1,0,,,,,,,,,,,,,,,,,,,,,,
614,10,FREECAM_3D,20.5,618102,18862.97607421875,1676,51.1474609375,19.55131264916468,42,1.28173828125,1634,49.86572265625,0,0.0,0xD7079BC0,3069,1262,1081,11.98828125,4.9296875,4.22265625,1,0x14,0,0,0,1,0,1,0,0,-1,0,,,,,,,,,,,,,,,,,,,,,,
615,10,FREECAM_3D,20.533333333333335,619927,18918.670654296875,1825,55.694580078125,17.955068493150684,42,1.28173828125,1782,54.38232421875,1,0.030517578125,0xA8F28D70,3069,1262,1081,11.98828125,4.9296875,4.22265625,1,0x14,0,0,0,1,0,1,0,0,-1,0,,,,,,,,,,,,,,,,,,,,,,
616,10,FREECAM_3D,20.566666666666666,621687,18972.381591796875,1760,53.7109375,18.618181818181817,42,1.28173828125,1717,52.398681640625,1,0.030517578125,0x8CC51F67,3069,1262,1081,11.98828125,4.9296875,4.22265625,1,0x14,0,0,0,1,0,1,0,0,-1,0,,,,,,,,,,,,,,,,,,,,,,
617,10,FREECAM_3D,20.6,623390,19024.35302734375,1703,51.971435546875,19.241338813857897,43,1.312255859375,1659,50.628662109375,1,0.030517578125,0x48A2917A,3069,1262,1081,11.98828125,4.9296875,4.22265625,1,0x14,0,0,0,1,0,1,0,0,-1,0,,,,,,,,,,,,,,,,,,,,,,
618,10,FREECAM_3D,20.633333333333333,625063,19075.408935546875,1673,51.055908203125,19.586371787208606,42,1.28173828125,1630,49.74365234375,1,0.030517578125,0xD06752C8,3069,1262,1081,11.98828125,4.9296875,4.22265625,1,0x14,0,0,0,1,0,1,0,0,-1,0,,,,,,,,,,,,,,,,,,,,,,
619,10,FREECAM_3D,20.666666666666668,626715,19125.823974609375,1652,50.4150390625,19.83535108958838,42,1.28173828125,1609,49.102783203125,1,0.030517578125,0x0BF6A32B,3069,1262,1081,11.98828125,4.9296875,4.22265625,1,0x14,0,0,0,1,0,1,0,0,-1,0,,,,,,,,,,,,,,,,,,,,,,
620,10,FREECAM_3D,20.7,628337,19175.323486328125,1622,49.49951171875,20.20221948212084,42,1.28173828125,1579,48.187255859375,1,0.030517578125,0x7CE2CE39,3069,1262,1081,11.98828125,4.9296875,4.22265625,1,0x14,0,0,0,1,0,1,0,0,-1,0,,,,,,,,,,,,,,,,,,,,,,
621,10,FREECAM_3D,20.733333333333334,629880,19222.412109375,1543,47.088623046875,21.23655217109527,42,1.28173828125,1500,45.7763671875,1,0.030517578125,0x06815C15,3069,1262,1081,11.98828125,4.9296875,4.22265625,1,0x14,0,0,0,1,0,1,0,0,-1,0,,,,,,,,,,,,,,,,,,,,,,
622,10,FREECAM_3D,20.766666666666666,631400,19268.798828125,1520,46.38671875,21.557894736842105,42,1.28173828125,1477,45.074462890625,1,0.030517578125,0x4540FC6A,3069,1262,1081,11.98828125,4.9296875,4.22265625,1,0x14,0,0,0,1,0,1,0,0,-1,0,,,,,,,,,,,,,,,,,,,,,,
623,10,FREECAM_3D,20.8,633005,19317.779541015625,1605,48.980712890625,20.41619937694704,42,1.28173828125,1562,47.66845703125,1,0.030517578125,0xF7C30E54,3069,1262,1081,11.98828125,4.9296875,4.22265625,1,0x14,0,0,0,1,0,1,0,0,-1,0,,,,,,,,,,,,,,,,,,,,,,
624,10,FREECAM_3D,20.833333333333332,634579,19365.814208984375,1574,48.03466796875,20.818297331639137,42,1.28173828125,1532,46.7529296875,0,0.0,0xBC1EDF23,3069,1262,1081,11.98828125,4.9296875,4.22265625,1,0x14,0,0,0,1,0,1,0,0,-1,0,,,,,,,,,,,,,,,,,,,,,,
625,10,FREECAM_3D,20.866666666666667,636088,19411.865234375,1509,46.051025390625,21.71504307488403,42,1.28173828125,1466,44.73876953125,1,0.030517578125,0x6BFB6151,3069,1262,1081,11.98828125,4.9296875,4.22265625,1,0x14,0,0,0,1,0,1,0,0,-1,0,,,,,,,,,,,,,,,,,,,,,,
626,10,FREECAM_3D,20.9,637548,19456.4208984375,1460,44.5556640625,22.443835616438356,42,1.28173828125,1418,43.27392578125,0,0.0,0x63CE50E1,3069,1262,1081,11.98828125,4.9296875,4.22265625,1,0x14,0,0,0,1,0,1,0,0,-1,0,,,,,,,,,,,,,,,,,,,,,,
627,10,FREECAM_3D,20.933333333333334,638955,19499.359130859375,1407,42.938232421875,23.289267945984363,42,1.28173828125,1365,41.656494140625,0,0.0,0x95EDCE06,3069,1262,1081,11.98828125,4.9296875,4.22265625,1,0x14,0,0,0,1,0,1,0,0,-1,0,,,,,,,,,,,,,,,,,,,,,,
628,10,FREECAM_3D,20.966666666666665,640347,19541.839599609375,1392,42.48046875,23.54022988505747,42,1.28173828125,1350,41.19873046875,0,0.0,0xD5D21860,3069,1262,1081,11.98828125,4.9296875,4.22265625,1,0x14,0,0,0,1,0,1,0,0,-1,0,,,,,,,,,,,,,,,,,,,,,,
629,10,FREECAM_3D,21.0,641680,19582.51953125,1333,40.679931640625,24.582145536384097,42,1.28173828125,1291,39.398193359375,0,0.0,0xE75BFEC1,3069,1262,1081,11.98828125,4.9296875,4.22265625,1,0x14,0,0,0,1,0,1,0,0,-1,0,,,,,,,,,,,,,,,,,,,,,,
630,10,FREECAM_3D,21.033333333333335,642951,19621.307373046875,1271,38.787841796875,25.781274586939418,42,1.28173828125,1228,37.4755859375,1,0.030517578125,0x3DD7AA69,3069,1262,1081,11.98828125,4.9296875,4.22265625,1,0x14,0,0,0,1,0,1,0,0,-1,0,,,,,,,,,,,,,,,,,,,,,,
631,10,FREECAM_3D,21.066666666666666,644180,19658.8134765625,1229,37.506103515625,26.66232709519935,42,1.28173828125,1187,36.224365234375,0,0.0,0x0F056F37,3069,1262,1081,11.98828125,4.9296875,4.22265625,1,0x14,0,0,0,1,0,1,0,0,-1,0,,,,,,,,,,,,,,,,,,,,,,
632,10,FREECAM_3D,21.1,645397,19695.953369140625,1217,37.139892578125,26.925225965488906,42,1.28173828125,1175,35.858154296875,0,0.0,0xA5318462,3069,1262,1081,11.98828125,4.9296875,4.22265625,1,0x14,0,0,0,1,0,1,0,0,-1,0,,,,,,,,,,,,,,,,,,,,,,
633,10,FREECAM_3D,21.133333333333333,646480,19729.00390625,1083,33.050537109375,30.25669436749769,42,1.28173828125,1041,31.768798828125,0,0.0,0xA5FAE12A,3069,1262,1081,11.98828125,4.9296875,4.22265625,1,0x14,0,0,0,1,0,1,0,0,-1,0,,,,,,,,,,,,,,,,,,,,,,
634,10,FREECAM_3D,21.166666666666668,647570,19762.26806640625,1090,33.26416015625,30.06238532110092,42,1.28173828125,1048,31.982421875,0,0.0,0x71DCCEE5,3069,1262,1081,11.98828125,4.9296875,4.22265625,1,0x14,0,0,0,1,0,1,0,0,-1,0,,,,,,,,,,,,,,,,,,,,,,
635,10,FREECAM_3D,21.2,648634,19794.73876953125,1064,32.470703125,30.796992481203006,42,1.28173828125,1021,31.158447265625,1,0.030517578125,0x9F0DFB31,3069,1262,1081,11.98828125,4.9296875,4.22265625,1,0x14,0,0,0,1,0,1,0,0,-1,0,,,,,,,,,,,,,,,,,,,,,,
636,10,FREECAM_3D,21.233333333333334,649564,19823.1201171875,930,28.38134765625,35.23440860215054,42,1.28173828125,887,27.069091796875,1,0.030517578125,0x9AB97DEB,3069,1262,1081,11.98828125,4.9296875,4.22265625,1,0x14,0,0,0,1,0,1,0,0,-1,0,,,,,,,,,,,,,,,,,,,,,,
637,10,FREECAM_3D,21.266666666666666,650484,19851.1962890625,920,28.076171875,35.61739130434783,43,1.312255859375,877,26.763916015625,0,0.0,0xAC17D57C,3069,1262,1081,11.98828125,4.9296875,4.22265625,1,0x14,0,0,0,1,0,1,0,0,-1,0,,,,,,,,,,,,,,,,,,,,,,
638,10,FREECAM_3D,21.3,651395,19878.997802734375,911,27.801513671875,35.96926454445664,42,1.28173828125,869,26.519775390625,0,0.0,0x351999EE,3069,1262,1081,11.98828125,4.9296875,4.22265625,1,0x14,0,0,0,1,0,1,0,0,-1,0,,,,,,,,,,,,,,,,,,,,,,
639,10,FREECAM_3D,21.333333333333332,652213,19903.961181640625,818,24.96337890625,40.05867970660147,42,1.28173828125,776,23.681640625,0,0.0,0x125C255F,3069,1262,1081,11.98828125,4.9296875,4.22265625,1,0x14,0,0,0,1,0,1,0,0,-1,0,,,,,,,,,,,,,,,,,,,,,,
640,10,FREECAM_3D,21.366666666666667,653016,19928.466796875,803,24.505615234375,40.80697384806974,42,1.28173828125,760,23.193359375,1,0.030517578125,0x1CAD1FE7,3069,1262,1081,11.98828125,4.9296875,4.22265625,1,0x14,0,0,0,1,0,1,0,0,-1,0,,,,,,,,,,,,,,,,,,,,,,
641,10,FREECAM_3D,21.4,653825,19953.155517578125,809,24.688720703125,40.504326328800985,43,1.312255859375,766,23.37646484375,0,0.0,0x301ECFFF,3069,1262,1081,11.98828125,4.9296875,4.22265625,1,0x14,0,0,0,1,0,1,0,0,-1,0,,,,,,,,,,,,,,,,,,,,,,
642,10,FREECAM_3D,21.433333333333334,654595,19976.654052734375,770,23.49853515625,42.555844155844156,42,1.28173828125,727,22.186279296875,1,0.030517578125,0xBA858160,3069,1262,1081,11.98828125,4.9296875,4.22265625,1,0x14,0,0,0,1,0,1,0,0,-1,0,,,,,,,,,,,,,,,,,,,,,,
643,10,FREECAM_3D,21.466666666666665,655360,20000.0,765,23.345947265625,42.83398692810457,42,1.28173828125,722,22.03369140625,1,0.030517578125,0x75381BF2,3069,1262,1081,11.98828125,4.9296875,4.22265625,1,0x14,0,0,0,1,0,1,0,0,-1,0,,,,,,,,,,,,,,,,,,,,,,
644,10,FREECAM_3D,21.5,656125,20023.345947265625,765,23.345947265625,42.83398692810457,42,1.28173828125,723,22.064208984375,0,0.0,0x0F828D67,3069,1262,1081,11.98828125,4.9296875,4.22265625,1,0x14,0,0,0,1,0,1,0,0,-1,0,,,,,,,,,,,,,,,,,,,,,,
645,10,FREECAM_3D,21.533333333333335,656893,20046.783447265625,768,23.4375,42.666666666666664,42,1.28173828125,725,22.125244140625,1,0.030517578125,0x7496D160,3069,1262,1081,11.98828125,4.9296875,4.22265625,1,0x14,0,0,0,1,0,1,0,0,-1,0,,,,,,,,,,,,,,,,,,,,,,
646,10,FREECAM_3D,21.566666666666666,657681,20070.831298828125,788,24.0478515625,41.58375634517766,42,1.28173828125,746,22.76611328125,0,0.0,0x757DE4F2,3069,1262,1081,11.98828125,4.9296875,4.22265625,1,0x14,0,0,0,1,0,1,0,0,-1,0,,,,,,,,,,,,,,,,,,,,,,
647,10,FREECAM_3D,21.6,658473,20095.001220703125,792,24.169921875,41.37373737373738,42,1.28173828125,750,22.88818359375,0,0.0,0x4310EEA4,3069,1262,1081,11.98828125,4.9296875,4.22265625,1,0x14,0,0,0,1,0,1,0,0,-1,0,,,,,,,,,,,,,,,,,,,,,,
648,10,FREECAM_3D,21.633333333333333,659322,20120.91064453125,849,25.909423828125,38.59599528857479,42,1.28173828125,807,24.627685546875,0,0.0,0x7EDEF92F,3069,1262,1081,11.98828125,4.9296875,4.22265625,1,0x14,0,0,0,1,0,1,0,0,-1,0,,,,,,,,,,,,,,,,,,,,,,
649,10,FREECAM_3D,21.666666666666668,660154,20146.30126953125,832,25.390625,39.38461538461539,42,1.28173828125,790,24.10888671875,0,0.0,0x65DFB05A,3069,1262,1081,11.98828125,4.9296875,4.22265625,1,0x14,0,0,0,1,0,1,0,0,-1,0,,,,,,,,,,,,,,,,,,,,,,
650,10,FREECAM_3D,21.7,661060,20173.9501953125,906,27.64892578125,36.16777041942605,42,1.28173828125,864,26.3671875,0,0.0,0x1D68886C,3069,1262,1081,11.98828125,4.9296875,4.22265625,1,0x14,0,0,0,1,0,1,0,0,-1,0,,,,,,,,,,,,,,,,,,,,,,
651,10,FREECAM_3D,21.733333333333334,661965,20201.568603515625,905,27.618408203125,36.20773480662984,42,1.28173828125,862,26.30615234375,1,0.030517578125,0xF20D7777,3069,1262,1081,11.98828125,4.9296875,4.22265625,1,0x14,0,0,0,1,0,1,0,0,-1,0,,,,,,,,,,,,,,,,,,,,,,
652,10,FREECAM_3D,21.766666666666666,662862,20228.94287109375,897,27.374267578125,36.53065774804905,42,1.28173828125,855,26.092529296875,0,0.0,0xA44C425B,3069,1262,1081,11.98828125,4.9296875,4.22265625,1,0x14,0,0,0,1,0,1,0,0,-1,0,,,,,,,,,,,,,,,,,,,,,,
653,10,FREECAM_3D,21.8,663753,20256.134033203125,891,27.191162109375,36.77665544332211,42,1.28173828125,849,25.909423828125,0,0.0,0xC7FFADCF,3069,1262,1081,11.98828125,4.9296875,4.22265625,1,0x14,0,0,0,1,0,1,0,0,-1,0,,,,,,,,,,,,,,,,,,,,,,
654,10,FREECAM_3D,21.833333333333332,664636,20283.0810546875,883,26.947021484375,37.10985277463194,42,1.28173828125,840,25.634765625,1,0.030517578125,0xA3747F26,3069,1262,1081,11.98828125,4.9296875,4.22265625,1,0x14,0,0,0,1,0,1,0,0,-1,0,,,,,,,,,,,,,,,,,,,,,,
655,10,FREECAM_3D,21.866666666666667,665495,20309.295654296875,859,26.214599609375,38.146682188591384,42,1.28173828125,817,24.932861328125,0,0.0,0xAE96CAD8,3069,1262,1081,11.98828125,4.9296875,4.22265625,1,0x14,0,0,0,1,0,1,0,0,-1,0,,,,,,,,,,,,,,,,,,,,,,
656,10,FREECAM_3D,21.9,666339,20335.052490234375,844,25.7568359375,38.824644549763036,42,1.28173828125,801,24.444580078125,1,0.030517578125,0x58F5109B,3069,1262,1081,11.98828125,4.9296875,4.22265625,1,0x14,0,0,0,1,0,1,0,0,-1,0,,,,,,,,,,,,,,,,,,,,,,
657,10,FREECAM_3D,21.933333333333334,667128,20359.130859375,789,24.078369140625,41.53105196451204,43,1.312255859375,745,22.735595703125,1,0.030517578125,0x87F93679,3069,1262,1081,11.98828125,4.9296875,4.22265625,1,0x14,0,0,0,1,0,1,0,0,-1,0,,,,,,,,,,,,,,,,,,,,,,
658,10,FREECAM_3D,21.966666666666665,667894,20382.50732421875,766,23.37646484375,42.778067885117494,43,1.312255859375,723,22.064208984375,0,0.0,0x99232FBD,3069,1262,1081,11.98828125,4.9296875,4.22265625,1,0x14,0,0,0,1,0,1,0,0,-1,0,,,,,,,,,,,,,,,,,,,,,,
659,10,FREECAM_3D,22.0,668643,20405.364990234375,749,22.857666015625,43.748998664886514,42,1.28173828125,707,21.575927734375,0,0.0,0xB16D2C2A,3069,1262,1081,11.98828125,4.9296875,4.22265625,1,0x14,0,0,0,1,0,1,0,0,-1,0,,,,,,,,,,,,,,,,,,,,,,
660,10,FREECAM_3D,22.033333333333335,669349,20426.910400390625,706,21.54541015625,46.41359773371105,42,1.28173828125,663,20.233154296875,1,0.030517578125,0x97B6A86E,3069,1262,1081,11.98828125,4.9296875,4.22265625,1,0x14,0,0,0,1,0,1,0,0,-1,0,,,,,,,,,,,,,,,,,,,,,,
661,10,FREECAM_3D,22.066666666666666,670047,20448.211669921875,698,21.30126953125,46.94555873925501,43,1.312255859375,655,19.989013671875,0,0.0,0xD6FA1B1C,3069,1262,1081,11.98828125,4.9296875,4.22265625,1,0x14,0,0,0,1,0,1,0,0,-1,0,,,,,,,,,,,,,,,,,,,,,,
662,10,FREECAM_3D,22.1,670738,20469.29931640625,691,21.087646484375,47.421128798842254,42,1.28173828125,649,19.805908203125,0,0.0,0x8B4C3E5A,3069,1262,1081,11.98828125,4.9296875,4.22265625,1,0x14,0,0,0,1,0,1,0,0,-1,0,,,,,,,,,,,,,,,,,,,,,,
663,10,FREECAM_3D,22.133333333333333,671416,20489.990234375,678,20.69091796875,48.33038348082596,38,1.15966796875,639,19.500732421875,1,0.030517578125,0x8B4C3E5A,3069,1262,1081,11.98828125,4.9296875,4.22265625,1,0x10,0,0,0,0,0,1,0,0,-1,0,,,,,,,,,,,,,,,,,,,,,,
664,10,FREECAM_3D,22.166666666666668,672069,20509.918212890625,653,19.927978515625,50.18070444104135,38,1.15966796875,615,18.768310546875,0,0.0,0x8B4C3E5A,3069,1262,1081,11.98828125,4.9296875,4.22265625,1,0x10,0,0,0,0,0,1,0,0,-1,0,,,,,,,,,,,,,,,,,,,,,,
665,10,FREECAM_3D,22.2,672721,20529.815673828125,652,19.8974609375,50.25766871165644,38,1.15966796875,614,18.73779296875,0,0.0,0x8B4C3E5A,3069,1262,1081,11.98828125,4.9296875,4.22265625,1,0x10,0,0,0,0,0,1,0,0,-1,0,,,,,,,,,,,,,,,,,,,,,,
666,10,FREECAM_3D,22.233333333333334,673374,20549.74365234375,653,19.927978515625,50.18070444104135,38,1.15966796875,614,18.73779296875,1,0.030517578125,0x8B4C3E5A,3069,1262,1081,11.98828125,4.9296875,4.22265625,1,0x10,0,0,0,0,0,1,0,0,-1,0,,,,,,,,,,,,,,,,,,,,,,
667,10,FREECAM_3D,22.266666666666666,674026,20569.64111328125,652,19.8974609375,50.25766871165644,37,1.129150390625,615,18.768310546875,0,0.0,0x8B4C3E5A,3069,1262,1081,11.98828125,4.9296875,4.22265625,1,0x10,0,0,0,0,0,1,0,0,-1,0,,,,,,,,,,,,,,,,,,,,,,
668,10,FREECAM_3D,22.3,674678,20589.53857421875,652,19.8974609375,50.25766871165644,38,1.15966796875,614,18.73779296875,0,0.0,0x8B4C3E5A,3069,1262,1081,11.98828125,4.9296875,4.22265625,1,0x10,0,0,0,0,0,1,0,0,-1,0,,,,,,,,,,,,,,,,,,,,,,
669,10,FREECAM_3D,22.333333333333332,675331,20609.466552734375,653,19.927978515625,50.18070444104135,38,1.15966796875,614,18.73779296875,1,0.030517578125,0x8B4C3E5A,3069,1262,1081,11.98828125,4.9296875,4.22265625,1,0x10,0,0,0,0,0,1,0,0,-1,0,,,,,,,,,,,,,,,,,,,,,,
670,10,FREECAM_3D,22.366666666666667,675984,20629.39453125,653,19.927978515625,50.18070444104135,38,1.15966796875,615,18.768310546875,0,0.0,0x8B4C3E5A,3069,1262,1081,11.98828125,4.9296875,4.22265625,1,0x10,0,0,0,0,0,1,0,0,-1,0,,,,,,,,,,,,,,,,,,,,,,
671,10,FREECAM_3D,22.4,676636,20649.2919921875,652,19.8974609375,50.25766871165644,38,1.15966796875,614,18.73779296875,0,0.0,0x8B4C3E5A,3069,1262,1081,11.98828125,4.9296875,4.22265625,1,0x10,0,0,0,0,0,1,0,0,-1,0,,,,,,,,,,,,,,,,,,,,,,
672,10,FREECAM_3D,22.433333333333334,677289,20669.219970703125,653,19.927978515625,50.18070444104135,38,1.15966796875,614,18.73779296875,1,0.030517578125,0x8B4C3E5A,3069,1262,1081,11.98828125,4.9296875,4.22265625,1,0x10,0,0,0,0,0,1,0,0,-1,0,,,,,,,,,,,,,,,,,,,,,,
673,10,FREECAM_3D,22.466666666666665,677943,20689.178466796875,654,19.95849609375,50.103975535168196,38,1.15966796875,615,18.768310546875,1,0.030517578125,0x8B4C3E5A,3069,1262,1081,11.98828125,4.9296875,4.22265625,1,0x10,0,0,0,0,0,1,0,0,-1,0,,,,,,,,,,,,,,,,,,,,,,
674,10,FREECAM_3D,22.5,678595,20709.075927734375,652,19.8974609375,50.25766871165644,38,1.15966796875,614,18.73779296875,0,0.0,0x8B4C3E5A,3069,1262,1081,11.98828125,4.9296875,4.22265625,1,0x10,0,0,0,0,0,1,0,0,-1,0,,,,,,,,,,,,,,,,,,,,,,
675,10,FREECAM_3D,22.533333333333335,679248,20729.00390625,653,19.927978515625,50.18070444104135,38,1.15966796875,614,18.73779296875,1,0.030517578125,0x8B4C3E5A,3069,1262,1081,11.98828125,4.9296875,4.22265625,1,0x10,0,0,0,0,0,1,0,0,-1,0,,,,,,,,,,,,,,,,,,,,,,
676,10,FREECAM_3D,22.566666666666666,679901,20748.931884765625,653,19.927978515625,50.18070444104135,38,1.15966796875,614,18.73779296875,1,0.030517578125,0x8B4C3E5A,3069,1262,1081,11.98828125,4.9296875,4.22265625,1,0x10,0,0,0,0,0,1,0,0,-1,0,,,,,,,,,,,,,,,,,,,,,,
677,10,FREECAM_3D,22.6,680553,20768.829345703125,652,19.8974609375,50.25766871165644,38,1.15966796875,614,18.73779296875,0,0.0,0x8B4C3E5A,3069,1262,1081,11.98828125,4.9296875,4.22265625,1,0x10,0,0,0,0,0,1,0,0,-1,0,,,,,,,,,,,,,,,,,,,,,,
678,10,FREECAM_3D,22.633333333333333,681205,20788.726806640625,652,19.8974609375,50.25766871165644,38,1.15966796875,614,18.73779296875,0,0.0,0x8B4C3E5A,3069,1262,1081,11.98828125,4.9296875,4.22265625,1,0x10,0,0,0,0,0,1,0,0,-1,0,,,,,,,,,,,,,,,,,,,,,,
679,10,FREECAM_3D,22.666666666666668,681858,20808.65478515625,653,19.927978515625,50.18070444104135,38,1.15966796875,614,18.73779296875,1,0.030517578125,0x8B4C3E5A,3069,1262,1081,11.98828125,4.9296875,4.22265625,1,0x10,0,0,0,0,0,1,0,0,-1,0,,,,,,,,,,,,,,,,,,,,,,
680,10,FREECAM_3D,22.7,682511,20828.582763671875,653,19.927978515625,50.18070444104135,38,1.15966796875,615,18.768310546875,0,0.0,0x8B4C3E5A,3069,1262,1081,11.98828125,4.9296875,4.22265625,1,0x10,0,0,0,0,0,1,0,0,-1,0,,,,,,,,,,,,,,,,,,,,,,
681,10,FREECAM_3D,22.733333333333334,683163,20848.480224609375,652,19.8974609375,50.25766871165644,38,1.15966796875,614,18.73779296875,0,0.0,0x8B4C3E5A,3069,1262,1081,11.98828125,4.9296875,4.22265625,1,0x10,0,0,0,0,0,1,0,0,-1,0,,,,,,,,,,,,,,,,,,,,,,
682,10,FREECAM_3D,22.766666666666666,683816,20868.408203125,653,19.927978515625,50.18070444104135,38,1.15966796875,614,18.73779296875,1,0.030517578125,0x8B4C3E5A,3069,1262,1081,11.98828125,4.9296875,4.22265625,1,0x10,0,0,0,0,0,1,0,0,-1,0,,,,,,,,,,,,,,,,,,,,,,
683,10,FREECAM_3D,22.8,684468,20888.3056640625,652,19.8974609375,50.25766871165644,37,1.129150390625,615,18.768310546875,0,0.0,0x8B4C3E5A,3069,1262,1081,11.98828125,4.9296875,4.22265625,1,0x10,0,0,0,0,0,1,0,0,-1,0,,,,,,,,,,,,,,,,,,,,,,
684,10,FREECAM_3D,22.833333333333332,685120,20908.203125,652,19.8974609375,50.25766871165644,38,1.15966796875,614,18.73779296875,0,0.0,0x8B4C3E5A,3069,1262,1081,11.98828125,4.9296875,4.22265625,1,0x10,0,0,0,0,0,1,0,0,-1,0,,,,,,,,,,,,,,,,,,,,,,
685,10,FREECAM_3D,22.866666666666667,685773,20928.131103515625,653,19.927978515625,50.18070444104135,38,1.15966796875,614,18.73779296875,1,0.030517578125,0x8B4C3E5A,3069,1262,1081,11.98828125,4.9296875,4.22265625,1,0x10,0,0,0,0,0,1,0,0,-1,0,,,,,,,,,,,,,,,,,,,,,,
686,10,FREECAM_3D,22.9,686425,20948.028564453125,652,19.8974609375,50.25766871165644,37,1.129150390625,615,18.768310546875,0,0.0,0x8B4C3E5A,3069,1262,1081,11.98828125,4.9296875,4.22265625,1,0x10,0,0,0,0,0,1,0,0,-1,0,,,,,,,,,,,,,,,,,,,,,,
687,10,FREECAM_3D,22.933333333333334,687077,20967.926025390625,652,19.8974609375,50.25766871165644,38,1.15966796875,614,18.73779296875,0,0.0,0x8B4C3E5A,3069,1262,1081,11.98828125,4.9296875,4.22265625,1,0x10,0,0,0,0,0,1,0,0,-1,0,,,,,,,,,,,,,,,,,,,,,,
688,10,FREECAM_3D,22.966666666666665,687730,20987.85400390625,653,19.927978515625,50.18070444104135,38,1.15966796875,614,18.73779296875,1,0.030517578125,0x8B4C3E5A,3069,1262,1081,11.98828125,4.9296875,4.22265625,1,0x10,0,0,0,0,0,1,0,0,-1,0,,,,,,,,,,,,,,,,,,,,,,
689,10,FREECAM_3D,23.0,688384,21007.8125,654,19.95849609375,50.103975535168196,38,1.15966796875,615,18.768310546875,1,0.030517578125,0x8B4C3E5A,3069,1262,1081,11.98828125,4.9296875,4.22265625,1,0x10,0,0,0,0,0,1,0,0,-1,0,,,,,,,,,,,,,,,,,,,,,,
690,10,FREECAM_3D,23.033333333333335,689036,21027.7099609375,652,19.8974609375,50.25766871165644,38,1.15966796875,614,18.73779296875,0,0.0,0x8B4C3E5A,3069,1262,1081,11.98828125,4.9296875,4.22265625,1,0x10,0,0,0,0,0,1,0,0,-1,0,,,,,,,,,,,,,,,,,,,,,,
691,10,FREECAM_3D,23.066666666666666,689689,21047.637939453125,653,19.927978515625,50.18070444104135,38,1.15966796875,614,18.73779296875,1,0.030517578125,0x8B4C3E5A,3069,1262,1081,11.98828125,4.9296875,4.22265625,1,0x10,0,0,0,0,0,1,0,0,-1,0,,,,,,,,,,,,,,,,,,,,,,
692,10,FREECAM_3D,23.1,690342,21067.56591796875,653,19.927978515625,50.18070444104135,38,1.15966796875,614,18.73779296875,1,0.030517578125,0x8B4C3E5A,3069,1262,1081,11.98828125,4.9296875,4.22265625,1,0x10,0,0,0,0,0,1,0,0,-1,0,,,,,,,,,,,,,,,,,,,,,,
693,10,FREECAM_3D,23.133333333333333,690994,21087.46337890625,652,19.8974609375,50.25766871165644,38,1.15966796875,614,18.73779296875,0,0.0,0x8B4C3E5A,3069,1262,1081,11.98828125,4.9296875,4.22265625,1,0x10,0,0,0,0,0,1,0,0,-1,0,,,,,,,,,,,,,,,,,,,,,,
694,10,FREECAM_3D,23.166666666666668,691646,21107.36083984375,652,19.8974609375,50.25766871165644,38,1.15966796875,614,18.73779296875,0,0.0,0x8B4C3E5A,3069,1262,1081,11.98828125,4.9296875,4.22265625,1,0x10,0,0,0,0,0,1,0,0,-1,0,,,,,,,,,,,,,,,,,,,,,,
695,10,FREECAM_3D,23.2,692299,21127.288818359375,653,19.927978515625,50.18070444104135,38,1.15966796875,614,18.73779296875,1,0.030517578125,0x8B4C3E5A,3069,1262,1081,11.98828125,4.9296875,4.22265625,1,0x10,0,0,0,0,0,1,0,0,-1,0,,,,,,,,,,,,,,,,,,,,,,
696,10,FREECAM_3D,23.233333333333334,692952,21147.216796875,653,19.927978515625,50.18070444104135,38,1.15966796875,615,18.768310546875,0,0.0,0x8B4C3E5A,3069,1262,1081,11.98828125,4.9296875,4.22265625,1,0x10,0,0,0,0,0,1,0,0,-1,0,,,,,,,,,,,,,,,,,,,,,,
697,10,FREECAM_3D,23.266666666666666,693604,21167.1142578125,652,19.8974609375,50.25766871165644,38,1.15966796875,614,18.73779296875,0,0.0,0x8B4C3E5A,3069,1262,1081,11.98828125,4.9296875,4.22265625,1,0x10,0,0,0,0,0,1,0,0,-1,0,,,,,,,,,,,,,,,,,,,,,,
698,10,FREECAM_3D,23.3,694257,21187.042236328125,653,19.927978515625,50.18070444104135,38,1.15966796875,614,18.73779296875,1,0.030517578125,0x8B4C3E5A,3069,1262,1081,11.98828125,4.9296875,4.22265625,1,0x10,0,0,0,0,0,1,0,0,-1,0,,,,,,,,,,,,,,,,,,,,,,
699,10,FREECAM_3D,23.333333333333332,694909,21206.939697265625,652,19.8974609375,50.25766871165644,37,1.129150390625,615,18.768310546875,0,0.0,0x8B4C3E5A,3069,1262,1081,11.98828125,4.9296875,4.22265625,1,0x10,0,0,0,0,0,1,0,0,-1,0,,,,,,,,,,,,,,,,,,,,,,
700,10,FREECAM_3D,23.366666666666667,695561,21226.837158203125,652,19.8974609375,50.25766871165644,38,1.15966796875,614,18.73779296875,0,0.0,0x8B4C3E5A,3069,1262,1081,11.98828125,4.9296875,4.22265625,1,0x10,0,0,0,0,0,1,0,0,-1,0,,,,,,,,,,,,,,,,,,,,,,
701,10,FREECAM_3D,23.4,696214,21246.76513671875,653,19.927978515625,50.18070444104135,38,1.15966796875,614,18.73779296875,1,0.030517578125,0x8B4C3E5A,3069,1262,1081,11.98828125,4.9296875,4.22265625,1,0x10,0,0,0,0,0,1,0,0,-1,0,,,,,,,,,,,,,,,,,,,,,,
702,10,FREECAM_3D,23.433333333333334,696866,21266.66259765625,652,19.8974609375,50.25766871165644,37,1.129150390625,615,18.768310546875,0,0.0,0x8B4C3E5A,3069,1262,1081,11.98828125,4.9296875,4.22265625,1,0x10,0,0,0,0,0,1,0,0,-1,0,,,,,,,,,,,,,,,,,,,,,,
703,10,FREECAM_3D,23.466666666666665,697518,21286.56005859375,652,19.8974609375,50.25766871165644,38,1.15966796875,614,18.73779296875,0,0.0,0x8B4C3E5A,3069,1262,1081,11.98828125,4.9296875,4.22265625,1,0x10,0,0,0,0,0,1,0,0,-1,0,,,,,,,,,,,,,,,,,,,,,,
704,10,FREECAM_3D,23.5,698171,21306.488037109375,653,19.927978515625,50.18070444104135,38,1.15966796875,614,18.73779296875,1,0.030517578125,0x8B4C3E5A,3069,1262,1081,11.98828125,4.9296875,4.22265625,1,0x10,0,0,0,0,0,1,0,0,-1,0,,,,,,,,,,,,,,,,,,,,,,
705,10,FREECAM_3D,23.533333333333335,698824,21326.416015625,653,19.927978515625,50.18070444104135,38,1.15966796875,615,18.768310546875,0,0.0,0x8B4C3E5A,3069,1262,1081,11.98828125,4.9296875,4.22265625,1,0x10,0,0,0,0,0,1,0,0,-1,0,,,,,,,,,,,,,,,,,,,,,,
706,10,FREECAM_3D,23.566666666666666,699476,21346.3134765625,652,19.8974609375,50.25766871165644,38,1.15966796875,614,18.73779296875,0,0.0,0x8B4C3E5A,3069,1262,1081,11.98828125,4.9296875,4.22265625,1,0x10,0,0,0,0,0,1,0,0,-1,0,,,,,,,,,,,,,,,,,,,,,,
707,10,FREECAM_3D,23.6,700129,21366.241455078125,653,19.927978515625,50.18070444104135,38,1.15966796875,614,18.73779296875,1,0.030517578125,0x8B4C3E5A,3069,1262,1081,11.98828125,4.9296875,4.22265625,1,0x10,0,0,0,0,0,1,0,0,-1,0,,,,,,,,,,,,,,,,,,,,,,
708,10,FREECAM_3D,23.633333333333333,700782,21386.16943359375,653,19.927978515625,50.18070444104135,38,1.15966796875,614,18.73779296875,1,0.030517578125,0x8B4C3E5A,3069,1262,1081,11.98828125,4.9296875,4.22265625,1,0x10,0,0,0,0,0,1,0,0,-1,0,,,,,,,,,,,,,,,,,,,,,,
709,10,FREECAM_3D,23.666666666666668,701434,21406.06689453125,652,19.8974609375,50.25766871165644,38,1.15966796875,614,18.73779296875,0,0.0,0x8B4C3E5A,3069,1262,1081,11.98828125,4.9296875,4.22265625,1,0x10,0,0,0,0,0,1,0,0,-1,0,,,,,,,,,,,,,,,,,,,,,,
710,10,FREECAM_3D,23.7,702120,21427.001953125,686,20.93505859375,47.7667638483965,42,1.28173828125,644,19.6533203125,0,0.0,0xD6FA1B1C,3069,1262,1081,11.98828125,4.9296875,4.22265625,1,0x14,0,0,0,1,0,1,0,0,1,0,,,,,,,,,,,,,,,,,,,,,,
711,10,FREECAM_3D,23.733333333333334,702820,21448.3642578125,700,21.3623046875,46.81142857142857,42,1.28173828125,657,20.050048828125,1,0.030517578125,0x97B6A86E,3069,1262,1081,11.98828125,4.9296875,4.22265625,1,0x14,0,0,0,1,0,1,0,0,1,0,,,,,,,,,,,,,,,,,,,,,,
712,10,FREECAM_3D,23.766666666666666,703555,21470.794677734375,735,22.430419921875,44.582312925170065,43,1.312255859375,692,21.1181640625,0,0.0,0xB16D2C2A,3069,1262,1081,11.98828125,4.9296875,4.22265625,1,0x14,0,0,0,1,0,1,0,0,1,0,,,,,,,,,,,,,,,,,,,,,,
713,10,FREECAM_3D,23.8,704297,21493.438720703125,742,22.64404296875,44.16172506738545,42,1.28173828125,700,21.3623046875,0,0.0,0x99232FBD,3069,1262,1081,11.98828125,4.9296875,4.22265625,1,0x14,0,0,0,1,0,1,0,0,1,0,,,,,,,,,,,,,,,,,,,,,,
714,10,FREECAM_3D,23.833333333333332,705056,21516.6015625,759,23.162841796875,43.17259552042161,42,1.28173828125,716,21.8505859375,1,0.030517578125,0x87F93679,3069,1262,1081,11.98828125,4.9296875,4.22265625,1,0x14,0,0,0,1,0,1,0,0,1,0,,,,,,,,,,,,,,,,,,,,,,
715,10,FREECAM_3D,23.866666666666667,705861,21541.168212890625,805,24.566650390625,40.7055900621118,42,1.28173828125,763,23.284912109375,0,0.0,0x58F5109B,3069,1262,1081,11.98828125,4.9296875,4.22265625,1,0x14,0,0,0,1,0,1,0,0,1,0,,,,,,,,,,,,,,,,,,,,,,
716,10,FREECAM_3D,23.9,706690,21566.46728515625,829,25.299072265625,39.52714113389626,42,1.28173828125,786,23.98681640625,1,0.030517578125,0xAE96CAD8,3069,1262,1081,11.98828125,4.9296875,4.22265625,1,0x14,0,0,0,1,0,1,0,0,1,0,,,,,,,,,,,,,,,,,,,,,,
717,10,FREECAM_3D,23.933333333333334,707546,21592.59033203125,856,26.123046875,38.2803738317757,43,1.312255859375,813,24.810791015625,0,0.0,0xA3747F26,3069,1262,1081,11.98828125,4.9296875,4.22265625,1,0x14,0,0,0,1,0,1,0,0,1,0,,,,,,,,,,,,,,,,,,,,,,
718,10,FREECAM_3D,23.966666666666665,708417,21619.171142578125,871,26.580810546875,37.621125143513204,42,1.28173828125,829,25.299072265625,0,0.0,0xC7FFADCF,3069,1262,1081,11.98828125,4.9296875,4.22265625,1,0x14,0,0,0,1,0,1,0,0,1,0,,,,,,,,,,,,,,,,,,,,,,
719,10,FREECAM_3D,24.0,709316,21646.6064453125,899,27.435302734375,36.449388209121246,42,1.28173828125,857,26.153564453125,0,0.0,0xA44C425B,3069,1262,1081,11.98828125,4.9296875,4.22265625,1,0x14,0,0,0,1,0,1,0,0,1,0,,,,,,,,,,,,,,,,,,,,,,
720,10,FREECAM_3D,24.033333333333335,710222,21674.25537109375,906,27.64892578125,36.16777041942605,42,1.28173828125,863,26.336669921875,1,0.030517578125,0xF20D7777,3069,1262,1081,11.98828125,4.9296875,4.22265625,1,0x14,0,0,0,1,0,1,0,0,1,0,,,,,,,,,,,,,,,,,,,,,,
721,10,FREECAM_3D,24.066666666666666,711125,21701.812744140625,903,27.557373046875,36.287929125138426,42,1.28173828125,861,26.275634765625,0,0.0,0x1D68886C,3069,1262,1081,11.98828125,4.9296875,4.22265625,1,0x14,0,0,0,1,0,1,0,0,1,0,,,,,,,,,,,,,,,,,,,,,,
722,10,FREECAM_3D,24.1,711966,21727.47802734375,841,25.665283203125,38.96313912009512,42,1.28173828125,798,24.35302734375,1,0.030517578125,0x65DFB05A,3069,1262,1081,11.98828125,4.9296875,4.22265625,1,0x14,0,0,0,1,0,1,0,0,1,0,,,,,,,,,,,,,,,,,,,,,,
723,10,FREECAM_3D,24.133333333333333,712823,21753.631591796875,857,26.153564453125,38.23570595099183,43,1.312255859375,814,24.84130859375,0,0.0,0x7EDEF92F,3069,1262,1081,11.98828125,4.9296875,4.22265625,1,0x14,0,0,0,1,0,1,0,0,1,0,,,,,,,,,,,,,,,,,,,,,,
724,10,FREECAM_3D,24.166666666666668,713612,21777.7099609375,789,24.078369140625,41.53105196451204,42,1.28173828125,747,22.796630859375,0,0.0,0x4310EEA4,3069,1262,1081,11.98828125,4.9296875,4.22265625,1,0x14,0,0,0,1,0,1,0,0,1,0,,,,,,,,,,,,,,,,,,,,,,
725,10,FREECAM_3D,24.2,714400,21801.7578125,788,24.0478515625,41.58375634517766,42,1.28173828125,745,22.735595703125,1,0.030517578125,0x757DE4F2,3069,1262,1081,11.98828125,4.9296875,4.22265625,1,0x14,0,0,0,1,0,1,0,0,1,0,,,,,,,,,,,,,,,,,,,,,,
726,10,FREECAM_3D,24.233333333333334,715173,21825.347900390625,773,23.590087890625,42.39068564036223,43,1.312255859375,730,22.27783203125,0,0.0,0x7496D160,3069,1262,1081,11.98828125,4.9296875,4.22265625,1,0x14,0,0,0,1,0,1,0,0,1,0,,,,,,,,,,,,,,,,,,,,,,
727,10,FREECAM_3D,24.266666666666666,715942,21848.81591796875,769,23.468017578125,42.6111833550065,42,1.28173828125,726,22.15576171875,1,0.030517578125,0x0F828D67,3069,1262,1081,11.98828125,4.9296875,4.22265625,1,0x14,0,0,0,1,0,1,0,0,1,0,,,,,,,,,,,,,,,,,,,,,,
728,10,FREECAM_3D,24.3,716706,21872.13134765625,764,23.3154296875,42.890052356020945,42,1.28173828125,722,22.03369140625,0,0.0,0x75381BF2,3069,1262,1081,11.98828125,4.9296875,4.22265625,1,0x14,0,0,0,1,0,1,0,0,1,0,,,,,,,,,,,,,,,,,,,,,,
729,10,FREECAM_3D,24.333333333333332,717468,21895.3857421875,762,23.25439453125,43.00262467191601,42,1.28173828125,720,21.97265625,0,0.0,0xBA858160,3069,1262,1081,11.98828125,4.9296875,4.22265625,1,0x14,0,0,0,1,0,1,0,0,1,0,,,,,,,,,,,,,,,,,,,,,,
730,10,FREECAM_3D,24.366666666666667,718277,21920.074462890625,809,24.688720703125,40.504326328800985,42,1.28173828125,766,23.37646484375,1,0.030517578125,0x301ECFFF,3069,1262,1081,11.98828125,4.9296875,4.22265625,1,0x14,0,0,0,1,0,1,0,0,1,0,,,,,,,,,,,,,,,,,,,,,,
731,10,FREECAM_3D,24.4,719090,21944.88525390625,813,24.810791015625,40.305043050430506,42,1.28173828125,770,23.49853515625,1,0.030517578125,0x1CAD1FE7,3069,1262,1081,11.98828125,4.9296875,4.22265625,1,0x14,0,0,0,1,0,1,0,0,1,0,,,,,,,,,,,,,,,,,,,,,,
732,10,FREECAM_3D,24.433333333333334,719898,21969.54345703125,808,24.658203125,40.554455445544555,42,1.28173828125,766,23.37646484375,0,0.0,0x125C255F,3069,1262,1081,11.98828125,4.9296875,4.22265625,1,0x14,0,0,0,1,0,1,0,0,1,0,,,,,,,,,,,,,,,,,,,,,,
733,10,FREECAM_3D,24.466666666666665,720775,21996.307373046875,877,26.763916015625,37.36374002280502,42,1.28173828125,834,25.45166015625,1,0.030517578125,0x351999EE,3069,1262,1081,11.98828125,4.9296875,4.22265625,1,0x14,0,0,0,1,0,1,0,0,1,0,,,,,,,,,,,,,,,,,,,,,,
734,10,FREECAM_3D,24.5,721665,22023.468017578125,890,27.16064453125,36.81797752808989,42,1.28173828125,848,25.87890625,0,0.0,0xAC17D57C,3069,1262,1081,11.98828125,4.9296875,4.22265625,1,0x14,0,0,0,1,0,1,0,0,1,0,,,,,,,,,,,,,,,,,,,,,,
735,10,FREECAM_3D,24.533333333333335,722579,22051.361083984375,914,27.89306640625,35.85120350109409,42,1.28173828125,871,26.580810546875,1,0.030517578125,0x9AB97DEB,3069,1262,1081,11.98828125,4.9296875,4.22265625,1,0x14,0,0,0,1,0,1,0,0,1,0,,,,,,,,,,,,,,,,,,,,,,
736,10,FREECAM_3D,24.566666666666666,723631,22083.465576171875,1052,32.1044921875,31.14828897338403,42,1.28173828125,1010,30.82275390625,0,0.0,0x9F0DFB31,3069,1262,1081,11.98828125,4.9296875,4.22265625,1,0x14,0,0,0,1,0,1,0,0,1,0,,,,,,,,,,,,,,,,,,,,,,
737,10,FREECAM_3D,24.6,724710,22116.39404296875,1079,32.928466796875,30.368860055607044,42,1.28173828125,1037,31.646728515625,0,0.0,0x71DCCEE5,3069,1262,1081,11.98828125,4.9296875,4.22265625,1,0x14,0,0,0,1,0,1,0,0,1,0,,,,,,,,,,,,,,,,,,,,,,
738,10,FREECAM_3D,24.633333333333333,725791,22149.383544921875,1081,32.989501953125,30.31267345050879,42,1.28173828125,1039,31.707763671875,0,0.0,0xA5FAE12A,3069,1262,1081,11.98828125,4.9296875,4.22265625,1,0x14,0,0,0,1,0,1,0,0,1,0,,,,,,,,,,,,,,,,,,,,,,
739,10,FREECAM_3D,24.666666666666668,726929,22184.112548828125,1138,34.72900390625,28.794376098418276,42,1.28173828125,1096,33.447265625,0,0.0,0xA5318462,3069,1262,1081,11.98828125,4.9296875,4.22265625,1,0x14,0,0,0,1,0,1,0,0,1,0,,,,,,,,,,,,,,,,,,,,,,
740,10,FREECAM_3D,24.7,728164,22221.8017578125,1235,37.689208984375,26.532793522267205,42,1.28173828125,1193,36.407470703125,0,0.0,0x0F056F37,3069,1262,1081,11.98828125,4.9296875,4.22265625,1,0x14,0,0,0,1,0,1,0,0,1,0,,,,,,,,,,,,,,,,,,,,,,
741,10,FREECAM_3D,24.733333333333334,729411,22259.857177734375,1247,38.055419921875,26.27746591820369,42,1.28173828125,1204,36.7431640625,1,0.030517578125,0x3DD7AA69,3069,1262,1081,11.98828125,4.9296875,4.22265625,1,0x14,0,0,0,1,0,1,0,0,1,0,,,,,,,,,,,,,,,,,,,,,,
742,10,FREECAM_3D,24.766666666666666,730718,22299.74365234375,1307,39.886474609375,25.07115531752104,42,1.28173828125,1265,38.604736328125,0,0.0,0xE75BFEC1,3069,1262,1081,11.98828125,4.9296875,4.22265625,1,0x14,0,0,0,1,0,1,0,0,1,0,,,,,,,,,,,,,,,,,,,,,,
743,10,FREECAM_3D,24.8,732094,22341.73583984375,1376,41.9921875,23.813953488372093,42,1.28173828125,1334,40.71044921875,0,0.0,0xD5D21860,3069,1262,1081,11.98828125,4.9296875,4.22265625,1,0x14,0,0,0,1,0,1,0,0,1,0,,,,,,,,,,,,,,,,,,,,,,
744,10,FREECAM_3D,24.833333333333332,733512,22385.009765625,1418,43.27392578125,23.108603667136812,42,1.28173828125,1375,41.961669921875,1,0.030517578125,0x95EDCE06,3069,1262,1081,11.98828125,4.9296875,4.22265625,1,0x14,0,0,0,1,0,1,0,0,1,0,,,,,,,,,,,,,,,,,,,,,,
745,10,FREECAM_3D,24.866666666666667,734989,22430.084228515625,1477,45.074462890625,22.18551117129316,42,1.28173828125,1435,43.792724609375,0,0.0,0x63CE50E1,3069,1262,1081,11.98828125,4.9296875,4.22265625,1,0x14,0,0,0,1,0,1,0,0,1,0,,,,,,,,,,,,,,,,,,,,,,
746,10,FREECAM_3D,24.9,736495,22476.043701171875,1506,45.95947265625,21.758300132802123,42,1.28173828125,1464,44.677734375,0,0.0,0x6BFB6151,3069,1262,1081,11.98828125,4.9296875,4.22265625,1,0x14,0,0,0,1,0,1,0,0,1,0,,,,,,,,,,,,,,,,,,,,,,
747,10,FREECAM_3D,24.933333333333334,738026,22522.76611328125,1531,46.722412109375,21.40300457217505,42,1.28173828125,1488,45.41015625,1,0.030517578125,0xBC1EDF23,3069,1262,1081,11.98828125,4.9296875,4.22265625,1,0x14,0,0,0,1,0,1,0,0,1,0,,,,,,,,,,,,,,,,,,,,,,
748,10,FREECAM_3D,24.966666666666665,739589,22570.465087890625,1563,47.698974609375,20.964811260396672,42,1.28173828125,1521,46.417236328125,0,0.0,0xF7C30E54,3069,1262,1081,11.98828125,4.9296875,4.22265625,1,0x14,0,0,0,1,0,1,0,0,1,0,,,,,,,,,,,,,,,,,,,,,,
749,10,FREECAM_3D,25.0,741180,22619.0185546875,1591,48.553466796875,20.595851665619108,42,1.28173828125,1549,47.271728515625,0,0.0,0x4540FC6A,3069,1262,1081,11.98828125,4.9296875,4.22265625,1,0x14,0,0,0,1,0,1,0,0,1,0,,,,,,,,,,,,,,,,,,,,,,
750,10,FREECAM_3D,25.033333333333335,742794,22668.27392578125,1614,49.25537109375,20.302354399008674,42,1.28173828125,1572,47.9736328125,0,0.0,0x06815C15,3069,1262,1081,11.98828125,4.9296875,4.22265625,1,0x14,0,0,0,1,0,1,0,0,1,0,,,,,,,,,,,,,,,,,,,,,,
751,10,FREECAM_3D,25.066666666666666,744461,22719.146728515625,1667,50.872802734375,19.656868626274743,42,1.28173828125,1625,49.591064453125,0,0.0,0x7CE2CE39,3069,1262,1081,11.98828125,4.9296875,4.22265625,1,0x14,0,0,0,1,0,1,0,0,1,0,,,,,,,,,,,,,,,,,,,,,,
752,10,FREECAM_3D,25.1,746152,22770.751953125,1691,51.605224609375,19.377882909520995,42,1.28173828125,1648,50.29296875,1,0.030517578125,0x0BF6A32B,3069,1262,1081,11.98828125,4.9296875,4.22265625,1,0x14,0,0,0,1,0,1,0,0,1,0,,,,,,,,,,,,,,,,,,,,,,
753,10,FREECAM_3D,25.133333333333333,747856,22822.75390625,1704,52.001953125,19.230046948356808,42,1.28173828125,1661,50.689697265625,1,0.030517578125,0xD06752C8,3069,1262,1081,11.98828125,4.9296875,4.22265625,1,0x14,0,0,0,1,0,1,0,0,1,0,,,,,,,,,,,,,,,,,,,,,,
754,10,FREECAM_3D,25.166666666666668,749618,22876.52587890625,1762,53.77197265625,18.59704880817253,42,1.28173828125,1720,52.490234375,0,0.0,0x48A2917A,3069,1262,1081,11.98828125,4.9296875,4.22265625,1,0x14,0,0,0,1,0,1,0,0,1,0,,,,,,,,,,,,,,,,,,,,,,
755,10,FREECAM_3D,25.2,751399,22930.877685546875,1781,54.351806640625,18.398652442448064,42,1.28173828125,1738,53.03955078125,1,0.030517578125,0x8CC51F67,3069,1262,1081,11.98828125,4.9296875,4.22265625,1,0x14,0,0,0,1,0,1,0,0,1,0,,,,,,,,,,,,,,,,,,,,,,
756,10,FREECAM_3D,25.233333333333334,753245,22987.213134765625,1846,56.33544921875,17.750812567713975,43,1.312255859375,1802,54.99267578125,1,0.030517578125,0xA8F28D70,3069,1262,1081,11.98828125,4.9296875,4.22265625,1,0x14,0,0,0,1,0,1,0,0,1,0,,,,,,,,,,,,,,,,,,,,,,
757,10,FREECAM_3D,25.266666666666666,755119,23044.403076171875,1874,57.18994140625,17.485592315901815,43,1.312255859375,1830,55.84716796875,1,0.030517578125,0xD7079BC0,3069,1262,1081,11.98828125,4.9296875,4.22265625,1,0x14,0,0,0,1,0,1,0,0,1,0,,,,,,,,,,,,,,,,,,,,,,
758,10,FREECAM_3D,25.3,756942,23100.03662109375,1823,55.633544921875,17.97476686780033,34,1.03759765625,1789,54.595947265625,0,0.0,0x9F11FE28,3069,1262,1102,11.98828125,4.9296875,4.3046875,1,0x14,0,0,0,1,0,1,0,0,0,1,,,,,,,,,,,,,,,,,,,,,,
759,10,FREECAM_3D,25.333333333333332,758699,23153.656005859375,1757,53.619384765625,18.649971542401822,34,1.03759765625,1723,52.581787109375,0,0.0,0xFE201391,3069,1262,1123,11.98828125,4.9296875,4.38671875,1,0x14,0,0,0,1,0,1,0,0,0,1,,,,,,,,,,,,,,,,,,,,,,
760,10,FREECAM_3D,25.366666666666667,760435,23206.634521484375,1736,52.978515625,18.87557603686636,34,1.03759765625,1702,51.94091796875,0,0.0,0x8D970B6E,3069,1262,1144,11.98828125,4.9296875,4.46875,1,0x14,0,0,0,1,0,1,0,0,0,1,,,,,,,,,,,,,,,,,,,,,,
761,10,FREECAM_3D,25.4,762159,23259.246826171875,1724,52.6123046875,19.006960556844547,34,1.03759765625,1690,51.57470703125,0,0.0,0xD10F39AF,3069,1262,1165,11.98828125,4.9296875,4.55078125,1,0x14,0,0,0,1,0,1,0,0,0,1,,,,,,,,,,,,,,,,,,,,,,
762,10,FREECAM_3D,25.433333333333334,763862,23311.21826171875,1703,51.971435546875,19.241338813857897,34,1.03759765625,1668,50.9033203125,1,0.030517578125,0x2CA7BF24,3069,1262,1186,11.98828125,4.9296875,4.6328125,1,0x14,0,0,0,1,0,1,0,0,0,1,,,,,,,,,,,,,,,,,,,,,,
763,10,FREECAM_3D,25.466666666666665,764984,23345.458984375,1122,34.24072265625,29.204991087344027,34,1.03759765625,1088,33.203125,0,0.0,0x85D9FFED,3069,1262,1207,11.98828125,4.9296875,4.71484375,1,0x14,0,0,0,1,0,1,0,0,0,1,,,,,,,,,,,,,,,,,,,,,,
764,10,FREECAM_3D,25.5,767045,23408.355712890625,2061,62.896728515625,15.899078117418728,320,9.765625,1741,53.131103515625,0,0.0,0x60949FFC,3,2468,402,0.01171875,9.640625,1.5703125,0,0x15,0,0,1,1,0,1,0,0,0,1,,,,,,,,,,,,,,,,,,,,,,
765,10,FREECAM_3D,25.533333333333335,768813,23462.310791015625,1768,53.955078125,18.533936651583712,39,1.190185546875,1729,52.764892578125,0,0.0,0x7D2C2957,3,2468,423,0.01171875,9.640625,1.65234375,0,0x14,0,0,0,1,0,1,0,0,0,1,,,,,,,,,,,,,,,,,,,,,,
766,10,FREECAM_3D,25.566666666666666,769882,23494.93408203125,1069,32.623291015625,30.652946679139383,39,1.190185546875,1029,31.402587890625,1,0.030517578125,0xAF34DCD8,3,2468,444,0.01171875,9.640625,1.734375,0,0x14,0,0,0,1,0,1,0,0,0,1,,,,,,,,,,,,,,,,,,,,,,
767,10,FREECAM_3D,25.6,770951,23527.557373046875,1069,32.623291015625,30.652946679139383,38,1.15966796875,1030,31.43310546875,1,0.030517578125,0xC2DBAE89,3,2468,465,0.01171875,9.640625,1.81640625,0,0x14,0,0,0,1,0,1,0,0,0,1,,,,,,,,,,,,,,,,,,,,,,
768,10,FREECAM_3D,25.633333333333333,772013,23559.967041015625,1062,32.40966796875,30.854990583804142,38,1.15966796875,1024,31.25,0,0.0,0xEF5FB53A,3,2468,486,0.01171875,9.640625,1.8984375,0,0x14,0,0,0,1,0,1,0,0,0,1,,,,,,,,,,,,,,,,,,,,,,
769,10,FREECAM_3D,25.666666666666668,773076,23592.4072265625,1063,32.440185546875,30.825964252116652,39,1.190185546875,1023,31.219482421875,1,0.030517578125,0xFE92F063,3,2468,507,0.01171875,9.640625,1.98046875,0,0x14,0,0,0,1,0,1,0,0,0,1,,,,,,,,,,,,,,,,,,,,,,
770,10,FREECAM_3D,25.7,774137,23624.786376953125,1061,32.379150390625,30.88407163053723,39,1.190185546875,1021,31.158447265625,1,0.030517578125,0xCAC6071D,3,2468,528,0.01171875,9.640625,2.0625,0,0x14,0,0,0,1,0,1,0,0,0,1,,,,,,,,,,,,,,,,,,,,,,
771,10,FREECAM_3D,25.733333333333334,775148,23655.6396484375,1011,30.853271484375,32.41147378832839,39,1.190185546875,972,29.6630859375,0,0.0,0xAB0FE09C,3,2468,549,0.01171875,9.640625,2.14453125,0,0x14,0,0,0,1,0,1,0,0,0,1,,,,,,,,,,,,,,,,,,,,,,
772,10,FREECAM_3D,25.766666666666666,776155,23686.370849609375,1007,30.731201171875,32.540218470705064,39,1.190185546875,967,29.510498046875,1,0.030517578125,0x6E0C8873,3,2468,570,0.01171875,9.640625,2.2265625,0,0x14,0,0,0,1,0,1,0,0,0,1,,,,,,,,,,,,,,,,,,,,,,
773,10,FREECAM_3D,25.8,777156,23716.9189453125,1001,30.548095703125,32.735264735264735,38,1.15966796875,963,29.388427734375,0,0.0,0x44E06012,3,2468,591,0.01171875,9.640625,2.30859375,0,0x14,0,0,0,1,0,1,0,0,0,1,,,,,,,,,,,,,,,,,,,,,,
774,10,FREECAM_3D,25.833333333333332,778158,23747.49755859375,1002,30.57861328125,32.70259481037924,39,1.190185546875,962,29.35791015625,1,0.030517578125,0x40A22339,3,2468,612,0.01171875,9.640625,2.390625,0,0x14,0,0,0,1,0,1,0,0,0,1,,,,,,,,,,,,,,,,,,,,,,
775,10,FREECAM_3D,25.866666666666667,779158,23778.01513671875,1000,30.517578125,32.768,38,1.15966796875,961,29.327392578125,1,0.030517578125,0x80883878,3,2468,633,0.01171875,9.640625,2.47265625,0,0x14,0,0,0,1,0,1,0,0,0,1,,,,,,,,,,,,,,,,,,,,,,
776,10,FREECAM_3D,25.9,780155,23808.441162109375,997,30.426025390625,32.866599799398195,39,1.190185546875,957,29.205322265625,1,0.030517578125,0x74684B0F,3,2468,654,0.01171875,9.640625,2.5546875,0,0x14,0,0,0,1,0,1,0,0,0,1,,,,,,,,,,,,,,,,,,,,,,
777,10,FREECAM_3D,25.933333333333334,781153,23838.897705078125,998,30.45654296875,32.833667334669336,38,1.15966796875,959,29.266357421875,1,0.030517578125,0x65B5D9EE,3,2468,675,0.01171875,9.640625,2.63671875,0,0x14,0,0,0,1,0,1,0,0,0,1,,,,,,,,,,,,,,,,,,,,,,
778,10,FREECAM_3D,25.966666666666665,782147,23869.232177734375,994,30.33447265625,32.96579476861167,39,1.190185546875,955,29.144287109375,0,0.0,0x1E6F2665,3,2468,696,0.01171875,9.640625,2.71875,0,0x14,0,0,0,1,0,1,0,0,0,1,,,,,,,,,,,,,,,,,,,,,,
779,10,FREECAM_3D,26.0,783139,23899.505615234375,992,30.2734375,33.03225806451613,39,1.190185546875,952,29.052734375,1,0.030517578125,0xBB8A8BE4,3,2468,717,0.01171875,9.640625,2.80078125,0,0x14,0,0,0,1,0,1,0,0,0,1,,,,,,,,,,,,,,,,,,,,,,
780,10,FREECAM_3D,26.033333333333335,784077,23928.131103515625,938,28.62548828125,34.933901918976545,39,1.190185546875,898,27.40478515625,1,0.030517578125,0xDB7816DB,3,2468,738,0.01171875,9.640625,2.8828125,0,0x14,0,0,0,1,0,1,0,0,0,1,,,,,,,,,,,,,,,,,,,,,,
781,10,FREECAM_3D,26.066666666666666,785015,23956.756591796875,938,28.62548828125,34.933901918976545,38,1.15966796875,900,27.4658203125,0,0.0,0x62D805FA,3,2468,759,0.01171875,9.640625,2.96484375,0,0x14,0,0,0,1,0,1,0,0,0,1,,,,,,,,,,,,,,,,,,,,,,
782,10,FREECAM_3D,26.1,785903,23983.856201171875,888,27.099609375,36.9009009009009,39,1.190185546875,849,25.909423828125,0,0.0,0x65DFB648,3,2468,738,0.01171875,9.640625,2.8828125,0,0x14,0,0,0,1,0,1,0,0,0,1,,,,,,,,,,,,,,,,,,,,,,
783,10,FREECAM_3D,26.133333333333333,786898,24014.22119140625,995,30.364990234375,32.93266331658292,39,1.190185546875,955,29.144287109375,1,0.030517578125,0xF2845113,3,2468,717,0.01171875,9.640625,2.80078125,0,0x14,0,0,0,1,0,1,0,0,0,1,,,,,,,,,,,,,,,,,,,,,,
784,10,FREECAM_3D,26.166666666666668,787892,24044.5556640625,994,30.33447265625,32.96579476861167,39,1.190185546875,954,29.11376953125,1,0.030517578125,0xCE7B014A,3,2468,696,0.01171875,9.640625,2.71875,0,0x14,0,0,0,1,0,1,0,0,0,1,,,,,,,,,,,,,,,,,,,,,,
785,10,FREECAM_3D,26.2,788886,24074.89013671875,994,30.33447265625,32.96579476861167,38,1.15966796875,955,29.144287109375,1,0.030517578125,0x925B10E5,3,2468,675,0.01171875,9.640625,2.63671875,0,0x14,0,0,0,1,0,1,0,0,0,1,,,,,,,,,,,,,,,,,,,,,,
786,10,FREECAM_3D,26.233333333333334,789882,24105.28564453125,996,30.3955078125,32.899598393574294,38,1.15966796875,958,29.23583984375,0,0.0,0x5F5A5E4C,3,2468,654,0.01171875,9.640625,2.5546875,0,0x14,0,0,0,1,0,1,0,0,0,1,,,,,,,,,,,,,,,,,,,,,,
787,10,FREECAM_3D,26.266666666666666,790881,24135.772705078125,999,30.487060546875,32.8008008008008,39,1.190185546875,960,29.296875,0,0.0,0x1EC68647,3,2468,633,0.01171875,9.640625,2.47265625,0,0x14,0,0,0,1,0,1,0,0,0,1,,,,,,,,,,,,,,,,,,,,,,
788,10,FREECAM_3D,26.3,791881,24166.290283203125,1000,30.517578125,32.768,39,1.190185546875,960,29.296875,1,0.030517578125,0xA9D9C03E,3,2468,612,0.01171875,9.640625,2.390625,0,0x14,0,0,0,1,0,1,0,0,0,1,,,,,,,,,,,,,,,,,,,,,,
789,10,FREECAM_3D,26.333333333333332,792882,24196.83837890625,1001,30.548095703125,32.735264735264735,38,1.15966796875,963,29.388427734375,0,0.0,0x3A53DC19,3,2468,591,0.01171875,9.640625,2.30859375,0,0x14,0,0,0,1,0,1,0,0,0,1,,,,,,,,,,,,,,,,,,,,,,
790,10,FREECAM_3D,26.366666666666667,793886,24227.47802734375,1004,30.6396484375,32.63745019920319,39,1.190185546875,964,29.4189453125,1,0.030517578125,0x460FB860,3,2468,570,0.01171875,9.640625,2.2265625,0,0x14,0,0,0,1,0,1,0,0,0,1,,,,,,,,,,,,,,,,,,,,,,
791,10,FREECAM_3D,26.4,794890,24258.11767578125,1004,30.6396484375,32.63745019920319,39,1.190185546875,965,29.449462890625,0,0.0,0xF378EFAB,3,2468,549,0.01171875,9.640625,2.14453125,0,0x14,0,0,0,1,0,1,0,0,0,1,,,,,,,,,,,,,,,,,,,,,,
792,10,FREECAM_3D,26.433333333333334,795950,24290.46630859375,1060,32.3486328125,30.91320754716981,39,1.190185546875,1020,31.1279296875,1,0.030517578125,0xE192D4A2,3,2468,528,0.01171875,9.640625,2.0625,0,0x14,0,0,0,1,0,1,0,0,0,1,,,,,,,,,,,,,,,,,,,,,,
793,10,FREECAM_3D,26.466666666666665,797015,24322.967529296875,1065,32.501220703125,30.76807511737089,39,1.190185546875,1026,31.31103515625,0,0.0,0xD0839570,3,2468,507,0.01171875,9.640625,1.98046875,0,0x14,0,0,0,1,0,1,0,0,0,1,,,,,,,,,,,,,,,,,,,,,,
794,10,FREECAM_3D,26.5,798077,24355.377197265625,1062,32.40966796875,30.854990583804142,38,1.15966796875,1023,31.219482421875,1,0.030517578125,0x0298A6A1,3,2468,486,0.01171875,9.640625,1.8984375,0,0x14,0,0,0,1,0,1,0,0,0,1,,,,,,,,,,,,,,,,,,,,,,
795,10,FREECAM_3D,26.533333333333335,799141,24387.847900390625,1064,32.470703125,30.796992481203006,38,1.15966796875,1026,31.31103515625,0,0.0,0x96F755AE,3,2468,465,0.01171875,9.640625,1.81640625,0,0x14,0,0,0,1,0,1,0,0,0,1,,,,,,,,,,,,,,,,,,,,,,
796,10,FREECAM_3D,26.566666666666666,800203,24420.257568359375,1062,32.40966796875,30.854990583804142,39,1.190185546875,1023,31.219482421875,0,0.0,0x7B524AA7,3,2468,444,0.01171875,9.640625,1.734375,0,0x14,0,0,0,1,0,1,0,0,0,1,,,,,,,,,,,,,,,,,,,,,,
797,10,FREECAM_3D,26.6,801398,24456.72607421875,1195,36.468505859375,27.42092050209205,39,1.190185546875,1156,35.2783203125,0,0.0,0xF7553ED4,3,2468,423,0.01171875,9.640625,1.65234375,0,0x14,0,0,0,1,0,1,0,0,0,1,,,,,,,,,,,,,,,,,,,,,,
798,10,FREECAM_3D,26.633333333333333,802605,24493.560791015625,1207,36.834716796875,27.148301574150786,39,1.190185546875,1168,35.64453125,0,0.0,0xFF87F2E5,3,2468,402,0.01171875,9.640625,1.5703125,0,0x14,0,0,0,1,0,1,0,0,0,1,,,,,,,,,,,,,,,,,,,,,,
799,10,FREECAM_3D,26.666666666666668,803802,24530.09033203125,1197,36.529541015625,27.375104427736005,39,1.190185546875,1158,35.33935546875,0,0.0,0x8649B8B2,3,2468,381,0.01171875,9.640625,1.48828125,0,0x14,0,0,0,1,0,1,0,0,0,1,,,,,,,,,,,,,,,,,,,,,,
800,10,FREECAM_3D,26.7,805005,24566.802978515625,1203,36.712646484375,27.238570241064007,38,1.15966796875,1164,35.5224609375,1,0.030517578125,0xC0FA100B,3,2468,360,0.01171875,9.640625,1.40625,0,0x14,0,0,0,1,0,1,0,0,0,1,,,,,,,,,,,,,,,,,,,,,,
801,10,FREECAM_3D,26.733333333333334,806207,24603.485107421875,1202,36.68212890625,27.261231281198004,39,1.190185546875,1163,35.491943359375,0,0.0,0x95C89B68,3,2468,339,0.01171875,9.640625,1.32421875,0,0x14,0,0,0,1,0,1,0,0,0,1,,,,,,,,,,,,,,,,,,,,,,
802,10,FREECAM_3D,26.766666666666666,807412,24640.2587890625,1205,36.773681640625,27.19336099585062,39,1.190185546875,1165,35.552978515625,1,0.030517578125,0xE8578599,3,2468,318,0.01171875,9.640625,1.2421875,0,0x14,0,0,0,1,0,1,0,0,0,1,,,,,,,,,,,,,,,,,,,,,,
803,10,FREECAM_3D,26.8,808619,24677.093505859375,1207,36.834716796875,27.148301574150786,39,1.190185546875,1168,35.64453125,0,0.0,0x0F446DC6,3,2468,297,0.01171875,9.640625,1.16015625,0,0x14,0,0,0,1,0,1,0,0,0,1,,,,,,,,,,,,,,,,,,,,,,
804,10,FREECAM_3D,26.833333333333332,809900,24716.1865234375,1281,39.093017578125,25.580015612802498,39,1.190185546875,1242,37.90283203125,0,0.0,0xEEE9D65F,3,2468,276,0.01171875,9.640625,1.078125,0,0x14,0,0,0,1,0,1,0,0,0,1,,,,,,,,,,,,,,,,,,,,,,
805,10,FREECAM_3D,26.866666666666667,811178,24755.18798828125,1278,39.00146484375,25.640062597809077,39,1.190185546875,1239,37.811279296875,0,0.0,0x52A5135F,3,2468,255,0.01171875,9.640625,0.99609375,0,0x14,0,0,0,1,0,1,0,0,0,1,,,,,,,,,,,,,,,,,,,,,,
806,10,FREECAM_3D,26.9,812462,24794.37255859375,1284,39.1845703125,25.5202492211838,39,1.190185546875,1245,37.994384765625,0,0.0,0x44FB15E2,3,2468,234,0.01171875,9.640625,0.9140625,0,0x14,0,0,0,1,0,1,0,0,0,1,,,,,,,,,,,,,,,,,,,,,,
807,10,FREECAM_3D,26.933333333333334,813758,24833.92333984375,1296,39.55078125,25.28395061728395,39,1.190185546875,1256,38.330078125,1,0.030517578125,0xD485F245,3,2468,213,0.01171875,9.640625,0.83203125,0,0x14,0,0,0,1,0,1,0,0,0,1,,,,,,,,,,,,,,,,,,,,,,
808,10,FREECAM_3D,26.966666666666665,815060,24873.6572265625,1302,39.73388671875,25.167434715821813,39,1.190185546875,1263,38.543701171875,0,0.0,0x4D5E4FC0,3,2468,192,0.01171875,9.640625,0.75,0,0x14,0,0,0,1,0,1,0,0,0,1,,,,,,,,,,,,,,,,,,,,,,
809,10,FREECAM_3D,27.0,816382,24914.00146484375,1322,40.34423828125,24.786686838124055,39,1.190185546875,1282,39.12353515625,1,0.030517578125,0xE2A33C23,3,2468,171,0.01171875,9.640625,0.66796875,0,0x14,0,0,0,1,0,1,0,0,0,1,,,,,,,,,,,,,,,,,,,,,,
810,10,FREECAM_3D,27.033333333333335,817692,24953.9794921875,1310,39.97802734375,25.013740458015267,39,1.190185546875,1271,38.787841796875,0,0.0,0x03B947B6,3,2468,150,0.01171875,9.640625,0.5859375,0,0x14,0,0,0,1,0,1,0,0,0,1,,,,,,,,,,,,,,,,,,,,,,
811,10,FREECAM_3D,27.066666666666666,819005,24994.049072265625,1313,40.069580078125,24.956587966488957,39,1.190185546875,1273,38.848876953125,1,0.030517578125,0x4C12C299,3,2468,129,0.01171875,9.640625,0.50390625,0,0x14,0,0,0,1,0,1,0,0,0,1,,,,,,,,,,,,,,,,,,,,,,
812,10,FREECAM_3D,27.1,820238,25031.67724609375,1233,37.628173828125,26.575831305758314,38,1.15966796875,1195,36.468505859375,0,0.0,0x263CFA04,3,2468,108,0.01171875,9.640625,0.421875,0,0x14,0,0,0,1,0,1,0,0,0,1,,,,,,,,,,,,,,,,,,,,,,
813,10,FREECAM_3D,27.133333333333333,821473,25069.366455078125,1235,37.689208984375,26.532793522267205,39,1.190185546875,1195,36.468505859375,1,0.030517578125,0x5FEC65D7,3,2468,87,0.01171875,9.640625,0.33984375,0,0x14,0,0,0,1,0,1,0,0,0,1,,,,,,,,,,,,,,,,,,,,,,
814,10,FREECAM_3D,27.166666666666668,822700,25106.8115234375,1227,37.445068359375,26.705786471067643,38,1.15966796875,1189,36.285400390625,0,0.0,0x4C6FF3FA,3,2468,66,0.01171875,9.640625,0.2578125,0,0x14,0,0,0,1,0,1,0,0,0,1,,,,,,,,,,,,,,,,,,,,,,
815,10,FREECAM_3D,27.2,823902,25143.49365234375,1202,36.68212890625,27.261231281198004,39,1.190185546875,1163,35.491943359375,0,0.0,0x15EA0094,3,2468,64,0.01171875,9.640625,0.25,0,0x14,0,0,0,1,0,1,0,0,0,1,,,,,,,,,,,,,,,,,,,,,,
816,10,FREECAM_3D,27.233333333333334,825069,25179.107666015625,1167,35.614013671875,28.07883461868038,40,1.220703125,1127,34.393310546875,0,0.0,0x15EA0094,3,2468,64,0.01171875,9.640625,0.25,0,0x10,0,0,0,0,0,1,0,0,0,1,,,,,,,,,,,,,,,,,,,,,,
817,10,FREECAM_3D,27.266666666666666,826229,25214.508056640625,1160,35.400390625,28.248275862068965,40,1.220703125,1119,34.149169921875,1,0.030517578125,0x15EA0094,3,2468,64,0.01171875,9.640625,0.25,0,0x10,0,0,0,0,0,1,0,0,0,1,,,,,,,,,,,,,,,,,,,,,,
818,10,FREECAM_3D,27.3,827388,25249.8779296875,1159,35.369873046875,28.272648835202762,40,1.220703125,1119,34.149169921875,0,0.0,0x15EA0094,3,2468,64,0.01171875,9.640625,0.25,0,0x10,0,0,0,0,0,1,0,0,0,1,,,,,,,,,,,,,,,,,,,,,,
819,10,FREECAM_3D,27.333333333333332,828548,25285.2783203125,1160,35.400390625,28.248275862068965,40,1.220703125,1119,34.149169921875,1,0.030517578125,0x15EA0094,3,2468,64,0.01171875,9.640625,0.25,0,0x10,0,0,0,0,0,1,0,0,0,1,,,,,,,,,,,,,,,,,,,,,,
820,10,FREECAM_3D,27.366666666666667,829708,25320.6787109375,1160,35.400390625,28.248275862068965,40,1.220703125,1120,34.1796875,0,0.0,0x15EA0094,3,2468,64,0.01171875,9.640625,0.25,0,0x10,0,0,0,0,0,1,0,0,0,1,,,,,,,,,,,,,,,,,,,,,,
821,10,FREECAM_3D,27.4,830867,25356.048583984375,1159,35.369873046875,28.272648835202762,40,1.220703125,1119,34.149169921875,0,0.0,0x15EA0094,3,2468,64,0.01171875,9.640625,0.25,0,0x10,0,0,0,0,0,1,0,0,0,1,,,,,,,,,,,,,,,,,,,,,,
822,10,FREECAM_3D,27.433333333333334,832027,25391.448974609375,1160,35.400390625,28.248275862068965,40,1.220703125,1119,34.149169921875,1,0.030517578125,0x15EA0094,3,2468,64,0.01171875,9.640625,0.25,0,0x10,0,0,0,0,0,1,0,0,0,1,,,,,,,,,,,,,,,,,,,,,,
823,10,FREECAM_3D,27.466666666666665,833187,25426.849365234375,1160,35.400390625,28.248275862068965,40,1.220703125,1120,34.1796875,0,0.0,0x15EA0094,3,2468,64,0.01171875,9.640625,0.25,0,0x10,0,0,0,0,0,1,0,0,0,1,,,,,,,,,,,,,,,,,,,,,,
824,10,FREECAM_3D,27.5,834347,25462.249755859375,1160,35.400390625,28.248275862068965,40,1.220703125,1119,34.149169921875,1,0.030517578125,0x15EA0094,3,2468,64,0.01171875,9.640625,0.25,0,0x10,0,0,0,0,0,1,0,0,0,1,,,,,,,,,,,,,,,,,,,,,,
825,10,FREECAM_3D,27.533333333333335,835507,25497.650146484375,1160,35.400390625,28.248275862068965,40,1.220703125,1119,34.149169921875,1,0.030517578125,0x15EA0094,3,2468,64,0.01171875,9.640625,0.25,0,0x10,0,0,0,0,0,1,0,0,0,1,,,,,,,,,,,,,,,,,,,,,,
826,10,FREECAM_3D,27.566666666666666,836666,25533.02001953125,1159,35.369873046875,28.272648835202762,40,1.220703125,1119,34.149169921875,0,0.0,0x15EA0094,3,2468,64,0.01171875,9.640625,0.25,0,0x10,0,0,0,0,0,1,0,0,0,1,,,,,,,,,,,,,,,,,,,,,,
827,10,FREECAM_3D,27.6,837826,25568.42041015625,1160,35.400390625,28.248275862068965,40,1.220703125,1119,34.149169921875,1,0.030517578125,0x15EA0094,3,2468,64,0.01171875,9.640625,0.25,0,0x10,0,0,0,0,0,1,0,0,0,1,,,,,,,,,,,,,,,,,,,,,,
828,10,FREECAM_3D,27.633333333333333,838985,25603.790283203125,1159,35.369873046875,28.272648835202762,39,1.190185546875,1120,34.1796875,0,0.0,0x15EA0094,3,2468,64,0.01171875,9.640625,0.25,0,0x10,0,0,0,0,0,1,0,0,0,1,,,,,,,,,,,,,,,,,,,,,,
829,10,FREECAM_3D,27.666666666666668,840144,25639.16015625,1159,35.369873046875,28.272648835202762,40,1.220703125,1119,34.149169921875,0,0.0,0x15EA0094,3,2468,64,0.01171875,9.640625,0.25,0,0x10,0,0,0,0,0,1,0,0,0,1,,,,,,,,,,,,,,,,,,,,,,
830,10,FREECAM_3D,27.7,841476,25679.8095703125,1332,40.6494140625,24.6006006006006,45,1.373291015625,1286,39.24560546875,1,0.030517578125,0x52BD6CDC,15,2454,74,0.05859375,9.5859375,0.2890625,0,0x14,0,0,0,1,0,1,1,1,0,0,,,,,,,,,,,,,,,,,,,,,,
831,10,FREECAM_3D,27.733333333333334,842755,25718.841552734375,1279,39.031982421875,25.620015637216575,45,1.373291015625,1234,37.65869140625,0,0.0,0xD74FF083,28,2441,84,0.109375,9.53515625,0.328125,0,0x14,0,0,0,1,0,1,1,1,0,0,,,,,,,,,,,,,,,,,,,,,,
832,10,FREECAM_3D,27.766666666666666,844059,25758.636474609375,1304,39.794921875,25.12883435582822,46,1.40380859375,1257,38.360595703125,1,0.030517578125,0x67B4D90A,42,2429,94,0.1640625,9.48828125,0.3671875,0,0x14,0,0,0,1,0,1,1,1,0,0,,,,,,,,,,,,,,,,,,,,,,
833,10,FREECAM_3D,27.8,845347,25797.943115234375,1288,39.306640625,25.440993788819874,46,1.40380859375,1241,37.872314453125,1,0.030517578125,0x61F2FB2B,57,2418,104,0.22265625,9.4453125,0.40625,0,0x14,0,0,0,1,0,1,1,1,0,0,,,,,,,,,,,,,,,,,,,,,,
834,10,FREECAM_3D,27.833333333333332,846640,25837.40234375,1293,39.459228515625,25.34261407579273,46,1.40380859375,1246,38.02490234375,1,0.030517578125,0x40E7F905,72,2408,114,0.28125,9.40625,0.4453125,0,0x14,0,0,0,1,0,1,1,1,0,0,,,,,,,,,,,,,,,,,,,,,,
835,10,FREECAM_3D,27.866666666666667,847866,25874.81689453125,1226,37.41455078125,26.72756933115824,47,1.434326171875,1179,35.980224609375,0,0.0,0x8313C4A5,88,2400,124,0.34375,9.375,0.484375,0,0x14,0,0,0,1,0,1,1,1,0,0,,,,,,,,,,,,,,,,,,,,,,
836,10,FREECAM_3D,27.9,849066,25911.43798828125,1200,36.62109375,27.30666666666667,46,1.40380859375,1154,35.21728515625,0,0.0,0x24D43927,105,2393,134,0.41015625,9.34765625,0.5234375,0,0x14,0,0,0,1,0,1,1,1,0,0,,,,,,,,,,,,,,,,,,,,,,
837,10,FREECAM_3D,27.933333333333334,850223,25946.746826171875,1157,35.308837890625,28.32152117545376,46,1.40380859375,1111,33.905029296875,0,0.0,0xA292C121,122,2387,144,0.4765625,9.32421875,0.5625,0,0x14,0,0,0,1,0,1,1,1,0,0,,,,,,,,,,,,,,,,,,,,,,
838,10,FREECAM_3D,27.966666666666665,851380,25982.0556640625,1157,35.308837890625,28.32152117545376,46,1.40380859375,1110,33.87451171875,1,0.030517578125,0xFEB3DA71,140,2382,154,0.546875,9.3046875,0.6015625,0,0x14,0,0,0,1,0,1,1,1,0,0,,,,,,,,,,,,,,,,,,,,,,
839,10,FREECAM_3D,28.0,852546,26017.63916015625,1166,35.58349609375,28.102915951972555,46,1.40380859375,1120,34.1796875,0,0.0,0x9F314D1C,158,2379,164,0.6171875,9.29296875,0.640625,0,0x14,0,0,0,1,0,1,1,1,0,0,,,,,,,,,,,,,,,,,,,,,,
840,10,FREECAM_3D,28.033333333333335,853743,26054.168701171875,1197,36.529541015625,27.375104427736005,46,1.40380859375,1150,35.09521484375,1,0.030517578125,0x5F9A1335,176,2377,174,0.6875,9.28515625,0.6796875,0,0x14,0,0,0,1,0,1,1,1,0,0,,,,,,,,,,,,,,,,,,,,,,
841,10,FREECAM_3D,28.066666666666666,854939,26090.667724609375,1196,36.4990234375,27.39799331103679,47,1.434326171875,1148,35.0341796875,1,0.030517578125,0x191BEFC4,194,2376,184,0.7578125,9.28125,0.71875,0,0x14,0,0,0,1,0,1,1,1,0,0,,,,,,,,,,,,,,,,,,,,,,
842,10,FREECAM_3D,28.1,855999,26123.016357421875,1060,32.3486328125,30.91320754716981,46,1.40380859375,1014,30.94482421875,0,0.0,0xF81F3FA2,212,2376,194,0.828125,9.28125,0.7578125,0,0x14,0,0,0,1,0,1,1,1,0,0,,,,,,,,,,,,,,,,,,,,,,
843,10,FREECAM_3D,28.133333333333333,857108,26156.8603515625,1109,33.843994140625,29.547339945897203,46,1.40380859375,1063,32.440185546875,0,0.0,0x6A0A22B9,230,2377,204,0.8984375,9.28515625,0.796875,0,0x14,0,0,0,1,0,1,1,1,0,0,,,,,,,,,,,,,,,,,,,,,,
844,10,FREECAM_3D,28.166666666666668,858213,26190.582275390625,1105,33.721923828125,29.654298642533938,46,1.40380859375,1058,32.28759765625,1,0.030517578125,0xF257D097,248,2380,214,0.96875,9.296875,0.8359375,0,0x14,0,0,0,1,0,1,1,1,0,0,,,,,,,,,,,,,,,,,,,,,,
845,10,FREECAM_3D,28.2,859328,26224.609375,1115,34.027099609375,29.388340807174888,46,1.40380859375,1069,32.623291015625,0,0.0,0x65803F82,266,2384,224,1.0390625,9.3125,0.875,0,0x14,0,0,0,1,0,1,1,1,0,0,,,,,,,,,,,,,,,,,,,,,,
846,10,FREECAM_3D,28.233333333333334,860471,26259.490966796875,1143,34.881591796875,28.668416447944008,46,1.40380859375,1097,33.477783203125,0,0.0,0x67365819,283,2389,234,1.10546875,9.33203125,0.9140625,0,0x14,0,0,0,1,0,1,1,1,0,0,,,,,,,,,,,,,,,,,,,,,,
847,10,FREECAM_3D,28.266666666666666,861588,26293.5791015625,1117,34.088134765625,29.335720680393912,46,1.40380859375,1070,32.65380859375,1,0.030517578125,0x104A20FB,300,2396,244,1.171875,9.359375,0.953125,0,0x14,0,0,0,1,0,1,1,1,0,0,,,,,,,,,,,,,,,,,,,,,,
848,10,FREECAM_3D,28.3,862753,26329.132080078125,1165,35.552978515625,28.12703862660944,46,1.40380859375,1119,34.149169921875,0,0.0,0x6665B920,316,2404,254,1.234375,9.390625,0.9921875,0,0x14,0,0,0,1,0,1,1,1,0,0,,,,,,,,,,,,,,,,,,,,,,
849,10,FREECAM_3D,28.333333333333332,863876,26363.4033203125,1123,34.271240234375,29.178984861976847,46,1.40380859375,1076,32.8369140625,1,0.030517578125,0x3F6F3346,332,2413,264,1.296875,9.42578125,1.03125,0,0x14,0,0,0,1,0,1,1,1,0,0,,,,,,,,,,,,,,,,,,,,,,
850,10,FREECAM_3D,28.366666666666667,864926,26395.44677734375,1050,32.04345703125,31.207619047619048,46,1.40380859375,1004,30.6396484375,0,0.0,0xAEF07C4C,347,2423,274,1.35546875,9.46484375,1.0703125,0,0x14,0,0,0,1,0,1,1,1,0,0,,,,,,,,,,,,,,,,,,,,,,
851,10,FREECAM_3D,28.4,866022,26428.89404296875,1096,33.447265625,29.8978102189781,46,1.40380859375,1049,32.012939453125,1,0.030517578125,0x61E64260,361,2434,284,1.41015625,9.5078125,1.109375,0,0x14,0,0,0,1,0,1,1,1,0,0,,,,,,,,,,,,,,,,,,,,,,
852,10,FREECAM_3D,28.433333333333334,867110,26462.09716796875,1088,33.203125,30.11764705882353,46,1.40380859375,1042,31.79931640625,0,0.0,0xC82711CF,374,2447,294,1.4609375,9.55859375,1.1484375,0,0x14,0,0,0,1,0,1,1,1,0,0,,,,,,,,,,,,,,,,,,,,,,
853,10,FREECAM_3D,28.466666666666665,868133,26493.316650390625,1023,31.219482421875,32.03128054740958,46,1.40380859375,977,29.815673828125,0,0.0,0xB2A40B9D,386,2460,304,1.5078125,9.609375,1.1875,0,0x1C,0,0,0,1,1,1,1,1,0,0,,,,,,,,,,,,,,,,,,,,,,
