frame_index,section_id,section_name,simulation_time_seconds,measured_elapsed_ticks,measured_elapsed_ms,total_ticks,total_ms,instantaneous_fps,update_ticks,update_ms,render_ticks,render_ms,swap_ticks,swap_ms,state_hash,position_x_raw,position_y_raw,position_z_raw,position_x,position_y,position_z,room,flags,detailed,excluded_from_clean_stats,crossed_portal,changed,section_end,freecam,move_axis,turn_axis,look_axis,buttons_active,detail_corrected_total_ms,admin_corrected_ms,setup_corrected_ms,root_geometry_corrected_ms,root_fill_corrected_ms,portal_setup_corrected_ms,portal_geometry_corrected_ms,portal_fill_corrected_ms,wait_corrected_ms,present_corrected_ms,overlay_corrected_ms,transformed_vertices,projected_points,rasterized_polygons,raster_rows,filled_spans,filled_pixels,portal_composite_pixels,portal_clip_pixels,full_portal_views,lod_portal_views,edge_division_fallbacks
0,1,OPEN_YAW,0.03333333333333333,1391,42.449951171875,1391,42.449951171875,23.557153127246586,28,0.8544921875,1362,41.56494140625,1,0.030517578125,0x5E9768D3,0,512,384,0.0,2.0,1.5,0,0x04,0,0,0,1,0,0,0,1,0,0,,,,,,,,,,,,,,,,,,,,,,
1,1,OPEN_YAW,0.06666666666666667,2803,85.540771484375,1412,43.0908203125,23.206798866855525,28,0.8544921875,1383,42.205810546875,1,0.030517578125,0x8B3821D2,0,512,384,0.0,2.0,1.5,0,0x06,1,1,0,1,0,0,0,1,0,0,45.95947265625,0.0,0.244140625,7.8125,9.46044921875,1.190185546875,3.265380859375,1.556396484375,0.0,21.8505859375,0.579833984375,0,0,0,0,0,0,0,0,0,0,0
2,1,OPEN_YAW,0.1,3999,122.039794921875,1196,36.4990234375,27.39799331103679,28,0.8544921875,1167,35.614013671875,1,0.030517578125,0x58A773FF,0,512,384,0.0,2.0,1.5,0,0x04,0,0,0,1,0,0,0,1,0,0,,,,,,,,,,,,,,,,,,,,,,
3,1,OPEN_YAW,0.13333333333333333,5164,157.5927734375,1165,35.552978515625,28.12703862660944,28,0.8544921875,1137,34.698486328125,0,0.0,0xAED9429C,0,512,384,0.0,2.0,1.5,0,0x04,0,0,0,1,0,0,0,1,0,0,,,,,,,,,,,,,,,,,,,,,,
4,1,OPEN_YAW,0.16666666666666666,6326,193.05419921875,1162,35.46142578125,28.199655765920827,28,0.8544921875,1134,34.60693359375,0,0.0,0x45E0B719,0,512,384,0.0,2.0,1.5,0,0x04,0,0,0,1,0,0,0,1,0,0,,,,,,,,,,,,,,,,,,,,,,
5,1,OPEN_YAW,0.2,7494,228.69873046875,1168,35.64453125,28.054794520547944,28,0.8544921875,1140,34.7900390625,0,0.0,0x1A9A2DD0,0,512,384,0.0,2.0,1.5,0,0x04,0,0,0,1,0,0,0,1,0,0,,,,,,,,,,,,,,,,,,,,,,
6,1,OPEN_YAW,0.23333333333333334,8673,264.678955078125,1179,35.980224609375,27.793044953350297,28,0.8544921875,1151,35.125732421875,0,0.0,0xF0C60EB7,0,512,384,0.0,2.0,1.5,0,0x04,0,0,0,1,0,0,0,1,0,0,,,,,,,,,,,,,,,,,,,,,,
7,1,OPEN_YAW,0.26666666666666666,9831,300.018310546875,1158,35.33935546875,28.29706390328152,28,0.8544921875,1129,34.454345703125,1,0.030517578125,0xD27F4708,0,512,384,0.0,2.0,1.5,0,0x04,0,0,0,1,0,0,0,1,0,0,,,,,,,,,,,,,,,,,,,,,,
8,1,OPEN_YAW,0.3,10962,334.53369140625,1131,34.515380859375,28.97259062776304,28,0.8544921875,1103,33.660888671875,0,0.0,0x94A84683,0,512,384,0.0,2.0,1.5,0,0x04,0,0,0,1,0,0,0,1,0,0,,,,,,,,,,,,,,,,,,,,,,
9,1,OPEN_YAW,0.3333333333333333,12042,367.49267578125,1080,32.958984375,30.340740740740742,28,0.8544921875,1052,32.1044921875,0,0.0,0x1F45C49E,0,512,384,0.0,2.0,1.5,0,0x04,0,0,0,1,0,0,0,1,0,0,,,,,,,,,,,,,,,,,,,,,,
10,1,OPEN_YAW,0.36666666666666664,13076,399.0478515625,1034,31.55517578125,31.690522243713733,28,0.8544921875,1006,30.70068359375,0,0.0,0x6E85EBC5,0,512,384,0.0,2.0,1.5,0,0x04,0,0,0,1,0,0,0,1,0,0,,,,,,,,,,,,,,,,,,,,,,
11,1,OPEN_YAW,0.4,13890,423.88916015625,814,24.84130859375,40.255528255528255,28,0.8544921875,786,23.98681640625,0,0.0,0x70470C18,0,512,384,0.0,2.0,1.5,0,0x04,0,0,0,1,0,0,0,1,0,0,,,,,,,,,,,,,,,,,,,,,,
12,1,OPEN_YAW,0.43333333333333335,14703,448.699951171875,813,24.810791015625,40.305043050430506,28,0.8544921875,785,23.956298828125,0,0.0,0xE47DEAEF,0,512,384,0.0,2.0,1.5,0,0x04,0,0,0,1,0,0,0,1,0,0,,,,,,,,,,,,,,,,,,,,,,
13,1,OPEN_YAW,0.4666666666666667,15523,473.724365234375,820,25.0244140625,39.9609756097561,28,0.8544921875,792,24.169921875,0,0.0,0x44510D1A,0,512,384,0.0,2.0,1.5,0,0x04,0,0,0,1,0,0,0,1,0,0,,,,,,,,,,,,,,,,,,,,,,
14,1,OPEN_YAW,0.5,16274,496.64306640625,751,22.918701171875,43.63249001331558,28,0.8544921875,723,22.064208984375,0,0.0,0x57F83B3D,0,512,384,0.0,2.0,1.5,0,0x04,0,0,0,1,0,0,0,1,0,0,,,,,,,,,,,,,,,,,,,,,,
15,1,OPEN_YAW,0.5333333333333333,16873,514.923095703125,599,18.280029296875,54.70450751252087,28,0.8544921875,570,17.39501953125,1,0.030517578125,0xFC68B016,0,512,384,0.0,2.0,1.5,0,0x04,0,0,0,1,0,0,0,1,0,0,,,,,,,,,,,,,,,,,,,,,,
16,1,OPEN_YAW,0.5666666666666667,17465,532.989501953125,592,18.06640625,55.351351351351354,28,0.8544921875,563,17.181396484375,1,0.030517578125,0xA5F2BEEB,0,512,384,0.0,2.0,1.5,0,0x04,0,0,0,1,0,0,0,1,0,0,,,,,,,,,,,,,,,,,,,,,,
17,1,OPEN_YAW,0.6,17982,548.76708984375,517,15.777587890625,63.38104448742747,28,0.8544921875,489,14.923095703125,0,0.0,0xC813CCF6,0,512,384,0.0,2.0,1.5,0,0x04,0,0,0,1,0,0,0,1,0,0,,,,,,,,,,,,,,,,,,,,,,
18,1,OPEN_YAW,0.6333333333333333,18640,568.84765625,658,20.08056640625,49.79939209726444,28,0.8544921875,629,19.195556640625,1,0.030517578125,0xFA8FA93F,0,512,384,0.0,2.0,1.5,0,0x04,0,0,0,1,0,0,0,1,0,0,,,,,,,,,,,,,,,,,,,,,,
19,1,OPEN_YAW,0.6666666666666666,19295,588.836669921875,655,19.989013671875,50.027480916030534,28,0.8544921875,626,19.10400390625,1,0.030517578125,0xFC0E3B5E,0,512,384,0.0,2.0,1.5,0,0x04,0,0,0,1,0,0,0,1,0,0,,,,,,,,,,,,,,,,,,,,,,
20,1,OPEN_YAW,0.7,20002,610.41259765625,707,21.575927734375,46.34794908062235,28,0.8544921875,679,20.721435546875,0,0.0,0xAC3150F9,0,512,384,0.0,2.0,1.5,0,0x04,0,0,0,1,0,0,0,1,0,0,,,,,,,,,,,,,,,,,,,,,,
21,1,OPEN_YAW,0.7333333333333333,20786,634.33837890625,784,23.92578125,41.795918367346935,28,0.8544921875,755,23.040771484375,1,0.030517578125,0xCB25181A,0,512,384,0.0,2.0,1.5,0,0x04,0,0,0,1,0,0,0,1,0,0,,,,,,,,,,,,,,,,,,,,,,
22,1,OPEN_YAW,0.7666666666666667,21513,656.524658203125,727,22.186279296875,45.07290233837689,29,0.885009765625,698,21.30126953125,0,0.0,0x48C590F3,0,512,384,0.0,2.0,1.5,0,0x04,0,0,0,1,0,0,0,1,0,0,,,,,,,,,,,,,,,,,,,,,,
23,1,OPEN_YAW,0.8,22230,678.40576171875,717,21.881103515625,45.701534170153415,28,0.8544921875,688,20.99609375,1,0.030517578125,0xF1FADB42,0,512,384,0.0,2.0,1.5,0,0x04,0,0,0,1,0,0,0,1,0,0,,,,,,,,,,,,,,,,,,,,,,
24,1,OPEN_YAW,0.8333333333333334,22939,700.042724609375,709,21.636962890625,46.217207334273624,28,0.8544921875,681,20.782470703125,0,0.0,0x09DBF567,0,512,384,0.0,2.0,1.5,0,0x04,0,0,0,1,0,0,0,1,0,0,,,,,,,,,,,,,,,,,,,,,,
25,1,OPEN_YAW,0.8666666666666667,23665,722.198486328125,726,22.15576171875,45.13498622589532,28,0.8544921875,697,21.270751953125,1,0.030517578125,0x727A5D9C,0,512,384,0.0,2.0,1.5,0,0x04,0,0,0,1,0,0,0,1,0,0,,,,,,,,,,,,,,,,,,,,,,
26,1,OPEN_YAW,0.9,24393,744.415283203125,728,22.216796875,45.010989010989015,29,0.885009765625,699,21.331787109375,0,0.0,0x6BDB5333,0,512,384,0.0,2.0,1.5,0,0x04,0,0,0,1,0,0,0,1,0,0,,,,,,,,,,,,,,,,,,,,,,
27,1,OPEN_YAW,0.9333333333333333,25093,765.777587890625,700,21.3623046875,46.81142857142857,28,0.8544921875,672,20.5078125,0,0.0,0x5AD6DB54,0,512,384,0.0,2.0,1.5,0,0x04,0,0,0,1,0,0,0,1,0,0,,,,,,,,,,,,,,,,,,,,,,
28,1,OPEN_YAW,0.9666666666666667,25792,787.109375,699,21.331787109375,46.87839771101574,28,0.8544921875,671,20.477294921875,0,0.0,0xE5D4D0F1,0,512,384,0.0,2.0,1.5,0,0x04,0,0,0,1,0,0,0,1,0,0,,,,,,,,,,,,,,,,,,,,,,
29,1,OPEN_YAW,1.0,26510,809.02099609375,718,21.91162109375,45.637883008356546,28,0.8544921875,689,21.026611328125,1,0.030517578125,0x160A0806,0,512,384,0.0,2.0,1.5,0,0x04,0,0,0,1,0,0,0,1,0,0,,,,,,,,,,,,,,,,,,,,,,
30,1,OPEN_YAW,1.0333333333333334,27220,830.6884765625,710,21.66748046875,46.15211267605634,29,0.885009765625,681,20.782470703125,0,0.0,0x779CD11B,0,512,384,0.0,2.0,1.5,0,0x04,0,0,0,1,0,0,0,1,0,0,,,,,,,,,,,,,,,,,,,,,,
31,1,OPEN_YAW,1.0666666666666667,27924,852.1728515625,704,21.484375,46.54545454545455,28,0.8544921875,676,20.6298828125,0,0.0,0xFB682E46,0,512,384,0.0,2.0,1.5,0,0x04,0,0,0,1,0,0,0,1,0,0,,,,,,,,,,,,,,,,,,,,,,
32,1,OPEN_YAW,1.1,28623,873.504638671875,699,21.331787109375,46.87839771101574,28,0.8544921875,670,20.44677734375,1,0.030517578125,0xAB4F68AF,0,512,384,0.0,2.0,1.5,0,0x04,0,0,0,1,0,0,0,1,0,0,,,,,,,,,,,,,,,,,,,,,,
33,1,OPEN_YAW,1.1333333333333333,29337,895.294189453125,714,21.78955078125,45.89355742296919,28,0.8544921875,685,20.904541015625,1,0.030517578125,0x0191D5F6,0,512,384,0.0,2.0,1.5,0,0x04,0,0,0,1,0,0,0,1,0,0,,,,,,,,,,,,,,,,,,,,,,
34,1,OPEN_YAW,1.1666666666666667,30041,916.778564453125,704,21.484375,46.54545454545455,28,0.8544921875,676,20.6298828125,0,0.0,0x47E40981,0,512,384,0.0,2.0,1.5,0,0x04,0,0,0,1,0,0,0,1,0,0,,,,,,,,,,,,,,,,,,,,,,
35,1,OPEN_YAW,1.2,30735,937.957763671875,694,21.17919921875,47.216138328530256,28,0.8544921875,665,20.294189453125,1,0.030517578125,0x58D899FA,0,512,384,0.0,2.0,1.5,0,0x04,0,0,0,1,0,0,0,1,0,0,,,,,,,,,,,,,,,,,,,,,,
36,1,OPEN_YAW,1.2333333333333334,31303,955.291748046875,568,17.333984375,57.690140845070424,28,0.8544921875,540,16.4794921875,0,0.0,0x82178F31,0,512,384,0.0,2.0,1.5,0,0x04,0,0,0,1,0,0,0,1,0,0,,,,,,,,,,,,,,,,,,,,,,
37,1,OPEN_YAW,1.2666666666666666,31868,972.5341796875,565,17.242431640625,57.99646017699115,28,0.8544921875,536,16.357421875,1,0.030517578125,0x47A89276,0,512,384,0.0,2.0,1.5,0,0x04,0,0,0,1,0,0,0,1,0,0,,,,,,,,,,,,,,,,,,,,,,
38,1,OPEN_YAW,1.3,32360,987.548828125,492,15.0146484375,66.60162601626017,28,0.8544921875,463,14.129638671875,1,0.030517578125,0x9B4B1FEF,0,512,384,0.0,2.0,1.5,0,0x04,0,0,0,1,0,0,0,1,0,0,,,,,,,,,,,,,,,,,,,,,,
39,1,OPEN_YAW,1.3333333333333333,32841,1002.227783203125,481,14.678955078125,68.12474012474013,28,0.8544921875,453,13.824462890625,0,0.0,0x2EA80794,0,512,384,0.0,2.0,1.5,0,0x04,0,0,0,1,0,0,0,1,0,0,,,,,,,,,,,,,,,,,,,,,,
40,1,OPEN_YAW,1.3666666666666667,33297,1016.143798828125,456,13.916015625,71.85964912280701,28,0.8544921875,428,13.0615234375,0,0.0,0x9320BBD7,0,512,384,0.0,2.0,1.5,0,0x04,0,0,0,1,0,0,0,1,0,0,,,,,,,,,,,,,,,,,,,,,,
41,1,OPEN_YAW,1.4,33754,1030.09033203125,457,13.946533203125,71.70240700218818,28,0.8544921875,428,13.0615234375,1,0.030517578125,0xF1D64FEB,0,512,384,0.0,2.0,1.5,0,0x04,0,0,0,1,0,0,0,1,0,0,,,,,,,,,,,,,,,,,,,,,,
42,1,OPEN_YAW,1.4333333333333333,34211,1044.036865234375,457,13.946533203125,71.70240700218818,28,0.8544921875,428,13.0615234375,1,0.030517578125,0x313FD664,0,512,384,0.0,2.0,1.5,0,0x04,0,0,0,1,0,0,0,1,0,0,,,,,,,,,,,,,,,,,,,,,,
43,1,OPEN_YAW,1.4666666666666666,34668,1057.9833984375,457,13.946533203125,71.70240700218818,28,0.8544921875,428,13.0615234375,1,0.030517578125,0xD37C3B3A,0,512,384,0.0,2.0,1.5,0,0x04,0,0,0,1,0,0,0,1,0,0,,,,,,,,,,,,,,,,,,,,,,
44,1,OPEN_YAW,1.5,35125,1071.929931640625,457,13.946533203125,71.70240700218818,28,0.8544921875,429,13.092041015625,0,0.0,0xC85E6E2D,0,512,384,0.0,2.0,1.5,0,0x04,0,0,0,1,0,0,0,1,0,0,,,,,,,,,,,,,,,,,,,,,,
45,1,OPEN_YAW,1.5333333333333334,35602,1086.48681640625,477,14.556884765625,68.69601677148847,28,0.8544921875,449,13.702392578125,0,0.0,0x241E983A,0,512,384,0.0,2.0,1.5,0,0x04,0,0,0,1,0,0,0,1,0,0,,,,,,,,,,,,,,,,,,,,,,
46,1,OPEN_YAW,1.5666666666666667,36085,1101.226806640625,483,14.739990234375,67.84265010351967,28,0.8544921875,454,13.85498046875,1,0.030517578125,0x26D8A8C7,0,512,384,0.0,2.0,1.5,0,0x04,0,0,0,1,0,0,0,1,0,0,,,,,,,,,,,,,,,,,,,,,,
47,1,OPEN_YAW,1.6,36578,1116.27197265625,493,15.045166015625,66.46653144016227,28,0.8544921875,464,14.16015625,1,0.030517578125,0x57BE9584,0,512,384,0.0,2.0,1.5,0,0x04,0,0,0,1,0,0,0,1,0,0,,,,,,,,,,,,,,,,,,,,,,
48,1,OPEN_YAW,1.6333333333333333,37221,1135.894775390625,643,19.622802734375,50.96111975116641,27,0.823974609375,616,18.798828125,0,0.0,0x8ED5AA07,0,512,384,0.0,2.0,1.5,0,0x04,0,0,0,1,0,0,0,1,0,0,,,,,,,,,,,,,,,,,,,,,,
49,1,OPEN_YAW,1.6666666666666667,37861,1155.426025390625,640,19.53125,51.2,28,0.8544921875,612,18.6767578125,0,0.0,0x4BBB54B2,0,512,384,0.0,2.0,1.5,0,0x04,0,0,0,1,0,0,0,1,0,0,,,,,,,,,,,,,,,,,,,,,,
50,1,OPEN_YAW,1.7,38558,1176.69677734375,697,21.270751953125,47.012912482066,28,0.8544921875,669,20.416259765625,0,0.0,0x48512005,0,512,384,0.0,2.0,1.5,0,0x04,0,0,0,1,0,0,0,1,0,0,,,,,,,,,,,,,,,,,,,,,,
51,1,OPEN_YAW,1.7333333333333334,39254,1197.93701171875,696,21.240234375,47.08045977011494,28,0.8544921875,668,20.3857421875,0,0.0,0xE2849AE4,0,512,384,0.0,2.0,1.5,0,0x04,0,0,0,1,0,0,0,1,0,0,,,,,,,,,,,,,,,,,,,,,,
52,1,OPEN_YAW,1.7666666666666666,39966,1219.66552734375,712,21.728515625,46.02247191011236,28,0.8544921875,684,20.8740234375,0,0.0,0x06B91CB7,0,512,384,0.0,2.0,1.5,0,0x04,0,0,0,1,0,0,0,1,0,0,,,,,,,,,,,,,,,,,,,,,,
53,1,OPEN_YAW,1.8,40674,1241.27197265625,708,21.6064453125,46.282485875706215,28,0.8544921875,679,20.721435546875,1,0.030517578125,0xEF7CD81A,0,512,384,0.0,2.0,1.5,0,0x04,0,0,0,1,0,0,0,1,0,0,,,,,,,,,,,,,,,,,,,,,,
54,1,OPEN_YAW,1.8333333333333333,41373,1262.603759765625,699,21.331787109375,46.87839771101574,28,0.8544921875,670,20.44677734375,1,0.030517578125,0x50648D73,0,512,384,0.0,2.0,1.5,0,0x04,0,0,0,1,0,0,0,1,0,0,,,,,,,,,,,,,,,,,,,,,,
55,1,OPEN_YAW,1.8666666666666667,42092,1284.5458984375,719,21.942138671875,45.574408901251736,28,0.8544921875,691,21.087646484375,0,0.0,0xAAF43222,0,512,384,0.0,2.0,1.5,0,0x04,0,0,0,1,0,0,0,1,0,0,,,,,,,,,,,,,,,,,,,,,,
56,1,OPEN_YAW,1.9,42804,1306.2744140625,712,21.728515625,46.02247191011236,28,0.8544921875,684,20.8740234375,0,0.0,0x3BD3184F,0,512,384,0.0,2.0,1.5,0,0x04,0,0,0,1,0,0,0,1,0,0,,,,,,,,,,,,,,,,,,,,,,
57,1,OPEN_YAW,1.9333333333333333,43521,1328.155517578125,717,21.881103515625,45.701534170153415,28,0.8544921875,689,21.026611328125,0,0.0,0x076558F0,0,512,384,0.0,2.0,1.5,0,0x04,0,0,0,1,0,0,0,1,0,0,,,,,,,,,,,,,,,,,,,,,,
58,1,OPEN_YAW,1.9666666666666666,44229,1349.761962890625,708,21.6064453125,46.282485875706215,28,0.8544921875,680,20.751953125,0,0.0,0x498711DD,0,512,384,0.0,2.0,1.5,0,0x04,0,0,0,1,0,0,0,1,0,0,,,,,,,,,,,,,,,,,,,,,,
59,1,OPEN_YAW,2.0,44961,1372.100830078125,732,22.3388671875,44.76502732240437,28,0.8544921875,703,21.453857421875,1,0.030517578125,0x46A0A0DE,0,512,384,0.0,2.0,1.5,0,0x04,0,0,0,1,0,0,0,1,0,0,,,,,,,,,,,,,,,,,,,,,,
60,1,OPEN_YAW,2.033333333333333,45683,1394.134521484375,722,22.03369140625,45.38504155124654,28,0.8544921875,694,21.17919921875,0,0.0,0x9DD3D2F1,0,512,384,0.0,2.0,1.5,0,0x04,0,0,0,1,0,0,0,1,0,0,,,,,,,,,,,,,,,,,,,,,,
61,1,OPEN_YAW,2.066666666666667,46403,1416.107177734375,720,21.97265625,45.51111111111111,28,0.8544921875,692,21.1181640625,0,0.0,0x7811DB3C,0,512,384,0.0,2.0,1.5,0,0x04,0,0,0,1,0,0,0,1,0,0,,,,,,,,,,,,,,,,,,,,,,
62,1,OPEN_YAW,2.1,47110,1437.68310546875,707,21.575927734375,46.34794908062235,28,0.8544921875,679,20.721435546875,0,0.0,0x84E13E89,0,512,384,0.0,2.0,1.5,0,0x04,0,0,0,1,0,0,0,1,0,0,,,,,,,,,,,,,,,,,,,,,,
63,1,OPEN_YAW,2.1333333333333333,47823,1459.442138671875,713,21.759033203125,45.95792426367461,28,0.8544921875,685,20.904541015625,0,0.0,0x87201FF4,0,512,384,0.0,2.0,1.5,0,0x04,0,0,0,1,0,0,0,1,0,0,,,,,,,,,,,,,,,,,,,,,,
64,1,OPEN_YAW,2.1666666666666665,48381,1476.470947265625,558,17.02880859375,58.72401433691756,28,0.8544921875,530,16.17431640625,0,0.0,0x84E13E89,0,512,384,0.0,2.0,1.5,0,0x04,0,0,0,1,0,0,0,-1,0,0,,,,,,,,,,,,,,,,,,,,,,
65,1,OPEN_YAW,2.2,49112,1498.779296875,731,22.308349609375,44.82626538987688,28,0.8544921875,703,21.453857421875,0,0.0,0x7811DB3C,0,512,384,0.0,2.0,1.5,0,0x04,0,0,0,1,0,0,0,-1,0,0,,,,,,,,,,,,,,,,,,,,,,
66,1,OPEN_YAW,2.2333333333333334,49819,1520.355224609375,707,21.575927734375,46.34794908062235,28,0.8544921875,679,20.721435546875,0,0.0,0x9DD3D2F1,0,512,384,0.0,2.0,1.5,0,0x04,0,0,0,1,0,0,0,-1,0,0,,,,,,,,,,,,,,,,,,,,,,
67,1,OPEN_YAW,2.2666666666666666,50538,1542.29736328125,719,21.942138671875,45.574408901251736,28,0.8544921875,690,21.05712890625,1,0.030517578125,0x46A0A0DE,0,512,384,0.0,2.0,1.5,0,0x04,0,0,0,1,0,0,0,-1,0,0,,,,,,,,,,,,,,,,,,,,,,
68,1,OPEN_YAW,2.3,51260,1564.3310546875,722,22.03369140625,45.38504155124654,27,0.823974609375,695,21.209716796875,0,0.0,0x498711DD,0,512,384,0.0,2.0,1.5,0,0x04,0,0,0,1,0,0,0,-1,0,0,,,,,,,,,,,,,,,,,,,,,,
69,1,OPEN_YAW,2.3333333333333335,51992,1586.669921875,732,22.3388671875,44.76502732240437,28,0.8544921875,703,21.453857421875,1,0.030517578125,0x076558F0,0,512,384,0.0,2.0,1.5,0,0x04,0,0,0,1,0,0,0,-1,0,0,,,,,,,,,,,,,,,,,,,,,,
70,1,OPEN_YAW,2.3666666666666667,52688,1607.91015625,696,21.240234375,47.08045977011494,28,0.8544921875,667,20.355224609375,1,0.030517578125,0x3BD3184F,0,512,384,0.0,2.0,1.5,0,0x04,0,0,0,1,0,0,0,-1,0,0,,,,,,,,,,,,,,,,,,,,,,
71,1,OPEN_YAW,2.4,53393,1629.425048828125,705,21.514892578125,46.47943262411348,28,0.8544921875,677,20.660400390625,0,0.0,0xAAF43222,0,512,384,0.0,2.0,1.5,0,0x04,0,0,0,1,0,0,0,-1,0,0,,,,,,,,,,,,,,,,,,,,,,
72,1,OPEN_YAW,2.433333333333333,54105,1651.153564453125,712,21.728515625,46.02247191011236,28,0.8544921875,684,20.8740234375,0,0.0,0x50648D73,0,512,384,0.0,2.0,1.5,0,0x04,0,0,0,1,0,0,0,-1,0,0,,,,,,,,,,,,,,,,,,,,,,
73,1,OPEN_YAW,2.466666666666667,54823,1673.065185546875,718,21.91162109375,45.637883008356546,28,0.8544921875,690,21.05712890625,0,0.0,0xEF7CD81A,0,512,384,0.0,2.0,1.5,0,0x04,0,0,0,1,0,0,0,-1,0,0,,,,,,,,,,,,,,,,,,,,,,
74,1,OPEN_YAW,2.5,55519,1694.305419921875,696,21.240234375,47.08045977011494,28,0.8544921875,668,20.3857421875,0,0.0,0x06B91CB7,0,512,384,0.0,2.0,1.5,0,0x04,0,0,0,1,0,0,0,-1,0,0,,,,,,,,,,,,,,,,,,,,,,
75,1,OPEN_YAW,2.533333333333333,56224,1715.8203125,705,21.514892578125,46.47943262411348,28,0.8544921875,677,20.660400390625,0,0.0,0xE2849AE4,0,512,384,0.0,2.0,1.5,0,0x04,0,0,0,1,0,0,0,-1,0,0,,,,,,,,,,,,,,,,,,,,,,
76,1,OPEN_YAW,2.566666666666667,56935,1737.518310546875,711,21.697998046875,46.08720112517581,28,0.8544921875,683,20.843505859375,0,0.0,0x48512005,0,512,384,0.0,2.0,1.5,0,0x04,0,0,0,1,0,0,0,-1,0,0,,,,,,,,,,,,,,,,,,,,,,
77,1,OPEN_YAW,2.6,57630,1758.72802734375,695,21.209716796875,47.14820143884892,28,0.8544921875,667,20.355224609375,0,0.0,0x4BBB54B2,0,512,384,0.0,2.0,1.5,0,0x04,0,0,0,1,0,0,0,-1,0,0,,,,,,,,,,,,,,,,,,,,,,
78,1,OPEN_YAW,2.6333333333333333,58324,1779.9072265625,694,21.17919921875,47.216138328530256,28,0.8544921875,666,20.32470703125,0,0.0,0x8ED5AA07,0,512,384,0.0,2.0,1.5,0,0x04,0,0,0,1,0,0,0,-1,0,0,,,,,,,,,,,,,,,,,,,,,,
79,1,OPEN_YAW,2.6666666666666665,58901,1797.515869140625,577,17.608642578125,56.79029462738301,28,0.8544921875,549,16.754150390625,0,0.0,0x57BE9584,0,512,384,0.0,2.0,1.5,0,0x04,0,0,0,1,0,0,0,-1,0,0,,,,,,,,,,,,,,,,,,,,,,
80,1,OPEN_YAW,2.7,59483,1815.277099609375,582,17.76123046875,56.302405498281786,28,0.8544921875,553,16.876220703125,1,0.030517578125,0x26D8A8C7,0,512,384,0.0,2.0,1.5,0,0x04,0,0,0,1,0,0,0,-1,0,0,,,,,,,,,,,,,,,,,,,,,,
81,1,OPEN_YAW,2.7333333333333334,59970,1830.13916015625,487,14.862060546875,67.28542094455852,28,0.8544921875,459,14.007568359375,0,0.0,0x241E983A,0,512,384,0.0,2.0,1.5,0,0x04,0,0,0,1,0,0,0,-1,0,0,,,,,,,,,,,,,,,,,,,,,,
82,1,OPEN_YAW,2.7666666666666666,60430,1844.17724609375,460,14.0380859375,71.23478260869565,28,0.8544921875,432,13.18359375,0,0.0,0xC85E6E2D,0,512,384,0.0,2.0,1.5,0,0x04,0,0,0,1,0,0,0,-1,0,0,,,,,,,,,,,,,,,,,,,,,,
83,1,OPEN_YAW,2.8,60887,1858.123779296875,457,13.946533203125,71.70240700218818,28,0.8544921875,428,13.0615234375,1,0.030517578125,0xD37C3B3A,0,512,384,0.0,2.0,1.5,0,0x04,0,0,0,1,0,0,0,-1,0,0,,,,,,,,,,,,,,,,,,,,,,
84,1,OPEN_YAW,2.8333333333333335,61343,1872.039794921875,456,13.916015625,71.85964912280701,28,0.8544921875,428,13.0615234375,0,0.0,0x313FD664,0,512,384,0.0,2.0,1.5,0,0x04,0,0,0,1,0,0,0,-1,0,0,,,,,,,,,,,,,,,,,,,,,,
85,1,OPEN_YAW,2.8666666666666667,61799,1885.955810546875,456,13.916015625,71.85964912280701,28,0.8544921875,428,13.0615234375,0,0.0,0xF1D64FEB,0,512,384,0.0,2.0,1.5,0,0x04,0,0,0,1,0,0,0,-1,0,0,,,,,,,,,,,,,,,,,,,,,,
86,1,OPEN_YAW,2.9,62256,1899.90234375,457,13.946533203125,71.70240700218818,28,0.8544921875,428,13.0615234375,1,0.030517578125,0x9320BBD7,0,512,384,0.0,2.0,1.5,0,0x04,0,0,0,1,0,0,0,-1,0,0,,,,,,,,,,,,,,,,,,,,,,
87,1,OPEN_YAW,2.933333333333333,62733,1914.459228515625,477,14.556884765625,68.69601677148847,28,0.8544921875,448,13.671875,1,0.030517578125,0x2EA80794,0,512,384,0.0,2.0,1.5,0,0x04,0,0,0,1,0,0,0,-1,0,0,,,,,,,,,,,,,,,,,,,,,,
88,1,OPEN_YAW,2.966666666666667,63211,1929.046630859375,478,14.58740234375,68.55230125523012,28,0.8544921875,449,13.702392578125,1,0.030517578125,0x9B4B1FEF,0,512,384,0.0,2.0,1.5,0,0x04,0,0,0,1,0,0,0,-1,0,0,,,,,,,,,,,,,,,,,,,,,,
89,1,OPEN_YAW,3.0,63696,1943.84765625,485,14.801025390625,67.56288659793815,28,0.8544921875,456,13.916015625,1,0.030517578125,0x47A89276,0,512,384,0.0,2.0,1.5,0,0x04,0,0,0,1,0,0,0,-1,0,0,,,,,,,,,,,,,,,,,,,,,,
90,1,OPEN_YAW,3.033333333333333,64191,1958.953857421875,495,15.106201171875,66.1979797979798,28,0.8544921875,466,14.22119140625,1,0.030517578125,0x82178F31,0,512,384,0.0,2.0,1.5,0,0x04,0,0,0,1,0,0,0,-1,0,0,,,,,,,,,,,,,,,,,,,,,,
91,1,OPEN_YAW,3.066666666666667,64819,1978.118896484375,628,19.1650390625,52.17834394904459,28,0.8544921875,599,18.280029296875,1,0.030517578125,0x58D899FA,0,512,384,0.0,2.0,1.5,0,0x04,0,0,0,1,0,0,0,-1,0,0,,,,,,,,,,,,,,,,,,,,,,
92,1,OPEN_YAW,3.1,65449,1997.344970703125,630,19.22607421875,52.01269841269841,28,0.8544921875,602,18.37158203125,0,0.0,0x47E40981,0,512,384,0.0,2.0,1.5,0,0x04,0,0,0,1,0,0,0,-1,0,0,,,,,,,,,,,,,,,,,,,,,,
93,1,OPEN_YAW,3.1333333333333333,66146,2018.61572265625,697,21.270751953125,47.012912482066,28,0.8544921875,668,20.3857421875,1,0.030517578125,0x0191D5F6,0,512,384,0.0,2.0,1.5,0,0x04,0,0,0,1,0,0,0,-1,0,0,,,,,,,,,,,,,,,,,,,,,,
94,1,OPEN_YAW,3.1666666666666665,66853,2040.191650390625,707,21.575927734375,46.34794908062235,28,0.8544921875,679,20.721435546875,0,0.0,0xAB4F68AF,0,512,384,0.0,2.0,1.5,0,0x04,0,0,0,1,0,0,0,-1,0,0,,,,,,,,,,,,,,,,,,,,,,
95,1,OPEN_YAW,3.2,67568,2062.01171875,715,21.820068359375,45.82937062937063,28,0.8544921875,686,20.93505859375,1,0.030517578125,0xFB682E46,0,512,384,0.0,2.0,1.5,0,0x04,0,0,0,1,0,0,0,-1,0,0,,,,,,,,,,,,,,,,,,,,,,
96,1,OPEN_YAW,3.2333333333333334,68270,2083.43505859375,702,21.42333984375,46.67806267806268,29,0.885009765625,672,20.5078125,1,0.030517578125,0x779CD11B,0,512,384,0.0,2.0,1.5,0,0x04,0,0,0,1,0,0,0,-1,0,0,,,,,,,,,,,,,,,,,,,,,,
97,1,OPEN_YAW,3.2666666666666666,68976,2104.98046875,706,21.54541015625,46.41359773371105,28,0.8544921875,677,20.660400390625,1,0.030517578125,0x160A0806,0,512,384,0.0,2.0,1.5,0,0x04,0,0,0,1,0,0,0,-1,0,0,,,,,,,,,,,,,,,,,,,,,,
98,1,OPEN_YAW,3.3,69685,2126.617431640625,709,21.636962890625,46.217207334273624,28,0.8544921875,681,20.782470703125,0,0.0,0xE5D4D0F1,0,512,384,0.0,2.0,1.5,0,0x04,0,0,0,1,0,0,0,-1,0,0,,,,,,,,,,,,,,,,,,,,,,
99,1,OPEN_YAW,3.3333333333333335,70403,2148.529052734375,718,21.91162109375,45.637883008356546,28,0.8544921875,689,21.026611328125,1,0.030517578125,0x5AD6DB54,0,512,384,0.0,2.0,1.5,0,0x04,0,0,0,1,0,0,0,-1,0,0,,,,,,,,,,,,,,,,,,,,,,
100,1,OPEN_YAW,3.3666666666666667,71115,2170.257568359375,712,21.728515625,46.02247191011236,28,0.8544921875,684,20.8740234375,0,0.0,0x6BDB5333,0,512,384,0.0,2.0,1.5,0,0x04,0,0,0,1,0,0,0,-1,0,0,,,,,,,,,,,,,,,,,,,,,,
101,1,OPEN_YAW,3.4,71827,2191.986083984375,712,21.728515625,46.02247191011236,28,0.8544921875,684,20.8740234375,0,0.0,0x727A5D9C,0,512,384,0.0,2.0,1.5,0,0x04,0,0,0,1,0,0,0,-1,0,0,,,,,,,,,,,,,,,,,,,,,,
102,1,OPEN_YAW,3.433333333333333,72554,2214.17236328125,727,22.186279296875,45.07290233837689,28,0.8544921875,699,21.331787109375,0,0.0,0x09DBF567,0,512,384,0.0,2.0,1.5,0,0x04,0,0,0,1,0,0,0,-1,0,0,,,,,,,,,,,,,,,,,,,,,,
103,1,OPEN_YAW,3.466666666666667,73279,2236.297607421875,725,22.125244140625,45.19724137931034,28,0.8544921875,696,21.240234375,1,0.030517578125,0xF1FADB42,0,512,384,0.0,2.0,1.5,0,0x04,0,0,0,1,0,0,0,-1,0,0,,,,,,,,,,,,,,,,,,,,,,
104,1,OPEN_YAW,3.5,73989,2257.965087890625,710,21.66748046875,46.15211267605634,28,0.8544921875,682,20.81298828125,0,0.0,0x48C590F3,0,512,384,0.0,2.0,1.5,0,0x04,0,0,0,1,0,0,0,-1,0,0,,,,,,,,,,,,,,,,,,,,,,
105,1,OPEN_YAW,3.533333333333333,74704,2279.78515625,715,21.820068359375,45.82937062937063,28,0.8544921875,687,20.965576171875,0,0.0,0xCB25181A,0,512,384,0.0,2.0,1.5,0,0x04,0,0,0,1,0,0,0,-1,0,0,,,,,,,,,,,,,,,,,,,,,,
106,1,OPEN_YAW,3.566666666666667,75424,2301.7578125,720,21.97265625,45.51111111111111,28,0.8544921875,692,21.1181640625,0,0.0,0xAC3150F9,0,512,384,0.0,2.0,1.5,0,0x04,0,0,0,1,0,0,0,-1,0,0,,,,,,,,,,,,,,,,,,,,,,
107,1,OPEN_YAW,3.6,76205,2325.592041015625,781,23.834228515625,41.956466069142124,28,0.8544921875,753,22.979736328125,0,0.0,0xFC0E3B5E,0,512,384,0.0,2.0,1.5,0,0x04,0,0,0,1,0,0,0,-1,0,0,,,,,,,,,,,,,,,,,,,,,,
108,1,OPEN_YAW,3.6333333333333333,76914,2347.22900390625,709,21.636962890625,46.217207334273624,28,0.8544921875,680,20.751953125,1,0.030517578125,0xFA8FA93F,0,512,384,0.0,2.0,1.5,0,0x04,0,0,0,1,0,0,0,-1,0,0,,,,,,,,,,,,,,,,,,,,,,
109,1,OPEN_YAW,3.6666666666666665,77499,2365.081787109375,585,17.852783203125,56.013675213675214,28,0.8544921875,556,16.9677734375,1,0.030517578125,0xC813CCF6,0,512,384,0.0,2.0,1.5,0,0x04,0,0,0,1,0,0,0,-1,0,0,,,,,,,,,,,,,,,,,,,,,,
110,1,OPEN_YAW,3.7,78110,2383.72802734375,611,18.646240234375,53.63011456628478,28,0.8544921875,582,17.76123046875,1,0.030517578125,0xA5F2BEEB,0,512,384,0.0,2.0,1.5,0,0x04,0,0,0,1,0,0,0,-1,0,0,,,,,,,,,,,,,,,,,,,,,,
111,1,OPEN_YAW,3.7333333333333334,78653,2400.299072265625,543,16.571044921875,60.34622467771639,28,0.8544921875,515,15.716552734375,0,0.0,0xFC68B016,0,512,384,0.0,2.0,1.5,0,0x04,0,0,0,1,0,0,0,-1,0,0,,,,,,,,,,,,,,,,,,,,,,
112,1,OPEN_YAW,3.7666666666666666,79360,2421.875,707,21.575927734375,46.34794908062235,28,0.8544921875,678,20.69091796875,1,0.030517578125,0x57F83B3D,0,512,384,0.0,2.0,1.5,0,0x04,0,0,0,1,0,0,0,-1,0,0,,,,,,,,,,,,,,,,,,,,,,
113,1,OPEN_YAW,3.8,80082,2443.90869140625,722,22.03369140625,45.38504155124654,28,0.8544921875,694,21.17919921875,0,0.0,0x44510D1A,0,512,384,0.0,2.0,1.5,0,0x04,0,0,0,1,0,0,0,-1,0,0,,,,,,,,,,,,,,,,,,,,,,
114,1,OPEN_YAW,3.8333333333333335,80848,2467.28515625,766,23.37646484375,42.778067885117494,28,0.8544921875,738,22.52197265625,0,0.0,0xE47DEAEF,0,512,384,0.0,2.0,1.5,0,0x04,0,0,0,1,0,0,0,-1,0,0,,,,,,,,,,,,,,,,,,,,,,
115,1,OPEN_YAW,3.8666666666666667,81674,2492.49267578125,826,25.20751953125,39.67070217917676,28,0.8544921875,798,24.35302734375,0,0.0,0x70470C18,0,512,384,0.0,2.0,1.5,0,0x04,0,0,0,1,0,0,0,-1,0,0,,,,,,,,,,,,,,,,,,,,,,
116,1,OPEN_YAW,3.9,82681,2523.223876953125,1007,30.731201171875,32.540218470705064,28,0.8544921875,979,29.876708984375,0,0.0,0x6E85EBC5,0,512,384,0.0,2.0,1.5,0,0x04,0,0,0,1,0,0,0,-1,0,0,,,,,,,,,,,,,,,,,,,,,,
117,1,OPEN_YAW,3.933333333333333,83703,2554.412841796875,1022,31.18896484375,32.06262230919765,28,0.8544921875,993,30.303955078125,1,0.030517578125,0x1F45C49E,0,512,384,0.0,2.0,1.5,0,0x04,0,0,0,1,0,0,0,-1,0,0,,,,,,,,,,,,,,,,,,,,,,
118,1,OPEN_YAW,3.966666666666667,84755,2586.517333984375,1052,32.1044921875,31.14828897338403,28,0.8544921875,1023,31.219482421875,1,0.030517578125,0x94A84683,0,512,384,0.0,2.0,1.5,0,0x04,0,0,0,1,0,0,0,-1,0,0,,,,,,,,,,,,,,,,,,,,,,
119,1,OPEN_YAW,4.0,85911,2621.795654296875,1156,35.2783203125,28.346020761245676,28,0.8544921875,1128,34.423828125,0,0.0,0xD27F4708,0,512,384,0.0,2.0,1.5,0,0x04,0,0,0,1,0,0,0,-1,0,0,,,,,,,,,,,,,,,,,,,,,,
120,1,OPEN_YAW,4.033333333333333,87064,2656.982421875,1153,35.186767578125,28.419774501300953,28,0.8544921875,1125,34.332275390625,0,0.0,0xF0C60EB7,0,512,384,0.0,2.0,1.5,0,0x04,0,0,0,1,0,0,0,-1,0,0,,,,,,,,,,,,,,,,,,,,,,
121,1,OPEN_YAW,4.066666666666666,88209,2691.925048828125,1145,34.942626953125,28.618340611353712,28,0.8544921875,1117,34.088134765625,0,0.0,0x1A9A2DD0,0,512,384,0.0,2.0,1.5,0,0x04,0,0,0,1,0,0,0,-1,0,0,,,,,,,,,,,,,,,,,,,,,,
122,1,OPEN_YAW,4.1,89375,2727.508544921875,1166,35.58349609375,28.102915951972555,28,0.8544921875,1137,34.698486328125,1,0.030517578125,0x45E0B719,0,512,384,0.0,2.0,1.5,0,0x04,0,0,0,1,0,0,0,-1,0,0,,,,,,,,,,,,,,,,,,,,,,
123,1,OPEN_YAW,4.133333333333334,90509,2762.115478515625,1134,34.60693359375,28.895943562610228,28,0.8544921875,1105,33.721923828125,1,0.030517578125,0xAED9429C,0,512,384,0.0,2.0,1.5,0,0x04,0,0,0,1,0,0,0,-1,0,0,,,,,,,,,,,,,,,,,,,,,,
124,1,OPEN_YAW,4.166666666666667,91637,2796.539306640625,1128,34.423828125,29.04964539007092,28,0.8544921875,1099,33.538818359375,1,0.030517578125,0x58A773FF,0,512,384,0.0,2.0,1.5,0,0x04,0,0,0,1,0,0,0,-1,0,0,,,,,,,,,,,,,,,,,,,,,,
125,1,OPEN_YAW,4.2,92866,2834.04541015625,1229,37.506103515625,26.66232709519935,28,0.8544921875,1201,36.651611328125,0,0.0,0x8B3821D2,0,512,384,0.0,2.0,1.5,0,0x04,0,0,0,1,0,0,0,-1,0,0,,,,,,,,,,,,,,,,,,,,,,
126,1,OPEN_YAW,4.233333333333333,94105,2871.856689453125,1239,37.811279296875,26.447134786117836,28,0.8544921875,1211,36.956787109375,0,0.0,0x5E9768D3,0,512,384,0.0,2.0,1.5,0,0x04,0,0,0,1,0,0,0,-1,0,0,,,,,,,,,,,,,,,,,,,,,,
127,1,OPEN_YAW,4.266666666666667,95344,2909.66796875,1239,37.811279296875,26.447134786117836,28,0.8544921875,1211,36.956787109375,0,0.0,0x9E5629C9,0,512,384,0.0,2.0,1.5,0,0x0C,0,0,0,1,1,0,0,-1,0,0,,,,,,,,,,,,,,,,,,,,,,
128,2,PITCH_SWEEP,4.3,96578,2947.32666015625,1234,37.65869140625,26.554294975688816,29,0.885009765625,1205,36.773681640625,0,0.0,0xEBC50AFB,0,512,384,0.0,2.0,1.5,0,0x04,0,0,0,1,0,0,0,0,1,0,,,,,,,,,,,,,,,,,,,,,,
129,2,PITCH_SWEEP,4.333333333333333,97721,2982.208251953125,1143,34.881591796875,28.668416447944008,29,0.885009765625,1114,33.99658203125,0,0.0,0x99F6DC11,0,512,384,0.0,2.0,1.5,0,0x04,0,0,0,1,0,0,0,0,1,0,,,,,,,,,,,,,,,,,,,,,,
130,2,PITCH_SWEEP,4.366666666666666,98892,3017.9443359375,1171,35.736083984375,27.982920580700256,29,0.885009765625,1142,34.85107421875,0,0.0,0xF5262E21,0,512,384,0.0,2.0,1.5,0,0x04,0,0,0,1,0,0,0,0,1,0,,,,,,,,,,,,,,,,,,,,,,
131,2,PITCH_SWEEP,4.4,100065,3053.741455078125,1173,35.797119140625,27.935208866155158,29,0.885009765625,1143,34.881591796875,1,0.030517578125,0xB89D05A3,0,512,384,0.0,2.0,1.5,0,0x04,0,0,0,1,0,0,0,0,1,0,,,,,,,,,,,,,,,,,,,,,,
132,2,PITCH_SWEEP,4.433333333333334,101221,3089.019775390625,1156,35.2783203125,28.346020761245676,28,0.8544921875,1128,34.423828125,0,0.0,0x0366AA7D,0,512,384,0.0,2.0,1.5,0,0x04,0,0,0,1,0,0,0,0,1,0,,,,,,,,,,,,,,,,,,,,,,
133,2,PITCH_SWEEP,4.466666666666667,102401,3125.030517578125,1180,36.0107421875,27.769491525423728,29,0.885009765625,1150,35.09521484375,1,0.030517578125,0xD32DF697,0,512,384,0.0,2.0,1.5,0,0x06,1,1,0,1,0,0,0,0,1,0,35.0341796875,0.0,0.213623046875,7.659912109375,8.819580078125,1.15966796875,3.448486328125,1.52587890625,0.0,11.627197265625,0.579833984375,0,0,0,0,0,0,0,0,0,0,0
134,2,PITCH_SWEEP,4.5,103551,3160.125732421875,1150,35.09521484375,28.493913043478262,28,0.8544921875,1121,34.210205078125,1,0.030517578125,0xFD0ED9B9,0,512,384,0.0,2.0,1.5,0,0x04,0,0,0,1,0,0,0,0,1,0,,,,,,,,,,,,,,,,,,,,,,
135,2,PITCH_SWEEP,4.533333333333333,104666,3194.15283203125,1115,34.027099609375,29.388340807174888,29,0.885009765625,1085,33.111572265625,1,0.030517578125,0x384A2F1B,0,512,384,0.0,2.0,1.5,0,0x04,0,0,0,1,0,0,0,0,1,0,,,,,,,,,,,,,,,,,,,,,,
136,2,PITCH_SWEEP,4.566666666666666,105753,3227.325439453125,1087,33.172607421875,30.145354185832566,28,0.8544921875,1059,32.318115234375,0,0.0,0x7DFB7EEB,0,512,384,0.0,2.0,1.5,0,0x04,0,0,0,1,0,0,0,0,1,0,,,,,,,,,,,,,,,,,,,,,,
137,2,PITCH_SWEEP,4.6,106808,3259.521484375,1055,32.196044921875,31.059715639810427,29,0.885009765625,1026,31.31103515625,0,0.0,0x665540F9,0,512,384,0.0,2.0,1.5,0,0x04,0,0,0,1,0,0,0,0,1,0,,,,,,,,,,,,,,,,,,,,,,
138,2,PITCH_SWEEP,4.633333333333334,107825,3290.557861328125,1017,31.036376953125,32.220255653883974,29,0.885009765625,987,30.120849609375,1,0.030517578125,0x24928A59,0,512,384,0.0,2.0,1.5,0,0x04,0,0,0,1,0,0,0,0,1,0,,,,,,,,,,,,,,,,,,,,,,
139,2,PITCH_SWEEP,4.666666666666667,108831,3321.258544921875,1006,30.70068359375,32.57256461232604,29,0.885009765625,977,29.815673828125,0,0.0,0xE620FE03,0,512,384,0.0,2.0,1.5,0,0x04,0,0,0,1,0,0,0,0,1,0,,,,,,,,,,,,,,,,,,,,,,
140,2,PITCH_SWEEP,4.7,109833,3351.837158203125,1002,30.57861328125,32.70259481037924,29,0.885009765625,973,29.693603515625,0,0.0,0xF31CD78D,0,512,384,0.0,2.0,1.5,0,0x04,0,0,0,1,0,0,0,0,1,0,,,,,,,,,,,,,,,,,,,,,,
141,2,PITCH_SWEEP,4.733333333333333,110830,3382.26318359375,997,30.426025390625,32.866599799398195,29,0.885009765625,968,29.541015625,0,0.0,0xFC73F4CF,0,512,384,0.0,2.0,1.5,0,0x04,0,0,0,1,0,0,0,0,1,0,,,,,,,,,,,,,,,,,,,,,,
142,2,PITCH_SWEEP,4.766666666666667,111795,3411.712646484375,965,29.449462890625,33.95647668393782,29,0.885009765625,936,28.564453125,0,0.0,0x31DBE5A1,0,512,384,0.0,2.0,1.5,0,0x04,0,0,0,1,0,0,0,0,1,0,,,,,,,,,,,,,,,,,,,,,,
143,2,PITCH_SWEEP,4.8,112716,3439.8193359375,921,28.106689453125,35.57871878393051,29,0.885009765625,891,27.191162109375,1,0.030517578125,0x637D44ED,0,512,384,0.0,2.0,1.5,0,0x04,0,0,0,1,0,0,0,0,1,0,,,,,,,,,,,,,,,,,,,,,,
144,2,PITCH_SWEEP,4.833333333333333,113619,3467.376708984375,903,27.557373046875,36.287929125138426,29,0.885009765625,874,26.67236328125,0,0.0,0xDF585765,0,512,384,0.0,2.0,1.5,0,0x04,0,0,0,1,0,0,0,0,1,0,,,,,,,,,,,,,,,,,,,,,,
145,2,PITCH_SWEEP,4.866666666666666,114409,3491.485595703125,790,24.10888671875,41.47848101265823,28,0.8544921875,762,23.25439453125,0,0.0,0xC6349AE7,0,512,384,0.0,2.0,1.5,0,0x04,0,0,0,1,0,0,0,0,1,0,,,,,,,,,,,,,,,,,,,,,,
146,2,PITCH_SWEEP,4.9,115118,3513.12255859375,709,21.636962890625,46.217207334273624,29,0.885009765625,680,20.751953125,0,0.0,0xF7C74FC9,0,512,384,0.0,2.0,1.5,0,0x04,0,0,0,1,0,0,0,0,1,0,,,,,,,,,,,,,,,,,,,,,,
147,2,PITCH_SWEEP,4.933333333333334,115797,3533.843994140625,679,20.721435546875,48.25920471281296,29,0.885009765625,649,19.805908203125,1,0.030517578125,0xD205864D,0,512,384,0.0,2.0,1.5,0,0x04,0,0,0,1,0,0,0,0,1,0,,,,,,,,,,,,,,,,,,,,,,
148,2,PITCH_SWEEP,4.966666666666667,116436,3553.3447265625,639,19.500732421875,51.280125195618155,28,0.8544921875,611,18.646240234375,0,0.0,0x5776983D,0,512,384,0.0,2.0,1.5,0,0x04,0,0,0,1,0,0,0,0,1,0,,,,,,,,,,,,,,,,,,,,,,
149,2,PITCH_SWEEP,5.0,117053,3572.174072265625,617,18.829345703125,53.10858995137763,29,0.885009765625,588,17.9443359375,0,0.0,0x3C8645B7,0,512,384,0.0,2.0,1.5,0,0x04,0,0,0,1,0,0,0,0,1,0,,,,,,,,,,,,,,,,,,,,,,
150,2,PITCH_SWEEP,5.033333333333333,117657,3590.606689453125,604,18.4326171875,54.25165562913907,29,0.885009765625,574,17.51708984375,1,0.030517578125,0xE8184D3B,0,512,384,0.0,2.0,1.5,0,0x04,0,0,0,1,0,0,0,0,1,0,,,,,,,,,,,,,,,,,,,,,,
151,2,PITCH_SWEEP,5.066666666666666,118253,3608.795166015625,596,18.1884765625,54.97986577181208,28,0.8544921875,568,17.333984375,0,0.0,0x92BE7535,0,512,384,0.0,2.0,1.5,0,0x04,0,0,0,1,0,0,0,0,1,0,,,,,,,,,,,,,,,,,,,,,,
152,2,PITCH_SWEEP,5.1,118832,3626.46484375,579,17.669677734375,56.59412780656304,29,0.885009765625,550,16.78466796875,0,0.0,0xE8184D3B,0,512,384,0.0,2.0,1.5,0,0x04,0,0,0,1,0,0,0,0,-1,0,,,,,,,,,,,,,,,,,,,,,,
153,2,PITCH_SWEEP,5.133333333333334,119433,3644.805908203125,601,18.341064453125,54.52246256239601,29,0.885009765625,571,17.425537109375,1,0.030517578125,0x3C8645B7,0,512,384,0.0,2.0,1.5,0,0x04,0,0,0,1,0,0,0,0,-1,0,,,,,,,,,,,,,,,,,,,,,,
154,2,PITCH_SWEEP,5.166666666666667,120043,3663.421630859375,610,18.61572265625,53.718032786885246,29,0.885009765625,581,17.730712890625,0,0.0,0x5776983D,0,512,384,0.0,2.0,1.5,0,0x04,0,0,0,1,0,0,0,0,-1,0,,,,,,,,,,,,,,,,,,,,,,
155,2,PITCH_SWEEP,5.2,120666,3682.43408203125,623,19.012451171875,52.597110754414125,29,0.885009765625,594,18.12744140625,0,0.0,0xD205864D,0,512,384,0.0,2.0,1.5,0,0x04,0,0,0,1,0,0,0,0,-1,0,,,,,,,,,,,,,,,,,,,,,,
156,2,PITCH_SWEEP,5.233333333333333,121311,3702.117919921875,645,19.683837890625,50.8031007751938,29,0.885009765625,615,18.768310546875,1,0.030517578125,0xF7C74FC9,0,512,384,0.0,2.0,1.5,0,0x04,0,0,0,1,0,0,0,0,-1,0,,,,,,,,,,,,,,,,,,,,,,
157,2,PITCH_SWEEP,5.266666666666667,122051,3724.700927734375,740,22.5830078125,44.28108108108108,28,0.8544921875,711,21.697998046875,1,0.030517578125,0xC6349AE7,0,512,384,0.0,2.0,1.5,0,0x04,0,0,0,1,0,0,0,0,-1,0,,,,,,,,,,,,,,,,,,,,,,
158,2,PITCH_SWEEP,5.3,122918,3751.15966796875,867,26.458740234375,37.79469434832757,29,0.885009765625,837,25.543212890625,1,0.030517578125,0xDF585765,0,512,384,0.0,2.0,1.5,0,0x04,0,0,0,1,0,0,0,0,-1,0,,,,,,,,,,,,,,,,,,,,,,
159,2,PITCH_SWEEP,5.333333333333333,123815,3778.533935546875,897,27.374267578125,36.53065774804905,28,0.8544921875,869,26.519775390625,0,0.0,0x637D44ED,0,512,384,0.0,2.0,1.5,0,0x04,0,0,0,1,0,0,0,0,-1,0,,,,,,,,,,,,,,,,,,,,,,
160,2,PITCH_SWEEP,5.366666666666666,124751,3807.098388671875,936,28.564453125,35.00854700854701,29,0.885009765625,906,27.64892578125,1,0.030517578125,0x31DBE5A1,0,512,384,0.0,2.0,1.5,0,0x04,0,0,0,1,0,0,0,0,-1,0,,,,,,,,,,,,,,,,,,,,,,
161,2,PITCH_SWEEP,5.4,125708,3836.3037109375,957,29.205322265625,34.240334378265416,29,0.885009765625,928,28.3203125,0,0.0,0xFC73F4CF,0,512,384,0.0,2.0,1.5,0,0x04,0,0,0,1,0,0,0,0,-1,0,,,,,,,,,,,,,,,,,,,,,,
162,2,PITCH_SWEEP,5.433333333333334,126684,3866.0888671875,976,29.78515625,33.57377049180328,29,0.885009765625,946,28.86962890625,1,0.030517578125,0xF31CD78D,0,512,384,0.0,2.0,1.5,0,0x04,0,0,0,1,0,0,0,0,-1,0,,,,,,,,,,,,,,,,,,,,,,
163,2,PITCH_SWEEP,5.466666666666667,127666,3896.05712890625,982,29.96826171875,33.36863543788187,29,0.885009765625,953,29.083251953125,0,0.0,0xE620FE03,0,512,384,0.0,2.0,1.5,0,0x04,0,0,0,1,0,0,0,0,-1,0,,,,,,,,,,,,,,,,,,,,,,
164,2,PITCH_SWEEP,5.5,128642,3925.84228515625,976,29.78515625,33.57377049180328,29,0.885009765625,947,28.900146484375,0,0.0,0x24928A59,0,512,384,0.0,2.0,1.5,0,0x04,0,0,0,1,0,0,0,0,-1,0,,,,,,,,,,,,,,,,,,,,,,
165,2,PITCH_SWEEP,5.533333333333333,129733,3959.136962890625,1091,33.294677734375,30.034830430797435,28,0.8544921875,1063,32.440185546875,0,0.0,0x665540F9,0,512,384,0.0,2.0,1.5,0,0x04,0,0,0,1,0,0,0,0,-1,0,,,,,,,,,,,,,,,,,,,,,,
166,2,PITCH_SWEEP,5.566666666666666,130858,3993.46923828125,1125,34.332275390625,29.127111111111113,29,0.885009765625,1095,33.416748046875,1,0.030517578125,0x7DFB7EEB,0,512,384,0.0,2.0,1.5,0,0x04,0,0,0,1,0,0,0,0,-1,0,,,,,,,,,,,,,,,,,,,,,,
167,2,PITCH_SWEEP,5.6,131935,4026.336669921875,1077,32.867431640625,30.425255338904364,28,0.8544921875,1048,31.982421875,1,0.030517578125,0x384A2F1B,0,512,384,0.0,2.0,1.5,0,0x04,0,0,0,1,0,0,0,0,-1,0,,,,,,,,,,,,,,,,,,,,,,
168,2,PITCH_SWEEP,5.633333333333334,133022,4059.50927734375,1087,33.172607421875,30.145354185832566,29,0.885009765625,1058,32.28759765625,0,0.0,0xFD0ED9B9,0,512,384,0.0,2.0,1.5,0,0x04,0,0,0,1,0,0,0,0,-1,0,,,,,,,,,,,,,,,,,,,,,,
169,2,PITCH_SWEEP,5.666666666666667,134152,4093.994140625,1130,34.48486328125,28.998230088495575,29,0.885009765625,1101,33.599853515625,0,0.0,0xD32DF697,0,512,384,0.0,2.0,1.5,0,0x04,0,0,0,1,0,0,0,0,-1,0,,,,,,,,,,,,,,,,,,,,,,
170,2,PITCH_SWEEP,5.7,135314,4129.45556640625,1162,35.46142578125,28.199655765920827,29,0.885009765625,1133,34.576416015625,0,0.0,0x0366AA7D,0,512,384,0.0,2.0,1.5,0,0x04,0,0,0,1,0,0,0,0,-1,0,,,,,,,,,,,,,,,,,,,,,,
171,2,PITCH_SWEEP,5.733333333333333,136482,4165.10009765625,1168,35.64453125,28.054794520547944,29,0.885009765625,1139,34.759521484375,0,0.0,0xB89D05A3,0,512,384,0.0,2.0,1.5,0,0x04,0,0,0,1,0,0,0,0,-1,0,,,,,,,,,,,,,,,,,,,,,,
172,2,PITCH_SWEEP,5.766666666666667,137638,4200.37841796875,1156,35.2783203125,28.346020761245676,29,0.885009765625,1127,34.393310546875,0,0.0,0xF5262E21,0,512,384,0.0,2.0,1.5,0,0x04,0,0,0,1,0,0,0,0,-1,0,,,,,,,,,,,,,,,,,,,,,,
173,2,PITCH_SWEEP,5.8,138804,4235.9619140625,1166,35.58349609375,28.102915951972555,29,0.885009765625,1137,34.698486328125,0,0.0,0x99F6DC11,0,512,384,0.0,2.0,1.5,0,0x04,0,0,0,1,0,0,0,0,-1,0,,,,,,,,,,,,,,,,,,,,,,
174,2,PITCH_SWEEP,5.833333333333333,139978,4271.78955078125,1174,35.82763671875,27.911413969335605,29,0.885009765625,1144,34.912109375,1,0.030517578125,0xEBC50AFB,0,512,384,0.0,2.0,1.5,0,0x04,0,0,0,1,0,0,0,0,-1,0,,,,,,,,,,,,,,,,,,,,,,
175,2,PITCH_SWEEP,5.866666666666666,141125,4306.793212890625,1147,35.003662109375,28.568439407149086,28,0.8544921875,1119,34.149169921875,0,0.0,0x9E5629C9,0,512,384,0.0,2.0,1.5,0,0x04,0,0,0,1,0,0,0,0,-1,0,,,,,,,,,,,,,,,,,,,,,,
176,2,PITCH_SWEEP,5.9,142277,4341.949462890625,1152,35.15625,28.444444444444443,29,0.885009765625,1122,34.24072265625,1,0.030517578125,0x70322F27,0,512,384,0.0,2.0,1.5,0,0x04,0,0,0,1,0,0,0,0,-1,0,,,,,,,,,,,,,,,,,,,,,,
177,2,PITCH_SWEEP,5.933333333333334,143432,4377.197265625,1155,35.247802734375,28.37056277056277,29,0.885009765625,1126,34.36279296875,0,0.0,0x390641B9,0,512,384,0.0,2.0,1.5,0,0x04,0,0,0,1,0,0,0,0,-1,0,,,,,,,,,,,,,,,,,,,,,,
178,2,PITCH_SWEEP,5.966666666666667,144523,4410.491943359375,1091,33.294677734375,30.034830430797435,29,0.885009765625,1061,32.379150390625,1,0.030517578125,0xC1D27A09,0,512,384,0.0,2.0,1.5,0,0x04,0,0,0,1,0,0,0,0,-1,0,,,,,,,,,,,,,,,,,,,,,,
179,2,PITCH_SWEEP,6.0,145597,4443.267822265625,1074,32.77587890625,30.51024208566108,28,0.8544921875,1046,31.92138671875,0,0.0,0xDBF98667,0,512,384,0.0,2.0,1.5,0,0x04,0,0,0,1,0,0,0,0,-1,0,,,,,,,,,,,,,,,,,,,,,,
180,2,PITCH_SWEEP,6.033333333333333,146653,4475.494384765625,1056,32.2265625,31.03030303030303,28,0.8544921875,1027,31.341552734375,1,0.030517578125,0x776F84F5,0,512,384,0.0,2.0,1.5,0,0x04,0,0,0,1,0,0,0,0,-1,0,,,,,,,,,,,,,,,,,,,,,,
181,2,PITCH_SWEEP,6.066666666666666,147682,4506.89697265625,1029,31.402587890625,31.844509232264333,29,0.885009765625,1000,30.517578125,0,0.0,0x9C5D3DAB,0,512,384,0.0,2.0,1.5,0,0x04,0,0,0,1,0,0,0,0,-1,0,,,,,,,,,,,,,,,,,,,,,,
182,2,PITCH_SWEEP,6.1,148682,4537.41455078125,1000,30.517578125,32.768,29,0.885009765625,971,29.632568359375,0,0.0,0xF3A6ABD1,0,512,384,0.0,2.0,1.5,0,0x04,0,0,0,1,0,0,0,0,-1,0,,,,,,,,,,,,,,,,,,,,,,
183,2,PITCH_SWEEP,6.133333333333334,149673,4567.657470703125,991,30.242919921875,33.06559031281534,29,0.885009765625,961,29.327392578125,1,0.030517578125,0x979B296F,0,512,384,0.0,2.0,1.5,0,0x04,0,0,0,1,0,0,0,0,-1,0,,,,,,,,,,,,,,,,,,,,,,
184,2,PITCH_SWEEP,6.166666666666667,150647,4597.381591796875,974,29.72412109375,33.64271047227926,28,0.8544921875,946,28.86962890625,0,0.0,0x0CFC7757,0,512,384,0.0,2.0,1.5,0,0x04,0,0,0,1,0,0,0,0,-1,0,,,,,,,,,,,,,,,,,,,,,,
185,2,PITCH_SWEEP,6.2,151598,4626.40380859375,951,29.022216796875,34.456361724500525,29,0.885009765625,922,28.13720703125,0,0.0,0x917C6B41,0,512,384,0.0,2.0,1.5,0,0x04,0,0,0,1,0,0,0,0,-1,0,,,,,,,,,,,,,,,,,,,,,,
186,2,PITCH_SWEEP,6.233333333333333,152501,4653.961181640625,903,27.557373046875,36.287929125138426,29,0.885009765625,874,26.67236328125,0,0.0,0x556C25D5,0,512,384,0.0,2.0,1.5,0,0x04,0,0,0,1,0,0,0,0,-1,0,,,,,,,,,,,,,,,,,,,,,,
187,2,PITCH_SWEEP,6.266666666666667,153394,4681.21337890625,893,27.252197265625,36.694288913773796,29,0.885009765625,863,26.336669921875,1,0.030517578125,0x1E07FA07,0,512,384,0.0,2.0,1.5,0,0x04,0,0,0,1,0,0,0,0,-1,0,,,,,,,,,,,,,,,,,,,,,,
188,2,PITCH_SWEEP,6.3,154174,4705.01708984375,780,23.8037109375,42.01025641025641,28,0.8544921875,752,22.94921875,0,0.0,0x9BACD179,0,512,384,0.0,2.0,1.5,0,0x04,0,0,0,1,0,0,0,0,-1,0,,,,,,,,,,,,,,,,,,,,,,
189,2,PITCH_SWEEP,6.333333333333333,154945,4728.546142578125,771,23.529052734375,42.50064850843061,29,0.885009765625,741,22.613525390625,1,0.030517578125,0x41E71BC3,0,512,384,0.0,2.0,1.5,0,0x04,0,0,0,1,0,0,0,0,-1,0,,,,,,,,,,,,,,,,,,,,,,
190,2,PITCH_SWEEP,6.366666666666666,155631,4749.481201171875,686,20.93505859375,47.7667638483965,29,0.885009765625,656,20.01953125,1,0.030517578125,0xACF00F3D,0,512,384,0.0,2.0,1.5,0,0x04,0,0,0,1,0,0,0,0,-1,0,,,,,,,,,,,,,,,,,,,,,,
191,2,PITCH_SWEEP,6.4,156280,4769.287109375,649,19.805908203125,50.48998459167951,29,0.885009765625,620,18.9208984375,0,0.0,0x32DB7BBD,0,512,384,0.0,2.0,1.5,0,0x04,0,0,0,1,0,0,0,0,-1,0,,,,,,,,,,,,,,,,,,,,,,
192,2,PITCH_SWEEP,6.433333333333334,156883,4787.689208984375,603,18.402099609375,54.34162520729685,29,0.885009765625,573,17.486572265625,1,0.030517578125,0xB63D0AED,0,512,384,0.0,2.0,1.5,0,0x04,0,0,0,1,0,0,0,0,-1,0,,,,,,,,,,,,,,,,,,,,,,
193,2,PITCH_SWEEP,6.466666666666667,157453,4805.084228515625,570,17.39501953125,57.487719298245615,29,0.885009765625,541,16.510009765625,0,0.0,0x1DBE7CEB,0,512,384,0.0,2.0,1.5,0,0x04,0,0,0,1,0,0,0,0,-1,0,,,,,,,,,,,,,,,,,,,,,,
194,2,PITCH_SWEEP,6.5,158022,4822.44873046875,569,17.364501953125,57.58875219683655,29,0.885009765625,540,16.4794921875,0,0.0,0x955E2471,0,512,384,0.0,2.0,1.5,0,0x04,0,0,0,1,0,0,0,0,-1,0,,,,,,,,,,,,,,,,,,,,,,
195,2,PITCH_SWEEP,6.533333333333333,158605,4840.240478515625,583,17.791748046875,56.20583190394511,29,0.885009765625,553,16.876220703125,1,0.030517578125,0x6151133D,0,512,384,0.0,2.0,1.5,0,0x04,0,0,0,1,0,0,0,0,-1,0,,,,,,,,,,,,,,,,,,,,,,
196,2,PITCH_SWEEP,6.566666666666666,159187,4858.001708984375,582,17.76123046875,56.302405498281786,29,0.885009765625,553,16.876220703125,0,0.0,0x900FB321,0,512,384,0.0,2.0,1.5,0,0x04,0,0,0,1,0,0,0,0,-1,0,,,,,,,,,,,,,,,,,,,,,,
197,2,PITCH_SWEEP,6.6,159661,4872.467041015625,474,14.46533203125,69.13080168776371,29,0.885009765625,444,13.5498046875,1,0.030517578125,0xC01F6EEB,0,512,384,0.0,2.0,1.5,0,0x04,0,0,0,1,0,0,0,0,-1,0,,,,,,,,,,,,,,,,,,,,,,
198,2,PITCH_SWEEP,6.633333333333334,160134,4886.90185546875,473,14.434814453125,69.276955602537,29,0.885009765625,444,13.5498046875,0,0.0,0x984FEC5B,0,512,384,0.0,2.0,1.5,0,0x04,0,0,0,1,0,0,0,0,-1,0,,,,,,,,,,,,,,,,,,,,,,
199,2,PITCH_SWEEP,6.666666666666667,160595,4900.970458984375,461,14.068603515625,71.08026030368764,28,0.8544921875,432,13.18359375,1,0.030517578125,0x0C713E95,0,512,384,0.0,2.0,1.5,0,0x04,0,0,0,1,0,0,0,0,-1,0,,,,,,,,,,,,,,,,,,,,,,
200,2,PITCH_SWEEP,6.7,161067,4915.374755859375,472,14.404296875,69.42372881355932,28,0.8544921875,444,13.5498046875,0,0.0,0x984FEC5B,0,512,384,0.0,2.0,1.5,0,0x04,0,0,0,1,0,0,0,0,1,0,,,,,,,,,,,,,,,,,,,,,,
201,2,PITCH_SWEEP,6.733333333333333,161541,4929.840087890625,474,14.46533203125,69.13080168776371,29,0.885009765625,444,13.5498046875,1,0.030517578125,0xC01F6EEB,0,512,384,0.0,2.0,1.5,0,0x04,0,0,0,1,0,0,0,0,1,0,,,,,,,,,,,,,,,,,,,,,,
202,2,PITCH_SWEEP,6.766666666666667,162123,4947.601318359375,582,17.76123046875,56.302405498281786,29,0.885009765625,553,16.876220703125,0,0.0,0x900FB321,0,512,384,0.0,2.0,1.5,0,0x04,0,0,0,1,0,0,0,0,1,0,,,,,,,,,,,,,,,,,,,,,,
203,2,PITCH_SWEEP,6.8,162706,4965.39306640625,583,17.791748046875,56.20583190394511,29,0.885009765625,553,16.876220703125,1,0.030517578125,0x6151133D,0,512,384,0.0,2.0,1.5,0,0x04,0,0,0,1,0,0,0,0,1,0,,,,,,,,,,,,,,,,,,,,,,
204,2,PITCH_SWEEP,6.833333333333333,163276,4982.7880859375,570,17.39501953125,57.487719298245615,28,0.8544921875,541,16.510009765625,1,0.030517578125,0x955E2471,0,512,384,0.0,2.0,1.5,0,0x04,0,0,0,1,0,0,0,0,1,0,,,,,,,,,,,,,,,,,,,,,,
205,2,PITCH_SWEEP,6.866666666666666,163846,5000.18310546875,570,17.39501953125,57.487719298245615,29,0.885009765625,541,16.510009765625,0,0.0,0x1DBE7CEB,0,512,384,0.0,2.0,1.5,0,0x04,0,0,0,1,0,0,0,0,1,0,,,,,,,,,,,,,,,,,,,,,,
206,2,PITCH_SWEEP,6.9,164415,5017.547607421875,569,17.364501953125,57.58875219683655,29,0.885009765625,540,16.4794921875,0,0.0,0xB63D0AED,0,512,384,0.0,2.0,1.5,0,0x04,0,0,0,1,0,0,0,0,1,0,,,,,,,,,,,,,,,,,,,,,,
207,2,PITCH_SWEEP,6.933333333333334,164986,5034.97314453125,571,17.425537109375,57.38704028021016,29,0.885009765625,541,16.510009765625,1,0.030517578125,0x32DB7BBD,0,512,384,0.0,2.0,1.5,0,0x04,0,0,0,1,0,0,0,0,1,0,,,,,,,,,,,,,,,,,,,,,,
208,2,PITCH_SWEEP,6.966666666666667,165588,5053.3447265625,602,18.37158203125,54.43189368770764,28,0.8544921875,574,17.51708984375,0,0.0,0xACF00F3D,0,512,384,0.0,2.0,1.5,0,0x04,0,0,0,1,0,0,0,0,1,0,,,,,,,,,,,,,,,,,,,,,,
209,2,PITCH_SWEEP,7.0,166297,5074.981689453125,709,21.636962890625,46.217207334273624,29,0.885009765625,679,20.721435546875,1,0.030517578125,0x41E71BC3,0,512,384,0.0,2.0,1.5,0,0x04,0,0,0,1,0,0,0,0,1,0,,,,,,,,,,,,,,,,,,,,,,
210,2,PITCH_SWEEP,7.033333333333333,167043,5097.747802734375,746,22.76611328125,43.924932975871315,29,0.885009765625,716,21.8505859375,1,0.030517578125,0x9BACD179,0,512,384,0.0,2.0,1.5,0,0x04,0,0,0,1,0,0,0,0,1,0,,,,,,,,,,,,,,,,,,,,,,
211,2,PITCH_SWEEP,7.066666666666666,167913,5124.298095703125,870,26.55029296875,37.66436781609195,28,0.8544921875,841,25.665283203125,1,0.030517578125,0x1E07FA07,0,512,384,0.0,2.0,1.5,0,0x04,0,0,0,1,0,0,0,0,1,0,,,,,,,,,,,,,,,,,,,,,,
212,2,PITCH_SWEEP,7.1,168808,5151.611328125,895,27.313232421875,36.61229050279329,29,0.885009765625,866,26.42822265625,0,0.0,0x556C25D5,0,512,384,0.0,2.0,1.5,0,0x04,0,0,0,1,0,0,0,0,1,0,,,,,,,,,,,,,,,,,,,,,,
213,2,PITCH_SWEEP,7.133333333333334,169734,5179.87060546875,926,28.25927734375,35.3866090712743,29,0.885009765625,896,27.34375,1,0.030517578125,0x917C6B41,0,512,384,0.0,2.0,1.5,0,0x04,0,0,0,1,0,0,0,0,1,0,,,,,,,,,,,,,,,,,,,,,,
214,2,PITCH_SWEEP,7.166666666666667,170669,5208.404541015625,935,28.533935546875,35.045989304812835,28,0.8544921875,907,27.679443359375,0,0.0,0x0CFC7757,0,512,384,0.0,2.0,1.5,0,0x04,0,0,0,1,0,0,0,0,1,0,,,,,,,,,,,,,,,,,,,,,,
215,2,PITCH_SWEEP,7.2,171621,5237.457275390625,952,29.052734375,34.42016806722689,29,0.885009765625,922,28.13720703125,1,0.030517578125,0x979B296F,0,512,384,0.0,2.0,1.5,0,0x04,0,0,0,1,0,0,0,0,1,0,,,,,,,,,,,,,,,,,,,,,,
216,2,PITCH_SWEEP,7.233333333333333,172582,5266.78466796875,961,29.327392578125,34.09781477627472,28,0.8544921875,933,28.472900390625,0,0.0,0xF3A6ABD1,0,512,384,0.0,2.0,1.5,0,0x04,0,0,0,1,0,0,0,0,1,0,,,,,,,,,,,,,,,,,,,,,,
217,2,PITCH_SWEEP,7.266666666666667,173664,5299.8046875,1082,33.02001953125,30.284658040665434,29,0.885009765625,1052,32.1044921875,1,0.030517578125,0x9C5D3DAB,0,512,384,0.0,2.0,1.5,0,0x04,0,0,0,1,0,0,0,0,1,0,,,,,,,,,,,,,,,,,,,,,,
218,2,PITCH_SWEEP,7.3,174756,5333.1298828125,1092,33.3251953125,30.007326007326007,28,0.8544921875,1063,32.440185546875,1,0.030517578125,0x776F84F5,0,512,384,0.0,2.0,1.5,0,0x04,0,0,0,1,0,0,0,0,1,0,,,,,,,,,,,,,,,,,,,,,,
219,2,PITCH_SWEEP,7.333333333333333,175805,5365.142822265625,1049,32.012939453125,31.237368922783602,28,0.8544921875,1021,31.158447265625,0,0.0,0xDBF98667,0,512,384,0.0,2.0,1.5,0,0x04,0,0,0,1,0,0,0,0,1,0,,,,,,,,,,,,,,,,,,,,,,
220,2,PITCH_SWEEP,7.366666666666666,176873,5397.735595703125,1068,32.5927734375,30.681647940074907,29,0.885009765625,1039,31.707763671875,0,0.0,0xC1D27A09,0,512,384,0.0,2.0,1.5,0,0x04,0,0,0,1,0,0,0,0,1,0,,,,,,,,,,,,,,,,,,,,,,
221,2,PITCH_SWEEP,7.4,177970,5431.21337890625,1097,33.477783203125,29.870556061987237,29,0.885009765625,1067,32.562255859375,1,0.030517578125,0x390641B9,0,512,384,0.0,2.0,1.5,0,0x04,0,0,0,1,0,0,0,0,1,0,,,,,,,,,,,,,,,,,,,,,,
222,2,PITCH_SWEEP,7.433333333333334,179083,5465.179443359375,1113,33.966064453125,29.44115004492363,29,0.885009765625,1083,33.050537109375,1,0.030517578125,0x70322F27,0,512,384,0.0,2.0,1.5,0,0x04,0,0,0,1,0,0,0,0,1,0,,,,,,,,,,,,,,,,,,,,,,
223,2,PITCH_SWEEP,7.466666666666667,180236,5500.3662109375,1153,35.186767578125,28.419774501300953,29,0.885009765625,1124,34.3017578125,0,0.0,0x9E5629C9,0,512,384,0.0,2.0,1.5,0,0x0C,0,0,0,1,1,0,0,0,1,0,,,,,,,,,,,,,,,,,,,,,,
224,3,PORTAL_FAR,7.5,181312,5533.203125,1076,32.8369140625,30.45353159851301,21,0.640869140625,1054,32.16552734375,1,0.030517578125,0x8A2F81AC,0,533,384,0.0,2.08203125,1.5,0,0x04,0,0,0,1,0,0,1,0,0,0,,,,,,,,,,,,,,,,,,,,,,
225,3,PORTAL_FAR,7.533333333333333,182297,5563.262939453125,985,30.059814453125,33.267005076142134,20,0.6103515625,965,29.449462890625,0,0.0,0xE25D7961,0,554,384,0.0,2.1640625,1.5,0,0x04,0,0,0,1,0,0,1,0,0,0,,,,,,,,,,,,,,,,,,,,,,
226,3,PORTAL_FAR,7.566666666666666,183309,5594.146728515625,1012,30.8837890625,32.3794466403162,21,0.640869140625,990,30.21240234375,1,0.030517578125,0x21F6AB56,0,575,384,0.0,2.24609375,1.5,0,0x04,0,0,0,1,0,0,1,0,0,0,,,,,,,,,,,,,,,,,,,,,,
227,3,PORTAL_FAR,7.6,184231,5622.283935546875,922,28.13720703125,35.54013015184382,21,0.640869140625,900,27.4658203125,1,0.030517578125,0xDF40AB83,0,596,384,0.0,2.328125,1.5,0,0x04,0,0,0,1,0,0,1,0,0,0,,,,,,,,,,,,,,,,,,,,,,
228,3,PORTAL_FAR,7.633333333333334,185228,5652.7099609375,997,30.426025390625,32.866599799398195,21,0.640869140625,976,29.78515625,0,0.0,0xC8B687A0,0,617,384,0.0,2.41015625,1.5,0,0x04,0,0,0,1,0,0,1,0,0,0,,,,,,,,,,,,,,,,,,,,,,
229,3,PORTAL_FAR,7.666666666666667,186226,5683.16650390625,998,30.45654296875,32.833667334669336,21,0.640869140625,976,29.78515625,1,0.030517578125,0x21711EA5,0,638,384,0.0,2.4921875,1.5,0,0x04,0,0,0,1,0,0,1,0,0,0,,,,,,,,,,,,,,,,,,,,,,
230,3,PORTAL_FAR,7.7,187214,5713.31787109375,988,30.1513671875,33.16599190283401,21,0.640869140625,967,29.510498046875,0,0.0,0xEF2709EA,0,659,384,0.0,2.57421875,1.5,0,0x04,0,0,0,1,0,0,1,0,0,0,,,,,,,,,,,,,,,,,,,,,,
231,3,PORTAL_FAR,7.733333333333333,188309,5746.734619140625,1095,33.416748046875,29.92511415525114,21,0.640869140625,1073,32.745361328125,1,0.030517578125,0xA681AE77,0,680,384,0.0,2.65625,1.5,0,0x04,0,0,0,1,0,0,1,0,0,0,,,,,,,,,,,,,,,,,,,,,,
232,3,PORTAL_FAR,7.766666666666667,189326,5777.77099609375,1017,31.036376953125,32.220255653883974,20,0.6103515625,997,30.426025390625,0,0.0,0xC1415BE4,0,701,384,0.0,2.73828125,1.5,0,0x04,0,0,0,1,0,0,1,0,0,0,,,,,,,,,,,,,,,,,,,,,,
233,3,PORTAL_FAR,7.8,190242,5805.72509765625,916,27.9541015625,35.77292576419214,21,0.640869140625,895,27.313232421875,0,0.0,0x15562539,0,722,384,0.0,2.8203125,1.5,0,0x04,0,0,0,1,0,0,1,0,0,0,,,,,,,,,,,,,,,,,,,,,,
234,3,PORTAL_FAR,7.833333333333333,191271,5837.127685546875,1029,31.402587890625,31.844509232264333,21,0.640869140625,1008,30.76171875,0,0.0,0x2E3AAF2E,0,743,384,0.0,2.90234375,1.5,0,0x04,0,0,0,1,0,0,1,0,0,0,,,,,,,,,,,,,,,,,,,,,,
235,3,PORTAL_FAR,7.866666666666666,192315,5868.988037109375,1044,31.8603515625,31.386973180076627,21,0.640869140625,1022,31.18896484375,1,0.030517578125,0x6A11B2BB,0,764,384,0.0,2.984375,1.5,0,0x04,0,0,0,1,0,0,1,0,0,0,,,,,,,,,,,,,,,,,,,,,,
236,3,PORTAL_FAR,7.9,193259,5897.796630859375,944,28.80859375,34.71186440677966,21,0.640869140625,923,28.167724609375,0,0.0,0x98AF8E0D,0,785,384,0.0,3.06640625,1.5,0,0x04,0,0,0,1,0,0,1,0,0,0,,,,,,,,,,,,,,,,,,,,,,
237,3,PORTAL_FAR,7.933333333333334,194291,5929.290771484375,1032,31.494140625,31.751937984496124,21,0.640869140625,1011,30.853271484375,0,0.0,0x3C798CE8,0,806,384,0.0,3.1484375,1.5,0,0x04,0,0,0,1,0,0,1,0,0,0,,,,,,,,,,,,,,,,,,,,,,
238,3,PORTAL_FAR,7.966666666666667,195400,5963.134765625,1109,33.843994140625,29.547339945897203,21,0.640869140625,1088,33.203125,0,0.0,0xE5941D8F,0,827,384,0.0,3.23046875,1.5,0,0x04,0,0,0,1,0,0,1,0,0,0,,,,,,,,,,,,,,,,,,,,,,
239,3,PORTAL_FAR,8.0,196415,5994.110107421875,1015,30.975341796875,32.28374384236453,21,0.640869140625,993,30.303955078125,1,0.030517578125,0xB6B9C662,0,848,384,0.0,3.3125,1.5,0,0x04,0,0,0,1,0,0,1,0,0,0,,,,,,,,,,,,,,,,,,,,,,
240,3,PORTAL_FAR,8.033333333333333,197469,6026.275634765625,1054,32.16552734375,31.089184060721063,21,0.640869140625,1033,31.524658203125,0,0.0,0xD8E4F351,0,869,384,0.0,3.39453125,1.5,0,0x04,0,0,0,1,0,0,1,0,0,0,,,,,,,,,,,,,,,,,,,,,,
241,3,PORTAL_FAR,8.066666666666666,198513,6058.135986328125,1044,31.8603515625,31.386973180076627,21,0.640869140625,1022,31.18896484375,1,0.030517578125,0x6E5527DC,0,890,384,0.0,3.4765625,1.5,0,0x04,0,0,0,1,0,0,1,0,0,0,,,,,,,,,,,,,,,,,,,,,,
242,3,PORTAL_FAR,8.1,199558,6090.02685546875,1045,31.890869140625,31.356937799043063,20,0.6103515625,1025,31.280517578125,0,0.0,0x41C83353,0,911,384,0.0,3.55859375,1.5,0,0x04,0,0,0,1,0,0,1,0,0,0,,,,,,,,,,,,,,,,,,,,,,
243,3,PORTAL_FAR,8.133333333333333,200625,6122.589111328125,1067,32.562255859375,30.710402999062794,21,0.640869140625,1045,31.890869140625,1,0.030517578125,0xF40E8226,0,932,384,0.0,3.640625,1.5,0,0x04,0,0,0,1,0,0,1,0,0,0,,,,,,,,,,,,,,,,,,,,,,
244,3,PORTAL_FAR,8.166666666666666,201774,6157.65380859375,1149,35.064697265625,28.51871192341166,21,0.640869140625,1127,34.393310546875,1,0.030517578125,0x48B41C45,0,953,384,0.0,3.72265625,1.5,0,0x04,0,0,0,1,0,0,1,0,0,0,,,,,,,,,,,,,,,,,,,,,,
245,3,PORTAL_FAR,8.2,202905,6192.169189453125,1131,34.515380859375,28.97259062776304,21,0.640869140625,1110,33.87451171875,0,0.0,0xD734A8A0,0,974,384,0.0,3.8046875,1.5,0,0x04,0,0,0,1,0,0,1,0,0,0,,,,,,,,,,,,,,,,,,,,,,
246,3,PORTAL_FAR,8.233333333333333,203842,6220.76416015625,937,28.594970703125,34.97118463180363,21,0.640869140625,916,27.9541015625,0,0.0,0xCA13AD67,0,995,384,0.0,3.88671875,1.5,0,0x04,0,0,0,1,0,0,1,0,0,0,,,,,,,,,,,,,,,,,,,,,,
247,3,PORTAL_FAR,8.266666666666667,204900,6253.0517578125,1058,32.28759765625,30.97164461247637,21,0.640869140625,1037,31.646728515625,0,0.0,0x67B1739A,0,1016,384,0.0,3.96875,1.5,0,0x04,0,0,0,1,0,0,1,0,0,0,,,,,,,,,,,,,,,,,,,,,,
248,3,PORTAL_FAR,8.3,205947,6285.003662109375,1047,31.951904296875,31.297039159503342,21,0.640869140625,1026,31.31103515625,0,0.0,0xA1481F06,0,1037,384,0.0,4.05078125,1.5,0,0x04,0,0,0,1,0,0,1,0,0,0,,,,,,,,,,,,,,,,,,,,,,
249,3,PORTAL_FAR,8.333333333333334,207013,6317.535400390625,1066,32.53173828125,30.73921200750469,21,0.640869140625,1045,31.890869140625,0,0.0,0xEFFF61B3,0,1058,384,0.0,4.1328125,1.5,0,0x04,0,0,0,1,0,0,1,0,0,0,,,,,,,,,,,,,,,,,,,,,,
250,3,PORTAL_FAR,8.366666666666667,208177,6353.057861328125,1164,35.5224609375,28.151202749140893,21,0.640869140625,1142,34.85107421875,1,0.030517578125,0x0292F82C,0,1079,384,0.0,4.21484375,1.5,0,0x04,0,0,0,1,0,0,1,0,0,0,,,,,,,,,,,,,,,,,,,,,,
251,3,PORTAL_FAR,8.4,209328,6388.18359375,1151,35.125732421875,28.46915725456125,21,0.640869140625,1129,34.454345703125,1,0.030517578125,0x0E050D61,0,1100,384,0.0,4.296875,1.5,0,0x04,0,0,0,1,0,0,1,0,0,0,,,,,,,,,,,,,,,,,,,,,,
252,3,PORTAL_FAR,8.433333333333334,210395,6420.745849609375,1067,32.562255859375,30.710402999062794,21,0.640869140625,1046,31.92138671875,0,0.0,0x42376622,0,1121,384,0.0,4.37890625,1.5,0,0x04,0,0,0,1,0,0,1,0,0,0,,,,,,,,,,,,,,,,,,,,,,
253,3,PORTAL_FAR,8.466666666666667,211458,6453.18603515625,1063,32.440185546875,30.825964252116652,21,0.640869140625,1042,31.79931640625,0,0.0,0xD22FBA7F,0,1142,384,0.0,4.4609375,1.5,0,0x04,0,0,0,1,0,0,1,0,0,0,,,,,,,,,,,,,,,,,,,,,,
254,3,PORTAL_FAR,8.5,212512,6485.3515625,1054,32.16552734375,31.089184060721063,21,0.640869140625,1032,31.494140625,1,0.030517578125,0x7259FE18,0,1163,384,0.0,4.54296875,1.5,0,0x06,1,1,0,1,0,0,1,0,0,0,31.43310546875,0.0,0.244140625,8.056640625,8.026123046875,1.40380859375,3.41796875,2.471923828125,0.0,7.232666015625,0.579833984375,0,0,0,0,0,0,0,0,0,0,0
255,3,PORTAL_FAR,8.533333333333333,213693,6521.392822265625,1181,36.041259765625,27.745977984758678,21,0.640869140625,1160,35.400390625,0,0.0,0xCE60C26D,0,1184,384,0.0,4.625,1.5,0,0x04,0,0,0,1,0,0,1,0,0,0,,,,,,,,,,,,,,,,,,,,,,
256,3,PORTAL_FAR,8.566666666666666,214855,6556.854248046875,1162,35.46142578125,28.199655765920827,21,0.640869140625,1141,34.820556640625,0,0.0,0xA69ACC5E,0,1205,384,0.0,4.70703125,1.5,0,0x04,0,0,0,1,0,0,1,0,0,0,,,,,,,,,,,,,,,,,,,,,,
257,3,PORTAL_FAR,8.6,215825,6586.456298828125,970,29.60205078125,33.78144329896907,21,0.640869140625,948,28.9306640625,1,0.030517578125,0xEA84E66B,0,1226,384,0.0,4.7890625,1.5,0,0x04,0,0,0,1,0,0,1,0,0,0,,,,,,,,,,,,,,,,,,,,,,
258,3,PORTAL_FAR,8.633333333333333,216667,6612.152099609375,842,25.69580078125,38.91686460807601,21,0.640869140625,821,25.054931640625,0,0.0,0xECE8EFE4,0,1247,384,0.0,4.87109375,1.5,0,0x04,0,0,0,1,0,0,1,0,0,0,,,,,,,,,,,,,,,,,,,,,,
259,3,PORTAL_FAR,8.666666666666666,217616,6641.11328125,949,28.961181640625,34.52897787144362,21,0.640869140625,928,28.3203125,0,0.0,0x96B259B9,0,1268,384,0.0,4.953125,1.5,0,0x04,0,0,0,1,0,0,1,0,0,0,,,,,,,,,,,,,,,,,,,,,,
260,3,PORTAL_FAR,8.7,218565,6670.074462890625,949,28.961181640625,34.52897787144362,21,0.640869140625,928,28.3203125,0,0.0,0xAD36C447,0,1289,384,0.0,5.03515625,1.5,0,0x04,0,0,0,1,0,0,1,0,0,0,,,,,,,,,,,,,,,,,,,,,,
261,3,PORTAL_FAR,8.733333333333333,219420,6696.1669921875,855,26.092529296875,38.32514619883041,21,0.640869140625,834,25.45166015625,0,0.0,0x3B78C54A,0,1310,384,0.0,5.1171875,1.5,0,0x04,0,0,0,1,0,0,1,0,0,0,,,,,,,,,,,,,,,,,,,,,,
262,3,PORTAL_FAR,8.766666666666667,220275,6722.259521484375,855,26.092529296875,38.32514619883041,21,0.640869140625,834,25.45166015625,0,0.0,0xF990F785,0,1331,384,0.0,5.19921875,1.5,0,0x04,0,0,0,1,0,0,1,0,0,0,,,,,,,,,,,,,,,,,,,,,,
263,3,PORTAL_FAR,8.8,221313,6753.936767578125,1038,31.67724609375,31.56840077071291,21,0.640869140625,1017,31.036376953125,0,0.0,0xB7CC6310,0,1352,384,0.0,5.28125,1.5,0,0x04,0,0,0,1,0,0,1,0,0,0,,,,,,,,,,,,,,,,,,,,,,
264,3,PORTAL_FAR,8.833333333333334,222369,6786.163330078125,1056,32.2265625,31.03030303030303,21,0.640869140625,1035,31.585693359375,0,0.0,0xA51AF683,0,1373,384,0.0,5.36328125,1.5,0,0x04,0,0,0,1,0,0,1,0,0,0,,,,,,,,,,,,,,,,,,,,,,
265,3,PORTAL_FAR,8.866666666666667,223227,6812.347412109375,858,26.18408203125,38.19114219114219,21,0.640869140625,836,25.5126953125,1,0.030517578125,0x437F0B56,0,1394,384,0.0,5.4453125,1.5,0,0x04,0,0,0,1,0,0,1,0,0,0,,,,,,,,,,,,,,,,,,,,,,
266,3,PORTAL_FAR,8.9,224195,6841.888427734375,968,29.541015625,33.85123966942149,21,0.640869140625,947,28.900146484375,0,0.0,0xC5DAB451,0,1415,384,0.0,5.52734375,1.5,0,0x04,0,0,0,1,0,0,1,0,0,0,,,,,,,,,,,,,,,,,,,,,,
267,3,PORTAL_FAR,8.933333333333334,225164,6871.4599609375,969,29.571533203125,33.81630546955624,21,0.640869140625,947,28.900146484375,1,0.030517578125,0x5B4AE8DC,0,1436,384,0.0,5.609375,1.5,0,0x04,0,0,0,1,0,0,1,0,0,0,,,,,,,,,,,,,,,,,,,,,,
268,3,PORTAL_FAR,8.966666666666667,226013,6897.369384765625,849,25.909423828125,38.59599528857479,20,0.6103515625,828,25.2685546875,1,0.030517578125,0x521ED99F,0,1457,384,0.0,5.69140625,1.5,0,0x04,0,0,0,1,0,0,1,0,0,0,,,,,,,,,,,,,,,,,,,,,,
269,3,PORTAL_FAR,9.0,226984,6927.001953125,971,29.632568359375,33.74665293511843,20,0.6103515625,950,28.99169921875,1,0.030517578125,0x50B58722,0,1478,384,0.0,5.7734375,1.5,0,0x04,0,0,0,1,0,0,1,0,0,0,,,,,,,,,,,,,,,,,,,,,,
270,3,PORTAL_FAR,9.033333333333333,227964,6956.9091796875,980,29.9072265625,33.436734693877554,21,0.640869140625,958,29.23583984375,1,0.030517578125,0x61C697BD,0,1499,384,0.0,5.85546875,1.5,0,0x04,0,0,0,1,0,0,1,0,0,0,,,,,,,,,,,,,,,,,,,,,,
271,3,PORTAL_FAR,9.066666666666666,228831,6983.367919921875,867,26.458740234375,37.79469434832757,21,0.640869140625,845,25.787353515625,1,0.030517578125,0xB4265268,0,1520,384,0.0,5.9375,1.5,0,0x04,0,0,0,1,0,0,1,0,0,0,,,,,,,,,,,,,,,,,,,,,,
272,3,PORTAL_FAR,9.1,229800,7012.939453125,969,29.571533203125,33.81630546955624,21,0.640869140625,948,28.9306640625,0,0.0,0xFC700458,0,1541,384,0.0,6.01953125,1.5,0,0x04,0,0,0,1,0,0,1,0,0,0,,,,,,,,,,,,,,,,,,,,,,
273,3,PORTAL_FAR,9.133333333333333,230770,7042.54150390625,970,29.60205078125,33.78144329896907,21,0.640869140625,948,28.9306640625,1,0.030517578125,0x5E89D90D,0,1562,384,0.0,6.1015625,1.5,0,0x04,0,0,0,1,0,0,1,0,0,0,,,,,,,,,,,,,,,,,,,,,,
274,3,PORTAL_FAR,9.166666666666666,231745,7072.296142578125,975,29.754638671875,33.60820512820513,20,0.6103515625,954,29.11376953125,1,0.030517578125,0x6BEE3C0A,0,1583,384,0.0,6.18359375,1.5,0,0x04,0,0,0,1,0,0,1,0,0,0,,,,,,,,,,,,,,,,,,,,,,
275,3,PORTAL_FAR,9.2,232737,7102.569580078125,992,30.2734375,33.03225806451613,21,0.640869140625,971,29.632568359375,0,0.0,0xEAA784B7,0,1604,384,0.0,6.265625,1.5,0,0x04,0,0,0,1,0,0,1,0,0,0,,,,,,,,,,,,,,,,,,,,,,
276,3,PORTAL_FAR,9.233333333333333,233728,7132.8125,991,30.242919921875,33.06559031281534,21,0.640869140625,969,29.571533203125,1,0.030517578125,0xCD80AA54,0,1625,384,0.0,6.34765625,1.5,0,0x04,0,0,0,1,0,0,1,0,0,0,,,,,,,,,,,,,,,,,,,,,,
277,3,PORTAL_FAR,9.266666666666667,234710,7162.78076171875,982,29.96826171875,33.36863543788187,20,0.6103515625,961,29.327392578125,1,0.030517578125,0x49B2EFD9,0,1646,384,0.0,6.4296875,1.5,0,0x04,0,0,0,1,0,0,1,0,0,0,,,,,,,,,,,,,,,,,,,,,,
278,3,PORTAL_FAR,9.3,235696,7192.87109375,986,30.09033203125,33.233265720081135,21,0.640869140625,965,29.449462890625,0,0.0,0xC0B06496,0,1667,384,0.0,6.51171875,1.5,0,0x04,0,0,0,1,0,0,1,0,0,0,,,,,,,,,,,,,,,,,,,,,,
279,3,PORTAL_FAR,9.333333333333334,236698,7223.44970703125,1002,30.57861328125,32.70259481037924,21,0.640869140625,981,29.937744140625,0,0.0,0xA72A6D23,0,1688,384,0.0,6.59375,1.5,0,0x0C,0,0,0,1,1,0,1,0,0,0,,,,,,,,,,,,,,,,,,,,,,
280,4,PORTAL_NEAR,9.366666666666667,237705,7254.180908203125,1007,30.731201171875,32.540218470705064,20,0.6103515625,986,30.09033203125,1,0.030517578125,0x62A14290,0,1709,384,0.0,6.67578125,1.5,0,0x04,0,0,0,1,0,0,1,0,0,0,,,,,,,,,,,,,,,,,,,,,,
281,4,PORTAL_NEAR,9.4,238702,7284.60693359375,997,30.426025390625,32.866599799398195,20,0.6103515625,977,29.815673828125,0,0.0,0xB6B60BE5,0,1730,384,0.0,6.7578125,1.5,0,0x04,0,0,0,1,0,0,1,0,0,0,,,,,,,,,,,,,,,,,,,,,,
282,4,PORTAL_NEAR,9.433333333333334,239891,7320.892333984375,1189,36.285400390625,27.55929352396972,21,0.640869140625,1167,35.614013671875,1,0.030517578125,0x645005E2,0,1751,384,0.0,6.83984375,1.5,0,0x04,0,0,0,1,0,0,1,0,0,0,,,,,,,,,,,,,,,,,,,,,,
283,4,PORTAL_NEAR,9.466666666666667,241117,7358.306884765625,1226,37.41455078125,26.72756933115824,20,0.6103515625,1206,36.80419921875,0,0.0,0x00039F6F,0,1772,384,0.0,6.921875,1.5,0,0x04,0,0,0,1,0,0,1,0,0,0,,,,,,,,,,,,,,,,,,,,,,
284,4,PORTAL_NEAR,9.5,242145,7389.678955078125,1028,31.3720703125,31.875486381322958,21,0.640869140625,1007,30.731201171875,0,0.0,0xD120EC41,0,1793,384,0.0,7.00390625,1.5,0,0x04,0,0,0,1,0,0,1,0,0,0,,,,,,,,,,,,,,,,,,,,,,
285,4,PORTAL_NEAR,9.533333333333333,243262,7423.76708984375,1117,34.088134765625,29.335720680393912,21,0.640869140625,1096,33.447265625,0,0.0,0x73C92B1C,0,1814,384,0.0,7.0859375,1.5,0,0x04,0,0,0,1,0,0,1,0,0,0,,,,,,,,,,,,,,,,,,,,,,
286,4,PORTAL_NEAR,9.566666666666666,244396,7458.3740234375,1134,34.60693359375,28.895943562610228,21,0.640869140625,1112,33.935546875,1,0.030517578125,0x60CD5E3B,0,1835,384,0.0,7.16796875,1.5,0,0x04,0,0,0,1,0,0,1,0,0,0,,,,,,,,,,,,,,,,,,,,,,
287,4,PORTAL_NEAR,9.6,245522,7492.73681640625,1126,34.36279296875,29.101243339253998,21,0.640869140625,1105,33.721923828125,0,0.0,0x32E6260E,0,1856,384,0.0,7.25,1.5,0,0x04,0,0,0,1,0,0,1,0,0,0,,,,,,,,,,,,,,,,,,,,,,
288,4,PORTAL_NEAR,9.633333333333333,246669,7527.740478515625,1147,35.003662109375,28.568439407149086,21,0.640869140625,1125,34.332275390625,1,0.030517578125,0xCFA1D4FD,0,1877,384,0.0,7.33203125,1.5,0,0x04,0,0,0,1,0,0,1,0,0,0,,,,,,,,,,,,,,,,,,,,,,
289,4,PORTAL_NEAR,9.666666666666666,247801,7562.286376953125,1132,34.5458984375,28.946996466431095,20,0.6103515625,1112,33.935546875,0,0.0,0x6726E888,0,1898,384,0.0,7.4140625,1.5,0,0x04,0,0,0,1,0,0,1,0,0,0,,,,,,,,,,,,,,,,,,,,,,
290,4,PORTAL_NEAR,9.7,248855,7594.451904296875,1054,32.16552734375,31.089184060721063,21,0.640869140625,1032,31.494140625,1,0.030517578125,0x20263787,0,1919,384,0.0,7.49609375,1.5,0,0x04,0,0,0,1,0,0,1,0,0,0,,,,,,,,,,,,,,,,,,,,,,
291,4,PORTAL_NEAR,9.733333333333333,249915,7626.800537109375,1060,32.3486328125,30.91320754716981,21,0.640869140625,1038,31.67724609375,1,0.030517578125,0x5AE10ADA,0,1940,384,0.0,7.578125,1.5,0,0x04,0,0,0,1,0,0,1,0,0,0,,,,,,,,,,,,,,,,,,,,,,
292,4,PORTAL_NEAR,9.766666666666667,251086,7662.53662109375,1171,35.736083984375,27.982920580700256,21,0.640869140625,1149,35.064697265625,1,0.030517578125,0x5A29A9F9,0,1961,384,0.0,7.66015625,1.5,0,0x04,0,0,0,1,0,0,1,0,0,0,,,,,,,,,,,,,,,,,,,,,,
293,4,PORTAL_NEAR,9.8,252250,7698.05908203125,1164,35.5224609375,28.151202749140893,20,0.6103515625,1144,34.912109375,0,0.0,0x814E47D4,0,1982,384,0.0,7.7421875,1.5,0,0x04,0,0,0,1,0,0,1,0,0,0,,,,,,,,,,,,,,,,,,,,,,
294,4,PORTAL_NEAR,9.833333333333334,253330,7731.01806640625,1080,32.958984375,30.340740740740742,21,0.640869140625,1059,32.318115234375,0,0.0,0x18426913,0,2003,384,0.0,7.82421875,1.5,0,0x04,0,0,0,1,0,0,1,0,0,0,,,,,,,,,,,,,,,,,,,,,,
295,4,PORTAL_NEAR,9.866666666666667,254522,7767.39501953125,1192,36.376953125,27.48993288590604,21,0.640869140625,1170,35.70556640625,1,0.030517578125,0x5E6E5546,0,2024,384,0.0,7.90625,1.5,0,0x04,0,0,0,1,0,0,1,0,0,0,,,,,,,,,,,,,,,,,,,,,,
296,4,PORTAL_NEAR,9.9,255730,7804.26025390625,1208,36.865234375,27.125827814569536,21,0.640869140625,1186,36.19384765625,1,0.030517578125,0x80998235,0,2045,384,0.0,7.98828125,1.5,0,0x04,0,0,0,1,0,0,1,0,0,0,,,,,,,,,,,,,,,,,,,,,,
297,4,PORTAL_NEAR,9.933333333333334,256819,7837.493896484375,1089,33.233642578125,30.089990817263544,21,0.640869140625,1068,32.5927734375,0,0.0,0xB9B1BE5F,0,2066,384,0.0,8.0703125,1.5,0,0x04,0,0,0,1,0,0,1,0,0,0,,,,,,,,,,,,,,,,,,,,,,
298,4,PORTAL_NEAR,9.966666666666667,258023,7874.237060546875,1204,36.7431640625,27.21594684385382,21,0.640869140625,1183,36.102294921875,0,0.0,0x2AD4C960,0,2087,384,0.0,8.15234375,1.5,0,0x04,0,0,0,1,0,0,1,0,0,0,,,,,,,,,,,,,,,,,,,,,,
299,4,PORTAL_NEAR,10.0,259143,7908.416748046875,1120,34.1796875,29.257142857142856,21,0.640869140625,1098,33.50830078125,1,0.030517578125,0xBFF5AA95,0,2108,384,0.0,8.234375,1.5,0,0x04,0,0,0,1,0,0,1,0,0,0,,,,,,,,,,,,,,,,,,,,,,
300,4,PORTAL_NEAR,10.033333333333333,260153,7939.239501953125,1010,30.82275390625,32.443564356435644,20,0.6103515625,989,30.181884765625,1,0.030517578125,0x4D9E3F56,0,2129,384,0.0,8.31640625,1.5,0,0x04,0,0,0,1,0,0,1,0,0,0,,,,,,,,,,,,,,,,,,,,,,
301,4,PORTAL_NEAR,10.066666666666666,261330,7975.15869140625,1177,35.919189453125,27.840271877655056,21,0.640869140625,1155,35.247802734375,1,0.030517578125,0xBABF1433,0,2150,384,0.0,8.3984375,1.5,0,0x04,0,0,0,1,0,0,1,0,0,0,,,,,,,,,,,,,,,,,,,,,,
302,4,PORTAL_NEAR,10.1,262506,8011.04736328125,1176,35.888671875,27.86394557823129,20,0.6103515625,1155,35.247802734375,1,0.030517578125,0x9E77BAD4,0,2171,384,0.0,8.48046875,1.5,0,0x04,0,0,0,1,0,0,1,0,0,0,,,,,,,,,,,,,,,,,,,,,,
303,4,PORTAL_NEAR,10.133333333333333,263691,8047.210693359375,1185,36.163330078125,27.652320675105486,20,0.6103515625,1164,35.5224609375,1,0.030517578125,0xBBB1AF29,0,2192,384,0.0,8.5625,1.5,0,0x04,0,0,0,1,0,0,1,0,0,0,,,,,,,,,,,,,,,,,,,,,,
304,4,PORTAL_NEAR,10.166666666666666,264914,8084.53369140625,1223,37.322998046875,26.793131643499592,21,0.640869140625,1201,36.651611328125,1,0.030517578125,0x4629139A,0,2213,384,0.0,8.64453125,1.5,0,0x04,0,0,0,1,0,0,1,0,0,0,,,,,,,,,,,,,,,,,,,,,,
305,4,PORTAL_NEAR,10.2,266144,8122.0703125,1230,37.53662109375,26.640650406504065,20,0.6103515625,1210,36.92626953125,0,0.0,0xB2BD4927,0,2234,384,0.0,8.7265625,1.5,0,0x04,0,0,0,1,0,0,1,0,0,0,,,,,,,,,,,,,,,,,,,,,,
306,4,PORTAL_NEAR,10.233333333333333,267089,8150.909423828125,945,28.839111328125,34.67513227513228,21,0.640869140625,924,28.1982421875,0,0.0,0x75A50988,0,2255,384,0.0,8.80859375,1.5,0,0x04,0,0,0,1,0,0,1,0,0,0,,,,,,,,,,,,,,,,,,,,,,
307,4,PORTAL_NEAR,10.266666666666667,267872,8174.8046875,783,23.895263671875,41.84929757343551,21,0.640869140625,762,23.25439453125,0,0.0,0x3350AD5D,0,2276,384,0.0,8.890625,1.5,0,0x04,0,0,0,1,0,0,1,0,0,0,,,,,,,,,,,,,,,,,,,,,,
308,4,PORTAL_NEAR,10.3,268801,8203.155517578125,929,28.350830078125,35.272335844994615,21,0.640869140625,908,27.7099609375,0,0.0,0x69A6C0FE,0,2297,384,0.0,8.97265625,1.5,0,0x04,0,0,0,1,0,0,1,0,0,0,,,,,,,,,,,,,,,,,,,,,,
309,4,PORTAL_NEAR,10.333333333333334,269722,8231.26220703125,921,28.106689453125,35.57871878393051,21,0.640869140625,899,27.435302734375,1,0.030517578125,0x366CD1EE,0,2318,384,0.0,9.0546875,1.5,0,0x04,0,0,0,1,0,0,1,0,0,0,,,,,,,,,,,,,,,,,,,,,,
310,4,PORTAL_NEAR,10.366666666666667,270658,8259.82666015625,936,28.564453125,35.00854700854701,21,0.640869140625,914,27.89306640625,1,0.030517578125,0xC3435431,0,2339,384,0.0,9.13671875,1.5,0,0x04,0,0,0,1,0,0,1,0,0,0,,,,,,,,,,,,,,,,,,,,,,
311,4,PORTAL_NEAR,10.4,271593,8288.360595703125,935,28.533935546875,35.045989304812835,21,0.640869140625,914,27.89306640625,0,0.0,0xCF5C623C,0,2360,384,0.0,9.21875,1.5,0,0x04,0,0,0,1,0,0,1,0,0,0,,,,,,,,,,,,,,,,,,,,,,
312,4,PORTAL_NEAR,10.433333333333334,272534,8317.07763671875,941,28.717041015625,34.82252922422954,21,0.640869140625,919,28.045654296875,1,0.030517578125,0xF349B22F,0,2381,384,0.0,9.30078125,1.5,0,0x06,1,1,0,1,0,0,1,0,0,0,28.01513671875,0.0,6.7138671875,0.0,0.0,0.0,11.077880859375,0.823974609375,0.0,8.7890625,0.6103515625,0,0,0,0,0,0,0,0,0,0,0
313,4,PORTAL_NEAR,10.466666666666667,273475,8345.794677734375,941,28.717041015625,34.82252922422954,21,0.640869140625,919,28.045654296875,1,0.030517578125,0xB5BF8E02,0,2402,384,0.0,9.3828125,1.5,0,0x04,0,0,0,1,0,0,1,0,0,0,,,,,,,,,,,,,,,,,,,,,,
314,4,PORTAL_NEAR,10.5,274401,8374.053955078125,926,28.25927734375,35.3866090712743,21,0.640869140625,905,27.618408203125,0,0.0,0xC450AA05,0,2423,384,0.0,9.46484375,1.5,0,0x04,0,0,0,1,0,0,1,0,0,0,,,,,,,,,,,,,,,,,,,,,,
315,4,PORTAL_NEAR,10.533333333333333,275339,8402.679443359375,938,28.62548828125,34.933901918976545,21,0.640869140625,916,27.9541015625,1,0.030517578125,0x6CC07690,0,2444,384,0.0,9.546875,1.5,0,0x0C,0,0,0,1,1,0,1,0,0,0,,,,,,,,,,,,,,,,,,,,,,
316,5,CROSS_DOWN,10.566666666666666,276275,8431.243896484375,936,28.564453125,35.00854700854701,21,0.640869140625,914,27.89306640625,1,0.030517578125,0x12BF43D3,0,2465,384,0.0,9.62890625,1.5,0,0x06,1,1,0,1,0,0,1,0,0,0,27.862548828125,0.030517578125,6.683349609375,0.0,0.0,0.0,10.955810546875,0.8544921875,0.0,8.758544921875,0.579833984375,0,0,0,0,0,0,0,0,0,0,0
317,5,CROSS_DOWN,10.6,277139,8457.611083984375,864,26.3671875,37.925925925925924,21,0.640869140625,843,25.726318359375,0,0.0,0xF8731ED6,0,2486,384,0.0,9.7109375,1.5,0,0x04,0,0,0,1,0,0,1,0,0,0,,,,,,,,,,,,,,,,,,,,,,
318,5,CROSS_DOWN,10.633333333333333,278035,8484.954833984375,896,27.34375,36.57142857142857,305,9.307861328125,590,18.00537109375,1,0.030517578125,0x55DB212F,3072,1282,1189,12.0,5.0078125,4.64453125,1,0x05,0,0,1,1,0,0,1,0,0,0,,,,,,,,,,,,,,,,,,,,,,
319,5,CROSS_DOWN,10.666666666666666,278647,8503.631591796875,612,18.6767578125,53.54248366013072,21,0.640869140625,590,18.00537109375,1,0.030517578125,0x2C3FE3A2,3071,1261,1165,11.99609375,4.92578125,4.55078125,1,0x0C,0,0,0,1,1,0,1,0,0,0,,,,,,,,,,,,,,,,,,,,,,
320,6,RETURN_UP,10.7,279091,8517.181396484375,444,13.5498046875,73.8018018018018,20,0.6103515625,423,12.908935546875,1,0.030517578125,0xE58885F5,3071,1261,1165,11.99609375,4.92578125,4.55078125,1,0x14,0,0,0,1,0,1,0,0,0,1,,,,,,,,,,,,,,,,,,,,,,
321,6,RETURN_UP,10.733333333333333,279535,8530.731201171875,444,13.5498046875,73.8018018018018,20,0.6103515625,424,12.939453125,0,0.0,0x64268D6D,3071,1261,1165,11.99609375,4.92578125,4.55078125,1,0x10,0,0,0,0,0,1,0,0,0,0,,,,,,,,,,,,,,,,,,,,,,
322,6,RETURN_UP,10.766666666666667,279978,8544.25048828125,443,13.519287109375,73.96839729119638,20,0.6103515625,423,12.908935546875,0,0.0,0x1F13C0A3,3071,1262,1186,11.99609375,4.9296875,4.6328125,1,0x14,0,0,0,1,0,1,-1,0,0,0,,,,,,,,,,,,,,,,,,,,,,
323,6,RETURN_UP,10.8,280472,8559.326171875,494,15.07568359375,66.33198380566802,19,0.579833984375,474,14.46533203125,1,0.030517578125,0x456DF621,3071,1263,1207,11.99609375,4.93359375,4.71484375,1,0x14,0,0,0,1,0,1,-1,0,0,0,,,,,,,,,,,,,,,,,,,,,,
324,6,RETURN_UP,10.833333333333334,281646,8595.15380859375,1174,35.82763671875,27.911413969335605,288,8.7890625,885,27.008056640625,1,0.030517578125,0xE3304181,1,2468,400,0.00390625,9.640625,1.5625,0,0x15,0,0,1,1,0,1,-1,0,0,0,,,,,,,,,,,,,,,,,,,,,,
325,6,RETURN_UP,10.866666666666667,282552,8622.802734375,906,27.64892578125,36.16777041942605,20,0.6103515625,885,27.008056640625,1,0.030517578125,0xF5333920,0,2447,399,0.0,9.55859375,1.55859375,0,0x14,0,0,0,1,0,1,-1,0,0,0,,,,,,,,,,,,,,,,,,,,,,
326,6,RETURN_UP,10.9,283301,8645.660400390625,749,22.857666015625,43.748998664886514,19,0.579833984375,730,22.27783203125,0,0.0,0x5C77CA77,-1,2426,398,-0.00390625,9.4765625,1.5546875,0,0x14,0,0,0,1,0,1,-1,0,0,0,,,,,,,,,,,,,,,,,,,,,,
327,6,RETURN_UP,10.933333333333334,284118,8670.59326171875,817,24.932861328125,40.10771113831089,20,0.6103515625,797,24.322509765625,0,0.0,0x2B5C216C,-2,2405,397,-0.0078125,9.39453125,1.55078125,0,0x14,0,0,0,1,0,1,-1,0,0,0,,,,,,,,,,,,,,,,,,,,,,
328,6,RETURN_UP,10.966666666666667,284941,8695.709228515625,823,25.115966796875,39.81530984204131,20,0.6103515625,803,24.505615234375,0,0.0,0xF6398C29,-3,2384,396,-0.01171875,9.3125,1.546875,0,0x14,0,0,0,1,0,1,-1,0,0,0,,,,,,,,,,,,,,,,,,,,,,
329,6,RETURN_UP,11.0,285766,8720.88623046875,825,25.177001953125,39.71878787878788,20,0.6103515625,805,24.566650390625,0,0.0,0xA4A3A3D6,-4,2363,395,-0.015625,9.23046875,1.54296875,0,0x1E,1,1,0,1,1,1,-1,0,0,0,24.505615234375,0.0,6.7138671875,0.0,0.0,0.0,9.8876953125,0.823974609375,0.0,6.134033203125,0.946044921875,0,0,0,0,0,0,0,0,0,0,0
330,7,LOD_RETREAT,11.033333333333333,286592,8746.09375,826,25.20751953125,39.67070217917676,19,0.579833984375,807,24.627685546875,0,0.0,0xF56371FB,-5,2342,394,-0.01953125,9.1484375,1.5390625,0,0x14,0,0,0,1,0,1,-1,0,0,0,,,,,,,,,,,,,,,,,,,,,,
331,7,LOD_RETREAT,11.066666666666666,287464,8772.705078125,872,26.611328125,37.57798165137615,20,0.6103515625,851,25.970458984375,1,0.030517578125,0x7882CB50,-6,2321,393,-0.0234375,9.06640625,1.53515625,0,0x14,0,0,0,1,0,1,-1,0,0,0,,,,,,,,,,,,,,,,,,,,,,
332,7,LOD_RETREAT,11.1,288376,8800.537109375,912,27.83203125,35.92982456140351,20,0.6103515625,891,27.191162109375,1,0.030517578125,0x1ABD154C,-7,2300,392,-0.02734375,8.984375,1.53125,0,0x14,0,0,0,1,0,1,-1,0,0,0,,,,,,,,,,,,,,,,,,,,,,
333,7,LOD_RETREAT,11.133333333333333,289312,8829.1015625,936,28.564453125,35.00854700854701,19,0.579833984375,917,27.984619140625,0,0.0,0x4DB8A0AB,-8,2279,391,-0.03125,8.90234375,1.52734375,0,0x14,0,0,0,1,0,1,-1,0,0,0,,,,,,,,,,,,,,,,,,,,,,
334,7,LOD_RETREAT,11.166666666666666,290253,8857.818603515625,941,28.717041015625,34.82252922422954,20,0.6103515625,921,28.106689453125,0,0.0,0x1BD7CB8E,-9,2258,390,-0.03515625,8.8203125,1.5234375,0,0x14,0,0,0,1,0,1,-1,0,0,0,,,,,,,,,,,,,,,,,,,,,,
335,7,LOD_RETREAT,11.2,291445,8894.195556640625,1192,36.376953125,27.48993288590604,20,0.6103515625,1172,35.7666015625,0,0.0,0x4C778345,-10,2237,389,-0.0390625,8.73828125,1.51953125,0,0x14,0,0,0,1,0,1,-1,0,0,0,,,,,,,,,,,,,,,,,,,,,,
336,7,LOD_RETREAT,11.233333333333333,292650,8930.96923828125,1205,36.773681640625,27.19336099585062,20,0.6103515625,1185,36.163330078125,0,0.0,0x06EDCEF0,-11,2216,388,-0.04296875,8.65625,1.515625,0,0x14,0,0,0,1,0,1,-1,0,0,0,,,,,,,,,,,,,,,,,,,,,,
337,7,LOD_RETREAT,11.266666666666667,293854,8967.71240234375,1204,36.7431640625,27.21594684385382,20,0.6103515625,1184,36.1328125,0,0.0,0xC108F23F,-12,2195,387,-0.046875,8.57421875,1.51171875,0,0x14,0,0,0,1,0,1,-1,0,0,0,,,,,,,,,,,,,,,,,,,,,,
338,7,LOD_RETREAT,11.3,295055,9004.364013671875,1201,36.651611328125,27.283930058284763,20,0.6103515625,1181,36.041259765625,0,0.0,0xEB460C72,-13,2174,386,-0.05078125,8.4921875,1.5078125,0,0x16,1,1,0,1,0,1,-1,0,0,0,35.94970703125,0.0,0.244140625,8.880615234375,3.387451171875,2.0751953125,11.41357421875,0.823974609375,0.0,8.1787109375,0.946044921875,0,0,0,0,0,0,0,0,0,0,0
339,7,LOD_RETREAT,11.333333333333334,296284,9041.8701171875,1229,37.506103515625,26.66232709519935,20,0.6103515625,1208,36.865234375,1,0.030517578125,0xC75B1FA9,-14,2153,385,-0.0546875,8.41015625,1.50390625,0,0x14,0,0,0,1,0,1,-1,0,0,0,,,,,,,,,,,,,,,,,,,,,,
340,7,LOD_RETREAT,11.366666666666667,297478,9078.30810546875,1194,36.43798828125,27.44388609715243,19,0.579833984375,1175,35.858154296875,0,0.0,0x551F57A4,-15,2132,384,-0.05859375,8.328125,1.5,0,0x14,0,0,0,1,0,1,-1,0,0,0,,,,,,,,,,,,,,,,,,,,,,
341,7,LOD_RETREAT,11.4,298641,9113.800048828125,1163,35.491943359375,28.175408426483234,20,0.6103515625,1142,34.85107421875,1,0.030517578125,0xA2C57EE3,-16,2111,383,-0.0625,8.24609375,1.49609375,0,0x14,0,0,0,1,0,1,-1,0,0,0,,,,,,,,,,,,,,,,,,,,,,
342,7,LOD_RETREAT,11.433333333333334,299805,9149.322509765625,1164,35.5224609375,28.151202749140893,20,0.6103515625,1144,34.912109375,0,0.0,0x5D84EBA6,-17,2090,382,-0.06640625,8.1640625,1.4921875,0,0x14,0,0,0,1,0,1,-1,0,0,0,,,,,,,,,,,,,,,,,,,,,,
343,7,LOD_RETREAT,11.466666666666667,300981,9185.211181640625,1176,35.888671875,27.86394557823129,20,0.6103515625,1156,35.2783203125,0,0.0,0xA77A597D,-18,2069,381,-0.0703125,8.08203125,1.48828125,0,0x14,0,0,0,1,0,1,-1,0,0,0,,,,,,,,,,,,,,,,,,,,,,
344,7,LOD_RETREAT,11.5,302154,9221.00830078125,1173,35.797119140625,27.935208866155158,20,0.6103515625,1153,35.186767578125,0,0.0,0x55E94EE8,-19,2048,380,-0.07421875,8.0,1.484375,0,0x14,0,0,0,1,0,1,-1,0,0,0,,,,,,,,,,,,,,,,,,,,,,
345,7,LOD_RETREAT,11.533333333333333,303324,9256.7138671875,1170,35.70556640625,28.006837606837607,20,0.6103515625,1149,35.064697265625,1,0.030517578125,0xAB3EB63C,-20,2027,379,-0.078125,7.91796875,1.48046875,0,0x14,0,0,0,1,0,1,-1,0,0,0,,,,,,,,,,,,,,,,,,,,,,
346,7,LOD_RETREAT,11.566666666666666,304504,9292.724609375,1180,36.0107421875,27.769491525423728,20,0.6103515625,1159,35.369873046875,1,0.030517578125,0x78FA7859,-21,2006,378,-0.08203125,7.8359375,1.4765625,0,0x14,0,0,0,1,0,1,-1,0,0,0,,,,,,,,,,,,,,,,,,,,,,
347,7,LOD_RETREAT,11.6,305689,9328.887939453125,1185,36.163330078125,27.652320675105486,19,0.579833984375,1166,35.58349609375,0,0.0,0xE7DBE762,-22,1985,377,-0.0859375,7.75390625,1.47265625,0,0x14,0,0,0,1,0,1,-1,0,0,0,,,,,,,,,,,,,,,,,,,,,,
348,7,LOD_RETREAT,11.633333333333333,306893,9365.631103515625,1204,36.7431640625,27.21594684385382,20,0.6103515625,1184,36.1328125,0,0.0,0x385BD137,-23,1964,376,-0.08984375,7.671875,1.46875,0,0x14,0,0,0,1,0,1,-1,0,0,0,,,,,,,,,,,,,,,,,,,,,,
349,7,LOD_RETREAT,11.666666666666666,308103,9402.557373046875,1210,36.92626953125,27.08099173553719,20,0.6103515625,1189,36.285400390625,1,0.030517578125,0x357E8788,-24,1943,375,-0.09375,7.58984375,1.46484375,0,0x14,0,0,0,1,0,1,-1,0,0,0,,,,,,,,,,,,,,,,,,,,,,
350,7,LOD_RETREAT,11.7,309263,9437.957763671875,1160,35.400390625,28.248275862068965,20,0.6103515625,1139,34.759521484375,1,0.030517578125,0xDF9E50B5,-25,1922,374,-0.09765625,7.5078125,1.4609375,0,0x14,0,0,0,1,0,1,-1,0,0,0,,,,,,,,,,,,,,,,,,,,,,
351,7,LOD_RETREAT,11.733333333333333,310416,9473.14453125,1153,35.186767578125,28.419774501300953,20,0.6103515625,1133,34.576416015625,0,0.0,0xE76B625E,-26,1901,373,-0.1015625,7.42578125,1.45703125,0,0x14,0,0,0,1,0,1,-1,0,0,0,,,,,,,,,,,,,,,,,,,,,,
352,7,LOD_RETREAT,11.766666666666667,311547,9507.659912109375,1131,34.515380859375,28.97259062776304,20,0.6103515625,1111,33.905029296875,0,0.0,0x95527963,-27,1880,372,-0.10546875,7.34375,1.453125,0,0x14,0,0,0,1,0,1,-1,0,0,0,,,,,,,,,,,,,,,,,,,,,,
353,7,LOD_RETREAT,11.8,312649,9541.290283203125,1102,33.63037109375,29.73502722323049,20,0.6103515625,1081,32.989501953125,1,0.030517578125,0x8E13BCD4,-28,1859,371,-0.109375,7.26171875,1.44921875,0,0x14,0,0,0,1,0,1,-1,0,0,0,,,,,,,,,,,,,,,,,,,,,,
354,7,LOD_RETREAT,11.833333333333334,313771,9575.531005859375,1122,34.24072265625,29.204991087344027,19,0.579833984375,1103,33.660888671875,0,0.0,0xD14DDB71,-29,1838,370,-0.11328125,7.1796875,1.4453125,0,0x14,0,0,0,1,0,1,-1,0,0,0,,,,,,,,,,,,,,,,,,,,,,
355,7,LOD_RETREAT,11.866666666666667,314843,9608.245849609375,1072,32.71484375,30.567164179104477,20,0.6103515625,1052,32.1044921875,0,0.0,0x68E66BFA,-30,1817,369,-0.1171875,7.09765625,1.44140625,0,0x14,0,0,0,1,0,1,-1,0,0,0,,,,,,,,,,,,,,,,,,,,,,
356,7,LOD_RETREAT,11.9,315984,9643.06640625,1141,34.820556640625,28.718667835232253,20,0.6103515625,1120,34.1796875,1,0.030517578125,0xA61B072F,-31,1796,368,-0.12109375,7.015625,1.4375,0,0x14,0,0,0,1,0,1,-1,0,0,0,,,,,,,,,,,,,,,,,,,,,,
357,7,LOD_RETREAT,11.933333333333334,317078,9676.45263671875,1094,33.38623046875,29.952468007312614,19,0.579833984375,1075,32.806396484375,0,0.0,0x55966161,-32,1775,367,-0.125,6.93359375,1.43359375,0,0x14,0,0,0,1,0,1,-1,0,0,0,,,,,,,,,,,,,,,,,,,,,,
358,7,LOD_RETREAT,11.966666666666667,318192,9710.44921875,1114,33.99658203125,29.414721723518852,20,0.6103515625,1094,33.38623046875,0,0.0,0x2A16FA7C,-33,1754,366,-0.12890625,6.8515625,1.4296875,0,0x14,0,0,0,1,0,1,-1,0,0,0,,,,,,,,,,,,,,,,,,,,,,
359,7,LOD_RETREAT,12.0,319268,9743.2861328125,1076,32.8369140625,30.45353159851301,20,0.6103515625,1056,32.2265625,0,0.0,0x7AF63907,-34,1733,365,-0.1328125,6.76953125,1.42578125,0,0x14,0,0,0,1,0,1,-1,0,0,0,,,,,,,,,,,,,,,,,,,,,,
360,7,LOD_RETREAT,12.033333333333333,320418,9778.38134765625,1150,35.09521484375,28.493913043478262,20,0.6103515625,1129,34.454345703125,1,0.030517578125,0xD97A20BA,-35,1712,364,-0.13671875,6.6875,1.421875,0,0x14,0,0,0,1,0,1,-1,0,0,0,,,,,,,,,,,,,,,,,,,,,,
361,7,LOD_RETREAT,12.066666666666666,321593,9814.239501953125,1175,35.858154296875,27.887659574468085,20,0.6103515625,1155,35.247802734375,0,0.0,0x08A0658D,-36,1691,363,-0.140625,6.60546875,1.41796875,0,0x14,0,0,0,1,0,1,-1,0,0,0,,,,,,,,,,,,,,,,,,,,,,
362,7,LOD_RETREAT,12.1,322723,9848.724365234375,1130,34.48486328125,28.998230088495575,20,0.6103515625,1110,33.87451171875,0,0.0,0x3B2ED158,-37,1670,362,-0.14453125,6.5234375,1.4140625,0,0x14,0,0,0,1,0,1,-1,0,0,0,,,,,,,,,,,,,,,,,,,,,,
363,7,LOD_RETREAT,12.133333333333333,323819,9882.171630859375,1096,33.447265625,29.8978102189781,20,0.6103515625,1075,32.806396484375,1,0.030517578125,0x6FE1A9A3,-38,1649,361,-0.1484375,6.44140625,1.41015625,0,0x14,0,0,0,1,0,1,-1,0,0,0,,,,,,,,,,,,,,,,,,,,,,
364,7,LOD_RETREAT,12.166666666666666,324911,9915.496826171875,1092,33.3251953125,30.007326007326007,19,0.579833984375,1072,32.71484375,1,0.030517578125,0xF40E85E6,-39,1628,360,-0.15234375,6.359375,1.40625,0,0x14,0,0,0,1,0,1,-1,0,0,0,,,,,,,,,,,,,,,,,,,,,,
365,7,LOD_RETREAT,12.2,325956,9947.3876953125,1045,31.890869140625,31.356937799043063,19,0.579833984375,1026,31.31103515625,0,0.0,0x72D9B089,-40,1607,359,-0.15625,6.27734375,1.40234375,0,0x14,0,0,0,1,0,1,-1,0,0,0,,,,,,,,,,,,,,,,,,,,,,
366,7,LOD_RETREAT,12.233333333333333,326993,9979.034423828125,1037,31.646728515625,31.59884281581485,20,0.6103515625,1016,31.005859375,1,0.030517578125,0x49A65404,-41,1586,358,-0.16015625,6.1953125,1.3984375,0,0x14,0,0,0,1,0,1,-1,0,0,0,,,,,,,,,,,,,,,,,,,,,,
367,7,LOD_RETREAT,12.266666666666667,328025,10010.528564453125,1032,31.494140625,31.751937984496124,19,0.579833984375,1013,30.914306640625,0,0.0,0x0BBFB66F,-42,1565,357,-0.1640625,6.11328125,1.39453125,0,0x14,0,0,0,1,0,1,-1,0,0,0,,,,,,,,,,,,,,,,,,,,,,
368,7,LOD_RETREAT,12.3,329062,10042.17529296875,1037,31.646728515625,31.59884281581485,20,0.6103515625,1017,31.036376953125,0,0.0,0x891258C2,-43,1544,356,-0.16796875,6.03125,1.390625,0,0x14,0,0,0,1,0,1,-1,0,0,0,,,,,,,,,,,,,,,,,,,,,,
369,7,LOD_RETREAT,12.333333333333334,330084,10073.3642578125,1022,31.18896484375,32.06262230919765,20,0.6103515625,1001,30.548095703125,1,0.030517578125,0xF99191D2,-44,1523,355,-0.171875,5.94921875,1.38671875,0,0x14,0,0,0,1,0,1,-1,0,0,0,,,,,,,,,,,,,,,,,,,,,,
370,7,LOD_RETREAT,12.366666666666667,331094,10104.18701171875,1010,30.82275390625,32.443564356435644,20,0.6103515625,990,30.21240234375,0,0.0,0xE444F69F,-45,1502,354,-0.17578125,5.8671875,1.3828125,0,0x14,0,0,0,1,0,1,-1,0,0,0,,,,,,,,,,,,,,,,,,,,,,
371,7,LOD_RETREAT,12.4,332096,10134.765625,1002,30.57861328125,32.70259481037924,20,0.6103515625,982,29.96826171875,0,0.0,0x40905A1C,-46,1481,353,-0.1796875,5.78515625,1.37890625,0,0x14,0,0,0,1,0,1,-1,0,0,0,,,,,,,,,,,,,,,,,,,,,,
372,7,LOD_RETREAT,12.433333333333334,333075,10164.642333984375,979,29.876708984375,33.4708886618999,20,0.6103515625,958,29.23583984375,1,0.030517578125,0x53054201,-47,1460,352,-0.18359375,5.703125,1.375,0,0x14,0,0,0,1,0,1,-1,0,0,0,,,,,,,,,,,,,,,,,,,,,,
373,7,LOD_RETREAT,12.466666666666667,334068,10194.9462890625,993,30.303955078125,32.99899295065458,20,0.6103515625,972,29.6630859375,1,0.030517578125,0x7A204B3E,-48,1439,351,-0.1875,5.62109375,1.37109375,0,0x14,0,0,0,1,0,1,-1,0,0,0,,,,,,,,,,,,,,,,,,,,,,
374,7,LOD_RETREAT,12.5,335042,10224.67041015625,974,29.72412109375,33.64271047227926,20,0.6103515625,954,29.11376953125,0,0.0,0x5CF2055B,-49,1418,350,-0.19140625,5.5390625,1.3671875,0,0x14,0,0,0,1,0,1,-1,0,0,0,,,,,,,,,,,,,,,,,,,,,,
375,7,LOD_RETREAT,12.533333333333333,336028,10254.7607421875,986,30.09033203125,33.233265720081135,20,0.6103515625,965,29.449462890625,1,0.030517578125,0x596A5818,-50,1397,349,-0.1953125,5.45703125,1.36328125,0,0x14,0,0,0,1,0,1,-1,0,0,0,,,,,,,,,,,,,,,,,,,,,,
376,7,LOD_RETREAT,12.566666666666666,337048,10285.888671875,1020,31.1279296875,32.12549019607843,19,0.579833984375,1000,30.517578125,1,0.030517578125,0xFF08E4ED,-51,1376,348,-0.19921875,5.375,1.359375,0,0x14,0,0,0,1,0,1,-1,0,0,0,,,,,,,,,,,,,,,,,,,,,,
377,7,LOD_RETREAT,12.6,338062,10316.83349609375,1014,30.94482421875,32.315581854043394,19,0.579833984375,994,30.33447265625,1,0.030517578125,0xA8F2C94A,-52,1355,347,-0.203125,5.29296875,1.35546875,0,0x1C,0,0,0,1,1,1,-1,0,0,0,,,,,,,,,,,,,,,,,,,,,,
378,8,LOD_APPROACH,12.633333333333333,338953,10344.024658203125,891,27.191162109375,36.77665544332211,19,0.579833984375,872,26.611328125,0,0.0,0x4D002ED7,-51,1376,348,-0.19921875,5.375,1.359375,0,0x14,0,0,0,1,0,1,1,0,0,0,,,,,,,,,,,,,,,,,,,,,,
379,8,LOD_APPROACH,12.666666666666666,339971,10375.091552734375,1018,31.06689453125,32.18860510805501,19,0.579833984375,999,30.487060546875,0,0.0,0x09B88652,-50,1397,349,-0.1953125,5.45703125,1.36328125,0,0x14,0,0,0,1,0,1,1,0,0,0,,,,,,,,,,,,,,,,,,,,,,
380,8,LOD_APPROACH,12.7,340980,10405.8837890625,1009,30.792236328125,32.47571853320119,20,0.6103515625,989,30.181884765625,0,0.0,0xCDD83805,-49,1418,350,-0.19140625,5.5390625,1.3671875,0,0x14,0,0,0,1,0,1,1,0,0,0,,,,,,,,,,,,,,,,,,,,,,
381,8,LOD_APPROACH,12.733333333333333,341949,10435.455322265625,969,29.571533203125,33.81630546955624,19,0.579833984375,950,28.99169921875,0,0.0,0x6D2BFD58,-48,1439,351,-0.1875,5.62109375,1.37109375,0,0x14,0,0,0,1,0,1,1,0,0,0,,,,,,,,,,,,,,,,,,,,,,
382,8,LOD_APPROACH,12.766666666666667,342933,10465.484619140625,984,30.029296875,33.300813008130085,19,0.579833984375,965,29.449462890625,0,0.0,0x6961D88B,-47,1460,352,-0.18359375,5.703125,1.375,0,0x14,0,0,0,1,0,1,1,0,0,0,,,,,,,,,,,,,,,,,,,,,,
383,8,LOD_APPROACH,12.8,343937,10496.124267578125,1004,30.6396484375,32.63745019920319,19,0.579833984375,985,30.059814453125,0,0.0,0x28A5ED36,-46,1481,353,-0.1796875,5.78515625,1.37890625,0,0x14,0,0,0,1,0,1,1,0,0,0,,,,,,,,,,,,,,,,,,,,,,
384,8,LOD_APPROACH,12.833333333333334,344924,10526.2451171875,987,30.120849609375,33.19959473150963,19,0.579833984375,968,29.541015625,0,0.0,0xE48DD0E9,-45,1502,354,-0.17578125,5.8671875,1.3828125,0,0x14,0,0,0,1,0,1,1,0,0,0,,,,,,,,,,,,,,,,,,,,,,
385,8,LOD_APPROACH,12.866666666666667,345935,10557.098388671875,1011,30.853271484375,32.41147378832839,19,0.579833984375,992,30.2734375,0,0.0,0xC38C156C,-44,1523,355,-0.171875,5.94921875,1.38671875,0,0x14,0,0,0,1,0,1,1,0,0,0,,,,,,,,,,,,,,,,,,,,,,
386,8,LOD_APPROACH,12.9,346948,10588.0126953125,1013,30.914306640625,32.34748272458045,19,0.579833984375,994,30.33447265625,0,0.0,0x8254B51C,-43,1544,356,-0.16796875,6.03125,1.390625,0,0x14,0,0,0,1,0,1,1,0,0,0,,,,,,,,,,,,,,,,,,,,,,
387,8,LOD_APPROACH,12.933333333333334,347979,10619.476318359375,1031,31.463623046875,31.782735208535403,19,0.579833984375,1012,30.8837890625,0,0.0,0xF9894479,-42,1565,357,-0.1640625,6.11328125,1.39453125,0,0x14,0,0,0,1,0,1,1,0,0,0,,,,,,,,,,,,,,,,,,,,,,
388,8,LOD_APPROACH,12.966666666666667,349024,10651.3671875,1045,31.890869140625,31.356937799043063,19,0.579833984375,1025,31.280517578125,1,0.030517578125,0x404CAEBE,-41,1586,358,-0.16015625,6.1953125,1.3984375,0,0x14,0,0,0,1,0,1,1,0,0,0,,,,,,,,,,,,,,,,,,,,,,
389,8,LOD_APPROACH,13.0,350044,10682.4951171875,1020,31.1279296875,32.12549019607843,19,0.579833984375,1001,30.548095703125,0,0.0,0x4A50E553,-40,1607,359,-0.15625,6.27734375,1.40234375,0,0x14,0,0,0,1,0,1,1,0,0,0,,,,,,,,,,,,,,,,,,,,,,
390,8,LOD_APPROACH,13.033333333333333,351123,10715.423583984375,1079,32.928466796875,30.368860055607044,19,0.579833984375,1060,32.3486328125,0,0.0,0x7ED10880,-39,1628,360,-0.15234375,6.359375,1.40625,0,0x14,0,0,0,1,0,1,1,0,0,0,,,,,,,,,,,,,,,,,,,,,,
391,8,LOD_APPROACH,13.066666666666666,352224,10749.0234375,1101,33.599853515625,29.76203451407811,20,0.6103515625,1081,32.989501953125,0,0.0,0xC510522D,-38,1649,361,-0.1484375,6.44140625,1.41015625,0,0x14,0,0,0,1,0,1,1,0,0,0,,,,,,,,,,,,,,,,,,,,,,
392,8,LOD_APPROACH,13.1,353322,10782.53173828125,1098,33.50830078125,29.84335154826958,20,0.6103515625,1078,32.89794921875,0,0.0,0x2D35DF92,-37,1670,362,-0.14453125,6.5234375,1.4140625,0,0x14,0,0,0,1,0,1,1,0,0,0,,,,,,,,,,,,,,,,,,,,,,
393,8,LOD_APPROACH,13.133333333333333,354426,10816.22314453125,1104,33.69140625,29.681159420289855,20,0.6103515625,1084,33.0810546875,0,0.0,0xEDF495F7,-36,1691,363,-0.140625,6.60546875,1.41796875,0,0x14,0,0,0,1,0,1,1,0,0,0,,,,,,,,,,,,,,,,,,,,,,
394,8,LOD_APPROACH,13.166666666666666,355572,10851.1962890625,1146,34.97314453125,28.593368237347295,19,0.579833984375,1127,34.393310546875,0,0.0,0xA1277674,-35,1712,364,-0.13671875,6.6875,1.421875,0,0x14,0,0,0,1,0,1,1,0,0,0,,,,,,,,,,,,,,,,,,,,,,
395,8,LOD_APPROACH,13.2,356760,10887.451171875,1188,36.2548828125,27.58249158249158,19,0.579833984375,1168,35.64453125,1,0.030517578125,0x15EEA471,-34,1733,365,-0.1328125,6.76953125,1.42578125,0,0x14,0,0,0,1,0,1,1,0,0,0,,,,,,,,,,,,,,,,,,,,,,
396,8,LOD_APPROACH,13.233333333333333,357910,10922.54638671875,1150,35.09521484375,28.493913043478262,20,0.6103515625,1129,34.454345703125,1,0.030517578125,0xB4086516,-33,1754,366,-0.12890625,6.8515625,1.4296875,0,0x14,0,0,0,1,0,1,1,0,0,0,,,,,,,,,,,,,,,,,,,,,,
397,8,LOD_APPROACH,13.266666666666667,359087,10958.465576171875,1177,35.919189453125,27.840271877655056,19,0.579833984375,1157,35.308837890625,1,0.030517578125,0xD3CEDB6B,-32,1775,367,-0.125,6.93359375,1.43359375,0,0x14,0,0,0,1,0,1,1,0,0,0,,,,,,,,,,,,,,,,,,,,,,
398,8,LOD_APPROACH,13.3,360305,10995.635986328125,1218,37.17041015625,26.90311986863711,20,0.6103515625,1198,36.56005859375,0,0.0,0x37907739,-31,1796,368,-0.12109375,7.015625,1.4375,0,0x14,0,0,0,1,0,1,1,0,0,0,,,,,,,,,,,,,,,,,,,,,,
399,8,LOD_APPROACH,13.333333333333334,361470,11031.18896484375,1165,35.552978515625,28.12703862660944,20,0.6103515625,1145,34.942626953125,0,0.0,0x354D8EB4,-30,1817,369,-0.1171875,7.09765625,1.44140625,0,0x14,0,0,0,1,0,1,1,0,0,0,,,,,,,,,,,,,,,,,,,,,,
400,8,LOD_APPROACH,13.366666666666667,362649,11067.169189453125,1179,35.980224609375,27.793044953350297,20,0.6103515625,1158,35.33935546875,1,0.030517578125,0xB989B73B,-29,1838,370,-0.11328125,7.1796875,1.4453125,0,0x14,0,0,0,1,0,1,1,0,0,0,,,,,,,,,,,,,,,,,,,,,,
401,8,LOD_APPROACH,13.4,363833,11103.302001953125,1184,36.1328125,27.675675675675677,19,0.579833984375,1165,35.552978515625,0,0.0,0xA649088E,-28,1859,371,-0.109375,7.26171875,1.44921875,0,0x14,0,0,0,1,0,1,1,0,0,0,,,,,,,,,,,,,,,,,,,,,,
402,8,LOD_APPROACH,13.433333333333334,364998,11138.85498046875,1165,35.552978515625,28.12703862660944,20,0.6103515625,1144,34.912109375,1,0.030517578125,0x81CF51ED,-27,1880,372,-0.10546875,7.34375,1.453125,0,0x14,0,0,0,1,0,1,1,0,0,0,,,,,,,,,,,,,,,,,,,,,,
403,8,LOD_APPROACH,13.466666666666667,366091,11172.210693359375,1093,33.355712890625,29.979871912168345,20,0.6103515625,1072,32.71484375,1,0.030517578125,0x141BC178,-26,1901,373,-0.1015625,7.42578125,1.45703125,0,0x14,0,0,0,1,0,1,1,0,0,0,,,,,,,,,,,,,,,,,,,,,,
404,8,LOD_APPROACH,13.5,367237,11207.183837890625,1146,34.97314453125,28.593368237347295,19,0.579833984375,1126,34.36279296875,1,0.030517578125,0xBB50435F,-25,1922,374,-0.09765625,7.5078125,1.4609375,0,0x14,0,0,0,1,0,1,1,0,0,0,,,,,,,,,,,,,,,,,,,,,,
405,8,LOD_APPROACH,13.533333333333333,368399,11242.645263671875,1162,35.46142578125,28.199655765920827,20,0.6103515625,1141,34.820556640625,1,0.030517578125,0x03554D82,-24,1943,375,-0.09375,7.58984375,1.46484375,0,0x14,0,0,0,1,0,1,1,0,0,0,,,,,,,,,,,,,,,,,,,,,,
406,8,LOD_APPROACH,13.566666666666666,369565,11278.228759765625,1166,35.58349609375,28.102915951972555,19,0.579833984375,1147,35.003662109375,0,0.0,0x3EEA4DA1,-23,1964,376,-0.08984375,7.671875,1.46875,0,0x14,0,0,0,1,0,1,1,0,0,0,,,,,,,,,,,,,,,,,,,,,,
407,8,LOD_APPROACH,13.6,370788,11315.5517578125,1223,37.322998046875,26.793131643499592,20,0.6103515625,1202,36.68212890625,1,0.030517578125,0x3C71A03C,-22,1985,377,-0.0859375,7.75390625,1.47265625,0,0x14,0,0,0,1,0,1,1,0,0,0,,,,,,,,,,,,,,,,,,,,,,
408,8,LOD_APPROACH,13.633333333333333,372001,11352.569580078125,1213,37.017822265625,27.01401483924155,19,0.579833984375,1194,36.43798828125,0,0.0,0xDC36DBE3,-21,2006,378,-0.08203125,7.8359375,1.4765625,0,0x14,0,0,0,1,0,1,1,0,0,0,,,,,,,,,,,,,,,,,,,,,,
409,8,LOD_APPROACH,13.666666666666666,373194,11388.97705078125,1193,36.407470703125,27.466890192791283,20,0.6103515625,1173,35.797119140625,0,0.0,0xAEE872D6,-20,2027,379,-0.078125,7.91796875,1.48046875,0,0x14,0,0,0,1,0,1,1,0,0,0,,,,,,,,,,,,,,,,,,,,,,
410,8,LOD_APPROACH,13.7,374384,11425.29296875,1190,36.31591796875,27.536134453781514,19,0.579833984375,1170,35.70556640625,1,0.030517578125,0xF16AEBE2,-19,2048,380,-0.07421875,8.0,1.484375,0,0x14,0,0,0,1,0,1,1,0,0,0,,,,,,,,,,,,,,,,,,,,,,
411,8,LOD_APPROACH,13.733333333333333,375564,11461.3037109375,1180,36.0107421875,27.769491525423728,19,0.579833984375,1161,35.430908203125,0,0.0,0xD823C5E7,-18,2069,381,-0.0703125,8.08203125,1.48828125,0,0x14,0,0,0,1,0,1,1,0,0,0,,,,,,,,,,,,,,,,,,,,,,
412,8,LOD_APPROACH,13.766666666666667,376747,11497.406005859375,1183,36.102294921875,27.69907016060862,19,0.579833984375,1163,35.491943359375,1,0.030517578125,0x15BBCA40,-17,2090,382,-0.06640625,8.1640625,1.4921875,0,0x14,0,0,0,1,0,1,1,0,0,0,,,,,,,,,,,,,,,,,,,,,,
413,8,LOD_APPROACH,13.8,377954,11534.24072265625,1207,36.834716796875,27.148301574150786,19,0.579833984375,1187,36.224365234375,1,0.030517578125,0x73E6CF6D,-16,2111,383,-0.0625,8.24609375,1.49609375,0,0x14,0,0,0,1,0,1,1,0,0,0,,,,,,,,,,,,,,,,,,,,,,
414,8,LOD_APPROACH,13.833333333333334,379154,11570.86181640625,1200,36.62109375,27.30666666666667,19,0.579833984375,1180,36.0107421875,1,0.030517578125,0x77C63D5E,-15,2132,384,-0.05859375,8.328125,1.5,0,0x14,0,0,0,1,0,1,1,0,0,0,,,,,,,,,,,,,,,,,,,,,,
415,8,LOD_APPROACH,13.866666666666667,380344,11607.177734375,1190,36.31591796875,27.536134453781514,20,0.6103515625,1169,35.675048828125,1,0.030517578125,0x0B82ACF3,-14,2153,385,-0.0546875,8.41015625,1.50390625,0,0x14,0,0,0,1,0,1,1,0,0,0,,,,,,,,,,,,,,,,,,,,,,
416,8,LOD_APPROACH,13.9,381562,11644.34814453125,1218,37.17041015625,26.90311986863711,20,0.6103515625,1198,36.56005859375,0,0.0,0xAF688A0C,-13,2174,386,-0.05078125,8.4921875,1.5078125,0,0x16,1,1,0,1,0,1,1,0,0,0,36.4990234375,0.030517578125,0.213623046875,8.9111328125,3.35693359375,2.0751953125,11.41357421875,0.823974609375,0.0,8.72802734375,0.946044921875,0,0,0,0,0,0,0,0,0,0,0
417,8,LOD_APPROACH,13.933333333333334,382791,11681.854248046875,1229,37.506103515625,26.66232709519935,19,0.579833984375,1209,36.895751953125,1,0.030517578125,0x73C02589,-12,2195,387,-0.046875,8.57421875,1.51171875,0,0x14,0,0,0,1,0,1,1,0,0,0,,,,,,,,,,,,,,,,,,,,,,
418,8,LOD_APPROACH,13.966666666666667,383988,11718.3837890625,1197,36.529541015625,27.375104427736005,19,0.579833984375,1177,35.919189453125,1,0.030517578125,0xAB9B46AA,-11,2216,388,-0.04296875,8.65625,1.515625,0,0x14,0,0,0,1,0,1,1,0,0,0,,,,,,,,,,,,,,,,,,,,,,
419,8,LOD_APPROACH,14.0,385182,11754.82177734375,1194,36.43798828125,27.44388609715243,19,0.579833984375,1175,35.858154296875,0,0.0,0x33D8802F,-10,2237,389,-0.0390625,8.73828125,1.51953125,0,0x14,0,0,0,1,0,1,1,0,0,0,,,,,,,,,,,,,,,,,,,,,,
420,8,LOD_APPROACH,14.033333333333333,386123,11783.538818359375,941,28.717041015625,34.82252922422954,19,0.579833984375,922,28.13720703125,0,0.0,0xC446B768,-9,2258,390,-0.03515625,8.8203125,1.5234375,0,0x14,0,0,0,1,0,1,1,0,0,0,,,,,,,,,,,,,,,,,,,,,,
421,8,LOD_APPROACH,14.066666666666666,387058,11812.07275390625,935,28.533935546875,35.045989304812835,20,0.6103515625,915,27.923583984375,0,0.0,0x51285415,-8,2279,391,-0.03125,8.90234375,1.52734375,0,0x14,0,0,0,1,0,1,1,0,0,0,,,,,,,,,,,,,,,,,,,,,,
422,8,LOD_APPROACH,14.1,387997,11840.728759765625,939,28.656005859375,34.89669861554846,19,0.579833984375,919,28.045654296875,1,0.030517578125,0x70E57126,-7,2300,392,-0.02734375,8.984375,1.53125,0,0x14,0,0,0,1,0,1,1,0,0,0,,,,,,,,,,,,,,,,,,,,,,
423,8,LOD_APPROACH,14.133333333333333,388927,11869.110107421875,930,28.38134765625,35.23440860215054,19,0.579833984375,911,27.801513671875,0,0.0,0xA7C9170A,-6,2321,393,-0.0234375,9.06640625,1.53515625,0,0x14,0,0,0,1,0,1,1,0,0,0,,,,,,,,,,,,,,,,,,,,,,
424,8,LOD_APPROACH,14.166666666666666,389806,11895.93505859375,879,26.824951171875,37.27872582480091,20,0.6103515625,858,26.18408203125,1,0.030517578125,0x4BE464A5,-5,2342,394,-0.01953125,9.1484375,1.5390625,0,0x14,0,0,0,1,0,1,1,0,0,0,,,,,,,,,,,,,,,,,,,,,,
425,8,LOD_APPROACH,14.2,390642,11921.44775390625,836,25.5126953125,39.196172248803826,19,0.579833984375,817,24.932861328125,0,0.0,0x4FA9DD30,-4,2363,395,-0.015625,9.23046875,1.54296875,0,0x14,0,0,0,1,0,1,1,0,0,0,,,,,,,,,,,,,,,,,,,,,,
426,8,LOD_APPROACH,14.233333333333333,391461,11946.441650390625,819,24.993896484375,40.00976800976801,20,0.6103515625,798,24.35302734375,1,0.030517578125,0xF4A56F73,-3,2384,396,-0.01171875,9.3125,1.546875,0,0x14,0,0,0,1,0,1,1,0,0,0,,,,,,,,,,,,,,,,,,,,,,
427,8,LOD_APPROACH,14.266666666666667,392283,11971.527099609375,822,25.08544921875,39.86374695863747,19,0.579833984375,802,24.47509765625,1,0.030517578125,0x8BFE6F46,-2,2405,397,-0.0078125,9.39453125,1.55078125,0,0x14,0,0,0,1,0,1,1,0,0,0,,,,,,,,,,,,,,,,,,,,,,
428,8,LOD_APPROACH,14.3,393041,11994.659423828125,758,23.13232421875,43.229551451187334,19,0.579833984375,738,22.52197265625,1,0.030517578125,0xDCCA4BE1,-1,2426,398,-0.00390625,9.4765625,1.5546875,0,0x14,0,0,0,1,0,1,1,0,0,0,,,,,,,,,,,,,,,,,,,,,,
429,8,LOD_APPROACH,14.333333333333334,393834,12018.85986328125,793,24.200439453125,41.32156368221942,20,0.6103515625,773,23.590087890625,0,0.0,0x0ED9BE1A,0,2447,399,0.0,9.55859375,1.55859375,0,0x14,0,0,0,1,0,1,1,0,0,0,,,,,,,,,,,,,,,,,,,,,,
430,8,LOD_APPROACH,14.366666666666667,394627,12043.060302734375,793,24.200439453125,41.32156368221942,20,0.6103515625,772,23.5595703125,1,0.030517578125,0x40AE6F75,1,2468,400,0.00390625,9.640625,1.5625,0,0x14,0,0,0,1,0,1,1,0,0,0,,,,,,,,,,,,,,,,,,,,,,
431,8,LOD_APPROACH,14.4,395426,12067.44384765625,799,24.383544921875,41.011264080100126,20,0.6103515625,778,23.74267578125,1,0.030517578125,0x06EC46A0,2,2489,401,0.0078125,9.72265625,1.56640625,0,0x14,0,0,0,1,0,1,1,0,0,0,,,,,,,,,,,,,,,,,,,,,,
432,8,LOD_APPROACH,14.433333333333334,396553,12101.837158203125,1127,34.393310546875,29.075421472937002,314,9.58251953125,813,24.810791015625,0,0.0,0x545FA80F,3069,1262,1186,11.98828125,4.9296875,4.6328125,1,0x15,0,0,1,1,0,1,1,0,0,0,,,,,,,,,,,,,,,,,,,,,,
433,8,LOD_APPROACH,14.466666666666667,397382,12127.13623046875,829,25.299072265625,39.52714113389626,20,0.6103515625,809,24.688720703125,0,0.0,0x2D2E4954,3069,1262,1165,11.98828125,4.9296875,4.55078125,1,0x14,0,0,0,1,0,1,1,0,0,0,,,,,,,,,,,,,,,,,,,,,,
434,8,LOD_APPROACH,14.5,398059,12147.796630859375,677,20.660400390625,48.40177252584934,20,0.6103515625,657,20.050048828125,0,0.0,0xF000B19D,3069,1262,1144,11.98828125,4.9296875,4.46875,1,0x14,0,0,0,1,0,1,1,0,0,0,,,,,,,,,,,,,,,,,,,,,,
435,8,LOD_APPROACH,14.533333333333333,398731,12168.304443359375,672,20.5078125,48.76190476190476,20,0.6103515625,651,19.866943359375,1,0.030517578125,0x84453EEE,3069,1262,1123,11.98828125,4.9296875,4.38671875,1,0x14,0,0,0,1,0,1,1,0,0,0,,,,,,,,,,,,,,,,,,,,,,
436,8,LOD_APPROACH,14.566666666666666,399400,12188.720703125,669,20.416259765625,48.98056801195815,20,0.6103515625,648,19.775390625,1,0.030517578125,0x0D408297,3069,1262,1102,11.98828125,4.9296875,4.3046875,1,0x14,0,0,0,1,0,1,1,0,0,0,,,,,,,,,,,,,,,,,,,,,,
437,8,LOD_APPROACH,14.6,400063,12208.953857421875,663,20.233154296875,49.4238310708899,20,0.6103515625,642,19.59228515625,1,0.030517578125,0x8028BE00,3069,1262,1081,11.98828125,4.9296875,4.22265625,1,0x1C,0,0,0,1,1,1,1,0,0,0,,,,,,,,,,,,,,,,,,,,,,
438,9,FREECAM_YAW,14.633333333333333,400726,12229.18701171875,663,20.233154296875,49.4238310708899,26,0.79345703125,636,19.4091796875,1,0.030517578125,0x53C02975,3069,1262,1081,11.98828125,4.9296875,4.22265625,1,0x14,0,0,0,1,0,1,0,1,0,0,,,,,,,,,,,,,,,,,,,,,,
439,9,FREECAM_YAW,14.666666666666666,401384,12249.267578125,658,20.08056640625,49.79939209726444,27,0.823974609375,631,19.256591796875,0,0.0,0xA2A40271,3069,1262,1081,11.98828125,4.9296875,4.22265625,1,0x14,0,0,0,1,0,1,0,1,0,0,,,,,,,,,,,,,,,,,,,,,,
440,9,FREECAM_YAW,14.7,402034,12269.10400390625,650,19.83642578125,50.41230769230769,27,0.823974609375,623,19.012451171875,0,0.0,0xC113AF95,3069,1262,1081,11.98828125,4.9296875,4.22265625,1,0x14,0,0,0,1,0,1,0,1,0,0,,,,,,,,,,,,,,,,,,,,,,
441,9,FREECAM_YAW,14.733333333333333,402674,12288.63525390625,640,19.53125,51.2,27,0.823974609375,612,18.6767578125,1,0.030517578125,0xFF8769B6,3069,1262,1081,11.98828125,4.9296875,4.22265625,1,0x14,0,0,0,1,0,1,0,1,0,0,,,,,,,,,,,,,,,,,,,,,,
442,9,FREECAM_YAW,14.766666666666667,403305,12307.891845703125,631,19.256591796875,51.93026941362916,27,0.823974609375,604,18.4326171875,0,0.0,0x042130CE,3069,1262,1081,11.98828125,4.9296875,4.22265625,1,0x14,0,0,0,1,0,1,0,1,0,0,,,,,,,,,,,,,,,,,,,,,,
443,9,FREECAM_YAW,14.8,403904,12326.171875,599,18.280029296875,54.70450751252087,27,0.823974609375,571,17.425537109375,1,0.030517578125,0x70927F5D,3069,1262,1081,11.98828125,4.9296875,4.22265625,1,0x14,0,0,0,1,0,1,0,1,0,0,,,,,,,,,,,,,,,,,,,,,,
444,9,FREECAM_YAW,14.833333333333334,404494,12344.17724609375,590,18.00537109375,55.538983050847456,27,0.823974609375,563,17.181396484375,0,0.0,0xD2CB2DFC,3069,1262,1081,11.98828125,4.9296875,4.22265625,1,0x14,0,0,0,1,0,1,0,1,0,0,,,,,,,,,,,,,,,,,,,,,,
445,9,FREECAM_YAW,14.866666666666667,405020,12360.2294921875,526,16.05224609375,62.29657794676806,27,0.823974609375,499,15.228271484375,0,0.0,0x0DC77C76,3069,1262,1081,11.98828125,4.9296875,4.22265625,1,0x14,0,0,0,1,0,1,0,1,0,0,,,,,,,,,,,,,,,,,,,,,,
446,9,FREECAM_YAW,14.9,405521,12375.518798828125,501,15.289306640625,65.40518962075848,27,0.823974609375,473,14.434814453125,1,0.030517578125,0x646433BE,3069,1262,1081,11.98828125,4.9296875,4.22265625,1,0x14,0,0,0,1,0,1,0,1,0,0,,,,,,,,,,,,,,,,,,,,,,
447,9,FREECAM_YAW,14.933333333333334,405971,12389.251708984375,450,13.73291015625,72.81777777777778,26,0.79345703125,424,12.939453125,0,0.0,0x3DDA4090,3069,1262,1081,11.98828125,4.9296875,4.22265625,1,0x14,0,0,0,1,0,1,0,1,0,0,,,,,,,,,,,,,,,,,,,,,,
448,9,FREECAM_YAW,14.966666666666667,406421,12402.984619140625,450,13.73291015625,72.81777777777778,27,0.823974609375,423,12.908935546875,0,0.0,0xFFCB4259,3069,1262,1081,11.98828125,4.9296875,4.22265625,1,0x14,0,0,0,1,0,1,0,1,0,0,,,,,,,,,,,,,,,,,,,,,,
449,9,FREECAM_YAW,15.0,406911,12417.938232421875,490,14.95361328125,66.87346938775511,27,0.823974609375,423,12.908935546875,40,1.220703125,0xBF360EA3,3069,1262,1081,11.98828125,4.9296875,4.22265625,1,0x14,0,0,0,1,0,1,0,1,0,0,,,,,,,,,,,,,,,,,,,,,,
450,9,FREECAM_YAW,15.033333333333333,407416,12433.349609375,505,15.411376953125,64.88712871287129,26,0.79345703125,479,14.617919921875,0,0.0,0x60A33A9C,3069,1262,1081,11.98828125,4.9296875,4.22265625,1,0x14,0,0,0,1,0,1,0,1,0,0,,,,,,,,,,,,,,,,,,,,,,
451,9,FREECAM_YAW,15.066666666666666,407921,12448.760986328125,505,15.411376953125,64.88712871287129,26,0.79345703125,479,14.617919921875,0,0.0,0x198020E6,3069,1262,1081,11.98828125,4.9296875,4.22265625,1,0x14,0,0,0,1,0,1,0,1,0,0,,,,,,,,,,,,,,,,,,,,,,
452,9,FREECAM_YAW,15.1,408502,12466.49169921875,581,17.730712890625,56.399311531841654,27,0.823974609375,554,16.90673828125,0,0.0,0x3F7972FA,3069,1262,1081,11.98828125,4.9296875,4.22265625,1,0x14,0,0,0,1,0,1,0,1,0,0,,,,,,,,,,,,,,,,,,,,,,
453,9,FREECAM_YAW,15.133333333333333,409087,12484.344482421875,585,17.852783203125,56.013675213675214,26,0.79345703125,559,17.059326171875,0,0.0,0x8BBE58C6,3069,1262,1081,11.98828125,4.9296875,4.22265625,1,0x14,0,0,0,1,0,1,0,1,0,0,,,,,,,,,,,,,,,,,,,,,,
454,9,FREECAM_YAW,15.166666666666666,409683,12502.532958984375,596,18.1884765625,54.97986577181208,27,0.823974609375,568,17.333984375,1,0.030517578125,0x2E1DABB5,3069,1262,1081,11.98828125,4.9296875,4.22265625,1,0x14,0,0,0,1,0,1,0,1,0,0,,,,,,,,,,,,,,,,,,,,,,
455,9,FREECAM_YAW,15.2,410312,12521.728515625,629,19.195556640625,52.095389507154216,27,0.823974609375,602,18.37158203125,0,0.0,0x738F6485,3069,1262,1081,11.98828125,4.9296875,4.22265625,1,0x14,0,0,0,1,0,1,0,1,0,0,,,,,,,,,,,,,,,,,,,,,,
456,9,FREECAM_YAW,15.233333333333333,410953,12541.290283203125,641,19.561767578125,51.1201248049922,27,0.823974609375,614,18.73779296875,0,0.0,0x0BBF162F,3069,1262,1081,11.98828125,4.9296875,4.22265625,1,0x14,0,0,0,1,0,1,0,1,0,0,,,,,,,,,,,,,,,,,,,,,,
457,9,FREECAM_YAW,15.266666666666667,411604,12561.1572265625,651,19.866943359375,50.334869431643625,26,0.79345703125,624,19.04296875,1,0.030517578125,0x288A2C51,3069,1262,1081,11.98828125,4.9296875,4.22265625,1,0x14,0,0,0,1,0,1,0,1,0,0,,,,,,,,,,,,,,,,,,,,,,
458,9,FREECAM_YAW,15.3,412264,12581.298828125,660,20.1416015625,49.64848484848485,27,0.823974609375,633,19.317626953125,0,0.0,0x2E6A0A0E,3069,1262,1081,11.98828125,4.9296875,4.22265625,1,0x14,0,0,0,1,0,1,0,1,0,0,,,,,,,,,,,,,,,,,,,,,,
459,9,FREECAM_YAW,15.333333333333334,412924,12601.4404296875,660,20.1416015625,49.64848484848485,26,0.79345703125,633,19.317626953125,1,0.030517578125,0x83B902EA,3069,1262,1081,11.98828125,4.9296875,4.22265625,1,0x16,1,1,0,1,0,1,0,1,0,0,19.256591796875,0.0,0.396728515625,4.486083984375,8.97216796875,0.0,0.0,0.0,0.0,4.425048828125,0.9765625,0,0,0,0,0,0,0,0,0,0,0
460,9,FREECAM_YAW,15.366666666666667,413591,12621.795654296875,667,20.355224609375,49.12743628185907,27,0.823974609375,640,19.53125,0,0.0,0x926FA628,3069,1262,1081,11.98828125,4.9296875,4.22265625,1,0x14,0,0,0,1,0,1,0,1,0,0,,,,,,,,,,,,,,,,,,,,,,
461,9,FREECAM_YAW,15.4,414249,12641.876220703125,658,20.08056640625,49.79939209726444,26,0.79345703125,632,19.287109375,0,0.0,0x49EC8067,3069,1262,1081,11.98828125,4.9296875,4.22265625,1,0x14,0,0,0,1,0,1,0,1,0,0,,,,,,,,,,,,,,,,,,,,,,
462,9,FREECAM_YAW,15.433333333333334,414900,12661.7431640625,651,19.866943359375,50.334869431643625,27,0.823974609375,624,19.04296875,0,0.0,0x299B9677,3069,1262,1081,11.98828125,4.9296875,4.22265625,1,0x14,0,0,0,1,0,1,0,1,0,0,,,,,,,,,,,,,,,,,,,,,,
463,9,FREECAM_YAW,15.466666666666667,415540,12681.2744140625,640,19.53125,51.2,27,0.823974609375,613,18.707275390625,0,0.0,0x9BDD0F89,3069,1262,1081,11.98828125,4.9296875,4.22265625,1,0x14,0,0,0,1,0,1,0,1,0,0,,,,,,,,,,,,,,,,,,,,,,
464,9,FREECAM_YAW,15.5,416177,12700.714111328125,637,19.439697265625,51.44113029827316,26,0.79345703125,611,18.646240234375,0,0.0,0xD178667F,3069,1262,1081,11.98828125,4.9296875,4.22265625,1,0x14,0,0,0,1,0,1,0,1,0,0,,,,,,,,,,,,,,,,,,,,,,
465,9,FREECAM_YAW,15.533333333333333,416791,12719.451904296875,614,18.73779296875,53.36807817589577,26,0.79345703125,587,17.913818359375,1,0.030517578125,0x44428AB8,3069,1262,1081,11.98828125,4.9296875,4.22265625,1,0x14,0,0,0,1,0,1,0,1,0,0,,,,,,,,,,,,,,,,,,,,,,
466,9,FREECAM_YAW,15.566666666666666,417334,12736.02294921875,543,16.571044921875,60.34622467771639,27,0.823974609375,516,15.7470703125,0,0.0,0x5A543504,3069,1262,1081,11.98828125,4.9296875,4.22265625,1,0x14,0,0,0,1,0,1,0,1,0,0,,,,,,,,,,,,,,,,,,,,,,
467,9,FREECAM_YAW,15.6,417880,12752.685546875,546,16.66259765625,60.014652014652015,27,0.823974609375,518,15.80810546875,1,0.030517578125,0x8890F534,3069,1262,1081,11.98828125,4.9296875,4.22265625,1,0x14,0,0,0,1,0,1,0,1,0,0,,,,,,,,,,,,,,,,,,,,,,
468,9,FREECAM_YAW,15.633333333333333,418444,12769.8974609375,564,17.2119140625,58.09929078014184,27,0.823974609375,537,16.387939453125,0,0.0,0x07E496EE,3069,1262,1081,11.98828125,4.9296875,4.22265625,1,0x14,0,0,0,1,0,1,0,1,0,0,,,,,,,,,,,,,,,,,,,,,,
469,9,FREECAM_YAW,15.666666666666666,419046,12788.26904296875,602,18.37158203125,54.43189368770764,27,0.823974609375,574,17.51708984375,1,0.030517578125,0x0E8CE62B,3069,1262,1081,11.98828125,4.9296875,4.22265625,1,0x14,0,0,0,1,0,1,0,1,0,0,,,,,,,,,,,,,,,,,,,,,,
470,9,FREECAM_YAW,15.7,419642,12806.45751953125,596,18.1884765625,54.97986577181208,26,0.79345703125,569,17.364501953125,1,0.030517578125,0x6C7F7CAB,3069,1262,1081,11.98828125,4.9296875,4.22265625,1,0x14,0,0,0,1,0,1,0,1,0,0,,,,,,,,,,,,,,,,,,,,,,
471,9,FREECAM_YAW,15.733333333333333,420236,12824.5849609375,594,18.12744140625,55.16498316498316,26,0.79345703125,567,17.303466796875,1,0.030517578125,0x1860A20C,3069,1262,1081,11.98828125,4.9296875,4.22265625,1,0x14,0,0,0,1,0,1,0,1,0,0,,,,,,,,,,,,,,,,,,,,,,
472,9,FREECAM_YAW,15.766666666666667,420827,12842.620849609375,591,18.035888671875,55.445008460236885,27,0.823974609375,563,17.181396484375,1,0.030517578125,0x790CD07A,3069,1262,1081,11.98828125,4.9296875,4.22265625,1,0x14,0,0,0,1,0,1,0,1,0,0,,,,,,,,,,,,,,,,,,,,,,
473,9,FREECAM_YAW,15.8,421401,12860.137939453125,574,17.51708984375,57.08710801393728,27,0.823974609375,547,16.693115234375,0,0.0,0xC44C36AE,3069,1262,1081,11.98828125,4.9296875,4.22265625,1,0x14,0,0,0,1,0,1,0,1,0,0,,,,,,,,,,,,,,,,,,,,,,
474,9,FREECAM_YAW,15.833333333333334,421984,12877.9296875,583,17.791748046875,56.20583190394511,26,0.79345703125,557,16.998291015625,0,0.0,0xF1AFE5AA,3069,1262,1081,11.98828125,4.9296875,4.22265625,1,0x14,0,0,0,1,0,1,0,1,0,0,,,,,,,,,,,,,,,,,,,,,,
475,9,FREECAM_YAW,15.866666666666667,422563,12895.599365234375,579,17.669677734375,56.59412780656304,27,0.823974609375,551,16.815185546875,1,0.030517578125,0x5595FB91,3069,1262,1081,11.98828125,4.9296875,4.22265625,1,0x14,0,0,0,1,0,1,0,1,0,0,,,,,,,,,,,,,,,,,,,,,,
476,9,FREECAM_YAW,15.9,423191,12914.764404296875,628,19.1650390625,52.17834394904459,26,0.79345703125,602,18.37158203125,0,0.0,0x4E44351A,3069,1262,1081,11.98828125,4.9296875,4.22265625,1,0x14,0,0,0,1,0,1,0,1,0,0,,,,,,,,,,,,,,,,,,,,,,
477,9,FREECAM_YAW,15.933333333333334,423851,12934.906005859375,660,20.1416015625,49.64848484848485,27,0.823974609375,633,19.317626953125,0,0.0,0x1DE63F1A,3069,1262,1081,11.98828125,4.9296875,4.22265625,1,0x14,0,0,0,1,0,1,0,1,0,0,,,,,,,,,,,,,,,,,,,,,,
478,9,FREECAM_YAW,15.966666666666667,424517,12955.230712890625,666,20.32470703125,49.2012012012012,26,0.79345703125,639,19.500732421875,1,0.030517578125,0x61EB8F87,3069,1262,1081,11.98828125,4.9296875,4.22265625,1,0x14,0,0,0,1,0,1,0,1,0,0,,,,,,,,,,,,,,,,,,,,,,
479,9,FREECAM_YAW,16.0,425175,12975.311279296875,658,20.08056640625,49.79939209726444,26,0.79345703125,631,19.256591796875,1,0.030517578125,0x649F3B8F,3069,1262,1081,11.98828125,4.9296875,4.22265625,1,0x14,0,0,0,1,0,1,0,1,0,0,,,,,,,,,,,,,,,,,,,,,,
480,9,FREECAM_YAW,16.033333333333335,425841,12995.635986328125,666,20.32470703125,49.2012012012012,27,0.823974609375,638,19.47021484375,1,0.030517578125,0xD23C0287,3069,1262,1081,11.98828125,4.9296875,4.22265625,1,0x14,0,0,0,1,0,1,0,1,0,0,,,,,,,,,,,,,,,,,,,,,,
481,9,FREECAM_YAW,16.066666666666666,426507,13015.960693359375,666,20.32470703125,49.2012012012012,27,0.823974609375,638,19.47021484375,1,0.030517578125,0x9BA00F04,3069,1262,1081,11.98828125,4.9296875,4.22265625,1,0x14,0,0,0,1,0,1,0,1,0,0,,,,,,,,,,,,,,,,,,,,,,
482,9,FREECAM_YAW,16.1,427160,13035.888671875,653,19.927978515625,50.18070444104135,26,0.79345703125,627,19.134521484375,0,0.0,0x5905AEFB,3069,1262,1081,11.98828125,4.9296875,4.22265625,1,0x14,0,0,0,1,0,1,0,1,0,0,,,,,,,,,,,,,,,,,,,,,,
483,9,FREECAM_YAW,16.133333333333333,427814,13055.84716796875,654,19.95849609375,50.103975535168196,27,0.823974609375,627,19.134521484375,0,0.0,0x1C3F4722,3069,1262,1081,11.98828125,4.9296875,4.22265625,1,0x14,0,0,0,1,0,1,0,1,0,0,,,,,,,,,,,,,,,,,,,,,,
484,9,FREECAM_YAW,16.166666666666668,428439,13074.920654296875,625,19.073486328125,52.4288,26,0.79345703125,598,18.24951171875,1,0.030517578125,0x621C0819,3069,1262,1081,11.98828125,4.9296875,4.22265625,1,0x14,0,0,0,1,0,1,0,1,0,0,,,,,,,,,,,,,,,,,,,,,,
485,9,FREECAM_YAW,16.2,429062,13093.93310546875,623,19.012451171875,52.597110754414125,26,0.79345703125,596,18.1884765625,1,0.030517578125,0x3A0C8395,3069,1262,1081,11.98828125,4.9296875,4.22265625,1,0x14,0,0,0,1,0,1,0,1,0,0,,,,,,,,,,,,,,,,,,,,,,
486,9,FREECAM_YAW,16.233333333333334,429678,13112.73193359375,616,18.798828125,53.1948051948052,26,0.79345703125,589,17.974853515625,1,0.030517578125,0x956E0910,3069,1262,1081,11.98828125,4.9296875,4.22265625,1,0x14,0,0,0,1,0,1,0,1,0,0,,,,,,,,,,,,,,,,,,,,,,
487,9,FREECAM_YAW,16.266666666666666,430288,13131.34765625,610,18.61572265625,53.718032786885246,26,0.79345703125,583,17.791748046875,1,0.030517578125,0xF35E73A0,3069,1262,1081,11.98828125,4.9296875,4.22265625,1,0x14,0,0,0,1,0,1,0,1,0,0,,,,,,,,,,,,,,,,,,,,,,
488,9,FREECAM_YAW,16.3,430891,13149.749755859375,603,18.402099609375,54.34162520729685,27,0.823974609375,576,17.578125,0,0.0,0x32C0D7EA,3069,1262,1081,11.98828125,4.9296875,4.22265625,1,0x14,0,0,0,1,0,1,0,1,0,0,,,,,,,,,,,,,,,,,,,,,,
489,9,FREECAM_YAW,16.333333333333332,431374,13164.48974609375,483,14.739990234375,67.84265010351967,26,0.79345703125,457,13.946533203125,0,0.0,0x57C44DCC,3069,1262,1081,11.98828125,4.9296875,4.22265625,1,0x14,0,0,0,1,0,1,0,1,0,0,,,,,,,,,,,,,,,,,,,,,,
490,9,FREECAM_YAW,16.366666666666667,431831,13178.436279296875,457,13.946533203125,71.70240700218818,27,0.823974609375,429,13.092041015625,1,0.030517578125,0x89168DA8,3069,1262,1081,11.98828125,4.9296875,4.22265625,1,0x14,0,0,0,1,0,1,0,1,0,0,,,,,,,,,,,,,,,,,,,,,,
491,9,FREECAM_YAW,16.4,432281,13192.169189453125,450,13.73291015625,72.81777777777778,26,0.79345703125,424,12.939453125,0,0.0,0xCB557735,3069,1262,1081,11.98828125,4.9296875,4.22265625,1,0x14,0,0,0,1,0,1,0,1,0,0,,,,,,,,,,,,,,,,,,,,,,
492,9,FREECAM_YAW,16.433333333333334,432731,13205.902099609375,450,13.73291015625,72.81777777777778,27,0.823974609375,423,12.908935546875,0,0.0,0x56F76AB7,3069,1262,1081,11.98828125,4.9296875,4.22265625,1,0x14,0,0,0,1,0,1,0,1,0,0,,,,,,,,,,,,,,,,,,,,,,
493,9,FREECAM_YAW,16.466666666666665,433203,13220.306396484375,472,14.404296875,69.42372881355932,27,0.823974609375,444,13.5498046875,1,0.030517578125,0x83E47B49,3069,1262,1081,11.98828125,4.9296875,4.22265625,1,0x14,0,0,0,1,0,1,0,1,0,0,,,,,,,,,,,,,,,,,,,,,,
494,9,FREECAM_YAW,16.5,433792,13238.28125,589,17.974853515625,55.63327674023769,27,0.823974609375,562,17.15087890625,0,0.0,0xB18646C1,3069,1262,1081,11.98828125,4.9296875,4.22265625,1,0x14,0,0,0,1,0,1,0,1,0,0,,,,,,,,,,,,,,,,,,,,,,
495,9,FREECAM_YAW,16.533333333333335,434390,13256.53076171875,598,18.24951171875,54.79598662207358,27,0.823974609375,570,17.39501953125,1,0.030517578125,0x9119C7F9,3069,1262,1081,11.98828125,4.9296875,4.22265625,1,0x14,0,0,0,1,0,1,0,1,0,0,,,,,,,,,,,,,,,,,,,,,,
496,9,FREECAM_YAW,16.566666666666666,434996,13275.0244140625,606,18.49365234375,54.07260726072607,26,0.79345703125,580,17.7001953125,0,0.0,0xF67F2C2F,3069,1262,1081,11.98828125,4.9296875,4.22265625,1,0x14,0,0,0,1,0,1,0,1,0,0,,,,,,,,,,,,,,,,,,,,,,
497,9,FREECAM_YAW,16.6,435614,13293.88427734375,618,18.85986328125,53.02265372168285,27,0.823974609375,591,18.035888671875,0,0.0,0x5DDFDFF8,3069,1262,1081,11.98828125,4.9296875,4.22265625,1,0x14,0,0,0,1,0,1,0,1,0,0,,,,,,,,,,,,,,,,,,,,,,
498,9,FREECAM_YAW,16.633333333333333,436239,13312.957763671875,625,19.073486328125,52.4288,27,0.823974609375,597,18.218994140625,1,0.030517578125,0xAB06698E,3069,1262,1081,11.98828125,4.9296875,4.22265625,1,0x14,0,0,0,1,0,1,0,1,0,0,,,,,,,,,,,,,,,,,,,,,,
499,9,FREECAM_YAW,16.666666666666668,436895,13332.977294921875,656,20.01953125,49.951219512195124,26,0.79345703125,629,19.195556640625,1,0.030517578125,0x43E77967,3069,1262,1081,11.98828125,4.9296875,4.22265625,1,0x14,0,0,0,1,0,1,0,1,0,0,,,,,,,,,,,,,,,,,,,,,,
500,9,FREECAM_YAW,16.7,437547,13352.874755859375,652,19.8974609375,50.25766871165644,26,0.79345703125,626,19.10400390625,0,0.0,0x5CDADBC8,3069,1262,1081,11.98828125,4.9296875,4.22265625,1,0x14,0,0,0,1,0,1,0,1,0,0,,,,,,,,,,,,,,,,,,,,,,
501,9,FREECAM_YAW,16.733333333333334,438204,13372.9248046875,657,20.050048828125,49.8751902587519,27,0.823974609375,630,19.22607421875,0,0.0,0x6DF32D85,3069,1262,1081,11.98828125,4.9296875,4.22265625,1,0x14,0,0,0,1,0,1,0,1,0,0,,,,,,,,,,,,,,,,,,,,,,
502,9,FREECAM_YAW,16.766666666666666,438835,13392.181396484375,631,19.256591796875,51.93026941362916,27,0.823974609375,604,18.4326171875,0,0.0,0x5CDADBC8,3069,1262,1081,11.98828125,4.9296875,4.22265625,1,0x14,0,0,0,1,0,1,0,-1,0,0,,,,,,,,,,,,,,,,,,,,,,
503,9,FREECAM_YAW,16.8,439486,13412.04833984375,651,19.866943359375,50.334869431643625,27,0.823974609375,624,19.04296875,0,0.0,0x43E77967,3069,1262,1081,11.98828125,4.9296875,4.22265625,1,0x14,0,0,0,1,0,1,0,-1,0,0,,,,,,,,,,,,,,,,,,,,,,
504,9,FREECAM_YAW,16.833333333333332,440108,13431.0302734375,622,18.98193359375,52.68167202572347,27,0.823974609375,594,18.12744140625,1,0.030517578125,0xAB06698E,3069,1262,1081,11.98828125,4.9296875,4.22265625,1,0x14,0,0,0,1,0,1,0,-1,0,0,,,,,,,,,,,,,,,,,,,,,,
505,9,FREECAM_YAW,16.866666666666667,440732,13450.0732421875,624,19.04296875,52.51282051282051,27,0.823974609375,597,18.218994140625,0,0.0,0x5DDFDFF8,3069,1262,1081,11.98828125,4.9296875,4.22265625,1,0x14,0,0,0,1,0,1,0,-1,0,0,,,,,,,,,,,,,,,,,,,,,,
506,9,FREECAM_YAW,16.9,441350,13468.93310546875,618,18.85986328125,53.02265372168285,27,0.823974609375,590,18.00537109375,1,0.030517578125,0xF67F2C2F,3069,1262,1081,11.98828125,4.9296875,4.22265625,1,0x14,0,0,0,1,0,1,0,-1,0,0,,,,,,,,,,,,,,,,,,,,,,
507,9,FREECAM_YAW,16.933333333333334,441960,13487.548828125,610,18.61572265625,53.718032786885246,27,0.823974609375,583,17.791748046875,0,0.0,0x9119C7F9,3069,1262,1081,11.98828125,4.9296875,4.22265625,1,0x14,0,0,0,1,0,1,0,-1,0,0,,,,,,,,,,,,,,,,,,,,,,
508,9,FREECAM_YAW,16.966666666666665,442562,13505.92041015625,602,18.37158203125,54.43189368770764,27,0.823974609375,574,17.51708984375,1,0.030517578125,0xB18646C1,3069,1262,1081,11.98828125,4.9296875,4.22265625,1,0x14,0,0,0,1,0,1,0,-1,0,0,,,,,,,,,,,,,,,,,,,,,,
509,9,FREECAM_YAW,17.0,443041,13520.538330078125,479,14.617919921875,68.40918580375782,27,0.823974609375,452,13.7939453125,0,0.0,0x83E47B49,3069,1262,1081,11.98828125,4.9296875,4.22265625,1,0x14,0,0,0,1,0,1,0,-1,0,0,,,,,,,,,,,,,,,,,,,,,,
510,9,FREECAM_YAW,17.033333333333335,443495,13534.393310546875,454,13.85498046875,72.1762114537445,27,0.823974609375,427,13.031005859375,0,0.0,0x56F76AB7,3069,1262,1081,11.98828125,4.9296875,4.22265625,1,0x14,0,0,0,1,0,1,0,-1,0,0,,,,,,,,,,,,,,,,,,,,,,
511,9,FREECAM_YAW,17.066666666666666,443945,13548.126220703125,450,13.73291015625,72.81777777777778,27,0.823974609375,423,12.908935546875,0,0.0,0xCB557735,3069,1262,1081,11.98828125,4.9296875,4.22265625,1,0x14,0,0,0,1,0,1,0,-1,0,0,,,,,,,,,,,,,,,,,,,,,,
512,9,FREECAM_YAW,17.1,444395,13561.859130859375,450,13.73291015625,72.81777777777778,27,0.823974609375,423,12.908935546875,0,0.0,0x89168DA8,3069,1262,1081,11.98828125,4.9296875,4.22265625,1,0x14,0,0,0,1,0,1,0,-1,0,0,,,,,,,,,,,,,,,,,,,,,,
513,9,FREECAM_YAW,17.133333333333333,444867,13576.263427734375,472,14.404296875,69.42372881355932,27,0.823974609375,445,13.580322265625,0,0.0,0x57C44DCC,3069,1262,1081,11.98828125,4.9296875,4.22265625,1,0x14,0,0,0,1,0,1,0,-1,0,0,,,,,,,,,,,,,,,,,,,,,,
514,9,FREECAM_YAW,17.166666666666668,445460,13594.3603515625,593,18.096923828125,55.25801011804384,26,0.79345703125,566,17.27294921875,1,0.030517578125,0x32C0D7EA,3069,1262,1081,11.98828125,4.9296875,4.22265625,1,0x14,0,0,0,1,0,1,0,-1,0,0,,,,,,,,,,,,,,,,,,,,,,
515,9,FREECAM_YAW,17.2,446063,13612.762451171875,603,18.402099609375,54.34162520729685,27,0.823974609375,576,17.578125,0,0.0,0xF35E73A0,3069,1262,1081,11.98828125,4.9296875,4.22265625,1,0x14,0,0,0,1,0,1,0,-1,0,0,,,,,,,,,,,,,,,,,,,,,,
516,9,FREECAM_YAW,17.233333333333334,446674,13631.40869140625,611,18.646240234375,53.63011456628478,27,0.823974609375,583,17.791748046875,1,0.030517578125,0x956E0910,3069,1262,1081,11.98828125,4.9296875,4.22265625,1,0x14,0,0,0,1,0,1,0,-1,0,0,,,,,,,,,,,,,,,,,,,,,,
517,9,FREECAM_YAW,17.266666666666666,447291,13650.238037109375,617,18.829345703125,53.10858995137763,27,0.823974609375,590,18.00537109375,0,0.0,0x3A0C8395,3069,1262,1081,11.98828125,4.9296875,4.22265625,1,0x14,0,0,0,1,0,1,0,-1,0,0,,,,,,,,,,,,,,,,,,,,,,
518,9,FREECAM_YAW,17.3,447915,13669.281005859375,624,19.04296875,52.51282051282051,26,0.79345703125,598,18.24951171875,0,0.0,0x621C0819,3069,1262,1081,11.98828125,4.9296875,4.22265625,1,0x14,0,0,0,1,0,1,0,-1,0,0,,,,,,,,,,,,,,,,,,,,,,
519,9,FREECAM_YAW,17.333333333333332,448571,13689.300537109375,656,20.01953125,49.951219512195124,27,0.823974609375,629,19.195556640625,0,0.0,0x1C3F4722,3069,1262,1081,11.98828125,4.9296875,4.22265625,1,0x14,0,0,0,1,0,1,0,-1,0,0,,,,,,,,,,,,,,,,,,,,,,
520,9,FREECAM_YAW,17.366666666666667,449221,13709.136962890625,650,19.83642578125,50.41230769230769,27,0.823974609375,622,18.98193359375,1,0.030517578125,0x5905AEFB,3069,1262,1081,11.98828125,4.9296875,4.22265625,1,0x14,0,0,0,1,0,1,0,-1,0,0,,,,,,,,,,,,,,,,,,,,,,
521,9,FREECAM_YAW,17.4,449877,13729.156494140625,656,20.01953125,49.951219512195124,26,0.79345703125,630,19.22607421875,0,0.0,0x9BA00F04,3069,1262,1081,11.98828125,4.9296875,4.22265625,1,0x14,0,0,0,1,0,1,0,-1,0,0,,,,,,,,,,,,,,,,,,,,,,
522,9,FREECAM_YAW,17.433333333333334,450539,13749.359130859375,662,20.20263671875,49.49848942598187,27,0.823974609375,634,19.34814453125,1,0.030517578125,0xD23C0287,3069,1262,1081,11.98828125,4.9296875,4.22265625,1,0x14,0,0,0,1,0,1,0,-1,0,0,,,,,,,,,,,,,,,,,,,,,,
523,9,FREECAM_YAW,17.466666666666665,451199,13769.500732421875,660,20.1416015625,49.64848484848485,27,0.823974609375,633,19.317626953125,0,0.0,0x649F3B8F,3069,1262,1081,11.98828125,4.9296875,4.22265625,1,0x14,0,0,0,1,0,1,0,-1,0,0,,,,,,,,,,,,,,,,,,,,,,
524,9,FREECAM_YAW,17.5,451860,13789.6728515625,661,20.172119140625,49.57337367624811,27,0.823974609375,634,19.34814453125,0,0.0,0x61EB8F87,3069,1262,1081,11.98828125,4.9296875,4.22265625,1,0x14,0,0,0,1,0,1,0,-1,0,0,,,,,,,,,,,,,,,,,,,,,,
525,9,FREECAM_YAW,17.533333333333335,452515,13809.661865234375,655,19.989013671875,50.027480916030534,27,0.823974609375,628,19.1650390625,0,0.0,0x1DE63F1A,3069,1262,1081,11.98828125,4.9296875,4.22265625,1,0x14,0,0,0,1,0,1,0,-1,0,0,,,,,,,,,,,,,,,,,,,,,,
526,9,FREECAM_YAW,17.566666666666666,453145,13828.887939453125,630,19.22607421875,52.01269841269841,27,0.823974609375,603,18.402099609375,0,0.0,0x4E44351A,3069,1262,1081,11.98828125,4.9296875,4.22265625,1,0x14,0,0,0,1,0,1,0,-1,0,0,,,,,,,,,,,,,,,,,,,,,,
527,9,FREECAM_YAW,17.6,453716,13846.3134765625,571,17.425537109375,57.38704028021016,26,0.79345703125,545,16.632080078125,0,0.0,0x5595FB91,3069,1262,1081,11.98828125,4.9296875,4.22265625,1,0x14,0,0,0,1,0,1,0,-1,0,0,,,,,,,,,,,,,,,,,,,,,,
528,9,FREECAM_YAW,17.633333333333333,454285,13863.677978515625,569,17.364501953125,57.58875219683655,27,0.823974609375,541,16.510009765625,1,0.030517578125,0xF1AFE5AA,3069,1262,1081,11.98828125,4.9296875,4.22265625,1,0x14,0,0,0,1,0,1,0,-1,0,0,,,,,,,,,,,,,,,,,,,,,,
529,9,FREECAM_YAW,17.666666666666668,454841,13880.645751953125,556,16.9677734375,58.935251798561154,27,0.823974609375,529,16.143798828125,0,0.0,0xC44C36AE,3069,1262,1081,11.98828125,4.9296875,4.22265625,1,0x14,0,0,0,1,0,1,0,-1,0,0,,,,,,,,,,,,,,,,,,,,,,
530,9,FREECAM_YAW,17.7,455404,13897.8271484375,563,17.181396484375,58.202486678507995,27,0.823974609375,536,16.357421875,0,0.0,0x790CD07A,3069,1262,1081,11.98828125,4.9296875,4.22265625,1,0x14,0,0,0,1,0,1,0,-1,0,0,,,,,,,,,,,,,,,,,,,,,,
531,9,FREECAM_YAW,17.733333333333334,455979,13915.374755859375,575,17.547607421875,56.987826086956524,27,0.823974609375,548,16.7236328125,0,0.0,0x1860A20C,3069,1262,1081,11.98828125,4.9296875,4.22265625,1,0x14,0,0,0,1,0,1,0,-1,0,0,,,,,,,,,,,,,,,,,,,,,,
532,9,FREECAM_YAW,17.766666666666666,456575,13933.563232421875,596,18.1884765625,54.97986577181208,27,0.823974609375,568,17.333984375,1,0.030517578125,0x6C7F7CAB,3069,1262,1081,11.98828125,4.9296875,4.22265625,1,0x14,0,0,0,1,0,1,0,-1,0,0,,,,,,,,,,,,,,,,,,,,,,
533,9,FREECAM_YAW,17.8,457174,13951.84326171875,599,18.280029296875,54.70450751252087,27,0.823974609375,571,17.425537109375,1,0.030517578125,0x0E8CE62B,3069,1262,1081,11.98828125,4.9296875,4.22265625,1,0x14,0,0,0,1,0,1,0,-1,0,0,,,,,,,,,,,,,,,,,,,,,,
534,9,FREECAM_YAW,17.833333333333332,457767,13969.940185546875,593,18.096923828125,55.25801011804384,27,0.823974609375,565,17.242431640625,1,0.030517578125,0x07E496EE,3069,1262,1081,11.98828125,4.9296875,4.22265625,1,0x14,0,0,0,1,0,1,0,-1,0,0,,,,,,,,,,,,,,,,,,,,,,
535,9,FREECAM_YAW,17.866666666666667,458361,13988.067626953125,594,18.12744140625,55.16498316498316,27,0.823974609375,567,17.303466796875,0,0.0,0x8890F534,3069,1262,1081,11.98828125,4.9296875,4.22265625,1,0x14,0,0,0,1,0,1,0,-1,0,0,,,,,,,,,,,,,,,,,,,,,,
536,9,FREECAM_YAW,17.9,458923,14005.218505859375,562,17.15087890625,58.306049822064054,27,0.823974609375,534,16.29638671875,1,0.030517578125,0x5A543504,3069,1262,1081,11.98828125,4.9296875,4.22265625,1,0x14,0,0,0,1,0,1,0,-1,0,0,,,,,,,,,,,,,,,,,,,,,,
537,9,FREECAM_YAW,17.933333333333334,459542,14024.10888671875,619,18.890380859375,52.93699515347335,27,0.823974609375,591,18.035888671875,1,0.030517578125,0x44428AB8,3069,1262,1081,11.98828125,4.9296875,4.22265625,1,0x14,0,0,0,1,0,1,0,-1,0,0,,,,,,,,,,,,,,,,,,,,,,
538,9,FREECAM_YAW,17.966666666666665,460186,14043.76220703125,644,19.6533203125,50.88198757763975,26,0.79345703125,618,18.85986328125,0,0.0,0xD178667F,3069,1262,1081,11.98828125,4.9296875,4.22265625,1,0x14,0,0,0,1,0,1,0,-1,0,0,,,,,,,,,,,,,,,,,,,,,,
539,9,FREECAM_YAW,18.0,460834,14063.53759765625,648,19.775390625,50.5679012345679,26,0.79345703125,621,18.951416015625,1,0.030517578125,0x9BDD0F89,3069,1262,1081,11.98828125,4.9296875,4.22265625,1,0x14,0,0,0,1,0,1,0,-1,0,0,,,,,,,,,,,,,,,,,,,,,,
540,9,FREECAM_YAW,18.033333333333335,461484,14083.3740234375,650,19.83642578125,50.41230769230769,26,0.79345703125,623,19.012451171875,1,0.030517578125,0x299B9677,3069,1262,1081,11.98828125,4.9296875,4.22265625,1,0x14,0,0,0,1,0,1,0,-1,0,0,,,,,,,,,,,,,,,,,,,,,,
541,9,FREECAM_YAW,18.066666666666666,462138,14103.33251953125,654,19.95849609375,50.103975535168196,27,0.823974609375,626,19.10400390625,1,0.030517578125,0x49EC8067,3069,1262,1081,11.98828125,4.9296875,4.22265625,1,0x14,0,0,0,1,0,1,0,-1,0,0,,,,,,,,,,,,,,,,,,,,,,
542,9,FREECAM_YAW,18.1,462802,14123.59619140625,664,20.263671875,49.34939759036145,26,0.79345703125,637,19.439697265625,1,0.030517578125,0x926FA628,3069,1262,1081,11.98828125,4.9296875,4.22265625,1,0x14,0,0,0,1,0,1,0,-1,0,0,,,,,,,,,,,,,,,,,,,,,,
543,9,FREECAM_YAW,18.133333333333333,463466,14143.85986328125,664,20.263671875,49.34939759036145,26,0.79345703125,638,19.47021484375,0,0.0,0x83B902EA,3069,1262,1081,11.98828125,4.9296875,4.22265625,1,0x14,0,0,0,1,0,1,0,-1,0,0,,,,,,,,,,,,,,,,,,,,,,
544,9,FREECAM_YAW,18.166666666666668,464133,14164.215087890625,667,20.355224609375,49.12743628185907,27,0.823974609375,639,19.500732421875,1,0.030517578125,0x2E6A0A0E,3069,1262,1081,11.98828125,4.9296875,4.22265625,1,0x14,0,0,0,1,0,1,0,-1,0,0,,,,,,,,,,,,,,,,,,,,,,
545,9,FREECAM_YAW,18.2,464785,14184.112548828125,652,19.8974609375,50.25766871165644,26,0.79345703125,626,19.10400390625,0,0.0,0x288A2C51,3069,1262,1081,11.98828125,4.9296875,4.22265625,1,0x14,0,0,0,1,0,1,0,-1,0,0,,,,,,,,,,,,,,,,,,,,,,
546,9,FREECAM_YAW,18.233333333333334,465432,14203.857421875,647,19.744873046875,50.646058732612055,26,0.79345703125,620,18.9208984375,1,0.030517578125,0x0BBF162F,3069,1262,1081,11.98828125,4.9296875,4.22265625,1,0x14,0,0,0,1,0,1,0,-1,0,0,,,,,,,,,,,,,,,,,,,,,,
547,9,FREECAM_YAW,18.266666666666666,466069,14223.297119140625,637,19.439697265625,51.44113029827316,26,0.79345703125,610,18.61572265625,1,0.030517578125,0x738F6485,3069,1262,1081,11.98828125,4.9296875,4.22265625,1,0x14,0,0,0,1,0,1,0,-1,0,0,,,,,,,,,,,,,,,,,,,,,,
548,9,FREECAM_YAW,18.3,466674,14241.76025390625,605,18.463134765625,54.16198347107438,27,0.823974609375,578,17.63916015625,0,0.0,0x2E1DABB5,3069,1262,1081,11.98828125,4.9296875,4.22265625,1,0x14,0,0,0,1,0,1,0,-1,0,0,,,,,,,,,,,,,,,,,,,,,,
549,9,FREECAM_YAW,18.333333333333332,467269,14259.918212890625,595,18.157958984375,55.07226890756303,27,0.823974609375,568,17.333984375,0,0.0,0x8BBE58C6,3069,1262,1081,11.98828125,4.9296875,4.22265625,1,0x14,0,0,0,1,0,1,0,-1,0,0,,,,,,,,,,,,,,,,,,,,,,
550,9,FREECAM_YAW,18.366666666666667,467856,14277.83203125,587,17.913818359375,55.82282793867121,27,0.823974609375,560,17.08984375,0,0.0,0x3F7972FA,3069,1262,1081,11.98828125,4.9296875,4.22265625,1,0x14,0,0,0,1,0,1,0,-1,0,0,,,,,,,,,,,,,,,,,,,,,,
551,9,FREECAM_YAW,18.4,468362,14293.27392578125,506,15.44189453125,64.7588932806324,27,0.823974609375,479,14.617919921875,0,0.0,0x198020E6,3069,1262,1081,11.98828125,4.9296875,4.22265625,1,0x14,0,0,0,1,0,1,0,-1,0,0,,,,,,,,,,,,,,,,,,,,,,
552,9,FREECAM_YAW,18.433333333333334,468869,14308.746337890625,507,15.472412109375,64.63116370808679,27,0.823974609375,479,14.617919921875,1,0.030517578125,0x60A33A9C,3069,1262,1081,11.98828125,4.9296875,4.22265625,1,0x14,0,0,0,1,0,1,0,-1,0,0,,,,,,,,,,,,,,,,,,,,,,
553,9,FREECAM_YAW,18.466666666666665,469347,14323.333740234375,478,14.58740234375,68.55230125523012,27,0.823974609375,423,12.908935546875,28,0.8544921875,0xBF360EA3,3069,1262,1081,11.98828125,4.9296875,4.22265625,1,0x14,0,0,0,1,0,1,0,-1,0,0,,,,,,,,,,,,,,,,,,,,,,
554,9,FREECAM_YAW,18.5,469838,14338.31787109375,491,14.984130859375,66.73727087576374,27,0.823974609375,424,12.939453125,40,1.220703125,0xFFCB4259,3069,1262,1081,11.98828125,4.9296875,4.22265625,1,0x14,0,0,0,1,0,1,0,-1,0,0,,,,,,,,,,,,,,,,,,,,,,
555,9,FREECAM_YAW,18.533333333333335,470328,14353.271484375,490,14.95361328125,66.87346938775511,27,0.823974609375,423,12.908935546875,40,1.220703125,0x3DDA4090,3069,1262,1081,11.98828125,4.9296875,4.22265625,1,0x14,0,0,0,1,0,1,0,-1,0,0,,,,,,,,,,,,,,,,,,,,,,
556,9,FREECAM_YAW,18.566666666666666,470829,14368.560791015625,501,15.289306640625,65.40518962075848,26,0.79345703125,474,14.46533203125,1,0.030517578125,0x646433BE,3069,1262,1081,11.98828125,4.9296875,4.22265625,1,0x14,0,0,0,1,0,1,0,-1,0,0,,,,,,,,,,,,,,,,,,,,,,
557,9,FREECAM_YAW,18.6,471354,14384.58251953125,525,16.021728515625,62.415238095238095,27,0.823974609375,498,15.19775390625,0,0.0,0x0DC77C76,3069,1262,1081,11.98828125,4.9296875,4.22265625,1,0x14,0,0,0,1,0,1,0,-1,0,0,,,,,,,,,,,,,,,,,,,,,,
558,9,FREECAM_YAW,18.633333333333333,471939,14402.435302734375,585,17.852783203125,56.013675213675214,27,0.823974609375,557,16.998291015625,1,0.030517578125,0xD2CB2DFC,3069,1262,1081,11.98828125,4.9296875,4.22265625,1,0x14,0,0,0,1,0,1,0,-1,0,0,,,,,,,,,,,,,,,,,,,,,,
559,9,FREECAM_YAW,18.666666666666668,472529,14420.440673828125,590,18.00537109375,55.538983050847456,27,0.823974609375,563,17.181396484375,0,0.0,0x70927F5D,3069,1262,1081,11.98828125,4.9296875,4.22265625,1,0x14,0,0,0,1,0,1,0,-1,0,0,,,,,,,,,,,,,,,,,,,,,,
560,9,FREECAM_YAW,18.7,473151,14439.422607421875,622,18.98193359375,52.68167202572347,27,0.823974609375,595,18.157958984375,0,0.0,0x042130CE,3069,1262,1081,11.98828125,4.9296875,4.22265625,1,0x14,0,0,0,1,0,1,0,-1,0,0,,,,,,,,,,,,,,,,,,,,,,
561,9,FREECAM_YAW,18.733333333333334,473785,14458.770751953125,634,19.34814453125,51.68454258675079,27,0.823974609375,607,18.524169921875,0,0.0,0xFF8769B6,3069,1262,1081,11.98828125,4.9296875,4.22265625,1,0x14,0,0,0,1,0,1,0,-1,0,0,,,,,,,,,,,,,,,,,,,,,,
562,9,FREECAM_YAW,18.766666666666666,474432,14478.515625,647,19.744873046875,50.646058732612055,27,0.823974609375,620,18.9208984375,0,0.0,0xC113AF95,3069,1262,1081,11.98828125,4.9296875,4.22265625,1,0x14,0,0,0,1,0,1,0,-1,0,0,,,,,,,,,,,,,,,,,,,,,,
563,9,FREECAM_YAW,18.8,475088,14498.53515625,656,20.01953125,49.951219512195124,27,0.823974609375,628,19.1650390625,1,0.030517578125,0xA2A40271,3069,1262,1081,11.98828125,4.9296875,4.22265625,1,0x14,0,0,0,1,0,1,0,-1,0,0,,,,,,,,,,,,,,,,,,,,,,
564,9,FREECAM_YAW,18.833333333333332,475749,14518.707275390625,661,20.172119140625,49.57337367624811,27,0.823974609375,633,19.317626953125,1,0.030517578125,0x53C02975,3069,1262,1081,11.98828125,4.9296875,4.22265625,1,0x14,0,0,0,1,0,1,0,-1,0,0,,,,,,,,,,,,,,,,,,,,,,
565,9,FREECAM_YAW,18.866666666666667,476411,14538.909912109375,662,20.20263671875,49.49848942598187,26,0.79345703125,635,19.378662109375,1,0.030517578125,0xD6FA1B1C,3069,1262,1081,11.98828125,4.9296875,4.22265625,1,0x1C,0,0,0,1,1,1,0,-1,0,0,,,,,,,,,,,,,,,,,,,,,,
566,10,FREECAM_3D,18.9,477083,14559.417724609375,672,20.5078125,48.76190476190476,28,0.8544921875,644,19.6533203125,0,0.0,0x97B6A86E,3069,1262,1081,11.98828125,4.9296875,4.22265625,1,0x14,0,0,0,1,0,1,0,0,1,0,,,,,,,,,,,,,,,,,,,,,,
567,10,FREECAM_3D,18.933333333333334,477802,14581.35986328125,719,21.942138671875,45.574408901251736,27,0.823974609375,691,21.087646484375,1,0.030517578125,0xB16D2C2A,3069,1262,1081,11.98828125,4.9296875,4.22265625,1,0x14,0,0,0,1,0,1,0,0,1,0,,,,,,,,,,,,,,,,,,,,,,
568,10,FREECAM_3D,18.966666666666665,478529,14603.546142578125,727,22.186279296875,45.07290233837689,28,0.8544921875,698,21.30126953125,1,0.030517578125,0x99232FBD,3069,1262,1081,11.98828125,4.9296875,4.22265625,1,0x14,0,0,0,1,0,1,0,0,1,0,,,,,,,,,,,,,,,,,,,,,,
569,10,FREECAM_3D,19.0,479271,14626.190185546875,742,22.64404296875,44.16172506738545,28,0.8544921875,714,21.78955078125,0,0.0,0x87F93679,3069,1262,1081,11.98828125,4.9296875,4.22265625,1,0x14,0,0,0,1,0,1,0,0,1,0,,,,,,,,,,,,,,,,,,,,,,
570,10,FREECAM_3D,19.033333333333335,480061,14650.299072265625,790,24.10888671875,41.47848101265823,28,0.8544921875,761,23.223876953125,1,0.030517578125,0x58F5109B,3069,1262,1081,11.98828125,4.9296875,4.22265625,1,0x14,0,0,0,1,0,1,0,0,1,0,,,,,,,,,,,,,,,,,,,,,,
571,10,FREECAM_3D,19.066666666666666,480872,14675.048828125,811,24.749755859375,40.40443896424168,27,0.823974609375,784,23.92578125,0,0.0,0xAE96CAD8,3069,1262,1081,11.98828125,4.9296875,4.22265625,1,0x14,0,0,0,1,0,1,0,0,1,0,,,,,,,,,,,,,,,,,,,,,,
572,10,FREECAM_3D,19.1,481711,14700.653076171875,839,25.604248046875,39.05601907032181,28,0.8544921875,811,24.749755859375,0,0.0,0xA3747F26,3069,1262,1081,11.98828125,4.9296875,4.22265625,1,0x14,0,0,0,1,0,1,0,0,1,0,,,,,,,,,,,,,,,,,,,,,,
573,10,FREECAM_3D,19.133333333333333,482565,14726.715087890625,854,26.06201171875,38.37002341920375,27,0.823974609375,827,25.238037109375,0,0.0,0xC7FFADCF,3069,1262,1081,11.98828125,4.9296875,4.22265625,1,0x14,0,0,0,1,0,1,0,0,1,0,,,,,,,,,,,,,,,,,,,,,,
574,10,FREECAM_3D,19.166666666666668,483448,14753.662109375,883,26.947021484375,37.10985277463194,27,0.823974609375,855,26.092529296875,1,0.030517578125,0xA44C425B,3069,1262,1081,11.98828125,4.9296875,4.22265625,1,0x14,0,0,0,1,0,1,0,0,1,0,,,,,,,,,,,,,,,,,,,,,,
575,10,FREECAM_3D,19.2,484337,14780.792236328125,889,27.130126953125,36.85939257592801,28,0.8544921875,860,26.2451171875,1,0.030517578125,0xF20D7777,3069,1262,1081,11.98828125,4.9296875,4.22265625,1,0x14,0,0,0,1,0,1,0,0,1,0,,,,,,,,,,,,,,,,,,,,,,
576,10,FREECAM_3D,19.233333333333334,485224,14807.861328125,887,27.069091796875,36.94250281848929,28,0.8544921875,858,26.18408203125,1,0.030517578125,0x1D68886C,3069,1262,1081,11.98828125,4.9296875,4.22265625,1,0x14,0,0,0,1,0,1,0,0,1,0,,,,,,,,,,,,,,,,,,,,,,
577,10,FREECAM_3D,19.266666666666666,486047,14832.977294921875,823,25.115966796875,39.81530984204131,28,0.8544921875,795,24.261474609375,0,0.0,0x65DFB05A,3069,1262,1081,11.98828125,4.9296875,4.22265625,1,0x14,0,0,0,1,0,1,0,0,1,0,,,,,,,,,,,,,,,,,,,,,,
578,10,FREECAM_3D,19.3,486888,14858.642578125,841,25.665283203125,38.96313912009512,27,0.823974609375,813,24.810791015625,1,0.030517578125,0x7EDEF92F,3069,1262,1081,11.98828125,4.9296875,4.22265625,1,0x14,0,0,0,1,0,1,0,0,1,0,,,,,,,,,,,,,,,,,,,,,,
579,10,FREECAM_3D,19.333333333333332,487662,14882.26318359375,774,23.62060546875,42.3359173126615,28,0.8544921875,745,22.735595703125,1,0.030517578125,0x4310EEA4,3069,1262,1081,11.98828125,4.9296875,4.22265625,1,0x14,0,0,0,1,0,1,0,0,1,0,,,,,,,,,,,,,,,,,,,,,,
580,10,FREECAM_3D,19.366666666666667,488431,14905.731201171875,769,23.468017578125,42.6111833550065,27,0.823974609375,742,22.64404296875,0,0.0,0x757DE4F2,3069,1262,1081,11.98828125,4.9296875,4.22265625,1,0x14,0,0,0,1,0,1,0,0,1,0,,,,,,,,,,,,,,,,,,,,,,
581,10,FREECAM_3D,19.4,489187,14928.802490234375,756,23.0712890625,43.34391534391534,27,0.823974609375,728,22.216796875,1,0.030517578125,0x7496D160,3069,1262,1081,11.98828125,4.9296875,4.22265625,1,0x14,0,0,0,1,0,1,0,0,1,0,,,,,,,,,,,,,,,,,,,,,,
582,10,FREECAM_3D,19.433333333333334,489940,14951.7822265625,753,22.979736328125,43.51660026560425,28,0.8544921875,724,22.0947265625,1,0.030517578125,0x0F828D67,3069,1262,1081,11.98828125,4.9296875,4.22265625,1,0x14,0,0,0,1,0,1,0,0,1,0,,,,,,,,,,,,,,,,,,,,,,
583,10,FREECAM_3D,19.466666666666665,490688,14974.609375,748,22.8271484375,43.80748663101604,28,0.8544921875,720,21.97265625,0,0.0,0x75381BF2,3069,1262,1081,11.98828125,4.9296875,4.22265625,1,0x14,0,0,0,1,0,1,0,0,1,0,,,,,,,,,,,,,,,,,,,,,,
584,10,FREECAM_3D,19.5,491433,14997.344970703125,745,22.735595703125,43.98389261744966,27,0.823974609375,718,21.91162109375,0,0.0,0xBA858160,3069,1262,1081,11.98828125,4.9296875,4.22265625,1,0x14,0,0,0,1,0,1,0,0,1,0,,,,,,,,,,,,,,,,,,,,,,
585,10,FREECAM_3D,19.533333333333335,492225,15021.514892578125,792,24.169921875,41.37373737373738,27,0.823974609375,764,23.3154296875,1,0.030517578125,0x301ECFFF,3069,1262,1081,11.98828125,4.9296875,4.22265625,1,0x14,0,0,0,1,0,1,0,0,1,0,,,,,,,,,,,,,,,,,,,,,,
586,10,FREECAM_3D,19.566666666666666,493020,15045.7763671875,795,24.261474609375,41.21761006289308,28,0.8544921875,767,23.406982421875,0,0.0,0x1CAD1FE7,3069,1262,1081,11.98828125,4.9296875,4.22265625,1,0x14,0,0,0,1,0,1,0,0,1,0,,,,,,,,,,,,,,,,,,,,,,
587,10,FREECAM_3D,19.6,493812,15069.9462890625,792,24.169921875,41.37373737373738,27,0.823974609375,765,23.345947265625,0,0.0,0x125C255F,3069,1262,1081,11.98828125,4.9296875,4.22265625,1,0x14,0,0,0,1,0,1,0,0,1,0,,,,,,,,,,,,,,,,,,,,,,
588,10,FREECAM_3D,19.633333333333333,494671,15096.160888671875,859,26.214599609375,38.146682188591384,28,0.8544921875,831,25.360107421875,0,0.0,0x351999EE,3069,1262,1081,11.98828125,4.9296875,4.22265625,1,0x14,0,0,0,1,0,1,0,0,1,0,,,,,,,,,,,,,,,,,,,,,,
589,10,FREECAM_3D,19.666666666666668,495545,15122.833251953125,874,26.67236328125,37.49199084668192,27,0.823974609375,847,25.848388671875,0,0.0,0xAC17D57C,3069,1262,1081,11.98828125,4.9296875,4.22265625,1,0x14,0,0,0,1,0,1,0,0,1,0,,,,,,,,,,,,,,,,,,,,,,
590,10,FREECAM_3D,19.7,496441,15150.177001953125,896,27.34375,36.57142857142857,28,0.8544921875,868,26.4892578125,0,0.0,0x9AB97DEB,3069,1262,1081,11.98828125,4.9296875,4.22265625,1,0x14,0,0,0,1,0,1,0,0,1,0,,,,,,,,,,,,,,,,,,,,,,
591,10,FREECAM_3D,19.733333333333334,497444,15180.7861328125,1003,30.609130859375,32.66999002991027,27,0.823974609375,976,29.78515625,0,0.0,0x9F0DFB31,3069,1262,1081,11.98828125,4.9296875,4.22265625,1,0x14,0,0,0,1,0,1,0,0,1,0,,,,,,,,,,,,,,,,,,,,,,
592,10,FREECAM_3D,19.766666666666666,498475,15212.249755859375,1031,31.463623046875,31.782735208535403,28,0.8544921875,1002,30.57861328125,1,0.030517578125,0x71DCCEE5,3069,1262,1081,11.98828125,4.9296875,4.22265625,1,0x14,0,0,0,1,0,1,0,0,1,0,,,,,,,,,,,,,,,,,,,,,,
593,10,FREECAM_3D,19.8,499508,15243.7744140625,1033,31.524658203125,31.721200387221685,27,0.823974609375,1005,30.670166015625,1,0.030517578125,0xA5FAE12A,3069,1262,1081,11.98828125,4.9296875,4.22265625,1,0x14,0,0,0,1,0,1,0,0,1,0,,,,,,,,,,,,,,,,,,,,,,
594,10,FREECAM_3D,19.833333333333332,500600,15277.099609375,1092,33.3251953125,30.007326007326007,28,0.8544921875,1064,32.470703125,0,0.0,0xA5318462,3069,1262,1081,11.98828125,4.9296875,4.22265625,1,0x14,0,0,0,1,0,1,0,0,1,0,,,,,,,,,,,,,,,,,,,,,,
595,10,FREECAM_3D,19.866666666666667,501787,15313.323974609375,1187,36.224365234375,27.605728727885424,27,0.823974609375,1159,35.369873046875,1,0.030517578125,0x0F056F37,3069,1262,1081,11.98828125,4.9296875,4.22265625,1,0x14,0,0,0,1,0,1,0,0,1,0,,,,,,,,,,,,,,,,,,,,,,
596,10,FREECAM_3D,19.9,502984,15349.853515625,1197,36.529541015625,27.375104427736005,28,0.8544921875,1169,35.675048828125,0,0.0,0x3DD7AA69,3069,1262,1081,11.98828125,4.9296875,4.22265625,1,0x14,0,0,0,1,0,1,0,0,1,0,,,,,,,,,,,,,,,,,,,,,,
597,10,FREECAM_3D,19.933333333333334,504241,15388.214111328125,1257,38.360595703125,26.068416865552905,27,0.823974609375,1229,37.506103515625,1,0.030517578125,0xE75BFEC1,3069,1262,1081,11.98828125,4.9296875,4.22265625,1,0x14,0,0,0,1,0,1,0,0,1,0,,,,,,,,,,,,,,,,,,,,,,
598,10,FREECAM_3D,19.966666666666665,505567,15428.680419921875,1326,40.46630859375,24.71191553544495,27,0.823974609375,1298,39.61181640625,1,0.030517578125,0xD5D21860,3069,1262,1081,11.98828125,4.9296875,4.22265625,1,0x14,0,0,0,1,0,1,0,0,1,0,,,,,,,,,,,,,,,,,,,,,,
599,10,FREECAM_3D,20.0,506934,15470.39794921875,1367,41.717529296875,23.970738844184346,28,0.8544921875,1339,40.863037109375,0,0.0,0x95EDCE06,3069,1262,1081,11.98828125,4.9296875,4.22265625,1,0x14,0,0,0,1,0,1,0,0,1,0,,,,,,,,,,,,,,,,,,,,,,
600,10,FREECAM_3D,20.033333333333335,508356,15513.7939453125,1422,43.39599609375,23.043600562587905,28,0.8544921875,1394,42.54150390625,0,0.0,0x63CE50E1,3069,1262,1081,11.98828125,4.9296875,4.22265625,1,0x14,0,0,0,1,0,1,0,0,1,0,,,,,,,,,,,,,,,,,,,,,,
601,10,FREECAM_3D,20.066666666666666,509809,15558.135986328125,1453,44.342041015625,22.55196145905024,28,0.8544921875,1425,43.487548828125,0,0.0,0x6BFB6151,3069,1262,1081,11.98828125,4.9296875,4.22265625,1,0x14,0,0,0,1,0,1,0,0,1,0,,,,,,,,,,,,,,,,,,,,,,
602,10,FREECAM_3D,20.1,511287,15603.240966796875,1478,45.10498046875,22.170500676589988,28,0.8544921875,1449,44.219970703125,1,0.030517578125,0xBC1EDF23,3069,1262,1081,11.98828125,4.9296875,4.22265625,1,0x14,0,0,0,1,0,1,0,0,1,0,,,,,,,,,,,,,,,,,,,,,,
603,10,FREECAM_3D,20.133333333333333,512798,15649.35302734375,1511,46.112060546875,21.686300463269358,28,0.8544921875,1482,45.22705078125,1,0.030517578125,0xF7C30E54,3069,1262,1081,11.98828125,4.9296875,4.22265625,1,0x14,0,0,0,1,0,1,0,0,1,0,,,,,,,,,,,,,,,,,,,,,,
604,10,FREECAM_3D,20.166666666666668,514330,15696.10595703125,1532,46.7529296875,21.389033942558747,28,0.8544921875,1503,45.867919921875,1,0.030517578125,0x4540FC6A,3069,1262,1081,11.98828125,4.9296875,4.22265625,1,0x14,0,0,0,1,0,1,0,0,1,0,,,,,,,,,,,,,,,,,,,,,,
605,10,FREECAM_3D,20.2,515885,15743.560791015625,1555,47.454833984375,21.07266881028939,27,0.823974609375,1527,46.600341796875,1,0.030517578125,0x06815C15,3069,1262,1081,11.98828125,4.9296875,4.22265625,1,0x14,0,0,0,1,0,1,0,0,1,0,,,,,,,,,,,,,,,,,,,,,,
606,10,FREECAM_3D,20.233333333333334,517484,15792.3583984375,1599,48.797607421875,20.492808005003127,27,0.823974609375,1572,47.9736328125,0,0.0,0x7CE2CE39,3069,1262,1081,11.98828125,4.9296875,4.22265625,1,0x14,0,0,0,1,0,1,0,0,1,0,,,,,,,,,,,,,,,,,,,,,,
607,10,FREECAM_3D,20.266666666666666,519107,15841.888427734375,1623,49.530029296875,20.18977202711029,28,0.8544921875,1594,48.64501953125,1,0.030517578125,0x0BF6A32B,3069,1262,1081,11.98828125,4.9296875,4.22265625,1,0x14,0,0,0,1,0,1,0,0,1,0,,,,,,,,,,,,,,,,,,,,,,
608,10,FREECAM_3D,20.3,520699,15890.472412109375,1592,48.583984375,20.582914572864322,27,0.823974609375,1565,47.760009765625,0,0.0,0xD06752C8,3069,1262,1081,11.98828125,4.9296875,4.22265625,1,0x14,0,0,0,1,0,1,0,0,1,0,,,,,,,,,,,,,,,,,,,,,,
609,10,FREECAM_3D,20.333333333333332,522352,15940.91796875,1653,50.445556640625,19.82335148215366,27,0.823974609375,1625,49.591064453125,1,0.030517578125,0x48A2917A,3069,1262,1081,11.98828125,4.9296875,4.22265625,1,0x14,0,0,0,1,0,1,0,0,1,0,,,,,,,,,,,,,,,,,,,,,,
610,10,FREECAM_3D,20.366666666666667,523979,15990.570068359375,1627,49.652099609375,20.14013521819299,28,0.8544921875,1598,48.76708984375,1,0.030517578125,0x8CC51F67,3069,1262,1081,11.98828125,4.9296875,4.22265625,1,0x14,0,0,0,1,0,1,0,0,1,0,,,,,,,,,,,,,,,,,,,,,,
611,10,FREECAM_3D,20.4,525616,16040.52734375,1637,49.957275390625,20.01710445937691,28,0.8544921875,1608,49.072265625,1,0.030517578125,0xA8F28D70,3069,1262,1081,11.98828125,4.9296875,4.22265625,1,0x14,0,0,0,1,0,1,0,0,1,0,,,,,,,,,,,,,,,,,,,,,,
612,10,FREECAM_3D,20.433333333333334,527263,16090.789794921875,1647,50.262451171875,19.89556769884639,28,0.8544921875,1618,49.37744140625,1,0.030517578125,0xD7079BC0,3069,1262,1081,11.98828125,4.9296875,4.22265625,1,0x16,1,1,0,1,0,1,0,0,1,0,49.285888671875,0.030517578125,6.256103515625,11.1083984375,6.103515625,2.0751953125,12.39013671875,0.823974609375,0.0,9.521484375,0.9765625,0,0,0,0,0,0,0,0,0,0,0
613,10,FREECAM_3D,20.466666666666665,528882,16140.19775390625,1619,49.407958984375,20.23965410747375,28,0.8544921875,1590,48.52294921875,1,0.030517578125,0xDB7D8AB0,3069,1262,1081,11.98828125,4.9296875,4.22265625,1,0x14,0,0,0,1,0,1,0,0,1,0,,,,,,,,,,,,,,,,,,,,,,
614,10,FREECAM_3D,20.5,530339,16184.661865234375,1457,44.464111328125,22.490048043925874,27,0.823974609375,1430,43.64013671875,0,0.0,0xD7079BC0,3069,1262,1081,11.98828125,4.9296875,4.22265625,1,0x14,0,0,0,1,0,1,0,0,-1,0,,,,,,,,,,,,,,,,,,,,,,
615,10,FREECAM_3D,20.533333333333335,531946,16233.70361328125,1607,49.041748046875,20.39079029247044,28,0.8544921875,1579,48.187255859375,0,0.0,0xA8F28D70,3069,1262,1081,11.98828125,4.9296875,4.22265625,1,0x14,0,0,0,1,0,1,0,0,-1,0,,,,,,,,,,,,,,,,,,,,,,
616,10,FREECAM_3D,20.566666666666666,533545,16282.501220703125,1599,48.797607421875,20.492808005003127,27,0.823974609375,1571,47.943115234375,1,0.030517578125,0x8CC51F67,3069,1262,1081,11.98828125,4.9296875,4.22265625,1,0x14,0,0,0,1,0,1,0,0,-1,0,,,,,,,,,,,,,,,,,,,,,,
617,10,FREECAM_3D,20.6,535135,16331.024169921875,1590,48.52294921875,20.60880503144654,27,0.823974609375,1563,47.698974609375,0,0.0,0x48A2917A,3069,1262,1081,11.98828125,4.9296875,4.22265625,1,0x14,0,0,0,1,0,1,0,0,-1,0,,,,,,,,,,,,,,,,,,,,,,
618,10,FREECAM_3D,20.633333333333333,536696,16378.662109375,1561,47.637939453125,20.99167200512492,27,0.823974609375,1534,46.81396484375,0,0.0,0xD06752C8,3069,1262,1081,11.98828125,4.9296875,4.22265625,1,0x14,0,0,0,1,0,1,0,0,-1,0,,,,,,,,,,,,,,,,,,,,,,
619,10,FREECAM_3D,20.666666666666668,538238,16425.72021484375,1542,47.05810546875,21.250324254215304,28,0.8544921875,1513,46.173095703125,1,0.030517578125,0x0BF6A32B,3069,1262,1081,11.98828125,4.9296875,4.22265625,1,0x14,0,0,0,1,0,1,0,0,-1,0,,,,,,,,,,,,,,,,,,,,,,
620,10,FREECAM_3D,20.7,539749,16471.832275390625,1511,46.112060546875,21.686300463269358,27,0.823974609375,1483,45.257568359375,1,0.030517578125,0x7CE2CE39,3069,1262,1081,11.98828125,4.9296875,4.22265625,1,0x14,0,0,0,1,0,1,0,0,-1,0,,,,,,,,,,,,,,,,,,,,,,
621,10,FREECAM_3D,20.733333333333334,541225,16516.876220703125,1476,45.0439453125,22.200542005420054,27,0.823974609375,1448,44.189453125,1,0.030517578125,0x06815C15,3069,1262,1081,11.98828125,4.9296875,4.22265625,1,0x14,0,0,0,1,0,1,0,0,-1,0,,,,,,,,,,,,,,,,,,,,,,
622,10,FREECAM_3D,20.766666666666666,542676,16561.1572265625,1451,44.281005859375,22.583046175051688,27,0.823974609375,1424,43.45703125,0,0.0,0x4540FC6A,3069,1262,1081,11.98828125,4.9296875,4.22265625,1,0x14,0,0,0,1,0,1,0,0,-1,0,,,,,,,,,,,,,,,,,,,,,,
623,10,FREECAM_3D,20.8,544226,16608.45947265625,1550,47.30224609375,21.140645161290323,27,0.823974609375,1523,46.478271484375,0,0.0,0xF7C30E54,3069,1262,1081,11.98828125,4.9296875,4.22265625,1,0x14,0,0,0,1,0,1,0,0,-1,0,,,,,,,,,,,,,,,,,,,,,,
624,10,FREECAM_3D,20.833333333333332,545746,16654.84619140625,1520,46.38671875,21.557894736842105,27,0.823974609375,1493,45.562744140625,0,0.0,0xBC1EDF23,3069,1262,1081,11.98828125,4.9296875,4.22265625,1,0x14,0,0,0,1,0,1,0,0,-1,0,,,,,,,,,,,,,,,,,,,,,,
625,10,FREECAM_3D,20.866666666666667,547200,16699.21875,1454,44.37255859375,22.536451169188446,28,0.8544921875,1426,43.51806640625,0,0.0,0x6BFB6151,3069,1262,1081,11.98828125,4.9296875,4.22265625,1,0x14,0,0,0,1,0,1,0,0,-1,0,,,,,,,,,,,,,,,,,,,,,,
626,10,FREECAM_3D,20.9,548604,16742.0654296875,1404,42.8466796875,23.33903133903134,27,0.823974609375,1377,42.022705078125,0,0.0,0x63CE50E1,3069,1262,1081,11.98828125,4.9296875,4.22265625,1,0x14,0,0,0,1,0,1,0,0,-1,0,,,,,,,,,,,,,,,,,,,,,,
627,10,FREECAM_3D,20.933333333333334,549960,16783.447265625,1356,41.3818359375,24.16519174041298,27,0.823974609375,1329,40.557861328125,0,0.0,0x95EDCE06,3069,1262,1081,11.98828125,4.9296875,4.22265625,1,0x14,0,0,0,1,0,1,0,0,-1,0,,,,,,,,,,,,,,,,,,,,,,
628,10,FREECAM_3D,20.966666666666665,551303,16824.432373046875,1343,40.985107421875,24.399106478034252,27,0.823974609375,1315,40.130615234375,1,0.030517578125,0xD5D21860,3069,1262,1081,11.98828125,4.9296875,4.22265625,1,0x14,0,0,0,1,0,1,0,0,-1,0,,,,,,,,,,,,,,,,,,,,,,
629,10,FREECAM_3D,21.0,552586,16863.58642578125,1283,39.154052734375,25.540140296180827,28,0.8544921875,1255,38.299560546875,0,0.0,0xE75BFEC1,3069,1262,1081,11.98828125,4.9296875,4.22265625,1,0x14,0,0,0,1,0,1,0,0,-1,0,,,,,,,,,,,,,,,,,,,,,,
630,10,FREECAM_3D,21.033333333333335,553807,16900.848388671875,1221,37.261962890625,26.83701883701884,27,0.823974609375,1194,36.43798828125,0,0.0,0x3DD7AA69,3069,1262,1081,11.98828125,4.9296875,4.22265625,1,0x14,0,0,0,1,0,1,0,0,-1,0,,,,,,,,,,,,,,,,,,,,,,
631,10,FREECAM_3D,21.066666666666666,554988,16936.8896484375,1181,36.041259765625,27.745977984758678,27,0.823974609375,1154,35.21728515625,0,0.0,0x0F056F37,3069,1262,1081,11.98828125,4.9296875,4.22265625,1,0x14,0,0,0,1,0,1,0,0,-1,0,,,,,,,,,,,,,,,,,,,,,,
632,10,FREECAM_3D,21.1,556161,16972.686767578125,1173,35.797119140625,27.935208866155158,28,0.8544921875,1145,34.942626953125,0,0.0,0xA5318462,3069,1262,1081,11.98828125,4.9296875,4.22265625,1,0x14,0,0,0,1,0,1,0,0,-1,0,,,,,,,,,,,,,,,,,,,,,,
633,10,FREECAM_3D,21.133333333333333,557196,17004.2724609375,1035,31.585693359375,31.65990338164251,27,0.823974609375,1007,30.731201171875,1,0.030517578125,0xA5FAE12A,3069,1262,1081,11.98828125,4.9296875,4.22265625,1,0x14,0,0,0,1,0,1,0,0,-1,0,,,,,,,,,,,,,,,,,,,,,,
634,10,FREECAM_3D,21.166666666666668,558237,17036.041259765625,1041,31.768798828125,31.477425552353505,28,0.8544921875,1013,30.914306640625,0,0.0,0x71DCCEE5,3069,1262,1081,11.98828125,4.9296875,4.22265625,1,0x14,0,0,0,1,0,1,0,0,-1,0,,,,,,,,,,,,,,,,,,,,,,
635,10,FREECAM_3D,21.2,559251,17066.986083984375,1014,30.94482421875,32.315581854043394,27,0.823974609375,987,30.120849609375,0,0.0,0x9F0DFB31,3069,1262,1081,11.98828125,4.9296875,4.22265625,1,0x14,0,0,0,1,0,1,0,0,-1,0,,,,,,,,,,,,,,,,,,,,,,
636,10,FREECAM_3D,21.233333333333334,560163,17094.818115234375,912,27.83203125,35.92982456140351,28,0.8544921875,884,26.9775390625,0,0.0,0x9AB97DEB,3069,1262,1081,11.98828125,4.9296875,4.22265625,1,0x14,0,0,0,1,0,1,0,0,-1,0,,,,,,,,,,,,,,,,,,,,,,
637,10,FREECAM_3D,21.266666666666666,561065,17122.344970703125,902,27.52685546875,36.328159645232816,28,0.8544921875,874,26.67236328125,0,0.0,0xAC17D57C,3069,1262,1081,11.98828125,4.9296875,4.22265625,1,0x14,0,0,0,1,0,1,0,0,-1,0,,,,,,,,,,,,,,,,,,,,,,
638,10,FREECAM_3D,21.3,561959,17149.627685546875,894,27.28271484375,36.65324384787472,27,0.823974609375,867,26.458740234375,0,0.0,0x351999EE,3069,1262,1081,11.98828125,4.9296875,4.22265625,1,0x14,0,0,0,1,0,1,0,0,-1,0,,,,,,,,,,,,,,,,,,,,,,
639,10,FREECAM_3D,21.333333333333332,562761,17174.102783203125,802,24.47509765625,40.85785536159601,27,0.823974609375,775,23.651123046875,0,0.0,0x125C255F,3069,1262,1081,11.98828125,4.9296875,4.22265625,1,0x14,0,0,0,1,0,1,0,0,-1,0,,,,,,,,,,,,,,,,,,,,,,
640,10,FREECAM_3D,21.366666666666667,563548,17198.1201171875,787,24.017333984375,41.636594663278274,28,0.8544921875,758,23.13232421875,1,0.030517578125,0x1CAD1FE7,3069,1262,1081,11.98828125,4.9296875,4.22265625,1,0x14,0,0,0,1,0,1,0,0,-1,0,,,,,,,,,,,,,,,,,,,,,,
641,10,FREECAM_3D,21.4,564340,17222.2900390625,792,24.169921875,41.37373737373738,27,0.823974609375,764,23.3154296875,1,0.030517578125,0x301ECFFF,3069,1262,1081,11.98828125,4.9296875,4.22265625,1,0x14,0,0,0,1,0,1,0,0,-1,0,,,,,,,,,,,,,,,,,,,,,,
642,10,FREECAM_3D,21.433333333333334,565091,17245.208740234375,751,22.918701171875,43.63249001331558,27,0.823974609375,724,22.0947265625,0,0.0,0xBA858160,3069,1262,1081,11.98828125,4.9296875,4.22265625,1,0x14,0,0,0,1,0,1,0,0,-1,0,,,,,,,,,,,,,,,,,,,,,,
643,10,FREECAM_3D,21.466666666666665,565838,17268.00537109375,747,22.796630859375,43.866131191432395,27,0.823974609375,720,21.97265625,0,0.0,0x75381BF2,3069,1262,1081,11.98828125,4.9296875,4.22265625,1,0x14,0,0,0,1,0,1,0,0,-1,0,,,,,,,,,,,,,,,,,,,,,,
644,10,FREECAM_3D,21.5,566585,17290.802001953125,747,22.796630859375,43.866131191432395,27,0.823974609375,720,21.97265625,0,0.0,0x0F828D67,3069,1262,1081,11.98828125,4.9296875,4.22265625,1,0x14,0,0,0,1,0,1,0,0,-1,0,,,,,,,,,,,,,,,,,,,,,,
645,10,FREECAM_3D,21.533333333333335,567335,17313.690185546875,750,22.88818359375,43.690666666666665,27,0.823974609375,723,22.064208984375,0,0.0,0x7496D160,3069,1262,1081,11.98828125,4.9296875,4.22265625,1,0x14,0,0,0,1,0,1,0,0,-1,0,,,,,,,,,,,,,,,,,,,,,,
646,10,FREECAM_3D,21.566666666666666,568106,17337.21923828125,771,23.529052734375,42.50064850843061,28,0.8544921875,743,22.674560546875,0,0.0,0x757DE4F2,3069,1262,1081,11.98828125,4.9296875,4.22265625,1,0x14,0,0,0,1,0,1,0,0,-1,0,,,,,,,,,,,,,,,,,,,,,,
647,10,FREECAM_3D,21.6,568881,17360.870361328125,775,23.651123046875,42.281290322580645,27,0.823974609375,748,22.8271484375,0,0.0,0x4310EEA4,3069,1262,1081,11.98828125,4.9296875,4.22265625,1,0x14,0,0,0,1,0,1,0,0,-1,0,,,,,,,,,,,,,,,,,,,,,,
648,10,FREECAM_3D,21.633333333333333,569714,17386.29150390625,833,25.421142578125,39.33733493397359,27,0.823974609375,805,24.566650390625,1,0.030517578125,0x7EDEF92F,3069,1262,1081,11.98828125,4.9296875,4.22265625,1,0x14,0,0,0,1,0,1,0,0,-1,0,,,,,,,,,,,,,,,,,,,,,,
649,10,FREECAM_3D,21.666666666666668,570529,17411.163330078125,815,24.871826171875,40.206134969325156,27,0.823974609375,788,24.0478515625,0,0.0,0x65DFB05A,3069,1262,1081,11.98828125,4.9296875,4.22265625,1,0x14,0,0,0,1,0,1,0,0,-1,0,,,,,,,,,,,,,,,,,,,,,,
650,10,FREECAM_3D,21.7,571419,17438.323974609375,890,27.16064453125,36.81797752808989,27,0.823974609375,863,26.336669921875,0,0.0,0x1D68886C,3069,1262,1081,11.98828125,4.9296875,4.22265625,1,0x14,0,0,0,1,0,1,0,0,-1,0,,,,,,,,,,,,,,,,,,,,,,
651,10,FREECAM_3D,21.733333333333334,572307,17465.423583984375,888,27.099609375,36.9009009009009,28,0.8544921875,860,26.2451171875,0,0.0,0xF20D7777,3069,1262,1081,11.98828125,4.9296875,4.22265625,1,0x14,0,0,0,1,0,1,0,0,-1,0,,,,,,,,,,,,,,,,,,,,,,
652,10,FREECAM_3D,21.766666666666666,573187,17492.279052734375,880,26.85546875,37.236363636363635,27,0.823974609375,853,26.031494140625,0,0.0,0xA44C425B,3069,1262,1081,11.98828125,4.9296875,4.22265625,1,0x14,0,0,0,1,0,1,0,0,-1,0,,,,,,,,,,,,,,,,,,,,,,
653,10,FREECAM_3D,21.8,574061,17518.951416015625,874,26.67236328125,37.49199084668192,27,0.823974609375,847,25.848388671875,0,0.0,0xC7FFADCF,3069,1262,1081,11.98828125,4.9296875,4.22265625,1,0x14,0,0,0,1,0,1,0,0,-1,0,,,,,,,,,,,,,,,,,,,,,,
654,10,FREECAM_3D,21.833333333333332,574927,17545.379638671875,866,26.42822265625,37.838337182448036,28,0.8544921875,838,25.57373046875,0,0.0,0xA3747F26,3069,1262,1081,11.98828125,4.9296875,4.22265625,1,0x14,0,0,0,1,0,1,0,0,-1,0,,,,,,,,,,,,,,,,,,,,,,
655,10,FREECAM_3D,21.866666666666667,575770,17571.10595703125,843,25.726318359375,38.87069988137604,27,0.823974609375,815,24.871826171875,1,0.030517578125,0xAE96CAD8,3069,1262,1081,11.98828125,4.9296875,4.22265625,1,0x14,0,0,0,1,0,1,0,0,-1,0,,,,,,,,,,,,,,,,,,,,,,
656,10,FREECAM_3D,21.9,576595,17596.282958984375,825,25.177001953125,39.71878787878788,27,0.823974609375,798,24.35302734375,0,0.0,0x58F5109B,3069,1262,1081,11.98828125,4.9296875,4.22265625,1,0x14,0,0,0,1,0,1,0,0,-1,0,,,,,,,,,,,,,,,,,,,,,,
657,10,FREECAM_3D,21.933333333333334,577364,17619.7509765625,769,23.468017578125,42.6111833550065,27,0.823974609375,742,22.64404296875,0,0.0,0x87F93679,3069,1262,1081,11.98828125,4.9296875,4.22265625,1,0x14,0,0,0,1,0,1,0,0,-1,0,,,,,,,,,,,,,,,,,,,,,,
658,10,FREECAM_3D,21.966666666666665,578113,17642.608642578125,749,22.857666015625,43.748998664886514,27,0.823974609375,721,22.003173828125,1,0.030517578125,0x99232FBD,3069,1262,1081,11.98828125,4.9296875,4.22265625,1,0x14,0,0,0,1,0,1,0,0,-1,0,,,,,,,,,,,,,,,,,,,,,,
659,10,FREECAM_3D,22.0,578846,17664.97802734375,733,22.369384765625,44.70395634379263,27,0.823974609375,705,21.514892578125,1,0.030517578125,0xB16D2C2A,3069,1262,1081,11.98828125,4.9296875,4.22265625,1,0x14,0,0,0,1,0,1,0,0,-1,0,,,,,,,,,,,,,,,,,,,,,,
660,10,FREECAM_3D,22.033333333333335,579535,17686.004638671875,689,21.026611328125,47.55878084179971,27,0.823974609375,661,20.172119140625,1,0.030517578125,0x97B6A86E,3069,1262,1081,11.98828125,4.9296875,4.22265625,1,0x14,0,0,0,1,0,1,0,0,-1,0,,,,,,,,,,,,,,,,,,,,,,
661,10,FREECAM_3D,22.066666666666666,580216,17706.787109375,681,20.782470703125,48.117474302496326,28,0.8544921875,653,19.927978515625,0,0.0,0xD6FA1B1C,3069,1262,1081,11.98828125,4.9296875,4.22265625,1,0x14,0,0,0,1,0,1,0,0,-1,0,,,,,,,,,,,,,,,,,,,,,,
662,10,FREECAM_3D,22.1,580891,17727.386474609375,675,20.599365234375,48.54518518518518,28,0.8544921875,647,19.744873046875,0,0.0,0x8B4C3E5A,3069,1262,1081,11.98828125,4.9296875,4.22265625,1,0x14,0,0,0,1,0,1,0,0,-1,0,,,,,,,,,,,,,,,,,,,,,,
663,10,FREECAM_3D,22.133333333333333,581552,17747.55859375,661,20.172119140625,49.57337367624811,23,0.701904296875,637,19.439697265625,1,0.030517578125,0x8B4C3E5A,3069,1262,1081,11.98828125,4.9296875,4.22265625,1,0x10,0,0,0,0,0,1,0,0,-1,0,,,,,,,,,,,,,,,,,,,,,,
664,10,FREECAM_3D,22.166666666666668,582188,17766.9677734375,636,19.4091796875,51.522012578616355,23,0.701904296875,612,18.6767578125,1,0.030517578125,0x8B4C3E5A,3069,1262,1081,11.98828125,4.9296875,4.22265625,1,0x10,0,0,0,0,0,1,0,0,-1,0,,,,,,,,,,,,,,,,,,,,,,
665,10,FREECAM_3D,22.2,582824,17786.376953125,636,19.4091796875,51.522012578616355,24,0.732421875,612,18.6767578125,0,0.0,0x8B4C3E5A,3069,1262,1081,11.98828125,4.9296875,4.22265625,1,0x10,0,0,0,0,0,1,0,0,-1,0,,,,,,,,,,,,,,,,,,,,,,
666,10,FREECAM_3D,22.233333333333334,583459,17805.755615234375,635,19.378662109375,51.60314960629921,23,0.701904296875,612,18.6767578125,0,0.0,0x8B4C3E5A,3069,1262,1081,11.98828125,4.9296875,4.22265625,1,0x10,0,0,0,0,0,1,0,0,-1,0,,,,,,,,,,,,,,,,,,,,,,
667,10,FREECAM_3D,22.266666666666666,584095,17825.164794921875,636,19.4091796875,51.522012578616355,23,0.701904296875,612,18.6767578125,1,0.030517578125,0x8B4C3E5A,3069,1262,1081,11.98828125,4.9296875,4.22265625,1,0x10,0,0,0,0,0,1,0,0,-1,0,,,,,,,,,,,,,,,,,,,,,,
668,10,FREECAM_3D,22.3,584731,17844.573974609375,636,19.4091796875,51.522012578616355,23,0.701904296875,612,18.6767578125,1,0.030517578125,0x8B4C3E5A,3069,1262,1081,11.98828125,4.9296875,4.22265625,1,0x10,0,0,0,0,0,1,0,0,-1,0,,,,,,,,,,,,,,,,,,,,,,
669,10,FREECAM_3D,22.333333333333332,585367,17863.983154296875,636,19.4091796875,51.522012578616355,24,0.732421875,612,18.6767578125,0,0.0,0x8B4C3E5A,3069,1262,1081,11.98828125,4.9296875,4.22265625,1,0x10,0,0,0,0,0,1,0,0,-1,0,,,,,,,,,,,,,,,,,,,,,,
670,10,FREECAM_3D,22.366666666666667,586002,17883.36181640625,635,19.378662109375,51.60314960629921,23,0.701904296875,612,18.6767578125,0,0.0,0x8B4C3E5A,3069,1262,1081,11.98828125,4.9296875,4.22265625,1,0x10,0,0,0,0,0,1,0,0,-1,0,,,,,,,,,,,,,,,,,,,,,,
671,10,FREECAM_3D,22.4,586637,17902.740478515625,635,19.378662109375,51.60314960629921,23,0.701904296875,612,18.6767578125,0,0.0,0x8B4C3E5A,3069,1262,1081,11.98828125,4.9296875,4.22265625,1,0x10,0,0,0,0,0,1,0,0,-1,0,,,,,,,,,,,,,,,,,,,,,,
672,10,FREECAM_3D,22.433333333333334,587273,17922.149658203125,636,19.4091796875,51.522012578616355,23,0.701904296875,612,18.6767578125,1,0.030517578125,0x8B4C3E5A,3069,1262,1081,11.98828125,4.9296875,4.22265625,1,0x10,0,0,0,0,0,1,0,0,-1,0,,,,,,,,,,,,,,,,,,,,,,
673,10,FREECAM_3D,22.466666666666665,587909,17941.558837890625,636,19.4091796875,51.522012578616355,23,0.701904296875,612,18.6767578125,1,0.030517578125,0x8B4C3E5A,3069,1262,1081,11.98828125,4.9296875,4.22265625,1,0x10,0,0,0,0,0,1,0,0,-1,0,,,,,,,,,,,,,,,,,,,,,,
674,10,FREECAM_3D,22.5,588545,17960.968017578125,636,19.4091796875,51.522012578616355,24,0.732421875,612,18.6767578125,0,0.0,0x8B4C3E5A,3069,1262,1081,11.98828125,4.9296875,4.22265625,1,0x10,0,0,0,0,0,1,0,0,-1,0,,,,,,,,,,,,,,,,,,,,,,
675,10,FREECAM_3D,22.533333333333335,589180,17980.3466796875,635,19.378662109375,51.60314960629921,23,0.701904296875,612,18.6767578125,0,0.0,0x8B4C3E5A,3069,1262,1081,11.98828125,4.9296875,4.22265625,1,0x10,0,0,0,0,0,1,0,0,-1,0,,,,,,,,,,,,,,,,,,,,,,
676,10,FREECAM_3D,22.566666666666666,589816,17999.755859375,636,19.4091796875,51.522012578616355,23,0.701904296875,612,18.6767578125,1,0.030517578125,0x8B4C3E5A,3069,1262,1081,11.98828125,4.9296875,4.22265625,1,0x10,0,0,0,0,0,1,0,0,-1,0,,,,,,,,,,,,,,,,,,,,,,
677,10,FREECAM_3D,22.6,590452,18019.1650390625,636,19.4091796875,51.522012578616355,23,0.701904296875,612,18.6767578125,1,0.030517578125,0x8B4C3E5A,3069,1262,1081,11.98828125,4.9296875,4.22265625,1,0x10,0,0,0,0,0,1,0,0,-1,0,,,,,,,,,,,,,,,,,,,,,,
678,10,FREECAM_3D,22.633333333333333,591088,18038.57421875,636,19.4091796875,51.522012578616355,24,0.732421875,612,18.6767578125,0,0.0,0x8B4C3E5A,3069,1262,1081,11.98828125,4.9296875,4.22265625,1,0x10,0,0,0,0,0,1,0,0,-1,0,,,,,,,,,,,,,,,,,,,,,,
679,10,FREECAM_3D,22.666666666666668,591723,18057.952880859375,635,19.378662109375,51.60314960629921,23,0.701904296875,612,18.6767578125,0,0.0,0x8B4C3E5A,3069,1262,1081,11.98828125,4.9296875,4.22265625,1,0x10,0,0,0,0,0,1,0,0,-1,0,,,,,,,,,,,,,,,,,,,,,,
680,10,FREECAM_3D,22.7,592359,18077.362060546875,636,19.4091796875,51.522012578616355,23,0.701904296875,612,18.6767578125,1,0.030517578125,0x8B4C3E5A,3069,1262,1081,11.98828125,4.9296875,4.22265625,1,0x10,0,0,0,0,0,1,0,0,-1,0,,,,,,,,,,,,,,,,,,,,,,
681,10,FREECAM_3D,22.733333333333334,592995,18096.771240234375,636,19.4091796875,51.522012578616355,23,0.701904296875,612,18.6767578125,1,0.030517578125,0x8B4C3E5A,3069,1262,1081,11.98828125,4.9296875,4.22265625,1,0x10,0,0,0,0,0,1,0,0,-1,0,,,,,,,,,,,,,,,,,,,,,,
682,10,FREECAM_3D,22.766666666666666,593631,18116.180419921875,636,19.4091796875,51.522012578616355,24,0.732421875,612,18.6767578125,0,0.0,0x8B4C3E5A,3069,1262,1081,11.98828125,4.9296875,4.22265625,1,0x10,0,0,0,0,0,1,0,0,-1,0,,,,,,,,,,,,,,,,,,,,,,
683,10,FREECAM_3D,22.8,594266,18135.55908203125,635,19.378662109375,51.60314960629921,23,0.701904296875,612,18.6767578125,0,0.0,0x8B4C3E5A,3069,1262,1081,11.98828125,4.9296875,4.22265625,1,0x10,0,0,0,0,0,1,0,0,-1,0,,,,,,,,,,,,,,,,,,,,,,
684,10,FREECAM_3D,22.833333333333332,594901,18154.937744140625,635,19.378662109375,51.60314960629921,23,0.701904296875,612,18.6767578125,0,0.0,0x8B4C3E5A,3069,1262,1081,11.98828125,4.9296875,4.22265625,1,0x10,0,0,0,0,0,1,0,0,-1,0,,,,,,,,,,,,,,,,,,,,,,
685,10,FREECAM_3D,22.866666666666667,595537,18174.346923828125,636,19.4091796875,51.522012578616355,23,0.701904296875,612,18.6767578125,1,0.030517578125,0x8B4C3E5A,3069,1262,1081,11.98828125,4.9296875,4.22265625,1,0x10,0,0,0,0,0,1,0,0,-1,0,,,,,,,,,,,,,,,,,,,,,,
686,10,FREECAM_3D,22.9,596173,18193.756103515625,636,19.4091796875,51.522012578616355,23,0.701904296875,612,18.6767578125,1,0.030517578125,0x8B4C3E5A,3069,1262,1081,11.98828125,4.9296875,4.22265625,1,0x10,0,0,0,0,0,1,0,0,-1,0,,,,,,,,,,,,,,,,,,,,,,
687,10,FREECAM_3D,22.933333333333334,596809,18213.165283203125,636,19.4091796875,51.522012578616355,24,0.732421875,612,18.6767578125,0,0.0,0x8B4C3E5A,3069,1262,1081,11.98828125,4.9296875,4.22265625,1,0x10,0,0,0,0,0,1,0,0,-1,0,,,,,,,,,,,,,,,,,,,,,,
688,10,FREECAM_3D,22.966666666666665,597444,18232.5439453125,635,19.378662109375,51.60314960629921,23,0.701904296875,612,18.6767578125,0,0.0,0x8B4C3E5A,3069,1262,1081,11.98828125,4.9296875,4.22265625,1,0x10,0,0,0,0,0,1,0,0,-1,0,,,,,,,,,,,,,,,,,,,,,,
689,10,FREECAM_3D,23.0,598080,18251.953125,636,19.4091796875,51.522012578616355,23,0.701904296875,612,18.6767578125,1,0.030517578125,0x8B4C3E5A,3069,1262,1081,11.98828125,4.9296875,4.22265625,1,0x10,0,0,0,0,0,1,0,0,-1,0,,,,,,,,,,,,,,,,,,,,,,
690,10,FREECAM_3D,23.033333333333335,598716,18271.3623046875,636,19.4091796875,51.522012578616355,23,0.701904296875,612,18.6767578125,1,0.030517578125,0x8B4C3E5A,3069,1262,1081,11.98828125,4.9296875,4.22265625,1,0x10,0,0,0,0,0,1,0,0,-1,0,,,,,,,,,,,,,,,,,,,,,,
691,10,FREECAM_3D,23.066666666666666,599352,18290.771484375,636,19.4091796875,51.522012578616355,24,0.732421875,612,18.6767578125,0,0.0,0x8B4C3E5A,3069,1262,1081,11.98828125,4.9296875,4.22265625,1,0x10,0,0,0,0,0,1,0,0,-1,0,,,,,,,,,,,,,,,,,,,,,,
692,10,FREECAM_3D,23.1,599987,18310.150146484375,635,19.378662109375,51.60314960629921,23,0.701904296875,612,18.6767578125,0,0.0,0x8B4C3E5A,3069,1262,1081,11.98828125,4.9296875,4.22265625,1,0x10,0,0,0,0,0,1,0,0,-1,0,,,,,,,,,,,,,,,,,,,,,,
693,10,FREECAM_3D,23.133333333333333,600623,18329.559326171875,636,19.4091796875,51.522012578616355,23,0.701904296875,612,18.6767578125,1,0.030517578125,0x8B4C3E5A,3069,1262,1081,11.98828125,4.9296875,4.22265625,1,0x10,0,0,0,0,0,1,0,0,-1,0,,,,,,,,,,,,,,,,,,,,,,
694,10,FREECAM_3D,23.166666666666668,601259,18348.968505859375,636,19.4091796875,51.522012578616355,23,0.701904296875,612,18.6767578125,1,0.030517578125,0x8B4C3E5A,3069,1262,1081,11.98828125,4.9296875,4.22265625,1,0x10,0,0,0,0,0,1,0,0,-1,0,,,,,,,,,,,,,,,,,,,,,,
695,10,FREECAM_3D,23.2,601895,18368.377685546875,636,19.4091796875,51.522012578616355,24,0.732421875,612,18.6767578125,0,0.0,0x8B4C3E5A,3069,1262,1081,11.98828125,4.9296875,4.22265625,1,0x10,0,0,0,0,0,1,0,0,-1,0,,,,,,,,,,,,,,,,,,,,,,
696,10,FREECAM_3D,23.233333333333334,602530,18387.75634765625,635,19.378662109375,51.60314960629921,23,0.701904296875,612,18.6767578125,0,0.0,0x8B4C3E5A,3069,1262,1081,11.98828125,4.9296875,4.22265625,1,0x10,0,0,0,0,0,1,0,0,-1,0,,,,,,,,,,,,,,,,,,,,,,
697,10,FREECAM_3D,23.266666666666666,603165,18407.135009765625,635,19.378662109375,51.60314960629921,23,0.701904296875,612,18.6767578125,0,0.0,0x8B4C3E5A,3069,1262,1081,11.98828125,4.9296875,4.22265625,1,0x10,0,0,0,0,0,1,0,0,-1,0,,,,,,,,,,,,,,,,,,,,,,
698,10,FREECAM_3D,23.3,603801,18426.544189453125,636,19.4091796875,51.522012578616355,23,0.701904296875,612,18.6767578125,1,0.030517578125,0x8B4C3E5A,3069,1262,1081,11.98828125,4.9296875,4.22265625,1,0x10,0,0,0,0,0,1,0,0,-1,0,,,,,,,,,,,,,,,,,,,,,,
699,10,FREECAM_3D,23.333333333333332,604437,18445.953369140625,636,19.4091796875,51.522012578616355,23,0.701904296875,612,18.6767578125,1,0.030517578125,0x8B4C3E5A,3069,1262,1081,11.98828125,4.9296875,4.22265625,1,0x10,0,0,0,0,0,1,0,0,-1,0,,,,,,,,,,,,,,,,,,,,,,
700,10,FREECAM_3D,23.366666666666667,605073,18465.362548828125,636,19.4091796875,51.522012578616355,24,0.732421875,612,18.6767578125,0,0.0,0x8B4C3E5A,3069,1262,1081,11.98828125,4.9296875,4.22265625,1,0x10,0,0,0,0,0,1,0,0,-1,0,,,,,,,,,,,,,,,,,,,,,,
701,10,FREECAM_3D,23.4,605708,18484.7412109375,635,19.378662109375,51.60314960629921,23,0.701904296875,612,18.6767578125,0,0.0,0x8B4C3E5A,3069,1262,1081,11.98828125,4.9296875,4.22265625,1,0x10,0,0,0,0,0,1,0,0,-1,0,,,,,,,,,,,,,,,,,,,,,,
702,10,FREECAM_3D,23.433333333333334,606344,18504.150390625,636,19.4091796875,51.522012578616355,23,0.701904296875,612,18.6767578125,1,0.030517578125,0x8B4C3E5A,3069,1262,1081,11.98828125,4.9296875,4.22265625,1,0x10,0,0,0,0,0,1,0,0,-1,0,,,,,,,,,,,,,,,,,,,,,,
703,10,FREECAM_3D,23.466666666666665,606980,18523.5595703125,636,19.4091796875,51.522012578616355,23,0.701904296875,612,18.6767578125,1,0.030517578125,0x8B4C3E5A,3069,1262,1081,11.98828125,4.9296875,4.22265625,1,0x10,0,0,0,0,0,1,0,0,-1,0,,,,,,,,,,,,,,,,,,,,,,
704,10,FREECAM_3D,23.5,607616,18542.96875,636,19.4091796875,51.522012578616355,24,0.732421875,612,18.6767578125,0,0.0,0x8B4C3E5A,3069,1262,1081,11.98828125,4.9296875,4.22265625,1,0x10,0,0,0,0,0,1,0,0,-1,0,,,,,,,,,,,,,,,,,,,,,,
705,10,FREECAM_3D,23.533333333333335,608251,18562.347412109375,635,19.378662109375,51.60314960629921,23,0.701904296875,612,18.6767578125,0,0.0,0x8B4C3E5A,3069,1262,1081,11.98828125,4.9296875,4.22265625,1,0x10,0,0,0,0,0,1,0,0,-1,0,,,,,,,,,,,,,,,,,,,,,,
706,10,FREECAM_3D,23.566666666666666,608887,18581.756591796875,636,19.4091796875,51.522012578616355,23,0.701904296875,612,18.6767578125,1,0.030517578125,0x8B4C3E5A,3069,1262,1081,11.98828125,4.9296875,4.22265625,1,0x10,0,0,0,0,0,1,0,0,-1,0,,,,,,,,,,,,,,,,,,,,,,
707,10,FREECAM_3D,23.6,609523,18601.165771484375,636,19.4091796875,51.522012578616355,23,0.701904296875,612,18.6767578125,1,0.030517578125,0x8B4C3E5A,3069,1262,1081,11.98828125,4.9296875,4.22265625,1,0x10,0,0,0,0,0,1,0,0,-1,0,,,,,,,,,,,,,,,,,,,,,,
708,10,FREECAM_3D,23.633333333333333,610159,18620.574951171875,636,19.4091796875,51.522012578616355,24,0.732421875,612,18.6767578125,0,0.0,0x8B4C3E5A,3069,1262,1081,11.98828125,4.9296875,4.22265625,1,0x10,0,0,0,0,0,1,0,0,-1,0,,,,,,,,,,,,,,,,,,,,,,
709,10,FREECAM_3D,23.666666666666668,610794,18639.95361328125,635,19.378662109375,51.60314960629921,23,0.701904296875,612,18.6767578125,0,0.0,0x8B4C3E5A,3069,1262,1081,11.98828125,4.9296875,4.22265625,1,0x10,0,0,0,0,0,1,0,0,-1,0,,,,,,,,,,,,,,,,,,,,,,
710,10,FREECAM_3D,23.7,611464,18660.400390625,670,20.44677734375,48.907462686567165,28,0.8544921875,642,19.59228515625,0,0.0,0xD6FA1B1C,3069,1262,1081,11.98828125,4.9296875,4.22265625,1,0x14,0,0,0,1,0,1,0,0,1,0,,,,,,,,,,,,,,,,,,,,,,
711,10,FREECAM_3D,23.733333333333334,612147,18681.243896484375,683,20.843505859375,47.97657393850659,28,0.8544921875,654,19.95849609375,1,0.030517578125,0x97B6A86E,3069,1262,1081,11.98828125,4.9296875,4.22265625,1,0x14,0,0,0,1,0,1,0,0,1,0,,,,,,,,,,,,,,,,,,,,,,
712,10,FREECAM_3D,23.766666666666666,612864,18703.125,717,21.881103515625,45.701534170153415,27,0.823974609375,690,21.05712890625,0,0.0,0xB16D2C2A,3069,1262,1081,11.98828125,4.9296875,4.22265625,1,0x14,0,0,0,1,0,1,0,0,1,0,,,,,,,,,,,,,,,,,,,,,,
713,10,FREECAM_3D,23.8,613590,18725.28076171875,726,22.15576171875,45.13498622589532,27,0.823974609375,699,21.331787109375,0,0.0,0x99232FBD,3069,1262,1081,11.98828125,4.9296875,4.22265625,1,0x14,0,0,0,1,0,1,0,0,1,0,,,,,,,,,,,,,,,,,,,,,,
714,10,FREECAM_3D,23.833333333333332,614331,18747.894287109375,741,22.613525390625,44.22132253711201,28,0.8544921875,713,21.759033203125,0,0.0,0x87F93679,3069,1262,1081,11.98828125,4.9296875,4.22265625,1,0x14,0,0,0,1,0,1,0,0,1,0,,,,,,,,,,,,,,,,,,,,,,
715,10,FREECAM_3D,23.866666666666667,615121,18772.003173828125,790,24.10888671875,41.47848101265823,27,0.823974609375,762,23.25439453125,1,0.030517578125,0x58F5109B,3069,1262,1081,11.98828125,4.9296875,4.22265625,1,0x14,0,0,0,1,0,1,0,0,1,0,,,,,,,,,,,,,,,,,,,,,,
716,10,FREECAM_3D,23.9,615932,18796.7529296875,811,24.749755859375,40.40443896424168,28,0.8544921875,783,23.895263671875,0,0.0,0xAE96CAD8,3069,1262,1081,11.98828125,4.9296875,4.22265625,1,0x14,0,0,0,1,0,1,0,0,1,0,,,,,,,,,,,,,,,,,,,,,,
717,10,FREECAM_3D,23.933333333333334,616772,18822.3876953125,840,25.634765625,39.00952380952381,27,0.823974609375,812,24.7802734375,1,0.030517578125,0xA3747F26,3069,1262,1081,11.98828125,4.9296875,4.22265625,1,0x14,0,0,0,1,0,1,0,0,1,0,,,,,,,,,,,,,,,,,,,,,,
718,10,FREECAM_3D,23.966666666666665,617627,18848.480224609375,855,26.092529296875,38.32514619883041,27,0.823974609375,827,25.238037109375,1,0.030517578125,0xC7FFADCF,3069,1262,1081,11.98828125,4.9296875,4.22265625,1,0x14,0,0,0,1,0,1,0,0,1,0,,,,,,,,,,,,,,,,,,,,,,
719,10,FREECAM_3D,24.0,618508,18875.3662109375,881,26.885986328125,37.19409761634506,27,0.823974609375,854,26.06201171875,0,0.0,0xA44C425B,3069,1262,1081,11.98828125,4.9296875,4.22265625,1,0x14,0,0,0,1,0,1,0,0,1,0,,,,,,,,,,,,,,,,,,,,,,
720,10,FREECAM_3D,24.033333333333335,619396,18902.4658203125,888,27.099609375,36.9009009009009,27,0.823974609375,861,26.275634765625,0,0.0,0xF20D7777,3069,1262,1081,11.98828125,4.9296875,4.22265625,1,0x14,0,0,0,1,0,1,0,0,1,0,,,,,,,,,,,,,,,,,,,,,,
721,10,FREECAM_3D,24.066666666666666,620281,18929.473876953125,885,27.008056640625,37.02598870056497,28,0.8544921875,857,26.153564453125,0,0.0,0x1D68886C,3069,1262,1081,11.98828125,4.9296875,4.22265625,1,0x14,0,0,0,1,0,1,0,0,1,0,,,,,,,,,,,,,,,,,,,,,,
722,10,FREECAM_3D,24.1,621106,18954.65087890625,825,25.177001953125,39.71878787878788,28,0.8544921875,796,24.2919921875,1,0.030517578125,0x65DFB05A,3069,1262,1081,11.98828125,4.9296875,4.22265625,1,0x14,0,0,0,1,0,1,0,0,1,0,,,,,,,,,,,,,,,,,,,,,,
723,10,FREECAM_3D,24.133333333333333,621947,18980.316162109375,841,25.665283203125,38.96313912009512,28,0.8544921875,813,24.810791015625,0,0.0,0x7EDEF92F,3069,1262,1081,11.98828125,4.9296875,4.22265625,1,0x14,0,0,0,1,0,1,0,0,1,0,,,,,,,,,,,,,,,,,,,,,,
724,10,FREECAM_3D,24.166666666666668,622721,19003.936767578125,774,23.62060546875,42.3359173126615,28,0.8544921875,746,22.76611328125,0,0.0,0x4310EEA4,3069,1262,1081,11.98828125,4.9296875,4.22265625,1,0x14,0,0,0,1,0,1,0,0,1,0,,,,,,,,,,,,,,,,,,,,,,
725,10,FREECAM_3D,24.2,623492,19027.4658203125,771,23.529052734375,42.50064850843061,28,0.8544921875,742,22.64404296875,1,0.030517578125,0x757DE4F2,3069,1262,1081,11.98828125,4.9296875,4.22265625,1,0x14,0,0,0,1,0,1,0,0,1,0,,,,,,,,,,,,,,,,,,,,,,
726,10,FREECAM_3D,24.233333333333334,624247,19050.506591796875,755,23.040771484375,43.40132450331126,27,0.823974609375,728,22.216796875,0,0.0,0x7496D160,3069,1262,1081,11.98828125,4.9296875,4.22265625,1,0x14,0,0,0,1,0,1,0,0,1,0,,,,,,,,,,,,,,,,,,,,,,
727,10,FREECAM_3D,24.266666666666666,625000,19073.486328125,753,22.979736328125,43.51660026560425,28,0.8544921875,725,22.125244140625,0,0.0,0x0F828D67,3069,1262,1081,11.98828125,4.9296875,4.22265625,1,0x14,0,0,0,1,0,1,0,0,1,0,,,,,,,,,,,,,,,,,,,,,,
728,10,FREECAM_3D,24.3,625749,19096.343994140625,749,22.857666015625,43.748998664886514,28,0.8544921875,720,21.97265625,1,0.030517578125,0x75381BF2,3069,1262,1081,11.98828125,4.9296875,4.22265625,1,0x14,0,0,0,1,0,1,0,0,1,0,,,,,,,,,,,,,,,,,,,,,,
729,10,FREECAM_3D,24.333333333333332,626496,19119.140625,747,22.796630859375,43.866131191432395,28,0.8544921875,718,21.91162109375,1,0.030517578125,0xBA858160,3069,1262,1081,11.98828125,4.9296875,4.22265625,1,0x14,0,0,0,1,0,1,0,0,1,0,,,,,,,,,,,,,,,,,,,,,,
730,10,FREECAM_3D,24.366666666666667,627287,19143.280029296875,791,24.139404296875,41.42604298356511,28,0.8544921875,763,23.284912109375,0,0.0,0x301ECFFF,3069,1262,1081,11.98828125,4.9296875,4.22265625,1,0x14,0,0,0,1,0,1,0,0,1,0,,,,,,,,,,,,,,,,,,,,,,
731,10,FREECAM_3D,24.4,628083,19167.572021484375,796,24.2919921875,41.165829145728644,27,0.823974609375,768,23.4375,1,0.030517578125,0x1CAD1FE7,3069,1262,1081,11.98828125,4.9296875,4.22265625,1,0x14,0,0,0,1,0,1,0,0,1,0,,,,,,,,,,,,,,,,,,,,,,
732,10,FREECAM_3D,24.433333333333334,628874,19191.71142578125,791,24.139404296875,41.42604298356511,27,0.823974609375,764,23.3154296875,0,0.0,0x125C255F,3069,1262,1081,11.98828125,4.9296875,4.22265625,1,0x14,0,0,0,1,0,1,0,0,1,0,,,,,,,,,,,,,,,,,,,,,,
733,10,FREECAM_3D,24.466666666666665,629734,19217.95654296875,860,26.2451171875,38.10232558139535,27,0.823974609375,832,25.390625,1,0.030517578125,0x351999EE,3069,1262,1081,11.98828125,4.9296875,4.22265625,1,0x14,0,0,0,1,0,1,0,0,1,0,,,,,,,,,,,,,,,,,,,,,,
734,10,FREECAM_3D,24.5,630607,19244.598388671875,873,26.641845703125,37.534936998854526,27,0.823974609375,846,25.81787109375,0,0.0,0xAC17D57C,3069,1262,1081,11.98828125,4.9296875,4.22265625,1,0x14,0,0,0,1,0,1,0,0,1,0,,,,,,,,,,,,,,,,,,,,,,
735,10,FREECAM_3D,24.533333333333335,631504,19271.97265625,897,27.374267578125,36.53065774804905,27,0.823974609375,869,26.519775390625,1,0.030517578125,0x9AB97DEB,3069,1262,1081,11.98828125,4.9296875,4.22265625,1,0x14,0,0,0,1,0,1,0,0,1,0,,,,,,,,,,,,,,,,,,,,,,
736,10,FREECAM_3D,24.566666666666666,632507,19302.581787109375,1003,30.609130859375,32.66999002991027,28,0.8544921875,975,29.754638671875,0,0.0,0x9F0DFB31,3069,1262,1081,11.98828125,4.9296875,4.22265625,1,0x14,0,0,0,1,0,1,0,0,1,0,,,,,,,,,,,,,,,,,,,,,,
737,10,FREECAM_3D,24.6,633537,19334.014892578125,1030,31.43310546875,31.813592233009707,27,0.823974609375,1003,30.609130859375,0,0.0,0x71DCCEE5,3069,1262,1081,11.98828125,4.9296875,4.22265625,1,0x14,0,0,0,1,0,1,0,0,1,0,,,,,,,,,,,,,,,,,,,,,,
738,10,FREECAM_3D,24.633333333333333,634570,19365.53955078125,1033,31.524658203125,31.721200387221685,28,0.8544921875,1005,30.670166015625,0,0.0,0xA5FAE12A,3069,1262,1081,11.98828125,4.9296875,4.22265625,1,0x14,0,0,0,1,0,1,0,0,1,0,,,,,,,,,,,,,,,,,,,,,,
739,10,FREECAM_3D,24.666666666666668,635664,19398.92578125,1094,33.38623046875,29.952468007312614,28,0.8544921875,1065,32.501220703125,1,0.030517578125,0xA5318462,3069,1262,1081,11.98828125,4.9296875,4.22265625,1,0x14,0,0,0,1,0,1,0,0,1,0,,,,,,,,,,,,,,,,,,,,,,
740,10,FREECAM_3D,24.7,636850,19435.11962890625,1186,36.19384765625,27.62900505902192,28,0.8544921875,1158,35.33935546875,0,0.0,0x0F056F37,3069,1262,1081,11.98828125,4.9296875,4.22265625,1,0x14,0,0,0,1,0,1,0,0,1,0,,,,,,,,,,,,,,,,,,,,,,
741,10,FREECAM_3D,24.733333333333334,638049,19471.710205078125,1199,36.590576171875,27.329441201000833,28,0.8544921875,1170,35.70556640625,1,0.030517578125,0x3DD7AA69,3069,1262,1081,11.98828125,4.9296875,4.22265625,1,0x14,0,0,0,1,0,1,0,0,1,0,,,,,,,,,,,,,,,,,,,,,,
742,10,FREECAM_3D,24.766666666666666,639305,19510.040283203125,1256,38.330078125,26.089171974522294,27,0.823974609375,1229,37.506103515625,0,0.0,0xE75BFEC1,3069,1262,1081,11.98828125,4.9296875,4.22265625,1,0x14,0,0,0,1,0,1,0,0,1,0,,,,,,,,,,,,,,,,,,,,,,
743,10,FREECAM_3D,24.8,640630,19550.47607421875,1325,40.435791015625,24.730566037735848,28,0.8544921875,1297,39.581298828125,0,0.0,0xD5D21860,3069,1262,1081,11.98828125,4.9296875,4.22265625,1,0x14,0,0,0,1,0,1,0,0,1,0,,,,,,,,,,,,,,,,,,,,,,
744,10,FREECAM_3D,24.833333333333332,641996,19592.1630859375,1366,41.68701171875,23.988286969253295,27,0.823974609375,1339,40.863037109375,0,0.0,0x95EDCE06,3069,1262,1081,11.98828125,4.9296875,4.22265625,1,0x14,0,0,0,1,0,1,0,0,1,0,,,,,,,,,,,,,,,,,,,,,,
745,10,FREECAM_3D,24.866666666666667,643417,19635.528564453125,1421,43.365478515625,23.05981703026038,27,0.823974609375,1394,42.54150390625,0,0.0,0x63CE50E1,3069,1262,1081,11.98828125,4.9296875,4.22265625,1,0x14,0,0,0,1,0,1,0,0,1,0,,,,,,,,,,,,,,,,,,,,,,
746,10,FREECAM_3D,24.9,644869,19679.840087890625,1452,44.3115234375,22.56749311294766,27,0.823974609375,1425,43.487548828125,0,0.0,0x6BFB6151,3069,1262,1081,11.98828125,4.9296875,4.22265625,1,0x14,0,0,0,1,0,1,0,0,1,0,,,,,,,,,,,,,,,,,,,,,,
747,10,FREECAM_3D,24.933333333333334,646345,19724.884033203125,1476,45.0439453125,22.200542005420054,27,0.823974609375,1449,44.219970703125,0,0.0,0xBC1EDF23,3069,1262,1081,11.98828125,4.9296875,4.22265625,1,0x14,0,0,0,1,0,1,0,0,1,0,,,,,,,,,,,,,,,,,,,,,,
748,10,FREECAM_3D,24.966666666666665,647854,19770.93505859375,1509,46.051025390625,21.71504307488403,27,0.823974609375,1482,45.22705078125,0,0.0,0xF7C30E54,3069,1262,1081,11.98828125,4.9296875,4.22265625,1,0x14,0,0,0,1,0,1,0,0,1,0,,,,,,,,,,,,,,,,,,,,,,
749,10,FREECAM_3D,25.0,649385,19817.657470703125,1531,46.722412109375,21.40300457217505,27,0.823974609375,1504,45.8984375,0,0.0,0x4540FC6A,3069,1262,1081,11.98828125,4.9296875,4.22265625,1,0x14,0,0,0,1,0,1,0,0,1,0,,,,,,,,,,,,,,,,,,,,,,
750,10,FREECAM_3D,25.033333333333335,650940,19865.1123046875,1555,47.454833984375,21.07266881028939,28,0.8544921875,1527,46.600341796875,0,0.0,0x06815C15,3069,1262,1081,11.98828125,4.9296875,4.22265625,1,0x14,0,0,0,1,0,1,0,0,1,0,,,,,,,,,,,,,,,,,,,,,,
751,10,FREECAM_3D,25.066666666666666,652539,19913.909912109375,1599,48.797607421875,20.492808005003127,28,0.8544921875,1571,47.943115234375,0,0.0,0x7CE2CE39,3069,1262,1081,11.98828125,4.9296875,4.22265625,1,0x14,0,0,0,1,0,1,0,0,1,0,,,,,,,,,,,,,,,,,,,,,,
752,10,FREECAM_3D,25.1,654161,19963.409423828125,1622,49.49951171875,20.20221948212084,27,0.823974609375,1595,48.675537109375,0,0.0,0x0BF6A32B,3069,1262,1081,11.98828125,4.9296875,4.22265625,1,0x14,0,0,0,1,0,1,0,0,1,0,,,,,,,,,,,,,,,,,,,,,,
753,10,FREECAM_3D,25.133333333333333,655755,20012.054443359375,1594,48.64501953125,20.557089084065243,28,0.8544921875,1565,47.760009765625,1,0.030517578125,0xD06752C8,3069,1262,1081,11.98828125,4.9296875,4.22265625,1,0x14,0,0,0,1,0,1,0,0,1,0,,,,,,,,,,,,,,,,,,,,,,
754,10,FREECAM_3D,25.166666666666668,657407,20062.469482421875,1652,50.4150390625,19.83535108958838,28,0.8544921875,1624,49.560546875,0,0.0,0x48A2917A,3069,1262,1081,11.98828125,4.9296875,4.22265625,1,0x14,0,0,0,1,0,1,0,0,1,0,,,,,,,,,,,,,,,,,,,,,,
755,10,FREECAM_3D,25.2,659033,20112.091064453125,1626,49.62158203125,20.152521525215253,27,0.823974609375,1599,48.797607421875,0,0.0,0x8CC51F67,3069,1262,1081,11.98828125,4.9296875,4.22265625,1,0x14,0,0,0,1,0,1,0,0,1,0,,,,,,,,,,,,,,,,,,,,,,
756,10,FREECAM_3D,25.233333333333334,660669,20162.017822265625,1636,49.9267578125,20.029339853300733,28,0.8544921875,1608,49.072265625,0,0.0,0xA8F28D70,3069,1262,1081,11.98828125,4.9296875,4.22265625,1,0x14,0,0,0,1,0,1,0,0,1,0,,,,,,,,,,,,,,,,,,,,,,
757,10,FREECAM_3D,25.266666666666666,662314,20212.21923828125,1645,50.201416015625,19.919756838905776,27,0.823974609375,1618,49.37744140625,0,0.0,0xD7079BC0,3069,1262,1081,11.98828125,4.9296875,4.22265625,1,0x14,0,0,0,1,0,1,0,0,1,0,,,,,,,,,,,,,,,,,,,,,,
758,10,FREECAM_3D,25.3,663912,20260.986328125,1598,48.76708984375,20.505632040050063,20,0.6103515625,1577,48.126220703125,1,0.030517578125,0x9F11FE28,3069,1262,1102,11.98828125,4.9296875,4.3046875,1,0x14,0,0,0,1,0,1,0,0,0,1,,,,,,,,,,,,,,,,,,,,,,
759,10,FREECAM_3D,25.333333333333332,665443,20307.708740234375,1531,46.722412109375,21.40300457217505,19,0.579833984375,1512,46.142578125,0,0.0,0xFE201391,3069,1262,1123,11.98828125,4.9296875,4.38671875,1,0x14,0,0,0,1,0,1,0,0,0,1,,,,,,,,,,,,,,,,,,,,,,
760,10,FREECAM_3D,25.366666666666667,666953,20353.790283203125,1510,46.08154296875,21.70066225165563,20,0.6103515625,1490,45.47119140625,0,0.0,0x8D970B6E,3069,1262,1144,11.98828125,4.9296875,4.46875,1,0x14,0,0,0,1,0,1,0,0,0,1,,,,,,,,,,,,,,,,,,,,,,
761,10,FREECAM_3D,25.4,668449,20399.444580078125,1496,45.654296875,21.90374331550802,20,0.6103515625,1475,45.013427734375,1,0.030517578125,0xD10F39AF,3069,1262,1165,11.98828125,4.9296875,4.55078125,1,0x14,0,0,0,1,0,1,0,0,0,1,,,,,,,,,,,,,,,,,,,,,,
762,10,FREECAM_3D,25.433333333333334,669923,20444.427490234375,1474,44.98291015625,22.230664857530527,19,0.579833984375,1454,44.37255859375,1,0.030517578125,0x2CA7BF24,3069,1262,1186,11.98828125,4.9296875,4.6328125,1,0x14,0,0,0,1,0,1,0,0,0,1,,,,,,,,,,,,,,,,,,,,,,
763,10,FREECAM_3D,25.466666666666665,670818,20471.74072265625,895,27.313232421875,36.61229050279329,20,0.6103515625,875,26.702880859375,0,0.0,0x85D9FFED,3069,1262,1207,11.98828125,4.9296875,4.71484375,1,0x14,0,0,0,1,0,1,0,0,0,1,,,,,,,,,,,,,,,,,,,,,,
764,10,FREECAM_3D,25.5,672653,20527.740478515625,1835,55.999755859375,17.857220708446867,301,9.185791015625,1533,46.783447265625,1,0.030517578125,0x60949FFC,3,2468,402,0.01171875,9.640625,1.5703125,0,0x15,0,0,1,1,0,1,0,0,0,1,,,,,,,,,,,,,,,,,,,,,,
765,10,FREECAM_3D,25.533333333333335,674194,20574.76806640625,1541,47.027587890625,21.26411421155094,19,0.579833984375,1521,46.417236328125,1,0.030517578125,0x7D2C2957,3,2468,423,0.01171875,9.640625,1.65234375,0,0x14,0,0,0,1,0,1,0,0,0,1,,,,,,,,,,,,,,,,,,,,,,
766,10,FREECAM_3D,25.566666666666666,675035,20600.433349609375,841,25.665283203125,38.96313912009512,19,0.579833984375,821,25.054931640625,1,0.030517578125,0xAF34DCD8,3,2468,444,0.01171875,9.640625,1.734375,0,0x14,0,0,0,1,0,1,0,0,0,1,,,,,,,,,,,,,,,,,,,,,,
767,10,FREECAM_3D,25.6,675876,20626.0986328125,841,25.665283203125,38.96313912009512,19,0.579833984375,822,25.08544921875,0,0.0,0xC2DBAE89,3,2468,465,0.01171875,9.640625,1.81640625,0,0x14,0,0,0,1,0,1,0,0,0,1,,,,,,,,,,,,,,,,,,,,,,
768,10,FREECAM_3D,25.633333333333333,676712,20651.611328125,836,25.5126953125,39.196172248803826,20,0.6103515625,816,24.90234375,0,0.0,0xEF5FB53A,3,2468,486,0.01171875,9.640625,1.8984375,0,0x14,0,0,0,1,0,1,0,0,0,1,,,,,,,,,,,,,,,,,,,,,,
769,10,FREECAM_3D,25.666666666666668,677547,20677.093505859375,835,25.482177734375,39.24311377245509,19,0.579833984375,816,24.90234375,0,0.0,0xFE92F063,3,2468,507,0.01171875,9.640625,1.98046875,0,0x14,0,0,0,1,0,1,0,0,0,1,,,,,,,,,,,,,,,,,,,,,,
770,10,FREECAM_3D,25.7,678380,20702.5146484375,833,25.421142578125,39.33733493397359,19,0.579833984375,814,24.84130859375,0,0.0,0xCAC6071D,3,2468,528,0.01171875,9.640625,2.0625,0,0x14,0,0,0,1,0,1,0,0,0,1,,,,,,,,,,,,,,,,,,,,,,
771,10,FREECAM_3D,25.733333333333334,679217,20728.057861328125,837,25.543212890625,39.14934289127837,20,0.6103515625,817,24.932861328125,0,0.0,0xAB0FE09C,3,2468,549,0.01171875,9.640625,2.14453125,0,0x14,0,0,0,1,0,1,0,0,0,1,,,,,,,,,,,,,,,,,,,,,,
772,10,FREECAM_3D,25.766666666666666,680048,20753.41796875,831,25.360107421875,39.43200962695548,20,0.6103515625,811,24.749755859375,0,0.0,0x6E0C8873,3,2468,570,0.01171875,9.640625,2.2265625,0,0x14,0,0,0,1,0,1,0,0,0,1,,,,,,,,,,,,,,,,,,,,,,
773,10,FREECAM_3D,25.8,680876,20778.6865234375,828,25.2685546875,39.57487922705314,20,0.6103515625,807,24.627685546875,1,0.030517578125,0x44E06012,3,2468,591,0.01171875,9.640625,2.30859375,0,0x14,0,0,0,1,0,1,0,0,0,1,,,,,,,,,,,,,,,,,,,,,,
774,10,FREECAM_3D,25.833333333333332,681703,20803.924560546875,827,25.238037109375,39.62273276904474,20,0.6103515625,807,24.627685546875,0,0.0,0x40A22339,3,2468,612,0.01171875,9.640625,2.390625,0,0x14,0,0,0,1,0,1,0,0,0,1,,,,,,,,,,,,,,,,,,,,,,
775,10,FREECAM_3D,25.866666666666667,682529,20829.132080078125,826,25.20751953125,39.67070217917676,20,0.6103515625,805,24.566650390625,1,0.030517578125,0x80883878,3,2468,633,0.01171875,9.640625,2.47265625,0,0x14,0,0,0,1,0,1,0,0,0,1,,,,,,,,,,,,,,,,,,,,,,
776,10,FREECAM_3D,25.9,683350,20854.18701171875,821,25.054931640625,39.91230207064555,20,0.6103515625,801,24.444580078125,0,0.0,0x74684B0F,3,2468,654,0.01171875,9.640625,2.5546875,0,0x14,0,0,0,1,0,1,0,0,0,1,,,,,,,,,,,,,,,,,,,,,,
777,10,FREECAM_3D,25.933333333333334,684173,20879.302978515625,823,25.115966796875,39.81530984204131,20,0.6103515625,803,24.505615234375,0,0.0,0x65B5D9EE,3,2468,675,0.01171875,9.640625,2.63671875,0,0x14,0,0,0,1,0,1,0,0,0,1,,,,,,,,,,,,,,,,,,,,,,
778,10,FREECAM_3D,25.966666666666665,684993,20904.327392578125,820,25.0244140625,39.9609756097561,20,0.6103515625,800,24.4140625,0,0.0,0x1E6F2665,3,2468,696,0.01171875,9.640625,2.71875,0,0x14,0,0,0,1,0,1,0,0,0,1,,,,,,,,,,,,,,,,,,,,,,
779,10,FREECAM_3D,26.0,685810,20929.26025390625,817,24.932861328125,40.10771113831089,20,0.6103515625,797,24.322509765625,0,0.0,0xBB8A8BE4,3,2468,717,0.01171875,9.640625,2.80078125,0,0x14,0,0,0,1,0,1,0,0,0,1,,,,,,,,,,,,,,,,,,,,,,
780,10,FREECAM_3D,26.033333333333335,686625,20954.132080078125,815,24.871826171875,40.206134969325156,20,0.6103515625,795,24.261474609375,0,0.0,0xDB7816DB,3,2468,738,0.01171875,9.640625,2.8828125,0,0x14,0,0,0,1,0,1,0,0,0,1,,,,,,,,,,,,,,,,,,,,,,
781,10,FREECAM_3D,26.066666666666666,687441,20979.034423828125,816,24.90234375,40.15686274509804,19,0.579833984375,797,24.322509765625,0,0.0,0x62D805FA,3,2468,759,0.01171875,9.640625,2.96484375,0,0x14,0,0,0,1,0,1,0,0,0,1,,,,,,,,,,,,,,,,,,,,,,
782,10,FREECAM_3D,26.1,688208,21002.44140625,767,23.406982421875,42.72229465449804,20,0.6103515625,746,22.76611328125,1,0.030517578125,0x65DFB648,3,2468,738,0.01171875,9.640625,2.8828125,0,0x14,0,0,0,1,0,1,0,0,0,1,,,,,,,,,,,,,,,,,,,,,,
783,10,FREECAM_3D,26.133333333333333,689027,21027.435302734375,819,24.993896484375,40.00976800976801,19,0.579833984375,800,24.4140625,0,0.0,0xF2845113,3,2468,717,0.01171875,9.640625,2.80078125,0,0x14,0,0,0,1,0,1,0,0,0,1,,,,,,,,,,,,,,,,,,,,,,
784,10,FREECAM_3D,26.166666666666668,689845,21052.398681640625,818,24.96337890625,40.05867970660147,20,0.6103515625,798,24.35302734375,0,0.0,0xCE7B014A,3,2468,696,0.01171875,9.640625,2.71875,0,0x14,0,0,0,1,0,1,0,0,0,1,,,,,,,,,,,,,,,,,,,,,,
785,10,FREECAM_3D,26.2,690664,21077.392578125,819,24.993896484375,40.00976800976801,19,0.579833984375,800,24.4140625,0,0.0,0x925B10E5,3,2468,675,0.01171875,9.640625,2.63671875,0,0x14,0,0,0,1,0,1,0,0,0,1,,,,,,,,,,,,,,,,,,,,,,
786,10,FREECAM_3D,26.233333333333334,691486,21102.47802734375,822,25.08544921875,39.86374695863747,20,0.6103515625,802,24.47509765625,0,0.0,0x5F5A5E4C,3,2468,654,0.01171875,9.640625,2.5546875,0,0x14,0,0,0,1,0,1,0,0,0,1,,,,,,,,,,,,,,,,,,,,,,
787,10,FREECAM_3D,26.266666666666666,692311,21127.655029296875,825,25.177001953125,39.71878787878788,20,0.6103515625,805,24.566650390625,0,0.0,0x1EC68647,3,2468,633,0.01171875,9.640625,2.47265625,0,0x14,0,0,0,1,0,1,0,0,0,1,,,,,,,,,,,,,,,,,,,,,,
788,10,FREECAM_3D,26.3,693136,21152.83203125,825,25.177001953125,39.71878787878788,20,0.6103515625,804,24.5361328125,1,0.030517578125,0xA9D9C03E,3,2468,612,0.01171875,9.640625,2.390625,0,0x14,0,0,0,1,0,1,0,0,0,1,,,,,,,,,,,,,,,,,,,,,,
789,10,FREECAM_3D,26.333333333333332,693964,21178.1005859375,828,25.2685546875,39.57487922705314,20,0.6103515625,807,24.627685546875,1,0.030517578125,0x3A53DC19,3,2468,591,0.01171875,9.640625,2.30859375,0,0x14,0,0,0,1,0,1,0,0,0,1,,,,,,,,,,,,,,,,,,,,,,
790,10,FREECAM_3D,26.366666666666667,694792,21203.369140625,828,25.2685546875,39.57487922705314,19,0.579833984375,809,24.688720703125,0,0.0,0x460FB860,3,2468,570,0.01171875,9.640625,2.2265625,0,0x14,0,0,0,1,0,1,0,0,0,1,,,,,,,,,,,,,,,,,,,,,,
791,10,FREECAM_3D,26.4,695623,21228.729248046875,831,25.360107421875,39.43200962695548,20,0.6103515625,810,24.71923828125,1,0.030517578125,0xF378EFAB,3,2468,549,0.01171875,9.640625,2.14453125,0,0x14,0,0,0,1,0,1,0,0,0,1,,,,,,,,,,,,,,,,,,,,,,
792,10,FREECAM_3D,26.433333333333334,696455,21254.119873046875,832,25.390625,39.38461538461539,20,0.6103515625,812,24.7802734375,0,0.0,0xE192D4A2,3,2468,528,0.01171875,9.640625,2.0625,0,0x14,0,0,0,1,0,1,0,0,0,1,,,,,,,,,,,,,,,,,,,,,,
793,10,FREECAM_3D,26.466666666666665,697293,21279.693603515625,838,25.57373046875,39.10262529832936,20,0.6103515625,818,24.96337890625,0,0.0,0xD0839570,3,2468,507,0.01171875,9.640625,1.98046875,0,0x14,0,0,0,1,0,1,0,0,0,1,,,,,,,,,,,,,,,,,,,,,,
794,10,FREECAM_3D,26.5,698129,21305.206298828125,836,25.5126953125,39.196172248803826,20,0.6103515625,816,24.90234375,0,0.0,0x0298A6A1,3,2468,486,0.01171875,9.640625,1.8984375,0,0x14,0,0,0,1,0,1,0,0,0,1,,,,,,,,,,,,,,,,,,,,,,
795,10,FREECAM_3D,26.533333333333335,698967,21330.780029296875,838,25.57373046875,39.10262529832936,20,0.6103515625,818,24.96337890625,0,0.0,0x96F755AE,3,2468,465,0.01171875,9.640625,1.81640625,0,0x14,0,0,0,1,0,1,0,0,0,1,,,,,,,,,,,,,,,,,,,,,,
796,10,FREECAM_3D,26.566666666666666,699802,21356.26220703125,835,25.482177734375,39.24311377245509,20,0.6103515625,815,24.871826171875,0,0.0,0x7B524AA7,3,2468,444,0.01171875,9.640625,1.734375,0,0x14,0,0,0,1,0,1,0,0,0,1,,,,,,,,,,,,,,,,,,,,,,
797,10,FREECAM_3D,26.6,700770,21385.80322265625,968,29.541015625,33.85123966942149,20,0.6103515625,947,28.900146484375,1,0.030517578125,0xF7553ED4,3,2468,423,0.01171875,9.640625,1.65234375,0,0x14,0,0,0,1,0,1,0,0,0,1,,,,,,,,,,,,,,,,,,,,,,
798,10,FREECAM_3D,26.633333333333333,701749,21415.679931640625,979,29.876708984375,33.4708886618999,19,0.579833984375,960,29.296875,0,0.0,0xFF87F2E5,3,2468,402,0.01171875,9.640625,1.5703125,0,0x14,0,0,0,1,0,1,0,0,0,1,,,,,,,,,,,,,,,,,,,,,,
799,10,FREECAM_3D,26.666666666666668,702720,21445.3125,971,29.632568359375,33.74665293511843,20,0.6103515625,950,28.99169921875,1,0.030517578125,0x8649B8B2,3,2468,381,0.01171875,9.640625,1.48828125,0,0x14,0,0,0,1,0,1,0,0,0,1,,,,,,,,,,,,,,,,,,,,,,
800,10,FREECAM_3D,26.7,703696,21475.09765625,976,29.78515625,33.57377049180328,20,0.6103515625,955,29.144287109375,1,0.030517578125,0xC0FA100B,3,2468,360,0.01171875,9.640625,1.40625,0,0x14,0,0,0,1,0,1,0,0,0,1,,,,,,,,,,,,,,,,,,,,,,
801,10,FREECAM_3D,26.733333333333334,704670,21504.82177734375,974,29.72412109375,33.64271047227926,19,0.579833984375,955,29.144287109375,0,0.0,0x95C89B68,3,2468,339,0.01171875,9.640625,1.32421875,0,0x14,0,0,0,1,0,1,0,0,0,1,,,,,,,,,,,,,,,,,,,,,,
802,10,FREECAM_3D,26.766666666666666,705646,21534.60693359375,976,29.78515625,33.57377049180328,20,0.6103515625,956,29.1748046875,0,0.0,0xE8578599,3,2468,318,0.01171875,9.640625,1.2421875,0,0x14,0,0,0,1,0,1,0,0,0,1,,,,,,,,,,,,,,,,,,,,,,
803,10,FREECAM_3D,26.8,706623,21564.422607421875,977,29.815673828125,33.53940634595701,20,0.6103515625,956,29.1748046875,1,0.030517578125,0x0F446DC6,3,2468,297,0.01171875,9.640625,1.16015625,0,0x14,0,0,0,1,0,1,0,0,0,1,,,,,,,,,,,,,,,,,,,,,,
804,10,FREECAM_3D,26.833333333333332,707600,21594.23828125,977,29.815673828125,33.53940634595701,19,0.579833984375,958,29.23583984375,0,0.0,0xEEE9D65F,3,2468,276,0.01171875,9.640625,1.078125,0,0x14,0,0,0,1,0,1,0,0,0,1,,,,,,,,,,,,,,,,,,,,,,
805,10,FREECAM_3D,26.866666666666667,708579,21624.114990234375,979,29.876708984375,33.4708886618999,20,0.6103515625,958,29.23583984375,1,0.030517578125,0x52A5135F,3,2468,255,0.01171875,9.640625,0.99609375,0,0x14,0,0,0,1,0,1,0,0,0,1,,,,,,,,,,,,,,,,,,,,,,
806,10,FREECAM_3D,26.9,709558,21653.99169921875,979,29.876708984375,33.4708886618999,20,0.6103515625,958,29.23583984375,1,0.030517578125,0x44FB15E2,3,2468,234,0.01171875,9.640625,0.9140625,0,0x14,0,0,0,1,0,1,0,0,0,1,,,,,,,,,,,,,,,,,,,,,,
807,10,FREECAM_3D,26.933333333333334,710531,21683.685302734375,973,29.693603515625,33.677286742034944,19,0.579833984375,953,29.083251953125,1,0.030517578125,0xD485F245,3,2468,213,0.01171875,9.640625,0.83203125,0,0x14,0,0,0,1,0,1,0,0,0,1,,,,,,,,,,,,,,,,,,,,,,
808,10,FREECAM_3D,26.966666666666665,711504,21713.37890625,973,29.693603515625,33.677286742034944,20,0.6103515625,952,29.052734375,1,0.030517578125,0x4D5E4FC0,3,2468,192,0.01171875,9.640625,0.75,0,0x14,0,0,0,1,0,1,0,0,0,1,,,,,,,,,,,,,,,,,,,,,,
809,10,FREECAM_3D,27.0,712462,21742.61474609375,958,29.23583984375,34.20459290187891,20,0.6103515625,937,28.594970703125,1,0.030517578125,0xE2A33C23,3,2468,171,0.01171875,9.640625,0.66796875,0,0x14,0,0,0,1,0,1,0,0,0,1,,,,,,,,,,,,,,,,,,,,,,
810,10,FREECAM_3D,27.033333333333335,713392,21770.99609375,930,28.38134765625,35.23440860215054,19,0.579833984375,911,27.801513671875,0,0.0,0x03B947B6,3,2468,150,0.01171875,9.640625,0.5859375,0,0x14,0,0,0,1,0,1,0,0,0,1,,,,,,,,,,,,,,,,,,,,,,
811,10,FREECAM_3D,27.066666666666666,714310,21799.01123046875,918,28.01513671875,35.694989106753816,19,0.579833984375,898,27.40478515625,1,0.030517578125,0x4C12C299,3,2468,129,0.01171875,9.640625,0.50390625,0,0x14,0,0,0,1,0,1,0,0,0,1,,,,,,,,,,,,,,,,,,,,,,
812,10,FREECAM_3D,27.1,715207,21826.385498046875,897,27.374267578125,36.53065774804905,19,0.579833984375,878,26.79443359375,0,0.0,0x263CFA04,3,2468,108,0.01171875,9.640625,0.421875,0,0x14,0,0,0,1,0,1,0,0,0,1,,,,,,,,,,,,,,,,,,,,,,
813,10,FREECAM_3D,27.133333333333333,716096,21853.515625,889,27.130126953125,36.85939257592801,19,0.579833984375,870,26.55029296875,0,0.0,0x5FEC65D7,3,2468,87,0.01171875,9.640625,0.33984375,0,0x14,0,0,0,1,0,1,0,0,0,1,,,,,,,,,,,,,,,,,,,,,,
814,10,FREECAM_3D,27.166666666666668,716971,21880.218505859375,875,26.702880859375,37.44914285714286,19,0.579833984375,856,26.123046875,0,0.0,0x4C6FF3FA,3,2468,66,0.01171875,9.640625,0.2578125,0,0x14,0,0,0,1,0,1,0,0,0,1,,,,,,,,,,,,,,,,,,,,,,
815,10,FREECAM_3D,27.2,717827,21906.341552734375,856,26.123046875,38.2803738317757,20,0.6103515625,835,25.482177734375,1,0.030517578125,0x15EA0094,3,2468,64,0.01171875,9.640625,0.25,0,0x14,0,0,0,1,0,1,0,0,0,1,,,,,,,,,,,,,,,,,,,,,,
816,10,FREECAM_3D,27.233333333333334,718651,21931.488037109375,824,25.146484375,39.76699029126213,20,0.6103515625,804,24.5361328125,0,0.0,0x15EA0094,3,2468,64,0.01171875,9.640625,0.25,0,0x10,0,0,0,0,0,1,0,0,0,1,,,,,,,,,,,,,,,,,,,,,,
817,10,FREECAM_3D,27.266666666666666,719471,21956.512451171875,820,25.0244140625,39.9609756097561,21,0.640869140625,799,24.383544921875,0,0.0,0x15EA0094,3,2468,64,0.01171875,9.640625,0.25,0,0x10,0,0,0,0,0,1,0,0,0,1,,,,,,,,,,,,,,,,,,,,,,
818,10,FREECAM_3D,27.3,720291,21981.536865234375,820,25.0244140625,39.9609756097561,21,0.640869140625,799,24.383544921875,0,0.0,0x15EA0094,3,2468,64,0.01171875,9.640625,0.25,0,0x10,0,0,0,0,0,1,0,0,0,1,,,,,,,,,,,,,,,,,,,,,,
819,10,FREECAM_3D,27.333333333333332,721111,22006.561279296875,820,25.0244140625,39.9609756097561,21,0.640869140625,799,24.383544921875,0,0.0,0x15EA0094,3,2468,64,0.01171875,9.640625,0.25,0,0x10,0,0,0,0,0,1,0,0,0,1,,,,,,,,,,,,,,,,,,,,,,
820,10,FREECAM_3D,27.366666666666667,721931,22031.585693359375,820,25.0244140625,39.9609756097561,21,0.640869140625,799,24.383544921875,0,0.0,0x15EA0094,3,2468,64,0.01171875,9.640625,0.25,0,0x10,0,0,0,0,0,1,0,0,0,1,,,,,,,,,,,,,,,,,,,,,,
821,10,FREECAM_3D,27.4,722751,22056.610107421875,820,25.0244140625,39.9609756097561,21,0.640869140625,799,24.383544921875,0,0.0,0x15EA0094,3,2468,64,0.01171875,9.640625,0.25,0,0x10,0,0,0,0,0,1,0,0,0,1,,,,,,,,,,,,,,,,,,,,,,
822,10,FREECAM_3D,27.433333333333334,723571,22081.634521484375,820,25.0244140625,39.9609756097561,21,0.640869140625,799,24.383544921875,0,0.0,0x15EA0094,3,2468,64,0.01171875,9.640625,0.25,0,0x10,0,0,0,0,0,1,0,0,0,1,,,,,,,,,,,,,,,,,,,,,,
823,10,FREECAM_3D,27.466666666666665,724391,22106.658935546875,820,25.0244140625,39.9609756097561,21,0.640869140625,799,24.383544921875,0,0.0,0x15EA0094,3,2468,64,0.01171875,9.640625,0.25,0,0x10,0,0,0,0,0,1,0,0,0,1,,,,,,,,,,,,,,,,,,,,,,
824,10,FREECAM_3D,27.5,725212,22131.7138671875,821,25.054931640625,39.91230207064555,21,0.640869140625,800,24.4140625,0,0.0,0x15EA0094,3,2468,64,0.01171875,9.640625,0.25,0,0x10,0,0,0,0,0,1,0,0,0,1,,,,,,,,,,,,,,,,,,,,,,
825,10,FREECAM_3D,27.533333333333335,726033,22156.768798828125,821,25.054931640625,39.91230207064555,21,0.640869140625,800,24.4140625,0,0.0,0x15EA0094,3,2468,64,0.01171875,9.640625,0.25,0,0x10,0,0,0,0,0,1,0,0,0,1,,,,,,,,,,,,,,,,,,,,,,
826,10,FREECAM_3D,27.566666666666666,726854,22181.82373046875,821,25.054931640625,39.91230207064555,21,0.640869140625,800,24.4140625,0,0.0,0x15EA0094,3,2468,64,0.01171875,9.640625,0.25,0,0x10,0,0,0,0,0,1,0,0,0,1,,,,,,,,,,,,,,,,,,,,,,
827,10,FREECAM_3D,27.6,727675,22206.878662109375,821,25.054931640625,39.91230207064555,21,0.640869140625,800,24.4140625,0,0.0,0x15EA0094,3,2468,64,0.01171875,9.640625,0.25,0,0x10,0,0,0,0,0,1,0,0,0,1,,,,,,,,,,,,,,,,,,,,,,
828,10,FREECAM_3D,27.633333333333333,728497,22231.964111328125,822,25.08544921875,39.86374695863747,21,0.640869140625,800,24.4140625,1,0.030517578125,0x15EA0094,3,2468,64,0.01171875,9.640625,0.25,0,0x10,0,0,0,0,0,1,0,0,0,1,,,,,,,,,,,,,,,,,,,,,,
829,10,FREECAM_3D,27.666666666666668,729319,22257.049560546875,822,25.08544921875,39.86374695863747,21,0.640869140625,800,24.4140625,1,0.030517578125,0x15EA0094,3,2468,64,0.01171875,9.640625,0.25,0,0x10,0,0,0,0,0,1,0,0,0,1,,,,,,,,,,,,,,,,,,,,,,
830,10,FREECAM_3D,27.7,730277,22286.285400390625,958,29.23583984375,34.20459290187891,27,0.823974609375,930,28.38134765625,1,0.030517578125,0x52BD6CDC,15,2454,74,0.05859375,9.5859375,0.2890625,0,0x14,0,0,0,1,0,1,1,1,0,0,,,,,,,,,,,,,,,,,,,,,,
831,10,FREECAM_3D,27.733333333333334,731266,22316.46728515625,989,30.181884765625,33.132457027300305,26,0.79345703125,962,29.35791015625,1,0.030517578125,0xD74FF083,28,2441,84,0.109375,9.53515625,0.328125,0,0x14,0,0,0,1,0,1,1,1,0,0,,,,,,,,,,,,,,,,,,,,,,
832,10,FREECAM_3D,27.766666666666666,732281,22347.442626953125,1015,30.975341796875,32.28374384236453,26,0.79345703125,988,30.1513671875,1,0.030517578125,0x67B4D90A,42,2429,94,0.1640625,9.48828125,0.3671875,0,0x14,0,0,0,1,0,1,1,1,0,0,,,,,,,,,,,,,,,,,,,,,,
833,10,FREECAM_3D,27.8,733319,22379.119873046875,1038,31.67724609375,31.56840077071291,27,0.823974609375,1011,30.853271484375,0,0.0,0x61F2FB2B,57,2418,104,0.22265625,9.4453125,0.40625,0,0x14,0,0,0,1,0,1,1,1,0,0,,,,,,,,,,,,,,,,,,,,,,
834,10,FREECAM_3D,27.833333333333332,734372,22411.2548828125,1053,32.135009765625,31.118708452041787,26,0.79345703125,1027,31.341552734375,0,0.0,0x40E7F905,72,2408,114,0.28125,9.40625,0.4453125,0,0x14,0,0,0,1,0,1,1,1,0,0,,,,,,,,,,,,,,,,,,,,,,
835,10,FREECAM_3D,27.866666666666667,735429,22443.511962890625,1057,32.257080078125,31.000946073793756,26,0.79345703125,1031,31.463623046875,0,0.0,0x8313C4A5,88,2400,124,0.34375,9.375,0.484375,0,0x14,0,0,0,1,0,1,1,1,0,0,,,,,,,,,,,,,,,,,,,,,,
836,10,FREECAM_3D,27.9,736456,22474.853515625,1027,31.341552734375,31.906523855890946,26,0.79345703125,1000,30.517578125,1,0.030517578125,0x24D43927,105,2393,134,0.41015625,9.34765625,0.5234375,0,0x14,0,0,0,1,0,1,1,1,0,0,,,,,,,,,,,,,,,,,,,,,,
837,10,FREECAM_3D,27.933333333333334,737488,22506.34765625,1032,31.494140625,31.751937984496124,26,0.79345703125,1006,30.70068359375,0,0.0,0xA292C121,122,2387,144,0.4765625,9.32421875,0.5625,0,0x14,0,0,0,1,0,1,1,1,0,0,,,,,,,,,,,,,,,,,,,,,,
838,10,FREECAM_3D,27.966666666666665,738524,22537.9638671875,1036,31.6162109375,31.62934362934363,26,0.79345703125,1009,30.792236328125,1,0.030517578125,0xFEB3DA71,140,2382,154,0.546875,9.3046875,0.6015625,0,0x14,0,0,0,1,0,1,1,1,0,0,,,,,,,,,,,,,,,,,,,,,,
839,10,FREECAM_3D,28.0,739635,22571.868896484375,1111,33.905029296875,29.494149414941493,26,0.79345703125,1084,33.0810546875,1,0.030517578125,0x9F314D1C,158,2379,164,0.6171875,9.29296875,0.640625,0,0x14,0,0,0,1,0,1,1,1,0,0,,,,,,,,,,,,,,,,,,,,,,
840,10,FREECAM_3D,28.033333333333335,740775,22606.658935546875,1140,34.7900390625,28.743859649122808,27,0.823974609375,1113,33.966064453125,0,0.0,0x5F9A1335,176,2377,174,0.6875,9.28515625,0.6796875,0,0x14,0,0,0,1,0,1,1,1,0,0,,,,,,,,,,,,,,,,,,,,,,
841,10,FREECAM_3D,28.066666666666666,741912,22641.357421875,1137,34.698486328125,28.819700967458225,26,0.79345703125,1111,33.905029296875,0,0.0,0x191BEFC4,194,2376,184,0.7578125,9.28125,0.71875,0,0x14,0,0,0,1,0,1,1,1,0,0,,,,,,,,,,,,,,,,,,,,,,
842,10,FREECAM_3D,28.1,742914,22671.93603515625,1002,30.57861328125,32.70259481037924,26,0.79345703125,976,29.78515625,0,0.0,0xF81F3FA2,212,2376,194,0.828125,9.28125,0.7578125,0,0x14,0,0,0,1,0,1,1,1,0,0,,,,,,,,,,,,,,,,,,,,,,
843,10,FREECAM_3D,28.133333333333333,743971,22704.193115234375,1057,32.257080078125,31.000946073793756,26,0.79345703125,1030,31.43310546875,1,0.030517578125,0x6A0A22B9,230,2377,204,0.8984375,9.28515625,0.796875,0,0x14,0,0,0,1,0,1,1,1,0,0,,,,,,,,,,,,,,,,,,,,,,
844,10,FREECAM_3D,28.166666666666668,745023,22736.297607421875,1052,32.1044921875,31.14828897338403,26,0.79345703125,1026,31.31103515625,0,0.0,0xF257D097,248,2380,214,0.96875,9.296875,0.8359375,0,0x14,0,0,0,1,0,1,1,1,0,0,,,,,,,,,,,,,,,,,,,,,,
845,10,FREECAM_3D,28.2,746085,22768.707275390625,1062,32.40966796875,30.854990583804142,26,0.79345703125,1036,31.6162109375,0,0.0,0x65803F82,266,2384,224,1.0390625,9.3125,0.875,0,0x14,0,0,0,1,0,1,1,1,0,0,,,,,,,,,,,,,,,,,,,,,,
846,10,FREECAM_3D,28.233333333333334,747176,22802.001953125,1091,33.294677734375,30.034830430797435,26,0.79345703125,1064,32.470703125,1,0.030517578125,0x67365819,283,2389,234,1.10546875,9.33203125,0.9140625,0,0x14,0,0,0,1,0,1,1,1,0,0,,,,,,,,,,,,,,,,,,,,,,
847,10,FREECAM_3D,28.266666666666666,748249,22834.747314453125,1073,32.745361328125,30.538676607642124,26,0.79345703125,1046,31.92138671875,1,0.030517578125,0x104A20FB,300,2396,244,1.171875,9.359375,0.953125,0,0x14,0,0,0,1,0,1,1,1,0,0,,,,,,,,,,,,,,,,,,,,,,
848,10,FREECAM_3D,28.3,749370,22868.95751953125,1121,34.210205078125,29.231043710972347,26,0.79345703125,1095,33.416748046875,0,0.0,0x6665B920,316,2404,254,1.234375,9.390625,0.9921875,0,0x14,0,0,0,1,0,1,1,1,0,0,,,,,,,,,,,,,,,,,,,,,,
849,10,FREECAM_3D,28.333333333333332,750449,22901.885986328125,1079,32.928466796875,30.368860055607044,26,0.79345703125,1053,32.135009765625,0,0.0,0x3F6F3346,332,2413,264,1.296875,9.42578125,1.03125,0,0x14,0,0,0,1,0,1,1,1,0,0,,,,,,,,,,,,,,,,,,,,,,
850,10,FREECAM_3D,28.366666666666667,751455,22932.586669921875,1006,30.70068359375,32.57256461232604,26,0.79345703125,980,29.9072265625,0,0.0,0xAEF07C4C,347,2423,274,1.35546875,9.46484375,1.0703125,0,0x14,0,0,0,1,0,1,1,1,0,0,,,,,,,,,,,,,,,,,,,,,,
851,10,FREECAM_3D,28.4,752506,22964.66064453125,1051,32.073974609375,31.1779257849667,26,0.79345703125,1025,31.280517578125,0,0.0,0x61E64260,361,2434,284,1.41015625,9.5078125,1.109375,0,0x14,0,0,0,1,0,1,1,1,0,0,,,,,,,,,,,,,,,,,,,,,,
852,10,FREECAM_3D,28.433333333333334,753550,22996.52099609375,1044,31.8603515625,31.386973180076627,26,0.79345703125,1018,31.06689453125,0,0.0,0xC82711CF,374,2447,294,1.4609375,9.55859375,1.1484375,0,0x14,0,0,0,1,0,1,1,1,0,0,,,,,,,,,,,,,,,,,,,,,,
853,10,FREECAM_3D,28.466666666666665,754527,23026.336669921875,977,29.815673828125,33.53940634595701,26,0.79345703125,951,29.022216796875,0,0.0,0xB2A40B9D,386,2460,304,1.5078125,9.609375,1.1875,0,0x1C,0,0,0,1,1,1,1,1,0,0,,,,,,,,,,,,,,,,,,,,,,
