frame_index,section_id,section_name,simulation_time_seconds,measured_elapsed_ticks,measured_elapsed_ms,total_ticks,total_ms,instantaneous_fps,update_ticks,update_ms,render_ticks,render_ms,swap_ticks,swap_ms,state_hash,position_x_raw,position_y_raw,position_z_raw,position_x,position_y,position_z,room,flags,detailed,excluded_from_clean_stats,crossed_portal,changed,section_end,freecam,move_axis,turn_axis,look_axis,buttons_active,detail_corrected_total_ms,admin_corrected_ms,setup_corrected_ms,root_geometry_corrected_ms,root_fill_corrected_ms,portal_setup_corrected_ms,portal_geometry_corrected_ms,portal_fill_corrected_ms,wait_corrected_ms,present_corrected_ms,overlay_corrected_ms,transformed_vertices,projected_points,rasterized_polygons,raster_rows,filled_spans,filled_pixels,portal_composite_pixels,portal_clip_pixels,full_portal_views,lod_portal_views,edge_division_fallbacks
0,1,OPEN_YAW,0.03333333333333333,2457,74.981689453125,2457,74.981689453125,13.336589336589336,302,9.21630859375,2155,65.765380859375,0,0.0,0x5E9768D3,0,512,384,0.0,2.0,1.5,0,0x04,0,0,0,1,0,0,0,1,0,0,,,,,,,,,,,,,,,,,,,,,,
1,1,OPEN_YAW,0.06666666666666667,4976,151.85546875,2519,76.873779296875,13.008336641524414,301,9.185791015625,2217,67.657470703125,1,0.030517578125,0x8B3821D2,0,512,384,0.0,2.0,1.5,0,0x06,1,1,0,1,0,0,0,1,0,0,68.695068359375,0.030517578125,0.213623046875,7.2021484375,10.833740234375,1.190185546875,4.0283203125,25.57373046875,0.0,19.04296875,0.579833984375,0,0,0,0,0,0,0,0,0,0,0
2,1,OPEN_YAW,0.1,7381,225.250244140625,2405,73.394775390625,13.624948024948026,301,9.185791015625,2104,64.208984375,0,0.0,0x58A773FF,0,512,384,0.0,2.0,1.5,0,0x04,0,0,0,1,0,0,0,1,0,0,,,,,,,,,,,,,,,,,,,,,,
3,1,OPEN_YAW,0.13333333333333333,9800,299.072265625,2419,73.822021484375,13.546093427035965,301,9.185791015625,2117,64.605712890625,1,0.030517578125,0xAED9429C,0,512,384,0.0,2.0,1.5,0,0x04,0,0,0,1,0,0,0,1,0,0,,,,,,,,,,,,,,,,,,,,,,
4,1,OPEN_YAW,0.16666666666666666,12199,372.283935546875,2399,73.211669921875,13.659024593580659,302,9.21630859375,2097,63.995361328125,0,0.0,0x45E0B719,0,512,384,0.0,2.0,1.5,0,0x04,0,0,0,1,0,0,0,1,0,0,,,,,,,,,,,,,,,,,,,,,,
5,1,OPEN_YAW,0.2,14539,443.695068359375,2340,71.4111328125,14.003418803418803,301,9.185791015625,2039,62.225341796875,0,0.0,0x1A9A2DD0,0,512,384,0.0,2.0,1.5,0,0x04,0,0,0,1,0,0,0,1,0,0,,,,,,,,,,,,,,,,,,,,,,
6,1,OPEN_YAW,0.23333333333333334,16734,510.68115234375,2195,66.986083984375,14.928473804100229,301,9.185791015625,1894,57.80029296875,0,0.0,0xF0C60EB7,0,512,384,0.0,2.0,1.5,0,0x04,0,0,0,1,0,0,0,1,0,0,,,,,,,,,,,,,,,,,,,,,,
7,1,OPEN_YAW,0.26666666666666666,18946,578.18603515625,2212,67.5048828125,14.81374321880651,301,9.185791015625,1910,58.28857421875,1,0.030517578125,0xD27F4708,0,512,384,0.0,2.0,1.5,0,0x04,0,0,0,1,0,0,0,1,0,0,,,,,,,,,,,,,,,,,,,,,,
8,1,OPEN_YAW,0.3,21060,642.7001953125,2114,64.51416015625,15.500473036896878,301,9.185791015625,1813,55.328369140625,0,0.0,0x94A84683,0,512,384,0.0,2.0,1.5,0,0x04,0,0,0,1,0,0,0,1,0,0,,,,,,,,,,,,,,,,,,,,,,
9,1,OPEN_YAW,0.3333333333333333,23169,707.061767578125,2109,64.361572265625,15.537221431958274,301,9.185791015625,1807,55.145263671875,1,0.030517578125,0x1F45C49E,0,512,384,0.0,2.0,1.5,0,0x04,0,0,0,1,0,0,0,1,0,0,,,,,,,,,,,,,,,,,,,,,,
10,1,OPEN_YAW,0.36666666666666664,25289,771.759033203125,2120,64.697265625,15.456603773584906,301,9.185791015625,1819,55.511474609375,0,0.0,0x6E85EBC5,0,512,384,0.0,2.0,1.5,0,0x04,0,0,0,1,0,0,0,1,0,0,,,,,,,,,,,,,,,,,,,,,,
11,1,OPEN_YAW,0.4,27088,826.66015625,1799,54.901123046875,18.21456364647026,301,9.185791015625,1498,45.71533203125,0,0.0,0x70470C18,0,512,384,0.0,2.0,1.5,0,0x04,0,0,0,1,0,0,0,1,0,0,,,,,,,,,,,,,,,,,,,,,,
12,1,OPEN_YAW,0.43333333333333335,28910,882.26318359375,1822,55.60302734375,17.98463227222832,301,9.185791015625,1520,46.38671875,1,0.030517578125,0xE47DEAEF,0,512,384,0.0,2.0,1.5,0,0x04,0,0,0,1,0,0,0,1,0,0,,,,,,,,,,,,,,,,,,,,,,
13,1,OPEN_YAW,0.4666666666666667,30620,934.4482421875,1710,52.18505859375,19.162573099415205,301,9.185791015625,1408,42.96875,1,0.030517578125,0x44510D1A,0,512,384,0.0,2.0,1.5,0,0x04,0,0,0,1,0,0,0,1,0,0,,,,,,,,,,,,,,,,,,,,,,
14,1,OPEN_YAW,0.5,32227,983.489990234375,1607,49.041748046875,20.39079029247044,301,9.185791015625,1305,39.825439453125,1,0.030517578125,0x57F83B3D,0,512,384,0.0,2.0,1.5,0,0x04,0,0,0,1,0,0,0,1,0,0,,,,,,,,,,,,,,,,,,,,,,
15,1,OPEN_YAW,0.5333333333333333,33659,1027.191162109375,1432,43.701171875,22.88268156424581,302,9.21630859375,1130,34.48486328125,0,0.0,0xFC68B016,0,512,384,0.0,2.0,1.5,0,0x04,0,0,0,1,0,0,0,1,0,0,,,,,,,,,,,,,,,,,,,,,,
16,1,OPEN_YAW,0.5666666666666667,35125,1071.929931640625,1466,44.73876953125,22.351978171896317,301,9.185791015625,1164,35.5224609375,1,0.030517578125,0xA5F2BEEB,0,512,384,0.0,2.0,1.5,0,0x04,0,0,0,1,0,0,0,1,0,0,,,,,,,,,,,,,,,,,,,,,,
17,1,OPEN_YAW,0.6,36400,1110.83984375,1275,38.909912109375,25.700392156862744,301,9.185791015625,974,29.72412109375,0,0.0,0xC813CCF6,0,512,384,0.0,2.0,1.5,0,0x04,0,0,0,1,0,0,0,1,0,0,,,,,,,,,,,,,,,,,,,,,,
18,1,OPEN_YAW,0.6333333333333333,37841,1154.815673828125,1441,43.975830078125,22.73976405274115,301,9.185791015625,1139,34.759521484375,1,0.030517578125,0xFA8FA93F,0,512,384,0.0,2.0,1.5,0,0x04,0,0,0,1,0,0,0,1,0,0,,,,,,,,,,,,,,,,,,,,,,
19,1,OPEN_YAW,0.6666666666666666,39063,1192.108154296875,1222,37.29248046875,26.81505728314239,301,9.185791015625,921,28.106689453125,0,0.0,0xFC0E3B5E,0,512,384,0.0,2.0,1.5,0,0x04,0,0,0,1,0,0,0,1,0,0,,,,,,,,,,,,,,,,,,,,,,
20,1,OPEN_YAW,0.7,40340,1231.0791015625,1277,38.970947265625,25.660140955364135,301,9.185791015625,976,29.78515625,0,0.0,0xAC3150F9,0,512,384,0.0,2.0,1.5,0,0x04,0,0,0,1,0,0,0,1,0,0,,,,,,,,,,,,,,,,,,,,,,
21,1,OPEN_YAW,0.7333333333333333,41778,1274.96337890625,1438,43.88427734375,22.787204450625868,301,9.185791015625,1137,34.698486328125,0,0.0,0xCB25181A,0,512,384,0.0,2.0,1.5,0,0x04,0,0,0,1,0,0,0,1,0,0,,,,,,,,,,,,,,,,,,,,,,
22,1,OPEN_YAW,0.7666666666666667,43229,1319.244384765625,1451,44.281005859375,22.583046175051688,301,9.185791015625,1150,35.09521484375,0,0.0,0x48C590F3,0,512,384,0.0,2.0,1.5,0,0x04,0,0,0,1,0,0,0,1,0,0,,,,,,,,,,,,,,,,,,,,,,
23,1,OPEN_YAW,0.8,44726,1364.92919921875,1497,45.684814453125,21.889111556446228,301,9.185791015625,1195,36.468505859375,1,0.030517578125,0xF1FADB42,0,512,384,0.0,2.0,1.5,0,0x04,0,0,0,1,0,0,0,1,0,0,,,,,,,,,,,,,,,,,,,,,,
24,1,OPEN_YAW,0.8333333333333334,46026,1404.60205078125,1300,39.6728515625,25.206153846153846,301,9.185791015625,999,30.487060546875,0,0.0,0x09DBF567,0,512,384,0.0,2.0,1.5,0,0x04,0,0,0,1,0,0,0,1,0,0,,,,,,,,,,,,,,,,,,,,,,
25,1,OPEN_YAW,0.8666666666666667,47293,1443.267822265625,1267,38.665771484375,25.86266771902131,301,9.185791015625,965,29.449462890625,1,0.030517578125,0x727A5D9C,0,512,384,0.0,2.0,1.5,0,0x04,0,0,0,1,0,0,0,1,0,0,,,,,,,,,,,,,,,,,,,,,,
26,1,OPEN_YAW,0.9,48535,1481.170654296875,1242,37.90283203125,26.383252818035427,301,9.185791015625,941,28.717041015625,0,0.0,0x6BDB5333,0,512,384,0.0,2.0,1.5,0,0x04,0,0,0,1,0,0,0,1,0,0,,,,,,,,,,,,,,,,,,,,,,
27,1,OPEN_YAW,0.9333333333333333,49808,1520.01953125,1273,38.848876953125,25.74076983503535,301,9.185791015625,971,29.632568359375,1,0.030517578125,0x5AD6DB54,0,512,384,0.0,2.0,1.5,0,0x04,0,0,0,1,0,0,0,1,0,0,,,,,,,,,,,,,,,,,,,,,,
28,1,OPEN_YAW,0.9666666666666667,51065,1558.380126953125,1257,38.360595703125,26.068416865552905,301,9.185791015625,955,29.144287109375,1,0.030517578125,0xE5D4D0F1,0,512,384,0.0,2.0,1.5,0,0x04,0,0,0,1,0,0,0,1,0,0,,,,,,,,,,,,,,,,,,,,,,
29,1,OPEN_YAW,1.0,52102,1590.02685546875,1037,31.646728515625,31.59884281581485,302,9.21630859375,735,22.430419921875,0,0.0,0x160A0806,0,512,384,0.0,2.0,1.5,0,0x04,0,0,0,1,0,0,0,1,0,0,,,,,,,,,,,,,,,,,,,,,,
30,1,OPEN_YAW,1.0333333333333334,53055,1619.110107421875,953,29.083251953125,34.38405036726128,164,5.0048828125,789,24.078369140625,0,0.0,0x779CD11B,0,512,384,0.0,2.0,1.5,0,0x04,0,0,0,1,0,0,0,1,0,0,,,,,,,,,,,,,,,,,,,,,,
31,1,OPEN_YAW,1.0666666666666667,54061,1649.810791015625,1006,30.70068359375,32.57256461232604,164,5.0048828125,841,25.665283203125,1,0.030517578125,0xFB682E46,0,512,384,0.0,2.0,1.5,0,0x04,0,0,0,1,0,0,0,1,0,0,,,,,,,,,,,,,,,,,,,,,,
32,1,OPEN_YAW,1.1,55077,1680.816650390625,1016,31.005859375,32.25196850393701,165,5.035400390625,851,25.970458984375,0,0.0,0xAB4F68AF,0,512,384,0.0,2.0,1.5,0,0x04,0,0,0,1,0,0,0,1,0,0,,,,,,,,,,,,,,,,,,,,,,
33,1,OPEN_YAW,1.1333333333333333,56078,1711.36474609375,1001,30.548095703125,32.735264735264735,164,5.0048828125,837,25.543212890625,0,0.0,0x0191D5F6,0,512,384,0.0,2.0,1.5,0,0x04,0,0,0,1,0,0,0,1,0,0,,,,,,,,,,,,,,,,,,,,,,
34,1,OPEN_YAW,1.1666666666666667,57067,1741.546630859375,989,30.181884765625,33.132457027300305,164,5.0048828125,824,25.146484375,1,0.030517578125,0x47E40981,0,512,384,0.0,2.0,1.5,0,0x04,0,0,0,1,0,0,0,1,0,0,,,,,,,,,,,,,,,,,,,,,,
35,1,OPEN_YAW,1.2,58049,1771.514892578125,982,29.96826171875,33.36863543788187,164,5.0048828125,817,24.932861328125,1,0.030517578125,0x58D899FA,0,512,384,0.0,2.0,1.5,0,0x04,0,0,0,1,0,0,0,1,0,0,,,,,,,,,,,,,,,,,,,,,,
36,1,OPEN_YAW,1.2333333333333334,58803,1794.525146484375,754,23.01025390625,43.45888594164456,164,5.0048828125,589,17.974853515625,1,0.030517578125,0x82178F31,0,512,384,0.0,2.0,1.5,0,0x04,0,0,0,1,0,0,0,1,0,0,,,,,,,,,,,,,,,,,,,,,,
37,1,OPEN_YAW,1.2666666666666666,59550,1817.32177734375,747,22.796630859375,43.866131191432395,164,5.0048828125,583,17.791748046875,0,0.0,0x47A89276,0,512,384,0.0,2.0,1.5,0,0x04,0,0,0,1,0,0,0,1,0,0,,,,,,,,,,,,,,,,,,,,,,
38,1,OPEN_YAW,1.3,60228,1838.0126953125,678,20.69091796875,48.33038348082596,164,5.0048828125,513,15.655517578125,1,0.030517578125,0x9B4B1FEF,0,512,384,0.0,2.0,1.5,0,0x04,0,0,0,1,0,0,0,1,0,0,,,,,,,,,,,,,,,,,,,,,,
39,1,OPEN_YAW,1.3333333333333333,60897,1858.428955078125,669,20.416259765625,48.98056801195815,164,5.0048828125,505,15.411376953125,0,0.0,0x2EA80794,0,512,384,0.0,2.0,1.5,0,0x04,0,0,0,1,0,0,0,1,0,0,,,,,,,,,,,,,,,,,,,,,,
40,1,OPEN_YAW,1.3666666666666667,61543,1878.143310546875,646,19.71435546875,50.72445820433437,164,5.0048828125,482,14.70947265625,0,0.0,0x9320BBD7,0,512,384,0.0,2.0,1.5,0,0x04,0,0,0,1,0,0,0,1,0,0,,,,,,,,,,,,,,,,,,,,,,
41,1,OPEN_YAW,1.4,62190,1897.88818359375,647,19.744873046875,50.646058732612055,164,5.0048828125,482,14.70947265625,1,0.030517578125,0xF1D64FEB,0,512,384,0.0,2.0,1.5,0,0x04,0,0,0,1,0,0,0,1,0,0,,,,,,,,,,,,,,,,,,,,,,
42,1,OPEN_YAW,1.4333333333333333,62834,1917.54150390625,644,19.6533203125,50.88198757763975,164,5.0048828125,480,14.6484375,0,0.0,0x313FD664,0,512,384,0.0,2.0,1.5,0,0x04,0,0,0,1,0,0,0,1,0,0,,,,,,,,,,,,,,,,,,,,,,
43,1,OPEN_YAW,1.4666666666666666,63477,1937.164306640625,643,19.622802734375,50.96111975116641,164,5.0048828125,479,14.617919921875,0,0.0,0xD37C3B3A,0,512,384,0.0,2.0,1.5,0,0x04,0,0,0,1,0,0,0,1,0,0,,,,,,,,,,,,,,,,,,,,,,
44,1,OPEN_YAW,1.5,64123,1956.878662109375,646,19.71435546875,50.72445820433437,164,5.0048828125,481,14.678955078125,1,0.030517578125,0xC85E6E2D,0,512,384,0.0,2.0,1.5,0,0x04,0,0,0,1,0,0,0,1,0,0,,,,,,,,,,,,,,,,,,,,,,
45,1,OPEN_YAW,1.5333333333333334,64788,1977.1728515625,665,20.294189453125,49.275187969924815,163,4.974365234375,501,15.289306640625,1,0.030517578125,0x241E983A,0,512,384,0.0,2.0,1.5,0,0x04,0,0,0,1,0,0,0,1,0,0,,,,,,,,,,,,,,,,,,,,,,
46,1,OPEN_YAW,1.5666666666666667,65457,1997.589111328125,669,20.416259765625,48.98056801195815,164,5.0048828125,505,15.411376953125,0,0.0,0x26D8A8C7,0,512,384,0.0,2.0,1.5,0,0x04,0,0,0,1,0,0,0,1,0,0,,,,,,,,,,,,,,,,,,,,,,
47,1,OPEN_YAW,1.6,66138,2018.37158203125,681,20.782470703125,48.117474302496326,164,5.0048828125,516,15.7470703125,1,0.030517578125,0x57BE9584,0,512,384,0.0,2.0,1.5,0,0x04,0,0,0,1,0,0,0,1,0,0,,,,,,,,,,,,,,,,,,,,,,
48,1,OPEN_YAW,1.6333333333333333,66973,2043.853759765625,835,25.482177734375,39.24311377245509,164,5.0048828125,671,20.477294921875,0,0.0,0x8ED5AA07,0,512,384,0.0,2.0,1.5,0,0x04,0,0,0,1,0,0,0,1,0,0,,,,,,,,,,,,,,,,,,,,,,
49,1,OPEN_YAW,1.6666666666666667,67897,2072.052001953125,924,28.1982421875,35.46320346320346,164,5.0048828125,760,23.193359375,0,0.0,0x4BBB54B2,0,512,384,0.0,2.0,1.5,0,0x04,0,0,0,1,0,0,0,1,0,0,,,,,,,,,,,,,,,,,,,,,,
50,1,OPEN_YAW,1.7,68900,2102.6611328125,1003,30.609130859375,32.66999002991027,164,5.0048828125,839,25.604248046875,0,0.0,0x48512005,0,512,384,0.0,2.0,1.5,0,0x04,0,0,0,1,0,0,0,1,0,0,,,,,,,,,,,,,,,,,,,,,,
51,1,OPEN_YAW,1.7333333333333334,69910,2133.48388671875,1010,30.82275390625,32.443564356435644,164,5.0048828125,846,25.81787109375,0,0.0,0xE2849AE4,0,512,384,0.0,2.0,1.5,0,0x04,0,0,0,1,0,0,0,1,0,0,,,,,,,,,,,,,,,,,,,,,,
52,1,OPEN_YAW,1.7666666666666666,70921,2164.337158203125,1011,30.853271484375,32.41147378832839,164,5.0048828125,847,25.848388671875,0,0.0,0x06B91CB7,0,512,384,0.0,2.0,1.5,0,0x04,0,0,0,1,0,0,0,1,0,0,,,,,,,,,,,,,,,,,,,,,,
53,1,OPEN_YAW,1.8,71882,2193.66455078125,961,29.327392578125,34.09781477627472,164,5.0048828125,796,24.2919921875,1,0.030517578125,0xEF7CD81A,0,512,384,0.0,2.0,1.5,0,0x04,0,0,0,1,0,0,0,1,0,0,,,,,,,,,,,,,,,,,,,,,,
54,1,OPEN_YAW,1.8333333333333333,72785,2221.221923828125,903,27.557373046875,36.287929125138426,164,5.0048828125,738,22.52197265625,1,0.030517578125,0x50648D73,0,512,384,0.0,2.0,1.5,0,0x04,0,0,0,1,0,0,0,1,0,0,,,,,,,,,,,,,,,,,,,,,,
55,1,OPEN_YAW,1.8666666666666667,73906,2255.43212890625,1121,34.210205078125,29.231043710972347,164,5.0048828125,956,29.1748046875,1,0.030517578125,0xAAF43222,0,512,384,0.0,2.0,1.5,0,0x04,0,0,0,1,0,0,0,1,0,0,,,,,,,,,,,,,,,,,,,,,,
56,1,OPEN_YAW,1.9,74980,2288.2080078125,1074,32.77587890625,30.51024208566108,163,4.974365234375,910,27.77099609375,1,0.030517578125,0x3BD3184F,0,512,384,0.0,2.0,1.5,0,0x04,0,0,0,1,0,0,0,1,0,0,,,,,,,,,,,,,,,,,,,,,,
57,1,OPEN_YAW,1.9333333333333333,76139,2323.577880859375,1159,35.369873046875,28.272648835202762,163,4.974365234375,996,30.3955078125,0,0.0,0x076558F0,0,512,384,0.0,2.0,1.5,0,0x04,0,0,0,1,0,0,0,1,0,0,,,,,,,,,,,,,,,,,,,,,,
58,1,OPEN_YAW,1.9666666666666666,77244,2357.2998046875,1105,33.721923828125,29.654298642533938,164,5.0048828125,941,28.717041015625,0,0.0,0x498711DD,0,512,384,0.0,2.0,1.5,0,0x04,0,0,0,1,0,0,0,1,0,0,,,,,,,,,,,,,,,,,,,,,,
59,1,OPEN_YAW,2.0,78298,2389.46533203125,1054,32.16552734375,31.089184060721063,164,5.0048828125,889,27.130126953125,1,0.030517578125,0x46A0A0DE,0,512,384,0.0,2.0,1.5,0,0x04,0,0,0,1,0,0,0,1,0,0,,,,,,,,,,,,,,,,,,,,,,
60,1,OPEN_YAW,2.033333333333333,79631,2430.145263671875,1333,40.679931640625,24.582145536384097,163,4.974365234375,1170,35.70556640625,0,0.0,0x9DD3D2F1,0,512,384,0.0,2.0,1.5,0,0x04,0,0,0,1,0,0,0,1,0,0,,,,,,,,,,,,,,,,,,,,,,
61,1,OPEN_YAW,2.066666666666667,80925,2469.635009765625,1294,39.48974609375,25.323029366306027,164,5.0048828125,1130,34.48486328125,0,0.0,0x7811DB3C,0,512,384,0.0,2.0,1.5,0,0x04,0,0,0,1,0,0,0,1,0,0,,,,,,,,,,,,,,,,,,,,,,
62,1,OPEN_YAW,2.1,82286,2511.16943359375,1361,41.534423828125,24.076414401175604,164,5.0048828125,1196,36.4990234375,1,0.030517578125,0x84E13E89,0,512,384,0.0,2.0,1.5,0,0x04,0,0,0,1,0,0,0,1,0,0,,,,,,,,,,,,,,,,,,,,,,
63,1,OPEN_YAW,2.1333333333333333,83377,2544.464111328125,1091,33.294677734375,30.034830430797435,164,5.0048828125,926,28.25927734375,1,0.030517578125,0x87201FF4,0,512,384,0.0,2.0,1.5,0,0x04,0,0,0,1,0,0,0,1,0,0,,,,,,,,,,,,,,,,,,,,,,
64,1,OPEN_YAW,2.1666666666666665,84546,2580.13916015625,1169,35.675048828125,28.030795551753634,164,5.0048828125,1004,30.6396484375,1,0.030517578125,0x84E13E89,0,512,384,0.0,2.0,1.5,0,0x04,0,0,0,1,0,0,0,-1,0,0,,,,,,,,,,,,,,,,,,,,,,
65,1,OPEN_YAW,2.2,85841,2619.659423828125,1295,39.520263671875,25.303474903474903,163,4.974365234375,1132,34.5458984375,0,0.0,0x7811DB3C,0,512,384,0.0,2.0,1.5,0,0x04,0,0,0,1,0,0,0,-1,0,0,,,,,,,,,,,,,,,,,,,,,,
66,1,OPEN_YAW,2.2333333333333334,87206,2661.31591796875,1365,41.656494140625,24.005860805860806,164,5.0048828125,1201,36.651611328125,0,0.0,0x9DD3D2F1,0,512,384,0.0,2.0,1.5,0,0x04,0,0,0,1,0,0,0,-1,0,0,,,,,,,,,,,,,,,,,,,,,,
67,1,OPEN_YAW,2.2666666666666666,88336,2695.80078125,1130,34.48486328125,28.998230088495575,164,5.0048828125,966,29.47998046875,0,0.0,0x46A0A0DE,0,512,384,0.0,2.0,1.5,0,0x04,0,0,0,1,0,0,0,-1,0,0,,,,,,,,,,,,,,,,,,,,,,
68,1,OPEN_YAW,2.3,89465,2730.255126953125,1129,34.454345703125,29.023914968999115,164,5.0048828125,964,29.4189453125,1,0.030517578125,0x498711DD,0,512,384,0.0,2.0,1.5,0,0x04,0,0,0,1,0,0,0,-1,0,0,,,,,,,,,,,,,,,,,,,,,,
69,1,OPEN_YAW,2.3333333333333335,90572,2764.0380859375,1107,33.782958984375,29.600722673893404,164,5.0048828125,943,28.778076171875,0,0.0,0x076558F0,0,512,384,0.0,2.0,1.5,0,0x04,0,0,0,1,0,0,0,-1,0,0,,,,,,,,,,,,,,,,,,,,,,
70,1,OPEN_YAW,2.3666666666666667,91699,2798.431396484375,1127,34.393310546875,29.075421472937002,164,5.0048828125,962,29.35791015625,1,0.030517578125,0x3BD3184F,0,512,384,0.0,2.0,1.5,0,0x04,0,0,0,1,0,0,0,-1,0,0,,,,,,,,,,,,,,,,,,,,,,
71,1,OPEN_YAW,2.4,92821,2832.672119140625,1122,34.24072265625,29.204991087344027,164,5.0048828125,957,29.205322265625,1,0.030517578125,0xAAF43222,0,512,384,0.0,2.0,1.5,0,0x04,0,0,0,1,0,0,0,-1,0,0,,,,,,,,,,,,,,,,,,,,,,
72,1,OPEN_YAW,2.433333333333333,93721,2860.137939453125,900,27.4658203125,36.40888888888889,164,5.0048828125,735,22.430419921875,1,0.030517578125,0x50648D73,0,512,384,0.0,2.0,1.5,0,0x04,0,0,0,1,0,0,0,-1,0,0,,,,,,,,,,,,,,,,,,,,,,
73,1,OPEN_YAW,2.466666666666667,94671,2889.129638671875,950,28.99169921875,34.49263157894737,163,4.974365234375,787,24.017333984375,0,0.0,0xEF7CD81A,0,512,384,0.0,2.0,1.5,0,0x04,0,0,0,1,0,0,0,-1,0,0,,,,,,,,,,,,,,,,,,,,,,
74,1,OPEN_YAW,2.5,95623,2918.182373046875,952,29.052734375,34.42016806722689,164,5.0048828125,788,24.0478515625,0,0.0,0x06B91CB7,0,512,384,0.0,2.0,1.5,0,0x04,0,0,0,1,0,0,0,-1,0,0,,,,,,,,,,,,,,,,,,,,,,
75,1,OPEN_YAW,2.533333333333333,96636,2949.0966796875,1013,30.914306640625,32.34748272458045,164,5.0048828125,848,25.87890625,1,0.030517578125,0xE2849AE4,0,512,384,0.0,2.0,1.5,0,0x04,0,0,0,1,0,0,0,-1,0,0,,,,,,,,,,,,,,,,,,,,,,
76,1,OPEN_YAW,2.566666666666667,97640,2979.736328125,1004,30.6396484375,32.63745019920319,164,5.0048828125,839,25.604248046875,1,0.030517578125,0x48512005,0,512,384,0.0,2.0,1.5,0,0x04,0,0,0,1,0,0,0,-1,0,0,,,,,,,,,,,,,,,,,,,,,,
77,1,OPEN_YAW,2.6,98628,3009.8876953125,988,30.1513671875,33.16599190283401,164,5.0048828125,824,25.146484375,0,0.0,0x4BBB54B2,0,512,384,0.0,2.0,1.5,0,0x04,0,0,0,1,0,0,0,-1,0,0,,,,,,,,,,,,,,,,,,,,,,
78,1,OPEN_YAW,2.6333333333333333,99528,3037.353515625,900,27.4658203125,36.40888888888889,164,5.0048828125,735,22.430419921875,1,0.030517578125,0x8ED5AA07,0,512,384,0.0,2.0,1.5,0,0x04,0,0,0,1,0,0,0,-1,0,0,,,,,,,,,,,,,,,,,,,,,,
79,1,OPEN_YAW,2.6666666666666665,100283,3060.394287109375,755,23.040771484375,43.40132450331126,164,5.0048828125,590,18.00537109375,1,0.030517578125,0x57BE9584,0,512,384,0.0,2.0,1.5,0,0x04,0,0,0,1,0,0,0,-1,0,0,,,,,,,,,,,,,,,,,,,,,,
80,1,OPEN_YAW,2.7,101032,3083.251953125,749,22.857666015625,43.748998664886514,164,5.0048828125,585,17.852783203125,0,0.0,0x26D8A8C7,0,512,384,0.0,2.0,1.5,0,0x04,0,0,0,1,0,0,0,-1,0,0,,,,,,,,,,,,,,,,,,,,,,
81,1,OPEN_YAW,2.7333333333333334,101705,3103.790283203125,673,20.538330078125,48.68945022288261,164,5.0048828125,509,15.533447265625,0,0.0,0x241E983A,0,512,384,0.0,2.0,1.5,0,0x04,0,0,0,1,0,0,0,-1,0,0,,,,,,,,,,,,,,,,,,,,,,
82,1,OPEN_YAW,2.7666666666666666,102351,3123.504638671875,646,19.71435546875,50.72445820433437,164,5.0048828125,482,14.70947265625,0,0.0,0xC85E6E2D,0,512,384,0.0,2.0,1.5,0,0x04,0,0,0,1,0,0,0,-1,0,0,,,,,,,,,,,,,,,,,,,,,,
83,1,OPEN_YAW,2.8,102994,3143.12744140625,643,19.622802734375,50.96111975116641,164,5.0048828125,479,14.617919921875,0,0.0,0xD37C3B3A,0,512,384,0.0,2.0,1.5,0,0x04,0,0,0,1,0,0,0,-1,0,0,,,,,,,,,,,,,,,,,,,,,,
84,1,OPEN_YAW,2.8333333333333335,103639,3162.811279296875,645,19.683837890625,50.8031007751938,164,5.0048828125,480,14.6484375,1,0.030517578125,0x313FD664,0,512,384,0.0,2.0,1.5,0,0x04,0,0,0,1,0,0,0,-1,0,0,,,,,,,,,,,,,,,,,,,,,,
85,1,OPEN_YAW,2.8666666666666667,104286,3182.55615234375,647,19.744873046875,50.646058732612055,165,5.035400390625,482,14.70947265625,0,0.0,0xF1D64FEB,0,512,384,0.0,2.0,1.5,0,0x04,0,0,0,1,0,0,0,-1,0,0,,,,,,,,,,,,,,,,,,,,,,
86,1,OPEN_YAW,2.9,104932,3202.2705078125,646,19.71435546875,50.72445820433437,164,5.0048828125,481,14.678955078125,1,0.030517578125,0x9320BBD7,0,512,384,0.0,2.0,1.5,0,0x04,0,0,0,1,0,0,0,-1,0,0,,,,,,,,,,,,,,,,,,,,,,
87,1,OPEN_YAW,2.933333333333333,105598,3222.59521484375,666,20.32470703125,49.2012012012012,164,5.0048828125,501,15.289306640625,1,0.030517578125,0x2EA80794,0,512,384,0.0,2.0,1.5,0,0x04,0,0,0,1,0,0,0,-1,0,0,,,,,,,,,,,,,,,,,,,,,,
88,1,OPEN_YAW,2.966666666666667,106265,3242.950439453125,667,20.355224609375,49.12743628185907,164,5.0048828125,503,15.350341796875,0,0.0,0x9B4B1FEF,0,512,384,0.0,2.0,1.5,0,0x04,0,0,0,1,0,0,0,-1,0,0,,,,,,,,,,,,,,,,,,,,,,
89,1,OPEN_YAW,3.0,106937,3263.458251953125,672,20.5078125,48.76190476190476,164,5.0048828125,508,15.5029296875,0,0.0,0x47A89276,0,512,384,0.0,2.0,1.5,0,0x04,0,0,0,1,0,0,0,-1,0,0,,,,,,,,,,,,,,,,,,,,,,
90,1,OPEN_YAW,3.033333333333333,107621,3284.332275390625,684,20.8740234375,47.90643274853801,164,5.0048828125,520,15.869140625,0,0.0,0x82178F31,0,512,384,0.0,2.0,1.5,0,0x04,0,0,0,1,0,0,0,-1,0,0,,,,,,,,,,,,,,,,,,,,,,
91,1,OPEN_YAW,3.066666666666667,108541,3312.408447265625,920,28.076171875,35.61739130434783,164,5.0048828125,756,23.0712890625,0,0.0,0x58D899FA,0,512,384,0.0,2.0,1.5,0,0x04,0,0,0,1,0,0,0,-1,0,0,,,,,,,,,,,,,,,,,,,,,,
92,1,OPEN_YAW,3.1,109465,3340.606689453125,924,28.1982421875,35.46320346320346,164,5.0048828125,759,23.162841796875,1,0.030517578125,0x47E40981,0,512,384,0.0,2.0,1.5,0,0x04,0,0,0,1,0,0,0,-1,0,0,,,,,,,,,,,,,,,,,,,,,,
93,1,OPEN_YAW,3.1333333333333333,110464,3371.09375,999,30.487060546875,32.8008008008008,165,5.035400390625,833,25.421142578125,1,0.030517578125,0x0191D5F6,0,512,384,0.0,2.0,1.5,0,0x04,0,0,0,1,0,0,0,-1,0,0,,,,,,,,,,,,,,,,,,,,,,
94,1,OPEN_YAW,3.1666666666666665,111475,3401.947021484375,1011,30.853271484375,32.41147378832839,164,5.0048828125,847,25.848388671875,0,0.0,0xAB4F68AF,0,512,384,0.0,2.0,1.5,0,0x04,0,0,0,1,0,0,0,-1,0,0,,,,,,,,,,,,,,,,,,,,,,
95,1,OPEN_YAW,3.2,112486,3432.80029296875,1011,30.853271484375,32.41147378832839,164,5.0048828125,846,25.81787109375,1,0.030517578125,0xFB682E46,0,512,384,0.0,2.0,1.5,0,0x04,0,0,0,1,0,0,0,-1,0,0,,,,,,,,,,,,,,,,,,,,,,
96,1,OPEN_YAW,3.2333333333333334,113451,3462.249755859375,965,29.449462890625,33.95647668393782,165,5.035400390625,800,24.4140625,0,0.0,0x779CD11B,0,512,384,0.0,2.0,1.5,0,0x04,0,0,0,1,0,0,0,-1,0,0,,,,,,,,,,,,,,,,,,,,,,
97,1,OPEN_YAW,3.2666666666666666,114406,3491.39404296875,955,29.144287109375,34.31204188481676,164,5.0048828125,791,24.139404296875,0,0.0,0x160A0806,0,512,384,0.0,2.0,1.5,0,0x04,0,0,0,1,0,0,0,-1,0,0,,,,,,,,,,,,,,,,,,,,,,
98,1,OPEN_YAW,3.3,115529,3525.665283203125,1123,34.271240234375,29.178984861976847,164,5.0048828125,958,29.23583984375,1,0.030517578125,0xE5D4D0F1,0,512,384,0.0,2.0,1.5,0,0x04,0,0,0,1,0,0,0,-1,0,0,,,,,,,,,,,,,,,,,,,,,,
99,1,OPEN_YAW,3.3333333333333335,116608,3558.59375,1079,32.928466796875,30.368860055607044,164,5.0048828125,915,27.923583984375,0,0.0,0x5AD6DB54,0,512,384,0.0,2.0,1.5,0,0x04,0,0,0,1,0,0,0,-1,0,0,,,,,,,,,,,,,,,,,,,,,,
100,1,OPEN_YAW,3.3666666666666667,117766,3593.93310546875,1158,35.33935546875,28.29706390328152,164,5.0048828125,993,30.303955078125,1,0.030517578125,0x6BDB5333,0,512,384,0.0,2.0,1.5,0,0x04,0,0,0,1,0,0,0,-1,0,0,,,,,,,,,,,,,,,,,,,,,,
101,1,OPEN_YAW,3.4,118874,3627.74658203125,1108,33.8134765625,29.574007220216608,164,5.0048828125,943,28.778076171875,1,0.030517578125,0x727A5D9C,0,512,384,0.0,2.0,1.5,0,0x04,0,0,0,1,0,0,0,-1,0,0,,,,,,,,,,,,,,,,,,,,,,
102,1,OPEN_YAW,3.433333333333333,120009,3662.384033203125,1135,34.637451171875,28.8704845814978,164,5.0048828125,970,29.60205078125,1,0.030517578125,0x09DBF567,0,512,384,0.0,2.0,1.5,0,0x04,0,0,0,1,0,0,0,-1,0,0,,,,,,,,,,,,,,,,,,,,,,
103,1,OPEN_YAW,3.466666666666667,121339,3702.972412109375,1330,40.58837890625,24.637593984962407,164,5.0048828125,1166,35.58349609375,0,0.0,0xF1FADB42,0,512,384,0.0,2.0,1.5,0,0x04,0,0,0,1,0,0,0,-1,0,0,,,,,,,,,,,,,,,,,,,,,,
104,1,OPEN_YAW,3.5,122584,3740.966796875,1245,37.994384765625,26.31967871485944,164,5.0048828125,1080,32.958984375,1,0.030517578125,0x48C590F3,0,512,384,0.0,2.0,1.5,0,0x04,0,0,0,1,0,0,0,-1,0,0,,,,,,,,,,,,,,,,,,,,,,
105,1,OPEN_YAW,3.533333333333333,123887,3780.731201171875,1303,39.764404296875,25.148119723714505,164,5.0048828125,1138,34.72900390625,1,0.030517578125,0xCB25181A,0,512,384,0.0,2.0,1.5,0,0x04,0,0,0,1,0,0,0,-1,0,0,,,,,,,,,,,,,,,,,,,,,,
106,1,OPEN_YAW,3.566666666666667,125010,3815.00244140625,1123,34.271240234375,29.178984861976847,164,5.0048828125,959,29.266357421875,0,0.0,0xAC3150F9,0,512,384,0.0,2.0,1.5,0,0x04,0,0,0,1,0,0,0,-1,0,0,,,,,,,,,,,,,,,,,,,,,,
107,1,OPEN_YAW,3.6,126140,3849.4873046875,1130,34.48486328125,28.998230088495575,164,5.0048828125,965,29.449462890625,1,0.030517578125,0xFC0E3B5E,0,512,384,0.0,2.0,1.5,0,0x04,0,0,0,1,0,0,0,-1,0,0,,,,,,,,,,,,,,,,,,,,,,
108,1,OPEN_YAW,3.6333333333333333,127474,3890.19775390625,1334,40.71044921875,24.563718140929534,164,5.0048828125,1170,35.70556640625,0,0.0,0xFA8FA93F,0,512,384,0.0,2.0,1.5,0,0x04,0,0,0,1,0,0,0,-1,0,0,,,,,,,,,,,,,,,,,,,,,,
109,1,OPEN_YAW,3.6666666666666665,128668,3926.6357421875,1194,36.43798828125,27.44388609715243,164,5.0048828125,1029,31.402587890625,1,0.030517578125,0xC813CCF6,0,512,384,0.0,2.0,1.5,0,0x04,0,0,0,1,0,0,0,-1,0,0,,,,,,,,,,,,,,,,,,,,,,
110,1,OPEN_YAW,3.7,130008,3967.529296875,1340,40.8935546875,24.453731343283582,164,5.0048828125,1176,35.888671875,0,0.0,0xA5F2BEEB,0,512,384,0.0,2.0,1.5,0,0x04,0,0,0,1,0,0,0,-1,0,0,,,,,,,,,,,,,,,,,,,,,,
111,1,OPEN_YAW,3.7333333333333334,131252,4005.4931640625,1244,37.9638671875,26.340836012861736,164,5.0048828125,1079,32.928466796875,1,0.030517578125,0xFC68B016,0,512,384,0.0,2.0,1.5,0,0x04,0,0,0,1,0,0,0,-1,0,0,,,,,,,,,,,,,,,,,,,,,,
112,1,OPEN_YAW,3.7666666666666666,132661,4048.492431640625,1409,42.999267578125,23.256210078069554,165,5.035400390625,1244,37.9638671875,0,0.0,0x57F83B3D,0,512,384,0.0,2.0,1.5,0,0x04,0,0,0,1,0,0,0,-1,0,0,,,,,,,,,,,,,,,,,,,,,,
113,1,OPEN_YAW,3.8,134168,4094.482421875,1507,45.989990234375,21.74386197743862,164,5.0048828125,1342,40.95458984375,1,0.030517578125,0x44510D1A,0,512,384,0.0,2.0,1.5,0,0x04,0,0,0,1,0,0,0,-1,0,0,,,,,,,,,,,,,,,,,,,,,,
114,1,OPEN_YAW,3.8333333333333335,135805,4144.439697265625,1637,49.957275390625,20.01710445937691,164,5.0048828125,1473,44.952392578125,0,0.0,0xE47DEAEF,0,512,384,0.0,2.0,1.5,0,0x04,0,0,0,1,0,0,0,-1,0,0,,,,,,,,,,,,,,,,,,,,,,
115,1,OPEN_YAW,3.8666666666666667,137381,4192.535400390625,1576,48.095703125,20.79187817258883,164,5.0048828125,1412,43.0908203125,0,0.0,0x70470C18,0,512,384,0.0,2.0,1.5,0,0x04,0,0,0,1,0,0,0,-1,0,0,,,,,,,,,,,,,,,,,,,,,,
116,1,OPEN_YAW,3.9,139315,4251.556396484375,1934,59.02099609375,16.943123061013445,164,5.0048828125,1769,53.985595703125,1,0.030517578125,0x6E85EBC5,0,512,384,0.0,2.0,1.5,0,0x04,0,0,0,1,0,0,0,-1,0,0,,,,,,,,,,,,,,,,,,,,,,
117,1,OPEN_YAW,3.933333333333333,141263,4311.004638671875,1948,59.4482421875,16.82135523613963,164,5.0048828125,1784,54.443359375,0,0.0,0x1F45C49E,0,512,384,0.0,2.0,1.5,0,0x04,0,0,0,1,0,0,0,-1,0,0,,,,,,,,,,,,,,,,,,,,,,
118,1,OPEN_YAW,3.966666666666667,143269,4372.222900390625,2006,61.21826171875,16.334995014955133,164,5.0048828125,1841,56.182861328125,1,0.030517578125,0x94A84683,0,512,384,0.0,2.0,1.5,0,0x04,0,0,0,1,0,0,0,-1,0,0,,,,,,,,,,,,,,,,,,,,,,
119,1,OPEN_YAW,4.0,145301,4434.234619140625,2032,62.01171875,16.125984251968504,164,5.0048828125,1868,57.0068359375,0,0.0,0xD27F4708,0,512,384,0.0,2.0,1.5,0,0x04,0,0,0,1,0,0,0,-1,0,0,,,,,,,,,,,,,,,,,,,,,,
120,1,OPEN_YAW,4.033333333333333,147294,4495.05615234375,1993,60.821533203125,16.44154540893126,164,5.0048828125,1828,55.7861328125,1,0.030517578125,0xF0C60EB7,0,512,384,0.0,2.0,1.5,0,0x04,0,0,0,1,0,0,0,-1,0,0,,,,,,,,,,,,,,,,,,,,,,
121,1,OPEN_YAW,4.066666666666666,149461,4561.187744140625,2167,66.131591796875,15.121365943700969,164,5.0048828125,2003,61.126708984375,0,0.0,0x1A9A2DD0,0,512,384,0.0,2.0,1.5,0,0x04,0,0,0,1,0,0,0,-1,0,0,,,,,,,,,,,,,,,,,,,,,,
122,1,OPEN_YAW,4.1,151666,4628.47900390625,2205,67.291259765625,14.86077097505669,164,5.0048828125,2040,62.255859375,1,0.030517578125,0x45E0B719,0,512,384,0.0,2.0,1.5,0,0x04,0,0,0,1,0,0,0,-1,0,0,,,,,,,,,,,,,,,,,,,,,,
123,1,OPEN_YAW,4.133333333333334,153927,4697.479248046875,2261,69.000244140625,14.492702344095534,164,5.0048828125,2096,63.96484375,1,0.030517578125,0xAED9429C,0,512,384,0.0,2.0,1.5,0,0x04,0,0,0,1,0,0,0,-1,0,0,,,,,,,,,,,,,,,,,,,,,,
124,1,OPEN_YAW,4.166666666666667,156162,4765.68603515625,2235,68.206787109375,14.661297539149889,164,5.0048828125,2071,63.201904296875,0,0.0,0x58A773FF,0,512,384,0.0,2.0,1.5,0,0x04,0,0,0,1,0,0,0,-1,0,0,,,,,,,,,,,,,,,,,,,,,,
125,1,OPEN_YAW,4.2,158495,4836.883544921875,2333,71.197509765625,14.045435062151736,164,5.0048828125,2169,66.192626953125,0,0.0,0x8B3821D2,0,512,384,0.0,2.0,1.5,0,0x04,0,0,0,1,0,0,0,-1,0,0,,,,,,,,,,,,,,,,,,,,,,
126,1,OPEN_YAW,4.233333333333333,160751,4905.731201171875,2256,68.84765625,14.52482269503546,164,5.0048828125,2091,63.812255859375,1,0.030517578125,0x5E9768D3,0,512,384,0.0,2.0,1.5,0,0x04,0,0,0,1,0,0,0,-1,0,0,,,,,,,,,,,,,,,,,,,,,,
127,1,OPEN_YAW,4.266666666666667,162932,4972.2900390625,2181,66.558837890625,15.024300779458963,164,5.0048828125,2017,61.553955078125,0,0.0,0x9E5629C9,0,512,384,0.0,2.0,1.5,0,0x0C,0,0,0,1,1,0,0,-1,0,0,,,,,,,,,,,,,,,,,,,,,,
128,2,PITCH_SWEEP,4.3,165090,5038.14697265625,2158,65.85693359375,15.184430027803522,165,5.035400390625,1993,60.821533203125,0,0.0,0xEBC50AFB,0,512,384,0.0,2.0,1.5,0,0x04,0,0,0,1,0,0,0,0,1,0,,,,,,,,,,,,,,,,,,,,,,
129,2,PITCH_SWEEP,4.333333333333333,167135,5100.555419921875,2045,62.408447265625,16.023471882640585,165,5.035400390625,1879,57.342529296875,1,0.030517578125,0x99F6DC11,0,512,384,0.0,2.0,1.5,0,0x04,0,0,0,1,0,0,0,0,1,0,,,,,,,,,,,,,,,,,,,,,,
130,2,PITCH_SWEEP,4.366666666666666,169192,5163.330078125,2057,62.774658203125,15.929995138551288,165,5.035400390625,1891,57.708740234375,1,0.030517578125,0xF5262E21,0,512,384,0.0,2.0,1.5,0,0x04,0,0,0,1,0,0,0,0,1,0,,,,,,,,,,,,,,,,,,,,,,
131,2,PITCH_SWEEP,4.4,171173,5223.785400390625,1981,60.455322265625,16.541140837960626,165,5.035400390625,1816,55.419921875,0,0.0,0xB89D05A3,0,512,384,0.0,2.0,1.5,0,0x04,0,0,0,1,0,0,0,0,1,0,,,,,,,,,,,,,,,,,,,,,,
132,2,PITCH_SWEEP,4.433333333333334,173053,5281.158447265625,1880,57.373046875,17.429787234042553,165,5.035400390625,1715,52.337646484375,0,0.0,0x0366AA7D,0,512,384,0.0,2.0,1.5,0,0x04,0,0,0,1,0,0,0,0,1,0,,,,,,,,,,,,,,,,,,,,,,
133,2,PITCH_SWEEP,4.466666666666667,174890,5337.21923828125,1837,56.060791015625,17.837778987479588,165,5.035400390625,1671,50.994873046875,1,0.030517578125,0xD32DF697,0,512,384,0.0,2.0,1.5,0,0x06,1,1,0,1,0,0,0,0,1,0,50.933837890625,0.030517578125,0.213623046875,7.049560546875,10.19287109375,1.220703125,4.486083984375,16.90673828125,0.0,10.25390625,0.579833984375,0,0,0,0,0,0,0,0,0,0,0
134,2,PITCH_SWEEP,4.5,176543,5387.664794921875,1653,50.445556640625,19.82335148215366,165,5.035400390625,1488,45.41015625,0,0.0,0xFD0ED9B9,0,512,384,0.0,2.0,1.5,0,0x04,0,0,0,1,0,0,0,0,1,0,,,,,,,,,,,,,,,,,,,,,,
135,2,PITCH_SWEEP,4.533333333333333,178138,5436.34033203125,1595,48.675537109375,20.54420062695925,165,5.035400390625,1430,43.64013671875,0,0.0,0x384A2F1B,0,512,384,0.0,2.0,1.5,0,0x04,0,0,0,1,0,0,0,0,1,0,,,,,,,,,,,,,,,,,,,,,,
136,2,PITCH_SWEEP,4.566666666666666,179707,5484.222412109375,1569,47.882080078125,20.88463989802422,165,5.035400390625,1404,42.8466796875,0,0.0,0x7DFB7EEB,0,512,384,0.0,2.0,1.5,0,0x04,0,0,0,1,0,0,0,0,1,0,,,,,,,,,,,,,,,,,,,,,,
137,2,PITCH_SWEEP,4.6,181239,5530.975341796875,1532,46.7529296875,21.389033942558747,165,5.035400390625,1366,41.68701171875,1,0.030517578125,0x665540F9,0,512,384,0.0,2.0,1.5,0,0x04,0,0,0,1,0,0,0,0,1,0,,,,,,,,,,,,,,,,,,,,,,
138,2,PITCH_SWEEP,4.633333333333334,182744,5576.904296875,1505,45.928955078125,21.772757475083058,165,5.035400390625,1339,40.863037109375,1,0.030517578125,0x24928A59,0,512,384,0.0,2.0,1.5,0,0x04,0,0,0,1,0,0,0,0,1,0,,,,,,,,,,,,,,,,,,,,,,
139,2,PITCH_SWEEP,4.666666666666667,184209,5621.612548828125,1465,44.708251953125,22.367235494880546,165,5.035400390625,1299,39.642333984375,1,0.030517578125,0xE620FE03,0,512,384,0.0,2.0,1.5,0,0x04,0,0,0,1,0,0,0,0,1,0,,,,,,,,,,,,,,,,,,,,,,
140,2,PITCH_SWEEP,4.7,185699,5667.083740234375,1490,45.47119140625,21.99194630872483,164,5.0048828125,1326,40.46630859375,0,0.0,0xF31CD78D,0,512,384,0.0,2.0,1.5,0,0x04,0,0,0,1,0,0,0,0,1,0,,,,,,,,,,,,,,,,,,,,,,
141,2,PITCH_SWEEP,4.733333333333333,187172,5712.0361328125,1473,44.952392578125,22.245756958587915,165,5.035400390625,1308,39.9169921875,0,0.0,0xFC73F4CF,0,512,384,0.0,2.0,1.5,0,0x04,0,0,0,1,0,0,0,0,1,0,,,,,,,,,,,,,,,,,,,,,,
142,2,PITCH_SWEEP,4.766666666666667,188847,5763.153076171875,1675,51.116943359375,19.562985074626866,165,5.035400390625,1510,46.08154296875,0,0.0,0x31DBE5A1,0,512,384,0.0,2.0,1.5,0,0x04,0,0,0,1,0,0,0,0,1,0,,,,,,,,,,,,,,,,,,,,,,
143,2,PITCH_SWEEP,4.8,190645,5818.023681640625,1798,54.87060546875,18.224694104560623,165,5.035400390625,1633,49.835205078125,0,0.0,0x637D44ED,0,512,384,0.0,2.0,1.5,0,0x04,0,0,0,1,0,0,0,0,1,0,,,,,,,,,,,,,,,,,,,,,,
144,2,PITCH_SWEEP,4.833333333333333,192430,5872.49755859375,1785,54.473876953125,18.357422969187674,164,5.0048828125,1620,49.4384765625,1,0.030517578125,0xDF585765,0,512,384,0.0,2.0,1.5,0,0x04,0,0,0,1,0,0,0,0,1,0,,,,,,,,,,,,,,,,,,,,,,
145,2,PITCH_SWEEP,4.866666666666666,194033,5921.417236328125,1603,48.919677734375,20.44167186525265,165,5.035400390625,1438,43.88427734375,0,0.0,0xC6349AE7,0,512,384,0.0,2.0,1.5,0,0x04,0,0,0,1,0,0,0,0,1,0,,,,,,,,,,,,,,,,,,,,,,
146,2,PITCH_SWEEP,4.9,195557,5967.926025390625,1524,46.5087890625,21.501312335958005,164,5.0048828125,1360,41.50390625,0,0.0,0xF7C74FC9,0,512,384,0.0,2.0,1.5,0,0x04,0,0,0,1,0,0,0,0,1,0,,,,,,,,,,,,,,,,,,,,,,
147,2,PITCH_SWEEP,4.933333333333334,197060,6013.7939453125,1503,45.867919921875,21.80172987358616,165,5.035400390625,1337,40.802001953125,1,0.030517578125,0xD205864D,0,512,384,0.0,2.0,1.5,0,0x04,0,0,0,1,0,0,0,0,1,0,,,,,,,,,,,,,,,,,,,,,,
148,2,PITCH_SWEEP,4.966666666666667,198488,6057.373046875,1428,43.5791015625,22.946778711484594,165,5.035400390625,1263,38.543701171875,0,0.0,0x5776983D,0,512,384,0.0,2.0,1.5,0,0x04,0,0,0,1,0,0,0,0,1,0,,,,,,,,,,,,,,,,,,,,,,
149,2,PITCH_SWEEP,5.0,199908,6100.7080078125,1420,43.3349609375,23.07605633802817,165,5.035400390625,1255,38.299560546875,0,0.0,0x3C8645B7,0,512,384,0.0,2.0,1.5,0,0x04,0,0,0,1,0,0,0,0,1,0,,,,,,,,,,,,,,,,,,,,,,
150,2,PITCH_SWEEP,5.033333333333333,201306,6143.37158203125,1398,42.66357421875,23.43919885550787,165,5.035400390625,1233,37.628173828125,0,0.0,0xE8184D3B,0,512,384,0.0,2.0,1.5,0,0x04,0,0,0,1,0,0,0,0,1,0,,,,,,,,,,,,,,,,,,,,,,
151,2,PITCH_SWEEP,5.066666666666666,202648,6184.326171875,1342,40.95458984375,24.417287630402384,165,5.035400390625,1177,35.919189453125,0,0.0,0x92BE7535,0,512,384,0.0,2.0,1.5,0,0x04,0,0,0,1,0,0,0,0,1,0,,,,,,,,,,,,,,,,,,,,,,
152,2,PITCH_SWEEP,5.1,204025,6226.348876953125,1377,42.022705078125,23.79665940450254,165,5.035400390625,1211,36.956787109375,1,0.030517578125,0xE8184D3B,0,512,384,0.0,2.0,1.5,0,0x04,0,0,0,1,0,0,0,0,-1,0,,,,,,,,,,,,,,,,,,,,,,
153,2,PITCH_SWEEP,5.133333333333334,205424,6269.04296875,1399,42.694091796875,23.422444603288064,165,5.035400390625,1234,37.65869140625,0,0.0,0x3C8645B7,0,512,384,0.0,2.0,1.5,0,0x04,0,0,0,1,0,0,0,0,-1,0,,,,,,,,,,,,,,,,,,,,,,
154,2,PITCH_SWEEP,5.166666666666667,206837,6312.164306640625,1413,43.121337890625,23.19037508846426,165,5.035400390625,1247,38.055419921875,1,0.030517578125,0x5776983D,0,512,384,0.0,2.0,1.5,0,0x04,0,0,0,1,0,0,0,0,-1,0,,,,,,,,,,,,,,,,,,,,,,
155,2,PITCH_SWEEP,5.2,208295,6356.658935546875,1458,44.49462890625,22.474622770919066,165,5.035400390625,1292,39.4287109375,1,0.030517578125,0xD205864D,0,512,384,0.0,2.0,1.5,0,0x04,0,0,0,1,0,0,0,0,-1,0,,,,,,,,,,,,,,,,,,,,,,
156,2,PITCH_SWEEP,5.233333333333333,209758,6401.30615234375,1463,44.647216796875,22.39781271360219,164,5.0048828125,1299,39.642333984375,0,0.0,0xF7C74FC9,0,512,384,0.0,2.0,1.5,0,0x04,0,0,0,1,0,0,0,0,-1,0,,,,,,,,,,,,,,,,,,,,,,
157,2,PITCH_SWEEP,5.266666666666667,211324,6449.0966796875,1566,47.79052734375,20.924648786717754,165,5.035400390625,1401,42.755126953125,0,0.0,0xC6349AE7,0,512,384,0.0,2.0,1.5,0,0x04,0,0,0,1,0,0,0,0,-1,0,,,,,,,,,,,,,,,,,,,,,,
158,2,PITCH_SWEEP,5.3,213085,6502.838134765625,1761,53.741455078125,18.607609312890403,165,5.035400390625,1596,48.7060546875,0,0.0,0xDF585765,0,512,384,0.0,2.0,1.5,0,0x04,0,0,0,1,0,0,0,0,-1,0,,,,,,,,,,,,,,,,,,,,,,
159,2,PITCH_SWEEP,5.333333333333333,214875,6557.464599609375,1790,54.62646484375,18.306145251396647,165,5.035400390625,1624,49.560546875,1,0.030517578125,0x637D44ED,0,512,384,0.0,2.0,1.5,0,0x04,0,0,0,1,0,0,0,0,-1,0,,,,,,,,,,,,,,,,,,,,,,
160,2,PITCH_SWEEP,5.366666666666666,216547,6608.489990234375,1672,51.025390625,19.598086124401913,164,5.0048828125,1508,46.0205078125,0,0.0,0x31DBE5A1,0,512,384,0.0,2.0,1.5,0,0x04,0,0,0,1,0,0,0,0,-1,0,,,,,,,,,,,,,,,,,,,,,,
161,2,PITCH_SWEEP,5.4,218014,6653.25927734375,1467,44.769287109375,22.336741649625086,165,5.035400390625,1302,39.73388671875,0,0.0,0xFC73F4CF,0,512,384,0.0,2.0,1.5,0,0x04,0,0,0,1,0,0,0,0,-1,0,,,,,,,,,,,,,,,,,,,,,,
162,2,PITCH_SWEEP,5.433333333333334,219502,6698.66943359375,1488,45.41015625,22.021505376344088,165,5.035400390625,1323,40.374755859375,0,0.0,0xF31CD78D,0,512,384,0.0,2.0,1.5,0,0x04,0,0,0,1,0,0,0,0,-1,0,,,,,,,,,,,,,,,,,,,,,,
163,2,PITCH_SWEEP,5.466666666666667,221014,6744.81201171875,1512,46.142578125,21.67195767195767,165,5.035400390625,1346,41.07666015625,1,0.030517578125,0xE620FE03,0,512,384,0.0,2.0,1.5,0,0x04,0,0,0,1,0,0,0,0,-1,0,,,,,,,,,,,,,,,,,,,,,,
164,2,PITCH_SWEEP,5.5,222497,6790.069580078125,1483,45.257568359375,22.09575185434929,164,5.0048828125,1319,40.252685546875,0,0.0,0x24928A59,0,512,384,0.0,2.0,1.5,0,0x04,0,0,0,1,0,0,0,0,-1,0,,,,,,,,,,,,,,,,,,,,,,
165,2,PITCH_SWEEP,5.533333333333333,223968,6834.9609375,1471,44.891357421875,22.276002719238612,164,5.0048828125,1307,39.886474609375,0,0.0,0x665540F9,0,512,384,0.0,2.0,1.5,0,0x04,0,0,0,1,0,0,0,0,-1,0,,,,,,,,,,,,,,,,,,,,,,
166,2,PITCH_SWEEP,5.566666666666666,225499,6881.683349609375,1531,46.722412109375,21.40300457217505,165,5.035400390625,1366,41.68701171875,0,0.0,0x7DFB7EEB,0,512,384,0.0,2.0,1.5,0,0x04,0,0,0,1,0,0,0,0,-1,0,,,,,,,,,,,,,,,,,,,,,,
167,2,PITCH_SWEEP,5.6,227053,6929.107666015625,1554,47.42431640625,21.086229086229086,165,5.035400390625,1388,42.3583984375,1,0.030517578125,0x384A2F1B,0,512,384,0.0,2.0,1.5,0,0x04,0,0,0,1,0,0,0,0,-1,0,,,,,,,,,,,,,,,,,,,,,,
168,2,PITCH_SWEEP,5.633333333333334,228660,6978.1494140625,1607,49.041748046875,20.39079029247044,164,5.0048828125,1443,44.036865234375,0,0.0,0xFD0ED9B9,0,512,384,0.0,2.0,1.5,0,0x04,0,0,0,1,0,0,0,0,-1,0,,,,,,,,,,,,,,,,,,,,,,
169,2,PITCH_SWEEP,5.666666666666667,230459,7033.050537109375,1799,54.901123046875,18.21456364647026,165,5.035400390625,1634,49.86572265625,0,0.0,0xD32DF697,0,512,384,0.0,2.0,1.5,0,0x04,0,0,0,1,0,0,0,0,-1,0,,,,,,,,,,,,,,,,,,,,,,
170,2,PITCH_SWEEP,5.7,232304,7089.35546875,1845,56.304931640625,17.760433604336043,165,5.035400390625,1680,51.26953125,0,0.0,0x0366AA7D,0,512,384,0.0,2.0,1.5,0,0x04,0,0,0,1,0,0,0,0,-1,0,,,,,,,,,,,,,,,,,,,,,,
171,2,PITCH_SWEEP,5.733333333333333,234203,7147.308349609375,1899,57.952880859375,17.255397577672458,165,5.035400390625,1733,52.886962890625,1,0.030517578125,0xB89D05A3,0,512,384,0.0,2.0,1.5,0,0x04,0,0,0,1,0,0,0,0,-1,0,,,,,,,,,,,,,,,,,,,,,,
172,2,PITCH_SWEEP,5.766666666666667,236182,7207.70263671875,1979,60.394287109375,16.557857503789794,165,5.035400390625,1813,55.328369140625,1,0.030517578125,0xF5262E21,0,512,384,0.0,2.0,1.5,0,0x04,0,0,0,1,0,0,0,0,-1,0,,,,,,,,,,,,,,,,,,,,,,
173,2,PITCH_SWEEP,5.8,238240,7270.5078125,2058,62.80517578125,15.922254616132166,164,5.0048828125,1893,57.769775390625,1,0.030517578125,0x99F6DC11,0,512,384,0.0,2.0,1.5,0,0x04,0,0,0,1,0,0,0,0,-1,0,,,,,,,,,,,,,,,,,,,,,,
174,2,PITCH_SWEEP,5.833333333333333,240318,7333.92333984375,2078,63.41552734375,15.76900866217517,165,5.035400390625,1912,58.349609375,1,0.030517578125,0xEBC50AFB,0,512,384,0.0,2.0,1.5,0,0x04,0,0,0,1,0,0,0,0,-1,0,,,,,,,,,,,,,,,,,,,,,,
175,2,PITCH_SWEEP,5.866666666666666,242375,7396.697998046875,2057,62.774658203125,15.929995138551288,164,5.0048828125,1893,57.769775390625,0,0.0,0x9E5629C9,0,512,384,0.0,2.0,1.5,0,0x04,0,0,0,1,0,0,0,0,-1,0,,,,,,,,,,,,,,,,,,,,,,
176,2,PITCH_SWEEP,5.9,244456,7460.205078125,2081,63.507080078125,15.7462758289284,165,5.035400390625,1916,58.4716796875,0,0.0,0x70322F27,0,512,384,0.0,2.0,1.5,0,0x04,0,0,0,1,0,0,0,0,-1,0,,,,,,,,,,,,,,,,,,,,,,
177,2,PITCH_SWEEP,5.933333333333334,246557,7524.322509765625,2101,64.117431640625,15.596382674916706,164,5.0048828125,1937,59.112548828125,0,0.0,0x390641B9,0,512,384,0.0,2.0,1.5,0,0x04,0,0,0,1,0,0,0,0,-1,0,,,,,,,,,,,,,,,,,,,,,,
178,2,PITCH_SWEEP,5.966666666666667,248668,7588.7451171875,2111,64.422607421875,15.522501184272857,165,5.035400390625,1945,59.356689453125,1,0.030517578125,0xC1D27A09,0,512,384,0.0,2.0,1.5,0,0x04,0,0,0,1,0,0,0,0,-1,0,,,,,,,,,,,,,,,,,,,,,,
179,2,PITCH_SWEEP,6.0,250766,7652.77099609375,2098,64.02587890625,15.618684461391801,164,5.0048828125,1933,58.990478515625,1,0.030517578125,0xDBF98667,0,512,384,0.0,2.0,1.5,0,0x04,0,0,0,1,0,0,0,0,-1,0,,,,,,,,,,,,,,,,,,,,,,
180,2,PITCH_SWEEP,6.033333333333333,252867,7716.888427734375,2101,64.117431640625,15.596382674916706,164,5.0048828125,1936,59.08203125,1,0.030517578125,0x776F84F5,0,512,384,0.0,2.0,1.5,0,0x04,0,0,0,1,0,0,0,0,-1,0,,,,,,,,,,,,,,,,,,,,,,
181,2,PITCH_SWEEP,6.066666666666666,254968,7781.005859375,2101,64.117431640625,15.596382674916706,165,5.035400390625,1935,59.051513671875,1,0.030517578125,0x9C5D3DAB,0,512,384,0.0,2.0,1.5,0,0x04,0,0,0,1,0,0,0,0,-1,0,,,,,,,,,,,,,,,,,,,,,,
182,2,PITCH_SWEEP,6.1,257072,7845.21484375,2104,64.208984375,15.574144486692015,165,5.035400390625,1939,59.173583984375,0,0.0,0xF3A6ABD1,0,512,384,0.0,2.0,1.5,0,0x04,0,0,0,1,0,0,0,0,-1,0,,,,,,,,,,,,,,,,,,,,,,
183,2,PITCH_SWEEP,6.133333333333334,259186,7909.72900390625,2114,64.51416015625,15.500473036896878,165,5.035400390625,1949,59.478759765625,0,0.0,0x979B296F,0,512,384,0.0,2.0,1.5,0,0x04,0,0,0,1,0,0,0,0,-1,0,,,,,,,,,,,,,,,,,,,,,,
184,2,PITCH_SWEEP,6.166666666666667,261258,7972.96142578125,2072,63.232421875,15.814671814671815,165,5.035400390625,1906,58.16650390625,1,0.030517578125,0x0CFC7757,0,512,384,0.0,2.0,1.5,0,0x04,0,0,0,1,0,0,0,0,-1,0,,,,,,,,,,,,,,,,,,,,,,
185,2,PITCH_SWEEP,6.2,263323,8035.980224609375,2065,63.018798828125,15.868280871670702,164,5.0048828125,1901,58.013916015625,0,0.0,0x917C6B41,0,512,384,0.0,2.0,1.5,0,0x04,0,0,0,1,0,0,0,0,-1,0,,,,,,,,,,,,,,,,,,,,,,
186,2,PITCH_SWEEP,6.233333333333333,265335,8097.381591796875,2012,61.4013671875,16.28628230616302,165,5.035400390625,1847,56.365966796875,0,0.0,0x556C25D5,0,512,384,0.0,2.0,1.5,0,0x04,0,0,0,1,0,0,0,0,-1,0,,,,,,,,,,,,,,,,,,,,,,
187,2,PITCH_SWEEP,6.266666666666667,267299,8157.318115234375,1964,59.9365234375,16.684317718940935,165,5.035400390625,1798,54.87060546875,1,0.030517578125,0x1E07FA07,0,512,384,0.0,2.0,1.5,0,0x04,0,0,0,1,0,0,0,0,-1,0,,,,,,,,,,,,,,,,,,,,,,
188,2,PITCH_SWEEP,6.3,269049,8210.723876953125,1750,53.40576171875,18.72457142857143,165,5.035400390625,1584,48.33984375,1,0.030517578125,0x9BACD179,0,512,384,0.0,2.0,1.5,0,0x04,0,0,0,1,0,0,0,0,-1,0,,,,,,,,,,,,,,,,,,,,,,
189,2,PITCH_SWEEP,6.333333333333333,270766,8263.12255859375,1717,52.398681640625,19.084449621432732,164,5.0048828125,1553,47.393798828125,0,0.0,0x41E71BC3,0,512,384,0.0,2.0,1.5,0,0x04,0,0,0,1,0,0,0,0,-1,0,,,,,,,,,,,,,,,,,,,,,,
190,2,PITCH_SWEEP,6.366666666666666,272367,8311.981201171875,1601,48.858642578125,20.467207995003122,165,5.035400390625,1436,43.8232421875,0,0.0,0xACF00F3D,0,512,384,0.0,2.0,1.5,0,0x04,0,0,0,1,0,0,0,0,-1,0,,,,,,,,,,,,,,,,,,,,,,
191,2,PITCH_SWEEP,6.4,273900,8358.7646484375,1533,46.783447265625,21.3750815394651,165,5.035400390625,1367,41.717529296875,1,0.030517578125,0x32DB7BBD,0,512,384,0.0,2.0,1.5,0,0x04,0,0,0,1,0,0,0,0,-1,0,,,,,,,,,,,,,,,,,,,,,,
192,2,PITCH_SWEEP,6.433333333333334,275349,8402.984619140625,1449,44.219970703125,22.614216701173223,164,5.0048828125,1285,39.215087890625,0,0.0,0xB63D0AED,0,512,384,0.0,2.0,1.5,0,0x04,0,0,0,1,0,0,0,0,-1,0,,,,,,,,,,,,,,,,,,,,,,
193,2,PITCH_SWEEP,6.466666666666667,276761,8446.075439453125,1412,43.0908203125,23.206798866855525,164,5.0048828125,1247,38.055419921875,1,0.030517578125,0x1DBE7CEB,0,512,384,0.0,2.0,1.5,0,0x04,0,0,0,1,0,0,0,0,-1,0,,,,,,,,,,,,,,,,,,,,,,
194,2,PITCH_SWEEP,6.5,278133,8487.945556640625,1372,41.8701171875,23.88338192419825,164,5.0048828125,1207,36.834716796875,1,0.030517578125,0x955E2471,0,512,384,0.0,2.0,1.5,0,0x04,0,0,0,1,0,0,0,0,-1,0,,,,,,,,,,,,,,,,,,,,,,
195,2,PITCH_SWEEP,6.533333333333333,279502,8529.72412109375,1369,41.778564453125,23.93571950328707,165,5.035400390625,1204,36.7431640625,0,0.0,0x6151133D,0,512,384,0.0,2.0,1.5,0,0x04,0,0,0,1,0,0,0,0,-1,0,,,,,,,,,,,,,,,,,,,,,,
196,2,PITCH_SWEEP,6.566666666666666,280854,8570.98388671875,1352,41.259765625,24.236686390532544,165,5.035400390625,1187,36.224365234375,0,0.0,0x900FB321,0,512,384,0.0,2.0,1.5,0,0x04,0,0,0,1,0,0,0,0,-1,0,,,,,,,,,,,,,,,,,,,,,,
197,2,PITCH_SWEEP,6.6,282059,8607.757568359375,1205,36.773681640625,27.19336099585062,164,5.0048828125,1041,31.768798828125,0,0.0,0xC01F6EEB,0,512,384,0.0,2.0,1.5,0,0x04,0,0,0,1,0,0,0,0,-1,0,,,,,,,,,,,,,,,,,,,,,,
198,2,PITCH_SWEEP,6.633333333333334,283247,8644.012451171875,1188,36.2548828125,27.58249158249158,165,5.035400390625,1023,31.219482421875,0,0.0,0x984FEC5B,0,512,384,0.0,2.0,1.5,0,0x04,0,0,0,1,0,0,0,0,-1,0,,,,,,,,,,,,,,,,,,,,,,
199,2,PITCH_SWEEP,6.666666666666667,284538,8683.41064453125,1291,39.398193359375,25.381874515879165,165,5.035400390625,1125,34.332275390625,1,0.030517578125,0x0C713E95,0,512,384,0.0,2.0,1.5,0,0x04,0,0,0,1,0,0,0,0,-1,0,,,,,,,,,,,,,,,,,,,,,,
200,2,PITCH_SWEEP,6.7,285655,8717.498779296875,1117,34.088134765625,29.335720680393912,165,5.035400390625,952,29.052734375,0,0.0,0x984FEC5B,0,512,384,0.0,2.0,1.5,0,0x04,0,0,0,1,0,0,0,0,1,0,,,,,,,,,,,,,,,,,,,,,,
201,2,PITCH_SWEEP,6.733333333333333,286847,8753.875732421875,1192,36.376953125,27.48993288590604,165,5.035400390625,1027,31.341552734375,0,0.0,0xC01F6EEB,0,512,384,0.0,2.0,1.5,0,0x04,0,0,0,1,0,0,0,0,1,0,,,,,,,,,,,,,,,,,,,,,,
202,2,PITCH_SWEEP,6.766666666666667,288188,8794.7998046875,1341,40.924072265625,24.435495898583145,165,5.035400390625,1175,35.858154296875,1,0.030517578125,0x900FB321,0,512,384,0.0,2.0,1.5,0,0x04,0,0,0,1,0,0,0,0,1,0,,,,,,,,,,,,,,,,,,,,,,
203,2,PITCH_SWEEP,6.8,289546,8836.24267578125,1358,41.44287109375,24.12960235640648,164,5.0048828125,1193,36.407470703125,1,0.030517578125,0x6151133D,0,512,384,0.0,2.0,1.5,0,0x04,0,0,0,1,0,0,0,0,1,0,,,,,,,,,,,,,,,,,,,,,,
204,2,PITCH_SWEEP,6.833333333333333,290911,8877.899169921875,1365,41.656494140625,24.005860805860806,164,5.0048828125,1201,36.651611328125,0,0.0,0x955E2471,0,512,384,0.0,2.0,1.5,0,0x04,0,0,0,1,0,0,0,0,1,0,,,,,,,,,,,,,,,,,,,,,,
205,2,PITCH_SWEEP,6.866666666666666,292294,8920.10498046875,1383,42.205810546875,23.69342010122921,165,5.035400390625,1217,37.139892578125,1,0.030517578125,0x1DBE7CEB,0,512,384,0.0,2.0,1.5,0,0x04,0,0,0,1,0,0,0,0,1,0,,,,,,,,,,,,,,,,,,,,,,
206,2,PITCH_SWEEP,6.9,293695,8962.860107421875,1401,42.755126953125,23.38900785153462,164,5.0048828125,1237,37.750244140625,0,0.0,0xB63D0AED,0,512,384,0.0,2.0,1.5,0,0x04,0,0,0,1,0,0,0,0,1,0,,,,,,,,,,,,,,,,,,,,,,
207,2,PITCH_SWEEP,6.933333333333334,295168,9007.8125,1473,44.952392578125,22.245756958587915,165,5.035400390625,1308,39.9169921875,0,0.0,0x32DB7BBD,0,512,384,0.0,2.0,1.5,0,0x04,0,0,0,1,0,0,0,0,1,0,,,,,,,,,,,,,,,,,,,,,,
208,2,PITCH_SWEEP,6.966666666666667,296712,9054.931640625,1544,47.119140625,21.22279792746114,164,5.0048828125,1379,42.083740234375,1,0.030517578125,0xACF00F3D,0,512,384,0.0,2.0,1.5,0,0x04,0,0,0,1,0,0,0,0,1,0,,,,,,,,,,,,,,,,,,,,,,
209,2,PITCH_SWEEP,7.0,298377,9105.743408203125,1665,50.811767578125,19.68048048048048,165,5.035400390625,1500,45.7763671875,0,0.0,0x41E71BC3,0,512,384,0.0,2.0,1.5,0,0x04,0,0,0,1,0,0,0,0,1,0,,,,,,,,,,,,,,,,,,,,,,
210,2,PITCH_SWEEP,7.033333333333333,300091,9158.050537109375,1714,52.30712890625,19.117852975495914,164,5.0048828125,1549,47.271728515625,1,0.030517578125,0x9BACD179,0,512,384,0.0,2.0,1.5,0,0x04,0,0,0,1,0,0,0,0,1,0,,,,,,,,,,,,,,,,,,,,,,
211,2,PITCH_SWEEP,7.066666666666666,302023,9217.010498046875,1932,58.9599609375,16.96066252587992,164,5.0048828125,1767,53.924560546875,1,0.030517578125,0x1E07FA07,0,512,384,0.0,2.0,1.5,0,0x04,0,0,0,1,0,0,0,0,1,0,,,,,,,,,,,,,,,,,,,,,,
212,2,PITCH_SWEEP,7.1,304003,9277.435302734375,1980,60.4248046875,16.54949494949495,165,5.035400390625,1814,55.35888671875,1,0.030517578125,0x556C25D5,0,512,384,0.0,2.0,1.5,0,0x04,0,0,0,1,0,0,0,0,1,0,,,,,,,,,,,,,,,,,,,,,,
213,2,PITCH_SWEEP,7.133333333333334,306039,9339.569091796875,2036,62.1337890625,16.094302554027504,164,5.0048828125,1872,57.12890625,0,0.0,0x917C6B41,0,512,384,0.0,2.0,1.5,0,0x04,0,0,0,1,0,0,0,0,1,0,,,,,,,,,,,,,,,,,,,,,,
214,2,PITCH_SWEEP,7.166666666666667,308086,9402.03857421875,2047,62.469482421875,16.00781631656082,165,5.035400390625,1882,57.43408203125,0,0.0,0x0CFC7757,0,512,384,0.0,2.0,1.5,0,0x04,0,0,0,1,0,0,0,0,1,0,,,,,,,,,,,,,,,,,,,,,,
215,2,PITCH_SWEEP,7.2,310169,9465.606689453125,2083,63.568115234375,15.731156985117618,165,5.035400390625,1917,58.502197265625,1,0.030517578125,0x979B296F,0,512,384,0.0,2.0,1.5,0,0x04,0,0,0,1,0,0,0,0,1,0,,,,,,,,,,,,,,,,,,,,,,
216,2,PITCH_SWEEP,7.233333333333333,312264,9529.541015625,2095,63.934326171875,15.641050119331743,165,5.035400390625,1929,58.868408203125,1,0.030517578125,0xF3A6ABD1,0,512,384,0.0,2.0,1.5,0,0x04,0,0,0,1,0,0,0,0,1,0,,,,,,,,,,,,,,,,,,,,,,
217,2,PITCH_SWEEP,7.266666666666667,314384,9594.23828125,2120,64.697265625,15.456603773584906,164,5.0048828125,1956,59.6923828125,0,0.0,0x9C5D3DAB,0,512,384,0.0,2.0,1.5,0,0x04,0,0,0,1,0,0,0,0,1,0,,,,,,,,,,,,,,,,,,,,,,
218,2,PITCH_SWEEP,7.3,316494,9658.63037109375,2110,64.39208984375,15.529857819905214,165,5.035400390625,1945,59.356689453125,0,0.0,0x776F84F5,0,512,384,0.0,2.0,1.5,0,0x04,0,0,0,1,0,0,0,0,1,0,,,,,,,,,,,,,,,,,,,,,,
219,2,PITCH_SWEEP,7.333333333333333,318590,9722.59521484375,2096,63.96484375,15.633587786259541,164,5.0048828125,1931,58.929443359375,1,0.030517578125,0xDBF98667,0,512,384,0.0,2.0,1.5,0,0x04,0,0,0,1,0,0,0,0,1,0,,,,,,,,,,,,,,,,,,,,,,
220,2,PITCH_SWEEP,7.366666666666666,320681,9786.407470703125,2091,63.812255859375,15.670970827355333,164,5.0048828125,1926,58.77685546875,1,0.030517578125,0xC1D27A09,0,512,384,0.0,2.0,1.5,0,0x04,0,0,0,1,0,0,0,0,1,0,,,,,,,,,,,,,,,,,,,,,,
221,2,PITCH_SWEEP,7.4,322769,9850.128173828125,2088,63.720703125,15.693486590038313,164,5.0048828125,1924,58.7158203125,0,0.0,0x390641B9,0,512,384,0.0,2.0,1.5,0,0x04,0,0,0,1,0,0,0,0,1,0,,,,,,,,,,,,,,,,,,,,,,
222,2,PITCH_SWEEP,7.433333333333334,324873,9914.337158203125,2104,64.208984375,15.574144486692015,165,5.035400390625,1939,59.173583984375,0,0.0,0x70322F27,0,512,384,0.0,2.0,1.5,0,0x04,0,0,0,1,0,0,0,0,1,0,,,,,,,,,,,,,,,,,,,,,,
223,2,PITCH_SWEEP,7.466666666666667,326930,9977.11181640625,2057,62.774658203125,15.929995138551288,165,5.035400390625,1891,57.708740234375,1,0.030517578125,0x9E5629C9,0,512,384,0.0,2.0,1.5,0,0x0C,0,0,0,1,1,0,0,0,1,0,,,,,,,,,,,,,,,,,,,,,,
224,3,PORTAL_FAR,7.5,328915,10037.689208984375,1985,60.577392578125,16.507808564231738,157,4.791259765625,1827,55.755615234375,1,0.030517578125,0x8A2F81AC,0,533,384,0.0,2.08203125,1.5,0,0x04,0,0,0,1,0,0,1,0,0,0,,,,,,,,,,,,,,,,,,,,,,
225,3,PORTAL_FAR,7.533333333333333,330802,10095.27587890625,1887,57.586669921875,17.365129835718072,157,4.791259765625,1729,52.764892578125,1,0.030517578125,0xE25D7961,0,554,384,0.0,2.1640625,1.5,0,0x04,0,0,0,1,0,0,1,0,0,0,,,,,,,,,,,,,,,,,,,,,,
226,3,PORTAL_FAR,7.566666666666666,332758,10154.96826171875,1956,59.6923828125,16.752556237218815,157,4.791259765625,1798,54.87060546875,1,0.030517578125,0x21F6AB56,0,575,384,0.0,2.24609375,1.5,0,0x04,0,0,0,1,0,0,1,0,0,0,,,,,,,,,,,,,,,,,,,,,,
227,3,PORTAL_FAR,7.6,334683,10213.714599609375,1925,58.746337890625,17.022337662337662,156,4.7607421875,1768,53.955078125,1,0.030517578125,0xDF40AB83,0,596,384,0.0,2.328125,1.5,0,0x04,0,0,0,1,0,0,1,0,0,0,,,,,,,,,,,,,,,,,,,,,,
228,3,PORTAL_FAR,7.633333333333334,336544,10270.5078125,1861,56.793212890625,17.607737775389577,156,4.7607421875,1704,52.001953125,1,0.030517578125,0xC8B687A0,0,617,384,0.0,2.41015625,1.5,0,0x04,0,0,0,1,0,0,1,0,0,0,,,,,,,,,,,,,,,,,,,,,,
229,3,PORTAL_FAR,7.666666666666667,338405,10327.301025390625,1861,56.793212890625,17.607737775389577,156,4.7607421875,1705,52.032470703125,0,0.0,0x21711EA5,0,638,384,0.0,2.4921875,1.5,0,0x04,0,0,0,1,0,0,1,0,0,0,,,,,,,,,,,,,,,,,,,,,,
230,3,PORTAL_FAR,7.7,340378,10387.51220703125,1973,60.211181640625,16.60821084642676,157,4.791259765625,1815,55.389404296875,1,0.030517578125,0xEF2709EA,0,659,384,0.0,2.57421875,1.5,0,0x04,0,0,0,1,0,0,1,0,0,0,,,,,,,,,,,,,,,,,,,,,,
231,3,PORTAL_FAR,7.733333333333333,342396,10449.0966796875,2018,61.58447265625,16.237859266600594,156,4.7607421875,1861,56.793212890625,1,0.030517578125,0xA681AE77,0,680,384,0.0,2.65625,1.5,0,0x04,0,0,0,1,0,0,1,0,0,0,,,,,,,,,,,,,,,,,,,,,,
232,3,PORTAL_FAR,7.766666666666667,344385,10509.796142578125,1989,60.699462890625,16.474610356963296,157,4.791259765625,1831,55.877685546875,1,0.030517578125,0xC1415BE4,0,701,384,0.0,2.73828125,1.5,0,0x04,0,0,0,1,0,0,1,0,0,0,,,,,,,,,,,,,,,,,,,,,,
233,3,PORTAL_FAR,7.8,346247,10566.619873046875,1862,56.82373046875,17.59828141783029,157,4.791259765625,1704,52.001953125,1,0.030517578125,0x15562539,0,722,384,0.0,2.8203125,1.5,0,0x04,0,0,0,1,0,0,1,0,0,0,,,,,,,,,,,,,,,,,,,,,,
234,3,PORTAL_FAR,7.833333333333333,348147,10624.603271484375,1900,57.9833984375,17.246315789473684,157,4.791259765625,1743,53.192138671875,0,0.0,0x2E3AAF2E,0,743,384,0.0,2.90234375,1.5,0,0x04,0,0,0,1,0,0,1,0,0,0,,,,,,,,,,,,,,,,,,,,,,
235,3,PORTAL_FAR,7.866666666666666,350043,10682.464599609375,1896,57.861328125,17.282700421940927,157,4.791259765625,1739,53.070068359375,0,0.0,0x6A11B2BB,0,764,384,0.0,2.984375,1.5,0,0x04,0,0,0,1,0,0,1,0,0,0,,,,,,,,,,,,,,,,,,,,,,
236,3,PORTAL_FAR,7.9,351872,10738.28125,1829,55.816650390625,17.91580098414434,157,4.791259765625,1672,51.025390625,0,0.0,0x98AF8E0D,0,785,384,0.0,3.06640625,1.5,0,0x04,0,0,0,1,0,0,1,0,0,0,,,,,,,,,,,,,,,,,,,,,,
237,3,PORTAL_FAR,7.933333333333334,353722,10794.73876953125,1850,56.45751953125,17.712432432432433,157,4.791259765625,1693,51.666259765625,0,0.0,0x3C798CE8,0,806,384,0.0,3.1484375,1.5,0,0x04,0,0,0,1,0,0,1,0,0,0,,,,,,,,,,,,,,,,,,,,,,
238,3,PORTAL_FAR,7.966666666666667,355659,10853.851318359375,1937,59.112548828125,16.91688177594218,157,4.791259765625,1779,54.290771484375,1,0.030517578125,0xE5941D8F,0,827,384,0.0,3.23046875,1.5,0,0x04,0,0,0,1,0,0,1,0,0,0,,,,,,,,,,,,,,,,,,,,,,
239,3,PORTAL_FAR,8.0,357561,10911.895751953125,1902,58.04443359375,17.228180862250262,157,4.791259765625,1744,53.22265625,1,0.030517578125,0xB6B9C662,0,848,384,0.0,3.3125,1.5,0,0x04,0,0,0,1,0,0,1,0,0,0,,,,,,,,,,,,,,,,,,,,,,
240,3,PORTAL_FAR,8.033333333333333,359540,10972.2900390625,1979,60.394287109375,16.557857503789794,157,4.791259765625,1821,55.572509765625,1,0.030517578125,0xD8E4F351,0,869,384,0.0,3.39453125,1.5,0,0x04,0,0,0,1,0,0,1,0,0,0,,,,,,,,,,,,,,,,,,,,,,
241,3,PORTAL_FAR,8.066666666666666,361552,11033.69140625,2012,61.4013671875,16.28628230616302,157,4.791259765625,1854,56.57958984375,1,0.030517578125,0x6E5527DC,0,890,384,0.0,3.4765625,1.5,0,0x04,0,0,0,1,0,0,1,0,0,0,,,,,,,,,,,,,,,,,,,,,,
242,3,PORTAL_FAR,8.1,363490,11092.83447265625,1938,59.14306640625,16.90815273477812,157,4.791259765625,1781,54.351806640625,0,0.0,0x41C83353,0,911,384,0.0,3.55859375,1.5,0,0x04,0,0,0,1,0,0,1,0,0,0,,,,,,,,,,,,,,,,,,,,,,
243,3,PORTAL_FAR,8.133333333333333,365243,11146.331787109375,1753,53.497314453125,18.69252709640616,157,4.791259765625,1596,48.7060546875,0,0.0,0xF40E8226,0,932,384,0.0,3.640625,1.5,0,0x04,0,0,0,1,0,0,1,0,0,0,,,,,,,,,,,,,,,,,,,,,,
244,3,PORTAL_FAR,8.166666666666666,367148,11204.4677734375,1905,58.135986328125,17.201049868766404,157,4.791259765625,1748,53.3447265625,0,0.0,0x48B41C45,0,953,384,0.0,3.72265625,1.5,0,0x04,0,0,0,1,0,0,1,0,0,0,,,,,,,,,,,,,,,,,,,,,,
245,3,PORTAL_FAR,8.2,369057,11262.725830078125,1909,58.258056640625,17.165007857517026,157,4.791259765625,1752,53.466796875,0,0.0,0xD734A8A0,0,974,384,0.0,3.8046875,1.5,0,0x04,0,0,0,1,0,0,1,0,0,0,,,,,,,,,,,,,,,,,,,,,,
246,3,PORTAL_FAR,8.233333333333333,370802,11315.97900390625,1745,53.253173828125,18.778223495702004,157,4.791259765625,1587,48.431396484375,1,0.030517578125,0xCA13AD67,0,995,384,0.0,3.88671875,1.5,0,0x04,0,0,0,1,0,0,1,0,0,0,,,,,,,,,,,,,,,,,,,,,,
247,3,PORTAL_FAR,8.266666666666667,372614,11371.27685546875,1812,55.2978515625,18.083885209713024,156,4.7607421875,1655,50.506591796875,1,0.030517578125,0x67B1739A,0,1016,384,0.0,3.96875,1.5,0,0x04,0,0,0,1,0,0,1,0,0,0,,,,,,,,,,,,,,,,,,,,,,
248,3,PORTAL_FAR,8.3,375201,11450.225830078125,2587,78.948974609375,12.666408967916505,156,4.7607421875,2431,74.188232421875,0,0.0,0xA1481F06,0,1037,384,0.0,4.05078125,1.5,0,0x04,0,0,0,1,0,0,1,0,0,0,,,,,,,,,,,,,,,,,,,,,,
249,3,PORTAL_FAR,8.333333333333334,377803,11529.632568359375,2602,79.40673828125,12.593389700230592,157,4.791259765625,2444,74.5849609375,1,0.030517578125,0xEFFF61B3,0,1058,384,0.0,4.1328125,1.5,0,0x04,0,0,0,1,0,0,1,0,0,0,,,,,,,,,,,,,,,,,,,,,,
250,3,PORTAL_FAR,8.366666666666667,380007,11596.893310546875,2204,67.2607421875,14.867513611615244,157,4.791259765625,2046,62.43896484375,1,0.030517578125,0x0292F82C,0,1079,384,0.0,4.21484375,1.5,0,0x04,0,0,0,1,0,0,1,0,0,0,,,,,,,,,,,,,,,,,,,,,,
251,3,PORTAL_FAR,8.4,382214,11664.24560546875,2207,67.352294921875,14.847304032623471,157,4.791259765625,2050,62.56103515625,0,0.0,0x0E050D61,0,1100,384,0.0,4.296875,1.5,0,0x04,0,0,0,1,0,0,1,0,0,0,,,,,,,,,,,,,,,,,,,,,,
252,3,PORTAL_FAR,8.433333333333334,384139,11722.991943359375,1925,58.746337890625,17.022337662337662,157,4.791259765625,1767,53.924560546875,1,0.030517578125,0x42376622,0,1121,384,0.0,4.37890625,1.5,0,0x04,0,0,0,1,0,0,1,0,0,0,,,,,,,,,,,,,,,,,,,,,,
253,3,PORTAL_FAR,8.466666666666667,385957,11778.472900390625,1818,55.48095703125,18.024202420242023,157,4.791259765625,1661,50.689697265625,0,0.0,0xD22FBA7F,0,1142,384,0.0,4.4609375,1.5,0,0x04,0,0,0,1,0,0,1,0,0,0,,,,,,,,,,,,,,,,,,,,,,
254,3,PORTAL_FAR,8.5,387895,11837.615966796875,1938,59.14306640625,16.90815273477812,157,4.791259765625,1781,54.351806640625,0,0.0,0x7259FE18,0,1163,384,0.0,4.54296875,1.5,0,0x06,1,1,0,1,0,0,1,0,0,0,54.290771484375,0.0,0.213623046875,7.293701171875,9.33837890625,1.434326171875,4.730224609375,18.768310546875,0.0,11.932373046875,0.579833984375,0,0,0,0,0,0,0,0,0,0,0
255,3,PORTAL_FAR,8.533333333333333,389840,11896.97265625,1945,59.356689453125,16.847300771208225,157,4.791259765625,1787,54.534912109375,1,0.030517578125,0xCE60C26D,0,1184,384,0.0,4.625,1.5,0,0x04,0,0,0,1,0,0,1,0,0,0,,,,,,,,,,,,,,,,,,,,,,
256,3,PORTAL_FAR,8.566666666666666,391667,11952.728271484375,1827,55.755615234375,17.935413245758074,157,4.791259765625,1670,50.96435546875,0,0.0,0xA69ACC5E,0,1205,384,0.0,4.70703125,1.5,0,0x04,0,0,0,1,0,0,1,0,0,0,,,,,,,,,,,,,,,,,,,,,,
257,3,PORTAL_FAR,8.6,393361,12004.425048828125,1694,51.69677734375,19.343565525383706,157,4.791259765625,1536,46.875,1,0.030517578125,0xEA84E66B,0,1226,384,0.0,4.7890625,1.5,0,0x04,0,0,0,1,0,0,1,0,0,0,,,,,,,,,,,,,,,,,,,,,,
258,3,PORTAL_FAR,8.633333333333333,394913,12051.788330078125,1552,47.36328125,21.11340206185567,156,4.7607421875,1395,42.572021484375,1,0.030517578125,0xECE8EFE4,0,1247,384,0.0,4.87109375,1.5,0,0x04,0,0,0,1,0,0,1,0,0,0,,,,,,,,,,,,,,,,,,,,,,
259,3,PORTAL_FAR,8.666666666666666,396464,12099.12109375,1551,47.332763671875,21.12701482914249,157,4.791259765625,1394,42.54150390625,0,0.0,0x96B259B9,0,1268,384,0.0,4.953125,1.5,0,0x04,0,0,0,1,0,0,1,0,0,0,,,,,,,,,,,,,,,,,,,,,,
260,3,PORTAL_FAR,8.7,398106,12149.23095703125,1642,50.10986328125,19.956151035322776,157,4.791259765625,1484,45.2880859375,1,0.030517578125,0xAD36C447,0,1289,384,0.0,5.03515625,1.5,0,0x04,0,0,0,1,0,0,1,0,0,0,,,,,,,,,,,,,,,,,,,,,,
261,3,PORTAL_FAR,8.733333333333333,399761,12199.737548828125,1655,50.506591796875,19.79939577039275,157,4.791259765625,1497,45.684814453125,1,0.030517578125,0x3B78C54A,0,1310,384,0.0,5.1171875,1.5,0,0x04,0,0,0,1,0,0,1,0,0,0,,,,,,,,,,,,,,,,,,,,,,
262,3,PORTAL_FAR,8.766666666666667,401334,12247.74169921875,1573,48.004150390625,20.831532104259377,157,4.791259765625,1415,43.182373046875,1,0.030517578125,0xF990F785,0,1331,384,0.0,5.19921875,1.5,0,0x04,0,0,0,1,0,0,1,0,0,0,,,,,,,,,,,,,,,,,,,,,,
263,3,PORTAL_FAR,8.8,402916,12296.0205078125,1582,48.27880859375,20.713021491782555,157,4.791259765625,1425,43.487548828125,0,0.0,0xB7CC6310,0,1352,384,0.0,5.28125,1.5,0,0x04,0,0,0,1,0,0,1,0,0,0,,,,,,,,,,,,,,,,,,,,,,
264,3,PORTAL_FAR,8.833333333333334,404595,12347.259521484375,1679,51.239013671875,19.51637879690292,157,4.791259765625,1522,46.44775390625,0,0.0,0xA51AF683,0,1373,384,0.0,5.36328125,1.5,0,0x04,0,0,0,1,0,0,1,0,0,0,,,,,,,,,,,,,,,,,,,,,,
265,3,PORTAL_FAR,8.866666666666667,406273,12398.468017578125,1678,51.20849609375,19.528009535160905,157,4.791259765625,1521,46.417236328125,0,0.0,0x437F0B56,0,1394,384,0.0,5.4453125,1.5,0,0x04,0,0,0,1,0,0,1,0,0,0,,,,,,,,,,,,,,,,,,,,,,
266,3,PORTAL_FAR,8.9,407839,12446.258544921875,1566,47.79052734375,20.924648786717754,157,4.791259765625,1408,42.96875,1,0.030517578125,0xC5DAB451,0,1415,384,0.0,5.52734375,1.5,0,0x04,0,0,0,1,0,0,1,0,0,0,,,,,,,,,,,,,,,,,,,,,,
267,3,PORTAL_FAR,8.933333333333334,409373,12493.072509765625,1534,46.81396484375,21.36114732724902,157,4.791259765625,1377,42.022705078125,0,0.0,0x5B4AE8DC,0,1436,384,0.0,5.609375,1.5,0,0x04,0,0,0,1,0,0,1,0,0,0,,,,,,,,,,,,,,,,,,,,,,
268,3,PORTAL_FAR,8.966666666666667,410971,12541.839599609375,1598,48.76708984375,20.505632040050063,157,4.791259765625,1440,43.9453125,1,0.030517578125,0x521ED99F,0,1457,384,0.0,5.69140625,1.5,0,0x04,0,0,0,1,0,0,1,0,0,0,,,,,,,,,,,,,,,,,,,,,,
269,3,PORTAL_FAR,9.0,412568,12590.576171875,1597,48.736572265625,20.5184721352536,156,4.7607421875,1441,43.975830078125,0,0.0,0x50B58722,0,1478,384,0.0,5.7734375,1.5,0,0x04,0,0,0,1,0,0,1,0,0,0,,,,,,,,,,,,,,,,,,,,,,
270,3,PORTAL_FAR,9.033333333333333,414061,12636.138916015625,1493,45.562744140625,21.94775619557937,157,4.791259765625,1336,40.771484375,0,0.0,0x61C697BD,0,1499,384,0.0,5.85546875,1.5,0,0x04,0,0,0,1,0,0,1,0,0,0,,,,,,,,,,,,,,,,,,,,,,
271,3,PORTAL_FAR,9.066666666666666,415556,12681.7626953125,1495,45.623779296875,21.91839464882943,157,4.791259765625,1337,40.802001953125,1,0.030517578125,0xB4265268,0,1520,384,0.0,5.9375,1.5,0,0x04,0,0,0,1,0,0,1,0,0,0,,,,,,,,,,,,,,,,,,,,,,
272,3,PORTAL_FAR,9.1,417132,12729.8583984375,1576,48.095703125,20.79187817258883,156,4.7607421875,1420,43.3349609375,0,0.0,0xFC700458,0,1541,384,0.0,6.01953125,1.5,0,0x04,0,0,0,1,0,0,1,0,0,0,,,,,,,,,,,,,,,,,,,,,,
273,3,PORTAL_FAR,9.133333333333333,418708,12777.9541015625,1576,48.095703125,20.79187817258883,157,4.791259765625,1419,43.304443359375,0,0.0,0x5E89D90D,0,1562,384,0.0,6.1015625,1.5,0,0x04,0,0,0,1,0,0,1,0,0,0,,,,,,,,,,,,,,,,,,,,,,
274,3,PORTAL_FAR,9.166666666666666,420369,12828.643798828125,1661,50.689697265625,19.72787477423239,157,4.791259765625,1503,45.867919921875,1,0.030517578125,0x6BEE3C0A,0,1583,384,0.0,6.18359375,1.5,0,0x04,0,0,0,1,0,0,1,0,0,0,,,,,,,,,,,,,,,,,,,,,,
275,3,PORTAL_FAR,9.2,422040,12879.638671875,1671,50.994873046875,19.6098144823459,156,4.7607421875,1515,46.234130859375,0,0.0,0xEAA784B7,0,1604,384,0.0,6.265625,1.5,0,0x04,0,0,0,1,0,0,1,0,0,0,,,,,,,,,,,,,,,,,,,,,,
276,3,PORTAL_FAR,9.233333333333333,423507,12924.407958984375,1467,44.769287109375,22.336741649625086,157,4.791259765625,1310,39.97802734375,0,0.0,0xCD80AA54,0,1625,384,0.0,6.34765625,1.5,0,0x04,0,0,0,1,0,0,1,0,0,0,,,,,,,,,,,,,,,,,,,,,,
277,3,PORTAL_FAR,9.266666666666667,425168,12975.09765625,1661,50.689697265625,19.72787477423239,157,4.791259765625,1503,45.867919921875,1,0.030517578125,0x49B2EFD9,0,1646,384,0.0,6.4296875,1.5,0,0x04,0,0,0,1,0,0,1,0,0,0,,,,,,,,,,,,,,,,,,,,,,
278,3,PORTAL_FAR,9.3,426814,13025.32958984375,1646,50.23193359375,19.907654921020654,157,4.791259765625,1488,45.41015625,1,0.030517578125,0xC0B06496,0,1667,384,0.0,6.51171875,1.5,0,0x04,0,0,0,1,0,0,1,0,0,0,,,,,,,,,,,,,,,,,,,,,,
279,3,PORTAL_FAR,9.333333333333334,428330,13071.59423828125,1516,46.2646484375,21.614775725593667,157,4.791259765625,1358,41.44287109375,1,0.030517578125,0xA72A6D23,0,1688,384,0.0,6.59375,1.5,0,0x0C,0,0,0,1,1,0,1,0,0,0,,,,,,,,,,,,,,,,,,,,,,
280,4,PORTAL_NEAR,9.366666666666667,429914,13119.93408203125,1584,48.33984375,20.68686868686869,157,4.791259765625,1426,43.51806640625,1,0.030517578125,0x62A14290,0,1709,384,0.0,6.67578125,1.5,0,0x04,0,0,0,1,0,0,1,0,0,0,,,,,,,,,,,,,,,,,,,,,,
281,4,PORTAL_NEAR,9.4,431487,13167.938232421875,1573,48.004150390625,20.831532104259377,157,4.791259765625,1415,43.182373046875,1,0.030517578125,0xB6B60BE5,0,1730,384,0.0,6.7578125,1.5,0,0x04,0,0,0,1,0,0,1,0,0,0,,,,,,,,,,,,,,,,,,,,,,
282,4,PORTAL_NEAR,9.433333333333334,433049,13215.606689453125,1562,47.66845703125,20.978233034571062,157,4.791259765625,1404,42.8466796875,1,0.030517578125,0x645005E2,0,1751,384,0.0,6.83984375,1.5,0,0x04,0,0,0,1,0,0,1,0,0,0,,,,,,,,,,,,,,,,,,,,,,
283,4,PORTAL_NEAR,9.466666666666667,434610,13263.24462890625,1561,47.637939453125,20.99167200512492,157,4.791259765625,1403,42.816162109375,1,0.030517578125,0x00039F6F,0,1772,384,0.0,6.921875,1.5,0,0x04,0,0,0,1,0,0,1,0,0,0,,,,,,,,,,,,,,,,,,,,,,
284,4,PORTAL_NEAR,9.5,436354,13316.46728515625,1744,53.22265625,18.788990825688074,156,4.7607421875,1587,48.431396484375,1,0.030517578125,0xD120EC41,0,1793,384,0.0,7.00390625,1.5,0,0x04,0,0,0,1,0,0,1,0,0,0,,,,,,,,,,,,,,,,,,,,,,
285,4,PORTAL_NEAR,9.533333333333333,438117,13370.269775390625,1763,53.802490234375,18.58650028360749,157,4.791259765625,1605,48.980712890625,1,0.030517578125,0x73C92B1C,0,1814,384,0.0,7.0859375,1.5,0,0x04,0,0,0,1,0,0,1,0,0,0,,,,,,,,,,,,,,,,,,,,,,
286,4,PORTAL_NEAR,9.566666666666666,439855,13423.309326171875,1738,53.03955078125,18.85385500575374,157,4.791259765625,1581,48.248291015625,0,0.0,0x60CD5E3B,0,1835,384,0.0,7.16796875,1.5,0,0x04,0,0,0,1,0,0,1,0,0,0,,,,,,,,,,,,,,,,,,,,,,
287,4,PORTAL_NEAR,9.6,441596,13476.4404296875,1741,53.131103515625,18.821367030442275,157,4.791259765625,1583,48.309326171875,1,0.030517578125,0x32E6260E,0,1856,384,0.0,7.25,1.5,0,0x04,0,0,0,1,0,0,1,0,0,0,,,,,,,,,,,,,,,,,,,,,,
288,4,PORTAL_NEAR,9.633333333333333,443364,13530.3955078125,1768,53.955078125,18.533936651583712,157,4.791259765625,1611,49.163818359375,0,0.0,0xCFA1D4FD,0,1877,384,0.0,7.33203125,1.5,0,0x04,0,0,0,1,0,0,1,0,0,0,,,,,,,,,,,,,,,,,,,,,,
289,4,PORTAL_NEAR,9.666666666666666,444736,13572.265625,1372,41.8701171875,23.88338192419825,157,4.791259765625,1215,37.078857421875,0,0.0,0x6726E888,0,1898,384,0.0,7.4140625,1.5,0,0x04,0,0,0,1,0,0,1,0,0,0,,,,,,,,,,,,,,,,,,,,,,
290,4,PORTAL_NEAR,9.7,446067,13612.884521484375,1331,40.618896484375,24.6190833959429,157,4.791259765625,1173,35.797119140625,1,0.030517578125,0x20263787,0,1919,384,0.0,7.49609375,1.5,0,0x04,0,0,0,1,0,0,1,0,0,0,,,,,,,,,,,,,,,,,,,,,,
291,4,PORTAL_NEAR,9.733333333333333,447395,13653.411865234375,1328,40.52734375,24.674698795180724,156,4.7607421875,1172,35.7666015625,0,0.0,0x5AE10ADA,0,1940,384,0.0,7.578125,1.5,0,0x04,0,0,0,1,0,0,1,0,0,0,,,,,,,,,,,,,,,,,,,,,,
292,4,PORTAL_NEAR,9.766666666666667,448736,13694.3359375,1341,40.924072265625,24.435495898583145,157,4.791259765625,1184,36.1328125,0,0.0,0x5A29A9F9,0,1961,384,0.0,7.66015625,1.5,0,0x04,0,0,0,1,0,0,1,0,0,0,,,,,,,,,,,,,,,,,,,,,,
293,4,PORTAL_NEAR,9.8,449973,13732.086181640625,1237,37.750244140625,26.489894907033143,157,4.791259765625,1080,32.958984375,0,0.0,0x814E47D4,0,1982,384,0.0,7.7421875,1.5,0,0x04,0,0,0,1,0,0,1,0,0,0,,,,,,,,,,,,,,,,,,,,,,
294,4,PORTAL_NEAR,9.833333333333334,451193,13769.317626953125,1220,37.2314453125,26.859016393442623,157,4.791259765625,1063,32.440185546875,0,0.0,0x18426913,0,2003,384,0.0,7.82421875,1.5,0,0x04,0,0,0,1,0,0,1,0,0,0,,,,,,,,,,,,,,,,,,,,,,
295,4,PORTAL_NEAR,9.866666666666667,452551,13810.760498046875,1358,41.44287109375,24.12960235640648,157,4.791259765625,1200,36.62109375,1,0.030517578125,0x5E6E5546,0,2024,384,0.0,7.90625,1.5,0,0x04,0,0,0,1,0,0,1,0,0,0,,,,,,,,,,,,,,,,,,,,,,
296,4,PORTAL_NEAR,9.9,453927,13852.752685546875,1376,41.9921875,23.813953488372093,156,4.7607421875,1220,37.2314453125,0,0.0,0x80998235,0,2045,384,0.0,7.98828125,1.5,0,0x04,0,0,0,1,0,0,1,0,0,0,,,,,,,,,,,,,,,,,,,,,,
297,4,PORTAL_NEAR,9.933333333333334,455185,13891.143798828125,1258,38.39111328125,26.047694753577108,157,4.791259765625,1101,33.599853515625,0,0.0,0xB9B1BE5F,0,2066,384,0.0,8.0703125,1.5,0,0x04,0,0,0,1,0,0,1,0,0,0,,,,,,,,,,,,,,,,,,,,,,
298,4,PORTAL_NEAR,9.966666666666667,456342,13926.45263671875,1157,35.308837890625,28.32152117545376,157,4.791259765625,999,30.487060546875,1,0.030517578125,0x2AD4C960,0,2087,384,0.0,8.15234375,1.5,0,0x04,0,0,0,1,0,0,1,0,0,0,,,,,,,,,,,,,,,,,,,,,,
299,4,PORTAL_NEAR,10.0,457630,13965.75927734375,1288,39.306640625,25.440993788819874,157,4.791259765625,1131,34.515380859375,0,0.0,0xBFF5AA95,0,2108,384,0.0,8.234375,1.5,0,0x04,0,0,0,1,0,0,1,0,0,0,,,,,,,,,,,,,,,,,,,,,,
300,4,PORTAL_NEAR,10.033333333333333,458929,14005.401611328125,1299,39.642333984375,25.225558121632023,157,4.791259765625,1142,34.85107421875,0,0.0,0x4D9E3F56,0,2129,384,0.0,8.31640625,1.5,0,0x04,0,0,0,1,0,0,1,0,0,0,,,,,,,,,,,,,,,,,,,,,,
301,4,PORTAL_NEAR,10.066666666666666,460143,14042.449951171875,1214,37.04833984375,26.99176276771005,157,4.791259765625,1056,32.2265625,1,0.030517578125,0xBABF1433,0,2150,384,0.0,8.3984375,1.5,0,0x04,0,0,0,1,0,0,1,0,0,0,,,,,,,,,,,,,,,,,,,,,,
302,4,PORTAL_NEAR,10.1,461486,14083.43505859375,1343,40.985107421875,24.399106478034252,157,4.791259765625,1185,36.163330078125,1,0.030517578125,0x9E77BAD4,0,2171,384,0.0,8.48046875,1.5,0,0x04,0,0,0,1,0,0,1,0,0,0,,,,,,,,,,,,,,,,,,,,,,
303,4,PORTAL_NEAR,10.133333333333333,462839,14124.725341796875,1353,41.290283203125,24.218773096821877,157,4.791259765625,1195,36.468505859375,1,0.030517578125,0xBBB1AF29,0,2192,384,0.0,8.5625,1.5,0,0x04,0,0,0,1,0,0,1,0,0,0,,,,,,,,,,,,,,,,,,,,,,
304,4,PORTAL_NEAR,10.166666666666666,464087,14162.811279296875,1248,38.0859375,26.256410256410255,156,4.7607421875,1091,33.294677734375,1,0.030517578125,0x4629139A,0,2213,384,0.0,8.64453125,1.5,0,0x04,0,0,0,1,0,0,1,0,0,0,,,,,,,,,,,,,,,,,,,,,,
305,4,PORTAL_NEAR,10.2,465457,14204.620361328125,1370,41.80908203125,23.91824817518248,157,4.791259765625,1212,36.9873046875,1,0.030517578125,0xB2BD4927,0,2234,384,0.0,8.7265625,1.5,0,0x04,0,0,0,1,0,0,1,0,0,0,,,,,,,,,,,,,,,,,,,,,,
306,4,PORTAL_NEAR,10.233333333333333,466504,14236.572265625,1047,31.951904296875,31.297039159503342,157,4.791259765625,890,27.16064453125,0,0.0,0x75A50988,0,2255,384,0.0,8.80859375,1.5,0,0x04,0,0,0,1,0,0,1,0,0,0,,,,,,,,,,,,,,,,,,,,,,
307,4,PORTAL_NEAR,10.266666666666667,467414,14264.34326171875,910,27.77099609375,36.00879120879121,157,4.791259765625,753,22.979736328125,0,0.0,0x3350AD5D,0,2276,384,0.0,8.890625,1.5,0,0x04,0,0,0,1,0,0,1,0,0,0,,,,,,,,,,,,,,,,,,,,,,
308,4,PORTAL_NEAR,10.3,468454,14296.08154296875,1040,31.73828125,31.50769230769231,157,4.791259765625,883,26.947021484375,0,0.0,0x69A6C0FE,0,2297,384,0.0,8.97265625,1.5,0,0x04,0,0,0,1,0,0,1,0,0,0,,,,,,,,,,,,,,,,,,,,,,
309,4,PORTAL_NEAR,10.333333333333334,469485,14327.545166015625,1031,31.463623046875,31.782735208535403,157,4.791259765625,874,26.67236328125,0,0.0,0x366CD1EE,0,2318,384,0.0,9.0546875,1.5,0,0x04,0,0,0,1,0,0,1,0,0,0,,,,,,,,,,,,,,,,,,,,,,
310,4,PORTAL_NEAR,10.366666666666667,470518,14359.06982421875,1033,31.524658203125,31.721200387221685,157,4.791259765625,875,26.702880859375,1,0.030517578125,0xC3435431,0,2339,384,0.0,9.13671875,1.5,0,0x04,0,0,0,1,0,0,1,0,0,0,,,,,,,,,,,,,,,,,,,,,,
311,4,PORTAL_NEAR,10.4,471562,14390.93017578125,1044,31.8603515625,31.386973180076627,157,4.791259765625,887,27.069091796875,0,0.0,0xCF5C623C,0,2360,384,0.0,9.21875,1.5,0,0x04,0,0,0,1,0,0,1,0,0,0,,,,,,,,,,,,,,,,,,,,,,
312,4,PORTAL_NEAR,10.433333333333334,472476,14418.8232421875,914,27.89306640625,35.85120350109409,157,4.791259765625,756,23.0712890625,1,0.030517578125,0xF349B22F,0,2381,384,0.0,9.30078125,1.5,0,0x06,1,1,0,1,0,0,1,0,0,0,23.040771484375,0.0,5.706787109375,0.0,0.0,0.0,11.932373046875,0.67138671875,0.0,4.119873046875,0.6103515625,0,0,0,0,0,0,0,0,0,0,0
313,4,PORTAL_NEAR,10.466666666666667,473509,14450.347900390625,1033,31.524658203125,31.721200387221685,157,4.791259765625,876,26.7333984375,0,0.0,0xB5BF8E02,0,2402,384,0.0,9.3828125,1.5,0,0x04,0,0,0,1,0,0,1,0,0,0,,,,,,,,,,,,,,,,,,,,,,
314,4,PORTAL_NEAR,10.5,474554,14482.23876953125,1045,31.890869140625,31.356937799043063,157,4.791259765625,887,27.069091796875,1,0.030517578125,0xC450AA05,0,2423,384,0.0,9.46484375,1.5,0,0x04,0,0,0,1,0,0,1,0,0,0,,,,,,,,,,,,,,,,,,,,,,
315,4,PORTAL_NEAR,10.533333333333333,475598,14514.09912109375,1044,31.8603515625,31.386973180076627,156,4.7607421875,888,27.099609375,0,0.0,0x6CC07690,0,2444,384,0.0,9.546875,1.5,0,0x0C,0,0,0,1,1,0,1,0,0,0,,,,,,,,,,,,,,,,,,,,,,
316,5,CROSS_DOWN,10.566666666666666,476634,14545.71533203125,1036,31.6162109375,31.62934362934363,156,4.7607421875,879,26.824951171875,1,0.030517578125,0x12BF43D3,0,2465,384,0.0,9.62890625,1.5,0,0x06,1,1,0,1,0,0,1,0,0,0,26.763916015625,0.0,5.706787109375,0.0,0.0,0.0,11.871337890625,0.67138671875,0.0,7.9345703125,0.579833984375,0,0,0,0,0,0,0,0,0,0,0
317,5,CROSS_DOWN,10.6,477441,14570.343017578125,807,24.627685546875,40.60470879801735,157,4.791259765625,649,19.805908203125,1,0.030517578125,0xF8731ED6,0,2486,384,0.0,9.7109375,1.5,0,0x04,0,0,0,1,0,0,1,0,0,0,,,,,,,,,,,,,,,,,,,,,,
318,5,CROSS_DOWN,10.633333333333333,479185,14623.565673828125,1744,53.22265625,18.788990825688074,1160,35.400390625,583,17.791748046875,1,0.030517578125,0x55DB212F,3072,1282,1189,12.0,5.0078125,4.64453125,1,0x05,0,0,1,1,0,0,1,0,0,0,,,,,,,,,,,,,,,,,,,,,,
319,5,CROSS_DOWN,10.666666666666666,479917,14645.904541015625,732,22.3388671875,44.76502732240437,148,4.5166015625,583,17.791748046875,1,0.030517578125,0x2C3FE3A2,3071,1261,1165,11.99609375,4.92578125,4.55078125,1,0x0C,0,0,0,1,1,0,1,0,0,0,,,,,,,,,,,,,,,,,,,,,,
320,6,RETURN_UP,10.7,480508,14663.9404296875,591,18.035888671875,55.445008460236885,148,4.5166015625,443,13.519287109375,0,0.0,0xE58885F5,3071,1261,1165,11.99609375,4.92578125,4.55078125,1,0x14,0,0,0,1,0,1,0,0,0,1,,,,,,,,,,,,,,,,,,,,,,
321,6,RETURN_UP,10.733333333333333,481100,14682.0068359375,592,18.06640625,55.351351351351354,148,4.5166015625,443,13.519287109375,1,0.030517578125,0x64268D6D,3071,1261,1165,11.99609375,4.92578125,4.55078125,1,0x10,0,0,0,0,0,1,0,0,0,0,,,,,,,,,,,,,,,,,,,,,,
322,6,RETURN_UP,10.766666666666667,481690,14700.01220703125,590,18.00537109375,55.538983050847456,148,4.5166015625,442,13.48876953125,0,0.0,0x1F13C0A3,3071,1262,1186,11.99609375,4.9296875,4.6328125,1,0x14,0,0,0,1,0,1,-1,0,0,0,,,,,,,,,,,,,,,,,,,,,,
323,6,RETURN_UP,10.8,482331,14719.573974609375,641,19.561767578125,51.1201248049922,147,4.486083984375,493,15.045166015625,1,0.030517578125,0x456DF621,3071,1263,1207,11.99609375,4.93359375,4.71484375,1,0x14,0,0,0,1,0,1,-1,0,0,0,,,,,,,,,,,,,,,,,,,,,,
324,6,RETURN_UP,10.833333333333334,484328,14780.517578125,1997,60.943603515625,16.408612919379067,1154,35.21728515625,843,25.726318359375,0,0.0,0xE3304181,1,2468,400,0.00390625,9.640625,1.5625,0,0x15,0,0,1,1,0,1,-1,0,0,0,,,,,,,,,,,,,,,,,,,,,,
325,6,RETURN_UP,10.866666666666667,485327,14811.004638671875,999,30.487060546875,32.8008008008008,156,4.7607421875,842,25.69580078125,1,0.030517578125,0xF5333920,0,2447,399,0.0,9.55859375,1.55859375,0,0x14,0,0,0,1,0,1,-1,0,0,0,,,,,,,,,,,,,,,,,,,,,,
326,6,RETURN_UP,10.9,486179,14837.005615234375,852,26.0009765625,38.460093896713616,155,4.730224609375,697,21.270751953125,0,0.0,0x5C77CA77,-1,2426,398,-0.00390625,9.4765625,1.5546875,0,0x14,0,0,0,1,0,1,-1,0,0,0,,,,,,,,,,,,,,,,,,,,,,
327,6,RETURN_UP,10.933333333333334,487086,14864.68505859375,907,27.679443359375,36.12789415656009,156,4.7607421875,751,22.918701171875,0,0.0,0x2B5C216C,-2,2405,397,-0.0078125,9.39453125,1.55078125,0,0x14,0,0,0,1,0,1,-1,0,0,0,,,,,,,,,,,,,,,,,,,,,,
328,6,RETURN_UP,10.966666666666667,488008,14892.822265625,922,28.13720703125,35.54013015184382,156,4.7607421875,766,23.37646484375,0,0.0,0xF6398C29,-3,2384,396,-0.01171875,9.3125,1.546875,0,0x14,0,0,0,1,0,1,-1,0,0,0,,,,,,,,,,,,,,,,,,,,,,
329,6,RETURN_UP,11.0,488924,14920.7763671875,916,27.9541015625,35.77292576419214,156,4.7607421875,759,23.162841796875,1,0.030517578125,0xA4A3A3D6,-4,2363,395,-0.015625,9.23046875,1.54296875,0,0x1E,1,1,0,1,1,1,-1,0,0,0,23.13232421875,0.030517578125,5.706787109375,0.0,0.0,0.0,10.31494140625,0.67138671875,0.0,5.462646484375,0.946044921875,0,0,0,0,0,0,0,0,0,0,0
330,7,LOD_RETREAT,11.033333333333333,489849,14949.005126953125,925,28.228759765625,35.424864864864865,156,4.7607421875,768,23.4375,1,0.030517578125,0xF56371FB,-5,2342,394,-0.01953125,9.1484375,1.5390625,0,0x14,0,0,0,1,0,1,-1,0,0,0,,,,,,,,,,,,,,,,,,,,,,
331,7,LOD_RETREAT,11.066666666666666,490813,14978.424072265625,964,29.4189453125,33.99170124481328,156,4.7607421875,808,24.658203125,0,0.0,0x7882CB50,-6,2321,393,-0.0234375,9.06640625,1.53515625,0,0x14,0,0,0,1,0,1,-1,0,0,0,,,,,,,,,,,,,,,,,,,,,,
332,7,LOD_RETREAT,11.1,491804,15008.6669921875,991,30.242919921875,33.06559031281534,156,4.7607421875,835,25.482177734375,0,0.0,0x1ABD154C,-7,2300,392,-0.02734375,8.984375,1.53125,0,0x14,0,0,0,1,0,1,-1,0,0,0,,,,,,,,,,,,,,,,,,,,,,
333,7,LOD_RETREAT,11.133333333333333,492821,15039.703369140625,1017,31.036376953125,32.220255653883974,156,4.7607421875,860,26.2451171875,1,0.030517578125,0x4DB8A0AB,-8,2279,391,-0.03125,8.90234375,1.52734375,0,0x14,0,0,0,1,0,1,-1,0,0,0,,,,,,,,,,,,,,,,,,,,,,
334,7,LOD_RETREAT,11.166666666666666,493834,15070.61767578125,1013,30.914306640625,32.34748272458045,155,4.730224609375,857,26.153564453125,1,0.030517578125,0x1BD7CB8E,-9,2258,390,-0.03515625,8.8203125,1.5234375,0,0x14,0,0,0,1,0,1,-1,0,0,0,,,,,,,,,,,,,,,,,,,,,,
335,7,LOD_RETREAT,11.2,495162,15111.14501953125,1328,40.52734375,24.674698795180724,155,4.730224609375,1172,35.7666015625,1,0.030517578125,0x4C778345,-10,2237,389,-0.0390625,8.73828125,1.51953125,0,0x14,0,0,0,1,0,1,-1,0,0,0,,,,,,,,,,,,,,,,,,,,,,
336,7,LOD_RETREAT,11.233333333333333,496508,15152.2216796875,1346,41.07666015625,24.344725111441306,156,4.7607421875,1190,36.31591796875,0,0.0,0x06EDCEF0,-11,2216,388,-0.04296875,8.65625,1.515625,0,0x14,0,0,0,1,0,1,-1,0,0,0,,,,,,,,,,,,,,,,,,,,,,
337,7,LOD_RETREAT,11.266666666666667,497854,15193.29833984375,1346,41.07666015625,24.344725111441306,156,4.7607421875,1189,36.285400390625,1,0.030517578125,0xC108F23F,-12,2195,387,-0.046875,8.57421875,1.51171875,0,0x14,0,0,0,1,0,1,-1,0,0,0,,,,,,,,,,,,,,,,,,,,,,
338,7,LOD_RETREAT,11.3,499195,15234.222412109375,1341,40.924072265625,24.435495898583145,155,4.730224609375,1185,36.163330078125,1,0.030517578125,0xEB460C72,-13,2174,386,-0.05078125,8.4921875,1.5078125,0,0x16,1,1,0,1,0,1,-1,0,0,0,36.07177734375,0.030517578125,0.213623046875,7.9345703125,3.570556640625,2.0751953125,12.20703125,2.197265625,0.0,6.89697265625,0.946044921875,0,0,0,0,0,0,0,0,0,0,0
339,7,LOD_RETREAT,11.333333333333334,500556,15275.7568359375,1361,41.534423828125,24.076414401175604,156,4.7607421875,1204,36.7431640625,1,0.030517578125,0xC75B1FA9,-14,2153,385,-0.0546875,8.41015625,1.50390625,0,0x14,0,0,0,1,0,1,-1,0,0,0,,,,,,,,,,,,,,,,,,,,,,
340,7,LOD_RETREAT,11.366666666666667,501900,15316.7724609375,1344,41.015625,24.38095238095238,156,4.7607421875,1188,36.2548828125,0,0.0,0x551F57A4,-15,2132,384,-0.05859375,8.328125,1.5,0,0x14,0,0,0,1,0,1,-1,0,0,0,,,,,,,,,,,,,,,,,,,,,,
341,7,LOD_RETREAT,11.4,503187,15356.048583984375,1287,39.276123046875,25.46076146076146,156,4.7607421875,1131,34.515380859375,0,0.0,0xA2C57EE3,-16,2111,383,-0.0625,8.24609375,1.49609375,0,0x14,0,0,0,1,0,1,-1,0,0,0,,,,,,,,,,,,,,,,,,,,,,
342,7,LOD_RETREAT,11.433333333333334,504473,15395.294189453125,1286,39.24560546875,25.480559875583204,156,4.7607421875,1130,34.48486328125,0,0.0,0x5D84EBA6,-17,2090,382,-0.06640625,8.1640625,1.4921875,0,0x14,0,0,0,1,0,1,-1,0,0,0,,,,,,,,,,,,,,,,,,,,,,
343,7,LOD_RETREAT,11.466666666666667,505798,15435.72998046875,1325,40.435791015625,24.730566037735848,156,4.7607421875,1169,35.675048828125,0,0.0,0xA77A597D,-18,2069,381,-0.0703125,8.08203125,1.48828125,0,0x14,0,0,0,1,0,1,-1,0,0,0,,,,,,,,,,,,,,,,,,,,,,
344,7,LOD_RETREAT,11.5,507112,15475.830078125,1314,40.10009765625,24.93759512937595,156,4.7607421875,1157,35.308837890625,1,0.030517578125,0x55E94EE8,-19,2048,380,-0.07421875,8.0,1.484375,0,0x14,0,0,0,1,0,1,-1,0,0,0,,,,,,,,,,,,,,,,,,,,,,
345,7,LOD_RETREAT,11.533333333333333,508432,15516.11328125,1320,40.283203125,24.824242424242424,156,4.7607421875,1163,35.491943359375,1,0.030517578125,0xAB3EB63C,-20,2027,379,-0.078125,7.91796875,1.48046875,0,0x14,0,0,0,1,0,1,-1,0,0,0,,,,,,,,,,,,,,,,,,,,,,
346,7,LOD_RETREAT,11.566666666666666,509755,15556.488037109375,1323,40.374755859375,24.767951625094483,156,4.7607421875,1167,35.614013671875,0,0.0,0x78FA7859,-21,2006,378,-0.08203125,7.8359375,1.4765625,0,0x14,0,0,0,1,0,1,-1,0,0,0,,,,,,,,,,,,,,,,,,,,,,
347,7,LOD_RETREAT,11.6,511074,15596.74072265625,1319,40.252685546875,24.84306292645944,156,4.7607421875,1163,35.491943359375,0,0.0,0xE7DBE762,-22,1985,377,-0.0859375,7.75390625,1.47265625,0,0x14,0,0,0,1,0,1,-1,0,0,0,,,,,,,,,,,,,,,,,,,,,,
348,7,LOD_RETREAT,11.633333333333333,512380,15636.5966796875,1306,39.85595703125,25.090352220520675,156,4.7607421875,1149,35.064697265625,1,0.030517578125,0x385BD137,-23,1964,376,-0.08984375,7.671875,1.46875,0,0x14,0,0,0,1,0,1,-1,0,0,0,,,,,,,,,,,,,,,,,,,,,,
349,7,LOD_RETREAT,11.666666666666666,513686,15676.45263671875,1306,39.85595703125,25.090352220520675,155,4.730224609375,1150,35.09521484375,1,0.030517578125,0x357E8788,-24,1943,375,-0.09375,7.58984375,1.46484375,0,0x14,0,0,0,1,0,1,-1,0,0,0,,,,,,,,,,,,,,,,,,,,,,
350,7,LOD_RETREAT,11.7,515003,15716.644287109375,1317,40.191650390625,24.88078967350038,155,4.730224609375,1162,35.46142578125,0,0.0,0xDF9E50B5,-25,1922,374,-0.09765625,7.5078125,1.4609375,0,0x14,0,0,0,1,0,1,-1,0,0,0,,,,,,,,,,,,,,,,,,,,,,
351,7,LOD_RETREAT,11.733333333333333,516399,15759.246826171875,1396,42.6025390625,23.472779369627506,156,4.7607421875,1239,37.811279296875,1,0.030517578125,0xE76B625E,-26,1901,373,-0.1015625,7.42578125,1.45703125,0,0x14,0,0,0,1,0,1,-1,0,0,0,,,,,,,,,,,,,,,,,,,,,,
352,7,LOD_RETREAT,11.766666666666667,517888,15804.6875,1489,45.440673828125,22.006715916722634,156,4.7607421875,1332,40.6494140625,1,0.030517578125,0x95527963,-27,1880,372,-0.10546875,7.34375,1.453125,0,0x14,0,0,0,1,0,1,-1,0,0,0,,,,,,,,,,,,,,,,,,,,,,
353,7,LOD_RETREAT,11.8,519505,15854.034423828125,1617,49.346923828125,20.264687693259123,155,4.730224609375,1461,44.586181640625,1,0.030517578125,0x8E13BCD4,-28,1859,371,-0.109375,7.26171875,1.44921875,0,0x14,0,0,0,1,0,1,-1,0,0,0,,,,,,,,,,,,,,,,,,,,,,
354,7,LOD_RETREAT,11.833333333333334,521192,15905.517578125,1687,51.483154296875,19.423829282750443,156,4.7607421875,1530,46.69189453125,1,0.030517578125,0xD14DDB71,-29,1838,370,-0.11328125,7.1796875,1.4453125,0,0x14,0,0,0,1,0,1,-1,0,0,0,,,,,,,,,,,,,,,,,,,,,,
355,7,LOD_RETREAT,11.866666666666667,522853,15956.207275390625,1661,50.689697265625,19.72787477423239,156,4.7607421875,1504,45.8984375,1,0.030517578125,0x68E66BFA,-30,1817,369,-0.1171875,7.09765625,1.44140625,0,0x14,0,0,0,1,0,1,-1,0,0,0,,,,,,,,,,,,,,,,,,,,,,
356,7,LOD_RETREAT,11.9,524462,16005.31005859375,1609,49.102783203125,20.36544437538844,156,4.7607421875,1452,44.3115234375,1,0.030517578125,0xA61B072F,-31,1796,368,-0.12109375,7.015625,1.4375,0,0x14,0,0,0,1,0,1,-1,0,0,0,,,,,,,,,,,,,,,,,,,,,,
357,7,LOD_RETREAT,11.933333333333334,526044,16053.5888671875,1582,48.27880859375,20.713021491782555,156,4.7607421875,1426,43.51806640625,0,0.0,0x55966161,-32,1775,367,-0.125,6.93359375,1.43359375,0,0x14,0,0,0,1,0,1,-1,0,0,0,,,,,,,,,,,,,,,,,,,,,,
358,7,LOD_RETREAT,11.966666666666667,527631,16102.020263671875,1587,48.431396484375,20.647763074984248,156,4.7607421875,1430,43.64013671875,1,0.030517578125,0x2A16FA7C,-33,1754,366,-0.12890625,6.8515625,1.4296875,0,0x14,0,0,0,1,0,1,-1,0,0,0,,,,,,,,,,,,,,,,,,,,,,
359,7,LOD_RETREAT,12.0,529342,16154.23583984375,1711,52.215576171875,19.151373465809467,155,4.730224609375,1556,47.4853515625,0,0.0,0x7AF63907,-34,1733,365,-0.1328125,6.76953125,1.42578125,0,0x14,0,0,0,1,0,1,-1,0,0,0,,,,,,,,,,,,,,,,,,,,,,
360,7,LOD_RETREAT,12.033333333333333,531065,16206.817626953125,1723,52.581787109375,19.01799187463726,156,4.7607421875,1567,47.821044921875,0,0.0,0xD97A20BA,-35,1712,364,-0.13671875,6.6875,1.421875,0,0x14,0,0,0,1,0,1,-1,0,0,0,,,,,,,,,,,,,,,,,,,,,,
361,7,LOD_RETREAT,12.066666666666666,532839,16260.955810546875,1774,54.13818359375,18.471251409244644,156,4.7607421875,1618,49.37744140625,0,0.0,0x08A0658D,-36,1691,363,-0.140625,6.60546875,1.41796875,0,0x14,0,0,0,1,0,1,-1,0,0,0,,,,,,,,,,,,,,,,,,,,,,
362,7,LOD_RETREAT,12.1,534650,16316.22314453125,1811,55.267333984375,18.093870789618997,156,4.7607421875,1655,50.506591796875,0,0.0,0x3B2ED158,-37,1670,362,-0.14453125,6.5234375,1.4140625,0,0x14,0,0,0,1,0,1,-1,0,0,0,,,,,,,,,,,,,,,,,,,,,,
363,7,LOD_RETREAT,12.133333333333333,536406,16369.81201171875,1756,53.5888671875,18.660592255125284,156,4.7607421875,1599,48.797607421875,1,0.030517578125,0x6FE1A9A3,-38,1649,361,-0.1484375,6.44140625,1.41015625,0,0x14,0,0,0,1,0,1,-1,0,0,0,,,,,,,,,,,,,,,,,,,,,,
364,7,LOD_RETREAT,12.166666666666666,538194,16424.37744140625,1788,54.5654296875,18.32662192393736,155,4.730224609375,1632,49.8046875,1,0.030517578125,0xF40E85E6,-39,1628,360,-0.15234375,6.359375,1.40625,0,0x14,0,0,0,1,0,1,-1,0,0,0,,,,,,,,,,,,,,,,,,,,,,
365,7,LOD_RETREAT,12.2,539919,16477.020263671875,1725,52.642822265625,18.995942028985507,155,4.730224609375,1570,47.91259765625,0,0.0,0x72D9B089,-40,1607,359,-0.15625,6.27734375,1.40234375,0,0x14,0,0,0,1,0,1,-1,0,0,0,,,,,,,,,,,,,,,,,,,,,,
366,7,LOD_RETREAT,12.233333333333333,541620,16528.9306640625,1701,51.910400390625,19.263962375073486,156,4.7607421875,1544,47.119140625,1,0.030517578125,0x49A65404,-41,1586,358,-0.16015625,6.1953125,1.3984375,0,0x14,0,0,0,1,0,1,-1,0,0,0,,,,,,,,,,,,,,,,,,,,,,
367,7,LOD_RETREAT,12.266666666666667,543231,16578.094482421875,1611,49.163818359375,20.34016139044072,156,4.7607421875,1455,44.403076171875,0,0.0,0x0BBFB66F,-42,1565,357,-0.1640625,6.11328125,1.39453125,0,0x14,0,0,0,1,0,1,-1,0,0,0,,,,,,,,,,,,,,,,,,,,,,
368,7,LOD_RETREAT,12.3,544920,16629.638671875,1689,51.544189453125,19.400828892835996,156,4.7607421875,1533,46.783447265625,0,0.0,0x891258C2,-43,1544,356,-0.16796875,6.03125,1.390625,0,0x14,0,0,0,1,0,1,-1,0,0,0,,,,,,,,,,,,,,,,,,,,,,
369,7,LOD_RETREAT,12.333333333333334,546578,16680.23681640625,1658,50.59814453125,19.76357056694813,156,4.7607421875,1502,45.83740234375,0,0.0,0xF99191D2,-44,1523,355,-0.171875,5.94921875,1.38671875,0,0x14,0,0,0,1,0,1,-1,0,0,0,,,,,,,,,,,,,,,,,,,,,,
370,7,LOD_RETREAT,12.366666666666667,548200,16729.736328125,1622,49.49951171875,20.20221948212084,156,4.7607421875,1466,44.73876953125,0,0.0,0xE444F69F,-45,1502,354,-0.17578125,5.8671875,1.3828125,0,0x14,0,0,0,1,0,1,-1,0,0,0,,,,,,,,,,,,,,,,,,,,,,
371,7,LOD_RETREAT,12.4,549870,16780.70068359375,1670,50.96435546875,19.621556886227545,156,4.7607421875,1513,46.173095703125,1,0.030517578125,0x40905A1C,-46,1481,353,-0.1796875,5.78515625,1.37890625,0,0x14,0,0,0,1,0,1,-1,0,0,0,,,,,,,,,,,,,,,,,,,,,,
372,7,LOD_RETREAT,12.433333333333334,551549,16831.939697265625,1679,51.239013671875,19.51637879690292,156,4.7607421875,1523,46.478271484375,0,0.0,0x53054201,-47,1460,352,-0.18359375,5.703125,1.375,0,0x14,0,0,0,1,0,1,-1,0,0,0,,,,,,,,,,,,,,,,,,,,,,
373,7,LOD_RETREAT,12.466666666666667,553215,16882.781982421875,1666,50.84228515625,19.668667466986793,156,4.7607421875,1509,46.051025390625,1,0.030517578125,0x7A204B3E,-48,1439,351,-0.1875,5.62109375,1.37109375,0,0x14,0,0,0,1,0,1,-1,0,0,0,,,,,,,,,,,,,,,,,,,,,,
374,7,LOD_RETREAT,12.5,554908,16934.4482421875,1693,51.666259765625,19.354991139988186,156,4.7607421875,1537,46.905517578125,0,0.0,0x5CF2055B,-49,1418,350,-0.19140625,5.5390625,1.3671875,0,0x14,0,0,0,1,0,1,-1,0,0,0,,,,,,,,,,,,,,,,,,,,,,
375,7,LOD_RETREAT,12.533333333333333,556625,16986.846923828125,1717,52.398681640625,19.084449621432732,156,4.7607421875,1560,47.607421875,1,0.030517578125,0x596A5818,-50,1397,349,-0.1953125,5.45703125,1.36328125,0,0x14,0,0,0,1,0,1,-1,0,0,0,,,,,,,,,,,,,,,,,,,,,,
376,7,LOD_RETREAT,12.566666666666666,558297,17037.872314453125,1672,51.025390625,19.598086124401913,155,4.730224609375,1516,46.2646484375,1,0.030517578125,0xFF08E4ED,-51,1376,348,-0.19921875,5.375,1.359375,0,0x14,0,0,0,1,0,1,-1,0,0,0,,,,,,,,,,,,,,,,,,,,,,
377,7,LOD_RETREAT,12.6,559960,17088.623046875,1663,50.750732421875,19.70414912808178,156,4.7607421875,1506,45.95947265625,1,0.030517578125,0xA8F2C94A,-52,1355,347,-0.203125,5.29296875,1.35546875,0,0x1C,0,0,0,1,1,1,-1,0,0,0,,,,,,,,,,,,,,,,,,,,,,
378,8,LOD_APPROACH,12.633333333333333,561518,17136.16943359375,1558,47.54638671875,21.03209242618742,155,4.730224609375,1402,42.78564453125,1,0.030517578125,0x4D002ED7,-51,1376,348,-0.19921875,5.375,1.359375,0,0x14,0,0,0,1,0,1,1,0,0,0,,,,,,,,,,,,,,,,,,,,,,
379,8,LOD_APPROACH,12.666666666666666,563186,17187.07275390625,1668,50.9033203125,19.645083932853716,155,4.730224609375,1512,46.142578125,1,0.030517578125,0x09B88652,-50,1397,349,-0.1953125,5.45703125,1.36328125,0,0x14,0,0,0,1,0,1,1,0,0,0,,,,,,,,,,,,,,,,,,,,,,
380,8,LOD_APPROACH,12.7,564864,17238.28125,1678,51.20849609375,19.528009535160905,156,4.7607421875,1521,46.417236328125,1,0.030517578125,0xCDD83805,-49,1418,350,-0.19140625,5.5390625,1.3671875,0,0x14,0,0,0,1,0,1,1,0,0,0,,,,,,,,,,,,,,,,,,,,,,
381,8,LOD_APPROACH,12.733333333333333,566594,17291.07666015625,1730,52.79541015625,18.941040462427747,156,4.7607421875,1573,48.004150390625,1,0.030517578125,0x6D2BFD58,-48,1439,351,-0.1875,5.62109375,1.37109375,0,0x14,0,0,0,1,0,1,1,0,0,0,,,,,,,,,,,,,,,,,,,,,,
382,8,LOD_APPROACH,12.766666666666667,568271,17342.254638671875,1677,51.177978515625,19.539654144305306,155,4.730224609375,1522,46.44775390625,0,0.0,0x6961D88B,-47,1460,352,-0.18359375,5.703125,1.375,0,0x14,0,0,0,1,0,1,1,0,0,0,,,,,,,,,,,,,,,,,,,,,,
383,8,LOD_APPROACH,12.8,569888,17391.6015625,1617,49.346923828125,20.264687693259123,155,4.730224609375,1461,44.586181640625,1,0.030517578125,0x28A5ED36,-46,1481,353,-0.1796875,5.78515625,1.37890625,0,0x14,0,0,0,1,0,1,1,0,0,0,,,,,,,,,,,,,,,,,,,,,,
384,8,LOD_APPROACH,12.833333333333334,571545,17442.169189453125,1657,50.567626953125,19.775497887748944,156,4.7607421875,1501,45.806884765625,0,0.0,0xE48DD0E9,-45,1502,354,-0.17578125,5.8671875,1.3828125,0,0x14,0,0,0,1,0,1,1,0,0,0,,,,,,,,,,,,,,,,,,,,,,
385,8,LOD_APPROACH,12.866666666666667,573209,17492.950439453125,1664,50.78125,19.692307692307693,155,4.730224609375,1509,46.051025390625,0,0.0,0xC38C156C,-44,1523,355,-0.171875,5.94921875,1.38671875,0,0x14,0,0,0,1,0,1,1,0,0,0,,,,,,,,,,,,,,,,,,,,,,
386,8,LOD_APPROACH,12.9,574801,17541.534423828125,1592,48.583984375,20.582914572864322,156,4.7607421875,1436,43.8232421875,0,0.0,0x8254B51C,-43,1544,356,-0.16796875,6.03125,1.390625,0,0x14,0,0,0,1,0,1,1,0,0,0,,,,,,,,,,,,,,,,,,,,,,
387,8,LOD_APPROACH,12.933333333333334,576428,17591.1865234375,1627,49.652099609375,20.14013521819299,156,4.7607421875,1471,44.891357421875,0,0.0,0xF9894479,-42,1565,357,-0.1640625,6.11328125,1.39453125,0,0x14,0,0,0,1,0,1,1,0,0,0,,,,,,,,,,,,,,,,,,,,,,
388,8,LOD_APPROACH,12.966666666666667,578193,17645.050048828125,1765,53.863525390625,18.565439093484418,155,4.730224609375,1609,49.102783203125,1,0.030517578125,0x404CAEBE,-41,1586,358,-0.16015625,6.1953125,1.3984375,0,0x14,0,0,0,1,0,1,1,0,0,0,,,,,,,,,,,,,,,,,,,,,,
389,8,LOD_APPROACH,13.0,579855,17695.770263671875,1662,50.72021484375,19.71600481347774,155,4.730224609375,1507,45.989990234375,0,0.0,0x4A50E553,-40,1607,359,-0.15625,6.27734375,1.40234375,0,0x14,0,0,0,1,0,1,1,0,0,0,,,,,,,,,,,,,,,,,,,,,,
390,8,LOD_APPROACH,13.033333333333333,581617,17749.542236328125,1762,53.77197265625,18.59704880817253,155,4.730224609375,1606,49.01123046875,1,0.030517578125,0x7ED10880,-39,1628,360,-0.15234375,6.359375,1.40625,0,0x14,0,0,0,1,0,1,1,0,0,0,,,,,,,,,,,,,,,,,,,,,,
391,8,LOD_APPROACH,13.066666666666666,583420,17804.5654296875,1803,55.023193359375,18.174154187465337,155,4.730224609375,1648,50.29296875,0,0.0,0xC510522D,-38,1649,361,-0.1484375,6.44140625,1.41015625,0,0x14,0,0,0,1,0,1,1,0,0,0,,,,,,,,,,,,,,,,,,,,,,
392,8,LOD_APPROACH,13.1,585253,17860.504150390625,1833,55.938720703125,17.876704855428258,156,4.7607421875,1677,51.177978515625,0,0.0,0x2D35DF92,-37,1670,362,-0.14453125,6.5234375,1.4140625,0,0x14,0,0,0,1,0,1,1,0,0,0,,,,,,,,,,,,,,,,,,,,,,
393,8,LOD_APPROACH,13.133333333333333,587037,17914.947509765625,1784,54.443359375,18.367713004484305,156,4.7607421875,1627,49.652099609375,1,0.030517578125,0xEDF495F7,-36,1691,363,-0.140625,6.60546875,1.41796875,0,0x14,0,0,0,1,0,1,1,0,0,0,,,,,,,,,,,,,,,,,,,,,,
394,8,LOD_APPROACH,13.166666666666666,588769,17967.803955078125,1732,52.8564453125,18.919168591224018,156,4.7607421875,1575,48.065185546875,1,0.030517578125,0xA1277674,-35,1712,364,-0.13671875,6.6875,1.421875,0,0x14,0,0,0,1,0,1,1,0,0,0,,,,,,,,,,,,,,,,,,,,,,
395,8,LOD_APPROACH,13.2,590477,18019.927978515625,1708,52.1240234375,19.185011709601874,155,4.730224609375,1553,47.393798828125,0,0.0,0x15EEA471,-34,1733,365,-0.1328125,6.76953125,1.42578125,0,0x14,0,0,0,1,0,1,1,0,0,0,,,,,,,,,,,,,,,,,,,,,,
396,8,LOD_APPROACH,13.233333333333333,592243,18073.822021484375,1766,53.89404296875,18.55492638731597,156,4.7607421875,1609,49.102783203125,1,0.030517578125,0xB4086516,-33,1754,366,-0.12890625,6.8515625,1.4296875,0,0x14,0,0,0,1,0,1,1,0,0,0,,,,,,,,,,,,,,,,,,,,,,
397,8,LOD_APPROACH,13.266666666666667,593938,18125.54931640625,1695,51.727294921875,19.332153392330383,155,4.730224609375,1540,46.9970703125,0,0.0,0xD3CEDB6B,-32,1775,367,-0.125,6.93359375,1.43359375,0,0x14,0,0,0,1,0,1,1,0,0,0,,,,,,,,,,,,,,,,,,,,,,
398,8,LOD_APPROACH,13.3,595660,18178.1005859375,1722,52.55126953125,19.02903600464576,155,4.730224609375,1567,47.821044921875,0,0.0,0x37907739,-31,1796,368,-0.12109375,7.015625,1.4375,0,0x14,0,0,0,1,0,1,1,0,0,0,,,,,,,,,,,,,,,,,,,,,,
399,8,LOD_APPROACH,13.333333333333334,597468,18233.2763671875,1808,55.17578125,18.123893805309734,155,4.730224609375,1652,50.4150390625,1,0.030517578125,0x354D8EB4,-30,1817,369,-0.1171875,7.09765625,1.44140625,0,0x14,0,0,0,1,0,1,1,0,0,0,,,,,,,,,,,,,,,,,,,,,,
400,8,LOD_APPROACH,13.366666666666667,599300,18289.1845703125,1832,55.908203125,17.88646288209607,156,4.7607421875,1675,51.116943359375,1,0.030517578125,0xB989B73B,-29,1838,370,-0.11328125,7.1796875,1.4453125,0,0x14,0,0,0,1,0,1,1,0,0,0,,,,,,,,,,,,,,,,,,,,,,
401,8,LOD_APPROACH,13.4,601022,18341.73583984375,1722,52.55126953125,19.02903600464576,156,4.7607421875,1565,47.760009765625,1,0.030517578125,0xA649088E,-28,1859,371,-0.109375,7.26171875,1.44921875,0,0x14,0,0,0,1,0,1,1,0,0,0,,,,,,,,,,,,,,,,,,,,,,
402,8,LOD_APPROACH,13.433333333333334,602666,18391.90673828125,1644,50.1708984375,19.931873479318735,156,4.7607421875,1487,45.379638671875,1,0.030517578125,0x81CF51ED,-27,1880,372,-0.10546875,7.34375,1.453125,0,0x14,0,0,0,1,0,1,1,0,0,0,,,,,,,,,,,,,,,,,,,,,,
403,8,LOD_APPROACH,13.466666666666667,604070,18434.75341796875,1404,42.8466796875,23.33903133903134,155,4.730224609375,1249,38.116455078125,0,0.0,0x141BC178,-26,1901,373,-0.1015625,7.42578125,1.45703125,0,0x14,0,0,0,1,0,1,1,0,0,0,,,,,,,,,,,,,,,,,,,,,,
404,8,LOD_APPROACH,13.5,605361,18474.151611328125,1291,39.398193359375,25.381874515879165,155,4.730224609375,1135,34.637451171875,1,0.030517578125,0xBB50435F,-25,1922,374,-0.09765625,7.5078125,1.4609375,0,0x14,0,0,0,1,0,1,1,0,0,0,,,,,,,,,,,,,,,,,,,,,,
405,8,LOD_APPROACH,13.533333333333333,606671,18514.129638671875,1310,39.97802734375,25.013740458015267,155,4.730224609375,1154,35.21728515625,1,0.030517578125,0x03554D82,-24,1943,375,-0.09375,7.58984375,1.46484375,0,0x14,0,0,0,1,0,1,1,0,0,0,,,,,,,,,,,,,,,,,,,,,,
406,8,LOD_APPROACH,13.566666666666666,607998,18554.62646484375,1327,40.496826171875,24.693293142426526,155,4.730224609375,1171,35.736083984375,1,0.030517578125,0x3EEA4DA1,-23,1964,376,-0.08984375,7.671875,1.46875,0,0x14,0,0,0,1,0,1,1,0,0,0,,,,,,,,,,,,,,,,,,,,,,
407,8,LOD_APPROACH,13.6,609312,18594.7265625,1314,40.10009765625,24.93759512937595,156,4.7607421875,1158,35.33935546875,0,0.0,0x3C71A03C,-22,1985,377,-0.0859375,7.75390625,1.47265625,0,0x14,0,0,0,1,0,1,1,0,0,0,,,,,,,,,,,,,,,,,,,,,,
408,8,LOD_APPROACH,13.633333333333333,610625,18634.796142578125,1313,40.069580078125,24.956587966488957,155,4.730224609375,1158,35.33935546875,0,0.0,0xDC36DBE3,-21,2006,378,-0.08203125,7.8359375,1.4765625,0,0x14,0,0,0,1,0,1,1,0,0,0,,,,,,,,,,,,,,,,,,,,,,
409,8,LOD_APPROACH,13.666666666666666,611958,18675.47607421875,1333,40.679931640625,24.582145536384097,155,4.730224609375,1178,35.94970703125,0,0.0,0xAEE872D6,-20,2027,379,-0.078125,7.91796875,1.48046875,0,0x14,0,0,0,1,0,1,1,0,0,0,,,,,,,,,,,,,,,,,,,,,,
410,8,LOD_APPROACH,13.7,613296,18716.30859375,1338,40.83251953125,24.490284005979074,155,4.730224609375,1182,36.07177734375,1,0.030517578125,0xF16AEBE2,-19,2048,380,-0.07421875,8.0,1.484375,0,0x14,0,0,0,1,0,1,1,0,0,0,,,,,,,,,,,,,,,,,,,,,,
411,8,LOD_APPROACH,13.733333333333333,614624,18756.8359375,1328,40.52734375,24.674698795180724,156,4.7607421875,1171,35.736083984375,1,0.030517578125,0xD823C5E7,-18,2069,381,-0.0703125,8.08203125,1.48828125,0,0x14,0,0,0,1,0,1,1,0,0,0,,,,,,,,,,,,,,,,,,,,,,
412,8,LOD_APPROACH,13.766666666666667,615944,18797.119140625,1320,40.283203125,24.824242424242424,155,4.730224609375,1165,35.552978515625,0,0.0,0x15BBCA40,-17,2090,382,-0.06640625,8.1640625,1.4921875,0,0x14,0,0,0,1,0,1,1,0,0,0,,,,,,,,,,,,,,,,,,,,,,
413,8,LOD_APPROACH,13.8,617284,18838.0126953125,1340,40.8935546875,24.453731343283582,155,4.730224609375,1184,36.1328125,1,0.030517578125,0x73E6CF6D,-16,2111,383,-0.0625,8.24609375,1.49609375,0,0x14,0,0,0,1,0,1,1,0,0,0,,,,,,,,,,,,,,,,,,,,,,
414,8,LOD_APPROACH,13.833333333333334,618608,18878.41796875,1324,40.4052734375,24.749244712990937,156,4.7607421875,1167,35.614013671875,1,0.030517578125,0x77C63D5E,-15,2132,384,-0.05859375,8.328125,1.5,0,0x14,0,0,0,1,0,1,1,0,0,0,,,,,,,,,,,,,,,,,,,,,,
415,8,LOD_APPROACH,13.866666666666667,619948,18919.3115234375,1340,40.8935546875,24.453731343283582,155,4.730224609375,1185,36.163330078125,0,0.0,0x0B82ACF3,-14,2153,385,-0.0546875,8.41015625,1.50390625,0,0x14,0,0,0,1,0,1,1,0,0,0,,,,,,,,,,,,,,,,,,,,,,
416,8,LOD_APPROACH,13.9,621319,18961.151123046875,1371,41.839599609375,23.90080233406273,155,4.730224609375,1215,37.078857421875,1,0.030517578125,0xAF688A0C,-13,2174,386,-0.05078125,8.4921875,1.5078125,0,0x16,1,1,0,1,0,1,1,0,0,0,36.9873046875,0.0,0.213623046875,7.965087890625,3.570556640625,2.044677734375,12.237548828125,2.166748046875,0.0,7.843017578125,0.946044921875,0,0,0,0,0,0,0,0,0,0,0
417,8,LOD_APPROACH,13.933333333333334,622676,19002.5634765625,1357,41.412353515625,24.14738393515107,156,4.7607421875,1201,36.651611328125,0,0.0,0x73C02589,-12,2195,387,-0.046875,8.57421875,1.51171875,0,0x14,0,0,0,1,0,1,1,0,0,0,,,,,,,,,,,,,,,,,,,,,,
418,8,LOD_APPROACH,13.966666666666667,624011,19043.304443359375,1335,40.740966796875,24.545318352059926,155,4.730224609375,1180,36.0107421875,0,0.0,0xAB9B46AA,-11,2216,388,-0.04296875,8.65625,1.515625,0,0x14,0,0,0,1,0,1,1,0,0,0,,,,,,,,,,,,,,,,,,,,,,
419,8,LOD_APPROACH,14.0,625348,19084.1064453125,1337,40.802001953125,24.50860134629768,155,4.730224609375,1181,36.041259765625,1,0.030517578125,0x33D8802F,-10,2237,389,-0.0390625,8.73828125,1.51953125,0,0x14,0,0,0,1,0,1,1,0,0,0,,,,,,,,,,,,,,,,,,,,,,
420,8,LOD_APPROACH,14.033333333333333,626371,19115.325927734375,1023,31.219482421875,32.03128054740958,156,4.7607421875,866,26.42822265625,1,0.030517578125,0xC446B768,-9,2258,390,-0.03515625,8.8203125,1.5234375,0,0x14,0,0,0,1,0,1,1,0,0,0,,,,,,,,,,,,,,,,,,,,,,
421,8,LOD_APPROACH,14.066666666666666,627384,19146.240234375,1013,30.914306640625,32.34748272458045,155,4.730224609375,858,26.18408203125,0,0.0,0x51285415,-8,2279,391,-0.03125,8.90234375,1.52734375,0,0x14,0,0,0,1,0,1,1,0,0,0,,,,,,,,,,,,,,,,,,,,,,
422,8,LOD_APPROACH,14.1,628396,19177.1240234375,1012,30.8837890625,32.3794466403162,155,4.730224609375,857,26.153564453125,0,0.0,0x70E57126,-7,2300,392,-0.02734375,8.984375,1.53125,0,0x14,0,0,0,1,0,1,1,0,0,0,,,,,,,,,,,,,,,,,,,,,,
423,8,LOD_APPROACH,14.133333333333333,629403,19207.855224609375,1007,30.731201171875,32.540218470705064,155,4.730224609375,851,25.970458984375,1,0.030517578125,0xA7C9170A,-6,2321,393,-0.0234375,9.06640625,1.53515625,0,0x14,0,0,0,1,0,1,1,0,0,0,,,,,,,,,,,,,,,,,,,,,,
424,8,LOD_APPROACH,14.166666666666666,630353,19236.846923828125,950,28.99169921875,34.49263157894737,155,4.730224609375,795,24.261474609375,0,0.0,0x4BE464A5,-5,2342,394,-0.01953125,9.1484375,1.5390625,0,0x14,0,0,0,1,0,1,1,0,0,0,,,,,,,,,,,,,,,,,,,,,,
425,8,LOD_APPROACH,14.2,631275,19264.984130859375,922,28.13720703125,35.54013015184382,156,4.7607421875,765,23.345947265625,1,0.030517578125,0x4FA9DD30,-4,2363,395,-0.015625,9.23046875,1.54296875,0,0x14,0,0,0,1,0,1,1,0,0,0,,,,,,,,,,,,,,,,,,,,,,
426,8,LOD_APPROACH,14.233333333333333,632184,19292.724609375,909,27.740478515625,36.04840484048405,155,4.730224609375,754,23.01025390625,0,0.0,0xF4A56F73,-3,2384,396,-0.01171875,9.3125,1.546875,0,0x14,0,0,0,1,0,1,1,0,0,0,,,,,,,,,,,,,,,,,,,,,,
427,8,LOD_APPROACH,14.266666666666667,633097,19320.587158203125,913,27.862548828125,35.89047097480832,156,4.7607421875,756,23.0712890625,1,0.030517578125,0x8BFE6F46,-2,2405,397,-0.0078125,9.39453125,1.55078125,0,0x14,0,0,0,1,0,1,1,0,0,0,,,,,,,,,,,,,,,,,,,,,,
428,8,LOD_APPROACH,14.3,633959,19346.893310546875,862,26.30615234375,38.01392111368909,156,4.7607421875,706,21.54541015625,0,0.0,0xDCCA4BE1,-1,2426,398,-0.00390625,9.4765625,1.5546875,0,0x14,0,0,0,1,0,1,1,0,0,0,,,,,,,,,,,,,,,,,,,,,,
429,8,LOD_APPROACH,14.333333333333334,634845,19373.931884765625,886,27.03857421875,36.98419864559819,155,4.730224609375,730,22.27783203125,1,0.030517578125,0x0ED9BE1A,0,2447,399,0.0,9.55859375,1.55859375,0,0x14,0,0,0,1,0,1,1,0,0,0,,,,,,,,,,,,,,,,,,,,,,
430,8,LOD_APPROACH,14.366666666666667,635734,19401.06201171875,889,27.130126953125,36.85939257592801,155,4.730224609375,734,22.39990234375,0,0.0,0x40AE6F75,1,2468,400,0.00390625,9.640625,1.5625,0,0x14,0,0,0,1,0,1,1,0,0,0,,,,,,,,,,,,,,,,,,,,,,
431,8,LOD_APPROACH,14.4,636636,19428.5888671875,902,27.52685546875,36.328159645232816,155,4.730224609375,747,22.796630859375,0,0.0,0x06EC46A0,2,2489,401,0.0078125,9.72265625,1.56640625,0,0x14,0,0,0,1,0,1,1,0,0,0,,,,,,,,,,,,,,,,,,,,,,
432,8,LOD_APPROACH,14.433333333333334,638588,19488.1591796875,1952,59.5703125,16.78688524590164,1135,34.637451171875,816,24.90234375,1,0.030517578125,0x545FA80F,3069,1262,1186,11.98828125,4.9296875,4.6328125,1,0x15,0,0,1,1,0,1,1,0,0,0,,,,,,,,,,,,,,,,,,,,,,
433,8,LOD_APPROACH,14.466666666666667,639551,19517.547607421875,963,29.388427734375,34.0269989615784,148,4.5166015625,815,24.871826171875,0,0.0,0x2D2E4954,3069,1262,1165,11.98828125,4.9296875,4.55078125,1,0x14,0,0,0,1,0,1,1,0,0,0,,,,,,,,,,,,,,,,,,,,,,
434,8,LOD_APPROACH,14.5,640379,19542.816162109375,828,25.2685546875,39.57487922705314,148,4.5166015625,680,20.751953125,0,0.0,0xF000B19D,3069,1262,1144,11.98828125,4.9296875,4.46875,1,0x14,0,0,0,1,0,1,1,0,0,0,,,,,,,,,,,,,,,,,,,,,,
435,8,LOD_APPROACH,14.533333333333333,641204,19567.9931640625,825,25.177001953125,39.71878787878788,148,4.5166015625,677,20.660400390625,0,0.0,0x84453EEE,3069,1262,1123,11.98828125,4.9296875,4.38671875,1,0x14,0,0,0,1,0,1,1,0,0,0,,,,,,,,,,,,,,,,,,,,,,
436,8,LOD_APPROACH,14.566666666666666,642023,19592.987060546875,819,24.993896484375,40.00976800976801,148,4.5166015625,671,20.477294921875,0,0.0,0x0D408297,3069,1262,1102,11.98828125,4.9296875,4.3046875,1,0x14,0,0,0,1,0,1,1,0,0,0,,,,,,,,,,,,,,,,,,,,,,
437,8,LOD_APPROACH,14.6,642838,19617.85888671875,815,24.871826171875,40.206134969325156,148,4.5166015625,667,20.355224609375,0,0.0,0x8028BE00,3069,1262,1081,11.98828125,4.9296875,4.22265625,1,0x1C,0,0,0,1,1,1,1,0,0,0,,,,,,,,,,,,,,,,,,,,,,
438,9,FREECAM_YAW,14.633333333333333,643653,19642.730712890625,815,24.871826171875,40.206134969325156,155,4.730224609375,659,20.111083984375,1,0.030517578125,0x53C02975,3069,1262,1081,11.98828125,4.9296875,4.22265625,1,0x14,0,0,0,1,0,1,0,1,0,0,,,,,,,,,,,,,,,,,,,,,,
439,9,FREECAM_YAW,14.666666666666666,644465,19667.510986328125,812,24.7802734375,40.354679802955665,155,4.730224609375,657,20.050048828125,0,0.0,0xA2A40271,3069,1262,1081,11.98828125,4.9296875,4.22265625,1,0x14,0,0,0,1,0,1,0,1,0,0,,,,,,,,,,,,,,,,,,,,,,
440,9,FREECAM_YAW,14.7,645266,19691.95556640625,801,24.444580078125,40.908863920099876,155,4.730224609375,646,19.71435546875,0,0.0,0xC113AF95,3069,1262,1081,11.98828125,4.9296875,4.22265625,1,0x14,0,0,0,1,0,1,0,1,0,0,,,,,,,,,,,,,,,,,,,,,,
441,9,FREECAM_YAW,14.733333333333333,646055,19716.033935546875,789,24.078369140625,41.53105196451204,155,4.730224609375,634,19.34814453125,0,0.0,0xFF8769B6,3069,1262,1081,11.98828125,4.9296875,4.22265625,1,0x14,0,0,0,1,0,1,0,1,0,0,,,,,,,,,,,,,,,,,,,,,,
442,9,FREECAM_YAW,14.766666666666667,646834,19739.80712890625,779,23.773193359375,42.06418485237484,155,4.730224609375,624,19.04296875,0,0.0,0x042130CE,3069,1262,1081,11.98828125,4.9296875,4.22265625,1,0x14,0,0,0,1,0,1,0,1,0,0,,,,,,,,,,,,,,,,,,,,,,
443,9,FREECAM_YAW,14.8,647580,19762.5732421875,746,22.76611328125,43.924932975871315,155,4.730224609375,590,18.00537109375,1,0.030517578125,0x70927F5D,3069,1262,1081,11.98828125,4.9296875,4.22265625,1,0x14,0,0,0,1,0,1,0,1,0,0,,,,,,,,,,,,,,,,,,,,,,
444,9,FREECAM_YAW,14.833333333333334,648321,19785.186767578125,741,22.613525390625,44.22132253711201,155,4.730224609375,585,17.852783203125,1,0.030517578125,0xD2CB2DFC,3069,1262,1081,11.98828125,4.9296875,4.22265625,1,0x14,0,0,0,1,0,1,0,1,0,0,,,,,,,,,,,,,,,,,,,,,,
445,9,FREECAM_YAW,14.866666666666667,648993,19805.694580078125,672,20.5078125,48.76190476190476,154,4.69970703125,518,15.80810546875,0,0.0,0x0DC77C76,3069,1262,1081,11.98828125,4.9296875,4.22265625,1,0x14,0,0,0,1,0,1,0,1,0,0,,,,,,,,,,,,,,,,,,,,,,
446,9,FREECAM_YAW,14.9,649640,19825.439453125,647,19.744873046875,50.646058732612055,154,4.69970703125,493,15.045166015625,0,0.0,0x646433BE,3069,1262,1081,11.98828125,4.9296875,4.22265625,1,0x14,0,0,0,1,0,1,0,1,0,0,,,,,,,,,,,,,,,,,,,,,,
447,9,FREECAM_YAW,14.933333333333334,650237,19843.658447265625,597,18.218994140625,54.88777219430486,155,4.730224609375,442,13.48876953125,0,0.0,0x3DDA4090,3069,1262,1081,11.98828125,4.9296875,4.22265625,1,0x14,0,0,0,1,0,1,0,1,0,0,,,,,,,,,,,,,,,,,,,,,,
448,9,FREECAM_YAW,14.966666666666667,650835,19861.907958984375,598,18.24951171875,54.79598662207358,154,4.69970703125,443,13.519287109375,1,0.030517578125,0xFFCB4259,3069,1262,1081,11.98828125,4.9296875,4.22265625,1,0x14,0,0,0,1,0,1,0,1,0,0,,,,,,,,,,,,,,,,,,,,,,
449,9,FREECAM_YAW,15.0,651431,19880.096435546875,596,18.1884765625,54.97986577181208,154,4.69970703125,442,13.48876953125,0,0.0,0xBF360EA3,3069,1262,1081,11.98828125,4.9296875,4.22265625,1,0x14,0,0,0,1,0,1,0,1,0,0,,,,,,,,,,,,,,,,,,,,,,
450,9,FREECAM_YAW,15.033333333333333,652088,19900.146484375,657,20.050048828125,49.8751902587519,154,4.69970703125,502,15.31982421875,1,0.030517578125,0x60A33A9C,3069,1262,1081,11.98828125,4.9296875,4.22265625,1,0x14,0,0,0,1,0,1,0,1,0,0,,,,,,,,,,,,,,,,,,,,,,
451,9,FREECAM_YAW,15.066666666666666,652745,19920.196533203125,657,20.050048828125,49.8751902587519,155,4.730224609375,501,15.289306640625,1,0.030517578125,0x198020E6,3069,1262,1081,11.98828125,4.9296875,4.22265625,1,0x14,0,0,0,1,0,1,0,1,0,0,,,,,,,,,,,,,,,,,,,,,,
452,9,FREECAM_YAW,15.1,653475,19942.474365234375,730,22.27783203125,44.88767123287671,154,4.69970703125,576,17.578125,0,0.0,0x3F7972FA,3069,1262,1081,11.98828125,4.9296875,4.22265625,1,0x14,0,0,0,1,0,1,0,1,0,0,,,,,,,,,,,,,,,,,,,,,,
453,9,FREECAM_YAW,15.133333333333333,654209,19964.874267578125,734,22.39990234375,44.643051771117165,154,4.69970703125,580,17.7001953125,0,0.0,0x8BBE58C6,3069,1262,1081,11.98828125,4.9296875,4.22265625,1,0x14,0,0,0,1,0,1,0,1,0,0,,,,,,,,,,,,,,,,,,,,,,
454,9,FREECAM_YAW,15.166666666666666,654957,19987.701416015625,748,22.8271484375,43.80748663101604,154,4.69970703125,593,18.096923828125,1,0.030517578125,0x2E1DABB5,3069,1262,1081,11.98828125,4.9296875,4.22265625,1,0x14,0,0,0,1,0,1,0,1,0,0,,,,,,,,,,,,,,,,,,,,,,
455,9,FREECAM_YAW,15.2,655737,20011.505126953125,780,23.8037109375,42.01025641025641,154,4.69970703125,626,19.10400390625,0,0.0,0x738F6485,3069,1262,1081,11.98828125,4.9296875,4.22265625,1,0x14,0,0,0,1,0,1,0,1,0,0,,,,,,,,,,,,,,,,,,,,,,
456,9,FREECAM_YAW,15.233333333333333,656527,20035.614013671875,790,24.10888671875,41.47848101265823,155,4.730224609375,634,19.34814453125,1,0.030517578125,0x0BBF162F,3069,1262,1081,11.98828125,4.9296875,4.22265625,1,0x14,0,0,0,1,0,1,0,1,0,0,,,,,,,,,,,,,,,,,,,,,,
457,9,FREECAM_YAW,15.266666666666667,657326,20059.99755859375,799,24.383544921875,41.011264080100126,154,4.69970703125,644,19.6533203125,1,0.030517578125,0x288A2C51,3069,1262,1081,11.98828125,4.9296875,4.22265625,1,0x14,0,0,0,1,0,1,0,1,0,0,,,,,,,,,,,,,,,,,,,,,,
458,9,FREECAM_YAW,15.3,658137,20084.747314453125,811,24.749755859375,40.40443896424168,155,4.730224609375,656,20.01953125,0,0.0,0x2E6A0A0E,3069,1262,1081,11.98828125,4.9296875,4.22265625,1,0x14,0,0,0,1,0,1,0,1,0,0,,,,,,,,,,,,,,,,,,,,,,
459,9,FREECAM_YAW,15.333333333333334,658947,20109.466552734375,810,24.71923828125,40.45432098765432,155,4.730224609375,654,19.95849609375,1,0.030517578125,0x83B902EA,3069,1262,1081,11.98828125,4.9296875,4.22265625,1,0x16,1,1,0,1,0,1,0,1,0,0,19.927978515625,0.0,0.3662109375,4.638671875,9.552001953125,0.0,0.0,0.0,0.0,4.39453125,0.9765625,0,0,0,0,0,0,0,0,0,0,0
460,9,FREECAM_YAW,15.366666666666667,659761,20134.307861328125,814,24.84130859375,40.255528255528255,155,4.730224609375,659,20.111083984375,0,0.0,0x926FA628,3069,1262,1081,11.98828125,4.9296875,4.22265625,1,0x14,0,0,0,1,0,1,0,1,0,0,,,,,,,,,,,,,,,,,,,,,,
461,9,FREECAM_YAW,15.4,660571,20159.027099609375,810,24.71923828125,40.45432098765432,155,4.730224609375,654,19.95849609375,1,0.030517578125,0x49EC8067,3069,1262,1081,11.98828125,4.9296875,4.22265625,1,0x14,0,0,0,1,0,1,0,1,0,0,,,,,,,,,,,,,,,,,,,,,,
462,9,FREECAM_YAW,15.433333333333334,661372,20183.4716796875,801,24.444580078125,40.908863920099876,154,4.69970703125,646,19.71435546875,1,0.030517578125,0x299B9677,3069,1262,1081,11.98828125,4.9296875,4.22265625,1,0x14,0,0,0,1,0,1,0,1,0,0,,,,,,,,,,,,,,,,,,,,,,
463,9,FREECAM_YAW,15.466666666666667,662165,20207.672119140625,793,24.200439453125,41.32156368221942,154,4.69970703125,639,19.500732421875,0,0.0,0x9BDD0F89,3069,1262,1081,11.98828125,4.9296875,4.22265625,1,0x14,0,0,0,1,0,1,0,1,0,0,,,,,,,,,,,,,,,,,,,,,,
464,9,FREECAM_YAW,15.5,662956,20231.8115234375,791,24.139404296875,41.42604298356511,155,4.730224609375,635,19.378662109375,1,0.030517578125,0xD178667F,3069,1262,1081,11.98828125,4.9296875,4.22265625,1,0x14,0,0,0,1,0,1,0,1,0,0,,,,,,,,,,,,,,,,,,,,,,
465,9,FREECAM_YAW,15.533333333333333,663697,20254.425048828125,741,22.613525390625,44.22132253711201,154,4.69970703125,587,17.913818359375,0,0.0,0x44428AB8,3069,1262,1081,11.98828125,4.9296875,4.22265625,1,0x14,0,0,0,1,0,1,0,1,0,0,,,,,,,,,,,,,,,,,,,,,,
466,9,FREECAM_YAW,15.566666666666666,664391,20275.604248046875,694,21.17919921875,47.216138328530256,155,4.730224609375,538,16.41845703125,1,0.030517578125,0x5A543504,3069,1262,1081,11.98828125,4.9296875,4.22265625,1,0x14,0,0,0,1,0,1,0,1,0,0,,,,,,,,,,,,,,,,,,,,,,
467,9,FREECAM_YAW,15.6,665091,20296.966552734375,700,21.3623046875,46.81142857142857,155,4.730224609375,545,16.632080078125,0,0.0,0x8890F534,3069,1262,1081,11.98828125,4.9296875,4.22265625,1,0x14,0,0,0,1,0,1,0,1,0,0,,,,,,,,,,,,,,,,,,,,,,
468,9,FREECAM_YAW,15.633333333333333,665803,20318.695068359375,712,21.728515625,46.02247191011236,155,4.730224609375,556,16.9677734375,1,0.030517578125,0x07E496EE,3069,1262,1081,11.98828125,4.9296875,4.22265625,1,0x14,0,0,0,1,0,1,0,1,0,0,,,,,,,,,,,,,,,,,,,,,,
469,9,FREECAM_YAW,15.666666666666666,666549,20341.461181640625,746,22.76611328125,43.924932975871315,154,4.69970703125,592,18.06640625,0,0.0,0x0E8CE62B,3069,1262,1081,11.98828125,4.9296875,4.22265625,1,0x14,0,0,0,1,0,1,0,1,0,0,,,,,,,,,,,,,,,,,,,,,,
470,9,FREECAM_YAW,15.7,667304,20364.501953125,755,23.040771484375,43.40132450331126,154,4.69970703125,601,18.341064453125,0,0.0,0x6C7F7CAB,3069,1262,1081,11.98828125,4.9296875,4.22265625,1,0x14,0,0,0,1,0,1,0,1,0,0,,,,,,,,,,,,,,,,,,,,,,
471,9,FREECAM_YAW,15.733333333333333,668044,20387.0849609375,740,22.5830078125,44.28108108108108,154,4.69970703125,585,17.852783203125,1,0.030517578125,0x1860A20C,3069,1262,1081,11.98828125,4.9296875,4.22265625,1,0x14,0,0,0,1,0,1,0,1,0,0,,,,,,,,,,,,,,,,,,,,,,
472,9,FREECAM_YAW,15.766666666666667,668777,20409.454345703125,733,22.369384765625,44.70395634379263,154,4.69970703125,579,17.669677734375,0,0.0,0x790CD07A,3069,1262,1081,11.98828125,4.9296875,4.22265625,1,0x14,0,0,0,1,0,1,0,1,0,0,,,,,,,,,,,,,,,,,,,,,,
473,9,FREECAM_YAW,15.8,669492,20431.2744140625,715,21.820068359375,45.82937062937063,154,4.69970703125,560,17.08984375,1,0.030517578125,0xC44C36AE,3069,1262,1081,11.98828125,4.9296875,4.22265625,1,0x14,0,0,0,1,0,1,0,1,0,0,,,,,,,,,,,,,,,,,,,,,,
474,9,FREECAM_YAW,15.833333333333334,670223,20453.582763671875,731,22.308349609375,44.82626538987688,155,4.730224609375,576,17.578125,0,0.0,0xF1AFE5AA,3069,1262,1081,11.98828125,4.9296875,4.22265625,1,0x14,0,0,0,1,0,1,0,1,0,0,,,,,,,,,,,,,,,,,,,,,,
475,9,FREECAM_YAW,15.866666666666667,670954,20475.89111328125,731,22.308349609375,44.82626538987688,155,4.730224609375,575,17.547607421875,1,0.030517578125,0x5595FB91,3069,1262,1081,11.98828125,4.9296875,4.22265625,1,0x14,0,0,0,1,0,1,0,1,0,0,,,,,,,,,,,,,,,,,,,,,,
476,9,FREECAM_YAW,15.9,671736,20499.755859375,782,23.86474609375,41.90281329923274,154,4.69970703125,627,19.134521484375,1,0.030517578125,0x4E44351A,3069,1262,1081,11.98828125,4.9296875,4.22265625,1,0x14,0,0,0,1,0,1,0,1,0,0,,,,,,,,,,,,,,,,,,,,,,
477,9,FREECAM_YAW,15.933333333333334,672543,20524.383544921875,807,24.627685546875,40.60470879801735,154,4.69970703125,653,19.927978515625,0,0.0,0x1DE63F1A,3069,1262,1081,11.98828125,4.9296875,4.22265625,1,0x14,0,0,0,1,0,1,0,1,0,0,,,,,,,,,,,,,,,,,,,,,,
478,9,FREECAM_YAW,15.966666666666667,673357,20549.224853515625,814,24.84130859375,40.255528255528255,154,4.69970703125,660,20.1416015625,0,0.0,0x61EB8F87,3069,1262,1081,11.98828125,4.9296875,4.22265625,1,0x14,0,0,0,1,0,1,0,1,0,0,,,,,,,,,,,,,,,,,,,,,,
479,9,FREECAM_YAW,16.0,674166,20573.91357421875,809,24.688720703125,40.504326328800985,154,4.69970703125,654,19.95849609375,1,0.030517578125,0x649F3B8F,3069,1262,1081,11.98828125,4.9296875,4.22265625,1,0x14,0,0,0,1,0,1,0,1,0,0,,,,,,,,,,,,,,,,,,,,,,
480,9,FREECAM_YAW,16.033333333333335,674980,20598.7548828125,814,24.84130859375,40.255528255528255,155,4.730224609375,658,20.08056640625,1,0.030517578125,0xD23C0287,3069,1262,1081,11.98828125,4.9296875,4.22265625,1,0x14,0,0,0,1,0,1,0,1,0,0,,,,,,,,,,,,,,,,,,,,,,
481,9,FREECAM_YAW,16.066666666666666,675796,20623.6572265625,816,24.90234375,40.15686274509804,154,4.69970703125,661,20.172119140625,1,0.030517578125,0x9BA00F04,3069,1262,1081,11.98828125,4.9296875,4.22265625,1,0x14,0,0,0,1,0,1,0,1,0,0,,,,,,,,,,,,,,,,,,,,,,
482,9,FREECAM_YAW,16.1,676602,20648.25439453125,806,24.59716796875,40.655086848635236,155,4.730224609375,650,19.83642578125,1,0.030517578125,0x5905AEFB,3069,1262,1081,11.98828125,4.9296875,4.22265625,1,0x14,0,0,0,1,0,1,0,1,0,0,,,,,,,,,,,,,,,,,,,,,,
483,9,FREECAM_YAW,16.133333333333333,677410,20672.91259765625,808,24.658203125,40.554455445544555,155,4.730224609375,652,19.8974609375,1,0.030517578125,0x1C3F4722,3069,1262,1081,11.98828125,4.9296875,4.22265625,1,0x14,0,0,0,1,0,1,0,1,0,0,,,,,,,,,,,,,,,,,,,,,,
484,9,FREECAM_YAW,16.166666666666668,678185,20696.563720703125,775,23.651123046875,42.281290322580645,154,4.69970703125,620,18.9208984375,1,0.030517578125,0x621C0819,3069,1262,1081,11.98828125,4.9296875,4.22265625,1,0x14,0,0,0,1,0,1,0,1,0,0,,,,,,,,,,,,,,,,,,,,,,
485,9,FREECAM_YAW,16.2,678954,20720.03173828125,769,23.468017578125,42.6111833550065,154,4.69970703125,614,18.73779296875,1,0.030517578125,0x3A0C8395,3069,1262,1081,11.98828125,4.9296875,4.22265625,1,0x14,0,0,0,1,0,1,0,1,0,0,,,,,,,,,,,,,,,,,,,,,,
486,9,FREECAM_YAW,16.233333333333334,679717,20743.316650390625,763,23.284912109375,42.94626474442988,155,4.730224609375,607,18.524169921875,1,0.030517578125,0x956E0910,3069,1262,1081,11.98828125,4.9296875,4.22265625,1,0x14,0,0,0,1,0,1,0,1,0,0,,,,,,,,,,,,,,,,,,,,,,
487,9,FREECAM_YAW,16.266666666666666,680474,20766.41845703125,757,23.101806640625,43.28665785997358,154,4.69970703125,602,18.37158203125,1,0.030517578125,0xF35E73A0,3069,1262,1081,11.98828125,4.9296875,4.22265625,1,0x14,0,0,0,1,0,1,0,1,0,0,,,,,,,,,,,,,,,,,,,,,,
488,9,FREECAM_YAW,16.3,681223,20789.276123046875,749,22.857666015625,43.748998664886514,155,4.730224609375,594,18.12744140625,0,0.0,0x32C0D7EA,3069,1262,1081,11.98828125,4.9296875,4.22265625,1,0x14,0,0,0,1,0,1,0,1,0,0,,,,,,,,,,,,,,,,,,,,,,
489,9,FREECAM_YAW,16.333333333333332,681854,20808.53271484375,631,19.256591796875,51.93026941362916,155,4.730224609375,475,14.495849609375,1,0.030517578125,0x57C44DCC,3069,1262,1081,11.98828125,4.9296875,4.22265625,1,0x14,0,0,0,1,0,1,0,1,0,0,,,,,,,,,,,,,,,,,,,,,,
490,9,FREECAM_YAW,16.366666666666667,682458,20826.96533203125,604,18.4326171875,54.25165562913907,155,4.730224609375,448,13.671875,1,0.030517578125,0x89168DA8,3069,1262,1081,11.98828125,4.9296875,4.22265625,1,0x14,0,0,0,1,0,1,0,1,0,0,,,,,,,,,,,,,,,,,,,,,,
491,9,FREECAM_YAW,16.4,683057,20845.245361328125,599,18.280029296875,54.70450751252087,154,4.69970703125,444,13.5498046875,1,0.030517578125,0xCB557735,3069,1262,1081,11.98828125,4.9296875,4.22265625,1,0x14,0,0,0,1,0,1,0,1,0,0,,,,,,,,,,,,,,,,,,,,,,
492,9,FREECAM_YAW,16.433333333333334,683655,20863.494873046875,598,18.24951171875,54.79598662207358,155,4.730224609375,443,13.519287109375,0,0.0,0x56F76AB7,3069,1262,1081,11.98828125,4.9296875,4.22265625,1,0x14,0,0,0,1,0,1,0,1,0,0,,,,,,,,,,,,,,,,,,,,,,
493,9,FREECAM_YAW,16.466666666666665,684275,20882.415771484375,620,18.9208984375,52.851612903225806,155,4.730224609375,464,14.16015625,1,0.030517578125,0x83E47B49,3069,1262,1081,11.98828125,4.9296875,4.22265625,1,0x14,0,0,0,1,0,1,0,1,0,0,,,,,,,,,,,,,,,,,,,,,,
494,9,FREECAM_YAW,16.5,685014,20904.96826171875,739,22.552490234375,44.341001353179976,155,4.730224609375,583,17.791748046875,1,0.030517578125,0xB18646C1,3069,1262,1081,11.98828125,4.9296875,4.22265625,1,0x14,0,0,0,1,0,1,0,1,0,0,,,,,,,,,,,,,,,,,,,,,,
495,9,FREECAM_YAW,16.533333333333335,685756,20927.6123046875,742,22.64404296875,44.16172506738545,154,4.69970703125,588,17.9443359375,0,0.0,0x9119C7F9,3069,1262,1081,11.98828125,4.9296875,4.22265625,1,0x14,0,0,0,1,0,1,0,1,0,0,,,,,,,,,,,,,,,,,,,,,,
496,9,FREECAM_YAW,16.566666666666666,686510,20950.62255859375,754,23.01025390625,43.45888594164456,155,4.730224609375,599,18.280029296875,0,0.0,0xF67F2C2F,3069,1262,1081,11.98828125,4.9296875,4.22265625,1,0x14,0,0,0,1,0,1,0,1,0,0,,,,,,,,,,,,,,,,,,,,,,
497,9,FREECAM_YAW,16.6,687278,20974.06005859375,768,23.4375,42.666666666666664,155,4.730224609375,612,18.6767578125,1,0.030517578125,0x5DDFDFF8,3069,1262,1081,11.98828125,4.9296875,4.22265625,1,0x14,0,0,0,1,0,1,0,1,0,0,,,,,,,,,,,,,,,,,,,,,,
498,9,FREECAM_YAW,16.633333333333333,688049,20997.589111328125,771,23.529052734375,42.50064850843061,154,4.69970703125,616,18.798828125,1,0.030517578125,0xAB06698E,3069,1262,1081,11.98828125,4.9296875,4.22265625,1,0x14,0,0,0,1,0,1,0,1,0,0,,,,,,,,,,,,,,,,,,,,,,
499,9,FREECAM_YAW,16.666666666666668,688855,21022.186279296875,806,24.59716796875,40.655086848635236,155,4.730224609375,650,19.83642578125,1,0.030517578125,0x43E77967,3069,1262,1081,11.98828125,4.9296875,4.22265625,1,0x14,0,0,0,1,0,1,0,1,0,0,,,,,,,,,,,,,,,,,,,,,,
500,9,FREECAM_YAW,16.7,689665,21046.905517578125,810,24.71923828125,40.45432098765432,154,4.69970703125,656,20.01953125,0,0.0,0x5CDADBC8,3069,1262,1081,11.98828125,4.9296875,4.22265625,1,0x14,0,0,0,1,0,1,0,1,0,0,,,,,,,,,,,,,,,,,,,,,,
501,9,FREECAM_YAW,16.733333333333334,690479,21071.746826171875,814,24.84130859375,40.255528255528255,154,4.69970703125,660,20.1416015625,0,0.0,0x6DF32D85,3069,1262,1081,11.98828125,4.9296875,4.22265625,1,0x14,0,0,0,1,0,1,0,1,0,0,,,,,,,,,,,,,,,,,,,,,,
502,9,FREECAM_YAW,16.766666666666666,691268,21095.8251953125,789,24.078369140625,41.53105196451204,155,4.730224609375,634,19.34814453125,0,0.0,0x5CDADBC8,3069,1262,1081,11.98828125,4.9296875,4.22265625,1,0x14,0,0,0,1,0,1,0,-1,0,0,,,,,,,,,,,,,,,,,,,,,,
503,9,FREECAM_YAW,16.8,692076,21120.4833984375,808,24.658203125,40.554455445544555,155,4.730224609375,653,19.927978515625,0,0.0,0x43E77967,3069,1262,1081,11.98828125,4.9296875,4.22265625,1,0x14,0,0,0,1,0,1,0,-1,0,0,,,,,,,,,,,,,,,,,,,,,,
504,9,FREECAM_YAW,16.833333333333332,692852,21144.1650390625,776,23.681640625,42.22680412371134,155,4.730224609375,621,18.951416015625,0,0.0,0xAB06698E,3069,1262,1081,11.98828125,4.9296875,4.22265625,1,0x14,0,0,0,1,0,1,0,-1,0,0,,,,,,,,,,,,,,,,,,,,,,
505,9,FREECAM_YAW,16.866666666666667,693623,21167.694091796875,771,23.529052734375,42.50064850843061,154,4.69970703125,616,18.798828125,1,0.030517578125,0x5DDFDFF8,3069,1262,1081,11.98828125,4.9296875,4.22265625,1,0x14,0,0,0,1,0,1,0,-1,0,0,,,,,,,,,,,,,,,,,,,,,,
506,9,FREECAM_YAW,16.9,694384,21190.91796875,761,23.223876953125,43.059132720105126,155,4.730224609375,606,18.49365234375,0,0.0,0xF67F2C2F,3069,1262,1081,11.98828125,4.9296875,4.22265625,1,0x14,0,0,0,1,0,1,0,-1,0,0,,,,,,,,,,,,,,,,,,,,,,
507,9,FREECAM_YAW,16.933333333333334,695140,21213.9892578125,756,23.0712890625,43.34391534391534,154,4.69970703125,602,18.37158203125,0,0.0,0x9119C7F9,3069,1262,1081,11.98828125,4.9296875,4.22265625,1,0x14,0,0,0,1,0,1,0,-1,0,0,,,,,,,,,,,,,,,,,,,,,,
508,9,FREECAM_YAW,16.966666666666665,695886,21236.75537109375,746,22.76611328125,43.924932975871315,154,4.69970703125,591,18.035888671875,1,0.030517578125,0xB18646C1,3069,1262,1081,11.98828125,4.9296875,4.22265625,1,0x14,0,0,0,1,0,1,0,-1,0,0,,,,,,,,,,,,,,,,,,,,,,
509,9,FREECAM_YAW,17.0,696509,21255.767822265625,623,19.012451171875,52.597110754414125,155,4.730224609375,467,14.251708984375,1,0.030517578125,0x83E47B49,3069,1262,1081,11.98828125,4.9296875,4.22265625,1,0x14,0,0,0,1,0,1,0,-1,0,0,,,,,,,,,,,,,,,,,,,,,,
510,9,FREECAM_YAW,17.033333333333335,697107,21274.017333984375,598,18.24951171875,54.79598662207358,154,4.69970703125,444,13.5498046875,0,0.0,0x56F76AB7,3069,1262,1081,11.98828125,4.9296875,4.22265625,1,0x14,0,0,0,1,0,1,0,-1,0,0,,,,,,,,,,,,,,,,,,,,,,
511,9,FREECAM_YAW,17.066666666666666,697703,21292.205810546875,596,18.1884765625,54.97986577181208,154,4.69970703125,442,13.48876953125,0,0.0,0xCB557735,3069,1262,1081,11.98828125,4.9296875,4.22265625,1,0x14,0,0,0,1,0,1,0,-1,0,0,,,,,,,,,,,,,,,,,,,,,,
512,9,FREECAM_YAW,17.1,698301,21310.455322265625,598,18.24951171875,54.79598662207358,154,4.69970703125,443,13.519287109375,1,0.030517578125,0x89168DA8,3069,1262,1081,11.98828125,4.9296875,4.22265625,1,0x14,0,0,0,1,0,1,0,-1,0,0,,,,,,,,,,,,,,,,,,,,,,
513,9,FREECAM_YAW,17.133333333333333,698922,21329.40673828125,621,18.951416015625,52.76650563607085,155,4.730224609375,465,14.190673828125,1,0.030517578125,0x57C44DCC,3069,1262,1081,11.98828125,4.9296875,4.22265625,1,0x14,0,0,0,1,0,1,0,-1,0,0,,,,,,,,,,,,,,,,,,,,,,
514,9,FREECAM_YAW,17.166666666666668,699665,21352.081298828125,743,22.674560546875,44.10228802153432,154,4.69970703125,588,17.9443359375,1,0.030517578125,0x32C0D7EA,3069,1262,1081,11.98828125,4.9296875,4.22265625,1,0x14,0,0,0,1,0,1,0,-1,0,0,,,,,,,,,,,,,,,,,,,,,,
515,9,FREECAM_YAW,17.2,700416,21375.0,751,22.918701171875,43.63249001331558,154,4.69970703125,597,18.218994140625,0,0.0,0xF35E73A0,3069,1262,1081,11.98828125,4.9296875,4.22265625,1,0x14,0,0,0,1,0,1,0,-1,0,0,,,,,,,,,,,,,,,,,,,,,,
516,9,FREECAM_YAW,17.233333333333334,701174,21398.13232421875,758,23.13232421875,43.229551451187334,154,4.69970703125,603,18.402099609375,1,0.030517578125,0x956E0910,3069,1262,1081,11.98828125,4.9296875,4.22265625,1,0x14,0,0,0,1,0,1,0,-1,0,0,,,,,,,,,,,,,,,,,,,,,,
517,9,FREECAM_YAW,17.266666666666666,701941,21421.539306640625,767,23.406982421875,42.72229465449804,155,4.730224609375,612,18.6767578125,0,0.0,0x3A0C8395,3069,1262,1081,11.98828125,4.9296875,4.22265625,1,0x14,0,0,0,1,0,1,0,-1,0,0,,,,,,,,,,,,,,,,,,,,,,
518,9,FREECAM_YAW,17.3,702714,21445.12939453125,773,23.590087890625,42.39068564036223,154,4.69970703125,619,18.890380859375,0,0.0,0x621C0819,3069,1262,1081,11.98828125,4.9296875,4.22265625,1,0x14,0,0,0,1,0,1,0,-1,0,0,,,,,,,,,,,,,,,,,,,,,,
519,9,FREECAM_YAW,17.333333333333332,703519,21469.696044921875,805,24.566650390625,40.7055900621118,154,4.69970703125,650,19.83642578125,1,0.030517578125,0x1C3F4722,3069,1262,1081,11.98828125,4.9296875,4.22265625,1,0x14,0,0,0,1,0,1,0,-1,0,0,,,,,,,,,,,,,,,,,,,,,,
520,9,FREECAM_YAW,17.366666666666667,704320,21494.140625,801,24.444580078125,40.908863920099876,155,4.730224609375,645,19.683837890625,1,0.030517578125,0x5905AEFB,3069,1262,1081,11.98828125,4.9296875,4.22265625,1,0x14,0,0,0,1,0,1,0,-1,0,0,,,,,,,,,,,,,,,,,,,,,,
521,9,FREECAM_YAW,17.4,705130,21518.85986328125,810,24.71923828125,40.45432098765432,154,4.69970703125,655,19.989013671875,1,0.030517578125,0x9BA00F04,3069,1262,1081,11.98828125,4.9296875,4.22265625,1,0x14,0,0,0,1,0,1,0,-1,0,0,,,,,,,,,,,,,,,,,,,,,,
522,9,FREECAM_YAW,17.433333333333334,705942,21543.64013671875,812,24.7802734375,40.354679802955665,154,4.69970703125,658,20.08056640625,0,0.0,0xD23C0287,3069,1262,1081,11.98828125,4.9296875,4.22265625,1,0x14,0,0,0,1,0,1,0,-1,0,0,,,,,,,,,,,,,,,,,,,,,,
523,9,FREECAM_YAW,17.466666666666665,706754,21568.42041015625,812,24.7802734375,40.354679802955665,154,4.69970703125,657,20.050048828125,1,0.030517578125,0x649F3B8F,3069,1262,1081,11.98828125,4.9296875,4.22265625,1,0x14,0,0,0,1,0,1,0,-1,0,0,,,,,,,,,,,,,,,,,,,,,,
524,9,FREECAM_YAW,17.5,707567,21593.231201171875,813,24.810791015625,40.305043050430506,155,4.730224609375,657,20.050048828125,1,0.030517578125,0x61EB8F87,3069,1262,1081,11.98828125,4.9296875,4.22265625,1,0x14,0,0,0,1,0,1,0,-1,0,0,,,,,,,,,,,,,,,,,,,,,,
525,9,FREECAM_YAW,17.533333333333335,708370,21617.73681640625,803,24.505615234375,40.80697384806974,155,4.730224609375,648,19.775390625,0,0.0,0x1DE63F1A,3069,1262,1081,11.98828125,4.9296875,4.22265625,1,0x14,0,0,0,1,0,1,0,-1,0,0,,,,,,,,,,,,,,,,,,,,,,
526,9,FREECAM_YAW,17.566666666666666,709149,21641.510009765625,779,23.773193359375,42.06418485237484,154,4.69970703125,624,19.04296875,1,0.030517578125,0x4E44351A,3069,1262,1081,11.98828125,4.9296875,4.22265625,1,0x14,0,0,0,1,0,1,0,-1,0,0,,,,,,,,,,,,,,,,,,,,,,
527,9,FREECAM_YAW,17.6,709871,21663.543701171875,722,22.03369140625,45.38504155124654,154,4.69970703125,568,17.333984375,0,0.0,0x5595FB91,3069,1262,1081,11.98828125,4.9296875,4.22265625,1,0x14,0,0,0,1,0,1,0,-1,0,0,,,,,,,,,,,,,,,,,,,,,,
528,9,FREECAM_YAW,17.633333333333333,710595,21685.638427734375,724,22.0947265625,45.25966850828729,154,4.69970703125,569,17.364501953125,1,0.030517578125,0xF1AFE5AA,3069,1262,1081,11.98828125,4.9296875,4.22265625,1,0x14,0,0,0,1,0,1,0,-1,0,0,,,,,,,,,,,,,,,,,,,,,,
529,9,FREECAM_YAW,17.666666666666668,711306,21707.33642578125,711,21.697998046875,46.08720112517581,155,4.730224609375,555,16.937255859375,1,0.030517578125,0xC44C36AE,3069,1262,1081,11.98828125,4.9296875,4.22265625,1,0x14,0,0,0,1,0,1,0,-1,0,0,,,,,,,,,,,,,,,,,,,,,,
530,9,FREECAM_YAW,17.7,712017,21729.034423828125,711,21.697998046875,46.08720112517581,155,4.730224609375,556,16.9677734375,0,0.0,0x790CD07A,3069,1262,1081,11.98828125,4.9296875,4.22265625,1,0x14,0,0,0,1,0,1,0,-1,0,0,,,,,,,,,,,,,,,,,,,,,,
531,9,FREECAM_YAW,17.733333333333334,712733,21750.885009765625,716,21.8505859375,45.76536312849162,155,4.730224609375,561,17.120361328125,0,0.0,0x1860A20C,3069,1262,1081,11.98828125,4.9296875,4.22265625,1,0x14,0,0,0,1,0,1,0,-1,0,0,,,,,,,,,,,,,,,,,,,,,,
532,9,FREECAM_YAW,17.766666666666666,713479,21773.651123046875,746,22.76611328125,43.924932975871315,154,4.69970703125,591,18.035888671875,1,0.030517578125,0x6C7F7CAB,3069,1262,1081,11.98828125,4.9296875,4.22265625,1,0x14,0,0,0,1,0,1,0,-1,0,0,,,,,,,,,,,,,,,,,,,,,,
533,9,FREECAM_YAW,17.8,714231,21796.600341796875,752,22.94921875,43.57446808510638,155,4.730224609375,596,18.1884765625,1,0.030517578125,0x0E8CE62B,3069,1262,1081,11.98828125,4.9296875,4.22265625,1,0x14,0,0,0,1,0,1,0,-1,0,0,,,,,,,,,,,,,,,,,,,,,,
534,9,FREECAM_YAW,17.833333333333332,714978,21819.39697265625,747,22.796630859375,43.866131191432395,155,4.730224609375,591,18.035888671875,1,0.030517578125,0x07E496EE,3069,1262,1081,11.98828125,4.9296875,4.22265625,1,0x14,0,0,0,1,0,1,0,-1,0,0,,,,,,,,,,,,,,,,,,,,,,
535,9,FREECAM_YAW,17.866666666666667,715709,21841.705322265625,731,22.308349609375,44.82626538987688,154,4.69970703125,576,17.578125,1,0.030517578125,0x8890F534,3069,1262,1081,11.98828125,4.9296875,4.22265625,1,0x14,0,0,0,1,0,1,0,-1,0,0,,,,,,,,,,,,,,,,,,,,,,
536,9,FREECAM_YAW,17.9,716415,21863.250732421875,706,21.54541015625,46.41359773371105,155,4.730224609375,551,16.815185546875,0,0.0,0x5A543504,3069,1262,1081,11.98828125,4.9296875,4.22265625,1,0x14,0,0,0,1,0,1,0,-1,0,0,,,,,,,,,,,,,,,,,,,,,,
537,9,FREECAM_YAW,17.933333333333334,717163,21886.077880859375,748,22.8271484375,43.80748663101604,155,4.730224609375,593,18.096923828125,0,0.0,0x44428AB8,3069,1262,1081,11.98828125,4.9296875,4.22265625,1,0x14,0,0,0,1,0,1,0,-1,0,0,,,,,,,,,,,,,,,,,,,,,,
538,9,FREECAM_YAW,17.966666666666665,717957,21910.308837890625,794,24.23095703125,41.269521410579344,154,4.69970703125,640,19.53125,0,0.0,0xD178667F,3069,1262,1081,11.98828125,4.9296875,4.22265625,1,0x14,0,0,0,1,0,1,0,-1,0,0,,,,,,,,,,,,,,,,,,,,,,
539,9,FREECAM_YAW,18.0,718755,21934.661865234375,798,24.35302734375,41.06265664160401,155,4.730224609375,643,19.622802734375,0,0.0,0x9BDD0F89,3069,1262,1081,11.98828125,4.9296875,4.22265625,1,0x14,0,0,0,1,0,1,0,-1,0,0,,,,,,,,,,,,,,,,,,,,,,
540,9,FREECAM_YAW,18.033333333333335,719556,21959.1064453125,801,24.444580078125,40.908863920099876,154,4.69970703125,646,19.71435546875,1,0.030517578125,0x299B9677,3069,1262,1081,11.98828125,4.9296875,4.22265625,1,0x14,0,0,0,1,0,1,0,-1,0,0,,,,,,,,,,,,,,,,,,,,,,
541,9,FREECAM_YAW,18.066666666666666,720361,21983.673095703125,805,24.566650390625,40.7055900621118,154,4.69970703125,650,19.83642578125,1,0.030517578125,0x49EC8067,3069,1262,1081,11.98828125,4.9296875,4.22265625,1,0x14,0,0,0,1,0,1,0,-1,0,0,,,,,,,,,,,,,,,,,,,,,,
542,9,FREECAM_YAW,18.1,721175,22008.514404296875,814,24.84130859375,40.255528255528255,154,4.69970703125,659,20.111083984375,1,0.030517578125,0x926FA628,3069,1262,1081,11.98828125,4.9296875,4.22265625,1,0x14,0,0,0,1,0,1,0,-1,0,0,,,,,,,,,,,,,,,,,,,,,,
543,9,FREECAM_YAW,18.133333333333333,721992,22033.447265625,817,24.932861328125,40.10771113831089,154,4.69970703125,662,20.20263671875,1,0.030517578125,0x83B902EA,3069,1262,1081,11.98828125,4.9296875,4.22265625,1,0x14,0,0,0,1,0,1,0,-1,0,0,,,,,,,,,,,,,,,,,,,,,,
544,9,FREECAM_YAW,18.166666666666668,722804,22058.2275390625,812,24.7802734375,40.354679802955665,155,4.730224609375,657,20.050048828125,0,0.0,0x2E6A0A0E,3069,1262,1081,11.98828125,4.9296875,4.22265625,1,0x14,0,0,0,1,0,1,0,-1,0,0,,,,,,,,,,,,,,,,,,,,,,
545,9,FREECAM_YAW,18.2,723604,22082.6416015625,800,24.4140625,40.96,154,4.69970703125,646,19.71435546875,0,0.0,0x288A2C51,3069,1262,1081,11.98828125,4.9296875,4.22265625,1,0x14,0,0,0,1,0,1,0,-1,0,0,,,,,,,,,,,,,,,,,,,,,,
546,9,FREECAM_YAW,18.233333333333334,724400,22106.93359375,796,24.2919921875,41.165829145728644,155,4.730224609375,640,19.53125,1,0.030517578125,0x0BBF162F,3069,1262,1081,11.98828125,4.9296875,4.22265625,1,0x14,0,0,0,1,0,1,0,-1,0,0,,,,,,,,,,,,,,,,,,,,,,
547,9,FREECAM_YAW,18.266666666666666,725183,22130.828857421875,783,23.895263671875,41.84929757343551,155,4.730224609375,628,19.1650390625,0,0.0,0x738F6485,3069,1262,1081,11.98828125,4.9296875,4.22265625,1,0x14,0,0,0,1,0,1,0,-1,0,0,,,,,,,,,,,,,,,,,,,,,,
548,9,FREECAM_YAW,18.3,725934,22153.74755859375,751,22.918701171875,43.63249001331558,154,4.69970703125,597,18.218994140625,0,0.0,0x2E1DABB5,3069,1262,1081,11.98828125,4.9296875,4.22265625,1,0x14,0,0,0,1,0,1,0,-1,0,0,,,,,,,,,,,,,,,,,,,,,,
549,9,FREECAM_YAW,18.333333333333332,726678,22176.45263671875,744,22.705078125,44.043010752688176,154,4.69970703125,590,18.00537109375,0,0.0,0x8BBE58C6,3069,1262,1081,11.98828125,4.9296875,4.22265625,1,0x14,0,0,0,1,0,1,0,-1,0,0,,,,,,,,,,,,,,,,,,,,,,
550,9,FREECAM_YAW,18.366666666666667,727417,22199.005126953125,739,22.552490234375,44.341001353179976,155,4.730224609375,583,17.791748046875,1,0.030517578125,0x3F7972FA,3069,1262,1081,11.98828125,4.9296875,4.22265625,1,0x14,0,0,0,1,0,1,0,-1,0,0,,,,,,,,,,,,,,,,,,,,,,
551,9,FREECAM_YAW,18.4,728072,22218.994140625,655,19.989013671875,50.027480916030534,154,4.69970703125,501,15.289306640625,0,0.0,0x198020E6,3069,1262,1081,11.98828125,4.9296875,4.22265625,1,0x14,0,0,0,1,0,1,0,-1,0,0,,,,,,,,,,,,,,,,,,,,,,
552,9,FREECAM_YAW,18.433333333333334,728728,22239.013671875,656,20.01953125,49.951219512195124,154,4.69970703125,502,15.31982421875,0,0.0,0x60A33A9C,3069,1262,1081,11.98828125,4.9296875,4.22265625,1,0x14,0,0,0,1,0,1,0,-1,0,0,,,,,,,,,,,,,,,,,,,,,,
553,9,FREECAM_YAW,18.466666666666665,729326,22257.26318359375,598,18.24951171875,54.79598662207358,155,4.730224609375,442,13.48876953125,1,0.030517578125,0xBF360EA3,3069,1262,1081,11.98828125,4.9296875,4.22265625,1,0x14,0,0,0,1,0,1,0,-1,0,0,,,,,,,,,,,,,,,,,,,,,,
554,9,FREECAM_YAW,18.5,729924,22275.5126953125,598,18.24951171875,54.79598662207358,154,4.69970703125,443,13.519287109375,1,0.030517578125,0xFFCB4259,3069,1262,1081,11.98828125,4.9296875,4.22265625,1,0x14,0,0,0,1,0,1,0,-1,0,0,,,,,,,,,,,,,,,,,,,,,,
555,9,FREECAM_YAW,18.533333333333335,730521,22293.731689453125,597,18.218994140625,54.88777219430486,154,4.69970703125,443,13.519287109375,0,0.0,0x3DDA4090,3069,1262,1081,11.98828125,4.9296875,4.22265625,1,0x14,0,0,0,1,0,1,0,-1,0,0,,,,,,,,,,,,,,,,,,,,,,
556,9,FREECAM_YAW,18.566666666666666,731169,22313.507080078125,648,19.775390625,50.5679012345679,155,4.730224609375,492,15.0146484375,1,0.030517578125,0x646433BE,3069,1262,1081,11.98828125,4.9296875,4.22265625,1,0x14,0,0,0,1,0,1,0,-1,0,0,,,,,,,,,,,,,,,,,,,,,,
557,9,FREECAM_YAW,18.6,731840,22333.984375,671,20.477294921875,48.83457526080477,154,4.69970703125,517,15.777587890625,0,0.0,0x0DC77C76,3069,1262,1081,11.98828125,4.9296875,4.22265625,1,0x14,0,0,0,1,0,1,0,-1,0,0,,,,,,,,,,,,,,,,,,,,,,
558,9,FREECAM_YAW,18.633333333333333,732575,22356.414794921875,735,22.430419921875,44.582312925170065,155,4.730224609375,579,17.669677734375,1,0.030517578125,0xD2CB2DFC,3069,1262,1081,11.98828125,4.9296875,4.22265625,1,0x14,0,0,0,1,0,1,0,-1,0,0,,,,,,,,,,,,,,,,,,,,,,
559,9,FREECAM_YAW,18.666666666666668,733314,22378.96728515625,739,22.552490234375,44.341001353179976,154,4.69970703125,585,17.852783203125,0,0.0,0x70927F5D,3069,1262,1081,11.98828125,4.9296875,4.22265625,1,0x14,0,0,0,1,0,1,0,-1,0,0,,,,,,,,,,,,,,,,,,,,,,
560,9,FREECAM_YAW,18.7,734090,22402.64892578125,776,23.681640625,42.22680412371134,155,4.730224609375,620,18.9208984375,1,0.030517578125,0x042130CE,3069,1262,1081,11.98828125,4.9296875,4.22265625,1,0x14,0,0,0,1,0,1,0,-1,0,0,,,,,,,,,,,,,,,,,,,,,,
561,9,FREECAM_YAW,18.733333333333334,734873,22426.544189453125,783,23.895263671875,41.84929757343551,154,4.69970703125,629,19.195556640625,0,0.0,0xFF8769B6,3069,1262,1081,11.98828125,4.9296875,4.22265625,1,0x14,0,0,0,1,0,1,0,-1,0,0,,,,,,,,,,,,,,,,,,,,,,
562,9,FREECAM_YAW,18.766666666666666,735669,22450.836181640625,796,24.2919921875,41.165829145728644,155,4.730224609375,641,19.561767578125,0,0.0,0xC113AF95,3069,1262,1081,11.98828125,4.9296875,4.22265625,1,0x14,0,0,0,1,0,1,0,-1,0,0,,,,,,,,,,,,,,,,,,,,,,
563,9,FREECAM_YAW,18.8,736476,22475.4638671875,807,24.627685546875,40.60470879801735,154,4.69970703125,653,19.927978515625,0,0.0,0xA2A40271,3069,1262,1081,11.98828125,4.9296875,4.22265625,1,0x14,0,0,0,1,0,1,0,-1,0,0,,,,,,,,,,,,,,,,,,,,,,
564,9,FREECAM_YAW,18.833333333333332,737289,22500.274658203125,813,24.810791015625,40.305043050430506,154,4.69970703125,658,20.08056640625,1,0.030517578125,0x53C02975,3069,1262,1081,11.98828125,4.9296875,4.22265625,1,0x14,0,0,0,1,0,1,0,-1,0,0,,,,,,,,,,,,,,,,,,,,,,
565,9,FREECAM_YAW,18.866666666666667,738107,22525.238037109375,818,24.96337890625,40.05867970660147,155,4.730224609375,662,20.20263671875,1,0.030517578125,0xD6FA1B1C,3069,1262,1081,11.98828125,4.9296875,4.22265625,1,0x1C,0,0,0,1,1,1,0,-1,0,0,,,,,,,,,,,,,,,,,,,,,,
566,10,FREECAM_3D,18.9,738932,22550.4150390625,825,25.177001953125,39.71878787878788,155,4.730224609375,670,20.44677734375,0,0.0,0x97B6A86E,3069,1262,1081,11.98828125,4.9296875,4.22265625,1,0x14,0,0,0,1,0,1,0,0,1,0,,,,,,,,,,,,,,,,,,,,,,
567,10,FREECAM_3D,18.933333333333334,739796,22576.7822265625,864,26.3671875,37.925925925925924,155,4.730224609375,709,21.636962890625,0,0.0,0xB16D2C2A,3069,1262,1081,11.98828125,4.9296875,4.22265625,1,0x14,0,0,0,1,0,1,0,0,1,0,,,,,,,,,,,,,,,,,,,,,,
568,10,FREECAM_3D,18.966666666666665,740669,22603.424072265625,873,26.641845703125,37.534936998854526,155,4.730224609375,718,21.91162109375,0,0.0,0x99232FBD,3069,1262,1081,11.98828125,4.9296875,4.22265625,1,0x14,0,0,0,1,0,1,0,0,1,0,,,,,,,,,,,,,,,,,,,,,,
569,10,FREECAM_3D,19.0,741555,22630.462646484375,886,27.03857421875,36.98419864559819,155,4.730224609375,731,22.308349609375,0,0.0,0x87F93679,3069,1262,1081,11.98828125,4.9296875,4.22265625,1,0x14,0,0,0,1,0,1,0,0,1,0,,,,,,,,,,,,,,,,,,,,,,
570,10,FREECAM_3D,19.033333333333335,742488,22658.935546875,933,28.472900390625,35.12111468381565,155,4.730224609375,778,23.74267578125,0,0.0,0x58F5109B,3069,1262,1081,11.98828125,4.9296875,4.22265625,1,0x14,0,0,0,1,0,1,0,0,1,0,,,,,,,,,,,,,,,,,,,,,,
571,10,FREECAM_3D,19.066666666666666,743447,22688.201904296875,959,29.266357421875,34.1689259645464,155,4.730224609375,803,24.505615234375,1,0.030517578125,0xAE96CAD8,3069,1262,1081,11.98828125,4.9296875,4.22265625,1,0x14,0,0,0,1,0,1,0,0,1,0,,,,,,,,,,,,,,,,,,,,,,
572,10,FREECAM_3D,19.1,744431,22718.231201171875,984,30.029296875,33.300813008130085,156,4.7607421875,828,25.2685546875,0,0.0,0xA3747F26,3069,1262,1081,11.98828125,4.9296875,4.22265625,1,0x14,0,0,0,1,0,1,0,0,1,0,,,,,,,,,,,,,,,,,,,,,,
573,10,FREECAM_3D,19.133333333333333,745438,22748.96240234375,1007,30.731201171875,32.540218470705064,155,4.730224609375,851,25.970458984375,1,0.030517578125,0xC7FFADCF,3069,1262,1081,11.98828125,4.9296875,4.22265625,1,0x14,0,0,0,1,0,1,0,0,1,0,,,,,,,,,,,,,,,,,,,,,,
574,10,FREECAM_3D,19.166666666666668,746462,22780.21240234375,1024,31.25,32.0,155,4.730224609375,869,26.519775390625,0,0.0,0xA44C425B,3069,1262,1081,11.98828125,4.9296875,4.22265625,1,0x14,0,0,0,1,0,1,0,0,1,0,,,,,,,,,,,,,,,,,,,,,,
575,10,FREECAM_3D,19.2,747496,22811.767578125,1034,31.55517578125,31.690522243713733,155,4.730224609375,879,26.824951171875,0,0.0,0xF20D7777,3069,1262,1081,11.98828125,4.9296875,4.22265625,1,0x14,0,0,0,1,0,1,0,0,1,0,,,,,,,,,,,,,,,,,,,,,,
576,10,FREECAM_3D,19.233333333333334,748514,22842.83447265625,1018,31.06689453125,32.18860510805501,155,4.730224609375,862,26.30615234375,1,0.030517578125,0x1D68886C,3069,1262,1081,11.98828125,4.9296875,4.22265625,1,0x14,0,0,0,1,0,1,0,0,1,0,,,,,,,,,,,,,,,,,,,,,,
577,10,FREECAM_3D,19.266666666666666,749477,22872.222900390625,963,29.388427734375,34.0269989615784,155,4.730224609375,807,24.627685546875,1,0.030517578125,0x65DFB05A,3069,1262,1081,11.98828125,4.9296875,4.22265625,1,0x14,0,0,0,1,0,1,0,0,1,0,,,,,,,,,,,,,,,,,,,,,,
578,10,FREECAM_3D,19.3,750458,22902.16064453125,981,29.937744140625,33.4026503567788,156,4.7607421875,824,25.146484375,1,0.030517578125,0x7EDEF92F,3069,1262,1081,11.98828125,4.9296875,4.22265625,1,0x14,0,0,0,1,0,1,0,0,1,0,,,,,,,,,,,,,,,,,,,,,,
579,10,FREECAM_3D,19.333333333333332,751375,22930.145263671875,917,27.984619140625,35.73391494002181,155,4.730224609375,761,23.223876953125,1,0.030517578125,0x4310EEA4,3069,1262,1081,11.98828125,4.9296875,4.22265625,1,0x14,0,0,0,1,0,1,0,0,1,0,,,,,,,,,,,,,,,,,,,,,,
580,10,FREECAM_3D,19.366666666666667,752288,22958.0078125,913,27.862548828125,35.89047097480832,155,4.730224609375,757,23.101806640625,1,0.030517578125,0x757DE4F2,3069,1262,1081,11.98828125,4.9296875,4.22265625,1,0x14,0,0,0,1,0,1,0,0,1,0,,,,,,,,,,,,,,,,,,,,,,
581,10,FREECAM_3D,19.4,753182,22985.29052734375,894,27.28271484375,36.65324384787472,156,4.7607421875,738,22.52197265625,0,0.0,0x7496D160,3069,1262,1081,11.98828125,4.9296875,4.22265625,1,0x14,0,0,0,1,0,1,0,0,1,0,,,,,,,,,,,,,,,,,,,,,,
582,10,FREECAM_3D,19.433333333333334,754076,23012.5732421875,894,27.28271484375,36.65324384787472,155,4.730224609375,738,22.52197265625,1,0.030517578125,0x0F828D67,3069,1262,1081,11.98828125,4.9296875,4.22265625,1,0x14,0,0,0,1,0,1,0,0,1,0,,,,,,,,,,,,,,,,,,,,,,
583,10,FREECAM_3D,19.466666666666665,754966,23039.73388671875,890,27.16064453125,36.81797752808989,155,4.730224609375,735,22.430419921875,0,0.0,0x75381BF2,3069,1262,1081,11.98828125,4.9296875,4.22265625,1,0x14,0,0,0,1,0,1,0,0,1,0,,,,,,,,,,,,,,,,,,,,,,
584,10,FREECAM_3D,19.5,755857,23066.925048828125,891,27.191162109375,36.77665544332211,155,4.730224609375,736,22.4609375,0,0.0,0xBA858160,3069,1262,1081,11.98828125,4.9296875,4.22265625,1,0x14,0,0,0,1,0,1,0,0,1,0,,,,,,,,,,,,,,,,,,,,,,
585,10,FREECAM_3D,19.533333333333335,756789,23095.367431640625,932,28.4423828125,35.1587982832618,155,4.730224609375,777,23.712158203125,0,0.0,0x301ECFFF,3069,1262,1081,11.98828125,4.9296875,4.22265625,1,0x14,0,0,0,1,0,1,0,0,1,0,,,,,,,,,,,,,,,,,,,,,,
586,10,FREECAM_3D,19.566666666666666,757718,23123.71826171875,929,28.350830078125,35.272335844994615,155,4.730224609375,774,23.62060546875,0,0.0,0x1CAD1FE7,3069,1262,1081,11.98828125,4.9296875,4.22265625,1,0x14,0,0,0,1,0,1,0,0,1,0,,,,,,,,,,,,,,,,,,,,,,
587,10,FREECAM_3D,19.6,758648,23152.099609375,930,28.38134765625,35.23440860215054,155,4.730224609375,775,23.651123046875,0,0.0,0x125C255F,3069,1262,1081,11.98828125,4.9296875,4.22265625,1,0x14,0,0,0,1,0,1,0,0,1,0,,,,,,,,,,,,,,,,,,,,,,
588,10,FREECAM_3D,19.633333333333333,759622,23181.82373046875,974,29.72412109375,33.64271047227926,155,4.730224609375,819,24.993896484375,0,0.0,0x351999EE,3069,1262,1081,11.98828125,4.9296875,4.22265625,1,0x14,0,0,0,1,0,1,0,0,1,0,,,,,,,,,,,,,,,,,,,,,,
589,10,FREECAM_3D,19.666666666666668,760630,23212.58544921875,1008,30.76171875,32.507936507936506,155,4.730224609375,853,26.031494140625,0,0.0,0xAC17D57C,3069,1262,1081,11.98828125,4.9296875,4.22265625,1,0x14,0,0,0,1,0,1,0,0,1,0,,,,,,,,,,,,,,,,,,,,,,
590,10,FREECAM_3D,19.7,761657,23243.927001953125,1027,31.341552734375,31.906523855890946,155,4.730224609375,871,26.580810546875,1,0.030517578125,0x9AB97DEB,3069,1262,1081,11.98828125,4.9296875,4.22265625,1,0x14,0,0,0,1,0,1,0,0,1,0,,,,,,,,,,,,,,,,,,,,,,
591,10,FREECAM_3D,19.733333333333334,763133,23288.970947265625,1476,45.0439453125,22.200542005420054,155,4.730224609375,1321,40.313720703125,0,0.0,0x9F0DFB31,3069,1262,1081,11.98828125,4.9296875,4.22265625,1,0x14,0,0,0,1,0,1,0,0,1,0,,,,,,,,,,,,,,,,,,,,,,
592,10,FREECAM_3D,19.766666666666666,764643,23335.052490234375,1510,46.08154296875,21.70066225165563,155,4.730224609375,1355,41.351318359375,0,0.0,0x71DCCEE5,3069,1262,1081,11.98828125,4.9296875,4.22265625,1,0x14,0,0,0,1,0,1,0,0,1,0,,,,,,,,,,,,,,,,,,,,,,
593,10,FREECAM_3D,19.8,766081,23378.936767578125,1438,43.88427734375,22.787204450625868,155,4.730224609375,1283,39.154052734375,0,0.0,0xA5FAE12A,3069,1262,1081,11.98828125,4.9296875,4.22265625,1,0x14,0,0,0,1,0,1,0,0,1,0,,,,,,,,,,,,,,,,,,,,,,
594,10,FREECAM_3D,19.833333333333332,767649,23426.788330078125,1568,47.8515625,20.897959183673468,155,4.730224609375,1412,43.0908203125,1,0.030517578125,0xA5318462,3069,1262,1081,11.98828125,4.9296875,4.22265625,1,0x14,0,0,0,1,0,1,0,0,1,0,,,,,,,,,,,,,,,,,,,,,,
595,10,FREECAM_3D,19.866666666666667,769241,23475.372314453125,1592,48.583984375,20.582914572864322,156,4.7607421875,1436,43.8232421875,0,0.0,0x0F056F37,3069,1262,1081,11.98828125,4.9296875,4.22265625,1,0x14,0,0,0,1,0,1,0,0,1,0,,,,,,,,,,,,,,,,,,,,,,
596,10,FREECAM_3D,19.9,770879,23525.360107421875,1638,49.98779296875,20.004884004884005,155,4.730224609375,1483,45.257568359375,0,0.0,0x3DD7AA69,3069,1262,1081,11.98828125,4.9296875,4.22265625,1,0x14,0,0,0,1,0,1,0,0,1,0,,,,,,,,,,,,,,,,,,,,,,
597,10,FREECAM_3D,19.933333333333334,772609,23578.155517578125,1730,52.79541015625,18.941040462427747,155,4.730224609375,1575,48.065185546875,0,0.0,0xE75BFEC1,3069,1262,1081,11.98828125,4.9296875,4.22265625,1,0x14,0,0,0,1,0,1,0,0,1,0,,,,,,,,,,,,,,,,,,,,,,
598,10,FREECAM_3D,19.966666666666665,774359,23631.561279296875,1750,53.40576171875,18.72457142857143,155,4.730224609375,1595,48.675537109375,0,0.0,0xD5D21860,3069,1262,1081,11.98828125,4.9296875,4.22265625,1,0x14,0,0,0,1,0,1,0,0,1,0,,,,,,,,,,,,,,,,,,,,,,
599,10,FREECAM_3D,20.0,776047,23683.074951171875,1688,51.513671875,19.412322274881518,155,4.730224609375,1532,46.7529296875,1,0.030517578125,0x95EDCE06,3069,1262,1081,11.98828125,4.9296875,4.22265625,1,0x14,0,0,0,1,0,1,0,0,1,0,,,,,,,,,,,,,,,,,,,,,,
600,10,FREECAM_3D,20.033333333333335,777901,23739.654541015625,1854,56.57958984375,17.674217907227614,155,4.730224609375,1698,51.81884765625,1,0.030517578125,0x63CE50E1,3069,1262,1081,11.98828125,4.9296875,4.22265625,1,0x14,0,0,0,1,0,1,0,0,1,0,,,,,,,,,,,,,,,,,,,,,,
601,10,FREECAM_3D,20.066666666666666,779702,23794.61669921875,1801,54.962158203125,18.194336479733483,155,4.730224609375,1646,50.23193359375,0,0.0,0x6BFB6151,3069,1262,1081,11.98828125,4.9296875,4.22265625,1,0x14,0,0,0,1,0,1,0,0,1,0,,,,,,,,,,,,,,,,,,,,,,
602,10,FREECAM_3D,20.1,781620,23853.1494140625,1918,58.53271484375,17.0844629822732,155,4.730224609375,1763,53.802490234375,0,0.0,0xBC1EDF23,3069,1262,1081,11.98828125,4.9296875,4.22265625,1,0x14,0,0,0,1,0,1,0,0,1,0,,,,,,,,,,,,,,,,,,,,,,
603,10,FREECAM_3D,20.133333333333333,783570,23912.65869140625,1950,59.50927734375,16.804102564102564,155,4.730224609375,1795,54.779052734375,0,0.0,0xF7C30E54,3069,1262,1081,11.98828125,4.9296875,4.22265625,1,0x14,0,0,0,1,0,1,0,0,1,0,,,,,,,,,,,,,,,,,,,,,,
604,10,FREECAM_3D,20.166666666666668,785598,23974.54833984375,2028,61.8896484375,16.157790927021697,155,4.730224609375,1872,57.12890625,1,0.030517578125,0x4540FC6A,3069,1262,1081,11.98828125,4.9296875,4.22265625,1,0x14,0,0,0,1,0,1,0,0,1,0,,,,,,,,,,,,,,,,,,,,,,
605,10,FREECAM_3D,20.2,787659,24037.445068359375,2061,62.896728515625,15.899078117418728,155,4.730224609375,1906,58.16650390625,0,0.0,0x06815C15,3069,1262,1081,11.98828125,4.9296875,4.22265625,1,0x14,0,0,0,1,0,1,0,0,1,0,,,,,,,,,,,,,,,,,,,,,,
606,10,FREECAM_3D,20.233333333333334,789697,24099.639892578125,2038,62.19482421875,16.078508341511284,155,4.730224609375,1883,57.464599609375,0,0.0,0x7CE2CE39,3069,1262,1081,11.98828125,4.9296875,4.22265625,1,0x14,0,0,0,1,0,1,0,0,1,0,,,,,,,,,,,,,,,,,,,,,,
607,10,FREECAM_3D,20.266666666666666,791760,24162.59765625,2063,62.957763671875,15.883664566165779,155,4.730224609375,1908,58.2275390625,0,0.0,0x0BF6A32B,3069,1262,1081,11.98828125,4.9296875,4.22265625,1,0x14,0,0,0,1,0,1,0,0,1,0,,,,,,,,,,,,,,,,,,,,,,
608,10,FREECAM_3D,20.3,793749,24223.297119140625,1989,60.699462890625,16.474610356963296,155,4.730224609375,1833,55.938720703125,1,0.030517578125,0xD06752C8,3069,1262,1081,11.98828125,4.9296875,4.22265625,1,0x14,0,0,0,1,0,1,0,0,1,0,,,,,,,,,,,,,,,,,,,,,,
609,10,FREECAM_3D,20.333333333333332,795869,24287.994384765625,2120,64.697265625,15.456603773584906,155,4.730224609375,1964,59.9365234375,1,0.030517578125,0x48A2917A,3069,1262,1081,11.98828125,4.9296875,4.22265625,1,0x14,0,0,0,1,0,1,0,0,1,0,,,,,,,,,,,,,,,,,,,,,,
610,10,FREECAM_3D,20.366666666666667,797926,24350.76904296875,2057,62.774658203125,15.929995138551288,155,4.730224609375,1902,58.04443359375,0,0.0,0x8CC51F67,3069,1262,1081,11.98828125,4.9296875,4.22265625,1,0x14,0,0,0,1,0,1,0,0,1,0,,,,,,,,,,,,,,,,,,,,,,
611,10,FREECAM_3D,20.4,800014,24414.48974609375,2088,63.720703125,15.693486590038313,155,4.730224609375,1933,58.990478515625,0,0.0,0xA8F28D70,3069,1262,1081,11.98828125,4.9296875,4.22265625,1,0x14,0,0,0,1,0,1,0,0,1,0,,,,,,,,,,,,,,,,,,,,,,
612,10,FREECAM_3D,20.433333333333334,802093,24477.935791015625,2079,63.446044921875,15.761423761423762,155,4.730224609375,1923,58.685302734375,1,0.030517578125,0xD7079BC0,3069,1262,1081,11.98828125,4.9296875,4.22265625,1,0x16,1,1,0,1,0,1,0,0,1,0,58.59375,0.030517578125,5.401611328125,9.8876953125,6.7138671875,2.0751953125,24.505615234375,0.823974609375,0.0,8.209228515625,0.946044921875,0,0,0,0,0,0,0,0,0,0,0
613,10,FREECAM_3D,20.466666666666665,804144,24540.52734375,2051,62.591552734375,15.976596782057532,155,4.730224609375,1895,57.830810546875,1,0.030517578125,0xDB7D8AB0,3069,1262,1081,11.98828125,4.9296875,4.22265625,1,0x14,0,0,0,1,0,1,0,0,1,0,,,,,,,,,,,,,,,,,,,,,,
614,10,FREECAM_3D,20.5,806086,24599.79248046875,1942,59.26513671875,16.873326467559217,156,4.7607421875,1786,54.50439453125,0,0.0,0xD7079BC0,3069,1262,1081,11.98828125,4.9296875,4.22265625,1,0x14,0,0,0,1,0,1,0,0,-1,0,,,,,,,,,,,,,,,,,,,,,,
615,10,FREECAM_3D,20.533333333333335,808176,24663.57421875,2090,63.78173828125,15.678468899521532,155,4.730224609375,1934,59.02099609375,1,0.030517578125,0xA8F28D70,3069,1262,1081,11.98828125,4.9296875,4.22265625,1,0x14,0,0,0,1,0,1,0,0,-1,0,,,,,,,,,,,,,,,,,,,,,,
616,10,FREECAM_3D,20.566666666666666,810209,24725.616455078125,2033,62.042236328125,16.11805213969503,155,4.730224609375,1878,57.31201171875,0,0.0,0x8CC51F67,3069,1262,1081,11.98828125,4.9296875,4.22265625,1,0x14,0,0,0,1,0,1,0,0,-1,0,,,,,,,,,,,,,,,,,,,,,,
617,10,FREECAM_3D,20.6,812270,24788.51318359375,2061,62.896728515625,15.899078117418728,155,4.730224609375,1905,58.135986328125,1,0.030517578125,0x48A2917A,3069,1262,1081,11.98828125,4.9296875,4.22265625,1,0x14,0,0,0,1,0,1,0,0,-1,0,,,,,,,,,,,,,,,,,,,,,,
618,10,FREECAM_3D,20.633333333333333,814224,24848.14453125,1954,59.63134765625,16.769703172978506,156,4.7607421875,1798,54.87060546875,0,0.0,0xD06752C8,3069,1262,1081,11.98828125,4.9296875,4.22265625,1,0x14,0,0,0,1,0,1,0,0,-1,0,,,,,,,,,,,,,,,,,,,,,,
619,10,FREECAM_3D,20.666666666666668,816202,24908.50830078125,1978,60.36376953125,16.566228513650152,155,4.730224609375,1822,55.60302734375,1,0.030517578125,0x0BF6A32B,3069,1262,1081,11.98828125,4.9296875,4.22265625,1,0x14,0,0,0,1,0,1,0,0,-1,0,,,,,,,,,,,,,,,,,,,,,,
620,10,FREECAM_3D,20.7,818156,24968.1396484375,1954,59.63134765625,16.769703172978506,155,4.730224609375,1798,54.87060546875,1,0.030517578125,0x7CE2CE39,3069,1262,1081,11.98828125,4.9296875,4.22265625,1,0x14,0,0,0,1,0,1,0,0,-1,0,,,,,,,,,,,,,,,,,,,,,,
621,10,FREECAM_3D,20.733333333333334,820212,25030.8837890625,2056,62.744140625,15.937743190661479,156,4.7607421875,1900,57.9833984375,0,0.0,0x06815C15,3069,1262,1081,11.98828125,4.9296875,4.22265625,1,0x14,0,0,0,1,0,1,0,0,-1,0,,,,,,,,,,,,,,,,,,,,,,
622,10,FREECAM_3D,20.766666666666666,822272,25093.75,2060,62.8662109375,15.906796116504854,155,4.730224609375,1905,58.135986328125,0,0.0,0x4540FC6A,3069,1262,1081,11.98828125,4.9296875,4.22265625,1,0x14,0,0,0,1,0,1,0,0,-1,0,,,,,,,,,,,,,,,,,,,,,,
623,10,FREECAM_3D,20.8,824257,25154.327392578125,1985,60.577392578125,16.507808564231738,155,4.730224609375,1830,55.84716796875,0,0.0,0xF7C30E54,3069,1262,1081,11.98828125,4.9296875,4.22265625,1,0x14,0,0,0,1,0,1,0,0,-1,0,,,,,,,,,,,,,,,,,,,,,,
624,10,FREECAM_3D,20.833333333333332,826186,25213.19580078125,1929,58.868408203125,16.98703991705547,155,4.730224609375,1774,54.13818359375,0,0.0,0xBC1EDF23,3069,1262,1081,11.98828125,4.9296875,4.22265625,1,0x14,0,0,0,1,0,1,0,0,-1,0,,,,,,,,,,,,,,,,,,,,,,
625,10,FREECAM_3D,20.866666666666667,827983,25268.035888671875,1797,54.840087890625,18.234835837506957,155,4.730224609375,1642,50.10986328125,0,0.0,0x6BFB6151,3069,1262,1081,11.98828125,4.9296875,4.22265625,1,0x14,0,0,0,1,0,1,0,0,-1,0,,,,,,,,,,,,,,,,,,,,,,
626,10,FREECAM_3D,20.9,829828,25324.3408203125,1845,56.304931640625,17.760433604336043,155,4.730224609375,1690,51.57470703125,0,0.0,0x63CE50E1,3069,1262,1081,11.98828125,4.9296875,4.22265625,1,0x14,0,0,0,1,0,1,0,0,-1,0,,,,,,,,,,,,,,,,,,,,,,
627,10,FREECAM_3D,20.933333333333334,831515,25375.823974609375,1687,51.483154296875,19.423829282750443,155,4.730224609375,1532,46.7529296875,0,0.0,0x95EDCE06,3069,1262,1081,11.98828125,4.9296875,4.22265625,1,0x14,0,0,0,1,0,1,0,0,-1,0,,,,,,,,,,,,,,,,,,,,,,
628,10,FREECAM_3D,20.966666666666665,833269,25429.351806640625,1754,53.52783203125,18.68187001140251,155,4.730224609375,1599,48.797607421875,0,0.0,0xD5D21860,3069,1262,1081,11.98828125,4.9296875,4.22265625,1,0x14,0,0,0,1,0,1,0,0,-1,0,,,,,,,,,,,,,,,,,,,,,,
629,10,FREECAM_3D,21.0,834967,25481.170654296875,1698,51.81884765625,19.297997644287396,155,4.730224609375,1542,47.05810546875,1,0.030517578125,0xE75BFEC1,3069,1262,1081,11.98828125,4.9296875,4.22265625,1,0x14,0,0,0,1,0,1,0,0,-1,0,,,,,,,,,,,,,,,,,,,,,,
630,10,FREECAM_3D,21.033333333333335,836580,25530.3955078125,1613,49.224853515625,20.314941103533787,155,4.730224609375,1457,44.464111328125,1,0.030517578125,0x3DD7AA69,3069,1262,1081,11.98828125,4.9296875,4.22265625,1,0x14,0,0,0,1,0,1,0,0,-1,0,,,,,,,,,,,,,,,,,,,,,,
631,10,FREECAM_3D,21.066666666666666,838206,25580.01708984375,1626,49.62158203125,20.152521525215253,156,4.7607421875,1470,44.86083984375,0,0.0,0x0F056F37,3069,1262,1081,11.98828125,4.9296875,4.22265625,1,0x14,0,0,0,1,0,1,0,0,-1,0,,,,,,,,,,,,,,,,,,,,,,
632,10,FREECAM_3D,21.1,839815,25629.119873046875,1609,49.102783203125,20.36544437538844,155,4.730224609375,1453,44.342041015625,1,0.030517578125,0xA5318462,3069,1262,1081,11.98828125,4.9296875,4.22265625,1,0x14,0,0,0,1,0,1,0,0,-1,0,,,,,,,,,,,,,,,,,,,,,,
633,10,FREECAM_3D,21.133333333333333,841259,25673.187255859375,1444,44.0673828125,22.69252077562327,156,4.7607421875,1288,39.306640625,0,0.0,0xA5FAE12A,3069,1262,1081,11.98828125,4.9296875,4.22265625,1,0x14,0,0,0,1,0,1,0,0,-1,0,,,,,,,,,,,,,,,,,,,,,,
634,10,FREECAM_3D,21.166666666666668,842794,25720.03173828125,1535,46.844482421875,21.347231270358307,155,4.730224609375,1379,42.083740234375,1,0.030517578125,0x71DCCEE5,3069,1262,1081,11.98828125,4.9296875,4.22265625,1,0x14,0,0,0,1,0,1,0,0,-1,0,,,,,,,,,,,,,,,,,,,,,,
635,10,FREECAM_3D,21.2,844289,25765.655517578125,1495,45.623779296875,21.91839464882943,155,4.730224609375,1339,40.863037109375,1,0.030517578125,0x9F0DFB31,3069,1262,1081,11.98828125,4.9296875,4.22265625,1,0x14,0,0,0,1,0,1,0,0,-1,0,,,,,,,,,,,,,,,,,,,,,,
636,10,FREECAM_3D,21.233333333333334,845330,25797.42431640625,1041,31.768798828125,31.477425552353505,155,4.730224609375,886,27.03857421875,0,0.0,0x9AB97DEB,3069,1262,1081,11.98828125,4.9296875,4.22265625,1,0x14,0,0,0,1,0,1,0,0,-1,0,,,,,,,,,,,,,,,,,,,,,,
637,10,FREECAM_3D,21.266666666666666,846364,25828.9794921875,1034,31.55517578125,31.690522243713733,155,4.730224609375,879,26.824951171875,0,0.0,0xAC17D57C,3069,1262,1081,11.98828125,4.9296875,4.22265625,1,0x14,0,0,0,1,0,1,0,0,-1,0,,,,,,,,,,,,,,,,,,,,,,
638,10,FREECAM_3D,21.3,847365,25859.527587890625,1001,30.548095703125,32.735264735264735,155,4.730224609375,846,25.81787109375,0,0.0,0x351999EE,3069,1262,1081,11.98828125,4.9296875,4.22265625,1,0x14,0,0,0,1,0,1,0,0,-1,0,,,,,,,,,,,,,,,,,,,,,,
639,10,FREECAM_3D,21.333333333333332,848301,25888.092041015625,936,28.564453125,35.00854700854701,155,4.730224609375,781,23.834228515625,0,0.0,0x125C255F,3069,1262,1081,11.98828125,4.9296875,4.22265625,1,0x14,0,0,0,1,0,1,0,0,-1,0,,,,,,,,,,,,,,,,,,,,,,
640,10,FREECAM_3D,21.366666666666667,849230,25916.44287109375,929,28.350830078125,35.272335844994615,155,4.730224609375,773,23.590087890625,1,0.030517578125,0x1CAD1FE7,3069,1262,1081,11.98828125,4.9296875,4.22265625,1,0x14,0,0,0,1,0,1,0,0,-1,0,,,,,,,,,,,,,,,,,,,,,,
641,10,FREECAM_3D,21.4,850164,25944.9462890625,934,28.50341796875,35.08351177730193,156,4.7607421875,777,23.712158203125,1,0.030517578125,0x301ECFFF,3069,1262,1081,11.98828125,4.9296875,4.22265625,1,0x14,0,0,0,1,0,1,0,0,-1,0,,,,,,,,,,,,,,,,,,,,,,
642,10,FREECAM_3D,21.433333333333334,851054,25972.10693359375,890,27.16064453125,36.81797752808989,156,4.7607421875,733,22.369384765625,1,0.030517578125,0xBA858160,3069,1262,1081,11.98828125,4.9296875,4.22265625,1,0x14,0,0,0,1,0,1,0,0,-1,0,,,,,,,,,,,,,,,,,,,,,,
643,10,FREECAM_3D,21.466666666666665,851945,25999.298095703125,891,27.191162109375,36.77665544332211,155,4.730224609375,735,22.430419921875,1,0.030517578125,0x75381BF2,3069,1262,1081,11.98828125,4.9296875,4.22265625,1,0x14,0,0,0,1,0,1,0,0,-1,0,,,,,,,,,,,,,,,,,,,,,,
644,10,FREECAM_3D,21.5,852837,26026.519775390625,892,27.2216796875,36.73542600896861,155,4.730224609375,737,22.491455078125,0,0.0,0x0F828D67,3069,1262,1081,11.98828125,4.9296875,4.22265625,1,0x14,0,0,0,1,0,1,0,0,-1,0,,,,,,,,,,,,,,,,,,,,,,
645,10,FREECAM_3D,21.533333333333335,853729,26053.741455078125,892,27.2216796875,36.73542600896861,155,4.730224609375,737,22.491455078125,0,0.0,0x7496D160,3069,1262,1081,11.98828125,4.9296875,4.22265625,1,0x14,0,0,0,1,0,1,0,0,-1,0,,,,,,,,,,,,,,,,,,,,,,
646,10,FREECAM_3D,21.566666666666666,854639,26081.512451171875,910,27.77099609375,36.00879120879121,155,4.730224609375,755,23.040771484375,0,0.0,0x757DE4F2,3069,1262,1081,11.98828125,4.9296875,4.22265625,1,0x14,0,0,0,1,0,1,0,0,-1,0,,,,,,,,,,,,,,,,,,,,,,
647,10,FREECAM_3D,21.6,855550,26109.31396484375,911,27.801513671875,35.96926454445664,155,4.730224609375,755,23.040771484375,1,0.030517578125,0x4310EEA4,3069,1262,1081,11.98828125,4.9296875,4.22265625,1,0x14,0,0,0,1,0,1,0,0,-1,0,,,,,,,,,,,,,,,,,,,,,,
648,10,FREECAM_3D,21.633333333333333,856523,26139.007568359375,973,29.693603515625,33.677286742034944,155,4.730224609375,817,24.932861328125,1,0.030517578125,0x7EDEF92F,3069,1262,1081,11.98828125,4.9296875,4.22265625,1,0x14,0,0,0,1,0,1,0,0,-1,0,,,,,,,,,,,,,,,,,,,,,,
649,10,FREECAM_3D,21.666666666666668,857483,26168.304443359375,960,29.296875,34.13333333333333,155,4.730224609375,805,24.566650390625,0,0.0,0x65DFB05A,3069,1262,1081,11.98828125,4.9296875,4.22265625,1,0x14,0,0,0,1,0,1,0,0,-1,0,,,,,,,,,,,,,,,,,,,,,,
650,10,FREECAM_3D,21.7,858504,26199.462890625,1021,31.158447265625,32.09402546523017,155,4.730224609375,866,26.42822265625,0,0.0,0x1D68886C,3069,1262,1081,11.98828125,4.9296875,4.22265625,1,0x14,0,0,0,1,0,1,0,0,-1,0,,,,,,,,,,,,,,,,,,,,,,
651,10,FREECAM_3D,21.733333333333334,859531,26230.804443359375,1027,31.341552734375,31.906523855890946,155,4.730224609375,872,26.611328125,0,0.0,0xF20D7777,3069,1262,1081,11.98828125,4.9296875,4.22265625,1,0x14,0,0,0,1,0,1,0,0,-1,0,,,,,,,,,,,,,,,,,,,,,,
652,10,FREECAM_3D,21.766666666666666,860553,26261.993408203125,1022,31.18896484375,32.06262230919765,155,4.730224609375,867,26.458740234375,0,0.0,0xA44C425B,3069,1262,1081,11.98828125,4.9296875,4.22265625,1,0x14,0,0,0,1,0,1,0,0,-1,0,,,,,,,,,,,,,,,,,,,,,,
653,10,FREECAM_3D,21.8,861574,26293.15185546875,1021,31.158447265625,32.09402546523017,155,4.730224609375,865,26.397705078125,1,0.030517578125,0xC7FFADCF,3069,1262,1081,11.98828125,4.9296875,4.22265625,1,0x14,0,0,0,1,0,1,0,0,-1,0,,,,,,,,,,,,,,,,,,,,,,
654,10,FREECAM_3D,21.833333333333332,862579,26323.822021484375,1005,30.670166015625,32.60497512437811,156,4.7607421875,848,25.87890625,1,0.030517578125,0xA3747F26,3069,1262,1081,11.98828125,4.9296875,4.22265625,1,0x14,0,0,0,1,0,1,0,0,-1,0,,,,,,,,,,,,,,,,,,,,,,
655,10,FREECAM_3D,21.866666666666667,863569,26354.034423828125,990,30.21240234375,33.0989898989899,156,4.7607421875,833,25.421142578125,1,0.030517578125,0xAE96CAD8,3069,1262,1081,11.98828125,4.9296875,4.22265625,1,0x14,0,0,0,1,0,1,0,0,-1,0,,,,,,,,,,,,,,,,,,,,,,
656,10,FREECAM_3D,21.9,864535,26383.514404296875,966,29.47998046875,33.92132505175984,155,4.730224609375,811,24.749755859375,0,0.0,0x58F5109B,3069,1262,1081,11.98828125,4.9296875,4.22265625,1,0x14,0,0,0,1,0,1,0,0,-1,0,,,,,,,,,,,,,,,,,,,,,,
657,10,FREECAM_3D,21.933333333333334,865449,26411.407470703125,914,27.89306640625,35.85120350109409,155,4.730224609375,758,23.13232421875,1,0.030517578125,0x87F93679,3069,1262,1081,11.98828125,4.9296875,4.22265625,1,0x14,0,0,0,1,0,1,0,0,-1,0,,,,,,,,,,,,,,,,,,,,,,
658,10,FREECAM_3D,21.966666666666665,866339,26438.568115234375,890,27.16064453125,36.81797752808989,156,4.7607421875,733,22.369384765625,1,0.030517578125,0x99232FBD,3069,1262,1081,11.98828125,4.9296875,4.22265625,1,0x14,0,0,0,1,0,1,0,0,-1,0,,,,,,,,,,,,,,,,,,,,,,
659,10,FREECAM_3D,22.0,867215,26465.301513671875,876,26.7333984375,37.406392694063925,156,4.7607421875,720,21.97265625,0,0.0,0xB16D2C2A,3069,1262,1081,11.98828125,4.9296875,4.22265625,1,0x14,0,0,0,1,0,1,0,0,-1,0,,,,,,,,,,,,,,,,,,,,,,
660,10,FREECAM_3D,22.033333333333335,868052,26490.8447265625,837,25.543212890625,39.14934289127837,155,4.730224609375,682,20.81298828125,0,0.0,0x97B6A86E,3069,1262,1081,11.98828125,4.9296875,4.22265625,1,0x14,0,0,0,1,0,1,0,0,-1,0,,,,,,,,,,,,,,,,,,,,,,
661,10,FREECAM_3D,22.066666666666666,868881,26516.143798828125,829,25.299072265625,39.52714113389626,155,4.730224609375,673,20.538330078125,1,0.030517578125,0xD6FA1B1C,3069,1262,1081,11.98828125,4.9296875,4.22265625,1,0x14,0,0,0,1,0,1,0,0,-1,0,,,,,,,,,,,,,,,,,,,,,,
662,10,FREECAM_3D,22.1,869708,26541.3818359375,827,25.238037109375,39.62273276904474,155,4.730224609375,672,20.5078125,0,0.0,0x8B4C3E5A,3069,1262,1081,11.98828125,4.9296875,4.22265625,1,0x14,0,0,0,1,0,1,0,0,-1,0,,,,,,,,,,,,,,,,,,,,,,
663,10,FREECAM_3D,22.133333333333333,870525,26566.314697265625,817,24.932861328125,40.10771113831089,151,4.608154296875,665,20.294189453125,1,0.030517578125,0x8B4C3E5A,3069,1262,1081,11.98828125,4.9296875,4.22265625,1,0x10,0,0,0,0,0,1,0,0,-1,0,,,,,,,,,,,,,,,,,,,,,,
664,10,FREECAM_3D,22.166666666666668,871318,26590.51513671875,793,24.200439453125,41.32156368221942,151,4.608154296875,641,19.561767578125,1,0.030517578125,0x8B4C3E5A,3069,1262,1081,11.98828125,4.9296875,4.22265625,1,0x10,0,0,0,0,0,1,0,0,-1,0,,,,,,,,,,,,,,,,,,,,,,
665,10,FREECAM_3D,22.2,872111,26614.715576171875,793,24.200439453125,41.32156368221942,151,4.608154296875,641,19.561767578125,1,0.030517578125,0x8B4C3E5A,3069,1262,1081,11.98828125,4.9296875,4.22265625,1,0x10,0,0,0,0,0,1,0,0,-1,0,,,,,,,,,,,,,,,,,,,,,,
666,10,FREECAM_3D,22.233333333333334,872903,26638.885498046875,792,24.169921875,41.37373737373738,151,4.608154296875,641,19.561767578125,0,0.0,0x8B4C3E5A,3069,1262,1081,11.98828125,4.9296875,4.22265625,1,0x10,0,0,0,0,0,1,0,0,-1,0,,,,,,,,,,,,,,,,,,,,,,
667,10,FREECAM_3D,22.266666666666666,873695,26663.055419921875,792,24.169921875,41.37373737373738,151,4.608154296875,641,19.561767578125,0,0.0,0x8B4C3E5A,3069,1262,1081,11.98828125,4.9296875,4.22265625,1,0x10,0,0,0,0,0,1,0,0,-1,0,,,,,,,,,,,,,,,,,,,,,,
668,10,FREECAM_3D,22.3,874487,26687.225341796875,792,24.169921875,41.37373737373738,151,4.608154296875,641,19.561767578125,0,0.0,0x8B4C3E5A,3069,1262,1081,11.98828125,4.9296875,4.22265625,1,0x10,0,0,0,0,0,1,0,0,-1,0,,,,,,,,,,,,,,,,,,,,,,
669,10,FREECAM_3D,22.333333333333332,875279,26711.395263671875,792,24.169921875,41.37373737373738,151,4.608154296875,641,19.561767578125,0,0.0,0x8B4C3E5A,3069,1262,1081,11.98828125,4.9296875,4.22265625,1,0x10,0,0,0,0,0,1,0,0,-1,0,,,,,,,,,,,,,,,,,,,,,,
670,10,FREECAM_3D,22.366666666666667,876071,26735.565185546875,792,24.169921875,41.37373737373738,151,4.608154296875,641,19.561767578125,0,0.0,0x8B4C3E5A,3069,1262,1081,11.98828125,4.9296875,4.22265625,1,0x10,0,0,0,0,0,1,0,0,-1,0,,,,,,,,,,,,,,,,,,,,,,
671,10,FREECAM_3D,22.4,876863,26759.735107421875,792,24.169921875,41.37373737373738,151,4.608154296875,641,19.561767578125,0,0.0,0x8B4C3E5A,3069,1262,1081,11.98828125,4.9296875,4.22265625,1,0x10,0,0,0,0,0,1,0,0,-1,0,,,,,,,,,,,,,,,,,,,,,,
672,10,FREECAM_3D,22.433333333333334,877655,26783.905029296875,792,24.169921875,41.37373737373738,151,4.608154296875,641,19.561767578125,0,0.0,0x8B4C3E5A,3069,1262,1081,11.98828125,4.9296875,4.22265625,1,0x10,0,0,0,0,0,1,0,0,-1,0,,,,,,,,,,,,,,,,,,,,,,
673,10,FREECAM_3D,22.466666666666665,878447,26808.074951171875,792,24.169921875,41.37373737373738,151,4.608154296875,641,19.561767578125,0,0.0,0x8B4C3E5A,3069,1262,1081,11.98828125,4.9296875,4.22265625,1,0x10,0,0,0,0,0,1,0,0,-1,0,,,,,,,,,,,,,,,,,,,,,,
674,10,FREECAM_3D,22.5,879240,26832.275390625,793,24.200439453125,41.32156368221942,151,4.608154296875,642,19.59228515625,0,0.0,0x8B4C3E5A,3069,1262,1081,11.98828125,4.9296875,4.22265625,1,0x10,0,0,0,0,0,1,0,0,-1,0,,,,,,,,,,,,,,,,,,,,,,
675,10,FREECAM_3D,22.533333333333335,880033,26856.475830078125,793,24.200439453125,41.32156368221942,151,4.608154296875,642,19.59228515625,0,0.0,0x8B4C3E5A,3069,1262,1081,11.98828125,4.9296875,4.22265625,1,0x10,0,0,0,0,0,1,0,0,-1,0,,,,,,,,,,,,,,,,,,,,,,
676,10,FREECAM_3D,22.566666666666666,880826,26880.67626953125,793,24.200439453125,41.32156368221942,151,4.608154296875,642,19.59228515625,0,0.0,0x8B4C3E5A,3069,1262,1081,11.98828125,4.9296875,4.22265625,1,0x10,0,0,0,0,0,1,0,0,-1,0,,,,,,,,,,,,,,,,,,,,,,
677,10,FREECAM_3D,22.6,881619,26904.876708984375,793,24.200439453125,41.32156368221942,151,4.608154296875,642,19.59228515625,0,0.0,0x8B4C3E5A,3069,1262,1081,11.98828125,4.9296875,4.22265625,1,0x10,0,0,0,0,0,1,0,0,-1,0,,,,,,,,,,,,,,,,,,,,,,
678,10,FREECAM_3D,22.633333333333333,882413,26929.107666015625,794,24.23095703125,41.269521410579344,151,4.608154296875,642,19.59228515625,1,0.030517578125,0x8B4C3E5A,3069,1262,1081,11.98828125,4.9296875,4.22265625,1,0x10,0,0,0,0,0,1,0,0,-1,0,,,,,,,,,,,,,,,,,,,,,,
679,10,FREECAM_3D,22.666666666666668,883207,26953.338623046875,794,24.23095703125,41.269521410579344,151,4.608154296875,642,19.59228515625,1,0.030517578125,0x8B4C3E5A,3069,1262,1081,11.98828125,4.9296875,4.22265625,1,0x10,0,0,0,0,0,1,0,0,-1,0,,,,,,,,,,,,,,,,,,,,,,
680,10,FREECAM_3D,22.7,884001,26977.569580078125,794,24.23095703125,41.269521410579344,151,4.608154296875,642,19.59228515625,1,0.030517578125,0x8B4C3E5A,3069,1262,1081,11.98828125,4.9296875,4.22265625,1,0x10,0,0,0,0,0,1,0,0,-1,0,,,,,,,,,,,,,,,,,,,,,,
681,10,FREECAM_3D,22.733333333333334,884795,27001.800537109375,794,24.23095703125,41.269521410579344,151,4.608154296875,642,19.59228515625,1,0.030517578125,0x8B4C3E5A,3069,1262,1081,11.98828125,4.9296875,4.22265625,1,0x10,0,0,0,0,0,1,0,0,-1,0,,,,,,,,,,,,,,,,,,,,,,
682,10,FREECAM_3D,22.766666666666666,885589,27026.031494140625,794,24.23095703125,41.269521410579344,151,4.608154296875,642,19.59228515625,1,0.030517578125,0x8B4C3E5A,3069,1262,1081,11.98828125,4.9296875,4.22265625,1,0x10,0,0,0,0,0,1,0,0,-1,0,,,,,,,,,,,,,,,,,,,,,,
683,10,FREECAM_3D,22.8,886383,27050.262451171875,794,24.23095703125,41.269521410579344,151,4.608154296875,642,19.59228515625,1,0.030517578125,0x8B4C3E5A,3069,1262,1081,11.98828125,4.9296875,4.22265625,1,0x10,0,0,0,0,0,1,0,0,-1,0,,,,,,,,,,,,,,,,,,,,,,
684,10,FREECAM_3D,22.833333333333332,887176,27074.462890625,793,24.200439453125,41.32156368221942,150,4.57763671875,642,19.59228515625,1,0.030517578125,0x8B4C3E5A,3069,1262,1081,11.98828125,4.9296875,4.22265625,1,0x10,0,0,0,0,0,1,0,0,-1,0,,,,,,,,,,,,,,,,,,,,,,
685,10,FREECAM_3D,22.866666666666667,887970,27098.69384765625,794,24.23095703125,41.269521410579344,151,4.608154296875,642,19.59228515625,1,0.030517578125,0x8B4C3E5A,3069,1262,1081,11.98828125,4.9296875,4.22265625,1,0x10,0,0,0,0,0,1,0,0,-1,0,,,,,,,,,,,,,,,,,,,,,,
686,10,FREECAM_3D,22.9,888764,27122.9248046875,794,24.23095703125,41.269521410579344,151,4.608154296875,642,19.59228515625,1,0.030517578125,0x8B4C3E5A,3069,1262,1081,11.98828125,4.9296875,4.22265625,1,0x10,0,0,0,0,0,1,0,0,-1,0,,,,,,,,,,,,,,,,,,,,,,
687,10,FREECAM_3D,22.933333333333334,889557,27147.125244140625,793,24.200439453125,41.32156368221942,151,4.608154296875,641,19.561767578125,1,0.030517578125,0x8B4C3E5A,3069,1262,1081,11.98828125,4.9296875,4.22265625,1,0x10,0,0,0,0,0,1,0,0,-1,0,,,,,,,,,,,,,,,,,,,,,,
688,10,FREECAM_3D,22.966666666666665,890349,27171.295166015625,792,24.169921875,41.37373737373738,151,4.608154296875,641,19.561767578125,0,0.0,0x8B4C3E5A,3069,1262,1081,11.98828125,4.9296875,4.22265625,1,0x10,0,0,0,0,0,1,0,0,-1,0,,,,,,,,,,,,,,,,,,,,,,
689,10,FREECAM_3D,23.0,891141,27195.465087890625,792,24.169921875,41.37373737373738,151,4.608154296875,641,19.561767578125,0,0.0,0x8B4C3E5A,3069,1262,1081,11.98828125,4.9296875,4.22265625,1,0x10,0,0,0,0,0,1,0,0,-1,0,,,,,,,,,,,,,,,,,,,,,,
690,10,FREECAM_3D,23.033333333333335,891933,27219.635009765625,792,24.169921875,41.37373737373738,151,4.608154296875,641,19.561767578125,0,0.0,0x8B4C3E5A,3069,1262,1081,11.98828125,4.9296875,4.22265625,1,0x10,0,0,0,0,0,1,0,0,-1,0,,,,,,,,,,,,,,,,,,,,,,
691,10,FREECAM_3D,23.066666666666666,892725,27243.804931640625,792,24.169921875,41.37373737373738,151,4.608154296875,641,19.561767578125,0,0.0,0x8B4C3E5A,3069,1262,1081,11.98828125,4.9296875,4.22265625,1,0x10,0,0,0,0,0,1,0,0,-1,0,,,,,,,,,,,,,,,,,,,,,,
692,10,FREECAM_3D,23.1,893517,27267.974853515625,792,24.169921875,41.37373737373738,151,4.608154296875,641,19.561767578125,0,0.0,0x8B4C3E5A,3069,1262,1081,11.98828125,4.9296875,4.22265625,1,0x10,0,0,0,0,0,1,0,0,-1,0,,,,,,,,,,,,,,,,,,,,,,
693,10,FREECAM_3D,23.133333333333333,894309,27292.144775390625,792,24.169921875,41.37373737373738,151,4.608154296875,641,19.561767578125,0,0.0,0x8B4C3E5A,3069,1262,1081,11.98828125,4.9296875,4.22265625,1,0x10,0,0,0,0,0,1,0,0,-1,0,,,,,,,,,,,,,,,,,,,,,,
694,10,FREECAM_3D,23.166666666666668,895101,27316.314697265625,792,24.169921875,41.37373737373738,151,4.608154296875,641,19.561767578125,0,0.0,0x8B4C3E5A,3069,1262,1081,11.98828125,4.9296875,4.22265625,1,0x10,0,0,0,0,0,1,0,0,-1,0,,,,,,,,,,,,,,,,,,,,,,
695,10,FREECAM_3D,23.2,895893,27340.484619140625,792,24.169921875,41.37373737373738,151,4.608154296875,641,19.561767578125,0,0.0,0x8B4C3E5A,3069,1262,1081,11.98828125,4.9296875,4.22265625,1,0x10,0,0,0,0,0,1,0,0,-1,0,,,,,,,,,,,,,,,,,,,,,,
696,10,FREECAM_3D,23.233333333333334,896686,27364.68505859375,793,24.200439453125,41.32156368221942,151,4.608154296875,642,19.59228515625,0,0.0,0x8B4C3E5A,3069,1262,1081,11.98828125,4.9296875,4.22265625,1,0x10,0,0,0,0,0,1,0,0,-1,0,,,,,,,,,,,,,,,,,,,,,,
697,10,FREECAM_3D,23.266666666666666,897479,27388.885498046875,793,24.200439453125,41.32156368221942,151,4.608154296875,642,19.59228515625,0,0.0,0x8B4C3E5A,3069,1262,1081,11.98828125,4.9296875,4.22265625,1,0x10,0,0,0,0,0,1,0,0,-1,0,,,,,,,,,,,,,,,,,,,,,,
698,10,FREECAM_3D,23.3,898272,27413.0859375,793,24.200439453125,41.32156368221942,151,4.608154296875,642,19.59228515625,0,0.0,0x8B4C3E5A,3069,1262,1081,11.98828125,4.9296875,4.22265625,1,0x10,0,0,0,0,0,1,0,0,-1,0,,,,,,,,,,,,,,,,,,,,,,
699,10,FREECAM_3D,23.333333333333332,899065,27437.286376953125,793,24.200439453125,41.32156368221942,151,4.608154296875,642,19.59228515625,0,0.0,0x8B4C3E5A,3069,1262,1081,11.98828125,4.9296875,4.22265625,1,0x10,0,0,0,0,0,1,0,0,-1,0,,,,,,,,,,,,,,,,,,,,,,
700,10,FREECAM_3D,23.366666666666667,899858,27461.48681640625,793,24.200439453125,41.32156368221942,151,4.608154296875,642,19.59228515625,0,0.0,0x8B4C3E5A,3069,1262,1081,11.98828125,4.9296875,4.22265625,1,0x10,0,0,0,0,0,1,0,0,-1,0,,,,,,,,,,,,,,,,,,,,,,
701,10,FREECAM_3D,23.4,900652,27485.7177734375,794,24.23095703125,41.269521410579344,151,4.608154296875,642,19.59228515625,1,0.030517578125,0x8B4C3E5A,3069,1262,1081,11.98828125,4.9296875,4.22265625,1,0x10,0,0,0,0,0,1,0,0,-1,0,,,,,,,,,,,,,,,,,,,,,,
702,10,FREECAM_3D,23.433333333333334,901446,27509.94873046875,794,24.23095703125,41.269521410579344,151,4.608154296875,642,19.59228515625,1,0.030517578125,0x8B4C3E5A,3069,1262,1081,11.98828125,4.9296875,4.22265625,1,0x10,0,0,0,0,0,1,0,0,-1,0,,,,,,,,,,,,,,,,,,,,,,
703,10,FREECAM_3D,23.466666666666665,902240,27534.1796875,794,24.23095703125,41.269521410579344,151,4.608154296875,642,19.59228515625,1,0.030517578125,0x8B4C3E5A,3069,1262,1081,11.98828125,4.9296875,4.22265625,1,0x10,0,0,0,0,0,1,0,0,-1,0,,,,,,,,,,,,,,,,,,,,,,
704,10,FREECAM_3D,23.5,903034,27558.41064453125,794,24.23095703125,41.269521410579344,151,4.608154296875,642,19.59228515625,1,0.030517578125,0x8B4C3E5A,3069,1262,1081,11.98828125,4.9296875,4.22265625,1,0x10,0,0,0,0,0,1,0,0,-1,0,,,,,,,,,,,,,,,,,,,,,,
705,10,FREECAM_3D,23.533333333333335,903828,27582.6416015625,794,24.23095703125,41.269521410579344,151,4.608154296875,642,19.59228515625,1,0.030517578125,0x8B4C3E5A,3069,1262,1081,11.98828125,4.9296875,4.22265625,1,0x10,0,0,0,0,0,1,0,0,-1,0,,,,,,,,,,,,,,,,,,,,,,
706,10,FREECAM_3D,23.566666666666666,904621,27606.842041015625,793,24.200439453125,41.32156368221942,150,4.57763671875,642,19.59228515625,1,0.030517578125,0x8B4C3E5A,3069,1262,1081,11.98828125,4.9296875,4.22265625,1,0x10,0,0,0,0,0,1,0,0,-1,0,,,,,,,,,,,,,,,,,,,,,,
707,10,FREECAM_3D,23.6,905414,27631.04248046875,793,24.200439453125,41.32156368221942,150,4.57763671875,642,19.59228515625,1,0.030517578125,0x8B4C3E5A,3069,1262,1081,11.98828125,4.9296875,4.22265625,1,0x10,0,0,0,0,0,1,0,0,-1,0,,,,,,,,,,,,,,,,,,,,,,
708,10,FREECAM_3D,23.633333333333333,906208,27655.2734375,794,24.23095703125,41.269521410579344,151,4.608154296875,642,19.59228515625,1,0.030517578125,0x8B4C3E5A,3069,1262,1081,11.98828125,4.9296875,4.22265625,1,0x10,0,0,0,0,0,1,0,0,-1,0,,,,,,,,,,,,,,,,,,,,,,
709,10,FREECAM_3D,23.666666666666668,907002,27679.50439453125,794,24.23095703125,41.269521410579344,151,4.608154296875,642,19.59228515625,1,0.030517578125,0x8B4C3E5A,3069,1262,1081,11.98828125,4.9296875,4.22265625,1,0x10,0,0,0,0,0,1,0,0,-1,0,,,,,,,,,,,,,,,,,,,,,,
710,10,FREECAM_3D,23.7,907827,27704.681396484375,825,25.177001953125,39.71878787878788,155,4.730224609375,669,20.416259765625,1,0.030517578125,0xD6FA1B1C,3069,1262,1081,11.98828125,4.9296875,4.22265625,1,0x14,0,0,0,1,0,1,0,0,1,0,,,,,,,,,,,,,,,,,,,,,,
711,10,FREECAM_3D,23.733333333333334,908662,27730.16357421875,835,25.482177734375,39.24311377245509,155,4.730224609375,680,20.751953125,0,0.0,0x97B6A86E,3069,1262,1081,11.98828125,4.9296875,4.22265625,1,0x14,0,0,0,1,0,1,0,0,1,0,,,,,,,,,,,,,,,,,,,,,,
712,10,FREECAM_3D,23.766666666666666,909526,27756.53076171875,864,26.3671875,37.925925925925924,155,4.730224609375,709,21.636962890625,0,0.0,0xB16D2C2A,3069,1262,1081,11.98828125,4.9296875,4.22265625,1,0x14,0,0,0,1,0,1,0,0,1,0,,,,,,,,,,,,,,,,,,,,,,
713,10,FREECAM_3D,23.8,910398,27783.14208984375,872,26.611328125,37.57798165137615,155,4.730224609375,717,21.881103515625,0,0.0,0x99232FBD,3069,1262,1081,11.98828125,4.9296875,4.22265625,1,0x14,0,0,0,1,0,1,0,0,1,0,,,,,,,,,,,,,,,,,,,,,,
714,10,FREECAM_3D,23.833333333333332,911284,27810.1806640625,886,27.03857421875,36.98419864559819,155,4.730224609375,731,22.308349609375,0,0.0,0x87F93679,3069,1262,1081,11.98828125,4.9296875,4.22265625,1,0x14,0,0,0,1,0,1,0,0,1,0,,,,,,,,,,,,,,,,,,,,,,
715,10,FREECAM_3D,23.866666666666667,912217,27838.653564453125,933,28.472900390625,35.12111468381565,155,4.730224609375,778,23.74267578125,0,0.0,0x58F5109B,3069,1262,1081,11.98828125,4.9296875,4.22265625,1,0x14,0,0,0,1,0,1,0,0,1,0,,,,,,,,,,,,,,,,,,,,,,
716,10,FREECAM_3D,23.9,913176,27867.919921875,959,29.266357421875,34.1689259645464,155,4.730224609375,803,24.505615234375,1,0.030517578125,0xAE96CAD8,3069,1262,1081,11.98828125,4.9296875,4.22265625,1,0x14,0,0,0,1,0,1,0,0,1,0,,,,,,,,,,,,,,,,,,,,,,
717,10,FREECAM_3D,23.933333333333334,914159,27897.918701171875,983,29.998779296875,33.33468972533062,155,4.730224609375,828,25.2685546875,0,0.0,0xA3747F26,3069,1262,1081,11.98828125,4.9296875,4.22265625,1,0x14,0,0,0,1,0,1,0,0,1,0,,,,,,,,,,,,,,,,,,,,,,
718,10,FREECAM_3D,23.966666666666665,915166,27928.64990234375,1007,30.731201171875,32.540218470705064,155,4.730224609375,851,25.970458984375,1,0.030517578125,0xC7FFADCF,3069,1262,1081,11.98828125,4.9296875,4.22265625,1,0x14,0,0,0,1,0,1,0,0,1,0,,,,,,,,,,,,,,,,,,,,,,
719,10,FREECAM_3D,24.0,916190,27959.89990234375,1024,31.25,32.0,155,4.730224609375,869,26.519775390625,0,0.0,0xA44C425B,3069,1262,1081,11.98828125,4.9296875,4.22265625,1,0x14,0,0,0,1,0,1,0,0,1,0,,,,,,,,,,,,,,,,,,,,,,
720,10,FREECAM_3D,24.033333333333335,917224,27991.455078125,1034,31.55517578125,31.690522243713733,155,4.730224609375,879,26.824951171875,0,0.0,0xF20D7777,3069,1262,1081,11.98828125,4.9296875,4.22265625,1,0x14,0,0,0,1,0,1,0,0,1,0,,,,,,,,,,,,,,,,,,,,,,
721,10,FREECAM_3D,24.066666666666666,918242,28022.52197265625,1018,31.06689453125,32.18860510805501,155,4.730224609375,862,26.30615234375,1,0.030517578125,0x1D68886C,3069,1262,1081,11.98828125,4.9296875,4.22265625,1,0x14,0,0,0,1,0,1,0,0,1,0,,,,,,,,,,,,,,,,,,,,,,
722,10,FREECAM_3D,24.1,919205,28051.910400390625,963,29.388427734375,34.0269989615784,155,4.730224609375,807,24.627685546875,1,0.030517578125,0x65DFB05A,3069,1262,1081,11.98828125,4.9296875,4.22265625,1,0x14,0,0,0,1,0,1,0,0,1,0,,,,,,,,,,,,,,,,,,,,,,
723,10,FREECAM_3D,24.133333333333333,920184,28081.787109375,979,29.876708984375,33.4708886618999,155,4.730224609375,824,25.146484375,0,0.0,0x7EDEF92F,3069,1262,1081,11.98828125,4.9296875,4.22265625,1,0x14,0,0,0,1,0,1,0,0,1,0,,,,,,,,,,,,,,,,,,,,,,
724,10,FREECAM_3D,24.166666666666668,921101,28109.771728515625,917,27.984619140625,35.73391494002181,155,4.730224609375,761,23.223876953125,1,0.030517578125,0x4310EEA4,3069,1262,1081,11.98828125,4.9296875,4.22265625,1,0x14,0,0,0,1,0,1,0,0,1,0,,,,,,,,,,,,,,,,,,,,,,
725,10,FREECAM_3D,24.2,922014,28137.63427734375,913,27.862548828125,35.89047097480832,155,4.730224609375,757,23.101806640625,1,0.030517578125,0x757DE4F2,3069,1262,1081,11.98828125,4.9296875,4.22265625,1,0x14,0,0,0,1,0,1,0,0,1,0,,,,,,,,,,,,,,,,,,,,,,
726,10,FREECAM_3D,24.233333333333334,922909,28164.947509765625,895,27.313232421875,36.61229050279329,156,4.7607421875,739,22.552490234375,0,0.0,0x7496D160,3069,1262,1081,11.98828125,4.9296875,4.22265625,1,0x14,0,0,0,1,0,1,0,0,1,0,,,,,,,,,,,,,,,,,,,,,,
727,10,FREECAM_3D,24.266666666666666,923803,28192.230224609375,894,27.28271484375,36.65324384787472,155,4.730224609375,738,22.52197265625,1,0.030517578125,0x0F828D67,3069,1262,1081,11.98828125,4.9296875,4.22265625,1,0x14,0,0,0,1,0,1,0,0,1,0,,,,,,,,,,,,,,,,,,,,,,
728,10,FREECAM_3D,24.3,924694,28219.42138671875,891,27.191162109375,36.77665544332211,155,4.730224609375,735,22.430419921875,1,0.030517578125,0x75381BF2,3069,1262,1081,11.98828125,4.9296875,4.22265625,1,0x14,0,0,0,1,0,1,0,0,1,0,,,,,,,,,,,,,,,,,,,,,,
729,10,FREECAM_3D,24.333333333333332,925585,28246.612548828125,891,27.191162109375,36.77665544332211,155,4.730224609375,736,22.4609375,0,0.0,0xBA858160,3069,1262,1081,11.98828125,4.9296875,4.22265625,1,0x14,0,0,0,1,0,1,0,0,1,0,,,,,,,,,,,,,,,,,,,,,,
730,10,FREECAM_3D,24.366666666666667,926517,28275.054931640625,932,28.4423828125,35.1587982832618,155,4.730224609375,777,23.712158203125,0,0.0,0x301ECFFF,3069,1262,1081,11.98828125,4.9296875,4.22265625,1,0x14,0,0,0,1,0,1,0,0,1,0,,,,,,,,,,,,,,,,,,,,,,
731,10,FREECAM_3D,24.4,927446,28303.40576171875,929,28.350830078125,35.272335844994615,155,4.730224609375,774,23.62060546875,0,0.0,0x1CAD1FE7,3069,1262,1081,11.98828125,4.9296875,4.22265625,1,0x14,0,0,0,1,0,1,0,0,1,0,,,,,,,,,,,,,,,,,,,,,,
732,10,FREECAM_3D,24.433333333333334,928377,28331.817626953125,931,28.411865234375,35.19656283566058,155,4.730224609375,775,23.651123046875,1,0.030517578125,0x125C255F,3069,1262,1081,11.98828125,4.9296875,4.22265625,1,0x14,0,0,0,1,0,1,0,0,1,0,,,,,,,,,,,,,,,,,,,,,,
733,10,FREECAM_3D,24.466666666666665,929351,28361.541748046875,974,29.72412109375,33.64271047227926,155,4.730224609375,819,24.993896484375,0,0.0,0x351999EE,3069,1262,1081,11.98828125,4.9296875,4.22265625,1,0x14,0,0,0,1,0,1,0,0,1,0,,,,,,,,,,,,,,,,,,,,,,
734,10,FREECAM_3D,24.5,930359,28392.303466796875,1008,30.76171875,32.507936507936506,155,4.730224609375,853,26.031494140625,0,0.0,0xAC17D57C,3069,1262,1081,11.98828125,4.9296875,4.22265625,1,0x14,0,0,0,1,0,1,0,0,1,0,,,,,,,,,,,,,,,,,,,,,,
735,10,FREECAM_3D,24.533333333333335,931386,28423.64501953125,1027,31.341552734375,31.906523855890946,155,4.730224609375,871,26.580810546875,1,0.030517578125,0x9AB97DEB,3069,1262,1081,11.98828125,4.9296875,4.22265625,1,0x14,0,0,0,1,0,1,0,0,1,0,,,,,,,,,,,,,,,,,,,,,,
736,10,FREECAM_3D,24.566666666666666,932862,28468.68896484375,1476,45.0439453125,22.200542005420054,155,4.730224609375,1321,40.313720703125,0,0.0,0x9F0DFB31,3069,1262,1081,11.98828125,4.9296875,4.22265625,1,0x14,0,0,0,1,0,1,0,0,1,0,,,,,,,,,,,,,,,,,,,,,,
737,10,FREECAM_3D,24.6,934372,28514.7705078125,1510,46.08154296875,21.70066225165563,155,4.730224609375,1355,41.351318359375,0,0.0,0x71DCCEE5,3069,1262,1081,11.98828125,4.9296875,4.22265625,1,0x14,0,0,0,1,0,1,0,0,1,0,,,,,,,,,,,,,,,,,,,,,,
738,10,FREECAM_3D,24.633333333333333,935810,28558.65478515625,1438,43.88427734375,22.787204450625868,155,4.730224609375,1283,39.154052734375,0,0.0,0xA5FAE12A,3069,1262,1081,11.98828125,4.9296875,4.22265625,1,0x14,0,0,0,1,0,1,0,0,1,0,,,,,,,,,,,,,,,,,,,,,,
739,10,FREECAM_3D,24.666666666666668,937378,28606.50634765625,1568,47.8515625,20.897959183673468,155,4.730224609375,1412,43.0908203125,1,0.030517578125,0xA5318462,3069,1262,1081,11.98828125,4.9296875,4.22265625,1,0x14,0,0,0,1,0,1,0,0,1,0,,,,,,,,,,,,,,,,,,,,,,
740,10,FREECAM_3D,24.7,938971,28655.120849609375,1593,48.614501953125,20.569993722536097,156,4.7607421875,1437,43.853759765625,0,0.0,0x0F056F37,3069,1262,1081,11.98828125,4.9296875,4.22265625,1,0x14,0,0,0,1,0,1,0,0,1,0,,,,,,,,,,,,,,,,,,,,,,
741,10,FREECAM_3D,24.733333333333334,940609,28705.108642578125,1638,49.98779296875,20.004884004884005,155,4.730224609375,1483,45.257568359375,0,0.0,0x3DD7AA69,3069,1262,1081,11.98828125,4.9296875,4.22265625,1,0x14,0,0,0,1,0,1,0,0,1,0,,,,,,,,,,,,,,,,,,,,,,
742,10,FREECAM_3D,24.766666666666666,942339,28757.904052734375,1730,52.79541015625,18.941040462427747,155,4.730224609375,1575,48.065185546875,0,0.0,0xE75BFEC1,3069,1262,1081,11.98828125,4.9296875,4.22265625,1,0x14,0,0,0,1,0,1,0,0,1,0,,,,,,,,,,,,,,,,,,,,,,
743,10,FREECAM_3D,24.8,944089,28811.309814453125,1750,53.40576171875,18.72457142857143,155,4.730224609375,1595,48.675537109375,0,0.0,0xD5D21860,3069,1262,1081,11.98828125,4.9296875,4.22265625,1,0x14,0,0,0,1,0,1,0,0,1,0,,,,,,,,,,,,,,,,,,,,,,
744,10,FREECAM_3D,24.833333333333332,945776,28862.79296875,1687,51.483154296875,19.423829282750443,155,4.730224609375,1532,46.7529296875,0,0.0,0x95EDCE06,3069,1262,1081,11.98828125,4.9296875,4.22265625,1,0x14,0,0,0,1,0,1,0,0,1,0,,,,,,,,,,,,,,,,,,,,,,
745,10,FREECAM_3D,24.866666666666667,947630,28919.37255859375,1854,56.57958984375,17.674217907227614,155,4.730224609375,1698,51.81884765625,1,0.030517578125,0x63CE50E1,3069,1262,1081,11.98828125,4.9296875,4.22265625,1,0x14,0,0,0,1,0,1,0,0,1,0,,,,,,,,,,,,,,,,,,,,,,
746,10,FREECAM_3D,24.9,949431,28974.334716796875,1801,54.962158203125,18.194336479733483,155,4.730224609375,1646,50.23193359375,0,0.0,0x6BFB6151,3069,1262,1081,11.98828125,4.9296875,4.22265625,1,0x14,0,0,0,1,0,1,0,0,1,0,,,,,,,,,,,,,,,,,,,,,,
747,10,FREECAM_3D,24.933333333333334,951349,29032.867431640625,1918,58.53271484375,17.0844629822732,155,4.730224609375,1763,53.802490234375,0,0.0,0xBC1EDF23,3069,1262,1081,11.98828125,4.9296875,4.22265625,1,0x14,0,0,0,1,0,1,0,0,1,0,,,,,,,,,,,,,,,,,,,,,,
748,10,FREECAM_3D,24.966666666666665,953299,29092.376708984375,1950,59.50927734375,16.804102564102564,155,4.730224609375,1795,54.779052734375,0,0.0,0xF7C30E54,3069,1262,1081,11.98828125,4.9296875,4.22265625,1,0x14,0,0,0,1,0,1,0,0,1,0,,,,,,,,,,,,,,,,,,,,,,
749,10,FREECAM_3D,25.0,955327,29154.266357421875,2028,61.8896484375,16.157790927021697,155,4.730224609375,1872,57.12890625,1,0.030517578125,0x4540FC6A,3069,1262,1081,11.98828125,4.9296875,4.22265625,1,0x14,0,0,0,1,0,1,0,0,1,0,,,,,,,,,,,,,,,,,,,,,,
750,10,FREECAM_3D,25.033333333333335,957388,29217.1630859375,2061,62.896728515625,15.899078117418728,155,4.730224609375,1906,58.16650390625,0,0.0,0x06815C15,3069,1262,1081,11.98828125,4.9296875,4.22265625,1,0x14,0,0,0,1,0,1,0,0,1,0,,,,,,,,,,,,,,,,,,,,,,
751,10,FREECAM_3D,25.066666666666666,959426,29279.35791015625,2038,62.19482421875,16.078508341511284,155,4.730224609375,1883,57.464599609375,0,0.0,0x7CE2CE39,3069,1262,1081,11.98828125,4.9296875,4.22265625,1,0x14,0,0,0,1,0,1,0,0,1,0,,,,,,,,,,,,,,,,,,,,,,
752,10,FREECAM_3D,25.1,961489,29342.315673828125,2063,62.957763671875,15.883664566165779,155,4.730224609375,1908,58.2275390625,0,0.0,0x0BF6A32B,3069,1262,1081,11.98828125,4.9296875,4.22265625,1,0x14,0,0,0,1,0,1,0,0,1,0,,,,,,,,,,,,,,,,,,,,,,
753,10,FREECAM_3D,25.133333333333333,963478,29403.01513671875,1989,60.699462890625,16.474610356963296,155,4.730224609375,1833,55.938720703125,1,0.030517578125,0xD06752C8,3069,1262,1081,11.98828125,4.9296875,4.22265625,1,0x14,0,0,0,1,0,1,0,0,1,0,,,,,,,,,,,,,,,,,,,,,,
754,10,FREECAM_3D,25.166666666666668,965599,29467.742919921875,2121,64.727783203125,15.44931636020745,156,4.7607421875,1964,59.9365234375,1,0.030517578125,0x48A2917A,3069,1262,1081,11.98828125,4.9296875,4.22265625,1,0x14,0,0,0,1,0,1,0,0,1,0,,,,,,,,,,,,,,,,,,,,,,
755,10,FREECAM_3D,25.2,967656,29530.517578125,2057,62.774658203125,15.929995138551288,155,4.730224609375,1902,58.04443359375,0,0.0,0x8CC51F67,3069,1262,1081,11.98828125,4.9296875,4.22265625,1,0x14,0,0,0,1,0,1,0,0,1,0,,,,,,,,,,,,,,,,,,,,,,
756,10,FREECAM_3D,25.233333333333334,969744,29594.23828125,2088,63.720703125,15.693486590038313,155,4.730224609375,1933,58.990478515625,0,0.0,0xA8F28D70,3069,1262,1081,11.98828125,4.9296875,4.22265625,1,0x14,0,0,0,1,0,1,0,0,1,0,,,,,,,,,,,,,,,,,,,,,,
757,10,FREECAM_3D,25.266666666666666,971823,29657.684326171875,2079,63.446044921875,15.761423761423762,155,4.730224609375,1923,58.685302734375,1,0.030517578125,0xD7079BC0,3069,1262,1081,11.98828125,4.9296875,4.22265625,1,0x14,0,0,0,1,0,1,0,0,1,0,,,,,,,,,,,,,,,,,,,,,,
758,10,FREECAM_3D,25.3,973883,29720.550537109375,2060,62.8662109375,15.906796116504854,147,4.486083984375,1912,58.349609375,1,0.030517578125,0x9F11FE28,3069,1262,1102,11.98828125,4.9296875,4.3046875,1,0x14,0,0,0,1,0,1,0,0,0,1,,,,,,,,,,,,,,,,,,,,,,
759,10,FREECAM_3D,25.333333333333332,975947,29783.538818359375,2064,62.98828125,15.875968992248062,148,4.5166015625,1916,58.4716796875,0,0.0,0xFE201391,3069,1262,1123,11.98828125,4.9296875,4.38671875,1,0x14,0,0,0,1,0,1,0,0,0,1,,,,,,,,,,,,,,,,,,,,,,
760,10,FREECAM_3D,25.366666666666667,977953,29844.757080078125,2006,61.21826171875,16.334995014955133,147,4.486083984375,1859,56.732177734375,0,0.0,0x8D970B6E,3069,1262,1144,11.98828125,4.9296875,4.46875,1,0x14,0,0,0,1,0,1,0,0,0,1,,,,,,,,,,,,,,,,,,,,,,
761,10,FREECAM_3D,25.4,979924,29904.9072265625,1971,60.150146484375,16.625063419583967,147,4.486083984375,1824,55.6640625,0,0.0,0xD10F39AF,3069,1262,1165,11.98828125,4.9296875,4.55078125,1,0x14,0,0,0,1,0,1,0,0,0,1,,,,,,,,,,,,,,,,,,,,,,
762,10,FREECAM_3D,25.433333333333334,981877,29964.508056640625,1953,59.600830078125,16.778289810547875,147,4.486083984375,1805,55.084228515625,1,0.030517578125,0x2CA7BF24,3069,1262,1186,11.98828125,4.9296875,4.6328125,1,0x14,0,0,0,1,0,1,0,0,0,1,,,,,,,,,,,,,,,,,,,,,,
763,10,FREECAM_3D,25.466666666666665,983249,30006.378173828125,1372,41.8701171875,23.88338192419825,147,4.486083984375,1225,37.384033203125,0,0.0,0x85D9FFED,3069,1262,1207,11.98828125,4.9296875,4.71484375,1,0x14,0,0,0,1,0,1,0,0,0,1,,,,,,,,,,,,,,,,,,,,,,
764,10,FREECAM_3D,25.5,986234,30097.47314453125,2985,91.094970703125,10.977554438860972,1158,35.33935546875,1826,55.72509765625,1,0.030517578125,0x60949FFC,3,2468,402,0.01171875,9.640625,1.5703125,0,0x15,0,0,1,1,0,1,0,0,0,1,,,,,,,,,,,,,,,,,,,,,,
765,10,FREECAM_3D,25.533333333333335,988203,30157.562255859375,1969,60.089111328125,16.641950228542406,155,4.730224609375,1814,55.35888671875,0,0.0,0x7D2C2957,3,2468,423,0.01171875,9.640625,1.65234375,0,0x14,0,0,0,1,0,1,0,0,0,1,,,,,,,,,,,,,,,,,,,,,,
766,10,FREECAM_3D,25.566666666666666,989626,30200.98876953125,1423,43.426513671875,23.02740688685875,156,4.7607421875,1266,38.63525390625,1,0.030517578125,0xAF34DCD8,3,2468,444,0.01171875,9.640625,1.734375,0,0x14,0,0,0,1,0,1,0,0,0,1,,,,,,,,,,,,,,,,,,,,,,
767,10,FREECAM_3D,25.6,991048,30244.384765625,1422,43.39599609375,23.043600562587905,155,4.730224609375,1266,38.63525390625,1,0.030517578125,0xC2DBAE89,3,2468,465,0.01171875,9.640625,1.81640625,0,0x14,0,0,0,1,0,1,0,0,0,1,,,,,,,,,,,,,,,,,,,,,,
768,10,FREECAM_3D,25.633333333333333,992468,30287.7197265625,1420,43.3349609375,23.07605633802817,155,4.730224609375,1264,38.57421875,1,0.030517578125,0xEF5FB53A,3,2468,486,0.01171875,9.640625,1.8984375,0,0x14,0,0,0,1,0,1,0,0,0,1,,,,,,,,,,,,,,,,,,,,,,
769,10,FREECAM_3D,25.666666666666668,993805,30328.521728515625,1337,40.802001953125,24.50860134629768,155,4.730224609375,1182,36.07177734375,0,0.0,0xFE92F063,3,2468,507,0.01171875,9.640625,1.98046875,0,0x14,0,0,0,1,0,1,0,0,0,1,,,,,,,,,,,,,,,,,,,,,,
770,10,FREECAM_3D,25.7,995141,30369.293212890625,1336,40.771484375,24.526946107784433,156,4.7607421875,1179,35.980224609375,1,0.030517578125,0xCAC6071D,3,2468,528,0.01171875,9.640625,2.0625,0,0x14,0,0,0,1,0,1,0,0,0,1,,,,,,,,,,,,,,,,,,,,,,
771,10,FREECAM_3D,25.733333333333334,996473,30409.942626953125,1332,40.6494140625,24.6006006006006,155,4.730224609375,1177,35.919189453125,0,0.0,0xAB0FE09C,3,2468,549,0.01171875,9.640625,2.14453125,0,0x14,0,0,0,1,0,1,0,0,0,1,,,,,,,,,,,,,,,,,,,,,,
772,10,FREECAM_3D,25.766666666666666,997806,30450.62255859375,1333,40.679931640625,24.582145536384097,155,4.730224609375,1177,35.919189453125,1,0.030517578125,0x6E0C8873,3,2468,570,0.01171875,9.640625,2.2265625,0,0x14,0,0,0,1,0,1,0,0,0,1,,,,,,,,,,,,,,,,,,,,,,
773,10,FREECAM_3D,25.8,999149,30491.607666015625,1343,40.985107421875,24.399106478034252,155,4.730224609375,1188,36.2548828125,0,0.0,0x44E06012,3,2468,591,0.01171875,9.640625,2.30859375,0,0x14,0,0,0,1,0,1,0,0,0,1,,,,,,,,,,,,,,,,,,,,,,
774,10,FREECAM_3D,25.833333333333332,1000492,30532.5927734375,1343,40.985107421875,24.399106478034252,156,4.7607421875,1187,36.224365234375,0,0.0,0x40A22339,3,2468,612,0.01171875,9.640625,2.390625,0,0x14,0,0,0,1,0,1,0,0,0,1,,,,,,,,,,,,,,,,,,,,,,
775,10,FREECAM_3D,25.866666666666667,1001850,30574.03564453125,1358,41.44287109375,24.12960235640648,156,4.7607421875,1201,36.651611328125,1,0.030517578125,0x80883878,3,2468,633,0.01171875,9.640625,2.47265625,0,0x14,0,0,0,1,0,1,0,0,0,1,,,,,,,,,,,,,,,,,,,,,,
776,10,FREECAM_3D,25.9,1003211,30615.570068359375,1361,41.534423828125,24.076414401175604,156,4.7607421875,1204,36.7431640625,1,0.030517578125,0x74684B0F,3,2468,654,0.01171875,9.640625,2.5546875,0,0x14,0,0,0,1,0,1,0,0,0,1,,,,,,,,,,,,,,,,,,,,,,
777,10,FREECAM_3D,25.933333333333334,1004563,30656.829833984375,1352,41.259765625,24.236686390532544,155,4.730224609375,1196,36.4990234375,1,0.030517578125,0x65B5D9EE,3,2468,675,0.01171875,9.640625,2.63671875,0,0x14,0,0,0,1,0,1,0,0,0,1,,,,,,,,,,,,,,,,,,,,,,
778,10,FREECAM_3D,25.966666666666665,1005917,30698.150634765625,1354,41.32080078125,24.20088626292467,155,4.730224609375,1198,36.56005859375,1,0.030517578125,0x1E6F2665,3,2468,696,0.01171875,9.640625,2.71875,0,0x14,0,0,0,1,0,1,0,0,0,1,,,,,,,,,,,,,,,,,,,,,,
779,10,FREECAM_3D,26.0,1007264,30739.2578125,1347,41.107177734375,24.326651818856718,155,4.730224609375,1192,36.376953125,0,0.0,0xBB8A8BE4,3,2468,717,0.01171875,9.640625,2.80078125,0,0x14,0,0,0,1,0,1,0,0,0,1,,,,,,,,,,,,,,,,,,,,,,
780,10,FREECAM_3D,26.033333333333335,1008607,30780.242919921875,1343,40.985107421875,24.399106478034252,156,4.7607421875,1187,36.224365234375,0,0.0,0xDB7816DB,3,2468,738,0.01171875,9.640625,2.8828125,0,0x14,0,0,0,1,0,1,0,0,0,1,,,,,,,,,,,,,,,,,,,,,,
781,10,FREECAM_3D,26.066666666666666,1009950,30821.22802734375,1343,40.985107421875,24.399106478034252,155,4.730224609375,1187,36.224365234375,1,0.030517578125,0x62D805FA,3,2468,759,0.01171875,9.640625,2.96484375,0,0x14,0,0,0,1,0,1,0,0,0,1,,,,,,,,,,,,,,,,,,,,,,
782,10,FREECAM_3D,26.1,1011253,30860.992431640625,1303,39.764404296875,25.148119723714505,155,4.730224609375,1148,35.0341796875,0,0.0,0x65DFB648,3,2468,738,0.01171875,9.640625,2.8828125,0,0x14,0,0,0,1,0,1,0,0,0,1,,,,,,,,,,,,,,,,,,,,,,
783,10,FREECAM_3D,26.133333333333333,1012599,30902.069091796875,1346,41.07666015625,24.344725111441306,156,4.7607421875,1190,36.31591796875,0,0.0,0xF2845113,3,2468,717,0.01171875,9.640625,2.80078125,0,0x14,0,0,0,1,0,1,0,0,0,1,,,,,,,,,,,,,,,,,,,,,,
784,10,FREECAM_3D,26.166666666666668,1013951,30943.328857421875,1352,41.259765625,24.236686390532544,156,4.7607421875,1195,36.468505859375,1,0.030517578125,0xCE7B014A,3,2468,696,0.01171875,9.640625,2.71875,0,0x14,0,0,0,1,0,1,0,0,0,1,,,,,,,,,,,,,,,,,,,,,,
785,10,FREECAM_3D,26.2,1015304,30984.619140625,1353,41.290283203125,24.218773096821877,155,4.730224609375,1198,36.56005859375,0,0.0,0x925B10E5,3,2468,675,0.01171875,9.640625,2.63671875,0,0x14,0,0,0,1,0,1,0,0,0,1,,,,,,,,,,,,,,,,,,,,,,
786,10,FREECAM_3D,26.233333333333334,1016662,31026.06201171875,1358,41.44287109375,24.12960235640648,156,4.7607421875,1201,36.651611328125,1,0.030517578125,0x5F5A5E4C,3,2468,654,0.01171875,9.640625,2.5546875,0,0x14,0,0,0,1,0,1,0,0,0,1,,,,,,,,,,,,,,,,,,,,,,
787,10,FREECAM_3D,26.266666666666666,1018019,31067.474365234375,1357,41.412353515625,24.14738393515107,156,4.7607421875,1201,36.651611328125,0,0.0,0x1EC68647,3,2468,633,0.01171875,9.640625,2.47265625,0,0x14,0,0,0,1,0,1,0,0,0,1,,,,,,,,,,,,,,,,,,,,,,
788,10,FREECAM_3D,26.3,1019366,31108.58154296875,1347,41.107177734375,24.326651818856718,155,4.730224609375,1191,36.346435546875,1,0.030517578125,0xA9D9C03E,3,2468,612,0.01171875,9.640625,2.390625,0,0x14,0,0,0,1,0,1,0,0,0,1,,,,,,,,,,,,,,,,,,,,,,
789,10,FREECAM_3D,26.333333333333332,1020708,31149.5361328125,1342,40.95458984375,24.417287630402384,156,4.7607421875,1186,36.19384765625,0,0.0,0x3A53DC19,3,2468,591,0.01171875,9.640625,2.30859375,0,0x14,0,0,0,1,0,1,0,0,0,1,,,,,,,,,,,,,,,,,,,,,,
790,10,FREECAM_3D,26.366666666666667,1022040,31190.185546875,1332,40.6494140625,24.6006006006006,156,4.7607421875,1175,35.858154296875,1,0.030517578125,0x460FB860,3,2468,570,0.01171875,9.640625,2.2265625,0,0x14,0,0,0,1,0,1,0,0,0,1,,,,,,,,,,,,,,,,,,,,,,
791,10,FREECAM_3D,26.4,1023370,31230.77392578125,1330,40.58837890625,24.637593984962407,156,4.7607421875,1174,35.82763671875,0,0.0,0xF378EFAB,3,2468,549,0.01171875,9.640625,2.14453125,0,0x14,0,0,0,1,0,1,0,0,0,1,,,,,,,,,,,,,,,,,,,,,,
792,10,FREECAM_3D,26.433333333333334,1024706,31271.54541015625,1336,40.771484375,24.526946107784433,156,4.7607421875,1179,35.980224609375,1,0.030517578125,0xE192D4A2,3,2468,528,0.01171875,9.640625,2.0625,0,0x14,0,0,0,1,0,1,0,0,0,1,,,,,,,,,,,,,,,,,,,,,,
793,10,FREECAM_3D,26.466666666666665,1026042,31312.31689453125,1336,40.771484375,24.526946107784433,155,4.730224609375,1181,36.041259765625,0,0.0,0xD0839570,3,2468,507,0.01171875,9.640625,1.98046875,0,0x14,0,0,0,1,0,1,0,0,0,1,,,,,,,,,,,,,,,,,,,,,,
794,10,FREECAM_3D,26.5,1027462,31355.65185546875,1420,43.3349609375,23.07605633802817,155,4.730224609375,1264,38.57421875,1,0.030517578125,0x0298A6A1,3,2468,486,0.01171875,9.640625,1.8984375,0,0x14,0,0,0,1,0,1,0,0,0,1,,,,,,,,,,,,,,,,,,,,,,
795,10,FREECAM_3D,26.533333333333335,1028883,31399.017333984375,1421,43.365478515625,23.05981703026038,155,4.730224609375,1266,38.63525390625,0,0.0,0x96F755AE,3,2468,465,0.01171875,9.640625,1.81640625,0,0x14,0,0,0,1,0,1,0,0,0,1,,,,,,,,,,,,,,,,,,,,,,
796,10,FREECAM_3D,26.566666666666666,1030300,31442.2607421875,1417,43.243408203125,23.124911785462245,155,4.730224609375,1262,38.51318359375,0,0.0,0x7B524AA7,3,2468,444,0.01171875,9.640625,1.734375,0,0x14,0,0,0,1,0,1,0,0,0,1,,,,,,,,,,,,,,,,,,,,,,
797,10,FREECAM_3D,26.6,1031821,31488.677978515625,1521,46.417236328125,21.54372123602893,155,4.730224609375,1366,41.68701171875,0,0.0,0xF7553ED4,3,2468,423,0.01171875,9.640625,1.65234375,0,0x14,0,0,0,1,0,1,0,0,0,1,,,,,,,,,,,,,,,,,,,,,,
798,10,FREECAM_3D,26.633333333333333,1033355,31535.491943359375,1534,46.81396484375,21.36114732724902,156,4.7607421875,1377,42.022705078125,1,0.030517578125,0xFF87F2E5,3,2468,402,0.01171875,9.640625,1.5703125,0,0x14,0,0,0,1,0,1,0,0,0,1,,,,,,,,,,,,,,,,,,,,,,
799,10,FREECAM_3D,26.666666666666668,1034853,31581.207275390625,1498,45.71533203125,21.874499332443257,156,4.7607421875,1342,40.95458984375,0,0.0,0x8649B8B2,3,2468,381,0.01171875,9.640625,1.48828125,0,0x14,0,0,0,1,0,1,0,0,0,1,,,,,,,,,,,,,,,,,,,,,,
800,10,FREECAM_3D,26.7,1036317,31625.885009765625,1464,44.677734375,22.382513661202186,156,4.7607421875,1307,39.886474609375,1,0.030517578125,0xC0FA100B,3,2468,360,0.01171875,9.640625,1.40625,0,0x14,0,0,0,1,0,1,0,0,0,1,,,,,,,,,,,,,,,,,,,,,,
801,10,FREECAM_3D,26.733333333333334,1037785,31670.684814453125,1468,44.7998046875,22.321525885558582,155,4.730224609375,1312,40.0390625,1,0.030517578125,0x95C89B68,3,2468,339,0.01171875,9.640625,1.32421875,0,0x14,0,0,0,1,0,1,0,0,0,1,,,,,,,,,,,,,,,,,,,,,,
802,10,FREECAM_3D,26.766666666666666,1039217,31714.385986328125,1432,43.701171875,22.88268156424581,156,4.7607421875,1275,38.909912109375,1,0.030517578125,0xE8578599,3,2468,318,0.01171875,9.640625,1.2421875,0,0x14,0,0,0,1,0,1,0,0,0,1,,,,,,,,,,,,,,,,,,,,,,
803,10,FREECAM_3D,26.8,1040680,31759.033203125,1463,44.647216796875,22.39781271360219,156,4.7607421875,1306,39.85595703125,1,0.030517578125,0x0F446DC6,3,2468,297,0.01171875,9.640625,1.16015625,0,0x14,0,0,0,1,0,1,0,0,0,1,,,,,,,,,,,,,,,,,,,,,,
804,10,FREECAM_3D,26.833333333333332,1042142,31803.64990234375,1462,44.61669921875,22.41313269493844,155,4.730224609375,1307,39.886474609375,0,0.0,0xEEE9D65F,3,2468,276,0.01171875,9.640625,1.078125,0,0x14,0,0,0,1,0,1,0,0,0,1,,,,,,,,,,,,,,,,,,,,,,
805,10,FREECAM_3D,26.866666666666667,1043669,31850.250244140625,1527,46.600341796875,21.459070072036674,156,4.7607421875,1370,41.80908203125,1,0.030517578125,0x52A5135F,3,2468,255,0.01171875,9.640625,0.99609375,0,0x14,0,0,0,1,0,1,0,0,0,1,,,,,,,,,,,,,,,,,,,,,,
806,10,FREECAM_3D,26.9,1045248,31898.4375,1579,48.187255859375,20.752374920835972,155,4.730224609375,1424,43.45703125,0,0.0,0x44FB15E2,3,2468,234,0.01171875,9.640625,0.9140625,0,0x14,0,0,0,1,0,1,0,0,0,1,,,,,,,,,,,,,,,,,,,,,,
807,10,FREECAM_3D,26.933333333333334,1046867,31947.845458984375,1619,49.407958984375,20.23965410747375,156,4.7607421875,1462,44.61669921875,1,0.030517578125,0xD485F245,3,2468,213,0.01171875,9.640625,0.83203125,0,0x14,0,0,0,1,0,1,0,0,0,1,,,,,,,,,,,,,,,,,,,,,,
808,10,FREECAM_3D,26.966666666666665,1048518,31998.22998046875,1651,50.384521484375,19.847365233192004,155,4.730224609375,1496,45.654296875,0,0.0,0x4D5E4FC0,3,2468,192,0.01171875,9.640625,0.75,0,0x14,0,0,0,1,0,1,0,0,0,1,,,,,,,,,,,,,,,,,,,,,,
809,10,FREECAM_3D,27.0,1050183,32049.041748046875,1665,50.811767578125,19.68048048048048,156,4.7607421875,1508,46.0205078125,1,0.030517578125,0xE2A33C23,3,2468,171,0.01171875,9.640625,0.66796875,0,0x14,0,0,0,1,0,1,0,0,0,1,,,,,,,,,,,,,,,,,,,,,,
810,10,FREECAM_3D,27.033333333333335,1051823,32099.090576171875,1640,50.048828125,19.98048780487805,155,4.730224609375,1484,45.2880859375,1,0.030517578125,0x03B947B6,3,2468,150,0.01171875,9.640625,0.5859375,0,0x14,0,0,0,1,0,1,0,0,0,1,,,,,,,,,,,,,,,,,,,,,,
811,10,FREECAM_3D,27.066666666666666,1053476,32149.5361328125,1653,50.445556640625,19.82335148215366,156,4.7607421875,1497,45.684814453125,0,0.0,0x4C12C299,3,2468,129,0.01171875,9.640625,0.50390625,0,0x14,0,0,0,1,0,1,0,0,0,1,,,,,,,,,,,,,,,,,,,,,,
812,10,FREECAM_3D,27.1,1055116,32199.5849609375,1640,50.048828125,19.98048780487805,156,4.7607421875,1483,45.257568359375,1,0.030517578125,0x263CFA04,3,2468,108,0.01171875,9.640625,0.421875,0,0x14,0,0,0,1,0,1,0,0,0,1,,,,,,,,,,,,,,,,,,,,,,
813,10,FREECAM_3D,27.133333333333333,1056764,32249.8779296875,1648,50.29296875,19.883495145631066,155,4.730224609375,1493,45.562744140625,0,0.0,0x5FEC65D7,3,2468,87,0.01171875,9.640625,0.33984375,0,0x14,0,0,0,1,0,1,0,0,0,1,,,,,,,,,,,,,,,,,,,,,,
814,10,FREECAM_3D,27.166666666666668,1058434,32300.84228515625,1670,50.96435546875,19.621556886227545,156,4.7607421875,1514,46.20361328125,0,0.0,0x4C6FF3FA,3,2468,66,0.01171875,9.640625,0.2578125,0,0x14,0,0,0,1,0,1,0,0,0,1,,,,,,,,,,,,,,,,,,,,,,
815,10,FREECAM_3D,27.2,1060059,32350.433349609375,1625,49.591064453125,20.164923076923078,156,4.7607421875,1468,44.7998046875,1,0.030517578125,0x15EA0094,3,2468,64,0.01171875,9.640625,0.25,0,0x14,0,0,0,1,0,1,0,0,0,1,,,,,,,,,,,,,,,,,,,,,,
816,10,FREECAM_3D,27.233333333333334,1061619,32398.040771484375,1560,47.607421875,21.005128205128205,156,4.7607421875,1403,42.816162109375,1,0.030517578125,0x15EA0094,3,2468,64,0.01171875,9.640625,0.25,0,0x10,0,0,0,0,0,1,0,0,0,1,,,,,,,,,,,,,,,,,,,,,,
817,10,FREECAM_3D,27.266666666666666,1063168,32445.3125,1549,47.271728515625,21.154293092317623,156,4.7607421875,1393,42.510986328125,0,0.0,0x15EA0094,3,2468,64,0.01171875,9.640625,0.25,0,0x10,0,0,0,0,0,1,0,0,0,1,,,,,,,,,,,,,,,,,,,,,,
818,10,FREECAM_3D,27.3,1064717,32492.584228515625,1549,47.271728515625,21.154293092317623,157,4.791259765625,1392,42.48046875,0,0.0,0x15EA0094,3,2468,64,0.01171875,9.640625,0.25,0,0x10,0,0,0,0,0,1,0,0,0,1,,,,,,,,,,,,,,,,,,,,,,
819,10,FREECAM_3D,27.333333333333332,1066267,32539.886474609375,1550,47.30224609375,21.140645161290323,157,4.791259765625,1392,42.48046875,1,0.030517578125,0x15EA0094,3,2468,64,0.01171875,9.640625,0.25,0,0x10,0,0,0,0,0,1,0,0,0,1,,,,,,,,,,,,,,,,,,,,,,
820,10,FREECAM_3D,27.366666666666667,1067816,32587.158203125,1549,47.271728515625,21.154293092317623,157,4.791259765625,1392,42.48046875,0,0.0,0x15EA0094,3,2468,64,0.01171875,9.640625,0.25,0,0x10,0,0,0,0,0,1,0,0,0,1,,,,,,,,,,,,,,,,,,,,,,
821,10,FREECAM_3D,27.4,1069366,32634.46044921875,1550,47.30224609375,21.140645161290323,157,4.791259765625,1392,42.48046875,1,0.030517578125,0x15EA0094,3,2468,64,0.01171875,9.640625,0.25,0,0x10,0,0,0,0,0,1,0,0,0,1,,,,,,,,,,,,,,,,,,,,,,
822,10,FREECAM_3D,27.433333333333334,1070915,32681.732177734375,1549,47.271728515625,21.154293092317623,156,4.7607421875,1393,42.510986328125,0,0.0,0x15EA0094,3,2468,64,0.01171875,9.640625,0.25,0,0x10,0,0,0,0,0,1,0,0,0,1,,,,,,,,,,,,,,,,,,,,,,
823,10,FREECAM_3D,27.466666666666665,1072464,32729.00390625,1549,47.271728515625,21.154293092317623,157,4.791259765625,1392,42.48046875,0,0.0,0x15EA0094,3,2468,64,0.01171875,9.640625,0.25,0,0x10,0,0,0,0,0,1,0,0,0,1,,,,,,,,,,,,,,,,,,,,,,
824,10,FREECAM_3D,27.5,1074014,32776.30615234375,1550,47.30224609375,21.140645161290323,157,4.791259765625,1392,42.48046875,1,0.030517578125,0x15EA0094,3,2468,64,0.01171875,9.640625,0.25,0,0x10,0,0,0,0,0,1,0,0,0,1,,,,,,,,,,,,,,,,,,,,,,
825,10,FREECAM_3D,27.533333333333335,1075563,32823.577880859375,1549,47.271728515625,21.154293092317623,157,4.791259765625,1392,42.48046875,0,0.0,0x15EA0094,3,2468,64,0.01171875,9.640625,0.25,0,0x10,0,0,0,0,0,1,0,0,0,1,,,,,,,,,,,,,,,,,,,,,,
826,10,FREECAM_3D,27.566666666666666,1077113,32870.880126953125,1550,47.30224609375,21.140645161290323,157,4.791259765625,1392,42.48046875,1,0.030517578125,0x15EA0094,3,2468,64,0.01171875,9.640625,0.25,0,0x10,0,0,0,0,0,1,0,0,0,1,,,,,,,,,,,,,,,,,,,,,,
827,10,FREECAM_3D,27.6,1078662,32918.15185546875,1549,47.271728515625,21.154293092317623,156,4.7607421875,1393,42.510986328125,0,0.0,0x15EA0094,3,2468,64,0.01171875,9.640625,0.25,0,0x10,0,0,0,0,0,1,0,0,0,1,,,,,,,,,,,,,,,,,,,,,,
828,10,FREECAM_3D,27.633333333333333,1080211,32965.423583984375,1549,47.271728515625,21.154293092317623,157,4.791259765625,1392,42.48046875,0,0.0,0x15EA0094,3,2468,64,0.01171875,9.640625,0.25,0,0x10,0,0,0,0,0,1,0,0,0,1,,,,,,,,,,,,,,,,,,,,,,
829,10,FREECAM_3D,27.666666666666668,1081761,33012.725830078125,1550,47.30224609375,21.140645161290323,157,4.791259765625,1392,42.48046875,1,0.030517578125,0x15EA0094,3,2468,64,0.01171875,9.640625,0.25,0,0x10,0,0,0,0,0,1,0,0,0,1,,,,,,,,,,,,,,,,,,,,,,
830,10,FREECAM_3D,27.7,1083495,33065.643310546875,1734,52.91748046875,18.897347174163784,163,4.974365234375,1571,47.943115234375,0,0.0,0x52BD6CDC,15,2454,74,0.05859375,9.5859375,0.2890625,0,0x14,0,0,0,1,0,1,1,1,0,0,,,,,,,,,,,,,,,,,,,,,,
831,10,FREECAM_3D,27.733333333333334,1085269,33119.781494140625,1774,54.13818359375,18.471251409244644,162,4.94384765625,1612,49.1943359375,0,0.0,0xD74FF083,28,2441,84,0.109375,9.53515625,0.328125,0,0x14,0,0,0,1,0,1,1,1,0,0,,,,,,,,,,,,,,,,,,,,,,
832,10,FREECAM_3D,27.766666666666666,1086936,33170.654296875,1667,50.872802734375,19.656868626274743,162,4.94384765625,1504,45.8984375,1,0.030517578125,0x67B4D90A,42,2429,94,0.1640625,9.48828125,0.3671875,0,0x14,0,0,0,1,0,1,1,1,0,0,,,,,,,,,,,,,,,,,,,,,,
833,10,FREECAM_3D,27.8,1088628,33222.2900390625,1692,51.6357421875,19.36643026004728,162,4.94384765625,1530,46.69189453125,0,0.0,0x61F2FB2B,57,2418,104,0.22265625,9.4453125,0.40625,0,0x14,0,0,0,1,0,1,1,1,0,0,,,,,,,,,,,,,,,,,,,,,,
834,10,FREECAM_3D,27.833333333333332,1090371,33275.482177734375,1743,53.192138671875,18.799770510613882,164,5.0048828125,1579,48.187255859375,0,0.0,0x40E7F905,72,2408,114,0.28125,9.40625,0.4453125,0,0x14,0,0,0,1,0,1,1,1,0,0,,,,,,,,,,,,,,,,,,,,,,
835,10,FREECAM_3D,27.866666666666667,1092086,33327.81982421875,1715,52.337646484375,19.1067055393586,164,5.0048828125,1550,47.30224609375,1,0.030517578125,0x8313C4A5,88,2400,124,0.34375,9.375,0.484375,0,0x14,0,0,0,1,0,1,1,1,0,0,,,,,,,,,,,,,,,,,,,,,,
836,10,FREECAM_3D,27.9,1093939,33384.368896484375,1853,56.549072265625,17.683756071235834,163,4.974365234375,1690,51.57470703125,0,0.0,0x24D43927,105,2393,134,0.41015625,9.34765625,0.5234375,0,0x14,0,0,0,1,0,1,1,1,0,0,,,,,,,,,,,,,,,,,,,,,,
837,10,FREECAM_3D,27.933333333333334,1095570,33434.14306640625,1631,49.774169921875,20.0907418761496,164,5.0048828125,1467,44.769287109375,0,0.0,0xA292C121,122,2387,144,0.4765625,9.32421875,0.5625,0,0x14,0,0,0,1,0,1,1,1,0,0,,,,,,,,,,,,,,,,,,,,,,
838,10,FREECAM_3D,27.966666666666665,1097267,33485.931396484375,1697,51.788330078125,19.30936947554508,163,4.974365234375,1533,46.783447265625,1,0.030517578125,0xFEB3DA71,140,2382,154,0.546875,9.3046875,0.6015625,0,0x14,0,0,0,1,0,1,1,1,0,0,,,,,,,,,,,,,,,,,,,,,,
839,10,FREECAM_3D,28.0,1099018,33539.36767578125,1751,53.436279296875,18.71387778412336,164,5.0048828125,1586,48.40087890625,1,0.030517578125,0x9F314D1C,158,2379,164,0.6171875,9.29296875,0.640625,0,0x14,0,0,0,1,0,1,1,1,0,0,,,,,,,,,,,,,,,,,,,,,,
840,10,FREECAM_3D,28.033333333333335,1100785,33593.292236328125,1767,53.924560546875,18.54442558007923,163,4.974365234375,1604,48.9501953125,0,0.0,0x5F9A1335,176,2377,174,0.6875,9.28515625,0.6796875,0,0x14,0,0,0,1,0,1,1,1,0,0,,,,,,,,,,,,,,,,,,,,,,
841,10,FREECAM_3D,28.066666666666666,1102525,33646.392822265625,1740,53.1005859375,18.832183908045977,164,5.0048828125,1576,48.095703125,0,0.0,0x191BEFC4,194,2376,184,0.7578125,9.28125,0.71875,0,0x14,0,0,0,1,0,1,1,1,0,0,,,,,,,,,,,,,,,,,,,,,,
842,10,FREECAM_3D,28.1,1104074,33693.66455078125,1549,47.271728515625,21.154293092317623,163,4.974365234375,1386,42.29736328125,0,0.0,0xF81F3FA2,212,2376,194,0.828125,9.28125,0.7578125,0,0x14,0,0,0,1,0,1,1,1,0,0,,,,,,,,,,,,,,,,,,,,,,
843,10,FREECAM_3D,28.133333333333333,1105555,33738.861083984375,1481,45.196533203125,22.12559081701553,164,5.0048828125,1316,40.1611328125,1,0.030517578125,0x6A0A22B9,230,2377,204,0.8984375,9.28515625,0.796875,0,0x14,0,0,0,1,0,1,1,1,0,0,,,,,,,,,,,,,,,,,,,,,,
844,10,FREECAM_3D,28.166666666666668,1106969,33782.012939453125,1414,43.15185546875,23.173974540311175,164,5.0048828125,1249,38.116455078125,1,0.030517578125,0xF257D097,248,2380,214,0.96875,9.296875,0.8359375,0,0x14,0,0,0,1,0,1,1,1,0,0,,,,,,,,,,,,,,,,,,,,,,
845,10,FREECAM_3D,28.2,1108490,33828.43017578125,1521,46.417236328125,21.54372123602893,164,5.0048828125,1357,41.412353515625,0,0.0,0x65803F82,266,2384,224,1.0390625,9.3125,0.875,0,0x14,0,0,0,1,0,1,1,1,0,0,,,,,,,,,,,,,,,,,,,,,,
846,10,FREECAM_3D,28.233333333333334,1110050,33876.03759765625,1560,47.607421875,21.005128205128205,164,5.0048828125,1395,42.572021484375,1,0.030517578125,0x67365819,283,2389,234,1.10546875,9.33203125,0.9140625,0,0x14,0,0,0,1,0,1,1,1,0,0,,,,,,,,,,,,,,,,,,,,,,
847,10,FREECAM_3D,28.266666666666666,1111525,33921.051025390625,1475,45.013427734375,22.215593220338985,164,5.0048828125,1310,39.97802734375,1,0.030517578125,0x104A20FB,300,2396,244,1.171875,9.359375,0.953125,0,0x14,0,0,0,1,0,1,1,1,0,0,,,,,,,,,,,,,,,,,,,,,,
848,10,FREECAM_3D,28.3,1113074,33968.32275390625,1549,47.271728515625,21.154293092317623,164,5.0048828125,1384,42.236328125,1,0.030517578125,0x6665B920,316,2404,254,1.234375,9.390625,0.9921875,0,0x14,0,0,0,1,0,1,1,1,0,0,,,,,,,,,,,,,,,,,,,,,,
849,10,FREECAM_3D,28.333333333333332,1114571,34014.007568359375,1497,45.684814453125,21.889111556446228,164,5.0048828125,1332,40.6494140625,1,0.030517578125,0x3F6F3346,332,2413,264,1.296875,9.42578125,1.03125,0,0x14,0,0,0,1,0,1,1,1,0,0,,,,,,,,,,,,,,,,,,,,,,
850,10,FREECAM_3D,28.366666666666667,1115993,34057.403564453125,1422,43.39599609375,23.043600562587905,163,4.974365234375,1259,38.421630859375,0,0.0,0xAEF07C4C,347,2423,274,1.35546875,9.46484375,1.0703125,0,0x14,0,0,0,1,0,1,1,1,0,0,,,,,,,,,,,,,,,,,,,,,,
851,10,FREECAM_3D,28.4,1117368,34099.365234375,1375,41.961669921875,23.831272727272726,163,4.974365234375,1212,36.9873046875,0,0.0,0x61E64260,361,2434,284,1.41015625,9.5078125,1.109375,0,0x14,0,0,0,1,0,1,1,1,0,0,,,,,,,,,,,,,,,,,,,,,,
852,10,FREECAM_3D,28.433333333333334,1118731,34140.960693359375,1363,41.595458984375,24.041085840058695,163,4.974365234375,1199,36.590576171875,1,0.030517578125,0xC82711CF,374,2447,294,1.4609375,9.55859375,1.1484375,0,0x14,0,0,0,1,0,1,1,1,0,0,,,,,,,,,,,,,,,,,,,,,,
853,10,FREECAM_3D,28.466666666666665,1119998,34179.62646484375,1267,38.665771484375,25.86266771902131,163,4.974365234375,1104,33.69140625,0,0.0,0xB2A40B9D,386,2460,304,1.5078125,9.609375,1.1875,0,0x1C,0,0,0,1,1,1,1,1,0,0,,,,,,,,,,,,,,,,,,,,,,
