frame_index,section_id,section_name,simulation_time_seconds,measured_elapsed_ticks,measured_elapsed_ms,total_ticks,total_ms,instantaneous_fps,update_ticks,update_ms,render_ticks,render_ms,swap_ticks,swap_ms,state_hash,position_x_raw,position_y_raw,position_z_raw,position_x,position_y,position_z,room,flags,detailed,excluded_from_clean_stats,crossed_portal,changed,section_end,freecam,move_axis,turn_axis,look_axis,buttons_active,detail_corrected_total_ms,admin_corrected_ms,setup_corrected_ms,root_geometry_corrected_ms,root_fill_corrected_ms,portal_setup_corrected_ms,portal_geometry_corrected_ms,portal_fill_corrected_ms,wait_corrected_ms,present_corrected_ms,overlay_corrected_ms,transformed_vertices,projected_points,rasterized_polygons,raster_rows,filled_spans,filled_pixels,portal_composite_pixels,portal_clip_pixels,full_portal_views,lod_portal_views,edge_division_fallbacks
0,1,OPEN_YAW,0.03333333333333333,1480,45.166015625,1480,45.166015625,22.14054054054054,27,0.823974609375,1453,44.342041015625,0,0.0,0x5E9768D3,0,512,384,0.0,2.0,1.5,0,0x04,0,0,0,1,0,0,0,1,0,0,,,,,,,,,,,,,,,,,,,,,,
1,1,OPEN_YAW,0.06666666666666667,2980,90.9423828125,1500,45.7763671875,21.845333333333333,26,0.79345703125,1473,44.952392578125,1,0.030517578125,0x8B3821D2,0,512,384,0.0,2.0,1.5,0,0x06,1,1,0,1,0,0,0,1,0,0,44.891357421875,0.030517578125,0.091552734375,19.744873046875,4.33349609375,1.251220703125,4.058837890625,1.739501953125,0.0,13.0615234375,0.579833984375,0,0,0,0,0,0,0,0,0,0,0
2,1,OPEN_YAW,0.1,4360,133.056640625,1380,42.1142578125,23.744927536231884,27,0.823974609375,1353,41.290283203125,0,0.0,0x58A773FF,0,512,384,0.0,2.0,1.5,0,0x04,0,0,0,1,0,0,0,1,0,0,,,,,,,,,,,,,,,,,,,,,,
3,1,OPEN_YAW,0.13333333333333333,5753,175.567626953125,1393,42.510986328125,23.52333094041637,26,0.79345703125,1367,41.717529296875,0,0.0,0xAED9429C,0,512,384,0.0,2.0,1.5,0,0x04,0,0,0,1,0,0,0,1,0,0,,,,,,,,,,,,,,,,,,,,,,
4,1,OPEN_YAW,0.16666666666666666,7193,219.512939453125,1440,43.9453125,22.755555555555556,26,0.79345703125,1413,43.121337890625,1,0.030517578125,0x45E0B719,0,512,384,0.0,2.0,1.5,0,0x04,0,0,0,1,0,0,0,1,0,0,,,,,,,,,,,,,,,,,,,,,,
5,1,OPEN_YAW,0.2,8642,263.73291015625,1449,44.219970703125,22.614216701173223,27,0.823974609375,1421,43.365478515625,1,0.030517578125,0x1A9A2DD0,0,512,384,0.0,2.0,1.5,0,0x04,0,0,0,1,0,0,0,1,0,0,,,,,,,,,,,,,,,,,,,,,,
6,1,OPEN_YAW,0.23333333333333334,10108,308.4716796875,1466,44.73876953125,22.351978171896317,27,0.823974609375,1439,43.914794921875,0,0.0,0xF0C60EB7,0,512,384,0.0,2.0,1.5,0,0x04,0,0,0,1,0,0,0,1,0,0,,,,,,,,,,,,,,,,,,,,,,
7,1,OPEN_YAW,0.26666666666666666,11571,353.118896484375,1463,44.647216796875,22.39781271360219,26,0.79345703125,1437,43.853759765625,0,0.0,0xD27F4708,0,512,384,0.0,2.0,1.5,0,0x04,0,0,0,1,0,0,0,1,0,0,,,,,,,,,,,,,,,,,,,,,,
8,1,OPEN_YAW,0.3,13038,397.88818359375,1467,44.769287109375,22.336741649625086,26,0.79345703125,1440,43.9453125,1,0.030517578125,0x94A84683,0,512,384,0.0,2.0,1.5,0,0x04,0,0,0,1,0,0,0,1,0,0,,,,,,,,,,,,,,,,,,,,,,
9,1,OPEN_YAW,0.3333333333333333,14499,442.474365234375,1461,44.586181640625,22.428473648186174,27,0.823974609375,1433,43.731689453125,1,0.030517578125,0x1F45C49E,0,512,384,0.0,2.0,1.5,0,0x04,0,0,0,1,0,0,0,1,0,0,,,,,,,,,,,,,,,,,,,,,,
10,1,OPEN_YAW,0.36666666666666664,15943,486.541748046875,1444,44.0673828125,22.69252077562327,27,0.823974609375,1416,43.212890625,1,0.030517578125,0x6E85EBC5,0,512,384,0.0,2.0,1.5,0,0x04,0,0,0,1,0,0,0,1,0,0,,,,,,,,,,,,,,,,,,,,,,
11,1,OPEN_YAW,0.4,17011,519.134521484375,1068,32.5927734375,30.681647940074907,27,0.823974609375,1041,31.768798828125,0,0.0,0x70470C18,0,512,384,0.0,2.0,1.5,0,0x04,0,0,0,1,0,0,0,1,0,0,,,,,,,,,,,,,,,,,,,,,,
12,1,OPEN_YAW,0.43333333333333335,18078,551.69677734375,1067,32.562255859375,30.710402999062794,26,0.79345703125,1040,31.73828125,1,0.030517578125,0xE47DEAEF,0,512,384,0.0,2.0,1.5,0,0x04,0,0,0,1,0,0,0,1,0,0,,,,,,,,,,,,,,,,,,,,,,
13,1,OPEN_YAW,0.4666666666666667,19146,584.28955078125,1068,32.5927734375,30.681647940074907,27,0.823974609375,1040,31.73828125,1,0.030517578125,0x44510D1A,0,512,384,0.0,2.0,1.5,0,0x04,0,0,0,1,0,0,0,1,0,0,,,,,,,,,,,,,,,,,,,,,,
14,1,OPEN_YAW,0.5,20188,616.0888671875,1042,31.79931640625,31.44721689059501,27,0.823974609375,1014,30.94482421875,1,0.030517578125,0x57F83B3D,0,512,384,0.0,2.0,1.5,0,0x04,0,0,0,1,0,0,0,1,0,0,,,,,,,,,,,,,,,,,,,,,,
15,1,OPEN_YAW,0.5333333333333333,21069,642.974853515625,881,26.885986328125,37.19409761634506,27,0.823974609375,854,26.06201171875,0,0.0,0xFC68B016,0,512,384,0.0,2.0,1.5,0,0x04,0,0,0,1,0,0,0,1,0,0,,,,,,,,,,,,,,,,,,,,,,
16,1,OPEN_YAW,0.5666666666666667,21938,669.49462890625,869,26.519775390625,37.70771001150748,26,0.79345703125,843,25.726318359375,0,0.0,0xA5F2BEEB,0,512,384,0.0,2.0,1.5,0,0x04,0,0,0,1,0,0,0,1,0,0,,,,,,,,,,,,,,,,,,,,,,
17,1,OPEN_YAW,0.6,22783,695.281982421875,845,25.787353515625,38.77869822485207,26,0.79345703125,819,24.993896484375,0,0.0,0xC813CCF6,0,512,384,0.0,2.0,1.5,0,0x04,0,0,0,1,0,0,0,1,0,0,,,,,,,,,,,,,,,,,,,,,,
18,1,OPEN_YAW,0.6333333333333333,23745,724.639892578125,962,29.35791015625,34.062370062370064,26,0.79345703125,935,28.533935546875,1,0.030517578125,0xFA8FA93F,0,512,384,0.0,2.0,1.5,0,0x04,0,0,0,1,0,0,0,1,0,0,,,,,,,,,,,,,,,,,,,,,,
19,1,OPEN_YAW,0.6666666666666666,24704,753.90625,959,29.266357421875,34.1689259645464,27,0.823974609375,932,28.4423828125,0,0.0,0xFC0E3B5E,0,512,384,0.0,2.0,1.5,0,0x04,0,0,0,1,0,0,0,1,0,0,,,,,,,,,,,,,,,,,,,,,,
20,1,OPEN_YAW,0.7,25659,783.050537109375,955,29.144287109375,34.31204188481676,27,0.823974609375,928,28.3203125,0,0.0,0xAC3150F9,0,512,384,0.0,2.0,1.5,0,0x04,0,0,0,1,0,0,0,1,0,0,,,,,,,,,,,,,,,,,,,,,,
21,1,OPEN_YAW,0.7333333333333333,26618,812.31689453125,959,29.266357421875,34.1689259645464,26,0.79345703125,932,28.4423828125,1,0.030517578125,0xCB25181A,0,512,384,0.0,2.0,1.5,0,0x04,0,0,0,1,0,0,0,1,0,0,,,,,,,,,,,,,,,,,,,,,,
22,1,OPEN_YAW,0.7666666666666667,27583,841.766357421875,965,29.449462890625,33.95647668393782,27,0.823974609375,938,28.62548828125,0,0.0,0x48C590F3,0,512,384,0.0,2.0,1.5,0,0x04,0,0,0,1,0,0,0,1,0,0,,,,,,,,,,,,,,,,,,,,,,
23,1,OPEN_YAW,0.8,28548,871.2158203125,965,29.449462890625,33.95647668393782,26,0.79345703125,939,28.656005859375,0,0.0,0xF1FADB42,0,512,384,0.0,2.0,1.5,0,0x04,0,0,0,1,0,0,0,1,0,0,,,,,,,,,,,,,,,,,,,,,,
24,1,OPEN_YAW,0.8333333333333334,29515,900.726318359375,967,29.510498046875,33.88624612202689,26,0.79345703125,941,28.717041015625,0,0.0,0x09DBF567,0,512,384,0.0,2.0,1.5,0,0x04,0,0,0,1,0,0,0,1,0,0,,,,,,,,,,,,,,,,,,,,,,
25,1,OPEN_YAW,0.8666666666666667,30484,930.2978515625,969,29.571533203125,33.81630546955624,26,0.79345703125,942,28.74755859375,1,0.030517578125,0x727A5D9C,0,512,384,0.0,2.0,1.5,0,0x04,0,0,0,1,0,0,0,1,0,0,,,,,,,,,,,,,,,,,,,,,,
26,1,OPEN_YAW,0.9,31454,959.89990234375,970,29.60205078125,33.78144329896907,27,0.823974609375,942,28.74755859375,1,0.030517578125,0x6BDB5333,0,512,384,0.0,2.0,1.5,0,0x04,0,0,0,1,0,0,0,1,0,0,,,,,,,,,,,,,,,,,,,,,,
27,1,OPEN_YAW,0.9333333333333333,32405,988.922119140625,951,29.022216796875,34.456361724500525,27,0.823974609375,923,28.167724609375,1,0.030517578125,0x5AD6DB54,0,512,384,0.0,2.0,1.5,0,0x04,0,0,0,1,0,0,0,1,0,0,,,,,,,,,,,,,,,,,,,,,,
28,1,OPEN_YAW,0.9666666666666667,33355,1017.913818359375,950,28.99169921875,34.49263157894737,27,0.823974609375,923,28.167724609375,0,0.0,0xE5D4D0F1,0,512,384,0.0,2.0,1.5,0,0x04,0,0,0,1,0,0,0,1,0,0,,,,,,,,,,,,,,,,,,,,,,
29,1,OPEN_YAW,1.0,34306,1046.93603515625,951,29.022216796875,34.456361724500525,26,0.79345703125,924,28.1982421875,1,0.030517578125,0x160A0806,0,512,384,0.0,2.0,1.5,0,0x04,0,0,0,1,0,0,0,1,0,0,,,,,,,,,,,,,,,,,,,,,,
30,1,OPEN_YAW,1.0333333333333334,35256,1075.927734375,950,28.99169921875,34.49263157894737,27,0.823974609375,922,28.13720703125,1,0.030517578125,0x779CD11B,0,512,384,0.0,2.0,1.5,0,0x04,0,0,0,1,0,0,0,1,0,0,,,,,,,,,,,,,,,,,,,,,,
31,1,OPEN_YAW,1.0666666666666667,36205,1104.888916015625,949,28.961181640625,34.52897787144362,27,0.823974609375,921,28.106689453125,1,0.030517578125,0xFB682E46,0,512,384,0.0,2.0,1.5,0,0x04,0,0,0,1,0,0,0,1,0,0,,,,,,,,,,,,,,,,,,,,,,
32,1,OPEN_YAW,1.1,37154,1133.85009765625,949,28.961181640625,34.52897787144362,27,0.823974609375,921,28.106689453125,1,0.030517578125,0xAB4F68AF,0,512,384,0.0,2.0,1.5,0,0x04,0,0,0,1,0,0,0,1,0,0,,,,,,,,,,,,,,,,,,,,,,
33,1,OPEN_YAW,1.1333333333333333,38101,1162.750244140625,947,28.900146484375,34.601900739176344,27,0.823974609375,919,28.045654296875,1,0.030517578125,0x0191D5F6,0,512,384,0.0,2.0,1.5,0,0x04,0,0,0,1,0,0,0,1,0,0,,,,,,,,,,,,,,,,,,,,,,
34,1,OPEN_YAW,1.1666666666666667,39048,1191.650390625,947,28.900146484375,34.601900739176344,27,0.823974609375,919,28.045654296875,1,0.030517578125,0x47E40981,0,512,384,0.0,2.0,1.5,0,0x04,0,0,0,1,0,0,0,1,0,0,,,,,,,,,,,,,,,,,,,,,,
35,1,OPEN_YAW,1.2,39991,1220.428466796875,943,28.778076171875,34.748674443266175,27,0.823974609375,916,27.9541015625,0,0.0,0x58D899FA,0,512,384,0.0,2.0,1.5,0,0x04,0,0,0,1,0,0,0,1,0,0,,,,,,,,,,,,,,,,,,,,,,
36,1,OPEN_YAW,1.2333333333333334,40828,1245.9716796875,837,25.543212890625,39.14934289127837,26,0.79345703125,811,24.749755859375,0,0.0,0x82178F31,0,512,384,0.0,2.0,1.5,0,0x04,0,0,0,1,0,0,0,1,0,0,,,,,,,,,,,,,,,,,,,,,,
37,1,OPEN_YAW,1.2666666666666666,41662,1271.42333984375,834,25.45166015625,39.29016786570743,26,0.79345703125,807,24.627685546875,1,0.030517578125,0x47A89276,0,512,384,0.0,2.0,1.5,0,0x04,0,0,0,1,0,0,0,1,0,0,,,,,,,,,,,,,,,,,,,,,,
38,1,OPEN_YAW,1.3,42488,1296.630859375,826,25.20751953125,39.67070217917676,27,0.823974609375,798,24.35302734375,1,0.030517578125,0x9B4B1FEF,0,512,384,0.0,2.0,1.5,0,0x04,0,0,0,1,0,0,0,1,0,0,,,,,,,,,,,,,,,,,,,,,,
39,1,OPEN_YAW,1.3333333333333333,43311,1321.746826171875,823,25.115966796875,39.81530984204131,27,0.823974609375,795,24.261474609375,1,0.030517578125,0x2EA80794,0,512,384,0.0,2.0,1.5,0,0x04,0,0,0,1,0,0,0,1,0,0,,,,,,,,,,,,,,,,,,,,,,
40,1,OPEN_YAW,1.3666666666666667,44114,1346.25244140625,803,24.505615234375,40.80697384806974,27,0.823974609375,775,23.651123046875,1,0.030517578125,0x9320BBD7,0,512,384,0.0,2.0,1.5,0,0x04,0,0,0,1,0,0,0,1,0,0,,,,,,,,,,,,,,,,,,,,,,
41,1,OPEN_YAW,1.4,44916,1370.7275390625,802,24.47509765625,40.85785536159601,27,0.823974609375,775,23.651123046875,0,0.0,0xF1D64FEB,0,512,384,0.0,2.0,1.5,0,0x04,0,0,0,1,0,0,0,1,0,0,,,,,,,,,,,,,,,,,,,,,,
42,1,OPEN_YAW,1.4333333333333333,45717,1395.172119140625,801,24.444580078125,40.908863920099876,27,0.823974609375,774,23.62060546875,0,0.0,0x313FD664,0,512,384,0.0,2.0,1.5,0,0x04,0,0,0,1,0,0,0,1,0,0,,,,,,,,,,,,,,,,,,,,,,
43,1,OPEN_YAW,1.4666666666666666,46518,1419.61669921875,801,24.444580078125,40.908863920099876,26,0.79345703125,775,23.651123046875,0,0.0,0xD37C3B3A,0,512,384,0.0,2.0,1.5,0,0x04,0,0,0,1,0,0,0,1,0,0,,,,,,,,,,,,,,,,,,,,,,
44,1,OPEN_YAW,1.5,47321,1444.122314453125,803,24.505615234375,40.80697384806974,27,0.823974609375,776,23.681640625,0,0.0,0xC85E6E2D,0,512,384,0.0,2.0,1.5,0,0x04,0,0,0,1,0,0,0,1,0,0,,,,,,,,,,,,,,,,,,,,,,
45,1,OPEN_YAW,1.5333333333333334,48143,1469.207763671875,822,25.08544921875,39.86374695863747,26,0.79345703125,796,24.2919921875,0,0.0,0x241E983A,0,512,384,0.0,2.0,1.5,0,0x04,0,0,0,1,0,0,0,1,0,0,,,,,,,,,,,,,,,,,,,,,,
46,1,OPEN_YAW,1.5666666666666667,48975,1494.598388671875,832,25.390625,39.38461538461539,26,0.79345703125,806,24.59716796875,0,0.0,0x26D8A8C7,0,512,384,0.0,2.0,1.5,0,0x04,0,0,0,1,0,0,0,1,0,0,,,,,,,,,,,,,,,,,,,,,,
47,1,OPEN_YAW,1.6,49810,1520.08056640625,835,25.482177734375,39.24311377245509,26,0.79345703125,809,24.688720703125,0,0.0,0x57BE9584,0,512,384,0.0,2.0,1.5,0,0x04,0,0,0,1,0,0,0,1,0,0,,,,,,,,,,,,,,,,,,,,,,
48,1,OPEN_YAW,1.6333333333333333,50750,1548.76708984375,940,28.6865234375,34.85957446808511,26,0.79345703125,913,27.862548828125,1,0.030517578125,0x8ED5AA07,0,512,384,0.0,2.0,1.5,0,0x04,0,0,0,1,0,0,0,1,0,0,,,,,,,,,,,,,,,,,,,,,,
49,1,OPEN_YAW,1.6666666666666667,51694,1577.57568359375,944,28.80859375,34.71186440677966,27,0.823974609375,916,27.9541015625,1,0.030517578125,0x4BBB54B2,0,512,384,0.0,2.0,1.5,0,0x04,0,0,0,1,0,0,0,1,0,0,,,,,,,,,,,,,,,,,,,,,,
50,1,OPEN_YAW,1.7,52639,1606.414794921875,945,28.839111328125,34.67513227513228,27,0.823974609375,918,28.01513671875,0,0.0,0x48512005,0,512,384,0.0,2.0,1.5,0,0x04,0,0,0,1,0,0,0,1,0,0,,,,,,,,,,,,,,,,,,,,,,
51,1,OPEN_YAW,1.7333333333333334,53585,1635.284423828125,946,28.86962890625,34.6384778012685,26,0.79345703125,920,28.076171875,0,0.0,0xE2849AE4,0,512,384,0.0,2.0,1.5,0,0x04,0,0,0,1,0,0,0,1,0,0,,,,,,,,,,,,,,,,,,,,,,
52,1,OPEN_YAW,1.7666666666666666,54533,1664.215087890625,948,28.9306640625,34.565400843881854,26,0.79345703125,921,28.106689453125,1,0.030517578125,0x06B91CB7,0,512,384,0.0,2.0,1.5,0,0x04,0,0,0,1,0,0,0,1,0,0,,,,,,,,,,,,,,,,,,,,,,
53,1,OPEN_YAW,1.8,55482,1693.17626953125,949,28.961181640625,34.52897787144362,27,0.823974609375,921,28.106689453125,1,0.030517578125,0xEF7CD81A,0,512,384,0.0,2.0,1.5,0,0x04,0,0,0,1,0,0,0,1,0,0,,,,,,,,,,,,,,,,,,,,,,
54,1,OPEN_YAW,1.8333333333333333,56434,1722.22900390625,952,29.052734375,34.42016806722689,27,0.823974609375,924,28.1982421875,1,0.030517578125,0x50648D73,0,512,384,0.0,2.0,1.5,0,0x04,0,0,0,1,0,0,0,1,0,0,,,,,,,,,,,,,,,,,,,,,,
55,1,OPEN_YAW,1.8666666666666667,57385,1751.251220703125,951,29.022216796875,34.456361724500525,26,0.79345703125,924,28.1982421875,1,0.030517578125,0xAAF43222,0,512,384,0.0,2.0,1.5,0,0x04,0,0,0,1,0,0,0,1,0,0,,,,,,,,,,,,,,,,,,,,,,
56,1,OPEN_YAW,1.9,58336,1780.2734375,951,29.022216796875,34.456361724500525,26,0.79345703125,924,28.1982421875,1,0.030517578125,0x3BD3184F,0,512,384,0.0,2.0,1.5,0,0x04,0,0,0,1,0,0,0,1,0,0,,,,,,,,,,,,,,,,,,,,,,
57,1,OPEN_YAW,1.9333333333333333,59304,1809.814453125,968,29.541015625,33.85123966942149,26,0.79345703125,942,28.74755859375,0,0.0,0x076558F0,0,512,384,0.0,2.0,1.5,0,0x04,0,0,0,1,0,0,0,1,0,0,,,,,,,,,,,,,,,,,,,,,,
58,1,OPEN_YAW,1.9666666666666666,60273,1839.385986328125,969,29.571533203125,33.81630546955624,26,0.79345703125,942,28.74755859375,1,0.030517578125,0x498711DD,0,512,384,0.0,2.0,1.5,0,0x04,0,0,0,1,0,0,0,1,0,0,,,,,,,,,,,,,,,,,,,,,,
59,1,OPEN_YAW,2.0,61242,1868.95751953125,969,29.571533203125,33.81630546955624,26,0.79345703125,942,28.74755859375,1,0.030517578125,0x46A0A0DE,0,512,384,0.0,2.0,1.5,0,0x04,0,0,0,1,0,0,0,1,0,0,,,,,,,,,,,,,,,,,,,,,,
60,1,OPEN_YAW,2.033333333333333,62210,1898.49853515625,968,29.541015625,33.85123966942149,27,0.823974609375,941,28.717041015625,0,0.0,0x9DD3D2F1,0,512,384,0.0,2.0,1.5,0,0x04,0,0,0,1,0,0,0,1,0,0,,,,,,,,,,,,,,,,,,,,,,
61,1,OPEN_YAW,2.066666666666667,63179,1928.070068359375,969,29.571533203125,33.81630546955624,26,0.79345703125,942,28.74755859375,1,0.030517578125,0x7811DB3C,0,512,384,0.0,2.0,1.5,0,0x04,0,0,0,1,0,0,0,1,0,0,,,,,,,,,,,,,,,,,,,,,,
62,1,OPEN_YAW,2.1,64140,1957.3974609375,961,29.327392578125,34.09781477627472,26,0.79345703125,934,28.50341796875,1,0.030517578125,0x84E13E89,0,512,384,0.0,2.0,1.5,0,0x04,0,0,0,1,0,0,0,1,0,0,,,,,,,,,,,,,,,,,,,,,,
63,1,OPEN_YAW,2.1333333333333333,65084,1986.2060546875,944,28.80859375,34.71186440677966,26,0.79345703125,917,27.984619140625,1,0.030517578125,0x87201FF4,0,512,384,0.0,2.0,1.5,0,0x04,0,0,0,1,0,0,0,1,0,0,,,,,,,,,,,,,,,,,,,,,,
64,1,OPEN_YAW,2.1666666666666665,66045,2015.533447265625,961,29.327392578125,34.09781477627472,27,0.823974609375,933,28.472900390625,1,0.030517578125,0x84E13E89,0,512,384,0.0,2.0,1.5,0,0x04,0,0,0,1,0,0,0,-1,0,0,,,,,,,,,,,,,,,,,,,,,,
65,1,OPEN_YAW,2.2,67013,2045.074462890625,968,29.541015625,33.85123966942149,27,0.823974609375,941,28.717041015625,0,0.0,0x7811DB3C,0,512,384,0.0,2.0,1.5,0,0x04,0,0,0,1,0,0,0,-1,0,0,,,,,,,,,,,,,,,,,,,,,,
66,1,OPEN_YAW,2.2333333333333334,67981,2074.615478515625,968,29.541015625,33.85123966942149,26,0.79345703125,941,28.717041015625,1,0.030517578125,0x9DD3D2F1,0,512,384,0.0,2.0,1.5,0,0x04,0,0,0,1,0,0,0,-1,0,0,,,,,,,,,,,,,,,,,,,,,,
67,1,OPEN_YAW,2.2666666666666666,68950,2104.18701171875,969,29.571533203125,33.81630546955624,27,0.823974609375,942,28.74755859375,0,0.0,0x46A0A0DE,0,512,384,0.0,2.0,1.5,0,0x04,0,0,0,1,0,0,0,-1,0,0,,,,,,,,,,,,,,,,,,,,,,
68,1,OPEN_YAW,2.3,69919,2133.758544921875,969,29.571533203125,33.81630546955624,26,0.79345703125,942,28.74755859375,1,0.030517578125,0x498711DD,0,512,384,0.0,2.0,1.5,0,0x04,0,0,0,1,0,0,0,-1,0,0,,,,,,,,,,,,,,,,,,,,,,
69,1,OPEN_YAW,2.3333333333333335,70887,2163.299560546875,968,29.541015625,33.85123966942149,26,0.79345703125,942,28.74755859375,0,0.0,0x076558F0,0,512,384,0.0,2.0,1.5,0,0x04,0,0,0,1,0,0,0,-1,0,0,,,,,,,,,,,,,,,,,,,,,,
70,1,OPEN_YAW,2.3666666666666667,71836,2192.2607421875,949,28.961181640625,34.52897787144362,26,0.79345703125,923,28.167724609375,0,0.0,0x3BD3184F,0,512,384,0.0,2.0,1.5,0,0x04,0,0,0,1,0,0,0,-1,0,0,,,,,,,,,,,,,,,,,,,,,,
71,1,OPEN_YAW,2.4,72786,2221.25244140625,950,28.99169921875,34.49263157894737,26,0.79345703125,923,28.167724609375,1,0.030517578125,0xAAF43222,0,512,384,0.0,2.0,1.5,0,0x04,0,0,0,1,0,0,0,-1,0,0,,,,,,,,,,,,,,,,,,,,,,
72,1,OPEN_YAW,2.433333333333333,73737,2250.274658203125,951,29.022216796875,34.456361724500525,27,0.823974609375,923,28.167724609375,1,0.030517578125,0x50648D73,0,512,384,0.0,2.0,1.5,0,0x04,0,0,0,1,0,0,0,-1,0,0,,,,,,,,,,,,,,,,,,,,,,
73,1,OPEN_YAW,2.466666666666667,74686,2279.23583984375,949,28.961181640625,34.52897787144362,27,0.823974609375,921,28.106689453125,1,0.030517578125,0xEF7CD81A,0,512,384,0.0,2.0,1.5,0,0x04,0,0,0,1,0,0,0,-1,0,0,,,,,,,,,,,,,,,,,,,,,,
74,1,OPEN_YAW,2.5,75634,2308.16650390625,948,28.9306640625,34.565400843881854,27,0.823974609375,921,28.106689453125,0,0.0,0x06B91CB7,0,512,384,0.0,2.0,1.5,0,0x04,0,0,0,1,0,0,0,-1,0,0,,,,,,,,,,,,,,,,,,,,,,
75,1,OPEN_YAW,2.533333333333333,76580,2337.0361328125,946,28.86962890625,34.6384778012685,26,0.79345703125,920,28.076171875,0,0.0,0xE2849AE4,0,512,384,0.0,2.0,1.5,0,0x04,0,0,0,1,0,0,0,-1,0,0,,,,,,,,,,,,,,,,,,,,,,
76,1,OPEN_YAW,2.566666666666667,77526,2365.90576171875,946,28.86962890625,34.6384778012685,26,0.79345703125,919,28.045654296875,1,0.030517578125,0x48512005,0,512,384,0.0,2.0,1.5,0,0x04,0,0,0,1,0,0,0,-1,0,0,,,,,,,,,,,,,,,,,,,,,,
77,1,OPEN_YAW,2.6,78471,2394.744873046875,945,28.839111328125,34.67513227513228,27,0.823974609375,917,27.984619140625,1,0.030517578125,0x4BBB54B2,0,512,384,0.0,2.0,1.5,0,0x04,0,0,0,1,0,0,0,-1,0,0,,,,,,,,,,,,,,,,,,,,,,
78,1,OPEN_YAW,2.6333333333333333,79410,2423.40087890625,939,28.656005859375,34.89669861554846,26,0.79345703125,913,27.862548828125,0,0.0,0x8ED5AA07,0,512,384,0.0,2.0,1.5,0,0x04,0,0,0,1,0,0,0,-1,0,0,,,,,,,,,,,,,,,,,,,,,,
79,1,OPEN_YAW,2.6666666666666665,80245,2448.883056640625,835,25.482177734375,39.24311377245509,26,0.79345703125,809,24.688720703125,0,0.0,0x57BE9584,0,512,384,0.0,2.0,1.5,0,0x04,0,0,0,1,0,0,0,-1,0,0,,,,,,,,,,,,,,,,,,,,,,
80,1,OPEN_YAW,2.7,81077,2474.273681640625,832,25.390625,39.38461538461539,26,0.79345703125,806,24.59716796875,0,0.0,0x26D8A8C7,0,512,384,0.0,2.0,1.5,0,0x04,0,0,0,1,0,0,0,-1,0,0,,,,,,,,,,,,,,,,,,,,,,
81,1,OPEN_YAW,2.7333333333333334,81899,2499.359130859375,822,25.08544921875,39.86374695863747,26,0.79345703125,796,24.2919921875,0,0.0,0x241E983A,0,512,384,0.0,2.0,1.5,0,0x04,0,0,0,1,0,0,0,-1,0,0,,,,,,,,,,,,,,,,,,,,,,
82,1,OPEN_YAW,2.7666666666666666,82702,2523.86474609375,803,24.505615234375,40.80697384806974,26,0.79345703125,777,23.712158203125,0,0.0,0xC85E6E2D,0,512,384,0.0,2.0,1.5,0,0x04,0,0,0,1,0,0,0,-1,0,0,,,,,,,,,,,,,,,,,,,,,,
83,1,OPEN_YAW,2.8,83503,2548.309326171875,801,24.444580078125,40.908863920099876,26,0.79345703125,775,23.651123046875,0,0.0,0xD37C3B3A,0,512,384,0.0,2.0,1.5,0,0x04,0,0,0,1,0,0,0,-1,0,0,,,,,,,,,,,,,,,,,,,,,,
84,1,OPEN_YAW,2.8333333333333335,84303,2572.723388671875,800,24.4140625,40.96,26,0.79345703125,774,23.62060546875,0,0.0,0x313FD664,0,512,384,0.0,2.0,1.5,0,0x04,0,0,0,1,0,0,0,-1,0,0,,,,,,,,,,,,,,,,,,,,,,
85,1,OPEN_YAW,2.8666666666666667,85105,2597.198486328125,802,24.47509765625,40.85785536159601,26,0.79345703125,775,23.651123046875,1,0.030517578125,0xF1D64FEB,0,512,384,0.0,2.0,1.5,0,0x04,0,0,0,1,0,0,0,-1,0,0,,,,,,,,,,,,,,,,,,,,,,
86,1,OPEN_YAW,2.9,85908,2621.7041015625,803,24.505615234375,40.80697384806974,27,0.823974609375,775,23.651123046875,1,0.030517578125,0x9320BBD7,0,512,384,0.0,2.0,1.5,0,0x04,0,0,0,1,0,0,0,-1,0,0,,,,,,,,,,,,,,,,,,,,,,
87,1,OPEN_YAW,2.933333333333333,86731,2646.820068359375,823,25.115966796875,39.81530984204131,27,0.823974609375,795,24.261474609375,1,0.030517578125,0x2EA80794,0,512,384,0.0,2.0,1.5,0,0x04,0,0,0,1,0,0,0,-1,0,0,,,,,,,,,,,,,,,,,,,,,,
88,1,OPEN_YAW,2.966666666666667,87558,2672.05810546875,827,25.238037109375,39.62273276904474,27,0.823974609375,799,24.383544921875,1,0.030517578125,0x9B4B1FEF,0,512,384,0.0,2.0,1.5,0,0x04,0,0,0,1,0,0,0,-1,0,0,,,,,,,,,,,,,,,,,,,,,,
89,1,OPEN_YAW,3.0,88391,2697.479248046875,833,25.421142578125,39.33733493397359,27,0.823974609375,806,24.59716796875,0,0.0,0x47A89276,0,512,384,0.0,2.0,1.5,0,0x04,0,0,0,1,0,0,0,-1,0,0,,,,,,,,,,,,,,,,,,,,,,
90,1,OPEN_YAW,3.033333333333333,89228,2723.0224609375,837,25.543212890625,39.14934289127837,26,0.79345703125,811,24.749755859375,0,0.0,0x82178F31,0,512,384,0.0,2.0,1.5,0,0x04,0,0,0,1,0,0,0,-1,0,0,,,,,,,,,,,,,,,,,,,,,,
91,1,OPEN_YAW,3.066666666666667,90172,2751.8310546875,944,28.80859375,34.71186440677966,26,0.79345703125,917,27.984619140625,1,0.030517578125,0x58D899FA,0,512,384,0.0,2.0,1.5,0,0x04,0,0,0,1,0,0,0,-1,0,0,,,,,,,,,,,,,,,,,,,,,,
92,1,OPEN_YAW,3.1,91118,2780.70068359375,946,28.86962890625,34.6384778012685,27,0.823974609375,918,28.01513671875,1,0.030517578125,0x47E40981,0,512,384,0.0,2.0,1.5,0,0x04,0,0,0,1,0,0,0,-1,0,0,,,,,,,,,,,,,,,,,,,,,,
93,1,OPEN_YAW,3.1333333333333333,92065,2809.600830078125,947,28.900146484375,34.601900739176344,27,0.823974609375,919,28.045654296875,1,0.030517578125,0x0191D5F6,0,512,384,0.0,2.0,1.5,0,0x04,0,0,0,1,0,0,0,-1,0,0,,,,,,,,,,,,,,,,,,,,,,
94,1,OPEN_YAW,3.1666666666666665,93014,2838.56201171875,949,28.961181640625,34.52897787144362,27,0.823974609375,921,28.106689453125,1,0.030517578125,0xAB4F68AF,0,512,384,0.0,2.0,1.5,0,0x04,0,0,0,1,0,0,0,-1,0,0,,,,,,,,,,,,,,,,,,,,,,
95,1,OPEN_YAW,3.2,93963,2867.523193359375,949,28.961181640625,34.52897787144362,27,0.823974609375,922,28.13720703125,0,0.0,0xFB682E46,0,512,384,0.0,2.0,1.5,0,0x04,0,0,0,1,0,0,0,-1,0,0,,,,,,,,,,,,,,,,,,,,,,
96,1,OPEN_YAW,3.2333333333333334,94913,2896.514892578125,950,28.99169921875,34.49263157894737,27,0.823974609375,922,28.13720703125,1,0.030517578125,0x779CD11B,0,512,384,0.0,2.0,1.5,0,0x04,0,0,0,1,0,0,0,-1,0,0,,,,,,,,,,,,,,,,,,,,,,
97,1,OPEN_YAW,3.2666666666666666,95863,2925.506591796875,950,28.99169921875,34.49263157894737,27,0.823974609375,923,28.167724609375,0,0.0,0x160A0806,0,512,384,0.0,2.0,1.5,0,0x04,0,0,0,1,0,0,0,-1,0,0,,,,,,,,,,,,,,,,,,,,,,
98,1,OPEN_YAW,3.3,96813,2954.498291015625,950,28.99169921875,34.49263157894737,26,0.79345703125,924,28.1982421875,0,0.0,0xE5D4D0F1,0,512,384,0.0,2.0,1.5,0,0x04,0,0,0,1,0,0,0,-1,0,0,,,,,,,,,,,,,,,,,,,,,,
99,1,OPEN_YAW,3.3333333333333335,97765,2983.551025390625,952,29.052734375,34.42016806722689,27,0.823974609375,924,28.1982421875,1,0.030517578125,0x5AD6DB54,0,512,384,0.0,2.0,1.5,0,0x04,0,0,0,1,0,0,0,-1,0,0,,,,,,,,,,,,,,,,,,,,,,
100,1,OPEN_YAW,3.3666666666666667,98733,3013.092041015625,968,29.541015625,33.85123966942149,27,0.823974609375,941,28.717041015625,0,0.0,0x6BDB5333,0,512,384,0.0,2.0,1.5,0,0x04,0,0,0,1,0,0,0,-1,0,0,,,,,,,,,,,,,,,,,,,,,,
101,1,OPEN_YAW,3.4,99701,3042.633056640625,968,29.541015625,33.85123966942149,26,0.79345703125,942,28.74755859375,0,0.0,0x727A5D9C,0,512,384,0.0,2.0,1.5,0,0x04,0,0,0,1,0,0,0,-1,0,0,,,,,,,,,,,,,,,,,,,,,,
102,1,OPEN_YAW,3.433333333333333,100668,3072.1435546875,967,29.510498046875,33.88624612202689,26,0.79345703125,941,28.717041015625,0,0.0,0x09DBF567,0,512,384,0.0,2.0,1.5,0,0x04,0,0,0,1,0,0,0,-1,0,0,,,,,,,,,,,,,,,,,,,,,,
103,1,OPEN_YAW,3.466666666666667,101633,3101.593017578125,965,29.449462890625,33.95647668393782,26,0.79345703125,939,28.656005859375,0,0.0,0xF1FADB42,0,512,384,0.0,2.0,1.5,0,0x04,0,0,0,1,0,0,0,-1,0,0,,,,,,,,,,,,,,,,,,,,,,
104,1,OPEN_YAW,3.5,102599,3131.072998046875,966,29.47998046875,33.92132505175984,26,0.79345703125,939,28.656005859375,1,0.030517578125,0x48C590F3,0,512,384,0.0,2.0,1.5,0,0x04,0,0,0,1,0,0,0,-1,0,0,,,,,,,,,,,,,,,,,,,,,,
105,1,OPEN_YAW,3.533333333333333,103558,3160.33935546875,959,29.266357421875,34.1689259645464,27,0.823974609375,932,28.4423828125,0,0.0,0xCB25181A,0,512,384,0.0,2.0,1.5,0,0x04,0,0,0,1,0,0,0,-1,0,0,,,,,,,,,,,,,,,,,,,,,,
106,1,OPEN_YAW,3.566666666666667,104512,3189.453125,954,29.11376953125,34.34800838574424,26,0.79345703125,928,28.3203125,0,0.0,0xAC3150F9,0,512,384,0.0,2.0,1.5,0,0x04,0,0,0,1,0,0,0,-1,0,0,,,,,,,,,,,,,,,,,,,,,,
107,1,OPEN_YAW,3.6,105470,3218.68896484375,958,29.23583984375,34.20459290187891,26,0.79345703125,932,28.4423828125,0,0.0,0xFC0E3B5E,0,512,384,0.0,2.0,1.5,0,0x04,0,0,0,1,0,0,0,-1,0,0,,,,,,,,,,,,,,,,,,,,,,
108,1,OPEN_YAW,3.6333333333333333,106431,3248.016357421875,961,29.327392578125,34.09781477627472,26,0.79345703125,935,28.533935546875,0,0.0,0xFA8FA93F,0,512,384,0.0,2.0,1.5,0,0x04,0,0,0,1,0,0,0,-1,0,0,,,,,,,,,,,,,,,,,,,,,,
109,1,OPEN_YAW,3.6666666666666665,107276,3273.8037109375,845,25.787353515625,38.77869822485207,26,0.79345703125,819,24.993896484375,0,0.0,0xC813CCF6,0,512,384,0.0,2.0,1.5,0,0x04,0,0,0,1,0,0,0,-1,0,0,,,,,,,,,,,,,,,,,,,,,,
110,1,OPEN_YAW,3.7,108145,3300.323486328125,869,26.519775390625,37.70771001150748,26,0.79345703125,843,25.726318359375,0,0.0,0xA5F2BEEB,0,512,384,0.0,2.0,1.5,0,0x04,0,0,0,1,0,0,0,-1,0,0,,,,,,,,,,,,,,,,,,,,,,
111,1,OPEN_YAW,3.7333333333333334,109026,3327.20947265625,881,26.885986328125,37.19409761634506,27,0.823974609375,854,26.06201171875,0,0.0,0xFC68B016,0,512,384,0.0,2.0,1.5,0,0x04,0,0,0,1,0,0,0,-1,0,0,,,,,,,,,,,,,,,,,,,,,,
112,1,OPEN_YAW,3.7666666666666666,110067,3358.978271484375,1041,31.768798828125,31.477425552353505,26,0.79345703125,1014,30.94482421875,1,0.030517578125,0x57F83B3D,0,512,384,0.0,2.0,1.5,0,0x04,0,0,0,1,0,0,0,-1,0,0,,,,,,,,,,,,,,,,,,,,,,
113,1,OPEN_YAW,3.8,111134,3391.54052734375,1067,32.562255859375,30.710402999062794,27,0.823974609375,1039,31.707763671875,1,0.030517578125,0x44510D1A,0,512,384,0.0,2.0,1.5,0,0x04,0,0,0,1,0,0,0,-1,0,0,,,,,,,,,,,,,,,,,,,,,,
114,1,OPEN_YAW,3.8333333333333335,112200,3424.072265625,1066,32.53173828125,30.73921200750469,27,0.823974609375,1039,31.707763671875,0,0.0,0xE47DEAEF,0,512,384,0.0,2.0,1.5,0,0x04,0,0,0,1,0,0,0,-1,0,0,,,,,,,,,,,,,,,,,,,,,,
115,1,OPEN_YAW,3.8666666666666667,113267,3456.634521484375,1067,32.562255859375,30.710402999062794,26,0.79345703125,1041,31.768798828125,0,0.0,0x70470C18,0,512,384,0.0,2.0,1.5,0,0x04,0,0,0,1,0,0,0,-1,0,0,,,,,,,,,,,,,,,,,,,,,,
116,1,OPEN_YAW,3.9,114711,3500.701904296875,1444,44.0673828125,22.69252077562327,26,0.79345703125,1417,43.243408203125,1,0.030517578125,0x6E85EBC5,0,512,384,0.0,2.0,1.5,0,0x04,0,0,0,1,0,0,0,-1,0,0,,,,,,,,,,,,,,,,,,,,,,
117,1,OPEN_YAW,3.933333333333333,116173,3545.318603515625,1462,44.61669921875,22.41313269493844,27,0.823974609375,1434,43.76220703125,1,0.030517578125,0x1F45C49E,0,512,384,0.0,2.0,1.5,0,0x04,0,0,0,1,0,0,0,-1,0,0,,,,,,,,,,,,,,,,,,,,,,
118,1,OPEN_YAW,3.966666666666667,117629,3589.752197265625,1456,44.43359375,22.505494505494507,27,0.823974609375,1428,43.5791015625,1,0.030517578125,0x94A84683,0,512,384,0.0,2.0,1.5,0,0x04,0,0,0,1,0,0,0,-1,0,0,,,,,,,,,,,,,,,,,,,,,,
119,1,OPEN_YAW,4.0,119093,3634.429931640625,1464,44.677734375,22.382513661202186,27,0.823974609375,1437,43.853759765625,0,0.0,0xD27F4708,0,512,384,0.0,2.0,1.5,0,0x04,0,0,0,1,0,0,0,-1,0,0,,,,,,,,,,,,,,,,,,,,,,
120,1,OPEN_YAW,4.033333333333333,120560,3679.19921875,1467,44.769287109375,22.336741649625086,26,0.79345703125,1440,43.9453125,1,0.030517578125,0xF0C60EB7,0,512,384,0.0,2.0,1.5,0,0x04,0,0,0,1,0,0,0,-1,0,0,,,,,,,,,,,,,,,,,,,,,,
121,1,OPEN_YAW,4.066666666666666,122008,3723.388671875,1448,44.189453125,22.629834254143645,27,0.823974609375,1421,43.365478515625,0,0.0,0x1A9A2DD0,0,512,384,0.0,2.0,1.5,0,0x04,0,0,0,1,0,0,0,-1,0,0,,,,,,,,,,,,,,,,,,,,,,
122,1,OPEN_YAW,4.1,123447,3767.303466796875,1439,43.914794921875,22.771369006254343,26,0.79345703125,1413,43.121337890625,0,0.0,0x45E0B719,0,512,384,0.0,2.0,1.5,0,0x04,0,0,0,1,0,0,0,-1,0,0,,,,,,,,,,,,,,,,,,,,,,
123,1,OPEN_YAW,4.133333333333334,124840,3809.814453125,1393,42.510986328125,23.52333094041637,26,0.79345703125,1367,41.717529296875,0,0.0,0xAED9429C,0,512,384,0.0,2.0,1.5,0,0x04,0,0,0,1,0,0,0,-1,0,0,,,,,,,,,,,,,,,,,,,,,,
124,1,OPEN_YAW,4.166666666666667,126221,3851.959228515625,1381,42.144775390625,23.72773352643012,26,0.79345703125,1354,41.32080078125,1,0.030517578125,0x58A773FF,0,512,384,0.0,2.0,1.5,0,0x04,0,0,0,1,0,0,0,-1,0,0,,,,,,,,,,,,,,,,,,,,,,
125,1,OPEN_YAW,4.2,127722,3897.76611328125,1501,45.806884765625,21.830779480346436,27,0.823974609375,1473,44.952392578125,1,0.030517578125,0x8B3821D2,0,512,384,0.0,2.0,1.5,0,0x04,0,0,0,1,0,0,0,-1,0,0,,,,,,,,,,,,,,,,,,,,,,
126,1,OPEN_YAW,4.233333333333333,129202,3942.93212890625,1480,45.166015625,22.14054054054054,27,0.823974609375,1453,44.342041015625,0,0.0,0x5E9768D3,0,512,384,0.0,2.0,1.5,0,0x04,0,0,0,1,0,0,0,-1,0,0,,,,,,,,,,,,,,,,,,,,,,
127,1,OPEN_YAW,4.266666666666667,130652,3987.1826171875,1450,44.25048828125,22.59862068965517,26,0.79345703125,1423,43.426513671875,1,0.030517578125,0x9E5629C9,0,512,384,0.0,2.0,1.5,0,0x0C,0,0,0,1,1,0,0,-1,0,0,,,,,,,,,,,,,,,,,,,,,,
128,2,PITCH_SWEEP,4.3,132104,4031.494140625,1452,44.3115234375,22.56749311294766,28,0.8544921875,1424,43.45703125,0,0.0,0xEBC50AFB,0,512,384,0.0,2.0,1.5,0,0x04,0,0,0,1,0,0,0,0,1,0,,,,,,,,,,,,,,,,,,,,,,
129,2,PITCH_SWEEP,4.333333333333333,133555,4075.775146484375,1451,44.281005859375,22.583046175051688,27,0.823974609375,1424,43.45703125,0,0.0,0x99F6DC11,0,512,384,0.0,2.0,1.5,0,0x04,0,0,0,1,0,0,0,0,1,0,,,,,,,,,,,,,,,,,,,,,,
130,2,PITCH_SWEEP,4.366666666666666,135005,4120.025634765625,1450,44.25048828125,22.59862068965517,27,0.823974609375,1423,43.426513671875,0,0.0,0xF5262E21,0,512,384,0.0,2.0,1.5,0,0x04,0,0,0,1,0,0,0,0,1,0,,,,,,,,,,,,,,,,,,,,,,
131,2,PITCH_SWEEP,4.4,136467,4164.642333984375,1462,44.61669921875,22.41313269493844,27,0.823974609375,1434,43.76220703125,1,0.030517578125,0xB89D05A3,0,512,384,0.0,2.0,1.5,0,0x04,0,0,0,1,0,0,0,0,1,0,,,,,,,,,,,,,,,,,,,,,,
132,2,PITCH_SWEEP,4.433333333333334,137929,4209.259033203125,1462,44.61669921875,22.41313269493844,28,0.8544921875,1434,43.76220703125,0,0.0,0x0366AA7D,0,512,384,0.0,2.0,1.5,0,0x04,0,0,0,1,0,0,0,0,1,0,,,,,,,,,,,,,,,,,,,,,,
133,2,PITCH_SWEEP,4.466666666666667,139397,4254.058837890625,1468,44.7998046875,22.321525885558582,27,0.823974609375,1441,43.975830078125,0,0.0,0xD32DF697,0,512,384,0.0,2.0,1.5,0,0x06,1,1,0,1,0,0,0,0,1,0,43.914794921875,0.0,0.1220703125,18.798828125,4.241943359375,1.251220703125,3.96728515625,1.89208984375,0.0,13.0615234375,0.579833984375,0,0,0,0,0,0,0,0,0,0,0
134,2,PITCH_SWEEP,4.5,140836,4297.9736328125,1439,43.914794921875,22.771369006254343,27,0.823974609375,1411,43.060302734375,1,0.030517578125,0xFD0ED9B9,0,512,384,0.0,2.0,1.5,0,0x04,0,0,0,1,0,0,0,0,1,0,,,,,,,,,,,,,,,,,,,,,,
135,2,PITCH_SWEEP,4.533333333333333,142272,4341.796875,1436,43.8232421875,22.818941504178273,28,0.8544921875,1407,42.938232421875,1,0.030517578125,0x384A2F1B,0,512,384,0.0,2.0,1.5,0,0x04,0,0,0,1,0,0,0,0,1,0,,,,,,,,,,,,,,,,,,,,,,
136,2,PITCH_SWEEP,4.566666666666666,143703,4385.467529296875,1431,43.670654296875,22.898672257162822,28,0.8544921875,1403,42.816162109375,0,0.0,0x7DFB7EEB,0,512,384,0.0,2.0,1.5,0,0x04,0,0,0,1,0,0,0,0,1,0,,,,,,,,,,,,,,,,,,,,,,
137,2,PITCH_SWEEP,4.6,145111,4428.436279296875,1408,42.96875,23.272727272727273,27,0.823974609375,1381,42.144775390625,0,0.0,0x665540F9,0,512,384,0.0,2.0,1.5,0,0x04,0,0,0,1,0,0,0,0,1,0,,,,,,,,,,,,,,,,,,,,,,
138,2,PITCH_SWEEP,4.633333333333334,146501,4470.855712890625,1390,42.41943359375,23.57410071942446,27,0.823974609375,1362,41.56494140625,1,0.030517578125,0x24928A59,0,512,384,0.0,2.0,1.5,0,0x04,0,0,0,1,0,0,0,0,1,0,,,,,,,,,,,,,,,,,,,,,,
139,2,PITCH_SWEEP,4.666666666666667,147891,4513.275146484375,1390,42.41943359375,23.57410071942446,27,0.823974609375,1363,41.595458984375,0,0.0,0xE620FE03,0,512,384,0.0,2.0,1.5,0,0x04,0,0,0,1,0,0,0,0,1,0,,,,,,,,,,,,,,,,,,,,,,
140,2,PITCH_SWEEP,4.7,149260,4555.0537109375,1369,41.778564453125,23.93571950328707,27,0.823974609375,1341,40.924072265625,1,0.030517578125,0xF31CD78D,0,512,384,0.0,2.0,1.5,0,0x04,0,0,0,1,0,0,0,0,1,0,,,,,,,,,,,,,,,,,,,,,,
141,2,PITCH_SWEEP,4.733333333333333,150589,4595.611572265625,1329,40.557861328125,24.656132430398795,28,0.8544921875,1300,39.6728515625,1,0.030517578125,0xFC73F4CF,0,512,384,0.0,2.0,1.5,0,0x04,0,0,0,1,0,0,0,0,1,0,,,,,,,,,,,,,,,,,,,,,,
142,2,PITCH_SWEEP,4.766666666666667,151903,4635.711669921875,1314,40.10009765625,24.93759512937595,27,0.823974609375,1287,39.276123046875,0,0.0,0x31DBE5A1,0,512,384,0.0,2.0,1.5,0,0x04,0,0,0,1,0,0,0,0,1,0,,,,,,,,,,,,,,,,,,,,,,
143,2,PITCH_SWEEP,4.8,153191,4675.018310546875,1288,39.306640625,25.440993788819874,27,0.823974609375,1260,38.4521484375,1,0.030517578125,0x637D44ED,0,512,384,0.0,2.0,1.5,0,0x04,0,0,0,1,0,0,0,0,1,0,,,,,,,,,,,,,,,,,,,,,,
144,2,PITCH_SWEEP,4.833333333333333,154457,4713.653564453125,1266,38.63525390625,25.88309636650869,28,0.8544921875,1238,37.78076171875,0,0.0,0xDF585765,0,512,384,0.0,2.0,1.5,0,0x04,0,0,0,1,0,0,0,0,1,0,,,,,,,,,,,,,,,,,,,,,,
145,2,PITCH_SWEEP,4.866666666666666,155555,4747.161865234375,1098,33.50830078125,29.84335154826958,27,0.823974609375,1071,32.684326171875,0,0.0,0xC6349AE7,0,512,384,0.0,2.0,1.5,0,0x04,0,0,0,1,0,0,0,0,1,0,,,,,,,,,,,,,,,,,,,,,,
146,2,PITCH_SWEEP,4.9,156591,4778.778076171875,1036,31.6162109375,31.62934362934363,27,0.823974609375,1009,30.792236328125,0,0.0,0xF7C74FC9,0,512,384,0.0,2.0,1.5,0,0x04,0,0,0,1,0,0,0,0,1,0,,,,,,,,,,,,,,,,,,,,,,
147,2,PITCH_SWEEP,4.933333333333334,157628,4810.4248046875,1037,31.646728515625,31.59884281581485,27,0.823974609375,1009,30.792236328125,1,0.030517578125,0xD205864D,0,512,384,0.0,2.0,1.5,0,0x04,0,0,0,1,0,0,0,0,1,0,,,,,,,,,,,,,,,,,,,,,,
148,2,PITCH_SWEEP,4.966666666666667,158663,4842.010498046875,1035,31.585693359375,31.65990338164251,28,0.8544921875,1006,30.70068359375,1,0.030517578125,0x5776983D,0,512,384,0.0,2.0,1.5,0,0x04,0,0,0,1,0,0,0,0,1,0,,,,,,,,,,,,,,,,,,,,,,
149,2,PITCH_SWEEP,5.0,159696,4873.53515625,1033,31.524658203125,31.721200387221685,28,0.8544921875,1004,30.6396484375,1,0.030517578125,0x3C8645B7,0,512,384,0.0,2.0,1.5,0,0x04,0,0,0,1,0,0,0,0,1,0,,,,,,,,,,,,,,,,,,,,,,
150,2,PITCH_SWEEP,5.033333333333333,160711,4904.510498046875,1015,30.975341796875,32.28374384236453,28,0.8544921875,986,30.09033203125,1,0.030517578125,0xE8184D3B,0,512,384,0.0,2.0,1.5,0,0x04,0,0,0,1,0,0,0,0,1,0,,,,,,,,,,,,,,,,,,,,,,
151,2,PITCH_SWEEP,5.066666666666666,161724,4935.4248046875,1013,30.914306640625,32.34748272458045,27,0.823974609375,986,30.09033203125,0,0.0,0x92BE7535,0,512,384,0.0,2.0,1.5,0,0x04,0,0,0,1,0,0,0,0,1,0,,,,,,,,,,,,,,,,,,,,,,
152,2,PITCH_SWEEP,5.1,162738,4966.36962890625,1014,30.94482421875,32.315581854043394,27,0.823974609375,986,30.09033203125,1,0.030517578125,0xE8184D3B,0,512,384,0.0,2.0,1.5,0,0x04,0,0,0,1,0,0,0,0,-1,0,,,,,,,,,,,,,,,,,,,,,,
153,2,PITCH_SWEEP,5.133333333333334,163772,4997.9248046875,1034,31.55517578125,31.690522243713733,28,0.8544921875,1005,30.670166015625,1,0.030517578125,0x3C8645B7,0,512,384,0.0,2.0,1.5,0,0x04,0,0,0,1,0,0,0,0,-1,0,,,,,,,,,,,,,,,,,,,,,,
154,2,PITCH_SWEEP,5.166666666666667,164807,5029.510498046875,1035,31.585693359375,31.65990338164251,28,0.8544921875,1006,30.70068359375,1,0.030517578125,0x5776983D,0,512,384,0.0,2.0,1.5,0,0x04,0,0,0,1,0,0,0,0,-1,0,,,,,,,,,,,,,,,,,,,,,,
155,2,PITCH_SWEEP,5.2,165844,5061.1572265625,1037,31.646728515625,31.59884281581485,28,0.8544921875,1009,30.792236328125,0,0.0,0xD205864D,0,512,384,0.0,2.0,1.5,0,0x04,0,0,0,1,0,0,0,0,-1,0,,,,,,,,,,,,,,,,,,,,,,
156,2,PITCH_SWEEP,5.233333333333333,166880,5092.7734375,1036,31.6162109375,31.62934362934363,27,0.823974609375,1009,30.792236328125,0,0.0,0xF7C74FC9,0,512,384,0.0,2.0,1.5,0,0x04,0,0,0,1,0,0,0,0,-1,0,,,,,,,,,,,,,,,,,,,,,,
157,2,PITCH_SWEEP,5.266666666666667,167978,5126.28173828125,1098,33.50830078125,29.84335154826958,27,0.823974609375,1071,32.684326171875,0,0.0,0xC6349AE7,0,512,384,0.0,2.0,1.5,0,0x04,0,0,0,1,0,0,0,0,-1,0,,,,,,,,,,,,,,,,,,,,,,
158,2,PITCH_SWEEP,5.3,169245,5164.947509765625,1267,38.665771484375,25.86266771902131,27,0.823974609375,1239,37.811279296875,1,0.030517578125,0xDF585765,0,512,384,0.0,2.0,1.5,0,0x04,0,0,0,1,0,0,0,0,-1,0,,,,,,,,,,,,,,,,,,,,,,
159,2,PITCH_SWEEP,5.333333333333333,170534,5204.28466796875,1289,39.337158203125,25.421256788207913,28,0.8544921875,1260,38.4521484375,1,0.030517578125,0x637D44ED,0,512,384,0.0,2.0,1.5,0,0x04,0,0,0,1,0,0,0,0,-1,0,,,,,,,,,,,,,,,,,,,,,,
160,2,PITCH_SWEEP,5.366666666666666,171849,5244.415283203125,1315,40.130615234375,24.918631178707223,28,0.8544921875,1287,39.276123046875,0,0.0,0x31DBE5A1,0,512,384,0.0,2.0,1.5,0,0x04,0,0,0,1,0,0,0,0,-1,0,,,,,,,,,,,,,,,,,,,,,,
161,2,PITCH_SWEEP,5.4,173177,5284.942626953125,1328,40.52734375,24.674698795180724,27,0.823974609375,1300,39.6728515625,1,0.030517578125,0xFC73F4CF,0,512,384,0.0,2.0,1.5,0,0x04,0,0,0,1,0,0,0,0,-1,0,,,,,,,,,,,,,,,,,,,,,,
162,2,PITCH_SWEEP,5.433333333333334,174534,5326.35498046875,1357,41.412353515625,24.14738393515107,28,0.8544921875,1328,40.52734375,1,0.030517578125,0xF31CD78D,0,512,384,0.0,2.0,1.5,0,0x04,0,0,0,1,0,0,0,0,-1,0,,,,,,,,,,,,,,,,,,,,,,
163,2,PITCH_SWEEP,5.466666666666667,175919,5368.621826171875,1385,42.266845703125,23.659205776173284,28,0.8544921875,1356,41.3818359375,1,0.030517578125,0xE620FE03,0,512,384,0.0,2.0,1.5,0,0x04,0,0,0,1,0,0,0,0,-1,0,,,,,,,,,,,,,,,,,,,,,,
164,2,PITCH_SWEEP,5.5,177294,5410.58349609375,1375,41.961669921875,23.831272727272726,28,0.8544921875,1347,41.107177734375,0,0.0,0x24928A59,0,512,384,0.0,2.0,1.5,0,0x04,0,0,0,1,0,0,0,0,-1,0,,,,,,,,,,,,,,,,,,,,,,
165,2,PITCH_SWEEP,5.533333333333333,178703,5453.582763671875,1409,42.999267578125,23.256210078069554,27,0.823974609375,1381,42.144775390625,1,0.030517578125,0x665540F9,0,512,384,0.0,2.0,1.5,0,0x04,0,0,0,1,0,0,0,0,-1,0,,,,,,,,,,,,,,,,,,,,,,
166,2,PITCH_SWEEP,5.566666666666666,180135,5497.283935546875,1432,43.701171875,22.88268156424581,28,0.8544921875,1403,42.816162109375,1,0.030517578125,0x7DFB7EEB,0,512,384,0.0,2.0,1.5,0,0x04,0,0,0,1,0,0,0,0,-1,0,,,,,,,,,,,,,,,,,,,,,,
167,2,PITCH_SWEEP,5.6,181569,5541.046142578125,1434,43.76220703125,22.850767085076708,27,0.823974609375,1407,42.938232421875,0,0.0,0x384A2F1B,0,512,384,0.0,2.0,1.5,0,0x04,0,0,0,1,0,0,0,0,-1,0,,,,,,,,,,,,,,,,,,,,,,
168,2,PITCH_SWEEP,5.633333333333334,183008,5584.9609375,1439,43.914794921875,22.771369006254343,27,0.823974609375,1411,43.060302734375,1,0.030517578125,0xFD0ED9B9,0,512,384,0.0,2.0,1.5,0,0x04,0,0,0,1,0,0,0,0,-1,0,,,,,,,,,,,,,,,,,,,,,,
169,2,PITCH_SWEEP,5.666666666666667,184477,5629.791259765625,1469,44.830322265625,22.306330837304287,28,0.8544921875,1441,43.975830078125,0,0.0,0xD32DF697,0,512,384,0.0,2.0,1.5,0,0x04,0,0,0,1,0,0,0,0,-1,0,,,,,,,,,,,,,,,,,,,,,,
170,2,PITCH_SWEEP,5.7,185939,5674.407958984375,1462,44.61669921875,22.41313269493844,27,0.823974609375,1435,43.792724609375,0,0.0,0x0366AA7D,0,512,384,0.0,2.0,1.5,0,0x04,0,0,0,1,0,0,0,0,-1,0,,,,,,,,,,,,,,,,,,,,,,
171,2,PITCH_SWEEP,5.733333333333333,187399,5718.963623046875,1460,44.5556640625,22.443835616438356,27,0.823974609375,1433,43.731689453125,0,0.0,0xB89D05A3,0,512,384,0.0,2.0,1.5,0,0x04,0,0,0,1,0,0,0,0,-1,0,,,,,,,,,,,,,,,,,,,,,,
172,2,PITCH_SWEEP,5.766666666666667,188849,5763.214111328125,1450,44.25048828125,22.59862068965517,27,0.823974609375,1423,43.426513671875,0,0.0,0xF5262E21,0,512,384,0.0,2.0,1.5,0,0x04,0,0,0,1,0,0,0,0,-1,0,,,,,,,,,,,,,,,,,,,,,,
173,2,PITCH_SWEEP,5.8,190300,5807.4951171875,1451,44.281005859375,22.583046175051688,27,0.823974609375,1424,43.45703125,0,0.0,0x99F6DC11,0,512,384,0.0,2.0,1.5,0,0x04,0,0,0,1,0,0,0,0,-1,0,,,,,,,,,,,,,,,,,,,,,,
174,2,PITCH_SWEEP,5.833333333333333,191753,5851.837158203125,1453,44.342041015625,22.55196145905024,27,0.823974609375,1425,43.487548828125,1,0.030517578125,0xEBC50AFB,0,512,384,0.0,2.0,1.5,0,0x04,0,0,0,1,0,0,0,0,-1,0,,,,,,,,,,,,,,,,,,,,,,
175,2,PITCH_SWEEP,5.866666666666666,193204,5896.1181640625,1451,44.281005859375,22.583046175051688,28,0.8544921875,1423,43.426513671875,0,0.0,0x9E5629C9,0,512,384,0.0,2.0,1.5,0,0x04,0,0,0,1,0,0,0,0,-1,0,,,,,,,,,,,,,,,,,,,,,,
176,2,PITCH_SWEEP,5.9,194665,5940.704345703125,1461,44.586181640625,22.428473648186174,27,0.823974609375,1433,43.731689453125,1,0.030517578125,0x70322F27,0,512,384,0.0,2.0,1.5,0,0x04,0,0,0,1,0,0,0,0,-1,0,,,,,,,,,,,,,,,,,,,,,,
177,2,PITCH_SWEEP,5.933333333333334,196125,5985.260009765625,1460,44.5556640625,22.443835616438356,28,0.8544921875,1431,43.670654296875,1,0.030517578125,0x390641B9,0,512,384,0.0,2.0,1.5,0,0x04,0,0,0,1,0,0,0,0,-1,0,,,,,,,,,,,,,,,,,,,,,,
178,2,PITCH_SWEEP,5.966666666666667,197559,6029.022216796875,1434,43.76220703125,22.850767085076708,28,0.8544921875,1406,42.90771484375,0,0.0,0xC1D27A09,0,512,384,0.0,2.0,1.5,0,0x04,0,0,0,1,0,0,0,0,-1,0,,,,,,,,,,,,,,,,,,,,,,
179,2,PITCH_SWEEP,6.0,198988,6072.6318359375,1429,43.609619140625,22.93072078376487,27,0.823974609375,1402,42.78564453125,0,0.0,0xDBF98667,0,512,384,0.0,2.0,1.5,0,0x04,0,0,0,1,0,0,0,0,-1,0,,,,,,,,,,,,,,,,,,,,,,
180,2,PITCH_SWEEP,6.033333333333333,200397,6115.631103515625,1409,42.999267578125,23.256210078069554,27,0.823974609375,1381,42.144775390625,1,0.030517578125,0x776F84F5,0,512,384,0.0,2.0,1.5,0,0x04,0,0,0,1,0,0,0,0,-1,0,,,,,,,,,,,,,,,,,,,,,,
181,2,PITCH_SWEEP,6.066666666666666,201786,6158.02001953125,1389,42.388916015625,23.591072714182864,28,0.8544921875,1360,41.50390625,1,0.030517578125,0x9C5D3DAB,0,512,384,0.0,2.0,1.5,0,0x04,0,0,0,1,0,0,0,0,-1,0,,,,,,,,,,,,,,,,,,,,,,
182,2,PITCH_SWEEP,6.1,203153,6199.737548828125,1367,41.717529296875,23.970738844184346,28,0.8544921875,1339,40.863037109375,0,0.0,0xF3A6ABD1,0,512,384,0.0,2.0,1.5,0,0x04,0,0,0,1,0,0,0,0,-1,0,,,,,,,,,,,,,,,,,,,,,,
183,2,PITCH_SWEEP,6.133333333333334,204500,6240.8447265625,1347,41.107177734375,24.326651818856718,27,0.823974609375,1319,40.252685546875,1,0.030517578125,0x979B296F,0,512,384,0.0,2.0,1.5,0,0x04,0,0,0,1,0,0,0,0,-1,0,,,,,,,,,,,,,,,,,,,,,,
184,2,PITCH_SWEEP,6.166666666666667,205819,6281.097412109375,1319,40.252685546875,24.84306292645944,28,0.8544921875,1290,39.36767578125,1,0.030517578125,0x0CFC7757,0,512,384,0.0,2.0,1.5,0,0x04,0,0,0,1,0,0,0,0,-1,0,,,,,,,,,,,,,,,,,,,,,,
185,2,PITCH_SWEEP,6.2,207109,6320.465087890625,1290,39.36767578125,25.4015503875969,28,0.8544921875,1261,38.482666015625,1,0.030517578125,0x917C6B41,0,512,384,0.0,2.0,1.5,0,0x04,0,0,0,1,0,0,0,0,-1,0,,,,,,,,,,,,,,,,,,,,,,
186,2,PITCH_SWEEP,6.233333333333333,208374,6359.06982421875,1265,38.604736328125,25.903557312252964,28,0.8544921875,1237,37.750244140625,0,0.0,0x556C25D5,0,512,384,0.0,2.0,1.5,0,0x04,0,0,0,1,0,0,0,0,-1,0,,,,,,,,,,,,,,,,,,,,,,
187,2,PITCH_SWEEP,6.266666666666667,209614,6396.91162109375,1240,37.841796875,26.425806451612903,27,0.823974609375,1212,36.9873046875,1,0.030517578125,0x1E07FA07,0,512,384,0.0,2.0,1.5,0,0x04,0,0,0,1,0,0,0,0,-1,0,,,,,,,,,,,,,,,,,,,,,,
188,2,PITCH_SWEEP,6.3,210690,6429.74853515625,1076,32.8369140625,30.45353159851301,28,0.8544921875,1047,31.951904296875,1,0.030517578125,0x9BACD179,0,512,384,0.0,2.0,1.5,0,0x04,0,0,0,1,0,0,0,0,-1,0,,,,,,,,,,,,,,,,,,,,,,
189,2,PITCH_SWEEP,6.333333333333333,211764,6462.5244140625,1074,32.77587890625,30.51024208566108,28,0.8544921875,1045,31.890869140625,1,0.030517578125,0x41E71BC3,0,512,384,0.0,2.0,1.5,0,0x04,0,0,0,1,0,0,0,0,-1,0,,,,,,,,,,,,,,,,,,,,,,
190,2,PITCH_SWEEP,6.366666666666666,212781,6493.560791015625,1017,31.036376953125,32.220255653883974,28,0.8544921875,988,30.1513671875,1,0.030517578125,0xACF00F3D,0,512,384,0.0,2.0,1.5,0,0x04,0,0,0,1,0,0,0,0,-1,0,,,,,,,,,,,,,,,,,,,,,,
191,2,PITCH_SWEEP,6.4,213779,6524.017333984375,998,30.45654296875,32.833667334669336,27,0.823974609375,971,29.632568359375,0,0.0,0x32DB7BBD,0,512,384,0.0,2.0,1.5,0,0x04,0,0,0,1,0,0,0,0,-1,0,,,,,,,,,,,,,,,,,,,,,,
192,2,PITCH_SWEEP,6.433333333333334,214777,6554.473876953125,998,30.45654296875,32.833667334669336,27,0.823974609375,971,29.632568359375,0,0.0,0xB63D0AED,0,512,384,0.0,2.0,1.5,0,0x04,0,0,0,1,0,0,0,0,-1,0,,,,,,,,,,,,,,,,,,,,,,
193,2,PITCH_SWEEP,6.466666666666667,215776,6584.9609375,999,30.487060546875,32.8008008008008,27,0.823974609375,971,29.632568359375,1,0.030517578125,0x1DBE7CEB,0,512,384,0.0,2.0,1.5,0,0x04,0,0,0,1,0,0,0,0,-1,0,,,,,,,,,,,,,,,,,,,,,,
194,2,PITCH_SWEEP,6.5,216776,6615.478515625,1000,30.517578125,32.768,28,0.8544921875,971,29.632568359375,1,0.030517578125,0x955E2471,0,512,384,0.0,2.0,1.5,0,0x04,0,0,0,1,0,0,0,0,-1,0,,,,,,,,,,,,,,,,,,,,,,
195,2,PITCH_SWEEP,6.533333333333333,217795,6646.575927734375,1019,31.097412109375,32.15701668302257,28,0.8544921875,990,30.21240234375,1,0.030517578125,0x6151133D,0,512,384,0.0,2.0,1.5,0,0x04,0,0,0,1,0,0,0,0,-1,0,,,,,,,,,,,,,,,,,,,,,,
196,2,PITCH_SWEEP,6.566666666666666,218815,6677.703857421875,1020,31.1279296875,32.12549019607843,28,0.8544921875,991,30.242919921875,1,0.030517578125,0x900FB321,0,512,384,0.0,2.0,1.5,0,0x04,0,0,0,1,0,0,0,0,-1,0,,,,,,,,,,,,,,,,,,,,,,
197,2,PITCH_SWEEP,6.6,219641,6702.911376953125,826,25.20751953125,39.67070217917676,28,0.8544921875,798,24.35302734375,0,0.0,0xC01F6EEB,0,512,384,0.0,2.0,1.5,0,0x04,0,0,0,1,0,0,0,0,-1,0,,,,,,,,,,,,,,,,,,,,,,
198,2,PITCH_SWEEP,6.633333333333334,220465,6728.057861328125,824,25.146484375,39.76699029126213,27,0.823974609375,797,24.322509765625,0,0.0,0x984FEC5B,0,512,384,0.0,2.0,1.5,0,0x04,0,0,0,1,0,0,0,0,-1,0,,,,,,,,,,,,,,,,,,,,,,
199,2,PITCH_SWEEP,6.666666666666667,221272,6752.685546875,807,24.627685546875,40.60470879801735,27,0.823974609375,779,23.773193359375,1,0.030517578125,0x0C713E95,0,512,384,0.0,2.0,1.5,0,0x04,0,0,0,1,0,0,0,0,-1,0,,,,,,,,,,,,,,,,,,,,,,
200,2,PITCH_SWEEP,6.7,222097,6777.862548828125,825,25.177001953125,39.71878787878788,28,0.8544921875,797,24.322509765625,0,0.0,0x984FEC5B,0,512,384,0.0,2.0,1.5,0,0x04,0,0,0,1,0,0,0,0,1,0,,,,,,,,,,,,,,,,,,,,,,
201,2,PITCH_SWEEP,6.733333333333333,222923,6803.070068359375,826,25.20751953125,39.67070217917676,27,0.823974609375,798,24.35302734375,1,0.030517578125,0xC01F6EEB,0,512,384,0.0,2.0,1.5,0,0x04,0,0,0,1,0,0,0,0,1,0,,,,,,,,,,,,,,,,,,,,,,
202,2,PITCH_SWEEP,6.766666666666667,223942,6834.16748046875,1019,31.097412109375,32.15701668302257,28,0.8544921875,990,30.21240234375,1,0.030517578125,0x900FB321,0,512,384,0.0,2.0,1.5,0,0x04,0,0,0,1,0,0,0,0,1,0,,,,,,,,,,,,,,,,,,,,,,
203,2,PITCH_SWEEP,6.8,224961,6865.264892578125,1019,31.097412109375,32.15701668302257,28,0.8544921875,990,30.21240234375,1,0.030517578125,0x6151133D,0,512,384,0.0,2.0,1.5,0,0x04,0,0,0,1,0,0,0,0,1,0,,,,,,,,,,,,,,,,,,,,,,
204,2,PITCH_SWEEP,6.833333333333333,225959,6895.721435546875,998,30.45654296875,32.833667334669336,27,0.823974609375,971,29.632568359375,0,0.0,0x955E2471,0,512,384,0.0,2.0,1.5,0,0x04,0,0,0,1,0,0,0,0,1,0,,,,,,,,,,,,,,,,,,,,,,
205,2,PITCH_SWEEP,6.866666666666666,226957,6926.177978515625,998,30.45654296875,32.833667334669336,27,0.823974609375,971,29.632568359375,0,0.0,0x1DBE7CEB,0,512,384,0.0,2.0,1.5,0,0x04,0,0,0,1,0,0,0,0,1,0,,,,,,,,,,,,,,,,,,,,,,
206,2,PITCH_SWEEP,6.9,227955,6956.634521484375,998,30.45654296875,32.833667334669336,27,0.823974609375,971,29.632568359375,0,0.0,0xB63D0AED,0,512,384,0.0,2.0,1.5,0,0x04,0,0,0,1,0,0,0,0,1,0,,,,,,,,,,,,,,,,,,,,,,
207,2,PITCH_SWEEP,6.933333333333334,228954,6987.12158203125,999,30.487060546875,32.8008008008008,27,0.823974609375,971,29.632568359375,1,0.030517578125,0x32DB7BBD,0,512,384,0.0,2.0,1.5,0,0x04,0,0,0,1,0,0,0,0,1,0,,,,,,,,,,,,,,,,,,,,,,
208,2,PITCH_SWEEP,6.966666666666667,229971,7018.157958984375,1017,31.036376953125,32.220255653883974,28,0.8544921875,988,30.1513671875,1,0.030517578125,0xACF00F3D,0,512,384,0.0,2.0,1.5,0,0x04,0,0,0,1,0,0,0,0,1,0,,,,,,,,,,,,,,,,,,,,,,
209,2,PITCH_SWEEP,7.0,231045,7050.933837890625,1074,32.77587890625,30.51024208566108,27,0.823974609375,1046,31.92138671875,1,0.030517578125,0x41E71BC3,0,512,384,0.0,2.0,1.5,0,0x04,0,0,0,1,0,0,0,0,1,0,,,,,,,,,,,,,,,,,,,,,,
210,2,PITCH_SWEEP,7.033333333333333,232120,7083.740234375,1075,32.806396484375,30.48186046511628,27,0.823974609375,1048,31.982421875,0,0.0,0x9BACD179,0,512,384,0.0,2.0,1.5,0,0x04,0,0,0,1,0,0,0,0,1,0,,,,,,,,,,,,,,,,,,,,,,
211,2,PITCH_SWEEP,7.066666666666666,233360,7121.58203125,1240,37.841796875,26.425806451612903,27,0.823974609375,1212,36.9873046875,1,0.030517578125,0x1E07FA07,0,512,384,0.0,2.0,1.5,0,0x04,0,0,0,1,0,0,0,0,1,0,,,,,,,,,,,,,,,,,,,,,,
212,2,PITCH_SWEEP,7.1,234625,7160.186767578125,1265,38.604736328125,25.903557312252964,28,0.8544921875,1237,37.750244140625,0,0.0,0x556C25D5,0,512,384,0.0,2.0,1.5,0,0x04,0,0,0,1,0,0,0,0,1,0,,,,,,,,,,,,,,,,,,,,,,
213,2,PITCH_SWEEP,7.133333333333334,235913,7199.493408203125,1288,39.306640625,25.440993788819874,27,0.823974609375,1261,38.482666015625,0,0.0,0x917C6B41,0,512,384,0.0,2.0,1.5,0,0x04,0,0,0,1,0,0,0,0,1,0,,,,,,,,,,,,,,,,,,,,,,
214,2,PITCH_SWEEP,7.166666666666667,237231,7239.715576171875,1318,40.22216796875,24.861911987860395,27,0.823974609375,1290,39.36767578125,1,0.030517578125,0x0CFC7757,0,512,384,0.0,2.0,1.5,0,0x04,0,0,0,1,0,0,0,0,1,0,,,,,,,,,,,,,,,,,,,,,,
215,2,PITCH_SWEEP,7.2,238567,7280.487060546875,1336,40.771484375,24.526946107784433,28,0.8544921875,1307,39.886474609375,1,0.030517578125,0x979B296F,0,512,384,0.0,2.0,1.5,0,0x04,0,0,0,1,0,0,0,0,1,0,,,,,,,,,,,,,,,,,,,,,,
216,2,PITCH_SWEEP,7.233333333333333,239924,7321.8994140625,1357,41.412353515625,24.14738393515107,28,0.8544921875,1328,40.52734375,1,0.030517578125,0xF3A6ABD1,0,512,384,0.0,2.0,1.5,0,0x04,0,0,0,1,0,0,0,0,1,0,,,,,,,,,,,,,,,,,,,,,,
217,2,PITCH_SWEEP,7.266666666666667,241297,7363.800048828125,1373,41.900634765625,23.86598689002185,28,0.8544921875,1345,41.046142578125,0,0.0,0x9C5D3DAB,0,512,384,0.0,2.0,1.5,0,0x04,0,0,0,1,0,0,0,0,1,0,,,,,,,,,,,,,,,,,,,,,,
218,2,PITCH_SWEEP,7.3,242706,7406.79931640625,1409,42.999267578125,23.256210078069554,27,0.823974609375,1381,42.144775390625,1,0.030517578125,0x776F84F5,0,512,384,0.0,2.0,1.5,0,0x04,0,0,0,1,0,0,0,0,1,0,,,,,,,,,,,,,,,,,,,,,,
219,2,PITCH_SWEEP,7.333333333333333,244137,7450.469970703125,1431,43.670654296875,22.898672257162822,28,0.8544921875,1402,42.78564453125,1,0.030517578125,0xDBF98667,0,512,384,0.0,2.0,1.5,0,0x04,0,0,0,1,0,0,0,0,1,0,,,,,,,,,,,,,,,,,,,,,,
220,2,PITCH_SWEEP,7.366666666666666,245571,7494.232177734375,1434,43.76220703125,22.850767085076708,28,0.8544921875,1406,42.90771484375,0,0.0,0xC1D27A09,0,512,384,0.0,2.0,1.5,0,0x04,0,0,0,1,0,0,0,0,1,0,,,,,,,,,,,,,,,,,,,,,,
221,2,PITCH_SWEEP,7.4,247029,7538.726806640625,1458,44.49462890625,22.474622770919066,27,0.823974609375,1431,43.670654296875,0,0.0,0x390641B9,0,512,384,0.0,2.0,1.5,0,0x04,0,0,0,1,0,0,0,0,1,0,,,,,,,,,,,,,,,,,,,,,,
222,2,PITCH_SWEEP,7.433333333333334,248489,7583.282470703125,1460,44.5556640625,22.443835616438356,27,0.823974609375,1433,43.731689453125,0,0.0,0x70322F27,0,512,384,0.0,2.0,1.5,0,0x04,0,0,0,1,0,0,0,0,1,0,,,,,,,,,,,,,,,,,,,,,,
223,2,PITCH_SWEEP,7.466666666666667,249939,7627.532958984375,1450,44.25048828125,22.59862068965517,27,0.823974609375,1423,43.426513671875,0,0.0,0x9E5629C9,0,512,384,0.0,2.0,1.5,0,0x0C,0,0,0,1,1,0,0,0,1,0,,,,,,,,,,,,,,,,,,,,,,
224,3,PORTAL_FAR,7.5,251394,7671.93603515625,1455,44.403076171875,22.520962199312716,20,0.6103515625,1434,43.76220703125,1,0.030517578125,0x8A2F81AC,0,533,384,0.0,2.08203125,1.5,0,0x04,0,0,0,1,0,0,1,0,0,0,,,,,,,,,,,,,,,,,,,,,,
225,3,PORTAL_FAR,7.533333333333333,252848,7716.30859375,1454,44.37255859375,22.536451169188446,20,0.6103515625,1434,43.76220703125,0,0.0,0xE25D7961,0,554,384,0.0,2.1640625,1.5,0,0x04,0,0,0,1,0,0,1,0,0,0,,,,,,,,,,,,,,,,,,,,,,
226,3,PORTAL_FAR,7.566666666666666,254302,7760.68115234375,1454,44.37255859375,22.536451169188446,19,0.579833984375,1434,43.76220703125,1,0.030517578125,0x21F6AB56,0,575,384,0.0,2.24609375,1.5,0,0x04,0,0,0,1,0,0,1,0,0,0,,,,,,,,,,,,,,,,,,,,,,
227,3,PORTAL_FAR,7.6,255756,7805.0537109375,1454,44.37255859375,22.536451169188446,20,0.6103515625,1434,43.76220703125,0,0.0,0xDF40AB83,0,596,384,0.0,2.328125,1.5,0,0x04,0,0,0,1,0,0,1,0,0,0,,,,,,,,,,,,,,,,,,,,,,
228,3,PORTAL_FAR,7.633333333333334,257210,7849.42626953125,1454,44.37255859375,22.536451169188446,19,0.579833984375,1434,43.76220703125,1,0.030517578125,0xC8B687A0,0,617,384,0.0,2.41015625,1.5,0,0x04,0,0,0,1,0,0,1,0,0,0,,,,,,,,,,,,,,,,,,,,,,
229,3,PORTAL_FAR,7.666666666666667,258665,7893.829345703125,1455,44.403076171875,22.520962199312716,20,0.6103515625,1435,43.792724609375,0,0.0,0x21711EA5,0,638,384,0.0,2.4921875,1.5,0,0x04,0,0,0,1,0,0,1,0,0,0,,,,,,,,,,,,,,,,,,,,,,
230,3,PORTAL_FAR,7.7,260125,7938.385009765625,1460,44.5556640625,22.443835616438356,19,0.579833984375,1441,43.975830078125,0,0.0,0xEF2709EA,0,659,384,0.0,2.57421875,1.5,0,0x04,0,0,0,1,0,0,1,0,0,0,,,,,,,,,,,,,,,,,,,,,,
231,3,PORTAL_FAR,7.733333333333333,261589,7983.062744140625,1464,44.677734375,22.382513661202186,19,0.579833984375,1444,44.0673828125,1,0.030517578125,0xA681AE77,0,680,384,0.0,2.65625,1.5,0,0x04,0,0,0,1,0,0,1,0,0,0,,,,,,,,,,,,,,,,,,,,,,
232,3,PORTAL_FAR,7.766666666666667,263052,8027.7099609375,1463,44.647216796875,22.39781271360219,20,0.6103515625,1443,44.036865234375,0,0.0,0xC1415BE4,0,701,384,0.0,2.73828125,1.5,0,0x04,0,0,0,1,0,0,1,0,0,0,,,,,,,,,,,,,,,,,,,,,,
233,3,PORTAL_FAR,7.8,264516,8072.3876953125,1464,44.677734375,22.382513661202186,19,0.579833984375,1444,44.0673828125,1,0.030517578125,0x15562539,0,722,384,0.0,2.8203125,1.5,0,0x04,0,0,0,1,0,0,1,0,0,0,,,,,,,,,,,,,,,,,,,,,,
234,3,PORTAL_FAR,7.833333333333333,265982,8117.12646484375,1466,44.73876953125,22.351978171896317,20,0.6103515625,1445,44.097900390625,1,0.030517578125,0x2E3AAF2E,0,743,384,0.0,2.90234375,1.5,0,0x04,0,0,0,1,0,0,1,0,0,0,,,,,,,,,,,,,,,,,,,,,,
235,3,PORTAL_FAR,7.866666666666666,267448,8161.865234375,1466,44.73876953125,22.351978171896317,20,0.6103515625,1445,44.097900390625,1,0.030517578125,0x6A11B2BB,0,764,384,0.0,2.984375,1.5,0,0x04,0,0,0,1,0,0,1,0,0,0,,,,,,,,,,,,,,,,,,,,,,
236,3,PORTAL_FAR,7.9,268937,8207.305908203125,1489,45.440673828125,22.006715916722634,19,0.579833984375,1469,44.830322265625,1,0.030517578125,0x98AF8E0D,0,785,384,0.0,3.06640625,1.5,0,0x04,0,0,0,1,0,0,1,0,0,0,,,,,,,,,,,,,,,,,,,,,,
237,3,PORTAL_FAR,7.933333333333334,270427,8252.777099609375,1490,45.47119140625,21.99194630872483,19,0.579833984375,1470,44.86083984375,1,0.030517578125,0x3C798CE8,0,806,384,0.0,3.1484375,1.5,0,0x04,0,0,0,1,0,0,1,0,0,0,,,,,,,,,,,,,,,,,,,,,,
238,3,PORTAL_FAR,7.966666666666667,271917,8298.248291015625,1490,45.47119140625,21.99194630872483,20,0.6103515625,1470,44.86083984375,0,0.0,0xE5941D8F,0,827,384,0.0,3.23046875,1.5,0,0x04,0,0,0,1,0,0,1,0,0,0,,,,,,,,,,,,,,,,,,,,,,
239,3,PORTAL_FAR,8.0,273406,8343.68896484375,1489,45.440673828125,22.006715916722634,19,0.579833984375,1470,44.86083984375,0,0.0,0xB6B9C662,0,848,384,0.0,3.3125,1.5,0,0x04,0,0,0,1,0,0,1,0,0,0,,,,,,,,,,,,,,,,,,,,,,
240,3,PORTAL_FAR,8.033333333333333,274897,8389.190673828125,1491,45.501708984375,21.97719651240778,19,0.579833984375,1471,44.891357421875,1,0.030517578125,0xD8E4F351,0,869,384,0.0,3.39453125,1.5,0,0x04,0,0,0,1,0,0,1,0,0,0,,,,,,,,,,,,,,,,,,,,,,
241,3,PORTAL_FAR,8.066666666666666,276397,8434.967041015625,1500,45.7763671875,21.845333333333333,20,0.6103515625,1479,45.135498046875,1,0.030517578125,0x6E5527DC,0,890,384,0.0,3.4765625,1.5,0,0x04,0,0,0,1,0,0,1,0,0,0,,,,,,,,,,,,,,,,,,,,,,
242,3,PORTAL_FAR,8.1,277896,8480.712890625,1499,45.745849609375,21.859906604402934,20,0.6103515625,1478,45.10498046875,1,0.030517578125,0x41C83353,0,911,384,0.0,3.55859375,1.5,0,0x04,0,0,0,1,0,0,1,0,0,0,,,,,,,,,,,,,,,,,,,,,,
243,3,PORTAL_FAR,8.133333333333333,279396,8526.4892578125,1500,45.7763671875,21.845333333333333,20,0.6103515625,1479,45.135498046875,1,0.030517578125,0xF40E8226,0,932,384,0.0,3.640625,1.5,0,0x04,0,0,0,1,0,0,1,0,0,0,,,,,,,,,,,,,,,,,,,,,,
244,3,PORTAL_FAR,8.166666666666666,280896,8572.265625,1500,45.7763671875,21.845333333333333,20,0.6103515625,1479,45.135498046875,1,0.030517578125,0x48B41C45,0,953,384,0.0,3.72265625,1.5,0,0x04,0,0,0,1,0,0,1,0,0,0,,,,,,,,,,,,,,,,,,,,,,
245,3,PORTAL_FAR,8.2,282383,8617.645263671875,1487,45.379638671875,22.036314727639542,20,0.6103515625,1467,44.769287109375,0,0.0,0xD734A8A0,0,974,384,0.0,3.8046875,1.5,0,0x04,0,0,0,1,0,0,1,0,0,0,,,,,,,,,,,,,,,,,,,,,,
246,3,PORTAL_FAR,8.233333333333333,283867,8662.933349609375,1484,45.2880859375,22.080862533692724,19,0.579833984375,1465,44.708251953125,0,0.0,0xCA13AD67,0,995,384,0.0,3.88671875,1.5,0,0x04,0,0,0,1,0,0,1,0,0,0,,,,,,,,,,,,,,,,,,,,,,
247,3,PORTAL_FAR,8.266666666666667,285352,8708.251953125,1485,45.318603515625,22.065993265993267,19,0.579833984375,1465,44.708251953125,1,0.030517578125,0x67B1739A,0,1016,384,0.0,3.96875,1.5,0,0x04,0,0,0,1,0,0,1,0,0,0,,,,,,,,,,,,,,,,,,,,,,
248,3,PORTAL_FAR,8.3,286839,8753.631591796875,1487,45.379638671875,22.036314727639542,20,0.6103515625,1467,44.769287109375,0,0.0,0xA1481F06,0,1037,384,0.0,4.05078125,1.5,0,0x04,0,0,0,1,0,0,1,0,0,0,,,,,,,,,,,,,,,,,,,,,,
249,3,PORTAL_FAR,8.333333333333334,288333,8799.224853515625,1494,45.59326171875,21.933065595716197,19,0.579833984375,1474,44.98291015625,1,0.030517578125,0xEFFF61B3,0,1058,384,0.0,4.1328125,1.5,0,0x04,0,0,0,1,0,0,1,0,0,0,,,,,,,,,,,,,,,,,,,,,,
250,3,PORTAL_FAR,8.366666666666667,289828,8844.8486328125,1495,45.623779296875,21.91839464882943,20,0.6103515625,1474,44.98291015625,1,0.030517578125,0x0292F82C,0,1079,384,0.0,4.21484375,1.5,0,0x04,0,0,0,1,0,0,1,0,0,0,,,,,,,,,,,,,,,,,,,,,,
251,3,PORTAL_FAR,8.4,291329,8890.655517578125,1501,45.806884765625,21.830779480346436,20,0.6103515625,1481,45.196533203125,0,0.0,0x0E050D61,0,1100,384,0.0,4.296875,1.5,0,0x04,0,0,0,1,0,0,1,0,0,0,,,,,,,,,,,,,,,,,,,,,,
252,3,PORTAL_FAR,8.433333333333334,292851,8937.103271484375,1522,46.44775390625,21.529566360052563,19,0.579833984375,1502,45.83740234375,1,0.030517578125,0x42376622,0,1121,384,0.0,4.37890625,1.5,0,0x04,0,0,0,1,0,0,1,0,0,0,,,,,,,,,,,,,,,,,,,,,,
253,3,PORTAL_FAR,8.466666666666667,294372,8983.5205078125,1521,46.417236328125,21.54372123602893,20,0.6103515625,1501,45.806884765625,0,0.0,0xD22FBA7F,0,1142,384,0.0,4.4609375,1.5,0,0x04,0,0,0,1,0,0,1,0,0,0,,,,,,,,,,,,,,,,,,,,,,
254,3,PORTAL_FAR,8.5,295896,9030.029296875,1524,46.5087890625,21.501312335958005,19,0.579833984375,1505,45.928955078125,0,0.0,0x7259FE18,0,1163,384,0.0,4.54296875,1.5,0,0x06,1,1,0,1,0,0,1,0,0,0,45.8984375,0.030517578125,0.1220703125,18.5546875,4.638671875,1.495361328125,4.608154296875,2.8076171875,0.0,13.031005859375,0.6103515625,0,0,0,0,0,0,0,0,0,0,0
255,3,PORTAL_FAR,8.533333333333333,297420,9076.5380859375,1524,46.5087890625,21.501312335958005,19,0.579833984375,1505,45.928955078125,0,0.0,0xCE60C26D,0,1184,384,0.0,4.625,1.5,0,0x04,0,0,0,1,0,0,1,0,0,0,,,,,,,,,,,,,,,,,,,,,,
256,3,PORTAL_FAR,8.566666666666666,298912,9122.0703125,1492,45.5322265625,21.962466487935657,19,0.579833984375,1472,44.921875,1,0.030517578125,0xA69ACC5E,0,1205,384,0.0,4.70703125,1.5,0,0x04,0,0,0,1,0,0,1,0,0,0,,,,,,,,,,,,,,,,,,,,,,
257,3,PORTAL_FAR,8.6,300194,9161.19384765625,1282,39.12353515625,25.5600624024961,20,0.6103515625,1261,38.482666015625,1,0.030517578125,0xEA84E66B,0,1226,384,0.0,4.7890625,1.5,0,0x04,0,0,0,1,0,0,1,0,0,0,,,,,,,,,,,,,,,,,,,,,,
258,3,PORTAL_FAR,8.633333333333333,301497,9200.958251953125,1303,39.764404296875,25.148119723714505,19,0.579833984375,1283,39.154052734375,1,0.030517578125,0xECE8EFE4,0,1247,384,0.0,4.87109375,1.5,0,0x04,0,0,0,1,0,0,1,0,0,0,,,,,,,,,,,,,,,,,,,,,,
259,3,PORTAL_FAR,8.666666666666666,302800,9240.72265625,1303,39.764404296875,25.148119723714505,19,0.579833984375,1283,39.154052734375,1,0.030517578125,0x96B259B9,0,1268,384,0.0,4.953125,1.5,0,0x04,0,0,0,1,0,0,1,0,0,0,,,,,,,,,,,,,,,,,,,,,,
260,3,PORTAL_FAR,8.7,304106,9280.57861328125,1306,39.85595703125,25.090352220520675,20,0.6103515625,1285,39.215087890625,1,0.030517578125,0xAD36C447,0,1289,384,0.0,5.03515625,1.5,0,0x04,0,0,0,1,0,0,1,0,0,0,,,,,,,,,,,,,,,,,,,,,,
261,3,PORTAL_FAR,8.733333333333333,305419,9320.648193359375,1313,40.069580078125,24.956587966488957,20,0.6103515625,1292,39.4287109375,1,0.030517578125,0x3B78C54A,0,1310,384,0.0,5.1171875,1.5,0,0x04,0,0,0,1,0,0,1,0,0,0,,,,,,,,,,,,,,,,,,,,,,
262,3,PORTAL_FAR,8.766666666666667,306742,9361.02294921875,1323,40.374755859375,24.767951625094483,19,0.579833984375,1303,39.764404296875,1,0.030517578125,0xF990F785,0,1331,384,0.0,5.19921875,1.5,0,0x04,0,0,0,1,0,0,1,0,0,0,,,,,,,,,,,,,,,,,,,,,,
263,3,PORTAL_FAR,8.8,308066,9401.42822265625,1324,40.4052734375,24.749244712990937,20,0.6103515625,1303,39.764404296875,1,0.030517578125,0xB7CC6310,0,1352,384,0.0,5.28125,1.5,0,0x04,0,0,0,1,0,0,1,0,0,0,,,,,,,,,,,,,,,,,,,,,,
264,3,PORTAL_FAR,8.833333333333334,309394,9441.95556640625,1328,40.52734375,24.674698795180724,20,0.6103515625,1308,39.9169921875,0,0.0,0xA51AF683,0,1373,384,0.0,5.36328125,1.5,0,0x04,0,0,0,1,0,0,1,0,0,0,,,,,,,,,,,,,,,,,,,,,,
265,3,PORTAL_FAR,8.866666666666667,310722,9482.48291015625,1328,40.52734375,24.674698795180724,19,0.579833984375,1308,39.9169921875,1,0.030517578125,0x437F0B56,0,1394,384,0.0,5.4453125,1.5,0,0x04,0,0,0,1,0,0,1,0,0,0,,,,,,,,,,,,,,,,,,,,,,
266,3,PORTAL_FAR,8.9,312050,9523.01025390625,1328,40.52734375,24.674698795180724,20,0.6103515625,1308,39.9169921875,0,0.0,0xC5DAB451,0,1415,384,0.0,5.52734375,1.5,0,0x04,0,0,0,1,0,0,1,0,0,0,,,,,,,,,,,,,,,,,,,,,,
267,3,PORTAL_FAR,8.933333333333334,313378,9563.53759765625,1328,40.52734375,24.674698795180724,19,0.579833984375,1308,39.9169921875,1,0.030517578125,0x5B4AE8DC,0,1436,384,0.0,5.609375,1.5,0,0x04,0,0,0,1,0,0,1,0,0,0,,,,,,,,,,,,,,,,,,,,,,
268,3,PORTAL_FAR,8.966666666666667,314697,9603.790283203125,1319,40.252685546875,24.84306292645944,20,0.6103515625,1298,39.61181640625,1,0.030517578125,0x521ED99F,0,1457,384,0.0,5.69140625,1.5,0,0x04,0,0,0,1,0,0,1,0,0,0,,,,,,,,,,,,,,,,,,,,,,
269,3,PORTAL_FAR,9.0,316016,9644.04296875,1319,40.252685546875,24.84306292645944,20,0.6103515625,1298,39.61181640625,1,0.030517578125,0x50B58722,0,1478,384,0.0,5.7734375,1.5,0,0x04,0,0,0,1,0,0,1,0,0,0,,,,,,,,,,,,,,,,,,,,,,
270,3,PORTAL_FAR,9.033333333333333,317342,9684.50927734375,1326,40.46630859375,24.71191553544495,20,0.6103515625,1305,39.825439453125,1,0.030517578125,0x61C697BD,0,1499,384,0.0,5.85546875,1.5,0,0x04,0,0,0,1,0,0,1,0,0,0,,,,,,,,,,,,,,,,,,,,,,
271,3,PORTAL_FAR,9.066666666666666,318669,9725.006103515625,1327,40.496826171875,24.693293142426526,20,0.6103515625,1306,39.85595703125,1,0.030517578125,0xB4265268,0,1520,384,0.0,5.9375,1.5,0,0x04,0,0,0,1,0,0,1,0,0,0,,,,,,,,,,,,,,,,,,,,,,
272,3,PORTAL_FAR,9.1,319999,9765.594482421875,1330,40.58837890625,24.637593984962407,19,0.579833984375,1311,40.008544921875,0,0.0,0xFC700458,0,1541,384,0.0,6.01953125,1.5,0,0x04,0,0,0,1,0,0,1,0,0,0,,,,,,,,,,,,,,,,,,,,,,
273,3,PORTAL_FAR,9.133333333333333,321328,9806.15234375,1329,40.557861328125,24.656132430398795,19,0.579833984375,1310,39.97802734375,0,0.0,0x5E89D90D,0,1562,384,0.0,6.1015625,1.5,0,0x04,0,0,0,1,0,0,1,0,0,0,,,,,,,,,,,,,,,,,,,,,,
274,3,PORTAL_FAR,9.166666666666666,322661,9846.832275390625,1333,40.679931640625,24.582145536384097,19,0.579833984375,1314,40.10009765625,0,0.0,0x6BEE3C0A,0,1583,384,0.0,6.18359375,1.5,0,0x04,0,0,0,1,0,0,1,0,0,0,,,,,,,,,,,,,,,,,,,,,,
275,3,PORTAL_FAR,9.2,323993,9887.481689453125,1332,40.6494140625,24.6006006006006,19,0.579833984375,1313,40.069580078125,0,0.0,0xEAA784B7,0,1604,384,0.0,6.265625,1.5,0,0x04,0,0,0,1,0,0,1,0,0,0,,,,,,,,,,,,,,,,,,,,,,
276,3,PORTAL_FAR,9.233333333333333,325335,9928.436279296875,1342,40.95458984375,24.417287630402384,19,0.579833984375,1322,40.34423828125,1,0.030517578125,0xCD80AA54,0,1625,384,0.0,6.34765625,1.5,0,0x04,0,0,0,1,0,0,1,0,0,0,,,,,,,,,,,,,,,,,,,,,,
277,3,PORTAL_FAR,9.266666666666667,326683,9969.573974609375,1348,41.1376953125,24.30860534124629,20,0.6103515625,1327,40.496826171875,1,0.030517578125,0x49B2EFD9,0,1646,384,0.0,6.4296875,1.5,0,0x04,0,0,0,1,0,0,1,0,0,0,,,,,,,,,,,,,,,,,,,,,,
278,3,PORTAL_FAR,9.3,328030,10010.68115234375,1347,41.107177734375,24.326651818856718,20,0.6103515625,1327,40.496826171875,0,0.0,0xC0B06496,0,1667,384,0.0,6.51171875,1.5,0,0x04,0,0,0,1,0,0,1,0,0,0,,,,,,,,,,,,,,,,,,,,,,
279,3,PORTAL_FAR,9.333333333333334,329376,10051.7578125,1346,41.07666015625,24.344725111441306,19,0.579833984375,1327,40.496826171875,0,0.0,0xA72A6D23,0,1688,384,0.0,6.59375,1.5,0,0x0C,0,0,0,1,1,0,1,0,0,0,,,,,,,,,,,,,,,,,,,,,,
280,4,PORTAL_NEAR,9.366666666666667,330733,10093.170166015625,1357,41.412353515625,24.14738393515107,19,0.579833984375,1338,40.83251953125,0,0.0,0x62A14290,0,1709,384,0.0,6.67578125,1.5,0,0x04,0,0,0,1,0,0,1,0,0,0,,,,,,,,,,,,,,,,,,,,,,
281,4,PORTAL_NEAR,9.4,332091,10134.613037109375,1358,41.44287109375,24.12960235640648,19,0.579833984375,1338,40.83251953125,1,0.030517578125,0xB6B60BE5,0,1730,384,0.0,6.7578125,1.5,0,0x04,0,0,0,1,0,0,1,0,0,0,,,,,,,,,,,,,,,,,,,,,,
282,4,PORTAL_NEAR,9.433333333333334,333454,10176.20849609375,1363,41.595458984375,24.041085840058695,19,0.579833984375,1344,41.015625,0,0.0,0x645005E2,0,1751,384,0.0,6.83984375,1.5,0,0x04,0,0,0,1,0,0,1,0,0,0,,,,,,,,,,,,,,,,,,,,,,
283,4,PORTAL_NEAR,9.466666666666667,334816,10217.7734375,1362,41.56494140625,24.058737151248163,19,0.579833984375,1343,40.985107421875,0,0.0,0x00039F6F,0,1772,384,0.0,6.921875,1.5,0,0x04,0,0,0,1,0,0,1,0,0,0,,,,,,,,,,,,,,,,,,,,,,
284,4,PORTAL_NEAR,9.5,336359,10264.862060546875,1543,47.088623046875,21.23655217109527,19,0.579833984375,1523,46.478271484375,1,0.030517578125,0xD120EC41,0,1793,384,0.0,7.00390625,1.5,0,0x04,0,0,0,1,0,0,1,0,0,0,,,,,,,,,,,,,,,,,,,,,,
285,4,PORTAL_NEAR,9.533333333333333,337908,10312.1337890625,1549,47.271728515625,21.154293092317623,19,0.579833984375,1529,46.661376953125,1,0.030517578125,0x73C92B1C,0,1814,384,0.0,7.0859375,1.5,0,0x04,0,0,0,1,0,0,1,0,0,0,,,,,,,,,,,,,,,,,,,,,,
286,4,PORTAL_NEAR,9.566666666666666,339457,10359.405517578125,1549,47.271728515625,21.154293092317623,20,0.6103515625,1528,46.630859375,1,0.030517578125,0x60CD5E3B,0,1835,384,0.0,7.16796875,1.5,0,0x04,0,0,0,1,0,0,1,0,0,0,,,,,,,,,,,,,,,,,,,,,,
287,4,PORTAL_NEAR,9.6,341008,10406.73828125,1551,47.332763671875,21.12701482914249,20,0.6103515625,1531,46.722412109375,0,0.0,0x32E6260E,0,1856,384,0.0,7.25,1.5,0,0x04,0,0,0,1,0,0,1,0,0,0,,,,,,,,,,,,,,,,,,,,,,
288,4,PORTAL_NEAR,9.633333333333333,342555,10453.948974609375,1547,47.210693359375,21.18164188752424,19,0.579833984375,1527,46.600341796875,1,0.030517578125,0xCFA1D4FD,0,1877,384,0.0,7.33203125,1.5,0,0x04,0,0,0,1,0,0,1,0,0,0,,,,,,,,,,,,,,,,,,,,,,
289,4,PORTAL_NEAR,9.666666666666666,344102,10501.15966796875,1547,47.210693359375,21.18164188752424,20,0.6103515625,1527,46.600341796875,0,0.0,0x6726E888,0,1898,384,0.0,7.4140625,1.5,0,0x04,0,0,0,1,0,0,1,0,0,0,,,,,,,,,,,,,,,,,,,,,,
290,4,PORTAL_NEAR,9.7,345667,10548.919677734375,1565,47.760009765625,20.938019169329074,19,0.579833984375,1546,47.18017578125,0,0.0,0x20263787,0,1919,384,0.0,7.49609375,1.5,0,0x04,0,0,0,1,0,0,1,0,0,0,,,,,,,,,,,,,,,,,,,,,,
291,4,PORTAL_NEAR,9.733333333333333,347233,10596.710205078125,1566,47.79052734375,20.924648786717754,19,0.579833984375,1547,47.210693359375,0,0.0,0x5AE10ADA,0,1940,384,0.0,7.578125,1.5,0,0x04,0,0,0,1,0,0,1,0,0,0,,,,,,,,,,,,,,,,,,,,,,
292,4,PORTAL_NEAR,9.766666666666667,348813,10644.927978515625,1580,48.2177734375,20.739240506329114,19,0.579833984375,1561,47.637939453125,0,0.0,0x5A29A9F9,0,1961,384,0.0,7.66015625,1.5,0,0x04,0,0,0,1,0,0,1,0,0,0,,,,,,,,,,,,,,,,,,,,,,
293,4,PORTAL_NEAR,9.8,350395,10693.206787109375,1582,48.27880859375,20.713021491782555,19,0.579833984375,1562,47.66845703125,1,0.030517578125,0x814E47D4,0,1982,384,0.0,7.7421875,1.5,0,0x04,0,0,0,1,0,0,1,0,0,0,,,,,,,,,,,,,,,,,,,,,,
294,4,PORTAL_NEAR,9.833333333333334,351977,10741.485595703125,1582,48.27880859375,20.713021491782555,20,0.6103515625,1562,47.66845703125,0,0.0,0x18426913,0,2003,384,0.0,7.82421875,1.5,0,0x04,0,0,0,1,0,0,1,0,0,0,,,,,,,,,,,,,,,,,,,,,,
295,4,PORTAL_NEAR,9.866666666666667,353572,10790.1611328125,1595,48.675537109375,20.54420062695925,19,0.579833984375,1576,48.095703125,0,0.0,0x5E6E5546,0,2024,384,0.0,7.90625,1.5,0,0x04,0,0,0,1,0,0,1,0,0,0,,,,,,,,,,,,,,,,,,,,,,
296,4,PORTAL_NEAR,9.9,355145,10838.165283203125,1573,48.004150390625,20.831532104259377,19,0.579833984375,1554,47.42431640625,0,0.0,0x80998235,0,2045,384,0.0,7.98828125,1.5,0,0x04,0,0,0,1,0,0,1,0,0,0,,,,,,,,,,,,,,,,,,,,,,
297,4,PORTAL_NEAR,9.933333333333334,356720,10886.23046875,1575,48.065185546875,20.805079365079365,19,0.579833984375,1555,47.454833984375,1,0.030517578125,0xB9B1BE5F,0,2066,384,0.0,8.0703125,1.5,0,0x04,0,0,0,1,0,0,1,0,0,0,,,,,,,,,,,,,,,,,,,,,,
298,4,PORTAL_NEAR,9.966666666666667,358308,10934.6923828125,1588,48.4619140625,20.634760705289672,20,0.6103515625,1568,47.8515625,0,0.0,0x2AD4C960,0,2087,384,0.0,8.15234375,1.5,0,0x04,0,0,0,1,0,0,1,0,0,0,,,,,,,,,,,,,,,,,,,,,,
299,4,PORTAL_NEAR,10.0,359909,10983.551025390625,1601,48.858642578125,20.467207995003122,19,0.579833984375,1581,48.248291015625,1,0.030517578125,0xBFF5AA95,0,2108,384,0.0,8.234375,1.5,0,0x04,0,0,0,1,0,0,1,0,0,0,,,,,,,,,,,,,,,,,,,,,,
300,4,PORTAL_NEAR,10.033333333333333,361525,11032.867431640625,1616,49.31640625,20.277227722772277,20,0.6103515625,1595,48.675537109375,1,0.030517578125,0x4D9E3F56,0,2129,384,0.0,8.31640625,1.5,0,0x04,0,0,0,1,0,0,1,0,0,0,,,,,,,,,,,,,,,,,,,,,,
301,4,PORTAL_NEAR,10.066666666666666,363176,11083.251953125,1651,50.384521484375,19.847365233192004,20,0.6103515625,1631,49.774169921875,0,0.0,0xBABF1433,0,2150,384,0.0,8.3984375,1.5,0,0x04,0,0,0,1,0,0,1,0,0,0,,,,,,,,,,,,,,,,,,,,,,
302,4,PORTAL_NEAR,10.1,364839,11134.002685546875,1663,50.750732421875,19.70414912808178,19,0.579833984375,1644,50.1708984375,0,0.0,0x9E77BAD4,0,2171,384,0.0,8.48046875,1.5,0,0x04,0,0,0,1,0,0,1,0,0,0,,,,,,,,,,,,,,,,,,,,,,
303,4,PORTAL_NEAR,10.133333333333333,366515,11185.150146484375,1676,51.1474609375,19.55131264916468,19,0.579833984375,1657,50.567626953125,0,0.0,0xBBB1AF29,0,2192,384,0.0,8.5625,1.5,0,0x04,0,0,0,1,0,0,1,0,0,0,,,,,,,,,,,,,,,,,,,,,,
304,4,PORTAL_NEAR,10.166666666666666,368206,11236.75537109375,1691,51.605224609375,19.377882909520995,19,0.579833984375,1671,50.994873046875,1,0.030517578125,0x4629139A,0,2213,384,0.0,8.64453125,1.5,0,0x04,0,0,0,1,0,0,1,0,0,0,,,,,,,,,,,,,,,,,,,,,,
305,4,PORTAL_NEAR,10.2,369910,11288.75732421875,1704,52.001953125,19.230046948356808,20,0.6103515625,1684,51.3916015625,0,0.0,0xB2BD4927,0,2234,384,0.0,8.7265625,1.5,0,0x04,0,0,0,1,0,0,1,0,0,0,,,,,,,,,,,,,,,,,,,,,,
306,4,PORTAL_NEAR,10.233333333333333,371612,11340.6982421875,1702,51.94091796875,19.25264394829612,19,0.579833984375,1683,51.361083984375,0,0.0,0x75A50988,0,2255,384,0.0,8.80859375,1.5,0,0x04,0,0,0,1,0,0,1,0,0,0,,,,,,,,,,,,,,,,,,,,,,
307,4,PORTAL_NEAR,10.266666666666667,373317,11392.730712890625,1705,52.032470703125,19.218768328445748,19,0.579833984375,1685,51.422119140625,1,0.030517578125,0x3350AD5D,0,2276,384,0.0,8.890625,1.5,0,0x04,0,0,0,1,0,0,1,0,0,0,,,,,,,,,,,,,,,,,,,,,,
308,4,PORTAL_NEAR,10.3,375024,11444.82421875,1707,52.093505859375,19.196250732278852,20,0.6103515625,1687,51.483154296875,0,0.0,0x69A6C0FE,0,2297,384,0.0,8.97265625,1.5,0,0x06,1,1,0,1,0,0,1,0,0,0,51.422119140625,0.0,0.1220703125,12.87841796875,3.387451171875,2.197265625,12.939453125,6.256103515625,0.0,13.0615234375,0.579833984375,0,0,0,0,0,0,0,0,0,0,0
309,4,PORTAL_NEAR,10.333333333333334,376730,11496.88720703125,1706,52.06298828125,19.207502930832355,19,0.579833984375,1687,51.483154296875,0,0.0,0x366CD1EE,0,2318,384,0.0,9.0546875,1.5,0,0x04,0,0,0,1,0,0,1,0,0,0,,,,,,,,,,,,,,,,,,,,,,
310,4,PORTAL_NEAR,10.366666666666667,378436,11548.9501953125,1706,52.06298828125,19.207502930832355,19,0.579833984375,1687,51.483154296875,0,0.0,0xC3435431,0,2339,384,0.0,9.13671875,1.5,0,0x04,0,0,0,1,0,0,1,0,0,0,,,,,,,,,,,,,,,,,,,,,,
311,4,PORTAL_NEAR,10.4,380143,11601.043701171875,1707,52.093505859375,19.196250732278852,19,0.579833984375,1687,51.483154296875,1,0.030517578125,0xCF5C623C,0,2360,384,0.0,9.21875,1.5,0,0x04,0,0,0,1,0,0,1,0,0,0,,,,,,,,,,,,,,,,,,,,,,
312,4,PORTAL_NEAR,10.433333333333334,381850,11653.13720703125,1707,52.093505859375,19.196250732278852,20,0.6103515625,1687,51.483154296875,0,0.0,0xF349B22F,0,2381,384,0.0,9.30078125,1.5,0,0x04,0,0,0,1,0,0,1,0,0,0,,,,,,,,,,,,,,,,,,,,,,
313,4,PORTAL_NEAR,10.466666666666667,383556,11705.2001953125,1706,52.06298828125,19.207502930832355,19,0.579833984375,1687,51.483154296875,0,0.0,0xB5BF8E02,0,2402,384,0.0,9.3828125,1.5,0,0x04,0,0,0,1,0,0,1,0,0,0,,,,,,,,,,,,,,,,,,,,,,
314,4,PORTAL_NEAR,10.5,385264,11757.32421875,1708,52.1240234375,19.185011709601874,20,0.6103515625,1687,51.483154296875,1,0.030517578125,0xC450AA05,0,2423,384,0.0,9.46484375,1.5,0,0x04,0,0,0,1,0,0,1,0,0,0,,,,,,,,,,,,,,,,,,,,,,
315,4,PORTAL_NEAR,10.533333333333333,386971,11809.417724609375,1707,52.093505859375,19.196250732278852,20,0.6103515625,1686,51.45263671875,1,0.030517578125,0x6CC07690,0,2444,384,0.0,9.546875,1.5,0,0x0C,0,0,0,1,1,0,1,0,0,0,,,,,,,,,,,,,,,,,,,,,,
316,5,CROSS_DOWN,10.566666666666666,388676,11861.4501953125,1705,52.032470703125,19.218768328445748,19,0.579833984375,1686,51.45263671875,0,0.0,0x12BF43D3,0,2465,384,0.0,9.62890625,1.5,0,0x06,1,1,0,1,0,0,1,0,0,0,51.422119140625,0.030517578125,0.091552734375,12.908935546875,3.35693359375,2.227783203125,12.908935546875,6.256103515625,0.0,13.0615234375,0.579833984375,0,0,0,0,0,0,0,0,0,0,0
317,5,CROSS_DOWN,10.6,390252,11909.5458984375,1576,48.095703125,20.79187817258883,20,0.6103515625,1556,47.4853515625,0,0.0,0xF8731ED6,0,2486,384,0.0,9.7109375,1.5,0,0x04,0,0,0,1,0,0,1,0,0,0,,,,,,,,,,,,,,,,,,,,,,
318,5,CROSS_DOWN,10.633333333333333,391917,11960.357666015625,1665,50.811767578125,19.68048048048048,892,27.2216796875,773,23.590087890625,0,0.0,0x55DB212F,3072,1282,1189,12.0,5.0078125,4.64453125,1,0x05,0,0,1,1,0,0,1,0,0,0,,,,,,,,,,,,,,,,,,,,,,
319,5,CROSS_DOWN,10.666666666666666,392710,11984.55810546875,793,24.200439453125,41.32156368221942,19,0.579833984375,773,23.590087890625,1,0.030517578125,0x2C3FE3A2,3071,1261,1165,11.99609375,4.92578125,4.55078125,1,0x0C,0,0,0,1,1,0,1,0,0,0,,,,,,,,,,,,,,,,,,,,,,
320,6,RETURN_UP,10.7,393514,12009.09423828125,804,24.5361328125,40.756218905472636,18,0.54931640625,786,23.98681640625,0,0.0,0xE58885F5,3071,1261,1165,11.99609375,4.92578125,4.55078125,1,0x14,0,0,0,1,0,1,0,0,0,1,,,,,,,,,,,,,,,,,,,,,,
321,6,RETURN_UP,10.733333333333333,394319,12033.660888671875,805,24.566650390625,40.7055900621118,18,0.54931640625,786,23.98681640625,1,0.030517578125,0x64268D6D,3071,1261,1165,11.99609375,4.92578125,4.55078125,1,0x10,0,0,0,0,0,1,0,0,0,0,,,,,,,,,,,,,,,,,,,,,,
322,6,RETURN_UP,10.766666666666667,395123,12058.197021484375,804,24.5361328125,40.756218905472636,18,0.54931640625,786,23.98681640625,0,0.0,0x1F13C0A3,3071,1262,1186,11.99609375,4.9296875,4.6328125,1,0x14,0,0,0,1,0,1,-1,0,0,0,,,,,,,,,,,,,,,,,,,,,,
323,6,RETURN_UP,10.8,396022,12085.63232421875,899,27.435302734375,36.449388209121246,18,0.54931640625,881,26.885986328125,0,0.0,0x456DF621,3071,1263,1207,11.99609375,4.93359375,4.71484375,1,0x14,0,0,0,1,0,1,-1,0,0,0,,,,,,,,,,,,,,,,,,,,,,
324,6,RETURN_UP,10.833333333333334,398526,12162.04833984375,2504,76.416015625,13.08626198083067,904,27.587890625,1600,48.828125,0,0.0,0xE3304181,1,2468,400,0.00390625,9.640625,1.5625,0,0x15,0,0,1,1,0,1,-1,0,0,0,,,,,,,,,,,,,,,,,,,,,,
325,6,RETURN_UP,10.866666666666667,400127,12210.906982421875,1601,48.858642578125,20.467207995003122,18,0.54931640625,1582,48.27880859375,1,0.030517578125,0xF5333920,0,2447,399,0.0,9.55859375,1.55859375,0,0x14,0,0,0,1,0,1,-1,0,0,0,,,,,,,,,,,,,,,,,,,,,,
326,6,RETURN_UP,10.9,401675,12258.148193359375,1548,47.2412109375,21.16795865633075,18,0.54931640625,1529,46.661376953125,1,0.030517578125,0x5C77CA77,-1,2426,398,-0.00390625,9.4765625,1.5546875,0,0x14,0,0,0,1,0,1,-1,0,0,0,,,,,,,,,,,,,,,,,,,,,,
327,6,RETURN_UP,10.933333333333334,403318,12308.28857421875,1643,50.140380859375,19.944004869141814,18,0.54931640625,1624,49.560546875,1,0.030517578125,0x2B5C216C,-2,2405,397,-0.0078125,9.39453125,1.55078125,0,0x14,0,0,0,1,0,1,-1,0,0,0,,,,,,,,,,,,,,,,,,,,,,
328,6,RETURN_UP,10.966666666666667,404960,12358.3984375,1642,50.10986328125,19.956151035322776,18,0.54931640625,1623,49.530029296875,1,0.030517578125,0xF6398C29,-3,2384,396,-0.01171875,9.3125,1.546875,0,0x14,0,0,0,1,0,1,-1,0,0,0,,,,,,,,,,,,,,,,,,,,,,
329,6,RETURN_UP,11.0,406625,12409.210205078125,1665,50.811767578125,19.68048048048048,18,0.54931640625,1646,50.23193359375,1,0.030517578125,0xA4A3A3D6,-4,2363,395,-0.015625,9.23046875,1.54296875,0,0x1E,1,1,0,1,1,1,-1,0,0,0,50.1708984375,0.0,0.1220703125,12.939453125,3.35693359375,2.227783203125,11.871337890625,5.615234375,0.0,13.0615234375,0.9765625,0,0,0,0,0,0,0,0,0,0,0
330,7,LOD_RETREAT,11.033333333333333,408300,12460.3271484375,1675,51.116943359375,19.562985074626866,18,0.54931640625,1657,50.567626953125,0,0.0,0xF56371FB,-5,2342,394,-0.01953125,9.1484375,1.5390625,0,0x14,0,0,0,1,0,1,-1,0,0,0,,,,,,,,,,,,,,,,,,,,,,
331,7,LOD_RETREAT,11.066666666666666,410006,12512.39013671875,1706,52.06298828125,19.207502930832355,18,0.54931640625,1688,51.513671875,0,0.0,0x7882CB50,-6,2321,393,-0.0234375,9.06640625,1.53515625,0,0x14,0,0,0,1,0,1,-1,0,0,0,,,,,,,,,,,,,,,,,,,,,,
332,7,LOD_RETREAT,11.1,411724,12564.8193359375,1718,52.42919921875,19.073341094295692,17,0.518798828125,1701,51.910400390625,0,0.0,0x1ABD154C,-7,2300,392,-0.02734375,8.984375,1.53125,0,0x14,0,0,0,1,0,1,-1,0,0,0,,,,,,,,,,,,,,,,,,,,,,
333,7,LOD_RETREAT,11.133333333333333,413443,12617.279052734375,1719,52.459716796875,19.062245491564862,17,0.518798828125,1701,51.910400390625,1,0.030517578125,0x4DB8A0AB,-8,2279,391,-0.03125,8.90234375,1.52734375,0,0x14,0,0,0,1,0,1,-1,0,0,0,,,,,,,,,,,,,,,,,,,,,,
334,7,LOD_RETREAT,11.166666666666666,415161,12669.708251953125,1718,52.42919921875,19.073341094295692,18,0.54931640625,1700,51.8798828125,0,0.0,0x1BD7CB8E,-9,2258,390,-0.03515625,8.8203125,1.5234375,0,0x14,0,0,0,1,0,1,-1,0,0,0,,,,,,,,,,,,,,,,,,,,,,
335,7,LOD_RETREAT,11.2,416883,12722.259521484375,1722,52.55126953125,19.02903600464576,18,0.54931640625,1703,51.971435546875,1,0.030517578125,0x4C778345,-10,2237,389,-0.0390625,8.73828125,1.51953125,0,0x14,0,0,0,1,0,1,-1,0,0,0,,,,,,,,,,,,,,,,,,,,,,
336,7,LOD_RETREAT,11.233333333333333,418612,12775.0244140625,1729,52.764892578125,18.951995373048003,18,0.54931640625,1711,52.215576171875,0,0.0,0x06EDCEF0,-11,2216,388,-0.04296875,8.65625,1.515625,0,0x14,0,0,0,1,0,1,-1,0,0,0,,,,,,,,,,,,,,,,,,,,,,
337,7,LOD_RETREAT,11.266666666666667,420339,12827.728271484375,1727,52.703857421875,18.97394325419803,17,0.518798828125,1710,52.18505859375,0,0.0,0xC108F23F,-12,2195,387,-0.046875,8.57421875,1.51171875,0,0x14,0,0,0,1,0,1,-1,0,0,0,,,,,,,,,,,,,,,,,,,,,,
338,7,LOD_RETREAT,11.3,422074,12880.67626953125,1735,52.947998046875,18.886455331412105,18,0.54931640625,1716,52.3681640625,1,0.030517578125,0xEB460C72,-13,2174,386,-0.05078125,8.4921875,1.5078125,0,0x16,1,1,0,1,0,1,-1,0,0,0,52.337646484375,0.030517578125,0.1220703125,13.00048828125,3.387451171875,2.197265625,13.275146484375,6.28662109375,0.0,13.0615234375,0.9765625,0,0,0,0,0,0,0,0,0,0,0
339,7,LOD_RETREAT,11.333333333333334,423806,12933.53271484375,1732,52.8564453125,18.919168591224018,18,0.54931640625,1713,52.276611328125,1,0.030517578125,0xC75B1FA9,-14,2153,385,-0.0546875,8.41015625,1.50390625,0,0x14,0,0,0,1,0,1,-1,0,0,0,,,,,,,,,,,,,,,,,,,,,,
340,7,LOD_RETREAT,11.366666666666667,425503,12985.321044921875,1697,51.788330078125,19.30936947554508,18,0.54931640625,1678,51.20849609375,1,0.030517578125,0x551F57A4,-15,2132,384,-0.05859375,8.328125,1.5,0,0x14,0,0,0,1,0,1,-1,0,0,0,,,,,,,,,,,,,,,,,,,,,,
341,7,LOD_RETREAT,11.4,427163,13035.980224609375,1660,50.6591796875,19.73975903614458,18,0.54931640625,1641,50.079345703125,1,0.030517578125,0xA2C57EE3,-16,2111,383,-0.0625,8.24609375,1.49609375,0,0x14,0,0,0,1,0,1,-1,0,0,0,,,,,,,,,,,,,,,,,,,,,,
342,7,LOD_RETREAT,11.433333333333334,428806,13086.12060546875,1643,50.140380859375,19.944004869141814,18,0.54931640625,1625,49.591064453125,0,0.0,0x5D84EBA6,-17,2090,382,-0.06640625,8.1640625,1.4921875,0,0x14,0,0,0,1,0,1,-1,0,0,0,,,,,,,,,,,,,,,,,,,,,,
343,7,LOD_RETREAT,11.466666666666667,430452,13136.3525390625,1646,50.23193359375,19.907654921020654,18,0.54931640625,1627,49.652099609375,1,0.030517578125,0xA77A597D,-18,2069,381,-0.0703125,8.08203125,1.48828125,0,0x14,0,0,0,1,0,1,-1,0,0,0,,,,,,,,,,,,,,,,,,,,,,
344,7,LOD_RETREAT,11.5,432101,13186.676025390625,1649,50.323486328125,19.87143723468769,18,0.54931640625,1630,49.74365234375,1,0.030517578125,0x55E94EE8,-19,2048,380,-0.07421875,8.0,1.484375,0,0x14,0,0,0,1,0,1,-1,0,0,0,,,,,,,,,,,,,,,,,,,,,,
345,7,LOD_RETREAT,11.533333333333333,433744,13236.81640625,1643,50.140380859375,19.944004869141814,18,0.54931640625,1624,49.560546875,1,0.030517578125,0xAB3EB63C,-20,2027,379,-0.078125,7.91796875,1.48046875,0,0x14,0,0,0,1,0,1,-1,0,0,0,,,,,,,,,,,,,,,,,,,,,,
346,7,LOD_RETREAT,11.566666666666666,435384,13286.865234375,1640,50.048828125,19.98048780487805,18,0.54931640625,1622,49.49951171875,0,0.0,0x78FA7859,-21,2006,378,-0.08203125,7.8359375,1.4765625,0,0x14,0,0,0,1,0,1,-1,0,0,0,,,,,,,,,,,,,,,,,,,,,,
347,7,LOD_RETREAT,11.6,437011,13336.517333984375,1627,49.652099609375,20.14013521819299,17,0.518798828125,1609,49.102783203125,1,0.030517578125,0xE7DBE762,-22,1985,377,-0.0859375,7.75390625,1.47265625,0,0x14,0,0,0,1,0,1,-1,0,0,0,,,,,,,,,,,,,,,,,,,,,,
348,7,LOD_RETREAT,11.633333333333333,438638,13386.16943359375,1627,49.652099609375,20.14013521819299,18,0.54931640625,1608,49.072265625,1,0.030517578125,0x385BD137,-23,1964,376,-0.08984375,7.671875,1.46875,0,0x14,0,0,0,1,0,1,-1,0,0,0,,,,,,,,,,,,,,,,,,,,,,
349,7,LOD_RETREAT,11.666666666666666,440249,13435.333251953125,1611,49.163818359375,20.34016139044072,18,0.54931640625,1593,48.614501953125,0,0.0,0x357E8788,-24,1943,375,-0.09375,7.58984375,1.46484375,0,0x14,0,0,0,1,0,1,-1,0,0,0,,,,,,,,,,,,,,,,,,,,,,
350,7,LOD_RETREAT,11.7,441861,13484.527587890625,1612,49.1943359375,20.327543424317618,18,0.54931640625,1593,48.614501953125,1,0.030517578125,0xDF9E50B5,-25,1922,374,-0.09765625,7.5078125,1.4609375,0,0x14,0,0,0,1,0,1,-1,0,0,0,,,,,,,,,,,,,,,,,,,,,,
351,7,LOD_RETREAT,11.733333333333333,443454,13533.14208984375,1593,48.614501953125,20.569993722536097,18,0.54931640625,1574,48.03466796875,1,0.030517578125,0xE76B625E,-26,1901,373,-0.1015625,7.42578125,1.45703125,0,0x14,0,0,0,1,0,1,-1,0,0,0,,,,,,,,,,,,,,,,,,,,,,
352,7,LOD_RETREAT,11.766666666666667,445046,13581.72607421875,1592,48.583984375,20.582914572864322,18,0.54931640625,1573,48.004150390625,1,0.030517578125,0x95527963,-27,1880,372,-0.10546875,7.34375,1.453125,0,0x14,0,0,0,1,0,1,-1,0,0,0,,,,,,,,,,,,,,,,,,,,,,
353,7,LOD_RETREAT,11.8,446633,13630.157470703125,1587,48.431396484375,20.647763074984248,18,0.54931640625,1568,47.8515625,1,0.030517578125,0x8E13BCD4,-28,1859,371,-0.109375,7.26171875,1.44921875,0,0x14,0,0,0,1,0,1,-1,0,0,0,,,,,,,,,,,,,,,,,,,,,,
354,7,LOD_RETREAT,11.833333333333334,448210,13678.28369140625,1577,48.126220703125,20.77869372225745,18,0.54931640625,1558,47.54638671875,1,0.030517578125,0xD14DDB71,-29,1838,370,-0.11328125,7.1796875,1.4453125,0,0x14,0,0,0,1,0,1,-1,0,0,0,,,,,,,,,,,,,,,,,,,,,,
355,7,LOD_RETREAT,11.866666666666667,449812,13727.1728515625,1602,48.88916015625,20.454431960049938,18,0.54931640625,1583,48.309326171875,1,0.030517578125,0x68E66BFA,-30,1817,369,-0.1171875,7.09765625,1.44140625,0,0x14,0,0,0,1,0,1,-1,0,0,0,,,,,,,,,,,,,,,,,,,,,,
356,7,LOD_RETREAT,11.9,451316,13773.0712890625,1504,45.8984375,21.78723404255319,18,0.54931640625,1485,45.318603515625,1,0.030517578125,0xA61B072F,-31,1796,368,-0.12109375,7.015625,1.4375,0,0x14,0,0,0,1,0,1,-1,0,0,0,,,,,,,,,,,,,,,,,,,,,,
357,7,LOD_RETREAT,11.933333333333334,452817,13818.878173828125,1501,45.806884765625,21.830779480346436,18,0.54931640625,1482,45.22705078125,1,0.030517578125,0x55966161,-32,1775,367,-0.125,6.93359375,1.43359375,0,0x14,0,0,0,1,0,1,-1,0,0,0,,,,,,,,,,,,,,,,,,,,,,
358,7,LOD_RETREAT,11.966666666666667,454318,13864.68505859375,1501,45.806884765625,21.830779480346436,18,0.54931640625,1482,45.22705078125,1,0.030517578125,0x2A16FA7C,-33,1754,366,-0.12890625,6.8515625,1.4296875,0,0x14,0,0,0,1,0,1,-1,0,0,0,,,,,,,,,,,,,,,,,,,,,,
359,7,LOD_RETREAT,12.0,455828,13910.7666015625,1510,46.08154296875,21.70066225165563,18,0.54931640625,1492,45.5322265625,0,0.0,0x7AF63907,-34,1733,365,-0.1328125,6.76953125,1.42578125,0,0x14,0,0,0,1,0,1,-1,0,0,0,,,,,,,,,,,,,,,,,,,,,,
360,7,LOD_RETREAT,12.033333333333333,457337,13956.817626953125,1509,46.051025390625,21.71504307488403,18,0.54931640625,1491,45.501708984375,0,0.0,0xD97A20BA,-35,1712,364,-0.13671875,6.6875,1.421875,0,0x14,0,0,0,1,0,1,-1,0,0,0,,,,,,,,,,,,,,,,,,,,,,
361,7,LOD_RETREAT,12.066666666666666,458846,14002.86865234375,1509,46.051025390625,21.71504307488403,18,0.54931640625,1491,45.501708984375,0,0.0,0x08A0658D,-36,1691,363,-0.140625,6.60546875,1.41796875,0,0x14,0,0,0,1,0,1,-1,0,0,0,,,,,,,,,,,,,,,,,,,,,,
362,7,LOD_RETREAT,12.1,460333,14048.248291015625,1487,45.379638671875,22.036314727639542,18,0.54931640625,1469,44.830322265625,0,0.0,0x3B2ED158,-37,1670,362,-0.14453125,6.5234375,1.4140625,0,0x14,0,0,0,1,0,1,-1,0,0,0,,,,,,,,,,,,,,,,,,,,,,
363,7,LOD_RETREAT,12.133333333333333,461819,14093.597412109375,1486,45.34912109375,22.05114401076716,18,0.54931640625,1468,44.7998046875,0,0.0,0x6FE1A9A3,-38,1649,361,-0.1484375,6.44140625,1.41015625,0,0x14,0,0,0,1,0,1,-1,0,0,0,,,,,,,,,,,,,,,,,,,,,,
364,7,LOD_RETREAT,12.166666666666666,463296,14138.671875,1477,45.074462890625,22.18551117129316,17,0.518798828125,1460,44.5556640625,0,0.0,0xF40E85E6,-39,1628,360,-0.15234375,6.359375,1.40625,0,0x14,0,0,0,1,0,1,-1,0,0,0,,,,,,,,,,,,,,,,,,,,,,
365,7,LOD_RETREAT,12.2,464693,14181.304931640625,1397,42.633056640625,23.45597709377237,18,0.54931640625,1379,42.083740234375,0,0.0,0x72D9B089,-40,1607,359,-0.15625,6.27734375,1.40234375,0,0x14,0,0,0,1,0,1,-1,0,0,0,,,,,,,,,,,,,,,,,,,,,,
366,7,LOD_RETREAT,12.233333333333333,466087,14223.846435546875,1394,42.54150390625,23.506456241033,17,0.518798828125,1377,42.022705078125,0,0.0,0x49A65404,-41,1586,358,-0.16015625,6.1953125,1.3984375,0,0x14,0,0,0,1,0,1,-1,0,0,0,,,,,,,,,,,,,,,,,,,,,,
367,7,LOD_RETREAT,12.266666666666667,467468,14265.9912109375,1381,42.144775390625,23.72773352643012,18,0.54931640625,1363,41.595458984375,0,0.0,0x0BBFB66F,-42,1565,357,-0.1640625,6.11328125,1.39453125,0,0x14,0,0,0,1,0,1,-1,0,0,0,,,,,,,,,,,,,,,,,,,,,,
368,7,LOD_RETREAT,12.3,468848,14308.10546875,1380,42.1142578125,23.744927536231884,18,0.54931640625,1362,41.56494140625,0,0.0,0x891258C2,-43,1544,356,-0.16796875,6.03125,1.390625,0,0x14,0,0,0,1,0,1,-1,0,0,0,,,,,,,,,,,,,,,,,,,,,,
369,7,LOD_RETREAT,12.333333333333334,470240,14350.5859375,1392,42.48046875,23.54022988505747,18,0.54931640625,1373,41.900634765625,1,0.030517578125,0xF99191D2,-44,1523,355,-0.171875,5.94921875,1.38671875,0,0x14,0,0,0,1,0,1,-1,0,0,0,,,,,,,,,,,,,,,,,,,,,,
370,7,LOD_RETREAT,12.366666666666667,471635,14393.157958984375,1395,42.572021484375,23.489605734767025,18,0.54931640625,1376,41.9921875,1,0.030517578125,0xE444F69F,-45,1502,354,-0.17578125,5.8671875,1.3828125,0,0x14,0,0,0,1,0,1,-1,0,0,0,,,,,,,,,,,,,,,,,,,,,,
371,7,LOD_RETREAT,12.4,473030,14435.72998046875,1395,42.572021484375,23.489605734767025,18,0.54931640625,1376,41.9921875,1,0.030517578125,0x40905A1C,-46,1481,353,-0.1796875,5.78515625,1.37890625,0,0x14,0,0,0,1,0,1,-1,0,0,0,,,,,,,,,,,,,,,,,,,,,,
372,7,LOD_RETREAT,12.433333333333334,474407,14477.752685546875,1377,42.022705078125,23.79665940450254,18,0.54931640625,1359,41.473388671875,0,0.0,0x53054201,-47,1460,352,-0.18359375,5.703125,1.375,0,0x14,0,0,0,1,0,1,-1,0,0,0,,,,,,,,,,,,,,,,,,,,,,
373,7,LOD_RETREAT,12.466666666666667,475783,14519.744873046875,1376,41.9921875,23.813953488372093,18,0.54931640625,1357,41.412353515625,1,0.030517578125,0x7A204B3E,-48,1439,351,-0.1875,5.62109375,1.37109375,0,0x14,0,0,0,1,0,1,-1,0,0,0,,,,,,,,,,,,,,,,,,,,,,
374,7,LOD_RETREAT,12.5,477144,14561.279296875,1361,41.534423828125,24.076414401175604,18,0.54931640625,1342,40.95458984375,1,0.030517578125,0x5CF2055B,-49,1418,350,-0.19140625,5.5390625,1.3671875,0,0x14,0,0,0,1,0,1,-1,0,0,0,,,,,,,,,,,,,,,,,,,,,,
375,7,LOD_RETREAT,12.533333333333333,478510,14602.96630859375,1366,41.68701171875,23.988286969253295,18,0.54931640625,1347,41.107177734375,1,0.030517578125,0x596A5818,-50,1397,349,-0.1953125,5.45703125,1.36328125,0,0x14,0,0,0,1,0,1,-1,0,0,0,,,,,,,,,,,,,,,,,,,,,,
376,7,LOD_RETREAT,12.566666666666666,479870,14644.47021484375,1360,41.50390625,24.094117647058823,18,0.54931640625,1342,40.95458984375,0,0.0,0xFF08E4ED,-51,1376,348,-0.19921875,5.375,1.359375,0,0x14,0,0,0,1,0,1,-1,0,0,0,,,,,,,,,,,,,,,,,,,,,,
377,7,LOD_RETREAT,12.6,481226,14685.85205078125,1356,41.3818359375,24.16519174041298,18,0.54931640625,1337,40.802001953125,1,0.030517578125,0xA8F2C94A,-52,1355,347,-0.203125,5.29296875,1.35546875,0,0x1C,0,0,0,1,1,1,-1,0,0,0,,,,,,,,,,,,,,,,,,,,,,
378,8,LOD_APPROACH,12.633333333333333,482587,14727.386474609375,1361,41.534423828125,24.076414401175604,17,0.518798828125,1343,40.985107421875,1,0.030517578125,0x4D002ED7,-51,1376,348,-0.19921875,5.375,1.359375,0,0x14,0,0,0,1,0,1,1,0,0,0,,,,,,,,,,,,,,,,,,,,,,
379,8,LOD_APPROACH,12.666666666666666,483951,14769.012451171875,1364,41.6259765625,24.023460410557185,18,0.54931640625,1346,41.07666015625,0,0.0,0x09B88652,-50,1397,349,-0.1953125,5.45703125,1.36328125,0,0x14,0,0,0,1,0,1,1,0,0,0,,,,,,,,,,,,,,,,,,,,,,
380,8,LOD_APPROACH,12.7,485310,14810.48583984375,1359,41.473388671875,24.111846946284032,17,0.518798828125,1342,40.95458984375,0,0.0,0xCDD83805,-49,1418,350,-0.19140625,5.5390625,1.3671875,0,0x14,0,0,0,1,0,1,1,0,0,0,,,,,,,,,,,,,,,,,,,,,,
381,8,LOD_APPROACH,12.733333333333333,486684,14852.4169921875,1374,41.93115234375,23.848617176128094,17,0.518798828125,1357,41.412353515625,0,0.0,0x6D2BFD58,-48,1439,351,-0.1875,5.62109375,1.37109375,0,0x14,0,0,0,1,0,1,1,0,0,0,,,,,,,,,,,,,,,,,,,,,,
382,8,LOD_APPROACH,12.766666666666667,488061,14894.439697265625,1377,42.022705078125,23.79665940450254,17,0.518798828125,1359,41.473388671875,1,0.030517578125,0x6961D88B,-47,1460,352,-0.18359375,5.703125,1.375,0,0x14,0,0,0,1,0,1,1,0,0,0,,,,,,,,,,,,,,,,,,,,,,
383,8,LOD_APPROACH,12.8,489455,14936.981201171875,1394,42.54150390625,23.506456241033,18,0.54931640625,1376,41.9921875,0,0.0,0x28A5ED36,-46,1481,353,-0.1796875,5.78515625,1.37890625,0,0x14,0,0,0,1,0,1,1,0,0,0,,,,,,,,,,,,,,,,,,,,,,
384,8,LOD_APPROACH,12.833333333333334,490849,14979.522705078125,1394,42.54150390625,23.506456241033,17,0.518798828125,1376,41.9921875,1,0.030517578125,0xE48DD0E9,-45,1502,354,-0.17578125,5.8671875,1.3828125,0,0x14,0,0,0,1,0,1,1,0,0,0,,,,,,,,,,,,,,,,,,,,,,
385,8,LOD_APPROACH,12.866666666666667,492239,15021.942138671875,1390,42.41943359375,23.57410071942446,18,0.54931640625,1372,41.8701171875,0,0.0,0xC38C156C,-44,1523,355,-0.171875,5.94921875,1.38671875,0,0x14,0,0,0,1,0,1,1,0,0,0,,,,,,,,,,,,,,,,,,,,,,
386,8,LOD_APPROACH,12.9,493619,15064.056396484375,1380,42.1142578125,23.744927536231884,17,0.518798828125,1362,41.56494140625,1,0.030517578125,0x8254B51C,-43,1544,356,-0.16796875,6.03125,1.390625,0,0x14,0,0,0,1,0,1,1,0,0,0,,,,,,,,,,,,,,,,,,,,,,
387,8,LOD_APPROACH,12.933333333333334,495000,15106.201171875,1381,42.144775390625,23.72773352643012,18,0.54931640625,1363,41.595458984375,0,0.0,0xF9894479,-42,1565,357,-0.1640625,6.11328125,1.39453125,0,0x14,0,0,0,1,0,1,1,0,0,0,,,,,,,,,,,,,,,,,,,,,,
388,8,LOD_APPROACH,12.966666666666667,496394,15148.74267578125,1394,42.54150390625,23.506456241033,17,0.518798828125,1377,42.022705078125,0,0.0,0x404CAEBE,-41,1586,358,-0.16015625,6.1953125,1.3984375,0,0x14,0,0,0,1,0,1,1,0,0,0,,,,,,,,,,,,,,,,,,,,,,
389,8,LOD_APPROACH,13.0,497791,15191.375732421875,1397,42.633056640625,23.45597709377237,17,0.518798828125,1379,42.083740234375,1,0.030517578125,0x4A50E553,-40,1607,359,-0.15625,6.27734375,1.40234375,0,0x14,0,0,0,1,0,1,1,0,0,0,,,,,,,,,,,,,,,,,,,,,,
390,8,LOD_APPROACH,13.033333333333333,499270,15236.51123046875,1479,45.135498046875,22.15551048005409,18,0.54931640625,1460,44.5556640625,1,0.030517578125,0x7ED10880,-39,1628,360,-0.15234375,6.359375,1.40625,0,0x14,0,0,0,1,0,1,1,0,0,0,,,,,,,,,,,,,,,,,,,,,,
391,8,LOD_APPROACH,13.066666666666666,500756,15281.8603515625,1486,45.34912109375,22.05114401076716,18,0.54931640625,1468,44.7998046875,0,0.0,0xC510522D,-38,1649,361,-0.1484375,6.44140625,1.41015625,0,0x14,0,0,0,1,0,1,1,0,0,0,,,,,,,,,,,,,,,,,,,,,,
392,8,LOD_APPROACH,13.1,502244,15327.2705078125,1488,45.41015625,22.021505376344088,17,0.518798828125,1470,44.86083984375,1,0.030517578125,0x2D35DF92,-37,1670,362,-0.14453125,6.5234375,1.4140625,0,0x14,0,0,0,1,0,1,1,0,0,0,,,,,,,,,,,,,,,,,,,,,,
393,8,LOD_APPROACH,13.133333333333333,503755,15373.382568359375,1511,46.112060546875,21.686300463269358,18,0.54931640625,1492,45.5322265625,1,0.030517578125,0xEDF495F7,-36,1691,363,-0.140625,6.60546875,1.41796875,0,0x14,0,0,0,1,0,1,1,0,0,0,,,,,,,,,,,,,,,,,,,,,,
394,8,LOD_APPROACH,13.166666666666666,505265,15419.464111328125,1510,46.08154296875,21.70066225165563,18,0.54931640625,1491,45.501708984375,1,0.030517578125,0xA1277674,-35,1712,364,-0.13671875,6.6875,1.421875,0,0x14,0,0,0,1,0,1,1,0,0,0,,,,,,,,,,,,,,,,,,,,,,
395,8,LOD_APPROACH,13.2,506774,15465.51513671875,1509,46.051025390625,21.71504307488403,18,0.54931640625,1491,45.501708984375,0,0.0,0x15EEA471,-34,1733,365,-0.1328125,6.76953125,1.42578125,0,0x14,0,0,0,1,0,1,1,0,0,0,,,,,,,,,,,,,,,,,,,,,,
396,8,LOD_APPROACH,13.233333333333333,508355,15513.763427734375,1581,48.248291015625,20.726122707147375,17,0.518798828125,1564,47.7294921875,0,0.0,0xB4086516,-33,1754,366,-0.12890625,6.8515625,1.4296875,0,0x14,0,0,0,1,0,1,1,0,0,0,,,,,,,,,,,,,,,,,,,,,,
397,8,LOD_APPROACH,13.266666666666667,509852,15559.4482421875,1497,45.684814453125,21.889111556446228,17,0.518798828125,1480,45.166015625,0,0.0,0xD3CEDB6B,-32,1775,367,-0.125,6.93359375,1.43359375,0,0x14,0,0,0,1,0,1,1,0,0,0,,,,,,,,,,,,,,,,,,,,,,
398,8,LOD_APPROACH,13.3,511350,15605.16357421875,1498,45.71533203125,21.874499332443257,17,0.518798828125,1480,45.166015625,1,0.030517578125,0x37907739,-31,1796,368,-0.12109375,7.015625,1.4375,0,0x14,0,0,0,1,0,1,1,0,0,0,,,,,,,,,,,,,,,,,,,,,,
399,8,LOD_APPROACH,13.333333333333334,512950,15653.99169921875,1600,48.828125,20.48,18,0.54931640625,1582,48.27880859375,0,0.0,0x354D8EB4,-30,1817,369,-0.1171875,7.09765625,1.44140625,0,0x14,0,0,0,1,0,1,1,0,0,0,,,,,,,,,,,,,,,,,,,,,,
400,8,LOD_APPROACH,13.366666666666667,514551,15702.850341796875,1601,48.858642578125,20.467207995003122,17,0.518798828125,1584,48.33984375,0,0.0,0xB989B73B,-29,1838,370,-0.11328125,7.1796875,1.4453125,0,0x14,0,0,0,1,0,1,1,0,0,0,,,,,,,,,,,,,,,,,,,,,,
401,8,LOD_APPROACH,13.4,516146,15751.52587890625,1595,48.675537109375,20.54420062695925,17,0.518798828125,1577,48.126220703125,1,0.030517578125,0xA649088E,-28,1859,371,-0.109375,7.26171875,1.44921875,0,0x14,0,0,0,1,0,1,1,0,0,0,,,,,,,,,,,,,,,,,,,,,,
402,8,LOD_APPROACH,13.433333333333334,517734,15799.98779296875,1588,48.4619140625,20.634760705289672,18,0.54931640625,1569,47.882080078125,1,0.030517578125,0x81CF51ED,-27,1880,372,-0.10546875,7.34375,1.453125,0,0x14,0,0,0,1,0,1,1,0,0,0,,,,,,,,,,,,,,,,,,,,,,
403,8,LOD_APPROACH,13.466666666666667,519325,15848.541259765625,1591,48.553466796875,20.595851665619108,18,0.54931640625,1573,48.004150390625,0,0.0,0x141BC178,-26,1901,373,-0.1015625,7.42578125,1.45703125,0,0x14,0,0,0,1,0,1,1,0,0,0,,,,,,,,,,,,,,,,,,,,,,
404,8,LOD_APPROACH,13.5,520935,15897.674560546875,1610,49.13330078125,20.3527950310559,17,0.518798828125,1592,48.583984375,1,0.030517578125,0xBB50435F,-25,1922,374,-0.09765625,7.5078125,1.4609375,0,0x14,0,0,0,1,0,1,1,0,0,0,,,,,,,,,,,,,,,,,,,,,,
405,8,LOD_APPROACH,13.533333333333333,522547,15946.868896484375,1612,49.1943359375,20.327543424317618,18,0.54931640625,1593,48.614501953125,1,0.030517578125,0x03554D82,-24,1943,375,-0.09375,7.58984375,1.46484375,0,0x14,0,0,0,1,0,1,1,0,0,0,,,,,,,,,,,,,,,,,,,,,,
406,8,LOD_APPROACH,13.566666666666666,524172,15996.4599609375,1625,49.591064453125,20.164923076923078,18,0.54931640625,1607,49.041748046875,0,0.0,0x3EEA4DA1,-23,1964,376,-0.08984375,7.671875,1.46875,0,0x14,0,0,0,1,0,1,1,0,0,0,,,,,,,,,,,,,,,,,,,,,,
407,8,LOD_APPROACH,13.6,525799,16046.112060546875,1627,49.652099609375,20.14013521819299,17,0.518798828125,1609,49.102783203125,1,0.030517578125,0x3C71A03C,-22,1985,377,-0.0859375,7.75390625,1.47265625,0,0x14,0,0,0,1,0,1,1,0,0,0,,,,,,,,,,,,,,,,,,,,,,
408,8,LOD_APPROACH,13.633333333333333,527440,16096.19140625,1641,50.079345703125,19.968312004875077,18,0.54931640625,1622,49.49951171875,1,0.030517578125,0xDC36DBE3,-21,2006,378,-0.08203125,7.8359375,1.4765625,0,0x14,0,0,0,1,0,1,1,0,0,0,,,,,,,,,,,,,,,,,,,,,,
409,8,LOD_APPROACH,13.666666666666666,529082,16146.30126953125,1642,50.10986328125,19.956151035322776,18,0.54931640625,1623,49.530029296875,1,0.030517578125,0xAEE872D6,-20,2027,379,-0.078125,7.91796875,1.48046875,0,0x14,0,0,0,1,0,1,1,0,0,0,,,,,,,,,,,,,,,,,,,,,,
410,8,LOD_APPROACH,13.7,530729,16196.563720703125,1647,50.262451171875,19.89556769884639,18,0.54931640625,1629,49.713134765625,0,0.0,0xF16AEBE2,-19,2048,380,-0.07421875,8.0,1.484375,0,0x14,0,0,0,1,0,1,1,0,0,0,,,,,,,,,,,,,,,,,,,,,,
411,8,LOD_APPROACH,13.733333333333333,532374,16246.76513671875,1645,50.201416015625,19.919756838905776,17,0.518798828125,1627,49.652099609375,1,0.030517578125,0xD823C5E7,-18,2069,381,-0.0703125,8.08203125,1.48828125,0,0x14,0,0,0,1,0,1,1,0,0,0,,,,,,,,,,,,,,,,,,,,,,
412,8,LOD_APPROACH,13.766666666666667,534018,16296.93603515625,1644,50.1708984375,19.931873479318735,18,0.54931640625,1625,49.591064453125,1,0.030517578125,0x15BBCA40,-17,2090,382,-0.06640625,8.1640625,1.4921875,0,0x14,0,0,0,1,0,1,1,0,0,0,,,,,,,,,,,,,,,,,,,,,,
413,8,LOD_APPROACH,13.8,535676,16347.5341796875,1658,50.59814453125,19.76357056694813,18,0.54931640625,1640,50.048828125,0,0.0,0x73E6CF6D,-16,2111,383,-0.0625,8.24609375,1.49609375,0,0x14,0,0,0,1,0,1,1,0,0,0,,,,,,,,,,,,,,,,,,,,,,
414,8,LOD_APPROACH,13.833333333333334,537372,16399.2919921875,1696,51.7578125,19.32075471698113,18,0.54931640625,1678,51.20849609375,0,0.0,0x77C63D5E,-15,2132,384,-0.05859375,8.328125,1.5,0,0x14,0,0,0,1,0,1,1,0,0,0,,,,,,,,,,,,,,,,,,,,,,
415,8,LOD_APPROACH,13.866666666666667,539103,16452.117919921875,1731,52.825927734375,18.93009820912767,17,0.518798828125,1713,52.276611328125,1,0.030517578125,0x0B82ACF3,-14,2153,385,-0.0546875,8.41015625,1.50390625,0,0x14,0,0,0,1,0,1,1,0,0,0,,,,,,,,,,,,,,,,,,,,,,
416,8,LOD_APPROACH,13.9,540838,16505.06591796875,1735,52.947998046875,18.886455331412105,18,0.54931640625,1716,52.3681640625,1,0.030517578125,0xAF688A0C,-13,2174,386,-0.05078125,8.4921875,1.5078125,0,0x16,1,1,0,1,0,1,1,0,0,0,52.337646484375,0.0,0.1220703125,13.031005859375,3.387451171875,2.197265625,13.24462890625,6.317138671875,0.0,13.0615234375,0.9765625,0,0,0,0,0,0,0,0,0,0,0
417,8,LOD_APPROACH,13.933333333333334,542567,16557.830810546875,1729,52.764892578125,18.951995373048003,18,0.54931640625,1710,52.18505859375,1,0.030517578125,0x73C02589,-12,2195,387,-0.046875,8.57421875,1.51171875,0,0x14,0,0,0,1,0,1,1,0,0,0,,,,,,,,,,,,,,,,,,,,,,
418,8,LOD_APPROACH,13.966666666666667,544297,16610.626220703125,1730,52.79541015625,18.941040462427747,18,0.54931640625,1711,52.215576171875,1,0.030517578125,0xAB9B46AA,-11,2216,388,-0.04296875,8.65625,1.515625,0,0x14,0,0,0,1,0,1,1,0,0,0,,,,,,,,,,,,,,,,,,,,,,
419,8,LOD_APPROACH,14.0,546019,16663.177490234375,1722,52.55126953125,19.02903600464576,18,0.54931640625,1703,51.971435546875,1,0.030517578125,0x33D8802F,-10,2237,389,-0.0390625,8.73828125,1.51953125,0,0x14,0,0,0,1,0,1,1,0,0,0,,,,,,,,,,,,,,,,,,,,,,
420,8,LOD_APPROACH,14.033333333333333,547738,16715.63720703125,1719,52.459716796875,19.062245491564862,18,0.54931640625,1700,51.8798828125,1,0.030517578125,0xC446B768,-9,2258,390,-0.03515625,8.8203125,1.5234375,0,0x14,0,0,0,1,0,1,1,0,0,0,,,,,,,,,,,,,,,,,,,,,,
421,8,LOD_APPROACH,14.066666666666666,549456,16768.06640625,1718,52.42919921875,19.073341094295692,18,0.54931640625,1700,51.8798828125,0,0.0,0x51285415,-8,2279,391,-0.03125,8.90234375,1.52734375,0,0x14,0,0,0,1,0,1,1,0,0,0,,,,,,,,,,,,,,,,,,,,,,
422,8,LOD_APPROACH,14.1,551175,16820.526123046875,1719,52.459716796875,19.062245491564862,17,0.518798828125,1701,51.910400390625,1,0.030517578125,0x70E57126,-7,2300,392,-0.02734375,8.984375,1.53125,0,0x14,0,0,0,1,0,1,1,0,0,0,,,,,,,,,,,,,,,,,,,,,,
423,8,LOD_APPROACH,14.133333333333333,552882,16872.61962890625,1707,52.093505859375,19.196250732278852,18,0.54931640625,1688,51.513671875,1,0.030517578125,0xA7C9170A,-6,2321,393,-0.0234375,9.06640625,1.53515625,0,0x14,0,0,0,1,0,1,1,0,0,0,,,,,,,,,,,,,,,,,,,,,,
424,8,LOD_APPROACH,14.166666666666666,554557,16923.736572265625,1675,51.116943359375,19.562985074626866,18,0.54931640625,1657,50.567626953125,0,0.0,0x4BE464A5,-5,2342,394,-0.01953125,9.1484375,1.5390625,0,0x14,0,0,0,1,0,1,1,0,0,0,,,,,,,,,,,,,,,,,,,,,,
425,8,LOD_APPROACH,14.2,556221,16974.517822265625,1664,50.78125,19.692307692307693,18,0.54931640625,1646,50.23193359375,0,0.0,0x4FA9DD30,-4,2363,395,-0.015625,9.23046875,1.54296875,0,0x14,0,0,0,1,0,1,1,0,0,0,,,,,,,,,,,,,,,,,,,,,,
426,8,LOD_APPROACH,14.233333333333333,557862,17024.59716796875,1641,50.079345703125,19.968312004875077,17,0.518798828125,1623,49.530029296875,1,0.030517578125,0xF4A56F73,-3,2384,396,-0.01171875,9.3125,1.546875,0,0x14,0,0,0,1,0,1,1,0,0,0,,,,,,,,,,,,,,,,,,,,,,
427,8,LOD_APPROACH,14.266666666666667,559503,17074.676513671875,1641,50.079345703125,19.968312004875077,18,0.54931640625,1623,49.530029296875,0,0.0,0x8BFE6F46,-2,2405,397,-0.0078125,9.39453125,1.55078125,0,0x14,0,0,0,1,0,1,1,0,0,0,,,,,,,,,,,,,,,,,,,,,,
428,8,LOD_APPROACH,14.3,561050,17121.88720703125,1547,47.210693359375,21.18164188752424,17,0.518798828125,1529,46.661376953125,1,0.030517578125,0xDCCA4BE1,-1,2426,398,-0.00390625,9.4765625,1.5546875,0,0x14,0,0,0,1,0,1,1,0,0,0,,,,,,,,,,,,,,,,,,,,,,
429,8,LOD_APPROACH,14.333333333333334,562651,17170.745849609375,1601,48.858642578125,20.467207995003122,18,0.54931640625,1582,48.27880859375,1,0.030517578125,0x0ED9BE1A,0,2447,399,0.0,9.55859375,1.55859375,0,0x14,0,0,0,1,0,1,1,0,0,0,,,,,,,,,,,,,,,,,,,,,,
430,8,LOD_APPROACH,14.366666666666667,564269,17220.123291015625,1618,49.37744140625,20.252163164400493,18,0.54931640625,1600,48.828125,0,0.0,0x40AE6F75,1,2468,400,0.00390625,9.640625,1.5625,0,0x14,0,0,0,1,0,1,1,0,0,0,,,,,,,,,,,,,,,,,,,,,,
431,8,LOD_APPROACH,14.4,565888,17269.53125,1619,49.407958984375,20.23965410747375,18,0.54931640625,1601,48.858642578125,0,0.0,0x06EC46A0,2,2489,401,0.0078125,9.72265625,1.56640625,0,0x14,0,0,0,1,0,1,1,0,0,0,,,,,,,,,,,,,,,,,,,,,,
432,8,LOD_APPROACH,14.433333333333334,567895,17330.780029296875,2007,61.248779296875,16.326856003986048,896,27.34375,1110,33.87451171875,1,0.030517578125,0x545FA80F,3069,1262,1186,11.98828125,4.9296875,4.6328125,1,0x15,0,0,1,1,0,1,1,0,0,0,,,,,,,,,,,,,,,,,,,,,,
433,8,LOD_APPROACH,14.466666666666667,569022,17365.17333984375,1127,34.393310546875,29.075421472937002,18,0.54931640625,1109,33.843994140625,0,0.0,0x2D2E4954,3069,1262,1165,11.98828125,4.9296875,4.55078125,1,0x14,0,0,0,1,0,1,1,0,0,0,,,,,,,,,,,,,,,,,,,,,,
434,8,LOD_APPROACH,14.5,570149,17399.566650390625,1127,34.393310546875,29.075421472937002,18,0.54931640625,1109,33.843994140625,0,0.0,0xF000B19D,3069,1262,1144,11.98828125,4.9296875,4.46875,1,0x14,0,0,0,1,0,1,1,0,0,0,,,,,,,,,,,,,,,,,,,,,,
435,8,LOD_APPROACH,14.533333333333333,571274,17433.89892578125,1125,34.332275390625,29.127111111111113,18,0.54931640625,1107,33.782958984375,0,0.0,0x84453EEE,3069,1262,1123,11.98828125,4.9296875,4.38671875,1,0x14,0,0,0,1,0,1,1,0,0,0,,,,,,,,,,,,,,,,,,,,,,
436,8,LOD_APPROACH,14.566666666666666,572398,17468.20068359375,1124,34.3017578125,29.153024911032027,18,0.54931640625,1105,33.721923828125,1,0.030517578125,0x0D408297,3069,1262,1102,11.98828125,4.9296875,4.3046875,1,0x14,0,0,0,1,0,1,1,0,0,0,,,,,,,,,,,,,,,,,,,,,,
437,8,LOD_APPROACH,14.6,573522,17502.50244140625,1124,34.3017578125,29.153024911032027,18,0.54931640625,1105,33.721923828125,1,0.030517578125,0x8028BE00,3069,1262,1081,11.98828125,4.9296875,4.22265625,1,0x1C,0,0,0,1,1,1,1,0,0,0,,,,,,,,,,,,,,,,,,,,,,
438,9,FREECAM_YAW,14.633333333333333,574649,17536.895751953125,1127,34.393310546875,29.075421472937002,24,0.732421875,1103,33.660888671875,0,0.0,0x53C02975,3069,1262,1081,11.98828125,4.9296875,4.22265625,1,0x14,0,0,0,1,0,1,0,1,0,0,,,,,,,,,,,,,,,,,,,,,,
439,9,FREECAM_YAW,14.666666666666666,575778,17571.35009765625,1129,34.454345703125,29.023914968999115,25,0.762939453125,1103,33.660888671875,1,0.030517578125,0xA2A40271,3069,1262,1081,11.98828125,4.9296875,4.22265625,1,0x14,0,0,0,1,0,1,0,1,0,0,,,,,,,,,,,,,,,,,,,,,,
440,9,FREECAM_YAW,14.7,576889,17605.255126953125,1111,33.905029296875,29.494149414941493,25,0.762939453125,1085,33.111572265625,1,0.030517578125,0xC113AF95,3069,1262,1081,11.98828125,4.9296875,4.22265625,1,0x14,0,0,0,1,0,1,0,1,0,0,,,,,,,,,,,,,,,,,,,,,,
441,9,FREECAM_YAW,14.733333333333333,577985,17638.702392578125,1096,33.447265625,29.8978102189781,25,0.762939453125,1070,32.65380859375,1,0.030517578125,0xFF8769B6,3069,1262,1081,11.98828125,4.9296875,4.22265625,1,0x14,0,0,0,1,0,1,0,1,0,0,,,,,,,,,,,,,,,,,,,,,,
442,9,FREECAM_YAW,14.766666666666667,579065,17671.661376953125,1080,32.958984375,30.340740740740742,25,0.762939453125,1055,32.196044921875,0,0.0,0x042130CE,3069,1262,1081,11.98828125,4.9296875,4.22265625,1,0x14,0,0,0,1,0,1,0,1,0,0,,,,,,,,,,,,,,,,,,,,,,
443,9,FREECAM_YAW,14.8,580113,17703.643798828125,1048,31.982421875,31.267175572519083,25,0.762939453125,1023,31.219482421875,0,0.0,0x70927F5D,3069,1262,1081,11.98828125,4.9296875,4.22265625,1,0x14,0,0,0,1,0,1,0,1,0,0,,,,,,,,,,,,,,,,,,,,,,
444,9,FREECAM_YAW,14.833333333333334,581143,17735.076904296875,1030,31.43310546875,31.813592233009707,24,0.732421875,1006,30.70068359375,0,0.0,0xD2CB2DFC,3069,1262,1081,11.98828125,4.9296875,4.22265625,1,0x14,0,0,0,1,0,1,0,1,0,0,,,,,,,,,,,,,,,,,,,,,,
445,9,FREECAM_YAW,14.866666666666667,582072,17763.427734375,929,28.350830078125,35.272335844994615,25,0.762939453125,904,27.587890625,0,0.0,0x0DC77C76,3069,1262,1081,11.98828125,4.9296875,4.22265625,1,0x14,0,0,0,1,0,1,0,1,0,0,,,,,,,,,,,,,,,,,,,,,,
446,9,FREECAM_YAW,14.9,582978,17791.07666015625,906,27.64892578125,36.16777041942605,24,0.732421875,881,26.885986328125,1,0.030517578125,0x646433BE,3069,1262,1081,11.98828125,4.9296875,4.22265625,1,0x14,0,0,0,1,0,1,0,1,0,0,,,,,,,,,,,,,,,,,,,,,,
447,9,FREECAM_YAW,14.933333333333334,583788,17815.7958984375,810,24.71923828125,40.45432098765432,25,0.762939453125,785,23.956298828125,0,0.0,0x3DDA4090,3069,1262,1081,11.98828125,4.9296875,4.22265625,1,0x14,0,0,0,1,0,1,0,1,0,0,,,,,,,,,,,,,,,,,,,,,,
448,9,FREECAM_YAW,14.966666666666667,584599,17840.545654296875,811,24.749755859375,40.40443896424168,25,0.762939453125,786,23.98681640625,0,0.0,0xFFCB4259,3069,1262,1081,11.98828125,4.9296875,4.22265625,1,0x14,0,0,0,1,0,1,0,1,0,0,,,,,,,,,,,,,,,,,,,,,,
449,9,FREECAM_YAW,15.0,585410,17865.29541015625,811,24.749755859375,40.40443896424168,24,0.732421875,786,23.98681640625,1,0.030517578125,0xBF360EA3,3069,1262,1081,11.98828125,4.9296875,4.22265625,1,0x14,0,0,0,1,0,1,0,1,0,0,,,,,,,,,,,,,,,,,,,,,,
450,9,FREECAM_YAW,15.033333333333333,586315,17892.913818359375,905,27.618408203125,36.20773480662984,25,0.762939453125,880,26.85546875,0,0.0,0x60A33A9C,3069,1262,1081,11.98828125,4.9296875,4.22265625,1,0x14,0,0,0,1,0,1,0,1,0,0,,,,,,,,,,,,,,,,,,,,,,
451,9,FREECAM_YAW,15.066666666666666,587219,17920.501708984375,904,27.587890625,36.24778761061947,24,0.732421875,880,26.85546875,0,0.0,0x198020E6,3069,1262,1081,11.98828125,4.9296875,4.22265625,1,0x14,0,0,0,1,0,1,0,1,0,0,,,,,,,,,,,,,,,,,,,,,,
452,9,FREECAM_YAW,15.1,588245,17951.812744140625,1026,31.31103515625,31.937621832358673,24,0.732421875,1001,30.548095703125,1,0.030517578125,0x3F7972FA,3069,1262,1081,11.98828125,4.9296875,4.22265625,1,0x14,0,0,0,1,0,1,0,1,0,0,,,,,,,,,,,,,,,,,,,,,,
453,9,FREECAM_YAW,15.133333333333333,589277,17983.306884765625,1032,31.494140625,31.751937984496124,25,0.762939453125,1007,30.731201171875,0,0.0,0x8BBE58C6,3069,1262,1081,11.98828125,4.9296875,4.22265625,1,0x14,0,0,0,1,0,1,0,1,0,0,,,,,,,,,,,,,,,,,,,,,,
454,9,FREECAM_YAW,15.166666666666666,590327,18015.350341796875,1050,32.04345703125,31.207619047619048,24,0.732421875,1026,31.31103515625,0,0.0,0x2E1DABB5,3069,1262,1081,11.98828125,4.9296875,4.22265625,1,0x14,0,0,0,1,0,1,0,1,0,0,,,,,,,,,,,,,,,,,,,,,,
455,9,FREECAM_YAW,15.2,591411,18048.431396484375,1084,33.0810546875,30.228782287822877,24,0.732421875,1060,32.3486328125,0,0.0,0x738F6485,3069,1262,1081,11.98828125,4.9296875,4.22265625,1,0x14,0,0,0,1,0,1,0,1,0,0,,,,,,,,,,,,,,,,,,,,,,
456,9,FREECAM_YAW,15.233333333333333,592509,18081.939697265625,1098,33.50830078125,29.84335154826958,24,0.732421875,1073,32.745361328125,1,0.030517578125,0x0BBF162F,3069,1262,1081,11.98828125,4.9296875,4.22265625,1,0x14,0,0,0,1,0,1,0,1,0,0,,,,,,,,,,,,,,,,,,,,,,
457,9,FREECAM_YAW,15.266666666666667,593622,18115.90576171875,1113,33.966064453125,29.44115004492363,25,0.762939453125,1088,33.203125,0,0.0,0x288A2C51,3069,1262,1081,11.98828125,4.9296875,4.22265625,1,0x14,0,0,0,1,0,1,0,1,0,0,,,,,,,,,,,,,,,,,,,,,,
458,9,FREECAM_YAW,15.3,594747,18150.238037109375,1125,34.332275390625,29.127111111111113,25,0.762939453125,1100,33.5693359375,0,0.0,0x2E6A0A0E,3069,1262,1081,11.98828125,4.9296875,4.22265625,1,0x14,0,0,0,1,0,1,0,1,0,0,,,,,,,,,,,,,,,,,,,,,,
459,9,FREECAM_YAW,15.333333333333334,595878,18184.75341796875,1131,34.515380859375,28.97259062776304,25,0.762939453125,1105,33.721923828125,1,0.030517578125,0x83B902EA,3069,1262,1081,11.98828125,4.9296875,4.22265625,1,0x16,1,1,0,1,0,1,0,1,0,0,33.660888671875,0.030517578125,0.091552734375,17.822265625,1.708984375,0.0,0.0,0.0,0.0,13.0615234375,0.946044921875,0,0,0,0,0,0,0,0,0,0,0
460,9,FREECAM_YAW,15.366666666666667,597008,18219.23828125,1130,34.48486328125,28.998230088495575,25,0.762939453125,1104,33.69140625,1,0.030517578125,0x926FA628,3069,1262,1081,11.98828125,4.9296875,4.22265625,1,0x14,0,0,0,1,0,1,0,1,0,0,,,,,,,,,,,,,,,,,,,,,,
461,9,FREECAM_YAW,15.4,598121,18253.204345703125,1113,33.966064453125,29.44115004492363,25,0.762939453125,1088,33.203125,0,0.0,0x49EC8067,3069,1262,1081,11.98828125,4.9296875,4.22265625,1,0x14,0,0,0,1,0,1,0,1,0,0,,,,,,,,,,,,,,,,,,,,,,
462,9,FREECAM_YAW,15.433333333333334,599218,18286.68212890625,1097,33.477783203125,29.870556061987237,24,0.732421875,1073,32.745361328125,0,0.0,0x299B9677,3069,1262,1081,11.98828125,4.9296875,4.22265625,1,0x14,0,0,0,1,0,1,0,1,0,0,,,,,,,,,,,,,,,,,,,,,,
463,9,FREECAM_YAW,15.466666666666667,600302,18319.76318359375,1084,33.0810546875,30.228782287822877,24,0.732421875,1060,32.3486328125,0,0.0,0x9BDD0F89,3069,1262,1081,11.98828125,4.9296875,4.22265625,1,0x14,0,0,0,1,0,1,0,1,0,0,,,,,,,,,,,,,,,,,,,,,,
464,9,FREECAM_YAW,15.5,601374,18352.47802734375,1072,32.71484375,30.567164179104477,24,0.732421875,1047,31.951904296875,1,0.030517578125,0xD178667F,3069,1262,1081,11.98828125,4.9296875,4.22265625,1,0x14,0,0,0,1,0,1,0,1,0,0,,,,,,,,,,,,,,,,,,,,,,
465,9,FREECAM_YAW,15.533333333333333,602389,18383.453369140625,1015,30.975341796875,32.28374384236453,25,0.762939453125,990,30.21240234375,0,0.0,0x44428AB8,3069,1262,1081,11.98828125,4.9296875,4.22265625,1,0x14,0,0,0,1,0,1,0,1,0,0,,,,,,,,,,,,,,,,,,,,,,
466,9,FREECAM_YAW,15.566666666666666,603309,18411.529541015625,920,28.076171875,35.61739130434783,25,0.762939453125,895,27.313232421875,0,0.0,0x5A543504,3069,1262,1081,11.98828125,4.9296875,4.22265625,1,0x14,0,0,0,1,0,1,0,1,0,0,,,,,,,,,,,,,,,,,,,,,,
467,9,FREECAM_YAW,15.6,604230,18439.63623046875,921,28.106689453125,35.57871878393051,24,0.732421875,896,27.34375,1,0.030517578125,0x8890F534,3069,1262,1081,11.98828125,4.9296875,4.22265625,1,0x14,0,0,0,1,0,1,0,1,0,0,,,,,,,,,,,,,,,,,,,,,,
468,9,FREECAM_YAW,15.633333333333333,605152,18467.7734375,922,28.13720703125,35.54013015184382,25,0.762939453125,897,27.374267578125,0,0.0,0x07E496EE,3069,1262,1081,11.98828125,4.9296875,4.22265625,1,0x14,0,0,0,1,0,1,0,1,0,0,,,,,,,,,,,,,,,,,,,,,,
469,9,FREECAM_YAW,15.666666666666666,606079,18496.063232421875,927,28.289794921875,35.34843581445523,24,0.732421875,903,27.557373046875,0,0.0,0x0E8CE62B,3069,1262,1081,11.98828125,4.9296875,4.22265625,1,0x14,0,0,0,1,0,1,0,1,0,0,,,,,,,,,,,,,,,,,,,,,,
470,9,FREECAM_YAW,15.7,607005,18524.322509765625,926,28.25927734375,35.3866090712743,24,0.732421875,902,27.52685546875,0,0.0,0x6C7F7CAB,3069,1262,1081,11.98828125,4.9296875,4.22265625,1,0x14,0,0,0,1,0,1,0,1,0,0,,,,,,,,,,,,,,,,,,,,,,
471,9,FREECAM_YAW,15.733333333333333,607927,18552.459716796875,922,28.13720703125,35.54013015184382,24,0.732421875,898,27.40478515625,0,0.0,0x1860A20C,3069,1262,1081,11.98828125,4.9296875,4.22265625,1,0x14,0,0,0,1,0,1,0,1,0,0,,,,,,,,,,,,,,,,,,,,,,
472,9,FREECAM_YAW,15.766666666666667,608848,18580.56640625,921,28.106689453125,35.57871878393051,24,0.732421875,897,27.374267578125,0,0.0,0x790CD07A,3069,1262,1081,11.98828125,4.9296875,4.22265625,1,0x14,0,0,0,1,0,1,0,1,0,0,,,,,,,,,,,,,,,,,,,,,,
473,9,FREECAM_YAW,15.8,609770,18608.70361328125,922,28.13720703125,35.54013015184382,24,0.732421875,898,27.40478515625,0,0.0,0xC44C36AE,3069,1262,1081,11.98828125,4.9296875,4.22265625,1,0x14,0,0,0,1,0,1,0,1,0,0,,,,,,,,,,,,,,,,,,,,,,
474,9,FREECAM_YAW,15.833333333333334,610715,18637.542724609375,945,28.839111328125,34.67513227513228,24,0.732421875,921,28.106689453125,0,0.0,0xF1AFE5AA,3069,1262,1081,11.98828125,4.9296875,4.22265625,1,0x14,0,0,0,1,0,1,0,1,0,0,,,,,,,,,,,,,,,,,,,,,,
475,9,FREECAM_YAW,15.866666666666667,611667,18666.595458984375,952,29.052734375,34.42016806722689,24,0.732421875,927,28.289794921875,1,0.030517578125,0x5595FB91,3069,1262,1081,11.98828125,4.9296875,4.22265625,1,0x14,0,0,0,1,0,1,0,1,0,0,,,,,,,,,,,,,,,,,,,,,,
476,9,FREECAM_YAW,15.9,612725,18698.883056640625,1058,32.28759765625,30.97164461247637,25,0.762939453125,1033,31.524658203125,0,0.0,0x4E44351A,3069,1262,1081,11.98828125,4.9296875,4.22265625,1,0x14,0,0,0,1,0,1,0,1,0,0,,,,,,,,,,,,,,,,,,,,,,
477,9,FREECAM_YAW,15.933333333333334,613816,18732.177734375,1091,33.294677734375,30.034830430797435,24,0.732421875,1067,32.562255859375,0,0.0,0x1DE63F1A,3069,1262,1081,11.98828125,4.9296875,4.22265625,1,0x14,0,0,0,1,0,1,0,1,0,0,,,,,,,,,,,,,,,,,,,,,,
478,9,FREECAM_YAW,15.966666666666667,614930,18766.17431640625,1114,33.99658203125,29.414721723518852,25,0.762939453125,1088,33.203125,1,0.030517578125,0x61EB8F87,3069,1262,1081,11.98828125,4.9296875,4.22265625,1,0x14,0,0,0,1,0,1,0,1,0,0,,,,,,,,,,,,,,,,,,,,,,
479,9,FREECAM_YAW,16.0,616029,18799.713134765625,1099,33.538818359375,29.816196542311193,25,0.762939453125,1073,32.745361328125,1,0.030517578125,0x649F3B8F,3069,1262,1081,11.98828125,4.9296875,4.22265625,1,0x14,0,0,0,1,0,1,0,1,0,0,,,,,,,,,,,,,,,,,,,,,,
480,9,FREECAM_YAW,16.033333333333335,617148,18833.8623046875,1119,34.149169921875,29.283288650580875,25,0.762939453125,1093,33.355712890625,1,0.030517578125,0xD23C0287,3069,1262,1081,11.98828125,4.9296875,4.22265625,1,0x14,0,0,0,1,0,1,0,1,0,0,,,,,,,,,,,,,,,,,,,,,,
481,9,FREECAM_YAW,16.066666666666666,618263,18867.889404296875,1115,34.027099609375,29.388340807174888,25,0.762939453125,1090,33.26416015625,0,0.0,0x9BA00F04,3069,1262,1081,11.98828125,4.9296875,4.22265625,1,0x14,0,0,0,1,0,1,0,1,0,0,,,,,,,,,,,,,,,,,,,,,,
482,9,FREECAM_YAW,16.1,619357,18901.275634765625,1094,33.38623046875,29.952468007312614,25,0.762939453125,1069,32.623291015625,0,0.0,0x5905AEFB,3069,1262,1081,11.98828125,4.9296875,4.22265625,1,0x14,0,0,0,1,0,1,0,1,0,0,,,,,,,,,,,,,,,,,,,,,,
483,9,FREECAM_YAW,16.133333333333333,620464,18935.05859375,1107,33.782958984375,29.600722673893404,24,0.732421875,1082,33.02001953125,1,0.030517578125,0x1C3F4722,3069,1262,1081,11.98828125,4.9296875,4.22265625,1,0x14,0,0,0,1,0,1,0,1,0,0,,,,,,,,,,,,,,,,,,,,,,
484,9,FREECAM_YAW,16.166666666666668,621535,18967.742919921875,1071,32.684326171875,30.595704948646127,25,0.762939453125,1046,31.92138671875,0,0.0,0x621C0819,3069,1262,1081,11.98828125,4.9296875,4.22265625,1,0x14,0,0,0,1,0,1,0,1,0,0,,,,,,,,,,,,,,,,,,,,,,
485,9,FREECAM_YAW,16.2,622600,19000.244140625,1065,32.501220703125,30.76807511737089,25,0.762939453125,1040,31.73828125,0,0.0,0x3A0C8395,3069,1262,1081,11.98828125,4.9296875,4.22265625,1,0x14,0,0,0,1,0,1,0,1,0,0,,,,,,,,,,,,,,,,,,,,,,
486,9,FREECAM_YAW,16.233333333333334,623649,19032.257080078125,1049,32.012939453125,31.237368922783602,24,0.732421875,1024,31.25,1,0.030517578125,0x956E0910,3069,1262,1081,11.98828125,4.9296875,4.22265625,1,0x14,0,0,0,1,0,1,0,1,0,0,,,,,,,,,,,,,,,,,,,,,,
487,9,FREECAM_YAW,16.266666666666666,624693,19064.117431640625,1044,31.8603515625,31.386973180076627,25,0.762939453125,1018,31.06689453125,1,0.030517578125,0xF35E73A0,3069,1262,1081,11.98828125,4.9296875,4.22265625,1,0x14,0,0,0,1,0,1,0,1,0,0,,,,,,,,,,,,,,,,,,,,,,
488,9,FREECAM_YAW,16.3,625729,19095.733642578125,1036,31.6162109375,31.62934362934363,25,0.762939453125,1010,30.82275390625,1,0.030517578125,0x32C0D7EA,3069,1262,1081,11.98828125,4.9296875,4.22265625,1,0x14,0,0,0,1,0,1,0,1,0,0,,,,,,,,,,,,,,,,,,,,,,
489,9,FREECAM_YAW,16.333333333333332,626565,19121.246337890625,836,25.5126953125,39.196172248803826,25,0.762939453125,810,24.71923828125,1,0.030517578125,0x57C44DCC,3069,1262,1081,11.98828125,4.9296875,4.22265625,1,0x14,0,0,0,1,0,1,0,1,0,0,,,,,,,,,,,,,,,,,,,,,,
490,9,FREECAM_YAW,16.366666666666667,627375,19145.965576171875,810,24.71923828125,40.45432098765432,25,0.762939453125,785,23.956298828125,0,0.0,0x89168DA8,3069,1262,1081,11.98828125,4.9296875,4.22265625,1,0x14,0,0,0,1,0,1,0,1,0,0,,,,,,,,,,,,,,,,,,,,,,
491,9,FREECAM_YAW,16.4,628186,19170.71533203125,811,24.749755859375,40.40443896424168,25,0.762939453125,785,23.956298828125,1,0.030517578125,0xCB557735,3069,1262,1081,11.98828125,4.9296875,4.22265625,1,0x14,0,0,0,1,0,1,0,1,0,0,,,,,,,,,,,,,,,,,,,,,,
492,9,FREECAM_YAW,16.433333333333334,628997,19195.465087890625,811,24.749755859375,40.40443896424168,25,0.762939453125,786,23.98681640625,0,0.0,0x56F76AB7,3069,1262,1081,11.98828125,4.9296875,4.22265625,1,0x14,0,0,0,1,0,1,0,1,0,0,,,,,,,,,,,,,,,,,,,,,,
493,9,FREECAM_YAW,16.466666666666665,629831,19220.916748046875,834,25.45166015625,39.29016786570743,24,0.732421875,810,24.71923828125,0,0.0,0x83E47B49,3069,1262,1081,11.98828125,4.9296875,4.22265625,1,0x14,0,0,0,1,0,1,0,1,0,0,,,,,,,,,,,,,,,,,,,,,,
494,9,FREECAM_YAW,16.5,630866,19252.50244140625,1035,31.585693359375,31.65990338164251,24,0.732421875,1010,30.82275390625,1,0.030517578125,0xB18646C1,3069,1262,1081,11.98828125,4.9296875,4.22265625,1,0x14,0,0,0,1,0,1,0,1,0,0,,,,,,,,,,,,,,,,,,,,,,
495,9,FREECAM_YAW,16.533333333333335,631909,19284.332275390625,1043,31.829833984375,31.417066155321187,25,0.762939453125,1018,31.06689453125,0,0.0,0x9119C7F9,3069,1262,1081,11.98828125,4.9296875,4.22265625,1,0x14,0,0,0,1,0,1,0,1,0,0,,,,,,,,,,,,,,,,,,,,,,
496,9,FREECAM_YAW,16.566666666666666,632965,19316.558837890625,1056,32.2265625,31.03030303030303,25,0.762939453125,1031,31.463623046875,0,0.0,0xF67F2C2F,3069,1262,1081,11.98828125,4.9296875,4.22265625,1,0x14,0,0,0,1,0,1,0,1,0,0,,,,,,,,,,,,,,,,,,,,,,
497,9,FREECAM_YAW,16.6,634030,19349.06005859375,1065,32.501220703125,30.76807511737089,25,0.762939453125,1040,31.73828125,0,0.0,0x5DDFDFF8,3069,1262,1081,11.98828125,4.9296875,4.22265625,1,0x14,0,0,0,1,0,1,0,1,0,0,,,,,,,,,,,,,,,,,,,,,,
498,9,FREECAM_YAW,16.633333333333333,635100,19381.7138671875,1070,32.65380859375,30.624299065420562,25,0.762939453125,1045,31.890869140625,0,0.0,0xAB06698E,3069,1262,1081,11.98828125,4.9296875,4.22265625,1,0x14,0,0,0,1,0,1,0,1,0,0,,,,,,,,,,,,,,,,,,,,,,
499,9,FREECAM_YAW,16.666666666666668,636207,19415.496826171875,1107,33.782958984375,29.600722673893404,25,0.762939453125,1081,32.989501953125,1,0.030517578125,0x43E77967,3069,1262,1081,11.98828125,4.9296875,4.22265625,1,0x14,0,0,0,1,0,1,0,1,0,0,,,,,,,,,,,,,,,,,,,,,,
500,9,FREECAM_YAW,16.7,637310,19449.15771484375,1103,33.660888671875,29.70806890299184,25,0.762939453125,1078,32.89794921875,0,0.0,0x5CDADBC8,3069,1262,1081,11.98828125,4.9296875,4.22265625,1,0x14,0,0,0,1,0,1,0,1,0,0,,,,,,,,,,,,,,,,,,,,,,
501,9,FREECAM_YAW,16.733333333333334,638426,19483.21533203125,1116,34.0576171875,29.36200716845878,25,0.762939453125,1091,33.294677734375,0,0.0,0x6DF32D85,3069,1262,1081,11.98828125,4.9296875,4.22265625,1,0x14,0,0,0,1,0,1,0,1,0,0,,,,,,,,,,,,,,,,,,,,,,
502,9,FREECAM_YAW,16.766666666666666,639530,19516.90673828125,1104,33.69140625,29.681159420289855,24,0.732421875,1079,32.928466796875,1,0.030517578125,0x5CDADBC8,3069,1262,1081,11.98828125,4.9296875,4.22265625,1,0x14,0,0,0,1,0,1,0,-1,0,0,,,,,,,,,,,,,,,,,,,,,,
503,9,FREECAM_YAW,16.8,640636,19550.6591796875,1106,33.75244140625,29.62748643761302,25,0.762939453125,1081,32.989501953125,0,0.0,0x43E77967,3069,1262,1081,11.98828125,4.9296875,4.22265625,1,0x14,0,0,0,1,0,1,0,-1,0,0,,,,,,,,,,,,,,,,,,,,,,
504,9,FREECAM_YAW,16.833333333333332,641706,19583.31298828125,1070,32.65380859375,30.624299065420562,24,0.732421875,1046,31.92138671875,0,0.0,0xAB06698E,3069,1262,1081,11.98828125,4.9296875,4.22265625,1,0x14,0,0,0,1,0,1,0,-1,0,0,,,,,,,,,,,,,,,,,,,,,,
505,9,FREECAM_YAW,16.866666666666667,642770,19615.78369140625,1064,32.470703125,30.796992481203006,24,0.732421875,1040,31.73828125,0,0.0,0x5DDFDFF8,3069,1262,1081,11.98828125,4.9296875,4.22265625,1,0x14,0,0,0,1,0,1,0,-1,0,0,,,,,,,,,,,,,,,,,,,,,,
506,9,FREECAM_YAW,16.9,643827,19648.040771484375,1057,32.257080078125,31.000946073793756,25,0.762939453125,1032,31.494140625,0,0.0,0xF67F2C2F,3069,1262,1081,11.98828125,4.9296875,4.22265625,1,0x14,0,0,0,1,0,1,0,-1,0,0,,,,,,,,,,,,,,,,,,,,,,
507,9,FREECAM_YAW,16.933333333333334,644870,19679.87060546875,1043,31.829833984375,31.417066155321187,25,0.762939453125,1018,31.06689453125,0,0.0,0x9119C7F9,3069,1262,1081,11.98828125,4.9296875,4.22265625,1,0x14,0,0,0,1,0,1,0,-1,0,0,,,,,,,,,,,,,,,,,,,,,,
508,9,FREECAM_YAW,16.966666666666665,645904,19711.42578125,1034,31.55517578125,31.690522243713733,25,0.762939453125,1009,30.792236328125,0,0.0,0xB18646C1,3069,1262,1081,11.98828125,4.9296875,4.22265625,1,0x14,0,0,0,1,0,1,0,-1,0,0,,,,,,,,,,,,,,,,,,,,,,
509,9,FREECAM_YAW,17.0,646738,19736.87744140625,834,25.45166015625,39.29016786570743,25,0.762939453125,809,24.688720703125,0,0.0,0x83E47B49,3069,1262,1081,11.98828125,4.9296875,4.22265625,1,0x14,0,0,0,1,0,1,0,-1,0,0,,,,,,,,,,,,,,,,,,,,,,
510,9,FREECAM_YAW,17.033333333333335,647550,19761.65771484375,812,24.7802734375,40.354679802955665,25,0.762939453125,786,23.98681640625,1,0.030517578125,0x56F76AB7,3069,1262,1081,11.98828125,4.9296875,4.22265625,1,0x14,0,0,0,1,0,1,0,-1,0,0,,,,,,,,,,,,,,,,,,,,,,
511,9,FREECAM_YAW,17.066666666666666,648360,19786.376953125,810,24.71923828125,40.45432098765432,25,0.762939453125,785,23.956298828125,0,0.0,0xCB557735,3069,1262,1081,11.98828125,4.9296875,4.22265625,1,0x14,0,0,0,1,0,1,0,-1,0,0,,,,,,,,,,,,,,,,,,,,,,
512,9,FREECAM_YAW,17.1,649171,19811.126708984375,811,24.749755859375,40.40443896424168,24,0.732421875,786,23.98681640625,1,0.030517578125,0x89168DA8,3069,1262,1081,11.98828125,4.9296875,4.22265625,1,0x14,0,0,0,1,0,1,0,-1,0,0,,,,,,,,,,,,,,,,,,,,,,
513,9,FREECAM_YAW,17.133333333333333,650007,19836.639404296875,836,25.5126953125,39.196172248803826,25,0.762939453125,810,24.71923828125,1,0.030517578125,0x57C44DCC,3069,1262,1081,11.98828125,4.9296875,4.22265625,1,0x14,0,0,0,1,0,1,0,-1,0,0,,,,,,,,,,,,,,,,,,,,,,
514,9,FREECAM_YAW,17.166666666666668,651044,19868.2861328125,1037,31.646728515625,31.59884281581485,25,0.762939453125,1011,30.853271484375,1,0.030517578125,0x32C0D7EA,3069,1262,1081,11.98828125,4.9296875,4.22265625,1,0x14,0,0,0,1,0,1,0,-1,0,0,,,,,,,,,,,,,,,,,,,,,,
515,9,FREECAM_YAW,17.2,652088,19900.146484375,1044,31.8603515625,31.386973180076627,25,0.762939453125,1018,31.06689453125,1,0.030517578125,0xF35E73A0,3069,1262,1081,11.98828125,4.9296875,4.22265625,1,0x14,0,0,0,1,0,1,0,-1,0,0,,,,,,,,,,,,,,,,,,,,,,
516,9,FREECAM_YAW,17.233333333333334,653136,19932.12890625,1048,31.982421875,31.267175572519083,25,0.762939453125,1023,31.219482421875,0,0.0,0x956E0910,3069,1262,1081,11.98828125,4.9296875,4.22265625,1,0x14,0,0,0,1,0,1,0,-1,0,0,,,,,,,,,,,,,,,,,,,,,,
517,9,FREECAM_YAW,17.266666666666666,654201,19964.630126953125,1065,32.501220703125,30.76807511737089,24,0.732421875,1041,31.768798828125,0,0.0,0x3A0C8395,3069,1262,1081,11.98828125,4.9296875,4.22265625,1,0x14,0,0,0,1,0,1,0,-1,0,0,,,,,,,,,,,,,,,,,,,,,,
518,9,FREECAM_YAW,17.3,655274,19997.37548828125,1073,32.745361328125,30.538676607642124,25,0.762939453125,1047,31.951904296875,1,0.030517578125,0x621C0819,3069,1262,1081,11.98828125,4.9296875,4.22265625,1,0x14,0,0,0,1,0,1,0,-1,0,0,,,,,,,,,,,,,,,,,,,,,,
519,9,FREECAM_YAW,17.333333333333332,656380,20031.1279296875,1106,33.75244140625,29.62748643761302,25,0.762939453125,1081,32.989501953125,0,0.0,0x1C3F4722,3069,1262,1081,11.98828125,4.9296875,4.22265625,1,0x14,0,0,0,1,0,1,0,-1,0,0,,,,,,,,,,,,,,,,,,,,,,
520,9,FREECAM_YAW,17.366666666666667,657473,20064.483642578125,1093,33.355712890625,29.979871912168345,24,0.732421875,1069,32.623291015625,0,0.0,0x5905AEFB,3069,1262,1081,11.98828125,4.9296875,4.22265625,1,0x14,0,0,0,1,0,1,0,-1,0,0,,,,,,,,,,,,,,,,,,,,,,
521,9,FREECAM_YAW,17.4,658589,20098.541259765625,1116,34.0576171875,29.36200716845878,24,0.732421875,1091,33.294677734375,1,0.030517578125,0x9BA00F04,3069,1262,1081,11.98828125,4.9296875,4.22265625,1,0x14,0,0,0,1,0,1,0,-1,0,0,,,,,,,,,,,,,,,,,,,,,,
522,9,FREECAM_YAW,17.433333333333334,659708,20132.6904296875,1119,34.149169921875,29.283288650580875,25,0.762939453125,1093,33.355712890625,1,0.030517578125,0xD23C0287,3069,1262,1081,11.98828125,4.9296875,4.22265625,1,0x14,0,0,0,1,0,1,0,-1,0,0,,,,,,,,,,,,,,,,,,,,,,
523,9,FREECAM_YAW,17.466666666666665,660807,20166.229248046875,1099,33.538818359375,29.816196542311193,25,0.762939453125,1073,32.745361328125,1,0.030517578125,0x649F3B8F,3069,1262,1081,11.98828125,4.9296875,4.22265625,1,0x14,0,0,0,1,0,1,0,-1,0,0,,,,,,,,,,,,,,,,,,,,,,
524,9,FREECAM_YAW,17.5,661919,20200.164794921875,1112,33.935546875,29.467625899280577,25,0.762939453125,1087,33.172607421875,0,0.0,0x61EB8F87,3069,1262,1081,11.98828125,4.9296875,4.22265625,1,0x14,0,0,0,1,0,1,0,-1,0,0,,,,,,,,,,,,,,,,,,,,,,
525,9,FREECAM_YAW,17.533333333333335,663010,20233.45947265625,1091,33.294677734375,30.034830430797435,24,0.732421875,1067,32.562255859375,0,0.0,0x1DE63F1A,3069,1262,1081,11.98828125,4.9296875,4.22265625,1,0x14,0,0,0,1,0,1,0,-1,0,0,,,,,,,,,,,,,,,,,,,,,,
526,9,FREECAM_YAW,17.566666666666666,664069,20265.777587890625,1059,32.318115234375,30.9423984891407,24,0.732421875,1034,31.55517578125,1,0.030517578125,0x4E44351A,3069,1262,1081,11.98828125,4.9296875,4.22265625,1,0x14,0,0,0,1,0,1,0,-1,0,0,,,,,,,,,,,,,,,,,,,,,,
527,9,FREECAM_YAW,17.6,665020,20294.7998046875,951,29.022216796875,34.456361724500525,25,0.762939453125,926,28.25927734375,0,0.0,0x5595FB91,3069,1262,1081,11.98828125,4.9296875,4.22265625,1,0x14,0,0,0,1,0,1,0,-1,0,0,,,,,,,,,,,,,,,,,,,,,,
528,9,FREECAM_YAW,17.633333333333333,665965,20323.638916015625,945,28.839111328125,34.67513227513228,24,0.732421875,921,28.106689453125,0,0.0,0xF1AFE5AA,3069,1262,1081,11.98828125,4.9296875,4.22265625,1,0x14,0,0,0,1,0,1,0,-1,0,0,,,,,,,,,,,,,,,,,,,,,,
529,9,FREECAM_YAW,17.666666666666668,666887,20351.776123046875,922,28.13720703125,35.54013015184382,24,0.732421875,898,27.40478515625,0,0.0,0xC44C36AE,3069,1262,1081,11.98828125,4.9296875,4.22265625,1,0x14,0,0,0,1,0,1,0,-1,0,0,,,,,,,,,,,,,,,,,,,,,,
530,9,FREECAM_YAW,17.7,667808,20379.8828125,921,28.106689453125,35.57871878393051,24,0.732421875,897,27.374267578125,0,0.0,0x790CD07A,3069,1262,1081,11.98828125,4.9296875,4.22265625,1,0x14,0,0,0,1,0,1,0,-1,0,0,,,,,,,,,,,,,,,,,,,,,,
531,9,FREECAM_YAW,17.733333333333334,668730,20408.02001953125,922,28.13720703125,35.54013015184382,24,0.732421875,898,27.40478515625,0,0.0,0x1860A20C,3069,1262,1081,11.98828125,4.9296875,4.22265625,1,0x14,0,0,0,1,0,1,0,-1,0,0,,,,,,,,,,,,,,,,,,,,,,
532,9,FREECAM_YAW,17.766666666666666,669656,20436.279296875,926,28.25927734375,35.3866090712743,24,0.732421875,902,27.52685546875,0,0.0,0x6C7F7CAB,3069,1262,1081,11.98828125,4.9296875,4.22265625,1,0x14,0,0,0,1,0,1,0,-1,0,0,,,,,,,,,,,,,,,,,,,,,,
533,9,FREECAM_YAW,17.8,670583,20464.569091796875,927,28.289794921875,35.34843581445523,24,0.732421875,903,27.557373046875,0,0.0,0x0E8CE62B,3069,1262,1081,11.98828125,4.9296875,4.22265625,1,0x14,0,0,0,1,0,1,0,-1,0,0,,,,,,,,,,,,,,,,,,,,,,
534,9,FREECAM_YAW,17.833333333333332,671507,20492.767333984375,924,28.1982421875,35.46320346320346,25,0.762939453125,898,27.40478515625,1,0.030517578125,0x07E496EE,3069,1262,1081,11.98828125,4.9296875,4.22265625,1,0x14,0,0,0,1,0,1,0,-1,0,0,,,,,,,,,,,,,,,,,,,,,,
535,9,FREECAM_YAW,17.866666666666667,672427,20520.843505859375,920,28.076171875,35.61739130434783,25,0.762939453125,895,27.313232421875,0,0.0,0x8890F534,3069,1262,1081,11.98828125,4.9296875,4.22265625,1,0x14,0,0,0,1,0,1,0,-1,0,0,,,,,,,,,,,,,,,,,,,,,,
536,9,FREECAM_YAW,17.9,673347,20548.919677734375,920,28.076171875,35.61739130434783,25,0.762939453125,895,27.313232421875,0,0.0,0x5A543504,3069,1262,1081,11.98828125,4.9296875,4.22265625,1,0x14,0,0,0,1,0,1,0,-1,0,0,,,,,,,,,,,,,,,,,,,,,,
537,9,FREECAM_YAW,17.933333333333334,674363,20579.925537109375,1016,31.005859375,32.25196850393701,24,0.732421875,991,30.242919921875,1,0.030517578125,0x44428AB8,3069,1262,1081,11.98828125,4.9296875,4.22265625,1,0x14,0,0,0,1,0,1,0,-1,0,0,,,,,,,,,,,,,,,,,,,,,,
538,9,FREECAM_YAW,17.966666666666665,675436,20612.6708984375,1073,32.745361328125,30.538676607642124,25,0.762939453125,1047,31.951904296875,1,0.030517578125,0xD178667F,3069,1262,1081,11.98828125,4.9296875,4.22265625,1,0x14,0,0,0,1,0,1,0,-1,0,0,,,,,,,,,,,,,,,,,,,,,,
539,9,FREECAM_YAW,18.0,676520,20645.751953125,1084,33.0810546875,30.228782287822877,25,0.762939453125,1059,32.318115234375,0,0.0,0x9BDD0F89,3069,1262,1081,11.98828125,4.9296875,4.22265625,1,0x14,0,0,0,1,0,1,0,-1,0,0,,,,,,,,,,,,,,,,,,,,,,
540,9,FREECAM_YAW,18.033333333333335,677617,20679.229736328125,1097,33.477783203125,29.870556061987237,24,0.732421875,1073,32.745361328125,0,0.0,0x299B9677,3069,1262,1081,11.98828125,4.9296875,4.22265625,1,0x14,0,0,0,1,0,1,0,-1,0,0,,,,,,,,,,,,,,,,,,,,,,
541,9,FREECAM_YAW,18.066666666666666,678731,20713.226318359375,1114,33.99658203125,29.414721723518852,24,0.732421875,1089,33.233642578125,1,0.030517578125,0x49EC8067,3069,1262,1081,11.98828125,4.9296875,4.22265625,1,0x14,0,0,0,1,0,1,0,-1,0,0,,,,,,,,,,,,,,,,,,,,,,
542,9,FREECAM_YAW,18.1,679861,20747.711181640625,1130,34.48486328125,28.998230088495575,25,0.762939453125,1104,33.69140625,1,0.030517578125,0x926FA628,3069,1262,1081,11.98828125,4.9296875,4.22265625,1,0x14,0,0,0,1,0,1,0,-1,0,0,,,,,,,,,,,,,,,,,,,,,,
543,9,FREECAM_YAW,18.133333333333333,680990,20782.16552734375,1129,34.454345703125,29.023914968999115,25,0.762939453125,1104,33.69140625,0,0.0,0x83B902EA,3069,1262,1081,11.98828125,4.9296875,4.22265625,1,0x14,0,0,0,1,0,1,0,-1,0,0,,,,,,,,,,,,,,,,,,,,,,
544,9,FREECAM_YAW,18.166666666666668,682115,20816.497802734375,1125,34.332275390625,29.127111111111113,24,0.732421875,1101,33.599853515625,0,0.0,0x2E6A0A0E,3069,1262,1081,11.98828125,4.9296875,4.22265625,1,0x14,0,0,0,1,0,1,0,-1,0,0,,,,,,,,,,,,,,,,,,,,,,
545,9,FREECAM_YAW,18.2,683230,20850.52490234375,1115,34.027099609375,29.388340807174888,25,0.762939453125,1089,33.233642578125,1,0.030517578125,0x288A2C51,3069,1262,1081,11.98828125,4.9296875,4.22265625,1,0x14,0,0,0,1,0,1,0,-1,0,0,,,,,,,,,,,,,,,,,,,,,,
546,9,FREECAM_YAW,18.233333333333334,684327,20884.002685546875,1097,33.477783203125,29.870556061987237,25,0.762939453125,1072,32.71484375,0,0.0,0x0BBF162F,3069,1262,1081,11.98828125,4.9296875,4.22265625,1,0x14,0,0,0,1,0,1,0,-1,0,0,,,,,,,,,,,,,,,,,,,,,,
547,9,FREECAM_YAW,18.266666666666666,685411,20917.083740234375,1084,33.0810546875,30.228782287822877,24,0.732421875,1060,32.3486328125,0,0.0,0x738F6485,3069,1262,1081,11.98828125,4.9296875,4.22265625,1,0x14,0,0,0,1,0,1,0,-1,0,0,,,,,,,,,,,,,,,,,,,,,,
548,9,FREECAM_YAW,18.3,686461,20949.127197265625,1050,32.04345703125,31.207619047619048,24,0.732421875,1026,31.31103515625,0,0.0,0x2E1DABB5,3069,1262,1081,11.98828125,4.9296875,4.22265625,1,0x14,0,0,0,1,0,1,0,-1,0,0,,,,,,,,,,,,,,,,,,,,,,
549,9,FREECAM_YAW,18.333333333333332,687495,20980.682373046875,1034,31.55517578125,31.690522243713733,25,0.762939453125,1008,30.76171875,1,0.030517578125,0x8BBE58C6,3069,1262,1081,11.98828125,4.9296875,4.22265625,1,0x14,0,0,0,1,0,1,0,-1,0,0,,,,,,,,,,,,,,,,,,,,,,
550,9,FREECAM_YAW,18.366666666666667,688520,21011.962890625,1025,31.280517578125,31.968780487804878,25,0.762939453125,1000,30.517578125,0,0.0,0x3F7972FA,3069,1262,1081,11.98828125,4.9296875,4.22265625,1,0x14,0,0,0,1,0,1,0,-1,0,0,,,,,,,,,,,,,,,,,,,,,,
551,9,FREECAM_YAW,18.4,689424,21039.55078125,904,27.587890625,36.24778761061947,24,0.732421875,880,26.85546875,0,0.0,0x198020E6,3069,1262,1081,11.98828125,4.9296875,4.22265625,1,0x14,0,0,0,1,0,1,0,-1,0,0,,,,,,,,,,,,,,,,,,,,,,
552,9,FREECAM_YAW,18.433333333333334,690331,21067.230224609375,907,27.679443359375,36.12789415656009,25,0.762939453125,881,26.885986328125,1,0.030517578125,0x60A33A9C,3069,1262,1081,11.98828125,4.9296875,4.22265625,1,0x14,0,0,0,1,0,1,0,-1,0,0,,,,,,,,,,,,,,,,,,,,,,
553,9,FREECAM_YAW,18.466666666666665,691141,21091.949462890625,810,24.71923828125,40.45432098765432,25,0.762939453125,785,23.956298828125,0,0.0,0xBF360EA3,3069,1262,1081,11.98828125,4.9296875,4.22265625,1,0x14,0,0,0,1,0,1,0,-1,0,0,,,,,,,,,,,,,,,,,,,,,,
554,9,FREECAM_YAW,18.5,691951,21116.668701171875,810,24.71923828125,40.45432098765432,25,0.762939453125,785,23.956298828125,0,0.0,0xFFCB4259,3069,1262,1081,11.98828125,4.9296875,4.22265625,1,0x14,0,0,0,1,0,1,0,-1,0,0,,,,,,,,,,,,,,,,,,,,,,
555,9,FREECAM_YAW,18.533333333333335,692763,21141.448974609375,812,24.7802734375,40.354679802955665,25,0.762939453125,786,23.98681640625,1,0.030517578125,0x3DDA4090,3069,1262,1081,11.98828125,4.9296875,4.22265625,1,0x14,0,0,0,1,0,1,0,-1,0,0,,,,,,,,,,,,,,,,,,,,,,
556,9,FREECAM_YAW,18.566666666666666,693668,21169.0673828125,905,27.618408203125,36.20773480662984,25,0.762939453125,880,26.85546875,0,0.0,0x646433BE,3069,1262,1081,11.98828125,4.9296875,4.22265625,1,0x14,0,0,0,1,0,1,0,-1,0,0,,,,,,,,,,,,,,,,,,,,,,
557,9,FREECAM_YAW,18.6,694597,21197.418212890625,929,28.350830078125,35.272335844994615,25,0.762939453125,904,27.587890625,0,0.0,0x0DC77C76,3069,1262,1081,11.98828125,4.9296875,4.22265625,1,0x14,0,0,0,1,0,1,0,-1,0,0,,,,,,,,,,,,,,,,,,,,,,
558,9,FREECAM_YAW,18.633333333333333,695627,21228.851318359375,1030,31.43310546875,31.813592233009707,24,0.732421875,1006,30.70068359375,0,0.0,0xD2CB2DFC,3069,1262,1081,11.98828125,4.9296875,4.22265625,1,0x14,0,0,0,1,0,1,0,-1,0,0,,,,,,,,,,,,,,,,,,,,,,
559,9,FREECAM_YAW,18.666666666666668,696674,21260.80322265625,1047,31.951904296875,31.297039159503342,25,0.762939453125,1022,31.18896484375,0,0.0,0x70927F5D,3069,1262,1081,11.98828125,4.9296875,4.22265625,1,0x14,0,0,0,1,0,1,0,-1,0,0,,,,,,,,,,,,,,,,,,,,,,
560,9,FREECAM_YAW,18.7,697756,21293.8232421875,1082,33.02001953125,30.284658040665434,25,0.762939453125,1056,32.2265625,1,0.030517578125,0x042130CE,3069,1262,1081,11.98828125,4.9296875,4.22265625,1,0x14,0,0,0,1,0,1,0,-1,0,0,,,,,,,,,,,,,,,,,,,,,,
561,9,FREECAM_YAW,18.733333333333334,698852,21327.2705078125,1096,33.447265625,29.8978102189781,25,0.762939453125,1070,32.65380859375,1,0.030517578125,0xFF8769B6,3069,1262,1081,11.98828125,4.9296875,4.22265625,1,0x14,0,0,0,1,0,1,0,-1,0,0,,,,,,,,,,,,,,,,,,,,,,
562,9,FREECAM_YAW,18.766666666666666,699963,21361.175537109375,1111,33.905029296875,29.494149414941493,25,0.762939453125,1085,33.111572265625,1,0.030517578125,0xC113AF95,3069,1262,1081,11.98828125,4.9296875,4.22265625,1,0x14,0,0,0,1,0,1,0,-1,0,0,,,,,,,,,,,,,,,,,,,,,,
563,9,FREECAM_YAW,18.8,701091,21395.599365234375,1128,34.423828125,29.04964539007092,25,0.762939453125,1103,33.660888671875,0,0.0,0xA2A40271,3069,1262,1081,11.98828125,4.9296875,4.22265625,1,0x14,0,0,0,1,0,1,0,-1,0,0,,,,,,,,,,,,,,,,,,,,,,
564,9,FREECAM_YAW,18.833333333333332,702218,21429.99267578125,1127,34.393310546875,29.075421472937002,24,0.732421875,1103,33.660888671875,0,0.0,0x53C02975,3069,1262,1081,11.98828125,4.9296875,4.22265625,1,0x14,0,0,0,1,0,1,0,-1,0,0,,,,,,,,,,,,,,,,,,,,,,
565,9,FREECAM_YAW,18.866666666666667,703347,21464.447021484375,1129,34.454345703125,29.023914968999115,25,0.762939453125,1104,33.69140625,0,0.0,0xD6FA1B1C,3069,1262,1081,11.98828125,4.9296875,4.22265625,1,0x1C,0,0,0,1,1,1,0,-1,0,0,,,,,,,,,,,,,,,,,,,,,,
566,10,FREECAM_3D,18.9,704486,21499.20654296875,1139,34.759521484375,28.769095697980685,26,0.79345703125,1112,33.935546875,1,0.030517578125,0x97B6A86E,3069,1262,1081,11.98828125,4.9296875,4.22265625,1,0x14,0,0,0,1,0,1,0,0,1,0,,,,,,,,,,,,,,,,,,,,,,
567,10,FREECAM_3D,18.933333333333334,705669,21535.308837890625,1183,36.102294921875,27.69907016060862,26,0.79345703125,1156,35.2783203125,1,0.030517578125,0xB16D2C2A,3069,1262,1081,11.98828125,4.9296875,4.22265625,1,0x14,0,0,0,1,0,1,0,0,1,0,,,,,,,,,,,,,,,,,,,,,,
568,10,FREECAM_3D,18.966666666666665,706856,21571.533203125,1187,36.224365234375,27.605728727885424,26,0.79345703125,1161,35.430908203125,0,0.0,0x99232FBD,3069,1262,1081,11.98828125,4.9296875,4.22265625,1,0x14,0,0,0,1,0,1,0,0,1,0,,,,,,,,,,,,,,,,,,,,,,
569,10,FREECAM_3D,19.0,708052,21608.0322265625,1196,36.4990234375,27.39799331103679,26,0.79345703125,1170,35.70556640625,0,0.0,0x87F93679,3069,1262,1081,11.98828125,4.9296875,4.22265625,1,0x14,0,0,0,1,0,1,0,0,1,0,,,,,,,,,,,,,,,,,,,,,,
570,10,FREECAM_3D,19.033333333333335,709266,21645.08056640625,1214,37.04833984375,26.99176276771005,26,0.79345703125,1187,36.224365234375,1,0.030517578125,0x58F5109B,3069,1262,1081,11.98828125,4.9296875,4.22265625,1,0x14,0,0,0,1,0,1,0,0,1,0,,,,,,,,,,,,,,,,,,,,,,
571,10,FREECAM_3D,19.066666666666666,710488,21682.373046875,1222,37.29248046875,26.81505728314239,26,0.79345703125,1195,36.468505859375,1,0.030517578125,0xAE96CAD8,3069,1262,1081,11.98828125,4.9296875,4.22265625,1,0x14,0,0,0,1,0,1,0,0,1,0,,,,,,,,,,,,,,,,,,,,,,
572,10,FREECAM_3D,19.1,711720,21719.970703125,1232,37.59765625,26.5974025974026,26,0.79345703125,1206,36.80419921875,0,0.0,0xA3747F26,3069,1262,1081,11.98828125,4.9296875,4.22265625,1,0x14,0,0,0,1,0,1,0,0,1,0,,,,,,,,,,,,,,,,,,,,,,
573,10,FREECAM_3D,19.133333333333333,712962,21757.87353515625,1242,37.90283203125,26.383252818035427,25,0.762939453125,1217,37.139892578125,0,0.0,0xC7FFADCF,3069,1262,1081,11.98828125,4.9296875,4.22265625,1,0x14,0,0,0,1,0,1,0,0,1,0,,,,,,,,,,,,,,,,,,,,,,
574,10,FREECAM_3D,19.166666666666668,714217,21796.173095703125,1255,38.299560546875,26.10996015936255,25,0.762939453125,1229,37.506103515625,1,0.030517578125,0xA44C425B,3069,1262,1081,11.98828125,4.9296875,4.22265625,1,0x14,0,0,0,1,0,1,0,0,1,0,,,,,,,,,,,,,,,,,,,,,,
575,10,FREECAM_3D,19.2,715477,21834.625244140625,1260,38.4521484375,26.006349206349206,26,0.79345703125,1233,37.628173828125,1,0.030517578125,0xF20D7777,3069,1262,1081,11.98828125,4.9296875,4.22265625,1,0x14,0,0,0,1,0,1,0,0,1,0,,,,,,,,,,,,,,,,,,,,,,
576,10,FREECAM_3D,19.233333333333334,716734,21872.98583984375,1257,38.360595703125,26.068416865552905,26,0.79345703125,1230,37.53662109375,1,0.030517578125,0x1D68886C,3069,1262,1081,11.98828125,4.9296875,4.22265625,1,0x14,0,0,0,1,0,1,0,0,1,0,,,,,,,,,,,,,,,,,,,,,,
577,10,FREECAM_3D,19.266666666666666,717896,21908.447265625,1162,35.46142578125,28.199655765920827,26,0.79345703125,1136,34.66796875,0,0.0,0x65DFB05A,3069,1262,1081,11.98828125,4.9296875,4.22265625,1,0x14,0,0,0,1,0,1,0,0,1,0,,,,,,,,,,,,,,,,,,,,,,
578,10,FREECAM_3D,19.3,719075,21944.427490234375,1179,35.980224609375,27.793044953350297,25,0.762939453125,1154,35.21728515625,0,0.0,0x7EDEF92F,3069,1262,1081,11.98828125,4.9296875,4.22265625,1,0x14,0,0,0,1,0,1,0,0,1,0,,,,,,,,,,,,,,,,,,,,,,
579,10,FREECAM_3D,19.333333333333332,720151,21977.264404296875,1076,32.8369140625,30.45353159851301,25,0.762939453125,1050,32.04345703125,1,0.030517578125,0x4310EEA4,3069,1262,1081,11.98828125,4.9296875,4.22265625,1,0x14,0,0,0,1,0,1,0,0,1,0,,,,,,,,,,,,,,,,,,,,,,
580,10,FREECAM_3D,19.366666666666667,721224,22010.009765625,1073,32.745361328125,30.538676607642124,26,0.79345703125,1047,31.951904296875,0,0.0,0x757DE4F2,3069,1262,1081,11.98828125,4.9296875,4.22265625,1,0x14,0,0,0,1,0,1,0,0,1,0,,,,,,,,,,,,,,,,,,,,,,
581,10,FREECAM_3D,19.4,722275,22042.083740234375,1051,32.073974609375,31.1779257849667,26,0.79345703125,1025,31.280517578125,0,0.0,0x7496D160,3069,1262,1081,11.98828125,4.9296875,4.22265625,1,0x14,0,0,0,1,0,1,0,0,1,0,,,,,,,,,,,,,,,,,,,,,,
582,10,FREECAM_3D,19.433333333333334,723323,22074.066162109375,1048,31.982421875,31.267175572519083,25,0.762939453125,1023,31.219482421875,0,0.0,0x0F828D67,3069,1262,1081,11.98828125,4.9296875,4.22265625,1,0x14,0,0,0,1,0,1,0,0,1,0,,,,,,,,,,,,,,,,,,,,,,
583,10,FREECAM_3D,19.466666666666665,724370,22106.01806640625,1047,31.951904296875,31.297039159503342,26,0.79345703125,1020,31.1279296875,1,0.030517578125,0x75381BF2,3069,1262,1081,11.98828125,4.9296875,4.22265625,1,0x14,0,0,0,1,0,1,0,0,1,0,,,,,,,,,,,,,,,,,,,,,,
584,10,FREECAM_3D,19.5,725413,22137.847900390625,1043,31.829833984375,31.417066155321187,26,0.79345703125,1017,31.036376953125,0,0.0,0xBA858160,3069,1262,1081,11.98828125,4.9296875,4.22265625,1,0x14,0,0,0,1,0,1,0,0,1,0,,,,,,,,,,,,,,,,,,,,,,
585,10,FREECAM_3D,19.533333333333335,726452,22169.5556640625,1039,31.707763671875,31.53801732435034,26,0.79345703125,1013,30.914306640625,0,0.0,0x301ECFFF,3069,1262,1081,11.98828125,4.9296875,4.22265625,1,0x14,0,0,0,1,0,1,0,0,1,0,,,,,,,,,,,,,,,,,,,,,,
586,10,FREECAM_3D,19.566666666666666,727489,22201.202392578125,1037,31.646728515625,31.59884281581485,25,0.762939453125,1011,30.853271484375,1,0.030517578125,0x1CAD1FE7,3069,1262,1081,11.98828125,4.9296875,4.22265625,1,0x14,0,0,0,1,0,1,0,0,1,0,,,,,,,,,,,,,,,,,,,,,,
587,10,FREECAM_3D,19.6,728519,22232.635498046875,1030,31.43310546875,31.813592233009707,26,0.79345703125,1004,30.6396484375,0,0.0,0x125C255F,3069,1262,1081,11.98828125,4.9296875,4.22265625,1,0x14,0,0,0,1,0,1,0,0,1,0,,,,,,,,,,,,,,,,,,,,,,
588,10,FREECAM_3D,19.633333333333333,729550,22264.09912109375,1031,31.463623046875,31.782735208535403,26,0.79345703125,1004,30.6396484375,1,0.030517578125,0x351999EE,3069,1262,1081,11.98828125,4.9296875,4.22265625,1,0x14,0,0,0,1,0,1,0,0,1,0,,,,,,,,,,,,,,,,,,,,,,
589,10,FREECAM_3D,19.666666666666668,730655,22297.821044921875,1105,33.721923828125,29.654298642533938,26,0.79345703125,1079,32.928466796875,0,0.0,0xAC17D57C,3069,1262,1081,11.98828125,4.9296875,4.22265625,1,0x14,0,0,0,1,0,1,0,0,1,0,,,,,,,,,,,,,,,,,,,,,,
590,10,FREECAM_3D,19.7,731762,22331.60400390625,1107,33.782958984375,29.600722673893404,26,0.79345703125,1081,32.989501953125,0,0.0,0x9AB97DEB,3069,1262,1081,11.98828125,4.9296875,4.22265625,1,0x14,0,0,0,1,0,1,0,0,1,0,,,,,,,,,,,,,,,,,,,,,,
591,10,FREECAM_3D,19.733333333333334,733091,22372.161865234375,1329,40.557861328125,24.656132430398795,26,0.79345703125,1303,39.764404296875,0,0.0,0x9F0DFB31,3069,1262,1081,11.98828125,4.9296875,4.22265625,1,0x14,0,0,0,1,0,1,0,0,1,0,,,,,,,,,,,,,,,,,,,,,,
592,10,FREECAM_3D,19.766666666666666,734434,22413.14697265625,1343,40.985107421875,24.399106478034252,25,0.762939453125,1318,40.22216796875,0,0.0,0x71DCCEE5,3069,1262,1081,11.98828125,4.9296875,4.22265625,1,0x14,0,0,0,1,0,1,0,0,1,0,,,,,,,,,,,,,,,,,,,,,,
593,10,FREECAM_3D,19.8,735786,22454.40673828125,1352,41.259765625,24.236686390532544,26,0.79345703125,1326,40.46630859375,0,0.0,0xA5FAE12A,3069,1262,1081,11.98828125,4.9296875,4.22265625,1,0x14,0,0,0,1,0,1,0,0,1,0,,,,,,,,,,,,,,,,,,,,,,
594,10,FREECAM_3D,19.833333333333332,737192,22497.314453125,1406,42.90771484375,23.305832147937412,25,0.762939453125,1381,42.144775390625,0,0.0,0xA5318462,3069,1262,1081,11.98828125,4.9296875,4.22265625,1,0x14,0,0,0,1,0,1,0,0,1,0,,,,,,,,,,,,,,,,,,,,,,
595,10,FREECAM_3D,19.866666666666667,738617,22540.802001953125,1425,43.487548828125,22.995087719298244,26,0.79345703125,1398,42.66357421875,1,0.030517578125,0x0F056F37,3069,1262,1081,11.98828125,4.9296875,4.22265625,1,0x14,0,0,0,1,0,1,0,0,1,0,,,,,,,,,,,,,,,,,,,,,,
596,10,FREECAM_3D,19.9,740067,22585.052490234375,1450,44.25048828125,22.59862068965517,26,0.79345703125,1424,43.45703125,0,0.0,0x3DD7AA69,3069,1262,1081,11.98828125,4.9296875,4.22265625,1,0x14,0,0,0,1,0,1,0,0,1,0,,,,,,,,,,,,,,,,,,,,,,
597,10,FREECAM_3D,19.933333333333334,741565,22630.767822265625,1498,45.71533203125,21.874499332443257,25,0.762939453125,1473,44.952392578125,0,0.0,0xE75BFEC1,3069,1262,1081,11.98828125,4.9296875,4.22265625,1,0x14,0,0,0,1,0,1,0,0,1,0,,,,,,,,,,,,,,,,,,,,,,
598,10,FREECAM_3D,19.966666666666665,743129,22678.497314453125,1564,47.7294921875,20.95140664961637,25,0.762939453125,1538,46.93603515625,1,0.030517578125,0xD5D21860,3069,1262,1081,11.98828125,4.9296875,4.22265625,1,0x14,0,0,0,1,0,1,0,0,1,0,,,,,,,,,,,,,,,,,,,,,,
599,10,FREECAM_3D,20.0,744721,22727.081298828125,1592,48.583984375,20.582914572864322,26,0.79345703125,1566,47.79052734375,0,0.0,0x95EDCE06,3069,1262,1081,11.98828125,4.9296875,4.22265625,1,0x14,0,0,0,1,0,1,0,0,1,0,,,,,,,,,,,,,,,,,,,,,,
600,10,FREECAM_3D,20.033333333333335,746360,22777.099609375,1639,50.018310546875,19.99267846247712,25,0.762939453125,1614,49.25537109375,0,0.0,0x63CE50E1,3069,1262,1081,11.98828125,4.9296875,4.22265625,1,0x14,0,0,0,1,0,1,0,0,1,0,,,,,,,,,,,,,,,,,,,,,,
601,10,FREECAM_3D,20.066666666666666,748060,22828.9794921875,1700,51.8798828125,19.275294117647057,25,0.762939453125,1674,51.08642578125,1,0.030517578125,0x6BFB6151,3069,1262,1081,11.98828125,4.9296875,4.22265625,1,0x14,0,0,0,1,0,1,0,0,1,0,,,,,,,,,,,,,,,,,,,,,,
602,10,FREECAM_3D,20.1,749785,22881.622314453125,1725,52.642822265625,18.995942028985507,26,0.79345703125,1699,51.849365234375,0,0.0,0xBC1EDF23,3069,1262,1081,11.98828125,4.9296875,4.22265625,1,0x14,0,0,0,1,0,1,0,0,1,0,,,,,,,,,,,,,,,,,,,,,,
603,10,FREECAM_3D,20.133333333333333,751539,22935.150146484375,1754,53.52783203125,18.68187001140251,26,0.79345703125,1728,52.734375,0,0.0,0xF7C30E54,3069,1262,1081,11.98828125,4.9296875,4.22265625,1,0x14,0,0,0,1,0,1,0,0,1,0,,,,,,,,,,,,,,,,,,,,,,
604,10,FREECAM_3D,20.166666666666668,753309,22989.166259765625,1770,54.01611328125,18.512994350282487,26,0.79345703125,1743,53.192138671875,1,0.030517578125,0x4540FC6A,3069,1262,1081,11.98828125,4.9296875,4.22265625,1,0x14,0,0,0,1,0,1,0,0,1,0,,,,,,,,,,,,,,,,,,,,,,
605,10,FREECAM_3D,20.2,755108,23044.0673828125,1799,54.901123046875,18.21456364647026,26,0.79345703125,1773,54.107666015625,0,0.0,0x06815C15,3069,1262,1081,11.98828125,4.9296875,4.22265625,1,0x14,0,0,0,1,0,1,0,0,1,0,,,,,,,,,,,,,,,,,,,,,,
606,10,FREECAM_3D,20.233333333333334,756941,23100.006103515625,1833,55.938720703125,17.876704855428258,26,0.79345703125,1806,55.11474609375,1,0.030517578125,0x7CE2CE39,3069,1262,1081,11.98828125,4.9296875,4.22265625,1,0x14,0,0,0,1,0,1,0,0,1,0,,,,,,,,,,,,,,,,,,,,,,
607,10,FREECAM_3D,20.266666666666666,758801,23156.768798828125,1860,56.7626953125,17.61720430107527,26,0.79345703125,1833,55.938720703125,1,0.030517578125,0x0BF6A32B,3069,1262,1081,11.98828125,4.9296875,4.22265625,1,0x14,0,0,0,1,0,1,0,0,1,0,,,,,,,,,,,,,,,,,,,,,,
608,10,FREECAM_3D,20.3,760668,23213.7451171875,1867,56.976318359375,17.551151580074986,26,0.79345703125,1841,56.182861328125,0,0.0,0xD06752C8,3069,1262,1081,11.98828125,4.9296875,4.22265625,1,0x14,0,0,0,1,0,1,0,0,1,0,,,,,,,,,,,,,,,,,,,,,,
609,10,FREECAM_3D,20.333333333333332,762597,23272.613525390625,1929,58.868408203125,16.98703991705547,26,0.79345703125,1903,58.074951171875,0,0.0,0x48A2917A,3069,1262,1081,11.98828125,4.9296875,4.22265625,1,0x14,0,0,0,1,0,1,0,0,1,0,,,,,,,,,,,,,,,,,,,,,,
610,10,FREECAM_3D,20.366666666666667,764551,23332.244873046875,1954,59.63134765625,16.769703172978506,25,0.762939453125,1928,58.837890625,1,0.030517578125,0x8CC51F67,3069,1262,1081,11.98828125,4.9296875,4.22265625,1,0x14,0,0,0,1,0,1,0,0,1,0,,,,,,,,,,,,,,,,,,,,,,
611,10,FREECAM_3D,20.4,766544,23393.06640625,1993,60.821533203125,16.44154540893126,26,0.79345703125,1966,59.99755859375,1,0.030517578125,0xA8F28D70,3069,1262,1081,11.98828125,4.9296875,4.22265625,1,0x14,0,0,0,1,0,1,0,0,1,0,,,,,,,,,,,,,,,,,,,,,,
612,10,FREECAM_3D,20.433333333333334,768559,23454.559326171875,2015,61.492919921875,16.262034739454094,26,0.79345703125,1989,60.699462890625,0,0.0,0xD7079BC0,3069,1262,1081,11.98828125,4.9296875,4.22265625,1,0x16,1,1,0,1,0,1,0,0,1,0,60.6689453125,0.030517578125,0.1220703125,19.53125,3.84521484375,2.197265625,15.31982421875,5.615234375,0.0,13.0615234375,0.946044921875,0,0,0,0,0,0,0,0,0,0,0
613,10,FREECAM_3D,20.466666666666665,770557,23515.533447265625,1998,60.97412109375,16.4004004004004,26,0.79345703125,1971,60.150146484375,1,0.030517578125,0xDB7D8AB0,3069,1262,1081,11.98828125,4.9296875,4.22265625,1,0x14,0,0,0,1,0,1,0,0,1,0,,,,,,,,,,,,,,,,,,,,,,
614,10,FREECAM_3D,20.5,772572,23577.0263671875,2015,61.492919921875,16.262034739454094,26,0.79345703125,1989,60.699462890625,0,0.0,0xD7079BC0,3069,1262,1081,11.98828125,4.9296875,4.22265625,1,0x14,0,0,0,1,0,1,0,0,-1,0,,,,,,,,,,,,,,,,,,,,,,
615,10,FREECAM_3D,20.533333333333335,774564,23637.8173828125,1992,60.791015625,16.449799196787147,26,0.79345703125,1966,59.99755859375,0,0.0,0xA8F28D70,3069,1262,1081,11.98828125,4.9296875,4.22265625,1,0x14,0,0,0,1,0,1,0,0,-1,0,,,,,,,,,,,,,,,,,,,,,,
616,10,FREECAM_3D,20.566666666666666,776518,23697.44873046875,1954,59.63134765625,16.769703172978506,26,0.79345703125,1928,58.837890625,0,0.0,0x8CC51F67,3069,1262,1081,11.98828125,4.9296875,4.22265625,1,0x14,0,0,0,1,0,1,0,0,-1,0,,,,,,,,,,,,,,,,,,,,,,
617,10,FREECAM_3D,20.6,778448,23756.34765625,1930,58.89892578125,16.97823834196891,26,0.79345703125,1903,58.074951171875,1,0.030517578125,0x48A2917A,3069,1262,1081,11.98828125,4.9296875,4.22265625,1,0x14,0,0,0,1,0,1,0,0,-1,0,,,,,,,,,,,,,,,,,,,,,,
618,10,FREECAM_3D,20.633333333333333,780316,23813.3544921875,1868,57.0068359375,17.541755888650965,26,0.79345703125,1841,56.182861328125,1,0.030517578125,0xD06752C8,3069,1262,1081,11.98828125,4.9296875,4.22265625,1,0x14,0,0,0,1,0,1,0,0,-1,0,,,,,,,,,,,,,,,,,,,,,,
619,10,FREECAM_3D,20.666666666666668,782156,23869.5068359375,1840,56.15234375,17.808695652173913,26,0.79345703125,1814,55.35888671875,0,0.0,0x0BF6A32B,3069,1262,1081,11.98828125,4.9296875,4.22265625,1,0x14,0,0,0,1,0,1,0,0,-1,0,,,,,,,,,,,,,,,,,,,,,,
620,10,FREECAM_3D,20.7,783971,23924.896240234375,1815,55.389404296875,18.053994490358125,26,0.79345703125,1788,54.5654296875,1,0.030517578125,0x7CE2CE39,3069,1262,1081,11.98828125,4.9296875,4.22265625,1,0x14,0,0,0,1,0,1,0,0,-1,0,,,,,,,,,,,,,,,,,,,,,,
621,10,FREECAM_3D,20.733333333333334,785753,23979.278564453125,1782,54.38232421875,18.388327721661057,26,0.79345703125,1756,53.5888671875,0,0.0,0x06815C15,3069,1262,1081,11.98828125,4.9296875,4.22265625,1,0x14,0,0,0,1,0,1,0,0,-1,0,,,,,,,,,,,,,,,,,,,,,,
622,10,FREECAM_3D,20.766666666666666,787522,24033.26416015625,1769,53.985595703125,18.523459581684566,25,0.762939453125,1743,53.192138671875,1,0.030517578125,0x4540FC6A,3069,1262,1081,11.98828125,4.9296875,4.22265625,1,0x14,0,0,0,1,0,1,0,0,-1,0,,,,,,,,,,,,,,,,,,,,,,
623,10,FREECAM_3D,20.8,789276,24086.7919921875,1754,53.52783203125,18.68187001140251,26,0.79345703125,1728,52.734375,0,0.0,0xF7C30E54,3069,1262,1081,11.98828125,4.9296875,4.22265625,1,0x14,0,0,0,1,0,1,0,0,-1,0,,,,,,,,,,,,,,,,,,,,,,
624,10,FREECAM_3D,20.833333333333332,791001,24139.434814453125,1725,52.642822265625,18.995942028985507,26,0.79345703125,1699,51.849365234375,0,0.0,0xBC1EDF23,3069,1262,1081,11.98828125,4.9296875,4.22265625,1,0x14,0,0,0,1,0,1,0,0,-1,0,,,,,,,,,,,,,,,,,,,,,,
625,10,FREECAM_3D,20.866666666666667,792699,24191.253662109375,1698,51.81884765625,19.297997644287396,25,0.762939453125,1673,51.055908203125,0,0.0,0x6BFB6151,3069,1262,1081,11.98828125,4.9296875,4.22265625,1,0x14,0,0,0,1,0,1,0,0,-1,0,,,,,,,,,,,,,,,,,,,,,,
626,10,FREECAM_3D,20.9,794340,24241.3330078125,1641,50.079345703125,19.968312004875077,26,0.79345703125,1615,49.285888671875,0,0.0,0x63CE50E1,3069,1262,1081,11.98828125,4.9296875,4.22265625,1,0x14,0,0,0,1,0,1,0,0,-1,0,,,,,,,,,,,,,,,,,,,,,,
627,10,FREECAM_3D,20.933333333333334,795931,24289.886474609375,1591,48.553466796875,20.595851665619108,26,0.79345703125,1565,47.760009765625,0,0.0,0x95EDCE06,3069,1262,1081,11.98828125,4.9296875,4.22265625,1,0x14,0,0,0,1,0,1,0,0,-1,0,,,,,,,,,,,,,,,,,,,,,,
628,10,FREECAM_3D,20.966666666666665,797494,24337.58544921875,1563,47.698974609375,20.964811260396672,26,0.79345703125,1537,46.905517578125,0,0.0,0xD5D21860,3069,1262,1081,11.98828125,4.9296875,4.22265625,1,0x14,0,0,0,1,0,1,0,0,-1,0,,,,,,,,,,,,,,,,,,,,,,
629,10,FREECAM_3D,21.0,798993,24383.331298828125,1499,45.745849609375,21.859906604402934,25,0.762939453125,1473,44.952392578125,1,0.030517578125,0xE75BFEC1,3069,1262,1081,11.98828125,4.9296875,4.22265625,1,0x14,0,0,0,1,0,1,0,0,-1,0,,,,,,,,,,,,,,,,,,,,,,
630,10,FREECAM_3D,21.033333333333335,800443,24427.581787109375,1450,44.25048828125,22.59862068965517,26,0.79345703125,1424,43.45703125,0,0.0,0x3DD7AA69,3069,1262,1081,11.98828125,4.9296875,4.22265625,1,0x14,0,0,0,1,0,1,0,0,-1,0,,,,,,,,,,,,,,,,,,,,,,
631,10,FREECAM_3D,21.066666666666666,801867,24471.038818359375,1424,43.45703125,23.01123595505618,25,0.762939453125,1398,42.66357421875,1,0.030517578125,0x0F056F37,3069,1262,1081,11.98828125,4.9296875,4.22265625,1,0x14,0,0,0,1,0,1,0,0,-1,0,,,,,,,,,,,,,,,,,,,,,,
632,10,FREECAM_3D,21.1,803294,24514.58740234375,1427,43.548583984375,22.962859145059564,26,0.79345703125,1401,42.755126953125,0,0.0,0xA5318462,3069,1262,1081,11.98828125,4.9296875,4.22265625,1,0x14,0,0,0,1,0,1,0,0,-1,0,,,,,,,,,,,,,,,,,,,,,,
633,10,FREECAM_3D,21.133333333333333,804648,24555.908203125,1354,41.32080078125,24.20088626292467,26,0.79345703125,1327,40.496826171875,1,0.030517578125,0xA5FAE12A,3069,1262,1081,11.98828125,4.9296875,4.22265625,1,0x14,0,0,0,1,0,1,0,0,-1,0,,,,,,,,,,,,,,,,,,,,,,
634,10,FREECAM_3D,21.166666666666668,805992,24596.923828125,1344,41.015625,24.38095238095238,26,0.79345703125,1318,40.22216796875,0,0.0,0x71DCCEE5,3069,1262,1081,11.98828125,4.9296875,4.22265625,1,0x14,0,0,0,1,0,1,0,0,-1,0,,,,,,,,,,,,,,,,,,,,,,
635,10,FREECAM_3D,21.2,807320,24637.451171875,1328,40.52734375,24.674698795180724,25,0.762939453125,1303,39.764404296875,0,0.0,0x9F0DFB31,3069,1262,1081,11.98828125,4.9296875,4.22265625,1,0x14,0,0,0,1,0,1,0,0,-1,0,,,,,,,,,,,,,,,,,,,,,,
636,10,FREECAM_3D,21.233333333333334,808428,24671.2646484375,1108,33.8134765625,29.574007220216608,25,0.762939453125,1082,33.02001953125,1,0.030517578125,0x9AB97DEB,3069,1262,1081,11.98828125,4.9296875,4.22265625,1,0x14,0,0,0,1,0,1,0,0,-1,0,,,,,,,,,,,,,,,,,,,,,,
637,10,FREECAM_3D,21.266666666666666,809535,24705.047607421875,1107,33.782958984375,29.600722673893404,26,0.79345703125,1080,32.958984375,1,0.030517578125,0xAC17D57C,3069,1262,1081,11.98828125,4.9296875,4.22265625,1,0x14,0,0,0,1,0,1,0,0,-1,0,,,,,,,,,,,,,,,,,,,,,,
638,10,FREECAM_3D,21.3,810566,24736.51123046875,1031,31.463623046875,31.782735208535403,26,0.79345703125,1004,30.6396484375,1,0.030517578125,0x351999EE,3069,1262,1081,11.98828125,4.9296875,4.22265625,1,0x14,0,0,0,1,0,1,0,0,-1,0,,,,,,,,,,,,,,,,,,,,,,
639,10,FREECAM_3D,21.333333333333332,811596,24767.9443359375,1030,31.43310546875,31.813592233009707,26,0.79345703125,1004,30.6396484375,0,0.0,0x125C255F,3069,1262,1081,11.98828125,4.9296875,4.22265625,1,0x14,0,0,0,1,0,1,0,0,-1,0,,,,,,,,,,,,,,,,,,,,,,
640,10,FREECAM_3D,21.366666666666667,812633,24799.591064453125,1037,31.646728515625,31.59884281581485,26,0.79345703125,1010,30.82275390625,1,0.030517578125,0x1CAD1FE7,3069,1262,1081,11.98828125,4.9296875,4.22265625,1,0x14,0,0,0,1,0,1,0,0,-1,0,,,,,,,,,,,,,,,,,,,,,,
641,10,FREECAM_3D,21.4,813674,24831.35986328125,1041,31.768798828125,31.477425552353505,26,0.79345703125,1014,30.94482421875,1,0.030517578125,0x301ECFFF,3069,1262,1081,11.98828125,4.9296875,4.22265625,1,0x14,0,0,0,1,0,1,0,0,-1,0,,,,,,,,,,,,,,,,,,,,,,
642,10,FREECAM_3D,21.433333333333334,814716,24863.1591796875,1042,31.79931640625,31.44721689059501,26,0.79345703125,1016,31.005859375,0,0.0,0xBA858160,3069,1262,1081,11.98828125,4.9296875,4.22265625,1,0x14,0,0,0,1,0,1,0,0,-1,0,,,,,,,,,,,,,,,,,,,,,,
643,10,FREECAM_3D,21.466666666666665,815761,24895.050048828125,1045,31.890869140625,31.356937799043063,26,0.79345703125,1019,31.097412109375,0,0.0,0x75381BF2,3069,1262,1081,11.98828125,4.9296875,4.22265625,1,0x14,0,0,0,1,0,1,0,0,-1,0,,,,,,,,,,,,,,,,,,,,,,
644,10,FREECAM_3D,21.5,816809,24927.032470703125,1048,31.982421875,31.267175572519083,25,0.762939453125,1023,31.219482421875,0,0.0,0x0F828D67,3069,1262,1081,11.98828125,4.9296875,4.22265625,1,0x14,0,0,0,1,0,1,0,0,-1,0,,,,,,,,,,,,,,,,,,,,,,
645,10,FREECAM_3D,21.533333333333335,817862,24959.16748046875,1053,32.135009765625,31.118708452041787,26,0.79345703125,1026,31.31103515625,1,0.030517578125,0x7496D160,3069,1262,1081,11.98828125,4.9296875,4.22265625,1,0x14,0,0,0,1,0,1,0,0,-1,0,,,,,,,,,,,,,,,,,,,,,,
646,10,FREECAM_3D,21.566666666666666,818934,24991.88232421875,1072,32.71484375,30.567164179104477,26,0.79345703125,1046,31.92138671875,0,0.0,0x757DE4F2,3069,1262,1081,11.98828125,4.9296875,4.22265625,1,0x14,0,0,0,1,0,1,0,0,-1,0,,,,,,,,,,,,,,,,,,,,,,
647,10,FREECAM_3D,21.6,820010,25024.71923828125,1076,32.8369140625,30.45353159851301,26,0.79345703125,1050,32.04345703125,0,0.0,0x4310EEA4,3069,1262,1081,11.98828125,4.9296875,4.22265625,1,0x14,0,0,0,1,0,1,0,0,-1,0,,,,,,,,,,,,,,,,,,,,,,
648,10,FREECAM_3D,21.633333333333333,821189,25060.699462890625,1179,35.980224609375,27.793044953350297,25,0.762939453125,1154,35.21728515625,0,0.0,0x7EDEF92F,3069,1262,1081,11.98828125,4.9296875,4.22265625,1,0x14,0,0,0,1,0,1,0,0,-1,0,,,,,,,,,,,,,,,,,,,,,,
649,10,FREECAM_3D,21.666666666666668,822350,25096.13037109375,1161,35.430908203125,28.223944875107666,25,0.762939453125,1136,34.66796875,0,0.0,0x65DFB05A,3069,1262,1081,11.98828125,4.9296875,4.22265625,1,0x14,0,0,0,1,0,1,0,0,-1,0,,,,,,,,,,,,,,,,,,,,,,
650,10,FREECAM_3D,21.7,823606,25134.46044921875,1256,38.330078125,26.089171974522294,26,0.79345703125,1230,37.53662109375,0,0.0,0x1D68886C,3069,1262,1081,11.98828125,4.9296875,4.22265625,1,0x14,0,0,0,1,0,1,0,0,-1,0,,,,,,,,,,,,,,,,,,,,,,
651,10,FREECAM_3D,21.733333333333334,824864,25172.8515625,1258,38.39111328125,26.047694753577108,25,0.762939453125,1233,37.628173828125,0,0.0,0xF20D7777,3069,1262,1081,11.98828125,4.9296875,4.22265625,1,0x14,0,0,0,1,0,1,0,0,-1,0,,,,,,,,,,,,,,,,,,,,,,
652,10,FREECAM_3D,21.766666666666666,826120,25211.181640625,1256,38.330078125,26.089171974522294,26,0.79345703125,1229,37.506103515625,1,0.030517578125,0xA44C425B,3069,1262,1081,11.98828125,4.9296875,4.22265625,1,0x14,0,0,0,1,0,1,0,0,-1,0,,,,,,,,,,,,,,,,,,,,,,
653,10,FREECAM_3D,21.8,827364,25249.1455078125,1244,37.9638671875,26.340836012861736,26,0.79345703125,1217,37.139892578125,1,0.030517578125,0xC7FFADCF,3069,1262,1081,11.98828125,4.9296875,4.22265625,1,0x14,0,0,0,1,0,1,0,0,-1,0,,,,,,,,,,,,,,,,,,,,,,
654,10,FREECAM_3D,21.833333333333332,828597,25286.773681640625,1233,37.628173828125,26.575831305758314,26,0.79345703125,1206,36.80419921875,1,0.030517578125,0xA3747F26,3069,1262,1081,11.98828125,4.9296875,4.22265625,1,0x14,0,0,0,1,0,1,0,0,-1,0,,,,,,,,,,,,,,,,,,,,,,
655,10,FREECAM_3D,21.866666666666667,829819,25324.066162109375,1222,37.29248046875,26.81505728314239,26,0.79345703125,1195,36.468505859375,1,0.030517578125,0xAE96CAD8,3069,1262,1081,11.98828125,4.9296875,4.22265625,1,0x14,0,0,0,1,0,1,0,0,-1,0,,,,,,,,,,,,,,,,,,,,,,
656,10,FREECAM_3D,21.9,831031,25361.053466796875,1212,36.9873046875,27.036303630363037,26,0.79345703125,1186,36.19384765625,0,0.0,0x58F5109B,3069,1262,1081,11.98828125,4.9296875,4.22265625,1,0x14,0,0,0,1,0,1,0,0,-1,0,,,,,,,,,,,,,,,,,,,,,,
657,10,FREECAM_3D,21.933333333333334,832229,25397.613525390625,1198,36.56005859375,27.352253756260435,26,0.79345703125,1171,35.736083984375,1,0.030517578125,0x87F93679,3069,1262,1081,11.98828125,4.9296875,4.22265625,1,0x14,0,0,0,1,0,1,0,0,-1,0,,,,,,,,,,,,,,,,,,,,,,
658,10,FREECAM_3D,21.966666666666665,833416,25433.837890625,1187,36.224365234375,27.605728727885424,26,0.79345703125,1161,35.430908203125,0,0.0,0x99232FBD,3069,1262,1081,11.98828125,4.9296875,4.22265625,1,0x14,0,0,0,1,0,1,0,0,-1,0,,,,,,,,,,,,,,,,,,,,,,
659,10,FREECAM_3D,22.0,834598,25469.90966796875,1182,36.07177734375,27.722504230118442,26,0.79345703125,1156,35.2783203125,0,0.0,0xB16D2C2A,3069,1262,1081,11.98828125,4.9296875,4.22265625,1,0x14,0,0,0,1,0,1,0,0,-1,0,,,,,,,,,,,,,,,,,,,,,,
660,10,FREECAM_3D,22.033333333333335,835735,25504.608154296875,1137,34.698486328125,28.819700967458225,25,0.762939453125,1112,33.935546875,0,0.0,0x97B6A86E,3069,1262,1081,11.98828125,4.9296875,4.22265625,1,0x14,0,0,0,1,0,1,0,0,-1,0,,,,,,,,,,,,,,,,,,,,,,
661,10,FREECAM_3D,22.066666666666666,836866,25539.12353515625,1131,34.515380859375,28.97259062776304,26,0.79345703125,1105,33.721923828125,0,0.0,0xD6FA1B1C,3069,1262,1081,11.98828125,4.9296875,4.22265625,1,0x14,0,0,0,1,0,1,0,0,-1,0,,,,,,,,,,,,,,,,,,,,,,
662,10,FREECAM_3D,22.1,837986,25573.30322265625,1120,34.1796875,29.257142857142856,25,0.762939453125,1094,33.38623046875,1,0.030517578125,0x8B4C3E5A,3069,1262,1081,11.98828125,4.9296875,4.22265625,1,0x14,0,0,0,1,0,1,0,0,-1,0,,,,,,,,,,,,,,,,,,,,,,
663,10,FREECAM_3D,22.133333333333333,839103,25607.391357421875,1117,34.088134765625,29.335720680393912,22,0.67138671875,1094,33.38623046875,1,0.030517578125,0x8B4C3E5A,3069,1262,1081,11.98828125,4.9296875,4.22265625,1,0x10,0,0,0,0,0,1,0,0,-1,0,,,,,,,,,,,,,,,,,,,,,,
664,10,FREECAM_3D,22.166666666666668,840218,25641.41845703125,1115,34.027099609375,29.388340807174888,22,0.67138671875,1093,33.355712890625,0,0.0,0x8B4C3E5A,3069,1262,1081,11.98828125,4.9296875,4.22265625,1,0x10,0,0,0,0,0,1,0,0,-1,0,,,,,,,,,,,,,,,,,,,,,,
665,10,FREECAM_3D,22.2,841332,25675.4150390625,1114,33.99658203125,29.414721723518852,21,0.640869140625,1093,33.355712890625,0,0.0,0x8B4C3E5A,3069,1262,1081,11.98828125,4.9296875,4.22265625,1,0x10,0,0,0,0,0,1,0,0,-1,0,,,,,,,,,,,,,,,,,,,,,,
666,10,FREECAM_3D,22.233333333333334,842448,25709.47265625,1116,34.0576171875,29.36200716845878,21,0.640869140625,1094,33.38623046875,1,0.030517578125,0x8B4C3E5A,3069,1262,1081,11.98828125,4.9296875,4.22265625,1,0x10,0,0,0,0,0,1,0,0,-1,0,,,,,,,,,,,,,,,,,,,,,,
667,10,FREECAM_3D,22.266666666666666,843565,25743.560791015625,1117,34.088134765625,29.335720680393912,22,0.67138671875,1094,33.38623046875,1,0.030517578125,0x8B4C3E5A,3069,1262,1081,11.98828125,4.9296875,4.22265625,1,0x10,0,0,0,0,0,1,0,0,-1,0,,,,,,,,,,,,,,,,,,,,,,
668,10,FREECAM_3D,22.3,844680,25777.587890625,1115,34.027099609375,29.388340807174888,22,0.67138671875,1093,33.355712890625,0,0.0,0x8B4C3E5A,3069,1262,1081,11.98828125,4.9296875,4.22265625,1,0x10,0,0,0,0,0,1,0,0,-1,0,,,,,,,,,,,,,,,,,,,,,,
669,10,FREECAM_3D,22.333333333333332,845794,25811.58447265625,1114,33.99658203125,29.414721723518852,21,0.640869140625,1093,33.355712890625,0,0.0,0x8B4C3E5A,3069,1262,1081,11.98828125,4.9296875,4.22265625,1,0x10,0,0,0,0,0,1,0,0,-1,0,,,,,,,,,,,,,,,,,,,,,,
670,10,FREECAM_3D,22.366666666666667,846910,25845.64208984375,1116,34.0576171875,29.36200716845878,21,0.640869140625,1094,33.38623046875,1,0.030517578125,0x8B4C3E5A,3069,1262,1081,11.98828125,4.9296875,4.22265625,1,0x10,0,0,0,0,0,1,0,0,-1,0,,,,,,,,,,,,,,,,,,,,,,
671,10,FREECAM_3D,22.4,848025,25879.669189453125,1115,34.027099609375,29.388340807174888,22,0.67138671875,1093,33.355712890625,0,0.0,0x8B4C3E5A,3069,1262,1081,11.98828125,4.9296875,4.22265625,1,0x10,0,0,0,0,0,1,0,0,-1,0,,,,,,,,,,,,,,,,,,,,,,
672,10,FREECAM_3D,22.433333333333334,849140,25913.6962890625,1115,34.027099609375,29.388340807174888,22,0.67138671875,1093,33.355712890625,0,0.0,0x8B4C3E5A,3069,1262,1081,11.98828125,4.9296875,4.22265625,1,0x10,0,0,0,0,0,1,0,0,-1,0,,,,,,,,,,,,,,,,,,,,,,
673,10,FREECAM_3D,22.466666666666665,850254,25947.69287109375,1114,33.99658203125,29.414721723518852,21,0.640869140625,1093,33.355712890625,0,0.0,0x8B4C3E5A,3069,1262,1081,11.98828125,4.9296875,4.22265625,1,0x10,0,0,0,0,0,1,0,0,-1,0,,,,,,,,,,,,,,,,,,,,,,
674,10,FREECAM_3D,22.5,851370,25981.75048828125,1116,34.0576171875,29.36200716845878,21,0.640869140625,1094,33.38623046875,1,0.030517578125,0x8B4C3E5A,3069,1262,1081,11.98828125,4.9296875,4.22265625,1,0x10,0,0,0,0,0,1,0,0,-1,0,,,,,,,,,,,,,,,,,,,,,,
675,10,FREECAM_3D,22.533333333333335,852485,26015.777587890625,1115,34.027099609375,29.388340807174888,22,0.67138671875,1093,33.355712890625,0,0.0,0x8B4C3E5A,3069,1262,1081,11.98828125,4.9296875,4.22265625,1,0x10,0,0,0,0,0,1,0,0,-1,0,,,,,,,,,,,,,,,,,,,,,,
676,10,FREECAM_3D,22.566666666666666,853599,26049.774169921875,1114,33.99658203125,29.414721723518852,21,0.640869140625,1093,33.355712890625,0,0.0,0x8B4C3E5A,3069,1262,1081,11.98828125,4.9296875,4.22265625,1,0x10,0,0,0,0,0,1,0,0,-1,0,,,,,,,,,,,,,,,,,,,,,,
677,10,FREECAM_3D,22.6,854714,26083.80126953125,1115,34.027099609375,29.388340807174888,21,0.640869140625,1094,33.38623046875,0,0.0,0x8B4C3E5A,3069,1262,1081,11.98828125,4.9296875,4.22265625,1,0x10,0,0,0,0,0,1,0,0,-1,0,,,,,,,,,,,,,,,,,,,,,,
678,10,FREECAM_3D,22.633333333333333,855830,26117.85888671875,1116,34.0576171875,29.36200716845878,21,0.640869140625,1094,33.38623046875,1,0.030517578125,0x8B4C3E5A,3069,1262,1081,11.98828125,4.9296875,4.22265625,1,0x10,0,0,0,0,0,1,0,0,-1,0,,,,,,,,,,,,,,,,,,,,,,
679,10,FREECAM_3D,22.666666666666668,856945,26151.885986328125,1115,34.027099609375,29.388340807174888,22,0.67138671875,1093,33.355712890625,0,0.0,0x8B4C3E5A,3069,1262,1081,11.98828125,4.9296875,4.22265625,1,0x10,0,0,0,0,0,1,0,0,-1,0,,,,,,,,,,,,,,,,,,,,,,
680,10,FREECAM_3D,22.7,858059,26185.882568359375,1114,33.99658203125,29.414721723518852,21,0.640869140625,1093,33.355712890625,0,0.0,0x8B4C3E5A,3069,1262,1081,11.98828125,4.9296875,4.22265625,1,0x10,0,0,0,0,0,1,0,0,-1,0,,,,,,,,,,,,,,,,,,,,,,
681,10,FREECAM_3D,22.733333333333334,859174,26219.90966796875,1115,34.027099609375,29.388340807174888,21,0.640869140625,1094,33.38623046875,0,0.0,0x8B4C3E5A,3069,1262,1081,11.98828125,4.9296875,4.22265625,1,0x10,0,0,0,0,0,1,0,0,-1,0,,,,,,,,,,,,,,,,,,,,,,
682,10,FREECAM_3D,22.766666666666666,860290,26253.96728515625,1116,34.0576171875,29.36200716845878,21,0.640869140625,1094,33.38623046875,1,0.030517578125,0x8B4C3E5A,3069,1262,1081,11.98828125,4.9296875,4.22265625,1,0x10,0,0,0,0,0,1,0,0,-1,0,,,,,,,,,,,,,,,,,,,,,,
683,10,FREECAM_3D,22.8,861405,26287.994384765625,1115,34.027099609375,29.388340807174888,22,0.67138671875,1093,33.355712890625,0,0.0,0x8B4C3E5A,3069,1262,1081,11.98828125,4.9296875,4.22265625,1,0x10,0,0,0,0,0,1,0,0,-1,0,,,,,,,,,,,,,,,,,,,,,,
684,10,FREECAM_3D,22.833333333333332,862519,26321.990966796875,1114,33.99658203125,29.414721723518852,21,0.640869140625,1093,33.355712890625,0,0.0,0x8B4C3E5A,3069,1262,1081,11.98828125,4.9296875,4.22265625,1,0x10,0,0,0,0,0,1,0,0,-1,0,,,,,,,,,,,,,,,,,,,,,,
685,10,FREECAM_3D,22.866666666666667,863634,26356.01806640625,1115,34.027099609375,29.388340807174888,21,0.640869140625,1094,33.38623046875,0,0.0,0x8B4C3E5A,3069,1262,1081,11.98828125,4.9296875,4.22265625,1,0x10,0,0,0,0,0,1,0,0,-1,0,,,,,,,,,,,,,,,,,,,,,,
686,10,FREECAM_3D,22.9,864750,26390.07568359375,1116,34.0576171875,29.36200716845878,21,0.640869140625,1094,33.38623046875,1,0.030517578125,0x8B4C3E5A,3069,1262,1081,11.98828125,4.9296875,4.22265625,1,0x10,0,0,0,0,0,1,0,0,-1,0,,,,,,,,,,,,,,,,,,,,,,
687,10,FREECAM_3D,22.933333333333334,865865,26424.102783203125,1115,34.027099609375,29.388340807174888,22,0.67138671875,1093,33.355712890625,0,0.0,0x8B4C3E5A,3069,1262,1081,11.98828125,4.9296875,4.22265625,1,0x10,0,0,0,0,0,1,0,0,-1,0,,,,,,,,,,,,,,,,,,,,,,
688,10,FREECAM_3D,22.966666666666665,866979,26458.099365234375,1114,33.99658203125,29.414721723518852,21,0.640869140625,1093,33.355712890625,0,0.0,0x8B4C3E5A,3069,1262,1081,11.98828125,4.9296875,4.22265625,1,0x10,0,0,0,0,0,1,0,0,-1,0,,,,,,,,,,,,,,,,,,,,,,
689,10,FREECAM_3D,23.0,868095,26492.156982421875,1116,34.0576171875,29.36200716845878,21,0.640869140625,1094,33.38623046875,1,0.030517578125,0x8B4C3E5A,3069,1262,1081,11.98828125,4.9296875,4.22265625,1,0x10,0,0,0,0,0,1,0,0,-1,0,,,,,,,,,,,,,,,,,,,,,,
690,10,FREECAM_3D,23.033333333333335,869211,26526.214599609375,1116,34.0576171875,29.36200716845878,21,0.640869140625,1094,33.38623046875,1,0.030517578125,0x8B4C3E5A,3069,1262,1081,11.98828125,4.9296875,4.22265625,1,0x10,0,0,0,0,0,1,0,0,-1,0,,,,,,,,,,,,,,,,,,,,,,
691,10,FREECAM_3D,23.066666666666666,870326,26560.24169921875,1115,34.027099609375,29.388340807174888,22,0.67138671875,1093,33.355712890625,0,0.0,0x8B4C3E5A,3069,1262,1081,11.98828125,4.9296875,4.22265625,1,0x10,0,0,0,0,0,1,0,0,-1,0,,,,,,,,,,,,,,,,,,,,,,
692,10,FREECAM_3D,23.1,871440,26594.23828125,1114,33.99658203125,29.414721723518852,21,0.640869140625,1093,33.355712890625,0,0.0,0x8B4C3E5A,3069,1262,1081,11.98828125,4.9296875,4.22265625,1,0x10,0,0,0,0,0,1,0,0,-1,0,,,,,,,,,,,,,,,,,,,,,,
693,10,FREECAM_3D,23.133333333333333,872556,26628.2958984375,1116,34.0576171875,29.36200716845878,21,0.640869140625,1094,33.38623046875,1,0.030517578125,0x8B4C3E5A,3069,1262,1081,11.98828125,4.9296875,4.22265625,1,0x10,0,0,0,0,0,1,0,0,-1,0,,,,,,,,,,,,,,,,,,,,,,
694,10,FREECAM_3D,23.166666666666668,873672,26662.353515625,1116,34.0576171875,29.36200716845878,21,0.640869140625,1094,33.38623046875,1,0.030517578125,0x8B4C3E5A,3069,1262,1081,11.98828125,4.9296875,4.22265625,1,0x10,0,0,0,0,0,1,0,0,-1,0,,,,,,,,,,,,,,,,,,,,,,
695,10,FREECAM_3D,23.2,874787,26696.380615234375,1115,34.027099609375,29.388340807174888,22,0.67138671875,1093,33.355712890625,0,0.0,0x8B4C3E5A,3069,1262,1081,11.98828125,4.9296875,4.22265625,1,0x10,0,0,0,0,0,1,0,0,-1,0,,,,,,,,,,,,,,,,,,,,,,
696,10,FREECAM_3D,23.233333333333334,875901,26730.377197265625,1114,33.99658203125,29.414721723518852,21,0.640869140625,1093,33.355712890625,0,0.0,0x8B4C3E5A,3069,1262,1081,11.98828125,4.9296875,4.22265625,1,0x10,0,0,0,0,0,1,0,0,-1,0,,,,,,,,,,,,,,,,,,,,,,
697,10,FREECAM_3D,23.266666666666666,877017,26764.434814453125,1116,34.0576171875,29.36200716845878,21,0.640869140625,1094,33.38623046875,1,0.030517578125,0x8B4C3E5A,3069,1262,1081,11.98828125,4.9296875,4.22265625,1,0x10,0,0,0,0,0,1,0,0,-1,0,,,,,,,,,,,,,,,,,,,,,,
698,10,FREECAM_3D,23.3,878133,26798.492431640625,1116,34.0576171875,29.36200716845878,21,0.640869140625,1094,33.38623046875,1,0.030517578125,0x8B4C3E5A,3069,1262,1081,11.98828125,4.9296875,4.22265625,1,0x10,0,0,0,0,0,1,0,0,-1,0,,,,,,,,,,,,,,,,,,,,,,
699,10,FREECAM_3D,23.333333333333332,879248,26832.51953125,1115,34.027099609375,29.388340807174888,22,0.67138671875,1093,33.355712890625,0,0.0,0x8B4C3E5A,3069,1262,1081,11.98828125,4.9296875,4.22265625,1,0x10,0,0,0,0,0,1,0,0,-1,0,,,,,,,,,,,,,,,,,,,,,,
700,10,FREECAM_3D,23.366666666666667,880362,26866.51611328125,1114,33.99658203125,29.414721723518852,21,0.640869140625,1093,33.355712890625,0,0.0,0x8B4C3E5A,3069,1262,1081,11.98828125,4.9296875,4.22265625,1,0x10,0,0,0,0,0,1,0,0,-1,0,,,,,,,,,,,,,,,,,,,,,,
701,10,FREECAM_3D,23.4,881478,26900.57373046875,1116,34.0576171875,29.36200716845878,21,0.640869140625,1094,33.38623046875,1,0.030517578125,0x8B4C3E5A,3069,1262,1081,11.98828125,4.9296875,4.22265625,1,0x10,0,0,0,0,0,1,0,0,-1,0,,,,,,,,,,,,,,,,,,,,,,
702,10,FREECAM_3D,23.433333333333334,882594,26934.63134765625,1116,34.0576171875,29.36200716845878,21,0.640869140625,1094,33.38623046875,1,0.030517578125,0x8B4C3E5A,3069,1262,1081,11.98828125,4.9296875,4.22265625,1,0x10,0,0,0,0,0,1,0,0,-1,0,,,,,,,,,,,,,,,,,,,,,,
703,10,FREECAM_3D,23.466666666666665,883709,26968.658447265625,1115,34.027099609375,29.388340807174888,22,0.67138671875,1093,33.355712890625,0,0.0,0x8B4C3E5A,3069,1262,1081,11.98828125,4.9296875,4.22265625,1,0x10,0,0,0,0,0,1,0,0,-1,0,,,,,,,,,,,,,,,,,,,,,,
704,10,FREECAM_3D,23.5,884823,27002.655029296875,1114,33.99658203125,29.414721723518852,21,0.640869140625,1093,33.355712890625,0,0.0,0x8B4C3E5A,3069,1262,1081,11.98828125,4.9296875,4.22265625,1,0x10,0,0,0,0,0,1,0,0,-1,0,,,,,,,,,,,,,,,,,,,,,,
705,10,FREECAM_3D,23.533333333333335,885939,27036.712646484375,1116,34.0576171875,29.36200716845878,21,0.640869140625,1094,33.38623046875,1,0.030517578125,0x8B4C3E5A,3069,1262,1081,11.98828125,4.9296875,4.22265625,1,0x10,0,0,0,0,0,1,0,0,-1,0,,,,,,,,,,,,,,,,,,,,,,
706,10,FREECAM_3D,23.566666666666666,887055,27070.770263671875,1116,34.0576171875,29.36200716845878,21,0.640869140625,1094,33.38623046875,1,0.030517578125,0x8B4C3E5A,3069,1262,1081,11.98828125,4.9296875,4.22265625,1,0x10,0,0,0,0,0,1,0,0,-1,0,,,,,,,,,,,,,,,,,,,,,,
707,10,FREECAM_3D,23.6,888170,27104.79736328125,1115,34.027099609375,29.388340807174888,22,0.67138671875,1093,33.355712890625,0,0.0,0x8B4C3E5A,3069,1262,1081,11.98828125,4.9296875,4.22265625,1,0x10,0,0,0,0,0,1,0,0,-1,0,,,,,,,,,,,,,,,,,,,,,,
708,10,FREECAM_3D,23.633333333333333,889284,27138.7939453125,1114,33.99658203125,29.414721723518852,21,0.640869140625,1093,33.355712890625,0,0.0,0x8B4C3E5A,3069,1262,1081,11.98828125,4.9296875,4.22265625,1,0x10,0,0,0,0,0,1,0,0,-1,0,,,,,,,,,,,,,,,,,,,,,,
709,10,FREECAM_3D,23.666666666666668,890400,27172.8515625,1116,34.0576171875,29.36200716845878,21,0.640869140625,1094,33.38623046875,1,0.030517578125,0x8B4C3E5A,3069,1262,1081,11.98828125,4.9296875,4.22265625,1,0x10,0,0,0,0,0,1,0,0,-1,0,,,,,,,,,,,,,,,,,,,,,,
710,10,FREECAM_3D,23.7,891530,27207.33642578125,1130,34.48486328125,28.998230088495575,26,0.79345703125,1104,33.69140625,0,0.0,0xD6FA1B1C,3069,1262,1081,11.98828125,4.9296875,4.22265625,1,0x14,0,0,0,1,0,1,0,0,1,0,,,,,,,,,,,,,,,,,,,,,,
711,10,FREECAM_3D,23.733333333333334,892668,27242.0654296875,1138,34.72900390625,28.794376098418276,26,0.79345703125,1112,33.935546875,0,0.0,0x97B6A86E,3069,1262,1081,11.98828125,4.9296875,4.22265625,1,0x14,0,0,0,1,0,1,0,0,1,0,,,,,,,,,,,,,,,,,,,,,,
712,10,FREECAM_3D,23.766666666666666,893850,27278.13720703125,1182,36.07177734375,27.722504230118442,26,0.79345703125,1156,35.2783203125,0,0.0,0xB16D2C2A,3069,1262,1081,11.98828125,4.9296875,4.22265625,1,0x14,0,0,0,1,0,1,0,0,1,0,,,,,,,,,,,,,,,,,,,,,,
713,10,FREECAM_3D,23.8,895038,27314.39208984375,1188,36.2548828125,27.58249158249158,25,0.762939453125,1162,35.46142578125,1,0.030517578125,0x99232FBD,3069,1262,1081,11.98828125,4.9296875,4.22265625,1,0x14,0,0,0,1,0,1,0,0,1,0,,,,,,,,,,,,,,,,,,,,,,
714,10,FREECAM_3D,23.833333333333332,896236,27350.9521484375,1198,36.56005859375,27.352253756260435,26,0.79345703125,1171,35.736083984375,1,0.030517578125,0x87F93679,3069,1262,1081,11.98828125,4.9296875,4.22265625,1,0x14,0,0,0,1,0,1,0,0,1,0,,,,,,,,,,,,,,,,,,,,,,
715,10,FREECAM_3D,23.866666666666667,897449,27387.969970703125,1213,37.017822265625,27.01401483924155,26,0.79345703125,1186,36.19384765625,1,0.030517578125,0x58F5109B,3069,1262,1081,11.98828125,4.9296875,4.22265625,1,0x14,0,0,0,1,0,1,0,0,1,0,,,,,,,,,,,,,,,,,,,,,,
716,10,FREECAM_3D,23.9,898671,27425.262451171875,1222,37.29248046875,26.81505728314239,26,0.79345703125,1195,36.468505859375,1,0.030517578125,0xAE96CAD8,3069,1262,1081,11.98828125,4.9296875,4.22265625,1,0x14,0,0,0,1,0,1,0,0,1,0,,,,,,,,,,,,,,,,,,,,,,
717,10,FREECAM_3D,23.933333333333334,899904,27462.890625,1233,37.628173828125,26.575831305758314,26,0.79345703125,1206,36.80419921875,1,0.030517578125,0xA3747F26,3069,1262,1081,11.98828125,4.9296875,4.22265625,1,0x14,0,0,0,1,0,1,0,0,1,0,,,,,,,,,,,,,,,,,,,,,,
718,10,FREECAM_3D,23.966666666666665,901147,27500.823974609375,1243,37.933349609375,26.362027353177794,26,0.79345703125,1217,37.139892578125,0,0.0,0xC7FFADCF,3069,1262,1081,11.98828125,4.9296875,4.22265625,1,0x14,0,0,0,1,0,1,0,0,1,0,,,,,,,,,,,,,,,,,,,,,,
719,10,FREECAM_3D,24.0,902401,27539.093017578125,1254,38.26904296875,26.130781499202552,25,0.762939453125,1229,37.506103515625,0,0.0,0xA44C425B,3069,1262,1081,11.98828125,4.9296875,4.22265625,1,0x14,0,0,0,1,0,1,0,0,1,0,,,,,,,,,,,,,,,,,,,,,,
720,10,FREECAM_3D,24.033333333333335,903659,27577.484130859375,1258,38.39111328125,26.047694753577108,25,0.762939453125,1233,37.628173828125,0,0.0,0xF20D7777,3069,1262,1081,11.98828125,4.9296875,4.22265625,1,0x14,0,0,0,1,0,1,0,0,1,0,,,,,,,,,,,,,,,,,,,,,,
721,10,FREECAM_3D,24.066666666666666,904914,27615.78369140625,1255,38.299560546875,26.10996015936255,26,0.79345703125,1229,37.506103515625,0,0.0,0x1D68886C,3069,1262,1081,11.98828125,4.9296875,4.22265625,1,0x14,0,0,0,1,0,1,0,0,1,0,,,,,,,,,,,,,,,,,,,,,,
722,10,FREECAM_3D,24.1,906078,27651.30615234375,1164,35.5224609375,28.151202749140893,26,0.79345703125,1137,34.698486328125,1,0.030517578125,0x65DFB05A,3069,1262,1081,11.98828125,4.9296875,4.22265625,1,0x14,0,0,0,1,0,1,0,0,1,0,,,,,,,,,,,,,,,,,,,,,,
723,10,FREECAM_3D,24.133333333333333,907259,27687.347412109375,1181,36.041259765625,27.745977984758678,26,0.79345703125,1154,35.21728515625,1,0.030517578125,0x7EDEF92F,3069,1262,1081,11.98828125,4.9296875,4.22265625,1,0x14,0,0,0,1,0,1,0,0,1,0,,,,,,,,,,,,,,,,,,,,,,
724,10,FREECAM_3D,24.166666666666668,908334,27720.15380859375,1075,32.806396484375,30.48186046511628,26,0.79345703125,1049,32.012939453125,0,0.0,0x4310EEA4,3069,1262,1081,11.98828125,4.9296875,4.22265625,1,0x14,0,0,0,1,0,1,0,0,1,0,,,,,,,,,,,,,,,,,,,,,,
725,10,FREECAM_3D,24.2,909407,27752.899169921875,1073,32.745361328125,30.538676607642124,26,0.79345703125,1047,31.951904296875,0,0.0,0x757DE4F2,3069,1262,1081,11.98828125,4.9296875,4.22265625,1,0x14,0,0,0,1,0,1,0,0,1,0,,,,,,,,,,,,,,,,,,,,,,
726,10,FREECAM_3D,24.233333333333334,910459,27785.003662109375,1052,32.1044921875,31.14828897338403,25,0.762939453125,1026,31.31103515625,1,0.030517578125,0x7496D160,3069,1262,1081,11.98828125,4.9296875,4.22265625,1,0x14,0,0,0,1,0,1,0,0,1,0,,,,,,,,,,,,,,,,,,,,,,
727,10,FREECAM_3D,24.266666666666666,911508,27817.0166015625,1049,32.012939453125,31.237368922783602,26,0.79345703125,1023,31.219482421875,0,0.0,0x0F828D67,3069,1262,1081,11.98828125,4.9296875,4.22265625,1,0x14,0,0,0,1,0,1,0,0,1,0,,,,,,,,,,,,,,,,,,,,,,
728,10,FREECAM_3D,24.3,912553,27848.907470703125,1045,31.890869140625,31.356937799043063,26,0.79345703125,1019,31.097412109375,0,0.0,0x75381BF2,3069,1262,1081,11.98828125,4.9296875,4.22265625,1,0x14,0,0,0,1,0,1,0,0,1,0,,,,,,,,,,,,,,,,,,,,,,
729,10,FREECAM_3D,24.333333333333332,913595,27880.706787109375,1042,31.79931640625,31.44721689059501,25,0.762939453125,1017,31.036376953125,0,0.0,0xBA858160,3069,1262,1081,11.98828125,4.9296875,4.22265625,1,0x14,0,0,0,1,0,1,0,0,1,0,,,,,,,,,,,,,,,,,,,,,,
730,10,FREECAM_3D,24.366666666666667,914635,27912.445068359375,1040,31.73828125,31.50769230769231,25,0.762939453125,1014,30.94482421875,1,0.030517578125,0x301ECFFF,3069,1262,1081,11.98828125,4.9296875,4.22265625,1,0x14,0,0,0,1,0,1,0,0,1,0,,,,,,,,,,,,,,,,,,,,,,
731,10,FREECAM_3D,24.4,915671,27944.061279296875,1036,31.6162109375,31.62934362934363,26,0.79345703125,1010,30.82275390625,0,0.0,0x1CAD1FE7,3069,1262,1081,11.98828125,4.9296875,4.22265625,1,0x14,0,0,0,1,0,1,0,0,1,0,,,,,,,,,,,,,,,,,,,,,,
732,10,FREECAM_3D,24.433333333333334,916701,27975.494384765625,1030,31.43310546875,31.813592233009707,25,0.762939453125,1005,30.670166015625,0,0.0,0x125C255F,3069,1262,1081,11.98828125,4.9296875,4.22265625,1,0x14,0,0,0,1,0,1,0,0,1,0,,,,,,,,,,,,,,,,,,,,,,
733,10,FREECAM_3D,24.466666666666665,917730,28006.89697265625,1029,31.402587890625,31.844509232264333,25,0.762939453125,1004,30.6396484375,0,0.0,0x351999EE,3069,1262,1081,11.98828125,4.9296875,4.22265625,1,0x14,0,0,0,1,0,1,0,0,1,0,,,,,,,,,,,,,,,,,,,,,,
734,10,FREECAM_3D,24.5,918835,28040.618896484375,1105,33.721923828125,29.654298642533938,25,0.762939453125,1080,32.958984375,0,0.0,0xAC17D57C,3069,1262,1081,11.98828125,4.9296875,4.22265625,1,0x14,0,0,0,1,0,1,0,0,1,0,,,,,,,,,,,,,,,,,,,,,,
735,10,FREECAM_3D,24.533333333333335,919942,28074.40185546875,1107,33.782958984375,29.600722673893404,25,0.762939453125,1082,33.02001953125,0,0.0,0x9AB97DEB,3069,1262,1081,11.98828125,4.9296875,4.22265625,1,0x14,0,0,0,1,0,1,0,0,1,0,,,,,,,,,,,,,,,,,,,,,,
736,10,FREECAM_3D,24.566666666666666,921270,28114.92919921875,1328,40.52734375,24.674698795180724,26,0.79345703125,1302,39.73388671875,0,0.0,0x9F0DFB31,3069,1262,1081,11.98828125,4.9296875,4.22265625,1,0x14,0,0,0,1,0,1,0,0,1,0,,,,,,,,,,,,,,,,,,,,,,
737,10,FREECAM_3D,24.6,922615,28155.975341796875,1345,41.046142578125,24.36282527881041,26,0.79345703125,1318,40.22216796875,1,0.030517578125,0x71DCCEE5,3069,1262,1081,11.98828125,4.9296875,4.22265625,1,0x14,0,0,0,1,0,1,0,0,1,0,,,,,,,,,,,,,,,,,,,,,,
738,10,FREECAM_3D,24.633333333333333,923967,28197.235107421875,1352,41.259765625,24.236686390532544,26,0.79345703125,1326,40.46630859375,0,0.0,0xA5FAE12A,3069,1262,1081,11.98828125,4.9296875,4.22265625,1,0x14,0,0,0,1,0,1,0,0,1,0,,,,,,,,,,,,,,,,,,,,,,
739,10,FREECAM_3D,24.666666666666668,925374,28240.17333984375,1407,42.938232421875,23.289267945984363,26,0.79345703125,1381,42.144775390625,0,0.0,0xA5318462,3069,1262,1081,11.98828125,4.9296875,4.22265625,1,0x14,0,0,0,1,0,1,0,0,1,0,,,,,,,,,,,,,,,,,,,,,,
740,10,FREECAM_3D,24.7,926799,28283.660888671875,1425,43.487548828125,22.995087719298244,26,0.79345703125,1398,42.66357421875,1,0.030517578125,0x0F056F37,3069,1262,1081,11.98828125,4.9296875,4.22265625,1,0x14,0,0,0,1,0,1,0,0,1,0,,,,,,,,,,,,,,,,,,,,,,
741,10,FREECAM_3D,24.733333333333334,928249,28327.911376953125,1450,44.25048828125,22.59862068965517,26,0.79345703125,1424,43.45703125,0,0.0,0x3DD7AA69,3069,1262,1081,11.98828125,4.9296875,4.22265625,1,0x14,0,0,0,1,0,1,0,0,1,0,,,,,,,,,,,,,,,,,,,,,,
742,10,FREECAM_3D,24.766666666666666,929748,28373.6572265625,1499,45.745849609375,21.859906604402934,25,0.762939453125,1473,44.952392578125,1,0.030517578125,0xE75BFEC1,3069,1262,1081,11.98828125,4.9296875,4.22265625,1,0x14,0,0,0,1,0,1,0,0,1,0,,,,,,,,,,,,,,,,,,,,,,
743,10,FREECAM_3D,24.8,931311,28421.356201171875,1563,47.698974609375,20.964811260396672,26,0.79345703125,1537,46.905517578125,0,0.0,0xD5D21860,3069,1262,1081,11.98828125,4.9296875,4.22265625,1,0x14,0,0,0,1,0,1,0,0,1,0,,,,,,,,,,,,,,,,,,,,,,
744,10,FREECAM_3D,24.833333333333332,932902,28469.90966796875,1591,48.553466796875,20.595851665619108,26,0.79345703125,1565,47.760009765625,0,0.0,0x95EDCE06,3069,1262,1081,11.98828125,4.9296875,4.22265625,1,0x14,0,0,0,1,0,1,0,0,1,0,,,,,,,,,,,,,,,,,,,,,,
745,10,FREECAM_3D,24.866666666666667,934543,28519.989013671875,1641,50.079345703125,19.968312004875077,26,0.79345703125,1614,49.25537109375,1,0.030517578125,0x63CE50E1,3069,1262,1081,11.98828125,4.9296875,4.22265625,1,0x14,0,0,0,1,0,1,0,0,1,0,,,,,,,,,,,,,,,,,,,,,,
746,10,FREECAM_3D,24.9,936243,28571.868896484375,1700,51.8798828125,19.275294117647057,26,0.79345703125,1673,51.055908203125,1,0.030517578125,0x6BFB6151,3069,1262,1081,11.98828125,4.9296875,4.22265625,1,0x14,0,0,0,1,0,1,0,0,1,0,,,,,,,,,,,,,,,,,,,,,,
747,10,FREECAM_3D,24.933333333333334,937968,28624.51171875,1725,52.642822265625,18.995942028985507,26,0.79345703125,1699,51.849365234375,0,0.0,0xBC1EDF23,3069,1262,1081,11.98828125,4.9296875,4.22265625,1,0x14,0,0,0,1,0,1,0,0,1,0,,,,,,,,,,,,,,,,,,,,,,
748,10,FREECAM_3D,24.966666666666665,939722,28678.03955078125,1754,53.52783203125,18.68187001140251,26,0.79345703125,1728,52.734375,0,0.0,0xF7C30E54,3069,1262,1081,11.98828125,4.9296875,4.22265625,1,0x14,0,0,0,1,0,1,0,0,1,0,,,,,,,,,,,,,,,,,,,,,,
749,10,FREECAM_3D,25.0,941491,28732.025146484375,1769,53.985595703125,18.523459581684566,25,0.762939453125,1743,53.192138671875,1,0.030517578125,0x4540FC6A,3069,1262,1081,11.98828125,4.9296875,4.22265625,1,0x14,0,0,0,1,0,1,0,0,1,0,,,,,,,,,,,,,,,,,,,,,,
750,10,FREECAM_3D,25.033333333333335,943290,28786.92626953125,1799,54.901123046875,18.21456364647026,26,0.79345703125,1773,54.107666015625,0,0.0,0x06815C15,3069,1262,1081,11.98828125,4.9296875,4.22265625,1,0x14,0,0,0,1,0,1,0,0,1,0,,,,,,,,,,,,,,,,,,,,,,
751,10,FREECAM_3D,25.066666666666666,945120,28842.7734375,1830,55.84716796875,17.90601092896175,25,0.762939453125,1805,55.084228515625,0,0.0,0x7CE2CE39,3069,1262,1081,11.98828125,4.9296875,4.22265625,1,0x14,0,0,0,1,0,1,0,0,1,0,,,,,,,,,,,,,,,,,,,,,,
752,10,FREECAM_3D,25.1,946978,28899.47509765625,1858,56.70166015625,17.636167922497307,25,0.762939453125,1833,55.938720703125,0,0.0,0x0BF6A32B,3069,1262,1081,11.98828125,4.9296875,4.22265625,1,0x14,0,0,0,1,0,1,0,0,1,0,,,,,,,,,,,,,,,,,,,,,,
753,10,FREECAM_3D,25.133333333333333,948846,28956.48193359375,1868,57.0068359375,17.541755888650965,25,0.762939453125,1842,56.21337890625,1,0.030517578125,0xD06752C8,3069,1262,1081,11.98828125,4.9296875,4.22265625,1,0x14,0,0,0,1,0,1,0,0,1,0,,,,,,,,,,,,,,,,,,,,,,
754,10,FREECAM_3D,25.166666666666668,950774,29015.31982421875,1928,58.837890625,16.99585062240664,26,0.79345703125,1902,58.04443359375,0,0.0,0x48A2917A,3069,1262,1081,11.98828125,4.9296875,4.22265625,1,0x14,0,0,0,1,0,1,0,0,1,0,,,,,,,,,,,,,,,,,,,,,,
755,10,FREECAM_3D,25.2,952728,29074.951171875,1954,59.63134765625,16.769703172978506,25,0.762939453125,1928,58.837890625,1,0.030517578125,0x8CC51F67,3069,1262,1081,11.98828125,4.9296875,4.22265625,1,0x14,0,0,0,1,0,1,0,0,1,0,,,,,,,,,,,,,,,,,,,,,,
756,10,FREECAM_3D,25.233333333333334,954721,29135.772705078125,1993,60.821533203125,16.44154540893126,26,0.79345703125,1966,59.99755859375,1,0.030517578125,0xA8F28D70,3069,1262,1081,11.98828125,4.9296875,4.22265625,1,0x14,0,0,0,1,0,1,0,0,1,0,,,,,,,,,,,,,,,,,,,,,,
757,10,FREECAM_3D,25.266666666666666,956736,29197.265625,2015,61.492919921875,16.262034739454094,26,0.79345703125,1989,60.699462890625,0,0.0,0xD7079BC0,3069,1262,1081,11.98828125,4.9296875,4.22265625,1,0x14,0,0,0,1,0,1,0,0,1,0,,,,,,,,,,,,,,,,,,,,,,
758,10,FREECAM_3D,25.3,958740,29258.4228515625,2004,61.1572265625,16.35129740518962,17,0.518798828125,1986,60.60791015625,1,0.030517578125,0x9F11FE28,3069,1262,1102,11.98828125,4.9296875,4.3046875,1,0x14,0,0,0,1,0,1,0,0,0,1,,,,,,,,,,,,,,,,,,,,,,
759,10,FREECAM_3D,25.333333333333332,960740,29319.4580078125,2000,61.03515625,16.384,18,0.54931640625,1982,60.48583984375,0,0.0,0xFE201391,3069,1262,1123,11.98828125,4.9296875,4.38671875,1,0x14,0,0,0,1,0,1,0,0,0,1,,,,,,,,,,,,,,,,,,,,,,
760,10,FREECAM_3D,25.366666666666667,962729,29380.157470703125,1989,60.699462890625,16.474610356963296,17,0.518798828125,1972,60.1806640625,0,0.0,0x8D970B6E,3069,1262,1144,11.98828125,4.9296875,4.46875,1,0x14,0,0,0,1,0,1,0,0,0,1,,,,,,,,,,,,,,,,,,,,,,
761,10,FREECAM_3D,25.4,964707,29440.521240234375,1978,60.36376953125,16.566228513650152,17,0.518798828125,1960,59.814453125,1,0.030517578125,0xD10F39AF,3069,1262,1165,11.98828125,4.9296875,4.55078125,1,0x14,0,0,0,1,0,1,0,0,0,1,,,,,,,,,,,,,,,,,,,,,,
762,10,FREECAM_3D,25.433333333333334,966670,29500.42724609375,1963,59.906005859375,16.692817116658176,18,0.54931640625,1944,59.326171875,1,0.030517578125,0x2CA7BF24,3069,1262,1186,11.98828125,4.9296875,4.6328125,1,0x14,0,0,0,1,0,1,0,0,0,1,,,,,,,,,,,,,,,,,,,,,,
763,10,FREECAM_3D,25.466666666666665,968620,29559.9365234375,1950,59.50927734375,16.804102564102564,18,0.54931640625,1931,58.929443359375,1,0.030517578125,0x85D9FFED,3069,1262,1207,11.98828125,4.9296875,4.71484375,1,0x14,0,0,0,1,0,1,0,0,0,1,,,,,,,,,,,,,,,,,,,,,,
764,10,FREECAM_3D,25.5,970595,29620.208740234375,1975,60.272216796875,16.591392405063292,907,27.679443359375,1068,32.5927734375,0,0.0,0x60949FFC,3,2468,402,0.01171875,9.640625,1.5703125,0,0x15,0,0,1,1,0,1,0,0,0,1,,,,,,,,,,,,,,,,,,,,,,
765,10,FREECAM_3D,25.533333333333335,971678,29653.25927734375,1083,33.050537109375,30.25669436749769,18,0.54931640625,1065,32.501220703125,0,0.0,0x7D2C2957,3,2468,423,0.01171875,9.640625,1.65234375,0,0x14,0,0,0,1,0,1,0,0,0,1,,,,,,,,,,,,,,,,,,,,,,
766,10,FREECAM_3D,25.566666666666666,972763,29686.370849609375,1085,33.111572265625,30.200921658986175,17,0.518798828125,1068,32.5927734375,0,0.0,0xAF34DCD8,3,2468,444,0.01171875,9.640625,1.734375,0,0x14,0,0,0,1,0,1,0,0,0,1,,,,,,,,,,,,,,,,,,,,,,
767,10,FREECAM_3D,25.6,973855,29719.696044921875,1092,33.3251953125,30.007326007326007,18,0.54931640625,1074,32.77587890625,0,0.0,0xC2DBAE89,3,2468,465,0.01171875,9.640625,1.81640625,0,0x14,0,0,0,1,0,1,0,0,0,1,,,,,,,,,,,,,,,,,,,,,,
768,10,FREECAM_3D,25.633333333333333,974945,29752.960205078125,1090,33.26416015625,30.06238532110092,17,0.518798828125,1073,32.745361328125,0,0.0,0xEF5FB53A,3,2468,486,0.01171875,9.640625,1.8984375,0,0x14,0,0,0,1,0,1,0,0,0,1,,,,,,,,,,,,,,,,,,,,,,
769,10,FREECAM_3D,25.666666666666668,976036,29786.2548828125,1091,33.294677734375,30.034830430797435,17,0.518798828125,1073,32.745361328125,1,0.030517578125,0xFE92F063,3,2468,507,0.01171875,9.640625,1.98046875,0,0x14,0,0,0,1,0,1,0,0,0,1,,,,,,,,,,,,,,,,,,,,,,
770,10,FREECAM_3D,25.7,977122,29819.39697265625,1086,33.14208984375,30.173112338858196,18,0.54931640625,1068,32.5927734375,0,0.0,0xCAC6071D,3,2468,528,0.01171875,9.640625,2.0625,0,0x14,0,0,0,1,0,1,0,0,0,1,,,,,,,,,,,,,,,,,,,,,,
771,10,FREECAM_3D,25.733333333333334,978208,29852.5390625,1086,33.14208984375,30.173112338858196,18,0.54931640625,1068,32.5927734375,0,0.0,0xAB0FE09C,3,2468,549,0.01171875,9.640625,2.14453125,0,0x14,0,0,0,1,0,1,0,0,0,1,,,,,,,,,,,,,,,,,,,,,,
772,10,FREECAM_3D,25.766666666666666,979294,29885.68115234375,1086,33.14208984375,30.173112338858196,18,0.54931640625,1067,32.562255859375,1,0.030517578125,0x6E0C8873,3,2468,570,0.01171875,9.640625,2.2265625,0,0x14,0,0,0,1,0,1,0,0,0,1,,,,,,,,,,,,,,,,,,,,,,
773,10,FREECAM_3D,25.8,980375,29918.670654296875,1081,32.989501953125,30.31267345050879,18,0.54931640625,1063,32.440185546875,0,0.0,0x44E06012,3,2468,591,0.01171875,9.640625,2.30859375,0,0x14,0,0,0,1,0,1,0,0,0,1,,,,,,,,,,,,,,,,,,,,,,
774,10,FREECAM_3D,25.833333333333332,981455,29951.629638671875,1080,32.958984375,30.340740740740742,18,0.54931640625,1061,32.379150390625,1,0.030517578125,0x40A22339,3,2468,612,0.01171875,9.640625,2.390625,0,0x14,0,0,0,1,0,1,0,0,0,1,,,,,,,,,,,,,,,,,,,,,,
775,10,FREECAM_3D,25.866666666666667,982534,29984.55810546875,1079,32.928466796875,30.368860055607044,18,0.54931640625,1061,32.379150390625,0,0.0,0x80883878,3,2468,633,0.01171875,9.640625,2.47265625,0,0x14,0,0,0,1,0,1,0,0,0,1,,,,,,,,,,,,,,,,,,,,,,
776,10,FREECAM_3D,25.9,983609,30017.364501953125,1075,32.806396484375,30.48186046511628,18,0.54931640625,1057,32.257080078125,0,0.0,0x74684B0F,3,2468,654,0.01171875,9.640625,2.5546875,0,0x14,0,0,0,1,0,1,0,0,0,1,,,,,,,,,,,,,,,,,,,,,,
777,10,FREECAM_3D,25.933333333333334,984680,30050.048828125,1071,32.684326171875,30.595704948646127,17,0.518798828125,1054,32.16552734375,0,0.0,0x65B5D9EE,3,2468,675,0.01171875,9.640625,2.63671875,0,0x14,0,0,0,1,0,1,0,0,0,1,,,,,,,,,,,,,,,,,,,,,,
778,10,FREECAM_3D,25.966666666666665,985753,30082.794189453125,1073,32.745361328125,30.538676607642124,18,0.54931640625,1054,32.16552734375,1,0.030517578125,0x1E6F2665,3,2468,696,0.01171875,9.640625,2.71875,0,0x14,0,0,0,1,0,1,0,0,0,1,,,,,,,,,,,,,,,,,,,,,,
779,10,FREECAM_3D,26.0,986822,30115.41748046875,1069,32.623291015625,30.652946679139383,18,0.54931640625,1050,32.04345703125,1,0.030517578125,0xBB8A8BE4,3,2468,717,0.01171875,9.640625,2.80078125,0,0x14,0,0,0,1,0,1,0,0,0,1,,,,,,,,,,,,,,,,,,,,,,
780,10,FREECAM_3D,26.033333333333335,987887,30147.918701171875,1065,32.501220703125,30.76807511737089,18,0.54931640625,1047,31.951904296875,0,0.0,0xDB7816DB,3,2468,738,0.01171875,9.640625,2.8828125,0,0x14,0,0,0,1,0,1,0,0,0,1,,,,,,,,,,,,,,,,,,,,,,
781,10,FREECAM_3D,26.066666666666666,988951,30180.389404296875,1064,32.470703125,30.796992481203006,18,0.54931640625,1046,31.92138671875,0,0.0,0x62D805FA,3,2468,759,0.01171875,9.640625,2.96484375,0,0x14,0,0,0,1,0,1,0,0,0,1,,,,,,,,,,,,,,,,,,,,,,
782,10,FREECAM_3D,26.1,990017,30212.921142578125,1066,32.53173828125,30.73921200750469,17,0.518798828125,1048,31.982421875,1,0.030517578125,0x65DFB648,3,2468,738,0.01171875,9.640625,2.8828125,0,0x14,0,0,0,1,0,1,0,0,0,1,,,,,,,,,,,,,,,,,,,,,,
783,10,FREECAM_3D,26.133333333333333,991086,30245.54443359375,1069,32.623291015625,30.652946679139383,18,0.54931640625,1050,32.04345703125,1,0.030517578125,0xF2845113,3,2468,717,0.01171875,9.640625,2.80078125,0,0x14,0,0,0,1,0,1,0,0,0,1,,,,,,,,,,,,,,,,,,,,,,
784,10,FREECAM_3D,26.166666666666668,992159,30278.289794921875,1073,32.745361328125,30.538676607642124,18,0.54931640625,1054,32.16552734375,1,0.030517578125,0xCE7B014A,3,2468,696,0.01171875,9.640625,2.71875,0,0x14,0,0,0,1,0,1,0,0,0,1,,,,,,,,,,,,,,,,,,,,,,
785,10,FREECAM_3D,26.2,993232,30311.03515625,1073,32.745361328125,30.538676607642124,18,0.54931640625,1054,32.16552734375,1,0.030517578125,0x925B10E5,3,2468,675,0.01171875,9.640625,2.63671875,0,0x14,0,0,0,1,0,1,0,0,0,1,,,,,,,,,,,,,,,,,,,,,,
786,10,FREECAM_3D,26.233333333333334,994308,30343.8720703125,1076,32.8369140625,30.45353159851301,18,0.54931640625,1058,32.28759765625,0,0.0,0x5F5A5E4C,3,2468,654,0.01171875,9.640625,2.5546875,0,0x14,0,0,0,1,0,1,0,0,0,1,,,,,,,,,,,,,,,,,,,,,,
787,10,FREECAM_3D,26.266666666666666,995389,30376.861572265625,1081,32.989501953125,30.31267345050879,18,0.54931640625,1062,32.40966796875,1,0.030517578125,0x1EC68647,3,2468,633,0.01171875,9.640625,2.47265625,0,0x14,0,0,0,1,0,1,0,0,0,1,,,,,,,,,,,,,,,,,,,,,,
788,10,FREECAM_3D,26.3,996468,30409.7900390625,1079,32.928466796875,30.368860055607044,18,0.54931640625,1060,32.3486328125,1,0.030517578125,0xA9D9C03E,3,2468,612,0.01171875,9.640625,2.390625,0,0x14,0,0,0,1,0,1,0,0,0,1,,,,,,,,,,,,,,,,,,,,,,
789,10,FREECAM_3D,26.333333333333332,997551,30442.840576171875,1083,33.050537109375,30.25669436749769,18,0.54931640625,1064,32.470703125,1,0.030517578125,0x3A53DC19,3,2468,591,0.01171875,9.640625,2.30859375,0,0x14,0,0,0,1,0,1,0,0,0,1,,,,,,,,,,,,,,,,,,,,,,
790,10,FREECAM_3D,26.366666666666667,998635,30475.921630859375,1084,33.0810546875,30.228782287822877,18,0.54931640625,1066,32.53173828125,0,0.0,0x460FB860,3,2468,570,0.01171875,9.640625,2.2265625,0,0x14,0,0,0,1,0,1,0,0,0,1,,,,,,,,,,,,,,,,,,,,,,
791,10,FREECAM_3D,26.4,999720,30509.033203125,1085,33.111572265625,30.200921658986175,17,0.518798828125,1068,32.5927734375,0,0.0,0xF378EFAB,3,2468,549,0.01171875,9.640625,2.14453125,0,0x14,0,0,0,1,0,1,0,0,0,1,,,,,,,,,,,,,,,,,,,,,,
792,10,FREECAM_3D,26.433333333333334,1000807,30542.205810546875,1087,33.172607421875,30.145354185832566,17,0.518798828125,1069,32.623291015625,1,0.030517578125,0xE192D4A2,3,2468,528,0.01171875,9.640625,2.0625,0,0x14,0,0,0,1,0,1,0,0,0,1,,,,,,,,,,,,,,,,,,,,,,
793,10,FREECAM_3D,26.466666666666665,1001899,30575.531005859375,1092,33.3251953125,30.007326007326007,18,0.54931640625,1073,32.745361328125,1,0.030517578125,0xD0839570,3,2468,507,0.01171875,9.640625,1.98046875,0,0x14,0,0,0,1,0,1,0,0,0,1,,,,,,,,,,,,,,,,,,,,,,
794,10,FREECAM_3D,26.5,1002991,30608.856201171875,1092,33.3251953125,30.007326007326007,18,0.54931640625,1073,32.745361328125,1,0.030517578125,0x0298A6A1,3,2468,486,0.01171875,9.640625,1.8984375,0,0x14,0,0,0,1,0,1,0,0,0,1,,,,,,,,,,,,,,,,,,,,,,
795,10,FREECAM_3D,26.533333333333335,1004083,30642.181396484375,1092,33.3251953125,30.007326007326007,18,0.54931640625,1074,32.77587890625,0,0.0,0x96F755AE,3,2468,465,0.01171875,9.640625,1.81640625,0,0x14,0,0,0,1,0,1,0,0,0,1,,,,,,,,,,,,,,,,,,,,,,
796,10,FREECAM_3D,26.566666666666666,1005169,30675.323486328125,1086,33.14208984375,30.173112338858196,18,0.54931640625,1068,32.5927734375,0,0.0,0x7B524AA7,3,2468,444,0.01171875,9.640625,1.734375,0,0x14,0,0,0,1,0,1,0,0,0,1,,,,,,,,,,,,,,,,,,,,,,
797,10,FREECAM_3D,26.6,1006253,30708.404541015625,1084,33.0810546875,30.228782287822877,17,0.518798828125,1066,32.53173828125,1,0.030517578125,0xF7553ED4,3,2468,423,0.01171875,9.640625,1.65234375,0,0x14,0,0,0,1,0,1,0,0,0,1,,,,,,,,,,,,,,,,,,,,,,
798,10,FREECAM_3D,26.633333333333333,1007338,30741.51611328125,1085,33.111572265625,30.200921658986175,18,0.54931640625,1067,32.562255859375,0,0.0,0xFF87F2E5,3,2468,402,0.01171875,9.640625,1.5703125,0,0x14,0,0,0,1,0,1,0,0,0,1,,,,,,,,,,,,,,,,,,,,,,
799,10,FREECAM_3D,26.666666666666668,1008425,30774.688720703125,1087,33.172607421875,30.145354185832566,18,0.54931640625,1068,32.5927734375,1,0.030517578125,0x8649B8B2,3,2468,381,0.01171875,9.640625,1.48828125,0,0x14,0,0,0,1,0,1,0,0,0,1,,,,,,,,,,,,,,,,,,,,,,
800,10,FREECAM_3D,26.7,1009512,30807.861328125,1087,33.172607421875,30.145354185832566,18,0.54931640625,1068,32.5927734375,1,0.030517578125,0xC0FA100B,3,2468,360,0.01171875,9.640625,1.40625,0,0x14,0,0,0,1,0,1,0,0,0,1,,,,,,,,,,,,,,,,,,,,,,
801,10,FREECAM_3D,26.733333333333334,1010600,30841.064453125,1088,33.203125,30.11764705882353,18,0.54931640625,1069,32.623291015625,1,0.030517578125,0x95C89B68,3,2468,339,0.01171875,9.640625,1.32421875,0,0x14,0,0,0,1,0,1,0,0,0,1,,,,,,,,,,,,,,,,,,,,,,
802,10,FREECAM_3D,26.766666666666666,1011688,30874.267578125,1088,33.203125,30.11764705882353,18,0.54931640625,1070,32.65380859375,0,0.0,0xE8578599,3,2468,318,0.01171875,9.640625,1.2421875,0,0x14,0,0,0,1,0,1,0,0,0,1,,,,,,,,,,,,,,,,,,,,,,
803,10,FREECAM_3D,26.8,1012776,30907.470703125,1088,33.203125,30.11764705882353,18,0.54931640625,1070,32.65380859375,0,0.0,0x0F446DC6,3,2468,297,0.01171875,9.640625,1.16015625,0,0x14,0,0,0,1,0,1,0,0,0,1,,,,,,,,,,,,,,,,,,,,,,
804,10,FREECAM_3D,26.833333333333332,1013865,30940.704345703125,1089,33.233642578125,30.089990817263544,18,0.54931640625,1071,32.684326171875,0,0.0,0xEEE9D65F,3,2468,276,0.01171875,9.640625,1.078125,0,0x14,0,0,0,1,0,1,0,0,0,1,,,,,,,,,,,,,,,,,,,,,,
805,10,FREECAM_3D,26.866666666666667,1014955,30973.968505859375,1090,33.26416015625,30.06238532110092,18,0.54931640625,1071,32.684326171875,1,0.030517578125,0x52A5135F,3,2468,255,0.01171875,9.640625,0.99609375,0,0x14,0,0,0,1,0,1,0,0,0,1,,,,,,,,,,,,,,,,,,,,,,
806,10,FREECAM_3D,26.9,1016044,31007.2021484375,1089,33.233642578125,30.089990817263544,18,0.54931640625,1071,32.684326171875,0,0.0,0x44FB15E2,3,2468,234,0.01171875,9.640625,0.9140625,0,0x14,0,0,0,1,0,1,0,0,0,1,,,,,,,,,,,,,,,,,,,,,,
807,10,FREECAM_3D,26.933333333333334,1017134,31040.46630859375,1090,33.26416015625,30.06238532110092,18,0.54931640625,1071,32.684326171875,1,0.030517578125,0xD485F245,3,2468,213,0.01171875,9.640625,0.83203125,0,0x14,0,0,0,1,0,1,0,0,0,1,,,,,,,,,,,,,,,,,,,,,,
808,10,FREECAM_3D,26.966666666666665,1018224,31073.73046875,1090,33.26416015625,30.06238532110092,18,0.54931640625,1072,32.71484375,0,0.0,0x4D5E4FC0,3,2468,192,0.01171875,9.640625,0.75,0,0x14,0,0,0,1,0,1,0,0,0,1,,,,,,,,,,,,,,,,,,,,,,
809,10,FREECAM_3D,27.0,1019315,31107.025146484375,1091,33.294677734375,30.034830430797435,18,0.54931640625,1073,32.745361328125,0,0.0,0xE2A33C23,3,2468,171,0.01171875,9.640625,0.66796875,0,0x14,0,0,0,1,0,1,0,0,0,1,,,,,,,,,,,,,,,,,,,,,,
810,10,FREECAM_3D,27.033333333333335,1020405,31140.289306640625,1090,33.26416015625,30.06238532110092,17,0.518798828125,1072,32.71484375,1,0.030517578125,0x03B947B6,3,2468,150,0.01171875,9.640625,0.5859375,0,0x14,0,0,0,1,0,1,0,0,0,1,,,,,,,,,,,,,,,,,,,,,,
811,10,FREECAM_3D,27.066666666666666,1021494,31173.52294921875,1089,33.233642578125,30.089990817263544,18,0.54931640625,1071,32.684326171875,0,0.0,0x4C12C299,3,2468,129,0.01171875,9.640625,0.50390625,0,0x14,0,0,0,1,0,1,0,0,0,1,,,,,,,,,,,,,,,,,,,,,,
812,10,FREECAM_3D,27.1,1022586,31206.84814453125,1092,33.3251953125,30.007326007326007,17,0.518798828125,1074,32.77587890625,1,0.030517578125,0x263CFA04,3,2468,108,0.01171875,9.640625,0.421875,0,0x14,0,0,0,1,0,1,0,0,0,1,,,,,,,,,,,,,,,,,,,,,,
813,10,FREECAM_3D,27.133333333333333,1023678,31240.17333984375,1092,33.3251953125,30.007326007326007,18,0.54931640625,1073,32.745361328125,1,0.030517578125,0x5FEC65D7,3,2468,87,0.01171875,9.640625,0.33984375,0,0x14,0,0,0,1,0,1,0,0,0,1,,,,,,,,,,,,,,,,,,,,,,
814,10,FREECAM_3D,27.166666666666668,1024771,31273.529052734375,1093,33.355712890625,29.979871912168345,18,0.54931640625,1075,32.806396484375,0,0.0,0x4C6FF3FA,3,2468,66,0.01171875,9.640625,0.2578125,0,0x14,0,0,0,1,0,1,0,0,0,1,,,,,,,,,,,,,,,,,,,,,,
815,10,FREECAM_3D,27.2,1025865,31306.915283203125,1094,33.38623046875,29.952468007312614,18,0.54931640625,1075,32.806396484375,1,0.030517578125,0x15EA0094,3,2468,64,0.01171875,9.640625,0.25,0,0x14,0,0,0,1,0,1,0,0,0,1,,,,,,,,,,,,,,,,,,,,,,
816,10,FREECAM_3D,27.233333333333334,1026960,31340.33203125,1095,33.416748046875,29.92511415525114,19,0.579833984375,1075,32.806396484375,1,0.030517578125,0x15EA0094,3,2468,64,0.01171875,9.640625,0.25,0,0x10,0,0,0,0,0,1,0,0,0,1,,,,,,,,,,,,,,,,,,,,,,
817,10,FREECAM_3D,27.266666666666666,1028055,31373.748779296875,1095,33.416748046875,29.92511415525114,19,0.579833984375,1075,32.806396484375,1,0.030517578125,0x15EA0094,3,2468,64,0.01171875,9.640625,0.25,0,0x10,0,0,0,0,0,1,0,0,0,1,,,,,,,,,,,,,,,,,,,,,,
818,10,FREECAM_3D,27.3,1029150,31407.16552734375,1095,33.416748046875,29.92511415525114,19,0.579833984375,1075,32.806396484375,1,0.030517578125,0x15EA0094,3,2468,64,0.01171875,9.640625,0.25,0,0x10,0,0,0,0,0,1,0,0,0,1,,,,,,,,,,,,,,,,,,,,,,
819,10,FREECAM_3D,27.333333333333332,1030243,31440.521240234375,1093,33.355712890625,29.979871912168345,19,0.579833984375,1074,32.77587890625,0,0.0,0x15EA0094,3,2468,64,0.01171875,9.640625,0.25,0,0x10,0,0,0,0,0,1,0,0,0,1,,,,,,,,,,,,,,,,,,,,,,
820,10,FREECAM_3D,27.366666666666667,1031336,31473.876953125,1093,33.355712890625,29.979871912168345,19,0.579833984375,1074,32.77587890625,0,0.0,0x15EA0094,3,2468,64,0.01171875,9.640625,0.25,0,0x10,0,0,0,0,0,1,0,0,0,1,,,,,,,,,,,,,,,,,,,,,,
821,10,FREECAM_3D,27.4,1032429,31507.232666015625,1093,33.355712890625,29.979871912168345,19,0.579833984375,1074,32.77587890625,0,0.0,0x15EA0094,3,2468,64,0.01171875,9.640625,0.25,0,0x10,0,0,0,0,0,1,0,0,0,1,,,,,,,,,,,,,,,,,,,,,,
822,10,FREECAM_3D,27.433333333333334,1033523,31540.618896484375,1094,33.38623046875,29.952468007312614,19,0.579833984375,1075,32.806396484375,0,0.0,0x15EA0094,3,2468,64,0.01171875,9.640625,0.25,0,0x10,0,0,0,0,0,1,0,0,0,1,,,,,,,,,,,,,,,,,,,,,,
823,10,FREECAM_3D,27.466666666666665,1034617,31574.005126953125,1094,33.38623046875,29.952468007312614,18,0.54931640625,1075,32.806396484375,1,0.030517578125,0x15EA0094,3,2468,64,0.01171875,9.640625,0.25,0,0x10,0,0,0,0,0,1,0,0,0,1,,,,,,,,,,,,,,,,,,,,,,
824,10,FREECAM_3D,27.5,1035712,31607.421875,1095,33.416748046875,29.92511415525114,19,0.579833984375,1075,32.806396484375,1,0.030517578125,0x15EA0094,3,2468,64,0.01171875,9.640625,0.25,0,0x10,0,0,0,0,0,1,0,0,0,1,,,,,,,,,,,,,,,,,,,,,,
825,10,FREECAM_3D,27.533333333333335,1036807,31640.838623046875,1095,33.416748046875,29.92511415525114,19,0.579833984375,1075,32.806396484375,1,0.030517578125,0x15EA0094,3,2468,64,0.01171875,9.640625,0.25,0,0x10,0,0,0,0,0,1,0,0,0,1,,,,,,,,,,,,,,,,,,,,,,
826,10,FREECAM_3D,27.566666666666666,1037900,31674.1943359375,1093,33.355712890625,29.979871912168345,19,0.579833984375,1074,32.77587890625,0,0.0,0x15EA0094,3,2468,64,0.01171875,9.640625,0.25,0,0x10,0,0,0,0,0,1,0,0,0,1,,,,,,,,,,,,,,,,,,,,,,
827,10,FREECAM_3D,27.6,1038993,31707.550048828125,1093,33.355712890625,29.979871912168345,19,0.579833984375,1074,32.77587890625,0,0.0,0x15EA0094,3,2468,64,0.01171875,9.640625,0.25,0,0x10,0,0,0,0,0,1,0,0,0,1,,,,,,,,,,,,,,,,,,,,,,
828,10,FREECAM_3D,27.633333333333333,1040086,31740.90576171875,1093,33.355712890625,29.979871912168345,19,0.579833984375,1074,32.77587890625,0,0.0,0x15EA0094,3,2468,64,0.01171875,9.640625,0.25,0,0x10,0,0,0,0,0,1,0,0,0,1,,,,,,,,,,,,,,,,,,,,,,
829,10,FREECAM_3D,27.666666666666668,1041179,31774.261474609375,1093,33.355712890625,29.979871912168345,19,0.579833984375,1074,32.77587890625,0,0.0,0x15EA0094,3,2468,64,0.01171875,9.640625,0.25,0,0x10,0,0,0,0,0,1,0,0,0,1,,,,,,,,,,,,,,,,,,,,,,
830,10,FREECAM_3D,27.7,1042283,31807.952880859375,1104,33.69140625,29.681159420289855,24,0.732421875,1080,32.958984375,0,0.0,0x52BD6CDC,15,2454,74,0.05859375,9.5859375,0.2890625,0,0x14,0,0,0,1,0,1,1,1,0,0,,,,,,,,,,,,,,,,,,,,,,
831,10,FREECAM_3D,27.733333333333334,1043390,31841.73583984375,1107,33.782958984375,29.600722673893404,24,0.732421875,1083,33.050537109375,0,0.0,0xD74FF083,28,2441,84,0.109375,9.53515625,0.328125,0,0x14,0,0,0,1,0,1,1,1,0,0,,,,,,,,,,,,,,,,,,,,,,
832,10,FREECAM_3D,27.766666666666666,1044617,31879.180908203125,1227,37.445068359375,26.705786471067643,24,0.732421875,1203,36.712646484375,0,0.0,0x67B4D90A,42,2429,94,0.1640625,9.48828125,0.3671875,0,0x14,0,0,0,1,0,1,1,1,0,0,,,,,,,,,,,,,,,,,,,,,,
833,10,FREECAM_3D,27.8,1045848,31916.748046875,1231,37.567138671875,26.61900893582453,24,0.732421875,1206,36.80419921875,1,0.030517578125,0x61F2FB2B,57,2418,104,0.22265625,9.4453125,0.40625,0,0x14,0,0,0,1,0,1,1,1,0,0,,,,,,,,,,,,,,,,,,,,,,
834,10,FREECAM_3D,27.833333333333332,1047079,31954.315185546875,1231,37.567138671875,26.61900893582453,25,0.762939453125,1206,36.80419921875,0,0.0,0x40E7F905,72,2408,114,0.28125,9.40625,0.4453125,0,0x14,0,0,0,1,0,1,1,1,0,0,,,,,,,,,,,,,,,,,,,,,,
835,10,FREECAM_3D,27.866666666666667,1048314,31992.00439453125,1235,37.689208984375,26.532793522267205,24,0.732421875,1211,36.956787109375,0,0.0,0x8313C4A5,88,2400,124,0.34375,9.375,0.484375,0,0x14,0,0,0,1,0,1,1,1,0,0,,,,,,,,,,,,,,,,,,,,,,
836,10,FREECAM_3D,27.9,1049462,32027.03857421875,1148,35.0341796875,28.54355400696864,24,0.732421875,1123,34.271240234375,1,0.030517578125,0x24D43927,105,2393,134,0.41015625,9.34765625,0.5234375,0,0x14,0,0,0,1,0,1,1,1,0,0,,,,,,,,,,,,,,,,,,,,,,
837,10,FREECAM_3D,27.933333333333334,1050611,32062.103271484375,1149,35.064697265625,28.51871192341166,25,0.762939453125,1123,34.271240234375,1,0.030517578125,0xA292C121,122,2387,144,0.4765625,9.32421875,0.5625,0,0x14,0,0,0,1,0,1,1,1,0,0,,,,,,,,,,,,,,,,,,,,,,
838,10,FREECAM_3D,27.966666666666665,1051757,32097.076416015625,1146,34.97314453125,28.593368237347295,24,0.732421875,1122,34.24072265625,0,0.0,0xFEB3DA71,140,2382,154,0.546875,9.3046875,0.6015625,0,0x14,0,0,0,1,0,1,1,1,0,0,,,,,,,,,,,,,,,,,,,,,,
839,10,FREECAM_3D,28.0,1053133,32139.068603515625,1376,41.9921875,23.813953488372093,24,0.732421875,1352,41.259765625,0,0.0,0x9F314D1C,158,2379,164,0.6171875,9.29296875,0.640625,0,0x14,0,0,0,1,0,1,1,1,0,0,,,,,,,,,,,,,,,,,,,,,,
840,10,FREECAM_3D,28.033333333333335,1054519,32181.365966796875,1386,42.29736328125,23.642135642135642,24,0.732421875,1362,41.56494140625,0,0.0,0x5F9A1335,176,2377,174,0.6875,9.28515625,0.6796875,0,0x14,0,0,0,1,0,1,1,1,0,0,,,,,,,,,,,,,,,,,,,,,,
841,10,FREECAM_3D,28.066666666666666,1055915,32223.968505859375,1396,42.6025390625,23.472779369627506,24,0.732421875,1372,41.8701171875,0,0.0,0x191BEFC4,194,2376,184,0.7578125,9.28125,0.71875,0,0x14,0,0,0,1,0,1,1,1,0,0,,,,,,,,,,,,,,,,,,,,,,
842,10,FREECAM_3D,28.1,1057329,32267.120361328125,1414,43.15185546875,23.173974540311175,24,0.732421875,1389,42.388916015625,1,0.030517578125,0xF81F3FA2,212,2376,194,0.828125,9.28125,0.7578125,0,0x14,0,0,0,1,0,1,1,1,0,0,,,,,,,,,,,,,,,,,,,,,,
843,10,FREECAM_3D,28.133333333333333,1058760,32310.791015625,1431,43.670654296875,22.898672257162822,24,0.732421875,1407,42.938232421875,0,0.0,0x6A0A22B9,230,2377,204,0.8984375,9.28515625,0.796875,0,0x14,0,0,0,1,0,1,1,1,0,0,,,,,,,,,,,,,,,,,,,,,,
844,10,FREECAM_3D,28.166666666666668,1060226,32355.52978515625,1466,44.73876953125,22.351978171896317,24,0.732421875,1442,44.00634765625,0,0.0,0xF257D097,248,2380,214,0.96875,9.296875,0.8359375,0,0x14,0,0,0,1,0,1,1,1,0,0,,,,,,,,,,,,,,,,,,,,,,
845,10,FREECAM_3D,28.2,1061731,32401.458740234375,1505,45.928955078125,21.772757475083058,24,0.732421875,1481,45.196533203125,0,0.0,0x65803F82,266,2384,224,1.0390625,9.3125,0.875,0,0x14,0,0,0,1,0,1,1,1,0,0,,,,,,,,,,,,,,,,,,,,,,
846,10,FREECAM_3D,28.233333333333334,1063276,32448.6083984375,1545,47.149658203125,21.20906148867314,24,0.732421875,1520,46.38671875,1,0.030517578125,0x67365819,283,2389,234,1.10546875,9.33203125,0.9140625,0,0x14,0,0,0,1,0,1,1,1,0,0,,,,,,,,,,,,,,,,,,,,,,
847,10,FREECAM_3D,28.266666666666666,1064874,32497.37548828125,1598,48.76708984375,20.505632040050063,24,0.732421875,1573,48.004150390625,1,0.030517578125,0x104A20FB,300,2396,244,1.171875,9.359375,0.953125,0,0x14,0,0,0,1,0,1,1,1,0,0,,,,,,,,,,,,,,,,,,,,,,
848,10,FREECAM_3D,28.3,1066485,32546.539306640625,1611,49.163818359375,20.34016139044072,24,0.732421875,1587,48.431396484375,0,0.0,0x6665B920,316,2404,254,1.234375,9.390625,0.9921875,0,0x14,0,0,0,1,0,1,1,1,0,0,,,,,,,,,,,,,,,,,,,,,,
849,10,FREECAM_3D,28.333333333333332,1068061,32594.635009765625,1576,48.095703125,20.79187817258883,24,0.732421875,1552,47.36328125,0,0.0,0x3F6F3346,332,2413,264,1.296875,9.42578125,1.03125,0,0x14,0,0,0,1,0,1,1,1,0,0,,,,,,,,,,,,,,,,,,,,,,
850,10,FREECAM_3D,28.366666666666667,1069606,32641.78466796875,1545,47.149658203125,21.20906148867314,24,0.732421875,1521,46.417236328125,0,0.0,0xAEF07C4C,347,2423,274,1.35546875,9.46484375,1.0703125,0,0x14,0,0,0,1,0,1,1,1,0,0,,,,,,,,,,,,,,,,,,,,,,
851,10,FREECAM_3D,28.4,1071135,32688.446044921875,1529,46.661376953125,21.431000654022238,24,0.732421875,1504,45.8984375,1,0.030517578125,0x61E64260,361,2434,284,1.41015625,9.5078125,1.109375,0,0x14,0,0,0,1,0,1,1,1,0,0,,,,,,,,,,,,,,,,,,,,,,
852,10,FREECAM_3D,28.433333333333334,1072657,32734.893798828125,1522,46.44775390625,21.529566360052563,25,0.762939453125,1497,45.684814453125,0,0.0,0xC82711CF,374,2447,294,1.4609375,9.55859375,1.1484375,0,0x14,0,0,0,1,0,1,1,1,0,0,,,,,,,,,,,,,,,,,,,,,,
853,10,FREECAM_3D,28.466666666666665,1074102,32778.99169921875,1445,44.097900390625,22.67681660899654,24,0.732421875,1421,43.365478515625,0,0.0,0xB2A40B9D,386,2460,304,1.5078125,9.609375,1.1875,0,0x1C,0,0,0,1,1,1,1,1,0,0,,,,,,,,,,,,,,,,,,,,,,
