frame_index,simulation_time_seconds,measured_elapsed_ticks,measured_elapsed_ms,measured_elapsed_seconds,section_id,section_name,section_flags,section_flag_names,total_ticks,component_total_ticks,total_ms,instantaneous_fps,update_ticks,update_ms,render_ticks,render_ms,swap_ticks,swap_ms,player_x_raw,player_y_raw,player_x,player_y,map_x,map_y,angle_raw,angle_degrees,move_axis,turn_axis,casts,logical_columns,portal_layer_casts,max_depth,ray_layer_depth,portal_recursion_depth,flags,detailed,timing_excluded_from_clean_stats,crossed_portal,changed,section_end,section_small_room,section_large_room,section_slow_turn,section_fast_turn,section_portal_view,section_portal_approach,section_portal_cross,section_stress,detail_corrected_total_ms,admin_corrected_ms,wait_corrected_ms,background_corrected_ms,dda_corrected_ms,portal_trace_corrected_ms,wall_draw_corrected_ms,portal_draw_corrected_ms,portal_transforms,wall_calls,mask_calls,portal_candidates,linked_exits,textured_rows,dda_steps
0,0.03333333333333333,1641,50.079345703125,0.050079345703125,1,A_APPROACH,0x72,large_room|portal_view|portal_approach|portal_cross,1641,1641,50.079345703125,19.968312004875077,15,0.457763671875,1625,49.591064453125,1,0.030517578125,364,640,1.421875,2.5,1,2,8192,180.0,1,0,166,80,86,3,3,2,0x06,1,0,0,1,0,0,1,0,0,1,1,1,0,51.1474609375,4.33349609375,0.0,10.80322265625,13.641357421875,11.016845703125,6.500244140625,4.852294921875,86,80,86,86,86,2736,898
1,0.06666666666666667,3272,99.853515625,0.099853515625,1,A_APPROACH,0x72,large_room|portal_view|portal_approach|portal_cross,1631,1631,49.774169921875,20.0907418761496,15,0.457763671875,1616,49.31640625,0,0.0,344,640,1.34375,2.5,1,2,8192,180.0,1,0,165,80,85,3,3,2,0x04,0,0,0,1,0,0,1,0,0,1,1,1,0,,,,,,,,,,,,,,,
2,0.1,4895,149.383544921875,0.149383544921875,1,A_APPROACH,0x72,large_room|portal_view|portal_approach|portal_cross,1623,1623,49.530029296875,20.18977202711029,15,0.457763671875,1608,49.072265625,0,0.0,324,640,1.265625,2.5,1,2,8192,180.0,1,0,164,80,84,3,3,2,0x04,0,0,0,1,0,0,1,0,0,1,1,1,0,,,,,,,,,,,,,,,
3,0.13333333333333333,6524,199.0966796875,0.1990966796875,1,A_APPROACH,0x72,large_room|portal_view|portal_approach|portal_cross,1629,1629,49.713134765625,20.115408225905462,15,0.457763671875,1614,49.25537109375,0,0.0,304,640,1.1875,2.5,1,2,8192,180.0,1,0,164,80,84,3,3,2,0x04,0,0,0,1,0,0,1,0,0,1,1,1,0,,,,,,,,,,,,,,,
4,0.16666666666666666,7591,231.658935546875,0.231658935546875,1,A_APPROACH,0x72,large_room|portal_view|portal_approach|portal_cross,1067,1067,32.562255859375,30.710402999062794,18,0.54931640625,1048,31.982421875,1,0.030517578125,896,321,3.5,1.25390625,3,1,4096,90.0,1,0,80,80,0,1,1,0,0x05,0,0,1,1,0,0,1,0,0,1,1,1,0,,,,,,,,,,,,,,,
5,0.2,8662,264.34326171875,0.26434326171875,1,A_APPROACH,0x72,large_room|portal_view|portal_approach|portal_cross,1071,1071,32.684326171875,30.595704948646127,14,0.42724609375,1057,32.257080078125,0,0.0,896,341,3.5,1.33203125,3,1,4096,90.0,1,0,80,80,0,1,1,0,0x04,0,0,0,1,0,0,1,0,0,1,1,1,0,,,,,,,,,,,,,,,
6,0.23333333333333334,9737,297.149658203125,0.297149658203125,1,A_APPROACH,0x72,large_room|portal_view|portal_approach|portal_cross,1075,1075,32.806396484375,30.48186046511628,13,0.396728515625,1062,32.40966796875,0,0.0,896,361,3.5,1.41015625,3,1,4096,90.0,1,0,80,80,0,1,1,0,0x04,0,0,0,1,0,0,1,0,0,1,1,1,0,,,,,,,,,,,,,,,
7,0.26666666666666666,10811,329.925537109375,0.329925537109375,1,A_APPROACH,0x72,large_room|portal_view|portal_approach|portal_cross,1074,1074,32.77587890625,30.51024208566108,13,0.396728515625,1060,32.3486328125,1,0.030517578125,896,381,3.5,1.48828125,3,1,4096,90.0,1,0,80,80,0,1,1,0,0x0C,0,0,0,1,1,0,1,0,0,1,1,1,0,,,,,,,,,,,,,,,
8,0.3,11874,362.36572265625,0.36236572265625,2,LARGE_ENTRY,0x02,large_room,1063,1063,32.440185546875,30.825964252116652,14,0.42724609375,1049,32.012939453125,0,0.0,896,401,3.5,1.56640625,3,1,4096,90.0,1,0,80,80,0,1,1,0,0x04,0,0,0,1,0,0,1,0,0,0,0,0,0,,,,,,,,,,,,,,,
9,0.3333333333333333,12941,394.927978515625,0.394927978515625,2,LARGE_ENTRY,0x02,large_room,1067,1067,32.562255859375,30.710402999062794,14,0.42724609375,1052,32.1044921875,1,0.030517578125,896,421,3.5,1.64453125,3,1,4096,90.0,1,0,80,80,0,1,1,0,0x04,0,0,0,1,0,0,1,0,0,0,0,0,0,,,,,,,,,,,,,,,
10,0.36666666666666664,14007,427.459716796875,0.427459716796875,2,LARGE_ENTRY,0x02,large_room,1066,1066,32.53173828125,30.73921200750469,14,0.42724609375,1052,32.1044921875,0,0.0,896,441,3.5,1.72265625,3,1,4096,90.0,1,0,80,80,0,1,1,0,0x04,0,0,0,1,0,0,1,0,0,0,0,0,0,,,,,,,,,,,,,,,
11,0.4,15076,460.0830078125,0.4600830078125,2,LARGE_ENTRY,0x02,large_room,1069,1069,32.623291015625,30.652946679139383,14,0.42724609375,1055,32.196044921875,0,0.0,896,461,3.5,1.80078125,3,1,4096,90.0,1,0,80,80,0,1,1,0,0x04,0,0,0,1,0,0,1,0,0,0,0,0,0,,,,,,,,,,,,,,,
12,0.43333333333333335,16143,492.645263671875,0.492645263671875,2,LARGE_ENTRY,0x02,large_room,1067,1067,32.562255859375,30.710402999062794,14,0.42724609375,1053,32.135009765625,0,0.0,896,481,3.5,1.87890625,3,1,4096,90.0,1,0,80,80,0,1,1,0,0x04,0,0,0,1,0,0,1,0,0,0,0,0,0,,,,,,,,,,,,,,,
13,0.4666666666666667,17210,525.20751953125,0.52520751953125,2,LARGE_ENTRY,0x02,large_room,1067,1067,32.562255859375,30.710402999062794,14,0.42724609375,1052,32.1044921875,1,0.030517578125,896,501,3.5,1.95703125,3,1,4096,90.0,1,0,80,80,0,1,1,0,0x04,0,0,0,1,0,0,1,0,0,0,0,0,0,,,,,,,,,,,,,,,
14,0.5,18278,557.80029296875,0.55780029296875,2,LARGE_ENTRY,0x02,large_room,1068,1068,32.5927734375,30.681647940074907,15,0.457763671875,1053,32.135009765625,0,0.0,896,521,3.5,2.03515625,3,2,4096,90.0,1,0,80,80,0,1,1,0,0x04,0,0,0,1,0,0,1,0,0,0,0,0,0,,,,,,,,,,,,,,,
15,0.5333333333333333,19346,590.39306640625,0.59039306640625,2,LARGE_ENTRY,0x02,large_room,1068,1068,32.5927734375,30.681647940074907,13,0.396728515625,1055,32.196044921875,0,0.0,896,541,3.5,2.11328125,3,2,4096,90.0,1,0,80,80,0,1,1,0,0x04,0,0,0,1,0,0,1,0,0,0,0,0,0,,,,,,,,,,,,,,,
16,0.5666666666666667,20416,623.046875,0.623046875,2,LARGE_ENTRY,0x02,large_room,1070,1070,32.65380859375,30.624299065420562,13,0.396728515625,1057,32.257080078125,0,0.0,896,561,3.5,2.19140625,3,2,4096,90.0,1,0,80,80,0,1,1,0,0x04,0,0,0,1,0,0,1,0,0,0,0,0,0,,,,,,,,,,,,,,,
17,0.6,21487,655.731201171875,0.655731201171875,2,LARGE_ENTRY,0x02,large_room,1071,1071,32.684326171875,30.595704948646127,14,0.42724609375,1057,32.257080078125,0,0.0,896,581,3.5,2.26953125,3,2,4096,90.0,1,0,80,80,0,1,1,0,0x04,0,0,0,1,0,0,1,0,0,0,0,0,0,,,,,,,,,,,,,,,
18,0.6333333333333333,22562,688.53759765625,0.68853759765625,2,LARGE_ENTRY,0x02,large_room,1075,1075,32.806396484375,30.48186046511628,14,0.42724609375,1061,32.379150390625,0,0.0,896,601,3.5,2.34765625,3,2,4096,90.0,1,0,80,80,0,1,1,0,0x04,0,0,0,1,0,0,1,0,0,0,0,0,0,,,,,,,,,,,,,,,
19,0.6666666666666666,23634,721.25244140625,0.72125244140625,2,LARGE_ENTRY,0x02,large_room,1072,1072,32.71484375,30.567164179104477,14,0.42724609375,1058,32.28759765625,0,0.0,896,621,3.5,2.42578125,3,2,4096,90.0,1,0,80,80,0,1,1,0,0x04,0,0,0,1,0,0,1,0,0,0,0,0,0,,,,,,,,,,,,,,,
20,0.7,24708,754.0283203125,0.7540283203125,2,LARGE_ENTRY,0x02,large_room,1074,1074,32.77587890625,30.51024208566108,14,0.42724609375,1059,32.318115234375,1,0.030517578125,896,641,3.5,2.50390625,3,2,4096,90.0,1,0,80,80,0,1,1,0,0x04,0,0,0,1,0,0,1,0,0,0,0,0,0,,,,,,,,,,,,,,,
21,0.7333333333333333,25787,786.956787109375,0.786956787109375,2,LARGE_ENTRY,0x02,large_room,1079,1079,32.928466796875,30.368860055607044,14,0.42724609375,1064,32.470703125,1,0.030517578125,896,661,3.5,2.58203125,3,2,4096,90.0,1,0,80,80,0,1,1,0,0x04,0,0,0,1,0,0,1,0,0,0,0,0,0,,,,,,,,,,,,,,,
22,0.7666666666666667,26866,819.88525390625,0.81988525390625,2,LARGE_ENTRY,0x02,large_room,1079,1079,32.928466796875,30.368860055607044,14,0.42724609375,1065,32.501220703125,0,0.0,896,681,3.5,2.66015625,3,2,4096,90.0,1,0,80,80,0,1,1,0,0x04,0,0,0,1,0,0,1,0,0,0,0,0,0,,,,,,,,,,,,,,,
23,0.8,27948,852.9052734375,0.8529052734375,2,LARGE_ENTRY,0x02,large_room,1082,1082,33.02001953125,30.284658040665434,13,0.396728515625,1068,32.5927734375,1,0.030517578125,896,701,3.5,2.73828125,3,2,4096,90.0,1,0,80,80,0,1,1,0,0x04,0,0,0,1,0,0,1,0,0,0,0,0,0,,,,,,,,,,,,,,,
24,0.8333333333333334,29033,886.016845703125,0.886016845703125,2,LARGE_ENTRY,0x02,large_room,1085,1085,33.111572265625,30.200921658986175,14,0.42724609375,1071,32.684326171875,0,0.0,896,721,3.5,2.81640625,3,2,4096,90.0,1,0,80,80,0,1,1,0,0x04,0,0,0,1,0,0,1,0,0,0,0,0,0,,,,,,,,,,,,,,,
25,0.8666666666666667,30121,919.219970703125,0.919219970703125,2,LARGE_ENTRY,0x02,large_room,1088,1088,33.203125,30.11764705882353,14,0.42724609375,1074,32.77587890625,0,0.0,896,741,3.5,2.89453125,3,2,4096,90.0,1,0,80,80,0,1,1,0,0x04,0,0,0,1,0,0,1,0,0,0,0,0,0,,,,,,,,,,,,,,,
26,0.9,31214,952.57568359375,0.95257568359375,2,LARGE_ENTRY,0x02,large_room,1093,1093,33.355712890625,29.979871912168345,14,0.42724609375,1078,32.89794921875,1,0.030517578125,896,761,3.5,2.97265625,3,2,4096,90.0,1,0,80,80,0,1,1,0,0x04,0,0,0,1,0,0,1,0,0,0,0,0,0,,,,,,,,,,,,,,,
27,0.9333333333333333,32311,986.053466796875,0.986053466796875,2,LARGE_ENTRY,0x02,large_room,1097,1097,33.477783203125,29.870556061987237,15,0.457763671875,1082,33.02001953125,0,0.0,896,781,3.5,3.05078125,3,3,4096,90.0,1,0,80,80,0,1,1,0,0x0E,1,0,0,1,1,0,1,0,0,0,0,0,0,32.562255859375,3.41796875,0.0,11.41357421875,7.537841796875,1.953125,8.23974609375,0.0,0,80,0,0,0,4764,430
28,0.9666666666666667,33582,1024.84130859375,1.02484130859375,3,SLOW_SWEEP,0x16,large_room|slow_turn|portal_view,1271,1271,38.787841796875,25.781274586939418,6,0.18310546875,1264,38.57421875,1,0.030517578125,896,781,3.5,3.05078125,3,3,4198,92.2412109375,0,1,80,80,0,1,1,0,0x04,0,0,0,1,0,0,1,1,0,1,0,0,0,,,,,,,,,,,,,,,
29,1.0,34853,1063.629150390625,1.063629150390625,3,SLOW_SWEEP,0x16,large_room|slow_turn|portal_view,1271,1271,38.787841796875,25.781274586939418,6,0.18310546875,1265,38.604736328125,0,0.0,896,781,3.5,3.05078125,3,3,4198,92.2412109375,0,0,80,80,0,1,1,0,0x00,0,0,0,0,0,0,1,1,0,1,0,0,0,,,,,,,,,,,,,,,
30,1.0333333333333334,36131,1102.630615234375,1.102630615234375,3,SLOW_SWEEP,0x16,large_room|slow_turn|portal_view,1278,1278,39.00146484375,25.640062597809077,6,0.18310546875,1271,38.787841796875,1,0.030517578125,896,781,3.5,3.05078125,3,3,4300,94.482421875,0,1,80,80,0,1,1,0,0x04,0,0,0,1,0,0,1,1,0,1,0,0,0,,,,,,,,,,,,,,,
31,1.0666666666666667,37408,1141.6015625,1.1416015625,3,SLOW_SWEEP,0x16,large_room|slow_turn|portal_view,1277,1277,38.970947265625,25.660140955364135,6,0.18310546875,1271,38.787841796875,0,0.0,896,781,3.5,3.05078125,3,3,4300,94.482421875,0,0,80,80,0,1,1,0,0x00,0,0,0,0,0,0,1,1,0,1,0,0,0,,,,,,,,,,,,,,,
32,1.1,38690,1180.72509765625,1.18072509765625,3,SLOW_SWEEP,0x16,large_room|slow_turn|portal_view,1282,1282,39.12353515625,25.5600624024961,6,0.18310546875,1275,38.909912109375,1,0.030517578125,896,781,3.5,3.05078125,3,3,4402,96.7236328125,0,1,80,80,0,1,1,0,0x04,0,0,0,1,0,0,1,1,0,1,0,0,0,,,,,,,,,,,,,,,
33,1.1333333333333333,39971,1219.818115234375,1.219818115234375,3,SLOW_SWEEP,0x16,large_room|slow_turn|portal_view,1281,1281,39.093017578125,25.580015612802498,5,0.152587890625,1276,38.9404296875,0,0.0,896,781,3.5,3.05078125,3,3,4402,96.7236328125,0,0,80,80,0,1,1,0,0x00,0,0,0,0,0,0,1,1,0,1,0,0,0,,,,,,,,,,,,,,,
34,1.1666666666666667,41253,1258.941650390625,1.258941650390625,3,SLOW_SWEEP,0x16,large_room|slow_turn|portal_view,1282,1282,39.12353515625,25.5600624024961,6,0.18310546875,1275,38.909912109375,1,0.030517578125,896,781,3.5,3.05078125,3,3,4504,98.96484375,0,1,80,80,0,1,1,0,0x04,0,0,0,1,0,0,1,1,0,1,0,0,0,,,,,,,,,,,,,,,
35,1.2,42535,1298.065185546875,1.298065185546875,3,SLOW_SWEEP,0x16,large_room|slow_turn|portal_view,1282,1282,39.12353515625,25.5600624024961,6,0.18310546875,1276,38.9404296875,0,0.0,896,781,3.5,3.05078125,3,3,4504,98.96484375,0,0,80,80,0,1,1,0,0x00,0,0,0,0,0,0,1,1,0,1,0,0,0,,,,,,,,,,,,,,,
36,1.2333333333333334,43832,1337.646484375,1.337646484375,3,SLOW_SWEEP,0x16,large_room|slow_turn|portal_view,1297,1297,39.581298828125,25.264456437933692,6,0.18310546875,1291,39.398193359375,0,0.0,896,781,3.5,3.05078125,3,3,4606,101.2060546875,0,1,80,80,0,1,1,0,0x04,0,0,0,1,0,0,1,1,0,1,0,0,0,,,,,,,,,,,,,,,
37,1.2666666666666666,45131,1377.288818359375,1.377288818359375,3,SLOW_SWEEP,0x16,large_room|slow_turn|portal_view,1299,1299,39.642333984375,25.225558121632023,6,0.18310546875,1292,39.4287109375,1,0.030517578125,896,781,3.5,3.05078125,3,3,4606,101.2060546875,0,0,80,80,0,1,1,0,0x00,0,0,0,0,0,0,1,1,0,1,0,0,0,,,,,,,,,,,,,,,
38,1.3,46435,1417.083740234375,1.417083740234375,3,SLOW_SWEEP,0x16,large_room|slow_turn|portal_view,1304,1304,39.794921875,25.12883435582822,6,0.18310546875,1298,39.61181640625,0,0.0,896,781,3.5,3.05078125,3,3,4708,103.447265625,0,1,80,80,0,1,1,0,0x04,0,0,0,1,0,0,1,1,0,1,0,0,0,,,,,,,,,,,,,,,
39,1.3333333333333333,47740,1456.9091796875,1.4569091796875,3,SLOW_SWEEP,0x16,large_room|slow_turn|portal_view,1305,1305,39.825439453125,25.109578544061304,6,0.18310546875,1298,39.61181640625,1,0.030517578125,896,781,3.5,3.05078125,3,3,4708,103.447265625,0,0,80,80,0,1,1,0,0x00,0,0,0,0,0,0,1,1,0,1,0,0,0,,,,,,,,,,,,,,,
40,1.3666666666666667,49043,1496.673583984375,1.496673583984375,3,SLOW_SWEEP,0x16,large_room|slow_turn|portal_view,1303,1303,39.764404296875,25.148119723714505,6,0.18310546875,1296,39.55078125,1,0.030517578125,896,781,3.5,3.05078125,3,3,4810,105.6884765625,0,1,80,80,0,1,1,0,0x04,0,0,0,1,0,0,1,1,0,1,0,0,0,,,,,,,,,,,,,,,
41,1.4,50345,1536.407470703125,1.536407470703125,3,SLOW_SWEEP,0x16,large_room|slow_turn|portal_view,1302,1302,39.73388671875,25.167434715821813,5,0.152587890625,1297,39.581298828125,0,0.0,896,781,3.5,3.05078125,3,3,4810,105.6884765625,0,0,80,80,0,1,1,0,0x00,0,0,0,0,0,0,1,1,0,1,0,0,0,,,,,,,,,,,,,,,
42,1.4333333333333333,51648,1576.171875,1.576171875,3,SLOW_SWEEP,0x16,large_room|slow_turn|portal_view,1303,1303,39.764404296875,25.148119723714505,6,0.18310546875,1297,39.581298828125,0,0.0,896,781,3.5,3.05078125,3,3,4912,107.9296875,0,1,80,80,0,1,1,0,0x04,0,0,0,1,0,0,1,1,0,1,0,0,0,,,,,,,,,,,,,,,
43,1.4666666666666666,52950,1615.90576171875,1.61590576171875,3,SLOW_SWEEP,0x16,large_room|slow_turn|portal_view,1302,1302,39.73388671875,25.167434715821813,6,0.18310546875,1296,39.55078125,0,0.0,896,781,3.5,3.05078125,3,3,4912,107.9296875,0,0,80,80,0,1,1,0,0x00,0,0,0,0,0,0,1,1,0,1,0,0,0,,,,,,,,,,,,,,,
44,1.5,54281,1656.524658203125,1.656524658203125,3,SLOW_SWEEP,0x16,large_room|slow_turn|portal_view,1331,1331,40.618896484375,24.6190833959429,6,0.18310546875,1325,40.435791015625,0,0.0,896,781,3.5,3.05078125,3,3,5014,110.1708984375,0,1,83,80,3,3,3,2,0x04,0,0,0,1,0,0,1,1,0,1,0,0,0,,,,,,,,,,,,,,,
45,1.5333333333333334,55613,1697.174072265625,1.697174072265625,3,SLOW_SWEEP,0x16,large_room|slow_turn|portal_view,1332,1332,40.6494140625,24.6006006006006,6,0.18310546875,1326,40.46630859375,0,0.0,896,781,3.5,3.05078125,3,3,5014,110.1708984375,0,0,83,80,3,3,3,2,0x00,0,0,0,0,0,0,1,1,0,1,0,0,0,,,,,,,,,,,,,,,
46,1.5666666666666667,56965,1738.433837890625,1.738433837890625,3,SLOW_SWEEP,0x16,large_room|slow_turn|portal_view,1352,1352,41.259765625,24.236686390532544,6,0.18310546875,1346,41.07666015625,0,0.0,896,781,3.5,3.05078125,3,3,5116,112.412109375,0,1,86,80,6,3,3,2,0x04,0,0,0,1,0,0,1,1,0,1,0,0,0,,,,,,,,,,,,,,,
47,1.6,58318,1779.72412109375,1.77972412109375,3,SLOW_SWEEP,0x16,large_room|slow_turn|portal_view,1353,1353,41.290283203125,24.218773096821877,6,0.18310546875,1346,41.07666015625,1,0.030517578125,896,781,3.5,3.05078125,3,3,5116,112.412109375,0,0,86,80,6,3,3,2,0x00,0,0,0,0,0,0,1,1,0,1,0,0,0,,,,,,,,,,,,,,,
48,1.6333333333333333,59686,1821.47216796875,1.82147216796875,3,SLOW_SWEEP,0x16,large_room|slow_turn|portal_view,1368,1368,41.748046875,23.953216374269005,6,0.18310546875,1362,41.56494140625,0,0.0,896,781,3.5,3.05078125,3,3,5218,114.6533203125,0,1,88,80,8,2,2,1,0x04,0,0,0,1,0,0,1,1,0,1,0,0,0,,,,,,,,,,,,,,,
49,1.6666666666666667,61055,1863.250732421875,1.863250732421875,3,SLOW_SWEEP,0x16,large_room|slow_turn|portal_view,1369,1369,41.778564453125,23.93571950328707,6,0.18310546875,1362,41.56494140625,1,0.030517578125,896,781,3.5,3.05078125,3,3,5218,114.6533203125,0,0,88,80,8,2,2,1,0x00,0,0,0,0,0,0,1,1,0,1,0,0,0,,,,,,,,,,,,,,,
50,1.7,62441,1905.548095703125,1.905548095703125,3,SLOW_SWEEP,0x16,large_room|slow_turn|portal_view,1386,1386,42.29736328125,23.642135642135642,6,0.18310546875,1379,42.083740234375,1,0.030517578125,896,781,3.5,3.05078125,3,3,5320,116.89453125,0,1,91,80,11,2,2,1,0x04,0,0,0,1,0,0,1,1,0,1,0,0,0,,,,,,,,,,,,,,,
51,1.7333333333333334,63826,1947.81494140625,1.94781494140625,3,SLOW_SWEEP,0x16,large_room|slow_turn|portal_view,1385,1385,42.266845703125,23.659205776173284,5,0.152587890625,1379,42.083740234375,1,0.030517578125,896,781,3.5,3.05078125,3,3,5320,116.89453125,0,0,91,80,11,2,2,1,0x00,0,0,0,0,0,0,1,1,0,1,0,0,0,,,,,,,,,,,,,,,
52,1.7666666666666666,65245,1991.119384765625,1.991119384765625,3,SLOW_SWEEP,0x16,large_room|slow_turn|portal_view,1419,1419,43.304443359375,23.092318534179,6,0.18310546875,1412,43.0908203125,1,0.030517578125,896,781,3.5,3.05078125,3,3,5422,119.1357421875,0,1,95,80,15,3,3,2,0x04,0,0,0,1,0,0,1,1,0,1,0,0,0,,,,,,,,,,,,,,,
53,1.8,66663,2034.393310546875,2.034393310546875,3,SLOW_SWEEP,0x16,large_room|slow_turn|portal_view,1418,1418,43.27392578125,23.108603667136812,6,0.18310546875,1412,43.0908203125,0,0.0,896,781,3.5,3.05078125,3,3,5422,119.1357421875,0,0,95,80,15,3,3,2,0x00,0,0,0,0,0,0,1,1,0,1,0,0,0,,,,,,,,,,,,,,,
54,1.8333333333333333,68111,2078.582763671875,2.078582763671875,3,SLOW_SWEEP,0x16,large_room|slow_turn|portal_view,1448,1448,44.189453125,22.629834254143645,6,0.18310546875,1441,43.975830078125,1,0.030517578125,896,781,3.5,3.05078125,3,3,5524,121.376953125,0,1,98,80,18,3,3,2,0x04,0,0,0,1,0,0,1,1,0,1,0,0,0,,,,,,,,,,,,,,,
55,1.8666666666666667,69558,2122.74169921875,2.12274169921875,3,SLOW_SWEEP,0x16,large_room|slow_turn|portal_view,1447,1447,44.158935546875,22.645473393227366,5,0.152587890625,1442,44.00634765625,0,0.0,896,781,3.5,3.05078125,3,3,5524,121.376953125,0,0,98,80,18,3,3,2,0x00,0,0,0,0,0,0,1,1,0,1,0,0,0,,,,,,,,,,,,,,,
56,1.9,71035,2167.816162109375,2.167816162109375,3,SLOW_SWEEP,0x16,large_room|slow_turn|portal_view,1477,1477,45.074462890625,22.18551117129316,6,0.18310546875,1471,44.891357421875,0,0.0,896,781,3.5,3.05078125,3,3,5626,123.6181640625,0,1,101,80,21,3,3,2,0x04,0,0,0,1,0,0,1,1,0,1,0,0,0,,,,,,,,,,,,,,,
57,1.9333333333333333,72513,2212.921142578125,2.212921142578125,3,SLOW_SWEEP,0x16,large_room|slow_turn|portal_view,1478,1478,45.10498046875,22.170500676589988,6,0.18310546875,1471,44.891357421875,1,0.030517578125,896,781,3.5,3.05078125,3,3,5626,123.6181640625,0,0,101,80,21,3,3,2,0x00,0,0,0,0,0,0,1,1,0,1,0,0,0,,,,,,,,,,,,,,,
58,1.9666666666666666,74014,2258.72802734375,2.25872802734375,3,SLOW_SWEEP,0x16,large_room|slow_turn|portal_view,1501,1501,45.806884765625,21.830779480346436,5,0.152587890625,1495,45.623779296875,1,0.030517578125,896,781,3.5,3.05078125,3,3,5728,125.859375,0,1,102,80,22,2,2,1,0x04,0,0,0,1,0,0,1,1,0,1,0,0,0,,,,,,,,,,,,,,,
59,2.0,75515,2304.534912109375,2.304534912109375,3,SLOW_SWEEP,0x16,large_room|slow_turn|portal_view,1501,1501,45.806884765625,21.830779480346436,5,0.152587890625,1495,45.623779296875,1,0.030517578125,896,781,3.5,3.05078125,3,3,5728,125.859375,0,0,102,80,22,2,2,1,0x00,0,0,0,0,0,0,1,1,0,1,0,0,0,,,,,,,,,,,,,,,
60,2.033333333333333,77032,2350.830078125,2.350830078125,3,SLOW_SWEEP,0x16,large_room|slow_turn|portal_view,1517,1517,46.295166015625,21.600527356624916,6,0.18310546875,1510,46.08154296875,1,0.030517578125,896,781,3.5,3.05078125,3,3,5830,128.1005859375,0,1,103,80,23,3,3,2,0x04,0,0,0,1,0,0,1,1,0,1,0,0,0,,,,,,,,,,,,,,,
61,2.066666666666667,78550,2397.15576171875,2.39715576171875,3,SLOW_SWEEP,0x16,large_room|slow_turn|portal_view,1518,1518,46.32568359375,21.586297760210805,6,0.18310546875,1511,46.112060546875,1,0.030517578125,896,781,3.5,3.05078125,3,3,5830,128.1005859375,0,0,103,80,23,3,3,2,0x00,0,0,0,0,0,0,1,1,0,1,0,0,0,,,,,,,,,,,,,,,
62,2.1,80053,2443.023681640625,2.443023681640625,3,SLOW_SWEEP,0x16,large_room|slow_turn|portal_view,1503,1503,45.867919921875,21.80172987358616,6,0.18310546875,1496,45.654296875,1,0.030517578125,896,781,3.5,3.05078125,3,3,5932,130.341796875,0,1,101,80,21,2,2,1,0x04,0,0,0,1,0,0,1,1,0,1,0,0,0,,,,,,,,,,,,,,,
63,2.1333333333333333,81556,2488.8916015625,2.4888916015625,3,SLOW_SWEEP,0x16,large_room|slow_turn|portal_view,1503,1503,45.867919921875,21.80172987358616,6,0.18310546875,1497,45.684814453125,0,0.0,896,781,3.5,3.05078125,3,3,5932,130.341796875,0,0,101,80,21,2,2,1,0x00,0,0,0,0,0,0,1,1,0,1,0,0,0,,,,,,,,,,,,,,,
64,2.1666666666666665,83061,2534.820556640625,2.534820556640625,3,SLOW_SWEEP,0x16,large_room|slow_turn|portal_view,1505,1505,45.928955078125,21.772757475083058,5,0.152587890625,1499,45.745849609375,1,0.030517578125,896,781,3.5,3.05078125,3,3,6034,132.5830078125,0,1,101,80,21,3,3,2,0x04,0,0,0,1,0,0,1,1,0,1,0,0,0,,,,,,,,,,,,,,,
65,2.2,84566,2580.74951171875,2.58074951171875,3,SLOW_SWEEP,0x16,large_room|slow_turn|portal_view,1505,1505,45.928955078125,21.772757475083058,6,0.18310546875,1499,45.745849609375,0,0.0,896,781,3.5,3.05078125,3,3,6034,132.5830078125,0,0,101,80,21,3,3,2,0x00,0,0,0,0,0,0,1,1,0,1,0,0,0,,,,,,,,,,,,,,,
66,2.2333333333333334,86062,2626.40380859375,2.62640380859375,3,SLOW_SWEEP,0x16,large_room|slow_turn|portal_view,1496,1496,45.654296875,21.90374331550802,5,0.152587890625,1491,45.501708984375,0,0.0,896,781,3.5,3.05078125,3,3,6136,134.82421875,0,1,100,80,20,2,2,1,0x04,0,0,0,1,0,0,1,1,0,1,0,0,0,,,,,,,,,,,,,,,
67,2.2666666666666666,87560,2672.119140625,2.672119140625,3,SLOW_SWEEP,0x16,large_room|slow_turn|portal_view,1498,1498,45.71533203125,21.874499332443257,6,0.18310546875,1491,45.501708984375,1,0.030517578125,896,781,3.5,3.05078125,3,3,6136,134.82421875,0,0,100,80,20,2,2,1,0x00,0,0,0,0,0,0,1,1,0,1,0,0,0,,,,,,,,,,,,,,,
68,2.3,89055,2717.742919921875,2.717742919921875,3,SLOW_SWEEP,0x16,large_room|slow_turn|portal_view,1495,1495,45.623779296875,21.91839464882943,5,0.152587890625,1490,45.47119140625,0,0.0,896,781,3.5,3.05078125,3,3,6238,137.0654296875,0,1,101,80,21,3,3,2,0x04,0,0,0,1,0,0,1,1,0,1,0,0,0,,,,,,,,,,,,,,,
69,2.3333333333333335,90551,2763.397216796875,2.763397216796875,3,SLOW_SWEEP,0x16,large_room|slow_turn|portal_view,1496,1496,45.654296875,21.90374331550802,6,0.18310546875,1490,45.47119140625,0,0.0,896,781,3.5,3.05078125,3,3,6238,137.0654296875,0,0,101,80,21,3,3,2,0x00,0,0,0,0,0,0,1,1,0,1,0,0,0,,,,,,,,,,,,,,,
70,2.3666666666666667,92025,2808.380126953125,2.808380126953125,3,SLOW_SWEEP,0x16,large_room|slow_turn|portal_view,1474,1474,44.98291015625,22.230664857530527,5,0.152587890625,1468,44.7998046875,1,0.030517578125,896,781,3.5,3.05078125,3,3,6340,139.306640625,0,1,99,80,19,2,2,1,0x04,0,0,0,1,0,0,1,1,0,1,0,0,0,,,,,,,,,,,,,,,
71,2.4,93500,2853.3935546875,2.8533935546875,3,SLOW_SWEEP,0x16,large_room|slow_turn|portal_view,1475,1475,45.013427734375,22.215593220338985,6,0.18310546875,1468,44.7998046875,1,0.030517578125,896,781,3.5,3.05078125,3,3,6340,139.306640625,0,0,99,80,19,2,2,1,0x00,0,0,0,0,0,0,1,1,0,1,0,0,0,,,,,,,,,,,,,,,
72,2.433333333333333,94981,2898.590087890625,2.898590087890625,3,SLOW_SWEEP,0x16,large_room|slow_turn|portal_view,1481,1481,45.196533203125,22.12559081701553,6,0.18310546875,1474,44.98291015625,1,0.030517578125,896,781,3.5,3.05078125,3,3,6442,141.5478515625,0,1,100,80,20,3,3,2,0x04,0,0,0,1,0,0,1,1,0,1,0,0,0,,,,,,,,,,,,,,,
73,2.466666666666667,96460,2943.7255859375,2.9437255859375,3,SLOW_SWEEP,0x16,large_room|slow_turn|portal_view,1479,1479,45.135498046875,22.15551048005409,5,0.152587890625,1474,44.98291015625,0,0.0,896,781,3.5,3.05078125,3,3,6442,141.5478515625,0,0,100,80,20,3,3,2,0x00,0,0,0,0,0,0,1,1,0,1,0,0,0,,,,,,,,,,,,,,,
74,2.5,97922,2988.34228515625,2.98834228515625,3,SLOW_SWEEP,0x16,large_room|slow_turn|portal_view,1462,1462,44.61669921875,22.41313269493844,6,0.18310546875,1455,44.403076171875,1,0.030517578125,896,781,3.5,3.05078125,3,3,6544,143.7890625,0,1,100,80,20,3,3,2,0x04,0,0,0,1,0,0,1,1,0,1,0,0,0,,,,,,,,,,,,,,,
75,2.533333333333333,99384,3032.958984375,3.032958984375,3,SLOW_SWEEP,0x16,large_room|slow_turn|portal_view,1462,1462,44.61669921875,22.41313269493844,6,0.18310546875,1456,44.43359375,0,0.0,896,781,3.5,3.05078125,3,3,6544,143.7890625,0,0,100,80,20,3,3,2,0x00,0,0,0,0,0,0,1,1,0,1,0,0,0,,,,,,,,,,,,,,,
76,2.566666666666667,100823,3076.873779296875,3.076873779296875,3,SLOW_SWEEP,0x16,large_room|slow_turn|portal_view,1439,1439,43.914794921875,22.771369006254343,6,0.18310546875,1432,43.701171875,1,0.030517578125,896,781,3.5,3.05078125,3,3,6646,146.0302734375,0,1,98,80,18,2,2,1,0x04,0,0,0,1,0,0,1,1,0,1,0,0,0,,,,,,,,,,,,,,,
77,2.6,102262,3120.78857421875,3.12078857421875,3,SLOW_SWEEP,0x16,large_room|slow_turn|portal_view,1439,1439,43.914794921875,22.771369006254343,6,0.18310546875,1433,43.731689453125,0,0.0,896,781,3.5,3.05078125,3,3,6646,146.0302734375,0,0,98,80,18,2,2,1,0x00,0,0,0,0,0,0,1,1,0,1,0,0,0,,,,,,,,,,,,,,,
78,2.6333333333333333,103722,3165.34423828125,3.16534423828125,3,SLOW_SWEEP,0x16,large_room|slow_turn|portal_view,1460,1460,44.5556640625,22.443835616438356,6,0.18310546875,1454,44.37255859375,0,0.0,896,781,3.5,3.05078125,3,3,6748,148.271484375,0,1,101,80,21,3,3,2,0x04,0,0,0,1,0,0,1,1,0,1,0,0,0,,,,,,,,,,,,,,,
79,2.6666666666666665,105182,3209.89990234375,3.20989990234375,3,SLOW_SWEEP,0x16,large_room|slow_turn|portal_view,1460,1460,44.5556640625,22.443835616438356,6,0.18310546875,1454,44.37255859375,0,0.0,896,781,3.5,3.05078125,3,3,6748,148.271484375,0,0,101,80,21,3,3,2,0x00,0,0,0,0,0,0,1,1,0,1,0,0,0,,,,,,,,,,,,,,,
80,2.7,106662,3255.06591796875,3.25506591796875,3,SLOW_SWEEP,0x16,large_room|slow_turn|portal_view,1480,1480,45.166015625,22.14054054054054,5,0.152587890625,1475,45.013427734375,0,0.0,896,781,3.5,3.05078125,3,3,6850,150.5126953125,0,1,104,80,24,3,3,2,0x04,0,0,0,1,0,0,1,1,0,1,0,0,0,,,,,,,,,,,,,,,
81,2.7333333333333334,108143,3300.262451171875,3.300262451171875,3,SLOW_SWEEP,0x16,large_room|slow_turn|portal_view,1481,1481,45.196533203125,22.12559081701553,6,0.18310546875,1474,44.98291015625,1,0.030517578125,896,781,3.5,3.05078125,3,3,6850,150.5126953125,0,0,104,80,24,3,3,2,0x00,0,0,0,0,0,0,1,1,0,1,0,0,0,,,,,,,,,,,,,,,
82,2.7666666666666666,109628,3345.5810546875,3.3455810546875,3,SLOW_SWEEP,0x16,large_room|slow_turn|portal_view,1485,1485,45.318603515625,22.065993265993267,5,0.152587890625,1479,45.135498046875,1,0.030517578125,896,781,3.5,3.05078125,3,3,6952,152.75390625,0,1,105,80,25,2,2,1,0x04,0,0,0,1,0,0,1,1,0,1,0,0,0,,,,,,,,,,,,,,,
83,2.8,111114,3390.93017578125,3.39093017578125,3,SLOW_SWEEP,0x16,large_room|slow_turn|portal_view,1486,1486,45.34912109375,22.05114401076716,6,0.18310546875,1479,45.135498046875,1,0.030517578125,896,781,3.5,3.05078125,3,3,6952,152.75390625,0,0,105,80,25,2,2,1,0x00,0,0,0,0,0,0,1,1,0,1,0,0,0,,,,,,,,,,,,,,,
84,2.8333333333333335,112631,3437.225341796875,3.437225341796875,3,SLOW_SWEEP,0x16,large_room|slow_turn|portal_view,1517,1517,46.295166015625,21.600527356624916,6,0.18310546875,1511,46.112060546875,0,0.0,896,781,3.5,3.05078125,3,3,7054,154.9951171875,0,1,109,80,29,3,3,2,0x04,0,0,0,1,0,0,1,1,0,1,0,0,0,,,,,,,,,,,,,,,
85,2.8666666666666667,114148,3483.5205078125,3.4835205078125,3,SLOW_SWEEP,0x16,large_room|slow_turn|portal_view,1517,1517,46.295166015625,21.600527356624916,6,0.18310546875,1510,46.08154296875,1,0.030517578125,896,781,3.5,3.05078125,3,3,7054,154.9951171875,0,0,109,80,29,3,3,2,0x00,0,0,0,0,0,0,1,1,0,1,0,0,0,,,,,,,,,,,,,,,
86,2.9,115672,3530.029296875,3.530029296875,3,SLOW_SWEEP,0x16,large_room|slow_turn|portal_view,1524,1524,46.5087890625,21.501312335958005,5,0.152587890625,1518,46.32568359375,1,0.030517578125,896,781,3.5,3.05078125,3,3,7156,157.236328125,0,1,111,80,31,2,2,1,0x04,0,0,0,1,0,0,1,1,0,1,0,0,0,,,,,,,,,,,,,,,
87,2.933333333333333,117196,3576.5380859375,3.5765380859375,3,SLOW_SWEEP,0x16,large_room|slow_turn|portal_view,1524,1524,46.5087890625,21.501312335958005,6,0.18310546875,1518,46.32568359375,0,0.0,896,781,3.5,3.05078125,3,3,7156,157.236328125,0,0,111,80,31,2,2,1,0x00,0,0,0,0,0,0,1,1,0,1,0,0,0,,,,,,,,,,,,,,,
88,2.966666666666667,118748,3623.9013671875,3.6239013671875,3,SLOW_SWEEP,0x16,large_room|slow_turn|portal_view,1552,1552,47.36328125,21.11340206185567,6,0.18310546875,1545,47.149658203125,1,0.030517578125,896,781,3.5,3.05078125,3,3,7258,159.4775390625,0,1,115,80,35,3,3,2,0x04,0,0,0,1,0,0,1,1,0,1,0,0,0,,,,,,,,,,,,,,,
89,3.0,120300,3671.2646484375,3.6712646484375,3,SLOW_SWEEP,0x16,large_room|slow_turn|portal_view,1552,1552,47.36328125,21.11340206185567,6,0.18310546875,1545,47.149658203125,1,0.030517578125,896,781,3.5,3.05078125,3,3,7258,159.4775390625,0,0,115,80,35,3,3,2,0x00,0,0,0,0,0,0,1,1,0,1,0,0,0,,,,,,,,,,,,,,,
90,3.033333333333333,121875,3719.329833984375,3.719329833984375,3,SLOW_SWEEP,0x16,large_room|slow_turn|portal_view,1575,1575,48.065185546875,20.805079365079365,5,0.152587890625,1569,47.882080078125,1,0.030517578125,896,781,3.5,3.05078125,3,3,7360,161.71875,0,1,119,80,39,3,3,2,0x04,0,0,0,1,0,0,1,1,0,1,0,0,0,,,,,,,,,,,,,,,
91,3.066666666666667,123450,3767.39501953125,3.76739501953125,3,SLOW_SWEEP,0x16,large_room|slow_turn|portal_view,1575,1575,48.065185546875,20.805079365079365,6,0.18310546875,1569,47.882080078125,0,0.0,896,781,3.5,3.05078125,3,3,7360,161.71875,0,0,119,80,39,3,3,2,0x00,0,0,0,0,0,0,1,1,0,1,0,0,0,,,,,,,,,,,,,,,
92,3.1,125050,3816.22314453125,3.81622314453125,3,SLOW_SWEEP,0x16,large_room|slow_turn|portal_view,1600,1600,48.828125,20.48,6,0.18310546875,1593,48.614501953125,1,0.030517578125,896,781,3.5,3.05078125,3,3,7462,163.9599609375,0,1,122,80,42,3,3,2,0x04,0,0,0,1,0,0,1,1,0,1,0,0,0,,,,,,,,,,,,,,,
93,3.1333333333333333,126649,3865.020751953125,3.865020751953125,3,SLOW_SWEEP,0x16,large_room|slow_turn|portal_view,1599,1599,48.797607421875,20.492808005003127,5,0.152587890625,1594,48.64501953125,0,0.0,896,781,3.5,3.05078125,3,3,7462,163.9599609375,0,0,122,80,42,3,3,2,0x00,0,0,0,0,0,0,1,1,0,1,0,0,0,,,,,,,,,,,,,,,
94,3.1666666666666665,128252,3913.9404296875,3.9139404296875,3,SLOW_SWEEP,0x16,large_room|slow_turn|portal_view,1603,1603,48.919677734375,20.44167186525265,6,0.18310546875,1596,48.7060546875,1,0.030517578125,896,781,3.5,3.05078125,3,3,7564,166.201171875,0,1,123,80,43,2,2,1,0x04,0,0,0,1,0,0,1,1,0,1,0,0,0,,,,,,,,,,,,,,,
95,3.2,129856,3962.890625,3.962890625,3,SLOW_SWEEP,0x16,large_room|slow_turn|portal_view,1604,1604,48.9501953125,20.428927680798004,6,0.18310546875,1597,48.736572265625,1,0.030517578125,896,781,3.5,3.05078125,3,3,7564,166.201171875,0,0,123,80,43,2,2,1,0x00,0,0,0,0,0,0,1,1,0,1,0,0,0,,,,,,,,,,,,,,,
96,3.2333333333333334,131493,4012.847900390625,4.012847900390625,3,SLOW_SWEEP,0x16,large_room|slow_turn|portal_view,1637,1637,49.957275390625,20.01710445937691,6,0.18310546875,1631,49.774169921875,0,0.0,896,781,3.5,3.05078125,3,3,7666,168.4423828125,0,1,127,80,47,3,3,2,0x06,1,0,0,1,0,0,1,1,0,1,0,0,0,50.47607421875,4.0283203125,0.0,14.5263671875,10.589599609375,6.28662109375,8.575439453125,6.4697265625,47,80,47,47,47,5819,619
97,3.2666666666666666,133131,4062.835693359375,4.062835693359375,3,SLOW_SWEEP,0x16,large_room|slow_turn|portal_view,1638,1638,49.98779296875,20.004884004884005,6,0.18310546875,1631,49.774169921875,1,0.030517578125,896,781,3.5,3.05078125,3,3,7666,168.4423828125,0,0,127,80,47,3,3,2,0x00,0,0,0,0,0,0,1,1,0,1,0,0,0,,,,,,,,,,,,,,,
98,3.3,134767,4112.762451171875,4.112762451171875,3,SLOW_SWEEP,0x16,large_room|slow_turn|portal_view,1636,1636,49.9267578125,20.029339853300733,6,0.18310546875,1629,49.713134765625,1,0.030517578125,896,781,3.5,3.05078125,3,3,7768,170.68359375,0,1,127,80,47,2,2,1,0x04,0,0,0,1,0,0,1,1,0,1,0,0,0,,,,,,,,,,,,,,,
99,3.3333333333333335,136403,4162.689208984375,4.162689208984375,3,SLOW_SWEEP,0x16,large_room|slow_turn|portal_view,1636,1636,49.9267578125,20.029339853300733,6,0.18310546875,1629,49.713134765625,1,0.030517578125,896,781,3.5,3.05078125,3,3,7768,170.68359375,0,0,127,80,47,2,2,1,0x00,0,0,0,0,0,0,1,1,0,1,0,0,0,,,,,,,,,,,,,,,
100,3.3666666666666667,138033,4212.432861328125,4.212432861328125,3,SLOW_SWEEP,0x16,large_room|slow_turn|portal_view,1630,1630,49.74365234375,20.103067484662578,6,0.18310546875,1623,49.530029296875,1,0.030517578125,896,781,3.5,3.05078125,3,3,7870,172.9248046875,0,1,128,80,48,3,3,2,0x04,0,0,0,1,0,0,1,1,0,1,0,0,0,,,,,,,,,,,,,,,
101,3.4,139662,4262.14599609375,4.26214599609375,3,SLOW_SWEEP,0x16,large_room|slow_turn|portal_view,1629,1629,49.713134765625,20.115408225905462,6,0.18310546875,1623,49.530029296875,0,0.0,896,781,3.5,3.05078125,3,3,7870,172.9248046875,0,0,128,80,48,3,3,2,0x00,0,0,0,0,0,0,1,1,0,1,0,0,0,,,,,,,,,,,,,,,
102,3.433333333333333,141294,4311.95068359375,4.31195068359375,3,SLOW_SWEEP,0x16,large_room|slow_turn|portal_view,1632,1632,49.8046875,20.07843137254902,6,0.18310546875,1626,49.62158203125,0,0.0,896,781,3.5,3.05078125,3,3,7972,175.166015625,0,1,129,80,49,3,3,2,0x04,0,0,0,1,0,0,1,1,0,1,0,0,0,,,,,,,,,,,,,,,
103,3.466666666666667,142926,4361.75537109375,4.36175537109375,3,SLOW_SWEEP,0x16,large_room|slow_turn|portal_view,1632,1632,49.8046875,20.07843137254902,6,0.18310546875,1626,49.62158203125,0,0.0,896,781,3.5,3.05078125,3,3,7972,175.166015625,0,0,129,80,49,3,3,2,0x00,0,0,0,0,0,0,1,1,0,1,0,0,0,,,,,,,,,,,,,,,
104,3.5,144509,4410.064697265625,4.410064697265625,3,SLOW_SWEEP,0x16,large_room|slow_turn|portal_view,1583,1583,48.309326171875,20.699936828806063,6,0.18310546875,1577,48.126220703125,0,0.0,896,781,3.5,3.05078125,3,3,8074,177.4072265625,0,1,125,80,45,2,2,1,0x04,0,0,0,1,0,0,1,1,0,1,0,0,0,,,,,,,,,,,,,,,
105,3.533333333333333,146094,4458.43505859375,4.45843505859375,3,SLOW_SWEEP,0x16,large_room|slow_turn|portal_view,1585,1585,48.370361328125,20.673817034700317,6,0.18310546875,1578,48.15673828125,1,0.030517578125,896,781,3.5,3.05078125,3,3,8074,177.4072265625,0,0,125,80,45,2,2,1,0x00,0,0,0,0,0,0,1,1,0,1,0,0,0,,,,,,,,,,,,,,,
106,3.566666666666667,147636,4505.4931640625,4.5054931640625,3,SLOW_SWEEP,0x16,large_room|slow_turn|portal_view,1542,1542,47.05810546875,21.250324254215304,5,0.152587890625,1537,46.905517578125,0,0.0,896,781,3.5,3.05078125,3,3,8176,179.6484375,0,1,121,80,41,2,2,1,0x04,0,0,0,1,0,0,1,1,0,1,0,0,0,,,,,,,,,,,,,,,
107,3.6,149179,4552.581787109375,4.552581787109375,3,SLOW_SWEEP,0x16,large_room|slow_turn|portal_view,1543,1543,47.088623046875,21.23655217109527,6,0.18310546875,1537,46.905517578125,0,0.0,896,781,3.5,3.05078125,3,3,8176,179.6484375,0,0,121,80,41,2,2,1,0x08,0,0,0,0,1,0,1,1,0,1,0,0,0,,,,,,,,,,,,,,,
108,3.6333333333333333,150752,4600.5859375,4.6005859375,4,FAST_SWEEP,0x9A,large_room|fast_turn|portal_view|stress,1573,1573,48.004150390625,20.831532104259377,6,0.18310546875,1566,47.79052734375,1,0.030517578125,896,781,3.5,3.05078125,3,3,8278,181.8896484375,0,1,118,80,38,2,2,1,0x04,0,0,0,1,0,0,1,0,1,1,0,0,1,,,,,,,,,,,,,,,
109,3.6666666666666665,152310,4648.13232421875,4.64813232421875,4,FAST_SWEEP,0x9A,large_room|fast_turn|portal_view|stress,1558,1558,47.54638671875,21.03209242618742,6,0.18310546875,1552,47.36328125,0,0.0,896,781,3.5,3.05078125,3,3,8380,184.130859375,0,1,116,80,36,2,2,1,0x04,0,0,0,1,0,0,1,0,1,1,0,0,1,,,,,,,,,,,,,,,
110,3.7,153834,4694.64111328125,4.69464111328125,4,FAST_SWEEP,0x9A,large_room|fast_turn|portal_view|stress,1524,1524,46.5087890625,21.501312335958005,5,0.152587890625,1519,46.356201171875,0,0.0,896,781,3.5,3.05078125,3,3,8482,186.3720703125,0,1,112,80,32,2,2,1,0x04,0,0,0,1,0,0,1,0,1,1,0,0,1,,,,,,,,,,,,,,,
111,3.7333333333333334,155342,4740.66162109375,4.74066162109375,4,FAST_SWEEP,0x9A,large_room|fast_turn|portal_view|stress,1508,1508,46.0205078125,21.72944297082228,5,0.152587890625,1503,45.867919921875,0,0.0,896,781,3.5,3.05078125,3,3,8584,188.61328125,0,1,109,80,29,2,2,1,0x04,0,0,0,1,0,0,1,0,1,1,0,0,1,,,,,,,,,,,,,,,
112,3.7666666666666666,156815,4785.614013671875,4.785614013671875,4,FAST_SWEEP,0x9A,large_room|fast_turn|portal_view|stress,1473,1473,44.952392578125,22.245756958587915,5,0.152587890625,1468,44.7998046875,0,0.0,896,781,3.5,3.05078125,3,3,8686,190.8544921875,0,1,105,80,25,2,2,1,0x04,0,0,0,1,0,0,1,0,1,1,0,0,1,,,,,,,,,,,,,,,
113,3.8,158278,4830.26123046875,4.83026123046875,4,FAST_SWEEP,0x9A,large_room|fast_turn|portal_view|stress,1463,1463,44.647216796875,22.39781271360219,5,0.152587890625,1457,44.464111328125,1,0.030517578125,896,781,3.5,3.05078125,3,3,8788,193.095703125,0,1,104,80,24,2,2,1,0x04,0,0,0,1,0,0,1,0,1,1,0,0,1,,,,,,,,,,,,,,,
114,3.8333333333333335,159728,4874.51171875,4.87451171875,4,FAST_SWEEP,0x9A,large_room|fast_turn|portal_view|stress,1450,1450,44.25048828125,22.59862068965517,6,0.18310546875,1443,44.036865234375,1,0.030517578125,896,781,3.5,3.05078125,3,3,8890,195.3369140625,0,1,103,80,23,2,2,1,0x04,0,0,0,1,0,0,1,0,1,1,0,0,1,,,,,,,,,,,,,,,
115,3.8666666666666667,161184,4918.9453125,4.9189453125,4,FAST_SWEEP,0x9A,large_room|fast_turn|portal_view|stress,1456,1456,44.43359375,22.505494505494507,6,0.18310546875,1449,44.219970703125,1,0.030517578125,896,781,3.5,3.05078125,3,3,8992,197.578125,0,1,104,80,24,2,2,1,0x04,0,0,0,1,0,0,1,0,1,1,0,0,1,,,,,,,,,,,,,,,
116,3.9,162627,4962.982177734375,4.962982177734375,4,FAST_SWEEP,0x9A,large_room|fast_turn|portal_view|stress,1443,1443,44.036865234375,22.70824670824671,6,0.18310546875,1436,43.8232421875,1,0.030517578125,896,781,3.5,3.05078125,3,3,9094,199.8193359375,0,1,103,80,23,2,2,1,0x04,0,0,0,1,0,0,1,0,1,1,0,0,1,,,,,,,,,,,,,,,
117,3.933333333333333,164073,5007.110595703125,5.007110595703125,4,FAST_SWEEP,0x9A,large_room|fast_turn|portal_view|stress,1446,1446,44.12841796875,22.661134163208853,6,0.18310546875,1440,43.9453125,0,0.0,896,781,3.5,3.05078125,3,3,9196,202.060546875,0,1,104,80,24,2,2,1,0x04,0,0,0,1,0,0,1,0,1,1,0,0,1,,,,,,,,,,,,,,,
118,3.966666666666667,165523,5051.361083984375,5.051361083984375,4,FAST_SWEEP,0x9A,large_room|fast_turn|portal_view|stress,1450,1450,44.25048828125,22.59862068965517,6,0.18310546875,1443,44.036865234375,1,0.030517578125,896,781,3.5,3.05078125,3,3,9298,204.3017578125,0,1,104,80,24,2,2,1,0x04,0,0,0,1,0,0,1,0,1,1,0,0,1,,,,,,,,,,,,,,,
119,4.0,166969,5095.489501953125,5.095489501953125,4,FAST_SWEEP,0x9A,large_room|fast_turn|portal_view|stress,1446,1446,44.12841796875,22.661134163208853,6,0.18310546875,1440,43.9453125,0,0.0,896,781,3.5,3.05078125,3,3,9400,206.54296875,0,1,105,80,25,2,2,1,0x04,0,0,0,1,0,0,1,0,1,1,0,0,1,,,,,,,,,,,,,,,
120,4.033333333333333,168420,5139.7705078125,5.1397705078125,4,FAST_SWEEP,0x9A,large_room|fast_turn|portal_view|stress,1451,1451,44.281005859375,22.583046175051688,5,0.152587890625,1446,44.12841796875,0,0.0,896,781,3.5,3.05078125,3,3,9502,208.7841796875,0,1,106,80,26,2,2,1,0x04,0,0,0,1,0,0,1,0,1,1,0,0,1,,,,,,,,,,,,,,,
121,4.066666666666666,169861,5183.746337890625,5.183746337890625,4,FAST_SWEEP,0x9A,large_room|fast_turn|portal_view|stress,1441,1441,43.975830078125,22.73976405274115,5,0.152587890625,1435,43.792724609375,1,0.030517578125,896,781,3.5,3.05078125,3,3,9604,211.025390625,0,1,105,80,25,2,2,1,0x04,0,0,0,1,0,0,1,0,1,1,0,0,1,,,,,,,,,,,,,,,
122,4.1,171323,5228.363037109375,5.228363037109375,4,FAST_SWEEP,0x9A,large_room|fast_turn|portal_view|stress,1462,1462,44.61669921875,22.41313269493844,6,0.18310546875,1456,44.43359375,0,0.0,896,781,3.5,3.05078125,3,3,9706,213.2666015625,0,1,107,80,27,2,2,1,0x04,0,0,0,1,0,0,1,0,1,1,0,0,1,,,,,,,,,,,,,,,
123,4.133333333333334,172778,5272.76611328125,5.27276611328125,4,FAST_SWEEP,0x9A,large_room|fast_turn|portal_view|stress,1455,1455,44.403076171875,22.520962199312716,5,0.152587890625,1450,44.25048828125,0,0.0,896,781,3.5,3.05078125,3,3,9808,215.5078125,0,1,106,80,26,2,2,1,0x04,0,0,0,1,0,0,1,0,1,1,0,0,1,,,,,,,,,,,,,,,
124,4.166666666666667,174216,5316.650390625,5.316650390625,4,FAST_SWEEP,0x9A,large_room|fast_turn|portal_view|stress,1438,1438,43.88427734375,22.787204450625868,5,0.152587890625,1433,43.731689453125,0,0.0,896,781,3.5,3.05078125,3,3,9910,217.7490234375,0,1,104,80,24,2,2,1,0x04,0,0,0,1,0,0,1,0,1,1,0,0,1,,,,,,,,,,,,,,,
125,4.2,175633,5359.893798828125,5.359893798828125,4,FAST_SWEEP,0x9A,large_room|fast_turn|portal_view|stress,1417,1417,43.243408203125,23.124911785462245,5,0.152587890625,1411,43.060302734375,1,0.030517578125,896,781,3.5,3.05078125,3,3,10012,219.990234375,0,1,101,80,21,2,2,1,0x04,0,0,0,1,0,0,1,0,1,1,0,0,1,,,,,,,,,,,,,,,
126,4.233333333333333,177044,5402.9541015625,5.4029541015625,4,FAST_SWEEP,0x9A,large_room|fast_turn|portal_view|stress,1411,1411,43.060302734375,23.223245924875975,6,0.18310546875,1404,42.8466796875,1,0.030517578125,896,781,3.5,3.05078125,3,3,10114,222.2314453125,0,1,99,80,19,2,2,1,0x04,0,0,0,1,0,0,1,0,1,1,0,0,1,,,,,,,,,,,,,,,
127,4.266666666666667,178484,5446.8994140625,5.4468994140625,4,FAST_SWEEP,0x9A,large_room|fast_turn|portal_view|stress,1440,1440,43.9453125,22.755555555555556,5,0.152587890625,1434,43.76220703125,1,0.030517578125,896,781,3.5,3.05078125,3,3,10216,224.47265625,0,1,102,80,22,4,4,3,0x04,0,0,0,1,0,0,1,0,1,1,0,0,1,,,,,,,,,,,,,,,
128,4.3,179947,5491.546630859375,5.491546630859375,4,FAST_SWEEP,0x9A,large_room|fast_turn|portal_view|stress,1463,1463,44.647216796875,22.39781271360219,6,0.18310546875,1457,44.464111328125,0,0.0,896,781,3.5,3.05078125,3,3,10318,226.7138671875,0,1,103,80,23,4,4,3,0x04,0,0,0,1,0,0,1,0,1,1,0,0,1,,,,,,,,,,,,,,,
129,4.333333333333333,181431,5536.834716796875,5.536834716796875,4,FAST_SWEEP,0x9A,large_room|fast_turn|portal_view|stress,1484,1484,45.2880859375,22.080862533692724,5,0.152587890625,1478,45.10498046875,1,0.030517578125,896,781,3.5,3.05078125,3,3,10420,228.955078125,0,1,104,80,24,4,4,3,0x04,0,0,0,1,0,0,1,0,1,1,0,0,1,,,,,,,,,,,,,,,
130,4.366666666666666,182900,5581.6650390625,5.5816650390625,4,FAST_SWEEP,0x9A,large_room|fast_turn|portal_view|stress,1469,1469,44.830322265625,22.306330837304287,6,0.18310546875,1462,44.61669921875,1,0.030517578125,896,781,3.5,3.05078125,3,3,10522,231.1962890625,0,1,103,80,23,4,4,3,0x04,0,0,0,1,0,0,1,0,1,1,0,0,1,,,,,,,,,,,,,,,
131,4.4,184363,5626.312255859375,5.626312255859375,4,FAST_SWEEP,0x9A,large_room|fast_turn|portal_view|stress,1463,1463,44.647216796875,22.39781271360219,5,0.152587890625,1458,44.49462890625,0,0.0,896,781,3.5,3.05078125,3,3,10624,233.4375,0,1,103,80,23,4,4,3,0x04,0,0,0,1,0,0,1,0,1,1,0,0,1,,,,,,,,,,,,,,,
132,4.433333333333334,185807,5670.379638671875,5.670379638671875,4,FAST_SWEEP,0x9A,large_room|fast_turn|portal_view|stress,1444,1444,44.0673828125,22.69252077562327,6,0.18310546875,1437,43.853759765625,1,0.030517578125,896,781,3.5,3.05078125,3,3,10726,235.6787109375,0,1,103,80,23,4,4,3,0x04,0,0,0,1,0,0,1,0,1,1,0,0,1,,,,,,,,,,,,,,,
133,4.466666666666667,187258,5714.66064453125,5.71466064453125,4,FAST_SWEEP,0x9A,large_room|fast_turn|portal_view|stress,1451,1451,44.281005859375,22.583046175051688,6,0.18310546875,1445,44.097900390625,0,0.0,896,781,3.5,3.05078125,3,3,10828,237.919921875,0,1,105,80,25,4,4,3,0x04,0,0,0,1,0,0,1,0,1,1,0,0,1,,,,,,,,,,,,,,,
134,4.5,188731,5759.613037109375,5.759613037109375,4,FAST_SWEEP,0x9A,large_room|fast_turn|portal_view|stress,1473,1473,44.952392578125,22.245756958587915,5,0.152587890625,1467,44.769287109375,1,0.030517578125,896,781,3.5,3.05078125,3,3,10930,240.1611328125,0,1,108,80,28,4,4,3,0x04,0,0,0,1,0,0,1,0,1,1,0,0,1,,,,,,,,,,,,,,,
135,4.533333333333333,190207,5804.656982421875,5.804656982421875,4,FAST_SWEEP,0x9A,large_room|fast_turn|portal_view|stress,1476,1476,45.0439453125,22.200542005420054,5,0.152587890625,1470,44.86083984375,1,0.030517578125,896,781,3.5,3.05078125,3,3,11032,242.40234375,0,1,110,80,30,4,4,3,0x04,0,0,0,1,0,0,1,0,1,1,0,0,1,,,,,,,,,,,,,,,
136,4.566666666666666,191697,5850.128173828125,5.850128173828125,4,FAST_SWEEP,0x9A,large_room|fast_turn|portal_view|stress,1490,1490,45.47119140625,21.99194630872483,5,0.152587890625,1485,45.318603515625,0,0.0,896,781,3.5,3.05078125,3,3,11134,244.6435546875,0,1,111,80,31,4,4,3,0x04,0,0,0,1,0,0,1,0,1,1,0,0,1,,,,,,,,,,,,,,,
137,4.6,193217,5896.514892578125,5.896514892578125,4,FAST_SWEEP,0x9A,large_room|fast_turn|portal_view|stress,1520,1520,46.38671875,21.557894736842105,6,0.18310546875,1514,46.20361328125,0,0.0,896,781,3.5,3.05078125,3,3,11236,246.884765625,0,1,115,80,35,4,4,3,0x04,0,0,0,1,0,0,1,0,1,1,0,0,1,,,,,,,,,,,,,,,
138,4.633333333333334,194781,5944.244384765625,5.944244384765625,4,FAST_SWEEP,0x9A,large_room|fast_turn|portal_view|stress,1564,1564,47.7294921875,20.95140664961637,5,0.152587890625,1558,47.54638671875,1,0.030517578125,896,781,3.5,3.05078125,3,3,11338,249.1259765625,0,1,119,80,39,4,4,3,0x04,0,0,0,1,0,0,1,0,1,1,0,0,1,,,,,,,,,,,,,,,
139,4.666666666666667,196358,5992.37060546875,5.99237060546875,4,FAST_SWEEP,0x9A,large_room|fast_turn|portal_view|stress,1577,1577,48.126220703125,20.77869372225745,6,0.18310546875,1570,47.91259765625,1,0.030517578125,896,781,3.5,3.05078125,3,3,11440,251.3671875,0,1,120,80,40,4,4,3,0x04,0,0,0,1,0,0,1,0,1,1,0,0,1,,,,,,,,,,,,,,,
140,4.7,197926,6040.22216796875,6.04022216796875,4,FAST_SWEEP,0x9A,large_room|fast_turn|portal_view|stress,1568,1568,47.8515625,20.897959183673468,6,0.18310546875,1561,47.637939453125,1,0.030517578125,896,781,3.5,3.05078125,3,3,11542,253.6083984375,0,1,119,80,39,4,4,3,0x04,0,0,0,1,0,0,1,0,1,1,0,0,1,,,,,,,,,,,,,,,
141,4.733333333333333,199483,6087.738037109375,6.087738037109375,4,FAST_SWEEP,0x9A,large_room|fast_turn|portal_view|stress,1557,1557,47.515869140625,21.045600513808605,5,0.152587890625,1552,47.36328125,0,0.0,896,781,3.5,3.05078125,3,3,11644,255.849609375,0,1,117,80,37,4,4,3,0x04,0,0,0,1,0,0,1,0,1,1,0,0,1,,,,,,,,,,,,,,,
142,4.766666666666667,201072,6136.23046875,6.13623046875,4,FAST_SWEEP,0x9A,large_room|fast_turn|portal_view|stress,1589,1589,48.492431640625,20.621774701069857,6,0.18310546875,1583,48.309326171875,0,0.0,896,781,3.5,3.05078125,3,3,11746,258.0908203125,0,1,120,80,40,4,4,3,0x06,1,0,0,1,0,0,1,0,1,1,0,0,1,48.88916015625,3.84521484375,0.0,13.275146484375,10.498046875,6.011962890625,9.765625,5.4931640625,40,80,40,40,40,7380,701
143,4.8,202646,6184.26513671875,6.18426513671875,4,FAST_SWEEP,0x9A,large_room|fast_turn|portal_view|stress,1574,1574,48.03466796875,20.818297331639137,6,0.18310546875,1568,47.8515625,0,0.0,896,781,3.5,3.05078125,3,3,11848,260.33203125,0,1,120,80,40,4,4,3,0x04,0,0,0,1,0,0,1,0,1,1,0,0,1,,,,,,,,,,,,,,,
144,4.833333333333333,204186,6231.26220703125,6.23126220703125,4,FAST_SWEEP,0x9A,large_room|fast_turn|portal_view|stress,1540,1540,46.9970703125,21.277922077922078,6,0.18310546875,1533,46.783447265625,1,0.030517578125,896,781,3.5,3.05078125,3,3,11950,262.5732421875,0,1,116,80,36,4,4,3,0x04,0,0,0,1,0,0,1,0,1,1,0,0,1,,,,,,,,,,,,,,,
145,4.866666666666666,205740,6278.6865234375,6.2786865234375,4,FAST_SWEEP,0x9A,large_room|fast_turn|portal_view|stress,1554,1554,47.42431640625,21.086229086229086,6,0.18310546875,1548,47.2412109375,0,0.0,896,781,3.5,3.05078125,3,3,12052,264.814453125,0,1,118,80,38,4,4,3,0x04,0,0,0,1,0,0,1,0,1,1,0,0,1,,,,,,,,,,,,,,,
146,4.9,207302,6326.35498046875,6.32635498046875,4,FAST_SWEEP,0x9A,large_room|fast_turn|portal_view|stress,1562,1562,47.66845703125,20.978233034571062,5,0.152587890625,1557,47.515869140625,0,0.0,896,781,3.5,3.05078125,3,3,12154,267.0556640625,0,1,119,80,39,4,4,3,0x04,0,0,0,1,0,0,1,0,1,1,0,0,1,,,,,,,,,,,,,,,
147,4.933333333333334,208859,6373.870849609375,6.373870849609375,4,FAST_SWEEP,0x9A,large_room|fast_turn|portal_view|stress,1557,1557,47.515869140625,21.045600513808605,5,0.152587890625,1551,47.332763671875,1,0.030517578125,896,781,3.5,3.05078125,3,3,12256,269.296875,0,1,118,80,38,4,4,3,0x0C,0,0,0,1,1,0,1,0,1,1,0,0,1,,,,,,,,,,,,,,,
148,4.966666666666667,210409,6421.173095703125,6.421173095703125,5,A_RETURN,0x72,large_room|portal_view|portal_approach|portal_cross,1550,1550,47.30224609375,21.140645161290323,15,0.457763671875,1535,46.844482421875,0,0.0,896,762,3.5,2.9765625,3,2,12256,269.296875,1,0,118,80,38,4,4,3,0x04,0,0,0,1,0,0,1,0,0,1,1,1,0,,,,,,,,,,,,,,,
149,5.0,212007,6469.940185546875,6.469940185546875,5,A_RETURN,0x72,large_room|portal_view|portal_approach|portal_cross,1598,1598,48.76708984375,20.505632040050063,14,0.42724609375,1584,48.33984375,0,0.0,896,743,3.5,2.90234375,3,2,12256,269.296875,1,0,123,80,43,4,4,3,0x04,0,0,0,1,0,0,1,0,0,1,1,1,0,,,,,,,,,,,,,,,
150,5.033333333333333,213645,6519.927978515625,6.519927978515625,5,A_RETURN,0x72,large_room|portal_view|portal_approach|portal_cross,1638,1638,49.98779296875,20.004884004884005,13,0.396728515625,1625,49.591064453125,0,0.0,896,724,3.5,2.828125,3,2,12256,269.296875,1,0,126,80,46,4,4,3,0x04,0,0,0,1,0,0,1,0,0,1,1,1,0,,,,,,,,,,,,,,,
151,5.066666666666666,215307,6570.648193359375,6.570648193359375,5,A_RETURN,0x72,large_room|portal_view|portal_approach|portal_cross,1662,1662,50.72021484375,19.71600481347774,13,0.396728515625,1648,50.29296875,1,0.030517578125,896,705,3.5,2.75390625,3,2,12256,269.296875,1,0,127,80,47,4,4,3,0x04,0,0,0,1,0,0,1,0,0,1,1,1,0,,,,,,,,,,,,,,,
152,5.1,216987,6621.917724609375,6.621917724609375,5,A_RETURN,0x72,large_room|portal_view|portal_approach|portal_cross,1680,1680,51.26953125,19.504761904761907,14,0.42724609375,1666,50.84228515625,0,0.0,896,686,3.5,2.6796875,3,2,12256,269.296875,1,0,128,80,48,4,4,3,0x04,0,0,0,1,0,0,1,0,0,1,1,1,0,,,,,,,,,,,,,,,
153,5.133333333333334,218706,6674.37744140625,6.67437744140625,5,A_RETURN,0x72,large_room|portal_view|portal_approach|portal_cross,1719,1719,52.459716796875,19.062245491564862,14,0.42724609375,1704,52.001953125,1,0.030517578125,896,667,3.5,2.60546875,3,2,12256,269.296875,1,0,131,80,51,4,4,3,0x04,0,0,0,1,0,0,1,0,0,1,1,1,0,,,,,,,,,,,,,,,
154,5.166666666666667,220452,6727.6611328125,6.7276611328125,5,A_RETURN,0x72,large_room|portal_view|portal_approach|portal_cross,1746,1746,53.28369140625,18.767468499427263,14,0.42724609375,1732,52.8564453125,0,0.0,896,648,3.5,2.53125,3,2,12256,269.296875,1,0,133,80,53,4,4,3,0x04,0,0,0,1,0,0,1,0,0,1,1,1,0,,,,,,,,,,,,,,,
155,5.2,222243,6782.318115234375,6.782318115234375,5,A_RETURN,0x72,large_room|portal_view|portal_approach|portal_cross,1791,1791,54.656982421875,18.295924064768286,14,0.42724609375,1777,54.229736328125,0,0.0,896,629,3.5,2.45703125,3,2,12256,269.296875,1,0,137,80,57,4,4,3,0x04,0,0,0,1,0,0,1,0,0,1,1,1,0,,,,,,,,,,,,,,,
156,5.233333333333333,224058,6837.70751953125,6.83770751953125,5,A_RETURN,0x72,large_room|portal_view|portal_approach|portal_cross,1815,1815,55.389404296875,18.053994490358125,14,0.42724609375,1800,54.931640625,1,0.030517578125,896,610,3.5,2.3828125,3,2,12256,269.296875,1,0,138,80,58,4,4,3,0x04,0,0,0,1,0,0,1,0,0,1,1,1,0,,,,,,,,,,,,,,,
157,5.266666666666667,225890,6893.61572265625,6.89361572265625,5,A_RETURN,0x72,large_room|portal_view|portal_approach|portal_cross,1832,1832,55.908203125,17.88646288209607,14,0.42724609375,1818,55.48095703125,0,0.0,896,591,3.5,2.30859375,3,2,12256,269.296875,1,0,140,80,60,4,4,3,0x04,0,0,0,1,0,0,1,0,0,1,1,1,0,,,,,,,,,,,,,,,
158,5.3,227735,6949.920654296875,6.949920654296875,5,A_RETURN,0x72,large_room|portal_view|portal_approach|portal_cross,1845,1845,56.304931640625,17.760433604336043,14,0.42724609375,1831,55.877685546875,0,0.0,896,572,3.5,2.234375,3,2,12256,269.296875,1,0,140,80,60,4,4,3,0x04,0,0,0,1,0,0,1,0,0,1,1,1,0,,,,,,,,,,,,,,,
159,5.333333333333333,229648,7008.30078125,7.00830078125,5,A_RETURN,0x72,large_room|portal_view|portal_approach|portal_cross,1913,1913,58.380126953125,17.129116570831155,14,0.42724609375,1898,57.92236328125,1,0.030517578125,896,553,3.5,2.16015625,3,2,12256,269.296875,1,0,146,80,66,4,4,3,0x04,0,0,0,1,0,0,1,0,0,1,1,1,0,,,,,,,,,,,,,,,
160,5.366666666666666,231622,7068.54248046875,7.06854248046875,5,A_RETURN,0x72,large_room|portal_view|portal_approach|portal_cross,1974,1974,60.24169921875,16.599797365754814,15,0.457763671875,1958,59.75341796875,1,0.030517578125,896,534,3.5,2.0859375,3,2,12256,269.296875,1,0,151,80,71,4,4,3,0x04,0,0,0,1,0,0,1,0,0,1,1,1,0,,,,,,,,,,,,,,,
161,5.4,233638,7130.06591796875,7.13006591796875,5,A_RETURN,0x72,large_room|portal_view|portal_approach|portal_cross,2016,2016,61.5234375,16.253968253968253,14,0.42724609375,2002,61.09619140625,0,0.0,896,515,3.5,2.01171875,3,2,12256,269.296875,1,0,155,80,75,4,4,3,0x06,1,0,0,1,0,0,1,0,0,1,1,1,0,62.408447265625,4.2724609375,0.0,12.451171875,13.18359375,9.674072265625,9.063720703125,13.763427734375,75,73,82,82,82,10920,941
162,5.433333333333334,235626,7190.73486328125,7.19073486328125,5,A_RETURN,0x72,large_room|portal_view|portal_approach|portal_cross,1988,1988,60.6689453125,16.482897384305836,14,0.42724609375,1973,60.211181640625,1,0.030517578125,896,496,3.5,1.9375,3,1,12256,269.296875,1,0,160,80,80,4,4,3,0x04,0,0,0,1,0,0,1,0,0,1,1,1,0,,,,,,,,,,,,,,,
163,5.466666666666667,237601,7251.007080078125,7.251007080078125,5,A_RETURN,0x72,large_room|portal_view|portal_approach|portal_cross,1975,1975,60.272216796875,16.591392405063292,14,0.42724609375,1961,59.844970703125,0,0.0,896,477,3.5,1.86328125,3,1,12256,269.296875,1,0,164,80,84,4,4,3,0x04,0,0,0,1,0,0,1,0,0,1,1,1,0,,,,,,,,,,,,,,,
164,5.5,239575,7311.248779296875,7.311248779296875,5,A_RETURN,0x72,large_room|portal_view|portal_approach|portal_cross,1974,1974,60.24169921875,16.599797365754814,13,0.396728515625,1961,59.844970703125,0,0.0,896,458,3.5,1.7890625,3,1,12256,269.296875,1,0,170,80,90,4,4,3,0x04,0,0,0,1,0,0,1,0,0,1,1,1,0,,,,,,,,,,,,,,,
165,5.533333333333333,241531,7370.941162109375,7.370941162109375,5,A_RETURN,0x72,large_room|portal_view|portal_approach|portal_cross,1956,1956,59.6923828125,16.752556237218815,13,0.396728515625,1942,59.26513671875,1,0.030517578125,896,439,3.5,1.71484375,3,1,12256,269.296875,1,0,175,80,95,4,4,3,0x04,0,0,0,1,0,0,1,0,0,1,1,1,0,,,,,,,,,,,,,,,
166,5.566666666666666,243412,7428.3447265625,7.4283447265625,5,A_RETURN,0x72,large_room|portal_view|portal_approach|portal_cross,1881,1881,57.403564453125,17.42052099946837,14,0.42724609375,1867,56.976318359375,0,0.0,896,420,3.5,1.640625,3,1,12256,269.296875,1,0,176,80,96,4,4,3,0x04,0,0,0,1,0,0,1,0,0,1,1,1,0,,,,,,,,,,,,,,,
167,5.6,245240,7484.130859375,7.484130859375,5,A_RETURN,0x72,large_room|portal_view|portal_approach|portal_cross,1828,1828,55.7861328125,17.925601750547045,13,0.396728515625,1814,55.35888671875,1,0.030517578125,896,401,3.5,1.56640625,3,1,12256,269.296875,1,0,176,80,96,4,4,3,0x04,0,0,0,1,0,0,1,0,0,1,1,1,0,,,,,,,,,,,,,,,
168,5.633333333333334,247033,7538.848876953125,7.538848876953125,5,A_RETURN,0x72,large_room|portal_view|portal_approach|portal_cross,1793,1793,54.718017578125,18.275515895147798,14,0.42724609375,1779,54.290771484375,0,0.0,896,382,3.5,1.4921875,3,1,12256,269.296875,1,0,175,80,95,4,4,3,0x04,0,0,0,1,0,0,1,0,0,1,1,1,0,,,,,,,,,,,,,,,
169,5.666666666666667,248851,7594.329833984375,7.594329833984375,5,A_RETURN,0x72,large_room|portal_view|portal_approach|portal_cross,1818,1818,55.48095703125,18.024202420242023,14,0.42724609375,1803,55.023193359375,1,0.030517578125,896,363,3.5,1.41796875,3,1,12256,269.296875,1,0,177,80,97,4,4,3,0x04,0,0,0,1,0,0,1,0,0,1,1,1,0,,,,,,,,,,,,,,,
170,5.7,250673,7649.932861328125,7.649932861328125,5,A_RETURN,0x72,large_room|portal_view|portal_approach|portal_cross,1822,1822,55.60302734375,17.98463227222832,14,0.42724609375,1808,55.17578125,0,0.0,896,344,3.5,1.34375,3,1,12256,269.296875,1,0,177,80,97,4,4,3,0x04,0,0,0,1,0,0,1,0,0,1,1,1,0,,,,,,,,,,,,,,,
171,5.733333333333333,252500,7705.6884765625,7.7056884765625,5,A_RETURN,0x72,large_room|portal_view|portal_approach|portal_cross,1827,1827,55.755615234375,17.935413245758074,14,0.42724609375,1812,55.2978515625,1,0.030517578125,896,325,3.5,1.26953125,3,1,12256,269.296875,1,0,179,80,99,4,4,3,0x04,0,0,0,1,0,0,1,0,0,1,1,1,0,,,,,,,,,,,,,,,
172,5.766666666666667,254323,7761.322021484375,7.761322021484375,5,A_RETURN,0x72,large_room|portal_view|portal_approach|portal_cross,1823,1823,55.633544921875,17.97476686780033,14,0.42724609375,1809,55.206298828125,0,0.0,896,306,3.5,1.1953125,3,1,12256,269.296875,1,0,178,80,98,4,4,3,0x04,0,0,0,1,0,0,1,0,0,1,1,1,0,,,,,,,,,,,,,,,
173,5.8,255818,7806.94580078125,7.80694580078125,5,A_RETURN,0x72,large_room|portal_view|portal_approach|portal_cross,1495,1495,45.623779296875,21.91839464882943,18,0.54931640625,1477,45.074462890625,0,0.0,320,640,1.25,2.5,1,2,16352,359.296875,1,0,106,80,26,3,3,2,0x05,0,0,1,1,0,0,1,0,0,1,1,1,0,,,,,,,,,,,,,,,
174,5.833333333333333,257302,7852.23388671875,7.85223388671875,5,A_RETURN,0x72,large_room|portal_view|portal_approach|portal_cross,1484,1484,45.2880859375,22.080862533692724,15,0.457763671875,1469,44.830322265625,0,0.0,339,640,1.32421875,2.5,1,2,16352,359.296875,1,0,105,80,25,3,3,2,0x04,0,0,0,1,0,0,1,0,0,1,1,1,0,,,,,,,,,,,,,,,
175,5.866666666666666,258767,7896.942138671875,7.896942138671875,5,A_RETURN,0x72,large_room|portal_view|portal_approach|portal_cross,1465,1465,44.708251953125,22.367235494880546,15,0.457763671875,1449,44.219970703125,1,0.030517578125,358,640,1.3984375,2.5,1,2,16352,359.296875,1,0,102,80,22,3,3,2,0x0C,0,0,0,1,1,0,1,0,0,1,1,1,0,,,,,,,,,,,,,,,
176,5.9,260229,7941.558837890625,7.941558837890625,6,B_APPROACH,0x22,large_room|portal_approach,1462,1462,44.61669921875,22.41313269493844,6,0.18310546875,1456,44.43359375,0,0.0,358,640,1.3984375,2.5,1,2,70,1.5380859375,0,1,101,80,21,3,3,2,0x04,0,0,0,1,0,0,1,0,0,0,1,0,0,,,,,,,,,,,,,,,
177,5.933333333333334,261666,7985.41259765625,7.98541259765625,6,B_APPROACH,0x22,large_room|portal_approach,1437,1437,43.853759765625,22.803061934585944,6,0.18310546875,1431,43.670654296875,0,0.0,358,640,1.3984375,2.5,1,2,172,3.779296875,0,1,97,80,17,3,3,2,0x04,0,0,0,1,0,0,1,0,0,0,1,0,0,,,,,,,,,,,,,,,
178,5.966666666666667,263108,8029.4189453125,8.0294189453125,6,B_APPROACH,0x22,large_room|portal_approach,1442,1442,44.00634765625,22.723994452149793,6,0.18310546875,1435,43.792724609375,1,0.030517578125,358,640,1.3984375,2.5,1,2,274,6.0205078125,0,1,97,80,17,3,3,2,0x04,0,0,0,1,0,0,1,0,0,0,1,0,0,,,,,,,,,,,,,,,
179,6.0,264563,8073.822021484375,8.073822021484375,6,B_APPROACH,0x22,large_room|portal_approach,1455,1455,44.403076171875,22.520962199312716,6,0.18310546875,1448,44.189453125,1,0.030517578125,358,640,1.3984375,2.5,1,2,376,8.26171875,0,1,97,80,17,3,3,2,0x04,0,0,0,1,0,0,1,0,0,0,1,0,0,,,,,,,,,,,,,,,
180,6.033333333333333,266025,8118.438720703125,8.118438720703125,6,B_APPROACH,0x22,large_room|portal_approach,1462,1462,44.61669921875,22.41313269493844,6,0.18310546875,1456,44.43359375,0,0.0,358,640,1.3984375,2.5,1,2,478,10.5029296875,0,1,96,80,16,3,3,2,0x04,0,0,0,1,0,0,1,0,0,0,1,0,0,,,,,,,,,,,,,,,
181,6.066666666666666,267489,8163.116455078125,8.163116455078125,6,B_APPROACH,0x22,large_room|portal_approach,1464,1464,44.677734375,22.382513661202186,5,0.152587890625,1458,44.49462890625,1,0.030517578125,358,640,1.3984375,2.5,1,2,580,12.744140625,0,1,95,80,15,3,3,2,0x04,0,0,0,1,0,0,1,0,0,0,1,0,0,,,,,,,,,,,,,,,
182,6.1,268935,8207.244873046875,8.207244873046875,6,B_APPROACH,0x22,large_room|portal_approach,1446,1446,44.12841796875,22.661134163208853,5,0.152587890625,1440,43.9453125,1,0.030517578125,358,640,1.3984375,2.5,1,2,682,14.9853515625,0,1,92,80,12,3,3,2,0x04,0,0,0,1,0,0,1,0,0,0,1,0,0,,,,,,,,,,,,,,,
183,6.133333333333334,270394,8251.77001953125,8.25177001953125,6,B_APPROACH,0x22,large_room|portal_approach,1459,1459,44.525146484375,22.4592186429061,5,0.152587890625,1454,44.37255859375,0,0.0,358,640,1.3984375,2.5,1,2,784,17.2265625,0,1,92,80,12,3,3,2,0x04,0,0,0,1,0,0,1,0,0,0,1,0,0,,,,,,,,,,,,,,,
184,6.166666666666667,271835,8295.745849609375,8.295745849609375,6,B_APPROACH,0x22,large_room|portal_approach,1441,1441,43.975830078125,22.73976405274115,5,0.152587890625,1435,43.792724609375,1,0.030517578125,358,640,1.3984375,2.5,1,2,886,19.4677734375,0,1,90,80,10,3,3,2,0x04,0,0,0,1,0,0,1,0,0,0,1,0,0,,,,,,,,,,,,,,,
185,6.2,273255,8339.080810546875,8.339080810546875,6,B_APPROACH,0x22,large_room|portal_approach,1420,1420,43.3349609375,23.07605633802817,5,0.152587890625,1414,43.15185546875,1,0.030517578125,358,640,1.3984375,2.5,1,2,988,21.708984375,0,1,86,80,6,3,3,2,0x04,0,0,0,1,0,0,1,0,0,0,1,0,0,,,,,,,,,,,,,,,
186,6.233333333333333,274669,8382.232666015625,8.382232666015625,6,B_APPROACH,0x22,large_room|portal_approach,1414,1414,43.15185546875,23.173974540311175,6,0.18310546875,1408,42.96875,0,0.0,358,640,1.3984375,2.5,1,2,1090,23.9501953125,0,1,85,80,5,2,2,1,0x04,0,0,0,1,0,0,1,0,0,0,1,0,0,,,,,,,,,,,,,,,
187,6.266666666666667,276105,8426.055908203125,8.426055908203125,6,B_APPROACH,0x22,large_room|portal_approach,1436,1436,43.8232421875,22.818941504178273,6,0.18310546875,1429,43.609619140625,1,0.030517578125,358,640,1.3984375,2.5,1,2,1192,26.19140625,0,1,86,80,6,3,3,2,0x04,0,0,0,1,0,0,1,0,0,0,1,0,0,,,,,,,,,,,,,,,
188,6.3,277549,8470.123291015625,8.470123291015625,6,B_APPROACH,0x22,large_room|portal_approach,1444,1444,44.0673828125,22.69252077562327,6,0.18310546875,1437,43.853759765625,1,0.030517578125,358,640,1.3984375,2.5,1,2,1294,28.4326171875,0,1,86,80,6,3,3,2,0x04,0,0,0,1,0,0,1,0,0,0,1,0,0,,,,,,,,,,,,,,,
189,6.333333333333333,278992,8514.16015625,8.51416015625,6,B_APPROACH,0x22,large_room|portal_approach,1443,1443,44.036865234375,22.70824670824671,5,0.152587890625,1437,43.853759765625,1,0.030517578125,358,640,1.3984375,2.5,1,2,1396,30.673828125,0,1,86,80,6,3,3,2,0x04,0,0,0,1,0,0,1,0,0,0,1,0,0,,,,,,,,,,,,,,,
190,6.366666666666666,280443,8558.441162109375,8.558441162109375,6,B_APPROACH,0x22,large_room|portal_approach,1451,1451,44.281005859375,22.583046175051688,6,0.18310546875,1445,44.097900390625,0,0.0,358,640,1.3984375,2.5,1,2,1498,32.9150390625,0,1,86,80,6,3,3,2,0x04,0,0,0,1,0,0,1,0,0,0,1,0,0,,,,,,,,,,,,,,,
191,6.4,281899,8602.874755859375,8.602874755859375,6,B_APPROACH,0x22,large_room|portal_approach,1456,1456,44.43359375,22.505494505494507,6,0.18310546875,1450,44.25048828125,0,0.0,358,640,1.3984375,2.5,1,2,1600,35.15625,0,1,86,80,6,3,3,2,0x04,0,0,0,1,0,0,1,0,0,0,1,0,0,,,,,,,,,,,,,,,
192,6.433333333333334,283383,8648.162841796875,8.648162841796875,6,B_APPROACH,0x22,large_room|portal_approach,1484,1484,45.2880859375,22.080862533692724,5,0.152587890625,1478,45.10498046875,1,0.030517578125,358,640,1.3984375,2.5,1,2,1702,37.3974609375,0,1,87,80,7,3,3,2,0x04,0,0,0,1,0,0,1,0,0,0,1,0,0,,,,,,,,,,,,,,,
193,6.466666666666667,284866,8693.42041015625,8.69342041015625,6,B_APPROACH,0x22,large_room|portal_approach,1483,1483,45.257568359375,22.09575185434929,6,0.18310546875,1477,45.074462890625,0,0.0,358,640,1.3984375,2.5,1,2,1804,39.638671875,0,1,86,80,6,3,3,2,0x04,0,0,0,1,0,0,1,0,0,0,1,0,0,,,,,,,,,,,,,,,
194,6.5,286359,8738.983154296875,8.738983154296875,6,B_APPROACH,0x22,large_room|portal_approach,1493,1493,45.562744140625,21.94775619557937,5,0.152587890625,1487,45.379638671875,1,0.030517578125,358,640,1.3984375,2.5,1,2,1906,41.8798828125,0,1,86,80,6,2,2,1,0x04,0,0,0,1,0,0,1,0,0,0,1,0,0,,,,,,,,,,,,,,,
195,6.533333333333333,287870,8785.09521484375,8.78509521484375,6,B_APPROACH,0x22,large_room|portal_approach,1511,1511,46.112060546875,21.686300463269358,5,0.152587890625,1506,45.95947265625,0,0.0,358,640,1.3984375,2.5,1,2,2008,44.12109375,0,1,88,80,8,3,3,2,0x06,1,0,0,1,0,0,1,0,0,0,1,0,0,45.95947265625,3.23486328125,0.0,23.193359375,9.002685546875,2.86865234375,6.8359375,0.823974609375,8,80,8,8,8,2813,1067
196,6.566666666666666,289380,8831.1767578125,8.8311767578125,6,B_APPROACH,0x22,large_room|portal_approach,1510,1510,46.08154296875,21.70066225165563,5,0.152587890625,1505,45.928955078125,0,0.0,358,640,1.3984375,2.5,1,2,2110,46.3623046875,0,1,88,80,8,3,3,2,0x04,0,0,0,1,0,0,1,0,0,0,1,0,0,,,,,,,,,,,,,,,
197,6.6,290876,8876.8310546875,8.8768310546875,6,B_APPROACH,0x22,large_room|portal_approach,1496,1496,45.654296875,21.90374331550802,5,0.152587890625,1491,45.501708984375,0,0.0,358,640,1.3984375,2.5,1,2,2212,48.603515625,0,1,87,80,7,3,3,2,0x04,0,0,0,1,0,0,1,0,0,0,1,0,0,,,,,,,,,,,,,,,
198,6.633333333333334,292339,8921.478271484375,8.921478271484375,6,B_APPROACH,0x22,large_room|portal_approach,1463,1463,44.647216796875,22.39781271360219,6,0.18310546875,1457,44.464111328125,0,0.0,358,640,1.3984375,2.5,1,2,2314,50.8447265625,0,1,83,80,3,2,2,1,0x04,0,0,0,1,0,0,1,0,0,0,1,0,0,,,,,,,,,,,,,,,
199,6.666666666666667,293763,8964.935302734375,8.964935302734375,6,B_APPROACH,0x22,large_room|portal_approach,1424,1424,43.45703125,23.01123595505618,5,0.152587890625,1419,43.304443359375,0,0.0,358,640,1.3984375,2.5,1,2,2416,53.0859375,0,1,80,80,0,1,1,0,0x04,0,0,0,1,0,0,1,0,0,0,1,0,0,,,,,,,,,,,,,,,
200,6.7,295172,9007.9345703125,9.0079345703125,6,B_APPROACH,0x22,large_room|portal_approach,1409,1409,42.999267578125,23.256210078069554,5,0.152587890625,1404,42.8466796875,0,0.0,358,640,1.3984375,2.5,1,2,2518,55.3271484375,0,1,80,80,0,1,1,0,0x04,0,0,0,1,0,0,1,0,0,0,1,0,0,,,,,,,,,,,,,,,
201,6.733333333333333,296570,9050.59814453125,9.05059814453125,6,B_APPROACH,0x22,large_room|portal_approach,1398,1398,42.66357421875,23.43919885550787,5,0.152587890625,1392,42.48046875,1,0.030517578125,358,640,1.3984375,2.5,1,2,2620,57.568359375,0,1,80,80,0,1,1,0,0x04,0,0,0,1,0,0,1,0,0,0,1,0,0,,,,,,,,,,,,,,,
202,6.766666666666667,297951,9092.742919921875,9.092742919921875,6,B_APPROACH,0x22,large_room|portal_approach,1381,1381,42.144775390625,23.72773352643012,5,0.152587890625,1375,41.961669921875,1,0.030517578125,358,640,1.3984375,2.5,1,2,2722,59.8095703125,0,1,80,80,0,1,1,0,0x04,0,0,0,1,0,0,1,0,0,0,1,0,0,,,,,,,,,,,,,,,
203,6.8,299331,9134.857177734375,9.134857177734375,6,B_APPROACH,0x22,large_room|portal_approach,1380,1380,42.1142578125,23.744927536231884,6,0.18310546875,1374,41.93115234375,0,0.0,358,640,1.3984375,2.5,1,2,2824,62.05078125,0,1,80,80,0,1,1,0,0x04,0,0,0,1,0,0,1,0,0,0,1,0,0,,,,,,,,,,,,,,,
204,6.833333333333333,300698,9176.57470703125,9.17657470703125,6,B_APPROACH,0x22,large_room|portal_approach,1367,1367,41.717529296875,23.970738844184346,5,0.152587890625,1361,41.534423828125,1,0.030517578125,358,640,1.3984375,2.5,1,2,2926,64.2919921875,0,1,80,80,0,1,1,0,0x04,0,0,0,1,0,0,1,0,0,0,1,0,0,,,,,,,,,,,,,,,
205,6.866666666666666,302085,9218.902587890625,9.218902587890625,6,B_APPROACH,0x22,large_room|portal_approach,1387,1387,42.327880859375,23.62509012256669,6,0.18310546875,1380,42.1142578125,1,0.030517578125,358,640,1.3984375,2.5,1,2,3028,66.533203125,0,1,82,80,2,2,2,1,0x04,0,0,0,1,0,0,1,0,0,0,1,0,0,,,,,,,,,,,,,,,
206,6.9,303482,9261.53564453125,9.26153564453125,6,B_APPROACH,0x22,large_room|portal_approach,1397,1397,42.633056640625,23.45597709377237,6,0.18310546875,1391,42.449951171875,0,0.0,358,640,1.3984375,2.5,1,2,3130,68.7744140625,0,1,85,80,5,2,2,1,0x04,0,0,0,1,0,0,1,0,0,0,1,0,0,,,,,,,,,,,,,,,
207,6.933333333333334,304910,9305.11474609375,9.30511474609375,6,B_APPROACH,0x22,large_room|portal_approach,1428,1428,43.5791015625,22.946778711484594,6,0.18310546875,1422,43.39599609375,0,0.0,358,640,1.3984375,2.5,1,2,3232,71.015625,0,1,88,80,8,2,2,1,0x04,0,0,0,1,0,0,1,0,0,0,1,0,0,,,,,,,,,,,,,,,
208,6.966666666666667,306343,9348.846435546875,9.348846435546875,6,B_APPROACH,0x22,large_room|portal_approach,1433,1433,43.731689453125,22.866713189113746,6,0.18310546875,1427,43.548583984375,0,0.0,358,640,1.3984375,2.5,1,2,3334,73.2568359375,0,1,88,80,8,2,2,1,0x04,0,0,0,1,0,0,1,0,0,0,1,0,0,,,,,,,,,,,,,,,
209,7.0,307777,9392.608642578125,9.392608642578125,6,B_APPROACH,0x22,large_room|portal_approach,1434,1434,43.76220703125,22.850767085076708,6,0.18310546875,1427,43.548583984375,1,0.030517578125,358,640,1.3984375,2.5,1,2,3436,75.498046875,0,1,88,80,8,2,2,1,0x04,0,0,0,1,0,0,1,0,0,0,1,0,0,,,,,,,,,,,,,,,
210,7.033333333333333,309203,9436.126708984375,9.436126708984375,6,B_APPROACH,0x22,large_room|portal_approach,1426,1426,43.51806640625,22.978962131837307,6,0.18310546875,1420,43.3349609375,0,0.0,358,640,1.3984375,2.5,1,2,3538,77.7392578125,0,1,87,80,7,2,2,1,0x04,0,0,0,1,0,0,1,0,0,0,1,0,0,,,,,,,,,,,,,,,
211,7.066666666666666,310633,9479.766845703125,9.479766845703125,6,B_APPROACH,0x22,large_room|portal_approach,1430,1430,43.64013671875,22.914685314685315,5,0.152587890625,1424,43.45703125,1,0.030517578125,358,640,1.3984375,2.5,1,2,3640,79.98046875,0,1,87,80,7,2,2,1,0x04,0,0,0,1,0,0,1,0,0,0,1,0,0,,,,,,,,,,,,,,,
212,7.1,312068,9523.5595703125,9.5235595703125,6,B_APPROACH,0x22,large_room|portal_approach,1435,1435,43.792724609375,22.834843205574913,6,0.18310546875,1428,43.5791015625,1,0.030517578125,358,640,1.3984375,2.5,1,2,3742,82.2216796875,0,1,87,80,7,2,2,1,0x04,0,0,0,1,0,0,1,0,0,0,1,0,0,,,,,,,,,,,,,,,
213,7.133333333333334,313498,9567.19970703125,9.56719970703125,6,B_APPROACH,0x22,large_room|portal_approach,1430,1430,43.64013671875,22.914685314685315,6,0.18310546875,1424,43.45703125,0,0.0,358,640,1.3984375,2.5,1,2,3844,84.462890625,0,1,87,80,7,2,2,1,0x04,0,0,0,1,0,0,1,0,0,0,1,0,0,,,,,,,,,,,,,,,
214,7.166666666666667,314923,9610.687255859375,9.610687255859375,6,B_APPROACH,0x22,large_room|portal_approach,1425,1425,43.487548828125,22.995087719298244,5,0.152587890625,1419,43.304443359375,1,0.030517578125,358,640,1.3984375,2.5,1,2,3946,86.7041015625,0,1,87,80,7,2,2,1,0x04,0,0,0,1,0,0,1,0,0,0,1,0,0,,,,,,,,,,,,,,,
215,7.2,316330,9653.62548828125,9.65362548828125,6,B_APPROACH,0x22,large_room|portal_approach,1407,1407,42.938232421875,23.289267945984363,5,0.152587890625,1402,42.78564453125,0,0.0,358,640,1.3984375,2.5,1,2,4048,88.9453125,0,1,86,80,6,2,2,1,0x04,0,0,0,1,0,0,1,0,0,0,1,0,0,,,,,,,,,,,,,,,
216,7.233333333333333,317752,9697.021484375,9.697021484375,6,B_APPROACH,0x22,large_room|portal_approach,1422,1422,43.39599609375,23.043600562587905,14,0.42724609375,1408,42.96875,0,0.0,358,659,1.3984375,2.57421875,1,2,4048,88.9453125,1,0,87,80,7,2,2,1,0x04,0,0,0,1,0,0,1,0,0,0,1,0,0,,,,,,,,,,,,,,,
217,7.266666666666667,319182,9740.66162109375,9.74066162109375,6,B_APPROACH,0x22,large_room|portal_approach,1430,1430,43.64013671875,22.914685314685315,14,0.42724609375,1416,43.212890625,0,0.0,358,678,1.3984375,2.6484375,1,2,4048,88.9453125,1,0,88,80,8,2,2,1,0x04,0,0,0,1,0,0,1,0,0,0,1,0,0,,,,,,,,,,,,,,,
218,7.3,320607,9784.149169921875,9.784149169921875,6,B_APPROACH,0x22,large_room|portal_approach,1425,1425,43.487548828125,22.995087719298244,13,0.396728515625,1411,43.060302734375,1,0.030517578125,358,697,1.3984375,2.72265625,1,2,4048,88.9453125,1,0,88,80,8,2,2,1,0x04,0,0,0,1,0,0,1,0,0,0,1,0,0,,,,,,,,,,,,,,,
219,7.333333333333333,322041,9827.911376953125,9.827911376953125,6,B_APPROACH,0x22,large_room|portal_approach,1434,1434,43.76220703125,22.850767085076708,14,0.42724609375,1420,43.3349609375,0,0.0,358,716,1.3984375,2.796875,1,2,4048,88.9453125,1,0,89,80,9,2,2,1,0x04,0,0,0,1,0,0,1,0,0,0,1,0,0,,,,,,,,,,,,,,,
220,7.366666666666666,323491,9872.161865234375,9.872161865234375,6,B_APPROACH,0x22,large_room|portal_approach,1450,1450,44.25048828125,22.59862068965517,14,0.42724609375,1436,43.8232421875,0,0.0,358,735,1.3984375,2.87109375,1,2,4048,88.9453125,1,0,91,80,11,2,2,1,0x04,0,0,0,1,0,0,1,0,0,0,1,0,0,,,,,,,,,,,,,,,
221,7.4,324943,9916.473388671875,9.916473388671875,6,B_APPROACH,0x22,large_room|portal_approach,1452,1452,44.3115234375,22.56749311294766,14,0.42724609375,1438,43.88427734375,0,0.0,358,754,1.3984375,2.9453125,1,2,4048,88.9453125,1,0,91,80,11,2,2,1,0x04,0,0,0,1,0,0,1,0,0,0,1,0,0,,,,,,,,,,,,,,,
222,7.433333333333334,326386,9960.51025390625,9.96051025390625,6,B_APPROACH,0x22,large_room|portal_approach,1443,1443,44.036865234375,22.70824670824671,14,0.42724609375,1429,43.609619140625,0,0.0,358,773,1.3984375,3.01953125,1,3,4048,88.9453125,1,0,93,80,13,2,2,1,0x04,0,0,0,1,0,0,1,0,0,0,1,0,0,,,,,,,,,,,,,,,
223,7.466666666666667,327834,10004.69970703125,10.00469970703125,6,B_APPROACH,0x22,large_room|portal_approach,1448,1448,44.189453125,22.629834254143645,13,0.396728515625,1435,43.792724609375,0,0.0,358,792,1.3984375,3.09375,1,3,4048,88.9453125,1,0,94,80,14,2,2,1,0x04,0,0,0,1,0,0,1,0,0,0,1,0,0,,,,,,,,,,,,,,,
224,7.5,329290,10049.13330078125,10.04913330078125,6,B_APPROACH,0x22,large_room|portal_approach,1456,1456,44.43359375,22.505494505494507,13,0.396728515625,1442,44.00634765625,1,0.030517578125,358,811,1.3984375,3.16796875,1,3,4048,88.9453125,1,0,96,80,16,2,2,1,0x04,0,0,0,1,0,0,1,0,0,0,1,0,0,,,,,,,,,,,,,,,
225,7.533333333333333,330753,10093.780517578125,10.093780517578125,6,B_APPROACH,0x22,large_room|portal_approach,1463,1463,44.647216796875,22.39781271360219,14,0.42724609375,1449,44.219970703125,0,0.0,358,830,1.3984375,3.2421875,1,3,4048,88.9453125,1,0,98,80,18,2,2,1,0x04,0,0,0,1,0,0,1,0,0,0,1,0,0,,,,,,,,,,,,,,,
226,7.566666666666666,332240,10139.16015625,10.13916015625,6,B_APPROACH,0x22,large_room|portal_approach,1487,1487,45.379638671875,22.036314727639542,13,0.396728515625,1474,44.98291015625,0,0.0,358,849,1.3984375,3.31640625,1,3,4048,88.9453125,1,0,102,80,22,2,2,1,0x04,0,0,0,1,0,0,1,0,0,0,1,0,0,,,,,,,,,,,,,,,
227,7.6,333732,10184.6923828125,10.1846923828125,6,B_APPROACH,0x22,large_room|portal_approach,1492,1492,45.5322265625,21.962466487935657,14,0.42724609375,1478,45.10498046875,0,0.0,358,868,1.3984375,3.390625,1,3,4048,88.9453125,1,0,104,80,24,2,2,1,0x04,0,0,0,1,0,0,1,0,0,0,1,0,0,,,,,,,,,,,,,,,
228,7.633333333333334,335190,10229.18701171875,10.22918701171875,6,B_APPROACH,0x22,large_room|portal_approach,1458,1458,44.49462890625,22.474622770919066,13,0.396728515625,1444,44.0673828125,1,0.030517578125,358,887,1.3984375,3.46484375,1,3,4048,88.9453125,1,0,103,80,23,2,2,1,0x04,0,0,0,1,0,0,1,0,0,0,1,0,0,,,,,,,,,,,,,,,
229,7.666666666666667,336621,10272.857666015625,10.272857666015625,6,B_APPROACH,0x22,large_room|portal_approach,1431,1431,43.670654296875,22.898672257162822,14,0.42724609375,1416,43.212890625,1,0.030517578125,358,906,1.3984375,3.5390625,1,3,4048,88.9453125,1,0,102,80,22,2,2,1,0x04,0,0,0,1,0,0,1,0,0,0,1,0,0,,,,,,,,,,,,,,,
230,7.7,338050,10316.46728515625,10.31646728515625,6,B_APPROACH,0x22,large_room|portal_approach,1429,1429,43.609619140625,22.93072078376487,14,0.42724609375,1415,43.182373046875,0,0.0,358,925,1.3984375,3.61328125,1,3,4048,88.9453125,1,0,101,80,21,2,2,1,0x04,0,0,0,1,0,0,1,0,0,0,1,0,0,,,,,,,,,,,,,,,
231,7.733333333333333,339477,10360.015869140625,10.360015869140625,6,B_APPROACH,0x22,large_room|portal_approach,1427,1427,43.548583984375,22.962859145059564,14,0.42724609375,1413,43.121337890625,0,0.0,358,944,1.3984375,3.6875,1,3,4048,88.9453125,1,0,100,80,20,2,2,1,0x04,0,0,0,1,0,0,1,0,0,0,1,0,0,,,,,,,,,,,,,,,
232,7.766666666666667,340912,10403.80859375,10.40380859375,6,B_APPROACH,0x22,large_room|portal_approach,1435,1435,43.792724609375,22.834843205574913,13,0.396728515625,1421,43.365478515625,1,0.030517578125,358,963,1.3984375,3.76171875,1,3,4048,88.9453125,1,0,99,80,19,2,2,1,0x04,0,0,0,1,0,0,1,0,0,0,1,0,0,,,,,,,,,,,,,,,
233,7.8,342350,10447.69287109375,10.44769287109375,6,B_APPROACH,0x22,large_room|portal_approach,1438,1438,43.88427734375,22.787204450625868,15,0.457763671875,1423,43.426513671875,0,0.0,358,982,1.3984375,3.8359375,1,3,4048,88.9453125,1,0,98,80,18,2,2,1,0x04,0,0,0,1,0,0,1,0,0,0,1,0,0,,,,,,,,,,,,,,,
234,7.833333333333333,343794,10491.76025390625,10.49176025390625,6,B_APPROACH,0x22,large_room|portal_approach,1444,1444,44.0673828125,22.69252077562327,14,0.42724609375,1430,43.64013671875,0,0.0,358,1001,1.3984375,3.91015625,1,3,4048,88.9453125,1,0,97,80,17,2,2,1,0x04,0,0,0,1,0,0,1,0,0,0,1,0,0,,,,,,,,,,,,,,,
235,7.866666666666666,345248,10536.1328125,10.5361328125,6,B_APPROACH,0x22,large_room|portal_approach,1454,1454,44.37255859375,22.536451169188446,14,0.42724609375,1440,43.9453125,0,0.0,358,1020,1.3984375,3.984375,1,3,4048,88.9453125,1,0,95,80,15,2,2,1,0x04,0,0,0,1,0,0,1,0,0,0,1,0,0,,,,,,,,,,,,,,,
236,7.9,346673,10579.620361328125,10.579620361328125,6,B_APPROACH,0x22,large_room|portal_approach,1425,1425,43.487548828125,22.995087719298244,14,0.42724609375,1411,43.060302734375,0,0.0,358,1039,1.3984375,4.05859375,1,4,4048,88.9453125,1,0,93,80,13,2,2,1,0x04,0,0,0,1,0,0,1,0,0,0,1,0,0,,,,,,,,,,,,,,,
237,7.933333333333334,348100,10623.1689453125,10.6231689453125,6,B_APPROACH,0x22,large_room|portal_approach,1427,1427,43.548583984375,22.962859145059564,13,0.396728515625,1413,43.121337890625,1,0.030517578125,358,1058,1.3984375,4.1328125,1,4,4048,88.9453125,1,0,91,80,11,2,2,1,0x04,0,0,0,1,0,0,1,0,0,0,1,0,0,,,,,,,,,,,,,,,
238,7.966666666666667,349530,10666.80908203125,10.66680908203125,6,B_APPROACH,0x22,large_room|portal_approach,1430,1430,43.64013671875,22.914685314685315,14,0.42724609375,1415,43.182373046875,1,0.030517578125,358,1077,1.3984375,4.20703125,1,4,4048,88.9453125,1,0,88,80,8,2,2,1,0x04,0,0,0,1,0,0,1,0,0,0,1,0,0,,,,,,,,,,,,,,,
239,8.0,350948,10710.0830078125,10.7100830078125,6,B_APPROACH,0x22,large_room|portal_approach,1418,1418,43.27392578125,23.108603667136812,14,0.42724609375,1403,42.816162109375,1,0.030517578125,358,1096,1.3984375,4.28125,1,4,4048,88.9453125,1,0,85,80,5,2,2,1,0x04,0,0,0,1,0,0,1,0,0,0,1,0,0,,,,,,,,,,,,,,,
240,8.033333333333333,352337,10752.471923828125,10.752471923828125,6,B_APPROACH,0x22,large_room|portal_approach,1389,1389,42.388916015625,23.591072714182864,13,0.396728515625,1375,41.961669921875,1,0.030517578125,358,1115,1.3984375,4.35546875,1,4,4048,88.9453125,1,0,81,80,1,2,2,1,0x04,0,0,0,1,0,0,1,0,0,0,1,0,0,,,,,,,,,,,,,,,
241,8.066666666666666,353719,10794.647216796875,10.794647216796875,6,B_APPROACH,0x22,large_room|portal_approach,1382,1382,42.17529296875,23.710564399421127,14,0.42724609375,1368,41.748046875,0,0.0,358,1134,1.3984375,4.4296875,1,4,4048,88.9453125,1,0,80,80,0,1,1,0,0x04,0,0,0,1,0,0,1,0,0,0,1,0,0,,,,,,,,,,,,,,,
242,8.1,355106,10836.97509765625,10.83697509765625,6,B_APPROACH,0x22,large_room|portal_approach,1387,1387,42.327880859375,23.62509012256669,14,0.42724609375,1372,41.8701171875,1,0.030517578125,358,1153,1.3984375,4.50390625,1,4,4048,88.9453125,1,0,80,80,0,1,1,0,0x04,0,0,0,1,0,0,1,0,0,0,1,0,0,,,,,,,,,,,,,,,
243,8.133333333333333,356499,10879.486083984375,10.879486083984375,6,B_APPROACH,0x22,large_room|portal_approach,1393,1393,42.510986328125,23.52333094041637,13,0.396728515625,1379,42.083740234375,1,0.030517578125,358,1172,1.3984375,4.578125,1,4,4048,88.9453125,1,0,80,80,0,1,1,0,0x04,0,0,0,1,0,0,1,0,0,0,1,0,0,,,,,,,,,,,,,,,
244,8.166666666666666,357891,10921.966552734375,10.921966552734375,6,B_APPROACH,0x22,large_room|portal_approach,1392,1392,42.48046875,23.54022988505747,13,0.396728515625,1379,42.083740234375,0,0.0,358,1191,1.3984375,4.65234375,1,4,4048,88.9453125,1,0,80,80,0,1,1,0,0x04,0,0,0,1,0,0,1,0,0,0,1,0,0,,,,,,,,,,,,,,,
245,8.2,359291,10964.691162109375,10.964691162109375,6,B_APPROACH,0x22,large_room|portal_approach,1400,1400,42.724609375,23.405714285714286,14,0.42724609375,1385,42.266845703125,1,0.030517578125,358,1210,1.3984375,4.7265625,1,4,4048,88.9453125,1,0,80,80,0,1,1,0,0x04,0,0,0,1,0,0,1,0,0,0,1,0,0,,,,,,,,,,,,,,,
246,8.233333333333333,360696,11007.568359375,11.007568359375,6,B_APPROACH,0x22,large_room|portal_approach,1405,1405,42.877197265625,23.322419928825624,14,0.42724609375,1390,42.41943359375,1,0.030517578125,358,1229,1.3984375,4.80078125,1,4,4048,88.9453125,1,0,80,80,0,1,1,0,0x04,0,0,0,1,0,0,1,0,0,0,1,0,0,,,,,,,,,,,,,,,
247,8.266666666666667,362102,11050.47607421875,11.05047607421875,6,B_APPROACH,0x22,large_room|portal_approach,1406,1406,42.90771484375,23.305832147937412,15,0.457763671875,1391,42.449951171875,0,0.0,358,1248,1.3984375,4.875,1,4,4048,88.9453125,1,0,80,80,0,1,1,0,0x04,0,0,0,1,0,0,1,0,0,0,1,0,0,,,,,,,,,,,,,,,
248,8.3,363519,11093.719482421875,11.093719482421875,6,B_APPROACH,0x22,large_room|portal_approach,1417,1417,43.243408203125,23.124911785462245,14,0.42724609375,1403,42.816162109375,0,0.0,358,1267,1.3984375,4.94921875,1,4,4048,88.9453125,1,0,80,80,0,1,1,0,0x04,0,0,0,1,0,0,1,0,0,0,1,0,0,,,,,,,,,,,,,,,
249,8.333333333333334,364919,11136.444091796875,11.136444091796875,6,B_APPROACH,0x22,large_room|portal_approach,1400,1400,42.724609375,23.405714285714286,14,0.42724609375,1385,42.266845703125,1,0.030517578125,358,1286,1.3984375,5.0234375,1,5,4048,88.9453125,1,0,80,80,0,1,1,0,0x04,0,0,0,1,0,0,1,0,0,0,1,0,0,,,,,,,,,,,,,,,
250,8.366666666666667,366323,11179.290771484375,11.179290771484375,6,B_APPROACH,0x22,large_room|portal_approach,1404,1404,42.8466796875,23.33903133903134,14,0.42724609375,1389,42.388916015625,1,0.030517578125,358,1305,1.3984375,5.09765625,1,5,4048,88.9453125,1,0,80,80,0,1,1,0,0x04,0,0,0,1,0,0,1,0,0,0,1,0,0,,,,,,,,,,,,,,,
251,8.4,367740,11222.5341796875,11.2225341796875,6,B_APPROACH,0x22,large_room|portal_approach,1417,1417,43.243408203125,23.124911785462245,13,0.396728515625,1403,42.816162109375,1,0.030517578125,358,1324,1.3984375,5.171875,1,5,4048,88.9453125,1,0,80,80,0,1,1,0,0x0C,0,0,0,1,1,0,1,0,0,0,1,0,0,,,,,,,,,,,,,,,
252,8.433333333333334,369178,11266.41845703125,11.26641845703125,7,B_VIEW,0x1A,large_room|fast_turn|portal_view,1438,1438,43.88427734375,22.787204450625868,5,0.152587890625,1433,43.731689453125,0,0.0,358,1324,1.3984375,5.171875,1,5,4150,91.1865234375,0,1,80,80,0,1,1,0,0x04,0,0,0,1,0,0,1,0,1,1,0,0,0,,,,,,,,,,,,,,,
253,8.466666666666667,370627,11310.638427734375,11.310638427734375,7,B_VIEW,0x1A,large_room|fast_turn|portal_view,1449,1449,44.219970703125,22.614216701173223,5,0.152587890625,1444,44.0673828125,0,0.0,358,1324,1.3984375,5.171875,1,5,4252,93.427734375,0,1,80,80,0,1,1,0,0x04,0,0,0,1,0,0,1,0,1,1,0,0,0,,,,,,,,,,,,,,,
254,8.5,372088,11355.224609375,11.355224609375,7,B_VIEW,0x1A,large_room|fast_turn|portal_view,1461,1461,44.586181640625,22.428473648186174,5,0.152587890625,1456,44.43359375,0,0.0,358,1324,1.3984375,5.171875,1,5,4354,95.6689453125,0,1,80,80,0,1,1,0,0x04,0,0,0,1,0,0,1,0,1,1,0,0,0,,,,,,,,,,,,,,,
255,8.533333333333333,373555,11399.993896484375,11.399993896484375,7,B_VIEW,0x1A,large_room|fast_turn|portal_view,1467,1467,44.769287109375,22.336741649625086,6,0.18310546875,1461,44.586181640625,0,0.0,358,1324,1.3984375,5.171875,1,5,4456,97.91015625,0,1,80,80,0,1,1,0,0x04,0,0,0,1,0,0,1,0,1,1,0,0,0,,,,,,,,,,,,,,,
256,8.566666666666666,375026,11444.88525390625,11.44488525390625,7,B_VIEW,0x1A,large_room|fast_turn|portal_view,1471,1471,44.891357421875,22.276002719238612,5,0.152587890625,1466,44.73876953125,0,0.0,358,1324,1.3984375,5.171875,1,5,4558,100.1513671875,0,1,80,80,0,1,1,0,0x04,0,0,0,1,0,0,1,0,1,1,0,0,0,,,,,,,,,,,,,,,
257,8.6,376501,11489.898681640625,11.489898681640625,7,B_VIEW,0x1A,large_room|fast_turn|portal_view,1475,1475,45.013427734375,22.215593220338985,5,0.152587890625,1469,44.830322265625,1,0.030517578125,358,1324,1.3984375,5.171875,1,5,4660,102.392578125,0,1,80,80,0,1,1,0,0x04,0,0,0,1,0,0,1,0,1,1,0,0,0,,,,,,,,,,,,,,,
258,8.633333333333333,377977,11534.942626953125,11.534942626953125,7,B_VIEW,0x1A,large_room|fast_turn|portal_view,1476,1476,45.0439453125,22.200542005420054,6,0.18310546875,1470,44.86083984375,0,0.0,358,1324,1.3984375,5.171875,1,5,4762,104.6337890625,0,1,80,80,0,1,1,0,0x04,0,0,0,1,0,0,1,0,1,1,0,0,0,,,,,,,,,,,,,,,
259,8.666666666666666,379463,11580.291748046875,11.580291748046875,7,B_VIEW,0x1A,large_room|fast_turn|portal_view,1486,1486,45.34912109375,22.05114401076716,5,0.152587890625,1480,45.166015625,1,0.030517578125,358,1324,1.3984375,5.171875,1,5,4864,106.875,0,1,80,80,0,1,1,0,0x04,0,0,0,1,0,0,1,0,1,1,0,0,0,,,,,,,,,,,,,,,
260,8.7,380953,11625.762939453125,11.625762939453125,7,B_VIEW,0x1A,large_room|fast_turn|portal_view,1490,1490,45.47119140625,21.99194630872483,6,0.18310546875,1483,45.257568359375,1,0.030517578125,358,1324,1.3984375,5.171875,1,5,4966,109.1162109375,0,1,80,80,0,1,1,0,0x04,0,0,0,1,0,0,1,0,1,1,0,0,0,,,,,,,,,,,,,,,
261,8.733333333333333,382449,11671.417236328125,11.671417236328125,7,B_VIEW,0x1A,large_room|fast_turn|portal_view,1496,1496,45.654296875,21.90374331550802,6,0.18310546875,1489,45.440673828125,1,0.030517578125,358,1324,1.3984375,5.171875,1,5,5068,111.357421875,0,1,80,80,0,1,1,0,0x04,0,0,0,1,0,0,1,0,1,1,0,0,0,,,,,,,,,,,,,,,
262,8.766666666666667,383949,11717.193603515625,11.717193603515625,7,B_VIEW,0x1A,large_room|fast_turn|portal_view,1500,1500,45.7763671875,21.845333333333333,6,0.18310546875,1494,45.59326171875,0,0.0,358,1324,1.3984375,5.171875,1,5,5170,113.5986328125,0,1,80,80,0,1,1,0,0x04,0,0,0,1,0,0,1,0,1,1,0,0,0,,,,,,,,,,,,,,,
263,8.8,385458,11763.24462890625,11.76324462890625,7,B_VIEW,0x1A,large_room|fast_turn|portal_view,1509,1509,46.051025390625,21.71504307488403,5,0.152587890625,1503,45.867919921875,1,0.030517578125,358,1324,1.3984375,5.171875,1,5,5272,115.83984375,0,1,80,80,0,1,1,0,0x04,0,0,0,1,0,0,1,0,1,1,0,0,0,,,,,,,,,,,,,,,
264,8.833333333333334,386973,11809.478759765625,11.809478759765625,7,B_VIEW,0x1A,large_room|fast_turn|portal_view,1515,1515,46.234130859375,21.62904290429043,6,0.18310546875,1508,46.0205078125,1,0.030517578125,358,1324,1.3984375,5.171875,1,5,5374,118.0810546875,0,1,80,80,0,1,1,0,0x04,0,0,0,1,0,0,1,0,1,1,0,0,0,,,,,,,,,,,,,,,
265,8.866666666666667,388494,11855.89599609375,11.85589599609375,7,B_VIEW,0x1A,large_room|fast_turn|portal_view,1521,1521,46.417236328125,21.54372123602893,6,0.18310546875,1515,46.234130859375,0,0.0,358,1324,1.3984375,5.171875,1,5,5476,120.322265625,0,1,80,80,0,1,1,0,0x04,0,0,0,1,0,0,1,0,1,1,0,0,0,,,,,,,,,,,,,,,
266,8.9,390018,11902.40478515625,11.90240478515625,7,B_VIEW,0x1A,large_room|fast_turn|portal_view,1524,1524,46.5087890625,21.501312335958005,5,0.152587890625,1518,46.32568359375,1,0.030517578125,358,1324,1.3984375,5.171875,1,5,5578,122.5634765625,0,1,80,80,0,1,1,0,0x04,0,0,0,1,0,0,1,0,1,1,0,0,0,,,,,,,,,,,,,,,
267,8.933333333333334,391556,11949.3408203125,11.9493408203125,7,B_VIEW,0x1A,large_room|fast_turn|portal_view,1538,1538,46.93603515625,21.30559167750325,6,0.18310546875,1531,46.722412109375,1,0.030517578125,358,1324,1.3984375,5.171875,1,5,5680,124.8046875,0,1,80,80,0,1,1,0,0x04,0,0,0,1,0,0,1,0,1,1,0,0,0,,,,,,,,,,,,,,,
268,8.966666666666667,393101,11996.490478515625,11.996490478515625,7,B_VIEW,0x1A,large_room|fast_turn|portal_view,1545,1545,47.149658203125,21.20906148867314,5,0.152587890625,1539,46.966552734375,1,0.030517578125,358,1324,1.3984375,5.171875,1,5,5782,127.0458984375,0,1,80,80,0,1,1,0,0x04,0,0,0,1,0,0,1,0,1,1,0,0,0,,,,,,,,,,,,,,,
269,9.0,394662,12044.12841796875,12.04412841796875,7,B_VIEW,0x1A,large_room|fast_turn|portal_view,1561,1561,47.637939453125,20.99167200512492,6,0.18310546875,1555,47.454833984375,0,0.0,358,1324,1.3984375,5.171875,1,5,5884,129.287109375,0,1,80,80,0,1,1,0,0x04,0,0,0,1,0,0,1,0,1,1,0,0,0,,,,,,,,,,,,,,,
270,9.033333333333333,396227,12091.888427734375,12.091888427734375,7,B_VIEW,0x1A,large_room|fast_turn|portal_view,1565,1565,47.760009765625,20.938019169329074,5,0.152587890625,1560,47.607421875,0,0.0,358,1324,1.3984375,5.171875,1,5,5986,131.5283203125,0,1,80,80,0,1,1,0,0x04,0,0,0,1,0,0,1,0,1,1,0,0,0,,,,,,,,,,,,,,,
271,9.066666666666666,397793,12139.678955078125,12.139678955078125,7,B_VIEW,0x1A,large_room|fast_turn|portal_view,1566,1566,47.79052734375,20.924648786717754,5,0.152587890625,1561,47.637939453125,0,0.0,358,1324,1.3984375,5.171875,1,5,6088,133.76953125,0,1,80,80,0,1,1,0,0x04,0,0,0,1,0,0,1,0,1,1,0,0,0,,,,,,,,,,,,,,,
272,9.1,399363,12187.591552734375,12.187591552734375,7,B_VIEW,0x1A,large_room|fast_turn|portal_view,1570,1570,47.91259765625,20.871337579617833,6,0.18310546875,1563,47.698974609375,1,0.030517578125,358,1324,1.3984375,5.171875,1,5,6190,136.0107421875,0,1,80,80,0,1,1,0,0x06,1,0,0,1,0,0,1,0,1,1,0,0,0,47.607421875,3.5400390625,0.0,15.68603515625,6.744384765625,1.89208984375,19.744873046875,0.0,0,80,0,0,0,18737,97
273,9.133333333333333,400931,12235.443115234375,12.235443115234375,7,B_VIEW,0x1A,large_room|fast_turn|portal_view,1568,1568,47.8515625,20.897959183673468,6,0.18310546875,1562,47.66845703125,0,0.0,358,1324,1.3984375,5.171875,1,5,6292,138.251953125,0,1,80,80,0,1,1,0,0x04,0,0,0,1,0,0,1,0,1,1,0,0,0,,,,,,,,,,,,,,,
274,9.166666666666666,402494,12283.14208984375,12.28314208984375,7,B_VIEW,0x1A,large_room|fast_turn|portal_view,1563,1563,47.698974609375,20.964811260396672,5,0.152587890625,1557,47.515869140625,1,0.030517578125,358,1324,1.3984375,5.171875,1,5,6394,140.4931640625,0,1,80,80,0,1,1,0,0x04,0,0,0,1,0,0,1,0,1,1,0,0,0,,,,,,,,,,,,,,,
275,9.2,404046,12330.50537109375,12.33050537109375,7,B_VIEW,0x1A,large_room|fast_turn|portal_view,1552,1552,47.36328125,21.11340206185567,6,0.18310546875,1546,47.18017578125,0,0.0,358,1324,1.3984375,5.171875,1,5,6496,142.734375,0,1,80,80,0,1,1,0,0x04,0,0,0,1,0,0,1,0,1,1,0,0,0,,,,,,,,,,,,,,,
276,9.233333333333333,405579,12377.288818359375,12.377288818359375,7,B_VIEW,0x1A,large_room|fast_turn|portal_view,1533,1533,46.783447265625,21.3750815394651,5,0.152587890625,1527,46.600341796875,1,0.030517578125,358,1324,1.3984375,5.171875,1,5,6598,144.9755859375,0,1,80,80,0,1,1,0,0x04,0,0,0,1,0,0,1,0,1,1,0,0,0,,,,,,,,,,,,,,,
277,9.266666666666667,407102,12423.76708984375,12.42376708984375,7,B_VIEW,0x1A,large_room|fast_turn|portal_view,1523,1523,46.478271484375,21.51543007222587,6,0.18310546875,1517,46.295166015625,0,0.0,358,1324,1.3984375,5.171875,1,5,6700,147.216796875,0,1,80,80,0,1,1,0,0x04,0,0,0,1,0,0,1,0,1,1,0,0,0,,,,,,,,,,,,,,,
278,9.3,408620,12470.0927734375,12.4700927734375,7,B_VIEW,0x1A,large_room|fast_turn|portal_view,1518,1518,46.32568359375,21.586297760210805,6,0.18310546875,1512,46.142578125,0,0.0,358,1324,1.3984375,5.171875,1,5,6802,149.4580078125,0,1,80,80,0,1,1,0,0x04,0,0,0,1,0,0,1,0,1,1,0,0,0,,,,,,,,,,,,,,,
279,9.333333333333334,410130,12516.17431640625,12.51617431640625,7,B_VIEW,0x1A,large_room|fast_turn|portal_view,1510,1510,46.08154296875,21.70066225165563,6,0.18310546875,1504,45.8984375,0,0.0,358,1324,1.3984375,5.171875,1,5,6904,151.69921875,0,1,80,80,0,1,1,0,0x04,0,0,0,1,0,0,1,0,1,1,0,0,0,,,,,,,,,,,,,,,
280,9.366666666666667,411633,12562.042236328125,12.562042236328125,7,B_VIEW,0x1A,large_room|fast_turn|portal_view,1503,1503,45.867919921875,21.80172987358616,5,0.152587890625,1498,45.71533203125,0,0.0,358,1324,1.3984375,5.171875,1,5,7006,153.9404296875,0,1,80,80,0,1,1,0,0x04,0,0,0,1,0,0,1,0,1,1,0,0,0,,,,,,,,,,,,,,,
281,9.4,413129,12607.696533203125,12.607696533203125,7,B_VIEW,0x1A,large_room|fast_turn|portal_view,1496,1496,45.654296875,21.90374331550802,5,0.152587890625,1490,45.47119140625,1,0.030517578125,358,1324,1.3984375,5.171875,1,5,7108,156.181640625,0,1,80,80,0,1,1,0,0x04,0,0,0,1,0,0,1,0,1,1,0,0,0,,,,,,,,,,,,,,,
282,9.433333333333334,414621,12653.228759765625,12.653228759765625,7,B_VIEW,0x1A,large_room|fast_turn|portal_view,1492,1492,45.5322265625,21.962466487935657,5,0.152587890625,1486,45.34912109375,1,0.030517578125,358,1324,1.3984375,5.171875,1,5,7210,158.4228515625,0,1,80,80,0,1,1,0,0x04,0,0,0,1,0,0,1,0,1,1,0,0,0,,,,,,,,,,,,,,,
283,9.466666666666667,416112,12698.73046875,12.69873046875,7,B_VIEW,0x1A,large_room|fast_turn|portal_view,1491,1491,45.501708984375,21.97719651240778,6,0.18310546875,1484,45.2880859375,1,0.030517578125,358,1324,1.3984375,5.171875,1,5,7312,160.6640625,0,1,80,80,0,1,1,0,0x04,0,0,0,1,0,0,1,0,1,1,0,0,0,,,,,,,,,,,,,,,
284,9.5,417598,12744.07958984375,12.74407958984375,7,B_VIEW,0x1A,large_room|fast_turn|portal_view,1486,1486,45.34912109375,22.05114401076716,6,0.18310546875,1480,45.166015625,0,0.0,358,1324,1.3984375,5.171875,1,5,7414,162.9052734375,0,1,80,80,0,1,1,0,0x04,0,0,0,1,0,0,1,0,1,1,0,0,0,,,,,,,,,,,,,,,
285,9.533333333333333,419083,12789.398193359375,12.789398193359375,7,B_VIEW,0x1A,large_room|fast_turn|portal_view,1485,1485,45.318603515625,22.065993265993267,6,0.18310546875,1478,45.10498046875,1,0.030517578125,358,1324,1.3984375,5.171875,1,5,7516,165.146484375,0,1,80,80,0,1,1,0,0x04,0,0,0,1,0,0,1,0,1,1,0,0,0,,,,,,,,,,,,,,,
286,9.566666666666666,420564,12834.5947265625,12.8345947265625,7,B_VIEW,0x1A,large_room|fast_turn|portal_view,1481,1481,45.196533203125,22.12559081701553,6,0.18310546875,1474,44.98291015625,1,0.030517578125,358,1324,1.3984375,5.171875,1,5,7618,167.3876953125,0,1,80,80,0,1,1,0,0x04,0,0,0,1,0,0,1,0,1,1,0,0,0,,,,,,,,,,,,,,,
287,9.6,422043,12879.730224609375,12.879730224609375,7,B_VIEW,0x1A,large_room|fast_turn|portal_view,1479,1479,45.135498046875,22.15551048005409,6,0.18310546875,1472,44.921875,1,0.030517578125,358,1324,1.3984375,5.171875,1,5,7720,169.62890625,0,1,80,80,0,1,1,0,0x04,0,0,0,1,0,0,1,0,1,1,0,0,0,,,,,,,,,,,,,,,
288,9.633333333333333,423549,12925.689697265625,12.925689697265625,7,B_VIEW,0x1A,large_room|fast_turn|portal_view,1506,1506,45.95947265625,21.758300132802123,6,0.18310546875,1499,45.745849609375,1,0.030517578125,358,1324,1.3984375,5.171875,1,5,7822,171.8701171875,0,1,82,80,2,2,2,1,0x04,0,0,0,1,0,0,1,0,1,1,0,0,0,,,,,,,,,,,,,,,
289,9.666666666666666,425079,12972.381591796875,12.972381591796875,7,B_VIEW,0x1A,large_room|fast_turn|portal_view,1530,1530,46.69189453125,21.416993464052286,6,0.18310546875,1523,46.478271484375,1,0.030517578125,358,1324,1.3984375,5.171875,1,5,7924,174.111328125,0,1,85,80,5,2,2,1,0x04,0,0,0,1,0,0,1,0,1,1,0,0,0,,,,,,,,,,,,,,,
290,9.7,426626,13019.59228515625,13.01959228515625,7,B_VIEW,0x1A,large_room|fast_turn|portal_view,1547,1547,47.210693359375,21.18164188752424,5,0.152587890625,1541,47.027587890625,1,0.030517578125,358,1324,1.3984375,5.171875,1,5,8026,176.3525390625,0,1,88,80,8,2,2,1,0x04,0,0,0,1,0,0,1,0,1,1,0,0,0,,,,,,,,,,,,,,,
291,9.733333333333333,428188,13067.2607421875,13.0672607421875,7,B_VIEW,0x1A,large_room|fast_turn|portal_view,1562,1562,47.66845703125,20.978233034571062,5,0.152587890625,1557,47.515869140625,0,0.0,358,1324,1.3984375,5.171875,1,5,8128,178.59375,0,1,91,80,11,2,2,1,0x0C,0,0,0,1,1,0,1,0,1,1,0,0,0,,,,,,,,,,,,,,,
292,9.766666666666667,429707,13113.616943359375,13.113616943359375,8,B_TO_SMALL,0x71,small_room|portal_view|portal_approach|portal_cross,1519,1519,46.356201171875,21.57208689927584,15,0.457763671875,1504,45.8984375,0,0.0,339,1324,1.32421875,5.171875,1,5,8128,178.59375,1,0,85,80,5,2,2,1,0x06,1,0,0,1,0,1,0,0,0,1,1,1,0,45.8984375,3.448486328125,0.0,12.664794921875,7.26318359375,2.471923828125,18.4326171875,1.617431640625,5,79,6,6,6,19182,111
293,9.8,431176,13158.447265625,13.158447265625,8,B_TO_SMALL,0x71,small_room|portal_view|portal_approach|portal_cross,1469,1469,44.830322265625,22.306330837304287,15,0.457763671875,1454,44.37255859375,0,0.0,320,1324,1.25,5.171875,1,5,8128,178.59375,1,0,80,80,0,1,1,0,0x04,0,0,0,1,0,1,0,0,0,1,1,1,0,,,,,,,,,,,,,,,
294,9.833333333333334,432648,13203.369140625,13.203369140625,8,B_TO_SMALL,0x71,small_room|portal_view|portal_approach|portal_cross,1472,1472,44.921875,22.26086956521739,15,0.457763671875,1457,44.464111328125,0,0.0,301,1324,1.17578125,5.171875,1,5,8128,178.59375,1,0,80,80,0,1,1,0,0x04,0,0,0,1,0,1,0,0,0,1,1,1,0,,,,,,,,,,,,,,,
295,9.866666666666667,434121,13248.321533203125,13.248321533203125,8,B_TO_SMALL,0x71,small_room|portal_view|portal_approach|portal_cross,1473,1473,44.952392578125,22.245756958587915,16,0.48828125,1457,44.464111328125,0,0.0,301,1324,1.17578125,5.171875,1,5,8128,178.59375,1,0,80,80,0,1,1,0,0x00,0,0,0,0,0,1,0,0,0,1,1,1,0,,,,,,,,,,,,,,,
296,9.9,435594,13293.27392578125,13.29327392578125,8,B_TO_SMALL,0x71,small_room|portal_view|portal_approach|portal_cross,1473,1473,44.952392578125,22.245756958587915,16,0.48828125,1457,44.464111328125,0,0.0,301,1324,1.17578125,5.171875,1,5,8128,178.59375,1,0,80,80,0,1,1,0,0x00,0,0,0,0,0,1,0,0,0,1,1,1,0,,,,,,,,,,,,,,,
297,9.933333333333334,437068,13338.2568359375,13.3382568359375,8,B_TO_SMALL,0x71,small_room|portal_view|portal_approach|portal_cross,1474,1474,44.98291015625,22.230664857530527,16,0.48828125,1457,44.464111328125,1,0.030517578125,301,1324,1.17578125,5.171875,1,5,8128,178.59375,1,0,80,80,0,1,1,0,0x00,0,0,0,0,0,1,0,0,0,1,1,1,0,,,,,,,,,,,,,,,
298,9.966666666666667,438541,13383.209228515625,13.383209228515625,8,B_TO_SMALL,0x71,small_room|portal_view|portal_approach|portal_cross,1473,1473,44.952392578125,22.245756958587915,15,0.457763671875,1457,44.464111328125,1,0.030517578125,301,1324,1.17578125,5.171875,1,5,8128,178.59375,1,0,80,80,0,1,1,0,0x00,0,0,0,0,0,1,0,0,0,1,1,1,0,,,,,,,,,,,,,,,
299,10.0,440015,13428.192138671875,13.428192138671875,8,B_TO_SMALL,0x71,small_room|portal_view|portal_approach|portal_cross,1474,1474,44.98291015625,22.230664857530527,16,0.48828125,1457,44.464111328125,1,0.030517578125,301,1324,1.17578125,5.171875,1,5,8128,178.59375,1,0,80,80,0,1,1,0,0x00,0,0,0,0,0,1,0,0,0,1,1,1,0,,,,,,,,,,,,,,,
300,10.033333333333333,441489,13473.175048828125,13.473175048828125,8,B_TO_SMALL,0x71,small_room|portal_view|portal_approach|portal_cross,1474,1474,44.98291015625,22.230664857530527,16,0.48828125,1457,44.464111328125,1,0.030517578125,301,1324,1.17578125,5.171875,1,5,8128,178.59375,1,0,80,80,0,1,1,0,0x00,0,0,0,0,0,1,0,0,0,1,1,1,0,,,,,,,,,,,,,,,
301,10.066666666666666,442963,13518.157958984375,13.518157958984375,8,B_TO_SMALL,0x71,small_room|portal_view|portal_approach|portal_cross,1474,1474,44.98291015625,22.230664857530527,16,0.48828125,1457,44.464111328125,1,0.030517578125,301,1324,1.17578125,5.171875,1,5,8128,178.59375,1,0,80,80,0,1,1,0,0x00,0,0,0,0,0,1,0,0,0,1,1,1,0,,,,,,,,,,,,,,,
302,10.1,444436,13563.1103515625,13.5631103515625,8,B_TO_SMALL,0x71,small_room|portal_view|portal_approach|portal_cross,1473,1473,44.952392578125,22.245756958587915,16,0.48828125,1457,44.464111328125,0,0.0,301,1324,1.17578125,5.171875,1,5,8128,178.59375,1,0,80,80,0,1,1,0,0x00,0,0,0,0,0,1,0,0,0,1,1,1,0,,,,,,,,,,,,,,,
303,10.133333333333333,445909,13608.062744140625,13.608062744140625,8,B_TO_SMALL,0x71,small_room|portal_view|portal_approach|portal_cross,1473,1473,44.952392578125,22.245756958587915,16,0.48828125,1457,44.464111328125,0,0.0,301,1324,1.17578125,5.171875,1,5,8128,178.59375,1,0,80,80,0,1,1,0,0x00,0,0,0,0,0,1,0,0,0,1,1,1,0,,,,,,,,,,,,,,,
304,10.166666666666666,447382,13653.01513671875,13.65301513671875,8,B_TO_SMALL,0x71,small_room|portal_view|portal_approach|portal_cross,1473,1473,44.952392578125,22.245756958587915,16,0.48828125,1457,44.464111328125,0,0.0,301,1324,1.17578125,5.171875,1,5,8128,178.59375,1,0,80,80,0,1,1,0,0x00,0,0,0,0,0,1,0,0,0,1,1,1,0,,,,,,,,,,,,,,,
305,10.2,448855,13697.967529296875,13.697967529296875,8,B_TO_SMALL,0x71,small_room|portal_view|portal_approach|portal_cross,1473,1473,44.952392578125,22.245756958587915,16,0.48828125,1457,44.464111328125,0,0.0,301,1324,1.17578125,5.171875,1,5,8128,178.59375,1,0,80,80,0,1,1,0,0x00,0,0,0,0,0,1,0,0,0,1,1,1,0,,,,,,,,,,,,,,,
306,10.233333333333333,450328,13742.919921875,13.742919921875,8,B_TO_SMALL,0x71,small_room|portal_view|portal_approach|portal_cross,1473,1473,44.952392578125,22.245756958587915,16,0.48828125,1457,44.464111328125,0,0.0,301,1324,1.17578125,5.171875,1,5,8128,178.59375,1,0,80,80,0,1,1,0,0x00,0,0,0,0,0,1,0,0,0,1,1,1,0,,,,,,,,,,,,,,,
307,10.266666666666667,451801,13787.872314453125,13.787872314453125,8,B_TO_SMALL,0x71,small_room|portal_view|portal_approach|portal_cross,1473,1473,44.952392578125,22.245756958587915,16,0.48828125,1457,44.464111328125,0,0.0,301,1324,1.17578125,5.171875,1,5,8128,178.59375,1,0,80,80,0,1,1,0,0x00,0,0,0,0,0,1,0,0,0,1,1,1,0,,,,,,,,,,,,,,,
308,10.3,453275,13832.855224609375,13.832855224609375,8,B_TO_SMALL,0x71,small_room|portal_view|portal_approach|portal_cross,1474,1474,44.98291015625,22.230664857530527,16,0.48828125,1457,44.464111328125,1,0.030517578125,301,1324,1.17578125,5.171875,1,5,8128,178.59375,1,0,80,80,0,1,1,0,0x00,0,0,0,0,0,1,0,0,0,1,1,1,0,,,,,,,,,,,,,,,
309,10.333333333333334,454748,13877.8076171875,13.8778076171875,8,B_TO_SMALL,0x71,small_room|portal_view|portal_approach|portal_cross,1473,1473,44.952392578125,22.245756958587915,15,0.457763671875,1457,44.464111328125,1,0.030517578125,301,1324,1.17578125,5.171875,1,5,8128,178.59375,1,0,80,80,0,1,1,0,0x00,0,0,0,0,0,1,0,0,0,1,1,1,0,,,,,,,,,,,,,,,
310,10.366666666666667,456222,13922.79052734375,13.92279052734375,8,B_TO_SMALL,0x71,small_room|portal_view|portal_approach|portal_cross,1474,1474,44.98291015625,22.230664857530527,16,0.48828125,1457,44.464111328125,1,0.030517578125,301,1324,1.17578125,5.171875,1,5,8128,178.59375,1,0,80,80,0,1,1,0,0x00,0,0,0,0,0,1,0,0,0,1,1,1,0,,,,,,,,,,,,,,,
311,10.4,457696,13967.7734375,13.9677734375,8,B_TO_SMALL,0x71,small_room|portal_view|portal_approach|portal_cross,1474,1474,44.98291015625,22.230664857530527,16,0.48828125,1457,44.464111328125,1,0.030517578125,301,1324,1.17578125,5.171875,1,5,8128,178.59375,1,0,80,80,0,1,1,0,0x08,0,0,0,0,1,1,0,0,0,1,1,1,0,,,,,,,,,,,,,,,
312,10.433333333333334,459220,14014.2822265625,14.0142822265625,9,SMALL_SWEEP,0x99,small_room|fast_turn|portal_view|stress,1524,1524,46.5087890625,21.501312335958005,6,0.18310546875,1517,46.295166015625,1,0.030517578125,301,1324,1.17578125,5.171875,1,5,8230,180.8349609375,0,1,80,80,0,1,1,0,0x04,0,0,0,1,0,1,0,0,1,1,0,0,1,,,,,,,,,,,,,,,
313,10.466666666666667,460741,14060.699462890625,14.060699462890625,9,SMALL_SWEEP,0x99,small_room|fast_turn|portal_view|stress,1521,1521,46.417236328125,21.54372123602893,6,0.18310546875,1514,46.20361328125,1,0.030517578125,301,1324,1.17578125,5.171875,1,5,8332,183.076171875,0,1,80,80,0,1,1,0,0x04,0,0,0,1,0,1,0,0,1,1,0,0,1,,,,,,,,,,,,,,,
314,10.5,462260,14107.0556640625,14.1070556640625,9,SMALL_SWEEP,0x99,small_room|fast_turn|portal_view|stress,1519,1519,46.356201171875,21.57208689927584,6,0.18310546875,1513,46.173095703125,0,0.0,301,1324,1.17578125,5.171875,1,5,8434,185.3173828125,0,1,80,80,0,1,1,0,0x04,0,0,0,1,0,1,0,0,1,1,0,0,1,,,,,,,,,,,,,,,
315,10.533333333333333,463777,14153.350830078125,14.153350830078125,9,SMALL_SWEEP,0x99,small_room|fast_turn|portal_view|stress,1517,1517,46.295166015625,21.600527356624916,5,0.152587890625,1511,46.112060546875,1,0.030517578125,301,1324,1.17578125,5.171875,1,5,8536,187.55859375,0,1,80,80,0,1,1,0,0x04,0,0,0,1,0,1,0,0,1,1,0,0,1,,,,,,,,,,,,,,,
316,10.566666666666666,465292,14199.5849609375,14.1995849609375,9,SMALL_SWEEP,0x99,small_room|fast_turn|portal_view|stress,1515,1515,46.234130859375,21.62904290429043,6,0.18310546875,1508,46.0205078125,1,0.030517578125,301,1324,1.17578125,5.171875,1,5,8638,189.7998046875,0,1,80,80,0,1,1,0,0x04,0,0,0,1,0,1,0,0,1,1,0,0,1,,,,,,,,,,,,,,,
317,10.6,466811,14245.941162109375,14.245941162109375,9,SMALL_SWEEP,0x99,small_room|fast_turn|portal_view|stress,1519,1519,46.356201171875,21.57208689927584,6,0.18310546875,1512,46.142578125,1,0.030517578125,301,1324,1.17578125,5.171875,1,5,8740,192.041015625,0,1,81,80,1,2,2,1,0x04,0,0,0,1,0,1,0,0,1,1,0,0,1,,,,,,,,,,,,,,,
318,10.633333333333333,468346,14292.78564453125,14.29278564453125,9,SMALL_SWEEP,0x99,small_room|fast_turn|portal_view|stress,1535,1535,46.844482421875,21.347231270358307,6,0.18310546875,1528,46.630859375,1,0.030517578125,301,1324,1.17578125,5.171875,1,5,8842,194.2822265625,0,1,83,80,3,2,2,1,0x04,0,0,0,1,0,1,0,0,1,1,0,0,1,,,,,,,,,,,,,,,
319,10.666666666666666,469917,14340.728759765625,14.340728759765625,9,SMALL_SWEEP,0x99,small_room|fast_turn|portal_view|stress,1571,1571,47.943115234375,20.858052196053467,6,0.18310546875,1565,47.760009765625,0,0.0,301,1324,1.17578125,5.171875,1,5,8944,196.5234375,0,1,87,80,7,2,2,1,0x04,0,0,0,1,0,1,0,0,1,1,0,0,1,,,,,,,,,,,,,,,
320,10.7,471502,14389.09912109375,14.38909912109375,9,SMALL_SWEEP,0x99,small_room|fast_turn|portal_view|stress,1585,1585,48.370361328125,20.673817034700317,5,0.152587890625,1580,48.2177734375,0,0.0,301,1324,1.17578125,5.171875,1,5,9046,198.7646484375,0,1,90,80,10,2,2,1,0x04,0,0,0,1,0,1,0,0,1,1,0,0,1,,,,,,,,,,,,,,,
321,10.733333333333333,473091,14437.591552734375,14.437591552734375,9,SMALL_SWEEP,0x99,small_room|fast_turn|portal_view|stress,1589,1589,48.492431640625,20.621774701069857,6,0.18310546875,1583,48.309326171875,0,0.0,301,1324,1.17578125,5.171875,1,5,9148,201.005859375,0,1,92,80,12,2,2,1,0x04,0,0,0,1,0,1,0,0,1,1,0,0,1,,,,,,,,,,,,,,,
322,10.766666666666667,474686,14486.26708984375,14.48626708984375,9,SMALL_SWEEP,0x99,small_room|fast_turn|portal_view|stress,1595,1595,48.675537109375,20.54420062695925,5,0.152587890625,1590,48.52294921875,0,0.0,301,1324,1.17578125,5.171875,1,5,9250,203.2470703125,0,1,95,80,15,2,2,1,0x04,0,0,0,1,0,1,0,0,1,1,0,0,1,,,,,,,,,,,,,,,
323,10.8,476290,14535.21728515625,14.53521728515625,9,SMALL_SWEEP,0x99,small_room|fast_turn|portal_view|stress,1604,1604,48.9501953125,20.428927680798004,5,0.152587890625,1599,48.797607421875,0,0.0,301,1324,1.17578125,5.171875,1,5,9352,205.48828125,0,1,98,80,18,2,2,1,0x04,0,0,0,1,0,1,0,0,1,1,0,0,1,,,,,,,,,,,,,,,
324,10.833333333333334,477906,14584.53369140625,14.58453369140625,9,SMALL_SWEEP,0x99,small_room|fast_turn|portal_view|stress,1616,1616,49.31640625,20.277227722772277,5,0.152587890625,1611,49.163818359375,0,0.0,301,1324,1.17578125,5.171875,1,5,9454,207.7294921875,0,1,101,80,21,2,2,1,0x04,0,0,0,1,0,1,0,0,1,1,0,0,1,,,,,,,,,,,,,,,
325,10.866666666666667,479523,14633.880615234375,14.633880615234375,9,SMALL_SWEEP,0x99,small_room|fast_turn|portal_view|stress,1617,1617,49.346923828125,20.264687693259123,6,0.18310546875,1611,49.163818359375,0,0.0,301,1324,1.17578125,5.171875,1,5,9556,209.970703125,0,1,103,80,23,2,2,1,0x04,0,0,0,1,0,1,0,0,1,1,0,0,1,,,,,,,,,,,,,,,
326,10.9,481154,14683.65478515625,14.68365478515625,9,SMALL_SWEEP,0x99,small_room|fast_turn|portal_view|stress,1631,1631,49.774169921875,20.0907418761496,5,0.152587890625,1626,49.62158203125,0,0.0,301,1324,1.17578125,5.171875,1,5,9658,212.2119140625,0,1,106,80,26,2,2,1,0x04,0,0,0,1,0,1,0,0,1,1,0,0,1,,,,,,,,,,,,,,,
327,10.933333333333334,482801,14733.917236328125,14.733917236328125,9,SMALL_SWEEP,0x99,small_room|fast_turn|portal_view|stress,1647,1647,50.262451171875,19.89556769884639,6,0.18310546875,1640,50.048828125,1,0.030517578125,301,1324,1.17578125,5.171875,1,5,9760,214.453125,0,1,108,80,28,2,2,1,0x04,0,0,0,1,0,1,0,0,1,1,0,0,1,,,,,,,,,,,,,,,
328,10.966666666666667,484466,14784.72900390625,14.78472900390625,9,SMALL_SWEEP,0x99,small_room|fast_turn|portal_view|stress,1665,1665,50.811767578125,19.68048048048048,6,0.18310546875,1658,50.59814453125,1,0.030517578125,301,1324,1.17578125,5.171875,1,5,9862,216.6943359375,0,1,111,80,31,2,2,1,0x04,0,0,0,1,0,1,0,0,1,1,0,0,1,,,,,,,,,,,,,,,
329,11.0,486138,14835.75439453125,14.83575439453125,9,SMALL_SWEEP,0x99,small_room|fast_turn|portal_view|stress,1672,1672,51.025390625,19.598086124401913,6,0.18310546875,1666,50.84228515625,0,0.0,301,1324,1.17578125,5.171875,1,5,9964,218.935546875,0,1,113,80,33,2,2,1,0x04,0,0,0,1,0,1,0,0,1,1,0,0,1,,,,,,,,,,,,,,,
330,11.033333333333333,487831,14887.420654296875,14.887420654296875,9,SMALL_SWEEP,0x99,small_room|fast_turn|portal_view|stress,1693,1693,51.666259765625,19.354991139988186,5,0.152587890625,1688,51.513671875,0,0.0,301,1324,1.17578125,5.171875,1,5,10066,221.1767578125,0,1,117,80,37,2,2,1,0x04,0,0,0,1,0,1,0,0,1,1,0,0,1,,,,,,,,,,,,,,,
331,11.066666666666666,489525,14939.117431640625,14.939117431640625,9,SMALL_SWEEP,0x99,small_room|fast_turn|portal_view|stress,1694,1694,51.69677734375,19.343565525383706,5,0.152587890625,1689,51.544189453125,0,0.0,301,1324,1.17578125,5.171875,1,5,10168,223.41796875,0,1,118,80,38,2,2,1,0x04,0,0,0,1,0,1,0,0,1,1,0,0,1,,,,,,,,,,,,,,,
332,11.1,491225,14990.997314453125,14.990997314453125,9,SMALL_SWEEP,0x99,small_room|fast_turn|portal_view|stress,1700,1700,51.8798828125,19.275294117647057,5,0.152587890625,1695,51.727294921875,0,0.0,301,1324,1.17578125,5.171875,1,5,10270,225.6591796875,0,1,120,80,40,2,2,1,0x04,0,0,0,1,0,1,0,0,1,1,0,0,1,,,,,,,,,,,,,,,
333,11.133333333333333,492958,15043.88427734375,15.04388427734375,9,SMALL_SWEEP,0x99,small_room|fast_turn|portal_view|stress,1733,1733,52.886962890625,18.908251586843623,6,0.18310546875,1727,52.703857421875,0,0.0,301,1324,1.17578125,5.171875,1,5,10372,227.900390625,0,1,123,80,43,2,2,1,0x04,0,0,0,1,0,1,0,0,1,1,0,0,1,,,,,,,,,,,,,,,
334,11.166666666666666,494693,15096.832275390625,15.096832275390625,9,SMALL_SWEEP,0x99,small_room|fast_turn|portal_view|stress,1735,1735,52.947998046875,18.886455331412105,6,0.18310546875,1729,52.764892578125,0,0.0,301,1324,1.17578125,5.171875,1,5,10474,230.1416015625,0,1,122,80,42,2,2,1,0x04,0,0,0,1,0,1,0,0,1,1,0,0,1,,,,,,,,,,,,,,,
335,11.2,496434,15149.96337890625,15.14996337890625,9,SMALL_SWEEP,0x99,small_room|fast_turn|portal_view|stress,1741,1741,53.131103515625,18.821367030442275,5,0.152587890625,1736,52.978515625,0,0.0,301,1324,1.17578125,5.171875,1,5,10576,232.3828125,0,1,123,80,43,2,2,1,0x04,0,0,0,1,0,1,0,0,1,1,0,0,1,,,,,,,,,,,,,,,
336,11.233333333333333,498176,15203.125,15.203125,9,SMALL_SWEEP,0x99,small_room|fast_turn|portal_view|stress,1742,1742,53.16162109375,18.810562571756602,5,0.152587890625,1737,53.009033203125,0,0.0,301,1324,1.17578125,5.171875,1,5,10678,234.6240234375,0,1,124,80,44,2,2,1,0x06,1,0,0,1,0,1,0,0,1,1,0,0,1,53.741455078125,3.631591796875,0.0,14.190673828125,10.040283203125,6.04248046875,14.678955078125,5.157470703125,44,79,45,45,45,14028,254
337,11.266666666666667,499893,15255.523681640625,15.255523681640625,9,SMALL_SWEEP,0x99,small_room|fast_turn|portal_view|stress,1717,1717,52.398681640625,19.084449621432732,5,0.152587890625,1712,52.24609375,0,0.0,301,1324,1.17578125,5.171875,1,5,10780,236.865234375,0,1,123,80,43,2,2,1,0x04,0,0,0,1,0,1,0,0,1,1,0,0,1,,,,,,,,,,,,,,,
338,11.3,501584,15307.12890625,15.30712890625,9,SMALL_SWEEP,0x99,small_room|fast_turn|portal_view|stress,1691,1691,51.605224609375,19.377882909520995,6,0.18310546875,1685,51.422119140625,0,0.0,301,1324,1.17578125,5.171875,1,5,10882,239.1064453125,0,1,122,80,42,2,2,1,0x04,0,0,0,1,0,1,0,0,1,1,0,0,1,,,,,,,,,,,,,,,
339,11.333333333333334,503279,15358.856201171875,15.358856201171875,9,SMALL_SWEEP,0x99,small_room|fast_turn|portal_view|stress,1695,1695,51.727294921875,19.332153392330383,5,0.152587890625,1690,51.57470703125,0,0.0,301,1324,1.17578125,5.171875,1,5,10984,241.34765625,0,1,124,80,44,2,2,1,0x04,0,0,0,1,0,1,0,0,1,1,0,0,1,,,,,,,,,,,,,,,
340,11.366666666666667,504943,15409.637451171875,15.409637451171875,9,SMALL_SWEEP,0x99,small_room|fast_turn|portal_view|stress,1664,1664,50.78125,19.692307692307693,5,0.152587890625,1659,50.628662109375,0,0.0,301,1324,1.17578125,5.171875,1,5,11086,243.5888671875,0,1,122,80,42,2,2,1,0x04,0,0,0,1,0,1,0,0,1,1,0,0,1,,,,,,,,,,,,,,,
341,11.4,506587,15459.808349609375,15.459808349609375,9,SMALL_SWEEP,0x99,small_room|fast_turn|portal_view|stress,1644,1644,50.1708984375,19.931873479318735,6,0.18310546875,1637,49.957275390625,1,0.030517578125,301,1324,1.17578125,5.171875,1,5,11188,245.830078125,0,1,121,80,41,2,2,1,0x04,0,0,0,1,0,1,0,0,1,1,0,0,1,,,,,,,,,,,,,,,
342,11.433333333333334,508231,15509.979248046875,15.509979248046875,9,SMALL_SWEEP,0x99,small_room|fast_turn|portal_view|stress,1644,1644,50.1708984375,19.931873479318735,6,0.18310546875,1637,49.957275390625,1,0.030517578125,301,1324,1.17578125,5.171875,1,5,11290,248.0712890625,0,1,123,80,43,2,2,1,0x04,0,0,0,1,0,1,0,0,1,1,0,0,1,,,,,,,,,,,,,,,
343,11.466666666666667,509864,15559.814453125,15.559814453125,9,SMALL_SWEEP,0x99,small_room|fast_turn|portal_view|stress,1633,1633,49.835205078125,20.06613594611145,6,0.18310546875,1626,49.62158203125,1,0.030517578125,301,1324,1.17578125,5.171875,1,5,11392,250.3125,0,1,123,80,43,2,2,1,0x04,0,0,0,1,0,1,0,0,1,1,0,0,1,,,,,,,,,,,,,,,
344,11.5,511498,15609.68017578125,15.60968017578125,9,SMALL_SWEEP,0x99,small_room|fast_turn|portal_view|stress,1634,1634,49.86572265625,20.053855569155445,6,0.18310546875,1627,49.652099609375,1,0.030517578125,301,1324,1.17578125,5.171875,1,5,11494,252.5537109375,0,1,124,80,44,2,2,1,0x04,0,0,0,1,0,1,0,0,1,1,0,0,1,,,,,,,,,,,,,,,
345,11.533333333333333,513104,15658.69140625,15.65869140625,9,SMALL_SWEEP,0x99,small_room|fast_turn|portal_view|stress,1606,1606,49.01123046875,20.40348692403487,6,0.18310546875,1599,48.797607421875,1,0.030517578125,301,1324,1.17578125,5.171875,1,5,11596,254.794921875,0,1,123,80,43,2,2,1,0x04,0,0,0,1,0,1,0,0,1,1,0,0,1,,,,,,,,,,,,,,,
346,11.566666666666666,514721,15708.038330078125,15.708038330078125,9,SMALL_SWEEP,0x99,small_room|fast_turn|portal_view|stress,1617,1617,49.346923828125,20.264687693259123,6,0.18310546875,1611,49.163818359375,0,0.0,301,1324,1.17578125,5.171875,1,5,11698,257.0361328125,0,1,125,80,45,2,2,1,0x04,0,0,0,1,0,1,0,0,1,1,0,0,1,,,,,,,,,,,,,,,
347,11.6,516308,15756.4697265625,15.7564697265625,9,SMALL_SWEEP,0x99,small_room|fast_turn|portal_view|stress,1587,1587,48.431396484375,20.647763074984248,6,0.18310546875,1581,48.248291015625,0,0.0,301,1324,1.17578125,5.171875,1,5,11800,259.27734375,0,1,124,80,44,2,2,1,0x04,0,0,0,1,0,1,0,0,1,1,0,0,1,,,,,,,,,,,,,,,
348,11.633333333333333,517876,15804.3212890625,15.8043212890625,9,SMALL_SWEEP,0x99,small_room|fast_turn|portal_view|stress,1568,1568,47.8515625,20.897959183673468,5,0.152587890625,1562,47.66845703125,1,0.030517578125,301,1324,1.17578125,5.171875,1,5,11902,261.5185546875,0,1,123,80,43,2,2,1,0x04,0,0,0,1,0,1,0,0,1,1,0,0,1,,,,,,,,,,,,,,,
349,11.666666666666666,519436,15851.9287109375,15.8519287109375,9,SMALL_SWEEP,0x99,small_room|fast_turn|portal_view|stress,1560,1560,47.607421875,21.005128205128205,6,0.18310546875,1553,47.393798828125,1,0.030517578125,301,1324,1.17578125,5.171875,1,5,12004,263.759765625,0,1,124,80,44,2,2,1,0x04,0,0,0,1,0,1,0,0,1,1,0,0,1,,,,,,,,,,,,,,,
350,11.7,520991,15899.383544921875,15.899383544921875,9,SMALL_SWEEP,0x99,small_room|fast_turn|portal_view|stress,1555,1555,47.454833984375,21.07266881028939,6,0.18310546875,1548,47.2412109375,1,0.030517578125,301,1324,1.17578125,5.171875,1,5,12106,266.0009765625,0,1,124,80,44,2,2,1,0x04,0,0,0,1,0,1,0,0,1,1,0,0,1,,,,,,,,,,,,,,,
351,11.733333333333333,522556,15947.1435546875,15.9471435546875,9,SMALL_SWEEP,0x99,small_room|fast_turn|portal_view|stress,1565,1565,47.760009765625,20.938019169329074,6,0.18310546875,1559,47.576904296875,0,0.0,301,1324,1.17578125,5.171875,1,5,12208,268.2421875,0,1,126,80,46,2,2,1,0x04,0,0,0,1,0,1,0,0,1,1,0,0,1,,,,,,,,,,,,,,,
352,11.766666666666667,524181,15996.734619140625,15.996734619140625,9,SMALL_SWEEP,0x99,small_room|fast_turn|portal_view|stress,1625,1625,49.591064453125,20.164923076923078,5,0.152587890625,1619,49.407958984375,1,0.030517578125,301,1324,1.17578125,5.171875,1,5,12310,270.4833984375,0,1,126,80,46,2,2,1,0x04,0,0,0,1,0,1,0,0,1,1,0,0,1,,,,,,,,,,,,,,,
353,11.8,525802,16046.20361328125,16.04620361328125,9,SMALL_SWEEP,0x99,small_room|fast_turn|portal_view|stress,1621,1621,49.468994140625,20.214682294879704,6,0.18310546875,1615,49.285888671875,0,0.0,301,1324,1.17578125,5.171875,1,5,12412,272.724609375,0,1,124,80,44,2,2,1,0x04,0,0,0,1,0,1,0,0,1,1,0,0,1,,,,,,,,,,,,,,,
354,11.833333333333334,527408,16095.21484375,16.09521484375,9,SMALL_SWEEP,0x99,small_room|fast_turn|portal_view|stress,1606,1606,49.01123046875,20.40348692403487,6,0.18310546875,1599,48.797607421875,1,0.030517578125,301,1324,1.17578125,5.171875,1,5,12514,274.9658203125,0,1,120,80,40,2,2,1,0x04,0,0,0,1,0,1,0,0,1,1,0,0,1,,,,,,,,,,,,,,,
355,11.866666666666667,529010,16144.10400390625,16.14410400390625,9,SMALL_SWEEP,0x99,small_room|fast_turn|portal_view|stress,1602,1602,48.88916015625,20.454431960049938,5,0.152587890625,1597,48.736572265625,0,0.0,301,1324,1.17578125,5.171875,1,5,12616,277.20703125,0,1,118,80,38,2,2,1,0x04,0,0,0,1,0,1,0,0,1,1,0,0,1,,,,,,,,,,,,,,,
356,11.9,530585,16192.169189453125,16.192169189453125,9,SMALL_SWEEP,0x99,small_room|fast_turn|portal_view|stress,1575,1575,48.065185546875,20.805079365079365,5,0.152587890625,1569,47.882080078125,1,0.030517578125,301,1324,1.17578125,5.171875,1,5,12718,279.4482421875,0,1,115,80,35,2,2,1,0x04,0,0,0,1,0,1,0,0,1,1,0,0,1,,,,,,,,,,,,,,,
357,11.933333333333334,532163,16240.325927734375,16.240325927734375,9,SMALL_SWEEP,0x99,small_room|fast_turn|portal_view|stress,1578,1578,48.15673828125,20.76552598225602,6,0.18310546875,1571,47.943115234375,1,0.030517578125,301,1324,1.17578125,5.171875,1,5,12820,281.689453125,0,1,114,80,34,2,2,1,0x04,0,0,0,1,0,1,0,0,1,1,0,0,1,,,,,,,,,,,,,,,
358,11.966666666666667,533771,16289.398193359375,16.289398193359375,9,SMALL_SWEEP,0x99,small_room|fast_turn|portal_view|stress,1608,1608,49.072265625,20.378109452736318,6,0.18310546875,1601,48.858642578125,1,0.030517578125,301,1324,1.17578125,5.171875,1,5,12922,283.9306640625,0,1,116,80,36,2,2,1,0x04,0,0,0,1,0,1,0,0,1,1,0,0,1,,,,,,,,,,,,,,,
359,12.0,535387,16338.714599609375,16.338714599609375,9,SMALL_SWEEP,0x99,small_room|fast_turn|portal_view|stress,1616,1616,49.31640625,20.277227722772277,6,0.18310546875,1609,49.102783203125,1,0.030517578125,301,1324,1.17578125,5.171875,1,5,13024,286.171875,0,1,115,80,35,2,2,1,0x04,0,0,0,1,0,1,0,0,1,1,0,0,1,,,,,,,,,,,,,,,
360,12.033333333333333,536975,16387.176513671875,16.387176513671875,9,SMALL_SWEEP,0x99,small_room|fast_turn|portal_view|stress,1588,1588,48.4619140625,20.634760705289672,6,0.18310546875,1582,48.27880859375,0,0.0,301,1324,1.17578125,5.171875,1,5,13126,288.4130859375,0,1,111,80,31,2,2,1,0x04,0,0,0,1,0,1,0,0,1,1,0,0,1,,,,,,,,,,,,,,,
361,12.066666666666666,538537,16434.844970703125,16.434844970703125,9,SMALL_SWEEP,0x99,small_room|fast_turn|portal_view|stress,1562,1562,47.66845703125,20.978233034571062,5,0.152587890625,1556,47.4853515625,1,0.030517578125,301,1324,1.17578125,5.171875,1,5,13228,290.654296875,0,1,107,80,27,2,2,1,0x04,0,0,0,1,0,1,0,0,1,1,0,0,1,,,,,,,,,,,,,,,
362,12.1,540126,16483.33740234375,16.48333740234375,9,SMALL_SWEEP,0x99,small_room|fast_turn|portal_view|stress,1589,1589,48.492431640625,20.621774701069857,6,0.18310546875,1583,48.309326171875,0,0.0,301,1324,1.17578125,5.171875,1,5,13330,292.8955078125,0,1,109,80,29,3,3,2,0x04,0,0,0,1,0,1,0,0,1,1,0,0,1,,,,,,,,,,,,,,,
363,12.133333333333333,541720,16531.982421875,16.531982421875,9,SMALL_SWEEP,0x99,small_room|fast_turn|portal_view|stress,1594,1594,48.64501953125,20.557089084065243,5,0.152587890625,1588,48.4619140625,1,0.030517578125,301,1324,1.17578125,5.171875,1,5,13432,295.13671875,0,1,110,80,30,3,3,2,0x04,0,0,0,1,0,1,0,0,1,1,0,0,1,,,,,,,,,,,,,,,
364,12.166666666666666,543316,16580.6884765625,16.5806884765625,9,SMALL_SWEEP,0x99,small_room|fast_turn|portal_view|stress,1596,1596,48.7060546875,20.531328320802004,6,0.18310546875,1589,48.492431640625,1,0.030517578125,301,1324,1.17578125,5.171875,1,5,13534,297.3779296875,0,1,111,80,31,3,3,2,0x04,0,0,0,1,0,1,0,0,1,1,0,0,1,,,,,,,,,,,,,,,
365,12.2,544894,16628.84521484375,16.62884521484375,9,SMALL_SWEEP,0x99,small_room|fast_turn|portal_view|stress,1578,1578,48.15673828125,20.76552598225602,6,0.18310546875,1571,47.943115234375,1,0.030517578125,301,1324,1.17578125,5.171875,1,5,13636,299.619140625,0,1,109,80,29,3,3,2,0x04,0,0,0,1,0,1,0,0,1,1,0,0,1,,,,,,,,,,,,,,,
366,12.233333333333333,546453,16676.422119140625,16.676422119140625,9,SMALL_SWEEP,0x99,small_room|fast_turn|portal_view|stress,1559,1559,47.576904296875,21.018601667735727,6,0.18310546875,1552,47.36328125,1,0.030517578125,301,1324,1.17578125,5.171875,1,5,13738,301.8603515625,0,1,107,80,27,3,3,2,0x04,0,0,0,1,0,1,0,0,1,1,0,0,1,,,,,,,,,,,,,,,
367,12.266666666666667,548018,16724.18212890625,16.72418212890625,9,SMALL_SWEEP,0x99,small_room|fast_turn|portal_view|stress,1565,1565,47.760009765625,20.938019169329074,5,0.152587890625,1559,47.576904296875,1,0.030517578125,301,1324,1.17578125,5.171875,1,5,13840,304.1015625,0,1,107,80,27,3,3,2,0x04,0,0,0,1,0,1,0,0,1,1,0,0,1,,,,,,,,,,,,,,,
368,12.3,549575,16771.697998046875,16.771697998046875,9,SMALL_SWEEP,0x99,small_room|fast_turn|portal_view|stress,1557,1557,47.515869140625,21.045600513808605,5,0.152587890625,1551,47.332763671875,1,0.030517578125,301,1324,1.17578125,5.171875,1,5,13942,306.3427734375,0,1,106,80,26,3,3,2,0x04,0,0,0,1,0,1,0,0,1,1,0,0,1,,,,,,,,,,,,,,,
369,12.333333333333334,551152,16819.82421875,16.81982421875,9,SMALL_SWEEP,0x99,small_room|fast_turn|portal_view|stress,1577,1577,48.126220703125,20.77869372225745,6,0.18310546875,1571,47.943115234375,0,0.0,301,1324,1.17578125,5.171875,1,5,14044,308.583984375,0,1,106,80,26,3,3,2,0x04,0,0,0,1,0,1,0,0,1,1,0,0,1,,,,,,,,,,,,,,,
370,12.366666666666667,552735,16868.133544921875,16.868133544921875,9,SMALL_SWEEP,0x99,small_room|fast_turn|portal_view|stress,1583,1583,48.309326171875,20.699936828806063,5,0.152587890625,1577,48.126220703125,1,0.030517578125,301,1324,1.17578125,5.171875,1,5,14146,310.8251953125,0,1,106,80,26,3,3,2,0x04,0,0,0,1,0,1,0,0,1,1,0,0,1,,,,,,,,,,,,,,,
371,12.4,554320,16916.50390625,16.91650390625,9,SMALL_SWEEP,0x99,small_room|fast_turn|portal_view|stress,1585,1585,48.370361328125,20.673817034700317,6,0.18310546875,1579,48.187255859375,0,0.0,301,1324,1.17578125,5.171875,1,5,14248,313.06640625,0,1,105,80,25,3,3,2,0x04,0,0,0,1,0,1,0,0,1,1,0,0,1,,,,,,,,,,,,,,,
372,12.433333333333334,555920,16965.33203125,16.96533203125,9,SMALL_SWEEP,0x99,small_room|fast_turn|portal_view|stress,1600,1600,48.828125,20.48,6,0.18310546875,1593,48.614501953125,1,0.030517578125,301,1324,1.17578125,5.171875,1,5,14350,315.3076171875,0,1,106,80,26,3,3,2,0x04,0,0,0,1,0,1,0,0,1,1,0,0,1,,,,,,,,,,,,,,,
373,12.466666666666667,557511,17013.885498046875,17.013885498046875,9,SMALL_SWEEP,0x99,small_room|fast_turn|portal_view|stress,1591,1591,48.553466796875,20.595851665619108,6,0.18310546875,1584,48.33984375,1,0.030517578125,301,1324,1.17578125,5.171875,1,5,14452,317.548828125,0,1,105,80,25,3,3,2,0x04,0,0,0,1,0,1,0,0,1,1,0,0,1,,,,,,,,,,,,,,,
374,12.5,559128,17063.232421875,17.063232421875,9,SMALL_SWEEP,0x99,small_room|fast_turn|portal_view|stress,1617,1617,49.346923828125,20.264687693259123,6,0.18310546875,1611,49.163818359375,0,0.0,301,1324,1.17578125,5.171875,1,5,14554,319.7900390625,0,1,108,80,28,3,3,2,0x04,0,0,0,1,0,1,0,0,1,1,0,0,1,,,,,,,,,,,,,,,
375,12.533333333333333,560739,17112.396240234375,17.112396240234375,9,SMALL_SWEEP,0x99,small_room|fast_turn|portal_view|stress,1611,1611,49.163818359375,20.34016139044072,5,0.152587890625,1606,49.01123046875,0,0.0,301,1324,1.17578125,5.171875,1,5,14656,322.03125,0,1,107,80,27,3,3,2,0x04,0,0,0,1,0,1,0,0,1,1,0,0,1,,,,,,,,,,,,,,,
376,12.566666666666666,562337,17161.163330078125,17.161163330078125,9,SMALL_SWEEP,0x99,small_room|fast_turn|portal_view|stress,1598,1598,48.76708984375,20.505632040050063,5,0.152587890625,1593,48.614501953125,0,0.0,301,1324,1.17578125,5.171875,1,5,14758,324.2724609375,0,1,106,80,26,3,3,2,0x04,0,0,0,1,0,1,0,0,1,1,0,0,1,,,,,,,,,,,,,,,
377,12.6,563969,17210.968017578125,17.210968017578125,9,SMALL_SWEEP,0x99,small_room|fast_turn|portal_view|stress,1632,1632,49.8046875,20.07843137254902,6,0.18310546875,1626,49.62158203125,0,0.0,301,1324,1.17578125,5.171875,1,5,14860,326.513671875,0,1,110,80,30,3,3,2,0x04,0,0,0,1,0,1,0,0,1,1,0,0,1,,,,,,,,,,,,,,,
378,12.633333333333333,565578,17260.07080078125,17.26007080078125,9,SMALL_SWEEP,0x99,small_room|fast_turn|portal_view|stress,1609,1609,49.102783203125,20.36544437538844,6,0.18310546875,1603,48.919677734375,0,0.0,301,1324,1.17578125,5.171875,1,5,14962,328.7548828125,0,1,109,80,29,3,3,2,0x04,0,0,0,1,0,1,0,0,1,1,0,0,1,,,,,,,,,,,,,,,
379,12.666666666666666,567214,17309.99755859375,17.30999755859375,9,SMALL_SWEEP,0x99,small_room|fast_turn|portal_view|stress,1636,1636,49.9267578125,20.029339853300733,6,0.18310546875,1629,49.713134765625,1,0.030517578125,301,1324,1.17578125,5.171875,1,5,15064,330.99609375,0,1,113,80,33,3,3,2,0x04,0,0,0,1,0,1,0,0,1,1,0,0,1,,,,,,,,,,,,,,,
380,12.7,568847,17359.832763671875,17.359832763671875,9,SMALL_SWEEP,0x99,small_room|fast_turn|portal_view|stress,1633,1633,49.835205078125,20.06613594611145,6,0.18310546875,1626,49.62158203125,1,0.030517578125,301,1324,1.17578125,5.171875,1,5,15166,333.2373046875,0,1,113,80,33,3,3,2,0x04,0,0,0,1,0,1,0,0,1,1,0,0,1,,,,,,,,,,,,,,,
381,12.733333333333333,570492,17410.0341796875,17.4100341796875,9,SMALL_SWEEP,0x99,small_room|fast_turn|portal_view|stress,1645,1645,50.201416015625,19.919756838905776,5,0.152587890625,1640,50.048828125,0,0.0,301,1324,1.17578125,5.171875,1,5,15268,335.478515625,0,1,115,80,35,3,3,2,0x04,0,0,0,1,0,1,0,0,1,1,0,0,1,,,,,,,,,,,,,,,
382,12.766666666666667,572076,17458.3740234375,17.4583740234375,9,SMALL_SWEEP,0x99,small_room|fast_turn|portal_view|stress,1584,1584,48.33984375,20.68686868686869,5,0.152587890625,1579,48.187255859375,0,0.0,301,1324,1.17578125,5.171875,1,5,15370,337.7197265625,0,1,109,80,29,3,3,2,0x04,0,0,0,1,0,1,0,0,1,1,0,0,1,,,,,,,,,,,,,,,
383,12.8,573659,17506.683349609375,17.506683349609375,9,SMALL_SWEEP,0x99,small_room|fast_turn|portal_view|stress,1583,1583,48.309326171875,20.699936828806063,5,0.152587890625,1577,48.126220703125,1,0.030517578125,301,1324,1.17578125,5.171875,1,5,15472,339.9609375,0,1,110,80,30,3,3,2,0x04,0,0,0,1,0,1,0,0,1,1,0,0,1,,,,,,,,,,,,,,,
384,12.833333333333334,575224,17554.443359375,17.554443359375,9,SMALL_SWEEP,0x99,small_room|fast_turn|portal_view|stress,1565,1565,47.760009765625,20.938019169329074,5,0.152587890625,1560,47.607421875,0,0.0,301,1324,1.17578125,5.171875,1,5,15574,342.2021484375,0,1,108,80,28,3,3,2,0x04,0,0,0,1,0,1,0,0,1,1,0,0,1,,,,,,,,,,,,,,,
385,12.866666666666667,576792,17602.294921875,17.602294921875,9,SMALL_SWEEP,0x99,small_room|fast_turn|portal_view|stress,1568,1568,47.8515625,20.897959183673468,5,0.152587890625,1562,47.66845703125,1,0.030517578125,301,1324,1.17578125,5.171875,1,5,15676,344.443359375,0,1,110,80,30,3,3,2,0x04,0,0,0,1,0,1,0,0,1,1,0,0,1,,,,,,,,,,,,,,,
386,12.9,578355,17649.993896484375,17.649993896484375,9,SMALL_SWEEP,0x99,small_room|fast_turn|portal_view|stress,1563,1563,47.698974609375,20.964811260396672,6,0.18310546875,1556,47.4853515625,1,0.030517578125,301,1324,1.17578125,5.171875,1,5,15778,346.6845703125,0,1,109,80,29,3,3,2,0x04,0,0,0,1,0,1,0,0,1,1,0,0,1,,,,,,,,,,,,,,,
387,12.933333333333334,579878,17696.47216796875,17.69647216796875,9,SMALL_SWEEP,0x99,small_room|fast_turn|portal_view|stress,1523,1523,46.478271484375,21.51543007222587,5,0.152587890625,1518,46.32568359375,0,0.0,301,1324,1.17578125,5.171875,1,5,15880,348.92578125,0,1,106,80,26,3,3,2,0x04,0,0,0,1,0,1,0,0,1,1,0,0,1,,,,,,,,,,,,,,,
388,12.966666666666667,581370,17742.00439453125,17.74200439453125,9,SMALL_SWEEP,0x99,small_room|fast_turn|portal_view|stress,1492,1492,45.5322265625,21.962466487935657,5,0.152587890625,1486,45.34912109375,1,0.030517578125,301,1324,1.17578125,5.171875,1,5,15982,351.1669921875,0,1,103,80,23,3,3,2,0x04,0,0,0,1,0,1,0,0,1,1,0,0,1,,,,,,,,,,,,,,,
389,13.0,582849,17787.139892578125,17.787139892578125,9,SMALL_SWEEP,0x99,small_room|fast_turn|portal_view|stress,1479,1479,45.135498046875,22.15551048005409,6,0.18310546875,1472,44.921875,1,0.030517578125,301,1324,1.17578125,5.171875,1,5,16084,353.408203125,0,1,101,80,21,3,3,2,0x04,0,0,0,1,0,1,0,0,1,1,0,0,1,,,,,,,,,,,,,,,
390,13.033333333333333,584322,17832.09228515625,17.83209228515625,9,SMALL_SWEEP,0x99,small_room|fast_turn|portal_view|stress,1473,1473,44.952392578125,22.245756958587915,5,0.152587890625,1468,44.7998046875,0,0.0,301,1324,1.17578125,5.171875,1,5,16186,355.6494140625,0,1,102,80,22,3,3,2,0x04,0,0,0,1,0,1,0,0,1,1,0,0,1,,,,,,,,,,,,,,,
391,13.066666666666666,585779,17876.556396484375,17.876556396484375,9,SMALL_SWEEP,0x99,small_room|fast_turn|portal_view|stress,1457,1457,44.464111328125,22.490048043925874,5,0.152587890625,1451,44.281005859375,1,0.030517578125,301,1324,1.17578125,5.171875,1,5,16288,357.890625,0,1,100,80,20,3,3,2,0x0C,0,0,0,1,1,1,0,0,1,1,0,0,1,,,,,,,,,,,,,,,
392,13.1,587245,17921.295166015625,17.921295166015625,10,B_RETURN,0x71,small_room|portal_view|portal_approach|portal_cross,1466,1466,44.73876953125,22.351978171896317,15,0.457763671875,1451,44.281005859375,0,0.0,320,1324,1.25,5.171875,1,5,16288,357.890625,1,0,100,80,20,3,3,2,0x06,1,0,0,1,0,1,0,0,0,1,1,1,0,44.49462890625,3.662109375,0.0,18.524169921875,9.735107421875,3.47900390625,6.744384765625,2.349853515625,20,80,20,20,20,2544,1100
393,13.133333333333333,588706,17965.88134765625,17.96588134765625,10,B_RETURN,0x71,small_room|portal_view|portal_approach|portal_cross,1461,1461,44.586181640625,22.428473648186174,15,0.457763671875,1446,44.12841796875,0,0.0,339,1324,1.32421875,5.171875,1,5,16288,357.890625,1,0,99,80,19,3,3,2,0x04,0,0,0,1,0,1,0,0,0,1,1,1,0,,,,,,,,,,,,,,,
394,13.166666666666666,590155,18010.101318359375,18.010101318359375,10,B_RETURN,0x71,small_room|portal_view|portal_approach|portal_cross,1449,1449,44.219970703125,22.614216701173223,15,0.457763671875,1433,43.731689453125,1,0.030517578125,358,1324,1.3984375,5.171875,1,5,16288,357.890625,1,0,98,80,18,3,3,2,0x04,0,0,0,1,0,1,0,0,0,1,1,1,0,,,,,,,,,,,,,,,
395,13.2,591603,18054.290771484375,18.054290771484375,10,B_RETURN,0x71,small_room|portal_view|portal_approach|portal_cross,1448,1448,44.189453125,22.629834254143645,15,0.457763671875,1432,43.701171875,1,0.030517578125,377,1324,1.47265625,5.171875,1,5,16288,357.890625,1,0,98,80,18,3,3,2,0x04,0,0,0,1,0,1,0,0,0,1,1,1,0,,,,,,,,,,,,,,,
396,13.233333333333333,593039,18098.114013671875,18.098114013671875,10,B_RETURN,0x71,small_room|portal_view|portal_approach|portal_cross,1436,1436,43.8232421875,22.818941504178273,15,0.457763671875,1421,43.365478515625,0,0.0,396,1324,1.546875,5.171875,1,5,16288,357.890625,1,0,96,80,16,3,3,2,0x04,0,0,0,1,0,1,0,0,0,1,1,1,0,,,,,,,,,,,,,,,
397,13.266666666666667,594475,18141.937255859375,18.141937255859375,10,B_RETURN,0x71,small_room|portal_view|portal_approach|portal_cross,1436,1436,43.8232421875,22.818941504178273,15,0.457763671875,1421,43.365478515625,0,0.0,415,1324,1.62109375,5.171875,1,5,16288,357.890625,1,0,96,80,16,3,3,2,0x04,0,0,0,1,0,1,0,0,0,1,1,1,0,,,,,,,,,,,,,,,
398,13.3,595903,18185.516357421875,18.185516357421875,10,B_RETURN,0x71,small_room|portal_view|portal_approach|portal_cross,1428,1428,43.5791015625,22.946778711484594,15,0.457763671875,1412,43.0908203125,1,0.030517578125,434,1324,1.6953125,5.171875,1,5,16288,357.890625,1,0,96,80,16,3,3,2,0x04,0,0,0,1,0,1,0,0,0,1,1,1,0,,,,,,,,,,,,,,,
399,13.333333333333334,597334,18229.18701171875,18.22918701171875,10,B_RETURN,0x71,small_room|portal_view|portal_approach|portal_cross,1431,1431,43.670654296875,22.898672257162822,15,0.457763671875,1416,43.212890625,0,0.0,453,1324,1.76953125,5.171875,1,5,16288,357.890625,1,0,96,80,16,3,3,2,0x04,0,0,0,1,0,1,0,0,0,1,1,1,0,,,,,,,,,,,,,,,
400,13.366666666666667,598756,18272.5830078125,18.2725830078125,10,B_RETURN,0x71,small_room|portal_view|portal_approach|portal_cross,1422,1422,43.39599609375,23.043600562587905,15,0.457763671875,1406,42.90771484375,1,0.030517578125,472,1324,1.84375,5.171875,1,5,16288,357.890625,1,0,95,80,15,3,3,2,0x04,0,0,0,1,0,1,0,0,0,1,1,1,0,,,,,,,,,,,,,,,
401,13.4,600169,18315.704345703125,18.315704345703125,10,B_RETURN,0x71,small_room|portal_view|portal_approach|portal_cross,1413,1413,43.121337890625,23.19037508846426,16,0.48828125,1396,42.6025390625,1,0.030517578125,491,1324,1.91796875,5.171875,1,5,16288,357.890625,1,0,94,80,14,3,3,2,0x04,0,0,0,1,0,1,0,0,0,1,1,1,0,,,,,,,,,,,,,,,
402,13.433333333333334,601569,18358.428955078125,18.358428955078125,10,B_RETURN,0x71,small_room|portal_view|portal_approach|portal_cross,1400,1400,42.724609375,23.405714285714286,16,0.48828125,1384,42.236328125,0,0.0,510,1324,1.9921875,5.171875,1,5,16288,357.890625,1,0,93,80,13,3,3,2,0x04,0,0,0,1,0,1,0,0,0,1,1,1,0,,,,,,,,,,,,,,,
403,13.466666666666667,602960,18400.87890625,18.40087890625,10,B_RETURN,0x71,small_room|portal_view|portal_approach|portal_cross,1391,1391,42.449951171875,23.557153127246586,15,0.457763671875,1375,41.961669921875,1,0.030517578125,529,1324,2.06640625,5.171875,2,5,16288,357.890625,1,0,94,80,14,3,3,2,0x04,0,0,0,1,0,1,0,0,0,1,1,1,0,,,,,,,,,,,,,,,
404,13.5,604341,18443.023681640625,18.443023681640625,10,B_RETURN,0x71,small_room|portal_view|portal_approach|portal_cross,1381,1381,42.144775390625,23.72773352643012,15,0.457763671875,1365,41.656494140625,1,0.030517578125,548,1324,2.140625,5.171875,2,5,16288,357.890625,1,0,93,80,13,3,3,2,0x04,0,0,0,1,0,1,0,0,0,1,1,1,0,,,,,,,,,,,,,,,
405,13.533333333333333,605721,18485.137939453125,18.485137939453125,10,B_RETURN,0x71,small_room|portal_view|portal_approach|portal_cross,1380,1380,42.1142578125,23.744927536231884,15,0.457763671875,1364,41.6259765625,1,0.030517578125,567,1324,2.21484375,5.171875,2,5,16288,357.890625,1,0,93,80,13,3,3,2,0x04,0,0,0,1,0,1,0,0,0,1,1,1,0,,,,,,,,,,,,,,,
406,13.566666666666666,607100,18527.2216796875,18.5272216796875,10,B_RETURN,0x71,small_room|portal_view|portal_approach|portal_cross,1379,1379,42.083740234375,23.762146482958666,15,0.457763671875,1364,41.6259765625,0,0.0,586,1324,2.2890625,5.171875,2,5,16288,357.890625,1,0,93,80,13,3,3,2,0x04,0,0,0,1,0,1,0,0,0,1,1,1,0,,,,,,,,,,,,,,,
407,13.6,608478,18569.27490234375,18.56927490234375,10,B_RETURN,0x71,small_room|portal_view|portal_approach|portal_cross,1378,1378,42.05322265625,23.779390420899855,15,0.457763671875,1363,41.595458984375,0,0.0,605,1324,2.36328125,5.171875,2,5,16288,357.890625,1,0,93,80,13,3,3,2,0x04,0,0,0,1,0,1,0,0,0,1,1,1,0,,,,,,,,,,,,,,,
408,13.633333333333333,609859,18611.419677734375,18.611419677734375,10,B_RETURN,0x71,small_room|portal_view|portal_approach|portal_cross,1381,1381,42.144775390625,23.72773352643012,15,0.457763671875,1366,41.68701171875,0,0.0,624,1324,2.4375,5.171875,2,5,16288,357.890625,1,0,93,80,13,3,3,2,0x04,0,0,0,1,0,1,0,0,0,1,1,1,0,,,,,,,,,,,,,,,
409,13.666666666666666,611237,18653.472900390625,18.653472900390625,10,B_RETURN,0x71,small_room|portal_view|portal_approach|portal_cross,1378,1378,42.05322265625,23.779390420899855,15,0.457763671875,1362,41.56494140625,1,0.030517578125,643,1324,2.51171875,5.171875,2,5,16288,357.890625,1,0,93,80,13,3,3,2,0x04,0,0,0,1,0,1,0,0,0,1,1,1,0,,,,,,,,,,,,,,,
410,13.7,612620,18695.6787109375,18.6956787109375,10,B_RETURN,0x71,small_room|portal_view|portal_approach|portal_cross,1383,1383,42.205810546875,23.69342010122921,15,0.457763671875,1367,41.717529296875,1,0.030517578125,662,1324,2.5859375,5.171875,2,5,16288,357.890625,1,0,93,80,13,3,3,2,0x04,0,0,0,1,0,1,0,0,0,1,1,1,0,,,,,,,,,,,,,,,
411,13.733333333333333,614000,18737.79296875,18.73779296875,10,B_RETURN,0x71,small_room|portal_view|portal_approach|portal_cross,1380,1380,42.1142578125,23.744927536231884,15,0.457763671875,1365,41.656494140625,0,0.0,681,1324,2.66015625,5.171875,2,5,16288,357.890625,1,0,93,80,13,3,3,2,0x0C,0,0,0,1,1,1,0,0,0,1,1,1,0,,,,,,,,,,,,,,,
412,13.766666666666667,615382,18779.96826171875,18.77996826171875,11,OPEN_TRAVERSE,0x02,large_room,1382,1382,42.17529296875,23.710564399421127,15,0.457763671875,1367,41.717529296875,0,0.0,700,1324,2.734375,5.171875,2,5,16288,357.890625,1,0,93,80,13,3,3,2,0x04,0,0,0,1,0,0,1,0,0,0,0,0,0,,,,,,,,,,,,,,,
413,13.8,616761,18822.052001953125,18.822052001953125,11,OPEN_TRAVERSE,0x02,large_room,1379,1379,42.083740234375,23.762146482958666,15,0.457763671875,1364,41.6259765625,0,0.0,719,1324,2.80859375,5.171875,2,5,16288,357.890625,1,0,93,80,13,3,3,2,0x04,0,0,0,1,0,0,1,0,0,0,0,0,0,,,,,,,,,,,,,,,
414,13.833333333333334,618156,18864.6240234375,18.8646240234375,11,OPEN_TRAVERSE,0x02,large_room,1395,1395,42.572021484375,23.489605734767025,15,0.457763671875,1379,42.083740234375,1,0.030517578125,738,1324,2.8828125,5.171875,2,5,16288,357.890625,1,0,94,80,14,3,3,2,0x04,0,0,0,1,0,0,1,0,0,0,0,0,0,,,,,,,,,,,,,,,
415,13.866666666666667,619544,18906.982421875,18.906982421875,11,OPEN_TRAVERSE,0x02,large_room,1388,1388,42.3583984375,23.608069164265128,15,0.457763671875,1373,41.900634765625,0,0.0,757,1324,2.95703125,5.171875,2,5,16288,357.890625,1,0,94,80,14,3,3,2,0x04,0,0,0,1,0,0,1,0,0,0,0,0,0,,,,,,,,,,,,,,,
416,13.9,620918,18948.91357421875,18.94891357421875,11,OPEN_TRAVERSE,0x02,large_room,1374,1374,41.93115234375,23.848617176128094,15,0.457763671875,1358,41.44287109375,1,0.030517578125,776,1324,3.03125,5.171875,3,5,16288,357.890625,1,0,94,80,14,3,3,2,0x04,0,0,0,1,0,0,1,0,0,0,0,0,0,,,,,,,,,,,,,,,
417,13.933333333333334,622301,18991.119384765625,18.991119384765625,11,OPEN_TRAVERSE,0x02,large_room,1383,1383,42.205810546875,23.69342010122921,15,0.457763671875,1368,41.748046875,0,0.0,795,1324,3.10546875,5.171875,3,5,16288,357.890625,1,0,95,80,15,3,3,2,0x04,0,0,0,1,0,0,1,0,0,0,0,0,0,,,,,,,,,,,,,,,
418,13.966666666666667,623689,19033.477783203125,19.033477783203125,11,OPEN_TRAVERSE,0x02,large_room,1388,1388,42.3583984375,23.608069164265128,15,0.457763671875,1373,41.900634765625,0,0.0,814,1324,3.1796875,5.171875,3,5,16288,357.890625,1,0,95,80,15,3,3,2,0x04,0,0,0,1,0,0,1,0,0,0,0,0,0,,,,,,,,,,,,,,,
419,14.0,625077,19075.836181640625,19.075836181640625,11,OPEN_TRAVERSE,0x02,large_room,1388,1388,42.3583984375,23.608069164265128,15,0.457763671875,1373,41.900634765625,0,0.0,833,1324,3.25390625,5.171875,3,5,16288,357.890625,1,0,95,80,15,3,3,2,0x04,0,0,0,1,0,0,1,0,0,0,0,0,0,,,,,,,,,,,,,,,
420,14.033333333333333,626467,19118.255615234375,19.118255615234375,11,OPEN_TRAVERSE,0x02,large_room,1390,1390,42.41943359375,23.57410071942446,15,0.457763671875,1374,41.93115234375,1,0.030517578125,852,1324,3.328125,5.171875,3,5,16288,357.890625,1,0,95,80,15,3,3,2,0x04,0,0,0,1,0,0,1,0,0,0,0,0,0,,,,,,,,,,,,,,,
421,14.066666666666666,627856,19160.64453125,19.16064453125,11,OPEN_TRAVERSE,0x02,large_room,1389,1389,42.388916015625,23.591072714182864,15,0.457763671875,1374,41.93115234375,0,0.0,871,1324,3.40234375,5.171875,3,5,16288,357.890625,1,0,95,80,15,3,3,2,0x04,0,0,0,1,0,0,1,0,0,0,0,0,0,,,,,,,,,,,,,,,
422,14.1,629243,19202.972412109375,19.202972412109375,11,OPEN_TRAVERSE,0x02,large_room,1387,1387,42.327880859375,23.62509012256669,15,0.457763671875,1371,41.839599609375,1,0.030517578125,890,1324,3.4765625,5.171875,3,5,16288,357.890625,1,0,95,80,15,3,3,2,0x04,0,0,0,1,0,0,1,0,0,0,0,0,0,,,,,,,,,,,,,,,
423,14.133333333333333,630636,19245.4833984375,19.2454833984375,11,OPEN_TRAVERSE,0x02,large_room,1393,1393,42.510986328125,23.52333094041637,15,0.457763671875,1377,42.022705078125,1,0.030517578125,909,1324,3.55078125,5.171875,3,5,16288,357.890625,1,0,95,80,15,3,3,2,0x04,0,0,0,1,0,0,1,0,0,0,0,0,0,,,,,,,,,,,,,,,
424,14.166666666666666,632030,19288.02490234375,19.28802490234375,11,OPEN_TRAVERSE,0x02,large_room,1394,1394,42.54150390625,23.506456241033,15,0.457763671875,1378,42.05322265625,1,0.030517578125,928,1324,3.625,5.171875,3,5,16288,357.890625,1,0,95,80,15,3,3,2,0x04,0,0,0,1,0,0,1,0,0,0,0,0,0,,,,,,,,,,,,,,,
425,14.2,633426,19330.62744140625,19.33062744140625,11,OPEN_TRAVERSE,0x02,large_room,1396,1396,42.6025390625,23.472779369627506,15,0.457763671875,1381,42.144775390625,0,0.0,947,1324,3.69921875,5.171875,3,5,16288,357.890625,1,0,95,80,15,3,3,2,0x04,0,0,0,1,0,0,1,0,0,0,0,0,0,,,,,,,,,,,,,,,
426,14.233333333333333,634823,19373.260498046875,19.373260498046875,11,OPEN_TRAVERSE,0x02,large_room,1397,1397,42.633056640625,23.45597709377237,15,0.457763671875,1382,42.17529296875,0,0.0,966,1324,3.7734375,5.171875,3,5,16288,357.890625,1,0,95,80,15,3,3,2,0x04,0,0,0,1,0,0,1,0,0,0,0,0,0,,,,,,,,,,,,,,,
427,14.266666666666667,636233,19416.290283203125,19.416290283203125,11,OPEN_TRAVERSE,0x02,large_room,1410,1410,43.02978515625,23.23971631205674,15,0.457763671875,1394,42.54150390625,1,0.030517578125,985,1324,3.84765625,5.171875,3,5,16288,357.890625,1,0,96,80,16,3,3,2,0x04,0,0,0,1,0,0,1,0,0,0,0,0,0,,,,,,,,,,,,,,,
428,14.3,637645,19459.381103515625,19.459381103515625,11,OPEN_TRAVERSE,0x02,large_room,1412,1412,43.0908203125,23.206798866855525,16,0.48828125,1395,42.572021484375,1,0.030517578125,1004,1324,3.921875,5.171875,3,5,16288,357.890625,1,0,96,80,16,3,3,2,0x04,0,0,0,1,0,0,1,0,0,0,0,0,0,,,,,,,,,,,,,,,
429,14.333333333333334,639055,19502.410888671875,19.502410888671875,11,OPEN_TRAVERSE,0x02,large_room,1410,1410,43.02978515625,23.23971631205674,16,0.48828125,1394,42.54150390625,0,0.0,1023,1324,3.99609375,5.171875,3,5,16288,357.890625,1,0,96,80,16,3,3,2,0x04,0,0,0,1,0,0,1,0,0,0,0,0,0,,,,,,,,,,,,,,,
430,14.366666666666667,640452,19545.0439453125,19.5450439453125,11,OPEN_TRAVERSE,0x02,large_room,1397,1397,42.633056640625,23.45597709377237,16,0.48828125,1380,42.1142578125,1,0.030517578125,1042,1324,4.0703125,5.171875,4,5,16288,357.890625,1,0,96,80,16,3,3,2,0x04,0,0,0,1,0,0,1,0,0,0,0,0,0,,,,,,,,,,,,,,,
431,14.4,641845,19587.554931640625,19.587554931640625,11,OPEN_TRAVERSE,0x02,large_room,1393,1393,42.510986328125,23.52333094041637,15,0.457763671875,1378,42.05322265625,0,0.0,1061,1324,4.14453125,5.171875,4,5,16288,357.890625,1,0,96,80,16,3,3,2,0x04,0,0,0,1,0,0,1,0,0,0,0,0,0,,,,,,,,,,,,,,,
432,14.433333333333334,643239,19630.096435546875,19.630096435546875,11,OPEN_TRAVERSE,0x02,large_room,1394,1394,42.54150390625,23.506456241033,15,0.457763671875,1379,42.083740234375,0,0.0,1080,1324,4.21875,5.171875,4,5,16288,357.890625,1,0,96,80,16,3,3,2,0x04,0,0,0,1,0,0,1,0,0,0,0,0,0,,,,,,,,,,,,,,,
433,14.466666666666667,644635,19672.698974609375,19.672698974609375,11,OPEN_TRAVERSE,0x02,large_room,1396,1396,42.6025390625,23.472779369627506,15,0.457763671875,1380,42.1142578125,1,0.030517578125,1099,1324,4.29296875,5.171875,4,5,16288,357.890625,1,0,96,80,16,3,3,2,0x04,0,0,0,1,0,0,1,0,0,0,0,0,0,,,,,,,,,,,,,,,
434,14.5,646034,19715.39306640625,19.71539306640625,11,OPEN_TRAVERSE,0x02,large_room,1399,1399,42.694091796875,23.422444603288064,15,0.457763671875,1384,42.236328125,0,0.0,1118,1324,4.3671875,5.171875,4,5,16288,357.890625,1,0,96,80,16,3,3,2,0x04,0,0,0,1,0,0,1,0,0,0,0,0,0,,,,,,,,,,,,,,,
435,14.533333333333333,647431,19758.026123046875,19.758026123046875,11,OPEN_TRAVERSE,0x02,large_room,1397,1397,42.633056640625,23.45597709377237,15,0.457763671875,1381,42.144775390625,1,0.030517578125,1137,1324,4.44140625,5.171875,4,5,16288,357.890625,1,0,96,80,16,3,3,2,0x04,0,0,0,1,0,0,1,0,0,0,0,0,0,,,,,,,,,,,,,,,
436,14.566666666666666,648827,19800.628662109375,19.800628662109375,11,OPEN_TRAVERSE,0x02,large_room,1396,1396,42.6025390625,23.472779369627506,15,0.457763671875,1381,42.144775390625,0,0.0,1156,1324,4.515625,5.171875,4,5,16288,357.890625,1,0,96,80,16,3,3,2,0x04,0,0,0,1,0,0,1,0,0,0,0,0,0,,,,,,,,,,,,,,,
437,14.6,650223,19843.231201171875,19.843231201171875,11,OPEN_TRAVERSE,0x02,large_room,1396,1396,42.6025390625,23.472779369627506,15,0.457763671875,1380,42.1142578125,1,0.030517578125,1175,1324,4.58984375,5.171875,4,5,16288,357.890625,1,0,96,80,16,3,3,2,0x04,0,0,0,1,0,0,1,0,0,0,0,0,0,,,,,,,,,,,,,,,
438,14.633333333333333,651624,19885.986328125,19.885986328125,11,OPEN_TRAVERSE,0x02,large_room,1401,1401,42.755126953125,23.38900785153462,16,0.48828125,1384,42.236328125,1,0.030517578125,1194,1324,4.6640625,5.171875,4,5,16288,357.890625,1,0,96,80,16,3,3,2,0x04,0,0,0,1,0,0,1,0,0,0,0,0,0,,,,,,,,,,,,,,,
439,14.666666666666666,653027,19928.802490234375,19.928802490234375,11,OPEN_TRAVERSE,0x02,large_room,1403,1403,42.816162109375,23.355666429080543,15,0.457763671875,1388,42.3583984375,0,0.0,1213,1324,4.73828125,5.171875,4,5,16288,357.890625,1,0,96,80,16,3,3,2,0x04,0,0,0,1,0,0,1,0,0,0,0,0,0,,,,,,,,,,,,,,,
440,14.7,654432,19971.6796875,19.9716796875,11,OPEN_TRAVERSE,0x02,large_room,1405,1405,42.877197265625,23.322419928825624,15,0.457763671875,1390,42.41943359375,0,0.0,1232,1324,4.8125,5.171875,4,5,16288,357.890625,1,0,96,80,16,3,3,2,0x04,0,0,0,1,0,0,1,0,0,0,0,0,0,,,,,,,,,,,,,,,
441,14.733333333333333,655841,20014.678955078125,20.014678955078125,11,OPEN_TRAVERSE,0x02,large_room,1409,1409,42.999267578125,23.256210078069554,15,0.457763671875,1393,42.510986328125,1,0.030517578125,1251,1324,4.88671875,5.171875,4,5,16288,357.890625,1,0,96,80,16,3,3,2,0x04,0,0,0,1,0,0,1,0,0,0,0,0,0,,,,,,,,,,,,,,,
442,14.766666666666667,657250,20057.67822265625,20.05767822265625,11,OPEN_TRAVERSE,0x02,large_room,1409,1409,42.999267578125,23.256210078069554,15,0.457763671875,1394,42.54150390625,0,0.0,1270,1324,4.9609375,5.171875,4,5,16288,357.890625,1,0,96,80,16,3,3,2,0x04,0,0,0,1,0,0,1,0,0,0,0,0,0,,,,,,,,,,,,,,,
443,14.8,658636,20099.9755859375,20.0999755859375,11,OPEN_TRAVERSE,0x02,large_room,1386,1386,42.29736328125,23.642135642135642,15,0.457763671875,1370,41.80908203125,1,0.030517578125,1289,1324,5.03515625,5.171875,5,5,16288,357.890625,1,0,96,80,16,3,3,2,0x04,0,0,0,1,0,0,1,0,0,0,0,0,0,,,,,,,,,,,,,,,
444,14.833333333333334,660028,20142.4560546875,20.1424560546875,11,OPEN_TRAVERSE,0x02,large_room,1392,1392,42.48046875,23.54022988505747,15,0.457763671875,1376,41.9921875,1,0.030517578125,1308,1324,5.109375,5.171875,5,5,16288,357.890625,1,0,96,80,16,3,3,2,0x04,0,0,0,1,0,0,1,0,0,0,0,0,0,,,,,,,,,,,,,,,
445,14.866666666666667,661418,20184.87548828125,20.18487548828125,11,OPEN_TRAVERSE,0x02,large_room,1390,1390,42.41943359375,23.57410071942446,15,0.457763671875,1375,41.961669921875,0,0.0,1327,1324,5.18359375,5.171875,5,5,16288,357.890625,1,0,96,80,16,3,3,2,0x04,0,0,0,1,0,0,1,0,0,0,0,0,0,,,,,,,,,,,,,,,
446,14.9,662806,20227.23388671875,20.22723388671875,11,OPEN_TRAVERSE,0x02,large_room,1388,1388,42.3583984375,23.608069164265128,15,0.457763671875,1372,41.8701171875,1,0.030517578125,1346,1324,5.2578125,5.171875,5,5,16288,357.890625,1,0,96,80,16,3,3,2,0x04,0,0,0,1,0,0,1,0,0,0,0,0,0,,,,,,,,,,,,,,,
447,14.933333333333334,664198,20269.71435546875,20.26971435546875,11,OPEN_TRAVERSE,0x02,large_room,1392,1392,42.48046875,23.54022988505747,16,0.48828125,1375,41.961669921875,1,0.030517578125,1365,1324,5.33203125,5.171875,5,5,16288,357.890625,1,0,96,80,16,3,3,2,0x04,0,0,0,1,0,0,1,0,0,0,0,0,0,,,,,,,,,,,,,,,
448,14.966666666666667,665588,20312.1337890625,20.3121337890625,11,OPEN_TRAVERSE,0x02,large_room,1390,1390,42.41943359375,23.57410071942446,15,0.457763671875,1375,41.961669921875,0,0.0,1384,1324,5.40625,5.171875,5,5,16288,357.890625,1,0,96,80,16,3,3,2,0x04,0,0,0,1,0,0,1,0,0,0,0,0,0,,,,,,,,,,,,,,,
449,15.0,666976,20354.4921875,20.3544921875,11,OPEN_TRAVERSE,0x02,large_room,1388,1388,42.3583984375,23.608069164265128,15,0.457763671875,1373,41.900634765625,0,0.0,1403,1324,5.48046875,5.171875,5,5,16288,357.890625,1,0,95,80,15,3,3,2,0x04,0,0,0,1,0,0,1,0,0,0,0,0,0,,,,,,,,,,,,,,,
450,15.033333333333333,668380,20397.3388671875,20.3973388671875,11,OPEN_TRAVERSE,0x02,large_room,1404,1404,42.8466796875,23.33903133903134,15,0.457763671875,1388,42.3583984375,1,0.030517578125,1422,1324,5.5546875,5.171875,5,5,16288,357.890625,1,0,97,80,17,3,3,2,0x04,0,0,0,1,0,0,1,0,0,0,0,0,0,,,,,,,,,,,,,,,
451,15.066666666666666,669780,20440.0634765625,20.4400634765625,11,OPEN_TRAVERSE,0x02,large_room,1400,1400,42.724609375,23.405714285714286,15,0.457763671875,1385,42.266845703125,0,0.0,1441,1324,5.62890625,5.171875,5,5,16288,357.890625,1,0,97,80,17,3,3,2,0x04,0,0,0,1,0,0,1,0,0,0,0,0,0,,,,,,,,,,,,,,,
452,15.1,671189,20483.062744140625,20.483062744140625,11,OPEN_TRAVERSE,0x02,large_room,1409,1409,42.999267578125,23.256210078069554,15,0.457763671875,1393,42.510986328125,1,0.030517578125,1460,1324,5.703125,5.171875,5,5,16288,357.890625,1,0,98,80,18,3,3,2,0x04,0,0,0,1,0,0,1,0,0,0,0,0,0,,,,,,,,,,,,,,,
453,15.133333333333333,672590,20525.81787109375,20.52581787109375,11,OPEN_TRAVERSE,0x02,large_room,1401,1401,42.755126953125,23.38900785153462,15,0.457763671875,1385,42.266845703125,1,0.030517578125,1479,1324,5.77734375,5.171875,5,5,16288,357.890625,1,0,98,80,18,3,3,2,0x04,0,0,0,1,0,0,1,0,0,0,0,0,0,,,,,,,,,,,,,,,
454,15.166666666666666,673997,20568.756103515625,20.568756103515625,11,OPEN_TRAVERSE,0x02,large_room,1407,1407,42.938232421875,23.289267945984363,16,0.48828125,1391,42.449951171875,0,0.0,1498,1324,5.8515625,5.171875,5,5,16288,357.890625,1,0,98,80,18,3,3,2,0x04,0,0,0,1,0,0,1,0,0,0,0,0,0,,,,,,,,,,,,,,,
455,15.2,675395,20611.419677734375,20.611419677734375,11,OPEN_TRAVERSE,0x02,large_room,1398,1398,42.66357421875,23.43919885550787,15,0.457763671875,1383,42.205810546875,0,0.0,1517,1324,5.92578125,5.171875,5,5,16288,357.890625,1,0,98,80,18,3,3,2,0x04,0,0,0,1,0,0,1,0,0,0,0,0,0,,,,,,,,,,,,,,,
456,15.233333333333333,676772,20653.4423828125,20.6534423828125,11,OPEN_TRAVERSE,0x02,large_room,1377,1377,42.022705078125,23.79665940450254,15,0.457763671875,1361,41.534423828125,1,0.030517578125,1536,1324,6.0,5.171875,6,5,16288,357.890625,1,0,98,80,18,3,3,2,0x04,0,0,0,1,0,0,1,0,0,0,0,0,0,,,,,,,,,,,,,,,
457,15.266666666666667,678161,20695.831298828125,20.695831298828125,11,OPEN_TRAVERSE,0x02,large_room,1389,1389,42.388916015625,23.591072714182864,16,0.48828125,1372,41.8701171875,1,0.030517578125,1555,1324,6.07421875,5.171875,6,5,16288,357.890625,1,0,99,80,19,3,3,2,0x04,0,0,0,1,0,0,1,0,0,0,0,0,0,,,,,,,,,,,,,,,
458,15.3,679546,20738.09814453125,20.73809814453125,11,OPEN_TRAVERSE,0x02,large_room,1385,1385,42.266845703125,23.659205776173284,15,0.457763671875,1370,41.80908203125,0,0.0,1574,1324,6.1484375,5.171875,6,5,16288,357.890625,1,0,99,80,19,3,3,2,0x04,0,0,0,1,0,0,1,0,0,0,0,0,0,,,,,,,,,,,,,,,
459,15.333333333333334,680930,20780.33447265625,20.78033447265625,11,OPEN_TRAVERSE,0x02,large_room,1384,1384,42.236328125,23.67630057803468,15,0.457763671875,1368,41.748046875,1,0.030517578125,1593,1324,6.22265625,5.171875,6,5,16288,357.890625,1,0,99,80,19,3,3,2,0x04,0,0,0,1,0,0,1,0,0,0,0,0,0,,,,,,,,,,,,,,,
460,15.366666666666667,682306,20822.32666015625,20.82232666015625,11,OPEN_TRAVERSE,0x02,large_room,1376,1376,41.9921875,23.813953488372093,15,0.457763671875,1361,41.534423828125,0,0.0,1612,1324,6.296875,5.171875,6,5,16288,357.890625,1,0,99,80,19,3,3,2,0x04,0,0,0,1,0,0,1,0,0,0,0,0,0,,,,,,,,,,,,,,,
461,15.4,683681,20864.288330078125,20.864288330078125,11,OPEN_TRAVERSE,0x02,large_room,1375,1375,41.961669921875,23.831272727272726,15,0.457763671875,1359,41.473388671875,1,0.030517578125,1631,1324,6.37109375,5.171875,6,5,16288,357.890625,1,0,99,80,19,3,3,2,0x04,0,0,0,1,0,0,1,0,0,0,0,0,0,,,,,,,,,,,,,,,
462,15.433333333333334,685059,20906.341552734375,20.906341552734375,11,OPEN_TRAVERSE,0x02,large_room,1378,1378,42.05322265625,23.779390420899855,15,0.457763671875,1363,41.595458984375,0,0.0,1650,1324,6.4453125,5.171875,6,5,16288,357.890625,1,0,99,80,19,3,3,2,0x04,0,0,0,1,0,0,1,0,0,0,0,0,0,,,,,,,,,,,,,,,
463,15.466666666666667,686440,20948.486328125,20.948486328125,11,OPEN_TRAVERSE,0x02,large_room,1381,1381,42.144775390625,23.72773352643012,15,0.457763671875,1366,41.68701171875,0,0.0,1669,1324,6.51953125,5.171875,6,5,16288,357.890625,1,0,99,80,19,3,3,2,0x04,0,0,0,1,0,0,1,0,0,0,0,0,0,,,,,,,,,,,,,,,
464,15.5,687825,20990.753173828125,20.990753173828125,11,OPEN_TRAVERSE,0x02,large_room,1385,1385,42.266845703125,23.659205776173284,15,0.457763671875,1370,41.80908203125,0,0.0,1688,1324,6.59375,5.171875,6,5,16288,357.890625,1,0,100,80,20,3,3,2,0x04,0,0,0,1,0,0,1,0,0,0,0,0,0,,,,,,,,,,,,,,,
465,15.533333333333333,689199,21032.684326171875,21.032684326171875,11,OPEN_TRAVERSE,0x02,large_room,1374,1374,41.93115234375,23.848617176128094,15,0.457763671875,1358,41.44287109375,1,0.030517578125,1707,1324,6.66796875,5.171875,6,5,16288,357.890625,1,0,98,80,18,3,3,2,0x04,0,0,0,1,0,0,1,0,0,0,0,0,0,,,,,,,,,,,,,,,
466,15.566666666666666,690587,21075.042724609375,21.075042724609375,11,OPEN_TRAVERSE,0x02,large_room,1388,1388,42.3583984375,23.608069164265128,15,0.457763671875,1372,41.8701171875,1,0.030517578125,1726,1324,6.7421875,5.171875,6,5,16288,357.890625,1,0,100,80,20,3,3,2,0x04,0,0,0,1,0,0,1,0,0,0,0,0,0,,,,,,,,,,,,,,,
467,15.6,691976,21117.431640625,21.117431640625,11,OPEN_TRAVERSE,0x02,large_room,1389,1389,42.388916015625,23.591072714182864,16,0.48828125,1372,41.8701171875,1,0.030517578125,1745,1324,6.81640625,5.171875,6,5,16288,357.890625,1,0,100,80,20,3,3,2,0x04,0,0,0,1,0,0,1,0,0,0,0,0,0,,,,,,,,,,,,,,,
468,15.633333333333333,693368,21159.912109375,21.159912109375,11,OPEN_TRAVERSE,0x02,large_room,1392,1392,42.48046875,23.54022988505747,16,0.48828125,1376,41.9921875,0,0.0,1764,1324,6.890625,5.171875,6,5,16288,357.890625,1,0,100,80,20,3,3,2,0x04,0,0,0,1,0,0,1,0,0,0,0,0,0,,,,,,,,,,,,,,,
469,15.666666666666666,694764,21202.5146484375,21.2025146484375,11,OPEN_TRAVERSE,0x02,large_room,1396,1396,42.6025390625,23.472779369627506,15,0.457763671875,1381,42.144775390625,0,0.0,1783,1324,6.96484375,5.171875,6,5,16288,357.890625,1,0,100,80,20,3,3,2,0x04,0,0,0,1,0,0,1,0,0,0,0,0,0,,,,,,,,,,,,,,,
470,15.7,696143,21244.598388671875,21.244598388671875,11,OPEN_TRAVERSE,0x02,large_room,1379,1379,42.083740234375,23.762146482958666,16,0.48828125,1363,41.595458984375,0,0.0,1802,1324,7.0390625,5.171875,7,5,16288,357.890625,1,0,101,80,21,3,3,2,0x04,0,0,0,1,0,0,1,0,0,0,0,0,0,,,,,,,,,,,,,,,
471,15.733333333333333,697526,21286.80419921875,21.28680419921875,11,OPEN_TRAVERSE,0x02,large_room,1383,1383,42.205810546875,23.69342010122921,15,0.457763671875,1367,41.717529296875,1,0.030517578125,1821,1324,7.11328125,5.171875,7,5,16288,357.890625,1,0,101,80,21,3,3,2,0x04,0,0,0,1,0,0,1,0,0,0,0,0,0,,,,,,,,,,,,,,,
472,15.766666666666667,698911,21329.071044921875,21.329071044921875,11,OPEN_TRAVERSE,0x02,large_room,1385,1385,42.266845703125,23.659205776173284,15,0.457763671875,1370,41.80908203125,0,0.0,1840,1324,7.1875,5.171875,7,5,16288,357.890625,1,0,101,80,21,3,3,2,0x04,0,0,0,1,0,0,1,0,0,0,0,0,0,,,,,,,,,,,,,,,
473,15.8,700293,21371.246337890625,21.371246337890625,11,OPEN_TRAVERSE,0x02,large_room,1382,1382,42.17529296875,23.710564399421127,15,0.457763671875,1367,41.717529296875,0,0.0,1859,1324,7.26171875,5.171875,7,5,16288,357.890625,1,0,101,80,21,3,3,2,0x04,0,0,0,1,0,0,1,0,0,0,0,0,0,,,,,,,,,,,,,,,
474,15.833333333333334,701684,21413.6962890625,21.4136962890625,11,OPEN_TRAVERSE,0x02,large_room,1391,1391,42.449951171875,23.557153127246586,15,0.457763671875,1375,41.961669921875,1,0.030517578125,1878,1324,7.3359375,5.171875,7,5,16288,357.890625,1,0,101,80,21,3,3,2,0x04,0,0,0,1,0,0,1,0,0,0,0,0,0,,,,,,,,,,,,,,,
475,15.866666666666667,703083,21456.390380859375,21.456390380859375,11,OPEN_TRAVERSE,0x02,large_room,1399,1399,42.694091796875,23.422444603288064,15,0.457763671875,1384,42.236328125,0,0.0,1897,1324,7.41015625,5.171875,7,5,16288,357.890625,1,0,102,80,22,3,3,2,0x04,0,0,0,1,0,0,1,0,0,0,0,0,0,,,,,,,,,,,,,,,
476,15.9,704478,21498.96240234375,21.49896240234375,11,OPEN_TRAVERSE,0x02,large_room,1395,1395,42.572021484375,23.489605734767025,15,0.457763671875,1379,42.083740234375,1,0.030517578125,1916,1324,7.484375,5.171875,7,5,16288,357.890625,1,0,102,80,22,3,3,2,0x04,0,0,0,1,0,0,1,0,0,0,0,0,0,,,,,,,,,,,,,,,
477,15.933333333333334,705884,21541.8701171875,21.5418701171875,11,OPEN_TRAVERSE,0x02,large_room,1406,1406,42.90771484375,23.305832147937412,15,0.457763671875,1391,42.449951171875,0,0.0,1935,1324,7.55859375,5.171875,7,5,16288,357.890625,1,0,102,80,22,3,3,2,0x04,0,0,0,1,0,0,1,0,0,0,0,0,0,,,,,,,,,,,,,,,
478,15.966666666666667,707291,21584.808349609375,21.584808349609375,11,OPEN_TRAVERSE,0x02,large_room,1407,1407,42.938232421875,23.289267945984363,15,0.457763671875,1391,42.449951171875,1,0.030517578125,1954,1324,7.6328125,5.171875,7,5,16288,357.890625,1,0,102,80,22,3,3,2,0x04,0,0,0,1,0,0,1,0,0,0,0,0,0,,,,,,,,,,,,,,,
479,16.0,708707,21628.021240234375,21.628021240234375,11,OPEN_TRAVERSE,0x02,large_room,1416,1416,43.212890625,23.141242937853107,15,0.457763671875,1401,42.755126953125,0,0.0,1973,1324,7.70703125,5.171875,7,5,16288,357.890625,1,0,102,80,22,3,3,2,0x04,0,0,0,1,0,0,1,0,0,0,0,0,0,,,,,,,,,,,,,,,
480,16.033333333333335,710121,21671.173095703125,21.671173095703125,11,OPEN_TRAVERSE,0x02,large_room,1414,1414,43.15185546875,23.173974540311175,15,0.457763671875,1399,42.694091796875,0,0.0,1992,1324,7.78125,5.171875,7,5,16288,357.890625,1,0,102,80,22,3,3,2,0x04,0,0,0,1,0,0,1,0,0,0,0,0,0,,,,,,,,,,,,,,,
481,16.066666666666666,711546,21714.66064453125,21.71466064453125,11,OPEN_TRAVERSE,0x02,large_room,1425,1425,43.487548828125,22.995087719298244,15,0.457763671875,1409,42.999267578125,1,0.030517578125,2011,1324,7.85546875,5.171875,7,5,16288,357.890625,1,0,103,80,23,3,3,2,0x04,0,0,0,1,0,0,1,0,0,0,0,0,0,,,,,,,,,,,,,,,
482,16.1,712977,21758.331298828125,21.758331298828125,11,OPEN_TRAVERSE,0x02,large_room,1431,1431,43.670654296875,22.898672257162822,16,0.48828125,1414,43.15185546875,1,0.030517578125,2030,1324,7.9296875,5.171875,7,5,16288,357.890625,1,0,104,80,24,3,3,2,0x04,0,0,0,1,0,0,1,0,0,0,0,0,0,,,,,,,,,,,,,,,
483,16.133333333333333,714400,21801.7578125,21.8017578125,11,OPEN_TRAVERSE,0x02,large_room,1423,1423,43.426513671875,23.02740688685875,16,0.48828125,1406,42.90771484375,1,0.030517578125,2049,1324,8.00390625,5.171875,8,5,16288,357.890625,1,0,104,80,24,3,3,2,0x04,0,0,0,1,0,0,1,0,0,0,0,0,0,,,,,,,,,,,,,,,
484,16.166666666666668,715814,21844.90966796875,21.84490966796875,11,OPEN_TRAVERSE,0x02,large_room,1414,1414,43.15185546875,23.173974540311175,15,0.457763671875,1398,42.66357421875,1,0.030517578125,2068,1324,8.078125,5.171875,8,5,16288,357.890625,1,0,104,80,24,3,3,2,0x04,0,0,0,1,0,0,1,0,0,0,0,0,0,,,,,,,,,,,,,,,
485,16.2,717245,21888.580322265625,21.888580322265625,11,OPEN_TRAVERSE,0x02,large_room,1431,1431,43.670654296875,22.898672257162822,15,0.457763671875,1415,43.182373046875,1,0.030517578125,2087,1324,8.15234375,5.171875,8,5,16288,357.890625,1,0,105,80,25,3,3,2,0x04,0,0,0,1,0,0,1,0,0,0,0,0,0,,,,,,,,,,,,,,,
486,16.233333333333334,718671,21932.098388671875,21.932098388671875,11,OPEN_TRAVERSE,0x02,large_room,1426,1426,43.51806640625,22.978962131837307,15,0.457763671875,1411,43.060302734375,0,0.0,2106,1324,8.2265625,5.171875,8,5,16288,357.890625,1,0,104,80,24,3,3,2,0x04,0,0,0,1,0,0,1,0,0,0,0,0,0,,,,,,,,,,,,,,,
487,16.266666666666666,720101,21975.738525390625,21.975738525390625,11,OPEN_TRAVERSE,0x02,large_room,1430,1430,43.64013671875,22.914685314685315,15,0.457763671875,1415,43.182373046875,0,0.0,2125,1324,8.30078125,5.171875,8,5,16288,357.890625,1,0,104,80,24,3,3,2,0x04,0,0,0,1,0,0,1,0,0,0,0,0,0,,,,,,,,,,,,,,,
488,16.3,721535,22019.500732421875,22.019500732421875,11,OPEN_TRAVERSE,0x02,large_room,1434,1434,43.76220703125,22.850767085076708,15,0.457763671875,1419,43.304443359375,0,0.0,2144,1324,8.375,5.171875,8,5,16288,357.890625,1,0,104,80,24,3,3,2,0x04,0,0,0,1,0,0,1,0,0,0,0,0,0,,,,,,,,,,,,,,,
489,16.333333333333332,722978,22063.53759765625,22.06353759765625,11,OPEN_TRAVERSE,0x02,large_room,1443,1443,44.036865234375,22.70824670824671,15,0.457763671875,1427,43.548583984375,1,0.030517578125,2163,1324,8.44921875,5.171875,8,5,16288,357.890625,1,0,105,80,25,3,3,2,0x04,0,0,0,1,0,0,1,0,0,0,0,0,0,,,,,,,,,,,,,,,
490,16.366666666666667,724441,22108.184814453125,22.108184814453125,11,OPEN_TRAVERSE,0x02,large_room,1463,1463,44.647216796875,22.39781271360219,15,0.457763671875,1448,44.189453125,0,0.0,2182,1324,8.5234375,5.171875,8,5,16288,357.890625,1,0,107,80,27,3,3,2,0x04,0,0,0,1,0,0,1,0,0,0,0,0,0,,,,,,,,,,,,,,,
491,16.4,725909,22152.984619140625,22.152984619140625,11,OPEN_TRAVERSE,0x02,large_room,1468,1468,44.7998046875,22.321525885558582,15,0.457763671875,1453,44.342041015625,0,0.0,2201,1324,8.59765625,5.171875,8,5,16288,357.890625,1,0,107,80,27,3,3,2,0x04,0,0,0,1,0,0,1,0,0,0,0,0,0,,,,,,,,,,,,,,,
492,16.433333333333334,727393,22198.272705078125,22.198272705078125,11,OPEN_TRAVERSE,0x02,large_room,1484,1484,45.2880859375,22.080862533692724,15,0.457763671875,1468,44.7998046875,1,0.030517578125,2220,1324,8.671875,5.171875,8,5,16288,357.890625,1,0,108,80,28,3,3,2,0x04,0,0,0,1,0,0,1,0,0,0,0,0,0,,,,,,,,,,,,,,,
493,16.466666666666665,728879,22243.621826171875,22.243621826171875,11,OPEN_TRAVERSE,0x02,large_room,1486,1486,45.34912109375,22.05114401076716,15,0.457763671875,1470,44.86083984375,1,0.030517578125,2239,1324,8.74609375,5.171875,8,5,16288,357.890625,1,0,108,80,28,3,3,2,0x04,0,0,0,1,0,0,1,0,0,0,0,0,0,,,,,,,,,,,,,,,
494,16.5,730379,22289.398193359375,22.289398193359375,11,OPEN_TRAVERSE,0x02,large_room,1500,1500,45.7763671875,21.845333333333333,15,0.457763671875,1484,45.2880859375,1,0.030517578125,2258,1324,8.8203125,5.171875,8,5,16288,357.890625,1,0,108,80,28,3,3,2,0x04,0,0,0,1,0,0,1,0,0,0,0,0,0,,,,,,,,,,,,,,,
495,16.533333333333335,731892,22335.5712890625,22.3355712890625,11,OPEN_TRAVERSE,0x02,large_room,1513,1513,46.173095703125,21.657633840052874,16,0.48828125,1497,45.684814453125,0,0.0,2277,1324,8.89453125,5.171875,8,5,16288,357.890625,1,0,109,80,29,3,3,2,0x04,0,0,0,1,0,0,1,0,0,0,0,0,0,,,,,,,,,,,,,,,
496,16.566666666666666,733408,22381.8359375,22.3818359375,11,OPEN_TRAVERSE,0x02,large_room,1516,1516,46.2646484375,21.614775725593667,16,0.48828125,1500,45.7763671875,0,0.0,2296,1324,8.96875,5.171875,8,5,16288,357.890625,1,0,109,80,29,3,3,2,0x04,0,0,0,1,0,0,1,0,0,0,0,0,0,,,,,,,,,,,,,,,
497,16.6,734919,22427.947998046875,22.427947998046875,11,OPEN_TRAVERSE,0x02,large_room,1511,1511,46.112060546875,21.686300463269358,15,0.457763671875,1495,45.623779296875,1,0.030517578125,2315,1324,9.04296875,5.171875,9,5,16288,357.890625,1,0,110,80,30,3,3,2,0x04,0,0,0,1,0,0,1,0,0,0,0,0,0,,,,,,,,,,,,,,,
498,16.633333333333333,736423,22473.846435546875,22.473846435546875,11,OPEN_TRAVERSE,0x02,large_room,1504,1504,45.8984375,21.78723404255319,15,0.457763671875,1489,45.440673828125,0,0.0,2334,1324,9.1171875,5.171875,9,5,16288,357.890625,1,0,109,80,29,3,3,2,0x04,0,0,0,1,0,0,1,0,0,0,0,0,0,,,,,,,,,,,,,,,
499,16.666666666666668,737949,22520.416259765625,22.520416259765625,11,OPEN_TRAVERSE,0x02,large_room,1526,1526,46.56982421875,21.47313237221494,15,0.457763671875,1510,46.08154296875,1,0.030517578125,2353,1324,9.19140625,5.171875,9,5,16288,357.890625,1,0,110,80,30,3,3,2,0x04,0,0,0,1,0,0,1,0,0,0,0,0,0,,,,,,,,,,,,,,,
500,16.7,739489,22567.413330078125,22.567413330078125,11,OPEN_TRAVERSE,0x02,large_room,1540,1540,46.9970703125,21.277922077922078,15,0.457763671875,1525,46.539306640625,0,0.0,2372,1324,9.265625,5.171875,9,5,16288,357.890625,1,0,110,80,30,3,3,2,0x04,0,0,0,1,0,0,1,0,0,0,0,0,0,,,,,,,,,,,,,,,
501,16.733333333333334,741047,22614.959716796875,22.614959716796875,11,OPEN_TRAVERSE,0x02,large_room,1558,1558,47.54638671875,21.03209242618742,15,0.457763671875,1543,47.088623046875,0,0.0,2391,1324,9.33984375,5.171875,9,5,16288,357.890625,1,0,111,80,31,3,3,2,0x04,0,0,0,1,0,0,1,0,0,0,0,0,0,,,,,,,,,,,,,,,
502,16.766666666666666,742613,22662.750244140625,22.662750244140625,11,OPEN_TRAVERSE,0x02,large_room,1566,1566,47.79052734375,20.924648786717754,15,0.457763671875,1551,47.332763671875,0,0.0,2410,1324,9.4140625,5.171875,9,5,16288,357.890625,1,0,111,80,31,3,3,2,0x04,0,0,0,1,0,0,1,0,0,0,0,0,0,,,,,,,,,,,,,,,
503,16.8,744183,22710.662841796875,22.710662841796875,11,OPEN_TRAVERSE,0x02,large_room,1570,1570,47.91259765625,20.871337579617833,15,0.457763671875,1555,47.454833984375,0,0.0,2429,1324,9.48828125,5.171875,9,5,16288,357.890625,1,0,111,80,31,3,3,2,0x04,0,0,0,1,0,0,1,0,0,0,0,0,0,,,,,,,,,,,,,,,
504,16.833333333333332,745786,22759.58251953125,22.75958251953125,11,OPEN_TRAVERSE,0x02,large_room,1603,1603,48.919677734375,20.44167186525265,15,0.457763671875,1587,48.431396484375,1,0.030517578125,2448,1324,9.5625,5.171875,9,5,16288,357.890625,1,0,113,80,33,3,3,2,0x04,0,0,0,1,0,0,1,0,0,0,0,0,0,,,,,,,,,,,,,,,
505,16.866666666666667,747396,22808.7158203125,22.8087158203125,11,OPEN_TRAVERSE,0x02,large_room,1610,1610,49.13330078125,20.3527950310559,15,0.457763671875,1594,48.64501953125,1,0.030517578125,2467,1324,9.63671875,5.171875,9,5,16288,357.890625,1,0,113,80,33,3,3,2,0x04,0,0,0,1,0,0,1,0,0,0,0,0,0,,,,,,,,,,,,,,,
506,16.9,749024,22858.3984375,22.8583984375,11,OPEN_TRAVERSE,0x02,large_room,1628,1628,49.6826171875,20.127764127764127,15,0.457763671875,1613,49.224853515625,0,0.0,2486,1324,9.7109375,5.171875,9,5,16288,357.890625,1,0,114,80,34,3,3,2,0x04,0,0,0,1,0,0,1,0,0,0,0,0,0,,,,,,,,,,,,,,,
507,16.933333333333334,750679,22908.905029296875,22.908905029296875,11,OPEN_TRAVERSE,0x02,large_room,1655,1655,50.506591796875,19.79939577039275,15,0.457763671875,1639,50.018310546875,1,0.030517578125,2505,1324,9.78515625,5.171875,9,5,16288,357.890625,1,0,115,80,35,3,3,2,0x04,0,0,0,1,0,0,1,0,0,0,0,0,0,,,,,,,,,,,,,,,
508,16.966666666666665,752352,22959.9609375,22.9599609375,11,OPEN_TRAVERSE,0x02,large_room,1673,1673,51.055908203125,19.586371787208606,16,0.48828125,1657,50.567626953125,0,0.0,2524,1324,9.859375,5.171875,9,5,16288,357.890625,1,0,116,80,36,3,3,2,0x04,0,0,0,1,0,0,1,0,0,0,0,0,0,,,,,,,,,,,,,,,
509,17.0,754037,23011.383056640625,23.011383056640625,11,OPEN_TRAVERSE,0x02,large_room,1685,1685,51.422119140625,19.446884272997032,16,0.48828125,1668,50.9033203125,1,0.030517578125,2543,1324,9.93359375,5.171875,9,5,16288,357.890625,1,0,116,80,36,3,3,2,0x04,0,0,0,1,0,0,1,0,0,0,0,0,0,,,,,,,,,,,,,,,
510,17.033333333333335,755728,23062.98828125,23.06298828125,11,OPEN_TRAVERSE,0x02,large_room,1691,1691,51.605224609375,19.377882909520995,16,0.48828125,1675,51.116943359375,0,0.0,2562,1324,10.0078125,5.171875,10,5,16288,357.890625,1,0,117,80,37,3,3,2,0x04,0,0,0,1,0,0,1,0,0,0,0,0,0,,,,,,,,,,,,,,,
511,17.066666666666666,757413,23114.410400390625,23.114410400390625,11,OPEN_TRAVERSE,0x02,large_room,1685,1685,51.422119140625,19.446884272997032,15,0.457763671875,1670,50.96435546875,0,0.0,2581,1324,10.08203125,5.171875,10,5,16288,357.890625,1,0,117,80,37,3,3,2,0x04,0,0,0,1,0,0,1,0,0,0,0,0,0,,,,,,,,,,,,,,,
512,17.1,759117,23166.412353515625,23.166412353515625,11,OPEN_TRAVERSE,0x02,large_room,1704,1704,52.001953125,19.230046948356808,15,0.457763671875,1688,51.513671875,1,0.030517578125,2600,1324,10.15625,5.171875,10,5,16288,357.890625,1,0,119,80,39,3,3,2,0x04,0,0,0,1,0,0,1,0,0,0,0,0,0,,,,,,,,,,,,,,,
513,17.133333333333333,760819,23218.353271484375,23.218353271484375,11,OPEN_TRAVERSE,0x02,large_room,1702,1702,51.94091796875,19.25264394829612,15,0.457763671875,1686,51.45263671875,1,0.030517578125,2619,1324,10.23046875,5.171875,10,5,16288,357.890625,1,0,119,80,39,3,3,2,0x04,0,0,0,1,0,0,1,0,0,0,0,0,0,,,,,,,,,,,,,,,
514,17.166666666666668,762521,23270.294189453125,23.270294189453125,11,OPEN_TRAVERSE,0x02,large_room,1702,1702,51.94091796875,19.25264394829612,15,0.457763671875,1687,51.483154296875,0,0.0,2638,1324,10.3046875,5.171875,10,5,16288,357.890625,1,0,119,80,39,3,3,2,0x04,0,0,0,1,0,0,1,0,0,0,0,0,0,,,,,,,,,,,,,,,
515,17.2,764213,23321.929931640625,23.321929931640625,11,OPEN_TRAVERSE,0x02,large_room,1692,1692,51.6357421875,19.36643026004728,15,0.457763671875,1676,51.1474609375,1,0.030517578125,2657,1324,10.37890625,5.171875,10,5,16288,357.890625,1,0,119,80,39,3,3,2,0x04,0,0,0,1,0,0,1,0,0,0,0,0,0,,,,,,,,,,,,,,,
516,17.233333333333334,765917,23373.931884765625,23.373931884765625,11,OPEN_TRAVERSE,0x02,large_room,1704,1704,52.001953125,19.230046948356808,15,0.457763671875,1688,51.513671875,1,0.030517578125,2676,1324,10.453125,5.171875,10,5,16288,357.890625,1,0,121,80,41,3,3,2,0x04,0,0,0,1,0,0,1,0,0,0,0,0,0,,,,,,,,,,,,,,,
517,17.266666666666666,767617,23425.811767578125,23.425811767578125,11,OPEN_TRAVERSE,0x02,large_room,1700,1700,51.8798828125,19.275294117647057,15,0.457763671875,1685,51.422119140625,0,0.0,2695,1324,10.52734375,5.171875,10,5,16288,357.890625,1,0,121,80,41,3,3,2,0x04,0,0,0,1,0,0,1,0,0,0,0,0,0,,,,,,,,,,,,,,,
518,17.3,769332,23478.1494140625,23.4781494140625,11,OPEN_TRAVERSE,0x02,large_room,1715,1715,52.337646484375,19.1067055393586,15,0.457763671875,1700,51.8798828125,0,0.0,2714,1324,10.6015625,5.171875,10,5,16288,357.890625,1,0,122,80,42,3,3,2,0x04,0,0,0,1,0,0,1,0,0,0,0,0,0,,,,,,,,,,,,,,,
519,17.333333333333332,771056,23530.76171875,23.53076171875,11,OPEN_TRAVERSE,0x02,large_room,1724,1724,52.6123046875,19.006960556844547,15,0.457763671875,1708,52.1240234375,1,0.030517578125,2733,1324,10.67578125,5.171875,10,5,16288,357.890625,1,0,123,80,43,3,3,2,0x06,1,0,0,1,0,0,1,0,0,0,0,0,0,52.764892578125,3.5400390625,0.0,13.916015625,10.772705078125,6.103515625,12.847900390625,5.584716796875,43,80,43,43,43,10688,656
520,17.366666666666667,772707,23581.146240234375,23.581146240234375,11,OPEN_TRAVERSE,0x02,large_room,1651,1651,50.384521484375,19.847365233192004,16,0.48828125,1634,49.86572265625,1,0.030517578125,2752,1324,10.75,5.171875,10,5,16288,357.890625,1,0,125,80,45,3,3,2,0x04,0,0,0,1,0,0,1,0,0,0,0,0,0,,,,,,,,,,,,,,,
521,17.4,774360,23631.591796875,23.631591796875,11,OPEN_TRAVERSE,0x02,large_room,1653,1653,50.445556640625,19.82335148215366,15,0.457763671875,1638,49.98779296875,0,0.0,2771,1324,10.82421875,5.171875,10,5,16288,357.890625,1,0,125,80,45,3,3,2,0x04,0,0,0,1,0,0,1,0,0,0,0,0,0,,,,,,,,,,,,,,,
522,17.433333333333334,776019,23682.220458984375,23.682220458984375,11,OPEN_TRAVERSE,0x02,large_room,1659,1659,50.628662109375,19.751657625075346,16,0.48828125,1643,50.140380859375,0,0.0,2790,1324,10.8984375,5.171875,10,5,16288,357.890625,1,0,127,80,47,3,3,2,0x04,0,0,0,1,0,0,1,0,0,0,0,0,0,,,,,,,,,,,,,,,
523,17.466666666666665,777686,23733.09326171875,23.73309326171875,11,OPEN_TRAVERSE,0x02,large_room,1667,1667,50.872802734375,19.656868626274743,16,0.48828125,1650,50.35400390625,1,0.030517578125,2809,1324,10.97265625,5.171875,10,5,16288,357.890625,1,0,128,80,48,3,3,2,0x04,0,0,0,1,0,0,1,0,0,0,0,0,0,,,,,,,,,,,,,,,
524,17.5,779335,23783.416748046875,23.783416748046875,11,OPEN_TRAVERSE,0x02,large_room,1649,1649,50.323486328125,19.87143723468769,16,0.48828125,1633,49.835205078125,0,0.0,2828,1324,11.046875,5.171875,11,5,16288,357.890625,1,0,128,80,48,3,3,2,0x04,0,0,0,1,0,0,1,0,0,0,0,0,0,,,,,,,,,,,,,,,
525,17.533333333333335,780982,23833.67919921875,23.83367919921875,11,OPEN_TRAVERSE,0x02,large_room,1647,1647,50.262451171875,19.89556769884639,15,0.457763671875,1631,49.774169921875,1,0.030517578125,2847,1324,11.12109375,5.171875,11,5,16288,357.890625,1,0,128,80,48,3,3,2,0x04,0,0,0,1,0,0,1,0,0,0,0,0,0,,,,,,,,,,,,,,,
526,17.566666666666666,782633,23884.063720703125,23.884063720703125,11,OPEN_TRAVERSE,0x02,large_room,1651,1651,50.384521484375,19.847365233192004,15,0.457763671875,1635,49.896240234375,1,0.030517578125,2866,1324,11.1953125,5.171875,11,5,16288,357.890625,1,0,129,80,49,3,3,2,0x04,0,0,0,1,0,0,1,0,0,0,0,0,0,,,,,,,,,,,,,,,
527,17.6,784265,23933.868408203125,23.933868408203125,11,OPEN_TRAVERSE,0x02,large_room,1632,1632,49.8046875,20.07843137254902,15,0.457763671875,1617,49.346923828125,0,0.0,2885,1324,11.26953125,5.171875,11,5,16288,357.890625,1,0,128,80,48,3,3,2,0x04,0,0,0,1,0,0,1,0,0,0,0,0,0,,,,,,,,,,,,,,,
528,17.633333333333333,785890,23983.45947265625,23.98345947265625,11,OPEN_TRAVERSE,0x02,large_room,1625,1625,49.591064453125,20.164923076923078,15,0.457763671875,1609,49.102783203125,1,0.030517578125,2904,1324,11.34375,5.171875,11,5,16288,357.890625,1,0,128,80,48,3,3,2,0x04,0,0,0,1,0,0,1,0,0,0,0,0,0,,,,,,,,,,,,,,,
529,17.666666666666668,787510,24032.89794921875,24.03289794921875,11,OPEN_TRAVERSE,0x02,large_room,1620,1620,49.4384765625,20.22716049382716,15,0.457763671875,1604,48.9501953125,1,0.030517578125,2923,1324,11.41796875,5.171875,11,5,16288,357.890625,1,0,128,80,48,3,3,2,0x04,0,0,0,1,0,0,1,0,0,0,0,0,0,,,,,,,,,,,,,,,
530,17.7,789136,24082.51953125,24.08251953125,11,OPEN_TRAVERSE,0x02,large_room,1626,1626,49.62158203125,20.152521525215253,15,0.457763671875,1611,49.163818359375,0,0.0,2942,1324,11.4921875,5.171875,11,5,16288,357.890625,1,0,129,80,49,3,3,2,0x04,0,0,0,1,0,0,1,0,0,0,0,0,0,,,,,,,,,,,,,,,
531,17.733333333333334,790752,24131.8359375,24.1318359375,11,OPEN_TRAVERSE,0x02,large_room,1616,1616,49.31640625,20.277227722772277,15,0.457763671875,1600,48.828125,1,0.030517578125,2961,1324,11.56640625,5.171875,11,5,16288,357.890625,1,0,128,80,48,3,3,2,0x0C,0,0,0,1,1,0,1,0,0,0,0,0,0,,,,,,,,,,,,,,,
532,17.766666666666666,792326,24179.87060546875,24.17987060546875,12,OPEN_NAV,0x0A,large_room|fast_turn,1574,1574,48.03466796875,20.818297331639137,6,0.18310546875,1567,47.821044921875,1,0.030517578125,2961,1324,11.56640625,5.171875,11,5,6,0.1318359375,0,1,132,80,52,3,3,2,0x04,0,0,0,1,0,0,1,0,1,0,0,0,0,,,,,,,,,,,,,,,
533,17.8,793988,24230.5908203125,24.2305908203125,12,OPEN_NAV,0x0A,large_room|fast_turn,1662,1662,50.72021484375,19.71600481347774,6,0.18310546875,1656,50.537109375,0,0.0,2961,1324,11.56640625,5.171875,11,5,108,2.373046875,0,1,137,80,57,3,3,2,0x04,0,0,0,1,0,0,1,0,1,0,0,0,0,,,,,,,,,,,,,,,
534,17.833333333333332,795651,24281.341552734375,24.281341552734375,12,OPEN_NAV,0x0A,large_room|fast_turn,1663,1663,50.750732421875,19.70414912808178,5,0.152587890625,1658,50.59814453125,0,0.0,2961,1324,11.56640625,5.171875,11,5,210,4.6142578125,0,1,137,80,57,3,3,2,0x04,0,0,0,1,0,0,1,0,1,0,0,0,0,,,,,,,,,,,,,,,
535,17.866666666666667,797312,24332.03125,24.33203125,12,OPEN_NAV,0x0A,large_room|fast_turn,1661,1661,50.689697265625,19.72787477423239,6,0.18310546875,1655,50.506591796875,0,0.0,2961,1324,11.56640625,5.171875,11,5,312,6.85546875,0,1,135,80,55,3,3,2,0x04,0,0,0,1,0,0,1,0,1,0,0,0,0,,,,,,,,,,,,,,,
536,17.9,798960,24382.32421875,24.38232421875,12,OPEN_NAV,0x0A,large_room|fast_turn,1648,1648,50.29296875,19.883495145631066,5,0.152587890625,1643,50.140380859375,0,0.0,2961,1324,11.56640625,5.171875,11,5,414,9.0966796875,0,1,135,80,55,3,3,2,0x04,0,0,0,1,0,0,1,0,1,0,0,0,0,,,,,,,,,,,,,,,
537,17.933333333333334,800605,24432.525634765625,24.432525634765625,12,OPEN_NAV,0x0A,large_room|fast_turn,1645,1645,50.201416015625,19.919756838905776,5,0.152587890625,1639,50.018310546875,1,0.030517578125,2961,1324,11.56640625,5.171875,11,5,516,11.337890625,0,1,134,80,54,3,3,2,0x04,0,0,0,1,0,0,1,0,1,0,0,0,0,,,,,,,,,,,,,,,
538,17.966666666666665,802264,24483.154296875,24.483154296875,12,OPEN_NAV,0x0A,large_room|fast_turn,1659,1659,50.628662109375,19.751657625075346,6,0.18310546875,1652,50.4150390625,1,0.030517578125,2961,1324,11.56640625,5.171875,11,5,618,13.5791015625,0,1,136,80,56,3,3,2,0x04,0,0,0,1,0,0,1,0,1,0,0,0,0,,,,,,,,,,,,,,,
539,18.0,803925,24533.843994140625,24.533843994140625,12,OPEN_NAV,0x0A,large_room|fast_turn,1661,1661,50.689697265625,19.72787477423239,6,0.18310546875,1654,50.47607421875,1,0.030517578125,2961,1324,11.56640625,5.171875,11,5,720,15.8203125,0,1,134,80,54,3,3,2,0x04,0,0,0,1,0,0,1,0,1,0,0,0,0,,,,,,,,,,,,,,,
540,18.033333333333335,805597,24584.869384765625,24.584869384765625,12,OPEN_NAV,0x0A,large_room|fast_turn,1672,1672,51.025390625,19.598086124401913,6,0.18310546875,1665,50.811767578125,1,0.030517578125,2961,1324,11.56640625,5.171875,11,5,822,18.0615234375,0,1,134,80,54,3,3,2,0x04,0,0,0,1,0,0,1,0,1,0,0,0,0,,,,,,,,,,,,,,,
541,18.066666666666666,807306,24637.02392578125,24.63702392578125,12,OPEN_NAV,0x0A,large_room|fast_turn,1709,1709,52.154541015625,19.173785839672323,5,0.152587890625,1703,51.971435546875,1,0.030517578125,2961,1324,11.56640625,5.171875,11,5,924,20.302734375,0,1,133,80,53,3,3,2,0x04,0,0,0,1,0,0,1,0,1,0,0,0,0,,,,,,,,,,,,,,,
542,18.1,809042,24690.00244140625,24.69000244140625,12,OPEN_NAV,0x0A,large_room|fast_turn,1736,1736,52.978515625,18.87557603686636,6,0.18310546875,1729,52.764892578125,1,0.030517578125,2961,1324,11.56640625,5.171875,11,5,1026,22.5439453125,0,1,135,80,55,3,3,2,0x04,0,0,0,1,0,0,1,0,1,0,0,0,0,,,,,,,,,,,,,,,
543,18.133333333333333,810780,24743.0419921875,24.7430419921875,12,OPEN_NAV,0x0A,large_room|fast_turn,1738,1738,53.03955078125,18.85385500575374,6,0.18310546875,1731,52.825927734375,1,0.030517578125,2961,1324,11.56640625,5.171875,11,5,1128,24.78515625,0,1,137,80,57,3,3,2,0x04,0,0,0,1,0,0,1,0,1,0,0,0,0,,,,,,,,,,,,,,,
544,18.166666666666668,812518,24796.08154296875,24.79608154296875,12,OPEN_NAV,0x0A,large_room|fast_turn,1738,1738,53.03955078125,18.85385500575374,5,0.152587890625,1733,52.886962890625,0,0.0,2961,1324,11.56640625,5.171875,11,5,1230,27.0263671875,0,1,136,80,56,3,3,2,0x04,0,0,0,1,0,0,1,0,1,0,0,0,0,,,,,,,,,,,,,,,
545,18.2,814274,24849.67041015625,24.84967041015625,12,OPEN_NAV,0x0A,large_room|fast_turn,1756,1756,53.5888671875,18.660592255125284,5,0.152587890625,1750,53.40576171875,1,0.030517578125,2961,1324,11.56640625,5.171875,11,5,1332,29.267578125,0,1,138,80,58,3,3,2,0x06,1,0,0,1,0,0,1,0,1,0,0,0,0,54.13818359375,4.180908203125,0.0,14.95361328125,11.810302734375,7.293701171875,7.781982421875,8.11767578125,58,80,58,58,58,4937,897
546,18.233333333333334,816009,24902.618408203125,24.902618408203125,12,OPEN_NAV,0x0A,large_room|fast_turn,1735,1735,52.947998046875,18.886455331412105,6,0.18310546875,1728,52.734375,1,0.030517578125,2961,1324,11.56640625,5.171875,11,5,1434,31.5087890625,0,1,137,80,57,3,3,2,0x04,0,0,0,1,0,0,1,0,1,0,0,0,0,,,,,,,,,,,,,,,
547,18.266666666666666,817694,24954.04052734375,24.95404052734375,12,OPEN_NAV,0x0A,large_room|fast_turn,1685,1685,51.422119140625,19.446884272997032,6,0.18310546875,1679,51.239013671875,0,0.0,2961,1324,11.56640625,5.171875,11,5,1536,33.75,0,1,133,80,53,3,3,2,0x04,0,0,0,1,0,0,1,0,1,0,0,0,0,,,,,,,,,,,,,,,
548,18.3,819357,25004.791259765625,25.004791259765625,12,OPEN_NAV,0x0A,large_room|fast_turn,1663,1663,50.750732421875,19.70414912808178,6,0.18310546875,1657,50.567626953125,0,0.0,2961,1324,11.56640625,5.171875,11,5,1638,35.9912109375,0,1,130,80,50,3,3,2,0x04,0,0,0,1,0,0,1,0,1,0,0,0,0,,,,,,,,,,,,,,,
549,18.333333333333332,821030,25055.84716796875,25.05584716796875,12,OPEN_NAV,0x0A,large_room|fast_turn,1673,1673,51.055908203125,19.586371787208606,6,0.18310546875,1666,50.84228515625,1,0.030517578125,2961,1324,11.56640625,5.171875,11,5,1740,38.232421875,0,1,129,80,49,3,3,2,0x04,0,0,0,1,0,0,1,0,1,0,0,0,0,,,,,,,,,,,,,,,
550,18.366666666666667,822702,25106.87255859375,25.10687255859375,12,OPEN_NAV,0x0A,large_room|fast_turn,1672,1672,51.025390625,19.598086124401913,6,0.18310546875,1666,50.84228515625,0,0.0,2961,1324,11.56640625,5.171875,11,5,1842,40.4736328125,0,1,127,80,47,3,3,2,0x04,0,0,0,1,0,0,1,0,1,0,0,0,0,,,,,,,,,,,,,,,
551,18.4,824340,25156.8603515625,25.1568603515625,12,OPEN_NAV,0x0A,large_room|fast_turn,1638,1638,49.98779296875,20.004884004884005,5,0.152587890625,1632,49.8046875,1,0.030517578125,2961,1324,11.56640625,5.171875,11,5,1944,42.71484375,0,1,122,80,42,3,3,2,0x04,0,0,0,1,0,0,1,0,1,0,0,0,0,,,,,,,,,,,,,,,
552,18.433333333333334,825954,25206.11572265625,25.20611572265625,12,OPEN_NAV,0x0A,large_room|fast_turn,1614,1614,49.25537109375,20.302354399008674,6,0.18310546875,1608,49.072265625,0,0.0,2961,1324,11.56640625,5.171875,11,5,2046,44.9560546875,0,1,118,80,38,3,3,2,0x04,0,0,0,1,0,0,1,0,1,0,0,0,0,,,,,,,,,,,,,,,
553,18.466666666666665,827562,25255.18798828125,25.25518798828125,12,OPEN_NAV,0x0A,large_room|fast_turn,1608,1608,49.072265625,20.378109452736318,5,0.152587890625,1603,48.919677734375,0,0.0,2961,1324,11.56640625,5.171875,11,5,2148,47.197265625,0,1,117,80,37,3,3,2,0x04,0,0,0,1,0,0,1,0,1,0,0,0,0,,,,,,,,,,,,,,,
554,18.5,829105,25302.276611328125,25.302276611328125,12,OPEN_NAV,0x0A,large_room|fast_turn,1543,1543,47.088623046875,21.23655217109527,5,0.152587890625,1537,46.905517578125,1,0.030517578125,2961,1324,11.56640625,5.171875,11,5,2250,49.4384765625,0,1,110,80,30,3,3,2,0x04,0,0,0,1,0,0,1,0,1,0,0,0,0,,,,,,,,,,,,,,,
555,18.533333333333335,830621,25348.541259765625,25.348541259765625,12,OPEN_NAV,0x0A,large_room|fast_turn,1516,1516,46.2646484375,21.614775725593667,6,0.18310546875,1509,46.051025390625,1,0.030517578125,2961,1324,11.56640625,5.171875,11,5,2352,51.6796875,0,1,107,80,27,3,3,2,0x04,0,0,0,1,0,0,1,0,1,0,0,0,0,,,,,,,,,,,,,,,
556,18.566666666666666,832100,25393.6767578125,25.3936767578125,12,OPEN_NAV,0x0A,large_room|fast_turn,1479,1479,45.135498046875,22.15551048005409,6,0.18310546875,1473,44.952392578125,0,0.0,2961,1324,11.56640625,5.171875,11,5,2454,53.9208984375,0,1,104,80,24,3,3,2,0x04,0,0,0,1,0,0,1,0,1,0,0,0,0,,,,,,,,,,,,,,,
557,18.6,833535,25437.469482421875,25.437469482421875,12,OPEN_NAV,0x0A,large_room|fast_turn,1435,1435,43.792724609375,22.834843205574913,5,0.152587890625,1429,43.609619140625,1,0.030517578125,2961,1324,11.56640625,5.171875,11,5,2556,56.162109375,0,1,101,80,21,3,3,2,0x04,0,0,0,1,0,0,1,0,1,0,0,0,0,,,,,,,,,,,,,,,
558,18.633333333333333,834928,25479.98046875,25.47998046875,12,OPEN_NAV,0x0A,large_room|fast_turn,1393,1393,42.510986328125,23.52333094041637,6,0.18310546875,1386,42.29736328125,1,0.030517578125,2961,1324,11.56640625,5.171875,11,5,2658,58.4033203125,0,1,98,80,18,3,3,2,0x04,0,0,0,1,0,0,1,0,1,0,0,0,0,,,,,,,,,,,,,,,
559,18.666666666666668,836296,25521.728515625,25.521728515625,12,OPEN_NAV,0x0A,large_room|fast_turn,1368,1368,41.748046875,23.953216374269005,6,0.18310546875,1361,41.534423828125,1,0.030517578125,2961,1324,11.56640625,5.171875,11,5,2760,60.64453125,0,1,96,80,16,3,3,2,0x04,0,0,0,1,0,0,1,0,1,0,0,0,0,,,,,,,,,,,,,,,
560,18.7,837637,25562.652587890625,25.562652587890625,12,OPEN_NAV,0x0A,large_room|fast_turn,1341,1341,40.924072265625,24.435495898583145,6,0.18310546875,1335,40.740966796875,0,0.0,2961,1324,11.56640625,5.171875,11,5,2862,62.8857421875,0,1,93,80,13,3,3,2,0x04,0,0,0,1,0,0,1,0,1,0,0,0,0,,,,,,,,,,,,,,,
561,18.733333333333334,838962,25603.08837890625,25.60308837890625,12,OPEN_NAV,0x0A,large_room|fast_turn,1325,1325,40.435791015625,24.730566037735848,5,0.152587890625,1320,40.283203125,0,0.0,2961,1324,11.56640625,5.171875,11,5,2964,65.126953125,0,1,91,80,11,3,3,2,0x04,0,0,0,1,0,0,1,0,1,0,0,0,0,,,,,,,,,,,,,,,
562,18.766666666666666,840231,25641.815185546875,25.641815185546875,12,OPEN_NAV,0x0A,large_room|fast_turn,1269,1269,38.726806640625,25.821907013396377,6,0.18310546875,1262,38.51318359375,1,0.030517578125,2961,1324,11.56640625,5.171875,11,5,3066,67.3681640625,0,1,85,80,5,3,3,2,0x04,0,0,0,1,0,0,1,0,1,0,0,0,0,,,,,,,,,,,,,,,
563,18.8,841466,25679.50439453125,25.67950439453125,12,OPEN_NAV,0x0A,large_room|fast_turn,1235,1235,37.689208984375,26.532793522267205,6,0.18310546875,1228,37.4755859375,1,0.030517578125,2961,1324,11.56640625,5.171875,11,5,3168,69.609375,0,1,81,80,1,2,2,1,0x04,0,0,0,1,0,0,1,0,1,0,0,0,0,,,,,,,,,,,,,,,
564,18.833333333333332,842687,25716.766357421875,25.716766357421875,12,OPEN_NAV,0x0A,large_room|fast_turn,1221,1221,37.261962890625,26.83701883701884,6,0.18310546875,1214,37.04833984375,1,0.030517578125,2961,1324,11.56640625,5.171875,11,5,3270,71.8505859375,0,1,80,80,0,1,1,0,0x04,0,0,0,1,0,0,1,0,1,0,0,0,0,,,,,,,,,,,,,,,
565,18.866666666666667,843900,25753.7841796875,25.7537841796875,12,OPEN_NAV,0x0A,large_room|fast_turn,1213,1213,37.017822265625,27.01401483924155,6,0.18310546875,1206,36.80419921875,1,0.030517578125,2961,1324,11.56640625,5.171875,11,5,3372,74.091796875,0,1,80,80,0,1,1,0,0x04,0,0,0,1,0,0,1,0,1,0,0,0,0,,,,,,,,,,,,,,,
566,18.9,845111,25790.740966796875,25.790740966796875,12,OPEN_NAV,0x0A,large_room|fast_turn,1211,1211,36.956787109375,27.058629232039635,5,0.152587890625,1205,36.773681640625,1,0.030517578125,2961,1324,11.56640625,5.171875,11,5,3474,76.3330078125,0,1,80,80,0,1,1,0,0x04,0,0,0,1,0,0,1,0,1,0,0,0,0,,,,,,,,,,,,,,,
567,18.933333333333334,846314,25827.45361328125,25.82745361328125,12,OPEN_NAV,0x0A,large_room|fast_turn,1203,1203,36.712646484375,27.238570241064007,6,0.18310546875,1196,36.4990234375,1,0.030517578125,2961,1324,11.56640625,5.171875,11,5,3576,78.57421875,0,1,80,80,0,1,1,0,0x04,0,0,0,1,0,0,1,0,1,0,0,0,0,,,,,,,,,,,,,,,
568,18.966666666666665,847514,25864.07470703125,25.86407470703125,12,OPEN_NAV,0x0A,large_room|fast_turn,1200,1200,36.62109375,27.30666666666667,6,0.18310546875,1194,36.43798828125,0,0.0,2961,1324,11.56640625,5.171875,11,5,3678,80.8154296875,0,1,80,80,0,1,1,0,0x04,0,0,0,1,0,0,1,0,1,0,0,0,0,,,,,,,,,,,,,,,
569,19.0,848714,25900.69580078125,25.90069580078125,12,OPEN_NAV,0x0A,large_room|fast_turn,1200,1200,36.62109375,27.30666666666667,5,0.152587890625,1194,36.43798828125,1,0.030517578125,2961,1324,11.56640625,5.171875,11,5,3780,83.056640625,0,1,80,80,0,1,1,0,0x04,0,0,0,1,0,0,1,0,1,0,0,0,0,,,,,,,,,,,,,,,
570,19.033333333333335,849902,25936.95068359375,25.93695068359375,12,OPEN_NAV,0x0A,large_room|fast_turn,1188,1188,36.2548828125,27.58249158249158,6,0.18310546875,1181,36.041259765625,1,0.030517578125,2961,1324,11.56640625,5.171875,11,5,3882,85.2978515625,0,1,80,80,0,1,1,0,0x04,0,0,0,1,0,0,1,0,1,0,0,0,0,,,,,,,,,,,,,,,
571,19.066666666666666,851085,25973.052978515625,25.973052978515625,12,OPEN_NAV,0x0A,large_room|fast_turn,1183,1183,36.102294921875,27.69907016060862,6,0.18310546875,1177,35.919189453125,0,0.0,2961,1324,11.56640625,5.171875,11,5,3984,87.5390625,0,1,80,80,0,1,1,0,0x04,0,0,0,1,0,0,1,0,1,0,0,0,0,,,,,,,,,,,,,,,
572,19.1,852274,26009.33837890625,26.00933837890625,12,OPEN_NAV,0x0A,large_room|fast_turn,1189,1189,36.285400390625,27.55929352396972,13,0.396728515625,1175,35.858154296875,1,0.030517578125,2961,1343,11.56640625,5.24609375,11,5,3984,87.5390625,1,0,80,80,0,1,1,0,0x04,0,0,0,1,0,0,1,0,1,0,0,0,0,,,,,,,,,,,,,,,
573,19.133333333333333,853464,26045.654296875,26.045654296875,12,OPEN_NAV,0x0A,large_room|fast_turn,1190,1190,36.31591796875,27.536134453781514,14,0.42724609375,1175,35.858154296875,1,0.030517578125,2961,1362,11.56640625,5.3203125,11,5,3984,87.5390625,1,0,80,80,0,1,1,0,0x04,0,0,0,1,0,0,1,0,1,0,0,0,0,,,,,,,,,,,,,,,
574,19.166666666666668,854656,26082.03125,26.08203125,12,OPEN_NAV,0x0A,large_room|fast_turn,1192,1192,36.376953125,27.48993288590604,14,0.42724609375,1178,35.94970703125,0,0.0,2961,1381,11.56640625,5.39453125,11,5,3984,87.5390625,1,0,80,80,0,1,1,0,0x04,0,0,0,1,0,0,1,0,1,0,0,0,0,,,,,,,,,,,,,,,
575,19.2,855846,26118.34716796875,26.11834716796875,12,OPEN_NAV,0x0A,large_room|fast_turn,1190,1190,36.31591796875,27.536134453781514,14,0.42724609375,1175,35.858154296875,1,0.030517578125,2961,1400,11.56640625,5.46875,11,5,3984,87.5390625,1,0,80,80,0,1,1,0,0x04,0,0,0,1,0,0,1,0,1,0,0,0,0,,,,,,,,,,,,,,,
576,19.233333333333334,857041,26154.815673828125,26.154815673828125,12,OPEN_NAV,0x0A,large_room|fast_turn,1195,1195,36.468505859375,27.42092050209205,14,0.42724609375,1181,36.041259765625,0,0.0,2961,1419,11.56640625,5.54296875,11,5,3984,87.5390625,1,0,80,80,0,1,1,0,0x04,0,0,0,1,0,0,1,0,1,0,0,0,0,,,,,,,,,,,,,,,
577,19.266666666666666,858234,26191.22314453125,26.19122314453125,12,OPEN_NAV,0x0A,large_room|fast_turn,1193,1193,36.407470703125,27.466890192791283,14,0.42724609375,1179,35.980224609375,0,0.0,2961,1438,11.56640625,5.6171875,11,5,3984,87.5390625,1,0,80,80,0,1,1,0,0x04,0,0,0,1,0,0,1,0,1,0,0,0,0,,,,,,,,,,,,,,,
578,19.3,859428,26227.6611328125,26.2276611328125,12,OPEN_NAV,0x0A,large_room|fast_turn,1194,1194,36.43798828125,27.44388609715243,13,0.396728515625,1180,36.0107421875,1,0.030517578125,2961,1457,11.56640625,5.69140625,11,5,3984,87.5390625,1,0,80,80,0,1,1,0,0x04,0,0,0,1,0,0,1,0,1,0,0,0,0,,,,,,,,,,,,,,,
579,19.333333333333332,860624,26264.16015625,26.26416015625,12,OPEN_NAV,0x0A,large_room|fast_turn,1196,1196,36.4990234375,27.39799331103679,14,0.42724609375,1181,36.041259765625,1,0.030517578125,2961,1476,11.56640625,5.765625,11,5,3984,87.5390625,1,0,80,80,0,1,1,0,0x04,0,0,0,1,0,0,1,0,1,0,0,0,0,,,,,,,,,,,,,,,
580,19.366666666666667,861820,26300.6591796875,26.3006591796875,12,OPEN_NAV,0x0A,large_room|fast_turn,1196,1196,36.4990234375,27.39799331103679,14,0.42724609375,1181,36.041259765625,1,0.030517578125,2961,1495,11.56640625,5.83984375,11,5,3984,87.5390625,1,0,80,80,0,1,1,0,0x04,0,0,0,1,0,0,1,0,1,0,0,0,0,,,,,,,,,,,,,,,
581,19.4,863018,26337.21923828125,26.33721923828125,12,OPEN_NAV,0x0A,large_room|fast_turn,1198,1198,36.56005859375,27.352253756260435,14,0.42724609375,1183,36.102294921875,1,0.030517578125,2961,1514,11.56640625,5.9140625,11,5,3984,87.5390625,1,0,80,80,0,1,1,0,0x04,0,0,0,1,0,0,1,0,1,0,0,0,0,,,,,,,,,,,,,,,
582,19.433333333333334,864212,26373.6572265625,26.3736572265625,12,OPEN_NAV,0x0A,large_room|fast_turn,1194,1194,36.43798828125,27.44388609715243,15,0.457763671875,1179,35.980224609375,0,0.0,2961,1533,11.56640625,5.98828125,11,5,3984,87.5390625,1,0,80,80,0,1,1,0,0x04,0,0,0,1,0,0,1,0,1,0,0,0,0,,,,,,,,,,,,,,,
583,19.466666666666665,865383,26409.393310546875,26.409393310546875,12,OPEN_NAV,0x0A,large_room|fast_turn,1171,1171,35.736083984375,27.982920580700256,14,0.42724609375,1157,35.308837890625,0,0.0,2961,1552,11.56640625,6.0625,11,6,3984,87.5390625,1,0,80,80,0,1,1,0,0x04,0,0,0,1,0,0,1,0,1,0,0,0,0,,,,,,,,,,,,,,,
584,19.5,866556,26445.1904296875,26.4451904296875,12,OPEN_NAV,0x0A,large_room|fast_turn,1173,1173,35.797119140625,27.935208866155158,14,0.42724609375,1159,35.369873046875,0,0.0,2961,1571,11.56640625,6.13671875,11,6,3984,87.5390625,1,0,80,80,0,1,1,0,0x04,0,0,0,1,0,0,1,0,1,0,0,0,0,,,,,,,,,,,,,,,
585,19.533333333333335,867732,26481.0791015625,26.4810791015625,12,OPEN_NAV,0x0A,large_room|fast_turn,1176,1176,35.888671875,27.86394557823129,13,0.396728515625,1163,35.491943359375,0,0.0,2961,1590,11.56640625,6.2109375,11,6,3984,87.5390625,1,0,80,80,0,1,1,0,0x04,0,0,0,1,0,0,1,0,1,0,0,0,0,,,,,,,,,,,,,,,
586,19.566666666666666,868908,26516.9677734375,26.5169677734375,12,OPEN_NAV,0x0A,large_room|fast_turn,1176,1176,35.888671875,27.86394557823129,14,0.42724609375,1162,35.46142578125,0,0.0,2961,1609,11.56640625,6.28515625,11,6,3984,87.5390625,1,0,80,80,0,1,1,0,0x04,0,0,0,1,0,0,1,0,1,0,0,0,0,,,,,,,,,,,,,,,
587,19.6,870086,26552.91748046875,26.55291748046875,12,OPEN_NAV,0x0A,large_room|fast_turn,1178,1178,35.94970703125,27.816638370118845,13,0.396728515625,1164,35.5224609375,1,0.030517578125,2961,1628,11.56640625,6.359375,11,6,3984,87.5390625,1,0,80,80,0,1,1,0,0x04,0,0,0,1,0,0,1,0,1,0,0,0,0,,,,,,,,,,,,,,,
588,19.633333333333333,871265,26588.897705078125,26.588897705078125,12,OPEN_NAV,0x0A,large_room|fast_turn,1179,1179,35.980224609375,27.793044953350297,14,0.42724609375,1165,35.552978515625,0,0.0,2961,1647,11.56640625,6.43359375,11,6,3984,87.5390625,1,0,80,80,0,1,1,0,0x04,0,0,0,1,0,0,1,0,1,0,0,0,0,,,,,,,,,,,,,,,
589,19.666666666666668,872440,26624.755859375,26.624755859375,12,OPEN_NAV,0x0A,large_room|fast_turn,1175,1175,35.858154296875,27.887659574468085,14,0.42724609375,1161,35.430908203125,0,0.0,2961,1666,11.56640625,6.5078125,11,6,3984,87.5390625,1,0,80,80,0,1,1,0,0x04,0,0,0,1,0,0,1,0,1,0,0,0,0,,,,,,,,,,,,,,,
590,19.7,873620,26660.7666015625,26.6607666015625,12,OPEN_NAV,0x0A,large_room|fast_turn,1180,1180,36.0107421875,27.769491525423728,13,0.396728515625,1166,35.58349609375,1,0.030517578125,2961,1685,11.56640625,6.58203125,11,6,3984,87.5390625,1,0,80,80,0,1,1,0,0x04,0,0,0,1,0,0,1,0,1,0,0,0,0,,,,,,,,,,,,,,,
591,19.733333333333334,874798,26696.71630859375,26.69671630859375,12,OPEN_NAV,0x0A,large_room|fast_turn,1178,1178,35.94970703125,27.816638370118845,14,0.42724609375,1163,35.491943359375,1,0.030517578125,2961,1704,11.56640625,6.65625,11,6,3984,87.5390625,1,0,80,80,0,1,1,0,0x04,0,0,0,1,0,0,1,0,1,0,0,0,0,,,,,,,,,,,,,,,
592,19.766666666666666,875978,26732.72705078125,26.73272705078125,12,OPEN_NAV,0x0A,large_room|fast_turn,1180,1180,36.0107421875,27.769491525423728,14,0.42724609375,1165,35.552978515625,1,0.030517578125,2961,1723,11.56640625,6.73046875,11,6,3984,87.5390625,1,0,80,80,0,1,1,0,0x04,0,0,0,1,0,0,1,0,1,0,0,0,0,,,,,,,,,,,,,,,
593,19.8,877160,26768.798828125,26.768798828125,12,OPEN_NAV,0x0A,large_room|fast_turn,1182,1182,36.07177734375,27.722504230118442,14,0.42724609375,1167,35.614013671875,1,0.030517578125,2961,1742,11.56640625,6.8046875,11,6,3984,87.5390625,1,0,80,80,0,1,1,0,0x04,0,0,0,1,0,0,1,0,1,0,0,0,0,,,,,,,,,,,,,,,
594,19.833333333333332,878343,26804.901123046875,26.804901123046875,12,OPEN_NAV,0x0A,large_room|fast_turn,1183,1183,36.102294921875,27.69907016060862,14,0.42724609375,1169,35.675048828125,0,0.0,2961,1761,11.56640625,6.87890625,11,6,3984,87.5390625,1,0,80,80,0,1,1,0,0x04,0,0,0,1,0,0,1,0,1,0,0,0,0,,,,,,,,,,,,,,,
595,19.866666666666667,879525,26840.972900390625,26.840972900390625,12,OPEN_NAV,0x0A,large_room|fast_turn,1182,1182,36.07177734375,27.722504230118442,14,0.42724609375,1168,35.64453125,0,0.0,2961,1780,11.56640625,6.953125,11,6,3984,87.5390625,1,0,80,80,0,1,1,0,0x04,0,0,0,1,0,0,1,0,1,0,0,0,0,,,,,,,,,,,,,,,
596,19.9,880700,26876.8310546875,26.8768310546875,12,OPEN_NAV,0x0A,large_room|fast_turn,1175,1175,35.858154296875,27.887659574468085,5,0.152587890625,1169,35.675048828125,1,0.030517578125,2961,1780,11.56640625,6.953125,11,6,3882,85.2978515625,0,-1,80,80,0,1,1,0,0x04,0,0,0,1,0,0,1,0,1,0,0,0,0,,,,,,,,,,,,,,,
597,19.933333333333334,881890,26913.14697265625,26.91314697265625,12,OPEN_NAV,0x0A,large_room|fast_turn,1190,1190,36.31591796875,27.536134453781514,5,0.152587890625,1184,36.1328125,1,0.030517578125,2961,1780,11.56640625,6.953125,11,6,3780,83.056640625,0,-1,80,80,0,1,1,0,0x04,0,0,0,1,0,0,1,0,1,0,0,0,0,,,,,,,,,,,,,,,
598,19.966666666666665,883083,26949.554443359375,26.949554443359375,12,OPEN_NAV,0x0A,large_room|fast_turn,1193,1193,36.407470703125,27.466890192791283,6,0.18310546875,1186,36.19384765625,1,0.030517578125,2961,1780,11.56640625,6.953125,11,6,3678,80.8154296875,0,-1,80,80,0,1,1,0,0x04,0,0,0,1,0,0,1,0,1,0,0,0,0,,,,,,,,,,,,,,,
599,20.0,884272,26985.83984375,26.98583984375,12,OPEN_NAV,0x0A,large_room|fast_turn,1189,1189,36.285400390625,27.55929352396972,6,0.18310546875,1183,36.102294921875,0,0.0,2961,1780,11.56640625,6.953125,11,6,3576,78.57421875,0,-1,80,80,0,1,1,0,0x04,0,0,0,1,0,0,1,0,1,0,0,0,0,,,,,,,,,,,,,,,
600,20.033333333333335,885472,27022.4609375,27.0224609375,12,OPEN_NAV,0x0A,large_room|fast_turn,1200,1200,36.62109375,27.30666666666667,6,0.18310546875,1194,36.43798828125,0,0.0,2961,1780,11.56640625,6.953125,11,6,3474,76.3330078125,0,-1,80,80,0,1,1,0,0x04,0,0,0,1,0,0,1,0,1,0,0,0,0,,,,,,,,,,,,,,,
601,20.066666666666666,886666,27058.89892578125,27.05889892578125,12,OPEN_NAV,0x0A,large_room|fast_turn,1194,1194,36.43798828125,27.44388609715243,6,0.18310546875,1187,36.224365234375,1,0.030517578125,2961,1780,11.56640625,6.953125,11,6,3372,74.091796875,0,-1,80,80,0,1,1,0,0x04,0,0,0,1,0,0,1,0,1,0,0,0,0,,,,,,,,,,,,,,,
602,20.1,887867,27095.550537109375,27.095550537109375,12,OPEN_NAV,0x0A,large_room|fast_turn,1201,1201,36.651611328125,27.283930058284763,6,0.18310546875,1194,36.43798828125,1,0.030517578125,2961,1780,11.56640625,6.953125,11,6,3270,71.8505859375,0,-1,80,80,0,1,1,0,0x04,0,0,0,1,0,0,1,0,1,0,0,0,0,,,,,,,,,,,,,,,
603,20.133333333333333,889068,27132.2021484375,27.1322021484375,12,OPEN_NAV,0x0A,large_room|fast_turn,1201,1201,36.651611328125,27.283930058284763,6,0.18310546875,1195,36.468505859375,0,0.0,2961,1780,11.56640625,6.953125,11,6,3168,69.609375,0,-1,80,80,0,1,1,0,0x04,0,0,0,1,0,0,1,0,1,0,0,0,0,,,,,,,,,,,,,,,
604,20.166666666666668,890271,27168.914794921875,27.168914794921875,12,OPEN_NAV,0x0A,large_room|fast_turn,1203,1203,36.712646484375,27.238570241064007,5,0.152587890625,1197,36.529541015625,1,0.030517578125,2961,1780,11.56640625,6.953125,11,6,3066,67.3681640625,0,-1,80,80,0,1,1,0,0x04,0,0,0,1,0,0,1,0,1,0,0,0,0,,,,,,,,,,,,,,,
605,20.2,891479,27205.780029296875,27.205780029296875,12,OPEN_NAV,0x0A,large_room|fast_turn,1208,1208,36.865234375,27.125827814569536,6,0.18310546875,1202,36.68212890625,0,0.0,2961,1780,11.56640625,6.953125,11,6,2964,65.126953125,0,-1,80,80,0,1,1,0,0x04,0,0,0,1,0,0,1,0,1,0,0,0,0,,,,,,,,,,,,,,,
606,20.233333333333334,892688,27242.67578125,27.24267578125,12,OPEN_NAV,0x0A,large_room|fast_turn,1209,1209,36.895751953125,27.10339123242349,5,0.152587890625,1203,36.712646484375,1,0.030517578125,2961,1780,11.56640625,6.953125,11,6,2862,62.8857421875,0,-1,80,80,0,1,1,0,0x04,0,0,0,1,0,0,1,0,1,0,0,0,0,,,,,,,,,,,,,,,
607,20.266666666666666,893909,27279.937744140625,27.279937744140625,12,OPEN_NAV,0x0A,large_room|fast_turn,1221,1221,37.261962890625,26.83701883701884,6,0.18310546875,1215,37.078857421875,0,0.0,2961,1780,11.56640625,6.953125,11,6,2760,60.64453125,0,-1,80,80,0,1,1,0,0x04,0,0,0,1,0,0,1,0,1,0,0,0,0,,,,,,,,,,,,,,,
608,20.3,895131,27317.230224609375,27.317230224609375,12,OPEN_NAV,0x0A,large_room|fast_turn,1222,1222,37.29248046875,26.81505728314239,5,0.152587890625,1216,37.109375,1,0.030517578125,2961,1780,11.56640625,6.953125,11,6,2658,58.4033203125,0,-1,80,80,0,1,1,0,0x04,0,0,0,1,0,0,1,0,1,0,0,0,0,,,,,,,,,,,,,,,
609,20.333333333333332,896364,27354.8583984375,27.3548583984375,12,OPEN_NAV,0x0A,large_room|fast_turn,1233,1233,37.628173828125,26.575831305758314,6,0.18310546875,1227,37.445068359375,0,0.0,2961,1780,11.56640625,6.953125,11,6,2556,56.162109375,0,-1,80,80,0,1,1,0,0x04,0,0,0,1,0,0,1,0,1,0,0,0,0,,,,,,,,,,,,,,,
610,20.366666666666667,897608,27392.822265625,27.392822265625,12,OPEN_NAV,0x0A,large_room|fast_turn,1244,1244,37.9638671875,26.340836012861736,5,0.152587890625,1238,37.78076171875,1,0.030517578125,2961,1780,11.56640625,6.953125,11,6,2454,53.9208984375,0,-1,80,80,0,1,1,0,0x04,0,0,0,1,0,0,1,0,1,0,0,0,0,,,,,,,,,,,,,,,
611,20.4,898858,27430.96923828125,27.43096923828125,12,OPEN_NAV,0x0A,large_room|fast_turn,1250,1250,38.14697265625,26.2144,6,0.18310546875,1244,37.9638671875,0,0.0,2961,1780,11.56640625,6.953125,11,6,2352,51.6796875,0,-1,80,80,0,1,1,0,0x04,0,0,0,1,0,0,1,0,1,0,0,0,0,,,,,,,,,,,,,,,
612,20.433333333333334,900110,27469.17724609375,27.46917724609375,12,OPEN_NAV,0x0A,large_room|fast_turn,1252,1252,38.2080078125,26.17252396166134,6,0.18310546875,1245,37.994384765625,1,0.030517578125,2961,1780,11.56640625,6.953125,11,6,2250,49.4384765625,0,-1,80,80,0,1,1,0,0x04,0,0,0,1,0,0,1,0,1,0,0,0,0,,,,,,,,,,,,,,,
613,20.466666666666665,901369,27507.598876953125,27.507598876953125,12,OPEN_NAV,0x0A,large_room|fast_turn,1259,1259,38.421630859375,26.027005559968227,6,0.18310546875,1252,38.2080078125,1,0.030517578125,2961,1780,11.56640625,6.953125,11,6,2148,47.197265625,0,-1,80,80,0,1,1,0,0x04,0,0,0,1,0,0,1,0,1,0,0,0,0,,,,,,,,,,,,,,,
614,20.5,902621,27545.806884765625,27.545806884765625,12,OPEN_NAV,0x0A,large_room|fast_turn,1252,1252,38.2080078125,26.17252396166134,5,0.152587890625,1247,38.055419921875,0,0.0,2961,1780,11.56640625,6.953125,11,6,2046,44.9560546875,0,-1,80,80,0,1,1,0,0x04,0,0,0,1,0,0,1,0,1,0,0,0,0,,,,,,,,,,,,,,,
615,20.533333333333335,903874,27584.04541015625,27.58404541015625,12,OPEN_NAV,0x0A,large_room|fast_turn,1253,1253,38.238525390625,26.151636073423784,6,0.18310546875,1246,38.02490234375,1,0.030517578125,2961,1780,11.56640625,6.953125,11,6,1944,42.71484375,0,-1,80,80,0,1,1,0,0x04,0,0,0,1,0,0,1,0,1,0,0,0,0,,,,,,,,,,,,,,,
616,20.566666666666666,905124,27622.1923828125,27.6221923828125,12,OPEN_NAV,0x0A,large_room|fast_turn,1250,1250,38.14697265625,26.2144,6,0.18310546875,1244,37.9638671875,0,0.0,2961,1780,11.56640625,6.953125,11,6,1842,40.4736328125,0,-1,80,80,0,1,1,0,0x04,0,0,0,1,0,0,1,0,1,0,0,0,0,,,,,,,,,,,,,,,
617,20.6,906368,27660.15625,27.66015625,12,OPEN_NAV,0x0A,large_room|fast_turn,1244,1244,37.9638671875,26.340836012861736,5,0.152587890625,1238,37.78076171875,1,0.030517578125,2961,1780,11.56640625,6.953125,11,6,1740,38.232421875,0,-1,80,80,0,1,1,0,0x04,0,0,0,1,0,0,1,0,1,0,0,0,0,,,,,,,,,,,,,,,
618,20.633333333333333,907608,27697.998046875,27.697998046875,12,OPEN_NAV,0x0A,large_room|fast_turn,1240,1240,37.841796875,26.425806451612903,6,0.18310546875,1233,37.628173828125,1,0.030517578125,2961,1780,11.56640625,6.953125,11,6,1638,35.9912109375,0,-1,80,80,0,1,1,0,0x04,0,0,0,1,0,0,1,0,1,0,0,0,0,,,,,,,,,,,,,,,
619,20.666666666666668,908855,27736.053466796875,27.736053466796875,12,OPEN_NAV,0x0A,large_room|fast_turn,1247,1247,38.055419921875,26.27746591820369,6,0.18310546875,1240,37.841796875,1,0.030517578125,2961,1780,11.56640625,6.953125,11,6,1536,33.75,0,-1,81,80,1,2,2,1,0x04,0,0,0,1,0,0,1,0,1,0,0,0,0,,,,,,,,,,,,,,,
620,20.7,910146,27775.45166015625,27.77545166015625,12,OPEN_NAV,0x0A,large_room|fast_turn,1291,1291,39.398193359375,25.381874515879165,6,0.18310546875,1284,39.1845703125,1,0.030517578125,2961,1780,11.56640625,6.953125,11,6,1434,31.5087890625,0,-1,86,80,6,3,3,2,0x04,0,0,0,1,0,0,1,0,1,0,0,0,0,,,,,,,,,,,,,,,
621,20.733333333333334,911457,27815.460205078125,27.815460205078125,12,OPEN_NAV,0x0A,large_room|fast_turn,1311,1311,40.008544921875,24.994660564454616,6,0.18310546875,1304,39.794921875,1,0.030517578125,2961,1780,11.56640625,6.953125,11,6,1332,29.267578125,0,-1,89,80,9,3,3,2,0x04,0,0,0,1,0,0,1,0,1,0,0,0,0,,,,,,,,,,,,,,,
622,20.766666666666666,912790,27856.14013671875,27.85614013671875,12,OPEN_NAV,0x0A,large_room|fast_turn,1333,1333,40.679931640625,24.582145536384097,6,0.18310546875,1326,40.46630859375,1,0.030517578125,2961,1780,11.56640625,6.953125,11,6,1230,27.0263671875,0,-1,91,80,11,2,2,1,0x04,0,0,0,1,0,0,1,0,1,0,0,0,0,,,,,,,,,,,,,,,
623,20.8,914158,27897.88818359375,27.89788818359375,12,OPEN_NAV,0x0A,large_room|fast_turn,1368,1368,41.748046875,23.953216374269005,6,0.18310546875,1362,41.56494140625,0,0.0,2961,1780,11.56640625,6.953125,11,6,1128,24.78515625,0,-1,95,80,15,3,3,2,0x04,0,0,0,1,0,0,1,0,1,0,0,0,0,,,,,,,,,,,,,,,
624,20.833333333333332,915539,27940.032958984375,27.940032958984375,12,OPEN_NAV,0x0A,large_room|fast_turn,1381,1381,42.144775390625,23.72773352643012,5,0.152587890625,1376,41.9921875,0,0.0,2961,1780,11.56640625,6.953125,11,6,1026,22.5439453125,0,-1,97,80,17,3,3,2,0x04,0,0,0,1,0,0,1,0,1,0,0,0,0,,,,,,,,,,,,,,,
625,20.866666666666667,916943,27982.879638671875,27.982879638671875,12,OPEN_NAV,0x0A,large_room|fast_turn,1404,1404,42.8466796875,23.33903133903134,6,0.18310546875,1398,42.66357421875,0,0.0,2961,1780,11.56640625,6.953125,11,6,924,20.302734375,0,-1,100,80,20,3,3,2,0x04,0,0,0,1,0,0,1,0,1,0,0,0,0,,,,,,,,,,,,,,,
626,20.9,918313,28024.688720703125,28.024688720703125,12,OPEN_NAV,0x0A,large_room|fast_turn,1370,1370,41.80908203125,23.91824817518248,5,0.152587890625,1364,41.6259765625,1,0.030517578125,2961,1780,11.56640625,6.953125,11,6,822,18.0615234375,0,-1,102,80,22,2,2,1,0x04,0,0,0,1,0,0,1,0,1,0,0,0,0,,,,,,,,,,,,,,,
627,20.933333333333334,919719,28067.596435546875,28.067596435546875,12,OPEN_NAV,0x0A,large_room|fast_turn,1406,1406,42.90771484375,23.305832147937412,6,0.18310546875,1399,42.694091796875,1,0.030517578125,2961,1780,11.56640625,6.953125,11,6,720,15.8203125,0,-1,106,80,26,3,3,2,0x04,0,0,0,1,0,0,1,0,1,0,0,0,0,,,,,,,,,,,,,,,
628,20.966666666666665,921115,28110.198974609375,28.110198974609375,12,OPEN_NAV,0x0A,large_room|fast_turn,1396,1396,42.6025390625,23.472779369627506,6,0.18310546875,1390,42.41943359375,0,0.0,2961,1780,11.56640625,6.953125,11,6,618,13.5791015625,0,-1,107,80,27,2,2,1,0x04,0,0,0,1,0,0,1,0,1,0,0,0,0,,,,,,,,,,,,,,,
629,21.0,922550,28153.99169921875,28.15399169921875,12,OPEN_NAV,0x0A,large_room|fast_turn,1435,1435,43.792724609375,22.834843205574913,6,0.18310546875,1429,43.609619140625,0,0.0,2961,1780,11.56640625,6.953125,11,6,516,11.337890625,0,-1,110,80,30,3,3,2,0x04,0,0,0,1,0,0,1,0,1,0,0,0,0,,,,,,,,,,,,,,,
630,21.033333333333335,923987,28197.845458984375,28.197845458984375,12,OPEN_NAV,0x0A,large_room|fast_turn,1437,1437,43.853759765625,22.803061934585944,6,0.18310546875,1430,43.64013671875,1,0.030517578125,2961,1780,11.56640625,6.953125,11,6,414,9.0966796875,0,-1,112,80,32,2,2,1,0x04,0,0,0,1,0,0,1,0,1,0,0,0,0,,,,,,,,,,,,,,,
631,21.066666666666666,925439,28242.156982421875,28.242156982421875,12,OPEN_NAV,0x0A,large_room|fast_turn,1452,1452,44.3115234375,22.56749311294766,6,0.18310546875,1445,44.097900390625,1,0.030517578125,2961,1780,11.56640625,6.953125,11,6,312,6.85546875,0,-1,115,80,35,3,3,2,0x04,0,0,0,1,0,0,1,0,1,0,0,0,0,,,,,,,,,,,,,,,
632,21.1,926891,28286.468505859375,28.286468505859375,12,OPEN_NAV,0x0A,large_room|fast_turn,1452,1452,44.3115234375,22.56749311294766,6,0.18310546875,1445,44.097900390625,1,0.030517578125,2961,1780,11.56640625,6.953125,11,6,210,4.6142578125,0,-1,116,80,36,2,2,1,0x04,0,0,0,1,0,0,1,0,1,0,0,0,0,,,,,,,,,,,,,,,
633,21.133333333333333,928348,28330.9326171875,28.3309326171875,12,OPEN_NAV,0x0A,large_room|fast_turn,1457,1457,44.464111328125,22.490048043925874,6,0.18310546875,1451,44.281005859375,0,0.0,2961,1780,11.56640625,6.953125,11,6,108,2.373046875,0,-1,119,80,39,2,2,1,0x04,0,0,0,1,0,0,1,0,1,0,0,0,0,,,,,,,,,,,,,,,
634,21.166666666666668,929779,28374.603271484375,28.374603271484375,12,OPEN_NAV,0x0A,large_room|fast_turn,1431,1431,43.670654296875,22.898672257162822,5,0.152587890625,1426,43.51806640625,0,0.0,2961,1780,11.56640625,6.953125,11,6,6,0.1318359375,0,-1,122,80,42,3,3,2,0x04,0,0,0,1,0,0,1,0,1,0,0,0,0,,,,,,,,,,,,,,,
635,21.2,931294,28420.83740234375,28.42083740234375,12,OPEN_NAV,0x0A,large_room|fast_turn,1515,1515,46.234130859375,21.62904290429043,5,0.152587890625,1510,46.08154296875,0,0.0,2961,1780,11.56640625,6.953125,11,6,16288,357.890625,0,-1,125,80,45,3,3,2,0x0C,0,0,0,1,1,0,1,0,1,0,0,0,0,,,,,,,,,,,,,,,
636,21.233333333333334,932806,28466.97998046875,28.46697998046875,13,D_APPROACH,0x32,large_room|portal_view|portal_approach,1512,1512,46.142578125,21.67195767195767,15,0.457763671875,1497,45.684814453125,0,0.0,2980,1780,11.640625,6.953125,11,6,16288,357.890625,1,0,124,80,44,2,2,1,0x04,0,0,0,1,0,0,1,0,0,1,1,0,0,,,,,,,,,,,,,,,
637,21.266666666666666,934318,28513.12255859375,28.51312255859375,13,D_APPROACH,0x32,large_room|portal_view|portal_approach,1512,1512,46.142578125,21.67195767195767,15,0.457763671875,1496,45.654296875,1,0.030517578125,2999,1780,11.71484375,6.953125,11,6,16288,357.890625,1,0,123,80,43,2,2,1,0x04,0,0,0,1,0,0,1,0,0,1,1,0,0,,,,,,,,,,,,,,,
638,21.3,935852,28559.9365234375,28.5599365234375,13,D_APPROACH,0x32,large_room|portal_view|portal_approach,1534,1534,46.81396484375,21.36114732724902,15,0.457763671875,1519,46.356201171875,0,0.0,3018,1780,11.7890625,6.953125,11,6,16288,357.890625,1,0,125,80,45,3,3,2,0x04,0,0,0,1,0,0,1,0,0,1,1,0,0,,,,,,,,,,,,,,,
639,21.333333333333332,937387,28606.781005859375,28.606781005859375,13,D_APPROACH,0x32,large_room|portal_view|portal_approach,1535,1535,46.844482421875,21.347231270358307,15,0.457763671875,1519,46.356201171875,1,0.030517578125,3037,1780,11.86328125,6.953125,11,6,16288,357.890625,1,0,124,80,44,2,2,1,0x04,0,0,0,1,0,0,1,0,0,1,1,0,0,,,,,,,,,,,,,,,
640,21.366666666666667,938930,28653.86962890625,28.65386962890625,13,D_APPROACH,0x32,large_room|portal_view|portal_approach,1543,1543,47.088623046875,21.23655217109527,16,0.48828125,1527,46.600341796875,0,0.0,3056,1780,11.9375,6.953125,11,6,16288,357.890625,1,0,124,80,44,2,2,1,0x04,0,0,0,1,0,0,1,0,0,1,1,0,0,,,,,,,,,,,,,,,
641,21.4,940462,28700.62255859375,28.70062255859375,13,D_APPROACH,0x32,large_room|portal_view|portal_approach,1532,1532,46.7529296875,21.389033942558747,15,0.457763671875,1516,46.2646484375,1,0.030517578125,3075,1780,12.01171875,6.953125,12,6,16288,357.890625,1,0,124,80,44,2,2,1,0x04,0,0,0,1,0,0,1,0,0,1,1,0,0,,,,,,,,,,,,,,,
642,21.433333333333334,941993,28747.344970703125,28.747344970703125,13,D_APPROACH,0x32,large_room|portal_view|portal_approach,1531,1531,46.722412109375,21.40300457217505,16,0.48828125,1515,46.234130859375,0,0.0,3094,1780,12.0859375,6.953125,12,6,16288,357.890625,1,0,124,80,44,2,2,1,0x04,0,0,0,1,0,0,1,0,0,1,1,0,0,,,,,,,,,,,,,,,
643,21.466666666666665,943532,28794.3115234375,28.7943115234375,13,D_APPROACH,0x32,large_room|portal_view|portal_approach,1539,1539,46.966552734375,21.291747888239115,15,0.457763671875,1524,46.5087890625,0,0.0,3113,1780,12.16015625,6.953125,12,6,16288,357.890625,1,0,123,80,43,2,2,1,0x04,0,0,0,1,0,0,1,0,0,1,1,0,0,,,,,,,,,,,,,,,
644,21.5,945094,28841.97998046875,28.84197998046875,13,D_APPROACH,0x32,large_room|portal_view|portal_approach,1562,1562,47.66845703125,20.978233034571062,15,0.457763671875,1546,47.18017578125,1,0.030517578125,3132,1780,12.234375,6.953125,12,6,16288,357.890625,1,0,124,80,44,2,2,1,0x04,0,0,0,1,0,0,1,0,0,1,1,0,0,,,,,,,,,,,,,,,
645,21.533333333333335,946674,28890.19775390625,28.89019775390625,13,D_APPROACH,0x32,large_room|portal_view|portal_approach,1580,1580,48.2177734375,20.739240506329114,15,0.457763671875,1564,47.7294921875,1,0.030517578125,3151,1780,12.30859375,6.953125,12,6,16288,357.890625,1,0,124,80,44,2,2,1,0x04,0,0,0,1,0,0,1,0,0,1,1,0,0,,,,,,,,,,,,,,,
646,21.566666666666666,948253,28938.385009765625,28.938385009765625,13,D_APPROACH,0x32,large_room|portal_view|portal_approach,1579,1579,48.187255859375,20.752374920835972,15,0.457763671875,1563,47.698974609375,1,0.030517578125,3170,1780,12.3828125,6.953125,12,6,16288,357.890625,1,0,124,80,44,2,2,1,0x04,0,0,0,1,0,0,1,0,0,1,1,0,0,,,,,,,,,,,,,,,
647,21.6,949841,28986.846923828125,28.986846923828125,13,D_APPROACH,0x32,large_room|portal_view|portal_approach,1588,1588,48.4619140625,20.634760705289672,16,0.48828125,1572,47.9736328125,0,0.0,3189,1780,12.45703125,6.953125,12,6,16288,357.890625,1,0,124,80,44,2,2,1,0x04,0,0,0,1,0,0,1,0,0,1,1,0,0,,,,,,,,,,,,,,,
648,21.633333333333333,951454,29036.07177734375,29.03607177734375,13,D_APPROACH,0x32,large_room|portal_view|portal_approach,1613,1613,49.224853515625,20.314941103533787,15,0.457763671875,1598,48.76708984375,0,0.0,3208,1780,12.53125,6.953125,12,6,16288,357.890625,1,0,125,80,45,2,2,1,0x04,0,0,0,1,0,0,1,0,0,1,1,0,0,,,,,,,,,,,,,,,
649,21.666666666666668,953070,29085.38818359375,29.08538818359375,13,D_APPROACH,0x32,large_room|portal_view|portal_approach,1616,1616,49.31640625,20.277227722772277,15,0.457763671875,1600,48.828125,1,0.030517578125,3227,1780,12.60546875,6.953125,12,6,16288,357.890625,1,0,125,80,45,2,2,1,0x04,0,0,0,1,0,0,1,0,0,1,1,0,0,,,,,,,,,,,,,,,
650,21.7,954692,29134.8876953125,29.1348876953125,13,D_APPROACH,0x32,large_room|portal_view|portal_approach,1622,1622,49.49951171875,20.20221948212084,15,0.457763671875,1607,49.041748046875,0,0.0,3246,1780,12.6796875,6.953125,12,6,16288,357.890625,1,0,125,80,45,2,2,1,0x04,0,0,0,1,0,0,1,0,0,1,1,0,0,,,,,,,,,,,,,,,
651,21.733333333333334,956327,29184.783935546875,29.184783935546875,13,D_APPROACH,0x32,large_room|portal_view|portal_approach,1635,1635,49.896240234375,20.041590214067277,15,0.457763671875,1619,49.407958984375,1,0.030517578125,3265,1780,12.75390625,6.953125,12,6,16288,357.890625,1,0,125,80,45,2,2,1,0x04,0,0,0,1,0,0,1,0,0,1,1,0,0,,,,,,,,,,,,,,,
652,21.766666666666666,957970,29234.92431640625,29.23492431640625,13,D_APPROACH,0x32,large_room|portal_view|portal_approach,1643,1643,50.140380859375,19.944004869141814,16,0.48828125,1626,49.62158203125,1,0.030517578125,3284,1780,12.828125,6.953125,12,6,16288,357.890625,1,0,125,80,45,2,2,1,0x04,0,0,0,1,0,0,1,0,0,1,1,0,0,,,,,,,,,,,,,,,
653,21.8,959624,29285.400390625,29.285400390625,13,D_APPROACH,0x32,large_room|portal_view|portal_approach,1654,1654,50.47607421875,19.81136638452237,16,0.48828125,1637,49.957275390625,1,0.030517578125,3303,1780,12.90234375,6.953125,12,6,16288,357.890625,1,0,125,80,45,2,2,1,0x04,0,0,0,1,0,0,1,0,0,1,1,0,0,,,,,,,,,,,,,,,
654,21.833333333333332,961292,29336.3037109375,29.3363037109375,13,D_APPROACH,0x32,large_room|portal_view|portal_approach,1668,1668,50.9033203125,19.645083932853716,16,0.48828125,1652,50.4150390625,0,0.0,3322,1780,12.9765625,6.953125,12,6,16288,357.890625,1,0,125,80,45,2,2,1,0x06,1,0,0,1,0,0,1,0,0,1,1,0,0,51.116943359375,3.60107421875,0.0,10.833740234375,10.650634765625,6.622314453125,12.237548828125,7.171630859375,45,80,45,51,45,12066,735
655,21.866666666666667,962921,29386.016845703125,29.386016845703125,13,D_APPROACH,0x32,large_room|portal_view|portal_approach,1629,1629,49.713134765625,20.115408225905462,16,0.48828125,1613,49.224853515625,0,0.0,3341,1780,13.05078125,6.953125,13,6,16288,357.890625,1,0,125,80,45,2,2,1,0x04,0,0,0,1,0,0,1,0,0,1,1,0,0,,,,,,,,,,,,,,,
656,21.9,964531,29435.150146484375,29.435150146484375,13,D_APPROACH,0x32,large_room|portal_view|portal_approach,1610,1610,49.13330078125,20.3527950310559,15,0.457763671875,1595,48.675537109375,0,0.0,3360,1780,13.125,6.953125,13,6,16288,357.890625,1,0,126,80,46,2,2,1,0x04,0,0,0,1,0,0,1,0,0,1,1,0,0,,,,,,,,,,,,,,,
657,21.933333333333334,966138,29484.19189453125,29.48419189453125,13,D_APPROACH,0x32,large_room|portal_view|portal_approach,1607,1607,49.041748046875,20.39079029247044,15,0.457763671875,1592,48.583984375,0,0.0,3379,1780,13.19921875,6.953125,13,6,16288,357.890625,1,0,126,80,46,2,2,1,0x04,0,0,0,1,0,0,1,0,0,1,1,0,0,,,,,,,,,,,,,,,
658,21.966666666666665,967743,29533.172607421875,29.533172607421875,13,D_APPROACH,0x32,large_room|portal_view|portal_approach,1605,1605,48.980712890625,20.41619937694704,15,0.457763671875,1590,48.52294921875,0,0.0,3398,1780,13.2734375,6.953125,13,6,16288,357.890625,1,0,126,80,46,2,2,1,0x04,0,0,0,1,0,0,1,0,0,1,1,0,0,,,,,,,,,,,,,,,
659,22.0,969341,29581.939697265625,29.581939697265625,13,D_APPROACH,0x32,large_room|portal_view|portal_approach,1598,1598,48.76708984375,20.505632040050063,15,0.457763671875,1582,48.27880859375,1,0.030517578125,3417,1780,13.34765625,6.953125,13,6,16288,357.890625,1,0,127,80,47,2,2,1,0x04,0,0,0,1,0,0,1,0,0,1,1,0,0,,,,,,,,,,,,,,,
660,22.033333333333335,970913,29629.913330078125,29.629913330078125,13,D_APPROACH,0x32,large_room|portal_view|portal_approach,1572,1572,47.9736328125,20.844783715012724,15,0.457763671875,1556,47.4853515625,1,0.030517578125,3436,1780,13.421875,6.953125,13,6,16288,357.890625,1,0,127,80,47,2,2,1,0x04,0,0,0,1,0,0,1,0,0,1,1,0,0,,,,,,,,,,,,,,,
661,22.066666666666666,972486,29677.91748046875,29.67791748046875,13,D_APPROACH,0x32,large_room|portal_view|portal_approach,1573,1573,48.004150390625,20.831532104259377,15,0.457763671875,1558,47.54638671875,0,0.0,3455,1780,13.49609375,6.953125,13,6,16288,357.890625,1,0,128,80,48,2,2,1,0x04,0,0,0,1,0,0,1,0,0,1,1,0,0,,,,,,,,,,,,,,,
662,22.1,974062,29726.01318359375,29.72601318359375,13,D_APPROACH,0x32,large_room|portal_view|portal_approach,1576,1576,48.095703125,20.79187817258883,15,0.457763671875,1561,47.637939453125,0,0.0,3474,1780,13.5703125,6.953125,13,6,16288,357.890625,1,0,129,80,49,2,2,1,0x04,0,0,0,1,0,0,1,0,0,1,1,0,0,,,,,,,,,,,,,,,
663,22.133333333333333,975635,29774.017333984375,29.774017333984375,13,D_APPROACH,0x32,large_room|portal_view|portal_approach,1573,1573,48.004150390625,20.831532104259377,15,0.457763671875,1558,47.54638671875,0,0.0,3493,1780,13.64453125,6.953125,13,6,16288,357.890625,1,0,130,80,50,2,2,1,0x04,0,0,0,1,0,0,1,0,0,1,1,0,0,,,,,,,,,,,,,,,
664,22.166666666666668,977230,29822.69287109375,29.82269287109375,13,D_APPROACH,0x32,large_room|portal_view|portal_approach,1595,1595,48.675537109375,20.54420062695925,15,0.457763671875,1579,48.187255859375,1,0.030517578125,3512,1780,13.71875,6.953125,13,6,16288,357.890625,1,0,133,80,53,2,2,1,0x04,0,0,0,1,0,0,1,0,0,1,1,0,0,,,,,,,,,,,,,,,
665,22.2,978848,29872.0703125,29.8720703125,13,D_APPROACH,0x32,large_room|portal_view|portal_approach,1618,1618,49.37744140625,20.252163164400493,15,0.457763671875,1603,48.919677734375,0,0.0,3531,1780,13.79296875,6.953125,13,6,16288,357.890625,1,0,136,80,56,2,2,1,0x04,0,0,0,1,0,0,1,0,0,1,1,0,0,,,,,,,,,,,,,,,
666,22.233333333333334,980266,29915.34423828125,29.91534423828125,13,D_APPROACH,0x32,large_room|portal_view|portal_approach,1418,1418,43.27392578125,23.108603667136812,19,0.579833984375,1399,42.694091796875,0,0.0,3520,1325,13.75,5.17578125,13,5,8096,177.890625,1,0,83,80,3,2,2,1,0x05,0,0,1,1,0,0,1,0,0,1,1,0,0,,,,,,,,,,,,,,,
667,22.266666666666666,981685,29958.648681640625,29.958648681640625,13,D_APPROACH,0x32,large_room|portal_view|portal_approach,1419,1419,43.304443359375,23.092318534179,15,0.457763671875,1404,42.8466796875,0,0.0,3501,1325,13.67578125,5.17578125,13,5,8096,177.890625,1,0,83,80,3,2,2,1,0x04,0,0,0,1,0,0,1,0,0,1,1,0,0,,,,,,,,,,,,,,,
668,22.3,983107,30002.044677734375,30.002044677734375,13,D_APPROACH,0x32,large_room|portal_view|portal_approach,1422,1422,43.39599609375,23.043600562587905,15,0.457763671875,1407,42.938232421875,0,0.0,3482,1325,13.6015625,5.17578125,13,5,8096,177.890625,1,0,83,80,3,2,2,1,0x04,0,0,0,1,0,0,1,0,0,1,1,0,0,,,,,,,,,,,,,,,
669,22.333333333333332,984538,30045.71533203125,30.04571533203125,13,D_APPROACH,0x32,large_room|portal_view|portal_approach,1431,1431,43.670654296875,22.898672257162822,15,0.457763671875,1415,43.182373046875,1,0.030517578125,3463,1325,13.52734375,5.17578125,13,5,8096,177.890625,1,0,83,80,3,2,2,1,0x04,0,0,0,1,0,0,1,0,0,1,1,0,0,,,,,,,,,,,,,,,
670,22.366666666666667,985981,30089.752197265625,30.089752197265625,13,D_APPROACH,0x32,large_room|portal_view|portal_approach,1443,1443,44.036865234375,22.70824670824671,15,0.457763671875,1427,43.548583984375,1,0.030517578125,3444,1325,13.453125,5.17578125,13,5,8096,177.890625,1,0,84,80,4,2,2,1,0x04,0,0,0,1,0,0,1,0,0,1,1,0,0,,,,,,,,,,,,,,,
671,22.4,987431,30134.002685546875,30.134002685546875,13,D_APPROACH,0x32,large_room|portal_view|portal_approach,1450,1450,44.25048828125,22.59862068965517,15,0.457763671875,1434,43.76220703125,1,0.030517578125,3425,1325,13.37890625,5.17578125,13,5,8096,177.890625,1,0,84,80,4,2,2,1,0x04,0,0,0,1,0,0,1,0,0,1,1,0,0,,,,,,,,,,,,,,,
672,22.433333333333334,988889,30178.497314453125,30.178497314453125,13,D_APPROACH,0x32,large_room|portal_view|portal_approach,1458,1458,44.49462890625,22.474622770919066,15,0.457763671875,1443,44.036865234375,0,0.0,3406,1325,13.3046875,5.17578125,13,5,8096,177.890625,1,0,84,80,4,2,2,1,0x04,0,0,0,1,0,0,1,0,0,1,1,0,0,,,,,,,,,,,,,,,
673,22.466666666666665,990358,30223.32763671875,30.22332763671875,13,D_APPROACH,0x32,large_room|portal_view|portal_approach,1469,1469,44.830322265625,22.306330837304287,15,0.457763671875,1453,44.342041015625,1,0.030517578125,3387,1325,13.23046875,5.17578125,13,5,8096,177.890625,1,0,84,80,4,2,2,1,0x04,0,0,0,1,0,0,1,0,0,1,1,0,0,,,,,,,,,,,,,,,
674,22.5,991836,30268.4326171875,30.2684326171875,13,D_APPROACH,0x32,large_room|portal_view|portal_approach,1478,1478,45.10498046875,22.170500676589988,15,0.457763671875,1462,44.61669921875,1,0.030517578125,3368,1325,13.15625,5.17578125,13,5,8096,177.890625,1,0,84,80,4,2,2,1,0x04,0,0,0,1,0,0,1,0,0,1,1,0,0,,,,,,,,,,,,,,,
675,22.533333333333335,993326,30313.90380859375,30.31390380859375,13,D_APPROACH,0x32,large_room|portal_view|portal_approach,1490,1490,45.47119140625,21.99194630872483,16,0.48828125,1474,44.98291015625,0,0.0,3349,1325,13.08203125,5.17578125,13,5,8096,177.890625,1,0,84,80,4,2,2,1,0x04,0,0,0,1,0,0,1,0,0,1,1,0,0,,,,,,,,,,,,,,,
676,22.566666666666666,994831,30359.832763671875,30.359832763671875,13,D_APPROACH,0x32,large_room|portal_view|portal_approach,1505,1505,45.928955078125,21.772757475083058,16,0.48828125,1489,45.440673828125,0,0.0,3330,1325,13.0078125,5.17578125,13,5,8096,177.890625,1,0,85,80,5,2,2,1,0x04,0,0,0,1,0,0,1,0,0,1,1,0,0,,,,,,,,,,,,,,,
677,22.6,996323,30405.364990234375,30.405364990234375,13,D_APPROACH,0x32,large_room|portal_view|portal_approach,1492,1492,45.5322265625,21.962466487935657,15,0.457763671875,1477,45.074462890625,0,0.0,3311,1325,12.93359375,5.17578125,12,5,8096,177.890625,1,0,85,80,5,2,2,1,0x04,0,0,0,1,0,0,1,0,0,1,1,0,0,,,,,,,,,,,,,,,
678,22.633333333333333,997815,30450.897216796875,30.450897216796875,13,D_APPROACH,0x32,large_room|portal_view|portal_approach,1492,1492,45.5322265625,21.962466487935657,15,0.457763671875,1476,45.0439453125,1,0.030517578125,3292,1325,12.859375,5.17578125,12,5,8096,177.890625,1,0,85,80,5,2,2,1,0x04,0,0,0,1,0,0,1,0,0,1,1,0,0,,,,,,,,,,,,,,,
679,22.666666666666668,999306,30496.39892578125,30.49639892578125,13,D_APPROACH,0x32,large_room|portal_view|portal_approach,1491,1491,45.501708984375,21.97719651240778,15,0.457763671875,1475,45.013427734375,1,0.030517578125,3273,1325,12.78515625,5.17578125,12,5,8096,177.890625,1,0,85,80,5,2,2,1,0x04,0,0,0,1,0,0,1,0,0,1,1,0,0,,,,,,,,,,,,,,,
680,22.7,1000788,30541.6259765625,30.5416259765625,13,D_APPROACH,0x32,large_room|portal_view|portal_approach,1482,1482,45.22705078125,22.110661268556004,15,0.457763671875,1466,44.73876953125,1,0.030517578125,3254,1325,12.7109375,5.17578125,12,5,8096,177.890625,1,0,85,80,5,2,2,1,0x04,0,0,0,1,0,0,1,0,0,1,1,0,0,,,,,,,,,,,,,,,
681,22.733333333333334,1002266,30586.73095703125,30.58673095703125,13,D_APPROACH,0x32,large_room|portal_view|portal_approach,1478,1478,45.10498046875,22.170500676589988,15,0.457763671875,1462,44.61669921875,1,0.030517578125,3235,1325,12.63671875,5.17578125,12,5,8096,177.890625,1,0,85,80,5,2,2,1,0x04,0,0,0,1,0,0,1,0,0,1,1,0,0,,,,,,,,,,,,,,,
682,22.766666666666666,1003747,30631.927490234375,30.631927490234375,13,D_APPROACH,0x32,large_room|portal_view|portal_approach,1481,1481,45.196533203125,22.12559081701553,15,0.457763671875,1466,44.73876953125,0,0.0,3216,1325,12.5625,5.17578125,12,5,8096,177.890625,1,0,86,80,6,2,2,1,0x04,0,0,0,1,0,0,1,0,0,1,1,0,0,,,,,,,,,,,,,,,
683,22.8,1005221,30676.910400390625,30.676910400390625,13,D_APPROACH,0x32,large_room|portal_view|portal_approach,1474,1474,44.98291015625,22.230664857530527,15,0.457763671875,1459,44.525146484375,0,0.0,3197,1325,12.48828125,5.17578125,12,5,8096,177.890625,1,0,86,80,6,2,2,1,0x04,0,0,0,1,0,0,1,0,0,1,1,0,0,,,,,,,,,,,,,,,
684,22.833333333333332,1006698,30721.98486328125,30.72198486328125,13,D_APPROACH,0x32,large_room|portal_view|portal_approach,1477,1477,45.074462890625,22.18551117129316,15,0.457763671875,1461,44.586181640625,1,0.030517578125,3178,1325,12.4140625,5.17578125,12,5,8096,177.890625,1,0,86,80,6,2,2,1,0x04,0,0,0,1,0,0,1,0,0,1,1,0,0,,,,,,,,,,,,,,,
685,22.866666666666667,1008172,30766.9677734375,30.7669677734375,13,D_APPROACH,0x32,large_room|portal_view|portal_approach,1474,1474,44.98291015625,22.230664857530527,15,0.457763671875,1459,44.525146484375,0,0.0,3159,1325,12.33984375,5.17578125,12,5,8096,177.890625,1,0,86,80,6,2,2,1,0x04,0,0,0,1,0,0,1,0,0,1,1,0,0,,,,,,,,,,,,,,,
686,22.9,1009643,30811.859130859375,30.811859130859375,13,D_APPROACH,0x32,large_room|portal_view|portal_approach,1471,1471,44.891357421875,22.276002719238612,15,0.457763671875,1456,44.43359375,0,0.0,3140,1325,12.265625,5.17578125,12,5,8096,177.890625,1,0,86,80,6,2,2,1,0x04,0,0,0,1,0,0,1,0,0,1,1,0,0,,,,,,,,,,,,,,,
687,22.933333333333334,1011115,30856.781005859375,30.856781005859375,13,D_APPROACH,0x32,large_room|portal_view|portal_approach,1472,1472,44.921875,22.26086956521739,15,0.457763671875,1456,44.43359375,1,0.030517578125,3121,1325,12.19140625,5.17578125,12,5,8096,177.890625,1,0,86,80,6,2,2,1,0x04,0,0,0,1,0,0,1,0,0,1,1,0,0,,,,,,,,,,,,,,,
688,22.966666666666665,1012580,30901.4892578125,30.9014892578125,13,D_APPROACH,0x32,large_room|portal_view|portal_approach,1465,1465,44.708251953125,22.367235494880546,16,0.48828125,1449,44.219970703125,0,0.0,3102,1325,12.1171875,5.17578125,12,5,8096,177.890625,1,0,86,80,6,2,2,1,0x04,0,0,0,1,0,0,1,0,0,1,1,0,0,,,,,,,,,,,,,,,
689,23.0,1014042,30946.10595703125,30.94610595703125,13,D_APPROACH,0x32,large_room|portal_view|portal_approach,1462,1462,44.61669921875,22.41313269493844,15,0.457763671875,1446,44.12841796875,1,0.030517578125,3083,1325,12.04296875,5.17578125,12,5,8096,177.890625,1,0,86,80,6,2,2,1,0x04,0,0,0,1,0,0,1,0,0,1,1,0,0,,,,,,,,,,,,,,,
690,23.033333333333335,1015484,30990.1123046875,30.9901123046875,13,D_APPROACH,0x32,large_room|portal_view|portal_approach,1442,1442,44.00634765625,22.723994452149793,16,0.48828125,1426,43.51806640625,0,0.0,3064,1325,11.96875,5.17578125,11,5,8096,177.890625,1,0,86,80,6,2,2,1,0x04,0,0,0,1,0,0,1,0,0,1,1,0,0,,,,,,,,,,,,,,,
691,23.066666666666666,1016919,31033.905029296875,31.033905029296875,13,D_APPROACH,0x32,large_room|portal_view|portal_approach,1435,1435,43.792724609375,22.834843205574913,15,0.457763671875,1419,43.304443359375,1,0.030517578125,3045,1325,11.89453125,5.17578125,11,5,8096,177.890625,1,0,86,80,6,2,2,1,0x04,0,0,0,1,0,0,1,0,0,1,1,0,0,,,,,,,,,,,,,,,
692,23.1,1018352,31077.63671875,31.07763671875,13,D_APPROACH,0x32,large_room|portal_view|portal_approach,1433,1433,43.731689453125,22.866713189113746,15,0.457763671875,1417,43.243408203125,1,0.030517578125,3026,1325,11.8203125,5.17578125,11,5,8096,177.890625,1,0,86,80,6,2,2,1,0x04,0,0,0,1,0,0,1,0,0,1,1,0,0,,,,,,,,,,,,,,,
693,23.133333333333333,1019789,31121.490478515625,31.121490478515625,13,D_APPROACH,0x32,large_room|portal_view|portal_approach,1437,1437,43.853759765625,22.803061934585944,15,0.457763671875,1422,43.39599609375,0,0.0,3007,1325,11.74609375,5.17578125,11,5,8096,177.890625,1,0,88,80,8,2,2,1,0x04,0,0,0,1,0,0,1,0,0,1,1,0,0,,,,,,,,,,,,,,,
694,23.166666666666668,1021232,31165.52734375,31.16552734375,13,D_APPROACH,0x32,large_room|portal_view|portal_approach,1443,1443,44.036865234375,22.70824670824671,15,0.457763671875,1427,43.548583984375,1,0.030517578125,2988,1325,11.671875,5.17578125,11,5,8096,177.890625,1,0,89,80,9,2,2,1,0x04,0,0,0,1,0,0,1,0,0,1,1,0,0,,,,,,,,,,,,,,,
695,23.2,1022667,31209.320068359375,31.209320068359375,13,D_APPROACH,0x32,large_room|portal_view|portal_approach,1435,1435,43.792724609375,22.834843205574913,15,0.457763671875,1419,43.304443359375,1,0.030517578125,2969,1325,11.59765625,5.17578125,11,5,8096,177.890625,1,0,89,80,9,2,2,1,0x04,0,0,0,1,0,0,1,0,0,1,1,0,0,,,,,,,,,,,,,,,
696,23.233333333333334,1024085,31252.593994140625,31.252593994140625,13,D_APPROACH,0x32,large_room|portal_view|portal_approach,1418,1418,43.27392578125,23.108603667136812,15,0.457763671875,1403,42.816162109375,0,0.0,2950,1325,11.5234375,5.17578125,11,5,8096,177.890625,1,0,89,80,9,2,2,1,0x04,0,0,0,1,0,0,1,0,0,1,1,0,0,,,,,,,,,,,,,,,
697,23.266666666666666,1025504,31295.8984375,31.2958984375,13,D_APPROACH,0x32,large_room|portal_view|portal_approach,1419,1419,43.304443359375,23.092318534179,15,0.457763671875,1404,42.8466796875,0,0.0,2931,1325,11.44921875,5.17578125,11,5,8096,177.890625,1,0,90,80,10,2,2,1,0x04,0,0,0,1,0,0,1,0,0,1,1,0,0,,,,,,,,,,,,,,,
698,23.3,1026908,31338.7451171875,31.3387451171875,13,D_APPROACH,0x32,large_room|portal_view|portal_approach,1404,1404,42.8466796875,23.33903133903134,15,0.457763671875,1389,42.388916015625,0,0.0,2912,1325,11.375,5.17578125,11,5,8096,177.890625,1,0,90,80,10,2,2,1,0x04,0,0,0,1,0,0,1,0,0,1,1,0,0,,,,,,,,,,,,,,,
699,23.333333333333332,1028281,31380.645751953125,31.380645751953125,13,D_APPROACH,0x32,large_room|portal_view|portal_approach,1373,1373,41.900634765625,23.86598689002185,15,0.457763671875,1358,41.44287109375,0,0.0,2893,1325,11.30078125,5.17578125,11,5,8096,177.890625,1,0,90,80,10,2,2,1,0x04,0,0,0,1,0,0,1,0,0,1,1,0,0,,,,,,,,,,,,,,,
700,23.366666666666667,1029654,31422.54638671875,31.42254638671875,13,D_APPROACH,0x32,large_room|portal_view|portal_approach,1373,1373,41.900634765625,23.86598689002185,15,0.457763671875,1357,41.412353515625,1,0.030517578125,2874,1325,11.2265625,5.17578125,11,5,8096,177.890625,1,0,90,80,10,2,2,1,0x04,0,0,0,1,0,0,1,0,0,1,1,0,0,,,,,,,,,,,,,,,
701,23.4,1031031,31464.569091796875,31.464569091796875,13,D_APPROACH,0x32,large_room|portal_view|portal_approach,1377,1377,42.022705078125,23.79665940450254,16,0.48828125,1361,41.534423828125,0,0.0,2855,1325,11.15234375,5.17578125,11,5,8096,177.890625,1,0,91,80,11,2,2,1,0x04,0,0,0,1,0,0,1,0,0,1,1,0,0,,,,,,,,,,,,,,,
702,23.433333333333334,1032408,31506.591796875,31.506591796875,13,D_APPROACH,0x32,large_room|portal_view|portal_approach,1377,1377,42.022705078125,23.79665940450254,16,0.48828125,1361,41.534423828125,0,0.0,2836,1325,11.078125,5.17578125,11,5,8096,177.890625,1,0,91,80,11,2,2,1,0x04,0,0,0,1,0,0,1,0,0,1,1,0,0,,,,,,,,,,,,,,,
703,23.466666666666665,1033778,31548.40087890625,31.54840087890625,13,D_APPROACH,0x32,large_room|portal_view|portal_approach,1370,1370,41.80908203125,23.91824817518248,15,0.457763671875,1354,41.32080078125,1,0.030517578125,2817,1325,11.00390625,5.17578125,11,5,8096,177.890625,1,0,91,80,11,2,2,1,0x04,0,0,0,1,0,0,1,0,0,1,1,0,0,,,,,,,,,,,,,,,
704,23.5,1035143,31590.057373046875,31.590057373046875,13,D_APPROACH,0x32,large_room|portal_view|portal_approach,1365,1365,41.656494140625,24.005860805860806,16,0.48828125,1349,41.168212890625,0,0.0,2798,1325,10.9296875,5.17578125,10,5,8096,177.890625,1,0,92,80,12,2,2,1,0x04,0,0,0,1,0,0,1,0,0,1,1,0,0,,,,,,,,,,,,,,,
705,23.533333333333335,1036511,31631.805419921875,31.631805419921875,13,D_APPROACH,0x32,large_room|portal_view|portal_approach,1368,1368,41.748046875,23.953216374269005,15,0.457763671875,1352,41.259765625,1,0.030517578125,2779,1325,10.85546875,5.17578125,10,5,8096,177.890625,1,0,92,80,12,2,2,1,0x04,0,0,0,1,0,0,1,0,0,1,1,0,0,,,,,,,,,,,,,,,
706,23.566666666666666,1037875,31673.431396484375,31.673431396484375,13,D_APPROACH,0x32,large_room|portal_view|portal_approach,1364,1364,41.6259765625,24.023460410557185,15,0.457763671875,1349,41.168212890625,0,0.0,2760,1325,10.78125,5.17578125,10,5,8096,177.890625,1,0,92,80,12,2,2,1,0x04,0,0,0,1,0,0,1,0,0,1,1,0,0,,,,,,,,,,,,,,,
707,23.6,1039254,31715.51513671875,31.71551513671875,13,D_APPROACH,0x32,large_room|portal_view|portal_approach,1379,1379,42.083740234375,23.762146482958666,15,0.457763671875,1364,41.6259765625,0,0.0,2741,1325,10.70703125,5.17578125,10,5,8096,177.890625,1,0,93,80,13,2,2,1,0x04,0,0,0,1,0,0,1,0,0,1,1,0,0,,,,,,,,,,,,,,,
708,23.633333333333333,1040629,31757.476806640625,31.757476806640625,13,D_APPROACH,0x32,large_room|portal_view|portal_approach,1375,1375,41.961669921875,23.831272727272726,15,0.457763671875,1359,41.473388671875,1,0.030517578125,2722,1325,10.6328125,5.17578125,10,5,8096,177.890625,1,0,93,80,13,2,2,1,0x04,0,0,0,1,0,0,1,0,0,1,1,0,0,,,,,,,,,,,,,,,
709,23.666666666666668,1042014,31799.74365234375,31.79974365234375,13,D_APPROACH,0x32,large_room|portal_view|portal_approach,1385,1385,42.266845703125,23.659205776173284,15,0.457763671875,1369,41.778564453125,1,0.030517578125,2703,1325,10.55859375,5.17578125,10,5,8096,177.890625,1,0,94,80,14,2,2,1,0x04,0,0,0,1,0,0,1,0,0,1,1,0,0,,,,,,,,,,,,,,,
710,23.7,1043401,31842.071533203125,31.842071533203125,13,D_APPROACH,0x32,large_room|portal_view|portal_approach,1387,1387,42.327880859375,23.62509012256669,15,0.457763671875,1371,41.839599609375,1,0.030517578125,2684,1325,10.484375,5.17578125,10,5,8096,177.890625,1,0,94,80,14,2,2,1,0x04,0,0,0,1,0,0,1,0,0,1,1,0,0,,,,,,,,,,,,,,,
711,23.733333333333334,1044789,31884.429931640625,31.884429931640625,13,D_APPROACH,0x32,large_room|portal_view|portal_approach,1388,1388,42.3583984375,23.608069164265128,15,0.457763671875,1373,41.900634765625,0,0.0,2665,1325,10.41015625,5.17578125,10,5,8096,177.890625,1,0,94,80,14,2,2,1,0x04,0,0,0,1,0,0,1,0,0,1,1,0,0,,,,,,,,,,,,,,,
712,23.766666666666666,1046169,31926.544189453125,31.926544189453125,13,D_APPROACH,0x32,large_room|portal_view|portal_approach,1380,1380,42.1142578125,23.744927536231884,15,0.457763671875,1365,41.656494140625,0,0.0,2646,1325,10.3359375,5.17578125,10,5,8096,177.890625,1,0,93,80,13,2,2,1,0x04,0,0,0,1,0,0,1,0,0,1,1,0,0,,,,,,,,,,,,,,,
713,23.8,1047554,31968.81103515625,31.96881103515625,13,D_APPROACH,0x32,large_room|portal_view|portal_approach,1385,1385,42.266845703125,23.659205776173284,15,0.457763671875,1370,41.80908203125,0,0.0,2627,1325,10.26171875,5.17578125,10,5,8096,177.890625,1,0,93,80,13,2,2,1,0x04,0,0,0,1,0,0,1,0,0,1,1,0,0,,,,,,,,,,,,,,,
714,23.833333333333332,1048941,32011.138916015625,32.011138916015625,13,D_APPROACH,0x32,large_room|portal_view|portal_approach,1387,1387,42.327880859375,23.62509012256669,15,0.457763671875,1371,41.839599609375,1,0.030517578125,2608,1325,10.1875,5.17578125,10,5,8096,177.890625,1,0,93,80,13,2,2,1,0x04,0,0,0,1,0,0,1,0,0,1,1,0,0,,,,,,,,,,,,,,,
715,23.866666666666667,1050327,32053.436279296875,32.053436279296875,13,D_APPROACH,0x32,large_room|portal_view|portal_approach,1386,1386,42.29736328125,23.642135642135642,16,0.48828125,1370,41.80908203125,0,0.0,2589,1325,10.11328125,5.17578125,10,5,8096,177.890625,1,0,93,80,13,2,2,1,0x04,0,0,0,1,0,0,1,0,0,1,1,0,0,,,,,,,,,,,,,,,
716,23.9,1051713,32095.733642578125,32.095733642578125,13,D_APPROACH,0x32,large_room|portal_view|portal_approach,1386,1386,42.29736328125,23.642135642135642,15,0.457763671875,1371,41.839599609375,0,0.0,2570,1325,10.0390625,5.17578125,10,5,8096,177.890625,1,0,93,80,13,2,2,1,0x04,0,0,0,1,0,0,1,0,0,1,1,0,0,,,,,,,,,,,,,,,
717,23.933333333333334,1053074,32137.26806640625,32.13726806640625,13,D_APPROACH,0x32,large_room|portal_view|portal_approach,1361,1361,41.534423828125,24.076414401175604,15,0.457763671875,1346,41.07666015625,0,0.0,2551,1325,9.96484375,5.17578125,9,5,8096,177.890625,1,0,93,80,13,2,2,1,0x04,0,0,0,1,0,0,1,0,0,1,1,0,0,,,,,,,,,,,,,,,
718,23.966666666666665,1054437,32178.863525390625,32.178863525390625,13,D_APPROACH,0x32,large_room|portal_view|portal_approach,1363,1363,41.595458984375,24.041085840058695,15,0.457763671875,1347,41.107177734375,1,0.030517578125,2532,1325,9.890625,5.17578125,9,5,8096,177.890625,1,0,93,80,13,2,2,1,0x04,0,0,0,1,0,0,1,0,0,1,1,0,0,,,,,,,,,,,,,,,
719,24.0,1055807,32220.672607421875,32.220672607421875,13,D_APPROACH,0x32,large_room|portal_view|portal_approach,1370,1370,41.80908203125,23.91824817518248,15,0.457763671875,1354,41.32080078125,1,0.030517578125,2513,1325,9.81640625,5.17578125,9,5,8096,177.890625,1,0,94,80,14,2,2,1,0x04,0,0,0,1,0,0,1,0,0,1,1,0,0,,,,,,,,,,,,,,,
720,24.033333333333335,1057168,32262.20703125,32.26220703125,13,D_APPROACH,0x32,large_room|portal_view|portal_approach,1361,1361,41.534423828125,24.076414401175604,15,0.457763671875,1345,41.046142578125,1,0.030517578125,2494,1325,9.7421875,5.17578125,9,5,8096,177.890625,1,0,93,80,13,2,2,1,0x04,0,0,0,1,0,0,1,0,0,1,1,0,0,,,,,,,,,,,,,,,
721,24.066666666666666,1058530,32303.77197265625,32.30377197265625,13,D_APPROACH,0x32,large_room|portal_view|portal_approach,1362,1362,41.56494140625,24.058737151248163,15,0.457763671875,1347,41.107177734375,0,0.0,2475,1325,9.66796875,5.17578125,9,5,8096,177.890625,1,0,93,80,13,2,2,1,0x04,0,0,0,1,0,0,1,0,0,1,1,0,0,,,,,,,,,,,,,,,
722,24.1,1059902,32345.64208984375,32.34564208984375,13,D_APPROACH,0x32,large_room|portal_view|portal_approach,1372,1372,41.8701171875,23.88338192419825,15,0.457763671875,1357,41.412353515625,0,0.0,2456,1325,9.59375,5.17578125,9,5,8096,177.890625,1,0,94,80,14,2,2,1,0x04,0,0,0,1,0,0,1,0,0,1,1,0,0,,,,,,,,,,,,,,,
723,24.133333333333333,1061273,32387.481689453125,32.387481689453125,13,D_APPROACH,0x32,large_room|portal_view|portal_approach,1371,1371,41.839599609375,23.90080233406273,15,0.457763671875,1356,41.3818359375,0,0.0,2437,1325,9.51953125,5.17578125,9,5,8096,177.890625,1,0,94,80,14,2,2,1,0x04,0,0,0,1,0,0,1,0,0,1,1,0,0,,,,,,,,,,,,,,,
724,24.166666666666668,1062643,32429.290771484375,32.429290771484375,13,D_APPROACH,0x32,large_room|portal_view|portal_approach,1370,1370,41.80908203125,23.91824817518248,15,0.457763671875,1355,41.351318359375,0,0.0,2418,1325,9.4453125,5.17578125,9,5,8096,177.890625,1,0,94,80,14,2,2,1,0x04,0,0,0,1,0,0,1,0,0,1,1,0,0,,,,,,,,,,,,,,,
725,24.2,1064021,32471.343994140625,32.471343994140625,13,D_APPROACH,0x32,large_room|portal_view|portal_approach,1378,1378,42.05322265625,23.779390420899855,15,0.457763671875,1363,41.595458984375,0,0.0,2399,1325,9.37109375,5.17578125,9,5,8096,177.890625,1,0,95,80,15,2,2,1,0x04,0,0,0,1,0,0,1,0,0,1,1,0,0,,,,,,,,,,,,,,,
726,24.233333333333334,1065393,32513.214111328125,32.513214111328125,13,D_APPROACH,0x32,large_room|portal_view|portal_approach,1372,1372,41.8701171875,23.88338192419825,15,0.457763671875,1357,41.412353515625,0,0.0,2380,1325,9.296875,5.17578125,9,5,8096,177.890625,1,0,95,80,15,2,2,1,0x04,0,0,0,1,0,0,1,0,0,1,1,0,0,,,,,,,,,,,,,,,
727,24.266666666666666,1066760,32554.931640625,32.554931640625,13,D_APPROACH,0x32,large_room|portal_view|portal_approach,1367,1367,41.717529296875,23.970738844184346,15,0.457763671875,1352,41.259765625,0,0.0,2361,1325,9.22265625,5.17578125,9,5,8096,177.890625,1,0,94,80,14,2,2,1,0x04,0,0,0,1,0,0,1,0,0,1,1,0,0,,,,,,,,,,,,,,,
728,24.3,1068128,32596.6796875,32.5966796875,13,D_APPROACH,0x32,large_room|portal_view|portal_approach,1368,1368,41.748046875,23.953216374269005,16,0.48828125,1352,41.259765625,0,0.0,2342,1325,9.1484375,5.17578125,9,5,8096,177.890625,1,0,94,80,14,2,2,1,0x04,0,0,0,1,0,0,1,0,0,1,1,0,0,,,,,,,,,,,,,,,
729,24.333333333333332,1069499,32638.519287109375,32.638519287109375,13,D_APPROACH,0x32,large_room|portal_view|portal_approach,1371,1371,41.839599609375,23.90080233406273,15,0.457763671875,1355,41.351318359375,1,0.030517578125,2323,1325,9.07421875,5.17578125,9,5,8096,177.890625,1,0,94,80,14,2,2,1,0x04,0,0,0,1,0,0,1,0,0,1,1,0,0,,,,,,,,,,,,,,,
730,24.366666666666667,1070867,32680.267333984375,32.680267333984375,13,D_APPROACH,0x32,large_room|portal_view|portal_approach,1368,1368,41.748046875,23.953216374269005,16,0.48828125,1351,41.229248046875,1,0.030517578125,2304,1325,9.0,5.17578125,9,5,8096,177.890625,1,0,95,80,15,2,2,1,0x04,0,0,0,1,0,0,1,0,0,1,1,0,0,,,,,,,,,,,,,,,
731,24.4,1072216,32721.435546875,32.721435546875,13,D_APPROACH,0x32,large_room|portal_view|portal_approach,1349,1349,41.168212890625,24.29058561897702,16,0.48828125,1333,40.679931640625,0,0.0,2285,1325,8.92578125,5.17578125,8,5,8096,177.890625,1,0,95,80,15,2,2,1,0x04,0,0,0,1,0,0,1,0,0,1,1,0,0,,,,,,,,,,,,,,,
732,24.433333333333334,1073568,32762.6953125,32.7626953125,13,D_APPROACH,0x32,large_room|portal_view|portal_approach,1352,1352,41.259765625,24.236686390532544,15,0.457763671875,1337,40.802001953125,0,0.0,2266,1325,8.8515625,5.17578125,8,5,8096,177.890625,1,0,95,80,15,2,2,1,0x04,0,0,0,1,0,0,1,0,0,1,1,0,0,,,,,,,,,,,,,,,
733,24.466666666666665,1074920,32803.955078125,32.803955078125,13,D_APPROACH,0x32,large_room|portal_view|portal_approach,1352,1352,41.259765625,24.236686390532544,15,0.457763671875,1336,40.771484375,1,0.030517578125,2247,1325,8.77734375,5.17578125,8,5,8096,177.890625,1,0,95,80,15,2,2,1,0x04,0,0,0,1,0,0,1,0,0,1,1,0,0,,,,,,,,,,,,,,,
734,24.5,1076278,32845.39794921875,32.84539794921875,13,D_APPROACH,0x32,large_room|portal_view|portal_approach,1358,1358,41.44287109375,24.12960235640648,15,0.457763671875,1343,40.985107421875,0,0.0,2228,1325,8.703125,5.17578125,8,5,8096,177.890625,1,0,96,80,16,2,2,1,0x04,0,0,0,1,0,0,1,0,0,1,1,0,0,,,,,,,,,,,,,,,
735,24.533333333333335,1077636,32886.8408203125,32.8868408203125,13,D_APPROACH,0x32,large_room|portal_view|portal_approach,1358,1358,41.44287109375,24.12960235640648,15,0.457763671875,1342,40.95458984375,1,0.030517578125,2209,1325,8.62890625,5.17578125,8,5,8096,177.890625,1,0,96,80,16,2,2,1,0x04,0,0,0,1,0,0,1,0,0,1,1,0,0,,,,,,,,,,,,,,,
736,24.566666666666666,1078999,32928.436279296875,32.928436279296875,13,D_APPROACH,0x32,large_room|portal_view|portal_approach,1363,1363,41.595458984375,24.041085840058695,15,0.457763671875,1347,41.107177734375,1,0.030517578125,2190,1325,8.5546875,5.17578125,8,5,8096,177.890625,1,0,96,80,16,2,2,1,0x04,0,0,0,1,0,0,1,0,0,1,1,0,0,,,,,,,,,,,,,,,
737,24.6,1080372,32970.3369140625,32.9703369140625,13,D_APPROACH,0x32,large_room|portal_view|portal_approach,1373,1373,41.900634765625,23.86598689002185,15,0.457763671875,1357,41.412353515625,1,0.030517578125,2171,1325,8.48046875,5.17578125,8,5,8096,177.890625,1,0,97,80,17,2,2,1,0x04,0,0,0,1,0,0,1,0,0,1,1,0,0,,,,,,,,,,,,,,,
738,24.633333333333333,1081746,33012.26806640625,33.01226806640625,13,D_APPROACH,0x32,large_room|portal_view|portal_approach,1374,1374,41.93115234375,23.848617176128094,15,0.457763671875,1358,41.44287109375,1,0.030517578125,2152,1325,8.40625,5.17578125,8,5,8096,177.890625,1,0,97,80,17,2,2,1,0x04,0,0,0,1,0,0,1,0,0,1,1,0,0,,,,,,,,,,,,,,,
739,24.666666666666668,1083112,33053.955078125,33.053955078125,13,D_APPROACH,0x32,large_room|portal_view|portal_approach,1366,1366,41.68701171875,23.988286969253295,15,0.457763671875,1351,41.229248046875,0,0.0,2133,1325,8.33203125,5.17578125,8,5,8096,177.890625,1,0,96,80,16,2,2,1,0x04,0,0,0,1,0,0,1,0,0,1,1,0,0,,,,,,,,,,,,,,,
740,24.7,1084479,33095.672607421875,33.095672607421875,13,D_APPROACH,0x32,large_room|portal_view|portal_approach,1367,1367,41.717529296875,23.970738844184346,15,0.457763671875,1351,41.229248046875,1,0.030517578125,2114,1325,8.2578125,5.17578125,8,5,8096,177.890625,1,0,96,80,16,2,2,1,0x0C,0,0,0,1,1,0,1,0,0,1,1,0,0,,,,,,,,,,,,,,,
741,24.733333333333334,1085854,33137.63427734375,33.13763427734375,14,D_CROSS,0xF2,large_room|portal_view|portal_approach|portal_cross|stress,1375,1375,41.961669921875,23.831272727272726,16,0.48828125,1358,41.44287109375,1,0.030517578125,2095,1325,8.18359375,5.17578125,8,5,8096,177.890625,1,0,97,80,17,2,2,1,0x04,0,0,0,1,0,0,1,0,0,1,1,1,1,,,,,,,,,,,,,,,
742,24.766666666666666,1087229,33179.595947265625,33.179595947265625,14,D_CROSS,0xF2,large_room|portal_view|portal_approach|portal_cross|stress,1375,1375,41.961669921875,23.831272727272726,16,0.48828125,1358,41.44287109375,1,0.030517578125,2076,1325,8.109375,5.17578125,8,5,8096,177.890625,1,0,97,80,17,2,2,1,0x04,0,0,0,1,0,0,1,0,0,1,1,1,1,,,,,,,,,,,,,,,
743,24.8,1088606,33221.61865234375,33.22161865234375,14,D_CROSS,0xF2,large_room|portal_view|portal_approach|portal_cross|stress,1377,1377,42.022705078125,23.79665940450254,16,0.48828125,1361,41.534423828125,0,0.0,2057,1325,8.03515625,5.17578125,8,5,8096,177.890625,1,0,97,80,17,2,2,1,0x04,0,0,0,1,0,0,1,0,0,1,1,1,1,,,,,,,,,,,,,,,
744,24.833333333333332,1089963,33263.031005859375,33.263031005859375,14,D_CROSS,0xF2,large_room|portal_view|portal_approach|portal_cross|stress,1357,1357,41.412353515625,24.14738393515107,16,0.48828125,1341,40.924072265625,0,0.0,2038,1325,7.9609375,5.17578125,7,5,8096,177.890625,1,0,97,80,17,2,2,1,0x04,0,0,0,1,0,0,1,0,0,1,1,1,1,,,,,,,,,,,,,,,
745,24.866666666666667,1091330,33304.74853515625,33.30474853515625,14,D_CROSS,0xF2,large_room|portal_view|portal_approach|portal_cross|stress,1367,1367,41.717529296875,23.970738844184346,15,0.457763671875,1352,41.259765625,0,0.0,2019,1325,7.88671875,5.17578125,7,5,8096,177.890625,1,0,98,80,18,2,2,1,0x04,0,0,0,1,0,0,1,0,0,1,1,1,1,,,,,,,,,,,,,,,
746,24.9,1092693,33346.343994140625,33.346343994140625,14,D_CROSS,0xF2,large_room|portal_view|portal_approach|portal_cross|stress,1363,1363,41.595458984375,24.041085840058695,15,0.457763671875,1347,41.107177734375,1,0.030517578125,2000,1325,7.8125,5.17578125,7,5,8096,177.890625,1,0,98,80,18,2,2,1,0x04,0,0,0,1,0,0,1,0,0,1,1,1,1,,,,,,,,,,,,,,,
747,24.933333333333334,1094059,33388.031005859375,33.388031005859375,14,D_CROSS,0xF2,large_room|portal_view|portal_approach|portal_cross|stress,1366,1366,41.68701171875,23.988286969253295,15,0.457763671875,1350,41.19873046875,1,0.030517578125,1981,1325,7.73828125,5.17578125,7,5,8096,177.890625,1,0,98,80,18,2,2,1,0x04,0,0,0,1,0,0,1,0,0,1,1,1,1,,,,,,,,,,,,,,,
748,24.966666666666665,1095438,33430.11474609375,33.43011474609375,14,D_CROSS,0xF2,large_room|portal_view|portal_approach|portal_cross|stress,1379,1379,42.083740234375,23.762146482958666,15,0.457763671875,1363,41.595458984375,1,0.030517578125,1962,1325,7.6640625,5.17578125,7,5,8096,177.890625,1,0,99,80,19,2,2,1,0x04,0,0,0,1,0,0,1,0,0,1,1,1,1,,,,,,,,,,,,,,,
749,25.0,1096806,33471.86279296875,33.47186279296875,14,D_CROSS,0xF2,large_room|portal_view|portal_approach|portal_cross|stress,1368,1368,41.748046875,23.953216374269005,15,0.457763671875,1352,41.259765625,1,0.030517578125,1943,1325,7.58984375,5.17578125,7,5,8096,177.890625,1,0,98,80,18,2,2,1,0x04,0,0,0,1,0,0,1,0,0,1,1,1,1,,,,,,,,,,,,,,,
750,25.033333333333335,1098181,33513.824462890625,33.513824462890625,14,D_CROSS,0xF2,large_room|portal_view|portal_approach|portal_cross|stress,1375,1375,41.961669921875,23.831272727272726,16,0.48828125,1359,41.473388671875,0,0.0,1924,1325,7.515625,5.17578125,7,5,8096,177.890625,1,0,98,80,18,2,2,1,0x04,0,0,0,1,0,0,1,0,0,1,1,1,1,,,,,,,,,,,,,,,
751,25.066666666666666,1099568,33556.15234375,33.55615234375,14,D_CROSS,0xF2,large_room|portal_view|portal_approach|portal_cross|stress,1387,1387,42.327880859375,23.62509012256669,15,0.457763671875,1371,41.839599609375,1,0.030517578125,1905,1325,7.44140625,5.17578125,7,5,8096,177.890625,1,0,100,80,20,2,2,1,0x04,0,0,0,1,0,0,1,0,0,1,1,1,1,,,,,,,,,,,,,,,
752,25.1,1100958,33598.57177734375,33.59857177734375,14,D_CROSS,0xF2,large_room|portal_view|portal_approach|portal_cross|stress,1390,1390,42.41943359375,23.57410071942446,15,0.457763671875,1374,41.93115234375,1,0.030517578125,1886,1325,7.3671875,5.17578125,7,5,8096,177.890625,1,0,100,80,20,2,2,1,0x04,0,0,0,1,0,0,1,0,0,1,1,1,1,,,,,,,,,,,,,,,
753,25.133333333333333,1102347,33640.960693359375,33.640960693359375,14,D_CROSS,0xF2,large_room|portal_view|portal_approach|portal_cross|stress,1389,1389,42.388916015625,23.591072714182864,15,0.457763671875,1373,41.900634765625,1,0.030517578125,1867,1325,7.29296875,5.17578125,7,5,8096,177.890625,1,0,100,80,20,2,2,1,0x04,0,0,0,1,0,0,1,0,0,1,1,1,1,,,,,,,,,,,,,,,
754,25.166666666666668,1103738,33683.41064453125,33.68341064453125,14,D_CROSS,0xF2,large_room|portal_view|portal_approach|portal_cross|stress,1391,1391,42.449951171875,23.557153127246586,15,0.457763671875,1375,41.961669921875,1,0.030517578125,1848,1325,7.21875,5.17578125,7,5,8096,177.890625,1,0,100,80,20,2,2,1,0x04,0,0,0,1,0,0,1,0,0,1,1,1,1,,,,,,,,,,,,,,,
755,25.2,1105125,33725.738525390625,33.725738525390625,14,D_CROSS,0xF2,large_room|portal_view|portal_approach|portal_cross|stress,1387,1387,42.327880859375,23.62509012256669,16,0.48828125,1371,41.839599609375,0,0.0,1829,1325,7.14453125,5.17578125,7,5,8096,177.890625,1,0,100,80,20,2,2,1,0x04,0,0,0,1,0,0,1,0,0,1,1,1,1,,,,,,,,,,,,,,,
756,25.233333333333334,1106525,33768.463134765625,33.768463134765625,14,D_CROSS,0xF2,large_room|portal_view|portal_approach|portal_cross|stress,1400,1400,42.724609375,23.405714285714286,16,0.48828125,1383,42.205810546875,1,0.030517578125,1810,1325,7.0703125,5.17578125,7,5,8096,177.890625,1,0,101,80,21,3,3,2,0x06,1,0,0,1,0,0,1,0,0,1,1,1,1,42.48046875,3.5400390625,0.0,15.655517578125,9.21630859375,4.241943359375,7.32421875,2.50244140625,21,79,22,22,22,3594,761
757,25.266666666666666,1107905,33810.577392578125,33.810577392578125,14,D_CROSS,0xF2,large_room|portal_view|portal_approach|portal_cross|stress,1380,1380,42.1142578125,23.744927536231884,16,0.48828125,1364,41.6259765625,0,0.0,1791,1325,6.99609375,5.17578125,6,5,8096,177.890625,1,0,100,80,20,2,2,1,0x04,0,0,0,1,0,0,1,0,0,1,1,1,1,,,,,,,,,,,,,,,
758,25.3,1109286,33852.72216796875,33.85272216796875,14,D_CROSS,0xF2,large_room|portal_view|portal_approach|portal_cross|stress,1381,1381,42.144775390625,23.72773352643012,15,0.457763671875,1366,41.68701171875,0,0.0,1772,1325,6.921875,5.17578125,6,5,8096,177.890625,1,0,101,80,21,2,2,1,0x04,0,0,0,1,0,0,1,0,0,1,1,1,1,,,,,,,,,,,,,,,
759,25.333333333333332,1110679,33895.233154296875,33.895233154296875,14,D_CROSS,0xF2,large_room|portal_view|portal_approach|portal_cross|stress,1393,1393,42.510986328125,23.52333094041637,15,0.457763671875,1377,42.022705078125,1,0.030517578125,1753,1325,6.84765625,5.17578125,6,5,8096,177.890625,1,0,103,80,23,3,3,2,0x04,0,0,0,1,0,0,1,0,0,1,1,1,1,,,,,,,,,,,,,,,
760,25.366666666666667,1112072,33937.744140625,33.937744140625,14,D_CROSS,0xF2,large_room|portal_view|portal_approach|portal_cross|stress,1393,1393,42.510986328125,23.52333094041637,15,0.457763671875,1378,42.05322265625,0,0.0,1734,1325,6.7734375,5.17578125,6,5,8096,177.890625,1,0,103,80,23,3,3,2,0x0C,0,0,0,1,1,0,1,0,0,1,1,1,1,,,,,,,,,,,,,,,
761,25.4,1113342,33976.50146484375,33.97650146484375,15,D_TURN_BACK,0x9A,large_room|fast_turn|portal_view|stress,1270,1270,38.75732421875,25.801574803149606,5,0.152587890625,1264,38.57421875,1,0.030517578125,1734,1325,6.7734375,5.17578125,6,5,8198,180.1318359375,0,1,101,80,21,3,3,2,0x04,0,0,0,1,0,0,1,0,1,1,0,0,1,,,,,,,,,,,,,,,
762,25.433333333333334,1114752,34019.53125,34.01953125,15,D_TURN_BACK,0x9A,large_room|fast_turn|portal_view|stress,1410,1410,43.02978515625,23.23971631205674,6,0.18310546875,1403,42.816162109375,1,0.030517578125,1734,1325,6.7734375,5.17578125,6,5,8300,182.373046875,0,1,102,80,22,3,3,2,0x04,0,0,0,1,0,0,1,0,1,1,0,0,1,,,,,,,,,,,,,,,
763,25.466666666666665,1116142,34061.95068359375,34.06195068359375,15,D_TURN_BACK,0x9A,large_room|fast_turn|portal_view|stress,1390,1390,42.41943359375,23.57410071942446,6,0.18310546875,1384,42.236328125,0,0.0,1734,1325,6.7734375,5.17578125,6,5,8402,184.6142578125,0,1,100,80,20,3,3,2,0x04,0,0,0,1,0,0,1,0,1,1,0,0,1,,,,,,,,,,,,,,,
764,25.5,1117537,34104.522705078125,34.104522705078125,15,D_TURN_BACK,0x9A,large_room|fast_turn|portal_view|stress,1395,1395,42.572021484375,23.489605734767025,6,0.18310546875,1388,42.3583984375,1,0.030517578125,1734,1325,6.7734375,5.17578125,6,5,8504,186.85546875,0,1,101,80,21,3,3,2,0x04,0,0,0,1,0,0,1,0,1,1,0,0,1,,,,,,,,,,,,,,,
765,25.533333333333335,1118939,34147.308349609375,34.147308349609375,15,D_TURN_BACK,0x9A,large_room|fast_turn|portal_view|stress,1402,1402,42.78564453125,23.372325249643367,6,0.18310546875,1395,42.572021484375,1,0.030517578125,1734,1325,6.7734375,5.17578125,6,5,8606,189.0966796875,0,1,102,80,22,3,3,2,0x04,0,0,0,1,0,0,1,0,1,1,0,0,1,,,,,,,,,,,,,,,
766,25.566666666666666,1120328,34189.697265625,34.189697265625,15,D_TURN_BACK,0x9A,large_room|fast_turn|portal_view|stress,1389,1389,42.388916015625,23.591072714182864,6,0.18310546875,1383,42.205810546875,0,0.0,1734,1325,6.7734375,5.17578125,6,5,8708,191.337890625,0,1,100,80,20,3,3,2,0x04,0,0,0,1,0,0,1,0,1,1,0,0,1,,,,,,,,,,,,,,,
767,25.6,1121715,34232.025146484375,34.232025146484375,15,D_TURN_BACK,0x9A,large_room|fast_turn|portal_view|stress,1387,1387,42.327880859375,23.62509012256669,5,0.152587890625,1381,42.144775390625,1,0.030517578125,1734,1325,6.7734375,5.17578125,6,5,8810,193.5791015625,0,1,100,80,20,3,3,2,0x04,0,0,0,1,0,0,1,0,1,1,0,0,1,,,,,,,,,,,,,,,
768,25.633333333333333,1123133,34275.299072265625,34.275299072265625,15,D_TURN_BACK,0x9A,large_room|fast_turn|portal_view|stress,1418,1418,43.27392578125,23.108603667136812,5,0.152587890625,1413,43.121337890625,0,0.0,1734,1325,6.7734375,5.17578125,6,5,8912,195.8203125,0,1,103,80,23,3,3,2,0x04,0,0,0,1,0,0,1,0,1,1,0,0,1,,,,,,,,,,,,,,,
769,25.666666666666668,1124583,34319.549560546875,34.319549560546875,15,D_TURN_BACK,0x9A,large_room|fast_turn|portal_view|stress,1450,1450,44.25048828125,22.59862068965517,5,0.152587890625,1445,44.097900390625,0,0.0,1734,1325,6.7734375,5.17578125,6,5,9014,198.0615234375,0,1,106,80,26,3,3,2,0x04,0,0,0,1,0,0,1,0,1,1,0,0,1,,,,,,,,,,,,,,,
770,25.7,1126052,34364.3798828125,34.3643798828125,15,D_TURN_BACK,0x9A,large_room|fast_turn|portal_view|stress,1469,1469,44.830322265625,22.306330837304287,6,0.18310546875,1463,44.647216796875,0,0.0,1734,1325,6.7734375,5.17578125,6,5,9116,200.302734375,0,1,108,80,28,3,3,2,0x04,0,0,0,1,0,0,1,0,1,1,0,0,1,,,,,,,,,,,,,,,
771,25.733333333333334,1127566,34410.58349609375,34.41058349609375,15,D_TURN_BACK,0x9A,large_room|fast_turn|portal_view|stress,1514,1514,46.20361328125,21.64332892998679,5,0.152587890625,1509,46.051025390625,0,0.0,1734,1325,6.7734375,5.17578125,6,5,9218,202.5439453125,0,1,112,80,32,3,3,2,0x04,0,0,0,1,0,0,1,0,1,1,0,0,1,,,,,,,,,,,,,,,
772,25.766666666666666,1129090,34457.09228515625,34.45709228515625,15,D_TURN_BACK,0x9A,large_room|fast_turn|portal_view|stress,1524,1524,46.5087890625,21.501312335958005,6,0.18310546875,1517,46.295166015625,1,0.030517578125,1734,1325,6.7734375,5.17578125,6,5,9320,204.78515625,0,1,113,80,33,3,3,2,0x04,0,0,0,1,0,0,1,0,1,1,0,0,1,,,,,,,,,,,,,,,
773,25.8,1130620,34503.7841796875,34.5037841796875,15,D_TURN_BACK,0x9A,large_room|fast_turn|portal_view|stress,1530,1530,46.69189453125,21.416993464052286,6,0.18310546875,1524,46.5087890625,0,0.0,1734,1325,6.7734375,5.17578125,6,5,9422,207.0263671875,0,1,113,80,33,3,3,2,0x04,0,0,0,1,0,0,1,0,1,1,0,0,1,,,,,,,,,,,,,,,
774,25.833333333333332,1132137,34550.079345703125,34.550079345703125,15,D_TURN_BACK,0x9A,large_room|fast_turn|portal_view|stress,1517,1517,46.295166015625,21.600527356624916,5,0.152587890625,1511,46.112060546875,1,0.030517578125,1734,1325,6.7734375,5.17578125,6,5,9524,209.267578125,0,1,112,80,32,3,3,2,0x04,0,0,0,1,0,0,1,0,1,1,0,0,1,,,,,,,,,,,,,,,
775,25.866666666666667,1133668,34596.8017578125,34.5968017578125,15,D_TURN_BACK,0x9A,large_room|fast_turn|portal_view|stress,1531,1531,46.722412109375,21.40300457217505,6,0.18310546875,1524,46.5087890625,1,0.030517578125,1734,1325,6.7734375,5.17578125,6,5,9626,211.5087890625,0,1,112,80,32,3,3,2,0x04,0,0,0,1,0,0,1,0,1,1,0,0,1,,,,,,,,,,,,,,,
776,25.9,1135209,34643.829345703125,34.643829345703125,15,D_TURN_BACK,0x9A,large_room|fast_turn|portal_view|stress,1541,1541,47.027587890625,21.26411421155094,5,0.152587890625,1535,46.844482421875,1,0.030517578125,1734,1325,6.7734375,5.17578125,6,5,9728,213.75,0,1,113,80,33,3,3,2,0x04,0,0,0,1,0,0,1,0,1,1,0,0,1,,,,,,,,,,,,,,,
777,25.933333333333334,1136796,34692.2607421875,34.6922607421875,15,D_TURN_BACK,0x9A,large_room|fast_turn|portal_view|stress,1587,1587,48.431396484375,20.647763074984248,6,0.18310546875,1581,48.248291015625,0,0.0,1734,1325,6.7734375,5.17578125,6,5,9830,215.9912109375,0,1,116,80,36,3,3,2,0x04,0,0,0,1,0,0,1,0,1,1,0,0,1,,,,,,,,,,,,,,,
778,25.966666666666665,1138369,34740.264892578125,34.740264892578125,15,D_TURN_BACK,0x9A,large_room|fast_turn|portal_view|stress,1573,1573,48.004150390625,20.831532104259377,6,0.18310546875,1567,47.821044921875,0,0.0,1734,1325,6.7734375,5.17578125,6,5,9932,218.232421875,0,1,115,80,35,3,3,2,0x04,0,0,0,1,0,0,1,0,1,1,0,0,1,,,,,,,,,,,,,,,
779,26.0,1139966,34789.00146484375,34.78900146484375,15,D_TURN_BACK,0x9A,large_room|fast_turn|portal_view|stress,1597,1597,48.736572265625,20.5184721352536,6,0.18310546875,1591,48.553466796875,0,0.0,1734,1325,6.7734375,5.17578125,6,5,10034,220.4736328125,0,1,117,80,37,3,3,2,0x04,0,0,0,1,0,0,1,0,1,1,0,0,1,,,,,,,,,,,,,,,
780,26.033333333333335,1141545,34837.188720703125,34.837188720703125,15,D_TURN_BACK,0x9A,large_room|fast_turn|portal_view|stress,1579,1579,48.187255859375,20.752374920835972,6,0.18310546875,1572,47.9736328125,1,0.030517578125,1734,1325,6.7734375,5.17578125,6,5,10136,222.71484375,0,1,115,80,35,3,3,2,0x04,0,0,0,1,0,0,1,0,1,1,0,0,1,,,,,,,,,,,,,,,
781,26.066666666666666,1143136,34885.7421875,34.8857421875,15,D_TURN_BACK,0x9A,large_room|fast_turn|portal_view|stress,1591,1591,48.553466796875,20.595851665619108,6,0.18310546875,1584,48.33984375,1,0.030517578125,1734,1325,6.7734375,5.17578125,6,5,10238,224.9560546875,0,1,116,80,36,3,3,2,0x04,0,0,0,1,0,0,1,0,1,1,0,0,1,,,,,,,,,,,,,,,
782,26.1,1144735,34934.539794921875,34.934539794921875,15,D_TURN_BACK,0x9A,large_room|fast_turn|portal_view|stress,1599,1599,48.797607421875,20.492808005003127,6,0.18310546875,1593,48.614501953125,0,0.0,1734,1325,6.7734375,5.17578125,6,5,10340,227.197265625,0,1,118,80,38,3,3,2,0x06,1,0,0,1,0,0,1,0,1,1,0,0,1,49.1943359375,3.753662109375,0.0,17.425537109375,10.650634765625,5.7373046875,6.53076171875,5.096435546875,38,76,42,42,42,3252,936
783,26.133333333333333,1146326,34983.09326171875,34.98309326171875,15,D_TURN_BACK,0x9A,large_room|fast_turn|portal_view|stress,1591,1591,48.553466796875,20.595851665619108,6,0.18310546875,1584,48.33984375,1,0.030517578125,1734,1325,6.7734375,5.17578125,6,5,10442,229.4384765625,0,1,116,80,36,3,3,2,0x04,0,0,0,1,0,0,1,0,1,1,0,0,1,,,,,,,,,,,,,,,
784,26.166666666666668,1147924,35031.8603515625,35.0318603515625,15,D_TURN_BACK,0x9A,large_room|fast_turn|portal_view|stress,1598,1598,48.76708984375,20.505632040050063,6,0.18310546875,1592,48.583984375,0,0.0,1734,1325,6.7734375,5.17578125,6,5,10544,231.6796875,0,1,118,80,38,3,3,2,0x04,0,0,0,1,0,0,1,0,1,1,0,0,1,,,,,,,,,,,,,,,
785,26.2,1149504,35080.078125,35.080078125,15,D_TURN_BACK,0x9A,large_room|fast_turn|portal_view|stress,1580,1580,48.2177734375,20.739240506329114,5,0.152587890625,1574,48.03466796875,1,0.030517578125,1734,1325,6.7734375,5.17578125,6,5,10646,233.9208984375,0,1,116,80,36,3,3,2,0x04,0,0,0,1,0,0,1,0,1,1,0,0,1,,,,,,,,,,,,,,,
786,26.233333333333334,1151055,35127.410888671875,35.127410888671875,15,D_TURN_BACK,0x9A,large_room|fast_turn|portal_view|stress,1551,1551,47.332763671875,21.12701482914249,6,0.18310546875,1544,47.119140625,1,0.030517578125,1734,1325,6.7734375,5.17578125,6,5,10748,236.162109375,0,1,115,80,35,3,3,2,0x04,0,0,0,1,0,0,1,0,1,1,0,0,1,,,,,,,,,,,,,,,
787,26.266666666666666,1152550,35173.03466796875,35.17303466796875,15,D_TURN_BACK,0x9A,large_room|fast_turn|portal_view|stress,1495,1495,45.623779296875,21.91839464882943,6,0.18310546875,1489,45.440673828125,0,0.0,1734,1325,6.7734375,5.17578125,6,5,10850,238.4033203125,0,1,109,80,29,3,3,2,0x04,0,0,0,1,0,0,1,0,1,1,0,0,1,,,,,,,,,,,,,,,
788,26.3,1154036,35218.3837890625,35.2183837890625,15,D_TURN_BACK,0x9A,large_room|fast_turn|portal_view|stress,1486,1486,45.34912109375,22.05114401076716,5,0.152587890625,1480,45.166015625,1,0.030517578125,1734,1325,6.7734375,5.17578125,6,5,10952,240.64453125,0,1,108,80,28,3,3,2,0x04,0,0,0,1,0,0,1,0,1,1,0,0,1,,,,,,,,,,,,,,,
789,26.333333333333332,1155507,35263.275146484375,35.263275146484375,15,D_TURN_BACK,0x9A,large_room|fast_turn|portal_view|stress,1471,1471,44.891357421875,22.276002719238612,6,0.18310546875,1465,44.708251953125,0,0.0,1734,1325,6.7734375,5.17578125,6,5,11054,242.8857421875,0,1,106,80,26,2,2,1,0x04,0,0,0,1,0,0,1,0,1,1,0,0,1,,,,,,,,,,,,,,,
790,26.366666666666667,1156996,35308.7158203125,35.3087158203125,15,D_TURN_BACK,0x9A,large_room|fast_turn|portal_view|stress,1489,1489,45.440673828125,22.006715916722634,5,0.152587890625,1483,45.257568359375,1,0.030517578125,1734,1325,6.7734375,5.17578125,6,5,11156,245.126953125,0,1,107,80,27,2,2,1,0x04,0,0,0,1,0,0,1,0,1,1,0,0,1,,,,,,,,,,,,,,,
791,26.4,1158471,35353.729248046875,35.353729248046875,15,D_TURN_BACK,0x9A,large_room|fast_turn|portal_view|stress,1475,1475,45.013427734375,22.215593220338985,6,0.18310546875,1469,44.830322265625,0,0.0,1734,1325,6.7734375,5.17578125,6,5,11258,247.3681640625,0,1,106,80,26,2,2,1,0x04,0,0,0,1,0,0,1,0,1,1,0,0,1,,,,,,,,,,,,,,,
792,26.433333333333334,1159968,35399.4140625,35.3994140625,15,D_TURN_BACK,0x9A,large_room|fast_turn|portal_view|stress,1497,1497,45.684814453125,21.889111556446228,6,0.18310546875,1490,45.47119140625,1,0.030517578125,1734,1325,6.7734375,5.17578125,6,5,11360,249.609375,0,1,107,80,27,2,2,1,0x04,0,0,0,1,0,0,1,0,1,1,0,0,1,,,,,,,,,,,,,,,
793,26.466666666666665,1161470,35445.25146484375,35.44525146484375,15,D_TURN_BACK,0x9A,large_room|fast_turn|portal_view|stress,1502,1502,45.83740234375,21.81624500665779,6,0.18310546875,1496,45.654296875,0,0.0,1734,1325,6.7734375,5.17578125,6,5,11462,251.8505859375,0,1,106,80,26,2,2,1,0x04,0,0,0,1,0,0,1,0,1,1,0,0,1,,,,,,,,,,,,,,,
794,26.5,1163001,35491.973876953125,35.491973876953125,15,D_TURN_BACK,0x9A,large_room|fast_turn|portal_view|stress,1531,1531,46.722412109375,21.40300457217505,6,0.18310546875,1524,46.5087890625,1,0.030517578125,1734,1325,6.7734375,5.17578125,6,5,11564,254.091796875,0,1,108,80,28,2,2,1,0x04,0,0,0,1,0,0,1,0,1,1,0,0,1,,,,,,,,,,,,,,,
795,26.533333333333335,1164531,35538.665771484375,35.538665771484375,15,D_TURN_BACK,0x9A,large_room|fast_turn|portal_view|stress,1530,1530,46.69189453125,21.416993464052286,6,0.18310546875,1524,46.5087890625,0,0.0,1734,1325,6.7734375,5.17578125,6,5,11666,256.3330078125,0,1,108,80,28,2,2,1,0x04,0,0,0,1,0,0,1,0,1,1,0,0,1,,,,,,,,,,,,,,,
796,26.566666666666666,1166074,35585.75439453125,35.58575439453125,15,D_TURN_BACK,0x9A,large_room|fast_turn|portal_view|stress,1543,1543,47.088623046875,21.23655217109527,6,0.18310546875,1537,46.905517578125,0,0.0,1734,1325,6.7734375,5.17578125,6,5,11768,258.57421875,0,1,108,80,28,2,2,1,0x04,0,0,0,1,0,0,1,0,1,1,0,0,1,,,,,,,,,,,,,,,
797,26.6,1167641,35633.575439453125,35.633575439453125,15,D_TURN_BACK,0x9A,large_room|fast_turn|portal_view|stress,1567,1567,47.821044921875,20.91129546904914,6,0.18310546875,1561,47.637939453125,0,0.0,1734,1325,6.7734375,5.17578125,6,5,11870,260.8154296875,0,1,110,80,30,2,2,1,0x04,0,0,0,1,0,0,1,0,1,1,0,0,1,,,,,,,,,,,,,,,
798,26.633333333333333,1169163,35680.023193359375,35.680023193359375,15,D_TURN_BACK,0x9A,large_room|fast_turn|portal_view|stress,1522,1522,46.44775390625,21.529566360052563,5,0.152587890625,1517,46.295166015625,0,0.0,1734,1325,6.7734375,5.17578125,6,5,11972,263.056640625,0,1,105,80,25,2,2,1,0x04,0,0,0,1,0,0,1,0,1,1,0,0,1,,,,,,,,,,,,,,,
799,26.666666666666668,1170682,35726.37939453125,35.72637939453125,15,D_TURN_BACK,0x9A,large_room|fast_turn|portal_view|stress,1519,1519,46.356201171875,21.57208689927584,6,0.18310546875,1513,46.173095703125,0,0.0,1734,1325,6.7734375,5.17578125,6,5,12074,265.2978515625,0,1,103,80,23,2,2,1,0x04,0,0,0,1,0,0,1,0,1,1,0,0,1,,,,,,,,,,,,,,,
800,26.7,1172168,35771.728515625,35.771728515625,15,D_TURN_BACK,0x9A,large_room|fast_turn|portal_view|stress,1486,1486,45.34912109375,22.05114401076716,5,0.152587890625,1481,45.196533203125,0,0.0,1734,1325,6.7734375,5.17578125,6,5,12176,267.5390625,0,1,100,80,20,2,2,1,0x04,0,0,0,1,0,0,1,0,1,1,0,0,1,,,,,,,,,,,,,,,
801,26.733333333333334,1173626,35816.22314453125,35.81622314453125,15,D_TURN_BACK,0x9A,large_room|fast_turn|portal_view|stress,1458,1458,44.49462890625,22.474622770919066,5,0.152587890625,1453,44.342041015625,0,0.0,1734,1325,6.7734375,5.17578125,6,5,12278,269.7802734375,0,1,97,80,17,2,2,1,0x04,0,0,0,1,0,0,1,0,1,1,0,0,1,,,,,,,,,,,,,,,
802,26.766666666666666,1175149,35862.701416015625,35.862701416015625,15,D_TURN_BACK,0x9A,large_room|fast_turn|portal_view|stress,1523,1523,46.478271484375,21.51543007222587,5,0.152587890625,1517,46.295166015625,1,0.030517578125,1734,1325,6.7734375,5.17578125,6,5,12380,272.021484375,0,1,97,80,17,2,2,1,0x04,0,0,0,1,0,0,1,0,1,1,0,0,1,,,,,,,,,,,,,,,
803,26.8,1176690,35909.72900390625,35.90972900390625,15,D_TURN_BACK,0x9A,large_room|fast_turn|portal_view|stress,1541,1541,47.027587890625,21.26411421155094,6,0.18310546875,1534,46.81396484375,1,0.030517578125,1734,1325,6.7734375,5.17578125,6,5,12482,274.2626953125,0,1,98,80,18,2,2,1,0x04,0,0,0,1,0,0,1,0,1,1,0,0,1,,,,,,,,,,,,,,,
804,26.833333333333332,1178255,35957.489013671875,35.957489013671875,15,D_TURN_BACK,0x9A,large_room|fast_turn|portal_view|stress,1565,1565,47.760009765625,20.938019169329074,6,0.18310546875,1559,47.576904296875,0,0.0,1734,1325,6.7734375,5.17578125,6,5,12584,276.50390625,0,1,99,80,19,2,2,1,0x04,0,0,0,1,0,0,1,0,1,1,0,0,1,,,,,,,,,,,,,,,
805,26.866666666666667,1179831,36005.584716796875,36.005584716796875,15,D_TURN_BACK,0x9A,large_room|fast_turn|portal_view|stress,1576,1576,48.095703125,20.79187817258883,6,0.18310546875,1570,47.91259765625,0,0.0,1734,1325,6.7734375,5.17578125,6,5,12686,278.7451171875,0,1,99,80,19,2,2,1,0x04,0,0,0,1,0,0,1,0,1,1,0,0,1,,,,,,,,,,,,,,,
806,26.9,1181421,36054.107666015625,36.054107666015625,15,D_TURN_BACK,0x9A,large_room|fast_turn|portal_view|stress,1590,1590,48.52294921875,20.60880503144654,6,0.18310546875,1584,48.33984375,0,0.0,1734,1325,6.7734375,5.17578125,6,5,12788,280.986328125,0,1,99,80,19,2,2,1,0x04,0,0,0,1,0,0,1,0,1,1,0,0,1,,,,,,,,,,,,,,,
807,26.933333333333334,1182979,36101.654052734375,36.101654052734375,15,D_TURN_BACK,0x9A,large_room|fast_turn|portal_view|stress,1558,1558,47.54638671875,21.03209242618742,5,0.152587890625,1552,47.36328125,1,0.030517578125,1734,1325,6.7734375,5.17578125,6,5,12890,283.2275390625,0,1,96,80,16,2,2,1,0x04,0,0,0,1,0,0,1,0,1,1,0,0,1,,,,,,,,,,,,,,,
808,26.966666666666665,1184524,36148.8037109375,36.1488037109375,15,D_TURN_BACK,0x9A,large_room|fast_turn|portal_view|stress,1545,1545,47.149658203125,21.20906148867314,6,0.18310546875,1538,46.93603515625,1,0.030517578125,1734,1325,6.7734375,5.17578125,6,5,12992,285.46875,0,1,94,80,14,2,2,1,0x04,0,0,0,1,0,0,1,0,1,1,0,0,1,,,,,,,,,,,,,,,
809,27.0,1186043,36195.159912109375,36.195159912109375,15,D_TURN_BACK,0x9A,large_room|fast_turn|portal_view|stress,1519,1519,46.356201171875,21.57208689927584,6,0.18310546875,1512,46.142578125,1,0.030517578125,1734,1325,6.7734375,5.17578125,6,5,13094,287.7099609375,0,1,91,80,11,2,2,1,0x04,0,0,0,1,0,0,1,0,1,1,0,0,1,,,,,,,,,,,,,,,
810,27.033333333333335,1187531,36240.570068359375,36.240570068359375,15,D_TURN_BACK,0x9A,large_room|fast_turn|portal_view|stress,1488,1488,45.41015625,22.021505376344088,6,0.18310546875,1481,45.196533203125,1,0.030517578125,1734,1325,6.7734375,5.17578125,6,5,13196,289.951171875,0,1,88,80,8,2,2,1,0x04,0,0,0,1,0,0,1,0,1,1,0,0,1,,,,,,,,,,,,,,,
811,27.066666666666666,1188996,36285.2783203125,36.2852783203125,15,D_TURN_BACK,0x9A,large_room|fast_turn|portal_view|stress,1465,1465,44.708251953125,22.367235494880546,6,0.18310546875,1458,44.49462890625,1,0.030517578125,1734,1325,6.7734375,5.17578125,6,5,13298,292.1923828125,0,1,85,80,5,2,2,1,0x04,0,0,0,1,0,0,1,0,1,1,0,0,1,,,,,,,,,,,,,,,
812,27.1,1190438,36329.28466796875,36.32928466796875,15,D_TURN_BACK,0x9A,large_room|fast_turn|portal_view|stress,1442,1442,44.00634765625,22.723994452149793,6,0.18310546875,1435,43.792724609375,1,0.030517578125,1734,1325,6.7734375,5.17578125,6,5,13400,294.43359375,0,1,83,80,3,2,2,1,0x04,0,0,0,1,0,0,1,0,1,1,0,0,1,,,,,,,,,,,,,,,
813,27.133333333333333,1191878,36373.22998046875,36.37322998046875,15,D_TURN_BACK,0x9A,large_room|fast_turn|portal_view|stress,1440,1440,43.9453125,22.755555555555556,6,0.18310546875,1433,43.731689453125,1,0.030517578125,1734,1325,6.7734375,5.17578125,6,5,13502,296.6748046875,0,1,83,80,3,2,2,1,0x04,0,0,0,1,0,0,1,0,1,1,0,0,1,,,,,,,,,,,,,,,
814,27.166666666666668,1193331,36417.572021484375,36.417572021484375,15,D_TURN_BACK,0x9A,large_room|fast_turn|portal_view|stress,1453,1453,44.342041015625,22.55196145905024,6,0.18310546875,1446,44.12841796875,1,0.030517578125,1734,1325,6.7734375,5.17578125,6,5,13604,298.916015625,0,1,84,80,4,2,2,1,0x04,0,0,0,1,0,0,1,0,1,1,0,0,1,,,,,,,,,,,,,,,
815,27.2,1194789,36462.066650390625,36.462066650390625,15,D_TURN_BACK,0x9A,large_room|fast_turn|portal_view|stress,1458,1458,44.49462890625,22.474622770919066,6,0.18310546875,1451,44.281005859375,1,0.030517578125,1734,1325,6.7734375,5.17578125,6,5,13706,301.1572265625,0,1,84,80,4,2,2,1,0x04,0,0,0,1,0,0,1,0,1,1,0,0,1,,,,,,,,,,,,,,,
816,27.233333333333334,1196255,36506.805419921875,36.506805419921875,15,D_TURN_BACK,0x9A,large_room|fast_turn|portal_view|stress,1466,1466,44.73876953125,22.351978171896317,6,0.18310546875,1459,44.525146484375,1,0.030517578125,1734,1325,6.7734375,5.17578125,6,5,13808,303.3984375,0,1,84,80,4,2,2,1,0x04,0,0,0,1,0,0,1,0,1,1,0,0,1,,,,,,,,,,,,,,,
817,27.266666666666666,1197732,36551.8798828125,36.5518798828125,15,D_TURN_BACK,0x9A,large_room|fast_turn|portal_view|stress,1477,1477,45.074462890625,22.18551117129316,6,0.18310546875,1471,44.891357421875,0,0.0,1734,1325,6.7734375,5.17578125,6,5,13910,305.6396484375,0,1,84,80,4,2,2,1,0x04,0,0,0,1,0,0,1,0,1,1,0,0,1,,,,,,,,,,,,,,,
818,27.3,1199209,36596.954345703125,36.596954345703125,15,D_TURN_BACK,0x9A,large_room|fast_turn|portal_view|stress,1477,1477,45.074462890625,22.18551117129316,5,0.152587890625,1471,44.891357421875,1,0.030517578125,1734,1325,6.7734375,5.17578125,6,5,14012,307.880859375,0,1,83,80,3,2,2,1,0x04,0,0,0,1,0,0,1,0,1,1,0,0,1,,,,,,,,,,,,,,,
819,27.333333333333332,1200667,36641.448974609375,36.641448974609375,15,D_TURN_BACK,0x9A,large_room|fast_turn|portal_view|stress,1458,1458,44.49462890625,22.474622770919066,5,0.152587890625,1452,44.3115234375,1,0.030517578125,1734,1325,6.7734375,5.17578125,6,5,14114,310.1220703125,0,1,80,80,0,1,1,0,0x04,0,0,0,1,0,0,1,0,1,1,0,0,1,,,,,,,,,,,,,,,
820,27.366666666666667,1202120,36685.791015625,36.685791015625,15,D_TURN_BACK,0x9A,large_room|fast_turn|portal_view|stress,1453,1453,44.342041015625,22.55196145905024,6,0.18310546875,1446,44.12841796875,1,0.030517578125,1734,1325,6.7734375,5.17578125,6,5,14216,312.36328125,0,1,80,80,0,1,1,0,0x04,0,0,0,1,0,0,1,0,1,1,0,0,1,,,,,,,,,,,,,,,
821,27.4,1203574,36730.16357421875,36.73016357421875,15,D_TURN_BACK,0x9A,large_room|fast_turn|portal_view|stress,1454,1454,44.37255859375,22.536451169188446,5,0.152587890625,1448,44.189453125,1,0.030517578125,1734,1325,6.7734375,5.17578125,6,5,14318,314.6044921875,0,1,80,80,0,1,1,0,0x04,0,0,0,1,0,0,1,0,1,1,0,0,1,,,,,,,,,,,,,,,
822,27.433333333333334,1205019,36774.261474609375,36.774261474609375,15,D_TURN_BACK,0x9A,large_room|fast_turn|portal_view|stress,1445,1445,44.097900390625,22.67681660899654,6,0.18310546875,1439,43.914794921875,0,0.0,1734,1325,6.7734375,5.17578125,6,5,14420,316.845703125,0,1,80,80,0,1,1,0,0x04,0,0,0,1,0,0,1,0,1,1,0,0,1,,,,,,,,,,,,,,,
823,27.466666666666665,1206451,36817.962646484375,36.817962646484375,15,D_TURN_BACK,0x9A,large_room|fast_turn|portal_view|stress,1432,1432,43.701171875,22.88268156424581,5,0.152587890625,1427,43.548583984375,0,0.0,1734,1325,6.7734375,5.17578125,6,5,14522,319.0869140625,0,1,80,80,0,1,1,0,0x04,0,0,0,1,0,0,1,0,1,1,0,0,1,,,,,,,,,,,,,,,
824,27.5,1207873,36861.358642578125,36.861358642578125,15,D_TURN_BACK,0x9A,large_room|fast_turn|portal_view|stress,1422,1422,43.39599609375,23.043600562587905,6,0.18310546875,1416,43.212890625,0,0.0,1734,1325,6.7734375,5.17578125,6,5,14624,321.328125,0,1,80,80,0,1,1,0,0x04,0,0,0,1,0,0,1,0,1,1,0,0,1,,,,,,,,,,,,,,,
825,27.533333333333335,1209284,36904.4189453125,36.9044189453125,15,D_TURN_BACK,0x9A,large_room|fast_turn|portal_view|stress,1411,1411,43.060302734375,23.223245924875975,5,0.152587890625,1405,42.877197265625,1,0.030517578125,1734,1325,6.7734375,5.17578125,6,5,14726,323.5693359375,0,1,80,80,0,1,1,0,0x04,0,0,0,1,0,0,1,0,1,1,0,0,1,,,,,,,,,,,,,,,
826,27.566666666666666,1210688,36947.265625,36.947265625,15,D_TURN_BACK,0x9A,large_room|fast_turn|portal_view|stress,1404,1404,42.8466796875,23.33903133903134,6,0.18310546875,1398,42.66357421875,0,0.0,1734,1325,6.7734375,5.17578125,6,5,14828,325.810546875,0,1,81,80,1,2,2,1,0x04,0,0,0,1,0,0,1,0,1,1,0,0,1,,,,,,,,,,,,,,,
827,27.6,1212106,36990.53955078125,36.99053955078125,15,D_TURN_BACK,0x9A,large_room|fast_turn|portal_view|stress,1418,1418,43.27392578125,23.108603667136812,6,0.18310546875,1412,43.0908203125,0,0.0,1734,1325,6.7734375,5.17578125,6,5,14930,328.0517578125,0,1,84,80,4,2,2,1,0x04,0,0,0,1,0,0,1,0,1,1,0,0,1,,,,,,,,,,,,,,,
828,27.633333333333333,1213529,37033.966064453125,37.033966064453125,15,D_TURN_BACK,0x9A,large_room|fast_turn|portal_view|stress,1423,1423,43.426513671875,23.02740688685875,5,0.152587890625,1417,43.243408203125,1,0.030517578125,1734,1325,6.7734375,5.17578125,6,5,15032,330.29296875,0,1,87,80,7,2,2,1,0x04,0,0,0,1,0,0,1,0,1,1,0,0,1,,,,,,,,,,,,,,,
829,27.666666666666668,1214973,37078.033447265625,37.078033447265625,15,D_TURN_BACK,0x9A,large_room|fast_turn|portal_view|stress,1444,1444,44.0673828125,22.69252077562327,6,0.18310546875,1438,43.88427734375,0,0.0,1734,1325,6.7734375,5.17578125,6,5,15134,332.5341796875,0,1,91,80,11,3,3,2,0x04,0,0,0,1,0,0,1,0,1,1,0,0,1,,,,,,,,,,,,,,,
830,27.7,1216459,37123.382568359375,37.123382568359375,15,D_TURN_BACK,0x9A,large_room|fast_turn|portal_view|stress,1486,1486,45.34912109375,22.05114401076716,6,0.18310546875,1479,45.135498046875,1,0.030517578125,1734,1325,6.7734375,5.17578125,6,5,15236,334.775390625,0,1,97,80,17,3,3,2,0x04,0,0,0,1,0,0,1,0,1,1,0,0,1,,,,,,,,,,,,,,,
831,27.733333333333334,1217945,37168.731689453125,37.168731689453125,15,D_TURN_BACK,0x9A,large_room|fast_turn|portal_view|stress,1486,1486,45.34912109375,22.05114401076716,6,0.18310546875,1479,45.135498046875,1,0.030517578125,1734,1325,6.7734375,5.17578125,6,5,15338,337.0166015625,0,1,100,80,20,3,3,2,0x04,0,0,0,1,0,0,1,0,1,1,0,0,1,,,,,,,,,,,,,,,
832,27.766666666666666,1219436,37214.2333984375,37.2142333984375,15,D_TURN_BACK,0x9A,large_room|fast_turn|portal_view|stress,1491,1491,45.501708984375,21.97719651240778,6,0.18310546875,1485,45.318603515625,0,0.0,1734,1325,6.7734375,5.17578125,6,5,15440,339.2578125,0,1,102,80,22,3,3,2,0x04,0,0,0,1,0,0,1,0,1,1,0,0,1,,,,,,,,,,,,,,,
833,27.8,1220907,37259.124755859375,37.259124755859375,15,D_TURN_BACK,0x9A,large_room|fast_turn|portal_view|stress,1471,1471,44.891357421875,22.276002719238612,5,0.152587890625,1465,44.708251953125,1,0.030517578125,1734,1325,6.7734375,5.17578125,6,5,15542,341.4990234375,0,1,101,80,21,3,3,2,0x04,0,0,0,1,0,0,1,0,1,1,0,0,1,,,,,,,,,,,,,,,
834,27.833333333333332,1222388,37304.3212890625,37.3043212890625,15,D_TURN_BACK,0x9A,large_room|fast_turn|portal_view|stress,1481,1481,45.196533203125,22.12559081701553,6,0.18310546875,1474,44.98291015625,1,0.030517578125,1734,1325,6.7734375,5.17578125,6,5,15644,343.740234375,0,1,104,80,24,3,3,2,0x04,0,0,0,1,0,0,1,0,1,1,0,0,1,,,,,,,,,,,,,,,
835,27.866666666666667,1223836,37348.5107421875,37.3485107421875,15,D_TURN_BACK,0x9A,large_room|fast_turn|portal_view|stress,1448,1448,44.189453125,22.629834254143645,5,0.152587890625,1443,44.036865234375,0,0.0,1734,1325,6.7734375,5.17578125,6,5,15746,345.9814453125,0,1,103,80,23,3,3,2,0x04,0,0,0,1,0,0,1,0,1,1,0,0,1,,,,,,,,,,,,,,,
836,27.9,1225270,37392.27294921875,37.39227294921875,15,D_TURN_BACK,0x9A,large_room|fast_turn|portal_view|stress,1434,1434,43.76220703125,22.850767085076708,6,0.18310546875,1428,43.5791015625,0,0.0,1734,1325,6.7734375,5.17578125,6,5,15848,348.22265625,0,1,102,80,22,3,3,2,0x04,0,0,0,1,0,0,1,0,1,1,0,0,1,,,,,,,,,,,,,,,
837,27.933333333333334,1226687,37435.516357421875,37.435516357421875,15,D_TURN_BACK,0x9A,large_room|fast_turn|portal_view|stress,1417,1417,43.243408203125,23.124911785462245,6,0.18310546875,1410,43.02978515625,1,0.030517578125,1734,1325,6.7734375,5.17578125,6,5,15950,350.4638671875,0,1,102,80,22,3,3,2,0x04,0,0,0,1,0,0,1,0,1,1,0,0,1,,,,,,,,,,,,,,,
838,27.966666666666665,1228095,37478.485107421875,37.478485107421875,15,D_TURN_BACK,0x9A,large_room|fast_turn|portal_view|stress,1408,1408,42.96875,23.272727272727273,6,0.18310546875,1401,42.755126953125,1,0.030517578125,1734,1325,6.7734375,5.17578125,6,5,16052,352.705078125,0,1,101,80,21,3,3,2,0x04,0,0,0,1,0,0,1,0,1,1,0,0,1,,,,,,,,,,,,,,,
839,28.0,1229484,37520.8740234375,37.5208740234375,15,D_TURN_BACK,0x9A,large_room|fast_turn|portal_view|stress,1389,1389,42.388916015625,23.591072714182864,6,0.18310546875,1383,42.205810546875,0,0.0,1734,1325,6.7734375,5.17578125,6,5,16154,354.9462890625,0,1,100,80,20,3,3,2,0x04,0,0,0,1,0,0,1,0,1,1,0,0,1,,,,,,,,,,,,,,,
840,28.033333333333335,1230869,37563.140869140625,37.563140869140625,15,D_TURN_BACK,0x9A,large_room|fast_turn|portal_view|stress,1385,1385,42.266845703125,23.659205776173284,5,0.152587890625,1380,42.1142578125,0,0.0,1734,1325,6.7734375,5.17578125,6,5,16256,357.1875,0,1,100,80,20,3,3,2,0x0C,0,0,0,1,1,0,1,0,1,1,0,0,1,,,,,,,,,,,,,,,
841,28.066666666666666,1232270,37605.89599609375,37.60589599609375,16,D_RETURN,0xF2,large_room|portal_view|portal_approach|portal_cross|stress,1401,1401,42.755126953125,23.38900785153462,20,0.6103515625,1381,42.144775390625,0,0.0,1753,1324,6.84765625,5.171875,6,5,16256,357.1875,1,0,100,80,20,3,3,2,0x04,0,0,0,1,0,0,1,0,0,1,1,1,1,,,,,,,,,,,,,,,
842,28.1,1233672,37648.681640625,37.648681640625,16,D_RETURN,0xF2,large_room|portal_view|portal_approach|portal_cross|stress,1402,1402,42.78564453125,23.372325249643367,21,0.640869140625,1381,42.144775390625,0,0.0,1772,1323,6.921875,5.16796875,6,5,16256,357.1875,1,0,100,80,20,3,3,2,0x04,0,0,0,1,0,0,1,0,0,1,1,1,1,,,,,,,,,,,,,,,
843,28.133333333333333,1235072,37691.40625,37.69140625,16,D_RETURN,0xF2,large_room|portal_view|portal_approach|portal_cross|stress,1400,1400,42.724609375,23.405714285714286,21,0.640869140625,1379,42.083740234375,0,0.0,1791,1322,6.99609375,5.1640625,6,5,16256,357.1875,1,0,100,80,20,3,3,2,0x04,0,0,0,1,0,0,1,0,0,1,1,1,1,,,,,,,,,,,,,,,
844,28.166666666666668,1236467,37733.978271484375,37.733978271484375,16,D_RETURN,0xF2,large_room|portal_view|portal_approach|portal_cross|stress,1395,1395,42.572021484375,23.489605734767025,21,0.640869140625,1374,41.93115234375,0,0.0,1810,1321,7.0703125,5.16015625,7,5,16256,357.1875,1,0,101,80,21,3,3,2,0x04,0,0,0,1,0,0,1,0,0,1,1,1,1,,,,,,,,,,,,,,,
845,28.2,1237859,37776.458740234375,37.776458740234375,16,D_RETURN,0xF2,large_room|portal_view|portal_approach|portal_cross|stress,1392,1392,42.48046875,23.54022988505747,20,0.6103515625,1372,41.8701171875,0,0.0,1829,1320,7.14453125,5.15625,7,5,16256,357.1875,1,0,101,80,21,3,3,2,0x04,0,0,0,1,0,0,1,0,0,1,1,1,1,,,,,,,,,,,,,,,
846,28.233333333333334,1239247,37818.817138671875,37.818817138671875,16,D_RETURN,0xF2,large_room|portal_view|portal_approach|portal_cross|stress,1388,1388,42.3583984375,23.608069164265128,20,0.6103515625,1368,41.748046875,0,0.0,1848,1319,7.21875,5.15234375,7,5,16256,357.1875,1,0,101,80,21,3,3,2,0x04,0,0,0,1,0,0,1,0,0,1,1,1,1,,,,,,,,,,,,,,,
847,28.266666666666666,1240639,37861.297607421875,37.861297607421875,16,D_RETURN,0xF2,large_room|portal_view|portal_approach|portal_cross|stress,1392,1392,42.48046875,23.54022988505747,20,0.6103515625,1371,41.839599609375,1,0.030517578125,1867,1318,7.29296875,5.1484375,7,5,16256,357.1875,1,0,101,80,21,3,3,2,0x04,0,0,0,1,0,0,1,0,0,1,1,1,1,,,,,,,,,,,,,,,
848,28.3,1242040,37904.052734375,37.904052734375,16,D_RETURN,0xF2,large_room|portal_view|portal_approach|portal_cross|stress,1401,1401,42.755126953125,23.38900785153462,20,0.6103515625,1381,42.144775390625,0,0.0,1886,1317,7.3671875,5.14453125,7,5,16256,357.1875,1,0,101,80,21,3,3,2,0x04,0,0,0,1,0,0,1,0,0,1,1,1,1,,,,,,,,,,,,,,,
849,28.333333333333332,1243446,37946.96044921875,37.94696044921875,16,D_RETURN,0xF2,large_room|portal_view|portal_approach|portal_cross|stress,1406,1406,42.90771484375,23.305832147937412,20,0.6103515625,1385,42.266845703125,1,0.030517578125,1905,1316,7.44140625,5.140625,7,5,16256,357.1875,1,0,102,80,22,3,3,2,0x04,0,0,0,1,0,0,1,0,0,1,1,1,1,,,,,,,,,,,,,,,
850,28.366666666666667,1244856,37989.990234375,37.989990234375,16,D_RETURN,0xF2,large_room|portal_view|portal_approach|portal_cross|stress,1410,1410,43.02978515625,23.23971631205674,21,0.640869140625,1388,42.3583984375,1,0.030517578125,1924,1315,7.515625,5.13671875,7,5,16256,357.1875,1,0,102,80,22,3,3,2,0x0E,1,0,0,1,1,0,1,0,0,1,1,1,1,42.633056640625,3.631591796875,0.0,15.472412109375,9.674072265625,4.08935546875,7.232666015625,2.532958984375,22,80,22,22,22,3330,862
851,28.4,1246240,38032.2265625,38.0322265625,17,BOUNDARY_SLOW,0x96,large_room|slow_turn|portal_view|stress,1384,1384,42.236328125,23.67630057803468,5,0.152587890625,1379,42.083740234375,0,0.0,1924,1315,7.515625,5.13671875,7,5,16358,359.4287109375,0,1,101,80,21,3,3,2,0x04,0,0,0,1,0,0,1,1,0,1,0,0,1,,,,,,,,,,,,,,,
852,28.433333333333334,1247625,38074.493408203125,38.074493408203125,17,BOUNDARY_SLOW,0x96,large_room|slow_turn|portal_view|stress,1385,1385,42.266845703125,23.659205776173284,6,0.18310546875,1378,42.05322265625,1,0.030517578125,1924,1315,7.515625,5.13671875,7,5,16358,359.4287109375,0,0,101,80,21,3,3,2,0x00,0,0,0,0,0,0,1,1,0,1,0,0,1,,,,,,,,,,,,,,,
853,28.466666666666665,1249022,38117.12646484375,38.11712646484375,17,BOUNDARY_SLOW,0x96,large_room|slow_turn|portal_view|stress,1397,1397,42.633056640625,23.45597709377237,6,0.18310546875,1390,42.41943359375,1,0.030517578125,1924,1315,7.515625,5.13671875,7,5,76,1.669921875,0,1,100,80,20,3,3,2,0x04,0,0,0,1,0,0,1,1,0,1,0,0,1,,,,,,,,,,,,,,,
854,28.5,1250418,38159.72900390625,38.15972900390625,17,BOUNDARY_SLOW,0x96,large_room|slow_turn|portal_view|stress,1396,1396,42.6025390625,23.472779369627506,6,0.18310546875,1390,42.41943359375,0,0.0,1924,1315,7.515625,5.13671875,7,5,76,1.669921875,0,0,100,80,20,3,3,2,0x00,0,0,0,0,0,0,1,1,0,1,0,0,1,,,,,,,,,,,,,,,
855,28.533333333333335,1251823,38202.606201171875,38.202606201171875,17,BOUNDARY_SLOW,0x96,large_room|slow_turn|portal_view|stress,1405,1405,42.877197265625,23.322419928825624,6,0.18310546875,1398,42.66357421875,1,0.030517578125,1924,1315,7.515625,5.13671875,7,5,178,3.9111328125,0,1,101,80,21,3,3,2,0x04,0,0,0,1,0,0,1,1,0,1,0,0,1,,,,,,,,,,,,,,,
856,28.566666666666666,1253227,38245.452880859375,38.245452880859375,17,BOUNDARY_SLOW,0x96,large_room|slow_turn|portal_view|stress,1404,1404,42.8466796875,23.33903133903134,6,0.18310546875,1397,42.633056640625,1,0.030517578125,1924,1315,7.515625,5.13671875,7,5,178,3.9111328125,0,0,101,80,21,3,3,2,0x00,0,0,0,0,0,0,1,1,0,1,0,0,1,,,,,,,,,,,,,,,
857,28.6,1254651,38288.909912109375,38.288909912109375,17,BOUNDARY_SLOW,0x96,large_room|slow_turn|portal_view|stress,1424,1424,43.45703125,23.01123595505618,6,0.18310546875,1417,43.243408203125,1,0.030517578125,1924,1315,7.515625,5.13671875,7,5,280,6.15234375,0,1,102,80,22,3,3,2,0x04,0,0,0,1,0,0,1,1,0,1,0,0,1,,,,,,,,,,,,,,,
858,28.633333333333333,1256074,38332.33642578125,38.33233642578125,17,BOUNDARY_SLOW,0x96,large_room|slow_turn|portal_view|stress,1423,1423,43.426513671875,23.02740688685875,5,0.152587890625,1417,43.243408203125,1,0.030517578125,1924,1315,7.515625,5.13671875,7,5,280,6.15234375,0,0,102,80,22,3,3,2,0x00,0,0,0,0,0,0,1,1,0,1,0,0,1,,,,,,,,,,,,,,,
859,28.666666666666668,1257493,38375.640869140625,38.375640869140625,17,BOUNDARY_SLOW,0x96,large_room|slow_turn|portal_view|stress,1419,1419,43.304443359375,23.092318534179,5,0.152587890625,1414,43.15185546875,0,0.0,1924,1315,7.515625,5.13671875,7,5,382,8.3935546875,0,1,101,80,21,3,3,2,0x04,0,0,0,1,0,0,1,1,0,1,0,0,1,,,,,,,,,,,,,,,
860,28.7,1258913,38418.975830078125,38.418975830078125,17,BOUNDARY_SLOW,0x96,large_room|slow_turn|portal_view|stress,1420,1420,43.3349609375,23.07605633802817,6,0.18310546875,1414,43.15185546875,0,0.0,1924,1315,7.515625,5.13671875,7,5,382,8.3935546875,0,0,101,80,21,3,3,2,0x00,0,0,0,0,0,0,1,1,0,1,0,0,1,,,,,,,,,,,,,,,
861,28.733333333333334,1260355,38462.982177734375,38.462982177734375,17,BOUNDARY_SLOW,0x96,large_room|slow_turn|portal_view|stress,1442,1442,44.00634765625,22.723994452149793,6,0.18310546875,1435,43.792724609375,1,0.030517578125,1924,1315,7.515625,5.13671875,7,5,484,10.634765625,0,1,102,80,22,3,3,2,0x04,0,0,0,1,0,0,1,1,0,1,0,0,1,,,,,,,,,,,,,,,
862,28.766666666666666,1261797,38506.988525390625,38.506988525390625,17,BOUNDARY_SLOW,0x96,large_room|slow_turn|portal_view|stress,1442,1442,44.00634765625,22.723994452149793,6,0.18310546875,1435,43.792724609375,1,0.030517578125,1924,1315,7.515625,5.13671875,7,5,484,10.634765625,0,0,102,80,22,3,3,2,0x00,0,0,0,0,0,0,1,1,0,1,0,0,1,,,,,,,,,,,,,,,
863,28.8,1263244,38551.1474609375,38.5511474609375,17,BOUNDARY_SLOW,0x96,large_room|slow_turn|portal_view|stress,1447,1447,44.158935546875,22.645473393227366,6,0.18310546875,1441,43.975830078125,0,0.0,1924,1315,7.515625,5.13671875,7,5,586,12.8759765625,0,1,103,80,23,3,3,2,0x04,0,0,0,1,0,0,1,1,0,1,0,0,1,,,,,,,,,,,,,,,
864,28.833333333333332,1264692,38595.3369140625,38.5953369140625,17,BOUNDARY_SLOW,0x96,large_room|slow_turn|portal_view|stress,1448,1448,44.189453125,22.629834254143645,6,0.18310546875,1441,43.975830078125,1,0.030517578125,1924,1315,7.515625,5.13671875,7,5,586,12.8759765625,0,0,103,80,23,3,3,2,0x00,0,0,0,0,0,0,1,1,0,1,0,0,1,,,,,,,,,,,,,,,
865,28.866666666666667,1266130,38639.22119140625,38.63922119140625,17,BOUNDARY_SLOW,0x96,large_room|slow_turn|portal_view|stress,1438,1438,43.88427734375,22.787204450625868,6,0.18310546875,1431,43.670654296875,1,0.030517578125,1924,1315,7.515625,5.13671875,7,5,688,15.1171875,0,1,101,80,21,3,3,2,0x04,0,0,0,1,0,0,1,1,0,1,0,0,1,,,,,,,,,,,,,,,
866,28.9,1267567,38683.074951171875,38.683074951171875,17,BOUNDARY_SLOW,0x96,large_room|slow_turn|portal_view|stress,1437,1437,43.853759765625,22.803061934585944,6,0.18310546875,1430,43.64013671875,1,0.030517578125,1924,1315,7.515625,5.13671875,7,5,688,15.1171875,0,0,101,80,21,3,3,2,0x00,0,0,0,0,0,0,1,1,0,1,0,0,1,,,,,,,,,,,,,,,
867,28.933333333333334,1269022,38727.47802734375,38.72747802734375,17,BOUNDARY_SLOW,0x96,large_room|slow_turn|portal_view|stress,1455,1455,44.403076171875,22.520962199312716,6,0.18310546875,1449,44.219970703125,0,0.0,1924,1315,7.515625,5.13671875,7,5,790,17.3583984375,0,1,103,80,23,3,3,2,0x04,0,0,0,1,0,0,1,1,0,1,0,0,1,,,,,,,,,,,,,,,
868,28.966666666666665,1270478,38771.91162109375,38.77191162109375,17,BOUNDARY_SLOW,0x96,large_room|slow_turn|portal_view|stress,1456,1456,44.43359375,22.505494505494507,6,0.18310546875,1449,44.219970703125,1,0.030517578125,1924,1315,7.515625,5.13671875,7,5,790,17.3583984375,0,0,103,80,23,3,3,2,0x00,0,0,0,0,0,0,1,1,0,1,0,0,1,,,,,,,,,,,,,,,
869,29.0,1271928,38816.162109375,38.816162109375,17,BOUNDARY_SLOW,0x96,large_room|slow_turn|portal_view|stress,1450,1450,44.25048828125,22.59862068965517,6,0.18310546875,1443,44.036865234375,1,0.030517578125,1924,1315,7.515625,5.13671875,7,5,892,19.599609375,0,1,102,80,22,3,3,2,0x04,0,0,0,1,0,0,1,1,0,1,0,0,1,,,,,,,,,,,,,,,
870,29.033333333333335,1273378,38860.41259765625,38.86041259765625,17,BOUNDARY_SLOW,0x96,large_room|slow_turn|portal_view|stress,1450,1450,44.25048828125,22.59862068965517,6,0.18310546875,1443,44.036865234375,1,0.030517578125,1924,1315,7.515625,5.13671875,7,5,892,19.599609375,0,0,102,80,22,3,3,2,0x00,0,0,0,0,0,0,1,1,0,1,0,0,1,,,,,,,,,,,,,,,
871,29.066666666666666,1274832,38904.78515625,38.90478515625,17,BOUNDARY_SLOW,0x96,large_room|slow_turn|portal_view|stress,1454,1454,44.37255859375,22.536451169188446,6,0.18310546875,1448,44.189453125,0,0.0,1924,1315,7.515625,5.13671875,7,5,994,21.8408203125,0,1,103,80,23,3,3,2,0x04,0,0,0,1,0,0,1,1,0,1,0,0,1,,,,,,,,,,,,,,,
872,29.1,1276287,38949.188232421875,38.949188232421875,17,BOUNDARY_SLOW,0x96,large_room|slow_turn|portal_view|stress,1455,1455,44.403076171875,22.520962199312716,6,0.18310546875,1448,44.189453125,1,0.030517578125,1924,1315,7.515625,5.13671875,7,5,994,21.8408203125,0,0,103,80,23,3,3,2,0x00,0,0,0,0,0,0,1,1,0,1,0,0,1,,,,,,,,,,,,,,,
873,29.133333333333333,1277746,38993.71337890625,38.99371337890625,17,BOUNDARY_SLOW,0x96,large_room|slow_turn|portal_view|stress,1459,1459,44.525146484375,22.4592186429061,6,0.18310546875,1453,44.342041015625,0,0.0,1924,1315,7.515625,5.13671875,7,5,1096,24.08203125,0,1,103,80,23,3,3,2,0x04,0,0,0,1,0,0,1,1,0,1,0,0,1,,,,,,,,,,,,,,,
874,29.166666666666668,1279205,39038.238525390625,39.038238525390625,17,BOUNDARY_SLOW,0x96,large_room|slow_turn|portal_view|stress,1459,1459,44.525146484375,22.4592186429061,6,0.18310546875,1453,44.342041015625,0,0.0,1924,1315,7.515625,5.13671875,7,5,1096,24.08203125,0,0,103,80,23,3,3,2,0x00,0,0,0,0,0,0,1,1,0,1,0,0,1,,,,,,,,,,,,,,,
875,29.2,1280681,39083.282470703125,39.083282470703125,17,BOUNDARY_SLOW,0x96,large_room|slow_turn|portal_view|stress,1476,1476,45.0439453125,22.200542005420054,6,0.18310546875,1469,44.830322265625,1,0.030517578125,1924,1315,7.515625,5.13671875,7,5,1198,26.3232421875,0,1,105,80,25,3,3,2,0x04,0,0,0,1,0,0,1,1,0,1,0,0,1,,,,,,,,,,,,,,,
876,29.233333333333334,1282157,39128.326416015625,39.128326416015625,17,BOUNDARY_SLOW,0x96,large_room|slow_turn|portal_view|stress,1476,1476,45.0439453125,22.200542005420054,6,0.18310546875,1470,44.86083984375,0,0.0,1924,1315,7.515625,5.13671875,7,5,1198,26.3232421875,0,0,105,80,25,3,3,2,0x00,0,0,0,0,0,0,1,1,0,1,0,0,1,,,,,,,,,,,,,,,
877,29.266666666666666,1283639,39173.553466796875,39.173553466796875,17,BOUNDARY_SLOW,0x96,large_room|slow_turn|portal_view|stress,1482,1482,45.22705078125,22.110661268556004,6,0.18310546875,1476,45.0439453125,0,0.0,1924,1315,7.515625,5.13671875,7,5,1300,28.564453125,0,1,106,80,26,3,3,2,0x04,0,0,0,1,0,0,1,1,0,1,0,0,1,,,,,,,,,,,,,,,
878,29.3,1285121,39218.780517578125,39.218780517578125,17,BOUNDARY_SLOW,0x96,large_room|slow_turn|portal_view|stress,1482,1482,45.22705078125,22.110661268556004,6,0.18310546875,1476,45.0439453125,0,0.0,1924,1315,7.515625,5.13671875,7,5,1300,28.564453125,0,0,106,80,26,3,3,2,0x00,0,0,0,0,0,0,1,1,0,1,0,0,1,,,,,,,,,,,,,,,
879,29.333333333333332,1286608,39264.16015625,39.26416015625,17,BOUNDARY_SLOW,0x96,large_room|slow_turn|portal_view|stress,1487,1487,45.379638671875,22.036314727639542,6,0.18310546875,1481,45.196533203125,0,0.0,1924,1315,7.515625,5.13671875,7,5,1402,30.8056640625,0,1,106,80,26,3,3,2,0x04,0,0,0,1,0,0,1,1,0,1,0,0,1,,,,,,,,,,,,,,,
880,29.366666666666667,1288097,39309.600830078125,39.309600830078125,17,BOUNDARY_SLOW,0x96,large_room|slow_turn|portal_view|stress,1489,1489,45.440673828125,22.006715916722634,6,0.18310546875,1482,45.22705078125,1,0.030517578125,1924,1315,7.515625,5.13671875,7,5,1402,30.8056640625,0,0,106,80,26,3,3,2,0x02,1,0,0,0,0,0,1,1,0,1,0,0,1,45.5322265625,3.692626953125,0.0,17.852783203125,9.8876953125,4.57763671875,6.53076171875,2.99072265625,26,80,26,26,26,2357,1118
881,29.4,1289581,39354.888916015625,39.354888916015625,17,BOUNDARY_SLOW,0x96,large_room|slow_turn|portal_view|stress,1484,1484,45.2880859375,22.080862533692724,6,0.18310546875,1478,45.10498046875,0,0.0,1924,1315,7.515625,5.13671875,7,5,1504,33.046875,0,1,105,80,25,3,3,2,0x04,0,0,0,1,0,0,1,1,0,1,0,0,1,,,,,,,,,,,,,,,
882,29.433333333333334,1291066,39400.20751953125,39.40020751953125,17,BOUNDARY_SLOW,0x96,large_room|slow_turn|portal_view|stress,1485,1485,45.318603515625,22.065993265993267,6,0.18310546875,1478,45.10498046875,1,0.030517578125,1924,1315,7.515625,5.13671875,7,5,1504,33.046875,0,0,105,80,25,3,3,2,0x00,0,0,0,0,0,0,1,1,0,1,0,0,1,,,,,,,,,,,,,,,
883,29.466666666666665,1292528,39444.82421875,39.44482421875,17,BOUNDARY_SLOW,0x96,large_room|slow_turn|portal_view|stress,1462,1462,44.61669921875,22.41313269493844,5,0.152587890625,1456,44.43359375,1,0.030517578125,1924,1315,7.515625,5.13671875,7,5,1606,35.2880859375,0,1,103,80,23,3,3,2,0x04,0,0,0,1,0,0,1,1,0,1,0,0,1,,,,,,,,,,,,,,,
884,29.5,1293990,39489.44091796875,39.48944091796875,17,BOUNDARY_SLOW,0x96,large_room|slow_turn|portal_view|stress,1462,1462,44.61669921875,22.41313269493844,6,0.18310546875,1456,44.43359375,0,0.0,1924,1315,7.515625,5.13671875,7,5,1606,35.2880859375,0,0,103,80,23,3,3,2,0x00,0,0,0,0,0,0,1,1,0,1,0,0,1,,,,,,,,,,,,,,,
885,29.533333333333335,1295461,39534.332275390625,39.534332275390625,17,BOUNDARY_SLOW,0x96,large_room|slow_turn|portal_view|stress,1471,1471,44.891357421875,22.276002719238612,6,0.18310546875,1464,44.677734375,1,0.030517578125,1924,1315,7.515625,5.13671875,7,5,1708,37.529296875,0,1,101,80,21,3,3,2,0x04,0,0,0,1,0,0,1,1,0,1,0,0,1,,,,,,,,,,,,,,,
886,29.566666666666666,1296933,39579.254150390625,39.579254150390625,17,BOUNDARY_SLOW,0x96,large_room|slow_turn|portal_view|stress,1472,1472,44.921875,22.26086956521739,6,0.18310546875,1465,44.708251953125,1,0.030517578125,1924,1315,7.515625,5.13671875,7,5,1708,37.529296875,0,0,101,80,21,3,3,2,0x00,0,0,0,0,0,0,1,1,0,1,0,0,1,,,,,,,,,,,,,,,
887,29.6,1298373,39623.199462890625,39.623199462890625,17,BOUNDARY_SLOW,0x96,large_room|slow_turn|portal_view|stress,1440,1440,43.9453125,22.755555555555556,5,0.152587890625,1435,43.792724609375,0,0.0,1924,1315,7.515625,5.13671875,7,5,1810,39.7705078125,0,1,97,80,17,3,3,2,0x04,0,0,0,1,0,0,1,1,0,1,0,0,1,,,,,,,,,,,,,,,
888,29.633333333333333,1299813,39667.144775390625,39.667144775390625,17,BOUNDARY_SLOW,0x96,large_room|slow_turn|portal_view|stress,1440,1440,43.9453125,22.755555555555556,6,0.18310546875,1434,43.76220703125,0,0.0,1924,1315,7.515625,5.13671875,7,5,1810,39.7705078125,0,0,97,80,17,3,3,2,0x00,0,0,0,0,0,0,1,1,0,1,0,0,1,,,,,,,,,,,,,,,
889,29.666666666666668,1301205,39709.625244140625,39.709625244140625,17,BOUNDARY_SLOW,0x96,large_room|slow_turn|portal_view|stress,1392,1392,42.48046875,23.54022988505747,6,0.18310546875,1386,42.29736328125,0,0.0,1924,1315,7.515625,5.13671875,7,5,1912,42.01171875,0,1,91,80,11,2,2,1,0x04,0,0,0,1,0,0,1,1,0,1,0,0,1,,,,,,,,,,,,,,,
890,29.7,1302598,39752.13623046875,39.75213623046875,17,BOUNDARY_SLOW,0x96,large_room|slow_turn|portal_view|stress,1393,1393,42.510986328125,23.52333094041637,6,0.18310546875,1386,42.29736328125,1,0.030517578125,1924,1315,7.515625,5.13671875,7,5,1912,42.01171875,0,0,91,80,11,2,2,1,0x00,0,0,0,0,0,0,1,1,0,1,0,0,1,,,,,,,,,,,,,,,
891,29.733333333333334,1303966,39793.88427734375,39.79388427734375,17,BOUNDARY_SLOW,0x96,large_room|slow_turn|portal_view|stress,1368,1368,41.748046875,23.953216374269005,6,0.18310546875,1361,41.534423828125,1,0.030517578125,1924,1315,7.515625,5.13671875,7,5,2014,44.2529296875,0,1,88,80,8,2,2,1,0x04,0,0,0,1,0,0,1,1,0,1,0,0,1,,,,,,,,,,,,,,,
892,29.766666666666666,1305334,39835.63232421875,39.83563232421875,17,BOUNDARY_SLOW,0x96,large_room|slow_turn|portal_view|stress,1368,1368,41.748046875,23.953216374269005,6,0.18310546875,1361,41.534423828125,1,0.030517578125,1924,1315,7.515625,5.13671875,7,5,2014,44.2529296875,0,0,88,80,8,2,2,1,0x00,0,0,0,0,0,0,1,1,0,1,0,0,1,,,,,,,,,,,,,,,
893,29.8,1306673,39876.495361328125,39.876495361328125,17,BOUNDARY_SLOW,0x96,large_room|slow_turn|portal_view|stress,1339,1339,40.863037109375,24.471994025392085,6,0.18310546875,1333,40.679931640625,0,0.0,1924,1315,7.515625,5.13671875,7,5,2116,46.494140625,0,1,84,80,4,2,2,1,0x04,0,0,0,1,0,0,1,1,0,1,0,0,1,,,,,,,,,,,,,,,
894,29.833333333333332,1308013,39917.388916015625,39.917388916015625,17,BOUNDARY_SLOW,0x96,large_room|slow_turn|portal_view|stress,1340,1340,40.8935546875,24.453731343283582,6,0.18310546875,1333,40.679931640625,1,0.030517578125,1924,1315,7.515625,5.13671875,7,5,2116,46.494140625,0,0,84,80,4,2,2,1,0x00,0,0,0,0,0,0,1,1,0,1,0,0,1,,,,,,,,,,,,,,,
895,29.866666666666667,1309320,39957.275390625,39.957275390625,17,BOUNDARY_SLOW,0x96,large_room|slow_turn|portal_view|stress,1307,1307,39.886474609375,25.07115531752104,6,0.18310546875,1300,39.6728515625,1,0.030517578125,1924,1315,7.515625,5.13671875,7,5,2218,48.7353515625,0,1,81,80,1,2,2,1,0x04,0,0,0,1,0,0,1,1,0,1,0,0,1,,,,,,,,,,,,,,,
896,29.9,1310627,39997.161865234375,39.997161865234375,17,BOUNDARY_SLOW,0x96,large_room|slow_turn|portal_view|stress,1307,1307,39.886474609375,25.07115531752104,6,0.18310546875,1300,39.6728515625,1,0.030517578125,1924,1315,7.515625,5.13671875,7,5,2218,48.7353515625,0,0,81,80,1,2,2,1,0x00,0,0,0,0,0,0,1,1,0,1,0,0,1,,,,,,,,,,,,,,,
897,29.933333333333334,1311921,40036.651611328125,40.036651611328125,17,BOUNDARY_SLOW,0x96,large_room|slow_turn|portal_view|stress,1294,1294,39.48974609375,25.323029366306027,5,0.152587890625,1288,39.306640625,1,0.030517578125,1924,1315,7.515625,5.13671875,7,5,2320,50.9765625,0,1,80,80,0,1,1,0,0x04,0,0,0,1,0,0,1,1,0,1,0,0,1,,,,,,,,,,,,,,,
898,29.966666666666665,1313216,40076.171875,40.076171875,17,BOUNDARY_SLOW,0x96,large_room|slow_turn|portal_view|stress,1295,1295,39.520263671875,25.303474903474903,6,0.18310546875,1288,39.306640625,1,0.030517578125,1924,1315,7.515625,5.13671875,7,5,2320,50.9765625,0,0,80,80,0,1,1,0,0x00,0,0,0,0,0,0,1,1,0,1,0,0,1,,,,,,,,,,,,,,,
899,30.0,1314506,40115.53955078125,40.11553955078125,17,BOUNDARY_SLOW,0x96,large_room|slow_turn|portal_view|stress,1290,1290,39.36767578125,25.4015503875969,6,0.18310546875,1283,39.154052734375,1,0.030517578125,1924,1315,7.515625,5.13671875,7,5,2422,53.2177734375,0,1,80,80,0,1,1,0,0x04,0,0,0,1,0,0,1,1,0,1,0,0,1,,,,,,,,,,,,,,,
900,30.033333333333335,1315797,40154.937744140625,40.154937744140625,17,BOUNDARY_SLOW,0x96,large_room|slow_turn|portal_view|stress,1291,1291,39.398193359375,25.381874515879165,6,0.18310546875,1284,39.1845703125,1,0.030517578125,1924,1315,7.515625,5.13671875,7,5,2422,53.2177734375,0,0,80,80,0,1,1,0,0x00,0,0,0,0,0,0,1,1,0,1,0,0,1,,,,,,,,,,,,,,,
901,30.066666666666666,1317077,40194.000244140625,40.194000244140625,17,BOUNDARY_SLOW,0x96,large_room|slow_turn|portal_view|stress,1280,1280,39.0625,25.6,5,0.152587890625,1274,38.87939453125,1,0.030517578125,1924,1315,7.515625,5.13671875,7,5,2524,55.458984375,0,1,80,80,0,1,1,0,0x04,0,0,0,1,0,0,1,1,0,1,0,0,1,,,,,,,,,,,,,,,
902,30.1,1318358,40233.09326171875,40.23309326171875,17,BOUNDARY_SLOW,0x96,large_room|slow_turn|portal_view|stress,1281,1281,39.093017578125,25.580015612802498,6,0.18310546875,1274,38.87939453125,1,0.030517578125,1924,1315,7.515625,5.13671875,7,5,2524,55.458984375,0,0,80,80,0,1,1,0,0x00,0,0,0,0,0,0,1,1,0,1,0,0,1,,,,,,,,,,,,,,,
903,30.133333333333333,1319628,40271.8505859375,40.2718505859375,17,BOUNDARY_SLOW,0x96,large_room|slow_turn|portal_view|stress,1270,1270,38.75732421875,25.801574803149606,6,0.18310546875,1263,38.543701171875,1,0.030517578125,1924,1315,7.515625,5.13671875,7,5,2626,57.7001953125,0,1,80,80,0,1,1,0,0x04,0,0,0,1,0,0,1,1,0,1,0,0,1,,,,,,,,,,,,,,,
904,30.166666666666668,1320898,40310.60791015625,40.31060791015625,17,BOUNDARY_SLOW,0x96,large_room|slow_turn|portal_view|stress,1270,1270,38.75732421875,25.801574803149606,6,0.18310546875,1264,38.57421875,0,0.0,1924,1315,7.515625,5.13671875,7,5,2626,57.7001953125,0,0,80,80,0,1,1,0,0x00,0,0,0,0,0,0,1,1,0,1,0,0,1,,,,,,,,,,,,,,,
905,30.2,1322166,40349.30419921875,40.34930419921875,17,BOUNDARY_SLOW,0x96,large_room|slow_turn|portal_view|stress,1268,1268,38.6962890625,25.842271293375394,6,0.18310546875,1261,38.482666015625,1,0.030517578125,1924,1315,7.515625,5.13671875,7,5,2728,59.94140625,0,1,80,80,0,1,1,0,0x04,0,0,0,1,0,0,1,1,0,1,0,0,1,,,,,,,,,,,,,,,
906,30.233333333333334,1323434,40388.00048828125,40.38800048828125,17,BOUNDARY_SLOW,0x96,large_room|slow_turn|portal_view|stress,1268,1268,38.6962890625,25.842271293375394,5,0.152587890625,1262,38.51318359375,1,0.030517578125,1924,1315,7.515625,5.13671875,7,5,2728,59.94140625,0,0,80,80,0,1,1,0,0x00,0,0,0,0,0,0,1,1,0,1,0,0,1,,,,,,,,,,,,,,,
907,30.266666666666666,1324696,40426.513671875,40.426513671875,17,BOUNDARY_SLOW,0x96,large_room|slow_turn|portal_view|stress,1262,1262,38.51318359375,25.96513470681458,6,0.18310546875,1255,38.299560546875,1,0.030517578125,1924,1315,7.515625,5.13671875,7,5,2830,62.1826171875,0,1,80,80,0,1,1,0,0x04,0,0,0,1,0,0,1,1,0,1,0,0,1,,,,,,,,,,,,,,,
908,30.3,1325958,40465.02685546875,40.46502685546875,17,BOUNDARY_SLOW,0x96,large_room|slow_turn|portal_view|stress,1262,1262,38.51318359375,25.96513470681458,6,0.18310546875,1256,38.330078125,0,0.0,1924,1315,7.515625,5.13671875,7,5,2830,62.1826171875,0,0,80,80,0,1,1,0,0x00,0,0,0,0,0,0,1,1,0,1,0,0,1,,,,,,,,,,,,,,,
909,30.333333333333332,1327215,40503.387451171875,40.503387451171875,17,BOUNDARY_SLOW,0x96,large_room|slow_turn|portal_view|stress,1257,1257,38.360595703125,26.068416865552905,5,0.152587890625,1252,38.2080078125,0,0.0,1924,1315,7.515625,5.13671875,7,5,2932,64.423828125,0,1,80,80,0,1,1,0,0x04,0,0,0,1,0,0,1,1,0,1,0,0,1,,,,,,,,,,,,,,,
910,30.366666666666667,1328474,40541.80908203125,40.54180908203125,17,BOUNDARY_SLOW,0x96,large_room|slow_turn|portal_view|stress,1259,1259,38.421630859375,26.027005559968227,6,0.18310546875,1252,38.2080078125,1,0.030517578125,1924,1315,7.515625,5.13671875,7,5,2932,64.423828125,0,0,80,80,0,1,1,0,0x00,0,0,0,0,0,0,1,1,0,1,0,0,1,,,,,,,,,,,,,,,
911,30.4,1329726,40580.01708984375,40.58001708984375,17,BOUNDARY_SLOW,0x96,large_room|slow_turn|portal_view|stress,1252,1252,38.2080078125,26.17252396166134,5,0.152587890625,1247,38.055419921875,0,0.0,1924,1315,7.515625,5.13671875,7,5,3034,66.6650390625,0,1,80,80,0,1,1,0,0x04,0,0,0,1,0,0,1,1,0,1,0,0,1,,,,,,,,,,,,,,,
912,30.433333333333334,1330979,40618.255615234375,40.618255615234375,17,BOUNDARY_SLOW,0x96,large_room|slow_turn|portal_view|stress,1253,1253,38.238525390625,26.151636073423784,6,0.18310546875,1246,38.02490234375,1,0.030517578125,1924,1315,7.515625,5.13671875,7,5,3034,66.6650390625,0,0,80,80,0,1,1,0,0x00,0,0,0,0,0,0,1,1,0,1,0,0,1,,,,,,,,,,,,,,,
913,30.466666666666665,1332228,40656.3720703125,40.6563720703125,17,BOUNDARY_SLOW,0x96,large_room|slow_turn|portal_view|stress,1249,1249,38.116455078125,26.235388310648517,6,0.18310546875,1242,37.90283203125,1,0.030517578125,1924,1315,7.515625,5.13671875,7,5,3136,68.90625,0,1,80,80,0,1,1,0,0x04,0,0,0,1,0,0,1,1,0,1,0,0,1,,,,,,,,,,,,,,,
914,30.5,1333477,40694.488525390625,40.694488525390625,17,BOUNDARY_SLOW,0x96,large_room|slow_turn|portal_view|stress,1249,1249,38.116455078125,26.235388310648517,6,0.18310546875,1242,37.90283203125,1,0.030517578125,1924,1315,7.515625,5.13671875,7,5,3136,68.90625,0,0,80,80,0,1,1,0,0x00,0,0,0,0,0,0,1,1,0,1,0,0,1,,,,,,,,,,,,,,,
915,30.533333333333335,1334721,40732.452392578125,40.732452392578125,17,BOUNDARY_SLOW,0x96,large_room|slow_turn|portal_view|stress,1244,1244,37.9638671875,26.340836012861736,6,0.18310546875,1238,37.78076171875,0,0.0,1924,1315,7.515625,5.13671875,7,5,3238,71.1474609375,0,1,80,80,0,1,1,0,0x04,0,0,0,1,0,0,1,1,0,1,0,0,1,,,,,,,,,,,,,,,
916,30.566666666666666,1335965,40770.416259765625,40.770416259765625,17,BOUNDARY_SLOW,0x96,large_room|slow_turn|portal_view|stress,1244,1244,37.9638671875,26.340836012861736,6,0.18310546875,1238,37.78076171875,0,0.0,1924,1315,7.515625,5.13671875,7,5,3238,71.1474609375,0,0,80,80,0,1,1,0,0x00,0,0,0,0,0,0,1,1,0,1,0,0,1,,,,,,,,,,,,,,,
917,30.6,1337206,40808.28857421875,40.80828857421875,17,BOUNDARY_SLOW,0x96,large_room|slow_turn|portal_view|stress,1241,1241,37.872314453125,26.404512489927477,5,0.152587890625,1236,37.7197265625,0,0.0,1924,1315,7.515625,5.13671875,7,5,3340,73.388671875,0,1,80,80,0,1,1,0,0x04,0,0,0,1,0,0,1,1,0,1,0,0,1,,,,,,,,,,,,,,,
918,30.633333333333333,1338447,40846.160888671875,40.846160888671875,17,BOUNDARY_SLOW,0x96,large_room|slow_turn|portal_view|stress,1241,1241,37.872314453125,26.404512489927477,6,0.18310546875,1235,37.689208984375,0,0.0,1924,1315,7.515625,5.13671875,7,5,3340,73.388671875,0,0,80,80,0,1,1,0,0x00,0,0,0,0,0,0,1,1,0,1,0,0,1,,,,,,,,,,,,,,,
919,30.666666666666668,1339690,40884.09423828125,40.88409423828125,17,BOUNDARY_SLOW,0x96,large_room|slow_turn|portal_view|stress,1243,1243,37.933349609375,26.362027353177794,6,0.18310546875,1236,37.7197265625,1,0.030517578125,1924,1315,7.515625,5.13671875,7,5,3442,75.6298828125,0,1,80,80,0,1,1,0,0x04,0,0,0,1,0,0,1,1,0,1,0,0,1,,,,,,,,,,,,,,,
920,30.7,1340933,40922.027587890625,40.922027587890625,17,BOUNDARY_SLOW,0x96,large_room|slow_turn|portal_view|stress,1243,1243,37.933349609375,26.362027353177794,6,0.18310546875,1237,37.750244140625,0,0.0,1924,1315,7.515625,5.13671875,7,5,3442,75.6298828125,0,0,80,80,0,1,1,0,0x00,0,0,0,0,0,0,1,1,0,1,0,0,1,,,,,,,,,,,,,,,
921,30.733333333333334,1342172,40959.8388671875,40.9598388671875,17,BOUNDARY_SLOW,0x96,large_room|slow_turn|portal_view|stress,1239,1239,37.811279296875,26.447134786117836,6,0.18310546875,1232,37.59765625,1,0.030517578125,1924,1315,7.515625,5.13671875,7,5,3544,77.87109375,0,1,80,80,0,1,1,0,0x04,0,0,0,1,0,0,1,1,0,1,0,0,1,,,,,,,,,,,,,,,
922,30.766666666666666,1343411,40997.650146484375,40.997650146484375,17,BOUNDARY_SLOW,0x96,large_room|slow_turn|portal_view|stress,1239,1239,37.811279296875,26.447134786117836,6,0.18310546875,1233,37.628173828125,0,0.0,1924,1315,7.515625,5.13671875,7,5,3544,77.87109375,0,0,80,80,0,1,1,0,0x00,0,0,0,0,0,0,1,1,0,1,0,0,1,,,,,,,,,,,,,,,
923,30.8,1344644,41035.2783203125,41.0352783203125,17,BOUNDARY_SLOW,0x96,large_room|slow_turn|portal_view|stress,1233,1233,37.628173828125,26.575831305758314,6,0.18310546875,1226,37.41455078125,1,0.030517578125,1924,1315,7.515625,5.13671875,7,5,3646,80.1123046875,0,1,80,80,0,1,1,0,0x04,0,0,0,1,0,0,1,1,0,1,0,0,1,,,,,,,,,,,,,,,
924,30.833333333333332,1345878,41072.93701171875,41.07293701171875,17,BOUNDARY_SLOW,0x96,large_room|slow_turn|portal_view|stress,1234,1234,37.65869140625,26.554294975688816,6,0.18310546875,1227,37.445068359375,1,0.030517578125,1924,1315,7.515625,5.13671875,7,5,3646,80.1123046875,0,0,80,80,0,1,1,0,0x00,0,0,0,0,0,0,1,1,0,1,0,0,1,,,,,,,,,,,,,,,
925,30.866666666666667,1347099,41110.198974609375,41.110198974609375,17,BOUNDARY_SLOW,0x96,large_room|slow_turn|portal_view|stress,1221,1221,37.261962890625,26.83701883701884,5,0.152587890625,1215,37.078857421875,1,0.030517578125,1924,1315,7.515625,5.13671875,7,5,3748,82.353515625,0,1,80,80,0,1,1,0,0x04,0,0,0,1,0,0,1,1,0,1,0,0,1,,,,,,,,,,,,,,,
926,30.9,1348321,41147.491455078125,41.147491455078125,17,BOUNDARY_SLOW,0x96,large_room|slow_turn|portal_view|stress,1222,1222,37.29248046875,26.81505728314239,6,0.18310546875,1215,37.078857421875,1,0.030517578125,1924,1315,7.515625,5.13671875,7,5,3748,82.353515625,0,0,80,80,0,1,1,0,0x00,0,0,0,0,0,0,1,1,0,1,0,0,1,,,,,,,,,,,,,,,
927,30.933333333333334,1349539,41184.661865234375,41.184661865234375,17,BOUNDARY_SLOW,0x96,large_room|slow_turn|portal_view|stress,1218,1218,37.17041015625,26.90311986863711,6,0.18310546875,1212,36.9873046875,0,0.0,1924,1315,7.515625,5.13671875,7,5,3850,84.5947265625,0,1,80,80,0,1,1,0,0x04,0,0,0,1,0,0,1,1,0,1,0,0,1,,,,,,,,,,,,,,,
928,30.966666666666665,1350757,41221.832275390625,41.221832275390625,17,BOUNDARY_SLOW,0x96,large_room|slow_turn|portal_view|stress,1218,1218,37.17041015625,26.90311986863711,6,0.18310546875,1211,36.956787109375,1,0.030517578125,1924,1315,7.515625,5.13671875,7,5,3850,84.5947265625,0,0,80,80,0,1,1,0,0x00,0,0,0,0,0,0,1,1,0,1,0,0,1,,,,,,,,,,,,,,,
929,31.0,1351973,41258.941650390625,41.258941650390625,17,BOUNDARY_SLOW,0x96,large_room|slow_turn|portal_view|stress,1216,1216,37.109375,26.94736842105263,6,0.18310546875,1210,36.92626953125,0,0.0,1924,1315,7.515625,5.13671875,7,5,3952,86.8359375,0,1,80,80,0,1,1,0,0x04,0,0,0,1,0,0,1,1,0,1,0,0,1,,,,,,,,,,,,,,,
930,31.033333333333335,1353190,41296.08154296875,41.29608154296875,17,BOUNDARY_SLOW,0x96,large_room|slow_turn|portal_view|stress,1217,1217,37.139892578125,26.925225965488906,6,0.18310546875,1210,36.92626953125,1,0.030517578125,1924,1315,7.515625,5.13671875,7,5,3952,86.8359375,0,0,80,80,0,1,1,0,0x08,0,0,0,0,1,0,1,1,0,1,0,0,1,,,,,,,,,,,,,,,
931,31.066666666666666,1354414,41333.43505859375,41.33343505859375,18,OPEN_EXIT,0x02,large_room,1224,1224,37.353515625,26.77124183006536,20,0.6103515625,1204,36.7431640625,0,0.0,1925,1334,7.51953125,5.2109375,7,5,3952,86.8359375,1,0,80,80,0,1,1,0,0x04,0,0,0,1,0,0,1,0,0,0,0,0,0,,,,,,,,,,,,,,,
932,31.1,1355641,41370.880126953125,41.370880126953125,18,OPEN_EXIT,0x02,large_room,1227,1227,37.445068359375,26.705786471067643,19,0.579833984375,1208,36.865234375,0,0.0,1926,1353,7.5234375,5.28515625,7,5,3952,86.8359375,1,0,80,80,0,1,1,0,0x04,0,0,0,1,0,0,1,0,0,0,0,0,0,,,,,,,,,,,,,,,
933,31.133333333333333,1356863,41408.172607421875,41.408172607421875,18,OPEN_EXIT,0x02,large_room,1222,1222,37.29248046875,26.81505728314239,19,0.579833984375,1203,36.712646484375,0,0.0,1927,1372,7.52734375,5.359375,7,5,3952,86.8359375,1,0,80,80,0,1,1,0,0x04,0,0,0,1,0,0,1,0,0,0,0,0,0,,,,,,,,,,,,,,,
934,31.166666666666668,1358087,41445.526123046875,41.445526123046875,18,OPEN_EXIT,0x02,large_room,1224,1224,37.353515625,26.77124183006536,19,0.579833984375,1205,36.773681640625,0,0.0,1928,1391,7.53125,5.43359375,7,5,3952,86.8359375,1,0,80,80,0,1,1,0,0x04,0,0,0,1,0,0,1,0,0,0,0,0,0,,,,,,,,,,,,,,,
935,31.2,1359313,41482.940673828125,41.482940673828125,18,OPEN_EXIT,0x02,large_room,1226,1226,37.41455078125,26.72756933115824,19,0.579833984375,1207,36.834716796875,0,0.0,1929,1410,7.53515625,5.5078125,7,5,3952,86.8359375,1,0,80,80,0,1,1,0,0x04,0,0,0,1,0,0,1,0,0,0,0,0,0,,,,,,,,,,,,,,,
936,31.233333333333334,1360540,41520.3857421875,41.5203857421875,18,OPEN_EXIT,0x02,large_room,1227,1227,37.445068359375,26.705786471067643,19,0.579833984375,1208,36.865234375,0,0.0,1930,1429,7.5390625,5.58203125,7,5,3952,86.8359375,1,0,80,80,0,1,1,0,0x04,0,0,0,1,0,0,1,0,0,0,0,0,0,,,,,,,,,,,,,,,
937,31.266666666666666,1361768,41557.861328125,41.557861328125,18,OPEN_EXIT,0x02,large_room,1228,1228,37.4755859375,26.684039087947884,20,0.6103515625,1208,36.865234375,0,0.0,1931,1448,7.54296875,5.65625,7,5,3952,86.8359375,1,0,80,80,0,1,1,0,0x04,0,0,0,1,0,0,1,0,0,0,0,0,0,,,,,,,,,,,,,,,
938,31.3,1362995,41595.306396484375,41.595306396484375,18,OPEN_EXIT,0x02,large_room,1227,1227,37.445068359375,26.705786471067643,20,0.6103515625,1206,36.80419921875,1,0.030517578125,1932,1467,7.546875,5.73046875,7,5,3952,86.8359375,1,0,80,80,0,1,1,0,0x04,0,0,0,1,0,0,1,0,0,0,0,0,0,,,,,,,,,,,,,,,
939,31.333333333333332,1364225,41632.843017578125,41.632843017578125,18,OPEN_EXIT,0x02,large_room,1230,1230,37.53662109375,26.640650406504065,20,0.6103515625,1209,36.895751953125,1,0.030517578125,1933,1486,7.55078125,5.8046875,7,5,3952,86.8359375,1,0,80,80,0,1,1,0,0x04,0,0,0,1,0,0,1,0,0,0,0,0,0,,,,,,,,,,,,,,,
940,31.366666666666667,1365458,41670.47119140625,41.67047119140625,18,OPEN_EXIT,0x02,large_room,1233,1233,37.628173828125,26.575831305758314,21,0.640869140625,1211,36.956787109375,1,0.030517578125,1934,1505,7.5546875,5.87890625,7,5,3952,86.8359375,1,0,80,80,0,1,1,0,0x06,1,0,0,1,0,0,1,0,0,0,0,0,0,37.017822265625,3.173828125,0.0,16.66259765625,8.392333984375,2.105712890625,6.683349609375,0.0,0,80,0,10,0,3076,806
941,31.4,1366690,41708.06884765625,41.70806884765625,18,OPEN_EXIT,0x02,large_room,1232,1232,37.59765625,26.5974025974026,21,0.640869140625,1210,36.92626953125,1,0.030517578125,1935,1524,7.55859375,5.953125,7,5,3952,86.8359375,1,0,80,80,0,1,1,0,0x04,0,0,0,1,0,0,1,0,0,0,0,0,0,,,,,,,,,,,,,,,
942,31.433333333333334,1367900,41744.9951171875,41.7449951171875,18,OPEN_EXIT,0x02,large_room,1210,1210,36.92626953125,27.08099173553719,20,0.6103515625,1190,36.31591796875,0,0.0,1936,1543,7.5625,6.02734375,7,6,3952,86.8359375,1,0,80,80,0,1,1,0,0x04,0,0,0,1,0,0,1,0,0,0,0,0,0,,,,,,,,,,,,,,,
943,31.466666666666665,1369106,41781.79931640625,41.78179931640625,18,OPEN_EXIT,0x02,large_room,1206,1206,36.80419921875,27.170812603648425,19,0.579833984375,1187,36.224365234375,0,0.0,1937,1562,7.56640625,6.1015625,7,6,3952,86.8359375,1,0,80,80,0,1,1,0,0x04,0,0,0,1,0,0,1,0,0,0,0,0,0,,,,,,,,,,,,,,,
944,31.5,1370310,41818.54248046875,41.81854248046875,18,OPEN_EXIT,0x02,large_room,1204,1204,36.7431640625,27.21594684385382,19,0.579833984375,1184,36.1328125,1,0.030517578125,1938,1581,7.5703125,6.17578125,7,6,3952,86.8359375,1,0,80,80,0,1,1,0,0x04,0,0,0,1,0,0,1,0,0,0,0,0,0,,,,,,,,,,,,,,,
945,31.533333333333335,1371515,41855.316162109375,41.855316162109375,18,OPEN_EXIT,0x02,large_room,1205,1205,36.773681640625,27.19336099585062,20,0.6103515625,1184,36.1328125,1,0.030517578125,1939,1600,7.57421875,6.25,7,6,3952,86.8359375,1,0,80,80,0,1,1,0,0x04,0,0,0,1,0,0,1,0,0,0,0,0,0,,,,,,,,,,,,,,,
946,31.566666666666666,1372720,41892.08984375,41.89208984375,18,OPEN_EXIT,0x02,large_room,1205,1205,36.773681640625,27.19336099585062,20,0.6103515625,1185,36.163330078125,0,0.0,1940,1619,7.578125,6.32421875,7,6,3952,86.8359375,1,0,80,80,0,1,1,0,0x04,0,0,0,1,0,0,1,0,0,0,0,0,0,,,,,,,,,,,,,,,
947,31.6,1373926,41928.89404296875,41.92889404296875,18,OPEN_EXIT,0x02,large_room,1206,1206,36.80419921875,27.170812603648425,20,0.6103515625,1186,36.19384765625,0,0.0,1941,1638,7.58203125,6.3984375,7,6,3952,86.8359375,1,0,80,80,0,1,1,0,0x04,0,0,0,1,0,0,1,0,0,0,0,0,0,,,,,,,,,,,,,,,
948,31.633333333333333,1375136,41965.8203125,41.9658203125,18,OPEN_EXIT,0x02,large_room,1210,1210,36.92626953125,27.08099173553719,19,0.579833984375,1191,36.346435546875,0,0.0,1942,1657,7.5859375,6.47265625,7,6,3952,86.8359375,1,0,80,80,0,1,1,0,0x04,0,0,0,1,0,0,1,0,0,0,0,0,0,,,,,,,,,,,,,,,
949,31.666666666666668,1376344,42002.685546875,42.002685546875,18,OPEN_EXIT,0x02,large_room,1208,1208,36.865234375,27.125827814569536,20,0.6103515625,1188,36.2548828125,0,0.0,1943,1676,7.58984375,6.546875,7,6,3952,86.8359375,1,0,80,80,0,1,1,0,0x04,0,0,0,1,0,0,1,0,0,0,0,0,0,,,,,,,,,,,,,,,
950,31.7,1377549,42039.459228515625,42.039459228515625,18,OPEN_EXIT,0x02,large_room,1205,1205,36.773681640625,27.19336099585062,20,0.6103515625,1184,36.1328125,1,0.030517578125,1944,1695,7.59375,6.62109375,7,6,3952,86.8359375,1,0,80,80,0,1,1,0,0x04,0,0,0,1,0,0,1,0,0,0,0,0,0,,,,,,,,,,,,,,,
951,31.733333333333334,1378756,42076.2939453125,42.0762939453125,18,OPEN_EXIT,0x02,large_room,1207,1207,36.834716796875,27.148301574150786,20,0.6103515625,1187,36.224365234375,0,0.0,1945,1714,7.59765625,6.6953125,7,6,3952,86.8359375,1,0,80,80,0,1,1,0,0x04,0,0,0,1,0,0,1,0,0,0,0,0,0,,,,,,,,,,,,,,,
952,31.766666666666666,1379967,42113.250732421875,42.113250732421875,18,OPEN_EXIT,0x02,large_room,1211,1211,36.956787109375,27.058629232039635,20,0.6103515625,1191,36.346435546875,0,0.0,1946,1733,7.6015625,6.76953125,7,6,3952,86.8359375,1,0,80,80,0,1,1,0,0x04,0,0,0,1,0,0,1,0,0,0,0,0,0,,,,,,,,,,,,,,,
953,31.8,1381176,42150.146484375,42.150146484375,18,OPEN_EXIT,0x02,large_room,1209,1209,36.895751953125,27.10339123242349,20,0.6103515625,1189,36.285400390625,0,0.0,1947,1752,7.60546875,6.84375,7,6,3952,86.8359375,1,0,80,80,0,1,1,0,0x04,0,0,0,1,0,0,1,0,0,0,0,0,0,,,,,,,,,,,,,,,
954,31.833333333333332,1382392,42187.255859375,42.187255859375,18,OPEN_EXIT,0x02,large_room,1216,1216,37.109375,26.94736842105263,20,0.6103515625,1196,36.4990234375,0,0.0,1948,1771,7.609375,6.91796875,7,6,3952,86.8359375,1,0,80,80,0,1,1,0,0x04,0,0,0,1,0,0,1,0,0,0,0,0,0,,,,,,,,,,,,,,,
955,31.866666666666667,1383601,42224.151611328125,42.224151611328125,18,OPEN_EXIT,0x02,large_room,1209,1209,36.895751953125,27.10339123242349,20,0.6103515625,1188,36.2548828125,1,0.030517578125,1949,1790,7.61328125,6.9921875,7,6,3952,86.8359375,1,0,80,80,0,1,1,0,0x04,0,0,0,1,0,0,1,0,0,0,0,0,0,,,,,,,,,,,,,,,
956,31.9,1384790,42260.43701171875,42.26043701171875,18,OPEN_EXIT,0x02,large_room,1189,1189,36.285400390625,27.55929352396972,20,0.6103515625,1169,35.675048828125,0,0.0,1950,1809,7.6171875,7.06640625,7,7,3952,86.8359375,1,0,80,80,0,1,1,0,0x04,0,0,0,1,0,0,1,0,0,0,0,0,0,,,,,,,,,,,,,,,
957,31.933333333333334,1385992,42297.119140625,42.297119140625,18,OPEN_EXIT,0x02,large_room,1202,1202,36.68212890625,27.261231281198004,19,0.579833984375,1183,36.102294921875,0,0.0,1951,1828,7.62109375,7.140625,7,7,3952,86.8359375,1,0,80,80,0,1,1,0,0x04,0,0,0,1,0,0,1,0,0,0,0,0,0,,,,,,,,,,,,,,,
958,31.966666666666665,1387196,42333.8623046875,42.3338623046875,18,OPEN_EXIT,0x02,large_room,1204,1204,36.7431640625,27.21594684385382,19,0.579833984375,1184,36.1328125,1,0.030517578125,1952,1847,7.625,7.21484375,7,7,3952,86.8359375,1,0,80,80,0,1,1,0,0x04,0,0,0,1,0,0,1,0,0,0,0,0,0,,,,,,,,,,,,,,,
959,32.0,1388402,42370.66650390625,42.37066650390625,18,OPEN_EXIT,0x02,large_room,1206,1206,36.80419921875,27.170812603648425,20,0.6103515625,1186,36.19384765625,0,0.0,1953,1866,7.62890625,7.2890625,7,7,3952,86.8359375,1,0,80,80,0,1,1,0,0x04,0,0,0,1,0,0,1,0,0,0,0,0,0,,,,,,,,,,,,,,,
960,32.03333333333333,1389610,42407.53173828125,42.40753173828125,18,OPEN_EXIT,0x02,large_room,1208,1208,36.865234375,27.125827814569536,20,0.6103515625,1188,36.2548828125,0,0.0,1954,1885,7.6328125,7.36328125,7,7,3952,86.8359375,1,0,80,80,0,1,1,0,0x04,0,0,0,1,0,0,1,0,0,0,0,0,0,,,,,,,,,,,,,,,
961,32.06666666666667,1390813,42444.244384765625,42.444244384765625,18,OPEN_EXIT,0x02,large_room,1203,1203,36.712646484375,27.238570241064007,19,0.579833984375,1184,36.1328125,0,0.0,1955,1904,7.63671875,7.4375,7,7,3952,86.8359375,1,0,80,80,0,1,1,0,0x04,0,0,0,1,0,0,1,0,0,0,0,0,0,,,,,,,,,,,,,,,
962,32.1,1392018,42481.01806640625,42.48101806640625,18,OPEN_EXIT,0x02,large_room,1205,1205,36.773681640625,27.19336099585062,19,0.579833984375,1186,36.19384765625,0,0.0,1956,1923,7.640625,7.51171875,7,7,3952,86.8359375,1,0,80,80,0,1,1,0,0x04,0,0,0,1,0,0,1,0,0,0,0,0,0,,,,,,,,,,,,,,,
963,32.13333333333333,1393220,42517.7001953125,42.5177001953125,18,OPEN_EXIT,0x02,large_room,1202,1202,36.68212890625,27.261231281198004,19,0.579833984375,1183,36.102294921875,0,0.0,1957,1942,7.64453125,7.5859375,7,7,3952,86.8359375,1,0,80,80,0,1,1,0,0x04,0,0,0,1,0,0,1,0,0,0,0,0,0,,,,,,,,,,,,,,,
964,32.166666666666664,1394425,42554.473876953125,42.554473876953125,18,OPEN_EXIT,0x02,large_room,1205,1205,36.773681640625,27.19336099585062,19,0.579833984375,1185,36.163330078125,1,0.030517578125,1958,1961,7.6484375,7.66015625,7,7,3952,86.8359375,1,0,80,80,0,1,1,0,0x04,0,0,0,1,0,0,1,0,0,0,0,0,0,,,,,,,,,,,,,,,
965,32.2,1395634,42591.36962890625,42.59136962890625,18,OPEN_EXIT,0x02,large_room,1209,1209,36.895751953125,27.10339123242349,20,0.6103515625,1188,36.2548828125,1,0.030517578125,1959,1980,7.65234375,7.734375,7,7,3952,86.8359375,1,0,80,80,0,1,1,0,0x04,0,0,0,1,0,0,1,0,0,0,0,0,0,,,,,,,,,,,,,,,
966,32.233333333333334,1396844,42628.2958984375,42.6282958984375,18,OPEN_EXIT,0x02,large_room,1210,1210,36.92626953125,27.08099173553719,20,0.6103515625,1189,36.285400390625,1,0.030517578125,1960,1999,7.65625,7.80859375,7,7,3952,86.8359375,1,0,80,80,0,1,1,0,0x04,0,0,0,1,0,0,1,0,0,0,0,0,0,,,,,,,,,,,,,,,
967,32.266666666666666,1398053,42665.191650390625,42.665191650390625,18,OPEN_EXIT,0x02,large_room,1209,1209,36.895751953125,27.10339123242349,21,0.640869140625,1188,36.2548828125,0,0.0,1961,2018,7.66015625,7.8828125,7,7,3952,86.8359375,1,0,80,80,0,1,1,0,0x04,0,0,0,1,0,0,1,0,0,0,0,0,0,,,,,,,,,,,,,,,
968,32.3,1399262,42702.08740234375,42.70208740234375,18,OPEN_EXIT,0x02,large_room,1209,1209,36.895751953125,27.10339123242349,20,0.6103515625,1189,36.285400390625,0,0.0,1962,2037,7.6640625,7.95703125,7,7,3952,86.8359375,1,0,80,80,0,1,1,0,0x04,0,0,0,1,0,0,1,0,0,0,0,0,0,,,,,,,,,,,,,,,
969,32.333333333333336,1400452,42738.4033203125,42.7384033203125,18,OPEN_EXIT,0x02,large_room,1190,1190,36.31591796875,27.536134453781514,20,0.6103515625,1170,35.70556640625,0,0.0,1963,2056,7.66796875,8.03125,7,8,3952,86.8359375,1,0,80,80,0,1,1,0,0x04,0,0,0,1,0,0,1,0,0,0,0,0,0,,,,,,,,,,,,,,,
970,32.36666666666667,1401642,42774.71923828125,42.77471923828125,18,OPEN_EXIT,0x02,large_room,1190,1190,36.31591796875,27.536134453781514,20,0.6103515625,1170,35.70556640625,0,0.0,1964,2075,7.671875,8.10546875,7,8,3952,86.8359375,1,0,80,80,0,1,1,0,0x0C,0,0,0,1,1,0,1,0,0,0,0,0,0,,,,,,,,,,,,,,,
