frame_index,simulation_time_seconds,measured_elapsed_ticks,measured_elapsed_ms,measured_elapsed_seconds,section_id,section_name,section_flags,section_flag_names,total_ticks,component_total_ticks,total_ms,instantaneous_fps,update_ticks,update_ms,render_ticks,render_ms,swap_ticks,swap_ms,player_x_raw,player_y_raw,player_x,player_y,map_x,map_y,angle_raw,angle_degrees,move_axis,turn_axis,casts,logical_columns,portal_layer_casts,max_depth,ray_layer_depth,portal_recursion_depth,flags,detailed,timing_excluded_from_clean_stats,crossed_portal,changed,section_end,section_small_room,section_large_room,section_slow_turn,section_fast_turn,section_portal_view,section_portal_approach,section_portal_cross,section_stress,detail_corrected_total_ms,admin_corrected_ms,wait_corrected_ms,background_corrected_ms,dda_corrected_ms,portal_trace_corrected_ms,wall_draw_corrected_ms,portal_draw_corrected_ms,portal_transforms,wall_calls,mask_calls,portal_candidates,linked_exits,textured_rows,dda_steps
0,0.03333333333333333,2401,73.272705078125,0.073272705078125,1,A_APPROACH,0x72,large_room|portal_view|portal_approach|portal_cross,2401,2401,73.272705078125,13.647646813827572,15,0.457763671875,2385,72.784423828125,1,0.030517578125,364,640,1.421875,2.5,1,2,8192,180.0,1,0,166,80,86,3,3,2,0x06,1,0,0,1,0,0,1,0,0,1,1,1,0,74.371337890625,18.890380859375,0.0,20.751953125,13.580322265625,11.993408203125,4.0283203125,5.126953125,86,80,86,86,86,664,898
1,0.06666666666666667,4793,146.270751953125,0.146270751953125,1,A_APPROACH,0x72,large_room|portal_view|portal_approach|portal_cross,2392,2392,72.998046875,13.698996655518394,15,0.457763671875,2377,72.540283203125,0,0.0,344,640,1.34375,2.5,1,2,8192,180.0,1,0,165,80,85,3,3,2,0x04,0,0,0,1,0,0,1,0,0,1,1,1,0,,,,,,,,,,,,,,,
2,0.1,7177,219.024658203125,0.219024658203125,1,A_APPROACH,0x72,large_room|portal_view|portal_approach|portal_cross,2384,2384,72.75390625,13.74496644295302,15,0.457763671875,2368,72.265625,1,0.030517578125,324,640,1.265625,2.5,1,2,8192,180.0,1,0,164,80,84,3,3,2,0x04,0,0,0,1,0,0,1,0,0,1,1,1,0,,,,,,,,,,,,,,,
3,0.13333333333333333,9564,291.8701171875,0.2918701171875,1,A_APPROACH,0x72,large_room|portal_view|portal_approach|portal_cross,2387,2387,72.845458984375,13.727691663175534,15,0.457763671875,2371,72.357177734375,1,0.030517578125,304,640,1.1875,2.5,1,2,8192,180.0,1,0,164,80,84,3,3,2,0x04,0,0,0,1,0,0,1,0,0,1,1,1,0,,,,,,,,,,,,,,,
4,0.16666666666666666,11358,346.61865234375,0.34661865234375,1,A_APPROACH,0x72,large_room|portal_view|portal_approach|portal_cross,1794,1794,54.74853515625,18.265328874024526,18,0.54931640625,1776,54.19921875,0,0.0,896,321,3.5,1.25390625,3,1,4096,90.0,1,0,80,80,0,1,1,0,0x05,0,0,1,1,0,0,1,0,0,1,1,1,0,,,,,,,,,,,,,,,
5,0.2,13147,401.214599609375,0.401214599609375,1,A_APPROACH,0x72,large_room|portal_view|portal_approach|portal_cross,1789,1789,54.595947265625,18.3163778647289,14,0.42724609375,1774,54.13818359375,1,0.030517578125,896,341,3.5,1.33203125,3,1,4096,90.0,1,0,80,80,0,1,1,0,0x04,0,0,0,1,0,0,1,0,0,1,1,1,0,,,,,,,,,,,,,,,
6,0.23333333333333334,14936,455.810546875,0.455810546875,1,A_APPROACH,0x72,large_room|portal_view|portal_approach|portal_cross,1789,1789,54.595947265625,18.3163778647289,13,0.396728515625,1776,54.19921875,0,0.0,896,361,3.5,1.41015625,3,1,4096,90.0,1,0,80,80,0,1,1,0,0x04,0,0,0,1,0,0,1,0,0,1,1,1,0,,,,,,,,,,,,,,,
7,0.26666666666666666,16724,510.3759765625,0.5103759765625,1,A_APPROACH,0x72,large_room|portal_view|portal_approach|portal_cross,1788,1788,54.5654296875,18.32662192393736,14,0.42724609375,1773,54.107666015625,1,0.030517578125,896,381,3.5,1.48828125,3,1,4096,90.0,1,0,80,80,0,1,1,0,0x0C,0,0,0,1,1,0,1,0,0,1,1,1,0,,,,,,,,,,,,,,,
8,0.3,18514,565.00244140625,0.56500244140625,2,LARGE_ENTRY,0x02,large_room,1790,1790,54.62646484375,18.306145251396647,14,0.42724609375,1775,54.168701171875,1,0.030517578125,896,401,3.5,1.56640625,3,1,4096,90.0,1,0,80,80,0,1,1,0,0x04,0,0,0,1,0,0,1,0,0,0,0,0,0,,,,,,,,,,,,,,,
9,0.3333333333333333,20305,619.659423828125,0.619659423828125,2,LARGE_ENTRY,0x02,large_room,1791,1791,54.656982421875,18.295924064768286,14,0.42724609375,1777,54.229736328125,0,0.0,896,421,3.5,1.64453125,3,1,4096,90.0,1,0,80,80,0,1,1,0,0x06,1,0,0,1,0,0,1,0,0,0,0,0,0,54.107666015625,17.76123046875,0.0,21.392822265625,8.087158203125,2.44140625,4.425048828125,0.0,0,80,0,0,0,821,733
10,0.36666666666666664,22094,674.25537109375,0.67425537109375,2,LARGE_ENTRY,0x02,large_room,1789,1789,54.595947265625,18.3163778647289,14,0.42724609375,1775,54.168701171875,0,0.0,896,441,3.5,1.72265625,3,1,4096,90.0,1,0,80,80,0,1,1,0,0x04,0,0,0,1,0,0,1,0,0,0,0,0,0,,,,,,,,,,,,,,,
11,0.4,23884,728.8818359375,0.7288818359375,2,LARGE_ENTRY,0x02,large_room,1790,1790,54.62646484375,18.306145251396647,14,0.42724609375,1776,54.19921875,0,0.0,896,461,3.5,1.80078125,3,1,4096,90.0,1,0,80,80,0,1,1,0,0x04,0,0,0,1,0,0,1,0,0,0,0,0,0,,,,,,,,,,,,,,,
12,0.43333333333333335,25672,783.447265625,0.783447265625,2,LARGE_ENTRY,0x02,large_room,1788,1788,54.5654296875,18.32662192393736,14,0.42724609375,1774,54.13818359375,0,0.0,896,481,3.5,1.87890625,3,1,4096,90.0,1,0,80,80,0,1,1,0,0x04,0,0,0,1,0,0,1,0,0,0,0,0,0,,,,,,,,,,,,,,,
13,0.4666666666666667,27458,837.95166015625,0.83795166015625,2,LARGE_ENTRY,0x02,large_room,1786,1786,54.50439453125,18.347144456886898,14,0.42724609375,1771,54.046630859375,1,0.030517578125,896,501,3.5,1.95703125,3,1,4096,90.0,1,0,80,80,0,1,1,0,0x04,0,0,0,1,0,0,1,0,0,0,0,0,0,,,,,,,,,,,,,,,
14,0.5,29243,892.425537109375,0.892425537109375,2,LARGE_ENTRY,0x02,large_room,1785,1785,54.473876953125,18.357422969187674,14,0.42724609375,1771,54.046630859375,0,0.0,896,521,3.5,2.03515625,3,2,4096,90.0,1,0,80,80,0,1,1,0,0x04,0,0,0,1,0,0,1,0,0,0,0,0,0,,,,,,,,,,,,,,,
15,0.5333333333333333,31027,946.868896484375,0.946868896484375,2,LARGE_ENTRY,0x02,large_room,1784,1784,54.443359375,18.367713004484305,14,0.42724609375,1770,54.01611328125,0,0.0,896,541,3.5,2.11328125,3,2,4096,90.0,1,0,80,80,0,1,1,0,0x04,0,0,0,1,0,0,1,0,0,0,0,0,0,,,,,,,,,,,,,,,
16,0.5666666666666667,32811,1001.312255859375,1.001312255859375,2,LARGE_ENTRY,0x02,large_room,1784,1784,54.443359375,18.367713004484305,13,0.396728515625,1770,54.01611328125,1,0.030517578125,896,561,3.5,2.19140625,3,2,4096,90.0,1,0,80,80,0,1,1,0,0x04,0,0,0,1,0,0,1,0,0,0,0,0,0,,,,,,,,,,,,,,,
17,0.6,34596,1055.7861328125,1.0557861328125,2,LARGE_ENTRY,0x02,large_room,1785,1785,54.473876953125,18.357422969187674,14,0.42724609375,1770,54.01611328125,1,0.030517578125,896,581,3.5,2.26953125,3,2,4096,90.0,1,0,80,80,0,1,1,0,0x04,0,0,0,1,0,0,1,0,0,0,0,0,0,,,,,,,,,,,,,,,
18,0.6333333333333333,36381,1110.260009765625,1.110260009765625,2,LARGE_ENTRY,0x02,large_room,1785,1785,54.473876953125,18.357422969187674,14,0.42724609375,1770,54.01611328125,1,0.030517578125,896,601,3.5,2.34765625,3,2,4096,90.0,1,0,80,80,0,1,1,0,0x04,0,0,0,1,0,0,1,0,0,0,0,0,0,,,,,,,,,,,,,,,
19,0.6666666666666666,38166,1164.73388671875,1.16473388671875,2,LARGE_ENTRY,0x02,large_room,1785,1785,54.473876953125,18.357422969187674,14,0.42724609375,1770,54.01611328125,1,0.030517578125,896,621,3.5,2.42578125,3,2,4096,90.0,1,0,80,80,0,1,1,0,0x04,0,0,0,1,0,0,1,0,0,0,0,0,0,,,,,,,,,,,,,,,
20,0.7,39949,1219.146728515625,1.219146728515625,2,LARGE_ENTRY,0x02,large_room,1783,1783,54.412841796875,18.37801458216489,14,0.42724609375,1769,53.985595703125,0,0.0,896,641,3.5,2.50390625,3,2,4096,90.0,1,0,80,80,0,1,1,0,0x04,0,0,0,1,0,0,1,0,0,0,0,0,0,,,,,,,,,,,,,,,
21,0.7333333333333333,41734,1273.62060546875,1.27362060546875,2,LARGE_ENTRY,0x02,large_room,1785,1785,54.473876953125,18.357422969187674,13,0.396728515625,1771,54.046630859375,1,0.030517578125,896,661,3.5,2.58203125,3,2,4096,90.0,1,0,80,80,0,1,1,0,0x04,0,0,0,1,0,0,1,0,0,0,0,0,0,,,,,,,,,,,,,,,
22,0.7666666666666667,43517,1328.033447265625,1.328033447265625,2,LARGE_ENTRY,0x02,large_room,1783,1783,54.412841796875,18.37801458216489,13,0.396728515625,1769,53.985595703125,1,0.030517578125,896,681,3.5,2.66015625,3,2,4096,90.0,1,0,80,80,0,1,1,0,0x04,0,0,0,1,0,0,1,0,0,0,0,0,0,,,,,,,,,,,,,,,
23,0.8,45303,1382.537841796875,1.382537841796875,2,LARGE_ENTRY,0x02,large_room,1786,1786,54.50439453125,18.347144456886898,14,0.42724609375,1771,54.046630859375,1,0.030517578125,896,701,3.5,2.73828125,3,2,4096,90.0,1,0,80,80,0,1,1,0,0x04,0,0,0,1,0,0,1,0,0,0,0,0,0,,,,,,,,,,,,,,,
24,0.8333333333333334,47089,1437.042236328125,1.437042236328125,2,LARGE_ENTRY,0x02,large_room,1786,1786,54.50439453125,18.347144456886898,14,0.42724609375,1772,54.0771484375,0,0.0,896,721,3.5,2.81640625,3,2,4096,90.0,1,0,80,80,0,1,1,0,0x04,0,0,0,1,0,0,1,0,0,0,0,0,0,,,,,,,,,,,,,,,
25,0.8666666666666667,48874,1491.51611328125,1.49151611328125,2,LARGE_ENTRY,0x02,large_room,1785,1785,54.473876953125,18.357422969187674,14,0.42724609375,1771,54.046630859375,0,0.0,896,741,3.5,2.89453125,3,2,4096,90.0,1,0,80,80,0,1,1,0,0x04,0,0,0,1,0,0,1,0,0,0,0,0,0,,,,,,,,,,,,,,,
26,0.9,50660,1546.0205078125,1.5460205078125,2,LARGE_ENTRY,0x02,large_room,1786,1786,54.50439453125,18.347144456886898,14,0.42724609375,1772,54.0771484375,0,0.0,896,761,3.5,2.97265625,3,2,4096,90.0,1,0,80,80,0,1,1,0,0x04,0,0,0,1,0,0,1,0,0,0,0,0,0,,,,,,,,,,,,,,,
27,0.9333333333333333,52439,1600.311279296875,1.600311279296875,2,LARGE_ENTRY,0x02,large_room,1779,1779,54.290771484375,18.419336706014615,14,0.42724609375,1764,53.8330078125,1,0.030517578125,896,781,3.5,3.05078125,3,3,4096,90.0,1,0,80,80,0,1,1,0,0x0C,0,0,0,1,1,0,1,0,0,0,0,0,0,,,,,,,,,,,,,,,
28,0.9666666666666667,54628,1667.1142578125,1.6671142578125,3,SLOW_SWEEP,0x16,large_room|slow_turn|portal_view,2189,2189,66.802978515625,14.969392416628597,6,0.18310546875,2182,66.58935546875,1,0.030517578125,896,781,3.5,3.05078125,3,3,4198,92.2412109375,0,1,80,80,0,1,1,0,0x04,0,0,0,1,0,0,1,1,0,1,0,0,0,,,,,,,,,,,,,,,
29,1.0,56816,1733.88671875,1.73388671875,3,SLOW_SWEEP,0x16,large_room|slow_turn|portal_view,2188,2188,66.7724609375,14.976234003656307,6,0.18310546875,2182,66.58935546875,0,0.0,896,781,3.5,3.05078125,3,3,4198,92.2412109375,0,0,80,80,0,1,1,0,0x00,0,0,0,0,0,0,1,1,0,1,0,0,0,,,,,,,,,,,,,,,
30,1.0333333333333334,59007,1800.750732421875,1.800750732421875,3,SLOW_SWEEP,0x16,large_room|slow_turn|portal_view,2191,2191,66.864013671875,14.955727978092195,5,0.152587890625,2186,66.71142578125,0,0.0,896,781,3.5,3.05078125,3,3,4300,94.482421875,0,1,80,80,0,1,1,0,0x04,0,0,0,1,0,0,1,1,0,1,0,0,0,,,,,,,,,,,,,,,
31,1.0666666666666667,61199,1867.645263671875,1.867645263671875,3,SLOW_SWEEP,0x16,large_room|slow_turn|portal_view,2192,2192,66.89453125,14.94890510948905,6,0.18310546875,2186,66.71142578125,0,0.0,896,781,3.5,3.05078125,3,3,4300,94.482421875,0,0,80,80,0,1,1,0,0x00,0,0,0,0,0,0,1,1,0,1,0,0,0,,,,,,,,,,,,,,,
32,1.1,63430,1935.72998046875,1.93572998046875,3,SLOW_SWEEP,0x16,large_room|slow_turn|portal_view,2231,2231,68.084716796875,14.687584043030032,5,0.152587890625,2225,67.901611328125,1,0.030517578125,896,781,3.5,3.05078125,3,3,4402,96.7236328125,0,1,80,80,0,1,1,0,0x04,0,0,0,1,0,0,1,1,0,1,0,0,0,,,,,,,,,,,,,,,
33,1.1333333333333333,65660,2003.7841796875,2.0037841796875,3,SLOW_SWEEP,0x16,large_room|slow_turn|portal_view,2230,2230,68.05419921875,14.694170403587444,5,0.152587890625,2225,67.901611328125,0,0.0,896,781,3.5,3.05078125,3,3,4402,96.7236328125,0,0,80,80,0,1,1,0,0x00,0,0,0,0,0,0,1,1,0,1,0,0,0,,,,,,,,,,,,,,,
34,1.1666666666666667,67857,2070.831298828125,2.070831298828125,3,SLOW_SWEEP,0x16,large_room|slow_turn|portal_view,2197,2197,67.047119140625,14.914883932635412,6,0.18310546875,2190,66.83349609375,1,0.030517578125,896,781,3.5,3.05078125,3,3,4504,98.96484375,0,1,80,80,0,1,1,0,0x04,0,0,0,1,0,0,1,1,0,1,0,0,0,,,,,,,,,,,,,,,
35,1.2,70054,2137.87841796875,2.13787841796875,3,SLOW_SWEEP,0x16,large_room|slow_turn|portal_view,2197,2197,67.047119140625,14.914883932635412,6,0.18310546875,2190,66.83349609375,1,0.030517578125,896,781,3.5,3.05078125,3,3,4504,98.96484375,0,0,80,80,0,1,1,0,0x00,0,0,0,0,0,0,1,1,0,1,0,0,0,,,,,,,,,,,,,,,
36,1.2333333333333334,72218,2203.91845703125,2.20391845703125,3,SLOW_SWEEP,0x16,large_room|slow_turn|portal_view,2164,2164,66.0400390625,15.142329020332717,5,0.152587890625,2158,65.85693359375,1,0.030517578125,896,781,3.5,3.05078125,3,3,4606,101.2060546875,0,1,80,80,0,1,1,0,0x04,0,0,0,1,0,0,1,1,0,1,0,0,0,,,,,,,,,,,,,,,
37,1.2666666666666666,74383,2269.989013671875,2.269989013671875,3,SLOW_SWEEP,0x16,large_room|slow_turn|portal_view,2165,2165,66.070556640625,15.135334872979215,6,0.18310546875,2158,65.85693359375,1,0.030517578125,896,781,3.5,3.05078125,3,3,4606,101.2060546875,0,0,80,80,0,1,1,0,0x00,0,0,0,0,0,0,1,1,0,1,0,0,0,,,,,,,,,,,,,,,
38,1.3,76545,2335.968017578125,2.335968017578125,3,SLOW_SWEEP,0x16,large_room|slow_turn|portal_view,2162,2162,65.97900390625,15.156336725254395,6,0.18310546875,2155,65.765380859375,1,0.030517578125,896,781,3.5,3.05078125,3,3,4708,103.447265625,0,1,80,80,0,1,1,0,0x04,0,0,0,1,0,0,1,1,0,1,0,0,0,,,,,,,,,,,,,,,
39,1.3333333333333333,78706,2401.91650390625,2.40191650390625,3,SLOW_SWEEP,0x16,large_room|slow_turn|portal_view,2161,2161,65.948486328125,15.163350300786673,5,0.152587890625,2156,65.7958984375,0,0.0,896,781,3.5,3.05078125,3,3,4708,103.447265625,0,0,80,80,0,1,1,0,0x00,0,0,0,0,0,0,1,1,0,1,0,0,0,,,,,,,,,,,,,,,
40,1.3666666666666667,80831,2466.766357421875,2.466766357421875,3,SLOW_SWEEP,0x16,large_room|slow_turn|portal_view,2125,2125,64.849853515625,15.420235294117647,6,0.18310546875,2118,64.63623046875,1,0.030517578125,896,781,3.5,3.05078125,3,3,4810,105.6884765625,0,1,80,80,0,1,1,0,0x04,0,0,0,1,0,0,1,1,0,1,0,0,0,,,,,,,,,,,,,,,
41,1.4,82956,2531.6162109375,2.5316162109375,3,SLOW_SWEEP,0x16,large_room|slow_turn|portal_view,2125,2125,64.849853515625,15.420235294117647,6,0.18310546875,2119,64.666748046875,0,0.0,896,781,3.5,3.05078125,3,3,4810,105.6884765625,0,0,80,80,0,1,1,0,0x00,0,0,0,0,0,0,1,1,0,1,0,0,0,,,,,,,,,,,,,,,
42,1.4333333333333333,85044,2595.3369140625,2.5953369140625,3,SLOW_SWEEP,0x16,large_room|slow_turn|portal_view,2088,2088,63.720703125,15.693486590038313,6,0.18310546875,2081,63.507080078125,1,0.030517578125,896,781,3.5,3.05078125,3,3,4912,107.9296875,0,1,80,80,0,1,1,0,0x04,0,0,0,1,0,0,1,1,0,1,0,0,0,,,,,,,,,,,,,,,
43,1.4666666666666666,87132,2659.0576171875,2.6590576171875,3,SLOW_SWEEP,0x16,large_room|slow_turn|portal_view,2088,2088,63.720703125,15.693486590038313,6,0.18310546875,2081,63.507080078125,1,0.030517578125,896,781,3.5,3.05078125,3,3,4912,107.9296875,0,0,80,80,0,1,1,0,0x00,0,0,0,0,0,0,1,1,0,1,0,0,0,,,,,,,,,,,,,,,
44,1.5,89207,2722.381591796875,2.722381591796875,3,SLOW_SWEEP,0x16,large_room|slow_turn|portal_view,2075,2075,63.323974609375,15.791807228915662,5,0.152587890625,2070,63.17138671875,0,0.0,896,781,3.5,3.05078125,3,3,5014,110.1708984375,0,1,83,80,3,3,3,2,0x04,0,0,0,1,0,0,1,1,0,1,0,0,0,,,,,,,,,,,,,,,
45,1.5333333333333334,91283,2785.736083984375,2.785736083984375,3,SLOW_SWEEP,0x16,large_room|slow_turn|portal_view,2076,2076,63.3544921875,15.784200385356455,6,0.18310546875,2070,63.17138671875,0,0.0,896,781,3.5,3.05078125,3,3,5014,110.1708984375,0,0,83,80,3,3,3,2,0x00,0,0,0,0,0,0,1,1,0,1,0,0,0,,,,,,,,,,,,,,,
46,1.5666666666666667,93384,2849.853515625,2.849853515625,3,SLOW_SWEEP,0x16,large_room|slow_turn|portal_view,2101,2101,64.117431640625,15.596382674916706,5,0.152587890625,2096,63.96484375,0,0.0,896,781,3.5,3.05078125,3,3,5116,112.412109375,0,1,86,80,6,3,3,2,0x04,0,0,0,1,0,0,1,1,0,1,0,0,0,,,,,,,,,,,,,,,
47,1.6,95486,2914.00146484375,2.91400146484375,3,SLOW_SWEEP,0x16,large_room|slow_turn|portal_view,2102,2102,64.14794921875,15.58896289248335,6,0.18310546875,2095,63.934326171875,1,0.030517578125,896,781,3.5,3.05078125,3,3,5116,112.412109375,0,0,86,80,6,3,3,2,0x00,0,0,0,0,0,0,1,1,0,1,0,0,0,,,,,,,,,,,,,,,
48,1.6333333333333333,97569,2977.569580078125,2.977569580078125,3,SLOW_SWEEP,0x16,large_room|slow_turn|portal_view,2083,2083,63.568115234375,15.731156985117618,6,0.18310546875,2077,63.385009765625,0,0.0,896,781,3.5,3.05078125,3,3,5218,114.6533203125,0,1,88,80,8,2,2,1,0x04,0,0,0,1,0,0,1,1,0,1,0,0,0,,,,,,,,,,,,,,,
49,1.6666666666666667,99652,3041.1376953125,3.0411376953125,3,SLOW_SWEEP,0x16,large_room|slow_turn|portal_view,2083,2083,63.568115234375,15.731156985117618,6,0.18310546875,2077,63.385009765625,0,0.0,896,781,3.5,3.05078125,3,3,5218,114.6533203125,0,0,88,80,8,2,2,1,0x00,0,0,0,0,0,0,1,1,0,1,0,0,0,,,,,,,,,,,,,,,
50,1.7,101724,3104.3701171875,3.1043701171875,3,SLOW_SWEEP,0x16,large_room|slow_turn|portal_view,2072,2072,63.232421875,15.814671814671815,5,0.152587890625,2066,63.04931640625,1,0.030517578125,896,781,3.5,3.05078125,3,3,5320,116.89453125,0,1,91,80,11,2,2,1,0x04,0,0,0,1,0,0,1,1,0,1,0,0,0,,,,,,,,,,,,,,,
51,1.7333333333333334,103796,3167.6025390625,3.1676025390625,3,SLOW_SWEEP,0x16,large_room|slow_turn|portal_view,2072,2072,63.232421875,15.814671814671815,6,0.18310546875,2066,63.04931640625,0,0.0,896,781,3.5,3.05078125,3,3,5320,116.89453125,0,0,91,80,11,2,2,1,0x00,0,0,0,0,0,0,1,1,0,1,0,0,0,,,,,,,,,,,,,,,
52,1.7666666666666666,105862,3230.65185546875,3.23065185546875,3,SLOW_SWEEP,0x16,large_room|slow_turn|portal_view,2066,2066,63.04931640625,15.860600193610843,6,0.18310546875,2059,62.835693359375,1,0.030517578125,896,781,3.5,3.05078125,3,3,5422,119.1357421875,0,1,95,80,15,3,3,2,0x04,0,0,0,1,0,0,1,1,0,1,0,0,0,,,,,,,,,,,,,,,
53,1.8,107928,3293.701171875,3.293701171875,3,SLOW_SWEEP,0x16,large_room|slow_turn|portal_view,2066,2066,63.04931640625,15.860600193610843,6,0.18310546875,2060,62.8662109375,0,0.0,896,781,3.5,3.05078125,3,3,5422,119.1357421875,0,0,95,80,15,3,3,2,0x00,0,0,0,0,0,0,1,1,0,1,0,0,0,,,,,,,,,,,,,,,
54,1.8333333333333333,109989,3356.597900390625,3.356597900390625,3,SLOW_SWEEP,0x16,large_room|slow_turn|portal_view,2061,2061,62.896728515625,15.899078117418728,6,0.18310546875,2055,62.713623046875,0,0.0,896,781,3.5,3.05078125,3,3,5524,121.376953125,0,1,98,80,18,3,3,2,0x04,0,0,0,1,0,0,1,1,0,1,0,0,0,,,,,,,,,,,,,,,
55,1.8666666666666667,112050,3419.49462890625,3.41949462890625,3,SLOW_SWEEP,0x16,large_room|slow_turn|portal_view,2061,2061,62.896728515625,15.899078117418728,6,0.18310546875,2055,62.713623046875,0,0.0,896,781,3.5,3.05078125,3,3,5524,121.376953125,0,0,98,80,18,3,3,2,0x00,0,0,0,0,0,0,1,1,0,1,0,0,0,,,,,,,,,,,,,,,
56,1.9,114136,3483.154296875,3.483154296875,3,SLOW_SWEEP,0x16,large_room|slow_turn|portal_view,2086,2086,63.65966796875,15.708533077660594,5,0.152587890625,2081,63.507080078125,0,0.0,896,781,3.5,3.05078125,3,3,5626,123.6181640625,0,1,101,80,21,3,3,2,0x04,0,0,0,1,0,0,1,1,0,1,0,0,0,,,,,,,,,,,,,,,
57,1.9333333333333333,116223,3546.844482421875,3.546844482421875,3,SLOW_SWEEP,0x16,large_room|slow_turn|portal_view,2087,2087,63.690185546875,15.701006229036896,6,0.18310546875,2081,63.507080078125,0,0.0,896,781,3.5,3.05078125,3,3,5626,123.6181640625,0,0,101,80,21,3,3,2,0x00,0,0,0,0,0,0,1,1,0,1,0,0,0,,,,,,,,,,,,,,,
58,1.9666666666666666,118282,3609.68017578125,3.60968017578125,3,SLOW_SWEEP,0x16,large_room|slow_turn|portal_view,2059,2059,62.835693359375,15.91452161243322,5,0.152587890625,2054,62.68310546875,0,0.0,896,781,3.5,3.05078125,3,3,5728,125.859375,0,1,102,80,22,2,2,1,0x04,0,0,0,1,0,0,1,1,0,1,0,0,0,,,,,,,,,,,,,,,
59,2.0,120341,3672.515869140625,3.672515869140625,3,SLOW_SWEEP,0x16,large_room|slow_turn|portal_view,2059,2059,62.835693359375,15.91452161243322,6,0.18310546875,2053,62.652587890625,0,0.0,896,781,3.5,3.05078125,3,3,5728,125.859375,0,0,102,80,22,2,2,1,0x00,0,0,0,0,0,0,1,1,0,1,0,0,0,,,,,,,,,,,,,,,
60,2.033333333333333,122377,3734.649658203125,3.734649658203125,3,SLOW_SWEEP,0x16,large_room|slow_turn|portal_view,2036,2036,62.1337890625,16.094302554027504,6,0.18310546875,2029,61.920166015625,1,0.030517578125,896,781,3.5,3.05078125,3,3,5830,128.1005859375,0,1,103,80,23,3,3,2,0x04,0,0,0,1,0,0,1,1,0,1,0,0,0,,,,,,,,,,,,,,,
61,2.066666666666667,124414,3796.81396484375,3.79681396484375,3,SLOW_SWEEP,0x16,large_room|slow_turn|portal_view,2037,2037,62.164306640625,16.086401570937653,6,0.18310546875,2030,61.95068359375,1,0.030517578125,896,781,3.5,3.05078125,3,3,5830,128.1005859375,0,0,103,80,23,3,3,2,0x00,0,0,0,0,0,0,1,1,0,1,0,0,0,,,,,,,,,,,,,,,
62,2.1,126399,3857.391357421875,3.857391357421875,3,SLOW_SWEEP,0x16,large_room|slow_turn|portal_view,1985,1985,60.577392578125,16.507808564231738,6,0.18310546875,1978,60.36376953125,1,0.030517578125,896,781,3.5,3.05078125,3,3,5932,130.341796875,0,1,101,80,21,2,2,1,0x04,0,0,0,1,0,0,1,1,0,1,0,0,0,,,,,,,,,,,,,,,
63,2.1333333333333333,128383,3917.938232421875,3.917938232421875,3,SLOW_SWEEP,0x16,large_room|slow_turn|portal_view,1984,1984,60.546875,16.516129032258064,5,0.152587890625,1979,60.394287109375,0,0.0,896,781,3.5,3.05078125,3,3,5932,130.341796875,0,0,101,80,21,2,2,1,0x00,0,0,0,0,0,0,1,1,0,1,0,0,0,,,,,,,,,,,,,,,
64,2.1666666666666665,130370,3978.57666015625,3.97857666015625,3,SLOW_SWEEP,0x16,large_room|slow_turn|portal_view,1987,1987,60.638427734375,16.49119275289381,6,0.18310546875,1981,60.455322265625,0,0.0,896,781,3.5,3.05078125,3,3,6034,132.5830078125,0,1,101,80,21,3,3,2,0x04,0,0,0,1,0,0,1,1,0,1,0,0,0,,,,,,,,,,,,,,,
65,2.2,132358,4039.24560546875,4.03924560546875,3,SLOW_SWEEP,0x16,large_room|slow_turn|portal_view,1988,1988,60.6689453125,16.482897384305836,6,0.18310546875,1981,60.455322265625,1,0.030517578125,896,781,3.5,3.05078125,3,3,6034,132.5830078125,0,0,101,80,21,3,3,2,0x00,0,0,0,0,0,0,1,1,0,1,0,0,0,,,,,,,,,,,,,,,
66,2.2333333333333334,134338,4099.67041015625,4.09967041015625,3,SLOW_SWEEP,0x16,large_room|slow_turn|portal_view,1980,1980,60.4248046875,16.54949494949495,6,0.18310546875,1973,60.211181640625,1,0.030517578125,896,781,3.5,3.05078125,3,3,6136,134.82421875,0,1,100,80,20,2,2,1,0x04,0,0,0,1,0,0,1,1,0,1,0,0,0,,,,,,,,,,,,,,,
67,2.2666666666666666,136316,4160.0341796875,4.1600341796875,3,SLOW_SWEEP,0x16,large_room|slow_turn|portal_view,1978,1978,60.36376953125,16.566228513650152,6,0.18310546875,1972,60.1806640625,0,0.0,896,781,3.5,3.05078125,3,3,6136,134.82421875,0,0,100,80,20,2,2,1,0x00,0,0,0,0,0,0,1,1,0,1,0,0,0,,,,,,,,,,,,,,,
68,2.3,138300,4220.5810546875,4.2205810546875,3,SLOW_SWEEP,0x16,large_room|slow_turn|portal_view,1984,1984,60.546875,16.516129032258064,6,0.18310546875,1977,60.333251953125,1,0.030517578125,896,781,3.5,3.05078125,3,3,6238,137.0654296875,0,1,101,80,21,3,3,2,0x04,0,0,0,1,0,0,1,1,0,1,0,0,0,,,,,,,,,,,,,,,
69,2.3333333333333335,140284,4281.1279296875,4.2811279296875,3,SLOW_SWEEP,0x16,large_room|slow_turn|portal_view,1984,1984,60.546875,16.516129032258064,5,0.152587890625,1978,60.36376953125,1,0.030517578125,896,781,3.5,3.05078125,3,3,6238,137.0654296875,0,0,101,80,21,3,3,2,0x00,0,0,0,0,0,0,1,1,0,1,0,0,0,,,,,,,,,,,,,,,
70,2.3666666666666667,142252,4341.1865234375,4.3411865234375,3,SLOW_SWEEP,0x16,large_room|slow_turn|portal_view,1968,1968,60.05859375,16.650406504065042,6,0.18310546875,1961,59.844970703125,1,0.030517578125,896,781,3.5,3.05078125,3,3,6340,139.306640625,0,1,99,80,19,2,2,1,0x04,0,0,0,1,0,0,1,1,0,1,0,0,0,,,,,,,,,,,,,,,
71,2.4,144221,4401.275634765625,4.401275634765625,3,SLOW_SWEEP,0x16,large_room|slow_turn|portal_view,1969,1969,60.089111328125,16.641950228542406,6,0.18310546875,1962,59.87548828125,1,0.030517578125,896,781,3.5,3.05078125,3,3,6340,139.306640625,0,0,99,80,19,2,2,1,0x00,0,0,0,0,0,0,1,1,0,1,0,0,0,,,,,,,,,,,,,,,
72,2.433333333333333,146237,4462.799072265625,4.462799072265625,3,SLOW_SWEEP,0x16,large_room|slow_turn|portal_view,2016,2016,61.5234375,16.253968253968253,5,0.152587890625,2010,61.34033203125,1,0.030517578125,896,781,3.5,3.05078125,3,3,6442,141.5478515625,0,1,100,80,20,3,3,2,0x04,0,0,0,1,0,0,1,1,0,1,0,0,0,,,,,,,,,,,,,,,
73,2.466666666666667,148253,4524.322509765625,4.524322509765625,3,SLOW_SWEEP,0x16,large_room|slow_turn|portal_view,2016,2016,61.5234375,16.253968253968253,6,0.18310546875,2010,61.34033203125,0,0.0,896,781,3.5,3.05078125,3,3,6442,141.5478515625,0,0,100,80,20,3,3,2,0x00,0,0,0,0,0,0,1,1,0,1,0,0,0,,,,,,,,,,,,,,,
74,2.5,150304,4586.9140625,4.5869140625,3,SLOW_SWEEP,0x16,large_room|slow_turn|portal_view,2051,2051,62.591552734375,15.976596782057532,6,0.18310546875,2044,62.3779296875,1,0.030517578125,896,781,3.5,3.05078125,3,3,6544,143.7890625,0,1,100,80,20,3,3,2,0x04,0,0,0,1,0,0,1,1,0,1,0,0,0,,,,,,,,,,,,,,,
75,2.533333333333333,152355,4649.505615234375,4.649505615234375,3,SLOW_SWEEP,0x16,large_room|slow_turn|portal_view,2051,2051,62.591552734375,15.976596782057532,5,0.152587890625,2045,62.408447265625,1,0.030517578125,896,781,3.5,3.05078125,3,3,6544,143.7890625,0,0,100,80,20,3,3,2,0x00,0,0,0,0,0,0,1,1,0,1,0,0,0,,,,,,,,,,,,,,,
76,2.566666666666667,154428,4712.7685546875,4.7127685546875,3,SLOW_SWEEP,0x16,large_room|slow_turn|portal_view,2073,2073,63.262939453125,15.80704293294742,6,0.18310546875,2066,63.04931640625,1,0.030517578125,896,781,3.5,3.05078125,3,3,6646,146.0302734375,0,1,98,80,18,2,2,1,0x04,0,0,0,1,0,0,1,1,0,1,0,0,0,,,,,,,,,,,,,,,
77,2.6,156501,4776.031494140625,4.776031494140625,3,SLOW_SWEEP,0x16,large_room|slow_turn|portal_view,2073,2073,63.262939453125,15.80704293294742,6,0.18310546875,2066,63.04931640625,1,0.030517578125,896,781,3.5,3.05078125,3,3,6646,146.0302734375,0,0,98,80,18,2,2,1,0x00,0,0,0,0,0,0,1,1,0,1,0,0,0,,,,,,,,,,,,,,,
78,2.6333333333333333,158598,4840.02685546875,4.84002685546875,3,SLOW_SWEEP,0x16,large_room|slow_turn|portal_view,2097,2097,63.995361328125,15.626132570338578,6,0.18310546875,2091,63.812255859375,0,0.0,896,781,3.5,3.05078125,3,3,6748,148.271484375,0,1,101,80,21,3,3,2,0x04,0,0,0,1,0,0,1,1,0,1,0,0,0,,,,,,,,,,,,,,,
79,2.6666666666666665,160695,4904.022216796875,4.904022216796875,3,SLOW_SWEEP,0x16,large_room|slow_turn|portal_view,2097,2097,63.995361328125,15.626132570338578,6,0.18310546875,2091,63.812255859375,0,0.0,896,781,3.5,3.05078125,3,3,6748,148.271484375,0,0,101,80,21,3,3,2,0x00,0,0,0,0,0,0,1,1,0,1,0,0,0,,,,,,,,,,,,,,,
80,2.7,162824,4968.994140625,4.968994140625,3,SLOW_SWEEP,0x16,large_room|slow_turn|portal_view,2129,2129,64.971923828125,15.391263503992485,6,0.18310546875,2122,64.75830078125,1,0.030517578125,896,781,3.5,3.05078125,3,3,6850,150.5126953125,0,1,104,80,24,3,3,2,0x04,0,0,0,1,0,0,1,1,0,1,0,0,0,,,,,,,,,,,,,,,
81,2.7333333333333334,164953,5033.966064453125,5.033966064453125,3,SLOW_SWEEP,0x16,large_room|slow_turn|portal_view,2129,2129,64.971923828125,15.391263503992485,6,0.18310546875,2123,64.788818359375,0,0.0,896,781,3.5,3.05078125,3,3,6850,150.5126953125,0,0,104,80,24,3,3,2,0x00,0,0,0,0,0,0,1,1,0,1,0,0,0,,,,,,,,,,,,,,,
82,2.7666666666666666,167092,5099.2431640625,5.0992431640625,3,SLOW_SWEEP,0x16,large_room|slow_turn|portal_view,2139,2139,65.277099609375,15.319308087891539,5,0.152587890625,2134,65.12451171875,0,0.0,896,781,3.5,3.05078125,3,3,6952,152.75390625,0,1,105,80,25,2,2,1,0x04,0,0,0,1,0,0,1,1,0,1,0,0,0,,,,,,,,,,,,,,,
83,2.8,169232,5164.55078125,5.16455078125,3,SLOW_SWEEP,0x16,large_room|slow_turn|portal_view,2140,2140,65.3076171875,15.312149532710281,6,0.18310546875,2133,65.093994140625,1,0.030517578125,896,781,3.5,3.05078125,3,3,6952,152.75390625,0,0,105,80,25,2,2,1,0x00,0,0,0,0,0,0,1,1,0,1,0,0,0,,,,,,,,,,,,,,,
84,2.8333333333333335,171404,5230.8349609375,5.2308349609375,3,SLOW_SWEEP,0x16,large_room|slow_turn|portal_view,2172,2172,66.2841796875,15.086556169429098,5,0.152587890625,2166,66.10107421875,1,0.030517578125,896,781,3.5,3.05078125,3,3,7054,154.9951171875,0,1,109,80,29,3,3,2,0x04,0,0,0,1,0,0,1,1,0,1,0,0,0,,,,,,,,,,,,,,,
85,2.8666666666666667,173576,5297.119140625,5.297119140625,3,SLOW_SWEEP,0x16,large_room|slow_turn|portal_view,2172,2172,66.2841796875,15.086556169429098,5,0.152587890625,2167,66.131591796875,0,0.0,896,781,3.5,3.05078125,3,3,7054,154.9951171875,0,0,109,80,29,3,3,2,0x00,0,0,0,0,0,0,1,1,0,1,0,0,0,,,,,,,,,,,,,,,
86,2.9,175769,5364.044189453125,5.364044189453125,3,SLOW_SWEEP,0x16,large_room|slow_turn|portal_view,2193,2193,66.925048828125,14.942088463292293,5,0.152587890625,2187,66.741943359375,1,0.030517578125,896,781,3.5,3.05078125,3,3,7156,157.236328125,0,1,111,80,31,2,2,1,0x04,0,0,0,1,0,0,1,1,0,1,0,0,0,,,,,,,,,,,,,,,
87,2.933333333333333,177962,5430.96923828125,5.43096923828125,3,SLOW_SWEEP,0x16,large_room|slow_turn|portal_view,2193,2193,66.925048828125,14.942088463292293,5,0.152587890625,2187,66.741943359375,1,0.030517578125,896,781,3.5,3.05078125,3,3,7156,157.236328125,0,0,111,80,31,2,2,1,0x00,0,0,0,0,0,0,1,1,0,1,0,0,0,,,,,,,,,,,,,,,
88,2.966666666666667,180187,5498.870849609375,5.498870849609375,3,SLOW_SWEEP,0x16,large_room|slow_turn|portal_view,2225,2225,67.901611328125,14.727191011235956,5,0.152587890625,2220,67.7490234375,0,0.0,896,781,3.5,3.05078125,3,3,7258,159.4775390625,0,1,115,80,35,3,3,2,0x04,0,0,0,1,0,0,1,1,0,1,0,0,0,,,,,,,,,,,,,,,
89,3.0,182414,5566.83349609375,5.56683349609375,3,SLOW_SWEEP,0x16,large_room|slow_turn|portal_view,2227,2227,67.962646484375,14.713964975303098,6,0.18310546875,2220,67.7490234375,1,0.030517578125,896,781,3.5,3.05078125,3,3,7258,159.4775390625,0,0,115,80,35,3,3,2,0x00,0,0,0,0,0,0,1,1,0,1,0,0,0,,,,,,,,,,,,,,,
90,3.033333333333333,184673,5635.772705078125,5.635772705078125,3,SLOW_SWEEP,0x16,large_room|slow_turn|portal_view,2259,2259,68.939208984375,14.505533421868083,5,0.152587890625,2253,68.756103515625,1,0.030517578125,896,781,3.5,3.05078125,3,3,7360,161.71875,0,1,119,80,39,3,3,2,0x04,0,0,0,1,0,0,1,1,0,1,0,0,0,,,,,,,,,,,,,,,
91,3.066666666666667,186931,5704.681396484375,5.704681396484375,3,SLOW_SWEEP,0x16,large_room|slow_turn|portal_view,2258,2258,68.90869140625,14.511957484499558,5,0.152587890625,2253,68.756103515625,0,0.0,896,781,3.5,3.05078125,3,3,7360,161.71875,0,0,119,80,39,3,3,2,0x00,0,0,0,0,0,0,1,1,0,1,0,0,0,,,,,,,,,,,,,,,
92,3.1,189216,5774.4140625,5.7744140625,3,SLOW_SWEEP,0x16,large_room|slow_turn|portal_view,2285,2285,69.732666015625,14.340481400437637,6,0.18310546875,2279,69.549560546875,0,0.0,896,781,3.5,3.05078125,3,3,7462,163.9599609375,0,1,122,80,42,3,3,2,0x04,0,0,0,1,0,0,1,1,0,1,0,0,0,,,,,,,,,,,,,,,
93,3.1333333333333333,191501,5844.146728515625,5.844146728515625,3,SLOW_SWEEP,0x16,large_room|slow_turn|portal_view,2285,2285,69.732666015625,14.340481400437637,6,0.18310546875,2279,69.549560546875,0,0.0,896,781,3.5,3.05078125,3,3,7462,163.9599609375,0,0,122,80,42,3,3,2,0x00,0,0,0,0,0,0,1,1,0,1,0,0,0,,,,,,,,,,,,,,,
94,3.1666666666666665,193797,5914.215087890625,5.914215087890625,3,SLOW_SWEEP,0x16,large_room|slow_turn|portal_view,2296,2296,70.068359375,14.27177700348432,5,0.152587890625,2290,69.88525390625,1,0.030517578125,896,781,3.5,3.05078125,3,3,7564,166.201171875,0,1,123,80,43,2,2,1,0x04,0,0,0,1,0,0,1,1,0,1,0,0,0,,,,,,,,,,,,,,,
95,3.2,196094,5984.31396484375,5.98431396484375,3,SLOW_SWEEP,0x16,large_room|slow_turn|portal_view,2297,2297,70.098876953125,14.265563778841967,6,0.18310546875,2290,69.88525390625,1,0.030517578125,896,781,3.5,3.05078125,3,3,7564,166.201171875,0,0,123,80,43,2,2,1,0x00,0,0,0,0,0,0,1,1,0,1,0,0,0,,,,,,,,,,,,,,,
96,3.2333333333333334,198429,6055.572509765625,6.055572509765625,3,SLOW_SWEEP,0x16,large_room|slow_turn|portal_view,2335,2335,71.258544921875,14.03340471092077,5,0.152587890625,2329,71.075439453125,1,0.030517578125,896,781,3.5,3.05078125,3,3,7666,168.4423828125,0,1,127,80,47,3,3,2,0x04,0,0,0,1,0,0,1,1,0,1,0,0,0,,,,,,,,,,,,,,,
97,3.2666666666666666,200764,6126.8310546875,6.1268310546875,3,SLOW_SWEEP,0x16,large_room|slow_turn|portal_view,2335,2335,71.258544921875,14.03340471092077,6,0.18310546875,2329,71.075439453125,0,0.0,896,781,3.5,3.05078125,3,3,7666,168.4423828125,0,0,127,80,47,3,3,2,0x00,0,0,0,0,0,0,1,1,0,1,0,0,0,,,,,,,,,,,,,,,
98,3.3,203102,6198.18115234375,6.19818115234375,3,SLOW_SWEEP,0x16,large_room|slow_turn|portal_view,2338,2338,71.35009765625,14.015397775876817,6,0.18310546875,2332,71.1669921875,0,0.0,896,781,3.5,3.05078125,3,3,7768,170.68359375,0,1,127,80,47,2,2,1,0x04,0,0,0,1,0,0,1,1,0,1,0,0,0,,,,,,,,,,,,,,,
99,3.3333333333333335,205442,6269.59228515625,6.26959228515625,3,SLOW_SWEEP,0x16,large_room|slow_turn|portal_view,2340,2340,71.4111328125,14.003418803418803,6,0.18310546875,2333,71.197509765625,1,0.030517578125,896,781,3.5,3.05078125,3,3,7768,170.68359375,0,0,127,80,47,2,2,1,0x00,0,0,0,0,0,0,1,1,0,1,0,0,0,,,,,,,,,,,,,,,
100,3.3666666666666667,207781,6340.972900390625,6.340972900390625,3,SLOW_SWEEP,0x16,large_room|slow_turn|portal_view,2339,2339,71.380615234375,14.009405728943992,6,0.18310546875,2332,71.1669921875,1,0.030517578125,896,781,3.5,3.05078125,3,3,7870,172.9248046875,0,1,128,80,48,3,3,2,0x04,0,0,0,1,0,0,1,1,0,1,0,0,0,,,,,,,,,,,,,,,
101,3.4,210120,6412.353515625,6.412353515625,3,SLOW_SWEEP,0x16,large_room|slow_turn|portal_view,2339,2339,71.380615234375,14.009405728943992,6,0.18310546875,2333,71.197509765625,0,0.0,896,781,3.5,3.05078125,3,3,7870,172.9248046875,0,0,128,80,48,3,3,2,0x00,0,0,0,0,0,0,1,1,0,1,0,0,0,,,,,,,,,,,,,,,
102,3.433333333333333,212468,6484.0087890625,6.4840087890625,3,SLOW_SWEEP,0x16,large_room|slow_turn|portal_view,2348,2348,71.6552734375,13.955706984667803,5,0.152587890625,2343,71.502685546875,0,0.0,896,781,3.5,3.05078125,3,3,7972,175.166015625,0,1,129,80,49,3,3,2,0x06,1,0,0,1,0,0,1,1,0,1,0,0,0,72.235107421875,18.5546875,0.0,25.390625,10.7421875,7.8125,4.21142578125,5.523681640625,49,79,50,50,50,1498,632
103,3.466666666666667,214817,6555.694580078125,6.555694580078125,3,SLOW_SWEEP,0x16,large_room|slow_turn|portal_view,2349,2349,71.685791015625,13.949765857811835,6,0.18310546875,2342,71.47216796875,1,0.030517578125,896,781,3.5,3.05078125,3,3,7972,175.166015625,0,0,129,80,49,3,3,2,0x00,0,0,0,0,0,0,1,1,0,1,0,0,0,,,,,,,,,,,,,,,
104,3.5,217133,6626.373291015625,6.626373291015625,3,SLOW_SWEEP,0x16,large_room|slow_turn|portal_view,2316,2316,70.6787109375,14.14853195164076,6,0.18310546875,2309,70.465087890625,1,0.030517578125,896,781,3.5,3.05078125,3,3,8074,177.4072265625,0,1,125,80,45,2,2,1,0x04,0,0,0,1,0,0,1,1,0,1,0,0,0,,,,,,,,,,,,,,,
105,3.533333333333333,219448,6697.021484375,6.697021484375,3,SLOW_SWEEP,0x16,large_room|slow_turn|portal_view,2315,2315,70.648193359375,14.154643628509719,6,0.18310546875,2308,70.4345703125,1,0.030517578125,896,781,3.5,3.05078125,3,3,8074,177.4072265625,0,0,125,80,45,2,2,1,0x00,0,0,0,0,0,0,1,1,0,1,0,0,0,,,,,,,,,,,,,,,
106,3.566666666666667,221711,6766.082763671875,6.766082763671875,3,SLOW_SWEEP,0x16,large_room|slow_turn|portal_view,2263,2263,69.061279296875,14.479893946089263,6,0.18310546875,2257,68.878173828125,0,0.0,896,781,3.5,3.05078125,3,3,8176,179.6484375,0,1,121,80,41,2,2,1,0x04,0,0,0,1,0,0,1,1,0,1,0,0,0,,,,,,,,,,,,,,,
107,3.6,223975,6835.174560546875,6.835174560546875,3,SLOW_SWEEP,0x16,large_room|slow_turn|portal_view,2264,2264,69.091796875,14.473498233215548,6,0.18310546875,2257,68.878173828125,1,0.030517578125,896,781,3.5,3.05078125,3,3,8176,179.6484375,0,0,121,80,41,2,2,1,0x08,0,0,0,0,1,0,1,1,0,1,0,0,0,,,,,,,,,,,,,,,
108,3.6333333333333333,226231,6904.022216796875,6.904022216796875,4,FAST_SWEEP,0x9A,large_room|fast_turn|portal_view|stress,2256,2256,68.84765625,14.52482269503546,6,0.18310546875,2249,68.634033203125,1,0.030517578125,896,781,3.5,3.05078125,3,3,8278,181.8896484375,0,1,118,80,38,2,2,1,0x04,0,0,0,1,0,0,1,0,1,1,0,0,1,,,,,,,,,,,,,,,
109,3.6666666666666665,228471,6972.381591796875,6.972381591796875,4,FAST_SWEEP,0x9A,large_room|fast_turn|portal_view|stress,2240,2240,68.359375,14.628571428571428,6,0.18310546875,2233,68.145751953125,1,0.030517578125,896,781,3.5,3.05078125,3,3,8380,184.130859375,0,1,116,80,36,2,2,1,0x04,0,0,0,1,0,0,1,0,1,1,0,0,1,,,,,,,,,,,,,,,
110,3.7,230639,7038.543701171875,7.038543701171875,4,FAST_SWEEP,0x9A,large_room|fast_turn|portal_view|stress,2168,2168,66.162109375,15.114391143911439,6,0.18310546875,2162,65.97900390625,0,0.0,896,781,3.5,3.05078125,3,3,8482,186.3720703125,0,1,112,80,32,2,2,1,0x04,0,0,0,1,0,0,1,0,1,1,0,0,1,,,,,,,,,,,,,,,
111,3.7333333333333334,232789,7104.156494140625,7.104156494140625,4,FAST_SWEEP,0x9A,large_room|fast_turn|portal_view|stress,2150,2150,65.61279296875,15.24093023255814,5,0.152587890625,2144,65.4296875,1,0.030517578125,896,781,3.5,3.05078125,3,3,8584,188.61328125,0,1,109,80,29,2,2,1,0x04,0,0,0,1,0,0,1,0,1,1,0,0,1,,,,,,,,,,,,,,,
112,3.7666666666666666,234873,7167.755126953125,7.167755126953125,4,FAST_SWEEP,0x9A,large_room|fast_turn|portal_view|stress,2084,2084,63.5986328125,15.723608445297504,6,0.18310546875,2078,63.41552734375,0,0.0,896,781,3.5,3.05078125,3,3,8686,190.8544921875,0,1,105,80,25,2,2,1,0x04,0,0,0,1,0,0,1,0,1,1,0,0,1,,,,,,,,,,,,,,,
113,3.8,236912,7229.98046875,7.22998046875,4,FAST_SWEEP,0x9A,large_room|fast_turn|portal_view|stress,2039,2039,62.225341796875,16.070622854340364,5,0.152587890625,2033,62.042236328125,1,0.030517578125,896,781,3.5,3.05078125,3,3,8788,193.095703125,0,1,104,80,24,2,2,1,0x04,0,0,0,1,0,0,1,0,1,1,0,0,1,,,,,,,,,,,,,,,
114,3.8333333333333335,238940,7291.8701171875,7.2918701171875,4,FAST_SWEEP,0x9A,large_room|fast_turn|portal_view|stress,2028,2028,61.8896484375,16.157790927021697,5,0.152587890625,2022,61.70654296875,1,0.030517578125,896,781,3.5,3.05078125,3,3,8890,195.3369140625,0,1,103,80,23,2,2,1,0x04,0,0,0,1,0,0,1,0,1,1,0,0,1,,,,,,,,,,,,,,,
115,3.8666666666666667,240938,7352.84423828125,7.35284423828125,4,FAST_SWEEP,0x9A,large_room|fast_turn|portal_view|stress,1998,1998,60.97412109375,16.4004004004004,5,0.152587890625,1992,60.791015625,1,0.030517578125,896,781,3.5,3.05078125,3,3,8992,197.578125,0,1,104,80,24,2,2,1,0x04,0,0,0,1,0,0,1,0,1,1,0,0,1,,,,,,,,,,,,,,,
116,3.9,242894,7412.53662109375,7.41253662109375,4,FAST_SWEEP,0x9A,large_room|fast_turn|portal_view|stress,1956,1956,59.6923828125,16.752556237218815,6,0.18310546875,1949,59.478759765625,1,0.030517578125,896,781,3.5,3.05078125,3,3,9094,199.8193359375,0,1,103,80,23,2,2,1,0x04,0,0,0,1,0,0,1,0,1,1,0,0,1,,,,,,,,,,,,,,,
117,3.933333333333333,244820,7471.3134765625,7.4713134765625,4,FAST_SWEEP,0x9A,large_room|fast_turn|portal_view|stress,1926,1926,58.77685546875,17.0134994807892,6,0.18310546875,1920,58.59375,0,0.0,896,781,3.5,3.05078125,3,3,9196,202.060546875,0,1,104,80,24,2,2,1,0x04,0,0,0,1,0,0,1,0,1,1,0,0,1,,,,,,,,,,,,,,,
118,3.966666666666667,246713,7529.083251953125,7.529083251953125,4,FAST_SWEEP,0x9A,large_room|fast_turn|portal_view|stress,1893,1893,57.769775390625,17.310089804543054,5,0.152587890625,1888,57.6171875,0,0.0,896,781,3.5,3.05078125,3,3,9298,204.3017578125,0,1,104,80,24,2,2,1,0x04,0,0,0,1,0,0,1,0,1,1,0,0,1,,,,,,,,,,,,,,,
119,4.0,248615,7587.127685546875,7.587127685546875,4,FAST_SWEEP,0x9A,large_room|fast_turn|portal_view|stress,1902,1902,58.04443359375,17.228180862250262,6,0.18310546875,1896,57.861328125,0,0.0,896,781,3.5,3.05078125,3,3,9400,206.54296875,0,1,105,80,25,2,2,1,0x04,0,0,0,1,0,0,1,0,1,1,0,0,1,,,,,,,,,,,,,,,
120,4.033333333333333,250490,7644.34814453125,7.64434814453125,4,FAST_SWEEP,0x9A,large_room|fast_turn|portal_view|stress,1875,1875,57.220458984375,17.476266666666668,6,0.18310546875,1868,57.0068359375,1,0.030517578125,896,781,3.5,3.05078125,3,3,9502,208.7841796875,0,1,106,80,26,2,2,1,0x04,0,0,0,1,0,0,1,0,1,1,0,0,1,,,,,,,,,,,,,,,
121,4.066666666666666,252319,7700.164794921875,7.700164794921875,4,FAST_SWEEP,0x9A,large_room|fast_turn|portal_view|stress,1829,1829,55.816650390625,17.91580098414434,6,0.18310546875,1822,55.60302734375,1,0.030517578125,896,781,3.5,3.05078125,3,3,9604,211.025390625,0,1,105,80,25,2,2,1,0x04,0,0,0,1,0,0,1,0,1,1,0,0,1,,,,,,,,,,,,,,,
122,4.1,254166,7756.53076171875,7.75653076171875,4,FAST_SWEEP,0x9A,large_room|fast_turn|portal_view|stress,1847,1847,56.365966796875,17.74120194910666,6,0.18310546875,1841,56.182861328125,0,0.0,896,781,3.5,3.05078125,3,3,9706,213.2666015625,0,1,107,80,27,2,2,1,0x04,0,0,0,1,0,0,1,0,1,1,0,0,1,,,,,,,,,,,,,,,
123,4.133333333333334,255969,7811.553955078125,7.811553955078125,4,FAST_SWEEP,0x9A,large_room|fast_turn|portal_view|stress,1803,1803,55.023193359375,18.174154187465337,6,0.18310546875,1797,54.840087890625,0,0.0,896,781,3.5,3.05078125,3,3,9808,215.5078125,0,1,106,80,26,2,2,1,0x04,0,0,0,1,0,0,1,0,1,1,0,0,1,,,,,,,,,,,,,,,
124,4.166666666666667,257752,7865.966796875,7.865966796875,4,FAST_SWEEP,0x9A,large_room|fast_turn|portal_view|stress,1783,1783,54.412841796875,18.37801458216489,6,0.18310546875,1777,54.229736328125,0,0.0,896,781,3.5,3.05078125,3,3,9910,217.7490234375,0,1,104,80,24,2,2,1,0x04,0,0,0,1,0,0,1,0,1,1,0,0,1,,,,,,,,,,,,,,,
125,4.2,259471,7918.426513671875,7.918426513671875,4,FAST_SWEEP,0x9A,large_room|fast_turn|portal_view|stress,1719,1719,52.459716796875,19.062245491564862,5,0.152587890625,1713,52.276611328125,1,0.030517578125,896,781,3.5,3.05078125,3,3,10012,219.990234375,0,1,101,80,21,2,2,1,0x04,0,0,0,1,0,0,1,0,1,1,0,0,1,,,,,,,,,,,,,,,
126,4.233333333333333,261136,7969.23828125,7.96923828125,4,FAST_SWEEP,0x9A,large_room|fast_turn|portal_view|stress,1665,1665,50.811767578125,19.68048048048048,6,0.18310546875,1659,50.628662109375,0,0.0,896,781,3.5,3.05078125,3,3,10114,222.2314453125,0,1,99,80,19,2,2,1,0x04,0,0,0,1,0,0,1,0,1,1,0,0,1,,,,,,,,,,,,,,,
127,4.266666666666667,262824,8020.751953125,8.020751953125,4,FAST_SWEEP,0x9A,large_room|fast_turn|portal_view|stress,1688,1688,51.513671875,19.412322274881518,5,0.152587890625,1683,51.361083984375,0,0.0,896,781,3.5,3.05078125,3,3,10216,224.47265625,0,1,102,80,22,4,4,3,0x04,0,0,0,1,0,0,1,0,1,1,0,0,1,,,,,,,,,,,,,,,
128,4.3,264527,8072.723388671875,8.072723388671875,4,FAST_SWEEP,0x9A,large_room|fast_turn|portal_view|stress,1703,1703,51.971435546875,19.241338813857897,5,0.152587890625,1697,51.788330078125,1,0.030517578125,896,781,3.5,3.05078125,3,3,10318,226.7138671875,0,1,103,80,23,4,4,3,0x04,0,0,0,1,0,0,1,0,1,1,0,0,1,,,,,,,,,,,,,,,
129,4.333333333333333,266246,8125.18310546875,8.12518310546875,4,FAST_SWEEP,0x9A,large_room|fast_turn|portal_view|stress,1719,1719,52.459716796875,19.062245491564862,6,0.18310546875,1712,52.24609375,1,0.030517578125,896,781,3.5,3.05078125,3,3,10420,228.955078125,0,1,104,80,24,4,4,3,0x04,0,0,0,1,0,0,1,0,1,1,0,0,1,,,,,,,,,,,,,,,
130,4.366666666666666,267953,8177.276611328125,8.177276611328125,4,FAST_SWEEP,0x9A,large_room|fast_turn|portal_view|stress,1707,1707,52.093505859375,19.196250732278852,6,0.18310546875,1700,51.8798828125,1,0.030517578125,896,781,3.5,3.05078125,3,3,10522,231.1962890625,0,1,103,80,23,4,4,3,0x04,0,0,0,1,0,0,1,0,1,1,0,0,1,,,,,,,,,,,,,,,
131,4.4,269697,8230.499267578125,8.230499267578125,4,FAST_SWEEP,0x9A,large_room|fast_turn|portal_view|stress,1744,1744,53.22265625,18.788990825688074,6,0.18310546875,1737,53.009033203125,1,0.030517578125,896,781,3.5,3.05078125,3,3,10624,233.4375,0,1,103,80,23,4,4,3,0x04,0,0,0,1,0,0,1,0,1,1,0,0,1,,,,,,,,,,,,,,,
132,4.433333333333334,271476,8284.7900390625,8.2847900390625,4,FAST_SWEEP,0x9A,large_room|fast_turn|portal_view|stress,1779,1779,54.290771484375,18.419336706014615,6,0.18310546875,1773,54.107666015625,0,0.0,896,781,3.5,3.05078125,3,3,10726,235.6787109375,0,1,103,80,23,4,4,3,0x04,0,0,0,1,0,0,1,0,1,1,0,0,1,,,,,,,,,,,,,,,
133,4.466666666666667,273306,8340.63720703125,8.34063720703125,4,FAST_SWEEP,0x9A,large_room|fast_turn|portal_view|stress,1830,1830,55.84716796875,17.90601092896175,5,0.152587890625,1825,55.694580078125,0,0.0,896,781,3.5,3.05078125,3,3,10828,237.919921875,0,1,105,80,25,4,4,3,0x04,0,0,0,1,0,0,1,0,1,1,0,0,1,,,,,,,,,,,,,,,
134,4.5,275198,8398.37646484375,8.39837646484375,4,FAST_SWEEP,0x9A,large_room|fast_turn|portal_view|stress,1892,1892,57.7392578125,17.31923890063425,5,0.152587890625,1887,57.586669921875,0,0.0,896,781,3.5,3.05078125,3,3,10930,240.1611328125,0,1,108,80,28,4,4,3,0x04,0,0,0,1,0,0,1,0,1,1,0,0,1,,,,,,,,,,,,,,,
135,4.533333333333333,277108,8456.6650390625,8.4566650390625,4,FAST_SWEEP,0x9A,large_room|fast_turn|portal_view|stress,1910,1910,58.28857421875,17.15602094240838,6,0.18310546875,1903,58.074951171875,1,0.030517578125,896,781,3.5,3.05078125,3,3,11032,242.40234375,0,1,110,80,30,4,4,3,0x04,0,0,0,1,0,0,1,0,1,1,0,0,1,,,,,,,,,,,,,,,
136,4.566666666666666,279065,8516.387939453125,8.516387939453125,4,FAST_SWEEP,0x9A,large_room|fast_turn|portal_view|stress,1957,1957,59.722900390625,16.743995912110375,6,0.18310546875,1950,59.50927734375,1,0.030517578125,896,781,3.5,3.05078125,3,3,11134,244.6435546875,0,1,111,80,31,4,4,3,0x04,0,0,0,1,0,0,1,0,1,1,0,0,1,,,,,,,,,,,,,,,
137,4.6,281094,8578.30810546875,8.57830810546875,4,FAST_SWEEP,0x9A,large_room|fast_turn|portal_view|stress,2029,2029,61.920166015625,16.149827501232135,6,0.18310546875,2023,61.737060546875,0,0.0,896,781,3.5,3.05078125,3,3,11236,246.884765625,0,1,115,80,35,4,4,3,0x04,0,0,0,1,0,0,1,0,1,1,0,0,1,,,,,,,,,,,,,,,
138,4.633333333333334,283197,8642.486572265625,8.642486572265625,4,FAST_SWEEP,0x9A,large_room|fast_turn|portal_view|stress,2103,2103,64.178466796875,15.581550166428912,5,0.152587890625,2097,63.995361328125,1,0.030517578125,896,781,3.5,3.05078125,3,3,11338,249.1259765625,0,1,119,80,39,4,4,3,0x04,0,0,0,1,0,0,1,0,1,1,0,0,1,,,,,,,,,,,,,,,
139,4.666666666666667,285338,8707.82470703125,8.70782470703125,4,FAST_SWEEP,0x9A,large_room|fast_turn|portal_view|stress,2141,2141,65.338134765625,15.30499766464269,6,0.18310546875,2134,65.12451171875,1,0.030517578125,896,781,3.5,3.05078125,3,3,11440,251.3671875,0,1,119,80,39,4,4,3,0x04,0,0,0,1,0,0,1,0,1,1,0,0,1,,,,,,,,,,,,,,,
140,4.7,287474,8773.01025390625,8.77301025390625,4,FAST_SWEEP,0x9A,large_room|fast_turn|portal_view|stress,2136,2136,65.185546875,15.340823970037453,6,0.18310546875,2129,64.971923828125,1,0.030517578125,896,781,3.5,3.05078125,3,3,11542,253.6083984375,0,1,119,80,39,4,4,3,0x04,0,0,0,1,0,0,1,0,1,1,0,0,1,,,,,,,,,,,,,,,
141,4.733333333333333,289624,8838.623046875,8.838623046875,4,FAST_SWEEP,0x9A,large_room|fast_turn|portal_view|stress,2150,2150,65.61279296875,15.24093023255814,6,0.18310546875,2144,65.4296875,0,0.0,896,781,3.5,3.05078125,3,3,11644,255.849609375,0,1,116,80,36,4,4,3,0x04,0,0,0,1,0,0,1,0,1,1,0,0,1,,,,,,,,,,,,,,,
142,4.766666666666667,291836,8906.1279296875,8.9061279296875,4,FAST_SWEEP,0x9A,large_room|fast_turn|portal_view|stress,2212,2212,67.5048828125,14.81374321880651,5,0.152587890625,2207,67.352294921875,0,0.0,896,781,3.5,3.05078125,3,3,11746,258.0908203125,0,1,119,80,39,4,4,3,0x04,0,0,0,1,0,0,1,0,1,1,0,0,1,,,,,,,,,,,,,,,
143,4.8,294044,8973.5107421875,8.9735107421875,4,FAST_SWEEP,0x9A,large_room|fast_turn|portal_view|stress,2208,2208,67.3828125,14.840579710144928,5,0.152587890625,2202,67.19970703125,1,0.030517578125,896,781,3.5,3.05078125,3,3,11848,260.33203125,0,1,119,80,39,4,4,3,0x04,0,0,0,1,0,0,1,0,1,1,0,0,1,,,,,,,,,,,,,,,
144,4.833333333333333,296255,9040.985107421875,9.040985107421875,4,FAST_SWEEP,0x9A,large_room|fast_turn|portal_view|stress,2211,2211,67.474365234375,14.820443238353686,6,0.18310546875,2205,67.291259765625,0,0.0,896,781,3.5,3.05078125,3,3,11950,262.5732421875,0,1,115,80,35,4,4,3,0x04,0,0,0,1,0,0,1,0,1,1,0,0,1,,,,,,,,,,,,,,,
145,4.866666666666666,298513,9109.893798828125,9.109893798828125,4,FAST_SWEEP,0x9A,large_room|fast_turn|portal_view|stress,2258,2258,68.90869140625,14.511957484499558,5,0.152587890625,2252,68.7255859375,1,0.030517578125,896,781,3.5,3.05078125,3,3,12052,264.814453125,0,1,117,80,37,4,4,3,0x04,0,0,0,1,0,0,1,0,1,1,0,0,1,,,,,,,,,,,,,,,
146,4.9,300777,9178.985595703125,9.178985595703125,4,FAST_SWEEP,0x9A,large_room|fast_turn|portal_view|stress,2264,2264,69.091796875,14.473498233215548,6,0.18310546875,2258,68.90869140625,0,0.0,896,781,3.5,3.05078125,3,3,12154,267.0556640625,0,1,118,80,38,4,4,3,0x06,1,0,0,1,0,0,1,0,1,1,0,0,1,69.4580078125,18.402099609375,0.0,25.32958984375,10.467529296875,6.622314453125,4.547119140625,4.08935546875,38,79,39,39,39,1933,689
147,4.933333333333334,303026,9247.61962890625,9.24761962890625,4,FAST_SWEEP,0x9A,large_room|fast_turn|portal_view|stress,2249,2249,68.634033203125,14.57003112494442,6,0.18310546875,2243,68.450927734375,0,0.0,896,781,3.5,3.05078125,3,3,12256,269.296875,0,1,117,80,37,4,4,3,0x0C,0,0,0,1,1,0,1,0,1,1,0,0,1,,,,,,,,,,,,,,,
148,4.966666666666667,305245,9315.338134765625,9.315338134765625,5,A_RETURN,0x72,large_room|portal_view|portal_approach|portal_cross,2219,2219,67.718505859375,14.767012167643083,14,0.42724609375,2204,67.2607421875,1,0.030517578125,896,762,3.5,2.9765625,3,2,12256,269.296875,1,0,117,80,37,4,4,3,0x04,0,0,0,1,0,0,1,0,0,1,1,1,0,,,,,,,,,,,,,,,
149,5.0,307504,9384.27734375,9.38427734375,5,A_RETURN,0x72,large_room|portal_view|portal_approach|portal_cross,2259,2259,68.939208984375,14.505533421868083,14,0.42724609375,2245,68.511962890625,0,0.0,896,743,3.5,2.90234375,3,2,12256,269.296875,1,0,122,80,42,4,4,3,0x04,0,0,0,1,0,0,1,0,0,1,1,1,0,,,,,,,,,,,,,,,
150,5.033333333333333,309786,9453.91845703125,9.45391845703125,5,A_RETURN,0x72,large_room|portal_view|portal_approach|portal_cross,2282,2282,69.64111328125,14.359333917616127,13,0.396728515625,2268,69.2138671875,1,0.030517578125,896,724,3.5,2.828125,3,2,12256,269.296875,1,0,125,80,45,4,4,3,0x04,0,0,0,1,0,0,1,0,0,1,1,1,0,,,,,,,,,,,,,,,
151,5.066666666666666,312085,9524.078369140625,9.524078369140625,5,A_RETURN,0x72,large_room|portal_view|portal_approach|portal_cross,2299,2299,70.159912109375,14.253153545019574,14,0.42724609375,2285,69.732666015625,0,0.0,896,705,3.5,2.75390625,3,2,12256,269.296875,1,0,126,80,46,4,4,3,0x04,0,0,0,1,0,0,1,0,0,1,1,1,0,,,,,,,,,,,,,,,
152,5.1,314392,9594.482421875,9.594482421875,5,A_RETURN,0x72,large_room|portal_view|portal_approach|portal_cross,2307,2307,70.404052734375,14.203727785002167,14,0.42724609375,2292,69.9462890625,1,0.030517578125,896,686,3.5,2.6796875,3,2,12256,269.296875,1,0,126,80,46,4,4,3,0x04,0,0,0,1,0,0,1,0,0,1,1,1,0,,,,,,,,,,,,,,,
153,5.133333333333334,316728,9665.771484375,9.665771484375,5,A_RETURN,0x72,large_room|portal_view|portal_approach|portal_cross,2336,2336,71.2890625,14.027397260273972,14,0.42724609375,2322,70.86181640625,0,0.0,896,667,3.5,2.60546875,3,2,12256,269.296875,1,0,129,80,49,4,4,3,0x04,0,0,0,1,0,0,1,0,0,1,1,1,0,,,,,,,,,,,,,,,
154,5.166666666666667,319089,9737.823486328125,9.737823486328125,5,A_RETURN,0x72,large_room|portal_view|portal_approach|portal_cross,2361,2361,72.052001953125,13.878864887759423,13,0.396728515625,2347,71.624755859375,1,0.030517578125,896,648,3.5,2.53125,3,2,12256,269.296875,1,0,131,80,51,4,4,3,0x04,0,0,0,1,0,0,1,0,0,1,1,1,0,,,,,,,,,,,,,,,
155,5.2,321484,9810.9130859375,9.8109130859375,5,A_RETURN,0x72,large_room|portal_view|portal_approach|portal_cross,2395,2395,73.089599609375,13.681837160751567,14,0.42724609375,2380,72.6318359375,1,0.030517578125,896,629,3.5,2.45703125,3,2,12256,269.296875,1,0,135,80,55,4,4,3,0x04,0,0,0,1,0,0,1,0,0,1,1,1,0,,,,,,,,,,,,,,,
156,5.233333333333333,323892,9884.3994140625,9.8843994140625,5,A_RETURN,0x72,large_room|portal_view|portal_approach|portal_cross,2408,2408,73.486328125,13.60797342192691,14,0.42724609375,2393,73.028564453125,1,0.030517578125,896,610,3.5,2.3828125,3,2,12256,269.296875,1,0,136,80,56,4,4,3,0x04,0,0,0,1,0,0,1,0,0,1,1,1,0,,,,,,,,,,,,,,,
157,5.266666666666667,326330,9958.80126953125,9.95880126953125,5,A_RETURN,0x72,large_room|portal_view|portal_approach|portal_cross,2438,2438,74.40185546875,13.440525020508614,13,0.396728515625,2424,73.974609375,1,0.030517578125,896,591,3.5,2.30859375,3,2,12256,269.296875,1,0,139,80,59,4,4,3,0x04,0,0,0,1,0,0,1,0,0,1,1,1,0,,,,,,,,,,,,,,,
158,5.3,328778,10033.50830078125,10.03350830078125,5,A_RETURN,0x72,large_room|portal_view|portal_approach|portal_cross,2448,2448,74.70703125,13.38562091503268,14,0.42724609375,2433,74.249267578125,1,0.030517578125,896,572,3.5,2.234375,3,2,12256,269.296875,1,0,139,80,59,4,4,3,0x04,0,0,0,1,0,0,1,0,0,1,1,1,0,,,,,,,,,,,,,,,
159,5.333333333333333,331281,10109.893798828125,10.109893798828125,5,A_RETURN,0x72,large_room|portal_view|portal_approach|portal_cross,2503,2503,76.385498046875,13.091490211745905,15,0.457763671875,2487,75.897216796875,1,0.030517578125,896,553,3.5,2.16015625,3,2,12256,269.296875,1,0,145,80,65,4,4,3,0x04,0,0,0,1,0,0,1,0,0,1,1,1,0,,,,,,,,,,,,,,,
160,5.366666666666666,333843,10188.079833984375,10.188079833984375,5,A_RETURN,0x72,large_room|portal_view|portal_approach|portal_cross,2562,2562,78.18603515625,12.790007806401249,14,0.42724609375,2548,77.7587890625,0,0.0,896,534,3.5,2.0859375,3,2,12256,269.296875,1,0,150,80,70,4,4,3,0x04,0,0,0,1,0,0,1,0,0,1,1,1,0,,,,,,,,,,,,,,,
161,5.4,336450,10267.63916015625,10.26763916015625,5,A_RETURN,0x72,large_room|portal_view|portal_approach|portal_cross,2607,2607,79.559326171875,12.569236670502493,14,0.42724609375,2592,79.1015625,1,0.030517578125,896,515,3.5,2.01171875,3,2,12256,269.296875,1,0,154,80,74,4,4,3,0x04,0,0,0,1,0,0,1,0,0,1,1,1,0,,,,,,,,,,,,,,,
162,5.433333333333334,339030,10346.37451171875,10.34637451171875,5,A_RETURN,0x72,large_room|portal_view|portal_approach|portal_cross,2580,2580,78.7353515625,12.70077519379845,15,0.457763671875,2565,78.277587890625,0,0.0,896,496,3.5,1.9375,3,1,12256,269.296875,1,0,159,80,79,4,4,3,0x04,0,0,0,1,0,0,1,0,0,1,1,1,0,,,,,,,,,,,,,,,
163,5.466666666666667,341620,10425.4150390625,10.4254150390625,5,A_RETURN,0x72,large_room|portal_view|portal_approach|portal_cross,2590,2590,79.04052734375,12.651737451737452,14,0.42724609375,2576,78.61328125,0,0.0,896,477,3.5,1.86328125,3,1,12256,269.296875,1,0,163,80,83,4,4,3,0x04,0,0,0,1,0,0,1,0,0,1,1,1,0,,,,,,,,,,,,,,,
164,5.5,344245,10505.523681640625,10.505523681640625,5,A_RETURN,0x72,large_room|portal_view|portal_approach|portal_cross,2625,2625,80.108642578125,12.48304761904762,14,0.42724609375,2610,79.65087890625,1,0.030517578125,896,458,3.5,1.7890625,3,1,12256,269.296875,1,0,169,80,89,4,4,3,0x04,0,0,0,1,0,0,1,0,0,1,1,1,0,,,,,,,,,,,,,,,
165,5.533333333333333,346894,10586.36474609375,10.58636474609375,5,A_RETURN,0x72,large_room|portal_view|portal_approach|portal_cross,2649,2649,80.841064453125,12.369950924877312,14,0.42724609375,2635,80.413818359375,0,0.0,896,439,3.5,1.71484375,3,1,12256,269.296875,1,0,174,80,94,4,4,3,0x06,1,0,0,1,0,0,1,0,0,1,1,1,0,82.244873046875,19.4091796875,0.0,22.796630859375,14.312744140625,13.153076171875,3.204345703125,9.368896484375,94,70,104,104,104,1316,1060
166,5.566666666666666,349505,10666.046142578125,10.666046142578125,5,A_RETURN,0x72,large_room|portal_view|portal_approach|portal_cross,2611,2611,79.681396484375,12.549980850248946,14,0.42724609375,2596,79.2236328125,1,0.030517578125,896,420,3.5,1.640625,3,1,12256,269.296875,1,0,175,80,95,4,4,3,0x04,0,0,0,1,0,0,1,0,0,1,1,1,0,,,,,,,,,,,,,,,
167,5.6,352094,10745.05615234375,10.74505615234375,5,A_RETURN,0x72,large_room|portal_view|portal_approach|portal_cross,2589,2589,79.010009765625,12.656624179219776,14,0.42724609375,2575,78.582763671875,0,0.0,896,401,3.5,1.56640625,3,1,12256,269.296875,1,0,175,80,95,4,4,3,0x04,0,0,0,1,0,0,1,0,0,1,1,1,0,,,,,,,,,,,,,,,
168,5.633333333333334,354659,10823.333740234375,10.823333740234375,5,A_RETURN,0x72,large_room|portal_view|portal_approach|portal_cross,2565,2565,78.277587890625,12.77504873294347,14,0.42724609375,2551,77.850341796875,0,0.0,896,382,3.5,1.4921875,3,1,12256,269.296875,1,0,174,80,94,4,4,3,0x04,0,0,0,1,0,0,1,0,0,1,1,1,0,,,,,,,,,,,,,,,
169,5.666666666666667,357242,10902.16064453125,10.90216064453125,5,A_RETURN,0x72,large_room|portal_view|portal_approach|portal_cross,2583,2583,78.826904296875,12.686024003097174,13,0.396728515625,2569,78.399658203125,1,0.030517578125,896,363,3.5,1.41796875,3,1,12256,269.296875,1,0,175,80,95,4,4,3,0x04,0,0,0,1,0,0,1,0,0,1,1,1,0,,,,,,,,,,,,,,,
170,5.7,359827,10981.048583984375,10.981048583984375,5,A_RETURN,0x72,large_room|portal_view|portal_approach|portal_cross,2585,2585,78.887939453125,12.676208897485493,14,0.42724609375,2571,78.460693359375,0,0.0,896,344,3.5,1.34375,3,1,12256,269.296875,1,0,175,80,95,4,4,3,0x04,0,0,0,1,0,0,1,0,0,1,1,1,0,,,,,,,,,,,,,,,
171,5.733333333333333,362424,11060.302734375,11.060302734375,5,A_RETURN,0x72,large_room|portal_view|portal_approach|portal_cross,2597,2597,79.254150390625,12.617635733538698,13,0.396728515625,2584,78.857421875,0,0.0,896,325,3.5,1.26953125,3,1,12256,269.296875,1,0,177,80,97,4,4,3,0x04,0,0,0,1,0,0,1,0,0,1,1,1,0,,,,,,,,,,,,,,,
172,5.766666666666667,365016,11139.404296875,11.139404296875,5,A_RETURN,0x72,large_room|portal_view|portal_approach|portal_cross,2592,2592,79.1015625,12.641975308641975,13,0.396728515625,2578,78.67431640625,1,0.030517578125,896,306,3.5,1.1953125,3,1,12256,269.296875,1,0,176,80,96,4,4,3,0x04,0,0,0,1,0,0,1,0,0,1,1,1,0,,,,,,,,,,,,,,,
173,5.8,367500,11215.2099609375,11.2152099609375,5,A_RETURN,0x72,large_room|portal_view|portal_approach|portal_cross,2484,2484,75.8056640625,13.191626409017713,18,0.54931640625,2466,75.25634765625,0,0.0,320,640,1.25,2.5,1,2,16352,359.296875,1,0,105,80,25,3,3,2,0x05,0,0,1,1,0,0,1,0,0,1,1,1,0,,,,,,,,,,,,,,,
174,5.833333333333333,369972,11290.6494140625,11.2906494140625,5,A_RETURN,0x72,large_room|portal_view|portal_approach|portal_cross,2472,2472,75.439453125,13.255663430420713,15,0.457763671875,2457,74.981689453125,0,0.0,339,640,1.32421875,2.5,1,2,16352,359.296875,1,0,104,80,24,3,3,2,0x04,0,0,0,1,0,0,1,0,0,1,1,1,0,,,,,,,,,,,,,,,
175,5.866666666666666,372422,11365.41748046875,11.36541748046875,5,A_RETURN,0x72,large_room|portal_view|portal_approach|portal_cross,2450,2450,74.76806640625,13.374693877551021,15,0.457763671875,2434,74.27978515625,1,0.030517578125,358,640,1.3984375,2.5,1,2,16352,359.296875,1,0,101,80,21,3,3,2,0x0C,0,0,0,1,1,0,1,0,0,1,1,1,0,,,,,,,,,,,,,,,
176,5.9,374865,11439.971923828125,11.439971923828125,6,B_APPROACH,0x22,large_room|portal_approach,2443,2443,74.554443359375,13.41301678264429,6,0.18310546875,2437,74.371337890625,0,0.0,358,640,1.3984375,2.5,1,2,70,1.5380859375,0,1,100,80,20,3,3,2,0x06,1,0,0,1,0,0,1,0,0,0,1,0,0,74.615478515625,18.1884765625,0.0,36.19384765625,9.82666015625,4.730224609375,3.72314453125,1.953125,20,79,21,21,21,673,1066
177,5.933333333333334,377274,11513.48876953125,11.51348876953125,6,B_APPROACH,0x22,large_room|portal_approach,2409,2409,73.516845703125,13.602324616023246,6,0.18310546875,2402,73.30322265625,1,0.030517578125,358,640,1.3984375,2.5,1,2,172,3.779296875,0,1,96,80,16,3,3,2,0x04,0,0,0,1,0,0,1,0,0,0,1,0,0,,,,,,,,,,,,,,,
178,5.966666666666667,379685,11587.066650390625,11.587066650390625,6,B_APPROACH,0x22,large_room|portal_approach,2411,2411,73.577880859375,13.591041061800082,6,0.18310546875,2405,73.394775390625,0,0.0,358,640,1.3984375,2.5,1,2,274,6.0205078125,0,1,96,80,16,3,3,2,0x04,0,0,0,1,0,0,1,0,0,0,1,0,0,,,,,,,,,,,,,,,
179,6.0,382104,11660.888671875,11.660888671875,6,B_APPROACH,0x22,large_room|portal_approach,2419,2419,73.822021484375,13.546093427035965,5,0.152587890625,2414,73.66943359375,0,0.0,358,640,1.3984375,2.5,1,2,376,8.26171875,0,1,96,80,16,3,3,2,0x04,0,0,0,1,0,0,1,0,0,0,1,0,0,,,,,,,,,,,,,,,
180,6.033333333333333,384520,11734.619140625,11.734619140625,6,B_APPROACH,0x22,large_room|portal_approach,2416,2416,73.73046875,13.562913907284768,6,0.18310546875,2409,73.516845703125,1,0.030517578125,358,640,1.3984375,2.5,1,2,478,10.5029296875,0,1,95,80,15,3,3,2,0x04,0,0,0,1,0,0,1,0,0,0,1,0,0,,,,,,,,,,,,,,,
181,6.066666666666666,386932,11808.2275390625,11.8082275390625,6,B_APPROACH,0x22,large_room|portal_approach,2412,2412,73.6083984375,13.585406301824213,6,0.18310546875,2405,73.394775390625,1,0.030517578125,358,640,1.3984375,2.5,1,2,580,12.744140625,0,1,95,80,15,3,3,2,0x04,0,0,0,1,0,0,1,0,0,0,1,0,0,,,,,,,,,,,,,,,
182,6.1,389312,11880.859375,11.880859375,6,B_APPROACH,0x22,large_room|portal_approach,2380,2380,72.6318359375,13.768067226890757,6,0.18310546875,2374,72.44873046875,0,0.0,358,640,1.3984375,2.5,1,2,682,14.9853515625,0,1,91,80,11,3,3,2,0x04,0,0,0,1,0,0,1,0,0,0,1,0,0,,,,,,,,,,,,,,,
183,6.133333333333334,391688,11953.369140625,11.953369140625,6,B_APPROACH,0x22,large_room|portal_approach,2376,2376,72.509765625,13.79124579124579,5,0.152587890625,2370,72.32666015625,1,0.030517578125,358,640,1.3984375,2.5,1,2,784,17.2265625,0,1,91,80,11,3,3,2,0x04,0,0,0,1,0,0,1,0,0,0,1,0,0,,,,,,,,,,,,,,,
184,6.166666666666667,394045,12025.299072265625,12.025299072265625,6,B_APPROACH,0x22,large_room|portal_approach,2357,2357,71.929931640625,13.902418328383538,6,0.18310546875,2351,71.746826171875,0,0.0,358,640,1.3984375,2.5,1,2,886,19.4677734375,0,1,89,80,9,3,3,2,0x04,0,0,0,1,0,0,1,0,0,0,1,0,0,,,,,,,,,,,,,,,
185,6.2,396376,12096.435546875,12.096435546875,6,B_APPROACH,0x22,large_room|portal_approach,2331,2331,71.136474609375,14.057486057486058,5,0.152587890625,2326,70.98388671875,0,0.0,358,640,1.3984375,2.5,1,2,988,21.708984375,0,1,85,80,5,2,2,1,0x04,0,0,0,1,0,0,1,0,0,0,1,0,0,,,,,,,,,,,,,,,
186,6.233333333333333,398701,12167.388916015625,12.167388916015625,6,B_APPROACH,0x22,large_room|portal_approach,2325,2325,70.953369140625,14.093763440860215,6,0.18310546875,2319,70.770263671875,0,0.0,358,640,1.3984375,2.5,1,2,1090,23.9501953125,0,1,85,80,5,2,2,1,0x04,0,0,0,1,0,0,1,0,0,0,1,0,0,,,,,,,,,,,,,,,
187,6.266666666666667,401032,12238.525390625,12.238525390625,6,B_APPROACH,0x22,large_room|portal_approach,2331,2331,71.136474609375,14.057486057486058,5,0.152587890625,2325,70.953369140625,1,0.030517578125,358,640,1.3984375,2.5,1,2,1192,26.19140625,0,1,85,80,5,2,2,1,0x04,0,0,0,1,0,0,1,0,0,0,1,0,0,,,,,,,,,,,,,,,
188,6.3,403400,12310.791015625,12.310791015625,6,B_APPROACH,0x22,large_room|portal_approach,2368,2368,72.265625,13.837837837837839,6,0.18310546875,2361,72.052001953125,1,0.030517578125,358,640,1.3984375,2.5,1,2,1294,28.4326171875,0,1,85,80,5,2,2,1,0x04,0,0,0,1,0,0,1,0,0,0,1,0,0,,,,,,,,,,,,,,,
189,6.333333333333333,405764,12382.9345703125,12.3829345703125,6,B_APPROACH,0x22,large_room|portal_approach,2364,2364,72.1435546875,13.861252115059221,6,0.18310546875,2358,71.96044921875,0,0.0,358,640,1.3984375,2.5,1,2,1396,30.673828125,0,1,85,80,5,2,2,1,0x04,0,0,0,1,0,0,1,0,0,0,1,0,0,,,,,,,,,,,,,,,
190,6.366666666666666,408126,12455.01708984375,12.45501708984375,6,B_APPROACH,0x22,large_room|portal_approach,2362,2362,72.08251953125,13.872988992379339,5,0.152587890625,2357,71.929931640625,0,0.0,358,640,1.3984375,2.5,1,2,1498,32.9150390625,0,1,85,80,5,2,2,1,0x04,0,0,0,1,0,0,1,0,0,0,1,0,0,,,,,,,,,,,,,,,
191,6.4,410449,12525.909423828125,12.525909423828125,6,B_APPROACH,0x22,large_room|portal_approach,2323,2323,70.892333984375,14.105897546276367,5,0.152587890625,2318,70.73974609375,0,0.0,358,640,1.3984375,2.5,1,2,1600,35.15625,0,1,85,80,5,2,2,1,0x04,0,0,0,1,0,0,1,0,0,0,1,0,0,,,,,,,,,,,,,,,
192,6.433333333333334,412745,12595.977783203125,12.595977783203125,6,B_APPROACH,0x22,large_room|portal_approach,2296,2296,70.068359375,14.27177700348432,5,0.152587890625,2291,69.915771484375,0,0.0,358,640,1.3984375,2.5,1,2,1702,37.3974609375,0,1,86,80,6,2,2,1,0x04,0,0,0,1,0,0,1,0,0,0,1,0,0,,,,,,,,,,,,,,,
193,6.466666666666667,414998,12664.73388671875,12.66473388671875,6,B_APPROACH,0x22,large_room|portal_approach,2253,2253,68.756103515625,14.54416333777186,6,0.18310546875,2246,68.54248046875,1,0.030517578125,358,640,1.3984375,2.5,1,2,1804,39.638671875,0,1,85,80,5,2,2,1,0x04,0,0,0,1,0,0,1,0,0,0,1,0,0,,,,,,,,,,,,,,,
194,6.5,417261,12733.795166015625,12.733795166015625,6,B_APPROACH,0x22,large_room|portal_approach,2263,2263,69.061279296875,14.479893946089263,6,0.18310546875,2256,68.84765625,1,0.030517578125,358,640,1.3984375,2.5,1,2,1906,41.8798828125,0,1,86,80,6,2,2,1,0x04,0,0,0,1,0,0,1,0,0,0,1,0,0,,,,,,,,,,,,,,,
195,6.533333333333333,419535,12803.192138671875,12.803192138671875,6,B_APPROACH,0x22,large_room|portal_approach,2274,2274,69.39697265625,14.409850483729112,6,0.18310546875,2267,69.183349609375,1,0.030517578125,358,640,1.3984375,2.5,1,2,2008,44.12109375,0,1,87,80,7,2,2,1,0x04,0,0,0,1,0,0,1,0,0,0,1,0,0,,,,,,,,,,,,,,,
196,6.566666666666666,421811,12872.650146484375,12.872650146484375,6,B_APPROACH,0x22,large_room|portal_approach,2276,2276,69.4580078125,14.397188049209138,6,0.18310546875,2270,69.27490234375,0,0.0,358,640,1.3984375,2.5,1,2,2110,46.3623046875,0,1,87,80,7,2,2,1,0x04,0,0,0,1,0,0,1,0,0,0,1,0,0,,,,,,,,,,,,,,,
197,6.6,424080,12941.89453125,12.94189453125,6,B_APPROACH,0x22,large_room|portal_approach,2269,2269,69.244384765625,14.44160423093874,5,0.152587890625,2263,69.061279296875,1,0.030517578125,358,640,1.3984375,2.5,1,2,2212,48.603515625,0,1,86,80,6,2,2,1,0x04,0,0,0,1,0,0,1,0,0,0,1,0,0,,,,,,,,,,,,,,,
198,6.633333333333334,426320,13010.25390625,13.01025390625,6,B_APPROACH,0x22,large_room|portal_approach,2240,2240,68.359375,14.628571428571428,5,0.152587890625,2235,68.206787109375,0,0.0,358,640,1.3984375,2.5,1,2,2314,50.8447265625,0,1,83,80,3,2,2,1,0x04,0,0,0,1,0,0,1,0,0,0,1,0,0,,,,,,,,,,,,,,,
199,6.666666666666667,428574,13079.04052734375,13.07904052734375,6,B_APPROACH,0x22,large_room|portal_approach,2254,2254,68.78662109375,14.537710736468501,5,0.152587890625,2248,68.603515625,1,0.030517578125,358,640,1.3984375,2.5,1,2,2416,53.0859375,0,1,80,80,0,1,1,0,0x04,0,0,0,1,0,0,1,0,0,0,1,0,0,,,,,,,,,,,,,,,
200,6.7,430860,13148.8037109375,13.1488037109375,6,B_APPROACH,0x22,large_room|portal_approach,2286,2286,69.76318359375,14.334208223972004,6,0.18310546875,2280,69.580078125,0,0.0,358,640,1.3984375,2.5,1,2,2518,55.3271484375,0,1,80,80,0,1,1,0,0x04,0,0,0,1,0,0,1,0,0,0,1,0,0,,,,,,,,,,,,,,,
201,6.733333333333333,433144,13218.505859375,13.218505859375,6,B_APPROACH,0x22,large_room|portal_approach,2284,2284,69.7021484375,14.34676007005254,6,0.18310546875,2277,69.488525390625,1,0.030517578125,358,640,1.3984375,2.5,1,2,2620,57.568359375,0,1,80,80,0,1,1,0,0x04,0,0,0,1,0,0,1,0,0,0,1,0,0,,,,,,,,,,,,,,,
202,6.766666666666667,435390,13287.04833984375,13.28704833984375,6,B_APPROACH,0x22,large_room|portal_approach,2246,2246,68.54248046875,14.589492430988424,6,0.18310546875,2240,68.359375,0,0.0,358,640,1.3984375,2.5,1,2,2722,59.8095703125,0,1,80,80,0,1,1,0,0x04,0,0,0,1,0,0,1,0,0,0,1,0,0,,,,,,,,,,,,,,,
203,6.8,437637,13355.621337890625,13.355621337890625,6,B_APPROACH,0x22,large_room|portal_approach,2247,2247,68.572998046875,14.582999554962171,6,0.18310546875,2241,68.389892578125,0,0.0,358,640,1.3984375,2.5,1,2,2824,62.05078125,0,1,80,80,0,1,1,0,0x04,0,0,0,1,0,0,1,0,0,0,1,0,0,,,,,,,,,,,,,,,
204,6.833333333333333,439879,13424.041748046875,13.424041748046875,6,B_APPROACH,0x22,large_room|portal_approach,2242,2242,68.42041015625,14.615521855486174,5,0.152587890625,2236,68.2373046875,1,0.030517578125,358,640,1.3984375,2.5,1,2,2926,64.2919921875,0,1,80,80,0,1,1,0,0x04,0,0,0,1,0,0,1,0,0,0,1,0,0,,,,,,,,,,,,,,,
205,6.866666666666666,442140,13493.0419921875,13.4930419921875,6,B_APPROACH,0x22,large_room|portal_approach,2261,2261,69.000244140625,14.492702344095534,6,0.18310546875,2254,68.78662109375,1,0.030517578125,358,640,1.3984375,2.5,1,2,3028,66.533203125,0,1,82,80,2,2,2,1,0x04,0,0,0,1,0,0,1,0,0,0,1,0,0,,,,,,,,,,,,,,,
206,6.9,444421,13562.652587890625,13.562652587890625,6,B_APPROACH,0x22,large_room|portal_approach,2281,2281,69.610595703125,14.365629110039457,6,0.18310546875,2275,69.427490234375,0,0.0,358,640,1.3984375,2.5,1,2,3130,68.7744140625,0,1,85,80,5,2,2,1,0x04,0,0,0,1,0,0,1,0,0,0,1,0,0,,,,,,,,,,,,,,,
207,6.933333333333334,446731,13633.148193359375,13.633148193359375,6,B_APPROACH,0x22,large_room|portal_approach,2310,2310,70.49560546875,14.185281385281385,5,0.152587890625,2304,70.3125,1,0.030517578125,358,640,1.3984375,2.5,1,2,3232,71.015625,0,1,88,80,8,2,2,1,0x04,0,0,0,1,0,0,1,0,0,0,1,0,0,,,,,,,,,,,,,,,
208,6.966666666666667,449044,13703.7353515625,13.7037353515625,6,B_APPROACH,0x22,large_room|portal_approach,2313,2313,70.587158203125,14.166882836143536,5,0.152587890625,2308,70.4345703125,0,0.0,358,640,1.3984375,2.5,1,2,3334,73.2568359375,0,1,88,80,8,2,2,1,0x04,0,0,0,1,0,0,1,0,0,0,1,0,0,,,,,,,,,,,,,,,
209,7.0,451354,13774.23095703125,13.77423095703125,6,B_APPROACH,0x22,large_room|portal_approach,2310,2310,70.49560546875,14.185281385281385,5,0.152587890625,2305,70.343017578125,0,0.0,358,640,1.3984375,2.5,1,2,3436,75.498046875,0,1,88,80,8,2,2,1,0x04,0,0,0,1,0,0,1,0,0,0,1,0,0,,,,,,,,,,,,,,,
210,7.033333333333333,453656,13844.482421875,13.844482421875,6,B_APPROACH,0x22,large_room|portal_approach,2302,2302,70.25146484375,14.234578627280625,6,0.18310546875,2295,70.037841796875,1,0.030517578125,358,640,1.3984375,2.5,1,2,3538,77.7392578125,0,1,87,80,7,2,2,1,0x04,0,0,0,1,0,0,1,0,0,0,1,0,0,,,,,,,,,,,,,,,
211,7.066666666666666,455960,13914.794921875,13.914794921875,6,B_APPROACH,0x22,large_room|portal_approach,2304,2304,70.3125,14.222222222222221,6,0.18310546875,2297,70.098876953125,1,0.030517578125,358,640,1.3984375,2.5,1,2,3640,79.98046875,0,1,87,80,7,2,2,1,0x04,0,0,0,1,0,0,1,0,0,0,1,0,0,,,,,,,,,,,,,,,
212,7.1,458266,13985.16845703125,13.98516845703125,6,B_APPROACH,0x22,large_room|portal_approach,2306,2306,70.37353515625,14.209887250650477,6,0.18310546875,2300,70.1904296875,0,0.0,358,640,1.3984375,2.5,1,2,3742,82.2216796875,0,1,87,80,7,2,2,1,0x04,0,0,0,1,0,0,1,0,0,0,1,0,0,,,,,,,,,,,,,,,
213,7.133333333333334,460574,14055.60302734375,14.05560302734375,6,B_APPROACH,0x22,large_room|portal_approach,2308,2308,70.4345703125,14.197573656845753,5,0.152587890625,2302,70.25146484375,1,0.030517578125,358,640,1.3984375,2.5,1,2,3844,84.462890625,0,1,87,80,7,2,2,1,0x04,0,0,0,1,0,0,1,0,0,0,1,0,0,,,,,,,,,,,,,,,
214,7.166666666666667,462878,14125.91552734375,14.12591552734375,6,B_APPROACH,0x22,large_room|portal_approach,2304,2304,70.3125,14.222222222222221,6,0.18310546875,2297,70.098876953125,1,0.030517578125,358,640,1.3984375,2.5,1,2,3946,86.7041015625,0,1,87,80,7,2,2,1,0x04,0,0,0,1,0,0,1,0,0,0,1,0,0,,,,,,,,,,,,,,,
215,7.2,465172,14195.9228515625,14.1959228515625,6,B_APPROACH,0x22,large_room|portal_approach,2294,2294,70.00732421875,14.284219703574543,6,0.18310546875,2287,69.793701171875,1,0.030517578125,358,640,1.3984375,2.5,1,2,4048,88.9453125,0,1,86,80,6,2,2,1,0x04,0,0,0,1,0,0,1,0,0,0,1,0,0,,,,,,,,,,,,,,,
216,7.233333333333333,467478,14266.29638671875,14.26629638671875,6,B_APPROACH,0x22,large_room|portal_approach,2306,2306,70.37353515625,14.209887250650477,13,0.396728515625,2292,69.9462890625,1,0.030517578125,358,659,1.3984375,2.57421875,1,2,4048,88.9453125,1,0,87,80,7,2,2,1,0x04,0,0,0,1,0,0,1,0,0,0,1,0,0,,,,,,,,,,,,,,,
217,7.266666666666667,469793,14336.944580078125,14.336944580078125,6,B_APPROACH,0x22,large_room|portal_approach,2315,2315,70.648193359375,14.154643628509719,14,0.42724609375,2301,70.220947265625,0,0.0,358,678,1.3984375,2.6484375,1,2,4048,88.9453125,1,0,88,80,8,2,2,1,0x04,0,0,0,1,0,0,1,0,0,0,1,0,0,,,,,,,,,,,,,,,
218,7.3,472107,14407.562255859375,14.407562255859375,6,B_APPROACH,0x22,large_room|portal_approach,2314,2314,70.61767578125,14.16076058772688,14,0.42724609375,2300,70.1904296875,0,0.0,358,697,1.3984375,2.72265625,1,2,4048,88.9453125,1,0,88,80,8,2,2,1,0x04,0,0,0,1,0,0,1,0,0,0,1,0,0,,,,,,,,,,,,,,,
219,7.333333333333333,474430,14478.45458984375,14.47845458984375,6,B_APPROACH,0x22,large_room|portal_approach,2323,2323,70.892333984375,14.105897546276367,14,0.42724609375,2308,70.4345703125,1,0.030517578125,358,716,1.3984375,2.796875,1,2,4048,88.9453125,1,0,89,80,9,2,2,1,0x04,0,0,0,1,0,0,1,0,0,0,1,0,0,,,,,,,,,,,,,,,
220,7.366666666666666,476771,14549.896240234375,14.549896240234375,6,B_APPROACH,0x22,large_room|portal_approach,2341,2341,71.441650390625,13.997436992738146,15,0.457763671875,2326,70.98388671875,0,0.0,358,735,1.3984375,2.87109375,1,2,4048,88.9453125,1,0,91,80,11,2,2,1,0x04,0,0,0,1,0,0,1,0,0,0,1,0,0,,,,,,,,,,,,,,,
221,7.4,479111,14621.307373046875,14.621307373046875,6,B_APPROACH,0x22,large_room|portal_approach,2340,2340,71.4111328125,14.003418803418803,14,0.42724609375,2325,70.953369140625,1,0.030517578125,358,754,1.3984375,2.9453125,1,2,4048,88.9453125,1,0,91,80,11,2,2,1,0x04,0,0,0,1,0,0,1,0,0,0,1,0,0,,,,,,,,,,,,,,,
222,7.433333333333334,481430,14692.07763671875,14.69207763671875,6,B_APPROACH,0x22,large_room|portal_approach,2319,2319,70.770263671875,14.130228546787409,15,0.457763671875,2303,70.281982421875,1,0.030517578125,358,773,1.3984375,3.01953125,1,3,4048,88.9453125,1,0,93,80,13,2,2,1,0x04,0,0,0,1,0,0,1,0,0,0,1,0,0,,,,,,,,,,,,,,,
223,7.466666666666667,483754,14763.00048828125,14.76300048828125,6,B_APPROACH,0x22,large_room|portal_approach,2324,2324,70.9228515625,14.099827882960414,14,0.42724609375,2310,70.49560546875,0,0.0,358,792,1.3984375,3.09375,1,3,4048,88.9453125,1,0,94,80,14,2,2,1,0x04,0,0,0,1,0,0,1,0,0,0,1,0,0,,,,,,,,,,,,,,,
224,7.5,486093,14834.381103515625,14.834381103515625,6,B_APPROACH,0x22,large_room|portal_approach,2339,2339,71.380615234375,14.009405728943992,13,0.396728515625,2326,70.98388671875,0,0.0,358,811,1.3984375,3.16796875,1,3,4048,88.9453125,1,0,96,80,16,2,2,1,0x04,0,0,0,1,0,0,1,0,0,0,1,0,0,,,,,,,,,,,,,,,
225,7.533333333333333,488447,14906.219482421875,14.906219482421875,6,B_APPROACH,0x22,large_room|portal_approach,2354,2354,71.83837890625,13.920135938827528,13,0.396728515625,2340,71.4111328125,1,0.030517578125,358,830,1.3984375,3.2421875,1,3,4048,88.9453125,1,0,98,80,18,2,2,1,0x04,0,0,0,1,0,0,1,0,0,0,1,0,0,,,,,,,,,,,,,,,
226,7.566666666666666,490837,14979.156494140625,14.979156494140625,6,B_APPROACH,0x22,large_room|portal_approach,2390,2390,72.93701171875,13.710460251046024,14,0.42724609375,2375,72.479248046875,1,0.030517578125,358,849,1.3984375,3.31640625,1,3,4048,88.9453125,1,0,102,80,22,2,2,1,0x04,0,0,0,1,0,0,1,0,0,0,1,0,0,,,,,,,,,,,,,,,
227,7.6,493237,15052.398681640625,15.052398681640625,6,B_APPROACH,0x22,large_room|portal_approach,2400,2400,73.2421875,13.653333333333334,14,0.42724609375,2386,72.81494140625,0,0.0,358,868,1.3984375,3.390625,1,3,4048,88.9453125,1,0,104,80,24,2,2,1,0x04,0,0,0,1,0,0,1,0,0,0,1,0,0,,,,,,,,,,,,,,,
228,7.633333333333334,495614,15124.93896484375,15.12493896484375,6,B_APPROACH,0x22,large_room|portal_approach,2377,2377,72.540283203125,13.785443836769037,13,0.396728515625,2364,72.1435546875,0,0.0,358,887,1.3984375,3.46484375,1,3,4048,88.9453125,1,0,103,80,23,2,2,1,0x04,0,0,0,1,0,0,1,0,0,0,1,0,0,,,,,,,,,,,,,,,
229,7.666666666666667,497972,15196.8994140625,15.1968994140625,6,B_APPROACH,0x22,large_room|portal_approach,2358,2358,71.96044921875,13.896522476675148,14,0.42724609375,2343,71.502685546875,1,0.030517578125,358,906,1.3984375,3.5390625,1,3,4048,88.9453125,1,0,102,80,22,2,2,1,0x04,0,0,0,1,0,0,1,0,0,0,1,0,0,,,,,,,,,,,,,,,
230,7.7,500321,15268.585205078125,15.268585205078125,6,B_APPROACH,0x22,large_room|portal_approach,2349,2349,71.685791015625,13.949765857811835,14,0.42724609375,2335,71.258544921875,0,0.0,358,925,1.3984375,3.61328125,1,3,4048,88.9453125,1,0,101,80,21,2,2,1,0x04,0,0,0,1,0,0,1,0,0,0,1,0,0,,,,,,,,,,,,,,,
231,7.733333333333333,502665,15340.118408203125,15.340118408203125,6,B_APPROACH,0x22,large_room|portal_approach,2344,2344,71.533203125,13.979522184300341,13,0.396728515625,2330,71.10595703125,1,0.030517578125,358,944,1.3984375,3.6875,1,3,4048,88.9453125,1,0,100,80,20,2,2,1,0x04,0,0,0,1,0,0,1,0,0,0,1,0,0,,,,,,,,,,,,,,,
232,7.766666666666667,505006,15411.56005859375,15.41156005859375,6,B_APPROACH,0x22,large_room|portal_approach,2341,2341,71.441650390625,13.997436992738146,14,0.42724609375,2326,70.98388671875,1,0.030517578125,358,963,1.3984375,3.76171875,1,3,4048,88.9453125,1,0,99,80,19,2,2,1,0x04,0,0,0,1,0,0,1,0,0,0,1,0,0,,,,,,,,,,,,,,,
233,7.8,507343,15482.879638671875,15.482879638671875,6,B_APPROACH,0x22,large_room|portal_approach,2337,2337,71.319580078125,14.021394950791613,14,0.42724609375,2322,70.86181640625,1,0.030517578125,358,982,1.3984375,3.8359375,1,3,4048,88.9453125,1,0,98,80,18,2,2,1,0x04,0,0,0,1,0,0,1,0,0,0,1,0,0,,,,,,,,,,,,,,,
234,7.833333333333333,509675,15554.046630859375,15.554046630859375,6,B_APPROACH,0x22,large_room|portal_approach,2332,2332,71.1669921875,14.051457975986278,14,0.42724609375,2318,70.73974609375,0,0.0,358,1001,1.3984375,3.91015625,1,3,4048,88.9453125,1,0,97,80,17,2,2,1,0x04,0,0,0,1,0,0,1,0,0,0,1,0,0,,,,,,,,,,,,,,,
235,7.866666666666666,512002,15625.06103515625,15.62506103515625,6,B_APPROACH,0x22,large_room|portal_approach,2327,2327,71.014404296875,14.081650193382037,14,0.42724609375,2312,70.556640625,1,0.030517578125,358,1020,1.3984375,3.984375,1,3,4048,88.9453125,1,0,95,80,15,2,2,1,0x04,0,0,0,1,0,0,1,0,0,0,1,0,0,,,,,,,,,,,,,,,
236,7.9,514274,15694.39697265625,15.69439697265625,6,B_APPROACH,0x22,large_room|portal_approach,2272,2272,69.3359375,14.422535211267606,15,0.457763671875,2256,68.84765625,1,0.030517578125,358,1039,1.3984375,4.05859375,1,4,4048,88.9453125,1,0,93,80,13,2,2,1,0x04,0,0,0,1,0,0,1,0,0,0,1,0,0,,,,,,,,,,,,,,,
237,7.933333333333334,516535,15763.397216796875,15.763397216796875,6,B_APPROACH,0x22,large_room|portal_approach,2261,2261,69.000244140625,14.492702344095534,14,0.42724609375,2246,68.54248046875,1,0.030517578125,358,1058,1.3984375,4.1328125,1,4,4048,88.9453125,1,0,91,80,11,2,2,1,0x04,0,0,0,1,0,0,1,0,0,0,1,0,0,,,,,,,,,,,,,,,
238,7.966666666666667,518781,15831.939697265625,15.831939697265625,6,B_APPROACH,0x22,large_room|portal_approach,2246,2246,68.54248046875,14.589492430988424,14,0.42724609375,2231,68.084716796875,1,0.030517578125,358,1077,1.3984375,4.20703125,1,4,4048,88.9453125,1,0,88,80,8,2,2,1,0x04,0,0,0,1,0,0,1,0,0,0,1,0,0,,,,,,,,,,,,,,,
239,8.0,521002,15899.71923828125,15.89971923828125,6,B_APPROACH,0x22,large_room|portal_approach,2221,2221,67.779541015625,14.75371454299865,14,0.42724609375,2206,67.32177734375,1,0.030517578125,358,1096,1.3984375,4.28125,1,4,4048,88.9453125,1,0,85,80,5,2,2,1,0x04,0,0,0,1,0,0,1,0,0,0,1,0,0,,,,,,,,,,,,,,,
240,8.033333333333333,523186,15966.36962890625,15.96636962890625,6,B_APPROACH,0x22,large_room|portal_approach,2184,2184,66.650390625,15.003663003663004,14,0.42724609375,2170,66.22314453125,0,0.0,358,1115,1.3984375,4.35546875,1,4,4048,88.9453125,1,0,81,80,1,2,2,1,0x04,0,0,0,1,0,0,1,0,0,0,1,0,0,,,,,,,,,,,,,,,
241,8.066666666666666,525362,16032.77587890625,16.03277587890625,6,B_APPROACH,0x22,large_room|portal_approach,2176,2176,66.40625,15.058823529411764,14,0.42724609375,2162,65.97900390625,0,0.0,358,1134,1.3984375,4.4296875,1,4,4048,88.9453125,1,0,80,80,0,1,1,0,0x04,0,0,0,1,0,0,1,0,0,0,1,0,0,,,,,,,,,,,,,,,
242,8.1,527540,16099.2431640625,16.0992431640625,6,B_APPROACH,0x22,large_room|portal_approach,2178,2178,66.46728515625,15.044995408631772,14,0.42724609375,2164,66.0400390625,0,0.0,358,1153,1.3984375,4.50390625,1,4,4048,88.9453125,1,0,80,80,0,1,1,0,0x04,0,0,0,1,0,0,1,0,0,0,1,0,0,,,,,,,,,,,,,,,
243,8.133333333333333,529719,16165.740966796875,16.165740966796875,6,B_APPROACH,0x22,large_room|portal_approach,2179,2179,66.497802734375,15.038090867370354,13,0.396728515625,2165,66.070556640625,1,0.030517578125,358,1172,1.3984375,4.578125,1,4,4048,88.9453125,1,0,80,80,0,1,1,0,0x04,0,0,0,1,0,0,1,0,0,0,1,0,0,,,,,,,,,,,,,,,
244,8.166666666666666,531897,16232.208251953125,16.232208251953125,6,B_APPROACH,0x22,large_room|portal_approach,2178,2178,66.46728515625,15.044995408631772,14,0.42724609375,2163,66.009521484375,1,0.030517578125,358,1191,1.3984375,4.65234375,1,4,4048,88.9453125,1,0,80,80,0,1,1,0,0x04,0,0,0,1,0,0,1,0,0,0,1,0,0,,,,,,,,,,,,,,,
245,8.2,534078,16298.76708984375,16.29876708984375,6,B_APPROACH,0x22,large_room|portal_approach,2181,2181,66.558837890625,15.024300779458963,14,0.42724609375,2167,66.131591796875,0,0.0,358,1210,1.3984375,4.7265625,1,4,4048,88.9453125,1,0,80,80,0,1,1,0,0x04,0,0,0,1,0,0,1,0,0,0,1,0,0,,,,,,,,,,,,,,,
246,8.233333333333333,536259,16365.325927734375,16.365325927734375,6,B_APPROACH,0x22,large_room|portal_approach,2181,2181,66.558837890625,15.024300779458963,14,0.42724609375,2166,66.10107421875,1,0.030517578125,358,1229,1.3984375,4.80078125,1,4,4048,88.9453125,1,0,80,80,0,1,1,0,0x04,0,0,0,1,0,0,1,0,0,0,1,0,0,,,,,,,,,,,,,,,
247,8.266666666666667,538438,16431.82373046875,16.43182373046875,6,B_APPROACH,0x22,large_room|portal_approach,2179,2179,66.497802734375,15.038090867370354,15,0.457763671875,2164,66.0400390625,0,0.0,358,1248,1.3984375,4.875,1,4,4048,88.9453125,1,0,80,80,0,1,1,0,0x04,0,0,0,1,0,0,1,0,0,0,1,0,0,,,,,,,,,,,,,,,
248,8.3,540623,16498.504638671875,16.498504638671875,6,B_APPROACH,0x22,large_room|portal_approach,2185,2185,66.680908203125,14.99679633867277,14,0.42724609375,2170,66.22314453125,1,0.030517578125,358,1267,1.3984375,4.94921875,1,4,4048,88.9453125,1,0,80,80,0,1,1,0,0x04,0,0,0,1,0,0,1,0,0,0,1,0,0,,,,,,,,,,,,,,,
249,8.333333333333334,542768,16563.96484375,16.56396484375,6,B_APPROACH,0x22,large_room|portal_approach,2145,2145,65.460205078125,15.276456876456876,15,0.457763671875,2130,65.00244140625,0,0.0,358,1286,1.3984375,5.0234375,1,5,4048,88.9453125,1,0,80,80,0,1,1,0,0x04,0,0,0,1,0,0,1,0,0,0,1,0,0,,,,,,,,,,,,,,,
250,8.366666666666667,544915,16629.486083984375,16.629486083984375,6,B_APPROACH,0x22,large_room|portal_approach,2147,2147,65.521240234375,15.262226362366093,14,0.42724609375,2133,65.093994140625,0,0.0,358,1305,1.3984375,5.09765625,1,5,4048,88.9453125,1,0,80,80,0,1,1,0,0x04,0,0,0,1,0,0,1,0,0,0,1,0,0,,,,,,,,,,,,,,,
251,8.4,547063,16695.037841796875,16.695037841796875,6,B_APPROACH,0x22,large_room|portal_approach,2148,2148,65.5517578125,15.25512104283054,14,0.42724609375,2133,65.093994140625,1,0.030517578125,358,1324,1.3984375,5.171875,1,5,4048,88.9453125,1,0,80,80,0,1,1,0,0x0C,0,0,0,1,1,0,1,0,0,0,1,0,0,,,,,,,,,,,,,,,
252,8.433333333333334,549170,16759.33837890625,16.75933837890625,7,B_VIEW,0x1A,large_room|fast_turn|portal_view,2107,2107,64.300537109375,15.551969625059327,6,0.18310546875,2100,64.0869140625,1,0.030517578125,358,1324,1.3984375,5.171875,1,5,4150,91.1865234375,0,1,80,80,0,1,1,0,0x04,0,0,0,1,0,0,1,0,1,1,0,0,0,,,,,,,,,,,,,,,
253,8.466666666666667,551284,16823.8525390625,16.8238525390625,7,B_VIEW,0x1A,large_room|fast_turn|portal_view,2114,2114,64.51416015625,15.500473036896878,6,0.18310546875,2107,64.300537109375,1,0.030517578125,358,1324,1.3984375,5.171875,1,5,4252,93.427734375,0,1,80,80,0,1,1,0,0x06,1,0,0,1,0,0,1,0,1,1,0,0,0,64.178466796875,18.096923828125,0.0,30.792236328125,7.01904296875,2.410888671875,5.859375,0.0,0,80,0,0,0,3346,161
254,8.5,553365,16887.359619140625,16.887359619140625,7,B_VIEW,0x1A,large_room|fast_turn|portal_view,2081,2081,63.507080078125,15.7462758289284,6,0.18310546875,2074,63.29345703125,1,0.030517578125,358,1324,1.3984375,5.171875,1,5,4354,95.6689453125,0,1,80,80,0,1,1,0,0x04,0,0,0,1,0,0,1,0,1,1,0,0,0,,,,,,,,,,,,,,,
255,8.533333333333333,555414,16949.89013671875,16.94989013671875,7,B_VIEW,0x1A,large_room|fast_turn|portal_view,2049,2049,62.530517578125,15.99219131283553,6,0.18310546875,2043,62.347412109375,0,0.0,358,1324,1.3984375,5.171875,1,5,4456,97.91015625,0,1,80,80,0,1,1,0,0x04,0,0,0,1,0,0,1,0,1,1,0,0,0,,,,,,,,,,,,,,,
256,8.566666666666666,557461,17012.359619140625,17.012359619140625,7,B_VIEW,0x1A,large_room|fast_turn|portal_view,2047,2047,62.469482421875,16.00781631656082,6,0.18310546875,2041,62.286376953125,0,0.0,358,1324,1.3984375,5.171875,1,5,4558,100.1513671875,0,1,80,80,0,1,1,0,0x04,0,0,0,1,0,0,1,0,1,1,0,0,0,,,,,,,,,,,,,,,
257,8.6,559474,17073.79150390625,17.07379150390625,7,B_VIEW,0x1A,large_room|fast_turn|portal_view,2013,2013,61.431884765625,16.27819175360159,6,0.18310546875,2006,61.21826171875,1,0.030517578125,358,1324,1.3984375,5.171875,1,5,4660,102.392578125,0,1,80,80,0,1,1,0,0x04,0,0,0,1,0,0,1,0,1,1,0,0,0,,,,,,,,,,,,,,,
258,8.633333333333333,561487,17135.223388671875,17.135223388671875,7,B_VIEW,0x1A,large_room|fast_turn|portal_view,2013,2013,61.431884765625,16.27819175360159,6,0.18310546875,2006,61.21826171875,1,0.030517578125,358,1324,1.3984375,5.171875,1,5,4762,104.6337890625,0,1,80,80,0,1,1,0,0x04,0,0,0,1,0,0,1,0,1,1,0,0,0,,,,,,,,,,,,,,,
259,8.666666666666666,563464,17195.556640625,17.195556640625,7,B_VIEW,0x1A,large_room|fast_turn|portal_view,1977,1977,60.333251953125,16.57460799190693,6,0.18310546875,1971,60.150146484375,0,0.0,358,1324,1.3984375,5.171875,1,5,4864,106.875,0,1,80,80,0,1,1,0,0x04,0,0,0,1,0,0,1,0,1,1,0,0,0,,,,,,,,,,,,,,,
260,8.7,565440,17255.859375,17.255859375,7,B_VIEW,0x1A,large_room|fast_turn|portal_view,1976,1976,60.302734375,16.582995951417004,6,0.18310546875,1970,60.11962890625,0,0.0,358,1324,1.3984375,5.171875,1,5,4966,109.1162109375,0,1,80,80,0,1,1,0,0x04,0,0,0,1,0,0,1,0,1,1,0,0,0,,,,,,,,,,,,,,,
261,8.733333333333333,567381,17315.093994140625,17.315093994140625,7,B_VIEW,0x1A,large_room|fast_turn|portal_view,1941,1941,59.234619140625,16.882019577537353,6,0.18310546875,1935,59.051513671875,0,0.0,358,1324,1.3984375,5.171875,1,5,5068,111.357421875,0,1,80,80,0,1,1,0,0x04,0,0,0,1,0,0,1,0,1,1,0,0,0,,,,,,,,,,,,,,,
262,8.766666666666667,569288,17373.291015625,17.373291015625,7,B_VIEW,0x1A,large_room|fast_turn|portal_view,1907,1907,58.197021484375,17.18300996329313,5,0.152587890625,1901,58.013916015625,1,0.030517578125,358,1324,1.3984375,5.171875,1,5,5170,113.5986328125,0,1,80,80,0,1,1,0,0x04,0,0,0,1,0,0,1,0,1,1,0,0,0,,,,,,,,,,,,,,,
263,8.8,571159,17430.389404296875,17.430389404296875,7,B_VIEW,0x1A,large_room|fast_turn|portal_view,1871,1871,57.098388671875,17.513629075360768,5,0.152587890625,1865,56.915283203125,1,0.030517578125,358,1324,1.3984375,5.171875,1,5,5272,115.83984375,0,1,80,80,0,1,1,0,0x04,0,0,0,1,0,0,1,0,1,1,0,0,0,,,,,,,,,,,,,,,
264,8.833333333333334,573033,17487.579345703125,17.487579345703125,7,B_VIEW,0x1A,large_room|fast_turn|portal_view,1874,1874,57.18994140625,17.485592315901815,6,0.18310546875,1867,56.976318359375,1,0.030517578125,358,1324,1.3984375,5.171875,1,5,5374,118.0810546875,0,1,80,80,0,1,1,0,0x04,0,0,0,1,0,0,1,0,1,1,0,0,0,,,,,,,,,,,,,,,
265,8.866666666666667,574874,17543.76220703125,17.54376220703125,7,B_VIEW,0x1A,large_room|fast_turn|portal_view,1841,1841,56.182861328125,17.79902227050516,6,0.18310546875,1834,55.96923828125,1,0.030517578125,358,1324,1.3984375,5.171875,1,5,5476,120.322265625,0,1,80,80,0,1,1,0,0x04,0,0,0,1,0,0,1,0,1,1,0,0,0,,,,,,,,,,,,,,,
266,8.9,576678,17598.81591796875,17.59881591796875,7,B_VIEW,0x1A,large_room|fast_turn|portal_view,1804,1804,55.0537109375,18.164079822616408,5,0.152587890625,1799,54.901123046875,0,0.0,358,1324,1.3984375,5.171875,1,5,5578,122.5634765625,0,1,80,80,0,1,1,0,0x04,0,0,0,1,0,0,1,0,1,1,0,0,0,,,,,,,,,,,,,,,
267,8.933333333333334,578448,17652.83203125,17.65283203125,7,B_VIEW,0x1A,large_room|fast_turn|portal_view,1770,1770,54.01611328125,18.512994350282487,5,0.152587890625,1764,53.8330078125,1,0.030517578125,358,1324,1.3984375,5.171875,1,5,5680,124.8046875,0,1,80,80,0,1,1,0,0x04,0,0,0,1,0,0,1,0,1,1,0,0,0,,,,,,,,,,,,,,,
268,8.966666666666667,580181,17705.718994140625,17.705718994140625,7,B_VIEW,0x1A,large_room|fast_turn|portal_view,1733,1733,52.886962890625,18.908251586843623,5,0.152587890625,1728,52.734375,0,0.0,358,1324,1.3984375,5.171875,1,5,5782,127.0458984375,0,1,80,80,0,1,1,0,0x04,0,0,0,1,0,0,1,0,1,1,0,0,0,,,,,,,,,,,,,,,
269,9.0,581880,17757.568359375,17.757568359375,7,B_VIEW,0x1A,large_room|fast_turn|portal_view,1699,1699,51.849365234375,19.286639199529134,6,0.18310546875,1693,51.666259765625,0,0.0,358,1324,1.3984375,5.171875,1,5,5884,129.287109375,0,1,80,80,0,1,1,0,0x04,0,0,0,1,0,0,1,0,1,1,0,0,0,,,,,,,,,,,,,,,
270,9.033333333333333,583580,17809.4482421875,17.8094482421875,7,B_VIEW,0x1A,large_room|fast_turn|portal_view,1700,1700,51.8798828125,19.275294117647057,6,0.18310546875,1693,51.666259765625,1,0.030517578125,358,1324,1.3984375,5.171875,1,5,5986,131.5283203125,0,1,80,80,0,1,1,0,0x04,0,0,0,1,0,0,1,0,1,1,0,0,0,,,,,,,,,,,,,,,
271,9.066666666666666,585280,17861.328125,17.861328125,7,B_VIEW,0x1A,large_room|fast_turn|portal_view,1700,1700,51.8798828125,19.275294117647057,6,0.18310546875,1694,51.69677734375,0,0.0,358,1324,1.3984375,5.171875,1,5,6088,133.76953125,0,1,80,80,0,1,1,0,0x04,0,0,0,1,0,0,1,0,1,1,0,0,0,,,,,,,,,,,,,,,
272,9.1,586981,17913.238525390625,17.913238525390625,7,B_VIEW,0x1A,large_room|fast_turn|portal_view,1701,1701,51.910400390625,19.263962375073486,5,0.152587890625,1696,51.7578125,0,0.0,358,1324,1.3984375,5.171875,1,5,6190,136.0107421875,0,1,80,80,0,1,1,0,0x04,0,0,0,1,0,0,1,0,1,1,0,0,0,,,,,,,,,,,,,,,
273,9.133333333333333,588685,17965.240478515625,17.965240478515625,7,B_VIEW,0x1A,large_room|fast_turn|portal_view,1704,1704,52.001953125,19.230046948356808,6,0.18310546875,1697,51.788330078125,1,0.030517578125,358,1324,1.3984375,5.171875,1,5,6292,138.251953125,0,1,80,80,0,1,1,0,0x04,0,0,0,1,0,0,1,0,1,1,0,0,0,,,,,,,,,,,,,,,
274,9.166666666666666,590387,18017.181396484375,18.017181396484375,7,B_VIEW,0x1A,large_room|fast_turn|portal_view,1702,1702,51.94091796875,19.25264394829612,6,0.18310546875,1696,51.7578125,0,0.0,358,1324,1.3984375,5.171875,1,5,6394,140.4931640625,0,1,80,80,0,1,1,0,0x04,0,0,0,1,0,0,1,0,1,1,0,0,0,,,,,,,,,,,,,,,
275,9.2,592123,18070.159912109375,18.070159912109375,7,B_VIEW,0x1A,large_room|fast_turn|portal_view,1736,1736,52.978515625,18.87557603686636,6,0.18310546875,1729,52.764892578125,1,0.030517578125,358,1324,1.3984375,5.171875,1,5,6496,142.734375,0,1,80,80,0,1,1,0,0x04,0,0,0,1,0,0,1,0,1,1,0,0,0,,,,,,,,,,,,,,,
276,9.233333333333333,593859,18123.138427734375,18.123138427734375,7,B_VIEW,0x1A,large_room|fast_turn|portal_view,1736,1736,52.978515625,18.87557603686636,6,0.18310546875,1729,52.764892578125,1,0.030517578125,358,1324,1.3984375,5.171875,1,5,6598,144.9755859375,0,1,80,80,0,1,1,0,0x04,0,0,0,1,0,0,1,0,1,1,0,0,0,,,,,,,,,,,,,,,
277,9.266666666666667,595630,18177.18505859375,18.17718505859375,7,B_VIEW,0x1A,large_room|fast_turn|portal_view,1771,1771,54.046630859375,18.502540937323545,6,0.18310546875,1765,53.863525390625,0,0.0,358,1324,1.3984375,5.171875,1,5,6700,147.216796875,0,1,80,80,0,1,1,0,0x04,0,0,0,1,0,0,1,0,1,1,0,0,0,,,,,,,,,,,,,,,
278,9.3,597437,18232.330322265625,18.232330322265625,7,B_VIEW,0x1A,large_room|fast_turn|portal_view,1807,1807,55.145263671875,18.133923630326507,5,0.152587890625,1802,54.99267578125,0,0.0,358,1324,1.3984375,5.171875,1,5,6802,149.4580078125,0,1,80,80,0,1,1,0,0x04,0,0,0,1,0,0,1,0,1,1,0,0,0,,,,,,,,,,,,,,,
279,9.333333333333334,599242,18287.41455078125,18.28741455078125,7,B_VIEW,0x1A,large_room|fast_turn|portal_view,1805,1805,55.084228515625,18.154016620498616,5,0.152587890625,1800,54.931640625,0,0.0,358,1324,1.3984375,5.171875,1,5,6904,151.69921875,0,1,80,80,0,1,1,0,0x04,0,0,0,1,0,0,1,0,1,1,0,0,0,,,,,,,,,,,,,,,
280,9.366666666666667,601084,18343.6279296875,18.3436279296875,7,B_VIEW,0x1A,large_room|fast_turn|portal_view,1842,1842,56.21337890625,17.789359391965256,6,0.18310546875,1835,55.999755859375,1,0.030517578125,358,1324,1.3984375,5.171875,1,5,7006,153.9404296875,0,1,80,80,0,1,1,0,0x04,0,0,0,1,0,0,1,0,1,1,0,0,0,,,,,,,,,,,,,,,
281,9.4,602960,18400.87890625,18.40087890625,7,B_VIEW,0x1A,large_room|fast_turn|portal_view,1876,1876,57.2509765625,17.466950959488273,5,0.152587890625,1871,57.098388671875,0,0.0,358,1324,1.3984375,5.171875,1,5,7108,156.181640625,0,1,80,80,0,1,1,0,0x04,0,0,0,1,0,0,1,0,1,1,0,0,0,,,,,,,,,,,,,,,
282,9.433333333333334,604835,18458.099365234375,18.458099365234375,7,B_VIEW,0x1A,large_room|fast_turn|portal_view,1875,1875,57.220458984375,17.476266666666668,5,0.152587890625,1870,57.06787109375,0,0.0,358,1324,1.3984375,5.171875,1,5,7210,158.4228515625,0,1,80,80,0,1,1,0,0x04,0,0,0,1,0,0,1,0,1,1,0,0,0,,,,,,,,,,,,,,,
283,9.466666666666667,606710,18515.31982421875,18.51531982421875,7,B_VIEW,0x1A,large_room|fast_turn|portal_view,1875,1875,57.220458984375,17.476266666666668,6,0.18310546875,1869,57.037353515625,0,0.0,358,1324,1.3984375,5.171875,1,5,7312,160.6640625,0,1,80,80,0,1,1,0,0x04,0,0,0,1,0,0,1,0,1,1,0,0,0,,,,,,,,,,,,,,,
284,9.5,608586,18572.57080078125,18.57257080078125,7,B_VIEW,0x1A,large_room|fast_turn|portal_view,1876,1876,57.2509765625,17.466950959488273,6,0.18310546875,1869,57.037353515625,1,0.030517578125,358,1324,1.3984375,5.171875,1,5,7414,162.9052734375,0,1,80,80,0,1,1,0,0x04,0,0,0,1,0,0,1,0,1,1,0,0,0,,,,,,,,,,,,,,,
285,9.533333333333333,610460,18629.7607421875,18.6297607421875,7,B_VIEW,0x1A,large_room|fast_turn|portal_view,1874,1874,57.18994140625,17.485592315901815,6,0.18310546875,1868,57.0068359375,0,0.0,358,1324,1.3984375,5.171875,1,5,7516,165.146484375,0,1,80,80,0,1,1,0,0x04,0,0,0,1,0,0,1,0,1,1,0,0,0,,,,,,,,,,,,,,,
286,9.566666666666666,612332,18686.8896484375,18.6868896484375,7,B_VIEW,0x1A,large_room|fast_turn|portal_view,1872,1872,57.12890625,17.504273504273506,6,0.18310546875,1866,56.94580078125,0,0.0,358,1324,1.3984375,5.171875,1,5,7618,167.3876953125,0,1,80,80,0,1,1,0,0x04,0,0,0,1,0,0,1,0,1,1,0,0,0,,,,,,,,,,,,,,,
287,9.6,614203,18743.988037109375,18.743988037109375,7,B_VIEW,0x1A,large_room|fast_turn|portal_view,1871,1871,57.098388671875,17.513629075360768,6,0.18310546875,1864,56.884765625,1,0.030517578125,358,1324,1.3984375,5.171875,1,5,7720,169.62890625,0,1,80,80,0,1,1,0,0x04,0,0,0,1,0,0,1,0,1,1,0,0,0,,,,,,,,,,,,,,,
288,9.633333333333333,616091,18801.605224609375,18.801605224609375,7,B_VIEW,0x1A,large_room|fast_turn|portal_view,1888,1888,57.6171875,17.35593220338983,5,0.152587890625,1882,57.43408203125,1,0.030517578125,358,1324,1.3984375,5.171875,1,5,7822,171.8701171875,0,1,82,80,2,2,2,1,0x04,0,0,0,1,0,0,1,0,1,1,0,0,0,,,,,,,,,,,,,,,
289,9.666666666666666,618005,18860.015869140625,18.860015869140625,7,B_VIEW,0x1A,large_room|fast_turn|portal_view,1914,1914,58.41064453125,17.120167189132708,6,0.18310546875,1907,58.197021484375,1,0.030517578125,358,1324,1.3984375,5.171875,1,5,7924,174.111328125,0,1,85,80,5,2,2,1,0x04,0,0,0,1,0,0,1,0,1,1,0,0,0,,,,,,,,,,,,,,,
290,9.7,619943,18919.158935546875,18.919158935546875,7,B_VIEW,0x1A,large_room|fast_turn|portal_view,1938,1938,59.14306640625,16.90815273477812,6,0.18310546875,1931,58.929443359375,1,0.030517578125,358,1324,1.3984375,5.171875,1,5,8026,176.3525390625,0,1,88,80,8,2,2,1,0x04,0,0,0,1,0,0,1,0,1,1,0,0,0,,,,,,,,,,,,,,,
291,9.733333333333333,621905,18979.034423828125,18.979034423828125,7,B_VIEW,0x1A,large_room|fast_turn|portal_view,1962,1962,59.87548828125,16.7013251783894,6,0.18310546875,1956,59.6923828125,0,0.0,358,1324,1.3984375,5.171875,1,5,8128,178.59375,0,1,91,80,11,2,2,1,0x0C,0,0,0,1,1,0,1,0,1,1,0,0,0,,,,,,,,,,,,,,,
292,9.766666666666667,623821,19037.506103515625,19.037506103515625,8,B_TO_SMALL,0x71,small_room|portal_view|portal_approach|portal_cross,1916,1916,58.4716796875,17.102296450939455,15,0.457763671875,1901,58.013916015625,0,0.0,339,1324,1.32421875,5.171875,1,5,8128,178.59375,1,0,85,80,5,2,2,1,0x06,1,0,0,1,0,1,0,0,0,1,1,1,0,58.013916015625,18.37158203125,0.0,23.040771484375,7.26318359375,2.899169921875,5.615234375,0.823974609375,5,79,6,6,6,4784,111
293,9.8,625689,19094.512939453125,19.094512939453125,8,B_TO_SMALL,0x71,small_room|portal_view|portal_approach|portal_cross,1868,1868,57.0068359375,17.541755888650965,15,0.457763671875,1852,56.5185546875,1,0.030517578125,320,1324,1.25,5.171875,1,5,8128,178.59375,1,0,80,80,0,1,1,0,0x04,0,0,0,1,0,1,0,0,0,1,1,1,0,,,,,,,,,,,,,,,
294,9.833333333333334,627559,19151.580810546875,19.151580810546875,8,B_TO_SMALL,0x71,small_room|portal_view|portal_approach|portal_cross,1870,1870,57.06787109375,17.522994652406418,15,0.457763671875,1854,56.57958984375,1,0.030517578125,301,1324,1.17578125,5.171875,1,5,8128,178.59375,1,0,80,80,0,1,1,0,0x04,0,0,0,1,0,1,0,0,0,1,1,1,0,,,,,,,,,,,,,,,
295,9.866666666666667,629429,19208.648681640625,19.208648681640625,8,B_TO_SMALL,0x71,small_room|portal_view|portal_approach|portal_cross,1870,1870,57.06787109375,17.522994652406418,16,0.48828125,1854,56.57958984375,0,0.0,301,1324,1.17578125,5.171875,1,5,8128,178.59375,1,0,80,80,0,1,1,0,0x00,0,0,0,0,0,1,0,0,0,1,1,1,0,,,,,,,,,,,,,,,
296,9.9,631299,19265.716552734375,19.265716552734375,8,B_TO_SMALL,0x71,small_room|portal_view|portal_approach|portal_cross,1870,1870,57.06787109375,17.522994652406418,16,0.48828125,1854,56.57958984375,0,0.0,301,1324,1.17578125,5.171875,1,5,8128,178.59375,1,0,80,80,0,1,1,0,0x00,0,0,0,0,0,1,0,0,0,1,1,1,0,,,,,,,,,,,,,,,
297,9.933333333333334,633169,19322.784423828125,19.322784423828125,8,B_TO_SMALL,0x71,small_room|portal_view|portal_approach|portal_cross,1870,1870,57.06787109375,17.522994652406418,16,0.48828125,1854,56.57958984375,0,0.0,301,1324,1.17578125,5.171875,1,5,8128,178.59375,1,0,80,80,0,1,1,0,0x00,0,0,0,0,0,1,0,0,0,1,1,1,0,,,,,,,,,,,,,,,
298,9.966666666666667,635039,19379.852294921875,19.379852294921875,8,B_TO_SMALL,0x71,small_room|portal_view|portal_approach|portal_cross,1870,1870,57.06787109375,17.522994652406418,16,0.48828125,1854,56.57958984375,0,0.0,301,1324,1.17578125,5.171875,1,5,8128,178.59375,1,0,80,80,0,1,1,0,0x00,0,0,0,0,0,1,0,0,0,1,1,1,0,,,,,,,,,,,,,,,
299,10.0,636909,19436.920166015625,19.436920166015625,8,B_TO_SMALL,0x71,small_room|portal_view|portal_approach|portal_cross,1870,1870,57.06787109375,17.522994652406418,16,0.48828125,1854,56.57958984375,0,0.0,301,1324,1.17578125,5.171875,1,5,8128,178.59375,1,0,80,80,0,1,1,0,0x00,0,0,0,0,0,1,0,0,0,1,1,1,0,,,,,,,,,,,,,,,
300,10.033333333333333,638781,19494.049072265625,19.494049072265625,8,B_TO_SMALL,0x71,small_room|portal_view|portal_approach|portal_cross,1872,1872,57.12890625,17.504273504273506,16,0.48828125,1855,56.610107421875,1,0.030517578125,301,1324,1.17578125,5.171875,1,5,8128,178.59375,1,0,80,80,0,1,1,0,0x00,0,0,0,0,0,1,0,0,0,1,1,1,0,,,,,,,,,,,,,,,
301,10.066666666666666,640652,19551.1474609375,19.5511474609375,8,B_TO_SMALL,0x71,small_room|portal_view|portal_approach|portal_cross,1871,1871,57.098388671875,17.513629075360768,16,0.48828125,1854,56.57958984375,1,0.030517578125,301,1324,1.17578125,5.171875,1,5,8128,178.59375,1,0,80,80,0,1,1,0,0x00,0,0,0,0,0,1,0,0,0,1,1,1,0,,,,,,,,,,,,,,,
302,10.1,642523,19608.245849609375,19.608245849609375,8,B_TO_SMALL,0x71,small_room|portal_view|portal_approach|portal_cross,1871,1871,57.098388671875,17.513629075360768,16,0.48828125,1854,56.57958984375,1,0.030517578125,301,1324,1.17578125,5.171875,1,5,8128,178.59375,1,0,80,80,0,1,1,0,0x00,0,0,0,0,0,1,0,0,0,1,1,1,0,,,,,,,,,,,,,,,
303,10.133333333333333,644394,19665.34423828125,19.66534423828125,8,B_TO_SMALL,0x71,small_room|portal_view|portal_approach|portal_cross,1871,1871,57.098388671875,17.513629075360768,16,0.48828125,1854,56.57958984375,1,0.030517578125,301,1324,1.17578125,5.171875,1,5,8128,178.59375,1,0,80,80,0,1,1,0,0x00,0,0,0,0,0,1,0,0,0,1,1,1,0,,,,,,,,,,,,,,,
304,10.166666666666666,646265,19722.442626953125,19.722442626953125,8,B_TO_SMALL,0x71,small_room|portal_view|portal_approach|portal_cross,1871,1871,57.098388671875,17.513629075360768,16,0.48828125,1854,56.57958984375,1,0.030517578125,301,1324,1.17578125,5.171875,1,5,8128,178.59375,1,0,80,80,0,1,1,0,0x00,0,0,0,0,0,1,0,0,0,1,1,1,0,,,,,,,,,,,,,,,
305,10.2,648135,19779.510498046875,19.779510498046875,8,B_TO_SMALL,0x71,small_room|portal_view|portal_approach|portal_cross,1870,1870,57.06787109375,17.522994652406418,16,0.48828125,1854,56.57958984375,0,0.0,301,1324,1.17578125,5.171875,1,5,8128,178.59375,1,0,80,80,0,1,1,0,0x00,0,0,0,0,0,1,0,0,0,1,1,1,0,,,,,,,,,,,,,,,
306,10.233333333333333,650005,19836.578369140625,19.836578369140625,8,B_TO_SMALL,0x71,small_room|portal_view|portal_approach|portal_cross,1870,1870,57.06787109375,17.522994652406418,16,0.48828125,1854,56.57958984375,0,0.0,301,1324,1.17578125,5.171875,1,5,8128,178.59375,1,0,80,80,0,1,1,0,0x00,0,0,0,0,0,1,0,0,0,1,1,1,0,,,,,,,,,,,,,,,
307,10.266666666666667,651875,19893.646240234375,19.893646240234375,8,B_TO_SMALL,0x71,small_room|portal_view|portal_approach|portal_cross,1870,1870,57.06787109375,17.522994652406418,16,0.48828125,1854,56.57958984375,0,0.0,301,1324,1.17578125,5.171875,1,5,8128,178.59375,1,0,80,80,0,1,1,0,0x00,0,0,0,0,0,1,0,0,0,1,1,1,0,,,,,,,,,,,,,,,
308,10.3,653745,19950.714111328125,19.950714111328125,8,B_TO_SMALL,0x71,small_room|portal_view|portal_approach|portal_cross,1870,1870,57.06787109375,17.522994652406418,16,0.48828125,1854,56.57958984375,0,0.0,301,1324,1.17578125,5.171875,1,5,8128,178.59375,1,0,80,80,0,1,1,0,0x00,0,0,0,0,0,1,0,0,0,1,1,1,0,,,,,,,,,,,,,,,
309,10.333333333333334,655615,20007.781982421875,20.007781982421875,8,B_TO_SMALL,0x71,small_room|portal_view|portal_approach|portal_cross,1870,1870,57.06787109375,17.522994652406418,16,0.48828125,1854,56.57958984375,0,0.0,301,1324,1.17578125,5.171875,1,5,8128,178.59375,1,0,80,80,0,1,1,0,0x00,0,0,0,0,0,1,0,0,0,1,1,1,0,,,,,,,,,,,,,,,
310,10.366666666666667,657487,20064.910888671875,20.064910888671875,8,B_TO_SMALL,0x71,small_room|portal_view|portal_approach|portal_cross,1872,1872,57.12890625,17.504273504273506,16,0.48828125,1855,56.610107421875,1,0.030517578125,301,1324,1.17578125,5.171875,1,5,8128,178.59375,1,0,80,80,0,1,1,0,0x00,0,0,0,0,0,1,0,0,0,1,1,1,0,,,,,,,,,,,,,,,
311,10.4,659358,20122.00927734375,20.12200927734375,8,B_TO_SMALL,0x71,small_room|portal_view|portal_approach|portal_cross,1871,1871,57.098388671875,17.513629075360768,16,0.48828125,1855,56.610107421875,0,0.0,301,1324,1.17578125,5.171875,1,5,8128,178.59375,1,0,80,80,0,1,1,0,0x08,0,0,0,0,1,1,0,0,0,1,1,1,0,,,,,,,,,,,,,,,
312,10.433333333333334,661202,20178.28369140625,20.17828369140625,9,SMALL_SWEEP,0x99,small_room|fast_turn|portal_view|stress,1844,1844,56.2744140625,17.77006507592191,5,0.152587890625,1839,56.121826171875,0,0.0,301,1324,1.17578125,5.171875,1,5,8230,180.8349609375,0,1,80,80,0,1,1,0,0x04,0,0,0,1,0,1,0,0,1,1,0,0,1,,,,,,,,,,,,,,,
313,10.466666666666667,663063,20235.076904296875,20.235076904296875,9,SMALL_SWEEP,0x99,small_room|fast_turn|portal_view|stress,1861,1861,56.793212890625,17.607737775389577,6,0.18310546875,1854,56.57958984375,1,0.030517578125,301,1324,1.17578125,5.171875,1,5,8332,183.076171875,0,1,80,80,0,1,1,0,0x04,0,0,0,1,0,1,0,0,1,1,0,0,1,,,,,,,,,,,,,,,
314,10.5,664925,20291.900634765625,20.291900634765625,9,SMALL_SWEEP,0x99,small_room|fast_turn|portal_view|stress,1862,1862,56.82373046875,17.59828141783029,6,0.18310546875,1856,56.640625,0,0.0,301,1324,1.17578125,5.171875,1,5,8434,185.3173828125,0,1,80,80,0,1,1,0,0x04,0,0,0,1,0,1,0,0,1,1,0,0,1,,,,,,,,,,,,,,,
315,10.533333333333333,666790,20348.81591796875,20.34881591796875,9,SMALL_SWEEP,0x99,small_room|fast_turn|portal_view|stress,1865,1865,56.915283203125,17.569973190348527,5,0.152587890625,1859,56.732177734375,1,0.030517578125,301,1324,1.17578125,5.171875,1,5,8536,187.55859375,0,1,80,80,0,1,1,0,0x04,0,0,0,1,0,1,0,0,1,1,0,0,1,,,,,,,,,,,,,,,
316,10.566666666666666,668657,20405.792236328125,20.405792236328125,9,SMALL_SWEEP,0x99,small_room|fast_turn|portal_view|stress,1867,1867,56.976318359375,17.551151580074986,6,0.18310546875,1861,56.793212890625,0,0.0,301,1324,1.17578125,5.171875,1,5,8638,189.7998046875,0,1,80,80,0,1,1,0,0x04,0,0,0,1,0,1,0,0,1,1,0,0,1,,,,,,,,,,,,,,,
317,10.6,670536,20463.134765625,20.463134765625,9,SMALL_SWEEP,0x99,small_room|fast_turn|portal_view|stress,1879,1879,57.342529296875,17.43906333155934,5,0.152587890625,1873,57.159423828125,1,0.030517578125,301,1324,1.17578125,5.171875,1,5,8740,192.041015625,0,1,81,80,1,2,2,1,0x04,0,0,0,1,0,1,0,0,1,1,0,0,1,,,,,,,,,,,,,,,
318,10.633333333333333,672398,20519.95849609375,20.51995849609375,9,SMALL_SWEEP,0x99,small_room|fast_turn|portal_view|stress,1862,1862,56.82373046875,17.59828141783029,5,0.152587890625,1856,56.640625,1,0.030517578125,301,1324,1.17578125,5.171875,1,5,8842,194.2822265625,0,1,83,80,3,2,2,1,0x04,0,0,0,1,0,1,0,0,1,1,0,0,1,,,,,,,,,,,,,,,
319,10.666666666666666,674259,20576.751708984375,20.576751708984375,9,SMALL_SWEEP,0x99,small_room|fast_turn|portal_view|stress,1861,1861,56.793212890625,17.607737775389577,6,0.18310546875,1855,56.610107421875,0,0.0,301,1324,1.17578125,5.171875,1,5,8944,196.5234375,0,1,87,80,7,2,2,1,0x04,0,0,0,1,0,1,0,0,1,1,0,0,1,,,,,,,,,,,,,,,
320,10.7,676146,20634.33837890625,20.63433837890625,9,SMALL_SWEEP,0x99,small_room|fast_turn|portal_view|stress,1887,1887,57.586669921875,17.365129835718072,6,0.18310546875,1880,57.373046875,1,0.030517578125,301,1324,1.17578125,5.171875,1,5,9046,198.7646484375,0,1,90,80,10,2,2,1,0x04,0,0,0,1,0,1,0,0,1,1,0,0,1,,,,,,,,,,,,,,,
321,10.733333333333333,678011,20691.253662109375,20.691253662109375,9,SMALL_SWEEP,0x99,small_room|fast_turn|portal_view|stress,1865,1865,56.915283203125,17.569973190348527,6,0.18310546875,1859,56.732177734375,0,0.0,301,1324,1.17578125,5.171875,1,5,9148,201.005859375,0,1,92,80,12,2,2,1,0x04,0,0,0,1,0,1,0,0,1,1,0,0,1,,,,,,,,,,,,,,,
322,10.766666666666667,679859,20747.650146484375,20.747650146484375,9,SMALL_SWEEP,0x99,small_room|fast_turn|portal_view|stress,1848,1848,56.396484375,17.73160173160173,5,0.152587890625,1843,56.243896484375,0,0.0,301,1324,1.17578125,5.171875,1,5,9250,203.2470703125,0,1,95,80,15,2,2,1,0x04,0,0,0,1,0,1,0,0,1,1,0,0,1,,,,,,,,,,,,,,,
323,10.8,681691,20803.558349609375,20.803558349609375,9,SMALL_SWEEP,0x99,small_room|fast_turn|portal_view|stress,1832,1832,55.908203125,17.88646288209607,6,0.18310546875,1826,55.72509765625,0,0.0,301,1324,1.17578125,5.171875,1,5,9352,205.48828125,0,1,98,80,18,2,2,1,0x04,0,0,0,1,0,1,0,0,1,1,0,0,1,,,,,,,,,,,,,,,
324,10.833333333333334,683508,20859.0087890625,20.8590087890625,9,SMALL_SWEEP,0x99,small_room|fast_turn|portal_view|stress,1817,1817,55.450439453125,18.03412217941662,6,0.18310546875,1810,55.23681640625,1,0.030517578125,301,1324,1.17578125,5.171875,1,5,9454,207.7294921875,0,1,101,80,21,2,2,1,0x04,0,0,0,1,0,1,0,0,1,1,0,0,1,,,,,,,,,,,,,,,
325,10.866666666666667,685334,20914.73388671875,20.91473388671875,9,SMALL_SWEEP,0x99,small_room|fast_turn|portal_view|stress,1826,1826,55.72509765625,17.94523548740416,5,0.152587890625,1821,55.572509765625,0,0.0,301,1324,1.17578125,5.171875,1,5,9556,209.970703125,0,1,103,80,23,2,2,1,0x04,0,0,0,1,0,1,0,0,1,1,0,0,1,,,,,,,,,,,,,,,
326,10.9,687146,20970.03173828125,20.97003173828125,9,SMALL_SWEEP,0x99,small_room|fast_turn|portal_view|stress,1812,1812,55.2978515625,18.083885209713024,6,0.18310546875,1806,55.11474609375,0,0.0,301,1324,1.17578125,5.171875,1,5,9658,212.2119140625,0,1,106,80,26,2,2,1,0x04,0,0,0,1,0,1,0,0,1,1,0,0,1,,,,,,,,,,,,,,,
327,10.933333333333334,688936,21024.658203125,21.024658203125,9,SMALL_SWEEP,0x99,small_room|fast_turn|portal_view|stress,1790,1790,54.62646484375,18.306145251396647,6,0.18310546875,1783,54.412841796875,1,0.030517578125,301,1324,1.17578125,5.171875,1,5,9760,214.453125,0,1,108,80,28,2,2,1,0x04,0,0,0,1,0,1,0,0,1,1,0,0,1,,,,,,,,,,,,,,,
328,10.966666666666667,690713,21078.887939453125,21.078887939453125,9,SMALL_SWEEP,0x99,small_room|fast_turn|portal_view|stress,1777,1777,54.229736328125,18.440067529544176,6,0.18310546875,1770,54.01611328125,1,0.030517578125,301,1324,1.17578125,5.171875,1,5,9862,216.6943359375,0,1,111,80,31,2,2,1,0x04,0,0,0,1,0,1,0,0,1,1,0,0,1,,,,,,,,,,,,,,,
329,11.0,692465,21132.354736328125,21.132354736328125,9,SMALL_SWEEP,0x99,small_room|fast_turn|portal_view|stress,1752,1752,53.466796875,18.703196347031962,6,0.18310546875,1745,53.253173828125,1,0.030517578125,301,1324,1.17578125,5.171875,1,5,9964,218.935546875,0,1,113,80,33,2,2,1,0x04,0,0,0,1,0,1,0,0,1,1,0,0,1,,,,,,,,,,,,,,,
330,11.033333333333333,694243,21186.614990234375,21.186614990234375,9,SMALL_SWEEP,0x99,small_room|fast_turn|portal_view|stress,1778,1778,54.26025390625,18.429696287964006,6,0.18310546875,1771,54.046630859375,1,0.030517578125,301,1324,1.17578125,5.171875,1,5,10066,221.1767578125,0,1,117,80,37,2,2,1,0x04,0,0,0,1,0,1,0,0,1,1,0,0,1,,,,,,,,,,,,,,,
331,11.066666666666666,695992,21239.990234375,21.239990234375,9,SMALL_SWEEP,0x99,small_room|fast_turn|portal_view|stress,1749,1749,53.375244140625,18.735277301315037,6,0.18310546875,1742,53.16162109375,1,0.030517578125,301,1324,1.17578125,5.171875,1,5,10168,223.41796875,0,1,118,80,38,2,2,1,0x04,0,0,0,1,0,1,0,0,1,1,0,0,1,,,,,,,,,,,,,,,
332,11.1,697751,21293.670654296875,21.293670654296875,9,SMALL_SWEEP,0x99,small_room|fast_turn|portal_view|stress,1759,1759,53.680419921875,18.628766344513927,6,0.18310546875,1753,53.497314453125,0,0.0,301,1324,1.17578125,5.171875,1,5,10270,225.6591796875,0,1,120,80,40,2,2,1,0x04,0,0,0,1,0,1,0,0,1,1,0,0,1,,,,,,,,,,,,,,,
333,11.133333333333333,699538,21348.20556640625,21.34820556640625,9,SMALL_SWEEP,0x99,small_room|fast_turn|portal_view|stress,1787,1787,54.534912109375,18.33687744823727,5,0.152587890625,1782,54.38232421875,0,0.0,301,1324,1.17578125,5.171875,1,5,10372,227.900390625,0,1,123,80,43,2,2,1,0x04,0,0,0,1,0,1,0,0,1,1,0,0,1,,,,,,,,,,,,,,,
334,11.166666666666666,701361,21403.839111328125,21.403839111328125,9,SMALL_SWEEP,0x99,small_room|fast_turn|portal_view|stress,1823,1823,55.633544921875,17.97476686780033,5,0.152587890625,1817,55.450439453125,1,0.030517578125,301,1324,1.17578125,5.171875,1,5,10474,230.1416015625,0,1,122,80,42,2,2,1,0x04,0,0,0,1,0,1,0,0,1,1,0,0,1,,,,,,,,,,,,,,,
335,11.2,703189,21459.625244140625,21.459625244140625,9,SMALL_SWEEP,0x99,small_room|fast_turn|portal_view|stress,1828,1828,55.7861328125,17.925601750547045,5,0.152587890625,1823,55.633544921875,0,0.0,301,1324,1.17578125,5.171875,1,5,10576,232.3828125,0,1,123,80,43,2,2,1,0x04,0,0,0,1,0,1,0,0,1,1,0,0,1,,,,,,,,,,,,,,,
336,11.233333333333333,705066,21516.90673828125,21.51690673828125,9,SMALL_SWEEP,0x99,small_room|fast_turn|portal_view|stress,1877,1877,57.281494140625,17.45764517847629,5,0.152587890625,1872,57.12890625,0,0.0,301,1324,1.17578125,5.171875,1,5,10678,234.6240234375,0,1,124,80,44,2,2,1,0x04,0,0,0,1,0,1,0,0,1,1,0,0,1,,,,,,,,,,,,,,,
337,11.266666666666667,706969,21574.981689453125,21.574981689453125,9,SMALL_SWEEP,0x99,small_room|fast_turn|portal_view|stress,1903,1903,58.074951171875,17.219127693116132,6,0.18310546875,1897,57.891845703125,0,0.0,301,1324,1.17578125,5.171875,1,5,10780,236.865234375,0,1,123,80,43,2,2,1,0x04,0,0,0,1,0,1,0,0,1,1,0,0,1,,,,,,,,,,,,,,,
338,11.3,708898,21633.85009765625,21.63385009765625,9,SMALL_SWEEP,0x99,small_room|fast_turn|portal_view|stress,1929,1929,58.868408203125,16.98703991705547,5,0.152587890625,1923,58.685302734375,1,0.030517578125,301,1324,1.17578125,5.171875,1,5,10882,239.1064453125,0,1,122,80,42,2,2,1,0x04,0,0,0,1,0,1,0,0,1,1,0,0,1,,,,,,,,,,,,,,,
339,11.333333333333334,710877,21694.244384765625,21.694244384765625,9,SMALL_SWEEP,0x99,small_room|fast_turn|portal_view|stress,1979,1979,60.394287109375,16.557857503789794,6,0.18310546875,1973,60.211181640625,0,0.0,301,1324,1.17578125,5.171875,1,5,10984,241.34765625,0,1,124,80,44,2,2,1,0x04,0,0,0,1,0,1,0,0,1,1,0,0,1,,,,,,,,,,,,,,,
340,11.366666666666667,712839,21754.119873046875,21.754119873046875,9,SMALL_SWEEP,0x99,small_room|fast_turn|portal_view|stress,1962,1962,59.87548828125,16.7013251783894,6,0.18310546875,1956,59.6923828125,0,0.0,301,1324,1.17578125,5.171875,1,5,11086,243.5888671875,0,1,122,80,42,2,2,1,0x04,0,0,0,1,0,1,0,0,1,1,0,0,1,,,,,,,,,,,,,,,
341,11.4,714828,21814.8193359375,21.8148193359375,9,SMALL_SWEEP,0x99,small_room|fast_turn|portal_view|stress,1989,1989,60.699462890625,16.474610356963296,5,0.152587890625,1984,60.546875,0,0.0,301,1324,1.17578125,5.171875,1,5,11188,245.830078125,0,1,121,80,41,2,2,1,0x04,0,0,0,1,0,1,0,0,1,1,0,0,1,,,,,,,,,,,,,,,
342,11.433333333333334,716867,21877.044677734375,21.877044677734375,9,SMALL_SWEEP,0x99,small_room|fast_turn|portal_view|stress,2039,2039,62.225341796875,16.070622854340364,5,0.152587890625,2033,62.042236328125,1,0.030517578125,301,1324,1.17578125,5.171875,1,5,11290,248.0712890625,0,1,123,80,43,2,2,1,0x04,0,0,0,1,0,1,0,0,1,1,0,0,1,,,,,,,,,,,,,,,
343,11.466666666666667,718945,21940.460205078125,21.940460205078125,9,SMALL_SWEEP,0x99,small_room|fast_turn|portal_view|stress,2078,2078,63.41552734375,15.76900866217517,6,0.18310546875,2071,63.201904296875,1,0.030517578125,301,1324,1.17578125,5.171875,1,5,11392,250.3125,0,1,123,80,43,2,2,1,0x04,0,0,0,1,0,1,0,0,1,1,0,0,1,,,,,,,,,,,,,,,
344,11.5,721063,22005.096435546875,22.005096435546875,9,SMALL_SWEEP,0x99,small_room|fast_turn|portal_view|stress,2118,2118,64.63623046875,15.47119924457035,5,0.152587890625,2113,64.483642578125,0,0.0,301,1324,1.17578125,5.171875,1,5,11494,252.5537109375,0,1,124,80,44,2,2,1,0x04,0,0,0,1,0,1,0,0,1,1,0,0,1,,,,,,,,,,,,,,,
345,11.533333333333333,723171,22069.427490234375,22.069427490234375,9,SMALL_SWEEP,0x99,small_room|fast_turn|portal_view|stress,2108,2108,64.3310546875,15.544592030360532,5,0.152587890625,2102,64.14794921875,1,0.030517578125,301,1324,1.17578125,5.171875,1,5,11596,254.794921875,0,1,123,80,43,2,2,1,0x04,0,0,0,1,0,1,0,0,1,1,0,0,1,,,,,,,,,,,,,,,
346,11.566666666666666,725334,22135.43701171875,22.13543701171875,9,SMALL_SWEEP,0x99,small_room|fast_turn|portal_view|stress,2163,2163,66.009521484375,15.149329634766527,6,0.18310546875,2156,65.7958984375,1,0.030517578125,301,1324,1.17578125,5.171875,1,5,11698,257.0361328125,0,1,125,80,45,2,2,1,0x04,0,0,0,1,0,1,0,0,1,1,0,0,1,,,,,,,,,,,,,,,
347,11.6,727517,22202.056884765625,22.202056884765625,9,SMALL_SWEEP,0x99,small_room|fast_turn|portal_view|stress,2183,2183,66.619873046875,15.010535959688502,6,0.18310546875,2177,66.436767578125,0,0.0,301,1324,1.17578125,5.171875,1,5,11800,259.27734375,0,1,124,80,44,2,2,1,0x04,0,0,0,1,0,1,0,0,1,1,0,0,1,,,,,,,,,,,,,,,
348,11.633333333333333,729693,22268.463134765625,22.268463134765625,9,SMALL_SWEEP,0x99,small_room|fast_turn|portal_view|stress,2176,2176,66.40625,15.058823529411764,5,0.152587890625,2170,66.22314453125,1,0.030517578125,301,1324,1.17578125,5.171875,1,5,11902,261.5185546875,0,1,123,80,43,2,2,1,0x04,0,0,0,1,0,1,0,0,1,1,0,0,1,,,,,,,,,,,,,,,
349,11.666666666666666,731916,22336.3037109375,22.3363037109375,9,SMALL_SWEEP,0x99,small_room|fast_turn|portal_view|stress,2223,2223,67.840576171875,14.740440845704004,6,0.18310546875,2216,67.626953125,1,0.030517578125,301,1324,1.17578125,5.171875,1,5,12004,263.759765625,0,1,124,80,44,2,2,1,0x04,0,0,0,1,0,1,0,0,1,1,0,0,1,,,,,,,,,,,,,,,
350,11.7,734175,22405.242919921875,22.405242919921875,9,SMALL_SWEEP,0x99,small_room|fast_turn|portal_view|stress,2259,2259,68.939208984375,14.505533421868083,5,0.152587890625,2253,68.756103515625,1,0.030517578125,301,1324,1.17578125,5.171875,1,5,12106,266.0009765625,0,1,124,80,44,2,2,1,0x04,0,0,0,1,0,1,0,0,1,1,0,0,1,,,,,,,,,,,,,,,
351,11.733333333333333,736448,22474.609375,22.474609375,9,SMALL_SWEEP,0x99,small_room|fast_turn|portal_view|stress,2273,2273,69.366455078125,14.416190057193138,6,0.18310546875,2266,69.15283203125,1,0.030517578125,301,1324,1.17578125,5.171875,1,5,12208,268.2421875,0,1,126,80,46,2,2,1,0x04,0,0,0,1,0,1,0,0,1,1,0,0,1,,,,,,,,,,,,,,,
352,11.766666666666667,738752,22544.921875,22.544921875,9,SMALL_SWEEP,0x99,small_room|fast_turn|portal_view|stress,2304,2304,70.3125,14.222222222222221,6,0.18310546875,2297,70.098876953125,1,0.030517578125,301,1324,1.17578125,5.171875,1,5,12310,270.4833984375,0,1,126,80,46,2,2,1,0x04,0,0,0,1,0,1,0,0,1,1,0,0,1,,,,,,,,,,,,,,,
353,11.8,741098,22616.51611328125,22.61651611328125,9,SMALL_SWEEP,0x99,small_room|fast_turn|portal_view|stress,2346,2346,71.59423828125,13.967604433077579,6,0.18310546875,2340,71.4111328125,0,0.0,301,1324,1.17578125,5.171875,1,5,12412,272.724609375,0,1,124,80,44,2,2,1,0x04,0,0,0,1,0,1,0,0,1,1,0,0,1,,,,,,,,,,,,,,,
354,11.833333333333334,743415,22687.225341796875,22.687225341796875,9,SMALL_SWEEP,0x99,small_room|fast_turn|portal_view|stress,2317,2317,70.709228515625,14.142425550280535,5,0.152587890625,2312,70.556640625,0,0.0,301,1324,1.17578125,5.171875,1,5,12514,274.9658203125,0,1,120,80,40,2,2,1,0x04,0,0,0,1,0,1,0,0,1,1,0,0,1,,,,,,,,,,,,,,,
355,11.866666666666667,745724,22757.6904296875,22.7576904296875,9,SMALL_SWEEP,0x99,small_room|fast_turn|portal_view|stress,2309,2309,70.465087890625,14.191424859246426,6,0.18310546875,2303,70.281982421875,0,0.0,301,1324,1.17578125,5.171875,1,5,12616,277.20703125,0,1,118,80,38,2,2,1,0x04,0,0,0,1,0,1,0,0,1,1,0,0,1,,,,,,,,,,,,,,,
356,11.9,748009,22827.423095703125,22.827423095703125,9,SMALL_SWEEP,0x99,small_room|fast_turn|portal_view|stress,2285,2285,69.732666015625,14.340481400437637,5,0.152587890625,2279,69.549560546875,1,0.030517578125,301,1324,1.17578125,5.171875,1,5,12718,279.4482421875,0,1,115,80,35,2,2,1,0x04,0,0,0,1,0,1,0,0,1,1,0,0,1,,,,,,,,,,,,,,,
357,11.933333333333334,750289,22897.003173828125,22.897003173828125,9,SMALL_SWEEP,0x99,small_room|fast_turn|portal_view|stress,2280,2280,69.580078125,14.371929824561404,6,0.18310546875,2274,69.39697265625,0,0.0,301,1324,1.17578125,5.171875,1,5,12820,281.689453125,0,1,114,80,34,2,2,1,0x04,0,0,0,1,0,1,0,0,1,1,0,0,1,,,,,,,,,,,,,,,
358,11.966666666666667,752592,22967.28515625,22.96728515625,9,SMALL_SWEEP,0x99,small_room|fast_turn|portal_view|stress,2303,2303,70.281982421875,14.228397742075554,5,0.152587890625,2298,70.12939453125,0,0.0,301,1324,1.17578125,5.171875,1,5,12922,283.9306640625,0,1,116,80,36,2,2,1,0x04,0,0,0,1,0,1,0,0,1,1,0,0,1,,,,,,,,,,,,,,,
359,12.0,754896,23037.59765625,23.03759765625,9,SMALL_SWEEP,0x99,small_room|fast_turn|portal_view|stress,2304,2304,70.3125,14.222222222222221,5,0.152587890625,2298,70.12939453125,1,0.030517578125,301,1324,1.17578125,5.171875,1,5,13024,286.171875,0,1,115,80,35,2,2,1,0x04,0,0,0,1,0,1,0,0,1,1,0,0,1,,,,,,,,,,,,,,,
360,12.033333333333333,757169,23106.964111328125,23.106964111328125,9,SMALL_SWEEP,0x99,small_room|fast_turn|portal_view|stress,2273,2273,69.366455078125,14.416190057193138,5,0.152587890625,2267,69.183349609375,1,0.030517578125,301,1324,1.17578125,5.171875,1,5,13126,288.4130859375,0,1,111,80,31,2,2,1,0x04,0,0,0,1,0,1,0,0,1,1,0,0,1,,,,,,,,,,,,,,,
361,12.066666666666666,759410,23175.35400390625,23.17535400390625,9,SMALL_SWEEP,0x99,small_room|fast_turn|portal_view|stress,2241,2241,68.389892578125,14.622043730477465,6,0.18310546875,2235,68.206787109375,0,0.0,301,1324,1.17578125,5.171875,1,5,13228,290.654296875,0,1,107,80,27,2,2,1,0x04,0,0,0,1,0,1,0,0,1,1,0,0,1,,,,,,,,,,,,,,,
362,12.1,761671,23244.354248046875,23.244354248046875,9,SMALL_SWEEP,0x99,small_room|fast_turn|portal_view|stress,2261,2261,69.000244140625,14.492702344095534,5,0.152587890625,2256,68.84765625,0,0.0,301,1324,1.17578125,5.171875,1,5,13330,292.8955078125,0,1,109,80,29,3,3,2,0x04,0,0,0,1,0,1,0,0,1,1,0,0,1,,,,,,,,,,,,,,,
363,12.133333333333333,763934,23313.41552734375,23.31341552734375,9,SMALL_SWEEP,0x99,small_room|fast_turn|portal_view|stress,2263,2263,69.061279296875,14.479893946089263,6,0.18310546875,2256,68.84765625,1,0.030517578125,301,1324,1.17578125,5.171875,1,5,13432,295.13671875,0,1,110,80,30,3,3,2,0x04,0,0,0,1,0,1,0,0,1,1,0,0,1,,,,,,,,,,,,,,,
364,12.166666666666666,766205,23382.720947265625,23.382720947265625,9,SMALL_SWEEP,0x99,small_room|fast_turn|portal_view|stress,2271,2271,69.305419921875,14.428885953324526,6,0.18310546875,2265,69.122314453125,0,0.0,301,1324,1.17578125,5.171875,1,5,13534,297.3779296875,0,1,111,80,31,3,3,2,0x04,0,0,0,1,0,1,0,0,1,1,0,0,1,,,,,,,,,,,,,,,
365,12.2,768454,23451.35498046875,23.45135498046875,9,SMALL_SWEEP,0x99,small_room|fast_turn|portal_view|stress,2249,2249,68.634033203125,14.57003112494442,5,0.152587890625,2244,68.4814453125,0,0.0,301,1324,1.17578125,5.171875,1,5,13636,299.619140625,0,1,109,80,29,3,3,2,0x04,0,0,0,1,0,1,0,0,1,1,0,0,1,,,,,,,,,,,,,,,
366,12.233333333333333,770688,23519.53125,23.51953125,9,SMALL_SWEEP,0x99,small_room|fast_turn|portal_view|stress,2234,2234,68.17626953125,14.667860340196956,6,0.18310546875,2228,67.9931640625,0,0.0,301,1324,1.17578125,5.171875,1,5,13738,301.8603515625,0,1,107,80,27,3,3,2,0x04,0,0,0,1,0,1,0,0,1,1,0,0,1,,,,,,,,,,,,,,,
367,12.266666666666667,772920,23587.646484375,23.587646484375,9,SMALL_SWEEP,0x99,small_room|fast_turn|portal_view|stress,2232,2232,68.115234375,14.68100358422939,5,0.152587890625,2227,67.962646484375,0,0.0,301,1324,1.17578125,5.171875,1,5,13840,304.1015625,0,1,107,80,27,3,3,2,0x04,0,0,0,1,0,1,0,0,1,1,0,0,1,,,,,,,,,,,,,,,
368,12.3,775142,23655.45654296875,23.65545654296875,9,SMALL_SWEEP,0x99,small_room|fast_turn|portal_view|stress,2222,2222,67.81005859375,14.747074707470746,6,0.18310546875,2215,67.596435546875,1,0.030517578125,301,1324,1.17578125,5.171875,1,5,13942,306.3427734375,0,1,106,80,26,3,3,2,0x04,0,0,0,1,0,1,0,0,1,1,0,0,1,,,,,,,,,,,,,,,
369,12.333333333333334,777333,23722.320556640625,23.722320556640625,9,SMALL_SWEEP,0x99,small_room|fast_turn|portal_view|stress,2191,2191,66.864013671875,14.955727978092195,6,0.18310546875,2185,66.680908203125,0,0.0,301,1324,1.17578125,5.171875,1,5,14044,308.583984375,0,1,106,80,26,3,3,2,0x04,0,0,0,1,0,1,0,0,1,1,0,0,1,,,,,,,,,,,,,,,
370,12.366666666666667,779484,23787.9638671875,23.7879638671875,9,SMALL_SWEEP,0x99,small_room|fast_turn|portal_view|stress,2151,2151,65.643310546875,15.233844723384472,5,0.152587890625,2145,65.460205078125,1,0.030517578125,301,1324,1.17578125,5.171875,1,5,14146,310.8251953125,0,1,106,80,26,3,3,2,0x04,0,0,0,1,0,1,0,0,1,1,0,0,1,,,,,,,,,,,,,,,
371,12.4,781627,23853.363037109375,23.853363037109375,9,SMALL_SWEEP,0x99,small_room|fast_turn|portal_view|stress,2143,2143,65.399169921875,15.290713952403173,6,0.18310546875,2136,65.185546875,1,0.030517578125,301,1324,1.17578125,5.171875,1,5,14248,313.06640625,0,1,105,80,25,3,3,2,0x04,0,0,0,1,0,1,0,0,1,1,0,0,1,,,,,,,,,,,,,,,
372,12.433333333333334,783782,23919.12841796875,23.91912841796875,9,SMALL_SWEEP,0x99,small_room|fast_turn|portal_view|stress,2155,2155,65.765380859375,15.205568445475638,6,0.18310546875,2148,65.5517578125,1,0.030517578125,301,1324,1.17578125,5.171875,1,5,14350,315.3076171875,0,1,106,80,26,3,3,2,0x04,0,0,0,1,0,1,0,0,1,1,0,0,1,,,,,,,,,,,,,,,
373,12.466666666666667,785928,23984.619140625,23.984619140625,9,SMALL_SWEEP,0x99,small_room|fast_turn|portal_view|stress,2146,2146,65.49072265625,15.269338303821062,6,0.18310546875,2139,65.277099609375,1,0.030517578125,301,1324,1.17578125,5.171875,1,5,14452,317.548828125,0,1,105,80,25,3,3,2,0x04,0,0,0,1,0,1,0,0,1,1,0,0,1,,,,,,,,,,,,,,,
374,12.5,788139,24052.093505859375,24.052093505859375,9,SMALL_SWEEP,0x99,small_room|fast_turn|portal_view|stress,2211,2211,67.474365234375,14.820443238353686,5,0.152587890625,2206,67.32177734375,0,0.0,301,1324,1.17578125,5.171875,1,5,14554,319.7900390625,0,1,108,80,28,3,3,2,0x04,0,0,0,1,0,1,0,0,1,1,0,0,1,,,,,,,,,,,,,,,
375,12.533333333333333,790342,24119.32373046875,24.11932373046875,9,SMALL_SWEEP,0x99,small_room|fast_turn|portal_view|stress,2203,2203,67.230224609375,14.874262369496142,5,0.152587890625,2198,67.07763671875,0,0.0,301,1324,1.17578125,5.171875,1,5,14656,322.03125,0,1,107,80,27,3,3,2,0x04,0,0,0,1,0,1,0,0,1,1,0,0,1,,,,,,,,,,,,,,,
376,12.566666666666666,792576,24187.5,24.1875,9,SMALL_SWEEP,0x99,small_room|fast_turn|portal_view|stress,2234,2234,68.17626953125,14.667860340196956,6,0.18310546875,2228,67.9931640625,0,0.0,301,1324,1.17578125,5.171875,1,5,14758,324.2724609375,0,1,106,80,26,3,3,2,0x04,0,0,0,1,0,1,0,0,1,1,0,0,1,,,,,,,,,,,,,,,
377,12.6,794879,24257.781982421875,24.257781982421875,9,SMALL_SWEEP,0x99,small_room|fast_turn|portal_view|stress,2303,2303,70.281982421875,14.228397742075554,6,0.18310546875,2297,70.098876953125,0,0.0,301,1324,1.17578125,5.171875,1,5,14860,326.513671875,0,1,110,80,30,3,3,2,0x04,0,0,0,1,0,1,0,0,1,1,0,0,1,,,,,,,,,,,,,,,
378,12.633333333333333,797202,24328.67431640625,24.32867431640625,9,SMALL_SWEEP,0x99,small_room|fast_turn|portal_view|stress,2323,2323,70.892333984375,14.105897546276367,5,0.152587890625,2317,70.709228515625,1,0.030517578125,301,1324,1.17578125,5.171875,1,5,14962,328.7548828125,0,1,109,80,29,3,3,2,0x04,0,0,0,1,0,1,0,0,1,1,0,0,1,,,,,,,,,,,,,,,
379,12.666666666666666,799586,24401.42822265625,24.40142822265625,9,SMALL_SWEEP,0x99,small_room|fast_turn|portal_view|stress,2384,2384,72.75390625,13.74496644295302,6,0.18310546875,2378,72.57080078125,0,0.0,301,1324,1.17578125,5.171875,1,5,15064,330.99609375,0,1,113,80,33,3,3,2,0x04,0,0,0,1,0,1,0,0,1,1,0,0,1,,,,,,,,,,,,,,,
380,12.7,801947,24473.480224609375,24.473480224609375,9,SMALL_SWEEP,0x99,small_room|fast_turn|portal_view|stress,2361,2361,72.052001953125,13.878864887759423,5,0.152587890625,2355,71.868896484375,1,0.030517578125,301,1324,1.17578125,5.171875,1,5,15166,333.2373046875,0,1,110,80,30,3,3,2,0x04,0,0,0,1,0,1,0,0,1,1,0,0,1,,,,,,,,,,,,,,,
381,12.733333333333333,804349,24546.783447265625,24.546783447265625,9,SMALL_SWEEP,0x99,small_room|fast_turn|portal_view|stress,2402,2402,73.30322265625,13.641965029142382,6,0.18310546875,2396,73.1201171875,0,0.0,301,1324,1.17578125,5.171875,1,5,15268,335.478515625,0,1,111,80,31,3,3,2,0x04,0,0,0,1,0,1,0,0,1,1,0,0,1,,,,,,,,,,,,,,,
382,12.766666666666667,806744,24619.873046875,24.619873046875,9,SMALL_SWEEP,0x99,small_room|fast_turn|portal_view|stress,2395,2395,73.089599609375,13.681837160751567,5,0.152587890625,2390,72.93701171875,0,0.0,301,1324,1.17578125,5.171875,1,5,15370,337.7197265625,0,1,107,80,27,3,3,2,0x04,0,0,0,1,0,1,0,0,1,1,0,0,1,,,,,,,,,,,,,,,
383,12.8,809175,24694.061279296875,24.694061279296875,9,SMALL_SWEEP,0x99,small_room|fast_turn|portal_view|stress,2431,2431,74.188232421875,13.479226655697245,5,0.152587890625,2425,74.005126953125,1,0.030517578125,301,1324,1.17578125,5.171875,1,5,15472,339.9609375,0,1,107,80,27,3,3,2,0x04,0,0,0,1,0,1,0,0,1,1,0,0,1,,,,,,,,,,,,,,,
384,12.833333333333334,811595,24767.913818359375,24.767913818359375,9,SMALL_SWEEP,0x99,small_room|fast_turn|portal_view|stress,2420,2420,73.8525390625,13.540495867768595,6,0.18310546875,2414,73.66943359375,0,0.0,301,1324,1.17578125,5.171875,1,5,15574,342.2021484375,0,1,105,80,25,3,3,2,0x04,0,0,0,1,0,1,0,0,1,1,0,0,1,,,,,,,,,,,,,,,
385,12.866666666666667,814070,24843.44482421875,24.84344482421875,9,SMALL_SWEEP,0x99,small_room|fast_turn|portal_view|stress,2475,2475,75.531005859375,13.23959595959596,6,0.18310546875,2469,75.347900390625,0,0.0,301,1324,1.17578125,5.171875,1,5,15676,344.443359375,0,1,108,80,28,3,3,2,0x04,0,0,0,1,0,1,0,0,1,1,0,0,1,,,,,,,,,,,,,,,
386,12.9,816568,24919.677734375,24.919677734375,9,SMALL_SWEEP,0x99,small_room|fast_turn|portal_view|stress,2498,2498,76.23291015625,13.117694155324259,6,0.18310546875,2492,76.0498046875,0,0.0,301,1324,1.17578125,5.171875,1,5,15778,346.6845703125,0,1,106,80,26,3,3,2,0x06,1,0,0,1,0,1,0,0,1,1,0,0,1,76.416015625,18.37158203125,0.0,36.56005859375,10.31494140625,5.43212890625,3.662109375,2.0751953125,26,77,29,29,29,482,1244
387,12.933333333333334,819043,24995.208740234375,24.995208740234375,9,SMALL_SWEEP,0x99,small_room|fast_turn|portal_view|stress,2475,2475,75.531005859375,13.23959595959596,5,0.152587890625,2469,75.347900390625,1,0.030517578125,301,1324,1.17578125,5.171875,1,5,15880,348.92578125,0,1,104,80,24,3,3,2,0x04,0,0,0,1,0,1,0,0,1,1,0,0,1,,,,,,,,,,,,,,,
388,12.966666666666667,821480,25069.580078125,25.069580078125,9,SMALL_SWEEP,0x99,small_room|fast_turn|portal_view|stress,2437,2437,74.371337890625,13.446040213377103,5,0.152587890625,2432,74.21875,0,0.0,301,1324,1.17578125,5.171875,1,5,15982,351.1669921875,0,1,100,80,20,3,3,2,0x04,0,0,0,1,0,1,0,0,1,1,0,0,1,,,,,,,,,,,,,,,
389,13.0,823905,25143.585205078125,25.143585205078125,9,SMALL_SWEEP,0x99,small_room|fast_turn|portal_view|stress,2425,2425,74.005126953125,13.51257731958763,5,0.152587890625,2420,73.8525390625,0,0.0,301,1324,1.17578125,5.171875,1,5,16084,353.408203125,0,1,99,80,19,3,3,2,0x04,0,0,0,1,0,1,0,0,1,1,0,0,1,,,,,,,,,,,,,,,
390,13.033333333333333,826326,25217.46826171875,25.21746826171875,9,SMALL_SWEEP,0x99,small_room|fast_turn|portal_view|stress,2421,2421,73.883056640625,13.53490293267245,5,0.152587890625,2415,73.699951171875,1,0.030517578125,301,1324,1.17578125,5.171875,1,5,16186,355.6494140625,0,1,99,80,19,3,3,2,0x04,0,0,0,1,0,1,0,0,1,1,0,0,1,,,,,,,,,,,,,,,
391,13.066666666666666,828736,25291.015625,25.291015625,9,SMALL_SWEEP,0x99,small_room|fast_turn|portal_view|stress,2410,2410,73.54736328125,13.59668049792531,6,0.18310546875,2403,73.333740234375,1,0.030517578125,301,1324,1.17578125,5.171875,1,5,16288,357.890625,0,1,98,80,18,3,3,2,0x0C,0,0,0,1,1,1,0,0,1,1,0,0,1,,,,,,,,,,,,,,,
392,13.1,831158,25364.92919921875,25.36492919921875,10,B_RETURN,0x71,small_room|portal_view|portal_approach|portal_cross,2422,2422,73.91357421875,13.529314616019818,15,0.457763671875,2406,73.42529296875,1,0.030517578125,320,1324,1.25,5.171875,1,5,16288,357.890625,1,0,98,80,18,3,3,2,0x06,1,0,0,1,0,1,0,0,0,1,1,1,0,73.66943359375,18.5546875,0.0,36.19384765625,9.70458984375,4.425048828125,3.47900390625,1.312255859375,18,78,20,20,20,599,1091
393,13.133333333333333,833569,25438.507080078125,25.438507080078125,10,B_RETURN,0x71,small_room|portal_view|portal_approach|portal_cross,2411,2411,73.577880859375,13.591041061800082,15,0.457763671875,2396,73.1201171875,0,0.0,339,1324,1.32421875,5.171875,1,5,16288,357.890625,1,0,97,80,17,3,3,2,0x04,0,0,0,1,0,1,0,0,0,1,1,1,0,,,,,,,,,,,,,,,
394,13.166666666666666,835973,25511.871337890625,25.511871337890625,10,B_RETURN,0x71,small_room|portal_view|portal_approach|portal_cross,2404,2404,73.3642578125,13.630615640599002,15,0.457763671875,2389,72.906494140625,0,0.0,358,1324,1.3984375,5.171875,1,5,16288,357.890625,1,0,96,80,16,3,3,2,0x04,0,0,0,1,0,1,0,0,0,1,1,1,0,,,,,,,,,,,,,,,
395,13.2,838377,25585.235595703125,25.585235595703125,10,B_RETURN,0x71,small_room|portal_view|portal_approach|portal_cross,2404,2404,73.3642578125,13.630615640599002,15,0.457763671875,2388,72.8759765625,1,0.030517578125,377,1324,1.47265625,5.171875,1,5,16288,357.890625,1,0,96,80,16,3,3,2,0x04,0,0,0,1,0,1,0,0,0,1,1,1,0,,,,,,,,,,,,,,,
396,13.233333333333333,840774,25658.38623046875,25.65838623046875,10,B_RETURN,0x71,small_room|portal_view|portal_approach|portal_cross,2397,2397,73.150634765625,13.670421360033375,15,0.457763671875,2382,72.69287109375,0,0.0,396,1324,1.546875,5.171875,1,5,16288,357.890625,1,0,94,80,14,3,3,2,0x04,0,0,0,1,0,1,0,0,0,1,1,1,0,,,,,,,,,,,,,,,
397,13.266666666666667,843170,25731.50634765625,25.73150634765625,10,B_RETURN,0x71,small_room|portal_view|portal_approach|portal_cross,2396,2396,73.1201171875,13.676126878130217,15,0.457763671875,2381,72.662353515625,0,0.0,415,1324,1.62109375,5.171875,1,5,16288,357.890625,1,0,94,80,14,3,3,2,0x04,0,0,0,1,0,1,0,0,0,1,1,1,0,,,,,,,,,,,,,,,
398,13.3,845558,25804.38232421875,25.80438232421875,10,B_RETURN,0x71,small_room|portal_view|portal_approach|portal_cross,2388,2388,72.8759765625,13.721943048576215,15,0.457763671875,2372,72.3876953125,1,0.030517578125,434,1324,1.6953125,5.171875,1,5,16288,357.890625,1,0,94,80,14,3,3,2,0x04,0,0,0,1,0,1,0,0,0,1,1,1,0,,,,,,,,,,,,,,,
399,13.333333333333334,847948,25877.3193359375,25.8773193359375,10,B_RETURN,0x71,small_room|portal_view|portal_approach|portal_cross,2390,2390,72.93701171875,13.710460251046024,15,0.457763671875,2374,72.44873046875,1,0.030517578125,453,1324,1.76953125,5.171875,1,5,16288,357.890625,1,0,94,80,14,3,3,2,0x04,0,0,0,1,0,1,0,0,0,1,1,1,0,,,,,,,,,,,,,,,
400,13.366666666666667,850332,25950.0732421875,25.9500732421875,10,B_RETURN,0x71,small_room|portal_view|portal_approach|portal_cross,2384,2384,72.75390625,13.74496644295302,16,0.48828125,2367,72.235107421875,1,0.030517578125,472,1324,1.84375,5.171875,1,5,16288,357.890625,1,0,93,80,13,3,3,2,0x04,0,0,0,1,0,1,0,0,0,1,1,1,0,,,,,,,,,,,,,,,
401,13.4,852707,26022.552490234375,26.022552490234375,10,B_RETURN,0x71,small_room|portal_view|portal_approach|portal_cross,2375,2375,72.479248046875,13.797052631578948,16,0.48828125,2358,71.96044921875,1,0.030517578125,491,1324,1.91796875,5.171875,1,5,16288,357.890625,1,0,92,80,12,2,2,1,0x04,0,0,0,1,0,1,0,0,0,1,1,1,0,,,,,,,,,,,,,,,
402,13.433333333333334,855079,26094.940185546875,26.094940185546875,10,B_RETURN,0x71,small_room|portal_view|portal_approach|portal_cross,2372,2372,72.3876953125,13.81450252951096,16,0.48828125,2356,71.8994140625,0,0.0,510,1324,1.9921875,5.171875,1,5,16288,357.890625,1,0,91,80,11,2,2,1,0x04,0,0,0,1,0,1,0,0,0,1,1,1,0,,,,,,,,,,,,,,,
403,13.466666666666667,857412,26166.1376953125,26.1661376953125,10,B_RETURN,0x71,small_room|portal_view|portal_approach|portal_cross,2333,2333,71.197509765625,14.045435062151736,16,0.48828125,2316,70.6787109375,1,0.030517578125,529,1324,2.06640625,5.171875,2,5,16288,357.890625,1,0,91,80,11,2,2,1,0x04,0,0,0,1,0,1,0,0,0,1,1,1,0,,,,,,,,,,,,,,,
404,13.5,859735,26237.030029296875,26.237030029296875,10,B_RETURN,0x71,small_room|portal_view|portal_approach|portal_cross,2323,2323,70.892333984375,14.105897546276367,15,0.457763671875,2308,70.4345703125,0,0.0,548,1324,2.140625,5.171875,2,5,16288,357.890625,1,0,90,80,10,2,2,1,0x04,0,0,0,1,0,1,0,0,0,1,1,1,0,,,,,,,,,,,,,,,
405,13.533333333333333,862059,26307.952880859375,26.307952880859375,10,B_RETURN,0x71,small_room|portal_view|portal_approach|portal_cross,2324,2324,70.9228515625,14.099827882960414,15,0.457763671875,2308,70.4345703125,1,0.030517578125,567,1324,2.21484375,5.171875,2,5,16288,357.890625,1,0,90,80,10,2,2,1,0x04,0,0,0,1,0,1,0,0,0,1,1,1,0,,,,,,,,,,,,,,,
406,13.566666666666666,864384,26378.90625,26.37890625,10,B_RETURN,0x71,small_room|portal_view|portal_approach|portal_cross,2325,2325,70.953369140625,14.093763440860215,15,0.457763671875,2310,70.49560546875,0,0.0,586,1324,2.2890625,5.171875,2,5,16288,357.890625,1,0,90,80,10,2,2,1,0x04,0,0,0,1,0,1,0,0,0,1,1,1,0,,,,,,,,,,,,,,,
407,13.6,866709,26449.859619140625,26.449859619140625,10,B_RETURN,0x71,small_room|portal_view|portal_approach|portal_cross,2325,2325,70.953369140625,14.093763440860215,15,0.457763671875,2310,70.49560546875,0,0.0,605,1324,2.36328125,5.171875,2,5,16288,357.890625,1,0,90,80,10,2,2,1,0x04,0,0,0,1,0,1,0,0,0,1,1,1,0,,,,,,,,,,,,,,,
408,13.633333333333333,869035,26520.843505859375,26.520843505859375,10,B_RETURN,0x71,small_room|portal_view|portal_approach|portal_cross,2326,2326,70.98388671875,14.087704213241617,15,0.457763671875,2311,70.526123046875,0,0.0,624,1324,2.4375,5.171875,2,5,16288,357.890625,1,0,90,80,10,2,2,1,0x04,0,0,0,1,0,1,0,0,0,1,1,1,0,,,,,,,,,,,,,,,
409,13.666666666666666,871360,26591.796875,26.591796875,10,B_RETURN,0x71,small_room|portal_view|portal_approach|portal_cross,2325,2325,70.953369140625,14.093763440860215,15,0.457763671875,2310,70.49560546875,0,0.0,643,1324,2.51171875,5.171875,2,5,16288,357.890625,1,0,90,80,10,2,2,1,0x04,0,0,0,1,0,1,0,0,0,1,1,1,0,,,,,,,,,,,,,,,
410,13.7,873688,26662.841796875,26.662841796875,10,B_RETURN,0x71,small_room|portal_view|portal_approach|portal_cross,2328,2328,71.044921875,14.075601374570446,15,0.457763671875,2312,70.556640625,1,0.030517578125,662,1324,2.5859375,5.171875,2,5,16288,357.890625,1,0,90,80,10,2,2,1,0x04,0,0,0,1,0,1,0,0,0,1,1,1,0,,,,,,,,,,,,,,,
411,13.733333333333333,876014,26733.82568359375,26.73382568359375,10,B_RETURN,0x71,small_room|portal_view|portal_approach|portal_cross,2326,2326,70.98388671875,14.087704213241617,15,0.457763671875,2310,70.49560546875,1,0.030517578125,681,1324,2.66015625,5.171875,2,5,16288,357.890625,1,0,90,80,10,2,2,1,0x0C,0,0,0,1,1,1,0,0,0,1,1,1,0,,,,,,,,,,,,,,,
412,13.766666666666667,878341,26804.840087890625,26.804840087890625,11,OPEN_TRAVERSE,0x02,large_room,2327,2327,71.014404296875,14.081650193382037,15,0.457763671875,2312,70.556640625,0,0.0,700,1324,2.734375,5.171875,2,5,16288,357.890625,1,0,90,80,10,2,2,1,0x04,0,0,0,1,0,0,1,0,0,0,0,0,0,,,,,,,,,,,,,,,
413,13.8,880666,26875.79345703125,26.87579345703125,11,OPEN_TRAVERSE,0x02,large_room,2325,2325,70.953369140625,14.093763440860215,15,0.457763671875,2310,70.49560546875,0,0.0,719,1324,2.80859375,5.171875,2,5,16288,357.890625,1,0,90,80,10,2,2,1,0x04,0,0,0,1,0,0,1,0,0,0,0,0,0,,,,,,,,,,,,,,,
414,13.833333333333334,883005,26947.174072265625,26.947174072265625,11,OPEN_TRAVERSE,0x02,large_room,2339,2339,71.380615234375,14.009405728943992,15,0.457763671875,2323,70.892333984375,1,0.030517578125,738,1324,2.8828125,5.171875,2,5,16288,357.890625,1,0,91,80,11,2,2,1,0x04,0,0,0,1,0,0,1,0,0,0,0,0,0,,,,,,,,,,,,,,,
415,13.866666666666667,885339,27018.402099609375,27.018402099609375,11,OPEN_TRAVERSE,0x02,large_room,2334,2334,71.22802734375,14.03941730934019,16,0.48828125,2318,70.73974609375,0,0.0,757,1324,2.95703125,5.171875,2,5,16288,357.890625,1,0,91,80,11,2,2,1,0x04,0,0,0,1,0,0,1,0,0,0,0,0,0,,,,,,,,,,,,,,,
416,13.9,887637,27088.531494140625,27.088531494140625,11,OPEN_TRAVERSE,0x02,large_room,2298,2298,70.12939453125,14.25935596170583,16,0.48828125,2282,69.64111328125,0,0.0,776,1324,3.03125,5.171875,3,5,16288,357.890625,1,0,91,80,11,2,2,1,0x04,0,0,0,1,0,0,1,0,0,0,0,0,0,,,,,,,,,,,,,,,
417,13.933333333333334,889940,27158.8134765625,27.1588134765625,11,OPEN_TRAVERSE,0x02,large_room,2303,2303,70.281982421875,14.228397742075554,15,0.457763671875,2288,69.82421875,0,0.0,795,1324,3.10546875,5.171875,3,5,16288,357.890625,1,0,92,80,12,2,2,1,0x04,0,0,0,1,0,0,1,0,0,0,0,0,0,,,,,,,,,,,,,,,
418,13.966666666666667,892246,27229.18701171875,27.22918701171875,11,OPEN_TRAVERSE,0x02,large_room,2306,2306,70.37353515625,14.209887250650477,15,0.457763671875,2290,69.88525390625,1,0.030517578125,814,1324,3.1796875,5.171875,3,5,16288,357.890625,1,0,92,80,12,2,2,1,0x04,0,0,0,1,0,0,1,0,0,0,0,0,0,,,,,,,,,,,,,,,
419,14.0,894551,27299.530029296875,27.299530029296875,11,OPEN_TRAVERSE,0x02,large_room,2305,2305,70.343017578125,14.216052060737526,15,0.457763671875,2290,69.88525390625,0,0.0,833,1324,3.25390625,5.171875,3,5,16288,357.890625,1,0,92,80,12,2,2,1,0x04,0,0,0,1,0,0,1,0,0,0,0,0,0,,,,,,,,,,,,,,,
420,14.033333333333333,896856,27369.873046875,27.369873046875,11,OPEN_TRAVERSE,0x02,large_room,2305,2305,70.343017578125,14.216052060737526,15,0.457763671875,2289,69.854736328125,1,0.030517578125,852,1324,3.328125,5.171875,3,5,16288,357.890625,1,0,92,80,12,2,2,1,0x04,0,0,0,1,0,0,1,0,0,0,0,0,0,,,,,,,,,,,,,,,
421,14.066666666666666,899160,27440.185546875,27.440185546875,11,OPEN_TRAVERSE,0x02,large_room,2304,2304,70.3125,14.222222222222221,15,0.457763671875,2289,69.854736328125,0,0.0,871,1324,3.40234375,5.171875,3,5,16288,357.890625,1,0,92,80,12,2,2,1,0x04,0,0,0,1,0,0,1,0,0,0,0,0,0,,,,,,,,,,,,,,,
422,14.1,901464,27510.498046875,27.510498046875,11,OPEN_TRAVERSE,0x02,large_room,2304,2304,70.3125,14.222222222222221,15,0.457763671875,2288,69.82421875,1,0.030517578125,890,1324,3.4765625,5.171875,3,5,16288,357.890625,1,0,92,80,12,2,2,1,0x04,0,0,0,1,0,0,1,0,0,0,0,0,0,,,,,,,,,,,,,,,
423,14.133333333333333,903771,27580.902099609375,27.580902099609375,11,OPEN_TRAVERSE,0x02,large_room,2307,2307,70.404052734375,14.203727785002167,15,0.457763671875,2291,69.915771484375,1,0.030517578125,909,1324,3.55078125,5.171875,3,5,16288,357.890625,1,0,92,80,12,2,2,1,0x04,0,0,0,1,0,0,1,0,0,0,0,0,0,,,,,,,,,,,,,,,
424,14.166666666666666,906076,27651.2451171875,27.6512451171875,11,OPEN_TRAVERSE,0x02,large_room,2305,2305,70.343017578125,14.216052060737526,15,0.457763671875,2290,69.88525390625,0,0.0,928,1324,3.625,5.171875,3,5,16288,357.890625,1,0,92,80,12,2,2,1,0x04,0,0,0,1,0,0,1,0,0,0,0,0,0,,,,,,,,,,,,,,,
425,14.2,908382,27721.61865234375,27.72161865234375,11,OPEN_TRAVERSE,0x02,large_room,2306,2306,70.37353515625,14.209887250650477,15,0.457763671875,2291,69.915771484375,0,0.0,947,1324,3.69921875,5.171875,3,5,16288,357.890625,1,0,92,80,12,2,2,1,0x04,0,0,0,1,0,0,1,0,0,0,0,0,0,,,,,,,,,,,,,,,
426,14.233333333333333,910686,27791.93115234375,27.79193115234375,11,OPEN_TRAVERSE,0x02,large_room,2304,2304,70.3125,14.222222222222221,15,0.457763671875,2289,69.854736328125,0,0.0,966,1324,3.7734375,5.171875,3,5,16288,357.890625,1,0,92,80,12,2,2,1,0x04,0,0,0,1,0,0,1,0,0,0,0,0,0,,,,,,,,,,,,,,,
427,14.266666666666667,912999,27862.518310546875,27.862518310546875,11,OPEN_TRAVERSE,0x02,large_room,2313,2313,70.587158203125,14.166882836143536,15,0.457763671875,2298,70.12939453125,0,0.0,985,1324,3.84765625,5.171875,3,5,16288,357.890625,1,0,93,80,13,2,2,1,0x04,0,0,0,1,0,0,1,0,0,0,0,0,0,,,,,,,,,,,,,,,
428,14.3,915315,27933.197021484375,27.933197021484375,11,OPEN_TRAVERSE,0x02,large_room,2316,2316,70.6787109375,14.14853195164076,16,0.48828125,2299,70.159912109375,1,0.030517578125,1004,1324,3.921875,5.171875,3,5,16288,357.890625,1,0,93,80,13,2,2,1,0x04,0,0,0,1,0,0,1,0,0,0,0,0,0,,,,,,,,,,,,,,,
429,14.333333333333334,917643,28004.241943359375,28.004241943359375,11,OPEN_TRAVERSE,0x02,large_room,2328,2328,71.044921875,14.075601374570446,16,0.48828125,2311,70.526123046875,1,0.030517578125,1023,1324,3.99609375,5.171875,3,5,16288,357.890625,1,0,93,80,13,2,2,1,0x04,0,0,0,1,0,0,1,0,0,0,0,0,0,,,,,,,,,,,,,,,
430,14.366666666666667,919932,28074.0966796875,28.0740966796875,11,OPEN_TRAVERSE,0x02,large_room,2289,2289,69.854736328125,14.315421581476627,16,0.48828125,2273,69.366455078125,0,0.0,1042,1324,4.0703125,5.171875,4,5,16288,357.890625,1,0,93,80,13,2,2,1,0x04,0,0,0,1,0,0,1,0,0,0,0,0,0,,,,,,,,,,,,,,,
431,14.4,922220,28143.9208984375,28.1439208984375,11,OPEN_TRAVERSE,0x02,large_room,2288,2288,69.82421875,14.321678321678322,15,0.457763671875,2272,69.3359375,1,0.030517578125,1061,1324,4.14453125,5.171875,4,5,16288,357.890625,1,0,93,80,13,2,2,1,0x04,0,0,0,1,0,0,1,0,0,0,0,0,0,,,,,,,,,,,,,,,
432,14.433333333333334,924509,28213.775634765625,28.213775634765625,11,OPEN_TRAVERSE,0x02,large_room,2289,2289,69.854736328125,14.315421581476627,15,0.457763671875,2273,69.366455078125,1,0.030517578125,1080,1324,4.21875,5.171875,4,5,16288,357.890625,1,0,93,80,13,2,2,1,0x04,0,0,0,1,0,0,1,0,0,0,0,0,0,,,,,,,,,,,,,,,
433,14.466666666666667,926799,28283.660888671875,28.283660888671875,11,OPEN_TRAVERSE,0x02,large_room,2290,2290,69.88525390625,14.309170305676856,15,0.457763671875,2274,69.39697265625,1,0.030517578125,1099,1324,4.29296875,5.171875,4,5,16288,357.890625,1,0,93,80,13,2,2,1,0x04,0,0,0,1,0,0,1,0,0,0,0,0,0,,,,,,,,,,,,,,,
434,14.5,929091,28353.607177734375,28.353607177734375,11,OPEN_TRAVERSE,0x02,large_room,2292,2292,69.9462890625,14.296684118673648,15,0.457763671875,2276,69.4580078125,1,0.030517578125,1118,1324,4.3671875,5.171875,4,5,16288,357.890625,1,0,93,80,13,2,2,1,0x04,0,0,0,1,0,0,1,0,0,0,0,0,0,,,,,,,,,,,,,,,
435,14.533333333333333,931382,28423.52294921875,28.42352294921875,11,OPEN_TRAVERSE,0x02,large_room,2291,2291,69.915771484375,14.302924487123526,15,0.457763671875,2275,69.427490234375,1,0.030517578125,1137,1324,4.44140625,5.171875,4,5,16288,357.890625,1,0,93,80,13,2,2,1,0x04,0,0,0,1,0,0,1,0,0,0,0,0,0,,,,,,,,,,,,,,,
436,14.566666666666666,933674,28493.46923828125,28.49346923828125,11,OPEN_TRAVERSE,0x02,large_room,2292,2292,69.9462890625,14.296684118673648,15,0.457763671875,2276,69.4580078125,1,0.030517578125,1156,1324,4.515625,5.171875,4,5,16288,357.890625,1,0,93,80,13,2,2,1,0x04,0,0,0,1,0,0,1,0,0,0,0,0,0,,,,,,,,,,,,,,,
437,14.6,935963,28563.323974609375,28.563323974609375,11,OPEN_TRAVERSE,0x02,large_room,2289,2289,69.854736328125,14.315421581476627,15,0.457763671875,2273,69.366455078125,1,0.030517578125,1175,1324,4.58984375,5.171875,4,5,16288,357.890625,1,0,93,80,13,2,2,1,0x04,0,0,0,1,0,0,1,0,0,0,0,0,0,,,,,,,,,,,,,,,
438,14.633333333333333,938263,28633.514404296875,28.633514404296875,11,OPEN_TRAVERSE,0x02,large_room,2300,2300,70.1904296875,14.246956521739131,15,0.457763671875,2284,69.7021484375,1,0.030517578125,1194,1324,4.6640625,5.171875,4,5,16288,357.890625,1,0,94,80,14,2,2,1,0x04,0,0,0,1,0,0,1,0,0,0,0,0,0,,,,,,,,,,,,,,,
439,14.666666666666666,940560,28703.61328125,28.70361328125,11,OPEN_TRAVERSE,0x02,large_room,2297,2297,70.098876953125,14.265563778841967,16,0.48828125,2281,69.610595703125,0,0.0,1213,1324,4.73828125,5.171875,4,5,16288,357.890625,1,0,94,80,14,2,2,1,0x04,0,0,0,1,0,0,1,0,0,0,0,0,0,,,,,,,,,,,,,,,
440,14.7,942859,28773.773193359375,28.773773193359375,11,OPEN_TRAVERSE,0x02,large_room,2299,2299,70.159912109375,14.253153545019574,15,0.457763671875,2283,69.671630859375,1,0.030517578125,1232,1324,4.8125,5.171875,4,5,16288,357.890625,1,0,94,80,14,2,2,1,0x04,0,0,0,1,0,0,1,0,0,0,0,0,0,,,,,,,,,,,,,,,
441,14.733333333333333,945158,28843.93310546875,28.84393310546875,11,OPEN_TRAVERSE,0x02,large_room,2299,2299,70.159912109375,14.253153545019574,16,0.48828125,2283,69.671630859375,0,0.0,1251,1324,4.88671875,5.171875,4,5,16288,357.890625,1,0,94,80,14,2,2,1,0x04,0,0,0,1,0,0,1,0,0,0,0,0,0,,,,,,,,,,,,,,,
442,14.766666666666667,947457,28914.093017578125,28.914093017578125,11,OPEN_TRAVERSE,0x02,large_room,2299,2299,70.159912109375,14.253153545019574,15,0.457763671875,2283,69.671630859375,1,0.030517578125,1270,1324,4.9609375,5.171875,4,5,16288,357.890625,1,0,94,80,14,2,2,1,0x04,0,0,0,1,0,0,1,0,0,0,0,0,0,,,,,,,,,,,,,,,
443,14.8,949714,28982.97119140625,28.98297119140625,11,OPEN_TRAVERSE,0x02,large_room,2257,2257,68.878173828125,14.518387239698715,16,0.48828125,2241,68.389892578125,0,0.0,1289,1324,5.03515625,5.171875,5,5,16288,357.890625,1,0,94,80,14,2,2,1,0x04,0,0,0,1,0,0,1,0,0,0,0,0,0,,,,,,,,,,,,,,,
444,14.833333333333334,951975,29051.971435546875,29.051971435546875,11,OPEN_TRAVERSE,0x02,large_room,2261,2261,69.000244140625,14.492702344095534,15,0.457763671875,2245,68.511962890625,1,0.030517578125,1308,1324,5.109375,5.171875,5,5,16288,357.890625,1,0,94,80,14,2,2,1,0x04,0,0,0,1,0,0,1,0,0,0,0,0,0,,,,,,,,,,,,,,,
445,14.866666666666667,954234,29120.91064453125,29.12091064453125,11,OPEN_TRAVERSE,0x02,large_room,2259,2259,68.939208984375,14.505533421868083,15,0.457763671875,2244,68.4814453125,0,0.0,1327,1324,5.18359375,5.171875,5,5,16288,357.890625,1,0,94,80,14,2,2,1,0x04,0,0,0,1,0,0,1,0,0,0,0,0,0,,,,,,,,,,,,,,,
446,14.9,956492,29189.8193359375,29.1898193359375,11,OPEN_TRAVERSE,0x02,large_room,2258,2258,68.90869140625,14.511957484499558,15,0.457763671875,2243,68.450927734375,0,0.0,1346,1324,5.2578125,5.171875,5,5,16288,357.890625,1,0,94,80,14,2,2,1,0x04,0,0,0,1,0,0,1,0,0,0,0,0,0,,,,,,,,,,,,,,,
447,14.933333333333334,958753,29258.819580078125,29.258819580078125,11,OPEN_TRAVERSE,0x02,large_room,2261,2261,69.000244140625,14.492702344095534,15,0.457763671875,2246,68.54248046875,0,0.0,1365,1324,5.33203125,5.171875,5,5,16288,357.890625,1,0,94,80,14,2,2,1,0x04,0,0,0,1,0,0,1,0,0,0,0,0,0,,,,,,,,,,,,,,,
448,14.966666666666667,961014,29327.81982421875,29.32781982421875,11,OPEN_TRAVERSE,0x02,large_room,2261,2261,69.000244140625,14.492702344095534,15,0.457763671875,2246,68.54248046875,0,0.0,1384,1324,5.40625,5.171875,5,5,16288,357.890625,1,0,94,80,14,2,2,1,0x04,0,0,0,1,0,0,1,0,0,0,0,0,0,,,,,,,,,,,,,,,
449,15.0,963275,29396.820068359375,29.396820068359375,11,OPEN_TRAVERSE,0x02,large_room,2261,2261,69.000244140625,14.492702344095534,15,0.457763671875,2245,68.511962890625,1,0.030517578125,1403,1324,5.48046875,5.171875,5,5,16288,357.890625,1,0,94,80,14,2,2,1,0x04,0,0,0,1,0,0,1,0,0,0,0,0,0,,,,,,,,,,,,,,,
450,15.033333333333333,965546,29466.12548828125,29.46612548828125,11,OPEN_TRAVERSE,0x02,large_room,2271,2271,69.305419921875,14.428885953324526,15,0.457763671875,2256,68.84765625,0,0.0,1422,1324,5.5546875,5.171875,5,5,16288,357.890625,1,0,95,80,15,2,2,1,0x04,0,0,0,1,0,0,1,0,0,0,0,0,0,,,,,,,,,,,,,,,
451,15.066666666666666,967816,29535.400390625,29.535400390625,11,OPEN_TRAVERSE,0x02,large_room,2270,2270,69.27490234375,14.4352422907489,15,0.457763671875,2254,68.78662109375,1,0.030517578125,1441,1324,5.62890625,5.171875,5,5,16288,357.890625,1,0,95,80,15,2,2,1,0x04,0,0,0,1,0,0,1,0,0,0,0,0,0,,,,,,,,,,,,,,,
452,15.1,970088,29604.736328125,29.604736328125,11,OPEN_TRAVERSE,0x02,large_room,2272,2272,69.3359375,14.422535211267606,15,0.457763671875,2256,68.84765625,1,0.030517578125,1460,1324,5.703125,5.171875,5,5,16288,357.890625,1,0,95,80,15,2,2,1,0x04,0,0,0,1,0,0,1,0,0,0,0,0,0,,,,,,,,,,,,,,,
453,15.133333333333333,972356,29673.9501953125,29.6739501953125,11,OPEN_TRAVERSE,0x02,large_room,2268,2268,69.2138671875,14.447971781305114,15,0.457763671875,2253,68.756103515625,0,0.0,1479,1324,5.77734375,5.171875,5,5,16288,357.890625,1,0,95,80,15,2,2,1,0x04,0,0,0,1,0,0,1,0,0,0,0,0,0,,,,,,,,,,,,,,,
454,15.166666666666666,974631,29743.377685546875,29.743377685546875,11,OPEN_TRAVERSE,0x02,large_room,2275,2275,69.427490234375,14.403516483516484,15,0.457763671875,2259,68.939208984375,1,0.030517578125,1498,1324,5.8515625,5.171875,5,5,16288,357.890625,1,0,95,80,15,2,2,1,0x04,0,0,0,1,0,0,1,0,0,0,0,0,0,,,,,,,,,,,,,,,
455,15.2,976899,29812.591552734375,29.812591552734375,11,OPEN_TRAVERSE,0x02,large_room,2268,2268,69.2138671875,14.447971781305114,15,0.457763671875,2253,68.756103515625,0,0.0,1517,1324,5.92578125,5.171875,5,5,16288,357.890625,1,0,95,80,15,2,2,1,0x04,0,0,0,1,0,0,1,0,0,0,0,0,0,,,,,,,,,,,,,,,
456,15.233333333333333,979157,29881.500244140625,29.881500244140625,11,OPEN_TRAVERSE,0x02,large_room,2258,2258,68.90869140625,14.511957484499558,16,0.48828125,2242,68.42041015625,0,0.0,1536,1324,6.0,5.171875,6,5,16288,357.890625,1,0,95,80,15,2,2,1,0x04,0,0,0,1,0,0,1,0,0,0,0,0,0,,,,,,,,,,,,,,,
457,15.266666666666667,981398,29949.89013671875,29.94989013671875,11,OPEN_TRAVERSE,0x02,large_room,2241,2241,68.389892578125,14.622043730477465,15,0.457763671875,2226,67.93212890625,0,0.0,1555,1324,6.07421875,5.171875,6,5,16288,357.890625,1,0,96,80,16,2,2,1,0x04,0,0,0,1,0,0,1,0,0,0,0,0,0,,,,,,,,,,,,,,,
458,15.3,983638,30018.24951171875,30.01824951171875,11,OPEN_TRAVERSE,0x02,large_room,2240,2240,68.359375,14.628571428571428,15,0.457763671875,2224,67.87109375,1,0.030517578125,1574,1324,6.1484375,5.171875,6,5,16288,357.890625,1,0,96,80,16,2,2,1,0x04,0,0,0,1,0,0,1,0,0,0,0,0,0,,,,,,,,,,,,,,,
459,15.333333333333334,985878,30086.60888671875,30.08660888671875,11,OPEN_TRAVERSE,0x02,large_room,2240,2240,68.359375,14.628571428571428,15,0.457763671875,2225,67.901611328125,0,0.0,1593,1324,6.22265625,5.171875,6,5,16288,357.890625,1,0,96,80,16,2,2,1,0x04,0,0,0,1,0,0,1,0,0,0,0,0,0,,,,,,,,,,,,,,,
460,15.366666666666667,988113,30154.815673828125,30.154815673828125,11,OPEN_TRAVERSE,0x02,large_room,2235,2235,68.206787109375,14.661297539149889,15,0.457763671875,2220,67.7490234375,0,0.0,1612,1324,6.296875,5.171875,6,5,16288,357.890625,1,0,96,80,16,2,2,1,0x04,0,0,0,1,0,0,1,0,0,0,0,0,0,,,,,,,,,,,,,,,
461,15.4,990350,30223.08349609375,30.22308349609375,11,OPEN_TRAVERSE,0x02,large_room,2237,2237,68.267822265625,14.648189539561914,15,0.457763671875,2222,67.81005859375,0,0.0,1631,1324,6.37109375,5.171875,6,5,16288,357.890625,1,0,96,80,16,2,2,1,0x04,0,0,0,1,0,0,1,0,0,0,0,0,0,,,,,,,,,,,,,,,
462,15.433333333333334,992601,30291.778564453125,30.291778564453125,11,OPEN_TRAVERSE,0x02,large_room,2251,2251,68.695068359375,14.557085739671257,15,0.457763671875,2235,68.206787109375,1,0.030517578125,1650,1324,6.4453125,5.171875,6,5,16288,357.890625,1,0,96,80,16,2,2,1,0x04,0,0,0,1,0,0,1,0,0,0,0,0,0,,,,,,,,,,,,,,,
463,15.466666666666667,994858,30360.65673828125,30.36065673828125,11,OPEN_TRAVERSE,0x02,large_room,2257,2257,68.878173828125,14.518387239698715,15,0.457763671875,2242,68.42041015625,0,0.0,1669,1324,6.51953125,5.171875,6,5,16288,357.890625,1,0,96,80,16,2,2,1,0x04,0,0,0,1,0,0,1,0,0,0,0,0,0,,,,,,,,,,,,,,,
464,15.5,997119,30429.656982421875,30.429656982421875,11,OPEN_TRAVERSE,0x02,large_room,2261,2261,69.000244140625,14.492702344095534,15,0.457763671875,2246,68.54248046875,0,0.0,1688,1324,6.59375,5.171875,6,5,16288,357.890625,1,0,97,80,17,2,2,1,0x04,0,0,0,1,0,0,1,0,0,0,0,0,0,,,,,,,,,,,,,,,
465,15.533333333333333,999373,30498.443603515625,30.498443603515625,11,OPEN_TRAVERSE,0x02,large_room,2254,2254,68.78662109375,14.537710736468501,15,0.457763671875,2238,68.29833984375,1,0.030517578125,1707,1324,6.66796875,5.171875,6,5,16288,357.890625,1,0,96,80,16,2,2,1,0x04,0,0,0,1,0,0,1,0,0,0,0,0,0,,,,,,,,,,,,,,,
466,15.566666666666666,1001636,30567.5048828125,30.5675048828125,11,OPEN_TRAVERSE,0x02,large_room,2263,2263,69.061279296875,14.479893946089263,15,0.457763671875,2247,68.572998046875,1,0.030517578125,1726,1324,6.7421875,5.171875,6,5,16288,357.890625,1,0,97,80,17,2,2,1,0x04,0,0,0,1,0,0,1,0,0,0,0,0,0,,,,,,,,,,,,,,,
467,15.6,1003899,30636.566162109375,30.636566162109375,11,OPEN_TRAVERSE,0x02,large_room,2263,2263,69.061279296875,14.479893946089263,16,0.48828125,2246,68.54248046875,1,0.030517578125,1745,1324,6.81640625,5.171875,6,5,16288,357.890625,1,0,97,80,17,2,2,1,0x04,0,0,0,1,0,0,1,0,0,0,0,0,0,,,,,,,,,,,,,,,
468,15.633333333333333,1006164,30705.6884765625,30.7056884765625,11,OPEN_TRAVERSE,0x02,large_room,2265,2265,69.122314453125,14.46710816777042,16,0.48828125,2248,68.603515625,1,0.030517578125,1764,1324,6.890625,5.171875,6,5,16288,357.890625,1,0,97,80,17,2,2,1,0x04,0,0,0,1,0,0,1,0,0,0,0,0,0,,,,,,,,,,,,,,,
469,15.666666666666666,1008429,30774.810791015625,30.774810791015625,11,OPEN_TRAVERSE,0x02,large_room,2265,2265,69.122314453125,14.46710816777042,16,0.48828125,2249,68.634033203125,0,0.0,1783,1324,6.96484375,5.171875,6,5,16288,357.890625,1,0,97,80,17,2,2,1,0x04,0,0,0,1,0,0,1,0,0,0,0,0,0,,,,,,,,,,,,,,,
470,15.7,1010660,30842.8955078125,30.8428955078125,11,OPEN_TRAVERSE,0x02,large_room,2231,2231,68.084716796875,14.687584043030032,15,0.457763671875,2216,67.626953125,0,0.0,1802,1324,7.0390625,5.171875,7,5,16288,357.890625,1,0,98,80,18,2,2,1,0x04,0,0,0,1,0,0,1,0,0,0,0,0,0,,,,,,,,,,,,,,,
471,15.733333333333333,1012892,30911.0107421875,30.9110107421875,11,OPEN_TRAVERSE,0x02,large_room,2232,2232,68.115234375,14.68100358422939,15,0.457763671875,2217,67.657470703125,0,0.0,1821,1324,7.11328125,5.171875,7,5,16288,357.890625,1,0,98,80,18,2,2,1,0x04,0,0,0,1,0,0,1,0,0,0,0,0,0,,,,,,,,,,,,,,,
472,15.766666666666667,1015126,30979.18701171875,30.97918701171875,11,OPEN_TRAVERSE,0x02,large_room,2234,2234,68.17626953125,14.667860340196956,15,0.457763671875,2219,67.718505859375,0,0.0,1840,1324,7.1875,5.171875,7,5,16288,357.890625,1,0,98,80,18,2,2,1,0x04,0,0,0,1,0,0,1,0,0,0,0,0,0,,,,,,,,,,,,,,,
473,15.8,1017357,31047.271728515625,31.047271728515625,11,OPEN_TRAVERSE,0x02,large_room,2231,2231,68.084716796875,14.687584043030032,15,0.457763671875,2215,67.596435546875,1,0.030517578125,1859,1324,7.26171875,5.171875,7,5,16288,357.890625,1,0,98,80,18,2,2,1,0x04,0,0,0,1,0,0,1,0,0,0,0,0,0,,,,,,,,,,,,,,,
474,15.833333333333334,1019586,31115.29541015625,31.11529541015625,11,OPEN_TRAVERSE,0x02,large_room,2229,2229,68.023681640625,14.700762673844773,15,0.457763671875,2214,67.56591796875,0,0.0,1878,1324,7.3359375,5.171875,7,5,16288,357.890625,1,0,98,80,18,2,2,1,0x04,0,0,0,1,0,0,1,0,0,0,0,0,0,,,,,,,,,,,,,,,
475,15.866666666666667,1021820,31183.4716796875,31.1834716796875,11,OPEN_TRAVERSE,0x02,large_room,2234,2234,68.17626953125,14.667860340196956,15,0.457763671875,2219,67.718505859375,0,0.0,1897,1324,7.41015625,5.171875,7,5,16288,357.890625,1,0,99,80,19,2,2,1,0x04,0,0,0,1,0,0,1,0,0,0,0,0,0,,,,,,,,,,,,,,,
476,15.9,1024051,31251.556396484375,31.251556396484375,11,OPEN_TRAVERSE,0x02,large_room,2231,2231,68.084716796875,14.687584043030032,15,0.457763671875,2215,67.596435546875,1,0.030517578125,1916,1324,7.484375,5.171875,7,5,16288,357.890625,1,0,99,80,19,2,2,1,0x04,0,0,0,1,0,0,1,0,0,0,0,0,0,,,,,,,,,,,,,,,
477,15.933333333333334,1026287,31319.793701171875,31.319793701171875,11,OPEN_TRAVERSE,0x02,large_room,2236,2236,68.2373046875,14.65474060822898,15,0.457763671875,2220,67.7490234375,1,0.030517578125,1935,1324,7.55859375,5.171875,7,5,16288,357.890625,1,0,99,80,19,2,2,1,0x04,0,0,0,1,0,0,1,0,0,0,0,0,0,,,,,,,,,,,,,,,
478,15.966666666666667,1028524,31388.0615234375,31.3880615234375,11,OPEN_TRAVERSE,0x02,large_room,2237,2237,68.267822265625,14.648189539561914,15,0.457763671875,2222,67.81005859375,0,0.0,1954,1324,7.6328125,5.171875,7,5,16288,357.890625,1,0,99,80,19,2,2,1,0x04,0,0,0,1,0,0,1,0,0,0,0,0,0,,,,,,,,,,,,,,,
479,16.0,1030764,31456.4208984375,31.4564208984375,11,OPEN_TRAVERSE,0x02,large_room,2240,2240,68.359375,14.628571428571428,15,0.457763671875,2224,67.87109375,1,0.030517578125,1973,1324,7.70703125,5.171875,7,5,16288,357.890625,1,0,99,80,19,2,2,1,0x04,0,0,0,1,0,0,1,0,0,0,0,0,0,,,,,,,,,,,,,,,
480,16.033333333333335,1033002,31524.71923828125,31.52471923828125,11,OPEN_TRAVERSE,0x02,large_room,2238,2238,68.29833984375,14.641644325290438,15,0.457763671875,2222,67.81005859375,1,0.030517578125,1992,1324,7.78125,5.171875,7,5,16288,357.890625,1,0,99,80,19,2,2,1,0x04,0,0,0,1,0,0,1,0,0,0,0,0,0,,,,,,,,,,,,,,,
481,16.066666666666666,1035250,31593.32275390625,31.59332275390625,11,OPEN_TRAVERSE,0x02,large_room,2248,2248,68.603515625,14.576512455516013,16,0.48828125,2231,68.084716796875,1,0.030517578125,2011,1324,7.85546875,5.171875,7,5,16288,357.890625,1,0,100,80,20,2,2,1,0x04,0,0,0,1,0,0,1,0,0,0,0,0,0,,,,,,,,,,,,,,,
482,16.1,1037502,31662.04833984375,31.66204833984375,11,OPEN_TRAVERSE,0x02,large_room,2252,2252,68.7255859375,14.550621669626999,16,0.48828125,2236,68.2373046875,0,0.0,2030,1324,7.9296875,5.171875,7,5,16288,357.890625,1,0,100,80,20,2,2,1,0x04,0,0,0,1,0,0,1,0,0,0,0,0,0,,,,,,,,,,,,,,,
483,16.133333333333333,1039758,31730.89599609375,31.73089599609375,11,OPEN_TRAVERSE,0x02,large_room,2256,2256,68.84765625,14.52482269503546,15,0.457763671875,2240,68.359375,1,0.030517578125,2049,1324,8.00390625,5.171875,8,5,16288,357.890625,1,0,100,80,20,2,2,1,0x04,0,0,0,1,0,0,1,0,0,0,0,0,0,,,,,,,,,,,,,,,
484,16.166666666666668,1041974,31798.52294921875,31.79852294921875,11,OPEN_TRAVERSE,0x02,large_room,2216,2216,67.626953125,14.787003610108304,15,0.457763671875,2201,67.169189453125,0,0.0,2068,1324,8.078125,5.171875,8,5,16288,357.890625,1,0,100,80,20,2,2,1,0x04,0,0,0,1,0,0,1,0,0,0,0,0,0,,,,,,,,,,,,,,,
485,16.2,1044203,31866.546630859375,31.866546630859375,11,OPEN_TRAVERSE,0x02,large_room,2229,2229,68.023681640625,14.700762673844773,15,0.457763671875,2213,67.535400390625,1,0.030517578125,2087,1324,8.15234375,5.171875,8,5,16288,357.890625,1,0,101,80,21,2,2,1,0x04,0,0,0,1,0,0,1,0,0,0,0,0,0,,,,,,,,,,,,,,,
486,16.233333333333334,1046431,31934.539794921875,31.934539794921875,11,OPEN_TRAVERSE,0x02,large_room,2228,2228,67.9931640625,14.707360861759426,15,0.457763671875,2212,67.5048828125,1,0.030517578125,2106,1324,8.2265625,5.171875,8,5,16288,357.890625,1,0,101,80,21,2,2,1,0x04,0,0,0,1,0,0,1,0,0,0,0,0,0,,,,,,,,,,,,,,,
487,16.266666666666666,1048659,32002.532958984375,32.002532958984375,11,OPEN_TRAVERSE,0x02,large_room,2228,2228,67.9931640625,14.707360861759426,15,0.457763671875,2213,67.535400390625,0,0.0,2125,1324,8.30078125,5.171875,8,5,16288,357.890625,1,0,101,80,21,2,2,1,0x04,0,0,0,1,0,0,1,0,0,0,0,0,0,,,,,,,,,,,,,,,
488,16.3,1050888,32070.556640625,32.070556640625,11,OPEN_TRAVERSE,0x02,large_room,2229,2229,68.023681640625,14.700762673844773,15,0.457763671875,2214,67.56591796875,0,0.0,2144,1324,8.375,5.171875,8,5,16288,357.890625,1,0,101,80,21,2,2,1,0x04,0,0,0,1,0,0,1,0,0,0,0,0,0,,,,,,,,,,,,,,,
489,16.333333333333332,1053124,32138.7939453125,32.1387939453125,11,OPEN_TRAVERSE,0x02,large_room,2236,2236,68.2373046875,14.65474060822898,15,0.457763671875,2221,67.779541015625,0,0.0,2163,1324,8.44921875,5.171875,8,5,16288,357.890625,1,0,102,80,22,2,2,1,0x04,0,0,0,1,0,0,1,0,0,0,0,0,0,,,,,,,,,,,,,,,
490,16.366666666666667,1055369,32207.305908203125,32.207305908203125,11,OPEN_TRAVERSE,0x02,large_room,2245,2245,68.511962890625,14.595991091314032,15,0.457763671875,2229,68.023681640625,1,0.030517578125,2182,1324,8.5234375,5.171875,8,5,16288,357.890625,1,0,103,80,23,2,2,1,0x04,0,0,0,1,0,0,1,0,0,0,0,0,0,,,,,,,,,,,,,,,
491,16.4,1057614,32275.81787109375,32.27581787109375,11,OPEN_TRAVERSE,0x02,large_room,2245,2245,68.511962890625,14.595991091314032,15,0.457763671875,2229,68.023681640625,1,0.030517578125,2201,1324,8.59765625,5.171875,8,5,16288,357.890625,1,0,103,80,23,2,2,1,0x04,0,0,0,1,0,0,1,0,0,0,0,0,0,,,,,,,,,,,,,,,
492,16.433333333333334,1059870,32344.66552734375,32.34466552734375,11,OPEN_TRAVERSE,0x02,large_room,2256,2256,68.84765625,14.52482269503546,15,0.457763671875,2240,68.359375,1,0.030517578125,2220,1324,8.671875,5.171875,8,5,16288,357.890625,1,0,104,80,24,2,2,1,0x04,0,0,0,1,0,0,1,0,0,0,0,0,0,,,,,,,,,,,,,,,
493,16.466666666666665,1062123,32413.421630859375,32.413421630859375,11,OPEN_TRAVERSE,0x02,large_room,2253,2253,68.756103515625,14.54416333777186,15,0.457763671875,2237,68.267822265625,1,0.030517578125,2239,1324,8.74609375,5.171875,8,5,16288,357.890625,1,0,104,80,24,2,2,1,0x04,0,0,0,1,0,0,1,0,0,0,0,0,0,,,,,,,,,,,,,,,
494,16.5,1064380,32482.2998046875,32.4822998046875,11,OPEN_TRAVERSE,0x02,large_room,2257,2257,68.878173828125,14.518387239698715,15,0.457763671875,2241,68.389892578125,1,0.030517578125,2258,1324,8.8203125,5.171875,8,5,16288,357.890625,1,0,104,80,24,2,2,1,0x04,0,0,0,1,0,0,1,0,0,0,0,0,0,,,,,,,,,,,,,,,
495,16.533333333333335,1066647,32551.483154296875,32.551483154296875,11,OPEN_TRAVERSE,0x02,large_room,2267,2267,69.183349609375,14.454344949272166,16,0.48828125,2250,68.66455078125,1,0.030517578125,2277,1324,8.89453125,5.171875,8,5,16288,357.890625,1,0,105,80,25,2,2,1,0x04,0,0,0,1,0,0,1,0,0,0,0,0,0,,,,,,,,,,,,,,,
496,16.566666666666666,1068923,32620.941162109375,32.620941162109375,11,OPEN_TRAVERSE,0x02,large_room,2276,2276,69.4580078125,14.397188049209138,16,0.48828125,2259,68.939208984375,1,0.030517578125,2296,1324,8.96875,5.171875,8,5,16288,357.890625,1,0,105,80,25,2,2,1,0x04,0,0,0,1,0,0,1,0,0,0,0,0,0,,,,,,,,,,,,,,,
497,16.6,1071161,32689.239501953125,32.689239501953125,11,OPEN_TRAVERSE,0x02,large_room,2238,2238,68.29833984375,14.641644325290438,16,0.48828125,2221,67.779541015625,1,0.030517578125,2315,1324,9.04296875,5.171875,9,5,16288,357.890625,1,0,105,80,25,2,2,1,0x04,0,0,0,1,0,0,1,0,0,0,0,0,0,,,,,,,,,,,,,,,
498,16.633333333333333,1073398,32757.50732421875,32.75750732421875,11,OPEN_TRAVERSE,0x02,large_room,2237,2237,68.267822265625,14.648189539561914,15,0.457763671875,2221,67.779541015625,1,0.030517578125,2334,1324,9.1171875,5.171875,9,5,16288,357.890625,1,0,105,80,25,2,2,1,0x04,0,0,0,1,0,0,1,0,0,0,0,0,0,,,,,,,,,,,,,,,
499,16.666666666666668,1075643,32826.019287109375,32.826019287109375,11,OPEN_TRAVERSE,0x02,large_room,2245,2245,68.511962890625,14.595991091314032,15,0.457763671875,2230,68.05419921875,0,0.0,2353,1324,9.19140625,5.171875,9,5,16288,357.890625,1,0,106,80,26,2,2,1,0x04,0,0,0,1,0,0,1,0,0,0,0,0,0,,,,,,,,,,,,,,,
500,16.7,1077893,32894.683837890625,32.894683837890625,11,OPEN_TRAVERSE,0x02,large_room,2250,2250,68.66455078125,14.563555555555556,15,0.457763671875,2234,68.17626953125,1,0.030517578125,2372,1324,9.265625,5.171875,9,5,16288,357.890625,1,0,106,80,26,2,2,1,0x04,0,0,0,1,0,0,1,0,0,0,0,0,0,,,,,,,,,,,,,,,
501,16.733333333333334,1080151,32963.592529296875,32.963592529296875,11,OPEN_TRAVERSE,0x02,large_room,2258,2258,68.90869140625,14.511957484499558,15,0.457763671875,2242,68.42041015625,1,0.030517578125,2391,1324,9.33984375,5.171875,9,5,16288,357.890625,1,0,107,80,27,2,2,1,0x04,0,0,0,1,0,0,1,0,0,0,0,0,0,,,,,,,,,,,,,,,
502,16.766666666666666,1082410,33032.53173828125,33.03253173828125,11,OPEN_TRAVERSE,0x02,large_room,2259,2259,68.939208984375,14.505533421868083,15,0.457763671875,2243,68.450927734375,1,0.030517578125,2410,1324,9.4140625,5.171875,9,5,16288,357.890625,1,0,107,80,27,2,2,1,0x04,0,0,0,1,0,0,1,0,0,0,0,0,0,,,,,,,,,,,,,,,
503,16.8,1084672,33101.5625,33.1015625,11,OPEN_TRAVERSE,0x02,large_room,2262,2262,69.03076171875,14.48629531388152,15,0.457763671875,2246,68.54248046875,1,0.030517578125,2429,1324,9.48828125,5.171875,9,5,16288,357.890625,1,0,107,80,27,2,2,1,0x04,0,0,0,1,0,0,1,0,0,0,0,0,0,,,,,,,,,,,,,,,
504,16.833333333333332,1086947,33170.989990234375,33.170989990234375,11,OPEN_TRAVERSE,0x02,large_room,2275,2275,69.427490234375,14.403516483516484,15,0.457763671875,2260,68.9697265625,0,0.0,2448,1324,9.5625,5.171875,9,5,16288,357.890625,1,0,108,80,28,2,2,1,0x04,0,0,0,1,0,0,1,0,0,0,0,0,0,,,,,,,,,,,,,,,
505,16.866666666666667,1089222,33240.41748046875,33.24041748046875,11,OPEN_TRAVERSE,0x02,large_room,2275,2275,69.427490234375,14.403516483516484,15,0.457763671875,2260,68.9697265625,0,0.0,2467,1324,9.63671875,5.171875,9,5,16288,357.890625,1,0,108,80,28,2,2,1,0x04,0,0,0,1,0,0,1,0,0,0,0,0,0,,,,,,,,,,,,,,,
506,16.9,1091511,33310.272216796875,33.310272216796875,11,OPEN_TRAVERSE,0x02,large_room,2289,2289,69.854736328125,14.315421581476627,15,0.457763671875,2273,69.366455078125,1,0.030517578125,2486,1324,9.7109375,5.171875,9,5,16288,357.890625,1,0,109,80,29,2,2,1,0x04,0,0,0,1,0,0,1,0,0,0,0,0,0,,,,,,,,,,,,,,,
507,16.933333333333334,1093808,33380.37109375,33.38037109375,11,OPEN_TRAVERSE,0x02,large_room,2297,2297,70.098876953125,14.265563778841967,15,0.457763671875,2281,69.610595703125,1,0.030517578125,2505,1324,9.78515625,5.171875,9,5,16288,357.890625,1,0,109,80,29,2,2,1,0x04,0,0,0,1,0,0,1,0,0,0,0,0,0,,,,,,,,,,,,,,,
508,16.966666666666665,1096114,33450.74462890625,33.45074462890625,11,OPEN_TRAVERSE,0x02,large_room,2306,2306,70.37353515625,14.209887250650477,15,0.457763671875,2290,69.88525390625,1,0.030517578125,2524,1324,9.859375,5.171875,9,5,16288,357.890625,1,0,110,80,30,2,2,1,0x04,0,0,0,1,0,0,1,0,0,0,0,0,0,,,,,,,,,,,,,,,
509,17.0,1098418,33521.05712890625,33.52105712890625,11,OPEN_TRAVERSE,0x02,large_room,2304,2304,70.3125,14.222222222222221,16,0.48828125,2288,69.82421875,0,0.0,2543,1324,9.93359375,5.171875,9,5,16288,357.890625,1,0,110,80,30,2,2,1,0x04,0,0,0,1,0,0,1,0,0,0,0,0,0,,,,,,,,,,,,,,,
510,17.033333333333335,1100730,33591.61376953125,33.59161376953125,11,OPEN_TRAVERSE,0x02,large_room,2312,2312,70.556640625,14.173010380622838,15,0.457763671875,2296,70.068359375,1,0.030517578125,2562,1324,10.0078125,5.171875,10,5,16288,357.890625,1,0,111,80,31,2,2,1,0x04,0,0,0,1,0,0,1,0,0,0,0,0,0,,,,,,,,,,,,,,,
511,17.066666666666666,1103006,33661.07177734375,33.66107177734375,11,OPEN_TRAVERSE,0x02,large_room,2276,2276,69.4580078125,14.397188049209138,15,0.457763671875,2261,69.000244140625,0,0.0,2581,1324,10.08203125,5.171875,10,5,16288,357.890625,1,0,111,80,31,2,2,1,0x04,0,0,0,1,0,0,1,0,0,0,0,0,0,,,,,,,,,,,,,,,
512,17.1,1105292,33730.8349609375,33.7308349609375,11,OPEN_TRAVERSE,0x02,large_room,2286,2286,69.76318359375,14.334208223972004,15,0.457763671875,2270,69.27490234375,1,0.030517578125,2600,1324,10.15625,5.171875,10,5,16288,357.890625,1,0,112,80,32,2,2,1,0x04,0,0,0,1,0,0,1,0,0,0,0,0,0,,,,,,,,,,,,,,,
513,17.133333333333333,1107582,33800.72021484375,33.80072021484375,11,OPEN_TRAVERSE,0x02,large_room,2290,2290,69.88525390625,14.309170305676856,15,0.457763671875,2274,69.39697265625,1,0.030517578125,2619,1324,10.23046875,5.171875,10,5,16288,357.890625,1,0,112,80,32,2,2,1,0x04,0,0,0,1,0,0,1,0,0,0,0,0,0,,,,,,,,,,,,,,,
514,17.166666666666668,1109878,33870.78857421875,33.87078857421875,11,OPEN_TRAVERSE,0x02,large_room,2296,2296,70.068359375,14.27177700348432,15,0.457763671875,2281,69.610595703125,0,0.0,2638,1324,10.3046875,5.171875,10,5,16288,357.890625,1,0,113,80,33,2,2,1,0x04,0,0,0,1,0,0,1,0,0,0,0,0,0,,,,,,,,,,,,,,,
515,17.2,1112171,33940.765380859375,33.940765380859375,11,OPEN_TRAVERSE,0x02,large_room,2293,2293,69.976806640625,14.290449193196686,15,0.457763671875,2278,69.51904296875,0,0.0,2657,1324,10.37890625,5.171875,10,5,16288,357.890625,1,0,113,80,33,2,2,1,0x04,0,0,0,1,0,0,1,0,0,0,0,0,0,,,,,,,,,,,,,,,
516,17.233333333333334,1114466,34010.80322265625,34.01080322265625,11,OPEN_TRAVERSE,0x02,large_room,2295,2295,70.037841796875,14.277995642701525,15,0.457763671875,2279,69.549560546875,1,0.030517578125,2676,1324,10.453125,5.171875,10,5,16288,357.890625,1,0,115,80,35,2,2,1,0x04,0,0,0,1,0,0,1,0,0,0,0,0,0,,,,,,,,,,,,,,,
517,17.266666666666666,1116761,34080.841064453125,34.080841064453125,11,OPEN_TRAVERSE,0x02,large_room,2295,2295,70.037841796875,14.277995642701525,15,0.457763671875,2280,69.580078125,0,0.0,2695,1324,10.52734375,5.171875,10,5,16288,357.890625,1,0,115,80,35,2,2,1,0x04,0,0,0,1,0,0,1,0,0,0,0,0,0,,,,,,,,,,,,,,,
518,17.3,1119069,34151.275634765625,34.151275634765625,11,OPEN_TRAVERSE,0x02,large_room,2308,2308,70.4345703125,14.197573656845753,15,0.457763671875,2293,69.976806640625,0,0.0,2714,1324,10.6015625,5.171875,10,5,16288,357.890625,1,0,116,80,36,2,2,1,0x04,0,0,0,1,0,0,1,0,0,0,0,0,0,,,,,,,,,,,,,,,
519,17.333333333333332,1121392,34222.16796875,34.22216796875,11,OPEN_TRAVERSE,0x02,large_room,2323,2323,70.892333984375,14.105897546276367,15,0.457763671875,2307,70.404052734375,1,0.030517578125,2733,1324,10.67578125,5.171875,10,5,16288,357.890625,1,0,117,80,37,2,2,1,0x04,0,0,0,1,0,0,1,0,0,0,0,0,0,,,,,,,,,,,,,,,
520,17.366666666666667,1123728,34293.45703125,34.29345703125,11,OPEN_TRAVERSE,0x02,large_room,2336,2336,71.2890625,14.027397260273972,15,0.457763671875,2320,70.80078125,1,0.030517578125,2752,1324,10.75,5.171875,10,5,16288,357.890625,1,0,118,80,38,2,2,1,0x04,0,0,0,1,0,0,1,0,0,0,0,0,0,,,,,,,,,,,,,,,
521,17.4,1126062,34364.68505859375,34.36468505859375,11,OPEN_TRAVERSE,0x02,large_room,2334,2334,71.22802734375,14.03941730934019,15,0.457763671875,2319,70.770263671875,0,0.0,2771,1324,10.82421875,5.171875,10,5,16288,357.890625,1,0,119,80,39,2,2,1,0x04,0,0,0,1,0,0,1,0,0,0,0,0,0,,,,,,,,,,,,,,,
522,17.433333333333334,1128408,34436.279296875,34.436279296875,11,OPEN_TRAVERSE,0x02,large_room,2346,2346,71.59423828125,13.967604433077579,15,0.457763671875,2331,71.136474609375,0,0.0,2790,1324,10.8984375,5.171875,10,5,16288,357.890625,1,0,121,80,41,3,3,2,0x04,0,0,0,1,0,0,1,0,0,0,0,0,0,,,,,,,,,,,,,,,
523,17.466666666666665,1130773,34508.453369140625,34.508453369140625,11,OPEN_TRAVERSE,0x02,large_room,2365,2365,72.174072265625,13.855391120507399,15,0.457763671875,2350,71.71630859375,0,0.0,2809,1324,10.97265625,5.171875,10,5,16288,357.890625,1,0,122,80,42,3,3,2,0x06,1,0,0,1,0,0,1,0,0,0,0,0,0,72.3876953125,18.524169921875,0.0,26.3671875,10.55908203125,7.01904296875,4.57763671875,5.340576171875,42,74,48,48,48,2593,678
524,17.5,1133096,34579.345703125,34.579345703125,11,OPEN_TRAVERSE,0x02,large_room,2323,2323,70.892333984375,14.105897546276367,16,0.48828125,2306,70.37353515625,1,0.030517578125,2828,1324,11.046875,5.171875,11,5,16288,357.890625,1,0,122,80,42,3,3,2,0x04,0,0,0,1,0,0,1,0,0,0,0,0,0,,,,,,,,,,,,,,,
525,17.533333333333335,1135415,34650.115966796875,34.650115966796875,11,OPEN_TRAVERSE,0x02,large_room,2319,2319,70.770263671875,14.130228546787409,15,0.457763671875,2303,70.281982421875,1,0.030517578125,2847,1324,11.12109375,5.171875,11,5,16288,357.890625,1,0,122,80,42,3,3,2,0x04,0,0,0,1,0,0,1,0,0,0,0,0,0,,,,,,,,,,,,,,,
526,17.566666666666666,1137732,34720.8251953125,34.7208251953125,11,OPEN_TRAVERSE,0x02,large_room,2317,2317,70.709228515625,14.142425550280535,15,0.457763671875,2301,70.220947265625,1,0.030517578125,2866,1324,11.1953125,5.171875,11,5,16288,357.890625,1,0,122,80,42,3,3,2,0x04,0,0,0,1,0,0,1,0,0,0,0,0,0,,,,,,,,,,,,,,,
527,17.6,1140047,34791.473388671875,34.791473388671875,11,OPEN_TRAVERSE,0x02,large_room,2315,2315,70.648193359375,14.154643628509719,15,0.457763671875,2299,70.159912109375,1,0.030517578125,2885,1324,11.26953125,5.171875,11,5,16288,357.890625,1,0,121,80,41,2,2,1,0x04,0,0,0,1,0,0,1,0,0,0,0,0,0,,,,,,,,,,,,,,,
528,17.633333333333333,1142358,34861.99951171875,34.86199951171875,11,OPEN_TRAVERSE,0x02,large_room,2311,2311,70.526123046875,14.179143228039809,15,0.457763671875,2296,70.068359375,0,0.0,2904,1324,11.34375,5.171875,11,5,16288,357.890625,1,0,121,80,41,2,2,1,0x04,0,0,0,1,0,0,1,0,0,0,0,0,0,,,,,,,,,,,,,,,
529,17.666666666666668,1144667,34932.464599609375,34.932464599609375,11,OPEN_TRAVERSE,0x02,large_room,2309,2309,70.465087890625,14.191424859246426,15,0.457763671875,2294,70.00732421875,0,0.0,2923,1324,11.41796875,5.171875,11,5,16288,357.890625,1,0,121,80,41,2,2,1,0x04,0,0,0,1,0,0,1,0,0,0,0,0,0,,,,,,,,,,,,,,,
530,17.7,1146991,35003.387451171875,35.003387451171875,11,OPEN_TRAVERSE,0x02,large_room,2324,2324,70.9228515625,14.099827882960414,15,0.457763671875,2309,70.465087890625,0,0.0,2942,1324,11.4921875,5.171875,11,5,16288,357.890625,1,0,122,80,42,2,2,1,0x04,0,0,0,1,0,0,1,0,0,0,0,0,0,,,,,,,,,,,,,,,
531,17.733333333333334,1149305,35074.005126953125,35.074005126953125,11,OPEN_TRAVERSE,0x02,large_room,2314,2314,70.61767578125,14.16076058772688,15,0.457763671875,2298,70.12939453125,1,0.030517578125,2961,1324,11.56640625,5.171875,11,5,16288,357.890625,1,0,121,80,41,2,2,1,0x0C,0,0,0,1,1,0,1,0,0,0,0,0,0,,,,,,,,,,,,,,,
532,17.766666666666666,1151496,35140.869140625,35.140869140625,12,OPEN_NAV,0x0A,large_room|fast_turn,2191,2191,66.864013671875,14.955727978092195,6,0.18310546875,2185,66.680908203125,0,0.0,2961,1324,11.56640625,5.171875,11,5,6,0.1318359375,0,1,125,80,45,3,3,2,0x04,0,0,0,1,0,0,1,0,1,0,0,0,0,,,,,,,,,,,,,,,
533,17.8,1153882,35213.68408203125,35.21368408203125,12,OPEN_NAV,0x0A,large_room|fast_turn,2386,2386,72.81494140625,13.733445096395641,6,0.18310546875,2380,72.6318359375,0,0.0,2961,1324,11.56640625,5.171875,11,5,108,2.373046875,0,1,130,80,50,3,3,2,0x04,0,0,0,1,0,0,1,0,1,0,0,0,0,,,,,,,,,,,,,,,
534,17.833333333333332,1156274,35286.68212890625,35.28668212890625,12,OPEN_NAV,0x0A,large_room|fast_turn,2392,2392,72.998046875,13.698996655518394,5,0.152587890625,2386,72.81494140625,1,0.030517578125,2961,1324,11.56640625,5.171875,11,5,210,4.6142578125,0,1,131,80,51,3,3,2,0x06,1,0,0,1,0,0,1,0,1,0,0,0,0,73.6083984375,18.310546875,0.0,25.390625,11.138916015625,8.11767578125,4.08935546875,6.561279296875,51,74,57,57,57,1845,740
535,17.866666666666667,1158643,35358.978271484375,35.358978271484375,12,OPEN_NAV,0x0A,large_room|fast_turn,2369,2369,72.296142578125,13.831996623047699,6,0.18310546875,2363,72.113037109375,0,0.0,2961,1324,11.56640625,5.171875,11,5,312,6.85546875,0,1,128,80,48,3,3,2,0x04,0,0,0,1,0,0,1,0,1,0,0,0,0,,,,,,,,,,,,,,,
536,17.9,1161010,35431.21337890625,35.43121337890625,12,OPEN_NAV,0x0A,large_room|fast_turn,2367,2367,72.235107421875,13.84368398817068,6,0.18310546875,2361,72.052001953125,0,0.0,2961,1324,11.56640625,5.171875,11,5,414,9.0966796875,0,1,128,80,48,3,3,2,0x04,0,0,0,1,0,0,1,0,1,0,0,0,0,,,,,,,,,,,,,,,
537,17.933333333333334,1163376,35503.41796875,35.50341796875,12,OPEN_NAV,0x0A,large_room|fast_turn,2366,2366,72.20458984375,13.84953508030431,5,0.152587890625,2360,72.021484375,1,0.030517578125,2961,1324,11.56640625,5.171875,11,5,516,11.337890625,0,1,127,80,47,3,3,2,0x04,0,0,0,1,0,0,1,0,1,0,0,0,0,,,,,,,,,,,,,,,
538,17.966666666666665,1165758,35576.11083984375,35.57611083984375,12,OPEN_NAV,0x0A,large_room|fast_turn,2382,2382,72.69287109375,13.756507136859781,6,0.18310546875,2376,72.509765625,0,0.0,2961,1324,11.56640625,5.171875,11,5,618,13.5791015625,0,1,129,80,49,3,3,2,0x04,0,0,0,1,0,0,1,0,1,0,0,0,0,,,,,,,,,,,,,,,
539,18.0,1168122,35648.25439453125,35.64825439453125,12,OPEN_NAV,0x0A,large_room|fast_turn,2364,2364,72.1435546875,13.861252115059221,5,0.152587890625,2359,71.990966796875,0,0.0,2961,1324,11.56640625,5.171875,11,5,720,15.8203125,0,1,127,80,47,3,3,2,0x04,0,0,0,1,0,0,1,0,1,0,0,0,0,,,,,,,,,,,,,,,
540,18.033333333333335,1170487,35720.428466796875,35.720428466796875,12,OPEN_NAV,0x0A,large_room|fast_turn,2365,2365,72.174072265625,13.855391120507399,5,0.152587890625,2360,72.021484375,0,0.0,2961,1324,11.56640625,5.171875,11,5,822,18.0615234375,0,1,127,80,47,3,3,2,0x04,0,0,0,1,0,0,1,0,1,0,0,0,0,,,,,,,,,,,,,,,
541,18.066666666666666,1172843,35792.327880859375,35.792327880859375,12,OPEN_NAV,0x0A,large_room|fast_turn,2356,2356,71.8994140625,13.908319185059423,5,0.152587890625,2351,71.746826171875,0,0.0,2961,1324,11.56640625,5.171875,11,5,924,20.302734375,0,1,127,80,47,3,3,2,0x04,0,0,0,1,0,0,1,0,1,0,0,0,0,,,,,,,,,,,,,,,
542,18.1,1175219,35864.837646484375,35.864837646484375,12,OPEN_NAV,0x0A,large_room|fast_turn,2376,2376,72.509765625,13.79124579124579,5,0.152587890625,2371,72.357177734375,0,0.0,2961,1324,11.56640625,5.171875,11,5,1026,22.5439453125,0,1,129,80,49,3,3,2,0x04,0,0,0,1,0,0,1,0,1,0,0,0,0,,,,,,,,,,,,,,,
543,18.133333333333333,1177603,35937.591552734375,35.937591552734375,12,OPEN_NAV,0x0A,large_room|fast_turn,2384,2384,72.75390625,13.74496644295302,5,0.152587890625,2378,72.57080078125,1,0.030517578125,2961,1324,11.56640625,5.171875,11,5,1128,24.78515625,0,1,131,80,51,3,3,2,0x04,0,0,0,1,0,0,1,0,1,0,0,0,0,,,,,,,,,,,,,,,
544,18.166666666666668,1179966,36009.70458984375,36.00970458984375,12,OPEN_NAV,0x0A,large_room|fast_turn,2363,2363,72.113037109375,13.867118070249683,6,0.18310546875,2357,71.929931640625,0,0.0,2961,1324,11.56640625,5.171875,11,5,1230,27.0263671875,0,1,133,80,53,3,3,2,0x04,0,0,0,1,0,0,1,0,1,0,0,0,0,,,,,,,,,,,,,,,
545,18.2,1182305,36081.085205078125,36.081085205078125,12,OPEN_NAV,0x0A,large_room|fast_turn,2339,2339,71.380615234375,14.009405728943992,5,0.152587890625,2333,71.197509765625,1,0.030517578125,2961,1324,11.56640625,5.171875,11,5,1332,29.267578125,0,1,134,80,54,3,3,2,0x04,0,0,0,1,0,0,1,0,1,0,0,0,0,,,,,,,,,,,,,,,
546,18.233333333333334,1184638,36152.28271484375,36.15228271484375,12,OPEN_NAV,0x0A,large_room|fast_turn,2333,2333,71.197509765625,14.045435062151736,6,0.18310546875,2326,70.98388671875,1,0.030517578125,2961,1324,11.56640625,5.171875,11,5,1434,31.5087890625,0,1,134,80,54,3,3,2,0x04,0,0,0,1,0,0,1,0,1,0,0,0,0,,,,,,,,,,,,,,,
547,18.266666666666666,1186889,36220.977783203125,36.220977783203125,12,OPEN_NAV,0x0A,large_room|fast_turn,2251,2251,68.695068359375,14.557085739671257,6,0.18310546875,2244,68.4814453125,1,0.030517578125,2961,1324,11.56640625,5.171875,11,5,1536,33.75,0,1,130,80,50,3,3,2,0x04,0,0,0,1,0,0,1,0,1,0,0,0,0,,,,,,,,,,,,,,,
548,18.3,1189083,36287.933349609375,36.287933349609375,12,OPEN_NAV,0x0A,large_room|fast_turn,2194,2194,66.95556640625,14.935278030993619,5,0.152587890625,2189,66.802978515625,0,0.0,2961,1324,11.56640625,5.171875,11,5,1638,35.9912109375,0,1,129,80,49,3,3,2,0x04,0,0,0,1,0,0,1,0,1,0,0,0,0,,,,,,,,,,,,,,,
549,18.333333333333332,1191269,36354.644775390625,36.354644775390625,12,OPEN_NAV,0x0A,large_room|fast_turn,2186,2186,66.71142578125,14.989935956084173,5,0.152587890625,2180,66.5283203125,1,0.030517578125,2961,1324,11.56640625,5.171875,11,5,1740,38.232421875,0,1,128,80,48,3,3,2,0x04,0,0,0,1,0,0,1,0,1,0,0,0,0,,,,,,,,,,,,,,,
550,18.366666666666667,1193406,36419.86083984375,36.41986083984375,12,OPEN_NAV,0x0A,large_room|fast_turn,2137,2137,65.216064453125,15.333645297145532,6,0.18310546875,2130,65.00244140625,1,0.030517578125,2961,1324,11.56640625,5.171875,11,5,1842,40.4736328125,0,1,127,80,47,3,3,2,0x04,0,0,0,1,0,0,1,0,1,0,0,0,0,,,,,,,,,,,,,,,
551,18.4,1195514,36484.19189453125,36.48419189453125,12,OPEN_NAV,0x0A,large_room|fast_turn,2108,2108,64.3310546875,15.544592030360532,6,0.18310546875,2101,64.117431640625,1,0.030517578125,2961,1324,11.56640625,5.171875,11,5,1944,42.71484375,0,1,122,80,42,3,3,2,0x04,0,0,0,1,0,0,1,0,1,0,0,0,0,,,,,,,,,,,,,,,
552,18.433333333333334,1197589,36547.515869140625,36.547515869140625,12,OPEN_NAV,0x0A,large_room|fast_turn,2075,2075,63.323974609375,15.791807228915662,6,0.18310546875,2068,63.1103515625,1,0.030517578125,2961,1324,11.56640625,5.171875,11,5,2046,44.9560546875,0,1,118,80,38,3,3,2,0x04,0,0,0,1,0,0,1,0,1,0,0,0,0,,,,,,,,,,,,,,,
553,18.466666666666665,1199651,36610.443115234375,36.610443115234375,12,OPEN_NAV,0x0A,large_room|fast_turn,2062,2062,62.92724609375,15.891367604267701,6,0.18310546875,2056,62.744140625,0,0.0,2961,1324,11.56640625,5.171875,11,5,2148,47.197265625,0,1,117,80,37,3,3,2,0x04,0,0,0,1,0,0,1,0,1,0,0,0,0,,,,,,,,,,,,,,,
554,18.5,1201653,36671.539306640625,36.671539306640625,12,OPEN_NAV,0x0A,large_room|fast_turn,2002,2002,61.09619140625,16.367632367632368,6,0.18310546875,1995,60.882568359375,1,0.030517578125,2961,1324,11.56640625,5.171875,11,5,2250,49.4384765625,0,1,110,80,30,3,3,2,0x04,0,0,0,1,0,0,1,0,1,0,0,0,0,,,,,,,,,,,,,,,
555,18.533333333333335,1203627,36731.781005859375,36.731781005859375,12,OPEN_NAV,0x0A,large_room|fast_turn,1974,1974,60.24169921875,16.599797365754814,6,0.18310546875,1967,60.028076171875,1,0.030517578125,2961,1324,11.56640625,5.171875,11,5,2352,51.6796875,0,1,107,80,27,3,3,2,0x04,0,0,0,1,0,0,1,0,1,0,0,0,0,,,,,,,,,,,,,,,
556,18.566666666666666,1205613,36792.388916015625,36.792388916015625,12,OPEN_NAV,0x0A,large_room|fast_turn,1986,1986,60.60791015625,16.49949647532729,6,0.18310546875,1980,60.4248046875,0,0.0,2961,1324,11.56640625,5.171875,11,5,2454,53.9208984375,0,1,104,80,24,3,3,2,0x04,0,0,0,1,0,0,1,0,1,0,0,0,0,,,,,,,,,,,,,,,
557,18.6,1207606,36853.21044921875,36.85321044921875,12,OPEN_NAV,0x0A,large_room|fast_turn,1993,1993,60.821533203125,16.44154540893126,5,0.152587890625,1987,60.638427734375,1,0.030517578125,2961,1324,11.56640625,5.171875,11,5,2556,56.162109375,0,1,101,80,21,3,3,2,0x04,0,0,0,1,0,0,1,0,1,0,0,0,0,,,,,,,,,,,,,,,
558,18.633333333333333,1209607,36914.276123046875,36.914276123046875,12,OPEN_NAV,0x0A,large_room|fast_turn,2001,2001,61.065673828125,16.375812093953023,6,0.18310546875,1994,60.85205078125,1,0.030517578125,2961,1324,11.56640625,5.171875,11,5,2658,58.4033203125,0,1,98,80,18,3,3,2,0x04,0,0,0,1,0,0,1,0,1,0,0,0,0,,,,,,,,,,,,,,,
559,18.666666666666668,1211621,36975.738525390625,36.975738525390625,12,OPEN_NAV,0x0A,large_room|fast_turn,2014,2014,61.46240234375,16.270109235352532,6,0.18310546875,2008,61.279296875,0,0.0,2961,1324,11.56640625,5.171875,11,5,2760,60.64453125,0,1,96,80,16,3,3,2,0x04,0,0,0,1,0,0,1,0,1,0,0,0,0,,,,,,,,,,,,,,,
560,18.7,1213609,37036.407470703125,37.036407470703125,12,OPEN_NAV,0x0A,large_room|fast_turn,1988,1988,60.6689453125,16.482897384305836,5,0.152587890625,1982,60.48583984375,1,0.030517578125,2961,1324,11.56640625,5.171875,11,5,2862,62.8857421875,0,1,93,80,13,3,3,2,0x04,0,0,0,1,0,0,1,0,1,0,0,0,0,,,,,,,,,,,,,,,
561,18.733333333333334,1215618,37097.71728515625,37.09771728515625,12,OPEN_NAV,0x0A,large_room|fast_turn,2009,2009,61.309814453125,16.310602289696366,6,0.18310546875,2003,61.126708984375,0,0.0,2961,1324,11.56640625,5.171875,11,5,2964,65.126953125,0,1,91,80,11,3,3,2,0x04,0,0,0,1,0,0,1,0,1,0,0,0,0,,,,,,,,,,,,,,,
562,18.766666666666666,1217612,37158.5693359375,37.1585693359375,12,OPEN_NAV,0x0A,large_room|fast_turn,1994,1994,60.85205078125,16.433299899699097,5,0.152587890625,1988,60.6689453125,1,0.030517578125,2961,1324,11.56640625,5.171875,11,5,3066,67.3681640625,0,1,85,80,5,3,3,2,0x04,0,0,0,1,0,0,1,0,1,0,0,0,0,,,,,,,,,,,,,,,
563,18.8,1219610,37219.54345703125,37.21954345703125,12,OPEN_NAV,0x0A,large_room|fast_turn,1998,1998,60.97412109375,16.4004004004004,6,0.18310546875,1991,60.760498046875,1,0.030517578125,2961,1324,11.56640625,5.171875,11,5,3168,69.609375,0,1,81,80,1,2,2,1,0x04,0,0,0,1,0,0,1,0,1,0,0,0,0,,,,,,,,,,,,,,,
564,18.833333333333332,1221632,37281.25,37.28125,12,OPEN_NAV,0x0A,large_room|fast_turn,2022,2022,61.70654296875,16.205736894164193,6,0.18310546875,2016,61.5234375,0,0.0,2961,1324,11.56640625,5.171875,11,5,3270,71.8505859375,0,1,80,80,0,1,1,0,0x04,0,0,0,1,0,0,1,0,1,0,0,0,0,,,,,,,,,,,,,,,
565,18.866666666666667,1223654,37342.95654296875,37.34295654296875,12,OPEN_NAV,0x0A,large_room|fast_turn,2022,2022,61.70654296875,16.205736894164193,5,0.152587890625,2017,61.553955078125,0,0.0,2961,1324,11.56640625,5.171875,11,5,3372,74.091796875,0,1,80,80,0,1,1,0,0x04,0,0,0,1,0,0,1,0,1,0,0,0,0,,,,,,,,,,,,,,,
566,18.9,1225714,37405.82275390625,37.40582275390625,12,OPEN_NAV,0x0A,large_room|fast_turn,2060,2060,62.8662109375,15.906796116504854,6,0.18310546875,2053,62.652587890625,1,0.030517578125,2961,1324,11.56640625,5.171875,11,5,3474,76.3330078125,0,1,80,80,0,1,1,0,0x04,0,0,0,1,0,0,1,0,1,0,0,0,0,,,,,,,,,,,,,,,
567,18.933333333333334,1227774,37468.68896484375,37.46868896484375,12,OPEN_NAV,0x0A,large_room|fast_turn,2060,2060,62.8662109375,15.906796116504854,6,0.18310546875,2053,62.652587890625,1,0.030517578125,2961,1324,11.56640625,5.171875,11,5,3576,78.57421875,0,1,80,80,0,1,1,0,0x04,0,0,0,1,0,0,1,0,1,0,0,0,0,,,,,,,,,,,,,,,
568,18.966666666666665,1229868,37532.5927734375,37.5325927734375,12,OPEN_NAV,0x0A,large_room|fast_turn,2094,2094,63.90380859375,15.648519579751671,6,0.18310546875,2088,63.720703125,0,0.0,2961,1324,11.56640625,5.171875,11,5,3678,80.8154296875,0,1,80,80,0,1,1,0,0x04,0,0,0,1,0,0,1,0,1,0,0,0,0,,,,,,,,,,,,,,,
569,19.0,1231963,37596.527099609375,37.596527099609375,12,OPEN_NAV,0x0A,large_room|fast_turn,2095,2095,63.934326171875,15.641050119331743,6,0.18310546875,2088,63.720703125,1,0.030517578125,2961,1324,11.56640625,5.171875,11,5,3780,83.056640625,0,1,80,80,0,1,1,0,0x04,0,0,0,1,0,0,1,0,1,0,0,0,0,,,,,,,,,,,,,,,
570,19.033333333333335,1234092,37661.4990234375,37.6614990234375,12,OPEN_NAV,0x0A,large_room|fast_turn,2129,2129,64.971923828125,15.391263503992485,6,0.18310546875,2122,64.75830078125,1,0.030517578125,2961,1324,11.56640625,5.171875,11,5,3882,85.2978515625,0,1,80,80,0,1,1,0,0x04,0,0,0,1,0,0,1,0,1,0,0,0,0,,,,,,,,,,,,,,,
571,19.066666666666666,1236213,37726.226806640625,37.726226806640625,12,OPEN_NAV,0x0A,large_room|fast_turn,2121,2121,64.727783203125,15.44931636020745,5,0.152587890625,2116,64.5751953125,0,0.0,2961,1324,11.56640625,5.171875,11,5,3984,87.5390625,0,1,80,80,0,1,1,0,0x04,0,0,0,1,0,0,1,0,1,0,0,0,0,,,,,,,,,,,,,,,
572,19.1,1238342,37791.19873046875,37.79119873046875,12,OPEN_NAV,0x0A,large_room|fast_turn,2129,2129,64.971923828125,15.391263503992485,14,0.42724609375,2115,64.544677734375,0,0.0,2961,1343,11.56640625,5.24609375,11,5,3984,87.5390625,1,0,80,80,0,1,1,0,0x04,0,0,0,1,0,0,1,0,1,0,0,0,0,,,,,,,,,,,,,,,
573,19.133333333333333,1240472,37856.201171875,37.856201171875,12,OPEN_NAV,0x0A,large_room|fast_turn,2130,2130,65.00244140625,15.384037558685446,13,0.396728515625,2116,64.5751953125,1,0.030517578125,2961,1362,11.56640625,5.3203125,11,5,3984,87.5390625,1,0,80,80,0,1,1,0,0x04,0,0,0,1,0,0,1,0,1,0,0,0,0,,,,,,,,,,,,,,,
574,19.166666666666668,1242605,37921.295166015625,37.921295166015625,12,OPEN_NAV,0x0A,large_room|fast_turn,2133,2133,65.093994140625,15.362400375058604,14,0.42724609375,2118,64.63623046875,1,0.030517578125,2961,1381,11.56640625,5.39453125,11,5,3984,87.5390625,1,0,80,80,0,1,1,0,0x04,0,0,0,1,0,0,1,0,1,0,0,0,0,,,,,,,,,,,,,,,
575,19.2,1244737,37986.358642578125,37.986358642578125,12,OPEN_NAV,0x0A,large_room|fast_turn,2132,2132,65.0634765625,15.369606003752345,14,0.42724609375,2117,64.605712890625,1,0.030517578125,2961,1400,11.56640625,5.46875,11,5,3984,87.5390625,1,0,80,80,0,1,1,0,0x04,0,0,0,1,0,0,1,0,1,0,0,0,0,,,,,,,,,,,,,,,
576,19.233333333333334,1246872,38051.513671875,38.051513671875,12,OPEN_NAV,0x0A,large_room|fast_turn,2135,2135,65.155029296875,15.348009367681499,14,0.42724609375,2121,64.727783203125,0,0.0,2961,1419,11.56640625,5.54296875,11,5,3984,87.5390625,1,0,80,80,0,1,1,0,0x04,0,0,0,1,0,0,1,0,1,0,0,0,0,,,,,,,,,,,,,,,
577,19.266666666666666,1249005,38116.607666015625,38.116607666015625,12,OPEN_NAV,0x0A,large_room|fast_turn,2133,2133,65.093994140625,15.362400375058604,14,0.42724609375,2118,64.63623046875,1,0.030517578125,2961,1438,11.56640625,5.6171875,11,5,3984,87.5390625,1,0,80,80,0,1,1,0,0x04,0,0,0,1,0,0,1,0,1,0,0,0,0,,,,,,,,,,,,,,,
578,19.3,1251138,38181.70166015625,38.18170166015625,12,OPEN_NAV,0x0A,large_room|fast_turn,2133,2133,65.093994140625,15.362400375058604,14,0.42724609375,2119,64.666748046875,0,0.0,2961,1457,11.56640625,5.69140625,11,5,3984,87.5390625,1,0,80,80,0,1,1,0,0x04,0,0,0,1,0,0,1,0,1,0,0,0,0,,,,,,,,,,,,,,,
579,19.333333333333332,1253271,38246.795654296875,38.246795654296875,12,OPEN_NAV,0x0A,large_room|fast_turn,2133,2133,65.093994140625,15.362400375058604,14,0.42724609375,2119,64.666748046875,0,0.0,2961,1476,11.56640625,5.765625,11,5,3984,87.5390625,1,0,80,80,0,1,1,0,0x04,0,0,0,1,0,0,1,0,1,0,0,0,0,,,,,,,,,,,,,,,
580,19.366666666666667,1255404,38311.8896484375,38.3118896484375,12,OPEN_NAV,0x0A,large_room|fast_turn,2133,2133,65.093994140625,15.362400375058604,14,0.42724609375,2118,64.63623046875,1,0.030517578125,2961,1495,11.56640625,5.83984375,11,5,3984,87.5390625,1,0,80,80,0,1,1,0,0x04,0,0,0,1,0,0,1,0,1,0,0,0,0,,,,,,,,,,,,,,,
581,19.4,1257539,38377.044677734375,38.377044677734375,12,OPEN_NAV,0x0A,large_room|fast_turn,2135,2135,65.155029296875,15.348009367681499,15,0.457763671875,2119,64.666748046875,1,0.030517578125,2961,1514,11.56640625,5.9140625,11,5,3984,87.5390625,1,0,80,80,0,1,1,0,0x04,0,0,0,1,0,0,1,0,1,0,0,0,0,,,,,,,,,,,,,,,
582,19.433333333333334,1259674,38442.19970703125,38.44219970703125,12,OPEN_NAV,0x0A,large_room|fast_turn,2135,2135,65.155029296875,15.348009367681499,15,0.457763671875,2119,64.666748046875,1,0.030517578125,2961,1533,11.56640625,5.98828125,11,5,3984,87.5390625,1,0,80,80,0,1,1,0,0x04,0,0,0,1,0,0,1,0,1,0,0,0,0,,,,,,,,,,,,,,,
583,19.466666666666665,1261765,38506.011962890625,38.506011962890625,12,OPEN_NAV,0x0A,large_room|fast_turn,2091,2091,63.812255859375,15.670970827355333,15,0.457763671875,2075,63.323974609375,1,0.030517578125,2961,1552,11.56640625,6.0625,11,6,3984,87.5390625,1,0,80,80,0,1,1,0,0x04,0,0,0,1,0,0,1,0,1,0,0,0,0,,,,,,,,,,,,,,,
584,19.5,1263857,38569.854736328125,38.569854736328125,12,OPEN_NAV,0x0A,large_room|fast_turn,2092,2092,63.8427734375,15.663479923518164,14,0.42724609375,2078,63.41552734375,0,0.0,2961,1571,11.56640625,6.13671875,11,6,3984,87.5390625,1,0,80,80,0,1,1,0,0x04,0,0,0,1,0,0,1,0,1,0,0,0,0,,,,,,,,,,,,,,,
585,19.533333333333335,1265951,38633.758544921875,38.633758544921875,12,OPEN_NAV,0x0A,large_room|fast_turn,2094,2094,63.90380859375,15.648519579751671,14,0.42724609375,2080,63.4765625,0,0.0,2961,1590,11.56640625,6.2109375,11,6,3984,87.5390625,1,0,80,80,0,1,1,0,0x04,0,0,0,1,0,0,1,0,1,0,0,0,0,,,,,,,,,,,,,,,
586,19.566666666666666,1268044,38697.6318359375,38.6976318359375,12,OPEN_NAV,0x0A,large_room|fast_turn,2093,2093,63.873291015625,15.655996177735307,13,0.396728515625,2080,63.4765625,0,0.0,2961,1609,11.56640625,6.28515625,11,6,3984,87.5390625,1,0,80,80,0,1,1,0,0x04,0,0,0,1,0,0,1,0,1,0,0,0,0,,,,,,,,,,,,,,,
587,19.6,1270139,38761.566162109375,38.761566162109375,12,OPEN_NAV,0x0A,large_room|fast_turn,2095,2095,63.934326171875,15.641050119331743,14,0.42724609375,2081,63.507080078125,0,0.0,2961,1628,11.56640625,6.359375,11,6,3984,87.5390625,1,0,80,80,0,1,1,0,0x04,0,0,0,1,0,0,1,0,1,0,0,0,0,,,,,,,,,,,,,,,
588,19.633333333333333,1272236,38825.5615234375,38.8255615234375,12,OPEN_NAV,0x0A,large_room|fast_turn,2097,2097,63.995361328125,15.626132570338578,14,0.42724609375,2082,63.53759765625,1,0.030517578125,2961,1647,11.56640625,6.43359375,11,6,3984,87.5390625,1,0,80,80,0,1,1,0,0x04,0,0,0,1,0,0,1,0,1,0,0,0,0,,,,,,,,,,,,,,,
589,19.666666666666668,1274330,38889.46533203125,38.88946533203125,12,OPEN_NAV,0x0A,large_room|fast_turn,2094,2094,63.90380859375,15.648519579751671,14,0.42724609375,2080,63.4765625,0,0.0,2961,1666,11.56640625,6.5078125,11,6,3984,87.5390625,1,0,80,80,0,1,1,0,0x04,0,0,0,1,0,0,1,0,1,0,0,0,0,,,,,,,,,,,,,,,
590,19.7,1276428,38953.4912109375,38.9534912109375,12,OPEN_NAV,0x0A,large_room|fast_turn,2098,2098,64.02587890625,15.618684461391801,14,0.42724609375,2084,63.5986328125,0,0.0,2961,1685,11.56640625,6.58203125,11,6,3984,87.5390625,1,0,80,80,0,1,1,0,0x04,0,0,0,1,0,0,1,0,1,0,0,0,0,,,,,,,,,,,,,,,
591,19.733333333333334,1278524,39017.4560546875,39.0174560546875,12,OPEN_NAV,0x0A,large_room|fast_turn,2096,2096,63.96484375,15.633587786259541,14,0.42724609375,2082,63.53759765625,0,0.0,2961,1704,11.56640625,6.65625,11,6,3984,87.5390625,1,0,80,80,0,1,1,0,0x04,0,0,0,1,0,0,1,0,1,0,0,0,0,,,,,,,,,,,,,,,
592,19.766666666666666,1280621,39081.451416015625,39.081451416015625,12,OPEN_NAV,0x0A,large_room|fast_turn,2097,2097,63.995361328125,15.626132570338578,13,0.396728515625,2083,63.568115234375,1,0.030517578125,2961,1723,11.56640625,6.73046875,11,6,3984,87.5390625,1,0,80,80,0,1,1,0,0x04,0,0,0,1,0,0,1,0,1,0,0,0,0,,,,,,,,,,,,,,,
593,19.8,1282720,39145.5078125,39.1455078125,12,OPEN_NAV,0x0A,large_room|fast_turn,2099,2099,64.056396484375,15.611243449261552,14,0.42724609375,2084,63.5986328125,1,0.030517578125,2961,1742,11.56640625,6.8046875,11,6,3984,87.5390625,1,0,80,80,0,1,1,0,0x04,0,0,0,1,0,0,1,0,1,0,0,0,0,,,,,,,,,,,,,,,
594,19.833333333333332,1284819,39209.564208984375,39.209564208984375,12,OPEN_NAV,0x0A,large_room|fast_turn,2099,2099,64.056396484375,15.611243449261552,14,0.42724609375,2084,63.5986328125,1,0.030517578125,2961,1761,11.56640625,6.87890625,11,6,3984,87.5390625,1,0,80,80,0,1,1,0,0x04,0,0,0,1,0,0,1,0,1,0,0,0,0,,,,,,,,,,,,,,,
595,19.866666666666667,1286917,39273.590087890625,39.273590087890625,12,OPEN_NAV,0x0A,large_room|fast_turn,2098,2098,64.02587890625,15.618684461391801,15,0.457763671875,2082,63.53759765625,1,0.030517578125,2961,1780,11.56640625,6.953125,11,6,3984,87.5390625,1,0,80,80,0,1,1,0,0x04,0,0,0,1,0,0,1,0,1,0,0,0,0,,,,,,,,,,,,,,,
596,19.9,1289010,39337.46337890625,39.33746337890625,12,OPEN_NAV,0x0A,large_room|fast_turn,2093,2093,63.873291015625,15.655996177735307,6,0.18310546875,2086,63.65966796875,1,0.030517578125,2961,1780,11.56640625,6.953125,11,6,3882,85.2978515625,0,-1,80,80,0,1,1,0,0x04,0,0,0,1,0,0,1,0,1,0,0,0,0,,,,,,,,,,,,,,,
597,19.933333333333334,1291074,39400.45166015625,39.40045166015625,12,OPEN_NAV,0x0A,large_room|fast_turn,2064,2064,62.98828125,15.875968992248062,6,0.18310546875,2057,62.774658203125,1,0.030517578125,2961,1780,11.56640625,6.953125,11,6,3780,83.056640625,0,-1,80,80,0,1,1,0,0x04,0,0,0,1,0,0,1,0,1,0,0,0,0,,,,,,,,,,,,,,,
598,19.966666666666665,1293138,39463.43994140625,39.46343994140625,12,OPEN_NAV,0x0A,large_room|fast_turn,2064,2064,62.98828125,15.875968992248062,5,0.152587890625,2058,62.80517578125,1,0.030517578125,2961,1780,11.56640625,6.953125,11,6,3678,80.8154296875,0,-1,80,80,0,1,1,0,0x04,0,0,0,1,0,0,1,0,1,0,0,0,0,,,,,,,,,,,,,,,
599,20.0,1295166,39525.32958984375,39.52532958984375,12,OPEN_NAV,0x0A,large_room|fast_turn,2028,2028,61.8896484375,16.157790927021697,6,0.18310546875,2021,61.676025390625,1,0.030517578125,2961,1780,11.56640625,6.953125,11,6,3576,78.57421875,0,-1,80,80,0,1,1,0,0x04,0,0,0,1,0,0,1,0,1,0,0,0,0,,,,,,,,,,,,,,,
600,20.033333333333335,1297160,39586.181640625,39.586181640625,12,OPEN_NAV,0x0A,large_room|fast_turn,1994,1994,60.85205078125,16.433299899699097,5,0.152587890625,1988,60.6689453125,1,0.030517578125,2961,1780,11.56640625,6.953125,11,6,3474,76.3330078125,0,-1,80,80,0,1,1,0,0x04,0,0,0,1,0,0,1,0,1,0,0,0,0,,,,,,,,,,,,,,,
601,20.066666666666666,1299114,39645.81298828125,39.64581298828125,12,OPEN_NAV,0x0A,large_room|fast_turn,1954,1954,59.63134765625,16.769703172978506,6,0.18310546875,1948,59.4482421875,0,0.0,2961,1780,11.56640625,6.953125,11,6,3372,74.091796875,0,-1,80,80,0,1,1,0,0x04,0,0,0,1,0,0,1,0,1,0,0,0,0,,,,,,,,,,,,,,,
602,20.1,1301067,39705.413818359375,39.705413818359375,12,OPEN_NAV,0x0A,large_room|fast_turn,1953,1953,59.600830078125,16.778289810547875,5,0.152587890625,1948,59.4482421875,0,0.0,2961,1780,11.56640625,6.953125,11,6,3270,71.8505859375,0,-1,80,80,0,1,1,0,0x04,0,0,0,1,0,0,1,0,1,0,0,0,0,,,,,,,,,,,,,,,
603,20.133333333333333,1302985,39763.946533203125,39.763946533203125,12,OPEN_NAV,0x0A,large_room|fast_turn,1918,1918,58.53271484375,17.0844629822732,6,0.18310546875,1911,58.319091796875,1,0.030517578125,2961,1780,11.56640625,6.953125,11,6,3168,69.609375,0,-1,80,80,0,1,1,0,0x04,0,0,0,1,0,0,1,0,1,0,0,0,0,,,,,,,,,,,,,,,
604,20.166666666666668,1304867,39821.380615234375,39.821380615234375,12,OPEN_NAV,0x0A,large_room|fast_turn,1882,1882,57.43408203125,17.41126461211477,6,0.18310546875,1876,57.2509765625,0,0.0,2961,1780,11.56640625,6.953125,11,6,3066,67.3681640625,0,-1,80,80,0,1,1,0,0x04,0,0,0,1,0,0,1,0,1,0,0,0,0,,,,,,,,,,,,,,,
605,20.2,1306711,39877.655029296875,39.877655029296875,12,OPEN_NAV,0x0A,large_room|fast_turn,1844,1844,56.2744140625,17.77006507592191,5,0.152587890625,1838,56.09130859375,1,0.030517578125,2961,1780,11.56640625,6.953125,11,6,2964,65.126953125,0,-1,80,80,0,1,1,0,0x04,0,0,0,1,0,0,1,0,1,0,0,0,0,,,,,,,,,,,,,,,
606,20.233333333333334,1308519,39932.830810546875,39.932830810546875,12,OPEN_NAV,0x0A,large_room|fast_turn,1808,1808,55.17578125,18.123893805309734,6,0.18310546875,1802,54.99267578125,0,0.0,2961,1780,11.56640625,6.953125,11,6,2862,62.8857421875,0,-1,80,80,0,1,1,0,0x04,0,0,0,1,0,0,1,0,1,0,0,0,0,,,,,,,,,,,,,,,
607,20.266666666666666,1310328,39988.037109375,39.988037109375,12,OPEN_NAV,0x0A,large_room|fast_turn,1809,1809,55.206298828125,18.11387506909895,5,0.152587890625,1804,55.0537109375,0,0.0,2961,1780,11.56640625,6.953125,11,6,2760,60.64453125,0,-1,80,80,0,1,1,0,0x04,0,0,0,1,0,0,1,0,1,0,0,0,0,,,,,,,,,,,,,,,
608,20.3,1312100,40042.1142578125,40.0421142578125,12,OPEN_NAV,0x0A,large_room|fast_turn,1772,1772,54.0771484375,18.492099322799096,6,0.18310546875,1766,53.89404296875,0,0.0,2961,1780,11.56640625,6.953125,11,6,2658,58.4033203125,0,-1,80,80,0,1,1,0,0x04,0,0,0,1,0,0,1,0,1,0,0,0,0,,,,,,,,,,,,,,,
609,20.333333333333332,1313837,40095.123291015625,40.095123291015625,12,OPEN_NAV,0x0A,large_room|fast_turn,1737,1737,53.009033203125,18.864709268854348,6,0.18310546875,1731,52.825927734375,0,0.0,2961,1780,11.56640625,6.953125,11,6,2556,56.162109375,0,-1,80,80,0,1,1,0,0x04,0,0,0,1,0,0,1,0,1,0,0,0,0,,,,,,,,,,,,,,,
610,20.366666666666667,1315539,40147.064208984375,40.147064208984375,12,OPEN_NAV,0x0A,large_room|fast_turn,1702,1702,51.94091796875,19.25264394829612,5,0.152587890625,1696,51.7578125,1,0.030517578125,2961,1780,11.56640625,6.953125,11,6,2454,53.9208984375,0,-1,80,80,0,1,1,0,0x04,0,0,0,1,0,0,1,0,1,0,0,0,0,,,,,,,,,,,,,,,
611,20.4,1317207,40197.967529296875,40.197967529296875,12,OPEN_NAV,0x0A,large_room|fast_turn,1668,1668,50.9033203125,19.645083932853716,6,0.18310546875,1661,50.689697265625,1,0.030517578125,2961,1780,11.56640625,6.953125,11,6,2352,51.6796875,0,-1,80,80,0,1,1,0,0x04,0,0,0,1,0,0,1,0,1,0,0,0,0,,,,,,,,,,,,,,,
612,20.433333333333334,1318875,40248.870849609375,40.248870849609375,12,OPEN_NAV,0x0A,large_room|fast_turn,1668,1668,50.9033203125,19.645083932853716,6,0.18310546875,1662,50.72021484375,0,0.0,2961,1780,11.56640625,6.953125,11,6,2250,49.4384765625,0,-1,80,80,0,1,1,0,0x04,0,0,0,1,0,0,1,0,1,0,0,0,0,,,,,,,,,,,,,,,
613,20.466666666666665,1320548,40299.9267578125,40.2999267578125,12,OPEN_NAV,0x0A,large_room|fast_turn,1673,1673,51.055908203125,19.586371787208606,6,0.18310546875,1666,50.84228515625,1,0.030517578125,2961,1780,11.56640625,6.953125,11,6,2148,47.197265625,0,-1,80,80,0,1,1,0,0x04,0,0,0,1,0,0,1,0,1,0,0,0,0,,,,,,,,,,,,,,,
614,20.5,1322215,40350.799560546875,40.350799560546875,12,OPEN_NAV,0x0A,large_room|fast_turn,1667,1667,50.872802734375,19.656868626274743,6,0.18310546875,1661,50.689697265625,0,0.0,2961,1780,11.56640625,6.953125,11,6,2046,44.9560546875,0,-1,80,80,0,1,1,0,0x04,0,0,0,1,0,0,1,0,1,0,0,0,0,,,,,,,,,,,,,,,
615,20.533333333333335,1323884,40401.7333984375,40.4017333984375,12,OPEN_NAV,0x0A,large_room|fast_turn,1669,1669,50.933837890625,19.63331336129419,6,0.18310546875,1663,50.750732421875,0,0.0,2961,1780,11.56640625,6.953125,11,6,1944,42.71484375,0,-1,80,80,0,1,1,0,0x04,0,0,0,1,0,0,1,0,1,0,0,0,0,,,,,,,,,,,,,,,
616,20.566666666666666,1325588,40453.7353515625,40.4537353515625,12,OPEN_NAV,0x0A,large_room|fast_turn,1704,1704,52.001953125,19.230046948356808,5,0.152587890625,1699,51.849365234375,0,0.0,2961,1780,11.56640625,6.953125,11,6,1842,40.4736328125,0,-1,80,80,0,1,1,0,0x04,0,0,0,1,0,0,1,0,1,0,0,0,0,,,,,,,,,,,,,,,
617,20.6,1327327,40506.805419921875,40.506805419921875,12,OPEN_NAV,0x0A,large_room|fast_turn,1739,1739,53.070068359375,18.84301322599195,6,0.18310546875,1733,52.886962890625,0,0.0,2961,1780,11.56640625,6.953125,11,6,1740,38.232421875,0,-1,80,80,0,1,1,0,0x04,0,0,0,1,0,0,1,0,1,0,0,0,0,,,,,,,,,,,,,,,
618,20.633333333333333,1329033,40558.868408203125,40.558868408203125,12,OPEN_NAV,0x0A,large_room|fast_turn,1706,1706,52.06298828125,19.207502930832355,5,0.152587890625,1701,51.910400390625,0,0.0,2961,1780,11.56640625,6.953125,11,6,1638,35.9912109375,0,-1,80,80,0,1,1,0,0x04,0,0,0,1,0,0,1,0,1,0,0,0,0,,,,,,,,,,,,,,,
619,20.666666666666668,1330784,40612.3046875,40.6123046875,12,OPEN_NAV,0x0A,large_room|fast_turn,1751,1751,53.436279296875,18.71387778412336,5,0.152587890625,1746,53.28369140625,0,0.0,2961,1780,11.56640625,6.953125,11,6,1536,33.75,0,-1,81,80,1,2,2,1,0x04,0,0,0,1,0,0,1,0,1,0,0,0,0,,,,,,,,,,,,,,,
620,20.7,1332617,40668.243408203125,40.668243408203125,12,OPEN_NAV,0x0A,large_room|fast_turn,1833,1833,55.938720703125,17.876704855428258,5,0.152587890625,1828,55.7861328125,0,0.0,2961,1780,11.56640625,6.953125,11,6,1434,31.5087890625,0,-1,86,80,6,3,3,2,0x04,0,0,0,1,0,0,1,0,1,0,0,0,0,,,,,,,,,,,,,,,
621,20.733333333333334,1334510,40726.01318359375,40.72601318359375,12,OPEN_NAV,0x0A,large_room|fast_turn,1893,1893,57.769775390625,17.310089804543054,5,0.152587890625,1888,57.6171875,0,0.0,2961,1780,11.56640625,6.953125,11,6,1332,29.267578125,0,-1,89,80,9,3,3,2,0x04,0,0,0,1,0,0,1,0,1,0,0,0,0,,,,,,,,,,,,,,,
622,20.766666666666666,1336464,40785.64453125,40.78564453125,12,OPEN_NAV,0x0A,large_room|fast_turn,1954,1954,59.63134765625,16.769703172978506,5,0.152587890625,1948,59.4482421875,1,0.030517578125,2961,1780,11.56640625,6.953125,11,6,1230,27.0263671875,0,-1,91,80,11,2,2,1,0x04,0,0,0,1,0,0,1,0,1,0,0,0,0,,,,,,,,,,,,,,,
623,20.8,1338449,40846.221923828125,40.846221923828125,12,OPEN_NAV,0x0A,large_room|fast_turn,1985,1985,60.577392578125,16.507808564231738,6,0.18310546875,1978,60.36376953125,1,0.030517578125,2961,1780,11.56640625,6.953125,11,6,1128,24.78515625,0,-1,95,80,15,3,3,2,0x04,0,0,0,1,0,0,1,0,1,0,0,0,0,,,,,,,,,,,,,,,
624,20.833333333333332,1340486,40908.38623046875,40.90838623046875,12,OPEN_NAV,0x0A,large_room|fast_turn,2037,2037,62.164306640625,16.086401570937653,5,0.152587890625,2031,61.981201171875,1,0.030517578125,2961,1780,11.56640625,6.953125,11,6,1026,22.5439453125,0,-1,97,80,17,3,3,2,0x04,0,0,0,1,0,0,1,0,1,0,0,0,0,,,,,,,,,,,,,,,
625,20.866666666666667,1342585,40972.442626953125,40.972442626953125,12,OPEN_NAV,0x0A,large_room|fast_turn,2099,2099,64.056396484375,15.611243449261552,6,0.18310546875,2092,63.8427734375,1,0.030517578125,2961,1780,11.56640625,6.953125,11,6,924,20.302734375,0,-1,100,80,20,3,3,2,0x04,0,0,0,1,0,0,1,0,1,0,0,0,0,,,,,,,,,,,,,,,
626,20.9,1344705,41037.139892578125,41.037139892578125,12,OPEN_NAV,0x0A,large_room|fast_turn,2120,2120,64.697265625,15.456603773584906,6,0.18310546875,2113,64.483642578125,1,0.030517578125,2961,1780,11.56640625,6.953125,11,6,822,18.0615234375,0,-1,102,80,22,2,2,1,0x04,0,0,0,1,0,0,1,0,1,0,0,0,0,,,,,,,,,,,,,,,
627,20.933333333333334,1346857,41102.813720703125,41.102813720703125,12,OPEN_NAV,0x0A,large_room|fast_turn,2152,2152,65.673828125,15.226765799256505,6,0.18310546875,2146,65.49072265625,0,0.0,2961,1780,11.56640625,6.953125,11,6,720,15.8203125,0,-1,106,80,26,3,3,2,0x04,0,0,0,1,0,0,1,0,1,0,0,0,0,,,,,,,,,,,,,,,
628,20.966666666666665,1349021,41168.853759765625,41.168853759765625,12,OPEN_NAV,0x0A,large_room|fast_turn,2164,2164,66.0400390625,15.142329020332717,5,0.152587890625,2158,65.85693359375,1,0.030517578125,2961,1780,11.56640625,6.953125,11,6,618,13.5791015625,0,-1,107,80,27,2,2,1,0x04,0,0,0,1,0,0,1,0,1,0,0,0,0,,,,,,,,,,,,,,,
629,21.0,1351206,41235.53466796875,41.23553466796875,12,OPEN_NAV,0x0A,large_room|fast_turn,2185,2185,66.680908203125,14.99679633867277,5,0.152587890625,2180,66.5283203125,0,0.0,2961,1780,11.56640625,6.953125,11,6,516,11.337890625,0,-1,109,80,29,2,2,1,0x04,0,0,0,1,0,0,1,0,1,0,0,0,0,,,,,,,,,,,,,,,
630,21.033333333333335,1353409,41302.764892578125,41.302764892578125,12,OPEN_NAV,0x0A,large_room|fast_turn,2203,2203,67.230224609375,14.874262369496142,6,0.18310546875,2197,67.047119140625,0,0.0,2961,1780,11.56640625,6.953125,11,6,414,9.0966796875,0,-1,112,80,32,2,2,1,0x04,0,0,0,1,0,0,1,0,1,0,0,0,0,,,,,,,,,,,,,,,
631,21.066666666666666,1355635,41370.697021484375,41.370697021484375,12,OPEN_NAV,0x0A,large_room|fast_turn,2226,2226,67.93212890625,14.720575022461816,5,0.152587890625,2220,67.7490234375,1,0.030517578125,2961,1780,11.56640625,6.953125,11,6,312,6.85546875,0,-1,114,80,34,2,2,1,0x04,0,0,0,1,0,0,1,0,1,0,0,0,0,,,,,,,,,,,,,,,
632,21.1,1357872,41438.96484375,41.43896484375,12,OPEN_NAV,0x0A,large_room|fast_turn,2237,2237,68.267822265625,14.648189539561914,6,0.18310546875,2230,68.05419921875,1,0.030517578125,2961,1780,11.56640625,6.953125,11,6,210,4.6142578125,0,-1,116,80,36,2,2,1,0x04,0,0,0,1,0,0,1,0,1,0,0,0,0,,,,,,,,,,,,,,,
633,21.133333333333333,1360133,41507.965087890625,41.507965087890625,12,OPEN_NAV,0x0A,large_room|fast_turn,2261,2261,69.000244140625,14.492702344095534,6,0.18310546875,2255,68.817138671875,0,0.0,2961,1780,11.56640625,6.953125,11,6,108,2.373046875,0,-1,119,80,39,2,2,1,0x04,0,0,0,1,0,0,1,0,1,0,0,0,0,,,,,,,,,,,,,,,
634,21.166666666666668,1362269,41573.150634765625,41.573150634765625,12,OPEN_NAV,0x0A,large_room|fast_turn,2136,2136,65.185546875,15.340823970037453,6,0.18310546875,2129,64.971923828125,1,0.030517578125,2961,1780,11.56640625,6.953125,11,6,6,0.1318359375,0,-1,121,80,41,2,2,1,0x04,0,0,0,1,0,0,1,0,1,0,0,0,0,,,,,,,,,,,,,,,
635,21.2,1364586,41643.85986328125,41.64385986328125,12,OPEN_NAV,0x0A,large_room|fast_turn,2317,2317,70.709228515625,14.142425550280535,6,0.18310546875,2310,70.49560546875,1,0.030517578125,2961,1780,11.56640625,6.953125,11,6,16288,357.890625,0,-1,124,80,44,2,2,1,0x0C,0,0,0,1,1,0,1,0,1,0,0,0,0,,,,,,,,,,,,,,,
636,21.233333333333334,1366899,41714.447021484375,41.714447021484375,13,D_APPROACH,0x32,large_room|portal_view|portal_approach,2313,2313,70.587158203125,14.166882836143536,15,0.457763671875,2298,70.12939453125,0,0.0,2980,1780,11.640625,6.953125,11,6,16288,357.890625,1,0,124,80,44,2,2,1,0x04,0,0,0,1,0,0,1,0,0,1,1,0,0,,,,,,,,,,,,,,,
637,21.266666666666666,1369209,41784.942626953125,41.784942626953125,13,D_APPROACH,0x32,large_room|portal_view|portal_approach,2310,2310,70.49560546875,14.185281385281385,15,0.457763671875,2295,70.037841796875,0,0.0,2999,1780,11.71484375,6.953125,11,6,16288,357.890625,1,0,123,80,43,2,2,1,0x04,0,0,0,1,0,0,1,0,0,1,1,0,0,,,,,,,,,,,,,,,
638,21.3,1371528,41855.712890625,41.855712890625,13,D_APPROACH,0x32,large_room|portal_view|portal_approach,2319,2319,70.770263671875,14.130228546787409,15,0.457763671875,2304,70.3125,0,0.0,3018,1780,11.7890625,6.953125,11,6,16288,357.890625,1,0,124,80,44,2,2,1,0x04,0,0,0,1,0,0,1,0,0,1,1,0,0,,,,,,,,,,,,,,,
639,21.333333333333332,1373851,41926.605224609375,41.926605224609375,13,D_APPROACH,0x32,large_room|portal_view|portal_approach,2323,2323,70.892333984375,14.105897546276367,16,0.48828125,2306,70.37353515625,1,0.030517578125,3037,1780,11.86328125,6.953125,11,6,16288,357.890625,1,0,124,80,44,2,2,1,0x04,0,0,0,1,0,0,1,0,0,1,1,0,0,,,,,,,,,,,,,,,
640,21.366666666666667,1376173,41997.467041015625,41.997467041015625,13,D_APPROACH,0x32,large_room|portal_view|portal_approach,2322,2322,70.86181640625,14.111972437553833,15,0.457763671875,2307,70.404052734375,0,0.0,3056,1780,11.9375,6.953125,11,6,16288,357.890625,1,0,124,80,44,2,2,1,0x04,0,0,0,1,0,0,1,0,0,1,1,0,0,,,,,,,,,,,,,,,
641,21.4,1378498,42068.42041015625,42.06842041015625,13,D_APPROACH,0x32,large_room|portal_view|portal_approach,2325,2325,70.953369140625,14.093763440860215,15,0.457763671875,2309,70.465087890625,1,0.030517578125,3075,1780,12.01171875,6.953125,12,6,16288,357.890625,1,0,124,80,44,2,2,1,0x04,0,0,0,1,0,0,1,0,0,1,1,0,0,,,,,,,,,,,,,,,
642,21.433333333333334,1380787,42138.275146484375,42.138275146484375,13,D_APPROACH,0x32,large_room|portal_view|portal_approach,2289,2289,69.854736328125,14.315421581476627,15,0.457763671875,2273,69.366455078125,1,0.030517578125,3094,1780,12.0859375,6.953125,12,6,16288,357.890625,1,0,124,80,44,2,2,1,0x04,0,0,0,1,0,0,1,0,0,1,1,0,0,,,,,,,,,,,,,,,
643,21.466666666666665,1383071,42207.977294921875,42.207977294921875,13,D_APPROACH,0x32,large_room|portal_view|portal_approach,2284,2284,69.7021484375,14.34676007005254,15,0.457763671875,2268,69.2138671875,1,0.030517578125,3113,1780,12.16015625,6.953125,12,6,16288,357.890625,1,0,123,80,43,2,2,1,0x04,0,0,0,1,0,0,1,0,0,1,1,0,0,,,,,,,,,,,,,,,
644,21.5,1385368,42278.076171875,42.278076171875,13,D_APPROACH,0x32,large_room|portal_view|portal_approach,2297,2297,70.098876953125,14.265563778841967,15,0.457763671875,2282,69.64111328125,0,0.0,3132,1780,12.234375,6.953125,12,6,16288,357.890625,1,0,124,80,44,2,2,1,0x04,0,0,0,1,0,0,1,0,0,1,1,0,0,,,,,,,,,,,,,,,
645,21.533333333333335,1387666,42348.20556640625,42.34820556640625,13,D_APPROACH,0x32,large_room|portal_view|portal_approach,2298,2298,70.12939453125,14.25935596170583,15,0.457763671875,2282,69.64111328125,1,0.030517578125,3151,1780,12.30859375,6.953125,12,6,16288,357.890625,1,0,124,80,44,2,2,1,0x04,0,0,0,1,0,0,1,0,0,1,1,0,0,,,,,,,,,,,,,,,
646,21.566666666666666,1389967,42418.426513671875,42.418426513671875,13,D_APPROACH,0x32,large_room|portal_view|portal_approach,2301,2301,70.220947265625,14.240764884832682,15,0.457763671875,2285,69.732666015625,1,0.030517578125,3170,1780,12.3828125,6.953125,12,6,16288,357.890625,1,0,124,80,44,2,2,1,0x04,0,0,0,1,0,0,1,0,0,1,1,0,0,,,,,,,,,,,,,,,
647,21.6,1392272,42488.76953125,42.48876953125,13,D_APPROACH,0x32,large_room|portal_view|portal_approach,2305,2305,70.343017578125,14.216052060737526,15,0.457763671875,2289,69.854736328125,1,0.030517578125,3189,1780,12.45703125,6.953125,12,6,16288,357.890625,1,0,124,80,44,2,2,1,0x04,0,0,0,1,0,0,1,0,0,1,1,0,0,,,,,,,,,,,,,,,
648,21.633333333333333,1394582,42559.26513671875,42.55926513671875,13,D_APPROACH,0x32,large_room|portal_view|portal_approach,2310,2310,70.49560546875,14.185281385281385,15,0.457763671875,2294,70.00732421875,1,0.030517578125,3208,1780,12.53125,6.953125,12,6,16288,357.890625,1,0,125,80,45,2,2,1,0x04,0,0,0,1,0,0,1,0,0,1,1,0,0,,,,,,,,,,,,,,,
649,21.666666666666668,1396892,42629.7607421875,42.6297607421875,13,D_APPROACH,0x32,large_room|portal_view|portal_approach,2310,2310,70.49560546875,14.185281385281385,15,0.457763671875,2295,70.037841796875,0,0.0,3227,1780,12.60546875,6.953125,12,6,16288,357.890625,1,0,125,80,45,2,2,1,0x04,0,0,0,1,0,0,1,0,0,1,1,0,0,,,,,,,,,,,,,,,
650,21.7,1399204,42700.3173828125,42.7003173828125,13,D_APPROACH,0x32,large_room|portal_view|portal_approach,2312,2312,70.556640625,14.173010380622838,15,0.457763671875,2296,70.068359375,1,0.030517578125,3246,1780,12.6796875,6.953125,12,6,16288,357.890625,1,0,125,80,45,2,2,1,0x04,0,0,0,1,0,0,1,0,0,1,1,0,0,,,,,,,,,,,,,,,
651,21.733333333333334,1401523,42771.087646484375,42.771087646484375,13,D_APPROACH,0x32,large_room|portal_view|portal_approach,2319,2319,70.770263671875,14.130228546787409,15,0.457763671875,2304,70.3125,0,0.0,3265,1780,12.75390625,6.953125,12,6,16288,357.890625,1,0,125,80,45,2,2,1,0x04,0,0,0,1,0,0,1,0,0,1,1,0,0,,,,,,,,,,,,,,,
652,21.766666666666666,1403845,42841.949462890625,42.841949462890625,13,D_APPROACH,0x32,large_room|portal_view|portal_approach,2322,2322,70.86181640625,14.111972437553833,16,0.48828125,2305,70.343017578125,1,0.030517578125,3284,1780,12.828125,6.953125,12,6,16288,357.890625,1,0,125,80,45,2,2,1,0x04,0,0,0,1,0,0,1,0,0,1,1,0,0,,,,,,,,,,,,,,,
653,21.8,1406166,42912.78076171875,42.91278076171875,13,D_APPROACH,0x32,large_room|portal_view|portal_approach,2321,2321,70.831298828125,14.118052563550194,16,0.48828125,2304,70.3125,1,0.030517578125,3303,1780,12.90234375,6.953125,12,6,16288,357.890625,1,0,125,80,45,2,2,1,0x04,0,0,0,1,0,0,1,0,0,1,1,0,0,,,,,,,,,,,,,,,
654,21.833333333333332,1408488,42983.642578125,42.983642578125,13,D_APPROACH,0x32,large_room|portal_view|portal_approach,2322,2322,70.86181640625,14.111972437553833,15,0.457763671875,2306,70.37353515625,1,0.030517578125,3322,1780,12.9765625,6.953125,12,6,16288,357.890625,1,0,125,80,45,2,2,1,0x04,0,0,0,1,0,0,1,0,0,1,1,0,0,,,,,,,,,,,,,,,
655,21.866666666666667,1410746,43052.55126953125,43.05255126953125,13,D_APPROACH,0x32,large_room|portal_view|portal_approach,2258,2258,68.90869140625,14.511957484499558,16,0.48828125,2241,68.389892578125,1,0.030517578125,3341,1780,13.05078125,6.953125,13,6,16288,357.890625,1,0,125,80,45,2,2,1,0x04,0,0,0,1,0,0,1,0,0,1,1,0,0,,,,,,,,,,,,,,,
656,21.9,1412998,43121.27685546875,43.12127685546875,13,D_APPROACH,0x32,large_room|portal_view|portal_approach,2252,2252,68.7255859375,14.550621669626999,15,0.457763671875,2236,68.2373046875,1,0.030517578125,3360,1780,13.125,6.953125,13,6,16288,357.890625,1,0,126,80,46,2,2,1,0x04,0,0,0,1,0,0,1,0,0,1,1,0,0,,,,,,,,,,,,,,,
657,21.933333333333334,1415247,43189.910888671875,43.189910888671875,13,D_APPROACH,0x32,large_room|portal_view|portal_approach,2249,2249,68.634033203125,14.57003112494442,15,0.457763671875,2233,68.145751953125,1,0.030517578125,3379,1780,13.19921875,6.953125,13,6,16288,357.890625,1,0,126,80,46,2,2,1,0x04,0,0,0,1,0,0,1,0,0,1,1,0,0,,,,,,,,,,,,,,,
658,21.966666666666665,1417492,43258.4228515625,43.2584228515625,13,D_APPROACH,0x32,large_room|portal_view|portal_approach,2245,2245,68.511962890625,14.595991091314032,15,0.457763671875,2230,68.05419921875,0,0.0,3398,1780,13.2734375,6.953125,13,6,16288,357.890625,1,0,126,80,46,2,2,1,0x04,0,0,0,1,0,0,1,0,0,1,1,0,0,,,,,,,,,,,,,,,
659,22.0,1419733,43326.812744140625,43.326812744140625,13,D_APPROACH,0x32,large_room|portal_view|portal_approach,2241,2241,68.389892578125,14.622043730477465,15,0.457763671875,2225,67.901611328125,1,0.030517578125,3417,1780,13.34765625,6.953125,13,6,16288,357.890625,1,0,127,80,47,2,2,1,0x04,0,0,0,1,0,0,1,0,0,1,1,0,0,,,,,,,,,,,,,,,
660,22.033333333333335,1421972,43395.1416015625,43.3951416015625,13,D_APPROACH,0x32,large_room|portal_view|portal_approach,2239,2239,68.328857421875,14.635104957570343,15,0.457763671875,2223,67.840576171875,1,0.030517578125,3436,1780,13.421875,6.953125,13,6,16288,357.890625,1,0,127,80,47,2,2,1,0x04,0,0,0,1,0,0,1,0,0,1,1,0,0,,,,,,,,,,,,,,,
661,22.066666666666666,1424205,43463.287353515625,43.463287353515625,13,D_APPROACH,0x32,large_room|portal_view|portal_approach,2233,2233,68.145751953125,14.674429019256605,15,0.457763671875,2218,67.68798828125,0,0.0,3455,1780,13.49609375,6.953125,13,6,16288,357.890625,1,0,128,80,48,2,2,1,0x04,0,0,0,1,0,0,1,0,0,1,1,0,0,,,,,,,,,,,,,,,
662,22.1,1426438,43531.43310546875,43.53143310546875,13,D_APPROACH,0x32,large_room|portal_view|portal_approach,2233,2233,68.145751953125,14.674429019256605,15,0.457763671875,2218,67.68798828125,0,0.0,3474,1780,13.5703125,6.953125,13,6,16288,357.890625,1,0,129,80,49,2,2,1,0x04,0,0,0,1,0,0,1,0,0,1,1,0,0,,,,,,,,,,,,,,,
663,22.133333333333333,1428677,43599.761962890625,43.599761962890625,13,D_APPROACH,0x32,large_room|portal_view|portal_approach,2239,2239,68.328857421875,14.635104957570343,15,0.457763671875,2224,67.87109375,0,0.0,3493,1780,13.64453125,6.953125,13,6,16288,357.890625,1,0,130,80,50,2,2,1,0x04,0,0,0,1,0,0,1,0,0,1,1,0,0,,,,,,,,,,,,,,,
664,22.166666666666668,1430938,43668.76220703125,43.66876220703125,13,D_APPROACH,0x32,large_room|portal_view|portal_approach,2261,2261,69.000244140625,14.492702344095534,15,0.457763671875,2246,68.54248046875,0,0.0,3512,1780,13.71875,6.953125,13,6,16288,357.890625,1,0,133,80,53,2,2,1,0x04,0,0,0,1,0,0,1,0,0,1,1,0,0,,,,,,,,,,,,,,,
665,22.2,1433229,43738.677978515625,43.738677978515625,13,D_APPROACH,0x32,large_room|portal_view|portal_approach,2291,2291,69.915771484375,14.302924487123526,15,0.457763671875,2275,69.427490234375,1,0.030517578125,3531,1780,13.79296875,6.953125,13,6,16288,357.890625,1,0,136,80,56,2,2,1,0x04,0,0,0,1,0,0,1,0,0,1,1,0,0,,,,,,,,,,,,,,,
666,22.233333333333334,1435546,43809.38720703125,43.80938720703125,13,D_APPROACH,0x32,large_room|portal_view|portal_approach,2317,2317,70.709228515625,14.142425550280535,18,0.54931640625,2299,70.159912109375,0,0.0,3520,1325,13.75,5.17578125,13,5,8096,177.890625,1,0,83,80,3,2,2,1,0x05,0,0,1,1,0,0,1,0,0,1,1,0,0,,,,,,,,,,,,,,,
667,22.266666666666666,1437861,43880.035400390625,43.880035400390625,13,D_APPROACH,0x32,large_room|portal_view|portal_approach,2315,2315,70.648193359375,14.154643628509719,15,0.457763671875,2299,70.159912109375,1,0.030517578125,3501,1325,13.67578125,5.17578125,13,5,8096,177.890625,1,0,83,80,3,2,2,1,0x04,0,0,0,1,0,0,1,0,0,1,1,0,0,,,,,,,,,,,,,,,
668,22.3,1440178,43950.74462890625,43.95074462890625,13,D_APPROACH,0x32,large_room|portal_view|portal_approach,2317,2317,70.709228515625,14.142425550280535,15,0.457763671875,2301,70.220947265625,1,0.030517578125,3482,1325,13.6015625,5.17578125,13,5,8096,177.890625,1,0,83,80,3,2,2,1,0x04,0,0,0,1,0,0,1,0,0,1,1,0,0,,,,,,,,,,,,,,,
669,22.333333333333332,1442495,44021.453857421875,44.021453857421875,13,D_APPROACH,0x32,large_room|portal_view|portal_approach,2317,2317,70.709228515625,14.142425550280535,15,0.457763671875,2301,70.220947265625,1,0.030517578125,3463,1325,13.52734375,5.17578125,13,5,8096,177.890625,1,0,83,80,3,2,2,1,0x04,0,0,0,1,0,0,1,0,0,1,1,0,0,,,,,,,,,,,,,,,
670,22.366666666666667,1444820,44092.4072265625,44.0924072265625,13,D_APPROACH,0x32,large_room|portal_view|portal_approach,2325,2325,70.953369140625,14.093763440860215,15,0.457763671875,2310,70.49560546875,0,0.0,3444,1325,13.453125,5.17578125,13,5,8096,177.890625,1,0,84,80,4,2,2,1,0x04,0,0,0,1,0,0,1,0,0,1,1,0,0,,,,,,,,,,,,,,,
671,22.4,1447147,44163.421630859375,44.163421630859375,13,D_APPROACH,0x32,large_room|portal_view|portal_approach,2327,2327,71.014404296875,14.081650193382037,15,0.457763671875,2312,70.556640625,0,0.0,3425,1325,13.37890625,5.17578125,13,5,8096,177.890625,1,0,84,80,4,2,2,1,0x04,0,0,0,1,0,0,1,0,0,1,1,0,0,,,,,,,,,,,,,,,
672,22.433333333333334,1449474,44234.43603515625,44.23443603515625,13,D_APPROACH,0x32,large_room|portal_view|portal_approach,2327,2327,71.014404296875,14.081650193382037,15,0.457763671875,2312,70.556640625,0,0.0,3406,1325,13.3046875,5.17578125,13,5,8096,177.890625,1,0,84,80,4,2,2,1,0x04,0,0,0,1,0,0,1,0,0,1,1,0,0,,,,,,,,,,,,,,,
673,22.466666666666665,1451803,44305.511474609375,44.305511474609375,13,D_APPROACH,0x32,large_room|portal_view|portal_approach,2329,2329,71.075439453125,14.069557750107343,15,0.457763671875,2314,70.61767578125,0,0.0,3387,1325,13.23046875,5.17578125,13,5,8096,177.890625,1,0,84,80,4,2,2,1,0x04,0,0,0,1,0,0,1,0,0,1,1,0,0,,,,,,,,,,,,,,,
674,22.5,1454133,44376.617431640625,44.376617431640625,13,D_APPROACH,0x32,large_room|portal_view|portal_approach,2330,2330,71.10595703125,14.06351931330472,15,0.457763671875,2315,70.648193359375,0,0.0,3368,1325,13.15625,5.17578125,13,5,8096,177.890625,1,0,84,80,4,2,2,1,0x04,0,0,0,1,0,0,1,0,0,1,1,0,0,,,,,,,,,,,,,,,
675,22.533333333333335,1456468,44447.8759765625,44.4478759765625,13,D_APPROACH,0x32,large_room|portal_view|portal_approach,2335,2335,71.258544921875,14.03340471092077,16,0.48828125,2319,70.770263671875,0,0.0,3349,1325,13.08203125,5.17578125,13,5,8096,177.890625,1,0,84,80,4,2,2,1,0x04,0,0,0,1,0,0,1,0,0,1,1,0,0,,,,,,,,,,,,,,,
676,22.566666666666666,1458819,44519.622802734375,44.519622802734375,13,D_APPROACH,0x32,large_room|portal_view|portal_approach,2351,2351,71.746826171875,13.937898766482348,15,0.457763671875,2335,71.258544921875,1,0.030517578125,3330,1325,13.0078125,5.17578125,13,5,8096,177.890625,1,0,85,80,5,2,2,1,0x06,1,0,0,1,0,0,1,0,0,1,1,0,0,71.22802734375,18.096923828125,0.0,36.19384765625,8.270263671875,2.838134765625,5.37109375,0.457763671875,5,80,5,14,5,2175,691
677,22.6,1461128,44590.087890625,44.590087890625,13,D_APPROACH,0x32,large_room|portal_view|portal_approach,2309,2309,70.465087890625,14.191424859246426,15,0.457763671875,2293,69.976806640625,1,0.030517578125,3311,1325,12.93359375,5.17578125,12,5,8096,177.890625,1,0,85,80,5,2,2,1,0x04,0,0,0,1,0,0,1,0,0,1,1,0,0,,,,,,,,,,,,,,,
678,22.633333333333333,1463436,44660.5224609375,44.6605224609375,13,D_APPROACH,0x32,large_room|portal_view|portal_approach,2308,2308,70.4345703125,14.197573656845753,15,0.457763671875,2293,69.976806640625,0,0.0,3292,1325,12.859375,5.17578125,12,5,8096,177.890625,1,0,85,80,5,2,2,1,0x04,0,0,0,1,0,0,1,0,0,1,1,0,0,,,,,,,,,,,,,,,
679,22.666666666666668,1465742,44730.89599609375,44.73089599609375,13,D_APPROACH,0x32,large_room|portal_view|portal_approach,2306,2306,70.37353515625,14.209887250650477,15,0.457763671875,2290,69.88525390625,1,0.030517578125,3273,1325,12.78515625,5.17578125,12,5,8096,177.890625,1,0,85,80,5,2,2,1,0x04,0,0,0,1,0,0,1,0,0,1,1,0,0,,,,,,,,,,,,,,,
680,22.7,1468048,44801.26953125,44.80126953125,13,D_APPROACH,0x32,large_room|portal_view|portal_approach,2306,2306,70.37353515625,14.209887250650477,15,0.457763671875,2290,69.88525390625,1,0.030517578125,3254,1325,12.7109375,5.17578125,12,5,8096,177.890625,1,0,85,80,5,2,2,1,0x04,0,0,0,1,0,0,1,0,0,1,1,0,0,,,,,,,,,,,,,,,
681,22.733333333333334,1470348,44871.4599609375,44.8714599609375,13,D_APPROACH,0x32,large_room|portal_view|portal_approach,2300,2300,70.1904296875,14.246956521739131,15,0.457763671875,2285,69.732666015625,0,0.0,3235,1325,12.63671875,5.17578125,12,5,8096,177.890625,1,0,85,80,5,2,2,1,0x04,0,0,0,1,0,0,1,0,0,1,1,0,0,,,,,,,,,,,,,,,
682,22.766666666666666,1472653,44941.802978515625,44.941802978515625,13,D_APPROACH,0x32,large_room|portal_view|portal_approach,2305,2305,70.343017578125,14.216052060737526,15,0.457763671875,2289,69.854736328125,1,0.030517578125,3216,1325,12.5625,5.17578125,12,5,8096,177.890625,1,0,86,80,6,2,2,1,0x04,0,0,0,1,0,0,1,0,0,1,1,0,0,,,,,,,,,,,,,,,
683,22.8,1474956,45012.0849609375,45.0120849609375,13,D_APPROACH,0x32,large_room|portal_view|portal_approach,2303,2303,70.281982421875,14.228397742075554,15,0.457763671875,2288,69.82421875,0,0.0,3197,1325,12.48828125,5.17578125,12,5,8096,177.890625,1,0,86,80,6,2,2,1,0x04,0,0,0,1,0,0,1,0,0,1,1,0,0,,,,,,,,,,,,,,,
684,22.833333333333332,1477262,45082.45849609375,45.08245849609375,13,D_APPROACH,0x32,large_room|portal_view|portal_approach,2306,2306,70.37353515625,14.209887250650477,15,0.457763671875,2290,69.88525390625,1,0.030517578125,3178,1325,12.4140625,5.17578125,12,5,8096,177.890625,1,0,86,80,6,2,2,1,0x04,0,0,0,1,0,0,1,0,0,1,1,0,0,,,,,,,,,,,,,,,
685,22.866666666666667,1479567,45152.801513671875,45.152801513671875,13,D_APPROACH,0x32,large_room|portal_view|portal_approach,2305,2305,70.343017578125,14.216052060737526,15,0.457763671875,2289,69.854736328125,1,0.030517578125,3159,1325,12.33984375,5.17578125,12,5,8096,177.890625,1,0,86,80,6,2,2,1,0x04,0,0,0,1,0,0,1,0,0,1,1,0,0,,,,,,,,,,,,,,,
686,22.9,1481871,45223.114013671875,45.223114013671875,13,D_APPROACH,0x32,large_room|portal_view|portal_approach,2304,2304,70.3125,14.222222222222221,15,0.457763671875,2289,69.854736328125,0,0.0,3140,1325,12.265625,5.17578125,12,5,8096,177.890625,1,0,86,80,6,2,2,1,0x04,0,0,0,1,0,0,1,0,0,1,1,0,0,,,,,,,,,,,,,,,
687,22.933333333333334,1484175,45293.426513671875,45.293426513671875,13,D_APPROACH,0x32,large_room|portal_view|portal_approach,2304,2304,70.3125,14.222222222222221,15,0.457763671875,2289,69.854736328125,0,0.0,3121,1325,12.19140625,5.17578125,12,5,8096,177.890625,1,0,86,80,6,2,2,1,0x04,0,0,0,1,0,0,1,0,0,1,1,0,0,,,,,,,,,,,,,,,
688,22.966666666666665,1486478,45363.70849609375,45.36370849609375,13,D_APPROACH,0x32,large_room|portal_view|portal_approach,2303,2303,70.281982421875,14.228397742075554,15,0.457763671875,2287,69.793701171875,1,0.030517578125,3102,1325,12.1171875,5.17578125,12,5,8096,177.890625,1,0,86,80,6,2,2,1,0x04,0,0,0,1,0,0,1,0,0,1,1,0,0,,,,,,,,,,,,,,,
689,23.0,1488781,45433.990478515625,45.433990478515625,13,D_APPROACH,0x32,large_room|portal_view|portal_approach,2303,2303,70.281982421875,14.228397742075554,16,0.48828125,2287,69.793701171875,0,0.0,3083,1325,12.04296875,5.17578125,12,5,8096,177.890625,1,0,86,80,6,2,2,1,0x04,0,0,0,1,0,0,1,0,0,1,1,0,0,,,,,,,,,,,,,,,
690,23.033333333333335,1491042,45502.99072265625,45.50299072265625,13,D_APPROACH,0x32,large_room|portal_view|portal_approach,2261,2261,69.000244140625,14.492702344095534,15,0.457763671875,2245,68.511962890625,1,0.030517578125,3064,1325,11.96875,5.17578125,11,5,8096,177.890625,1,0,86,80,6,2,2,1,0x04,0,0,0,1,0,0,1,0,0,1,1,0,0,,,,,,,,,,,,,,,
691,23.066666666666666,1493302,45571.96044921875,45.57196044921875,13,D_APPROACH,0x32,large_room|portal_view|portal_approach,2260,2260,68.9697265625,14.499115044247787,15,0.457763671875,2245,68.511962890625,0,0.0,3045,1325,11.89453125,5.17578125,11,5,8096,177.890625,1,0,86,80,6,2,2,1,0x04,0,0,0,1,0,0,1,0,0,1,1,0,0,,,,,,,,,,,,,,,
692,23.1,1495562,45640.93017578125,45.64093017578125,13,D_APPROACH,0x32,large_room|portal_view|portal_approach,2260,2260,68.9697265625,14.499115044247787,15,0.457763671875,2245,68.511962890625,0,0.0,3026,1325,11.8203125,5.17578125,11,5,8096,177.890625,1,0,86,80,6,2,2,1,0x04,0,0,0,1,0,0,1,0,0,1,1,0,0,,,,,,,,,,,,,,,
693,23.133333333333333,1497836,45710.3271484375,45.7103271484375,13,D_APPROACH,0x32,large_room|portal_view|portal_approach,2274,2274,69.39697265625,14.409850483729112,15,0.457763671875,2259,68.939208984375,0,0.0,3007,1325,11.74609375,5.17578125,11,5,8096,177.890625,1,0,88,80,8,2,2,1,0x04,0,0,0,1,0,0,1,0,0,1,1,0,0,,,,,,,,,,,,,,,
694,23.166666666666668,1500120,45780.029296875,45.780029296875,13,D_APPROACH,0x32,large_room|portal_view|portal_approach,2284,2284,69.7021484375,14.34676007005254,15,0.457763671875,2268,69.2138671875,1,0.030517578125,2988,1325,11.671875,5.17578125,11,5,8096,177.890625,1,0,89,80,9,2,2,1,0x04,0,0,0,1,0,0,1,0,0,1,1,0,0,,,,,,,,,,,,,,,
695,23.2,1502401,45849.639892578125,45.849639892578125,13,D_APPROACH,0x32,large_room|portal_view|portal_approach,2281,2281,69.610595703125,14.365629110039457,15,0.457763671875,2266,69.15283203125,0,0.0,2969,1325,11.59765625,5.17578125,11,5,8096,177.890625,1,0,89,80,9,2,2,1,0x04,0,0,0,1,0,0,1,0,0,1,1,0,0,,,,,,,,,,,,,,,
696,23.233333333333334,1504679,45919.158935546875,45.919158935546875,13,D_APPROACH,0x32,large_room|portal_view|portal_approach,2278,2278,69.51904296875,14.384547848990342,15,0.457763671875,2263,69.061279296875,0,0.0,2950,1325,11.5234375,5.17578125,11,5,8096,177.890625,1,0,89,80,9,2,2,1,0x04,0,0,0,1,0,0,1,0,0,1,1,0,0,,,,,,,,,,,,,,,
697,23.266666666666666,1506967,45988.983154296875,45.988983154296875,13,D_APPROACH,0x32,large_room|portal_view|portal_approach,2288,2288,69.82421875,14.321678321678322,15,0.457763671875,2273,69.366455078125,0,0.0,2931,1325,11.44921875,5.17578125,11,5,8096,177.890625,1,0,90,80,10,2,2,1,0x04,0,0,0,1,0,0,1,0,0,1,1,0,0,,,,,,,,,,,,,,,
698,23.3,1509254,46058.77685546875,46.05877685546875,13,D_APPROACH,0x32,large_room|portal_view|portal_approach,2287,2287,69.793701171875,14.327940533449935,15,0.457763671875,2272,69.3359375,0,0.0,2912,1325,11.375,5.17578125,11,5,8096,177.890625,1,0,90,80,10,2,2,1,0x04,0,0,0,1,0,0,1,0,0,1,1,0,0,,,,,,,,,,,,,,,
699,23.333333333333332,1511536,46128.41796875,46.12841796875,13,D_APPROACH,0x32,large_room|portal_view|portal_approach,2282,2282,69.64111328125,14.359333917616127,15,0.457763671875,2266,69.15283203125,1,0.030517578125,2893,1325,11.30078125,5.17578125,11,5,8096,177.890625,1,0,90,80,10,2,2,1,0x04,0,0,0,1,0,0,1,0,0,1,1,0,0,,,,,,,,,,,,,,,
700,23.366666666666667,1513819,46198.089599609375,46.198089599609375,13,D_APPROACH,0x32,large_room|portal_view|portal_approach,2283,2283,69.671630859375,14.353044240035041,15,0.457763671875,2267,69.183349609375,1,0.030517578125,2874,1325,11.2265625,5.17578125,11,5,8096,177.890625,1,0,90,80,10,2,2,1,0x04,0,0,0,1,0,0,1,0,0,1,1,0,0,,,,,,,,,,,,,,,
701,23.4,1516107,46267.913818359375,46.267913818359375,13,D_APPROACH,0x32,large_room|portal_view|portal_approach,2288,2288,69.82421875,14.321678321678322,16,0.48828125,2272,69.3359375,0,0.0,2855,1325,11.15234375,5.17578125,11,5,8096,177.890625,1,0,91,80,11,2,2,1,0x04,0,0,0,1,0,0,1,0,0,1,1,0,0,,,,,,,,,,,,,,,
702,23.433333333333334,1518401,46337.921142578125,46.337921142578125,13,D_APPROACH,0x32,large_room|portal_view|portal_approach,2294,2294,70.00732421875,14.284219703574543,15,0.457763671875,2278,69.51904296875,1,0.030517578125,2836,1325,11.078125,5.17578125,11,5,8096,177.890625,1,0,91,80,11,2,2,1,0x04,0,0,0,1,0,0,1,0,0,1,1,0,0,,,,,,,,,,,,,,,
703,23.466666666666665,1520698,46408.02001953125,46.40802001953125,13,D_APPROACH,0x32,large_room|portal_view|portal_approach,2297,2297,70.098876953125,14.265563778841967,16,0.48828125,2280,69.580078125,1,0.030517578125,2817,1325,11.00390625,5.17578125,11,5,8096,177.890625,1,0,91,80,11,2,2,1,0x04,0,0,0,1,0,0,1,0,0,1,1,0,0,,,,,,,,,,,,,,,
704,23.5,1522963,46477.142333984375,46.477142333984375,13,D_APPROACH,0x32,large_room|portal_view|portal_approach,2265,2265,69.122314453125,14.46710816777042,16,0.48828125,2249,68.634033203125,0,0.0,2798,1325,10.9296875,5.17578125,10,5,8096,177.890625,1,0,92,80,12,2,2,1,0x04,0,0,0,1,0,0,1,0,0,1,1,0,0,,,,,,,,,,,,,,,
705,23.533333333333335,1525228,46546.2646484375,46.5462646484375,13,D_APPROACH,0x32,large_room|portal_view|portal_approach,2265,2265,69.122314453125,14.46710816777042,15,0.457763671875,2249,68.634033203125,1,0.030517578125,2779,1325,10.85546875,5.17578125,10,5,8096,177.890625,1,0,92,80,12,2,2,1,0x04,0,0,0,1,0,0,1,0,0,1,1,0,0,,,,,,,,,,,,,,,
706,23.566666666666666,1527490,46615.29541015625,46.61529541015625,13,D_APPROACH,0x32,large_room|portal_view|portal_approach,2262,2262,69.03076171875,14.48629531388152,15,0.457763671875,2247,68.572998046875,0,0.0,2760,1325,10.78125,5.17578125,10,5,8096,177.890625,1,0,92,80,12,2,2,1,0x04,0,0,0,1,0,0,1,0,0,1,1,0,0,,,,,,,,,,,,,,,
707,23.6,1529766,46684.75341796875,46.68475341796875,13,D_APPROACH,0x32,large_room|portal_view|portal_approach,2276,2276,69.4580078125,14.397188049209138,15,0.457763671875,2260,68.9697265625,1,0.030517578125,2741,1325,10.70703125,5.17578125,10,5,8096,177.890625,1,0,93,80,13,2,2,1,0x04,0,0,0,1,0,0,1,0,0,1,1,0,0,,,,,,,,,,,,,,,
708,23.633333333333333,1532041,46754.180908203125,46.754180908203125,13,D_APPROACH,0x32,large_room|portal_view|portal_approach,2275,2275,69.427490234375,14.403516483516484,15,0.457763671875,2259,68.939208984375,1,0.030517578125,2722,1325,10.6328125,5.17578125,10,5,8096,177.890625,1,0,93,80,13,2,2,1,0x04,0,0,0,1,0,0,1,0,0,1,1,0,0,,,,,,,,,,,,,,,
709,23.666666666666668,1534326,46823.91357421875,46.82391357421875,13,D_APPROACH,0x32,large_room|portal_view|portal_approach,2285,2285,69.732666015625,14.340481400437637,15,0.457763671875,2270,69.27490234375,0,0.0,2703,1325,10.55859375,5.17578125,10,5,8096,177.890625,1,0,94,80,14,2,2,1,0x04,0,0,0,1,0,0,1,0,0,1,1,0,0,,,,,,,,,,,,,,,
710,23.7,1536611,46893.646240234375,46.893646240234375,13,D_APPROACH,0x32,large_room|portal_view|portal_approach,2285,2285,69.732666015625,14.340481400437637,15,0.457763671875,2270,69.27490234375,0,0.0,2684,1325,10.484375,5.17578125,10,5,8096,177.890625,1,0,94,80,14,2,2,1,0x04,0,0,0,1,0,0,1,0,0,1,1,0,0,,,,,,,,,,,,,,,
711,23.733333333333334,1538898,46963.43994140625,46.96343994140625,13,D_APPROACH,0x32,large_room|portal_view|portal_approach,2287,2287,69.793701171875,14.327940533449935,15,0.457763671875,2272,69.3359375,0,0.0,2665,1325,10.41015625,5.17578125,10,5,8096,177.890625,1,0,94,80,14,2,2,1,0x04,0,0,0,1,0,0,1,0,0,1,1,0,0,,,,,,,,,,,,,,,
712,23.766666666666666,1541175,47032.928466796875,47.032928466796875,13,D_APPROACH,0x32,large_room|portal_view|portal_approach,2277,2277,69.488525390625,14.39086517347387,15,0.457763671875,2261,69.000244140625,1,0.030517578125,2646,1325,10.3359375,5.17578125,10,5,8096,177.890625,1,0,93,80,13,2,2,1,0x04,0,0,0,1,0,0,1,0,0,1,1,0,0,,,,,,,,,,,,,,,
713,23.8,1543453,47102.447509765625,47.102447509765625,13,D_APPROACH,0x32,large_room|portal_view|portal_approach,2278,2278,69.51904296875,14.384547848990342,15,0.457763671875,2262,69.03076171875,1,0.030517578125,2627,1325,10.26171875,5.17578125,10,5,8096,177.890625,1,0,93,80,13,2,2,1,0x04,0,0,0,1,0,0,1,0,0,1,1,0,0,,,,,,,,,,,,,,,
714,23.833333333333332,1545732,47171.9970703125,47.1719970703125,13,D_APPROACH,0x32,large_room|portal_view|portal_approach,2279,2279,69.549560546875,14.378236068451075,15,0.457763671875,2263,69.061279296875,1,0.030517578125,2608,1325,10.1875,5.17578125,10,5,8096,177.890625,1,0,93,80,13,2,2,1,0x04,0,0,0,1,0,0,1,0,0,1,1,0,0,,,,,,,,,,,,,,,
715,23.866666666666667,1548010,47241.51611328125,47.24151611328125,13,D_APPROACH,0x32,large_room|portal_view|portal_approach,2278,2278,69.51904296875,14.384547848990342,16,0.48828125,2262,69.03076171875,0,0.0,2589,1325,10.11328125,5.17578125,10,5,8096,177.890625,1,0,93,80,13,2,2,1,0x04,0,0,0,1,0,0,1,0,0,1,1,0,0,,,,,,,,,,,,,,,
716,23.9,1550289,47311.065673828125,47.311065673828125,13,D_APPROACH,0x32,large_room|portal_view|portal_approach,2279,2279,69.549560546875,14.378236068451075,16,0.48828125,2262,69.03076171875,1,0.030517578125,2570,1325,10.0390625,5.17578125,10,5,8096,177.890625,1,0,93,80,13,2,2,1,0x04,0,0,0,1,0,0,1,0,0,1,1,0,0,,,,,,,,,,,,,,,
717,23.933333333333334,1552527,47379.364013671875,47.379364013671875,13,D_APPROACH,0x32,large_room|portal_view|portal_approach,2238,2238,68.29833984375,14.641644325290438,16,0.48828125,2222,67.81005859375,0,0.0,2551,1325,9.96484375,5.17578125,9,5,8096,177.890625,1,0,93,80,13,2,2,1,0x04,0,0,0,1,0,0,1,0,0,1,1,0,0,,,,,,,,,,,,,,,
718,23.966666666666665,1554766,47447.69287109375,47.44769287109375,13,D_APPROACH,0x32,large_room|portal_view|portal_approach,2239,2239,68.328857421875,14.635104957570343,15,0.457763671875,2224,67.87109375,0,0.0,2532,1325,9.890625,5.17578125,9,5,8096,177.890625,1,0,93,80,13,2,2,1,0x04,0,0,0,1,0,0,1,0,0,1,1,0,0,,,,,,,,,,,,,,,
719,24.0,1557011,47516.204833984375,47.516204833984375,13,D_APPROACH,0x32,large_room|portal_view|portal_approach,2245,2245,68.511962890625,14.595991091314032,15,0.457763671875,2230,68.05419921875,0,0.0,2513,1325,9.81640625,5.17578125,9,5,8096,177.890625,1,0,94,80,14,2,2,1,0x04,0,0,0,1,0,0,1,0,0,1,1,0,0,,,,,,,,,,,,,,,
720,24.033333333333335,1559249,47584.503173828125,47.584503173828125,13,D_APPROACH,0x32,large_room|portal_view|portal_approach,2238,2238,68.29833984375,14.641644325290438,15,0.457763671875,2223,67.840576171875,0,0.0,2494,1325,9.7421875,5.17578125,9,5,8096,177.890625,1,0,93,80,13,2,2,1,0x04,0,0,0,1,0,0,1,0,0,1,1,0,0,,,,,,,,,,,,,,,
721,24.066666666666666,1561486,47652.77099609375,47.65277099609375,13,D_APPROACH,0x32,large_room|portal_view|portal_approach,2237,2237,68.267822265625,14.648189539561914,15,0.457763671875,2221,67.779541015625,1,0.030517578125,2475,1325,9.66796875,5.17578125,9,5,8096,177.890625,1,0,93,80,13,2,2,1,0x04,0,0,0,1,0,0,1,0,0,1,1,0,0,,,,,,,,,,,,,,,
722,24.1,1563730,47721.25244140625,47.72125244140625,13,D_APPROACH,0x32,large_room|portal_view|portal_approach,2244,2244,68.4814453125,14.602495543672013,15,0.457763671875,2228,67.9931640625,1,0.030517578125,2456,1325,9.59375,5.17578125,9,5,8096,177.890625,1,0,94,80,14,2,2,1,0x04,0,0,0,1,0,0,1,0,0,1,1,0,0,,,,,,,,,,,,,,,
723,24.133333333333333,1565976,47789.794921875,47.789794921875,13,D_APPROACH,0x32,large_room|portal_view|portal_approach,2246,2246,68.54248046875,14.589492430988424,15,0.457763671875,2230,68.05419921875,1,0.030517578125,2437,1325,9.51953125,5.17578125,9,5,8096,177.890625,1,0,94,80,14,2,2,1,0x04,0,0,0,1,0,0,1,0,0,1,1,0,0,,,,,,,,,,,,,,,
724,24.166666666666668,1568222,47858.33740234375,47.85833740234375,13,D_APPROACH,0x32,large_room|portal_view|portal_approach,2246,2246,68.54248046875,14.589492430988424,15,0.457763671875,2230,68.05419921875,1,0.030517578125,2418,1325,9.4453125,5.17578125,9,5,8096,177.890625,1,0,94,80,14,2,2,1,0x04,0,0,0,1,0,0,1,0,0,1,1,0,0,,,,,,,,,,,,,,,
725,24.2,1570478,47927.18505859375,47.92718505859375,13,D_APPROACH,0x32,large_room|portal_view|portal_approach,2256,2256,68.84765625,14.52482269503546,15,0.457763671875,2241,68.389892578125,0,0.0,2399,1325,9.37109375,5.17578125,9,5,8096,177.890625,1,0,95,80,15,2,2,1,0x04,0,0,0,1,0,0,1,0,0,1,1,0,0,,,,,,,,,,,,,,,
726,24.233333333333334,1572730,47995.91064453125,47.99591064453125,13,D_APPROACH,0x32,large_room|portal_view|portal_approach,2252,2252,68.7255859375,14.550621669626999,15,0.457763671875,2237,68.267822265625,0,0.0,2380,1325,9.296875,5.17578125,9,5,8096,177.890625,1,0,95,80,15,2,2,1,0x04,0,0,0,1,0,0,1,0,0,1,1,0,0,,,,,,,,,,,,,,,
727,24.266666666666666,1574976,48064.453125,48.064453125,13,D_APPROACH,0x32,large_room|portal_view|portal_approach,2246,2246,68.54248046875,14.589492430988424,15,0.457763671875,2231,68.084716796875,0,0.0,2361,1325,9.22265625,5.17578125,9,5,8096,177.890625,1,0,94,80,14,2,2,1,0x04,0,0,0,1,0,0,1,0,0,1,1,0,0,,,,,,,,,,,,,,,
728,24.3,1577222,48132.99560546875,48.13299560546875,13,D_APPROACH,0x32,large_room|portal_view|portal_approach,2246,2246,68.54248046875,14.589492430988424,16,0.48828125,2229,68.023681640625,1,0.030517578125,2342,1325,9.1484375,5.17578125,9,5,8096,177.890625,1,0,94,80,14,2,2,1,0x04,0,0,0,1,0,0,1,0,0,1,1,0,0,,,,,,,,,,,,,,,
729,24.333333333333332,1579471,48201.629638671875,48.201629638671875,13,D_APPROACH,0x32,large_room|portal_view|portal_approach,2249,2249,68.634033203125,14.57003112494442,16,0.48828125,2232,68.115234375,1,0.030517578125,2323,1325,9.07421875,5.17578125,9,5,8096,177.890625,1,0,94,80,14,2,2,1,0x04,0,0,0,1,0,0,1,0,0,1,1,0,0,,,,,,,,,,,,,,,
730,24.366666666666667,1581727,48270.477294921875,48.270477294921875,13,D_APPROACH,0x32,large_room|portal_view|portal_approach,2256,2256,68.84765625,14.52482269503546,16,0.48828125,2240,68.359375,0,0.0,2304,1325,9.0,5.17578125,9,5,8096,177.890625,1,0,95,80,15,2,2,1,0x04,0,0,0,1,0,0,1,0,0,1,1,0,0,,,,,,,,,,,,,,,
731,24.4,1583943,48338.104248046875,48.338104248046875,13,D_APPROACH,0x32,large_room|portal_view|portal_approach,2216,2216,67.626953125,14.787003610108304,15,0.457763671875,2200,67.138671875,1,0.030517578125,2285,1325,8.92578125,5.17578125,8,5,8096,177.890625,1,0,95,80,15,2,2,1,0x04,0,0,0,1,0,0,1,0,0,1,1,0,0,,,,,,,,,,,,,,,
732,24.433333333333334,1586159,48405.731201171875,48.405731201171875,13,D_APPROACH,0x32,large_room|portal_view|portal_approach,2216,2216,67.626953125,14.787003610108304,15,0.457763671875,2201,67.169189453125,0,0.0,2266,1325,8.8515625,5.17578125,8,5,8096,177.890625,1,0,95,80,15,2,2,1,0x04,0,0,0,1,0,0,1,0,0,1,1,0,0,,,,,,,,,,,,,,,
733,24.466666666666665,1588377,48473.419189453125,48.473419189453125,13,D_APPROACH,0x32,large_room|portal_view|portal_approach,2218,2218,67.68798828125,14.773669972948602,15,0.457763671875,2202,67.19970703125,1,0.030517578125,2247,1325,8.77734375,5.17578125,8,5,8096,177.890625,1,0,95,80,15,2,2,1,0x04,0,0,0,1,0,0,1,0,0,1,1,0,0,,,,,,,,,,,,,,,
734,24.5,1590600,48541.259765625,48.541259765625,13,D_APPROACH,0x32,large_room|portal_view|portal_approach,2223,2223,67.840576171875,14.740440845704004,15,0.457763671875,2208,67.3828125,0,0.0,2228,1325,8.703125,5.17578125,8,5,8096,177.890625,1,0,96,80,16,2,2,1,0x04,0,0,0,1,0,0,1,0,0,1,1,0,0,,,,,,,,,,,,,,,
735,24.533333333333335,1592828,48609.2529296875,48.6092529296875,13,D_APPROACH,0x32,large_room|portal_view|portal_approach,2228,2228,67.9931640625,14.707360861759426,15,0.457763671875,2213,67.535400390625,0,0.0,2209,1325,8.62890625,5.17578125,8,5,8096,177.890625,1,0,96,80,16,2,2,1,0x04,0,0,0,1,0,0,1,0,0,1,1,0,0,,,,,,,,,,,,,,,
736,24.566666666666666,1595067,48677.581787109375,48.677581787109375,13,D_APPROACH,0x32,large_room|portal_view|portal_approach,2239,2239,68.328857421875,14.635104957570343,15,0.457763671875,2223,67.840576171875,1,0.030517578125,2190,1325,8.5546875,5.17578125,8,5,8096,177.890625,1,0,96,80,16,2,2,1,0x04,0,0,0,1,0,0,1,0,0,1,1,0,0,,,,,,,,,,,,,,,
737,24.6,1597318,48746.27685546875,48.74627685546875,13,D_APPROACH,0x32,large_room|portal_view|portal_approach,2251,2251,68.695068359375,14.557085739671257,16,0.48828125,2235,68.206787109375,0,0.0,2171,1325,8.48046875,5.17578125,8,5,8096,177.890625,1,0,97,80,17,2,2,1,0x04,0,0,0,1,0,0,1,0,0,1,1,0,0,,,,,,,,,,,,,,,
738,24.633333333333333,1599567,48814.910888671875,48.814910888671875,13,D_APPROACH,0x32,large_room|portal_view|portal_approach,2249,2249,68.634033203125,14.57003112494442,15,0.457763671875,2234,68.17626953125,0,0.0,2152,1325,8.40625,5.17578125,8,5,8096,177.890625,1,0,97,80,17,2,2,1,0x04,0,0,0,1,0,0,1,0,0,1,1,0,0,,,,,,,,,,,,,,,
739,24.666666666666668,1601807,48883.270263671875,48.883270263671875,13,D_APPROACH,0x32,large_room|portal_view|portal_approach,2240,2240,68.359375,14.628571428571428,15,0.457763671875,2224,67.87109375,1,0.030517578125,2133,1325,8.33203125,5.17578125,8,5,8096,177.890625,1,0,96,80,16,2,2,1,0x04,0,0,0,1,0,0,1,0,0,1,1,0,0,,,,,,,,,,,,,,,
740,24.7,1604047,48951.629638671875,48.951629638671875,13,D_APPROACH,0x32,large_room|portal_view|portal_approach,2240,2240,68.359375,14.628571428571428,15,0.457763671875,2225,67.901611328125,0,0.0,2114,1325,8.2578125,5.17578125,8,5,8096,177.890625,1,0,96,80,16,2,2,1,0x0C,0,0,0,1,1,0,1,0,0,1,1,0,0,,,,,,,,,,,,,,,
741,24.733333333333334,1606293,49020.172119140625,49.020172119140625,14,D_CROSS,0xF2,large_room|portal_view|portal_approach|portal_cross|stress,2246,2246,68.54248046875,14.589492430988424,15,0.457763671875,2231,68.084716796875,0,0.0,2095,1325,8.18359375,5.17578125,8,5,8096,177.890625,1,0,97,80,17,2,2,1,0x06,1,0,0,1,0,0,1,0,0,1,1,1,1,68.267822265625,18.1884765625,0.0,30.731201171875,9.307861328125,4.21142578125,4.0283203125,1.800537109375,17,80,17,17,17,799,803
742,24.766666666666666,1608538,49088.68408203125,49.08868408203125,14,D_CROSS,0xF2,large_room|portal_view|portal_approach|portal_cross|stress,2245,2245,68.511962890625,14.595991091314032,15,0.457763671875,2230,68.05419921875,0,0.0,2076,1325,8.109375,5.17578125,8,5,8096,177.890625,1,0,97,80,17,2,2,1,0x04,0,0,0,1,0,0,1,0,0,1,1,1,1,,,,,,,,,,,,,,,
743,24.8,1610784,49157.2265625,49.1572265625,14,D_CROSS,0xF2,large_room|portal_view|portal_approach|portal_cross|stress,2246,2246,68.54248046875,14.589492430988424,16,0.48828125,2230,68.05419921875,0,0.0,2057,1325,8.03515625,5.17578125,8,5,8096,177.890625,1,0,97,80,17,2,2,1,0x04,0,0,0,1,0,0,1,0,0,1,1,1,1,,,,,,,,,,,,,,,
744,24.833333333333332,1612994,49224.67041015625,49.22467041015625,14,D_CROSS,0xF2,large_room|portal_view|portal_approach|portal_cross|stress,2210,2210,67.44384765625,14.827149321266969,15,0.457763671875,2194,66.95556640625,1,0.030517578125,2038,1325,7.9609375,5.17578125,7,5,8096,177.890625,1,0,97,80,17,2,2,1,0x04,0,0,0,1,0,0,1,0,0,1,1,1,1,,,,,,,,,,,,,,,
745,24.866666666666667,1615213,49292.388916015625,49.292388916015625,14,D_CROSS,0xF2,large_room|portal_view|portal_approach|portal_cross|stress,2219,2219,67.718505859375,14.767012167643083,15,0.457763671875,2203,67.230224609375,1,0.030517578125,2019,1325,7.88671875,5.17578125,7,5,8096,177.890625,1,0,98,80,18,2,2,1,0x04,0,0,0,1,0,0,1,0,0,1,1,1,1,,,,,,,,,,,,,,,
746,24.9,1617427,49359.954833984375,49.359954833984375,14,D_CROSS,0xF2,large_room|portal_view|portal_approach|portal_cross|stress,2214,2214,67.56591796875,14.800361336946702,15,0.457763671875,2198,67.07763671875,1,0.030517578125,2000,1325,7.8125,5.17578125,7,5,8096,177.890625,1,0,98,80,18,2,2,1,0x04,0,0,0,1,0,0,1,0,0,1,1,1,1,,,,,,,,,,,,,,,
747,24.933333333333334,1619639,49427.459716796875,49.427459716796875,14,D_CROSS,0xF2,large_room|portal_view|portal_approach|portal_cross|stress,2212,2212,67.5048828125,14.81374321880651,15,0.457763671875,2197,67.047119140625,0,0.0,1981,1325,7.73828125,5.17578125,7,5,8096,177.890625,1,0,98,80,18,2,2,1,0x04,0,0,0,1,0,0,1,0,0,1,1,1,1,,,,,,,,,,,,,,,
748,24.966666666666665,1621854,49495.05615234375,49.49505615234375,14,D_CROSS,0xF2,large_room|portal_view|portal_approach|portal_cross|stress,2215,2215,67.596435546875,14.793679458239277,15,0.457763671875,2200,67.138671875,0,0.0,1962,1325,7.6640625,5.17578125,7,5,8096,177.890625,1,0,99,80,19,2,2,1,0x04,0,0,0,1,0,0,1,0,0,1,1,1,1,,,,,,,,,,,,,,,
749,25.0,1624059,49562.347412109375,49.562347412109375,14,D_CROSS,0xF2,large_room|portal_view|portal_approach|portal_cross|stress,2205,2205,67.291259765625,14.86077097505669,15,0.457763671875,2190,66.83349609375,0,0.0,1943,1325,7.58984375,5.17578125,7,5,8096,177.890625,1,0,98,80,18,2,2,1,0x04,0,0,0,1,0,0,1,0,0,1,1,1,1,,,,,,,,,,,,,,,
750,25.033333333333335,1626272,49629.8828125,49.6298828125,14,D_CROSS,0xF2,large_room|portal_view|portal_approach|portal_cross|stress,2213,2213,67.535400390625,14.807049254405785,15,0.457763671875,2197,67.047119140625,1,0.030517578125,1924,1325,7.515625,5.17578125,7,5,8096,177.890625,1,0,98,80,18,2,2,1,0x04,0,0,0,1,0,0,1,0,0,1,1,1,1,,,,,,,,,,,,,,,
751,25.066666666666666,1628501,49697.906494140625,49.697906494140625,14,D_CROSS,0xF2,large_room|portal_view|portal_approach|portal_cross|stress,2229,2229,68.023681640625,14.700762673844773,15,0.457763671875,2213,67.535400390625,1,0.030517578125,1905,1325,7.44140625,5.17578125,7,5,8096,177.890625,1,0,100,80,20,2,2,1,0x04,0,0,0,1,0,0,1,0,0,1,1,1,1,,,,,,,,,,,,,,,
752,25.1,1630726,49765.80810546875,49.76580810546875,14,D_CROSS,0xF2,large_room|portal_view|portal_approach|portal_cross|stress,2225,2225,67.901611328125,14.727191011235956,15,0.457763671875,2210,67.44384765625,0,0.0,1886,1325,7.3671875,5.17578125,7,5,8096,177.890625,1,0,100,80,20,2,2,1,0x04,0,0,0,1,0,0,1,0,0,1,1,1,1,,,,,,,,,,,,,,,
753,25.133333333333333,1632948,49833.6181640625,49.8336181640625,14,D_CROSS,0xF2,large_room|portal_view|portal_approach|portal_cross|stress,2222,2222,67.81005859375,14.747074707470746,15,0.457763671875,2206,67.32177734375,1,0.030517578125,1867,1325,7.29296875,5.17578125,7,5,8096,177.890625,1,0,100,80,20,2,2,1,0x04,0,0,0,1,0,0,1,0,0,1,1,1,1,,,,,,,,,,,,,,,
754,25.166666666666668,1635173,49901.519775390625,49.901519775390625,14,D_CROSS,0xF2,large_room|portal_view|portal_approach|portal_cross|stress,2225,2225,67.901611328125,14.727191011235956,15,0.457763671875,2210,67.44384765625,0,0.0,1848,1325,7.21875,5.17578125,7,5,8096,177.890625,1,0,100,80,20,2,2,1,0x04,0,0,0,1,0,0,1,0,0,1,1,1,1,,,,,,,,,,,,,,,
755,25.2,1637399,49969.451904296875,49.969451904296875,14,D_CROSS,0xF2,large_room|portal_view|portal_approach|portal_cross|stress,2226,2226,67.93212890625,14.720575022461816,15,0.457763671875,2211,67.474365234375,0,0.0,1829,1325,7.14453125,5.17578125,7,5,8096,177.890625,1,0,100,80,20,2,2,1,0x04,0,0,0,1,0,0,1,0,0,1,1,1,1,,,,,,,,,,,,,,,
756,25.233333333333334,1639640,50037.841796875,50.037841796875,14,D_CROSS,0xF2,large_room|portal_view|portal_approach|portal_cross|stress,2241,2241,68.389892578125,14.622043730477465,15,0.457763671875,2226,67.93212890625,0,0.0,1810,1325,7.0703125,5.17578125,7,5,8096,177.890625,1,0,101,80,21,3,3,2,0x04,0,0,0,1,0,0,1,0,0,1,1,1,1,,,,,,,,,,,,,,,
757,25.266666666666666,1641871,50105.926513671875,50.105926513671875,14,D_CROSS,0xF2,large_room|portal_view|portal_approach|portal_cross|stress,2231,2231,68.084716796875,14.687584043030032,15,0.457763671875,2215,67.596435546875,1,0.030517578125,1791,1325,6.99609375,5.17578125,6,5,8096,177.890625,1,0,100,80,20,2,2,1,0x04,0,0,0,1,0,0,1,0,0,1,1,1,1,,,,,,,,,,,,,,,
758,25.3,1644074,50173.15673828125,50.17315673828125,14,D_CROSS,0xF2,large_room|portal_view|portal_approach|portal_cross|stress,2203,2203,67.230224609375,14.874262369496142,16,0.48828125,2187,66.741943359375,0,0.0,1772,1325,6.921875,5.17578125,6,5,8096,177.890625,1,0,101,80,21,2,2,1,0x04,0,0,0,1,0,0,1,0,0,1,1,1,1,,,,,,,,,,,,,,,
759,25.333333333333332,1646289,50240.753173828125,50.240753173828125,14,D_CROSS,0xF2,large_room|portal_view|portal_approach|portal_cross|stress,2215,2215,67.596435546875,14.793679458239277,15,0.457763671875,2199,67.108154296875,1,0.030517578125,1753,1325,6.84765625,5.17578125,6,5,8096,177.890625,1,0,103,80,23,3,3,2,0x04,0,0,0,1,0,0,1,0,0,1,1,1,1,,,,,,,,,,,,,,,
760,25.366666666666667,1648506,50308.41064453125,50.30841064453125,14,D_CROSS,0xF2,large_room|portal_view|portal_approach|portal_cross|stress,2217,2217,67.657470703125,14.780333784393324,16,0.48828125,2201,67.169189453125,0,0.0,1734,1325,6.7734375,5.17578125,6,5,8096,177.890625,1,0,103,80,23,3,3,2,0x0C,0,0,0,1,1,0,1,0,0,1,1,1,1,,,,,,,,,,,,,,,
761,25.4,1650451,50367.767333984375,50.367767333984375,15,D_TURN_BACK,0x9A,large_room|fast_turn|portal_view|stress,1945,1945,59.356689453125,16.847300771208225,5,0.152587890625,1939,59.173583984375,1,0.030517578125,1734,1325,6.7734375,5.17578125,6,5,8198,180.1318359375,0,1,101,80,21,3,3,2,0x04,0,0,0,1,0,0,1,0,1,1,0,0,1,,,,,,,,,,,,,,,
762,25.433333333333334,1652649,50434.844970703125,50.434844970703125,15,D_TURN_BACK,0x9A,large_room|fast_turn|portal_view|stress,2198,2198,67.07763671875,14.908098271155596,6,0.18310546875,2192,66.89453125,0,0.0,1734,1325,6.7734375,5.17578125,6,5,8300,182.373046875,0,1,102,80,22,3,3,2,0x04,0,0,0,1,0,0,1,0,1,1,0,0,1,,,,,,,,,,,,,,,
763,25.466666666666665,1654838,50501.64794921875,50.50164794921875,15,D_TURN_BACK,0x9A,large_room|fast_turn|portal_view|stress,2189,2189,66.802978515625,14.969392416628597,5,0.152587890625,2183,66.619873046875,1,0.030517578125,1734,1325,6.7734375,5.17578125,6,5,8402,184.6142578125,0,1,100,80,20,3,3,2,0x04,0,0,0,1,0,0,1,0,1,1,0,0,1,,,,,,,,,,,,,,,
764,25.5,1657040,50568.84765625,50.56884765625,15,D_TURN_BACK,0x9A,large_room|fast_turn|portal_view|stress,2202,2202,67.19970703125,14.881017257039055,5,0.152587890625,2196,67.0166015625,1,0.030517578125,1734,1325,6.7734375,5.17578125,6,5,8504,186.85546875,0,1,101,80,21,3,3,2,0x04,0,0,0,1,0,0,1,0,1,1,0,0,1,,,,,,,,,,,,,,,
765,25.533333333333335,1659244,50636.1083984375,50.6361083984375,15,D_TURN_BACK,0x9A,large_room|fast_turn|portal_view|stress,2204,2204,67.2607421875,14.867513611615244,6,0.18310546875,2198,67.07763671875,0,0.0,1734,1325,6.7734375,5.17578125,6,5,8606,189.0966796875,0,1,102,80,22,3,3,2,0x04,0,0,0,1,0,0,1,0,1,1,0,0,1,,,,,,,,,,,,,,,
766,25.566666666666666,1661435,50702.972412109375,50.702972412109375,15,D_TURN_BACK,0x9A,large_room|fast_turn|portal_view|stress,2191,2191,66.864013671875,14.955727978092195,5,0.152587890625,2185,66.680908203125,1,0.030517578125,1734,1325,6.7734375,5.17578125,6,5,8708,191.337890625,0,1,100,80,20,3,3,2,0x04,0,0,0,1,0,0,1,0,1,1,0,0,1,,,,,,,,,,,,,,,
767,25.6,1663588,50768.6767578125,50.7686767578125,15,D_TURN_BACK,0x9A,large_room|fast_turn|portal_view|stress,2153,2153,65.704345703125,15.219693450998607,5,0.152587890625,2148,65.5517578125,0,0.0,1734,1325,6.7734375,5.17578125,6,5,8810,193.5791015625,0,1,100,80,20,3,3,2,0x04,0,0,0,1,0,0,1,0,1,1,0,0,1,,,,,,,,,,,,,,,
768,25.633333333333333,1665767,50835.174560546875,50.835174560546875,15,D_TURN_BACK,0x9A,large_room|fast_turn|portal_view|stress,2179,2179,66.497802734375,15.038090867370354,6,0.18310546875,2173,66.314697265625,0,0.0,1734,1325,6.7734375,5.17578125,6,5,8912,195.8203125,0,1,103,80,23,3,3,2,0x04,0,0,0,1,0,0,1,0,1,1,0,0,1,,,,,,,,,,,,,,,
769,25.666666666666668,1667978,50902.64892578125,50.90264892578125,15,D_TURN_BACK,0x9A,large_room|fast_turn|portal_view|stress,2211,2211,67.474365234375,14.820443238353686,5,0.152587890625,2205,67.291259765625,1,0.030517578125,1734,1325,6.7734375,5.17578125,6,5,9014,198.0615234375,0,1,106,80,26,3,3,2,0x04,0,0,0,1,0,0,1,0,1,1,0,0,1,,,,,,,,,,,,,,,
770,25.7,1670167,50969.451904296875,50.969451904296875,15,D_TURN_BACK,0x9A,large_room|fast_turn|portal_view|stress,2189,2189,66.802978515625,14.969392416628597,6,0.18310546875,2183,66.619873046875,0,0.0,1734,1325,6.7734375,5.17578125,6,5,9116,200.302734375,0,1,108,80,28,3,3,2,0x04,0,0,0,1,0,0,1,0,1,1,0,0,1,,,,,,,,,,,,,,,
771,25.733333333333334,1672363,51036.468505859375,51.036468505859375,15,D_TURN_BACK,0x9A,large_room|fast_turn|portal_view|stress,2196,2196,67.0166015625,14.92167577413479,5,0.152587890625,2190,66.83349609375,1,0.030517578125,1734,1325,6.7734375,5.17578125,6,5,9218,202.5439453125,0,1,112,80,32,3,3,2,0x04,0,0,0,1,0,0,1,0,1,1,0,0,1,,,,,,,,,,,,,,,
772,25.766666666666666,1674532,51102.6611328125,51.1026611328125,15,D_TURN_BACK,0x9A,large_room|fast_turn|portal_view|stress,2169,2169,66.192626953125,15.107422775472568,6,0.18310546875,2162,65.97900390625,1,0.030517578125,1734,1325,6.7734375,5.17578125,6,5,9320,204.78515625,0,1,113,80,33,3,3,2,0x04,0,0,0,1,0,0,1,0,1,1,0,0,1,,,,,,,,,,,,,,,
773,25.8,1676701,51168.853759765625,51.168853759765625,15,D_TURN_BACK,0x9A,large_room|fast_turn|portal_view|stress,2169,2169,66.192626953125,15.107422775472568,6,0.18310546875,2162,65.97900390625,1,0.030517578125,1734,1325,6.7734375,5.17578125,6,5,9422,207.0263671875,0,1,113,80,33,3,3,2,0x04,0,0,0,1,0,0,1,0,1,1,0,0,1,,,,,,,,,,,,,,,
774,25.833333333333332,1678818,51233.45947265625,51.23345947265625,15,D_TURN_BACK,0x9A,large_room|fast_turn|portal_view|stress,2117,2117,64.605712890625,15.478507321681626,6,0.18310546875,2110,64.39208984375,1,0.030517578125,1734,1325,6.7734375,5.17578125,6,5,9524,209.267578125,0,1,112,80,32,3,3,2,0x04,0,0,0,1,0,0,1,0,1,1,0,0,1,,,,,,,,,,,,,,,
775,25.866666666666667,1680908,51297.2412109375,51.2972412109375,15,D_TURN_BACK,0x9A,large_room|fast_turn|portal_view|stress,2090,2090,63.78173828125,15.678468899521532,6,0.18310546875,2084,63.5986328125,0,0.0,1734,1325,6.7734375,5.17578125,6,5,9626,211.5087890625,0,1,112,80,32,3,3,2,0x04,0,0,0,1,0,0,1,0,1,1,0,0,1,,,,,,,,,,,,,,,
776,25.9,1682966,51360.04638671875,51.36004638671875,15,D_TURN_BACK,0x9A,large_room|fast_turn|portal_view|stress,2058,2058,62.80517578125,15.922254616132166,5,0.152587890625,2053,62.652587890625,0,0.0,1734,1325,6.7734375,5.17578125,6,5,9728,213.75,0,1,113,80,33,3,3,2,0x04,0,0,0,1,0,0,1,0,1,1,0,0,1,,,,,,,,,,,,,,,
777,25.933333333333334,1685024,51422.8515625,51.4228515625,15,D_TURN_BACK,0x9A,large_room|fast_turn|portal_view|stress,2058,2058,62.80517578125,15.922254616132166,5,0.152587890625,2053,62.652587890625,0,0.0,1734,1325,6.7734375,5.17578125,6,5,9830,215.9912109375,0,1,116,80,36,3,3,2,0x04,0,0,0,1,0,0,1,0,1,1,0,0,1,,,,,,,,,,,,,,,
778,25.966666666666665,1687074,51485.41259765625,51.48541259765625,15,D_TURN_BACK,0x9A,large_room|fast_turn|portal_view|stress,2050,2050,62.56103515625,15.984390243902439,6,0.18310546875,2044,62.3779296875,0,0.0,1734,1325,6.7734375,5.17578125,6,5,9932,218.232421875,0,1,115,80,35,3,3,2,0x04,0,0,0,1,0,0,1,0,1,1,0,0,1,,,,,,,,,,,,,,,
779,26.0,1689113,51547.637939453125,51.547637939453125,15,D_TURN_BACK,0x9A,large_room|fast_turn|portal_view|stress,2039,2039,62.225341796875,16.070622854340364,5,0.152587890625,2034,62.07275390625,0,0.0,1734,1325,6.7734375,5.17578125,6,5,10034,220.4736328125,0,1,117,80,37,3,3,2,0x04,0,0,0,1,0,0,1,0,1,1,0,0,1,,,,,,,,,,,,,,,
780,26.033333333333335,1691095,51608.123779296875,51.608123779296875,15,D_TURN_BACK,0x9A,large_room|fast_turn|portal_view|stress,1982,1982,60.48583984375,16.53279515640767,5,0.152587890625,1977,60.333251953125,0,0.0,1734,1325,6.7734375,5.17578125,6,5,10136,222.71484375,0,1,115,80,35,3,3,2,0x04,0,0,0,1,0,0,1,0,1,1,0,0,1,,,,,,,,,,,,,,,
781,26.066666666666666,1693093,51669.097900390625,51.669097900390625,15,D_TURN_BACK,0x9A,large_room|fast_turn|portal_view|stress,1998,1998,60.97412109375,16.4004004004004,6,0.18310546875,1991,60.760498046875,1,0.030517578125,1734,1325,6.7734375,5.17578125,6,5,10238,224.9560546875,0,1,116,80,36,3,3,2,0x04,0,0,0,1,0,0,1,0,1,1,0,0,1,,,,,,,,,,,,,,,
782,26.1,1695098,51730.28564453125,51.73028564453125,15,D_TURN_BACK,0x9A,large_room|fast_turn|portal_view|stress,2005,2005,61.187744140625,16.343142144638403,6,0.18310546875,1999,61.004638671875,0,0.0,1734,1325,6.7734375,5.17578125,6,5,10340,227.197265625,0,1,118,80,38,3,3,2,0x04,0,0,0,1,0,0,1,0,1,1,0,0,1,,,,,,,,,,,,,,,
783,26.133333333333333,1697090,51791.07666015625,51.79107666015625,15,D_TURN_BACK,0x9A,large_room|fast_turn|portal_view|stress,1992,1992,60.791015625,16.449799196787147,5,0.152587890625,1986,60.60791015625,1,0.030517578125,1734,1325,6.7734375,5.17578125,6,5,10442,229.4384765625,0,1,116,80,36,3,3,2,0x04,0,0,0,1,0,0,1,0,1,1,0,0,1,,,,,,,,,,,,,,,
784,26.166666666666668,1699129,51853.302001953125,51.853302001953125,15,D_TURN_BACK,0x9A,large_room|fast_turn|portal_view|stress,2039,2039,62.225341796875,16.070622854340364,6,0.18310546875,2032,62.01171875,1,0.030517578125,1734,1325,6.7734375,5.17578125,6,5,10544,231.6796875,0,1,118,80,38,3,3,2,0x04,0,0,0,1,0,0,1,0,1,1,0,0,1,,,,,,,,,,,,,,,
785,26.2,1701194,51916.32080078125,51.91632080078125,15,D_TURN_BACK,0x9A,large_room|fast_turn|portal_view|stress,2065,2065,63.018798828125,15.868280871670702,6,0.18310546875,2058,62.80517578125,1,0.030517578125,1734,1325,6.7734375,5.17578125,6,5,10646,233.9208984375,0,1,116,80,36,3,3,2,0x04,0,0,0,1,0,0,1,0,1,1,0,0,1,,,,,,,,,,,,,,,
786,26.233333333333334,1703242,51978.82080078125,51.97882080078125,15,D_TURN_BACK,0x9A,large_room|fast_turn|portal_view|stress,2048,2048,62.5,16.0,6,0.18310546875,2042,62.31689453125,0,0.0,1734,1325,6.7734375,5.17578125,6,5,10748,236.162109375,0,1,115,80,35,3,3,2,0x04,0,0,0,1,0,0,1,0,1,1,0,0,1,,,,,,,,,,,,,,,
787,26.266666666666666,1705280,52041.015625,52.041015625,15,D_TURN_BACK,0x9A,large_room|fast_turn|portal_view|stress,2038,2038,62.19482421875,16.078508341511284,6,0.18310546875,2032,62.01171875,0,0.0,1734,1325,6.7734375,5.17578125,6,5,10850,238.4033203125,0,1,109,80,29,3,3,2,0x04,0,0,0,1,0,0,1,0,1,1,0,0,1,,,,,,,,,,,,,,,
788,26.3,1707343,52103.973388671875,52.103973388671875,15,D_TURN_BACK,0x9A,large_room|fast_turn|portal_view|stress,2063,2063,62.957763671875,15.883664566165779,5,0.152587890625,2058,62.80517578125,0,0.0,1734,1325,6.7734375,5.17578125,6,5,10952,240.64453125,0,1,108,80,28,3,3,2,0x04,0,0,0,1,0,0,1,0,1,1,0,0,1,,,,,,,,,,,,,,,
789,26.333333333333332,1709431,52167.694091796875,52.167694091796875,15,D_TURN_BACK,0x9A,large_room|fast_turn|portal_view|stress,2088,2088,63.720703125,15.693486590038313,6,0.18310546875,2081,63.507080078125,1,0.030517578125,1734,1325,6.7734375,5.17578125,6,5,11054,242.8857421875,0,1,106,80,26,2,2,1,0x04,0,0,0,1,0,0,1,0,1,1,0,0,1,,,,,,,,,,,,,,,
790,26.366666666666667,1711570,52232.97119140625,52.23297119140625,15,D_TURN_BACK,0x9A,large_room|fast_turn|portal_view|stress,2139,2139,65.277099609375,15.319308087891539,5,0.152587890625,2133,65.093994140625,1,0.030517578125,1734,1325,6.7734375,5.17578125,6,5,11156,245.126953125,0,1,107,80,27,2,2,1,0x04,0,0,0,1,0,0,1,0,1,1,0,0,1,,,,,,,,,,,,,,,
791,26.4,1713694,52297.79052734375,52.29779052734375,15,D_TURN_BACK,0x9A,large_room|fast_turn|portal_view|stress,2124,2124,64.8193359375,15.427495291902071,6,0.18310546875,2118,64.63623046875,0,0.0,1734,1325,6.7734375,5.17578125,6,5,11258,247.3681640625,0,1,106,80,26,2,2,1,0x04,0,0,0,1,0,0,1,0,1,1,0,0,1,,,,,,,,,,,,,,,
792,26.433333333333334,1715869,52364.166259765625,52.364166259765625,15,D_TURN_BACK,0x9A,large_room|fast_turn|portal_view|stress,2175,2175,66.375732421875,15.065747126436781,5,0.152587890625,2170,66.22314453125,0,0.0,1734,1325,6.7734375,5.17578125,6,5,11360,249.609375,0,1,107,80,27,2,2,1,0x04,0,0,0,1,0,0,1,0,1,1,0,0,1,,,,,,,,,,,,,,,
793,26.466666666666665,1718072,52431.396484375,52.431396484375,15,D_TURN_BACK,0x9A,large_room|fast_turn|portal_view|stress,2203,2203,67.230224609375,14.874262369496142,5,0.152587890625,2197,67.047119140625,1,0.030517578125,1734,1325,6.7734375,5.17578125,6,5,11462,251.8505859375,0,1,106,80,26,2,2,1,0x04,0,0,0,1,0,0,1,0,1,1,0,0,1,,,,,,,,,,,,,,,
794,26.5,1720333,52500.396728515625,52.500396728515625,15,D_TURN_BACK,0x9A,large_room|fast_turn|portal_view|stress,2261,2261,69.000244140625,14.492702344095534,6,0.18310546875,2254,68.78662109375,1,0.030517578125,1734,1325,6.7734375,5.17578125,6,5,11564,254.091796875,0,1,108,80,28,2,2,1,0x04,0,0,0,1,0,0,1,0,1,1,0,0,1,,,,,,,,,,,,,,,
795,26.533333333333335,1722592,52569.3359375,52.5693359375,15,D_TURN_BACK,0x9A,large_room|fast_turn|portal_view|stress,2259,2259,68.939208984375,14.505533421868083,6,0.18310546875,2253,68.756103515625,0,0.0,1734,1325,6.7734375,5.17578125,6,5,11666,256.3330078125,0,1,108,80,28,2,2,1,0x04,0,0,0,1,0,0,1,0,1,1,0,0,1,,,,,,,,,,,,,,,
796,26.566666666666666,1724853,52638.336181640625,52.638336181640625,15,D_TURN_BACK,0x9A,large_room|fast_turn|portal_view|stress,2261,2261,69.000244140625,14.492702344095534,5,0.152587890625,2256,68.84765625,0,0.0,1734,1325,6.7734375,5.17578125,6,5,11768,258.57421875,0,1,108,80,28,2,2,1,0x04,0,0,0,1,0,0,1,0,1,1,0,0,1,,,,,,,,,,,,,,,
797,26.6,1727137,52708.038330078125,52.708038330078125,15,D_TURN_BACK,0x9A,large_room|fast_turn|portal_view|stress,2284,2284,69.7021484375,14.34676007005254,5,0.152587890625,2279,69.549560546875,0,0.0,1734,1325,6.7734375,5.17578125,6,5,11870,260.8154296875,0,1,110,80,30,2,2,1,0x06,1,0,0,1,0,0,1,0,1,1,0,0,1,70.068359375,17.822265625,0.0,27.801513671875,10.009765625,5.79833984375,4.547119140625,4.08935546875,30,74,36,36,36,1839,657
798,26.633333333333333,1729374,52776.30615234375,52.77630615234375,15,D_TURN_BACK,0x9A,large_room|fast_turn|portal_view|stress,2237,2237,68.267822265625,14.648189539561914,5,0.152587890625,2231,68.084716796875,1,0.030517578125,1734,1325,6.7734375,5.17578125,6,5,11972,263.056640625,0,1,105,80,25,2,2,1,0x04,0,0,0,1,0,0,1,0,1,1,0,0,1,,,,,,,,,,,,,,,
799,26.666666666666668,1731592,52843.994140625,52.843994140625,15,D_TURN_BACK,0x9A,large_room|fast_turn|portal_view|stress,2218,2218,67.68798828125,14.773669972948602,5,0.152587890625,2212,67.5048828125,1,0.030517578125,1734,1325,6.7734375,5.17578125,6,5,12074,265.2978515625,0,1,103,80,23,2,2,1,0x04,0,0,0,1,0,0,1,0,1,1,0,0,1,,,,,,,,,,,,,,,
800,26.7,1733775,52910.614013671875,52.910614013671875,15,D_TURN_BACK,0x9A,large_room|fast_turn|portal_view|stress,2183,2183,66.619873046875,15.010535959688502,6,0.18310546875,2177,66.436767578125,0,0.0,1734,1325,6.7734375,5.17578125,6,5,12176,267.5390625,0,1,100,80,20,2,2,1,0x04,0,0,0,1,0,0,1,0,1,1,0,0,1,,,,,,,,,,,,,,,
801,26.733333333333334,1735906,52975.64697265625,52.97564697265625,15,D_TURN_BACK,0x9A,large_room|fast_turn|portal_view|stress,2131,2131,65.032958984375,15.376818395119662,5,0.152587890625,2125,64.849853515625,1,0.030517578125,1734,1325,6.7734375,5.17578125,6,5,12278,269.7802734375,0,1,97,80,17,2,2,1,0x04,0,0,0,1,0,0,1,0,1,1,0,0,1,,,,,,,,,,,,,,,
802,26.766666666666666,1738061,53041.412353515625,53.041412353515625,15,D_TURN_BACK,0x9A,large_room|fast_turn|portal_view|stress,2155,2155,65.765380859375,15.205568445475638,6,0.18310546875,2149,65.582275390625,0,0.0,1734,1325,6.7734375,5.17578125,6,5,12380,272.021484375,0,1,97,80,17,2,2,1,0x04,0,0,0,1,0,0,1,0,1,1,0,0,1,,,,,,,,,,,,,,,
803,26.8,1740225,53107.452392578125,53.107452392578125,15,D_TURN_BACK,0x9A,large_room|fast_turn|portal_view|stress,2164,2164,66.0400390625,15.142329020332717,5,0.152587890625,2159,65.887451171875,0,0.0,1734,1325,6.7734375,5.17578125,6,5,12482,274.2626953125,0,1,98,80,18,2,2,1,0x04,0,0,0,1,0,0,1,0,1,1,0,0,1,,,,,,,,,,,,,,,
804,26.833333333333332,1742402,53173.88916015625,53.17388916015625,15,D_TURN_BACK,0x9A,large_room|fast_turn|portal_view|stress,2177,2177,66.436767578125,15.05190629306385,5,0.152587890625,2171,66.253662109375,1,0.030517578125,1734,1325,6.7734375,5.17578125,6,5,12584,276.50390625,0,1,99,80,19,2,2,1,0x04,0,0,0,1,0,0,1,0,1,1,0,0,1,,,,,,,,,,,,,,,
805,26.866666666666667,1744583,53240.447998046875,53.240447998046875,15,D_TURN_BACK,0x9A,large_room|fast_turn|portal_view|stress,2181,2181,66.558837890625,15.024300779458963,6,0.18310546875,2175,66.375732421875,0,0.0,1734,1325,6.7734375,5.17578125,6,5,12686,278.7451171875,0,1,99,80,19,2,2,1,0x04,0,0,0,1,0,0,1,0,1,1,0,0,1,,,,,,,,,,,,,,,
806,26.9,1746767,53307.098388671875,53.307098388671875,15,D_TURN_BACK,0x9A,large_room|fast_turn|portal_view|stress,2184,2184,66.650390625,15.003663003663004,6,0.18310546875,2178,66.46728515625,0,0.0,1734,1325,6.7734375,5.17578125,6,5,12788,280.986328125,0,1,99,80,19,2,2,1,0x04,0,0,0,1,0,0,1,0,1,1,0,0,1,,,,,,,,,,,,,,,
807,26.933333333333334,1748918,53372.74169921875,53.37274169921875,15,D_TURN_BACK,0x9A,large_room|fast_turn|portal_view|stress,2151,2151,65.643310546875,15.233844723384472,5,0.152587890625,2145,65.460205078125,1,0.030517578125,1734,1325,6.7734375,5.17578125,6,5,12890,283.2275390625,0,1,96,80,16,2,2,1,0x04,0,0,0,1,0,0,1,0,1,1,0,0,1,,,,,,,,,,,,,,,
808,26.966666666666665,1751051,53437.835693359375,53.437835693359375,15,D_TURN_BACK,0x9A,large_room|fast_turn|portal_view|stress,2133,2133,65.093994140625,15.362400375058604,6,0.18310546875,2126,64.88037109375,1,0.030517578125,1734,1325,6.7734375,5.17578125,6,5,12992,285.46875,0,1,94,80,14,2,2,1,0x04,0,0,0,1,0,0,1,0,1,1,0,0,1,,,,,,,,,,,,,,,
809,27.0,1753158,53502.13623046875,53.50213623046875,15,D_TURN_BACK,0x9A,large_room|fast_turn|portal_view|stress,2107,2107,64.300537109375,15.551969625059327,6,0.18310546875,2101,64.117431640625,0,0.0,1734,1325,6.7734375,5.17578125,6,5,13094,287.7099609375,0,1,91,80,11,2,2,1,0x04,0,0,0,1,0,0,1,0,1,1,0,0,1,,,,,,,,,,,,,,,
810,27.033333333333335,1755240,53565.673828125,53.565673828125,15,D_TURN_BACK,0x9A,large_room|fast_turn|portal_view|stress,2082,2082,63.53759765625,15.738712776176753,5,0.152587890625,2077,63.385009765625,0,0.0,1734,1325,6.7734375,5.17578125,6,5,13196,289.951171875,0,1,88,80,8,2,2,1,0x04,0,0,0,1,0,0,1,0,1,1,0,0,1,,,,,,,,,,,,,,,
811,27.066666666666666,1757264,53627.44140625,53.62744140625,15,D_TURN_BACK,0x9A,large_room|fast_turn|portal_view|stress,2024,2024,61.767578125,16.1897233201581,6,0.18310546875,2017,61.553955078125,1,0.030517578125,1734,1325,6.7734375,5.17578125,6,5,13298,292.1923828125,0,1,85,80,5,2,2,1,0x04,0,0,0,1,0,0,1,0,1,1,0,0,1,,,,,,,,,,,,,,,
812,27.1,1759267,53688.568115234375,53.688568115234375,15,D_TURN_BACK,0x9A,large_room|fast_turn|portal_view|stress,2003,2003,61.126708984375,16.35946080878682,6,0.18310546875,1997,60.943603515625,0,0.0,1734,1325,6.7734375,5.17578125,6,5,13400,294.43359375,0,1,83,80,3,2,2,1,0x04,0,0,0,1,0,0,1,0,1,1,0,0,1,,,,,,,,,,,,,,,
813,27.133333333333333,1761232,53748.53515625,53.74853515625,15,D_TURN_BACK,0x9A,large_room|fast_turn|portal_view|stress,1965,1965,59.967041015625,16.675826972010178,5,0.152587890625,1960,59.814453125,0,0.0,1734,1325,6.7734375,5.17578125,6,5,13502,296.6748046875,0,1,83,80,3,2,2,1,0x04,0,0,0,1,0,0,1,0,1,1,0,0,1,,,,,,,,,,,,,,,
814,27.166666666666668,1763174,53807.80029296875,53.80780029296875,15,D_TURN_BACK,0x9A,large_room|fast_turn|portal_view|stress,1942,1942,59.26513671875,16.873326467559217,6,0.18310546875,1936,59.08203125,0,0.0,1734,1325,6.7734375,5.17578125,6,5,13604,298.916015625,0,1,84,80,4,2,2,1,0x04,0,0,0,1,0,0,1,0,1,1,0,0,1,,,,,,,,,,,,,,,
815,27.2,1765082,53866.02783203125,53.86602783203125,15,D_TURN_BACK,0x9A,large_room|fast_turn|portal_view|stress,1908,1908,58.2275390625,17.17400419287212,6,0.18310546875,1901,58.013916015625,1,0.030517578125,1734,1325,6.7734375,5.17578125,6,5,13706,301.1572265625,0,1,84,80,4,2,2,1,0x04,0,0,0,1,0,0,1,0,1,1,0,0,1,,,,,,,,,,,,,,,
816,27.233333333333334,1766956,53923.2177734375,53.9232177734375,15,D_TURN_BACK,0x9A,large_room|fast_turn|portal_view|stress,1874,1874,57.18994140625,17.485592315901815,6,0.18310546875,1867,56.976318359375,1,0.030517578125,1734,1325,6.7734375,5.17578125,6,5,13808,303.3984375,0,1,84,80,4,2,2,1,0x04,0,0,0,1,0,0,1,0,1,1,0,0,1,,,,,,,,,,,,,,,
817,27.266666666666666,1768829,53980.377197265625,53.980377197265625,15,D_TURN_BACK,0x9A,large_room|fast_turn|portal_view|stress,1873,1873,57.159423828125,17.49492792311799,6,0.18310546875,1866,56.94580078125,1,0.030517578125,1734,1325,6.7734375,5.17578125,6,5,13910,305.6396484375,0,1,84,80,4,2,2,1,0x04,0,0,0,1,0,0,1,0,1,1,0,0,1,,,,,,,,,,,,,,,
818,27.3,1770659,54036.224365234375,54.036224365234375,15,D_TURN_BACK,0x9A,large_room|fast_turn|portal_view|stress,1830,1830,55.84716796875,17.90601092896175,6,0.18310546875,1824,55.6640625,0,0.0,1734,1325,6.7734375,5.17578125,6,5,14012,307.880859375,0,1,83,80,3,2,2,1,0x04,0,0,0,1,0,0,1,0,1,1,0,0,1,,,,,,,,,,,,,,,
819,27.333333333333332,1772429,54090.240478515625,54.090240478515625,15,D_TURN_BACK,0x9A,large_room|fast_turn|portal_view|stress,1770,1770,54.01611328125,18.512994350282487,6,0.18310546875,1764,53.8330078125,0,0.0,1734,1325,6.7734375,5.17578125,6,5,14114,310.1220703125,0,1,80,80,0,1,1,0,0x04,0,0,0,1,0,0,1,0,1,1,0,0,1,,,,,,,,,,,,,,,
820,27.366666666666667,1774194,54144.10400390625,54.14410400390625,15,D_TURN_BACK,0x9A,large_room|fast_turn|portal_view|stress,1765,1765,53.863525390625,18.565439093484418,5,0.152587890625,1759,53.680419921875,1,0.030517578125,1734,1325,6.7734375,5.17578125,6,5,14216,312.36328125,0,1,80,80,0,1,1,0,0x04,0,0,0,1,0,0,1,0,1,1,0,0,1,,,,,,,,,,,,,,,
821,27.4,1775961,54198.028564453125,54.198028564453125,15,D_TURN_BACK,0x9A,large_room|fast_turn|portal_view|stress,1767,1767,53.924560546875,18.54442558007923,6,0.18310546875,1761,53.741455078125,0,0.0,1734,1325,6.7734375,5.17578125,6,5,14318,314.6044921875,0,1,80,80,0,1,1,0,0x04,0,0,0,1,0,0,1,0,1,1,0,0,1,,,,,,,,,,,,,,,
822,27.433333333333334,1777690,54250.79345703125,54.25079345703125,15,D_TURN_BACK,0x9A,large_room|fast_turn|portal_view|stress,1729,1729,52.764892578125,18.951995373048003,5,0.152587890625,1723,52.581787109375,1,0.030517578125,1734,1325,6.7734375,5.17578125,6,5,14420,316.845703125,0,1,80,80,0,1,1,0,0x04,0,0,0,1,0,0,1,0,1,1,0,0,1,,,,,,,,,,,,,,,
823,27.466666666666665,1779457,54304.718017578125,54.304718017578125,15,D_TURN_BACK,0x9A,large_room|fast_turn|portal_view|stress,1767,1767,53.924560546875,18.54442558007923,6,0.18310546875,1760,53.7109375,1,0.030517578125,1734,1325,6.7734375,5.17578125,6,5,14522,319.0869140625,0,1,80,80,0,1,1,0,0x04,0,0,0,1,0,0,1,0,1,1,0,0,1,,,,,,,,,,,,,,,
824,27.5,1781220,54358.5205078125,54.3585205078125,15,D_TURN_BACK,0x9A,large_room|fast_turn|portal_view|stress,1763,1763,53.802490234375,18.58650028360749,6,0.18310546875,1757,53.619384765625,0,0.0,1734,1325,6.7734375,5.17578125,6,5,14624,321.328125,0,1,80,80,0,1,1,0,0x04,0,0,0,1,0,0,1,0,1,1,0,0,1,,,,,,,,,,,,,,,
825,27.533333333333335,1783019,54413.421630859375,54.413421630859375,15,D_TURN_BACK,0x9A,large_room|fast_turn|portal_view|stress,1799,1799,54.901123046875,18.21456364647026,6,0.18310546875,1793,54.718017578125,0,0.0,1734,1325,6.7734375,5.17578125,6,5,14726,323.5693359375,0,1,80,80,0,1,1,0,0x04,0,0,0,1,0,0,1,0,1,1,0,0,1,,,,,,,,,,,,,,,
826,27.566666666666666,1784857,54469.512939453125,54.469512939453125,15,D_TURN_BACK,0x9A,large_room|fast_turn|portal_view|stress,1838,1838,56.09130859375,17.828073993471165,5,0.152587890625,1832,55.908203125,1,0.030517578125,1734,1325,6.7734375,5.17578125,6,5,14828,325.810546875,0,1,81,80,1,2,2,1,0x04,0,0,0,1,0,0,1,0,1,1,0,0,1,,,,,,,,,,,,,,,
827,27.6,1786724,54526.4892578125,54.5264892578125,15,D_TURN_BACK,0x9A,large_room|fast_turn|portal_view|stress,1867,1867,56.976318359375,17.551151580074986,6,0.18310546875,1860,56.7626953125,1,0.030517578125,1734,1325,6.7734375,5.17578125,6,5,14930,328.0517578125,0,1,84,80,4,2,2,1,0x04,0,0,0,1,0,0,1,0,1,1,0,0,1,,,,,,,,,,,,,,,
828,27.633333333333333,1788650,54585.26611328125,54.58526611328125,15,D_TURN_BACK,0x9A,large_room|fast_turn|portal_view|stress,1926,1926,58.77685546875,17.0134994807892,6,0.18310546875,1919,58.563232421875,1,0.030517578125,1734,1325,6.7734375,5.17578125,6,5,15032,330.29296875,0,1,87,80,7,2,2,1,0x04,0,0,0,1,0,0,1,0,1,1,0,0,1,,,,,,,,,,,,,,,
829,27.666666666666668,1790639,54645.965576171875,54.645965576171875,15,D_TURN_BACK,0x9A,large_room|fast_turn|portal_view|stress,1989,1989,60.699462890625,16.474610356963296,6,0.18310546875,1983,60.516357421875,0,0.0,1734,1325,6.7734375,5.17578125,6,5,15134,332.5341796875,0,1,90,80,10,2,2,1,0x04,0,0,0,1,0,0,1,0,1,1,0,0,1,,,,,,,,,,,,,,,
830,27.7,1792699,54708.831787109375,54.708831787109375,15,D_TURN_BACK,0x9A,large_room|fast_turn|portal_view|stress,2060,2060,62.8662109375,15.906796116504854,5,0.152587890625,2054,62.68310546875,1,0.030517578125,1734,1325,6.7734375,5.17578125,6,5,15236,334.775390625,0,1,93,80,13,2,2,1,0x04,0,0,0,1,0,0,1,0,1,1,0,0,1,,,,,,,,,,,,,,,
831,27.733333333333334,1794813,54773.345947265625,54.773345947265625,15,D_TURN_BACK,0x9A,large_room|fast_turn|portal_view|stress,2114,2114,64.51416015625,15.500473036896878,6,0.18310546875,2108,64.3310546875,0,0.0,1734,1325,6.7734375,5.17578125,6,5,15338,337.0166015625,0,1,96,80,16,2,2,1,0x04,0,0,0,1,0,0,1,0,1,1,0,0,1,,,,,,,,,,,,,,,
832,27.766666666666666,1796943,54838.348388671875,54.838348388671875,15,D_TURN_BACK,0x9A,large_room|fast_turn|portal_view|stress,2130,2130,65.00244140625,15.384037558685446,5,0.152587890625,2124,64.8193359375,1,0.030517578125,1734,1325,6.7734375,5.17578125,6,5,15440,339.2578125,0,1,98,80,18,2,2,1,0x04,0,0,0,1,0,0,1,0,1,1,0,0,1,,,,,,,,,,,,,,,
833,27.8,1799115,54904.632568359375,54.904632568359375,15,D_TURN_BACK,0x9A,large_room|fast_turn|portal_view|stress,2172,2172,66.2841796875,15.086556169429098,5,0.152587890625,2167,66.131591796875,0,0.0,1734,1325,6.7734375,5.17578125,6,5,15542,341.4990234375,0,1,99,80,19,2,2,1,0x04,0,0,0,1,0,0,1,0,1,1,0,0,1,,,,,,,,,,,,,,,
834,27.833333333333332,1801334,54972.35107421875,54.97235107421875,15,D_TURN_BACK,0x9A,large_room|fast_turn|portal_view|stress,2219,2219,67.718505859375,14.767012167643083,5,0.152587890625,2214,67.56591796875,0,0.0,1734,1325,6.7734375,5.17578125,6,5,15644,343.740234375,0,1,100,80,20,2,2,1,0x04,0,0,0,1,0,0,1,0,1,1,0,0,1,,,,,,,,,,,,,,,
835,27.866666666666667,1803579,55040.863037109375,55.040863037109375,15,D_TURN_BACK,0x9A,large_room|fast_turn|portal_view|stress,2245,2245,68.511962890625,14.595991091314032,6,0.18310546875,2238,68.29833984375,1,0.030517578125,1734,1325,6.7734375,5.17578125,6,5,15746,345.9814453125,0,1,99,80,19,2,2,1,0x04,0,0,0,1,0,0,1,0,1,1,0,0,1,,,,,,,,,,,,,,,
836,27.9,1805828,55109.4970703125,55.1094970703125,15,D_TURN_BACK,0x9A,large_room|fast_turn|portal_view|stress,2249,2249,68.634033203125,14.57003112494442,6,0.18310546875,2242,68.42041015625,1,0.030517578125,1734,1325,6.7734375,5.17578125,6,5,15848,348.22265625,0,1,99,80,19,2,2,1,0x04,0,0,0,1,0,0,1,0,1,1,0,0,1,,,,,,,,,,,,,,,
837,27.933333333333334,1808100,55178.8330078125,55.1788330078125,15,D_TURN_BACK,0x9A,large_room|fast_turn|portal_view|stress,2272,2272,69.3359375,14.422535211267606,6,0.18310546875,2265,69.122314453125,1,0.030517578125,1734,1325,6.7734375,5.17578125,6,5,15950,350.4638671875,0,1,98,80,18,2,2,1,0x04,0,0,0,1,0,0,1,0,1,1,0,0,1,,,,,,,,,,,,,,,
838,27.966666666666665,1810373,55248.199462890625,55.248199462890625,15,D_TURN_BACK,0x9A,large_room|fast_turn|portal_view|stress,2273,2273,69.366455078125,14.416190057193138,6,0.18310546875,2266,69.15283203125,1,0.030517578125,1734,1325,6.7734375,5.17578125,6,5,16052,352.705078125,0,1,98,80,18,2,2,1,0x04,0,0,0,1,0,0,1,0,1,1,0,0,1,,,,,,,,,,,,,,,
839,28.0,1812635,55317.230224609375,55.317230224609375,15,D_TURN_BACK,0x9A,large_room|fast_turn|portal_view|stress,2262,2262,69.03076171875,14.48629531388152,6,0.18310546875,2255,68.817138671875,1,0.030517578125,1734,1325,6.7734375,5.17578125,6,5,16154,354.9462890625,0,1,97,80,17,2,2,1,0x04,0,0,0,1,0,0,1,0,1,1,0,0,1,,,,,,,,,,,,,,,
840,28.033333333333335,1814892,55386.1083984375,55.3861083984375,15,D_TURN_BACK,0x9A,large_room|fast_turn|portal_view|stress,2257,2257,68.878173828125,14.518387239698715,6,0.18310546875,2250,68.66455078125,1,0.030517578125,1734,1325,6.7734375,5.17578125,6,5,16256,357.1875,0,1,97,80,17,2,2,1,0x0C,0,0,0,1,1,0,1,0,1,1,0,0,1,,,,,,,,,,,,,,,
841,28.066666666666666,1817162,55455.38330078125,55.45538330078125,16,D_RETURN,0xF2,large_room|portal_view|portal_approach|portal_cross|stress,2270,2270,69.27490234375,14.4352422907489,20,0.6103515625,2249,68.634033203125,1,0.030517578125,1753,1324,6.84765625,5.171875,6,5,16256,357.1875,1,0,97,80,17,2,2,1,0x04,0,0,0,1,0,0,1,0,0,1,1,1,1,,,,,,,,,,,,,,,
842,28.1,1819433,55524.688720703125,55.524688720703125,16,D_RETURN,0xF2,large_room|portal_view|portal_approach|portal_cross|stress,2271,2271,69.305419921875,14.428885953324526,21,0.640869140625,2249,68.634033203125,1,0.030517578125,1772,1323,6.921875,5.16796875,6,5,16256,357.1875,1,0,97,80,17,2,2,1,0x04,0,0,0,1,0,0,1,0,0,1,1,1,1,,,,,,,,,,,,,,,
843,28.133333333333333,1821707,55594.085693359375,55.594085693359375,16,D_RETURN,0xF2,large_room|portal_view|portal_approach|portal_cross|stress,2274,2274,69.39697265625,14.409850483729112,21,0.640869140625,2252,68.7255859375,1,0.030517578125,1791,1322,6.99609375,5.1640625,6,5,16256,357.1875,1,0,97,80,17,2,2,1,0x06,1,0,0,1,0,0,1,0,0,1,1,1,1,68.939208984375,18.096923828125,0.0,30.792236328125,9.490966796875,4.364013671875,4.150390625,2.044677734375,17,77,20,20,20,717,941
844,28.166666666666668,1823948,55662.4755859375,55.6624755859375,16,D_RETURN,0xF2,large_room|portal_view|portal_approach|portal_cross|stress,2241,2241,68.389892578125,14.622043730477465,20,0.6103515625,2221,67.779541015625,0,0.0,1810,1321,7.0703125,5.16015625,7,5,16256,357.1875,1,0,98,80,18,2,2,1,0x04,0,0,0,1,0,0,1,0,0,1,1,1,1,,,,,,,,,,,,,,,
845,28.2,1826187,55730.804443359375,55.730804443359375,16,D_RETURN,0xF2,large_room|portal_view|portal_approach|portal_cross|stress,2239,2239,68.328857421875,14.635104957570343,20,0.6103515625,2219,67.718505859375,0,0.0,1829,1320,7.14453125,5.15625,7,5,16256,357.1875,1,0,98,80,18,2,2,1,0x04,0,0,0,1,0,0,1,0,0,1,1,1,1,,,,,,,,,,,,,,,
846,28.233333333333334,1828426,55799.13330078125,55.79913330078125,16,D_RETURN,0xF2,large_room|portal_view|portal_approach|portal_cross|stress,2239,2239,68.328857421875,14.635104957570343,20,0.6103515625,2218,67.68798828125,1,0.030517578125,1848,1319,7.21875,5.15234375,7,5,16256,357.1875,1,0,98,80,18,2,2,1,0x04,0,0,0,1,0,0,1,0,0,1,1,1,1,,,,,,,,,,,,,,,
847,28.266666666666666,1830661,55867.340087890625,55.867340087890625,16,D_RETURN,0xF2,large_room|portal_view|portal_approach|portal_cross|stress,2235,2235,68.206787109375,14.661297539149889,21,0.640869140625,2213,67.535400390625,1,0.030517578125,1867,1318,7.29296875,5.1484375,7,5,16256,357.1875,1,0,98,80,18,2,2,1,0x04,0,0,0,1,0,0,1,0,0,1,1,1,1,,,,,,,,,,,,,,,
848,28.3,1832900,55935.6689453125,55.9356689453125,16,D_RETURN,0xF2,large_room|portal_view|portal_approach|portal_cross|stress,2239,2239,68.328857421875,14.635104957570343,20,0.6103515625,2218,67.68798828125,1,0.030517578125,1886,1317,7.3671875,5.14453125,7,5,16256,357.1875,1,0,98,80,18,2,2,1,0x04,0,0,0,1,0,0,1,0,0,1,1,1,1,,,,,,,,,,,,,,,
849,28.333333333333332,1835141,56004.058837890625,56.004058837890625,16,D_RETURN,0xF2,large_room|portal_view|portal_approach|portal_cross|stress,2241,2241,68.389892578125,14.622043730477465,20,0.6103515625,2221,67.779541015625,0,0.0,1905,1316,7.44140625,5.140625,7,5,16256,357.1875,1,0,99,80,19,2,2,1,0x04,0,0,0,1,0,0,1,0,0,1,1,1,1,,,,,,,,,,,,,,,
850,28.366666666666667,1837381,56072.418212890625,56.072418212890625,16,D_RETURN,0xF2,large_room|portal_view|portal_approach|portal_cross|stress,2240,2240,68.359375,14.628571428571428,20,0.6103515625,2220,67.7490234375,0,0.0,1924,1315,7.515625,5.13671875,7,5,16256,357.1875,1,0,99,80,19,2,2,1,0x0C,0,0,0,1,1,0,1,0,0,1,1,1,1,,,,,,,,,,,,,,,
851,28.4,1839588,56139.7705078125,56.1397705078125,17,BOUNDARY_SLOW,0x96,large_room|slow_turn|portal_view|stress,2207,2207,67.352294921875,14.847304032623471,6,0.18310546875,2201,67.169189453125,0,0.0,1924,1315,7.515625,5.13671875,7,5,16358,359.4287109375,0,1,98,80,18,2,2,1,0x04,0,0,0,1,0,0,1,1,0,1,0,0,1,,,,,,,,,,,,,,,
852,28.433333333333334,1841795,56207.122802734375,56.207122802734375,17,BOUNDARY_SLOW,0x96,large_room|slow_turn|portal_view|stress,2207,2207,67.352294921875,14.847304032623471,6,0.18310546875,2201,67.169189453125,0,0.0,1924,1315,7.515625,5.13671875,7,5,16358,359.4287109375,0,0,98,80,18,2,2,1,0x00,0,0,0,0,0,0,1,1,0,1,0,0,1,,,,,,,,,,,,,,,
853,28.466666666666665,1844016,56274.90234375,56.27490234375,17,BOUNDARY_SLOW,0x96,large_room|slow_turn|portal_view|stress,2221,2221,67.779541015625,14.75371454299865,6,0.18310546875,2215,67.596435546875,0,0.0,1924,1315,7.515625,5.13671875,7,5,76,1.669921875,0,1,98,80,18,2,2,1,0x04,0,0,0,1,0,0,1,1,0,1,0,0,1,,,,,,,,,,,,,,,
854,28.5,1846237,56342.681884765625,56.342681884765625,17,BOUNDARY_SLOW,0x96,large_room|slow_turn|portal_view|stress,2221,2221,67.779541015625,14.75371454299865,6,0.18310546875,2215,67.596435546875,0,0.0,1924,1315,7.515625,5.13671875,7,5,76,1.669921875,0,0,98,80,18,2,2,1,0x00,0,0,0,0,0,0,1,1,0,1,0,0,1,,,,,,,,,,,,,,,
855,28.533333333333335,1848460,56410.5224609375,56.4105224609375,17,BOUNDARY_SLOW,0x96,large_room|slow_turn|portal_view|stress,2223,2223,67.840576171875,14.740440845704004,5,0.152587890625,2217,67.657470703125,1,0.030517578125,1924,1315,7.515625,5.13671875,7,5,178,3.9111328125,0,1,98,80,18,2,2,1,0x04,0,0,0,1,0,0,1,1,0,1,0,0,1,,,,,,,,,,,,,,,
856,28.566666666666666,1850683,56478.363037109375,56.478363037109375,17,BOUNDARY_SLOW,0x96,large_room|slow_turn|portal_view|stress,2223,2223,67.840576171875,14.740440845704004,6,0.18310546875,2217,67.657470703125,0,0.0,1924,1315,7.515625,5.13671875,7,5,178,3.9111328125,0,0,98,80,18,2,2,1,0x00,0,0,0,0,0,0,1,1,0,1,0,0,1,,,,,,,,,,,,,,,
857,28.6,1852915,56546.478271484375,56.546478271484375,17,BOUNDARY_SLOW,0x96,large_room|slow_turn|portal_view|stress,2232,2232,68.115234375,14.68100358422939,5,0.152587890625,2227,67.962646484375,0,0.0,1924,1315,7.515625,5.13671875,7,5,280,6.15234375,0,1,99,80,19,2,2,1,0x04,0,0,0,1,0,0,1,1,0,1,0,0,1,,,,,,,,,,,,,,,
858,28.633333333333333,1855148,56614.6240234375,56.6146240234375,17,BOUNDARY_SLOW,0x96,large_room|slow_turn|portal_view|stress,2233,2233,68.145751953125,14.674429019256605,6,0.18310546875,2227,67.962646484375,0,0.0,1924,1315,7.515625,5.13671875,7,5,280,6.15234375,0,0,99,80,19,2,2,1,0x00,0,0,0,0,0,0,1,1,0,1,0,0,1,,,,,,,,,,,,,,,
859,28.666666666666668,1857375,56682.586669921875,56.682586669921875,17,BOUNDARY_SLOW,0x96,large_room|slow_turn|portal_view|stress,2227,2227,67.962646484375,14.713964975303098,5,0.152587890625,2222,67.81005859375,0,0.0,1924,1315,7.515625,5.13671875,7,5,382,8.3935546875,0,1,98,80,18,2,2,1,0x04,0,0,0,1,0,0,1,1,0,1,0,0,1,,,,,,,,,,,,,,,
860,28.7,1859603,56750.579833984375,56.750579833984375,17,BOUNDARY_SLOW,0x96,large_room|slow_turn|portal_view|stress,2228,2228,67.9931640625,14.707360861759426,6,0.18310546875,2222,67.81005859375,0,0.0,1924,1315,7.515625,5.13671875,7,5,382,8.3935546875,0,0,98,80,18,2,2,1,0x00,0,0,0,0,0,0,1,1,0,1,0,0,1,,,,,,,,,,,,,,,
861,28.733333333333334,1861839,56818.817138671875,56.818817138671875,17,BOUNDARY_SLOW,0x96,large_room|slow_turn|portal_view|stress,2236,2236,68.2373046875,14.65474060822898,5,0.152587890625,2231,68.084716796875,0,0.0,1924,1315,7.515625,5.13671875,7,5,484,10.634765625,0,1,99,80,19,2,2,1,0x04,0,0,0,1,0,0,1,1,0,1,0,0,1,,,,,,,,,,,,,,,
862,28.766666666666666,1864076,56887.0849609375,56.8870849609375,17,BOUNDARY_SLOW,0x96,large_room|slow_turn|portal_view|stress,2237,2237,68.267822265625,14.648189539561914,6,0.18310546875,2231,68.084716796875,0,0.0,1924,1315,7.515625,5.13671875,7,5,484,10.634765625,0,0,99,80,19,2,2,1,0x00,0,0,0,0,0,0,1,1,0,1,0,0,1,,,,,,,,,,,,,,,
863,28.8,1866316,56955.4443359375,56.9554443359375,17,BOUNDARY_SLOW,0x96,large_room|slow_turn|portal_view|stress,2240,2240,68.359375,14.628571428571428,6,0.18310546875,2234,68.17626953125,0,0.0,1924,1315,7.515625,5.13671875,7,5,586,12.8759765625,0,1,99,80,19,2,2,1,0x04,0,0,0,1,0,0,1,1,0,1,0,0,1,,,,,,,,,,,,,,,
864,28.833333333333332,1868557,57023.834228515625,57.023834228515625,17,BOUNDARY_SLOW,0x96,large_room|slow_turn|portal_view|stress,2241,2241,68.389892578125,14.622043730477465,6,0.18310546875,2234,68.17626953125,1,0.030517578125,1924,1315,7.515625,5.13671875,7,5,586,12.8759765625,0,0,99,80,19,2,2,1,0x00,0,0,0,0,0,0,1,1,0,1,0,0,1,,,,,,,,,,,,,,,
865,28.866666666666667,1870788,57091.9189453125,57.0919189453125,17,BOUNDARY_SLOW,0x96,large_room|slow_turn|portal_view|stress,2231,2231,68.084716796875,14.687584043030032,5,0.152587890625,2225,67.901611328125,1,0.030517578125,1924,1315,7.515625,5.13671875,7,5,688,15.1171875,0,1,98,80,18,2,2,1,0x04,0,0,0,1,0,0,1,1,0,1,0,0,1,,,,,,,,,,,,,,,
866,28.9,1873018,57159.97314453125,57.15997314453125,17,BOUNDARY_SLOW,0x96,large_room|slow_turn|portal_view|stress,2230,2230,68.05419921875,14.694170403587444,5,0.152587890625,2225,67.901611328125,0,0.0,1924,1315,7.515625,5.13671875,7,5,688,15.1171875,0,0,98,80,18,2,2,1,0x00,0,0,0,0,0,0,1,1,0,1,0,0,1,,,,,,,,,,,,,,,
867,28.933333333333334,1875257,57228.302001953125,57.228302001953125,17,BOUNDARY_SLOW,0x96,large_room|slow_turn|portal_view|stress,2239,2239,68.328857421875,14.635104957570343,5,0.152587890625,2233,68.145751953125,1,0.030517578125,1924,1315,7.515625,5.13671875,7,5,790,17.3583984375,0,1,99,80,19,2,2,1,0x04,0,0,0,1,0,0,1,1,0,1,0,0,1,,,,,,,,,,,,,,,
868,28.966666666666665,1877496,57296.630859375,57.296630859375,17,BOUNDARY_SLOW,0x96,large_room|slow_turn|portal_view|stress,2239,2239,68.328857421875,14.635104957570343,6,0.18310546875,2233,68.145751953125,0,0.0,1924,1315,7.515625,5.13671875,7,5,790,17.3583984375,0,0,99,80,19,2,2,1,0x00,0,0,0,0,0,0,1,1,0,1,0,0,1,,,,,,,,,,,,,,,
869,29.0,1879735,57364.959716796875,57.364959716796875,17,BOUNDARY_SLOW,0x96,large_room|slow_turn|portal_view|stress,2239,2239,68.328857421875,14.635104957570343,5,0.152587890625,2234,68.17626953125,0,0.0,1924,1315,7.515625,5.13671875,7,5,892,19.599609375,0,1,99,80,19,2,2,1,0x04,0,0,0,1,0,0,1,1,0,1,0,0,1,,,,,,,,,,,,,,,
870,29.033333333333335,1881974,57433.28857421875,57.43328857421875,17,BOUNDARY_SLOW,0x96,large_room|slow_turn|portal_view|stress,2239,2239,68.328857421875,14.635104957570343,6,0.18310546875,2233,68.145751953125,0,0.0,1924,1315,7.515625,5.13671875,7,5,892,19.599609375,0,0,99,80,19,2,2,1,0x00,0,0,0,0,0,0,1,1,0,1,0,0,1,,,,,,,,,,,,,,,
871,29.066666666666666,1884214,57501.64794921875,57.50164794921875,17,BOUNDARY_SLOW,0x96,large_room|slow_turn|portal_view|stress,2240,2240,68.359375,14.628571428571428,6,0.18310546875,2234,68.17626953125,0,0.0,1924,1315,7.515625,5.13671875,7,5,994,21.8408203125,0,1,99,80,19,2,2,1,0x04,0,0,0,1,0,0,1,1,0,1,0,0,1,,,,,,,,,,,,,,,
872,29.1,1886454,57570.00732421875,57.57000732421875,17,BOUNDARY_SLOW,0x96,large_room|slow_turn|portal_view|stress,2240,2240,68.359375,14.628571428571428,6,0.18310546875,2234,68.17626953125,0,0.0,1924,1315,7.515625,5.13671875,7,5,994,21.8408203125,0,0,99,80,19,2,2,1,0x00,0,0,0,0,0,0,1,1,0,1,0,0,1,,,,,,,,,,,,,,,
873,29.133333333333333,1888702,57638.61083984375,57.63861083984375,17,BOUNDARY_SLOW,0x96,large_room|slow_turn|portal_view|stress,2248,2248,68.603515625,14.576512455516013,6,0.18310546875,2242,68.42041015625,0,0.0,1924,1315,7.515625,5.13671875,7,5,1096,24.08203125,0,1,100,80,20,2,2,1,0x04,0,0,0,1,0,0,1,1,0,1,0,0,1,,,,,,,,,,,,,,,
874,29.166666666666668,1890951,57707.244873046875,57.707244873046875,17,BOUNDARY_SLOW,0x96,large_room|slow_turn|portal_view|stress,2249,2249,68.634033203125,14.57003112494442,6,0.18310546875,2242,68.42041015625,1,0.030517578125,1924,1315,7.515625,5.13671875,7,5,1096,24.08203125,0,0,100,80,20,2,2,1,0x00,0,0,0,0,0,0,1,1,0,1,0,0,1,,,,,,,,,,,,,,,
875,29.2,1893210,57776.18408203125,57.77618408203125,17,BOUNDARY_SLOW,0x96,large_room|slow_turn|portal_view|stress,2259,2259,68.939208984375,14.505533421868083,6,0.18310546875,2253,68.756103515625,0,0.0,1924,1315,7.515625,5.13671875,7,5,1198,26.3232421875,0,1,101,80,21,2,2,1,0x06,1,0,0,1,0,0,1,1,0,1,0,0,1,69.03076171875,18.37158203125,0.0,30.029296875,9.82666015625,4.638671875,3.72314453125,2.44140625,21,76,25,25,25,640,1042
876,29.233333333333334,1895470,57845.15380859375,57.84515380859375,17,BOUNDARY_SLOW,0x96,large_room|slow_turn|portal_view|stress,2260,2260,68.9697265625,14.499115044247787,6,0.18310546875,2253,68.756103515625,1,0.030517578125,1924,1315,7.515625,5.13671875,7,5,1198,26.3232421875,0,0,101,80,21,2,2,1,0x00,0,0,0,0,0,0,1,1,0,1,0,0,1,,,,,,,,,,,,,,,
877,29.266666666666666,1897700,57913.2080078125,57.9132080078125,17,BOUNDARY_SLOW,0x96,large_room|slow_turn|portal_view|stress,2230,2230,68.05419921875,14.694170403587444,5,0.152587890625,2225,67.901611328125,0,0.0,1924,1315,7.515625,5.13671875,7,5,1300,28.564453125,0,1,102,80,22,2,2,1,0x04,0,0,0,1,0,0,1,1,0,1,0,0,1,,,,,,,,,,,,,,,
878,29.3,1899931,57981.292724609375,57.981292724609375,17,BOUNDARY_SLOW,0x96,large_room|slow_turn|portal_view|stress,2231,2231,68.084716796875,14.687584043030032,6,0.18310546875,2225,67.901611328125,0,0.0,1924,1315,7.515625,5.13671875,7,5,1300,28.564453125,0,0,102,80,22,2,2,1,0x00,0,0,0,0,0,0,1,1,0,1,0,0,1,,,,,,,,,,,,,,,
879,29.333333333333332,1902130,58048.40087890625,58.04840087890625,17,BOUNDARY_SLOW,0x96,large_room|slow_turn|portal_view|stress,2199,2199,67.108154296875,14.90131878126421,5,0.152587890625,2194,66.95556640625,0,0.0,1924,1315,7.515625,5.13671875,7,5,1402,30.8056640625,0,1,102,80,22,2,2,1,0x04,0,0,0,1,0,0,1,1,0,1,0,0,1,,,,,,,,,,,,,,,
880,29.366666666666667,1904329,58115.509033203125,58.115509033203125,17,BOUNDARY_SLOW,0x96,large_room|slow_turn|portal_view|stress,2199,2199,67.108154296875,14.90131878126421,6,0.18310546875,2193,66.925048828125,0,0.0,1924,1315,7.515625,5.13671875,7,5,1402,30.8056640625,0,0,102,80,22,2,2,1,0x00,0,0,0,0,0,0,1,1,0,1,0,0,1,,,,,,,,,,,,,,,
881,29.4,1906488,58181.396484375,58.181396484375,17,BOUNDARY_SLOW,0x96,large_room|slow_turn|portal_view|stress,2159,2159,65.887451171875,15.17739694302918,6,0.18310546875,2153,65.704345703125,0,0.0,1924,1315,7.515625,5.13671875,7,5,1504,33.046875,0,1,102,80,22,2,2,1,0x04,0,0,0,1,0,0,1,1,0,1,0,0,1,,,,,,,,,,,,,,,
882,29.433333333333334,1908648,58247.314453125,58.247314453125,17,BOUNDARY_SLOW,0x96,large_room|slow_turn|portal_view|stress,2160,2160,65.91796875,15.170370370370371,6,0.18310546875,2153,65.704345703125,1,0.030517578125,1924,1315,7.515625,5.13671875,7,5,1504,33.046875,0,0,102,80,22,2,2,1,0x00,0,0,0,0,0,0,1,1,0,1,0,0,1,,,,,,,,,,,,,,,
883,29.466666666666665,1910779,58312.347412109375,58.312347412109375,17,BOUNDARY_SLOW,0x96,large_room|slow_turn|portal_view|stress,2131,2131,65.032958984375,15.376818395119662,6,0.18310546875,2124,64.8193359375,1,0.030517578125,1924,1315,7.515625,5.13671875,7,5,1606,35.2880859375,0,1,99,80,19,2,2,1,0x04,0,0,0,1,0,0,1,1,0,1,0,0,1,,,,,,,,,,,,,,,
884,29.5,1912911,58377.410888671875,58.377410888671875,17,BOUNDARY_SLOW,0x96,large_room|slow_turn|portal_view|stress,2132,2132,65.0634765625,15.369606003752345,6,0.18310546875,2125,64.849853515625,1,0.030517578125,1924,1315,7.515625,5.13671875,7,5,1606,35.2880859375,0,0,99,80,19,2,2,1,0x00,0,0,0,0,0,0,1,1,0,1,0,0,1,,,,,,,,,,,,,,,
885,29.533333333333335,1915024,58441.89453125,58.44189453125,17,BOUNDARY_SLOW,0x96,large_room|slow_turn|portal_view|stress,2113,2113,64.483642578125,15.50780880265026,5,0.152587890625,2107,64.300537109375,1,0.030517578125,1924,1315,7.515625,5.13671875,7,5,1708,37.529296875,0,1,96,80,16,2,2,1,0x04,0,0,0,1,0,0,1,1,0,1,0,0,1,,,,,,,,,,,,,,,
886,29.566666666666666,1917138,58506.40869140625,58.50640869140625,17,BOUNDARY_SLOW,0x96,large_room|slow_turn|portal_view|stress,2114,2114,64.51416015625,15.500473036896878,6,0.18310546875,2107,64.300537109375,1,0.030517578125,1924,1315,7.515625,5.13671875,7,5,1708,37.529296875,0,0,96,80,16,2,2,1,0x00,0,0,0,0,0,0,1,1,0,1,0,0,1,,,,,,,,,,,,,,,
887,29.6,1919188,58568.9697265625,58.5689697265625,17,BOUNDARY_SLOW,0x96,large_room|slow_turn|portal_view|stress,2050,2050,62.56103515625,15.984390243902439,6,0.18310546875,2044,62.3779296875,0,0.0,1924,1315,7.515625,5.13671875,7,5,1810,39.7705078125,0,1,94,80,14,2,2,1,0x04,0,0,0,1,0,0,1,1,0,1,0,0,1,,,,,,,,,,,,,,,
888,29.633333333333333,1921238,58631.53076171875,58.63153076171875,17,BOUNDARY_SLOW,0x96,large_room|slow_turn|portal_view|stress,2050,2050,62.56103515625,15.984390243902439,6,0.18310546875,2044,62.3779296875,0,0.0,1924,1315,7.515625,5.13671875,7,5,1810,39.7705078125,0,0,94,80,14,2,2,1,0x00,0,0,0,0,0,0,1,1,0,1,0,0,1,,,,,,,,,,,,,,,
889,29.666666666666668,1923218,58691.95556640625,58.69195556640625,17,BOUNDARY_SLOW,0x96,large_room|slow_turn|portal_view|stress,1980,1980,60.4248046875,16.54949494949495,6,0.18310546875,1974,60.24169921875,0,0.0,1924,1315,7.515625,5.13671875,7,5,1912,42.01171875,0,1,91,80,11,2,2,1,0x04,0,0,0,1,0,0,1,1,0,1,0,0,1,,,,,,,,,,,,,,,
890,29.7,1925199,58752.410888671875,58.752410888671875,17,BOUNDARY_SLOW,0x96,large_room|slow_turn|portal_view|stress,1981,1981,60.455322265625,16.541140837960626,6,0.18310546875,1974,60.24169921875,1,0.030517578125,1924,1315,7.515625,5.13671875,7,5,1912,42.01171875,0,0,91,80,11,2,2,1,0x00,0,0,0,0,0,0,1,1,0,1,0,0,1,,,,,,,,,,,,,,,
891,29.733333333333334,1927152,58812.01171875,58.81201171875,17,BOUNDARY_SLOW,0x96,large_room|slow_turn|portal_view|stress,1953,1953,59.600830078125,16.778289810547875,6,0.18310546875,1947,59.417724609375,0,0.0,1924,1315,7.515625,5.13671875,7,5,2014,44.2529296875,0,1,88,80,8,2,2,1,0x04,0,0,0,1,0,0,1,1,0,1,0,0,1,,,,,,,,,,,,,,,
892,29.766666666666666,1929105,58871.612548828125,58.871612548828125,17,BOUNDARY_SLOW,0x96,large_room|slow_turn|portal_view|stress,1953,1953,59.600830078125,16.778289810547875,6,0.18310546875,1946,59.38720703125,1,0.030517578125,1924,1315,7.515625,5.13671875,7,5,2014,44.2529296875,0,0,88,80,8,2,2,1,0x00,0,0,0,0,0,0,1,1,0,1,0,0,1,,,,,,,,,,,,,,,
893,29.8,1931027,58930.267333984375,58.930267333984375,17,BOUNDARY_SLOW,0x96,large_room|slow_turn|portal_view|stress,1922,1922,58.65478515625,17.04890738813736,5,0.152587890625,1916,58.4716796875,1,0.030517578125,1924,1315,7.515625,5.13671875,7,5,2116,46.494140625,0,1,84,80,4,2,2,1,0x04,0,0,0,1,0,0,1,1,0,1,0,0,1,,,,,,,,,,,,,,,
894,29.833333333333332,1932951,58988.983154296875,58.988983154296875,17,BOUNDARY_SLOW,0x96,large_room|slow_turn|portal_view|stress,1924,1924,58.7158203125,17.031185031185032,6,0.18310546875,1917,58.502197265625,1,0.030517578125,1924,1315,7.515625,5.13671875,7,5,2116,46.494140625,0,0,84,80,4,2,2,1,0x00,0,0,0,0,0,0,1,1,0,1,0,0,1,,,,,,,,,,,,,,,
895,29.866666666666667,1934845,59046.783447265625,59.046783447265625,17,BOUNDARY_SLOW,0x96,large_room|slow_turn|portal_view|stress,1894,1894,57.80029296875,17.300950369588172,5,0.152587890625,1888,57.6171875,1,0.030517578125,1924,1315,7.515625,5.13671875,7,5,2218,48.7353515625,0,1,81,80,1,2,2,1,0x04,0,0,0,1,0,0,1,1,0,1,0,0,1,,,,,,,,,,,,,,,
896,29.9,1936740,59104.6142578125,59.1046142578125,17,BOUNDARY_SLOW,0x96,large_room|slow_turn|portal_view|stress,1895,1895,57.830810546875,17.291820580474933,6,0.18310546875,1888,57.6171875,1,0.030517578125,1924,1315,7.515625,5.13671875,7,5,2218,48.7353515625,0,0,81,80,1,2,2,1,0x00,0,0,0,0,0,0,1,1,0,1,0,0,1,,,,,,,,,,,,,,,
897,29.933333333333334,1938625,59162.139892578125,59.162139892578125,17,BOUNDARY_SLOW,0x96,large_room|slow_turn|portal_view|stress,1885,1885,57.525634765625,17.383554376657823,6,0.18310546875,1878,57.31201171875,1,0.030517578125,1924,1315,7.515625,5.13671875,7,5,2320,50.9765625,0,1,80,80,0,1,1,0,0x04,0,0,0,1,0,0,1,1,0,1,0,0,1,,,,,,,,,,,,,,,
898,29.966666666666665,1940510,59219.66552734375,59.21966552734375,17,BOUNDARY_SLOW,0x96,large_room|slow_turn|portal_view|stress,1885,1885,57.525634765625,17.383554376657823,6,0.18310546875,1878,57.31201171875,1,0.030517578125,1924,1315,7.515625,5.13671875,7,5,2320,50.9765625,0,0,80,80,0,1,1,0,0x00,0,0,0,0,0,0,1,1,0,1,0,0,1,,,,,,,,,,,,,,,
899,30.0,1942432,59278.3203125,59.2783203125,17,BOUNDARY_SLOW,0x96,large_room|slow_turn|portal_view|stress,1922,1922,58.65478515625,17.04890738813736,6,0.18310546875,1915,58.441162109375,1,0.030517578125,1924,1315,7.515625,5.13671875,7,5,2422,53.2177734375,0,1,80,80,0,1,1,0,0x04,0,0,0,1,0,0,1,1,0,1,0,0,1,,,,,,,,,,,,,,,
900,30.033333333333335,1944355,59337.005615234375,59.337005615234375,17,BOUNDARY_SLOW,0x96,large_room|slow_turn|portal_view|stress,1923,1923,58.685302734375,17.04004160166407,6,0.18310546875,1916,58.4716796875,1,0.030517578125,1924,1315,7.515625,5.13671875,7,5,2422,53.2177734375,0,0,80,80,0,1,1,0,0x00,0,0,0,0,0,0,1,1,0,1,0,0,1,,,,,,,,,,,,,,,
901,30.066666666666666,1946309,59396.636962890625,59.396636962890625,17,BOUNDARY_SLOW,0x96,large_room|slow_turn|portal_view|stress,1954,1954,59.63134765625,16.769703172978506,5,0.152587890625,1949,59.478759765625,0,0.0,1924,1315,7.515625,5.13671875,7,5,2524,55.458984375,0,1,80,80,0,1,1,0,0x04,0,0,0,1,0,0,1,1,0,1,0,0,1,,,,,,,,,,,,,,,
902,30.1,1948264,59456.298828125,59.456298828125,17,BOUNDARY_SLOW,0x96,large_room|slow_turn|portal_view|stress,1955,1955,59.661865234375,16.761125319693093,6,0.18310546875,1948,59.4482421875,1,0.030517578125,1924,1315,7.515625,5.13671875,7,5,2524,55.458984375,0,0,80,80,0,1,1,0,0x00,0,0,0,0,0,0,1,1,0,1,0,0,1,,,,,,,,,,,,,,,
903,30.133333333333333,1950258,59517.15087890625,59.51715087890625,17,BOUNDARY_SLOW,0x96,large_room|slow_turn|portal_view|stress,1994,1994,60.85205078125,16.433299899699097,6,0.18310546875,1987,60.638427734375,1,0.030517578125,1924,1315,7.515625,5.13671875,7,5,2626,57.7001953125,0,1,80,80,0,1,1,0,0x04,0,0,0,1,0,0,1,1,0,1,0,0,1,,,,,,,,,,,,,,,
904,30.166666666666668,1952251,59577.972412109375,59.577972412109375,17,BOUNDARY_SLOW,0x96,large_room|slow_turn|portal_view|stress,1993,1993,60.821533203125,16.44154540893126,6,0.18310546875,1987,60.638427734375,0,0.0,1924,1315,7.515625,5.13671875,7,5,2626,57.7001953125,0,0,80,80,0,1,1,0,0x00,0,0,0,0,0,0,1,1,0,1,0,0,1,,,,,,,,,,,,,,,
905,30.2,1954242,59638.73291015625,59.63873291015625,17,BOUNDARY_SLOW,0x96,large_room|slow_turn|portal_view|stress,1991,1991,60.760498046875,16.458061275740835,6,0.18310546875,1985,60.577392578125,0,0.0,1924,1315,7.515625,5.13671875,7,5,2728,59.94140625,0,1,80,80,0,1,1,0,0x04,0,0,0,1,0,0,1,1,0,1,0,0,1,,,,,,,,,,,,,,,
906,30.233333333333334,1956233,59699.493408203125,59.699493408203125,17,BOUNDARY_SLOW,0x96,large_room|slow_turn|portal_view|stress,1991,1991,60.760498046875,16.458061275740835,6,0.18310546875,1985,60.577392578125,0,0.0,1924,1315,7.515625,5.13671875,7,5,2728,59.94140625,0,0,80,80,0,1,1,0,0x00,0,0,0,0,0,0,1,1,0,1,0,0,1,,,,,,,,,,,,,,,
907,30.266666666666666,1958260,59761.3525390625,59.7613525390625,17,BOUNDARY_SLOW,0x96,large_room|slow_turn|portal_view|stress,2027,2027,61.859130859375,16.165762210162804,6,0.18310546875,2021,61.676025390625,0,0.0,1924,1315,7.515625,5.13671875,7,5,2830,62.1826171875,0,1,80,80,0,1,1,0,0x04,0,0,0,1,0,0,1,1,0,1,0,0,1,,,,,,,,,,,,,,,
908,30.3,1960288,59823.2421875,59.8232421875,17,BOUNDARY_SLOW,0x96,large_room|slow_turn|portal_view|stress,2028,2028,61.8896484375,16.157790927021697,6,0.18310546875,2021,61.676025390625,1,0.030517578125,1924,1315,7.515625,5.13671875,7,5,2830,62.1826171875,0,0,80,80,0,1,1,0,0x00,0,0,0,0,0,0,1,1,0,1,0,0,1,,,,,,,,,,,,,,,
909,30.333333333333332,1962351,59886.199951171875,59.886199951171875,17,BOUNDARY_SLOW,0x96,large_room|slow_turn|portal_view|stress,2063,2063,62.957763671875,15.883664566165779,6,0.18310546875,2057,62.774658203125,0,0.0,1924,1315,7.515625,5.13671875,7,5,2932,64.423828125,0,1,80,80,0,1,1,0,0x04,0,0,0,1,0,0,1,1,0,1,0,0,1,,,,,,,,,,,,,,,
910,30.366666666666667,1964414,59949.15771484375,59.94915771484375,17,BOUNDARY_SLOW,0x96,large_room|slow_turn|portal_view|stress,2063,2063,62.957763671875,15.883664566165779,6,0.18310546875,2057,62.774658203125,0,0.0,1924,1315,7.515625,5.13671875,7,5,2932,64.423828125,0,0,80,80,0,1,1,0,0x00,0,0,0,0,0,0,1,1,0,1,0,0,1,,,,,,,,,,,,,,,
911,30.4,1966513,60013.214111328125,60.013214111328125,17,BOUNDARY_SLOW,0x96,large_room|slow_turn|portal_view|stress,2099,2099,64.056396484375,15.611243449261552,6,0.18310546875,2092,63.8427734375,1,0.030517578125,1924,1315,7.515625,5.13671875,7,5,3034,66.6650390625,0,1,80,80,0,1,1,0,0x04,0,0,0,1,0,0,1,1,0,1,0,0,1,,,,,,,,,,,,,,,
912,30.433333333333334,1968612,60077.2705078125,60.0772705078125,17,BOUNDARY_SLOW,0x96,large_room|slow_turn|portal_view|stress,2099,2099,64.056396484375,15.611243449261552,6,0.18310546875,2092,63.8427734375,1,0.030517578125,1924,1315,7.515625,5.13671875,7,5,3034,66.6650390625,0,0,80,80,0,1,1,0,0x00,0,0,0,0,0,0,1,1,0,1,0,0,1,,,,,,,,,,,,,,,
913,30.466666666666665,1970744,60142.333984375,60.142333984375,17,BOUNDARY_SLOW,0x96,large_room|slow_turn|portal_view|stress,2132,2132,65.0634765625,15.369606003752345,6,0.18310546875,2126,64.88037109375,0,0.0,1924,1315,7.515625,5.13671875,7,5,3136,68.90625,0,1,80,80,0,1,1,0,0x04,0,0,0,1,0,0,1,1,0,1,0,0,1,,,,,,,,,,,,,,,
914,30.5,1972876,60207.3974609375,60.2073974609375,17,BOUNDARY_SLOW,0x96,large_room|slow_turn|portal_view|stress,2132,2132,65.0634765625,15.369606003752345,6,0.18310546875,2125,64.849853515625,1,0.030517578125,1924,1315,7.515625,5.13671875,7,5,3136,68.90625,0,0,80,80,0,1,1,0,0x00,0,0,0,0,0,0,1,1,0,1,0,0,1,,,,,,,,,,,,,,,
915,30.533333333333335,1975009,60272.491455078125,60.272491455078125,17,BOUNDARY_SLOW,0x96,large_room|slow_turn|portal_view|stress,2133,2133,65.093994140625,15.362400375058604,6,0.18310546875,2126,64.88037109375,1,0.030517578125,1924,1315,7.515625,5.13671875,7,5,3238,71.1474609375,0,1,80,80,0,1,1,0,0x04,0,0,0,1,0,0,1,1,0,1,0,0,1,,,,,,,,,,,,,,,
916,30.566666666666666,1977142,60337.58544921875,60.33758544921875,17,BOUNDARY_SLOW,0x96,large_room|slow_turn|portal_view|stress,2133,2133,65.093994140625,15.362400375058604,6,0.18310546875,2127,64.910888671875,0,0.0,1924,1315,7.515625,5.13671875,7,5,3238,71.1474609375,0,0,80,80,0,1,1,0,0x00,0,0,0,0,0,0,1,1,0,1,0,0,1,,,,,,,,,,,,,,,
917,30.6,1979311,60403.778076171875,60.403778076171875,17,BOUNDARY_SLOW,0x96,large_room|slow_turn|portal_view|stress,2169,2169,66.192626953125,15.107422775472568,5,0.152587890625,2163,66.009521484375,1,0.030517578125,1924,1315,7.515625,5.13671875,7,5,3340,73.388671875,0,1,80,80,0,1,1,0,0x04,0,0,0,1,0,0,1,1,0,1,0,0,1,,,,,,,,,,,,,,,
918,30.633333333333333,1981480,60469.970703125,60.469970703125,17,BOUNDARY_SLOW,0x96,large_room|slow_turn|portal_view|stress,2169,2169,66.192626953125,15.107422775472568,6,0.18310546875,2163,66.009521484375,0,0.0,1924,1315,7.515625,5.13671875,7,5,3340,73.388671875,0,0,80,80,0,1,1,0,0x00,0,0,0,0,0,0,1,1,0,1,0,0,1,,,,,,,,,,,,,,,
919,30.666666666666668,1983649,60536.163330078125,60.536163330078125,17,BOUNDARY_SLOW,0x96,large_room|slow_turn|portal_view|stress,2169,2169,66.192626953125,15.107422775472568,6,0.18310546875,2162,65.97900390625,1,0.030517578125,1924,1315,7.515625,5.13671875,7,5,3442,75.6298828125,0,1,80,80,0,1,1,0,0x04,0,0,0,1,0,0,1,1,0,1,0,0,1,,,,,,,,,,,,,,,
920,30.7,1985818,60602.35595703125,60.60235595703125,17,BOUNDARY_SLOW,0x96,large_room|slow_turn|portal_view|stress,2169,2169,66.192626953125,15.107422775472568,5,0.152587890625,2163,66.009521484375,1,0.030517578125,1924,1315,7.515625,5.13671875,7,5,3442,75.6298828125,0,0,80,80,0,1,1,0,0x00,0,0,0,0,0,0,1,1,0,1,0,0,1,,,,,,,,,,,,,,,
921,30.733333333333334,1987987,60668.548583984375,60.668548583984375,17,BOUNDARY_SLOW,0x96,large_room|slow_turn|portal_view|stress,2169,2169,66.192626953125,15.107422775472568,6,0.18310546875,2162,65.97900390625,1,0.030517578125,1924,1315,7.515625,5.13671875,7,5,3544,77.87109375,0,1,80,80,0,1,1,0,0x04,0,0,0,1,0,0,1,1,0,1,0,0,1,,,,,,,,,,,,,,,
922,30.766666666666666,1990156,60734.7412109375,60.7347412109375,17,BOUNDARY_SLOW,0x96,large_room|slow_turn|portal_view|stress,2169,2169,66.192626953125,15.107422775472568,6,0.18310546875,2162,65.97900390625,1,0.030517578125,1924,1315,7.515625,5.13671875,7,5,3544,77.87109375,0,0,80,80,0,1,1,0,0x00,0,0,0,0,0,0,1,1,0,1,0,0,1,,,,,,,,,,,,,,,
923,30.8,1992289,60799.835205078125,60.799835205078125,17,BOUNDARY_SLOW,0x96,large_room|slow_turn|portal_view|stress,2133,2133,65.093994140625,15.362400375058604,5,0.152587890625,2128,64.94140625,0,0.0,1924,1315,7.515625,5.13671875,7,5,3646,80.1123046875,0,1,80,80,0,1,1,0,0x04,0,0,0,1,0,0,1,1,0,1,0,0,1,,,,,,,,,,,,,,,
924,30.833333333333332,1994423,60864.959716796875,60.864959716796875,17,BOUNDARY_SLOW,0x96,large_room|slow_turn|portal_view|stress,2134,2134,65.12451171875,15.355201499531397,6,0.18310546875,2127,64.910888671875,1,0.030517578125,1924,1315,7.515625,5.13671875,7,5,3646,80.1123046875,0,0,80,80,0,1,1,0,0x00,0,0,0,0,0,0,1,1,0,1,0,0,1,,,,,,,,,,,,,,,
925,30.866666666666667,1996555,60930.023193359375,60.930023193359375,17,BOUNDARY_SLOW,0x96,large_room|slow_turn|portal_view|stress,2132,2132,65.0634765625,15.369606003752345,6,0.18310546875,2125,64.849853515625,1,0.030517578125,1924,1315,7.515625,5.13671875,7,5,3748,82.353515625,0,1,80,80,0,1,1,0,0x04,0,0,0,1,0,0,1,1,0,1,0,0,1,,,,,,,,,,,,,,,
926,30.9,1998687,60995.086669921875,60.995086669921875,17,BOUNDARY_SLOW,0x96,large_room|slow_turn|portal_view|stress,2132,2132,65.0634765625,15.369606003752345,6,0.18310546875,2125,64.849853515625,1,0.030517578125,1924,1315,7.515625,5.13671875,7,5,3748,82.353515625,0,0,80,80,0,1,1,0,0x00,0,0,0,0,0,0,1,1,0,1,0,0,1,,,,,,,,,,,,,,,
927,30.933333333333334,2000813,61059.967041015625,61.059967041015625,17,BOUNDARY_SLOW,0x96,large_room|slow_turn|portal_view|stress,2126,2126,64.88037109375,15.412982126058326,5,0.152587890625,2121,64.727783203125,0,0.0,1924,1315,7.515625,5.13671875,7,5,3850,84.5947265625,0,1,80,80,0,1,1,0,0x04,0,0,0,1,0,0,1,1,0,1,0,0,1,,,,,,,,,,,,,,,
928,30.966666666666665,2002940,61124.8779296875,61.1248779296875,17,BOUNDARY_SLOW,0x96,large_room|slow_turn|portal_view|stress,2127,2127,64.910888671875,15.405735778091207,6,0.18310546875,2121,64.727783203125,0,0.0,1924,1315,7.515625,5.13671875,7,5,3850,84.5947265625,0,0,80,80,0,1,1,0,0x00,0,0,0,0,0,0,1,1,0,1,0,0,1,,,,,,,,,,,,,,,
929,31.0,2005063,61189.666748046875,61.189666748046875,17,BOUNDARY_SLOW,0x96,large_room|slow_turn|portal_view|stress,2123,2123,64.788818359375,15.434762129062648,5,0.152587890625,2117,64.605712890625,1,0.030517578125,1924,1315,7.515625,5.13671875,7,5,3952,86.8359375,0,1,80,80,0,1,1,0,0x04,0,0,0,1,0,0,1,1,0,1,0,0,1,,,,,,,,,,,,,,,
930,31.033333333333335,2007187,61254.486083984375,61.254486083984375,17,BOUNDARY_SLOW,0x96,large_room|slow_turn|portal_view|stress,2124,2124,64.8193359375,15.427495291902071,6,0.18310546875,2117,64.605712890625,1,0.030517578125,1924,1315,7.515625,5.13671875,7,5,3952,86.8359375,0,0,80,80,0,1,1,0,0x08,0,0,0,0,1,0,1,1,0,1,0,0,1,,,,,,,,,,,,,,,
931,31.066666666666666,2009325,61319.732666015625,61.319732666015625,18,OPEN_EXIT,0x02,large_room,2138,2138,65.24658203125,15.326473339569691,20,0.6103515625,2117,64.605712890625,1,0.030517578125,1925,1334,7.51953125,5.2109375,7,5,3952,86.8359375,1,0,80,80,0,1,1,0,0x04,0,0,0,1,0,0,1,0,0,0,0,0,0,,,,,,,,,,,,,,,
932,31.1,2011465,61385.040283203125,61.385040283203125,18,OPEN_EXIT,0x02,large_room,2140,2140,65.3076171875,15.312149532710281,19,0.579833984375,2120,64.697265625,1,0.030517578125,1926,1353,7.5234375,5.28515625,7,5,3952,86.8359375,1,0,80,80,0,1,1,0,0x04,0,0,0,1,0,0,1,0,0,0,0,0,0,,,,,,,,,,,,,,,
933,31.133333333333333,2013600,61450.1953125,61.4501953125,18,OPEN_EXIT,0x02,large_room,2135,2135,65.155029296875,15.348009367681499,19,0.579833984375,2116,64.5751953125,0,0.0,1927,1372,7.52734375,5.359375,7,5,3952,86.8359375,1,0,80,80,0,1,1,0,0x04,0,0,0,1,0,0,1,0,0,0,0,0,0,,,,,,,,,,,,,,,
934,31.166666666666668,2015737,61515.411376953125,61.515411376953125,18,OPEN_EXIT,0x02,large_room,2137,2137,65.216064453125,15.333645297145532,20,0.6103515625,2117,64.605712890625,0,0.0,1928,1391,7.53125,5.43359375,7,5,3952,86.8359375,1,0,80,80,0,1,1,0,0x04,0,0,0,1,0,0,1,0,0,0,0,0,0,,,,,,,,,,,,,,,
935,31.2,2017877,61580.718994140625,61.580718994140625,18,OPEN_EXIT,0x02,large_room,2140,2140,65.3076171875,15.312149532710281,20,0.6103515625,2119,64.666748046875,1,0.030517578125,1929,1410,7.53515625,5.5078125,7,5,3952,86.8359375,1,0,80,80,0,1,1,0,0x04,0,0,0,1,0,0,1,0,0,0,0,0,0,,,,,,,,,,,,,,,
936,31.233333333333334,2020017,61646.026611328125,61.646026611328125,18,OPEN_EXIT,0x02,large_room,2140,2140,65.3076171875,15.312149532710281,20,0.6103515625,2120,64.697265625,0,0.0,1930,1429,7.5390625,5.58203125,7,5,3952,86.8359375,1,0,80,80,0,1,1,0,0x04,0,0,0,1,0,0,1,0,0,0,0,0,0,,,,,,,,,,,,,,,
937,31.266666666666666,2022159,61711.395263671875,61.711395263671875,18,OPEN_EXIT,0x02,large_room,2142,2142,65.36865234375,15.297852474323063,20,0.6103515625,2121,64.727783203125,1,0.030517578125,1931,1448,7.54296875,5.65625,7,5,3952,86.8359375,1,0,80,80,0,1,1,0,0x04,0,0,0,1,0,0,1,0,0,0,0,0,0,,,,,,,,,,,,,,,
938,31.3,2024298,61776.67236328125,61.77667236328125,18,OPEN_EXIT,0x02,large_room,2139,2139,65.277099609375,15.319308087891539,20,0.6103515625,2119,64.666748046875,0,0.0,1932,1467,7.546875,5.73046875,7,5,3952,86.8359375,1,0,80,80,0,1,1,0,0x04,0,0,0,1,0,0,1,0,0,0,0,0,0,,,,,,,,,,,,,,,
939,31.333333333333332,2026439,61842.010498046875,61.842010498046875,18,OPEN_EXIT,0x02,large_room,2141,2141,65.338134765625,15.30499766464269,20,0.6103515625,2120,64.697265625,1,0.030517578125,1933,1486,7.55078125,5.8046875,7,5,3952,86.8359375,1,0,80,80,0,1,1,0,0x04,0,0,0,1,0,0,1,0,0,0,0,0,0,,,,,,,,,,,,,,,
940,31.366666666666667,2028583,61907.440185546875,61.907440185546875,18,OPEN_EXIT,0x02,large_room,2144,2144,65.4296875,15.283582089552239,21,0.640869140625,2122,64.75830078125,1,0.030517578125,1934,1505,7.5546875,5.87890625,7,5,3952,86.8359375,1,0,80,80,0,1,1,0,0x06,1,0,0,1,0,0,1,0,0,0,0,0,0,64.63623046875,17.578125,0.0,31.92138671875,8.392333984375,2.44140625,4.302978515625,0.0,0,80,0,10,0,757,806
941,31.4,2030727,61972.869873046875,61.972869873046875,18,OPEN_EXIT,0x02,large_room,2144,2144,65.4296875,15.283582089552239,21,0.640869140625,2122,64.75830078125,1,0.030517578125,1935,1524,7.55859375,5.953125,7,5,3952,86.8359375,1,0,80,80,0,1,1,0,0x04,0,0,0,1,0,0,1,0,0,0,0,0,0,,,,,,,,,,,,,,,
942,31.433333333333334,2032863,62038.055419921875,62.038055419921875,18,OPEN_EXIT,0x02,large_room,2136,2136,65.185546875,15.340823970037453,21,0.640869140625,2115,64.544677734375,0,0.0,1936,1543,7.5625,6.02734375,7,6,3952,86.8359375,1,0,80,80,0,1,1,0,0x04,0,0,0,1,0,0,1,0,0,0,0,0,0,,,,,,,,,,,,,,,
943,31.466666666666665,2034962,62102.11181640625,62.10211181640625,18,OPEN_EXIT,0x02,large_room,2099,2099,64.056396484375,15.611243449261552,19,0.579833984375,2080,63.4765625,0,0.0,1937,1562,7.56640625,6.1015625,7,6,3952,86.8359375,1,0,80,80,0,1,1,0,0x04,0,0,0,1,0,0,1,0,0,0,0,0,0,,,,,,,,,,,,,,,
944,31.5,2037059,62166.107177734375,62.166107177734375,18,OPEN_EXIT,0x02,large_room,2097,2097,63.995361328125,15.626132570338578,19,0.579833984375,2078,63.41552734375,0,0.0,1938,1581,7.5703125,6.17578125,7,6,3952,86.8359375,1,0,80,80,0,1,1,0,0x04,0,0,0,1,0,0,1,0,0,0,0,0,0,,,,,,,,,,,,,,,
945,31.533333333333335,2039157,62230.133056640625,62.230133056640625,18,OPEN_EXIT,0x02,large_room,2098,2098,64.02587890625,15.618684461391801,19,0.579833984375,2078,63.41552734375,1,0.030517578125,1939,1600,7.57421875,6.25,7,6,3952,86.8359375,1,0,80,80,0,1,1,0,0x04,0,0,0,1,0,0,1,0,0,0,0,0,0,,,,,,,,,,,,,,,
946,31.566666666666666,2041256,62294.189453125,62.294189453125,18,OPEN_EXIT,0x02,large_room,2099,2099,64.056396484375,15.611243449261552,20,0.6103515625,2078,63.41552734375,1,0.030517578125,1940,1619,7.578125,6.32421875,7,6,3952,86.8359375,1,0,80,80,0,1,1,0,0x04,0,0,0,1,0,0,1,0,0,0,0,0,0,,,,,,,,,,,,,,,
947,31.6,2043356,62358.2763671875,62.3582763671875,18,OPEN_EXIT,0x02,large_room,2100,2100,64.0869140625,15.603809523809524,20,0.6103515625,2079,63.446044921875,1,0.030517578125,1941,1638,7.58203125,6.3984375,7,6,3952,86.8359375,1,0,80,80,0,1,1,0,0x04,0,0,0,1,0,0,1,0,0,0,0,0,0,,,,,,,,,,,,,,,
948,31.633333333333333,2045458,62422.42431640625,62.42242431640625,18,OPEN_EXIT,0x02,large_room,2102,2102,64.14794921875,15.58896289248335,20,0.6103515625,2081,63.507080078125,1,0.030517578125,1942,1657,7.5859375,6.47265625,7,6,3952,86.8359375,1,0,80,80,0,1,1,0,0x04,0,0,0,1,0,0,1,0,0,0,0,0,0,,,,,,,,,,,,,,,
949,31.666666666666668,2047559,62486.541748046875,62.486541748046875,18,OPEN_EXIT,0x02,large_room,2101,2101,64.117431640625,15.596382674916706,20,0.6103515625,2080,63.4765625,1,0.030517578125,1943,1676,7.58984375,6.546875,7,6,3952,86.8359375,1,0,80,80,0,1,1,0,0x04,0,0,0,1,0,0,1,0,0,0,0,0,0,,,,,,,,,,,,,,,
950,31.7,2049658,62550.59814453125,62.55059814453125,18,OPEN_EXIT,0x02,large_room,2099,2099,64.056396484375,15.611243449261552,20,0.6103515625,2078,63.41552734375,1,0.030517578125,1944,1695,7.59375,6.62109375,7,6,3952,86.8359375,1,0,80,80,0,1,1,0,0x04,0,0,0,1,0,0,1,0,0,0,0,0,0,,,,,,,,,,,,,,,
951,31.733333333333334,2051759,62614.715576171875,62.614715576171875,18,OPEN_EXIT,0x02,large_room,2101,2101,64.117431640625,15.596382674916706,20,0.6103515625,2080,63.4765625,1,0.030517578125,1945,1714,7.59765625,6.6953125,7,6,3952,86.8359375,1,0,80,80,0,1,1,0,0x04,0,0,0,1,0,0,1,0,0,0,0,0,0,,,,,,,,,,,,,,,
952,31.766666666666666,2053862,62678.89404296875,62.67889404296875,18,OPEN_EXIT,0x02,large_room,2103,2103,64.178466796875,15.581550166428912,20,0.6103515625,2083,63.568115234375,0,0.0,1946,1733,7.6015625,6.76953125,7,6,3952,86.8359375,1,0,80,80,0,1,1,0,0x04,0,0,0,1,0,0,1,0,0,0,0,0,0,,,,,,,,,,,,,,,
953,31.8,2055963,62743.011474609375,62.743011474609375,18,OPEN_EXIT,0x02,large_room,2101,2101,64.117431640625,15.596382674916706,20,0.6103515625,2081,63.507080078125,0,0.0,1947,1752,7.60546875,6.84375,7,6,3952,86.8359375,1,0,80,80,0,1,1,0,0x04,0,0,0,1,0,0,1,0,0,0,0,0,0,,,,,,,,,,,,,,,
954,31.833333333333332,2058069,62807.281494140625,62.807281494140625,18,OPEN_EXIT,0x02,large_room,2106,2106,64.27001953125,15.559354226020893,20,0.6103515625,2086,63.65966796875,0,0.0,1948,1771,7.609375,6.91796875,7,6,3952,86.8359375,1,0,80,80,0,1,1,0,0x04,0,0,0,1,0,0,1,0,0,0,0,0,0,,,,,,,,,,,,,,,
955,31.866666666666667,2060173,62871.490478515625,62.871490478515625,18,OPEN_EXIT,0x02,large_room,2104,2104,64.208984375,15.574144486692015,20,0.6103515625,2084,63.5986328125,0,0.0,1949,1790,7.61328125,6.9921875,7,6,3952,86.8359375,1,0,80,80,0,1,1,0,0x04,0,0,0,1,0,0,1,0,0,0,0,0,0,,,,,,,,,,,,,,,
956,31.9,2062236,62934.4482421875,62.9344482421875,18,OPEN_EXIT,0x02,large_room,2063,2063,62.957763671875,15.883664566165779,20,0.6103515625,2042,62.31689453125,1,0.030517578125,1950,1809,7.6171875,7.06640625,7,7,3952,86.8359375,1,0,80,80,0,1,1,0,0x04,0,0,0,1,0,0,1,0,0,0,0,0,0,,,,,,,,,,,,,,,
957,31.933333333333334,2064301,62997.467041015625,62.997467041015625,18,OPEN_EXIT,0x02,large_room,2065,2065,63.018798828125,15.868280871670702,20,0.6103515625,2045,62.408447265625,0,0.0,1951,1828,7.62109375,7.140625,7,7,3952,86.8359375,1,0,80,80,0,1,1,0,0x04,0,0,0,1,0,0,1,0,0,0,0,0,0,,,,,,,,,,,,,,,
958,31.966666666666665,2066366,63060.48583984375,63.06048583984375,18,OPEN_EXIT,0x02,large_room,2065,2065,63.018798828125,15.868280871670702,19,0.579833984375,2046,62.43896484375,0,0.0,1952,1847,7.625,7.21484375,7,7,3952,86.8359375,1,0,80,80,0,1,1,0,0x04,0,0,0,1,0,0,1,0,0,0,0,0,0,,,,,,,,,,,,,,,
959,32.0,2068433,63123.565673828125,63.123565673828125,18,OPEN_EXIT,0x02,large_room,2067,2067,63.079833984375,15.85292694726657,20,0.6103515625,2047,62.469482421875,0,0.0,1953,1866,7.62890625,7.2890625,7,7,3952,86.8359375,1,0,80,80,0,1,1,0,0x04,0,0,0,1,0,0,1,0,0,0,0,0,0,,,,,,,,,,,,,,,
960,32.03333333333333,2070501,63186.676025390625,63.186676025390625,18,OPEN_EXIT,0x02,large_room,2068,2068,63.1103515625,15.845261121856867,19,0.579833984375,2049,62.530517578125,0,0.0,1954,1885,7.6328125,7.36328125,7,7,3952,86.8359375,1,0,80,80,0,1,1,0,0x04,0,0,0,1,0,0,1,0,0,0,0,0,0,,,,,,,,,,,,,,,
961,32.06666666666667,2072566,63249.69482421875,63.24969482421875,18,OPEN_EXIT,0x02,large_room,2065,2065,63.018798828125,15.868280871670702,19,0.579833984375,2045,62.408447265625,1,0.030517578125,1955,1904,7.63671875,7.4375,7,7,3952,86.8359375,1,0,80,80,0,1,1,0,0x04,0,0,0,1,0,0,1,0,0,0,0,0,0,,,,,,,,,,,,,,,
962,32.1,2074632,63312.744140625,63.312744140625,18,OPEN_EXIT,0x02,large_room,2066,2066,63.04931640625,15.860600193610843,20,0.6103515625,2046,62.43896484375,0,0.0,1956,1923,7.640625,7.51171875,7,7,3952,86.8359375,1,0,80,80,0,1,1,0,0x04,0,0,0,1,0,0,1,0,0,0,0,0,0,,,,,,,,,,,,,,,
963,32.13333333333333,2076696,63375.732421875,63.375732421875,18,OPEN_EXIT,0x02,large_room,2064,2064,62.98828125,15.875968992248062,19,0.579833984375,2044,62.3779296875,1,0.030517578125,1957,1942,7.64453125,7.5859375,7,7,3952,86.8359375,1,0,80,80,0,1,1,0,0x04,0,0,0,1,0,0,1,0,0,0,0,0,0,,,,,,,,,,,,,,,
964,32.166666666666664,2078762,63438.78173828125,63.43878173828125,18,OPEN_EXIT,0x02,large_room,2066,2066,63.04931640625,15.860600193610843,20,0.6103515625,2045,62.408447265625,1,0.030517578125,1958,1961,7.6484375,7.66015625,7,7,3952,86.8359375,1,0,80,80,0,1,1,0,0x04,0,0,0,1,0,0,1,0,0,0,0,0,0,,,,,,,,,,,,,,,
965,32.2,2080830,63501.89208984375,63.50189208984375,18,OPEN_EXIT,0x02,large_room,2068,2068,63.1103515625,15.845261121856867,20,0.6103515625,2047,62.469482421875,1,0.030517578125,1959,1980,7.65234375,7.734375,7,7,3952,86.8359375,1,0,80,80,0,1,1,0,0x04,0,0,0,1,0,0,1,0,0,0,0,0,0,,,,,,,,,,,,,,,
966,32.233333333333334,2082899,63565.032958984375,63.565032958984375,18,OPEN_EXIT,0x02,large_room,2069,2069,63.140869140625,15.837602706621556,20,0.6103515625,2048,62.5,1,0.030517578125,1960,1999,7.65625,7.80859375,7,7,3952,86.8359375,1,0,80,80,0,1,1,0,0x04,0,0,0,1,0,0,1,0,0,0,0,0,0,,,,,,,,,,,,,,,
967,32.266666666666666,2084965,63628.082275390625,63.628082275390625,18,OPEN_EXIT,0x02,large_room,2066,2066,63.04931640625,15.860600193610843,20,0.6103515625,2045,62.408447265625,1,0.030517578125,1961,2018,7.66015625,7.8828125,7,7,3952,86.8359375,1,0,80,80,0,1,1,0,0x04,0,0,0,1,0,0,1,0,0,0,0,0,0,,,,,,,,,,,,,,,
968,32.3,2087034,63691.22314453125,63.69122314453125,18,OPEN_EXIT,0x02,large_room,2069,2069,63.140869140625,15.837602706621556,20,0.6103515625,2049,62.530517578125,0,0.0,1962,2037,7.6640625,7.95703125,7,7,3952,86.8359375,1,0,80,80,0,1,1,0,0x04,0,0,0,1,0,0,1,0,0,0,0,0,0,,,,,,,,,,,,,,,
969,32.333333333333336,2089096,63754.150390625,63.754150390625,18,OPEN_EXIT,0x02,large_room,2062,2062,62.92724609375,15.891367604267701,20,0.6103515625,2041,62.286376953125,1,0.030517578125,1963,2056,7.66796875,8.03125,7,8,3952,86.8359375,1,0,80,80,0,1,1,0,0x04,0,0,0,1,0,0,1,0,0,0,0,0,0,,,,,,,,,,,,,,,
970,32.36666666666667,2091121,63815.948486328125,63.815948486328125,18,OPEN_EXIT,0x02,large_room,2025,2025,61.798095703125,16.18172839506173,20,0.6103515625,2005,61.187744140625,0,0.0,1964,2075,7.671875,8.10546875,7,8,3952,86.8359375,1,0,80,80,0,1,1,0,0x0C,0,0,0,1,1,0,1,0,0,0,0,0,0,,,,,,,,,,,,,,,
