frame_index,section_id,section_name,simulation_time_seconds,measured_elapsed_ticks,measured_elapsed_ms,total_ticks,total_ms,instantaneous_fps,update_ticks,update_ms,render_ticks,render_ms,swap_ticks,swap_ms,state_hash,position_x_raw,position_y_raw,position_z_raw,position_x,position_y,position_z,room,flags,detailed,excluded_from_clean_stats,crossed_portal,changed,section_end,freecam,move_axis,turn_axis,look_axis,buttons_active,detail_corrected_total_ms,admin_corrected_ms,setup_corrected_ms,root_geometry_corrected_ms,root_fill_corrected_ms,portal_setup_corrected_ms,portal_geometry_corrected_ms,portal_fill_corrected_ms,wait_corrected_ms,present_corrected_ms,overlay_corrected_ms,transformed_vertices,projected_points,rasterized_polygons,raster_rows,filled_spans,filled_pixels,portal_composite_pixels,portal_clip_pixels,full_portal_views,lod_portal_views,edge_division_fallbacks
0,1,OPEN_YAW,0.03333333333333333,2725,83.160400390625,2725,83.160400390625,12.024954128440367,302,9.21630859375,2423,73.944091796875,0,0.0,0x5E9768D3,0,512,384,0.0,2.0,1.5,0,0x04,0,0,0,1,0,0,0,1,0,0,,,,,,,,,,,,,,,,,,,,,,
1,1,OPEN_YAW,0.06666666666666667,5563,169.769287109375,2838,86.60888671875,11.5461592670895,302,9.21630859375,2536,77.392578125,0,0.0,0x8B3821D2,0,512,384,0.0,2.0,1.5,0,0x06,1,1,0,1,0,0,0,1,0,0,78.06396484375,0.0,0.244140625,7.62939453125,13.00048828125,1.373291015625,4.5166015625,28.4423828125,0.0,22.247314453125,0.6103515625,0,0,0,0,0,0,0,0,0,0,0
2,1,OPEN_YAW,0.1,8245,251.617431640625,2682,81.84814453125,12.217747949291573,302,9.21630859375,2380,72.6318359375,0,0.0,0x58A773FF,0,512,384,0.0,2.0,1.5,0,0x04,0,0,0,1,0,0,0,1,0,0,,,,,,,,,,,,,,,,,,,,,,
3,1,OPEN_YAW,0.13333333333333333,10953,334.259033203125,2708,82.6416015625,12.100443131462335,302,9.21630859375,2406,73.42529296875,0,0.0,0xAED9429C,0,512,384,0.0,2.0,1.5,0,0x04,0,0,0,1,0,0,0,1,0,0,,,,,,,,,,,,,,,,,,,,,,
4,1,OPEN_YAW,0.16666666666666666,13666,417.05322265625,2713,82.794189453125,12.07814227792112,302,9.21630859375,2411,73.577880859375,0,0.0,0x45E0B719,0,512,384,0.0,2.0,1.5,0,0x04,0,0,0,1,0,0,0,1,0,0,,,,,,,,,,,,,,,,,,,,,,
5,1,OPEN_YAW,0.2,16476,502.8076171875,2810,85.75439453125,11.661209964412812,302,9.21630859375,2508,76.5380859375,0,0.0,0x1A9A2DD0,0,512,384,0.0,2.0,1.5,0,0x04,0,0,0,1,0,0,0,1,0,0,,,,,,,,,,,,,,,,,,,,,,
6,1,OPEN_YAW,0.23333333333333334,19334,590.02685546875,2858,87.21923828125,11.465360391882434,302,9.21630859375,2556,78.0029296875,0,0.0,0xF0C60EB7,0,512,384,0.0,2.0,1.5,0,0x04,0,0,0,1,0,0,0,1,0,0,,,,,,,,,,,,,,,,,,,,,,
7,1,OPEN_YAW,0.26666666666666666,22017,671.905517578125,2683,81.878662109375,12.21319418561312,302,9.21630859375,2381,72.662353515625,0,0.0,0xD27F4708,0,512,384,0.0,2.0,1.5,0,0x04,0,0,0,1,0,0,0,1,0,0,,,,,,,,,,,,,,,,,,,,,,
8,1,OPEN_YAW,0.3,24665,752.716064453125,2648,80.810546875,12.374622356495468,302,9.21630859375,2346,71.59423828125,0,0.0,0x94A84683,0,512,384,0.0,2.0,1.5,0,0x04,0,0,0,1,0,0,0,1,0,0,,,,,,,,,,,,,,,,,,,,,,
9,1,OPEN_YAW,0.3333333333333333,27243,831.390380859375,2578,78.67431640625,12.710628394103956,302,9.21630859375,2275,69.427490234375,1,0.030517578125,0x1F45C49E,0,512,384,0.0,2.0,1.5,0,0x04,0,0,0,1,0,0,0,1,0,0,,,,,,,,,,,,,,,,,,,,,,
10,1,OPEN_YAW,0.36666666666666664,29771,908.538818359375,2528,77.1484375,12.962025316455696,303,9.246826171875,2225,67.901611328125,0,0.0,0x6E85EBC5,0,512,384,0.0,2.0,1.5,0,0x04,0,0,0,1,0,0,0,1,0,0,,,,,,,,,,,,,,,,,,,,,,
11,1,OPEN_YAW,0.4,32063,978.485107421875,2292,69.9462890625,14.296684118673648,302,9.21630859375,1990,60.72998046875,0,0.0,0x70470C18,0,512,384,0.0,2.0,1.5,0,0x04,0,0,0,1,0,0,0,1,0,0,,,,,,,,,,,,,,,,,,,,,,
12,1,OPEN_YAW,0.43333333333333335,34392,1049.560546875,2329,71.075439453125,14.069557750107343,302,9.21630859375,2026,61.82861328125,1,0.030517578125,0xE47DEAEF,0,512,384,0.0,2.0,1.5,0,0x04,0,0,0,1,0,0,0,1,0,0,,,,,,,,,,,,,,,,,,,,,,
13,1,OPEN_YAW,0.4666666666666667,36526,1114.68505859375,2134,65.12451171875,15.355201499531397,303,9.246826171875,1831,55.877685546875,0,0.0,0x44510D1A,0,512,384,0.0,2.0,1.5,0,0x04,0,0,0,1,0,0,0,1,0,0,,,,,,,,,,,,,,,,,,,,,,
14,1,OPEN_YAW,0.5,38514,1175.35400390625,1988,60.6689453125,16.482897384305836,302,9.21630859375,1686,51.45263671875,0,0.0,0x57F83B3D,0,512,384,0.0,2.0,1.5,0,0x04,0,0,0,1,0,0,0,1,0,0,,,,,,,,,,,,,,,,,,,,,,
15,1,OPEN_YAW,0.5333333333333333,40283,1229.339599609375,1769,53.985595703125,18.523459581684566,302,9.21630859375,1467,44.769287109375,0,0.0,0xFC68B016,0,512,384,0.0,2.0,1.5,0,0x04,0,0,0,1,0,0,0,1,0,0,,,,,,,,,,,,,,,,,,,,,,
16,1,OPEN_YAW,0.5666666666666667,42072,1283.935546875,1789,54.595947265625,18.3163778647289,302,9.21630859375,1486,45.34912109375,1,0.030517578125,0xA5F2BEEB,0,512,384,0.0,2.0,1.5,0,0x04,0,0,0,1,0,0,0,1,0,0,,,,,,,,,,,,,,,,,,,,,,
17,1,OPEN_YAW,0.6,43661,1332.427978515625,1589,48.492431640625,20.621774701069857,302,9.21630859375,1287,39.276123046875,0,0.0,0xC813CCF6,0,512,384,0.0,2.0,1.5,0,0x04,0,0,0,1,0,0,0,1,0,0,,,,,,,,,,,,,,,,,,,,,,
18,1,OPEN_YAW,0.6333333333333333,45467,1387.542724609375,1806,55.11474609375,18.143964562569213,302,9.21630859375,1504,45.8984375,0,0.0,0xFA8FA93F,0,512,384,0.0,2.0,1.5,0,0x04,0,0,0,1,0,0,0,1,0,0,,,,,,,,,,,,,,,,,,,,,,
19,1,OPEN_YAW,0.6666666666666666,47044,1435.6689453125,1577,48.126220703125,20.77869372225745,302,9.21630859375,1274,38.87939453125,1,0.030517578125,0xFC0E3B5E,0,512,384,0.0,2.0,1.5,0,0x04,0,0,0,1,0,0,0,1,0,0,,,,,,,,,,,,,,,,,,,,,,
20,1,OPEN_YAW,0.7,48663,1485.076904296875,1619,49.407958984375,20.23965410747375,302,9.21630859375,1317,40.191650390625,0,0.0,0xAC3150F9,0,512,384,0.0,2.0,1.5,0,0x04,0,0,0,1,0,0,0,1,0,0,,,,,,,,,,,,,,,,,,,,,,
21,1,OPEN_YAW,0.7333333333333333,50324,1535.7666015625,1661,50.689697265625,19.72787477423239,303,9.246826171875,1357,41.412353515625,1,0.030517578125,0xCB25181A,0,512,384,0.0,2.0,1.5,0,0x04,0,0,0,1,0,0,0,1,0,0,,,,,,,,,,,,,,,,,,,,,,
22,1,OPEN_YAW,0.7666666666666667,51931,1584.808349609375,1607,49.041748046875,20.39079029247044,303,9.246826171875,1303,39.764404296875,1,0.030517578125,0x48C590F3,0,512,384,0.0,2.0,1.5,0,0x04,0,0,0,1,0,0,0,1,0,0,,,,,,,,,,,,,,,,,,,,,,
23,1,OPEN_YAW,0.8,53576,1635.009765625,1645,50.201416015625,19.919756838905776,303,9.246826171875,1341,40.924072265625,1,0.030517578125,0xF1FADB42,0,512,384,0.0,2.0,1.5,0,0x04,0,0,0,1,0,0,0,1,0,0,,,,,,,,,,,,,,,,,,,,,,
24,1,OPEN_YAW,0.8333333333333334,55079,1680.877685546875,1503,45.867919921875,21.80172987358616,303,9.246826171875,1199,36.590576171875,1,0.030517578125,0x09DBF567,0,512,384,0.0,2.0,1.5,0,0x04,0,0,0,1,0,0,0,1,0,0,,,,,,,,,,,,,,,,,,,,,,
25,1,OPEN_YAW,0.8666666666666667,56477,1723.541259765625,1398,42.66357421875,23.43919885550787,302,9.21630859375,1095,33.416748046875,1,0.030517578125,0x727A5D9C,0,512,384,0.0,2.0,1.5,0,0x04,0,0,0,1,0,0,0,1,0,0,,,,,,,,,,,,,,,,,,,,,,
26,1,OPEN_YAW,0.9,57912,1767.333984375,1435,43.792724609375,22.834843205574913,303,9.246826171875,1132,34.5458984375,0,0.0,0x6BDB5333,0,512,384,0.0,2.0,1.5,0,0x04,0,0,0,1,0,0,0,1,0,0,,,,,,,,,,,,,,,,,,,,,,
27,1,OPEN_YAW,0.9333333333333333,59318,1810.24169921875,1406,42.90771484375,23.305832147937412,303,9.246826171875,1102,33.63037109375,1,0.030517578125,0x5AD6DB54,0,512,384,0.0,2.0,1.5,0,0x04,0,0,0,1,0,0,0,1,0,0,,,,,,,,,,,,,,,,,,,,,,
28,1,OPEN_YAW,0.9666666666666667,60708,1852.6611328125,1390,42.41943359375,23.57410071942446,302,9.21630859375,1088,33.203125,0,0.0,0xE5D4D0F1,0,512,384,0.0,2.0,1.5,0,0x04,0,0,0,1,0,0,0,1,0,0,,,,,,,,,,,,,,,,,,,,,,
29,1,OPEN_YAW,1.0,61930,1889.95361328125,1222,37.29248046875,26.81505728314239,302,9.21630859375,920,28.076171875,0,0.0,0x160A0806,0,512,384,0.0,2.0,1.5,0,0x04,0,0,0,1,0,0,0,1,0,0,,,,,,,,,,,,,,,,,,,,,,
30,1,OPEN_YAW,1.0333333333333334,63011,1922.943115234375,1081,32.989501953125,30.31267345050879,165,5.035400390625,916,27.9541015625,0,0.0,0x779CD11B,0,512,384,0.0,2.0,1.5,0,0x04,0,0,0,1,0,0,0,1,0,0,,,,,,,,,,,,,,,,,,,,,,
31,1,OPEN_YAW,1.0666666666666667,64149,1957.672119140625,1138,34.72900390625,28.794376098418276,165,5.035400390625,972,29.6630859375,1,0.030517578125,0xFB682E46,0,512,384,0.0,2.0,1.5,0,0x04,0,0,0,1,0,0,0,1,0,0,,,,,,,,,,,,,,,,,,,,,,
32,1,OPEN_YAW,1.1,65286,1992.37060546875,1137,34.698486328125,28.819700967458225,166,5.06591796875,970,29.60205078125,1,0.030517578125,0xAB4F68AF,0,512,384,0.0,2.0,1.5,0,0x04,0,0,0,1,0,0,0,1,0,0,,,,,,,,,,,,,,,,,,,,,,
33,1,OPEN_YAW,1.1333333333333333,66411,2026.702880859375,1125,34.332275390625,29.127111111111113,165,5.035400390625,959,29.266357421875,1,0.030517578125,0x0191D5F6,0,512,384,0.0,2.0,1.5,0,0x04,0,0,0,1,0,0,0,1,0,0,,,,,,,,,,,,,,,,,,,,,,
34,1,OPEN_YAW,1.1666666666666667,67518,2060.48583984375,1107,33.782958984375,29.600722673893404,165,5.035400390625,941,28.717041015625,1,0.030517578125,0x47E40981,0,512,384,0.0,2.0,1.5,0,0x04,0,0,0,1,0,0,0,1,0,0,,,,,,,,,,,,,,,,,,,,,,
35,1,OPEN_YAW,1.2,68622,2094.17724609375,1104,33.69140625,29.681159420289855,165,5.035400390625,939,28.656005859375,0,0.0,0x58D899FA,0,512,384,0.0,2.0,1.5,0,0x04,0,0,0,1,0,0,0,1,0,0,,,,,,,,,,,,,,,,,,,,,,
36,1,OPEN_YAW,1.2333333333333334,69485,2120.513916015625,863,26.336669921875,37.96987253765933,166,5.06591796875,697,21.270751953125,0,0.0,0x82178F31,0,512,384,0.0,2.0,1.5,0,0x04,0,0,0,1,0,0,0,1,0,0,,,,,,,,,,,,,,,,,,,,,,
37,1,OPEN_YAW,1.2666666666666666,70340,2146.6064453125,855,26.092529296875,38.32514619883041,165,5.035400390625,690,21.05712890625,0,0.0,0x47A89276,0,512,384,0.0,2.0,1.5,0,0x04,0,0,0,1,0,0,0,1,0,0,,,,,,,,,,,,,,,,,,,,,,
38,1,OPEN_YAW,1.3,71132,2170.7763671875,792,24.169921875,41.37373737373738,165,5.035400390625,627,19.134521484375,0,0.0,0x9B4B1FEF,0,512,384,0.0,2.0,1.5,0,0x04,0,0,0,1,0,0,0,1,0,0,,,,,,,,,,,,,,,,,,,,,,
39,1,OPEN_YAW,1.3333333333333333,71917,2194.732666015625,785,23.956298828125,41.74267515923567,166,5.06591796875,618,18.85986328125,1,0.030517578125,0x2EA80794,0,512,384,0.0,2.0,1.5,0,0x04,0,0,0,1,0,0,0,1,0,0,,,,,,,,,,,,,,,,,,,,,,
40,1,OPEN_YAW,1.3666666666666667,72677,2217.926025390625,760,23.193359375,43.11578947368421,166,5.06591796875,593,18.096923828125,1,0.030517578125,0x9320BBD7,0,512,384,0.0,2.0,1.5,0,0x04,0,0,0,1,0,0,0,1,0,0,,,,,,,,,,,,,,,,,,,,,,
41,1,OPEN_YAW,1.4,73437,2241.119384765625,760,23.193359375,43.11578947368421,165,5.035400390625,594,18.12744140625,1,0.030517578125,0xF1D64FEB,0,512,384,0.0,2.0,1.5,0,0x04,0,0,0,1,0,0,0,1,0,0,,,,,,,,,,,,,,,,,,,,,,
42,1,OPEN_YAW,1.4333333333333333,74194,2264.22119140625,757,23.101806640625,43.28665785997358,165,5.035400390625,592,18.06640625,0,0.0,0x313FD664,0,512,384,0.0,2.0,1.5,0,0x04,0,0,0,1,0,0,0,1,0,0,,,,,,,,,,,,,,,,,,,,,,
43,1,OPEN_YAW,1.4666666666666666,74951,2287.322998046875,757,23.101806640625,43.28665785997358,165,5.035400390625,592,18.06640625,0,0.0,0xD37C3B3A,0,512,384,0.0,2.0,1.5,0,0x04,0,0,0,1,0,0,0,1,0,0,,,,,,,,,,,,,,,,,,,,,,
44,1,OPEN_YAW,1.5,75709,2310.455322265625,758,23.13232421875,43.229551451187334,165,5.035400390625,593,18.096923828125,0,0.0,0xC85E6E2D,0,512,384,0.0,2.0,1.5,0,0x04,0,0,0,1,0,0,0,1,0,0,,,,,,,,,,,,,,,,,,,,,,
45,1,OPEN_YAW,1.5333333333333334,76488,2334.228515625,779,23.773193359375,42.06418485237484,165,5.035400390625,614,18.73779296875,0,0.0,0x241E983A,0,512,384,0.0,2.0,1.5,0,0x04,0,0,0,1,0,0,0,1,0,0,,,,,,,,,,,,,,,,,,,,,,
46,1,OPEN_YAW,1.5666666666666667,77273,2358.184814453125,785,23.956298828125,41.74267515923567,165,5.035400390625,620,18.9208984375,0,0.0,0x26D8A8C7,0,512,384,0.0,2.0,1.5,0,0x04,0,0,0,1,0,0,0,1,0,0,,,,,,,,,,,,,,,,,,,,,,
47,1,OPEN_YAW,1.6,78069,2382.476806640625,796,24.2919921875,41.165829145728644,165,5.035400390625,631,19.256591796875,0,0.0,0x57BE9584,0,512,384,0.0,2.0,1.5,0,0x04,0,0,0,1,0,0,0,1,0,0,,,,,,,,,,,,,,,,,,,,,,
48,1,OPEN_YAW,1.6333333333333333,79031,2411.834716796875,962,29.35791015625,34.062370062370064,165,5.035400390625,797,24.322509765625,0,0.0,0x8ED5AA07,0,512,384,0.0,2.0,1.5,0,0x04,0,0,0,1,0,0,0,1,0,0,,,,,,,,,,,,,,,,,,,,,,
49,1,OPEN_YAW,1.6666666666666667,80084,2443.9697265625,1053,32.135009765625,31.118708452041787,165,5.035400390625,888,27.099609375,0,0.0,0x4BBB54B2,0,512,384,0.0,2.0,1.5,0,0x04,0,0,0,1,0,0,0,1,0,0,,,,,,,,,,,,,,,,,,,,,,
50,1,OPEN_YAW,1.7,81209,2478.302001953125,1125,34.332275390625,29.127111111111113,165,5.035400390625,960,29.296875,0,0.0,0x48512005,0,512,384,0.0,2.0,1.5,0,0x04,0,0,0,1,0,0,0,1,0,0,,,,,,,,,,,,,,,,,,,,,,
51,1,OPEN_YAW,1.7333333333333334,82344,2512.939453125,1135,34.637451171875,28.8704845814978,165,5.035400390625,970,29.60205078125,0,0.0,0xE2849AE4,0,512,384,0.0,2.0,1.5,0,0x04,0,0,0,1,0,0,0,1,0,0,,,,,,,,,,,,,,,,,,,,,,
52,1,OPEN_YAW,1.7666666666666666,83481,2547.637939453125,1137,34.698486328125,28.819700967458225,165,5.035400390625,971,29.632568359375,1,0.030517578125,0x06B91CB7,0,512,384,0.0,2.0,1.5,0,0x04,0,0,0,1,0,0,0,1,0,0,,,,,,,,,,,,,,,,,,,,,,
53,1,OPEN_YAW,1.8,84568,2580.810546875,1087,33.172607421875,30.145354185832566,165,5.035400390625,922,28.13720703125,0,0.0,0xEF7CD81A,0,512,384,0.0,2.0,1.5,0,0x04,0,0,0,1,0,0,0,1,0,0,,,,,,,,,,,,,,,,,,,,,,
54,1,OPEN_YAW,1.8333333333333333,85651,2613.861083984375,1083,33.050537109375,30.25669436749769,165,5.035400390625,917,27.984619140625,1,0.030517578125,0x50648D73,0,512,384,0.0,2.0,1.5,0,0x04,0,0,0,1,0,0,0,1,0,0,,,,,,,,,,,,,,,,,,,,,,
55,1,OPEN_YAW,1.8666666666666667,86908,2652.2216796875,1257,38.360595703125,26.068416865552905,166,5.06591796875,1091,33.294677734375,0,0.0,0xAAF43222,0,512,384,0.0,2.0,1.5,0,0x04,0,0,0,1,0,0,0,1,0,0,,,,,,,,,,,,,,,,,,,,,,
56,1,OPEN_YAW,1.9,88170,2690.73486328125,1262,38.51318359375,25.96513470681458,165,5.035400390625,1097,33.477783203125,0,0.0,0x3BD3184F,0,512,384,0.0,2.0,1.5,0,0x04,0,0,0,1,0,0,0,1,0,0,,,,,,,,,,,,,,,,,,,,,,
57,1,OPEN_YAW,1.9333333333333333,89469,2730.377197265625,1299,39.642333984375,25.225558121632023,165,5.035400390625,1133,34.576416015625,1,0.030517578125,0x076558F0,0,512,384,0.0,2.0,1.5,0,0x04,0,0,0,1,0,0,0,1,0,0,,,,,,,,,,,,,,,,,,,,,,
58,1,OPEN_YAW,1.9666666666666666,90707,2768.157958984375,1238,37.78076171875,26.468497576736674,165,5.035400390625,1072,32.71484375,1,0.030517578125,0x498711DD,0,512,384,0.0,2.0,1.5,0,0x04,0,0,0,1,0,0,0,1,0,0,,,,,,,,,,,,,,,,,,,,,,
59,1,OPEN_YAW,2.0,91953,2806.182861328125,1246,38.02490234375,26.298555377207062,165,5.035400390625,1081,32.989501953125,0,0.0,0x46A0A0DE,0,512,384,0.0,2.0,1.5,0,0x04,0,0,0,1,0,0,0,1,0,0,,,,,,,,,,,,,,,,,,,,,,
60,1,OPEN_YAW,2.033333333333333,93429,2851.226806640625,1476,45.0439453125,22.200542005420054,165,5.035400390625,1311,40.008544921875,0,0.0,0x9DD3D2F1,0,512,384,0.0,2.0,1.5,0,0x04,0,0,0,1,0,0,0,1,0,0,,,,,,,,,,,,,,,,,,,,,,
61,1,OPEN_YAW,2.066666666666667,94873,2895.294189453125,1444,44.0673828125,22.69252077562327,165,5.035400390625,1278,39.00146484375,1,0.030517578125,0x7811DB3C,0,512,384,0.0,2.0,1.5,0,0x04,0,0,0,1,0,0,0,1,0,0,,,,,,,,,,,,,,,,,,,,,,
62,1,OPEN_YAW,2.1,96374,2941.10107421875,1501,45.806884765625,21.830779480346436,166,5.06591796875,1335,40.740966796875,0,0.0,0x84E13E89,0,512,384,0.0,2.0,1.5,0,0x04,0,0,0,1,0,0,0,1,0,0,,,,,,,,,,,,,,,,,,,,,,
63,1,OPEN_YAW,2.1333333333333333,97830,2985.53466796875,1456,44.43359375,22.505494505494507,165,5.035400390625,1291,39.398193359375,0,0.0,0x87201FF4,0,512,384,0.0,2.0,1.5,0,0x04,0,0,0,1,0,0,0,1,0,0,,,,,,,,,,,,,,,,,,,,,,
64,1,OPEN_YAW,2.1666666666666665,99161,3026.153564453125,1331,40.618896484375,24.6190833959429,165,5.035400390625,1166,35.58349609375,0,0.0,0x84E13E89,0,512,384,0.0,2.0,1.5,0,0x04,0,0,0,1,0,0,0,-1,0,0,,,,,,,,,,,,,,,,,,,,,,
65,1,OPEN_YAW,2.2,100643,3071.380615234375,1482,45.22705078125,22.110661268556004,165,5.035400390625,1316,40.1611328125,1,0.030517578125,0x7811DB3C,0,512,384,0.0,2.0,1.5,0,0x04,0,0,0,1,0,0,0,-1,0,0,,,,,,,,,,,,,,,,,,,,,,
66,1,OPEN_YAW,2.2333333333333334,102143,3117.156982421875,1500,45.7763671875,21.845333333333333,165,5.035400390625,1334,40.71044921875,1,0.030517578125,0x9DD3D2F1,0,512,384,0.0,2.0,1.5,0,0x04,0,0,0,1,0,0,0,-1,0,0,,,,,,,,,,,,,,,,,,,,,,
67,1,OPEN_YAW,2.2666666666666666,103412,3155.8837890625,1269,38.726806640625,25.821907013396377,165,5.035400390625,1103,33.660888671875,1,0.030517578125,0x46A0A0DE,0,512,384,0.0,2.0,1.5,0,0x04,0,0,0,1,0,0,0,-1,0,0,,,,,,,,,,,,,,,,,,,,,,
68,1,OPEN_YAW,2.3,104673,3194.366455078125,1261,38.482666015625,25.985725614591594,165,5.035400390625,1096,33.447265625,0,0.0,0x498711DD,0,512,384,0.0,2.0,1.5,0,0x04,0,0,0,1,0,0,0,-1,0,0,,,,,,,,,,,,,,,,,,,,,,
69,1,OPEN_YAW,2.3333333333333335,105973,3234.039306640625,1300,39.6728515625,25.206153846153846,165,5.035400390625,1135,34.637451171875,0,0.0,0x076558F0,0,512,384,0.0,2.0,1.5,0,0x04,0,0,0,1,0,0,0,-1,0,0,,,,,,,,,,,,,,,,,,,,,,
70,1,OPEN_YAW,2.3666666666666667,107230,3272.39990234375,1257,38.360595703125,26.068416865552905,165,5.035400390625,1092,33.3251953125,0,0.0,0x3BD3184F,0,512,384,0.0,2.0,1.5,0,0x04,0,0,0,1,0,0,0,-1,0,0,,,,,,,,,,,,,,,,,,,,,,
71,1,OPEN_YAW,2.4,108486,3310.72998046875,1256,38.330078125,26.089171974522294,165,5.035400390625,1090,33.26416015625,1,0.030517578125,0xAAF43222,0,512,384,0.0,2.0,1.5,0,0x04,0,0,0,1,0,0,0,-1,0,0,,,,,,,,,,,,,,,,,,,,,,
72,1,OPEN_YAW,2.433333333333333,109568,3343.75,1082,33.02001953125,30.284658040665434,165,5.035400390625,916,27.9541015625,1,0.030517578125,0x50648D73,0,512,384,0.0,2.0,1.5,0,0x04,0,0,0,1,0,0,0,-1,0,0,,,,,,,,,,,,,,,,,,,,,,
73,1,OPEN_YAW,2.466666666666667,110654,3376.89208984375,1086,33.14208984375,30.173112338858196,166,5.06591796875,919,28.045654296875,1,0.030517578125,0xEF7CD81A,0,512,384,0.0,2.0,1.5,0,0x04,0,0,0,1,0,0,0,-1,0,0,,,,,,,,,,,,,,,,,,,,,,
74,1,OPEN_YAW,2.5,111790,3411.56005859375,1136,34.66796875,28.845070422535212,166,5.06591796875,969,29.571533203125,1,0.030517578125,0x06B91CB7,0,512,384,0.0,2.0,1.5,0,0x04,0,0,0,1,0,0,0,-1,0,0,,,,,,,,,,,,,,,,,,,,,,
75,1,OPEN_YAW,2.533333333333333,112929,3446.319580078125,1139,34.759521484375,28.769095697980685,165,5.035400390625,973,29.693603515625,1,0.030517578125,0xE2849AE4,0,512,384,0.0,2.0,1.5,0,0x04,0,0,0,1,0,0,0,-1,0,0,,,,,,,,,,,,,,,,,,,,,,
76,1,OPEN_YAW,2.566666666666667,114056,3480.712890625,1127,34.393310546875,29.075421472937002,165,5.035400390625,961,29.327392578125,1,0.030517578125,0x48512005,0,512,384,0.0,2.0,1.5,0,0x04,0,0,0,1,0,0,0,-1,0,0,,,,,,,,,,,,,,,,,,,,,,
77,1,OPEN_YAW,2.6,115166,3514.58740234375,1110,33.87451171875,29.52072072072072,165,5.035400390625,945,28.839111328125,0,0.0,0x4BBB54B2,0,512,384,0.0,2.0,1.5,0,0x04,0,0,0,1,0,0,0,-1,0,0,,,,,,,,,,,,,,,,,,,,,,
78,1,OPEN_YAW,2.6333333333333333,116184,3545.654296875,1018,31.06689453125,32.18860510805501,165,5.035400390625,852,26.0009765625,1,0.030517578125,0x8ED5AA07,0,512,384,0.0,2.0,1.5,0,0x04,0,0,0,1,0,0,0,-1,0,0,,,,,,,,,,,,,,,,,,,,,,
79,1,OPEN_YAW,2.6666666666666665,117043,3571.868896484375,859,26.214599609375,38.146682188591384,165,5.035400390625,694,21.17919921875,0,0.0,0x57BE9584,0,512,384,0.0,2.0,1.5,0,0x04,0,0,0,1,0,0,0,-1,0,0,,,,,,,,,,,,,,,,,,,,,,
80,1,OPEN_YAW,2.7,117900,3598.0224609375,857,26.153564453125,38.23570595099183,165,5.035400390625,692,21.1181640625,0,0.0,0x26D8A8C7,0,512,384,0.0,2.0,1.5,0,0x04,0,0,0,1,0,0,0,-1,0,0,,,,,,,,,,,,,,,,,,,,,,
81,1,OPEN_YAW,2.7333333333333334,118687,3622.039794921875,787,24.017333984375,41.636594663278274,165,5.035400390625,622,18.98193359375,0,0.0,0x241E983A,0,512,384,0.0,2.0,1.5,0,0x04,0,0,0,1,0,0,0,-1,0,0,,,,,,,,,,,,,,,,,,,,,,
82,1,OPEN_YAW,2.7666666666666666,119448,3645.263671875,761,23.223876953125,43.059132720105126,165,5.035400390625,595,18.157958984375,1,0.030517578125,0xC85E6E2D,0,512,384,0.0,2.0,1.5,0,0x04,0,0,0,1,0,0,0,-1,0,0,,,,,,,,,,,,,,,,,,,,,,
83,1,OPEN_YAW,2.8,120204,3668.3349609375,756,23.0712890625,43.34391534391534,165,5.035400390625,591,18.035888671875,0,0.0,0xD37C3B3A,0,512,384,0.0,2.0,1.5,0,0x04,0,0,0,1,0,0,0,-1,0,0,,,,,,,,,,,,,,,,,,,,,,
84,1,OPEN_YAW,2.8333333333333335,120962,3691.46728515625,758,23.13232421875,43.229551451187334,165,5.035400390625,593,18.096923828125,0,0.0,0x313FD664,0,512,384,0.0,2.0,1.5,0,0x04,0,0,0,1,0,0,0,-1,0,0,,,,,,,,,,,,,,,,,,,,,,
85,1,OPEN_YAW,2.8666666666666667,121722,3714.66064453125,760,23.193359375,43.11578947368421,165,5.035400390625,595,18.157958984375,0,0.0,0xF1D64FEB,0,512,384,0.0,2.0,1.5,0,0x04,0,0,0,1,0,0,0,-1,0,0,,,,,,,,,,,,,,,,,,,,,,
86,1,OPEN_YAW,2.9,122483,3737.884521484375,761,23.223876953125,43.059132720105126,166,5.06591796875,594,18.12744140625,1,0.030517578125,0x9320BBD7,0,512,384,0.0,2.0,1.5,0,0x04,0,0,0,1,0,0,0,-1,0,0,,,,,,,,,,,,,,,,,,,,,,
87,1,OPEN_YAW,2.933333333333333,123263,3761.688232421875,780,23.8037109375,42.01025641025641,166,5.06591796875,613,18.707275390625,1,0.030517578125,0x2EA80794,0,512,384,0.0,2.0,1.5,0,0x04,0,0,0,1,0,0,0,-1,0,0,,,,,,,,,,,,,,,,,,,,,,
88,1,OPEN_YAW,2.966666666666667,124045,3785.552978515625,782,23.86474609375,41.90281329923274,166,5.06591796875,615,18.768310546875,1,0.030517578125,0x9B4B1FEF,0,512,384,0.0,2.0,1.5,0,0x04,0,0,0,1,0,0,0,-1,0,0,,,,,,,,,,,,,,,,,,,,,,
89,1,OPEN_YAW,3.0,124835,3809.661865234375,790,24.10888671875,41.47848101265823,165,5.035400390625,624,19.04296875,1,0.030517578125,0x47A89276,0,512,384,0.0,2.0,1.5,0,0x04,0,0,0,1,0,0,0,-1,0,0,,,,,,,,,,,,,,,,,,,,,,
90,1,OPEN_YAW,3.033333333333333,125635,3834.075927734375,800,24.4140625,40.96,165,5.035400390625,635,19.378662109375,0,0.0,0x82178F31,0,512,384,0.0,2.0,1.5,0,0x04,0,0,0,1,0,0,0,-1,0,0,,,,,,,,,,,,,,,,,,,,,,
91,1,OPEN_YAW,3.066666666666667,126682,3866.02783203125,1047,31.951904296875,31.297039159503342,165,5.035400390625,882,26.91650390625,0,0.0,0x58D899FA,0,512,384,0.0,2.0,1.5,0,0x04,0,0,0,1,0,0,0,-1,0,0,,,,,,,,,,,,,,,,,,,,,,
92,1,OPEN_YAW,3.1,127734,3898.13232421875,1052,32.1044921875,31.14828897338403,165,5.035400390625,887,27.069091796875,0,0.0,0x47E40981,0,512,384,0.0,2.0,1.5,0,0x04,0,0,0,1,0,0,0,-1,0,0,,,,,,,,,,,,,,,,,,,,,,
93,1,OPEN_YAW,3.1333333333333333,128858,3932.43408203125,1124,34.3017578125,29.153024911032027,166,5.06591796875,958,29.23583984375,0,0.0,0x0191D5F6,0,512,384,0.0,2.0,1.5,0,0x04,0,0,0,1,0,0,0,-1,0,0,,,,,,,,,,,,,,,,,,,,,,
94,1,OPEN_YAW,3.1666666666666665,129990,3966.97998046875,1132,34.5458984375,28.946996466431095,165,5.035400390625,967,29.510498046875,0,0.0,0xAB4F68AF,0,512,384,0.0,2.0,1.5,0,0x04,0,0,0,1,0,0,0,-1,0,0,,,,,,,,,,,,,,,,,,,,,,
95,1,OPEN_YAW,3.2,131125,4001.617431640625,1135,34.637451171875,28.8704845814978,165,5.035400390625,969,29.571533203125,1,0.030517578125,0xFB682E46,0,512,384,0.0,2.0,1.5,0,0x04,0,0,0,1,0,0,0,-1,0,0,,,,,,,,,,,,,,,,,,,,,,
96,1,OPEN_YAW,3.2333333333333334,132210,4034.72900390625,1085,33.111572265625,30.200921658986175,165,5.035400390625,920,28.076171875,0,0.0,0x779CD11B,0,512,384,0.0,2.0,1.5,0,0x04,0,0,0,1,0,0,0,-1,0,0,,,,,,,,,,,,,,,,,,,,,,
97,1,OPEN_YAW,3.2666666666666666,133297,4067.901611328125,1087,33.172607421875,30.145354185832566,166,5.06591796875,921,28.106689453125,0,0.0,0x160A0806,0,512,384,0.0,2.0,1.5,0,0x04,0,0,0,1,0,0,0,-1,0,0,,,,,,,,,,,,,,,,,,,,,,
98,1,OPEN_YAW,3.3,134551,4106.170654296875,1254,38.26904296875,26.130781499202552,165,5.035400390625,1089,33.233642578125,0,0.0,0xE5D4D0F1,0,512,384,0.0,2.0,1.5,0,0x04,0,0,0,1,0,0,0,-1,0,0,,,,,,,,,,,,,,,,,,,,,,
99,1,OPEN_YAW,3.3333333333333335,135822,4144.95849609375,1271,38.787841796875,25.781274586939418,165,5.035400390625,1106,33.75244140625,0,0.0,0x5AD6DB54,0,512,384,0.0,2.0,1.5,0,0x04,0,0,0,1,0,0,0,-1,0,0,,,,,,,,,,,,,,,,,,,,,,
100,1,OPEN_YAW,3.3666666666666667,137117,4184.478759765625,1295,39.520263671875,25.303474903474903,165,5.035400390625,1129,34.454345703125,1,0.030517578125,0x6BDB5333,0,512,384,0.0,2.0,1.5,0,0x04,0,0,0,1,0,0,0,-1,0,0,,,,,,,,,,,,,,,,,,,,,,
101,1,OPEN_YAW,3.4,138358,4222.35107421875,1241,37.872314453125,26.404512489927477,165,5.035400390625,1075,32.806396484375,1,0.030517578125,0x727A5D9C,0,512,384,0.0,2.0,1.5,0,0x04,0,0,0,1,0,0,0,-1,0,0,,,,,,,,,,,,,,,,,,,,,,
102,1,OPEN_YAW,3.433333333333333,139687,4262.908935546875,1329,40.557861328125,24.656132430398795,165,5.035400390625,1164,35.5224609375,0,0.0,0x09DBF567,0,512,384,0.0,2.0,1.5,0,0x04,0,0,0,1,0,0,0,-1,0,0,,,,,,,,,,,,,,,,,,,,,,
103,1,OPEN_YAW,3.466666666666667,141168,4308.10546875,1481,45.196533203125,22.12559081701553,165,5.035400390625,1316,40.1611328125,0,0.0,0xF1FADB42,0,512,384,0.0,2.0,1.5,0,0x04,0,0,0,1,0,0,0,-1,0,0,,,,,,,,,,,,,,,,,,,,,,
104,1,OPEN_YAW,3.5,142614,4352.23388671875,1446,44.12841796875,22.661134163208853,165,5.035400390625,1280,39.0625,1,0.030517578125,0x48C590F3,0,512,384,0.0,2.0,1.5,0,0x04,0,0,0,1,0,0,0,-1,0,0,,,,,,,,,,,,,,,,,,,,,,
105,1,OPEN_YAW,3.533333333333333,144060,4396.3623046875,1446,44.12841796875,22.661134163208853,165,5.035400390625,1280,39.0625,1,0.030517578125,0xCB25181A,0,512,384,0.0,2.0,1.5,0,0x04,0,0,0,1,0,0,0,-1,0,0,,,,,,,,,,,,,,,,,,,,,,
106,1,OPEN_YAW,3.566666666666667,145525,4441.070556640625,1465,44.708251953125,22.367235494880546,165,5.035400390625,1299,39.642333984375,1,0.030517578125,0xAC3150F9,0,512,384,0.0,2.0,1.5,0,0x04,0,0,0,1,0,0,0,-1,0,0,,,,,,,,,,,,,,,,,,,,,,
107,1,OPEN_YAW,3.6,147057,4487.823486328125,1532,46.7529296875,21.389033942558747,166,5.06591796875,1366,41.68701171875,0,0.0,0xFC0E3B5E,0,512,384,0.0,2.0,1.5,0,0x04,0,0,0,1,0,0,0,-1,0,0,,,,,,,,,,,,,,,,,,,,,,
108,1,OPEN_YAW,3.6333333333333333,148759,4539.764404296875,1702,51.94091796875,19.25264394829612,165,5.035400390625,1537,46.905517578125,0,0.0,0xFA8FA93F,0,512,384,0.0,2.0,1.5,0,0x04,0,0,0,1,0,0,0,-1,0,0,,,,,,,,,,,,,,,,,,,,,,
109,1,OPEN_YAW,3.6666666666666665,150256,4585.44921875,1497,45.684814453125,21.889111556446228,165,5.035400390625,1332,40.6494140625,0,0.0,0xC813CCF6,0,512,384,0.0,2.0,1.5,0,0x04,0,0,0,1,0,0,0,-1,0,0,,,,,,,,,,,,,,,,,,,,,,
110,1,OPEN_YAW,3.7,151917,4636.138916015625,1661,50.689697265625,19.72787477423239,165,5.035400390625,1496,45.654296875,0,0.0,0xA5F2BEEB,0,512,384,0.0,2.0,1.5,0,0x04,0,0,0,1,0,0,0,-1,0,0,,,,,,,,,,,,,,,,,,,,,,
111,1,OPEN_YAW,3.7333333333333334,153504,4684.5703125,1587,48.431396484375,20.647763074984248,165,5.035400390625,1421,43.365478515625,1,0.030517578125,0xFC68B016,0,512,384,0.0,2.0,1.5,0,0x04,0,0,0,1,0,0,0,-1,0,0,,,,,,,,,,,,,,,,,,,,,,
112,1,OPEN_YAW,3.7666666666666666,155301,4739.410400390625,1797,54.840087890625,18.234835837506957,166,5.06591796875,1631,49.774169921875,0,0.0,0x57F83B3D,0,512,384,0.0,2.0,1.5,0,0x04,0,0,0,1,0,0,0,-1,0,0,,,,,,,,,,,,,,,,,,,,,,
113,1,OPEN_YAW,3.8,157204,4797.4853515625,1903,58.074951171875,17.219127693116132,165,5.035400390625,1738,53.03955078125,0,0.0,0x44510D1A,0,512,384,0.0,2.0,1.5,0,0x04,0,0,0,1,0,0,0,-1,0,0,,,,,,,,,,,,,,,,,,,,,,
114,1,OPEN_YAW,3.8333333333333335,159334,4862.48779296875,2130,65.00244140625,15.384037558685446,165,5.035400390625,1965,59.967041015625,0,0.0,0xE47DEAEF,0,512,384,0.0,2.0,1.5,0,0x04,0,0,0,1,0,0,0,-1,0,0,,,,,,,,,,,,,,,,,,,,,,
115,1,OPEN_YAW,3.8666666666666667,161452,4927.1240234375,2118,64.63623046875,15.47119924457035,165,5.035400390625,1953,59.600830078125,0,0.0,0x70470C18,0,512,384,0.0,2.0,1.5,0,0x04,0,0,0,1,0,0,0,-1,0,0,,,,,,,,,,,,,,,,,,,,,,
116,1,OPEN_YAW,3.9,163787,4998.382568359375,2335,71.258544921875,14.03340471092077,165,5.035400390625,2170,66.22314453125,0,0.0,0x6E85EBC5,0,512,384,0.0,2.0,1.5,0,0x04,0,0,0,1,0,0,0,-1,0,0,,,,,,,,,,,,,,,,,,,,,,
117,1,OPEN_YAW,3.933333333333333,166141,5070.220947265625,2354,71.83837890625,13.920135938827528,165,5.035400390625,2189,66.802978515625,0,0.0,0x1F45C49E,0,512,384,0.0,2.0,1.5,0,0x04,0,0,0,1,0,0,0,-1,0,0,,,,,,,,,,,,,,,,,,,,,,
118,1,OPEN_YAW,3.966666666666667,168610,5145.56884765625,2469,75.347900390625,13.271769947347105,165,5.035400390625,2303,70.281982421875,1,0.030517578125,0x94A84683,0,512,384,0.0,2.0,1.5,0,0x04,0,0,0,1,0,0,0,-1,0,0,,,,,,,,,,,,,,,,,,,,,,
119,1,OPEN_YAW,4.0,171153,5223.175048828125,2543,77.606201171875,12.885568226504128,165,5.035400390625,2378,72.57080078125,0,0.0,0xD27F4708,0,512,384,0.0,2.0,1.5,0,0x04,0,0,0,1,0,0,0,-1,0,0,,,,,,,,,,,,,,,,,,,,,,
120,1,OPEN_YAW,4.033333333333333,173823,5304.656982421875,2670,81.48193359375,12.272659176029963,165,5.035400390625,2505,76.446533203125,0,0.0,0xF0C60EB7,0,512,384,0.0,2.0,1.5,0,0x04,0,0,0,1,0,0,0,-1,0,0,,,,,,,,,,,,,,,,,,,,,,
121,1,OPEN_YAW,4.066666666666666,176472,5385.498046875,2649,80.841064453125,12.369950924877312,165,5.035400390625,2484,75.8056640625,0,0.0,0x1A9A2DD0,0,512,384,0.0,2.0,1.5,0,0x04,0,0,0,1,0,0,0,-1,0,0,,,,,,,,,,,,,,,,,,,,,,
122,1,OPEN_YAW,4.1,179046,5464.05029296875,2574,78.55224609375,12.73038073038073,165,5.035400390625,2409,73.516845703125,0,0.0,0x45E0B719,0,512,384,0.0,2.0,1.5,0,0x04,0,0,0,1,0,0,0,-1,0,0,,,,,,,,,,,,,,,,,,,,,,
123,1,OPEN_YAW,4.133333333333334,181599,5541.961669921875,2553,77.911376953125,12.835095965530748,165,5.035400390625,2387,72.845458984375,1,0.030517578125,0xAED9429C,0,512,384,0.0,2.0,1.5,0,0x04,0,0,0,1,0,0,0,-1,0,0,,,,,,,,,,,,,,,,,,,,,,
124,1,OPEN_YAW,4.166666666666667,184116,5618.7744140625,2517,76.812744140625,13.018673023440604,165,5.035400390625,2352,71.77734375,0,0.0,0x58A773FF,0,512,384,0.0,2.0,1.5,0,0x04,0,0,0,1,0,0,0,-1,0,0,,,,,,,,,,,,,,,,,,,,,,
125,1,OPEN_YAW,4.2,186722,5698.30322265625,2606,79.52880859375,12.574059861857252,165,5.035400390625,2440,74.462890625,1,0.030517578125,0x8B3821D2,0,512,384,0.0,2.0,1.5,0,0x04,0,0,0,1,0,0,0,-1,0,0,,,,,,,,,,,,,,,,,,,,,,
126,1,OPEN_YAW,4.233333333333333,189237,5775.054931640625,2515,76.751708984375,13.029025844930418,165,5.035400390625,2350,71.71630859375,0,0.0,0x5E9768D3,0,512,384,0.0,2.0,1.5,0,0x04,0,0,0,1,0,0,0,-1,0,0,,,,,,,,,,,,,,,,,,,,,,
127,1,OPEN_YAW,4.266666666666667,191706,5850.40283203125,2469,75.347900390625,13.271769947347105,165,5.035400390625,2304,70.3125,0,0.0,0x9E5629C9,0,512,384,0.0,2.0,1.5,0,0x0C,0,0,0,1,1,0,0,-1,0,0,,,,,,,,,,,,,,,,,,,,,,
128,2,PITCH_SWEEP,4.3,194116,5923.9501953125,2410,73.54736328125,13.59668049792531,166,5.06591796875,2243,68.450927734375,1,0.030517578125,0xEBC50AFB,0,512,384,0.0,2.0,1.5,0,0x04,0,0,0,1,0,0,0,0,1,0,,,,,,,,,,,,,,,,,,,,,,
129,2,PITCH_SWEEP,4.333333333333333,196440,5994.873046875,2324,70.9228515625,14.099827882960414,166,5.06591796875,2157,65.826416015625,1,0.030517578125,0x99F6DC11,0,512,384,0.0,2.0,1.5,0,0x04,0,0,0,1,0,0,0,0,1,0,,,,,,,,,,,,,,,,,,,,,,
130,2,PITCH_SWEEP,4.366666666666666,198772,6066.0400390625,2332,71.1669921875,14.051457975986278,166,5.06591796875,2166,66.10107421875,0,0.0,0xF5262E21,0,512,384,0.0,2.0,1.5,0,0x04,0,0,0,1,0,0,0,0,1,0,,,,,,,,,,,,,,,,,,,,,,
131,2,PITCH_SWEEP,4.4,201014,6134.46044921875,2242,68.42041015625,14.615521855486174,166,5.06591796875,2075,63.323974609375,1,0.030517578125,0xB89D05A3,0,512,384,0.0,2.0,1.5,0,0x04,0,0,0,1,0,0,0,0,1,0,,,,,,,,,,,,,,,,,,,,,,
132,2,PITCH_SWEEP,4.433333333333334,203167,6200.164794921875,2153,65.704345703125,15.219693450998607,166,5.06591796875,1987,60.638427734375,0,0.0,0x0366AA7D,0,512,384,0.0,2.0,1.5,0,0x04,0,0,0,1,0,0,0,0,1,0,,,,,,,,,,,,,,,,,,,,,,
133,2,PITCH_SWEEP,4.466666666666667,205275,6264.495849609375,2108,64.3310546875,15.544592030360532,166,5.06591796875,1942,59.26513671875,0,0.0,0xD32DF697,0,512,384,0.0,2.0,1.5,0,0x06,1,1,0,1,0,0,0,0,1,0,59.2041015625,0.030517578125,0.213623046875,7.537841796875,12.39013671875,1.312255859375,5.0048828125,18.49365234375,0.0,13.641357421875,0.579833984375,0,0,0,0,0,0,0,0,0,0,0
134,2,PITCH_SWEEP,4.5,207170,6322.32666015625,1895,57.830810546875,17.291820580474933,166,5.06591796875,1729,52.764892578125,0,0.0,0xFD0ED9B9,0,512,384,0.0,2.0,1.5,0,0x04,0,0,0,1,0,0,0,0,1,0,,,,,,,,,,,,,,,,,,,,,,
135,2,PITCH_SWEEP,4.533333333333333,209007,6378.387451171875,1837,56.060791015625,17.837778987479588,166,5.06591796875,1670,50.96435546875,1,0.030517578125,0x384A2F1B,0,512,384,0.0,2.0,1.5,0,0x04,0,0,0,1,0,0,0,0,1,0,,,,,,,,,,,,,,,,,,,,,,
136,2,PITCH_SWEEP,4.566666666666666,210807,6433.319091796875,1800,54.931640625,18.204444444444444,166,5.06591796875,1634,49.86572265625,0,0.0,0x7DFB7EEB,0,512,384,0.0,2.0,1.5,0,0x04,0,0,0,1,0,0,0,0,1,0,,,,,,,,,,,,,,,,,,,,,,
137,2,PITCH_SWEEP,4.6,212714,6491.51611328125,1907,58.197021484375,17.18300996329313,166,5.06591796875,1741,53.131103515625,0,0.0,0x665540F9,0,512,384,0.0,2.0,1.5,0,0x04,0,0,0,1,0,0,0,0,1,0,,,,,,,,,,,,,,,,,,,,,,
138,2,PITCH_SWEEP,4.633333333333334,214584,6548.583984375,1870,57.06787109375,17.522994652406418,166,5.06591796875,1704,52.001953125,0,0.0,0x24928A59,0,512,384,0.0,2.0,1.5,0,0x04,0,0,0,1,0,0,0,0,1,0,,,,,,,,,,,,,,,,,,,,,,
139,2,PITCH_SWEEP,4.666666666666667,216440,6605.224609375,1856,56.640625,17.655172413793103,166,5.06591796875,1690,51.57470703125,0,0.0,0xE620FE03,0,512,384,0.0,2.0,1.5,0,0x04,0,0,0,1,0,0,0,0,1,0,,,,,,,,,,,,,,,,,,,,,,
140,2,PITCH_SWEEP,4.7,218284,6661.4990234375,1844,56.2744140625,17.77006507592191,166,5.06591796875,1678,51.20849609375,0,0.0,0xF31CD78D,0,512,384,0.0,2.0,1.5,0,0x04,0,0,0,1,0,0,0,0,1,0,,,,,,,,,,,,,,,,,,,,,,
141,2,PITCH_SWEEP,4.733333333333333,220111,6717.254638671875,1827,55.755615234375,17.935413245758074,166,5.06591796875,1660,50.6591796875,1,0.030517578125,0xFC73F4CF,0,512,384,0.0,2.0,1.5,0,0x04,0,0,0,1,0,0,0,0,1,0,,,,,,,,,,,,,,,,,,,,,,
142,2,PITCH_SWEEP,4.766666666666667,222134,6778.99169921875,2023,61.737060546875,16.19772614928324,166,5.06591796875,1856,56.640625,1,0.030517578125,0x31DBE5A1,0,512,384,0.0,2.0,1.5,0,0x04,0,0,0,1,0,0,0,0,1,0,,,,,,,,,,,,,,,,,,,,,,
143,2,PITCH_SWEEP,4.8,224131,6839.935302734375,1997,60.943603515625,16.408612919379067,167,5.096435546875,1829,55.816650390625,1,0.030517578125,0x637D44ED,0,512,384,0.0,2.0,1.5,0,0x04,0,0,0,1,0,0,0,0,1,0,,,,,,,,,,,,,,,,,,,,,,
144,2,PITCH_SWEEP,4.833333333333333,226105,6900.177001953125,1974,60.24169921875,16.599797365754814,167,5.096435546875,1807,55.145263671875,0,0.0,0xDF585765,0,512,384,0.0,2.0,1.5,0,0x04,0,0,0,1,0,0,0,0,1,0,,,,,,,,,,,,,,,,,,,,,,
145,2,PITCH_SWEEP,4.866666666666666,227888,6954.58984375,1783,54.412841796875,18.37801458216489,166,5.06591796875,1616,49.31640625,1,0.030517578125,0xC6349AE7,0,512,384,0.0,2.0,1.5,0,0x04,0,0,0,1,0,0,0,0,1,0,,,,,,,,,,,,,,,,,,,,,,
146,2,PITCH_SWEEP,4.9,229591,7006.561279296875,1703,51.971435546875,19.241338813857897,166,5.06591796875,1537,46.905517578125,0,0.0,0xF7C74FC9,0,512,384,0.0,2.0,1.5,0,0x04,0,0,0,1,0,0,0,0,1,0,,,,,,,,,,,,,,,,,,,,,,
147,2,PITCH_SWEEP,4.933333333333334,231265,7057.647705078125,1674,51.08642578125,19.574671445639186,166,5.06591796875,1507,45.989990234375,1,0.030517578125,0xD205864D,0,512,384,0.0,2.0,1.5,0,0x04,0,0,0,1,0,0,0,0,1,0,,,,,,,,,,,,,,,,,,,,,,
148,2,PITCH_SWEEP,4.966666666666667,232870,7106.62841796875,1605,48.980712890625,20.41619937694704,166,5.06591796875,1439,43.914794921875,0,0.0,0x5776983D,0,512,384,0.0,2.0,1.5,0,0x04,0,0,0,1,0,0,0,0,1,0,,,,,,,,,,,,,,,,,,,,,,
149,2,PITCH_SWEEP,5.0,234453,7154.937744140625,1583,48.309326171875,20.699936828806063,166,5.06591796875,1416,43.212890625,1,0.030517578125,0x3C8645B7,0,512,384,0.0,2.0,1.5,0,0x04,0,0,0,1,0,0,0,0,1,0,,,,,,,,,,,,,,,,,,,,,,
150,2,PITCH_SWEEP,5.033333333333333,236016,7202.63671875,1563,47.698974609375,20.964811260396672,166,5.06591796875,1397,42.633056640625,0,0.0,0xE8184D3B,0,512,384,0.0,2.0,1.5,0,0x04,0,0,0,1,0,0,0,0,1,0,,,,,,,,,,,,,,,,,,,,,,
151,2,PITCH_SWEEP,5.066666666666666,237521,7248.565673828125,1505,45.928955078125,21.772757475083058,166,5.06591796875,1339,40.863037109375,0,0.0,0x92BE7535,0,512,384,0.0,2.0,1.5,0,0x04,0,0,0,1,0,0,0,0,1,0,,,,,,,,,,,,,,,,,,,,,,
152,2,PITCH_SWEEP,5.1,239065,7295.684814453125,1544,47.119140625,21.22279792746114,166,5.06591796875,1378,42.05322265625,0,0.0,0xE8184D3B,0,512,384,0.0,2.0,1.5,0,0x04,0,0,0,1,0,0,0,0,-1,0,,,,,,,,,,,,,,,,,,,,,,
153,2,PITCH_SWEEP,5.133333333333334,240634,7343.56689453125,1569,47.882080078125,20.88463989802422,166,5.06591796875,1403,42.816162109375,0,0.0,0x3C8645B7,0,512,384,0.0,2.0,1.5,0,0x04,0,0,0,1,0,0,0,0,-1,0,,,,,,,,,,,,,,,,,,,,,,
154,2,PITCH_SWEEP,5.166666666666667,242215,7391.815185546875,1581,48.248291015625,20.726122707147375,166,5.06591796875,1414,43.15185546875,1,0.030517578125,0x5776983D,0,512,384,0.0,2.0,1.5,0,0x04,0,0,0,1,0,0,0,0,-1,0,,,,,,,,,,,,,,,,,,,,,,
155,2,PITCH_SWEEP,5.2,243840,7441.40625,1625,49.591064453125,20.164923076923078,166,5.06591796875,1459,44.525146484375,0,0.0,0xD205864D,0,512,384,0.0,2.0,1.5,0,0x04,0,0,0,1,0,0,0,0,-1,0,,,,,,,,,,,,,,,,,,,,,,
156,2,PITCH_SWEEP,5.233333333333333,245486,7491.63818359375,1646,50.23193359375,19.907654921020654,166,5.06591796875,1480,45.166015625,0,0.0,0xF7C74FC9,0,512,384,0.0,2.0,1.5,0,0x04,0,0,0,1,0,0,0,0,-1,0,,,,,,,,,,,,,,,,,,,,,,
157,2,PITCH_SWEEP,5.266666666666667,247228,7544.7998046875,1742,53.16162109375,18.810562571756602,166,5.06591796875,1575,48.065185546875,1,0.030517578125,0xC6349AE7,0,512,384,0.0,2.0,1.5,0,0x04,0,0,0,1,0,0,0,0,-1,0,,,,,,,,,,,,,,,,,,,,,,
158,2,PITCH_SWEEP,5.3,249172,7604.1259765625,1944,59.326171875,16.855967078189302,166,5.06591796875,1778,54.26025390625,0,0.0,0xDF585765,0,512,384,0.0,2.0,1.5,0,0x04,0,0,0,1,0,0,0,0,-1,0,,,,,,,,,,,,,,,,,,,,,,
159,2,PITCH_SWEEP,5.333333333333333,251151,7664.520263671875,1979,60.394287109375,16.557857503789794,166,5.06591796875,1812,55.2978515625,1,0.030517578125,0x637D44ED,0,512,384,0.0,2.0,1.5,0,0x04,0,0,0,1,0,0,0,0,-1,0,,,,,,,,,,,,,,,,,,,,,,
160,2,PITCH_SWEEP,5.366666666666666,253168,7726.07421875,2017,61.553955078125,16.245909766980663,166,5.06591796875,1851,56.488037109375,0,0.0,0x31DBE5A1,0,512,384,0.0,2.0,1.5,0,0x04,0,0,0,1,0,0,0,0,-1,0,,,,,,,,,,,,,,,,,,,,,,
161,2,PITCH_SWEEP,5.4,254997,7781.890869140625,1829,55.816650390625,17.91580098414434,166,5.06591796875,1662,50.72021484375,1,0.030517578125,0xFC73F4CF,0,512,384,0.0,2.0,1.5,0,0x04,0,0,0,1,0,0,0,0,-1,0,,,,,,,,,,,,,,,,,,,,,,
162,2,PITCH_SWEEP,5.433333333333334,256847,7838.348388671875,1850,56.45751953125,17.712432432432433,166,5.06591796875,1683,51.361083984375,1,0.030517578125,0xF31CD78D,0,512,384,0.0,2.0,1.5,0,0x04,0,0,0,1,0,0,0,0,-1,0,,,,,,,,,,,,,,,,,,,,,,
163,2,PITCH_SWEEP,5.466666666666667,258708,7895.1416015625,1861,56.793212890625,17.607737775389577,166,5.06591796875,1695,51.727294921875,0,0.0,0xE620FE03,0,512,384,0.0,2.0,1.5,0,0x04,0,0,0,1,0,0,0,0,-1,0,,,,,,,,,,,,,,,,,,,,,,
164,2,PITCH_SWEEP,5.5,260567,7951.873779296875,1859,56.732177734375,17.626681011296395,166,5.06591796875,1692,51.6357421875,1,0.030517578125,0x24928A59,0,512,384,0.0,2.0,1.5,0,0x04,0,0,0,1,0,0,0,0,-1,0,,,,,,,,,,,,,,,,,,,,,,
165,2,PITCH_SWEEP,5.533333333333333,262450,8009.33837890625,1883,57.464599609375,17.402018056293148,167,5.096435546875,1715,52.337646484375,1,0.030517578125,0x665540F9,0,512,384,0.0,2.0,1.5,0,0x04,0,0,0,1,0,0,0,0,-1,0,,,,,,,,,,,,,,,,,,,,,,
166,2,PITCH_SWEEP,5.566666666666666,264199,8062.713623046875,1749,53.375244140625,18.735277301315037,166,5.06591796875,1583,48.309326171875,0,0.0,0x7DFB7EEB,0,512,384,0.0,2.0,1.5,0,0x04,0,0,0,1,0,0,0,0,-1,0,,,,,,,,,,,,,,,,,,,,,,
167,2,PITCH_SWEEP,5.6,265984,8117.1875,1785,54.473876953125,18.357422969187674,166,5.06591796875,1619,49.407958984375,0,0.0,0x384A2F1B,0,512,384,0.0,2.0,1.5,0,0x04,0,0,0,1,0,0,0,0,-1,0,,,,,,,,,,,,,,,,,,,,,,
168,2,PITCH_SWEEP,5.633333333333334,267819,8173.187255859375,1835,55.999755859375,17.857220708446867,166,5.06591796875,1669,50.933837890625,0,0.0,0xFD0ED9B9,0,512,384,0.0,2.0,1.5,0,0x04,0,0,0,1,0,0,0,0,-1,0,,,,,,,,,,,,,,,,,,,,,,
169,2,PITCH_SWEEP,5.666666666666667,269862,8235.53466796875,2043,62.347412109375,16.03915810083211,166,5.06591796875,1877,57.281494140625,0,0.0,0xD32DF697,0,512,384,0.0,2.0,1.5,0,0x04,0,0,0,1,0,0,0,0,-1,0,,,,,,,,,,,,,,,,,,,,,,
170,2,PITCH_SWEEP,5.7,271971,8299.896240234375,2109,64.361572265625,15.537221431958274,166,5.06591796875,1943,59.295654296875,0,0.0,0x0366AA7D,0,512,384,0.0,2.0,1.5,0,0x04,0,0,0,1,0,0,0,0,-1,0,,,,,,,,,,,,,,,,,,,,,,
171,2,PITCH_SWEEP,5.733333333333333,274156,8366.5771484375,2185,66.680908203125,14.99679633867277,166,5.06591796875,2018,61.58447265625,1,0.030517578125,0xB89D05A3,0,512,384,0.0,2.0,1.5,0,0x04,0,0,0,1,0,0,0,0,-1,0,,,,,,,,,,,,,,,,,,,,,,
172,2,PITCH_SWEEP,5.766666666666667,276442,8436.34033203125,2286,69.76318359375,14.334208223972004,166,5.06591796875,2120,64.697265625,0,0.0,0xF5262E21,0,512,384,0.0,2.0,1.5,0,0x04,0,0,0,1,0,0,0,0,-1,0,,,,,,,,,,,,,,,,,,,,,,
173,2,PITCH_SWEEP,5.8,278772,8507.4462890625,2330,71.10595703125,14.06351931330472,166,5.06591796875,2163,66.009521484375,1,0.030517578125,0x99F6DC11,0,512,384,0.0,2.0,1.5,0,0x04,0,0,0,1,0,0,0,0,-1,0,,,,,,,,,,,,,,,,,,,,,,
174,2,PITCH_SWEEP,5.833333333333333,281122,8579.16259765625,2350,71.71630859375,13.943829787234042,166,5.06591796875,2184,66.650390625,0,0.0,0xEBC50AFB,0,512,384,0.0,2.0,1.5,0,0x04,0,0,0,1,0,0,0,0,-1,0,,,,,,,,,,,,,,,,,,,,,,
175,2,PITCH_SWEEP,5.866666666666666,283465,8650.665283203125,2343,71.502685546875,13.985488689714042,166,5.06591796875,2177,66.436767578125,0,0.0,0x9E5629C9,0,512,384,0.0,2.0,1.5,0,0x04,0,0,0,1,0,0,0,0,-1,0,,,,,,,,,,,,,,,,,,,,,,
176,2,PITCH_SWEEP,5.9,285856,8723.6328125,2391,72.967529296875,13.704726056043496,166,5.06591796875,2225,67.901611328125,0,0.0,0x70322F27,0,512,384,0.0,2.0,1.5,0,0x04,0,0,0,1,0,0,0,0,-1,0,,,,,,,,,,,,,,,,,,,,,,
177,2,PITCH_SWEEP,5.933333333333334,288260,8796.9970703125,2404,73.3642578125,13.630615640599002,166,5.06591796875,2238,68.29833984375,0,0.0,0x390641B9,0,512,384,0.0,2.0,1.5,0,0x04,0,0,0,1,0,0,0,0,-1,0,,,,,,,,,,,,,,,,,,,,,,
178,2,PITCH_SWEEP,5.966666666666667,290652,8869.9951171875,2392,72.998046875,13.698996655518394,166,5.06591796875,2225,67.901611328125,1,0.030517578125,0xC1D27A09,0,512,384,0.0,2.0,1.5,0,0x04,0,0,0,1,0,0,0,0,-1,0,,,,,,,,,,,,,,,,,,,,,,
179,2,PITCH_SWEEP,6.0,293068,8943.7255859375,2416,73.73046875,13.562913907284768,166,5.06591796875,2250,68.66455078125,0,0.0,0xDBF98667,0,512,384,0.0,2.0,1.5,0,0x04,0,0,0,1,0,0,0,0,-1,0,,,,,,,,,,,,,,,,,,,,,,
180,2,PITCH_SWEEP,6.033333333333333,295465,9016.876220703125,2397,73.150634765625,13.670421360033375,166,5.06591796875,2231,68.084716796875,0,0.0,0x776F84F5,0,512,384,0.0,2.0,1.5,0,0x04,0,0,0,1,0,0,0,0,-1,0,,,,,,,,,,,,,,,,,,,,,,
181,2,PITCH_SWEEP,6.066666666666666,297870,9090.27099609375,2405,73.394775390625,13.624948024948026,166,5.06591796875,2238,68.29833984375,1,0.030517578125,0x9C5D3DAB,0,512,384,0.0,2.0,1.5,0,0x04,0,0,0,1,0,0,0,0,-1,0,,,,,,,,,,,,,,,,,,,,,,
182,2,PITCH_SWEEP,6.1,300269,9163.482666015625,2399,73.211669921875,13.659024593580659,166,5.06591796875,2233,68.145751953125,0,0.0,0xF3A6ABD1,0,512,384,0.0,2.0,1.5,0,0x04,0,0,0,1,0,0,0,0,-1,0,,,,,,,,,,,,,,,,,,,,,,
183,2,PITCH_SWEEP,6.133333333333334,302658,9236.38916015625,2389,72.906494140625,13.716199246546672,166,5.06591796875,2223,67.840576171875,0,0.0,0x979B296F,0,512,384,0.0,2.0,1.5,0,0x04,0,0,0,1,0,0,0,0,-1,0,,,,,,,,,,,,,,,,,,,,,,
184,2,PITCH_SWEEP,6.166666666666667,305012,9308.2275390625,2354,71.83837890625,13.920135938827528,166,5.06591796875,2187,66.741943359375,1,0.030517578125,0x0CFC7757,0,512,384,0.0,2.0,1.5,0,0x04,0,0,0,1,0,0,0,0,-1,0,,,,,,,,,,,,,,,,,,,,,,
185,2,PITCH_SWEEP,6.2,307366,9380.06591796875,2354,71.83837890625,13.920135938827528,166,5.06591796875,2187,66.741943359375,1,0.030517578125,0x917C6B41,0,512,384,0.0,2.0,1.5,0,0x04,0,0,0,1,0,0,0,0,-1,0,,,,,,,,,,,,,,,,,,,,,,
186,2,PITCH_SWEEP,6.233333333333333,309686,9450.86669921875,2320,70.80078125,14.124137931034483,167,5.096435546875,2153,65.704345703125,0,0.0,0x556C25D5,0,512,384,0.0,2.0,1.5,0,0x04,0,0,0,1,0,0,0,0,-1,0,,,,,,,,,,,,,,,,,,,,,,
187,2,PITCH_SWEEP,6.266666666666667,311913,9518.829345703125,2227,67.962646484375,14.713964975303098,166,5.06591796875,2061,62.896728515625,0,0.0,0x1E07FA07,0,512,384,0.0,2.0,1.5,0,0x04,0,0,0,1,0,0,0,0,-1,0,,,,,,,,,,,,,,,,,,,,,,
188,2,PITCH_SWEEP,6.3,313919,9580.047607421875,2006,61.21826171875,16.334995014955133,166,5.06591796875,1839,56.121826171875,1,0.030517578125,0x9BACD179,0,512,384,0.0,2.0,1.5,0,0x04,0,0,0,1,0,0,0,0,-1,0,,,,,,,,,,,,,,,,,,,,,,
189,2,PITCH_SWEEP,6.333333333333333,315869,9639.556884765625,1950,59.50927734375,16.804102564102564,166,5.06591796875,1783,54.412841796875,1,0.030517578125,0x41E71BC3,0,512,384,0.0,2.0,1.5,0,0x04,0,0,0,1,0,0,0,0,-1,0,,,,,,,,,,,,,,,,,,,,,,
190,2,PITCH_SWEEP,6.366666666666666,317708,9695.6787109375,1839,56.121826171875,17.81837955410549,166,5.06591796875,1673,51.055908203125,0,0.0,0xACF00F3D,0,512,384,0.0,2.0,1.5,0,0x04,0,0,0,1,0,0,0,0,-1,0,,,,,,,,,,,,,,,,,,,,,,
191,2,PITCH_SWEEP,6.4,319452,9748.9013671875,1744,53.22265625,18.788990825688074,166,5.06591796875,1578,48.15673828125,0,0.0,0x32DB7BBD,0,512,384,0.0,2.0,1.5,0,0x04,0,0,0,1,0,0,0,0,-1,0,,,,,,,,,,,,,,,,,,,,,,
192,2,PITCH_SWEEP,6.433333333333334,321116,9799.6826171875,1664,50.78125,19.692307692307693,166,5.06591796875,1498,45.71533203125,0,0.0,0xB63D0AED,0,512,384,0.0,2.0,1.5,0,0x04,0,0,0,1,0,0,0,0,-1,0,,,,,,,,,,,,,,,,,,,,,,
193,2,PITCH_SWEEP,6.466666666666667,322879,9853.485107421875,1763,53.802490234375,18.58650028360749,166,5.06591796875,1597,48.736572265625,0,0.0,0x1DBE7CEB,0,512,384,0.0,2.0,1.5,0,0x04,0,0,0,1,0,0,0,0,-1,0,,,,,,,,,,,,,,,,,,,,,,
194,2,PITCH_SWEEP,6.5,324598,9905.94482421875,1719,52.459716796875,19.062245491564862,166,5.06591796875,1553,47.393798828125,0,0.0,0x955E2471,0,512,384,0.0,2.0,1.5,0,0x04,0,0,0,1,0,0,0,0,-1,0,,,,,,,,,,,,,,,,,,,,,,
195,2,PITCH_SWEEP,6.533333333333333,326314,9958.31298828125,1716,52.3681640625,19.095571095571096,166,5.06591796875,1549,47.271728515625,1,0.030517578125,0x6151133D,0,512,384,0.0,2.0,1.5,0,0x04,0,0,0,1,0,0,0,0,-1,0,,,,,,,,,,,,,,,,,,,,,,
196,2,PITCH_SWEEP,6.566666666666666,328012,10010.1318359375,1698,51.81884765625,19.297997644287396,166,5.06591796875,1532,46.7529296875,0,0.0,0x900FB321,0,512,384,0.0,2.0,1.5,0,0x04,0,0,0,1,0,0,0,0,-1,0,,,,,,,,,,,,,,,,,,,,,,
197,2,PITCH_SWEEP,6.6,329536,10056.640625,1524,46.5087890625,21.501312335958005,166,5.06591796875,1357,41.412353515625,1,0.030517578125,0xC01F6EEB,0,512,384,0.0,2.0,1.5,0,0x04,0,0,0,1,0,0,0,0,-1,0,,,,,,,,,,,,,,,,,,,,,,
198,2,PITCH_SWEEP,6.633333333333334,331038,10102.47802734375,1502,45.83740234375,21.81624500665779,166,5.06591796875,1336,40.771484375,0,0.0,0x984FEC5B,0,512,384,0.0,2.0,1.5,0,0x04,0,0,0,1,0,0,0,0,-1,0,,,,,,,,,,,,,,,,,,,,,,
199,2,PITCH_SWEEP,6.666666666666667,332499,10147.064208984375,1461,44.586181640625,22.428473648186174,166,5.06591796875,1294,39.48974609375,1,0.030517578125,0x0C713E95,0,512,384,0.0,2.0,1.5,0,0x04,0,0,0,1,0,0,0,0,-1,0,,,,,,,,,,,,,,,,,,,,,,
200,2,PITCH_SWEEP,6.7,333922,10190.49072265625,1423,43.426513671875,23.02740688685875,166,5.06591796875,1257,38.360595703125,0,0.0,0x984FEC5B,0,512,384,0.0,2.0,1.5,0,0x04,0,0,0,1,0,0,0,0,1,0,,,,,,,,,,,,,,,,,,,,,,
201,2,PITCH_SWEEP,6.733333333333333,335434,10236.63330078125,1512,46.142578125,21.67195767195767,166,5.06591796875,1346,41.07666015625,0,0.0,0xC01F6EEB,0,512,384,0.0,2.0,1.5,0,0x04,0,0,0,1,0,0,0,0,1,0,,,,,,,,,,,,,,,,,,,,,,
202,2,PITCH_SWEEP,6.766666666666667,337117,10287.994384765625,1683,51.361083984375,19.469994058229354,166,5.06591796875,1516,46.2646484375,1,0.030517578125,0x900FB321,0,512,384,0.0,2.0,1.5,0,0x04,0,0,0,1,0,0,0,0,1,0,,,,,,,,,,,,,,,,,,,,,,
203,2,PITCH_SWEEP,6.8,338817,10339.874267578125,1700,51.8798828125,19.275294117647057,166,5.06591796875,1533,46.783447265625,1,0.030517578125,0x6151133D,0,512,384,0.0,2.0,1.5,0,0x04,0,0,0,1,0,0,0,0,1,0,,,,,,,,,,,,,,,,,,,,,,
204,2,PITCH_SWEEP,6.833333333333333,340535,10392.303466796875,1718,52.42919921875,19.073341094295692,166,5.06591796875,1552,47.36328125,0,0.0,0x955E2471,0,512,384,0.0,2.0,1.5,0,0x04,0,0,0,1,0,0,0,0,1,0,,,,,,,,,,,,,,,,,,,,,,
205,2,PITCH_SWEEP,6.866666666666666,342277,10445.465087890625,1742,53.16162109375,18.810562571756602,166,5.06591796875,1575,48.065185546875,1,0.030517578125,0x1DBE7CEB,0,512,384,0.0,2.0,1.5,0,0x04,0,0,0,1,0,0,0,0,1,0,,,,,,,,,,,,,,,,,,,,,,
206,2,PITCH_SWEEP,6.9,343881,10494.415283203125,1604,48.9501953125,20.428927680798004,166,5.06591796875,1437,43.853759765625,1,0.030517578125,0xB63D0AED,0,512,384,0.0,2.0,1.5,0,0x04,0,0,0,1,0,0,0,0,1,0,,,,,,,,,,,,,,,,,,,,,,
207,2,PITCH_SWEEP,6.933333333333334,345560,10545.654296875,1679,51.239013671875,19.51637879690292,166,5.06591796875,1513,46.173095703125,0,0.0,0x32DB7BBD,0,512,384,0.0,2.0,1.5,0,0x04,0,0,0,1,0,0,0,0,1,0,,,,,,,,,,,,,,,,,,,,,,
208,2,PITCH_SWEEP,6.966666666666667,347341,10600.006103515625,1781,54.351806640625,18.398652442448064,166,5.06591796875,1614,49.25537109375,1,0.030517578125,0xACF00F3D,0,512,384,0.0,2.0,1.5,0,0x04,0,0,0,1,0,0,0,0,1,0,,,,,,,,,,,,,,,,,,,,,,
209,2,PITCH_SWEEP,7.0,349248,10658.203125,1907,58.197021484375,17.18300996329313,167,5.096435546875,1739,53.070068359375,1,0.030517578125,0x41E71BC3,0,512,384,0.0,2.0,1.5,0,0x04,0,0,0,1,0,0,0,0,1,0,,,,,,,,,,,,,,,,,,,,,,
210,2,PITCH_SWEEP,7.033333333333333,351215,10718.231201171875,1967,60.028076171875,16.658871377732588,166,5.06591796875,1800,54.931640625,1,0.030517578125,0x9BACD179,0,512,384,0.0,2.0,1.5,0,0x04,0,0,0,1,0,0,0,0,1,0,,,,,,,,,,,,,,,,,,,,,,
211,2,PITCH_SWEEP,7.066666666666666,353404,10785.0341796875,2189,66.802978515625,14.969392416628597,167,5.096435546875,2021,61.676025390625,1,0.030517578125,0x1E07FA07,0,512,384,0.0,2.0,1.5,0,0x04,0,0,0,1,0,0,0,0,1,0,,,,,,,,,,,,,,,,,,,,,,
212,2,PITCH_SWEEP,7.1,355663,10853.973388671875,2259,68.939208984375,14.505533421868083,166,5.06591796875,2092,63.8427734375,1,0.030517578125,0x556C25D5,0,512,384,0.0,2.0,1.5,0,0x04,0,0,0,1,0,0,0,0,1,0,,,,,,,,,,,,,,,,,,,,,,
213,2,PITCH_SWEEP,7.133333333333334,357965,10924.224853515625,2302,70.25146484375,14.234578627280625,166,5.06591796875,2135,65.155029296875,1,0.030517578125,0x917C6B41,0,512,384,0.0,2.0,1.5,0,0x04,0,0,0,1,0,0,0,0,1,0,,,,,,,,,,,,,,,,,,,,,,
214,2,PITCH_SWEEP,7.166666666666667,360325,10996.246337890625,2360,72.021484375,13.884745762711864,166,5.06591796875,2193,66.925048828125,1,0.030517578125,0x0CFC7757,0,512,384,0.0,2.0,1.5,0,0x04,0,0,0,1,0,0,0,0,1,0,,,,,,,,,,,,,,,,,,,,,,
215,2,PITCH_SWEEP,7.2,362714,11069.15283203125,2389,72.906494140625,13.716199246546672,166,5.06591796875,2223,67.840576171875,0,0.0,0x979B296F,0,512,384,0.0,2.0,1.5,0,0x04,0,0,0,1,0,0,0,0,1,0,,,,,,,,,,,,,,,,,,,,,,
216,2,PITCH_SWEEP,7.233333333333333,365111,11142.303466796875,2397,73.150634765625,13.670421360033375,166,5.06591796875,2230,68.05419921875,1,0.030517578125,0xF3A6ABD1,0,512,384,0.0,2.0,1.5,0,0x04,0,0,0,1,0,0,0,0,1,0,,,,,,,,,,,,,,,,,,,,,,
217,2,PITCH_SWEEP,7.266666666666667,367542,11216.49169921875,2431,74.188232421875,13.479226655697245,166,5.06591796875,2264,69.091796875,1,0.030517578125,0x9C5D3DAB,0,512,384,0.0,2.0,1.5,0,0x04,0,0,0,1,0,0,0,0,1,0,,,,,,,,,,,,,,,,,,,,,,
218,2,PITCH_SWEEP,7.3,369946,11289.85595703125,2404,73.3642578125,13.630615640599002,166,5.06591796875,2238,68.29833984375,0,0.0,0x776F84F5,0,512,384,0.0,2.0,1.5,0,0x04,0,0,0,1,0,0,0,0,1,0,,,,,,,,,,,,,,,,,,,,,,
219,2,PITCH_SWEEP,7.333333333333333,372346,11363.09814453125,2400,73.2421875,13.653333333333334,166,5.06591796875,2234,68.17626953125,0,0.0,0xDBF98667,0,512,384,0.0,2.0,1.5,0,0x04,0,0,0,1,0,0,0,0,1,0,,,,,,,,,,,,,,,,,,,,,,
220,2,PITCH_SWEEP,7.366666666666666,374718,11435.48583984375,2372,72.3876953125,13.81450252951096,166,5.06591796875,2206,67.32177734375,0,0.0,0xC1D27A09,0,512,384,0.0,2.0,1.5,0,0x04,0,0,0,1,0,0,0,0,1,0,,,,,,,,,,,,,,,,,,,,,,
221,2,PITCH_SWEEP,7.4,377104,11508.30078125,2386,72.81494140625,13.733445096395641,166,5.06591796875,2220,67.7490234375,0,0.0,0x390641B9,0,512,384,0.0,2.0,1.5,0,0x04,0,0,0,1,0,0,0,0,1,0,,,,,,,,,,,,,,,,,,,,,,
222,2,PITCH_SWEEP,7.433333333333334,379480,11580.810546875,2376,72.509765625,13.79124579124579,166,5.06591796875,2209,67.413330078125,1,0.030517578125,0x70322F27,0,512,384,0.0,2.0,1.5,0,0x04,0,0,0,1,0,0,0,0,1,0,,,,,,,,,,,,,,,,,,,,,,
223,2,PITCH_SWEEP,7.466666666666667,381837,11652.740478515625,2357,71.929931640625,13.902418328383538,166,5.06591796875,2191,66.864013671875,0,0.0,0x9E5629C9,0,512,384,0.0,2.0,1.5,0,0x0C,0,0,0,1,1,0,0,0,1,0,,,,,,,,,,,,,,,,,,,,,,
224,3,PORTAL_FAR,7.5,384130,11722.71728515625,2293,69.976806640625,14.290449193196686,159,4.852294921875,2133,65.093994140625,1,0.030517578125,0x8A2F81AC,0,533,384,0.0,2.08203125,1.5,0,0x04,0,0,0,1,0,0,1,0,0,0,,,,,,,,,,,,,,,,,,,,,,
225,3,PORTAL_FAR,7.533333333333333,386323,11789.642333984375,2193,66.925048828125,14.942088463292293,158,4.82177734375,2034,62.07275390625,1,0.030517578125,0xE25D7961,0,554,384,0.0,2.1640625,1.5,0,0x04,0,0,0,1,0,0,1,0,0,0,,,,,,,,,,,,,,,,,,,,,,
226,3,PORTAL_FAR,7.566666666666666,388537,11857.208251953125,2214,67.56591796875,14.800361336946702,158,4.82177734375,2056,62.744140625,0,0.0,0x21F6AB56,0,575,384,0.0,2.24609375,1.5,0,0x04,0,0,0,1,0,0,1,0,0,0,,,,,,,,,,,,,,,,,,,,,,
227,3,PORTAL_FAR,7.6,390692,11922.9736328125,2155,65.765380859375,15.205568445475638,158,4.82177734375,1996,60.9130859375,1,0.030517578125,0xDF40AB83,0,596,384,0.0,2.328125,1.5,0,0x04,0,0,0,1,0,0,1,0,0,0,,,,,,,,,,,,,,,,,,,,,,
228,3,PORTAL_FAR,7.633333333333334,392876,11989.6240234375,2184,66.650390625,15.003663003663004,159,4.852294921875,2025,61.798095703125,0,0.0,0xC8B687A0,0,617,384,0.0,2.41015625,1.5,0,0x04,0,0,0,1,0,0,1,0,0,0,,,,,,,,,,,,,,,,,,,,,,
229,3,PORTAL_FAR,7.666666666666667,395121,12058.135986328125,2245,68.511962890625,14.595991091314032,158,4.82177734375,2086,63.65966796875,1,0.030517578125,0x21711EA5,0,638,384,0.0,2.4921875,1.5,0,0x04,0,0,0,1,0,0,1,0,0,0,,,,,,,,,,,,,,,,,,,,,,
230,3,PORTAL_FAR,7.7,397347,12126.068115234375,2226,67.93212890625,14.720575022461816,158,4.82177734375,2068,63.1103515625,0,0.0,0xEF2709EA,0,659,384,0.0,2.57421875,1.5,0,0x04,0,0,0,1,0,0,1,0,0,0,,,,,,,,,,,,,,,,,,,,,,
231,3,PORTAL_FAR,7.733333333333333,399568,12193.84765625,2221,67.779541015625,14.75371454299865,158,4.82177734375,2062,62.92724609375,1,0.030517578125,0xA681AE77,0,680,384,0.0,2.65625,1.5,0,0x04,0,0,0,1,0,0,1,0,0,0,,,,,,,,,,,,,,,,,,,,,,
232,3,PORTAL_FAR,7.766666666666667,401737,12260.040283203125,2169,66.192626953125,15.107422775472568,158,4.82177734375,2011,61.370849609375,0,0.0,0xC1415BE4,0,701,384,0.0,2.73828125,1.5,0,0x04,0,0,0,1,0,0,1,0,0,0,,,,,,,,,,,,,,,,,,,,,,
233,3,PORTAL_FAR,7.8,403833,12324.005126953125,2096,63.96484375,15.633587786259541,158,4.82177734375,1938,59.14306640625,0,0.0,0x15562539,0,722,384,0.0,2.8203125,1.5,0,0x04,0,0,0,1,0,0,1,0,0,0,,,,,,,,,,,,,,,,,,,,,,
234,3,PORTAL_FAR,7.833333333333333,406004,12390.2587890625,2171,66.253662109375,15.093505297098112,158,4.82177734375,2013,61.431884765625,0,0.0,0x2E3AAF2E,0,743,384,0.0,2.90234375,1.5,0,0x04,0,0,0,1,0,0,1,0,0,0,,,,,,,,,,,,,,,,,,,,,,
235,3,PORTAL_FAR,7.866666666666666,408193,12457.061767578125,2189,66.802978515625,14.969392416628597,158,4.82177734375,2030,61.95068359375,1,0.030517578125,0x6A11B2BB,0,764,384,0.0,2.984375,1.5,0,0x04,0,0,0,1,0,0,1,0,0,0,,,,,,,,,,,,,,,,,,,,,,
236,3,PORTAL_FAR,7.9,410914,12540.10009765625,2721,83.038330078125,12.04263138552003,158,4.82177734375,2562,78.18603515625,1,0.030517578125,0x98AF8E0D,0,785,384,0.0,3.06640625,1.5,0,0x04,0,0,0,1,0,0,1,0,0,0,,,,,,,,,,,,,,,,,,,,,,
237,3,PORTAL_FAR,7.933333333333334,413708,12625.3662109375,2794,85.26611328125,11.727988546886184,158,4.82177734375,2636,80.4443359375,0,0.0,0x3C798CE8,0,806,384,0.0,3.1484375,1.5,0,0x04,0,0,0,1,0,0,1,0,0,0,,,,,,,,,,,,,,,,,,,,,,
238,3,PORTAL_FAR,7.966666666666667,416423,12708.221435546875,2715,82.855224609375,12.069244935543278,158,4.82177734375,2556,78.0029296875,1,0.030517578125,0xE5941D8F,0,827,384,0.0,3.23046875,1.5,0,0x04,0,0,0,1,0,0,1,0,0,0,,,,,,,,,,,,,,,,,,,,,,
239,3,PORTAL_FAR,8.0,419054,12788.51318359375,2631,80.291748046875,12.454580007601672,158,4.82177734375,2473,75.469970703125,0,0.0,0xB6B9C662,0,848,384,0.0,3.3125,1.5,0,0x04,0,0,0,1,0,0,1,0,0,0,,,,,,,,,,,,,,,,,,,,,,
240,3,PORTAL_FAR,8.033333333333333,421775,12871.551513671875,2721,83.038330078125,12.04263138552003,158,4.82177734375,2562,78.18603515625,1,0.030517578125,0xD8E4F351,0,869,384,0.0,3.39453125,1.5,0,0x04,0,0,0,1,0,0,1,0,0,0,,,,,,,,,,,,,,,,,,,,,,
241,3,PORTAL_FAR,8.066666666666666,424575,12957.000732421875,2800,85.44921875,11.702857142857143,158,4.82177734375,2642,80.62744140625,0,0.0,0x6E5527DC,0,890,384,0.0,3.4765625,1.5,0,0x04,0,0,0,1,0,0,1,0,0,0,,,,,,,,,,,,,,,,,,,,,,
242,3,PORTAL_FAR,8.1,427355,13041.839599609375,2780,84.8388671875,11.78705035971223,158,4.82177734375,2622,80.01708984375,0,0.0,0x41C83353,0,911,384,0.0,3.55859375,1.5,0,0x04,0,0,0,1,0,0,1,0,0,0,,,,,,,,,,,,,,,,,,,,,,
243,3,PORTAL_FAR,8.133333333333333,430032,13123.53515625,2677,81.695556640625,12.240567799775869,158,4.82177734375,2518,76.84326171875,1,0.030517578125,0xF40E8226,0,932,384,0.0,3.640625,1.5,0,0x04,0,0,0,1,0,0,1,0,0,0,,,,,,,,,,,,,,,,,,,,,,
244,3,PORTAL_FAR,8.166666666666666,432750,13206.48193359375,2718,82.94677734375,12.055923473142016,158,4.82177734375,2559,78.094482421875,1,0.030517578125,0x48B41C45,0,953,384,0.0,3.72265625,1.5,0,0x04,0,0,0,1,0,0,1,0,0,0,,,,,,,,,,,,,,,,,,,,,,
245,3,PORTAL_FAR,8.2,435505,13290.557861328125,2755,84.075927734375,11.894010889292195,158,4.82177734375,2597,79.254150390625,0,0.0,0xD734A8A0,0,974,384,0.0,3.8046875,1.5,0,0x04,0,0,0,1,0,0,1,0,0,0,,,,,,,,,,,,,,,,,,,,,,
246,3,PORTAL_FAR,8.233333333333333,438141,13371.002197265625,2636,80.4443359375,12.430955993930198,158,4.82177734375,2478,75.62255859375,0,0.0,0xCA13AD67,0,995,384,0.0,3.88671875,1.5,0,0x04,0,0,0,1,0,0,1,0,0,0,,,,,,,,,,,,,,,,,,,,,,
247,3,PORTAL_FAR,8.266666666666667,440821,13452.789306640625,2680,81.787109375,12.226865671641791,158,4.82177734375,2521,76.934814453125,1,0.030517578125,0x67B1739A,0,1016,384,0.0,3.96875,1.5,0,0x04,0,0,0,1,0,0,1,0,0,0,,,,,,,,,,,,,,,,,,,,,,
248,3,PORTAL_FAR,8.3,443580,13536.9873046875,2759,84.197998046875,11.876766944545125,159,4.852294921875,2600,79.345703125,0,0.0,0xA1481F06,0,1037,384,0.0,4.05078125,1.5,0,0x04,0,0,0,1,0,0,1,0,0,0,,,,,,,,,,,,,,,,,,,,,,
249,3,PORTAL_FAR,8.333333333333334,446369,13622.100830078125,2789,85.113525390625,11.749013983506634,158,4.82177734375,2631,80.291748046875,0,0.0,0xEFFF61B3,0,1058,384,0.0,4.1328125,1.5,0,0x04,0,0,0,1,0,0,1,0,0,0,,,,,,,,,,,,,,,,,,,,,,
250,3,PORTAL_FAR,8.366666666666667,448951,13700.897216796875,2582,78.79638671875,12.690937257939582,158,4.82177734375,2423,73.944091796875,1,0.030517578125,0x0292F82C,0,1079,384,0.0,4.21484375,1.5,0,0x04,0,0,0,1,0,0,1,0,0,0,,,,,,,,,,,,,,,,,,,,,,
251,3,PORTAL_FAR,8.4,451520,13779.296875,2569,78.399658203125,12.755157648890618,158,4.82177734375,2411,73.577880859375,0,0.0,0x0E050D61,0,1100,384,0.0,4.296875,1.5,0,0x04,0,0,0,1,0,0,1,0,0,0,,,,,,,,,,,,,,,,,,,,,,
252,3,PORTAL_FAR,8.433333333333334,453576,13842.041015625,2056,62.744140625,15.937743190661479,158,4.82177734375,1897,57.891845703125,1,0.030517578125,0x42376622,0,1121,384,0.0,4.37890625,1.5,0,0x04,0,0,0,1,0,0,1,0,0,0,,,,,,,,,,,,,,,,,,,,,,
253,3,PORTAL_FAR,8.466666666666667,455681,13906.280517578125,2105,64.239501953125,15.566745843230404,158,4.82177734375,1947,59.417724609375,0,0.0,0xD22FBA7F,0,1142,384,0.0,4.4609375,1.5,0,0x04,0,0,0,1,0,0,1,0,0,0,,,,,,,,,,,,,,,,,,,,,,
254,3,PORTAL_FAR,8.5,457777,13970.245361328125,2096,63.96484375,15.633587786259541,158,4.82177734375,1937,59.112548828125,1,0.030517578125,0x7259FE18,0,1163,384,0.0,4.54296875,1.5,0,0x06,1,1,0,1,0,0,1,0,0,0,59.051513671875,0.030517578125,0.213623046875,7.843017578125,11.474609375,1.617431640625,4.913330078125,21.026611328125,0.0,11.3525390625,0.579833984375,0,0,0,0,0,0,0,0,0,0,0
255,3,PORTAL_FAR,8.533333333333333,459959,14036.834716796875,2182,66.58935546875,15.017415215398717,159,4.852294921875,2022,61.70654296875,1,0.030517578125,0xCE60C26D,0,1184,384,0.0,4.625,1.5,0,0x04,0,0,0,1,0,0,1,0,0,0,,,,,,,,,,,,,,,,,,,,,,
256,3,PORTAL_FAR,8.566666666666666,462044,14100.4638671875,2085,63.629150390625,15.716067146282974,159,4.852294921875,1925,58.746337890625,1,0.030517578125,0xA69ACC5E,0,1205,384,0.0,4.70703125,1.5,0,0x04,0,0,0,1,0,0,1,0,0,0,,,,,,,,,,,,,,,,,,,,,,
257,3,PORTAL_FAR,8.6,463938,14158.26416015625,1894,57.80029296875,17.300950369588172,158,4.82177734375,1736,52.978515625,0,0.0,0xEA84E66B,0,1226,384,0.0,4.7890625,1.5,0,0x04,0,0,0,1,0,0,1,0,0,0,,,,,,,,,,,,,,,,,,,,,,
258,3,PORTAL_FAR,8.633333333333333,465735,14213.104248046875,1797,54.840087890625,18.234835837506957,158,4.82177734375,1639,50.018310546875,0,0.0,0xECE8EFE4,0,1247,384,0.0,4.87109375,1.5,0,0x04,0,0,0,1,0,0,1,0,0,0,,,,,,,,,,,,,,,,,,,,,,
259,3,PORTAL_FAR,8.666666666666666,467636,14271.1181640625,1901,58.013916015625,17.237243556023145,158,4.82177734375,1743,53.192138671875,0,0.0,0x96B259B9,0,1268,384,0.0,4.953125,1.5,0,0x04,0,0,0,1,0,0,1,0,0,0,,,,,,,,,,,,,,,,,,,,,,
260,3,PORTAL_FAR,8.7,469536,14329.1015625,1900,57.9833984375,17.246315789473684,158,4.82177734375,1742,53.16162109375,0,0.0,0xAD36C447,0,1289,384,0.0,5.03515625,1.5,0,0x04,0,0,0,1,0,0,1,0,0,0,,,,,,,,,,,,,,,,,,,,,,
261,3,PORTAL_FAR,8.733333333333333,471373,14385.162353515625,1837,56.060791015625,17.837778987479588,158,4.82177734375,1678,51.20849609375,1,0.030517578125,0x3B78C54A,0,1310,384,0.0,5.1171875,1.5,0,0x04,0,0,0,1,0,0,1,0,0,0,,,,,,,,,,,,,,,,,,,,,,
262,3,PORTAL_FAR,8.766666666666667,473159,14439.666748046875,1786,54.50439453125,18.347144456886898,158,4.82177734375,1628,49.6826171875,0,0.0,0xF990F785,0,1331,384,0.0,5.19921875,1.5,0,0x04,0,0,0,1,0,0,1,0,0,0,,,,,,,,,,,,,,,,,,,,,,
263,3,PORTAL_FAR,8.8,475139,14500.091552734375,1980,60.4248046875,16.54949494949495,158,4.82177734375,1822,55.60302734375,0,0.0,0xB7CC6310,0,1352,384,0.0,5.28125,1.5,0,0x04,0,0,0,1,0,0,1,0,0,0,,,,,,,,,,,,,,,,,,,,,,
264,3,PORTAL_FAR,8.833333333333334,477134,14560.97412109375,1995,60.882568359375,16.425062656641604,158,4.82177734375,1836,56.0302734375,1,0.030517578125,0xA51AF683,0,1373,384,0.0,5.36328125,1.5,0,0x04,0,0,0,1,0,0,1,0,0,0,,,,,,,,,,,,,,,,,,,,,,
265,3,PORTAL_FAR,8.866666666666667,478971,14617.034912109375,1837,56.060791015625,17.837778987479588,158,4.82177734375,1679,51.239013671875,0,0.0,0x437F0B56,0,1394,384,0.0,5.4453125,1.5,0,0x04,0,0,0,1,0,0,1,0,0,0,,,,,,,,,,,,,,,,,,,,,,
266,3,PORTAL_FAR,8.9,480892,14675.6591796875,1921,58.624267578125,17.057782404997397,158,4.82177734375,1763,53.802490234375,0,0.0,0xC5DAB451,0,1415,384,0.0,5.52734375,1.5,0,0x04,0,0,0,1,0,0,1,0,0,0,,,,,,,,,,,,,,,,,,,,,,
267,3,PORTAL_FAR,8.933333333333334,482776,14733.154296875,1884,57.4951171875,17.392781316348195,158,4.82177734375,1726,52.67333984375,0,0.0,0x5B4AE8DC,0,1436,384,0.0,5.609375,1.5,0,0x04,0,0,0,1,0,0,1,0,0,0,,,,,,,,,,,,,,,,,,,,,,
268,3,PORTAL_FAR,8.966666666666667,484536,14786.865234375,1760,53.7109375,18.618181818181817,158,4.82177734375,1601,48.858642578125,1,0.030517578125,0x521ED99F,0,1457,384,0.0,5.69140625,1.5,0,0x04,0,0,0,1,0,0,1,0,0,0,,,,,,,,,,,,,,,,,,,,,,
269,3,PORTAL_FAR,9.0,486381,14843.170166015625,1845,56.304931640625,17.760433604336043,159,4.852294921875,1685,51.422119140625,1,0.030517578125,0x50B58722,0,1478,384,0.0,5.7734375,1.5,0,0x04,0,0,0,1,0,0,1,0,0,0,,,,,,,,,,,,,,,,,,,,,,
270,3,PORTAL_FAR,9.033333333333333,488219,14899.261474609375,1838,56.09130859375,17.828073993471165,158,4.82177734375,1680,51.26953125,0,0.0,0x61C697BD,0,1499,384,0.0,5.85546875,1.5,0,0x04,0,0,0,1,0,0,1,0,0,0,,,,,,,,,,,,,,,,,,,,,,
271,3,PORTAL_FAR,9.066666666666666,489995,14953.460693359375,1776,54.19921875,18.45045045045045,158,4.82177734375,1618,49.37744140625,0,0.0,0xB4265268,0,1520,384,0.0,5.9375,1.5,0,0x04,0,0,0,1,0,0,1,0,0,0,,,,,,,,,,,,,,,,,,,,,,
272,3,PORTAL_FAR,9.1,491802,15008.60595703125,1807,55.145263671875,18.133923630326507,158,4.82177734375,1648,50.29296875,1,0.030517578125,0xFC700458,0,1541,384,0.0,6.01953125,1.5,0,0x04,0,0,0,1,0,0,1,0,0,0,,,,,,,,,,,,,,,,,,,,,,
273,3,PORTAL_FAR,9.133333333333333,493607,15063.690185546875,1805,55.084228515625,18.154016620498616,158,4.82177734375,1647,50.262451171875,0,0.0,0x5E89D90D,0,1562,384,0.0,6.1015625,1.5,0,0x04,0,0,0,1,0,0,1,0,0,0,,,,,,,,,,,,,,,,,,,,,,
274,3,PORTAL_FAR,9.166666666666666,495400,15118.408203125,1793,54.718017578125,18.275515895147798,158,4.82177734375,1635,49.896240234375,0,0.0,0x6BEE3C0A,0,1583,384,0.0,6.18359375,1.5,0,0x04,0,0,0,1,0,0,1,0,0,0,,,,,,,,,,,,,,,,,,,,,,
275,3,PORTAL_FAR,9.2,497212,15173.7060546875,1812,55.2978515625,18.083885209713024,158,4.82177734375,1653,50.445556640625,1,0.030517578125,0xEAA784B7,0,1604,384,0.0,6.265625,1.5,0,0x04,0,0,0,1,0,0,1,0,0,0,,,,,,,,,,,,,,,,,,,,,,
276,3,PORTAL_FAR,9.233333333333333,499018,15228.82080078125,1806,55.11474609375,18.143964562569213,158,4.82177734375,1647,50.262451171875,1,0.030517578125,0xCD80AA54,0,1625,384,0.0,6.34765625,1.5,0,0x04,0,0,0,1,0,0,1,0,0,0,,,,,,,,,,,,,,,,,,,,,,
277,3,PORTAL_FAR,9.266666666666667,500906,15286.43798828125,1888,57.6171875,17.35593220338983,158,4.82177734375,1729,52.764892578125,1,0.030517578125,0x49B2EFD9,0,1646,384,0.0,6.4296875,1.5,0,0x04,0,0,0,1,0,0,1,0,0,0,,,,,,,,,,,,,,,,,,,,,,
278,3,PORTAL_FAR,9.3,502779,15343.597412109375,1873,57.159423828125,17.49492792311799,158,4.82177734375,1715,52.337646484375,0,0.0,0xC0B06496,0,1667,384,0.0,6.51171875,1.5,0,0x04,0,0,0,1,0,0,1,0,0,0,,,,,,,,,,,,,,,,,,,,,,
279,3,PORTAL_FAR,9.333333333333334,504636,15400.2685546875,1857,56.671142578125,17.64566505115778,158,4.82177734375,1699,51.849365234375,0,0.0,0xA72A6D23,0,1688,384,0.0,6.59375,1.5,0,0x0C,0,0,0,1,1,0,1,0,0,0,,,,,,,,,,,,,,,,,,,,,,
280,4,PORTAL_NEAR,9.366666666666667,506440,15455.322265625,1804,55.0537109375,18.164079822616408,159,4.852294921875,1644,50.1708984375,1,0.030517578125,0x62A14290,0,1709,384,0.0,6.67578125,1.5,0,0x04,0,0,0,1,0,0,1,0,0,0,,,,,,,,,,,,,,,,,,,,,,
281,4,PORTAL_NEAR,9.4,508226,15509.82666015625,1786,54.50439453125,18.347144456886898,158,4.82177734375,1628,49.6826171875,0,0.0,0xB6B60BE5,0,1730,384,0.0,6.7578125,1.5,0,0x04,0,0,0,1,0,0,1,0,0,0,,,,,,,,,,,,,,,,,,,,,,
282,4,PORTAL_NEAR,9.433333333333334,510257,15571.807861328125,2031,61.981201171875,16.133924175283113,158,4.82177734375,1872,57.12890625,1,0.030517578125,0x645005E2,0,1751,384,0.0,6.83984375,1.5,0,0x04,0,0,0,1,0,0,1,0,0,0,,,,,,,,,,,,,,,,,,,,,,
283,4,PORTAL_NEAR,9.466666666666667,512336,15635.25390625,2079,63.446044921875,15.761423761423762,158,4.82177734375,1921,58.624267578125,0,0.0,0x00039F6F,0,1772,384,0.0,6.921875,1.5,0,0x04,0,0,0,1,0,0,1,0,0,0,,,,,,,,,,,,,,,,,,,,,,
284,4,PORTAL_NEAR,9.5,514172,15691.2841796875,1836,56.0302734375,17.847494553376908,158,4.82177734375,1678,51.20849609375,0,0.0,0xD120EC41,0,1793,384,0.0,7.00390625,1.5,0,0x04,0,0,0,1,0,0,1,0,0,0,,,,,,,,,,,,,,,,,,,,,,
285,4,PORTAL_NEAR,9.533333333333333,516188,15752.8076171875,2016,61.5234375,16.253968253968253,158,4.82177734375,1858,56.70166015625,0,0.0,0x73C92B1C,0,1814,384,0.0,7.0859375,1.5,0,0x04,0,0,0,1,0,0,1,0,0,0,,,,,,,,,,,,,,,,,,,,,,
286,4,PORTAL_NEAR,9.566666666666666,518225,15814.971923828125,2037,62.164306640625,16.086401570937653,158,4.82177734375,1878,57.31201171875,1,0.030517578125,0x60CD5E3B,0,1835,384,0.0,7.16796875,1.5,0,0x04,0,0,0,1,0,0,1,0,0,0,,,,,,,,,,,,,,,,,,,,,,
287,4,PORTAL_NEAR,9.6,520252,15876.8310546875,2027,61.859130859375,16.165762210162804,158,4.82177734375,1868,57.0068359375,1,0.030517578125,0x32E6260E,0,1856,384,0.0,7.25,1.5,0,0x04,0,0,0,1,0,0,1,0,0,0,,,,,,,,,,,,,,,,,,,,,,
288,4,PORTAL_NEAR,9.633333333333333,522307,15939.544677734375,2055,62.713623046875,15.945498783454989,158,4.82177734375,1897,57.891845703125,0,0.0,0xCFA1D4FD,0,1877,384,0.0,7.33203125,1.5,0,0x04,0,0,0,1,0,0,1,0,0,0,,,,,,,,,,,,,,,,,,,,,,
289,4,PORTAL_NEAR,9.666666666666666,523953,15989.776611328125,1646,50.23193359375,19.907654921020654,158,4.82177734375,1488,45.41015625,0,0.0,0x6726E888,0,1898,384,0.0,7.4140625,1.5,0,0x04,0,0,0,1,0,0,1,0,0,0,,,,,,,,,,,,,,,,,,,,,,
290,4,PORTAL_NEAR,9.7,525347,16032.318115234375,1394,42.54150390625,23.506456241033,158,4.82177734375,1236,37.7197265625,0,0.0,0x20263787,0,1919,384,0.0,7.49609375,1.5,0,0x04,0,0,0,1,0,0,1,0,0,0,,,,,,,,,,,,,,,,,,,,,,
291,4,PORTAL_NEAR,9.733333333333333,526744,16074.951171875,1397,42.633056640625,23.45597709377237,158,4.82177734375,1239,37.811279296875,0,0.0,0x5AE10ADA,0,1940,384,0.0,7.578125,1.5,0,0x04,0,0,0,1,0,0,1,0,0,0,,,,,,,,,,,,,,,,,,,,,,
292,4,PORTAL_NEAR,9.766666666666667,528248,16120.849609375,1504,45.8984375,21.78723404255319,158,4.82177734375,1346,41.07666015625,0,0.0,0x5A29A9F9,0,1961,384,0.0,7.66015625,1.5,0,0x04,0,0,0,1,0,0,1,0,0,0,,,,,,,,,,,,,,,,,,,,,,
293,4,PORTAL_NEAR,9.8,529752,16166.748046875,1504,45.8984375,21.78723404255319,158,4.82177734375,1345,41.046142578125,1,0.030517578125,0x814E47D4,0,1982,384,0.0,7.7421875,1.5,0,0x04,0,0,0,1,0,0,1,0,0,0,,,,,,,,,,,,,,,,,,,,,,
294,4,PORTAL_NEAR,9.833333333333334,531173,16210.113525390625,1421,43.365478515625,23.05981703026038,158,4.82177734375,1263,38.543701171875,0,0.0,0x18426913,0,2003,384,0.0,7.82421875,1.5,0,0x04,0,0,0,1,0,0,1,0,0,0,,,,,,,,,,,,,,,,,,,,,,
295,4,PORTAL_NEAR,9.866666666666667,532706,16256.89697265625,1533,46.783447265625,21.3750815394651,158,4.82177734375,1374,41.93115234375,1,0.030517578125,0x5E6E5546,0,2024,384,0.0,7.90625,1.5,0,0x04,0,0,0,1,0,0,1,0,0,0,,,,,,,,,,,,,,,,,,,,,,
296,4,PORTAL_NEAR,9.9,534253,16304.107666015625,1547,47.210693359375,21.18164188752424,158,4.82177734375,1389,42.388916015625,0,0.0,0x80998235,0,2045,384,0.0,7.98828125,1.5,0,0x04,0,0,0,1,0,0,1,0,0,0,,,,,,,,,,,,,,,,,,,,,,
297,4,PORTAL_NEAR,9.933333333333334,535694,16348.08349609375,1441,43.975830078125,22.73976405274115,158,4.82177734375,1283,39.154052734375,0,0.0,0xB9B1BE5F,0,2066,384,0.0,8.0703125,1.5,0,0x04,0,0,0,1,0,0,1,0,0,0,,,,,,,,,,,,,,,,,,,,,,
298,4,PORTAL_NEAR,9.966666666666667,537247,16395.477294921875,1553,47.393798828125,21.099806825499034,158,4.82177734375,1394,42.54150390625,1,0.030517578125,0x2AD4C960,0,2087,384,0.0,8.15234375,1.5,0,0x04,0,0,0,1,0,0,1,0,0,0,,,,,,,,,,,,,,,,,,,,,,
299,4,PORTAL_NEAR,10.0,538715,16440.277099609375,1468,44.7998046875,22.321525885558582,158,4.82177734375,1310,39.97802734375,0,0.0,0xBFF5AA95,0,2108,384,0.0,8.234375,1.5,0,0x04,0,0,0,1,0,0,1,0,0,0,,,,,,,,,,,,,,,,,,,,,,
300,4,PORTAL_NEAR,10.033333333333333,540110,16482.84912109375,1395,42.572021484375,23.489605734767025,158,4.82177734375,1237,37.750244140625,0,0.0,0x4D9E3F56,0,2129,384,0.0,8.31640625,1.5,0,0x04,0,0,0,1,0,0,1,0,0,0,,,,,,,,,,,,,,,,,,,,,,
301,4,PORTAL_NEAR,10.066666666666666,541641,16529.571533203125,1531,46.722412109375,21.40300457217505,158,4.82177734375,1372,41.8701171875,1,0.030517578125,0xBABF1433,0,2150,384,0.0,8.3984375,1.5,0,0x04,0,0,0,1,0,0,1,0,0,0,,,,,,,,,,,,,,,,,,,,,,
302,4,PORTAL_NEAR,10.1,543173,16576.324462890625,1532,46.7529296875,21.389033942558747,158,4.82177734375,1373,41.900634765625,1,0.030517578125,0x9E77BAD4,0,2171,384,0.0,8.48046875,1.5,0,0x04,0,0,0,1,0,0,1,0,0,0,,,,,,,,,,,,,,,,,,,,,,
303,4,PORTAL_NEAR,10.133333333333333,544714,16623.35205078125,1541,47.027587890625,21.26411421155094,158,4.82177734375,1383,42.205810546875,0,0.0,0xBBB1AF29,0,2192,384,0.0,8.5625,1.5,0,0x04,0,0,0,1,0,0,1,0,0,0,,,,,,,,,,,,,,,,,,,,,,
304,4,PORTAL_NEAR,10.166666666666666,546293,16671.539306640625,1579,48.187255859375,20.752374920835972,158,4.82177734375,1420,43.3349609375,1,0.030517578125,0x4629139A,0,2213,384,0.0,8.64453125,1.5,0,0x04,0,0,0,1,0,0,1,0,0,0,,,,,,,,,,,,,,,,,,,,,,
305,4,PORTAL_NEAR,10.2,547880,16719.970703125,1587,48.431396484375,20.647763074984248,158,4.82177734375,1428,43.5791015625,1,0.030517578125,0xB2BD4927,0,2234,384,0.0,8.7265625,1.5,0,0x04,0,0,0,1,0,0,1,0,0,0,,,,,,,,,,,,,,,,,,,,,,
306,4,PORTAL_NEAR,10.233333333333333,549091,16756.927490234375,1211,36.956787109375,27.058629232039635,158,4.82177734375,1052,32.1044921875,1,0.030517578125,0x75A50988,0,2255,384,0.0,8.80859375,1.5,0,0x04,0,0,0,1,0,0,1,0,0,0,,,,,,,,,,,,,,,,,,,,,,
307,4,PORTAL_NEAR,10.266666666666667,550179,16790.130615234375,1088,33.203125,30.11764705882353,158,4.82177734375,929,28.350830078125,1,0.030517578125,0x3350AD5D,0,2276,384,0.0,8.890625,1.5,0,0x04,0,0,0,1,0,0,1,0,0,0,,,,,,,,,,,,,,,,,,,,,,
308,4,PORTAL_NEAR,10.3,551379,16826.751708984375,1200,36.62109375,27.30666666666667,158,4.82177734375,1041,31.768798828125,1,0.030517578125,0x69A6C0FE,0,2297,384,0.0,8.97265625,1.5,0,0x04,0,0,0,1,0,0,1,0,0,0,,,,,,,,,,,,,,,,,,,,,,
309,4,PORTAL_NEAR,10.333333333333334,552570,16863.09814453125,1191,36.346435546875,27.513014273719563,158,4.82177734375,1033,31.524658203125,0,0.0,0x366CD1EE,0,2318,384,0.0,9.0546875,1.5,0,0x04,0,0,0,1,0,0,1,0,0,0,,,,,,,,,,,,,,,,,,,,,,
310,4,PORTAL_NEAR,10.366666666666667,553775,16899.871826171875,1205,36.773681640625,27.19336099585062,158,4.82177734375,1046,31.92138671875,1,0.030517578125,0xC3435431,0,2339,384,0.0,9.13671875,1.5,0,0x04,0,0,0,1,0,0,1,0,0,0,,,,,,,,,,,,,,,,,,,,,,
311,4,PORTAL_NEAR,10.4,554980,16936.6455078125,1205,36.773681640625,27.19336099585062,158,4.82177734375,1046,31.92138671875,1,0.030517578125,0xCF5C623C,0,2360,384,0.0,9.21875,1.5,0,0x04,0,0,0,1,0,0,1,0,0,0,,,,,,,,,,,,,,,,,,,,,,
312,4,PORTAL_NEAR,10.433333333333334,556187,16973.480224609375,1207,36.834716796875,27.148301574150786,158,4.82177734375,1048,31.982421875,1,0.030517578125,0xF349B22F,0,2381,384,0.0,9.30078125,1.5,0,0x06,1,1,0,1,0,0,1,0,0,0,31.951904296875,0.0,6.744384765625,0.0,0.0,0.0,14.007568359375,0.823974609375,0.0,9.796142578125,0.579833984375,0,0,0,0,0,0,0,0,0,0,0
313,4,PORTAL_NEAR,10.466666666666667,557393,17010.284423828125,1206,36.80419921875,27.170812603648425,158,4.82177734375,1048,31.982421875,0,0.0,0xB5BF8E02,0,2402,384,0.0,9.3828125,1.5,0,0x04,0,0,0,1,0,0,1,0,0,0,,,,,,,,,,,,,,,,,,,,,,
314,4,PORTAL_NEAR,10.5,558589,17046.783447265625,1196,36.4990234375,27.39799331103679,158,4.82177734375,1037,31.646728515625,1,0.030517578125,0xC450AA05,0,2423,384,0.0,9.46484375,1.5,0,0x04,0,0,0,1,0,0,1,0,0,0,,,,,,,,,,,,,,,,,,,,,,
315,4,PORTAL_NEAR,10.533333333333333,559795,17083.587646484375,1206,36.80419921875,27.170812603648425,158,4.82177734375,1047,31.951904296875,1,0.030517578125,0x6CC07690,0,2444,384,0.0,9.546875,1.5,0,0x0C,0,0,0,1,1,0,1,0,0,0,,,,,,,,,,,,,,,,,,,,,,
316,5,CROSS_DOWN,10.566666666666666,561000,17120.361328125,1205,36.773681640625,27.19336099585062,158,4.82177734375,1047,31.951904296875,0,0.0,0x12BF43D3,0,2465,384,0.0,9.62890625,1.5,0,0x06,1,1,0,1,0,0,1,0,0,0,31.92138671875,0.0,6.7138671875,0.0,0.0,0.0,14.007568359375,0.823974609375,0.0,9.796142578125,0.579833984375,0,0,0,0,0,0,0,0,0,0,0
317,5,CROSS_DOWN,10.6,562085,17153.472900390625,1085,33.111572265625,30.200921658986175,158,4.82177734375,927,28.289794921875,0,0.0,0xF8731ED6,0,2486,384,0.0,9.7109375,1.5,0,0x04,0,0,0,1,0,0,1,0,0,0,,,,,,,,,,,,,,,,,,,,,,
318,5,CROSS_DOWN,10.633333333333333,563920,17209.47265625,1835,55.999755859375,17.857220708446867,1161,35.430908203125,674,20.56884765625,0,0.0,0x55DB212F,3072,1282,1189,12.0,5.0078125,4.64453125,1,0x05,0,0,1,1,0,0,1,0,0,0,,,,,,,,,,,,,,,,,,,,,,
319,5,CROSS_DOWN,10.666666666666666,564745,17234.649658203125,825,25.177001953125,39.71878787878788,150,4.57763671875,674,20.56884765625,1,0.030517578125,0x2C3FE3A2,3071,1261,1165,11.99609375,4.92578125,4.55078125,1,0x0C,0,0,0,1,1,0,1,0,0,0,,,,,,,,,,,,,,,,,,,,,,
320,6,RETURN_UP,10.7,565444,17255.9814453125,699,21.331787109375,46.87839771101574,148,4.5166015625,551,16.815185546875,0,0.0,0xE58885F5,3071,1261,1165,11.99609375,4.92578125,4.55078125,1,0x14,0,0,0,1,0,1,0,0,0,1,,,,,,,,,,,,,,,,,,,,,,
321,6,RETURN_UP,10.733333333333333,566145,17277.374267578125,701,21.392822265625,46.744650499286735,149,4.547119140625,551,16.815185546875,1,0.030517578125,0x64268D6D,3071,1261,1165,11.99609375,4.92578125,4.55078125,1,0x10,0,0,0,0,0,1,0,0,0,0,,,,,,,,,,,,,,,,,,,,,,
322,6,RETURN_UP,10.766666666666667,566844,17298.7060546875,699,21.331787109375,46.87839771101574,148,4.5166015625,551,16.815185546875,0,0.0,0x1F13C0A3,3071,1262,1186,11.99609375,4.9296875,4.6328125,1,0x14,0,0,0,1,0,1,-1,0,0,0,,,,,,,,,,,,,,,,,,,,,,
323,6,RETURN_UP,10.8,567601,17321.807861328125,757,23.101806640625,43.28665785997358,148,4.5166015625,609,18.585205078125,0,0.0,0x456DF621,3071,1263,1207,11.99609375,4.93359375,4.71484375,1,0x14,0,0,0,1,0,1,-1,0,0,0,,,,,,,,,,,,,,,,,,,,,,
324,6,RETURN_UP,10.833333333333334,569739,17387.054443359375,2138,65.24658203125,15.326473339569691,1155,35.247802734375,983,29.998779296875,0,0.0,0xE3304181,1,2468,400,0.00390625,9.640625,1.5625,0,0x15,0,0,1,1,0,1,-1,0,0,0,,,,,,,,,,,,,,,,,,,,,,
325,6,RETURN_UP,10.866666666666667,570880,17421.875,1141,34.820556640625,28.718667835232253,157,4.791259765625,983,29.998779296875,1,0.030517578125,0xF5333920,0,2447,399,0.0,9.55859375,1.55859375,0,0x14,0,0,0,1,0,1,-1,0,0,0,,,,,,,,,,,,,,,,,,,,,,
326,6,RETURN_UP,10.9,571896,17452.880859375,1016,31.005859375,32.25196850393701,157,4.791259765625,859,26.214599609375,0,0.0,0x5C77CA77,-1,2426,398,-0.00390625,9.4765625,1.5546875,0,0x14,0,0,0,1,0,1,-1,0,0,0,,,,,,,,,,,,,,,,,,,,,,
327,6,RETURN_UP,10.933333333333334,572983,17486.053466796875,1087,33.172607421875,30.145354185832566,157,4.791259765625,930,28.38134765625,0,0.0,0x2B5C216C,-2,2405,397,-0.0078125,9.39453125,1.55078125,0,0x14,0,0,0,1,0,1,-1,0,0,0,,,,,,,,,,,,,,,,,,,,,,
328,6,RETURN_UP,10.966666666666667,574076,17519.4091796875,1093,33.355712890625,29.979871912168345,157,4.791259765625,935,28.533935546875,1,0.030517578125,0xF6398C29,-3,2384,396,-0.01171875,9.3125,1.546875,0,0x14,0,0,0,1,0,1,-1,0,0,0,,,,,,,,,,,,,,,,,,,,,,
329,6,RETURN_UP,11.0,575175,17552.947998046875,1099,33.538818359375,29.816196542311193,157,4.791259765625,941,28.717041015625,1,0.030517578125,0xA4A3A3D6,-4,2363,395,-0.015625,9.23046875,1.54296875,0,0x1E,1,1,0,1,1,1,-1,0,0,0,28.656005859375,0.0,6.744384765625,0.0,0.0,0.0,12.26806640625,0.823974609375,0.0,7.87353515625,0.946044921875,0,0,0,0,0,0,0,0,0,0,0
330,7,LOD_RETREAT,11.033333333333333,576283,17586.761474609375,1108,33.8134765625,29.574007220216608,157,4.791259765625,950,28.99169921875,1,0.030517578125,0xF56371FB,-5,2342,394,-0.01953125,9.1484375,1.5390625,0,0x14,0,0,0,1,0,1,-1,0,0,0,,,,,,,,,,,,,,,,,,,,,,
331,7,LOD_RETREAT,11.066666666666666,577434,17621.88720703125,1151,35.125732421875,28.46915725456125,157,4.791259765625,994,30.33447265625,0,0.0,0x7882CB50,-6,2321,393,-0.0234375,9.06640625,1.53515625,0,0x14,0,0,0,1,0,1,-1,0,0,0,,,,,,,,,,,,,,,,,,,,,,
332,7,LOD_RETREAT,11.1,578623,17658.172607421875,1189,36.285400390625,27.55929352396972,157,4.791259765625,1031,31.463623046875,1,0.030517578125,0x1ABD154C,-7,2300,392,-0.02734375,8.984375,1.53125,0,0x14,0,0,0,1,0,1,-1,0,0,0,,,,,,,,,,,,,,,,,,,,,,
333,7,LOD_RETREAT,11.133333333333333,579830,17695.00732421875,1207,36.834716796875,27.148301574150786,157,4.791259765625,1049,32.012939453125,1,0.030517578125,0x4DB8A0AB,-8,2279,391,-0.03125,8.90234375,1.52734375,0,0x14,0,0,0,1,0,1,-1,0,0,0,,,,,,,,,,,,,,,,,,,,,,
334,7,LOD_RETREAT,11.166666666666666,581040,17731.93359375,1210,36.92626953125,27.08099173553719,157,4.791259765625,1053,32.135009765625,0,0.0,0x1BD7CB8E,-9,2258,390,-0.03515625,8.8203125,1.5234375,0,0x14,0,0,0,1,0,1,-1,0,0,0,,,,,,,,,,,,,,,,,,,,,,
335,7,LOD_RETREAT,11.2,582595,17779.388427734375,1555,47.454833984375,21.07266881028939,157,4.791259765625,1397,42.633056640625,1,0.030517578125,0x4C778345,-10,2237,389,-0.0390625,8.73828125,1.51953125,0,0x14,0,0,0,1,0,1,-1,0,0,0,,,,,,,,,,,,,,,,,,,,,,
336,7,LOD_RETREAT,11.233333333333333,584161,17827.178955078125,1566,47.79052734375,20.924648786717754,157,4.791259765625,1409,42.999267578125,0,0.0,0x06EDCEF0,-11,2216,388,-0.04296875,8.65625,1.515625,0,0x14,0,0,0,1,0,1,-1,0,0,0,,,,,,,,,,,,,,,,,,,,,,
337,7,LOD_RETREAT,11.266666666666667,585727,17874.969482421875,1566,47.79052734375,20.924648786717754,157,4.791259765625,1409,42.999267578125,0,0.0,0xC108F23F,-12,2195,387,-0.046875,8.57421875,1.51171875,0,0x14,0,0,0,1,0,1,-1,0,0,0,,,,,,,,,,,,,,,,,,,,,,
338,7,LOD_RETREAT,11.3,587293,17922.760009765625,1566,47.79052734375,20.924648786717754,157,4.791259765625,1409,42.999267578125,0,0.0,0xEB460C72,-13,2174,386,-0.05078125,8.4921875,1.5078125,0,0x16,1,1,0,1,0,1,-1,0,0,0,42.938232421875,0.030517578125,0.213623046875,8.636474609375,4.669189453125,2.410888671875,14.34326171875,2.38037109375,0.0,9.27734375,0.9765625,0,0,0,0,0,0,0,0,0,0,0
339,7,LOD_RETREAT,11.333333333333334,588879,17971.160888671875,1586,48.40087890625,20.66078184110971,157,4.791259765625,1429,43.609619140625,0,0.0,0xC75B1FA9,-14,2153,385,-0.0546875,8.41015625,1.50390625,0,0x14,0,0,0,1,0,1,-1,0,0,0,,,,,,,,,,,,,,,,,,,,,,
340,7,LOD_RETREAT,11.366666666666667,590436,18018.6767578125,1557,47.515869140625,21.045600513808605,157,4.791259765625,1399,42.694091796875,1,0.030517578125,0x551F57A4,-15,2132,384,-0.05859375,8.328125,1.5,0,0x14,0,0,0,1,0,1,-1,0,0,0,,,,,,,,,,,,,,,,,,,,,,
341,7,LOD_RETREAT,11.4,591963,18065.277099609375,1527,46.600341796875,21.459070072036674,157,4.791259765625,1369,41.778564453125,1,0.030517578125,0xA2C57EE3,-16,2111,383,-0.0625,8.24609375,1.49609375,0,0x14,0,0,0,1,0,1,-1,0,0,0,,,,,,,,,,,,,,,,,,,,,,
342,7,LOD_RETREAT,11.433333333333334,593477,18111.480712890625,1514,46.20361328125,21.64332892998679,157,4.791259765625,1357,41.412353515625,0,0.0,0x5D84EBA6,-17,2090,382,-0.06640625,8.1640625,1.4921875,0,0x14,0,0,0,1,0,1,-1,0,0,0,,,,,,,,,,,,,,,,,,,,,,
343,7,LOD_RETREAT,11.466666666666667,595005,18158.111572265625,1528,46.630859375,21.445026178010473,157,4.791259765625,1371,41.839599609375,0,0.0,0xA77A597D,-18,2069,381,-0.0703125,8.08203125,1.48828125,0,0x14,0,0,0,1,0,1,-1,0,0,0,,,,,,,,,,,,,,,,,,,,,,
344,7,LOD_RETREAT,11.5,596530,18204.65087890625,1525,46.539306640625,21.4872131147541,157,4.791259765625,1368,41.748046875,0,0.0,0x55E94EE8,-19,2048,380,-0.07421875,8.0,1.484375,0,0x14,0,0,0,1,0,1,-1,0,0,0,,,,,,,,,,,,,,,,,,,,,,
345,7,LOD_RETREAT,11.533333333333333,598049,18251.007080078125,1519,46.356201171875,21.57208689927584,157,4.791259765625,1362,41.56494140625,0,0.0,0xAB3EB63C,-20,2027,379,-0.078125,7.91796875,1.48046875,0,0x14,0,0,0,1,0,1,-1,0,0,0,,,,,,,,,,,,,,,,,,,,,,
346,7,LOD_RETREAT,11.566666666666666,599573,18297.515869140625,1524,46.5087890625,21.501312335958005,157,4.791259765625,1367,41.717529296875,0,0.0,0x78FA7859,-21,2006,378,-0.08203125,7.8359375,1.4765625,0,0x14,0,0,0,1,0,1,-1,0,0,0,,,,,,,,,,,,,,,,,,,,,,
347,7,LOD_RETREAT,11.6,601101,18344.146728515625,1528,46.630859375,21.445026178010473,157,4.791259765625,1371,41.839599609375,0,0.0,0xE7DBE762,-22,1985,377,-0.0859375,7.75390625,1.47265625,0,0x14,0,0,0,1,0,1,-1,0,0,0,,,,,,,,,,,,,,,,,,,,,,
348,7,LOD_RETREAT,11.633333333333333,602644,18391.2353515625,1543,47.088623046875,21.23655217109527,157,4.791259765625,1385,42.266845703125,1,0.030517578125,0x385BD137,-23,1964,376,-0.08984375,7.671875,1.46875,0,0x14,0,0,0,1,0,1,-1,0,0,0,,,,,,,,,,,,,,,,,,,,,,
349,7,LOD_RETREAT,11.666666666666666,604190,18438.41552734375,1546,47.18017578125,21.195342820181114,157,4.791259765625,1388,42.3583984375,1,0.030517578125,0x357E8788,-24,1943,375,-0.09375,7.58984375,1.46484375,0,0x14,0,0,0,1,0,1,-1,0,0,0,,,,,,,,,,,,,,,,,,,,,,
350,7,LOD_RETREAT,11.7,605689,18484.161376953125,1499,45.745849609375,21.859906604402934,157,4.791259765625,1342,40.95458984375,0,0.0,0xDF9E50B5,-25,1922,374,-0.09765625,7.5078125,1.4609375,0,0x14,0,0,0,1,0,1,-1,0,0,0,,,,,,,,,,,,,,,,,,,,,,
351,7,LOD_RETREAT,11.733333333333333,607282,18532.77587890625,1593,48.614501953125,20.569993722536097,157,4.791259765625,1436,43.8232421875,0,0.0,0xE76B625E,-26,1901,373,-0.1015625,7.42578125,1.45703125,0,0x14,0,0,0,1,0,1,-1,0,0,0,,,,,,,,,,,,,,,,,,,,,,
352,7,LOD_RETREAT,11.766666666666667,608970,18584.28955078125,1688,51.513671875,19.412322274881518,157,4.791259765625,1530,46.69189453125,1,0.030517578125,0x95527963,-27,1880,372,-0.10546875,7.34375,1.453125,0,0x14,0,0,0,1,0,1,-1,0,0,0,,,,,,,,,,,,,,,,,,,,,,
353,7,LOD_RETREAT,11.8,610724,18637.8173828125,1754,53.52783203125,18.68187001140251,157,4.791259765625,1597,48.736572265625,0,0.0,0x8E13BCD4,-28,1859,371,-0.109375,7.26171875,1.44921875,0,0x14,0,0,0,1,0,1,-1,0,0,0,,,,,,,,,,,,,,,,,,,,,,
354,7,LOD_RETREAT,11.833333333333334,612596,18694.9462890625,1872,57.12890625,17.504273504273506,157,4.791259765625,1714,52.30712890625,1,0.030517578125,0xD14DDB71,-29,1838,370,-0.11328125,7.1796875,1.4453125,0,0x14,0,0,0,1,0,1,-1,0,0,0,,,,,,,,,,,,,,,,,,,,,,
355,7,LOD_RETREAT,11.866666666666667,614393,18749.786376953125,1797,54.840087890625,18.234835837506957,157,4.791259765625,1639,50.018310546875,1,0.030517578125,0x68E66BFA,-30,1817,369,-0.1171875,7.09765625,1.44140625,0,0x14,0,0,0,1,0,1,-1,0,0,0,,,,,,,,,,,,,,,,,,,,,,
356,7,LOD_RETREAT,11.9,616258,18806.70166015625,1865,56.915283203125,17.569973190348527,157,4.791259765625,1708,52.1240234375,0,0.0,0xA61B072F,-31,1796,368,-0.12109375,7.015625,1.4375,0,0x14,0,0,0,1,0,1,-1,0,0,0,,,,,,,,,,,,,,,,,,,,,,
357,7,LOD_RETREAT,11.933333333333334,618051,18861.419677734375,1793,54.718017578125,18.275515895147798,157,4.791259765625,1636,49.9267578125,0,0.0,0x55966161,-32,1775,367,-0.125,6.93359375,1.43359375,0,0x14,0,0,0,1,0,1,-1,0,0,0,,,,,,,,,,,,,,,,,,,,,,
358,7,LOD_RETREAT,11.966666666666667,619855,18916.473388671875,1804,55.0537109375,18.164079822616408,157,4.791259765625,1647,50.262451171875,0,0.0,0x2A16FA7C,-33,1754,366,-0.12890625,6.8515625,1.4296875,0,0x14,0,0,0,1,0,1,-1,0,0,0,,,,,,,,,,,,,,,,,,,,,,
359,7,LOD_RETREAT,12.0,621627,18970.550537109375,1772,54.0771484375,18.492099322799096,157,4.791259765625,1615,49.285888671875,0,0.0,0x7AF63907,-34,1733,365,-0.1328125,6.76953125,1.42578125,0,0x14,0,0,0,1,0,1,-1,0,0,0,,,,,,,,,,,,,,,,,,,,,,
360,7,LOD_RETREAT,12.033333333333333,623626,19031.55517578125,1999,61.004638671875,16.392196098049023,157,4.791259765625,1842,56.21337890625,0,0.0,0xD97A20BA,-35,1712,364,-0.13671875,6.6875,1.421875,0,0x14,0,0,0,1,0,1,-1,0,0,0,,,,,,,,,,,,,,,,,,,,,,
361,7,LOD_RETREAT,12.066666666666666,625699,19094.818115234375,2073,63.262939453125,15.80704293294742,157,4.791259765625,1915,58.441162109375,1,0.030517578125,0x08A0658D,-36,1691,363,-0.140625,6.60546875,1.41796875,0,0x14,0,0,0,1,0,1,-1,0,0,0,,,,,,,,,,,,,,,,,,,,,,
362,7,LOD_RETREAT,12.1,627794,19158.75244140625,2095,63.934326171875,15.641050119331743,157,4.791259765625,1937,59.112548828125,1,0.030517578125,0x3B2ED158,-37,1670,362,-0.14453125,6.5234375,1.4140625,0,0x14,0,0,0,1,0,1,-1,0,0,0,,,,,,,,,,,,,,,,,,,,,,
363,7,LOD_RETREAT,12.133333333333333,629815,19220.428466796875,2021,61.676025390625,16.213755566551214,157,4.791259765625,1863,56.854248046875,1,0.030517578125,0x6FE1A9A3,-38,1649,361,-0.1484375,6.44140625,1.41015625,0,0x14,0,0,0,1,0,1,-1,0,0,0,,,,,,,,,,,,,,,,,,,,,,
364,7,LOD_RETREAT,12.166666666666666,631861,19282.867431640625,2046,62.43896484375,16.01564027370479,157,4.791259765625,1888,57.6171875,1,0.030517578125,0xF40E85E6,-39,1628,360,-0.15234375,6.359375,1.40625,0,0x14,0,0,0,1,0,1,-1,0,0,0,,,,,,,,,,,,,,,,,,,,,,
365,7,LOD_RETREAT,12.2,633785,19341.583251953125,1924,58.7158203125,17.031185031185032,157,4.791259765625,1766,53.89404296875,1,0.030517578125,0x72D9B089,-40,1607,359,-0.15625,6.27734375,1.40234375,0,0x14,0,0,0,1,0,1,-1,0,0,0,,,,,,,,,,,,,,,,,,,,,,
366,7,LOD_RETREAT,12.233333333333333,635733,19401.031494140625,1948,59.4482421875,16.82135523613963,157,4.791259765625,1790,54.62646484375,1,0.030517578125,0x49A65404,-41,1586,358,-0.16015625,6.1953125,1.3984375,0,0x14,0,0,0,1,0,1,-1,0,0,0,,,,,,,,,,,,,,,,,,,,,,
367,7,LOD_RETREAT,12.266666666666667,637635,19459.075927734375,1902,58.04443359375,17.228180862250262,157,4.791259765625,1744,53.22265625,1,0.030517578125,0x0BBFB66F,-42,1565,357,-0.1640625,6.11328125,1.39453125,0,0x14,0,0,0,1,0,1,-1,0,0,0,,,,,,,,,,,,,,,,,,,,,,
368,7,LOD_RETREAT,12.3,639549,19517.486572265625,1914,58.41064453125,17.120167189132708,157,4.791259765625,1756,53.5888671875,1,0.030517578125,0x891258C2,-43,1544,356,-0.16796875,6.03125,1.390625,0,0x14,0,0,0,1,0,1,-1,0,0,0,,,,,,,,,,,,,,,,,,,,,,
369,7,LOD_RETREAT,12.333333333333334,641443,19575.286865234375,1894,57.80029296875,17.300950369588172,157,4.791259765625,1737,53.009033203125,0,0.0,0xF99191D2,-44,1523,355,-0.171875,5.94921875,1.38671875,0,0x14,0,0,0,1,0,1,-1,0,0,0,,,,,,,,,,,,,,,,,,,,,,
370,7,LOD_RETREAT,12.366666666666667,643319,19632.537841796875,1876,57.2509765625,17.466950959488273,157,4.791259765625,1719,52.459716796875,0,0.0,0xE444F69F,-45,1502,354,-0.17578125,5.8671875,1.3828125,0,0x14,0,0,0,1,0,1,-1,0,0,0,,,,,,,,,,,,,,,,,,,,,,
371,7,LOD_RETREAT,12.4,645202,19690.00244140625,1883,57.464599609375,17.402018056293148,157,4.791259765625,1726,52.67333984375,0,0.0,0x40905A1C,-46,1481,353,-0.1796875,5.78515625,1.37890625,0,0x14,0,0,0,1,0,1,-1,0,0,0,,,,,,,,,,,,,,,,,,,,,,
372,7,LOD_RETREAT,12.433333333333334,647102,19747.98583984375,1900,57.9833984375,17.246315789473684,157,4.791259765625,1742,53.16162109375,1,0.030517578125,0x53054201,-47,1460,352,-0.18359375,5.703125,1.375,0,0x14,0,0,0,1,0,1,-1,0,0,0,,,,,,,,,,,,,,,,,,,,,,
373,7,LOD_RETREAT,12.466666666666667,649053,19807.525634765625,1951,59.539794921875,16.795489492567913,157,4.791259765625,1794,54.74853515625,0,0.0,0x7A204B3E,-48,1439,351,-0.1875,5.62109375,1.37109375,0,0x14,0,0,0,1,0,1,-1,0,0,0,,,,,,,,,,,,,,,,,,,,,,
374,7,LOD_RETREAT,12.5,650997,19866.851806640625,1944,59.326171875,16.855967078189302,157,4.791259765625,1787,54.534912109375,0,0.0,0x5CF2055B,-49,1418,350,-0.19140625,5.5390625,1.3671875,0,0x14,0,0,0,1,0,1,-1,0,0,0,,,,,,,,,,,,,,,,,,,,,,
375,7,LOD_RETREAT,12.533333333333333,652986,19927.55126953125,1989,60.699462890625,16.474610356963296,157,4.791259765625,1831,55.877685546875,1,0.030517578125,0x596A5818,-50,1397,349,-0.1953125,5.45703125,1.36328125,0,0x14,0,0,0,1,0,1,-1,0,0,0,,,,,,,,,,,,,,,,,,,,,,
376,7,LOD_RETREAT,12.566666666666666,655001,19989.044189453125,2015,61.492919921875,16.262034739454094,157,4.791259765625,1858,56.70166015625,0,0.0,0xFF08E4ED,-51,1376,348,-0.19921875,5.375,1.359375,0,0x14,0,0,0,1,0,1,-1,0,0,0,,,,,,,,,,,,,,,,,,,,,,
377,7,LOD_RETREAT,12.6,656998,20049.98779296875,1997,60.943603515625,16.408612919379067,157,4.791259765625,1840,56.15234375,0,0.0,0xA8F2C94A,-52,1355,347,-0.203125,5.29296875,1.35546875,0,0x1C,0,0,0,1,1,1,-1,0,0,0,,,,,,,,,,,,,,,,,,,,,,
378,8,LOD_APPROACH,12.633333333333333,658830,20105.89599609375,1832,55.908203125,17.88646288209607,156,4.7607421875,1675,51.116943359375,1,0.030517578125,0x4D002ED7,-51,1376,348,-0.19921875,5.375,1.359375,0,0x14,0,0,0,1,0,1,1,0,0,0,,,,,,,,,,,,,,,,,,,,,,
379,8,LOD_APPROACH,12.666666666666666,660835,20167.083740234375,2005,61.187744140625,16.343142144638403,157,4.791259765625,1847,56.365966796875,1,0.030517578125,0x09B88652,-50,1397,349,-0.1953125,5.45703125,1.36328125,0,0x14,0,0,0,1,0,1,1,0,0,0,,,,,,,,,,,,,,,,,,,,,,
380,8,LOD_APPROACH,12.7,662826,20227.84423828125,1991,60.760498046875,16.458061275740835,156,4.7607421875,1835,55.999755859375,0,0.0,0xCDD83805,-49,1418,350,-0.19140625,5.5390625,1.3671875,0,0x14,0,0,0,1,0,1,1,0,0,0,,,,,,,,,,,,,,,,,,,,,,
381,8,LOD_APPROACH,12.733333333333333,664790,20287.78076171875,1964,59.9365234375,16.684317718940935,157,4.791259765625,1807,55.145263671875,0,0.0,0x6D2BFD58,-48,1439,351,-0.1875,5.62109375,1.37109375,0,0x14,0,0,0,1,0,1,1,0,0,0,,,,,,,,,,,,,,,,,,,,,,
382,8,LOD_APPROACH,12.766666666666667,666718,20346.61865234375,1928,58.837890625,16.99585062240664,157,4.791259765625,1771,54.046630859375,0,0.0,0x6961D88B,-47,1460,352,-0.18359375,5.703125,1.375,0,0x14,0,0,0,1,0,1,1,0,0,0,,,,,,,,,,,,,,,,,,,,,,
383,8,LOD_APPROACH,12.8,668621,20404.693603515625,1903,58.074951171875,17.219127693116132,157,4.791259765625,1745,53.253173828125,1,0.030517578125,0x28A5ED36,-46,1481,353,-0.1796875,5.78515625,1.37890625,0,0x14,0,0,0,1,0,1,1,0,0,0,,,,,,,,,,,,,,,,,,,,,,
384,8,LOD_APPROACH,12.833333333333334,670488,20461.669921875,1867,56.976318359375,17.551151580074986,157,4.791259765625,1709,52.154541015625,1,0.030517578125,0xE48DD0E9,-45,1502,354,-0.17578125,5.8671875,1.3828125,0,0x14,0,0,0,1,0,1,1,0,0,0,,,,,,,,,,,,,,,,,,,,,,
385,8,LOD_APPROACH,12.866666666666667,672381,20519.439697265625,1893,57.769775390625,17.310089804543054,156,4.7607421875,1736,52.978515625,1,0.030517578125,0xC38C156C,-44,1523,355,-0.171875,5.94921875,1.38671875,0,0x14,0,0,0,1,0,1,1,0,0,0,,,,,,,,,,,,,,,,,,,,,,
386,8,LOD_APPROACH,12.9,674264,20576.904296875,1883,57.464599609375,17.402018056293148,157,4.791259765625,1725,52.642822265625,1,0.030517578125,0x8254B51C,-43,1544,356,-0.16796875,6.03125,1.390625,0,0x14,0,0,0,1,0,1,1,0,0,0,,,,,,,,,,,,,,,,,,,,,,
387,8,LOD_APPROACH,12.933333333333334,676160,20634.765625,1896,57.861328125,17.282700421940927,157,4.791259765625,1738,53.03955078125,1,0.030517578125,0xF9894479,-42,1565,357,-0.1640625,6.11328125,1.39453125,0,0x14,0,0,0,1,0,1,1,0,0,0,,,,,,,,,,,,,,,,,,,,,,
388,8,LOD_APPROACH,12.966666666666667,678135,20695.037841796875,1975,60.272216796875,16.591392405063292,156,4.7607421875,1818,55.48095703125,1,0.030517578125,0x404CAEBE,-41,1586,358,-0.16015625,6.1953125,1.3984375,0,0x14,0,0,0,1,0,1,1,0,0,0,,,,,,,,,,,,,,,,,,,,,,
389,8,LOD_APPROACH,13.0,680055,20753.631591796875,1920,58.59375,17.066666666666666,156,4.7607421875,1764,53.8330078125,0,0.0,0x4A50E553,-40,1607,359,-0.15625,6.27734375,1.40234375,0,0x14,0,0,0,1,0,1,1,0,0,0,,,,,,,,,,,,,,,,,,,,,,
390,8,LOD_APPROACH,13.033333333333333,682091,20815.765380859375,2036,62.1337890625,16.094302554027504,157,4.791259765625,1878,57.31201171875,1,0.030517578125,0x7ED10880,-39,1628,360,-0.15234375,6.359375,1.40625,0,0x14,0,0,0,1,0,1,1,0,0,0,,,,,,,,,,,,,,,,,,,,,,
391,8,LOD_APPROACH,13.066666666666666,684113,20877.471923828125,2022,61.70654296875,16.205736894164193,157,4.791259765625,1864,56.884765625,1,0.030517578125,0xC510522D,-38,1649,361,-0.1484375,6.44140625,1.41015625,0,0x14,0,0,0,1,0,1,1,0,0,0,,,,,,,,,,,,,,,,,,,,,,
392,8,LOD_APPROACH,13.1,686192,20940.91796875,2079,63.446044921875,15.761423761423762,157,4.791259765625,1921,58.624267578125,1,0.030517578125,0x2D35DF92,-37,1670,362,-0.14453125,6.5234375,1.4140625,0,0x14,0,0,0,1,0,1,1,0,0,0,,,,,,,,,,,,,,,,,,,,,,
393,8,LOD_APPROACH,13.133333333333333,688227,21003.021240234375,2035,62.103271484375,16.102211302211302,156,4.7607421875,1879,57.342529296875,0,0.0,0xEDF495F7,-36,1691,363,-0.140625,6.60546875,1.41796875,0,0x14,0,0,0,1,0,1,1,0,0,0,,,,,,,,,,,,,,,,,,,,,,
394,8,LOD_APPROACH,13.166666666666666,690237,21064.361572265625,2010,61.34033203125,16.302487562189054,157,4.791259765625,1853,56.549072265625,0,0.0,0xA1277674,-35,1712,364,-0.13671875,6.6875,1.421875,0,0x14,0,0,0,1,0,1,1,0,0,0,,,,,,,,,,,,,,,,,,,,,,
395,8,LOD_APPROACH,13.2,692259,21126.068115234375,2022,61.70654296875,16.205736894164193,157,4.791259765625,1865,56.915283203125,0,0.0,0x15EEA471,-34,1733,365,-0.1328125,6.76953125,1.42578125,0,0x14,0,0,0,1,0,1,1,0,0,0,,,,,,,,,,,,,,,,,,,,,,
396,8,LOD_APPROACH,13.233333333333333,694248,21186.767578125,1989,60.699462890625,16.474610356963296,157,4.791259765625,1832,55.908203125,0,0.0,0xB4086516,-33,1754,366,-0.12890625,6.8515625,1.4296875,0,0x14,0,0,0,1,0,1,1,0,0,0,,,,,,,,,,,,,,,,,,,,,,
397,8,LOD_APPROACH,13.266666666666667,696316,21249.8779296875,2068,63.1103515625,15.845261121856867,156,4.7607421875,1912,58.349609375,0,0.0,0xD3CEDB6B,-32,1775,367,-0.125,6.93359375,1.43359375,0,0x14,0,0,0,1,0,1,1,0,0,0,,,,,,,,,,,,,,,,,,,,,,
398,8,LOD_APPROACH,13.3,698438,21314.63623046875,2122,64.75830078125,15.442035815268614,156,4.7607421875,1965,59.967041015625,1,0.030517578125,0x37907739,-31,1796,368,-0.12109375,7.015625,1.4375,0,0x14,0,0,0,1,0,1,1,0,0,0,,,,,,,,,,,,,,,,,,,,,,
399,8,LOD_APPROACH,13.333333333333334,700465,21376.495361328125,2027,61.859130859375,16.165762210162804,157,4.791259765625,1870,57.06787109375,0,0.0,0x354D8EB4,-30,1817,369,-0.1171875,7.09765625,1.44140625,0,0x14,0,0,0,1,0,1,1,0,0,0,,,,,,,,,,,,,,,,,,,,,,
400,8,LOD_APPROACH,13.366666666666667,702578,21440.97900390625,2113,64.483642578125,15.50780880265026,156,4.7607421875,1957,59.722900390625,0,0.0,0xB989B73B,-29,1838,370,-0.11328125,7.1796875,1.4453125,0,0x14,0,0,0,1,0,1,1,0,0,0,,,,,,,,,,,,,,,,,,,,,,
401,8,LOD_APPROACH,13.4,704603,21502.777099609375,2025,61.798095703125,16.18172839506173,157,4.791259765625,1867,56.976318359375,1,0.030517578125,0xA649088E,-28,1859,371,-0.109375,7.26171875,1.44921875,0,0x14,0,0,0,1,0,1,1,0,0,0,,,,,,,,,,,,,,,,,,,,,,
402,8,LOD_APPROACH,13.433333333333334,706510,21560.97412109375,1907,58.197021484375,17.18300996329313,157,4.791259765625,1750,53.40576171875,0,0.0,0x81CF51ED,-27,1880,372,-0.10546875,7.34375,1.453125,0,0x14,0,0,0,1,0,1,1,0,0,0,,,,,,,,,,,,,,,,,,,,,,
403,8,LOD_APPROACH,13.466666666666667,708050,21607.97119140625,1540,46.9970703125,21.277922077922078,157,4.791259765625,1382,42.17529296875,1,0.030517578125,0x141BC178,-26,1901,373,-0.1015625,7.42578125,1.45703125,0,0x14,0,0,0,1,0,1,1,0,0,0,,,,,,,,,,,,,,,,,,,,,,
404,8,LOD_APPROACH,13.5,709534,21653.25927734375,1484,45.2880859375,22.080862533692724,156,4.7607421875,1328,40.52734375,0,0.0,0xBB50435F,-25,1922,374,-0.09765625,7.5078125,1.4609375,0,0x14,0,0,0,1,0,1,1,0,0,0,,,,,,,,,,,,,,,,,,,,,,
405,8,LOD_APPROACH,13.533333333333333,711034,21699.03564453125,1500,45.7763671875,21.845333333333333,156,4.7607421875,1343,40.985107421875,1,0.030517578125,0x03554D82,-24,1943,375,-0.09375,7.58984375,1.46484375,0,0x14,0,0,0,1,0,1,1,0,0,0,,,,,,,,,,,,,,,,,,,,,,
406,8,LOD_APPROACH,13.566666666666666,712541,21745.025634765625,1507,45.989990234375,21.74386197743862,156,4.7607421875,1351,41.229248046875,0,0.0,0x3EEA4DA1,-23,1964,376,-0.08984375,7.671875,1.46875,0,0x14,0,0,0,1,0,1,1,0,0,0,,,,,,,,,,,,,,,,,,,,,,
407,8,LOD_APPROACH,13.6,714100,21792.6025390625,1559,47.576904296875,21.018601667735727,156,4.7607421875,1403,42.816162109375,0,0.0,0x3C71A03C,-22,1985,377,-0.0859375,7.75390625,1.47265625,0,0x14,0,0,0,1,0,1,1,0,0,0,,,,,,,,,,,,,,,,,,,,,,
408,8,LOD_APPROACH,13.633333333333333,715652,21839.9658203125,1552,47.36328125,21.11340206185567,157,4.791259765625,1395,42.572021484375,0,0.0,0xDC36DBE3,-21,2006,378,-0.08203125,7.8359375,1.4765625,0,0x14,0,0,0,1,0,1,1,0,0,0,,,,,,,,,,,,,,,,,,,,,,
409,8,LOD_APPROACH,13.666666666666666,717192,21886.962890625,1540,46.9970703125,21.277922077922078,157,4.791259765625,1383,42.205810546875,0,0.0,0xAEE872D6,-20,2027,379,-0.078125,7.91796875,1.48046875,0,0x14,0,0,0,1,0,1,1,0,0,0,,,,,,,,,,,,,,,,,,,,,,
410,8,LOD_APPROACH,13.7,718731,21933.929443359375,1539,46.966552734375,21.291747888239115,157,4.791259765625,1382,42.17529296875,0,0.0,0xF16AEBE2,-19,2048,380,-0.07421875,8.0,1.484375,0,0x14,0,0,0,1,0,1,1,0,0,0,,,,,,,,,,,,,,,,,,,,,,
411,8,LOD_APPROACH,13.733333333333333,720267,21980.804443359375,1536,46.875,21.333333333333332,157,4.791259765625,1378,42.05322265625,1,0.030517578125,0xD823C5E7,-18,2069,381,-0.0703125,8.08203125,1.48828125,0,0x14,0,0,0,1,0,1,1,0,0,0,,,,,,,,,,,,,,,,,,,,,,
412,8,LOD_APPROACH,13.766666666666667,721809,22027.862548828125,1542,47.05810546875,21.250324254215304,157,4.791259765625,1384,42.236328125,1,0.030517578125,0x15BBCA40,-17,2090,382,-0.06640625,8.1640625,1.4921875,0,0x14,0,0,0,1,0,1,1,0,0,0,,,,,,,,,,,,,,,,,,,,,,
413,8,LOD_APPROACH,13.8,723378,22075.74462890625,1569,47.882080078125,20.88463989802422,156,4.7607421875,1413,43.121337890625,0,0.0,0x73E6CF6D,-16,2111,383,-0.0625,8.24609375,1.49609375,0,0x14,0,0,0,1,0,1,1,0,0,0,,,,,,,,,,,,,,,,,,,,,,
414,8,LOD_APPROACH,13.833333333333334,724936,22123.291015625,1558,47.54638671875,21.03209242618742,156,4.7607421875,1402,42.78564453125,0,0.0,0x77C63D5E,-15,2132,384,-0.05859375,8.328125,1.5,0,0x14,0,0,0,1,0,1,1,0,0,0,,,,,,,,,,,,,,,,,,,,,,
415,8,LOD_APPROACH,13.866666666666667,726492,22170.7763671875,1556,47.4853515625,21.05912596401028,157,4.791259765625,1399,42.694091796875,0,0.0,0x0B82ACF3,-14,2153,385,-0.0546875,8.41015625,1.50390625,0,0x14,0,0,0,1,0,1,1,0,0,0,,,,,,,,,,,,,,,,,,,,,,
416,8,LOD_APPROACH,13.9,728077,22219.146728515625,1585,48.370361328125,20.673817034700317,157,4.791259765625,1427,43.548583984375,1,0.030517578125,0xAF688A0C,-13,2174,386,-0.05078125,8.4921875,1.5078125,0,0x16,1,1,0,1,0,1,1,0,0,0,43.45703125,0.0,0.244140625,8.636474609375,4.669189453125,2.410888671875,14.34326171875,2.349853515625,0.0,9.82666015625,0.9765625,0,0,0,0,0,0,0,0,0,0,0
417,8,LOD_APPROACH,13.933333333333334,729666,22267.63916015625,1589,48.492431640625,20.621774701069857,157,4.791259765625,1431,43.670654296875,1,0.030517578125,0x73C02589,-12,2195,387,-0.046875,8.57421875,1.51171875,0,0x14,0,0,0,1,0,1,1,0,0,0,,,,,,,,,,,,,,,,,,,,,,
418,8,LOD_APPROACH,13.966666666666667,731229,22315.338134765625,1563,47.698974609375,20.964811260396672,157,4.791259765625,1405,42.877197265625,1,0.030517578125,0xAB9B46AA,-11,2216,388,-0.04296875,8.65625,1.515625,0,0x14,0,0,0,1,0,1,1,0,0,0,,,,,,,,,,,,,,,,,,,,,,
419,8,LOD_APPROACH,14.0,732787,22362.884521484375,1558,47.54638671875,21.03209242618742,156,4.7607421875,1401,42.755126953125,1,0.030517578125,0x33D8802F,-10,2237,389,-0.0390625,8.73828125,1.51953125,0,0x14,0,0,0,1,0,1,1,0,0,0,,,,,,,,,,,,,,,,,,,,,,
420,8,LOD_APPROACH,14.033333333333333,733996,22399.7802734375,1209,36.895751953125,27.10339123242349,156,4.7607421875,1052,32.1044921875,1,0.030517578125,0xC446B768,-9,2258,390,-0.03515625,8.8203125,1.5234375,0,0x14,0,0,0,1,0,1,1,0,0,0,,,,,,,,,,,,,,,,,,,,,,
421,8,LOD_APPROACH,14.066666666666666,735199,22436.492919921875,1203,36.712646484375,27.238570241064007,156,4.7607421875,1047,31.951904296875,0,0.0,0x51285415,-8,2279,391,-0.03125,8.90234375,1.52734375,0,0x14,0,0,0,1,0,1,1,0,0,0,,,,,,,,,,,,,,,,,,,,,,
422,8,LOD_APPROACH,14.1,736408,22473.388671875,1209,36.895751953125,27.10339123242349,157,4.791259765625,1051,32.073974609375,1,0.030517578125,0x70E57126,-7,2300,392,-0.02734375,8.984375,1.53125,0,0x14,0,0,0,1,0,1,1,0,0,0,,,,,,,,,,,,,,,,,,,,,,
423,8,LOD_APPROACH,14.133333333333333,737602,22509.82666015625,1194,36.43798828125,27.44388609715243,157,4.791259765625,1037,31.646728515625,0,0.0,0xA7C9170A,-6,2321,393,-0.0234375,9.06640625,1.53515625,0,0x14,0,0,0,1,0,1,1,0,0,0,,,,,,,,,,,,,,,,,,,,,,
424,8,LOD_APPROACH,14.166666666666666,738745,22544.708251953125,1143,34.881591796875,28.668416447944008,157,4.791259765625,986,30.09033203125,0,0.0,0x4BE464A5,-5,2342,394,-0.01953125,9.1484375,1.5390625,0,0x14,0,0,0,1,0,1,1,0,0,0,,,,,,,,,,,,,,,,,,,,,,
425,8,LOD_APPROACH,14.2,739849,22578.399658203125,1104,33.69140625,29.681159420289855,157,4.791259765625,947,28.900146484375,0,0.0,0x4FA9DD30,-4,2363,395,-0.015625,9.23046875,1.54296875,0,0x14,0,0,0,1,0,1,1,0,0,0,,,,,,,,,,,,,,,,,,,,,,
426,8,LOD_APPROACH,14.233333333333333,740935,22611.541748046875,1086,33.14208984375,30.173112338858196,157,4.791259765625,929,28.350830078125,0,0.0,0xF4A56F73,-3,2384,396,-0.01171875,9.3125,1.546875,0,0x14,0,0,0,1,0,1,1,0,0,0,,,,,,,,,,,,,,,,,,,,,,
427,8,LOD_APPROACH,14.266666666666667,742026,22644.83642578125,1091,33.294677734375,30.034830430797435,157,4.791259765625,934,28.50341796875,0,0.0,0x8BFE6F46,-2,2405,397,-0.0078125,9.39453125,1.55078125,0,0x14,0,0,0,1,0,1,1,0,0,0,,,,,,,,,,,,,,,,,,,,,,
428,8,LOD_APPROACH,14.3,743048,22676.025390625,1022,31.18896484375,32.06262230919765,157,4.791259765625,865,26.397705078125,0,0.0,0xDCCA4BE1,-1,2426,398,-0.00390625,9.4765625,1.5546875,0,0x14,0,0,0,1,0,1,1,0,0,0,,,,,,,,,,,,,,,,,,,,,,
429,8,LOD_APPROACH,14.333333333333334,744105,22708.282470703125,1057,32.257080078125,31.000946073793756,157,4.791259765625,899,27.435302734375,1,0.030517578125,0x0ED9BE1A,0,2447,399,0.0,9.55859375,1.55859375,0,0x14,0,0,0,1,0,1,1,0,0,0,,,,,,,,,,,,,,,,,,,,,,
430,8,LOD_APPROACH,14.366666666666667,745160,22740.478515625,1055,32.196044921875,31.059715639810427,156,4.7607421875,899,27.435302734375,0,0.0,0x40AE6F75,1,2468,400,0.00390625,9.640625,1.5625,0,0x14,0,0,0,1,0,1,1,0,0,0,,,,,,,,,,,,,,,,,,,,,,
431,8,LOD_APPROACH,14.4,746223,22772.918701171875,1063,32.440185546875,30.825964252116652,157,4.791259765625,905,27.618408203125,1,0.030517578125,0x06EC46A0,2,2489,401,0.0078125,9.72265625,1.56640625,0,0x14,0,0,0,1,0,1,1,0,0,0,,,,,,,,,,,,,,,,,,,,,,
432,8,LOD_APPROACH,14.433333333333334,748305,22836.456298828125,2082,63.53759765625,15.738712776176753,1136,34.66796875,945,28.839111328125,1,0.030517578125,0x545FA80F,3069,1262,1186,11.98828125,4.9296875,4.6328125,1,0x15,0,0,1,1,0,1,1,0,0,0,,,,,,,,,,,,,,,,,,,,,,
433,8,LOD_APPROACH,14.466666666666667,749394,22869.68994140625,1089,33.233642578125,30.089990817263544,148,4.5166015625,941,28.717041015625,0,0.0,0x2D2E4954,3069,1262,1165,11.98828125,4.9296875,4.55078125,1,0x14,0,0,0,1,0,1,1,0,0,0,,,,,,,,,,,,,,,,,,,,,,
434,8,LOD_APPROACH,14.5,750365,22899.322509765625,971,29.632568359375,33.74665293511843,149,4.547119140625,822,25.08544921875,0,0.0,0xF000B19D,3069,1262,1144,11.98828125,4.9296875,4.46875,1,0x14,0,0,0,1,0,1,1,0,0,0,,,,,,,,,,,,,,,,,,,,,,
435,8,LOD_APPROACH,14.533333333333333,751330,22928.77197265625,965,29.449462890625,33.95647668393782,149,4.547119140625,815,24.871826171875,1,0.030517578125,0x84453EEE,3069,1262,1123,11.98828125,4.9296875,4.38671875,1,0x14,0,0,0,1,0,1,1,0,0,0,,,,,,,,,,,,,,,,,,,,,,
436,8,LOD_APPROACH,14.566666666666666,752291,22958.099365234375,961,29.327392578125,34.09781477627472,149,4.547119140625,811,24.749755859375,1,0.030517578125,0x0D408297,3069,1262,1102,11.98828125,4.9296875,4.3046875,1,0x14,0,0,0,1,0,1,1,0,0,0,,,,,,,,,,,,,,,,,,,,,,
437,8,LOD_APPROACH,14.6,753244,22987.1826171875,953,29.083251953125,34.38405036726128,148,4.5166015625,805,24.566650390625,0,0.0,0x8028BE00,3069,1262,1081,11.98828125,4.9296875,4.22265625,1,0x1C,0,0,0,1,1,1,1,0,0,0,,,,,,,,,,,,,,,,,,,,,,
438,9,FREECAM_YAW,14.633333333333333,754199,23016.326904296875,955,29.144287109375,34.31204188481676,155,4.730224609375,799,24.383544921875,1,0.030517578125,0x53C02975,3069,1262,1081,11.98828125,4.9296875,4.22265625,1,0x14,0,0,0,1,0,1,0,1,0,0,,,,,,,,,,,,,,,,,,,,,,
439,9,FREECAM_YAW,14.666666666666666,755148,23045.2880859375,949,28.961181640625,34.52897787144362,155,4.730224609375,794,24.23095703125,0,0.0,0xA2A40271,3069,1262,1081,11.98828125,4.9296875,4.22265625,1,0x14,0,0,0,1,0,1,0,1,0,0,,,,,,,,,,,,,,,,,,,,,,
440,9,FREECAM_YAW,14.7,756086,23073.91357421875,938,28.62548828125,34.933901918976545,155,4.730224609375,783,23.895263671875,0,0.0,0xC113AF95,3069,1262,1081,11.98828125,4.9296875,4.22265625,1,0x14,0,0,0,1,0,1,0,1,0,0,,,,,,,,,,,,,,,,,,,,,,
441,9,FREECAM_YAW,14.733333333333333,757011,23102.142333984375,925,28.228759765625,35.424864864864865,155,4.730224609375,770,23.49853515625,0,0.0,0xFF8769B6,3069,1262,1081,11.98828125,4.9296875,4.22265625,1,0x14,0,0,0,1,0,1,0,1,0,0,,,,,,,,,,,,,,,,,,,,,,
442,9,FREECAM_YAW,14.766666666666667,757924,23130.0048828125,913,27.862548828125,35.89047097480832,155,4.730224609375,758,23.13232421875,0,0.0,0x042130CE,3069,1262,1081,11.98828125,4.9296875,4.22265625,1,0x14,0,0,0,1,0,1,0,1,0,0,,,,,,,,,,,,,,,,,,,,,,
443,9,FREECAM_YAW,14.8,758802,23156.79931640625,878,26.79443359375,37.32118451025057,155,4.730224609375,723,22.064208984375,0,0.0,0x70927F5D,3069,1262,1081,11.98828125,4.9296875,4.22265625,1,0x14,0,0,0,1,0,1,0,1,0,0,,,,,,,,,,,,,,,,,,,,,,
444,9,FREECAM_YAW,14.833333333333334,759670,23183.28857421875,868,26.4892578125,37.75115207373272,155,4.730224609375,713,21.759033203125,0,0.0,0xD2CB2DFC,3069,1262,1081,11.98828125,4.9296875,4.22265625,1,0x14,0,0,0,1,0,1,0,1,0,0,,,,,,,,,,,,,,,,,,,,,,
445,9,FREECAM_YAW,14.866666666666667,760460,23207.3974609375,790,24.10888671875,41.47848101265823,155,4.730224609375,635,19.378662109375,0,0.0,0x0DC77C76,3069,1262,1081,11.98828125,4.9296875,4.22265625,1,0x14,0,0,0,1,0,1,0,1,0,0,,,,,,,,,,,,,,,,,,,,,,
446,9,FREECAM_YAW,14.9,761224,23230.712890625,764,23.3154296875,42.890052356020945,155,4.730224609375,609,18.585205078125,0,0.0,0x646433BE,3069,1262,1081,11.98828125,4.9296875,4.22265625,1,0x14,0,0,0,1,0,1,0,1,0,0,,,,,,,,,,,,,,,,,,,,,,
447,9,FREECAM_YAW,14.933333333333334,761929,23252.227783203125,705,21.514892578125,46.47943262411348,155,4.730224609375,550,16.78466796875,0,0.0,0x3DDA4090,3069,1262,1081,11.98828125,4.9296875,4.22265625,1,0x14,0,0,0,1,0,1,0,1,0,0,,,,,,,,,,,,,,,,,,,,,,
448,9,FREECAM_YAW,14.966666666666667,762636,23273.8037109375,707,21.575927734375,46.34794908062235,155,4.730224609375,551,16.815185546875,1,0.030517578125,0xFFCB4259,3069,1262,1081,11.98828125,4.9296875,4.22265625,1,0x14,0,0,0,1,0,1,0,1,0,0,,,,,,,,,,,,,,,,,,,,,,
449,9,FREECAM_YAW,15.0,763342,23295.34912109375,706,21.54541015625,46.41359773371105,155,4.730224609375,550,16.78466796875,1,0.030517578125,0xBF360EA3,3069,1262,1081,11.98828125,4.9296875,4.22265625,1,0x14,0,0,0,1,0,1,0,1,0,0,,,,,,,,,,,,,,,,,,,,,,
450,9,FREECAM_YAW,15.033333333333333,764118,23319.03076171875,776,23.681640625,42.22680412371134,155,4.730224609375,621,18.951416015625,0,0.0,0x60A33A9C,3069,1262,1081,11.98828125,4.9296875,4.22265625,1,0x14,0,0,0,1,0,1,0,1,0,0,,,,,,,,,,,,,,,,,,,,,,
451,9,FREECAM_YAW,15.066666666666666,764894,23342.71240234375,776,23.681640625,42.22680412371134,155,4.730224609375,621,18.951416015625,0,0.0,0x198020E6,3069,1262,1081,11.98828125,4.9296875,4.22265625,1,0x14,0,0,0,1,0,1,0,1,0,0,,,,,,,,,,,,,,,,,,,,,,
452,9,FREECAM_YAW,15.1,765755,23368.988037109375,861,26.275634765625,38.05807200929152,155,4.730224609375,706,21.54541015625,0,0.0,0x3F7972FA,3069,1262,1081,11.98828125,4.9296875,4.22265625,1,0x14,0,0,0,1,0,1,0,1,0,0,,,,,,,,,,,,,,,,,,,,,,
453,9,FREECAM_YAW,15.133333333333333,766620,23395.3857421875,865,26.397705078125,37.882080924855494,155,4.730224609375,710,21.66748046875,0,0.0,0x8BBE58C6,3069,1262,1081,11.98828125,4.9296875,4.22265625,1,0x14,0,0,0,1,0,1,0,1,0,0,,,,,,,,,,,,,,,,,,,,,,
454,9,FREECAM_YAW,15.166666666666666,767496,23422.119140625,876,26.7333984375,37.406392694063925,155,4.730224609375,721,22.003173828125,0,0.0,0x2E1DABB5,3069,1262,1081,11.98828125,4.9296875,4.22265625,1,0x14,0,0,0,1,0,1,0,1,0,0,,,,,,,,,,,,,,,,,,,,,,
455,9,FREECAM_YAW,15.2,768409,23449.981689453125,913,27.862548828125,35.89047097480832,155,4.730224609375,757,23.101806640625,1,0.030517578125,0x738F6485,3069,1262,1081,11.98828125,4.9296875,4.22265625,1,0x14,0,0,0,1,0,1,0,1,0,0,,,,,,,,,,,,,,,,,,,,,,
456,9,FREECAM_YAW,15.233333333333333,769336,23478.271484375,927,28.289794921875,35.34843581445523,155,4.730224609375,772,23.5595703125,0,0.0,0x0BBF162F,3069,1262,1081,11.98828125,4.9296875,4.22265625,1,0x14,0,0,0,1,0,1,0,1,0,0,,,,,,,,,,,,,,,,,,,,,,
457,9,FREECAM_YAW,15.266666666666667,770273,23506.866455078125,937,28.594970703125,34.97118463180363,155,4.730224609375,782,23.86474609375,0,0.0,0x288A2C51,3069,1262,1081,11.98828125,4.9296875,4.22265625,1,0x14,0,0,0,1,0,1,0,1,0,0,,,,,,,,,,,,,,,,,,,,,,
458,9,FREECAM_YAW,15.3,771223,23535.858154296875,950,28.99169921875,34.49263157894737,155,4.730224609375,794,24.23095703125,1,0.030517578125,0x2E6A0A0E,3069,1262,1081,11.98828125,4.9296875,4.22265625,1,0x14,0,0,0,1,0,1,0,1,0,0,,,,,,,,,,,,,,,,,,,,,,
459,9,FREECAM_YAW,15.333333333333334,772174,23564.88037109375,951,29.022216796875,34.456361724500525,155,4.730224609375,795,24.261474609375,1,0.030517578125,0x83B902EA,3069,1262,1081,11.98828125,4.9296875,4.22265625,1,0x16,1,1,0,1,0,1,0,1,0,0,24.200439453125,0.0,0.396728515625,4.82177734375,11.505126953125,0.0,0.0,0.0,0.0,6.53076171875,0.946044921875,0,0,0,0,0,0,0,0,0,0,0
460,9,FREECAM_YAW,15.366666666666667,773130,23594.05517578125,956,29.1748046875,34.27615062761506,155,4.730224609375,801,24.444580078125,0,0.0,0x926FA628,3069,1262,1081,11.98828125,4.9296875,4.22265625,1,0x14,0,0,0,1,0,1,0,1,0,0,,,,,,,,,,,,,,,,,,,,,,
461,9,FREECAM_YAW,15.4,774075,23622.894287109375,945,28.839111328125,34.67513227513228,155,4.730224609375,790,24.10888671875,0,0.0,0x49EC8067,3069,1262,1081,11.98828125,4.9296875,4.22265625,1,0x14,0,0,0,1,0,1,0,1,0,0,,,,,,,,,,,,,,,,,,,,,,
462,9,FREECAM_YAW,15.433333333333334,775011,23651.458740234375,936,28.564453125,35.00854700854701,155,4.730224609375,780,23.8037109375,1,0.030517578125,0x299B9677,3069,1262,1081,11.98828125,4.9296875,4.22265625,1,0x14,0,0,0,1,0,1,0,1,0,0,,,,,,,,,,,,,,,,,,,,,,
463,9,FREECAM_YAW,15.466666666666667,775938,23679.74853515625,927,28.289794921875,35.34843581445523,155,4.730224609375,771,23.529052734375,1,0.030517578125,0x9BDD0F89,3069,1262,1081,11.98828125,4.9296875,4.22265625,1,0x14,0,0,0,1,0,1,0,1,0,0,,,,,,,,,,,,,,,,,,,,,,
464,9,FREECAM_YAW,15.5,776859,23707.855224609375,921,28.106689453125,35.57871878393051,154,4.69970703125,767,23.406982421875,0,0.0,0xD178667F,3069,1262,1081,11.98828125,4.9296875,4.22265625,1,0x14,0,0,0,1,0,1,0,1,0,0,,,,,,,,,,,,,,,,,,,,,,
465,9,FREECAM_YAW,15.533333333333333,777754,23735.16845703125,895,27.313232421875,36.61229050279329,155,4.730224609375,740,22.5830078125,0,0.0,0x44428AB8,3069,1262,1081,11.98828125,4.9296875,4.22265625,1,0x14,0,0,0,1,0,1,0,1,0,0,,,,,,,,,,,,,,,,,,,,,,
466,9,FREECAM_YAW,15.566666666666666,778571,23760.101318359375,817,24.932861328125,40.10771113831089,155,4.730224609375,662,20.20263671875,0,0.0,0x5A543504,3069,1262,1081,11.98828125,4.9296875,4.22265625,1,0x14,0,0,0,1,0,1,0,1,0,0,,,,,,,,,,,,,,,,,,,,,,
467,9,FREECAM_YAW,15.6,779391,23785.125732421875,820,25.0244140625,39.9609756097561,155,4.730224609375,665,20.294189453125,0,0.0,0x8890F534,3069,1262,1081,11.98828125,4.9296875,4.22265625,1,0x14,0,0,0,1,0,1,0,1,0,0,,,,,,,,,,,,,,,,,,,,,,
468,9,FREECAM_YAW,15.633333333333333,780229,23810.699462890625,838,25.57373046875,39.10262529832936,155,4.730224609375,683,20.843505859375,0,0.0,0x07E496EE,3069,1262,1081,11.98828125,4.9296875,4.22265625,1,0x14,0,0,0,1,0,1,0,1,0,0,,,,,,,,,,,,,,,,,,,,,,
469,9,FREECAM_YAW,15.666666666666666,781105,23837.432861328125,876,26.7333984375,37.406392694063925,155,4.730224609375,721,22.003173828125,0,0.0,0x0E8CE62B,3069,1262,1081,11.98828125,4.9296875,4.22265625,1,0x14,0,0,0,1,0,1,0,1,0,0,,,,,,,,,,,,,,,,,,,,,,
470,9,FREECAM_YAW,15.7,781975,23863.983154296875,870,26.55029296875,37.66436781609195,155,4.730224609375,715,21.820068359375,0,0.0,0x6C7F7CAB,3069,1262,1081,11.98828125,4.9296875,4.22265625,1,0x14,0,0,0,1,0,1,0,1,0,0,,,,,,,,,,,,,,,,,,,,,,
471,9,FREECAM_YAW,15.733333333333333,782836,23890.2587890625,861,26.275634765625,38.05807200929152,155,4.730224609375,706,21.54541015625,0,0.0,0x1860A20C,3069,1262,1081,11.98828125,4.9296875,4.22265625,1,0x14,0,0,0,1,0,1,0,1,0,0,,,,,,,,,,,,,,,,,,,,,,
472,9,FREECAM_YAW,15.766666666666667,783691,23916.351318359375,855,26.092529296875,38.32514619883041,155,4.730224609375,700,21.3623046875,0,0.0,0x790CD07A,3069,1262,1081,11.98828125,4.9296875,4.22265625,1,0x14,0,0,0,1,0,1,0,1,0,0,,,,,,,,,,,,,,,,,,,,,,
473,9,FREECAM_YAW,15.8,784535,23942.108154296875,844,25.7568359375,38.824644549763036,155,4.730224609375,689,21.026611328125,0,0.0,0xC44C36AE,3069,1262,1081,11.98828125,4.9296875,4.22265625,1,0x14,0,0,0,1,0,1,0,1,0,0,,,,,,,,,,,,,,,,,,,,,,
474,9,FREECAM_YAW,15.833333333333334,785392,23968.26171875,857,26.153564453125,38.23570595099183,155,4.730224609375,702,21.42333984375,0,0.0,0xF1AFE5AA,3069,1262,1081,11.98828125,4.9296875,4.22265625,1,0x14,0,0,0,1,0,1,0,1,0,0,,,,,,,,,,,,,,,,,,,,,,
475,9,FREECAM_YAW,15.866666666666667,786244,23994.2626953125,852,26.0009765625,38.460093896713616,155,4.730224609375,697,21.270751953125,0,0.0,0x5595FB91,3069,1262,1081,11.98828125,4.9296875,4.22265625,1,0x14,0,0,0,1,0,1,0,1,0,0,,,,,,,,,,,,,,,,,,,,,,
476,9,FREECAM_YAW,15.9,787157,24022.125244140625,913,27.862548828125,35.89047097480832,155,4.730224609375,758,23.13232421875,0,0.0,0x4E44351A,3069,1262,1081,11.98828125,4.9296875,4.22265625,1,0x14,0,0,0,1,0,1,0,1,0,0,,,,,,,,,,,,,,,,,,,,,,
477,9,FREECAM_YAW,15.933333333333334,788101,24050.933837890625,944,28.80859375,34.71186440677966,155,4.730224609375,789,24.078369140625,0,0.0,0x1DE63F1A,3069,1262,1081,11.98828125,4.9296875,4.22265625,1,0x14,0,0,0,1,0,1,0,1,0,0,,,,,,,,,,,,,,,,,,,,,,
478,9,FREECAM_YAW,15.966666666666667,789053,24079.986572265625,952,29.052734375,34.42016806722689,155,4.730224609375,797,24.322509765625,0,0.0,0x61EB8F87,3069,1262,1081,11.98828125,4.9296875,4.22265625,1,0x14,0,0,0,1,0,1,0,1,0,0,,,,,,,,,,,,,,,,,,,,,,
479,9,FREECAM_YAW,16.0,789996,24108.7646484375,943,28.778076171875,34.748674443266175,155,4.730224609375,788,24.0478515625,0,0.0,0x649F3B8F,3069,1262,1081,11.98828125,4.9296875,4.22265625,1,0x14,0,0,0,1,0,1,0,1,0,0,,,,,,,,,,,,,,,,,,,,,,
480,9,FREECAM_YAW,16.033333333333335,790948,24137.8173828125,952,29.052734375,34.42016806722689,155,4.730224609375,797,24.322509765625,0,0.0,0xD23C0287,3069,1262,1081,11.98828125,4.9296875,4.22265625,1,0x14,0,0,0,1,0,1,0,1,0,0,,,,,,,,,,,,,,,,,,,,,,
481,9,FREECAM_YAW,16.066666666666666,791901,24166.900634765625,953,29.083251953125,34.38405036726128,155,4.730224609375,798,24.35302734375,0,0.0,0x9BA00F04,3069,1262,1081,11.98828125,4.9296875,4.22265625,1,0x14,0,0,0,1,0,1,0,1,0,0,,,,,,,,,,,,,,,,,,,,,,
482,9,FREECAM_YAW,16.1,792839,24195.526123046875,938,28.62548828125,34.933901918976545,155,4.730224609375,783,23.895263671875,0,0.0,0x5905AEFB,3069,1262,1081,11.98828125,4.9296875,4.22265625,1,0x14,0,0,0,1,0,1,0,1,0,0,,,,,,,,,,,,,,,,,,,,,,
483,9,FREECAM_YAW,16.133333333333333,793781,24224.273681640625,942,28.74755859375,34.78556263269639,155,4.730224609375,787,24.017333984375,0,0.0,0x1C3F4722,3069,1262,1081,11.98828125,4.9296875,4.22265625,1,0x14,0,0,0,1,0,1,0,1,0,0,,,,,,,,,,,,,,,,,,,,,,
484,9,FREECAM_YAW,16.166666666666668,794692,24252.0751953125,911,27.801513671875,35.96926454445664,155,4.730224609375,756,23.0712890625,0,0.0,0x621C0819,3069,1262,1081,11.98828125,4.9296875,4.22265625,1,0x14,0,0,0,1,0,1,0,1,0,0,,,,,,,,,,,,,,,,,,,,,,
485,9,FREECAM_YAW,16.2,795599,24279.754638671875,907,27.679443359375,36.12789415656009,155,4.730224609375,751,22.918701171875,1,0.030517578125,0x3A0C8395,3069,1262,1081,11.98828125,4.9296875,4.22265625,1,0x14,0,0,0,1,0,1,0,1,0,0,,,,,,,,,,,,,,,,,,,,,,
486,9,FREECAM_YAW,16.233333333333334,796495,24307.098388671875,896,27.34375,36.57142857142857,154,4.69970703125,742,22.64404296875,0,0.0,0x956E0910,3069,1262,1081,11.98828125,4.9296875,4.22265625,1,0x14,0,0,0,1,0,1,0,1,0,0,,,,,,,,,,,,,,,,,,,,,,
487,9,FREECAM_YAW,16.266666666666666,797384,24334.228515625,889,27.130126953125,36.85939257592801,155,4.730224609375,734,22.39990234375,0,0.0,0xF35E73A0,3069,1262,1081,11.98828125,4.9296875,4.22265625,1,0x14,0,0,0,1,0,1,0,1,0,0,,,,,,,,,,,,,,,,,,,,,,
488,9,FREECAM_YAW,16.3,798266,24361.14501953125,882,26.91650390625,37.151927437641724,155,4.730224609375,726,22.15576171875,1,0.030517578125,0x32C0D7EA,3069,1262,1081,11.98828125,4.9296875,4.22265625,1,0x14,0,0,0,1,0,1,0,1,0,0,,,,,,,,,,,,,,,,,,,,,,
489,9,FREECAM_YAW,16.333333333333332,799006,24383.72802734375,740,22.5830078125,44.28108108108108,155,4.730224609375,584,17.822265625,1,0.030517578125,0x57C44DCC,3069,1262,1081,11.98828125,4.9296875,4.22265625,1,0x14,0,0,0,1,0,1,0,1,0,0,,,,,,,,,,,,,,,,,,,,,,
490,9,FREECAM_YAW,16.366666666666667,799718,24405.45654296875,712,21.728515625,46.02247191011236,155,4.730224609375,556,16.9677734375,1,0.030517578125,0x89168DA8,3069,1262,1081,11.98828125,4.9296875,4.22265625,1,0x14,0,0,0,1,0,1,0,1,0,0,,,,,,,,,,,,,,,,,,,,,,
491,9,FREECAM_YAW,16.4,800425,24427.032470703125,707,21.575927734375,46.34794908062235,155,4.730224609375,552,16.845703125,0,0.0,0xCB557735,3069,1262,1081,11.98828125,4.9296875,4.22265625,1,0x14,0,0,0,1,0,1,0,1,0,0,,,,,,,,,,,,,,,,,,,,,,
492,9,FREECAM_YAW,16.433333333333334,801131,24448.577880859375,706,21.54541015625,46.41359773371105,155,4.730224609375,551,16.815185546875,0,0.0,0x56F76AB7,3069,1262,1081,11.98828125,4.9296875,4.22265625,1,0x14,0,0,0,1,0,1,0,1,0,0,,,,,,,,,,,,,,,,,,,,,,
493,9,FREECAM_YAW,16.466666666666665,801860,24470.8251953125,729,22.247314453125,44.94924554183813,155,4.730224609375,573,17.486572265625,1,0.030517578125,0x83E47B49,3069,1262,1081,11.98828125,4.9296875,4.22265625,1,0x14,0,0,0,1,0,1,0,1,0,0,,,,,,,,,,,,,,,,,,,,,,
494,9,FREECAM_YAW,16.5,802729,24497.344970703125,869,26.519775390625,37.70771001150748,155,4.730224609375,713,21.759033203125,1,0.030517578125,0xB18646C1,3069,1262,1081,11.98828125,4.9296875,4.22265625,1,0x14,0,0,0,1,0,1,0,1,0,0,,,,,,,,,,,,,,,,,,,,,,
495,9,FREECAM_YAW,16.533333333333335,803606,24524.10888671875,877,26.763916015625,37.36374002280502,155,4.730224609375,722,22.03369140625,0,0.0,0x9119C7F9,3069,1262,1081,11.98828125,4.9296875,4.22265625,1,0x14,0,0,0,1,0,1,0,1,0,0,,,,,,,,,,,,,,,,,,,,,,
496,9,FREECAM_YAW,16.566666666666666,804494,24551.20849609375,888,27.099609375,36.9009009009009,155,4.730224609375,733,22.369384765625,0,0.0,0xF67F2C2F,3069,1262,1081,11.98828125,4.9296875,4.22265625,1,0x14,0,0,0,1,0,1,0,1,0,0,,,,,,,,,,,,,,,,,,,,,,
497,9,FREECAM_YAW,16.6,805395,24578.704833984375,901,27.496337890625,36.3684794672586,155,4.730224609375,746,22.76611328125,0,0.0,0x5DDFDFF8,3069,1262,1081,11.98828125,4.9296875,4.22265625,1,0x14,0,0,0,1,0,1,0,1,0,0,,,,,,,,,,,,,,,,,,,,,,
498,9,FREECAM_YAW,16.633333333333333,806304,24606.4453125,909,27.740478515625,36.04840484048405,155,4.730224609375,754,23.01025390625,0,0.0,0xAB06698E,3069,1262,1081,11.98828125,4.9296875,4.22265625,1,0x14,0,0,0,1,0,1,0,1,0,0,,,,,,,,,,,,,,,,,,,,,,
499,9,FREECAM_YAW,16.666666666666668,807248,24635.25390625,944,28.80859375,34.71186440677966,155,4.730224609375,788,24.0478515625,1,0.030517578125,0x43E77967,3069,1262,1081,11.98828125,4.9296875,4.22265625,1,0x14,0,0,0,1,0,1,0,1,0,0,,,,,,,,,,,,,,,,,,,,,,
500,9,FREECAM_YAW,16.7,808191,24664.031982421875,943,28.778076171875,34.748674443266175,155,4.730224609375,787,24.017333984375,1,0.030517578125,0x5CDADBC8,3069,1262,1081,11.98828125,4.9296875,4.22265625,1,0x14,0,0,0,1,0,1,0,1,0,0,,,,,,,,,,,,,,,,,,,,,,
501,9,FREECAM_YAW,16.733333333333334,809140,24692.9931640625,949,28.961181640625,34.52897787144362,155,4.730224609375,794,24.23095703125,0,0.0,0x6DF32D85,3069,1262,1081,11.98828125,4.9296875,4.22265625,1,0x14,0,0,0,1,0,1,0,1,0,0,,,,,,,,,,,,,,,,,,,,,,
502,9,FREECAM_YAW,16.766666666666666,810064,24721.19140625,924,28.1982421875,35.46320346320346,155,4.730224609375,769,23.468017578125,0,0.0,0x5CDADBC8,3069,1262,1081,11.98828125,4.9296875,4.22265625,1,0x14,0,0,0,1,0,1,0,-1,0,0,,,,,,,,,,,,,,,,,,,,,,
503,9,FREECAM_YAW,16.8,811004,24749.8779296875,940,28.6865234375,34.85957446808511,155,4.730224609375,785,23.956298828125,0,0.0,0x43E77967,3069,1262,1081,11.98828125,4.9296875,4.22265625,1,0x14,0,0,0,1,0,1,0,-1,0,0,,,,,,,,,,,,,,,,,,,,,,
504,9,FREECAM_YAW,16.833333333333332,811912,24777.587890625,908,27.7099609375,36.08810572687225,155,4.730224609375,752,22.94921875,1,0.030517578125,0xAB06698E,3069,1262,1081,11.98828125,4.9296875,4.22265625,1,0x14,0,0,0,1,0,1,0,-1,0,0,,,,,,,,,,,,,,,,,,,,,,
505,9,FREECAM_YAW,16.866666666666667,812817,24805.206298828125,905,27.618408203125,36.20773480662984,155,4.730224609375,750,22.88818359375,0,0.0,0x5DDFDFF8,3069,1262,1081,11.98828125,4.9296875,4.22265625,1,0x14,0,0,0,1,0,1,0,-1,0,0,,,,,,,,,,,,,,,,,,,,,,
506,9,FREECAM_YAW,16.9,813713,24832.550048828125,896,27.34375,36.57142857142857,155,4.730224609375,741,22.613525390625,0,0.0,0xF67F2C2F,3069,1262,1081,11.98828125,4.9296875,4.22265625,1,0x14,0,0,0,1,0,1,0,-1,0,0,,,,,,,,,,,,,,,,,,,,,,
507,9,FREECAM_YAW,16.933333333333334,814601,24859.649658203125,888,27.099609375,36.9009009009009,155,4.730224609375,733,22.369384765625,0,0.0,0x9119C7F9,3069,1262,1081,11.98828125,4.9296875,4.22265625,1,0x14,0,0,0,1,0,1,0,-1,0,0,,,,,,,,,,,,,,,,,,,,,,
508,9,FREECAM_YAW,16.966666666666665,815479,24886.444091796875,878,26.79443359375,37.32118451025057,155,4.730224609375,722,22.03369140625,1,0.030517578125,0xB18646C1,3069,1262,1081,11.98828125,4.9296875,4.22265625,1,0x14,0,0,0,1,0,1,0,-1,0,0,,,,,,,,,,,,,,,,,,,,,,
509,9,FREECAM_YAW,17.0,816212,24908.8134765625,733,22.369384765625,44.70395634379263,155,4.730224609375,578,17.63916015625,0,0.0,0x83E47B49,3069,1262,1081,11.98828125,4.9296875,4.22265625,1,0x14,0,0,0,1,0,1,0,-1,0,0,,,,,,,,,,,,,,,,,,,,,,
510,9,FREECAM_YAW,17.033333333333335,816919,24930.389404296875,707,21.575927734375,46.34794908062235,155,4.730224609375,552,16.845703125,0,0.0,0x56F76AB7,3069,1262,1081,11.98828125,4.9296875,4.22265625,1,0x14,0,0,0,1,0,1,0,-1,0,0,,,,,,,,,,,,,,,,,,,,,,
511,9,FREECAM_YAW,17.066666666666666,817625,24951.934814453125,706,21.54541015625,46.41359773371105,155,4.730224609375,550,16.78466796875,1,0.030517578125,0xCB557735,3069,1262,1081,11.98828125,4.9296875,4.22265625,1,0x14,0,0,0,1,0,1,0,-1,0,0,,,,,,,,,,,,,,,,,,,,,,
512,9,FREECAM_YAW,17.1,818332,24973.5107421875,707,21.575927734375,46.34794908062235,155,4.730224609375,551,16.815185546875,1,0.030517578125,0x89168DA8,3069,1262,1081,11.98828125,4.9296875,4.22265625,1,0x14,0,0,0,1,0,1,0,-1,0,0,,,,,,,,,,,,,,,,,,,,,,
513,9,FREECAM_YAW,17.133333333333333,819061,24995.758056640625,729,22.247314453125,44.94924554183813,155,4.730224609375,574,17.51708984375,0,0.0,0x57C44DCC,3069,1262,1081,11.98828125,4.9296875,4.22265625,1,0x14,0,0,0,1,0,1,0,-1,0,0,,,,,,,,,,,,,,,,,,,,,,
514,9,FREECAM_YAW,17.166666666666668,819934,25022.39990234375,873,26.641845703125,37.534936998854526,155,4.730224609375,717,21.881103515625,1,0.030517578125,0x32C0D7EA,3069,1262,1081,11.98828125,4.9296875,4.22265625,1,0x14,0,0,0,1,0,1,0,-1,0,0,,,,,,,,,,,,,,,,,,,,,,
515,9,FREECAM_YAW,17.2,820819,25049.407958984375,885,27.008056640625,37.02598870056497,155,4.730224609375,729,22.247314453125,1,0.030517578125,0xF35E73A0,3069,1262,1081,11.98828125,4.9296875,4.22265625,1,0x14,0,0,0,1,0,1,0,-1,0,0,,,,,,,,,,,,,,,,,,,,,,
516,9,FREECAM_YAW,17.233333333333334,821710,25076.59912109375,891,27.191162109375,36.77665544332211,154,4.69970703125,737,22.491455078125,0,0.0,0x956E0910,3069,1262,1081,11.98828125,4.9296875,4.22265625,1,0x14,0,0,0,1,0,1,0,-1,0,0,,,,,,,,,,,,,,,,,,,,,,
517,9,FREECAM_YAW,17.266666666666666,822611,25104.095458984375,901,27.496337890625,36.3684794672586,155,4.730224609375,746,22.76611328125,0,0.0,0x3A0C8395,3069,1262,1081,11.98828125,4.9296875,4.22265625,1,0x14,0,0,0,1,0,1,0,-1,0,0,,,,,,,,,,,,,,,,,,,,,,
518,9,FREECAM_YAW,17.3,823521,25131.866455078125,910,27.77099609375,36.00879120879121,155,4.730224609375,755,23.040771484375,0,0.0,0x621C0819,3069,1262,1081,11.98828125,4.9296875,4.22265625,1,0x14,0,0,0,1,0,1,0,-1,0,0,,,,,,,,,,,,,,,,,,,,,,
519,9,FREECAM_YAW,17.333333333333332,824464,25160.64453125,943,28.778076171875,34.748674443266175,155,4.730224609375,788,24.0478515625,0,0.0,0x1C3F4722,3069,1262,1081,11.98828125,4.9296875,4.22265625,1,0x14,0,0,0,1,0,1,0,-1,0,0,,,,,,,,,,,,,,,,,,,,,,
520,9,FREECAM_YAW,17.366666666666667,825400,25189.208984375,936,28.564453125,35.00854700854701,155,4.730224609375,780,23.8037109375,1,0.030517578125,0x5905AEFB,3069,1262,1081,11.98828125,4.9296875,4.22265625,1,0x14,0,0,0,1,0,1,0,-1,0,0,,,,,,,,,,,,,,,,,,,,,,
521,9,FREECAM_YAW,17.4,826348,25218.1396484375,948,28.9306640625,34.565400843881854,154,4.69970703125,793,24.200439453125,1,0.030517578125,0x9BA00F04,3069,1262,1081,11.98828125,4.9296875,4.22265625,1,0x14,0,0,0,1,0,1,0,-1,0,0,,,,,,,,,,,,,,,,,,,,,,
522,9,FREECAM_YAW,17.433333333333334,827300,25247.1923828125,952,29.052734375,34.42016806722689,155,4.730224609375,796,24.2919921875,1,0.030517578125,0xD23C0287,3069,1262,1081,11.98828125,4.9296875,4.22265625,1,0x14,0,0,0,1,0,1,0,-1,0,0,,,,,,,,,,,,,,,,,,,,,,
523,9,FREECAM_YAW,17.466666666666665,828247,25276.092529296875,947,28.900146484375,34.601900739176344,155,4.730224609375,791,24.139404296875,1,0.030517578125,0x649F3B8F,3069,1262,1081,11.98828125,4.9296875,4.22265625,1,0x14,0,0,0,1,0,1,0,-1,0,0,,,,,,,,,,,,,,,,,,,,,,
524,9,FREECAM_YAW,17.5,829195,25305.023193359375,948,28.9306640625,34.565400843881854,154,4.69970703125,794,24.23095703125,0,0.0,0x61EB8F87,3069,1262,1081,11.98828125,4.9296875,4.22265625,1,0x14,0,0,0,1,0,1,0,-1,0,0,,,,,,,,,,,,,,,,,,,,,,
525,9,FREECAM_YAW,17.533333333333335,830135,25333.709716796875,940,28.6865234375,34.85957446808511,155,4.730224609375,785,23.956298828125,0,0.0,0x1DE63F1A,3069,1262,1081,11.98828125,4.9296875,4.22265625,1,0x14,0,0,0,1,0,1,0,-1,0,0,,,,,,,,,,,,,,,,,,,,,,
526,9,FREECAM_YAW,17.566666666666666,831049,25361.602783203125,914,27.89306640625,35.85120350109409,155,4.730224609375,759,23.162841796875,0,0.0,0x4E44351A,3069,1262,1081,11.98828125,4.9296875,4.22265625,1,0x14,0,0,0,1,0,1,0,-1,0,0,,,,,,,,,,,,,,,,,,,,,,
527,9,FREECAM_YAW,17.6,831898,25387.51220703125,849,25.909423828125,38.59599528857479,155,4.730224609375,693,21.148681640625,1,0.030517578125,0x5595FB91,3069,1262,1081,11.98828125,4.9296875,4.22265625,1,0x14,0,0,0,1,0,1,0,-1,0,0,,,,,,,,,,,,,,,,,,,,,,
528,9,FREECAM_YAW,17.633333333333333,832743,25413.299560546875,845,25.787353515625,38.77869822485207,155,4.730224609375,690,21.05712890625,0,0.0,0xF1AFE5AA,3069,1262,1081,11.98828125,4.9296875,4.22265625,1,0x14,0,0,0,1,0,1,0,-1,0,0,,,,,,,,,,,,,,,,,,,,,,
529,9,FREECAM_YAW,17.666666666666668,833573,25438.629150390625,830,25.32958984375,39.47951807228916,155,4.730224609375,675,20.599365234375,0,0.0,0xC44C36AE,3069,1262,1081,11.98828125,4.9296875,4.22265625,1,0x14,0,0,0,1,0,1,0,-1,0,0,,,,,,,,,,,,,,,,,,,,,,
530,9,FREECAM_YAW,17.7,834412,25464.2333984375,839,25.604248046875,39.05601907032181,155,4.730224609375,684,20.8740234375,0,0.0,0x790CD07A,3069,1262,1081,11.98828125,4.9296875,4.22265625,1,0x14,0,0,0,1,0,1,0,-1,0,0,,,,,,,,,,,,,,,,,,,,,,
531,9,FREECAM_YAW,17.733333333333334,835261,25490.142822265625,849,25.909423828125,38.59599528857479,155,4.730224609375,694,21.17919921875,0,0.0,0x1860A20C,3069,1262,1081,11.98828125,4.9296875,4.22265625,1,0x14,0,0,0,1,0,1,0,-1,0,0,,,,,,,,,,,,,,,,,,,,,,
532,9,FREECAM_YAW,17.766666666666666,836130,25516.66259765625,869,26.519775390625,37.70771001150748,155,4.730224609375,714,21.78955078125,0,0.0,0x6C7F7CAB,3069,1262,1081,11.98828125,4.9296875,4.22265625,1,0x14,0,0,0,1,0,1,0,-1,0,0,,,,,,,,,,,,,,,,,,,,,,
533,9,FREECAM_YAW,17.8,837003,25543.304443359375,873,26.641845703125,37.534936998854526,155,4.730224609375,718,21.91162109375,0,0.0,0x0E8CE62B,3069,1262,1081,11.98828125,4.9296875,4.22265625,1,0x14,0,0,0,1,0,1,0,-1,0,0,,,,,,,,,,,,,,,,,,,,,,
534,9,FREECAM_YAW,17.833333333333332,837861,25569.488525390625,858,26.18408203125,38.19114219114219,155,4.730224609375,703,21.453857421875,0,0.0,0x07E496EE,3069,1262,1081,11.98828125,4.9296875,4.22265625,1,0x14,0,0,0,1,0,1,0,-1,0,0,,,,,,,,,,,,,,,,,,,,,,
535,9,FREECAM_YAW,17.866666666666667,838717,25595.611572265625,856,26.123046875,38.2803738317757,155,4.730224609375,700,21.3623046875,1,0.030517578125,0x8890F534,3069,1262,1081,11.98828125,4.9296875,4.22265625,1,0x14,0,0,0,1,0,1,0,-1,0,0,,,,,,,,,,,,,,,,,,,,,,
536,9,FREECAM_YAW,17.9,839546,25620.91064453125,829,25.299072265625,39.52714113389626,155,4.730224609375,674,20.56884765625,0,0.0,0x5A543504,3069,1262,1081,11.98828125,4.9296875,4.22265625,1,0x14,0,0,0,1,0,1,0,-1,0,0,,,,,,,,,,,,,,,,,,,,,,
537,9,FREECAM_YAW,17.933333333333334,840444,25648.3154296875,898,27.40478515625,36.489977728285076,155,4.730224609375,743,22.674560546875,0,0.0,0x44428AB8,3069,1262,1081,11.98828125,4.9296875,4.22265625,1,0x14,0,0,0,1,0,1,0,-1,0,0,,,,,,,,,,,,,,,,,,,,,,
538,9,FREECAM_YAW,17.966666666666665,841370,25676.57470703125,926,28.25927734375,35.3866090712743,155,4.730224609375,771,23.529052734375,0,0.0,0xD178667F,3069,1262,1081,11.98828125,4.9296875,4.22265625,1,0x14,0,0,0,1,0,1,0,-1,0,0,,,,,,,,,,,,,,,,,,,,,,
539,9,FREECAM_YAW,18.0,842300,25704.9560546875,930,28.38134765625,35.23440860215054,155,4.730224609375,775,23.651123046875,0,0.0,0x9BDD0F89,3069,1262,1081,11.98828125,4.9296875,4.22265625,1,0x14,0,0,0,1,0,1,0,-1,0,0,,,,,,,,,,,,,,,,,,,,,,
540,9,FREECAM_YAW,18.033333333333335,843236,25733.5205078125,936,28.564453125,35.00854700854701,155,4.730224609375,780,23.8037109375,1,0.030517578125,0x299B9677,3069,1262,1081,11.98828125,4.9296875,4.22265625,1,0x14,0,0,0,1,0,1,0,-1,0,0,,,,,,,,,,,,,,,,,,,,,,
541,9,FREECAM_YAW,18.066666666666666,844178,25762.26806640625,942,28.74755859375,34.78556263269639,155,4.730224609375,786,23.98681640625,1,0.030517578125,0x49EC8067,3069,1262,1081,11.98828125,4.9296875,4.22265625,1,0x14,0,0,0,1,0,1,0,-1,0,0,,,,,,,,,,,,,,,,,,,,,,
542,9,FREECAM_YAW,18.1,845130,25791.32080078125,952,29.052734375,34.42016806722689,155,4.730224609375,797,24.322509765625,0,0.0,0x926FA628,3069,1262,1081,11.98828125,4.9296875,4.22265625,1,0x14,0,0,0,1,0,1,0,-1,0,0,,,,,,,,,,,,,,,,,,,,,,
543,9,FREECAM_YAW,18.133333333333333,846083,25820.404052734375,953,29.083251953125,34.38405036726128,155,4.730224609375,798,24.35302734375,0,0.0,0x83B902EA,3069,1262,1081,11.98828125,4.9296875,4.22265625,1,0x14,0,0,0,1,0,1,0,-1,0,0,,,,,,,,,,,,,,,,,,,,,,
544,9,FREECAM_YAW,18.166666666666668,847037,25849.517822265625,954,29.11376953125,34.34800838574424,155,4.730224609375,799,24.383544921875,0,0.0,0x2E6A0A0E,3069,1262,1081,11.98828125,4.9296875,4.22265625,1,0x14,0,0,0,1,0,1,0,-1,0,0,,,,,,,,,,,,,,,,,,,,,,
545,9,FREECAM_YAW,18.2,847976,25878.173828125,939,28.656005859375,34.89669861554846,155,4.730224609375,784,23.92578125,0,0.0,0x288A2C51,3069,1262,1081,11.98828125,4.9296875,4.22265625,1,0x14,0,0,0,1,0,1,0,-1,0,0,,,,,,,,,,,,,,,,,,,,,,
546,9,FREECAM_YAW,18.233333333333334,848906,25906.55517578125,930,28.38134765625,35.23440860215054,155,4.730224609375,775,23.651123046875,0,0.0,0x0BBF162F,3069,1262,1081,11.98828125,4.9296875,4.22265625,1,0x14,0,0,0,1,0,1,0,-1,0,0,,,,,,,,,,,,,,,,,,,,,,
547,9,FREECAM_YAW,18.266666666666666,849825,25934.600830078125,919,28.045654296875,35.65614798694233,155,4.730224609375,763,23.284912109375,1,0.030517578125,0x738F6485,3069,1262,1081,11.98828125,4.9296875,4.22265625,1,0x14,0,0,0,1,0,1,0,-1,0,0,,,,,,,,,,,,,,,,,,,,,,
548,9,FREECAM_YAW,18.3,850709,25961.578369140625,884,26.9775390625,37.067873303167424,155,4.730224609375,729,22.247314453125,0,0.0,0x2E1DABB5,3069,1262,1081,11.98828125,4.9296875,4.22265625,1,0x14,0,0,0,1,0,1,0,-1,0,0,,,,,,,,,,,,,,,,,,,,,,
549,9,FREECAM_YAW,18.333333333333332,851583,25988.250732421875,874,26.67236328125,37.49199084668192,155,4.730224609375,718,21.91162109375,1,0.030517578125,0x8BBE58C6,3069,1262,1081,11.98828125,4.9296875,4.22265625,1,0x14,0,0,0,1,0,1,0,-1,0,0,,,,,,,,,,,,,,,,,,,,,,
550,9,FREECAM_YAW,18.366666666666667,852448,26014.6484375,865,26.397705078125,37.882080924855494,155,4.730224609375,710,21.66748046875,0,0.0,0x3F7972FA,3069,1262,1081,11.98828125,4.9296875,4.22265625,1,0x14,0,0,0,1,0,1,0,-1,0,0,,,,,,,,,,,,,,,,,,,,,,
551,9,FREECAM_YAW,18.4,853224,26038.330078125,776,23.681640625,42.22680412371134,155,4.730224609375,621,18.951416015625,0,0.0,0x198020E6,3069,1262,1081,11.98828125,4.9296875,4.22265625,1,0x14,0,0,0,1,0,1,0,-1,0,0,,,,,,,,,,,,,,,,,,,,,,
552,9,FREECAM_YAW,18.433333333333334,854001,26062.042236328125,777,23.712158203125,42.17245817245817,155,4.730224609375,621,18.951416015625,1,0.030517578125,0x60A33A9C,3069,1262,1081,11.98828125,4.9296875,4.22265625,1,0x14,0,0,0,1,0,1,0,-1,0,0,,,,,,,,,,,,,,,,,,,,,,
553,9,FREECAM_YAW,18.466666666666665,854708,26083.6181640625,707,21.575927734375,46.34794908062235,155,4.730224609375,551,16.815185546875,1,0.030517578125,0xBF360EA3,3069,1262,1081,11.98828125,4.9296875,4.22265625,1,0x14,0,0,0,1,0,1,0,-1,0,0,,,,,,,,,,,,,,,,,,,,,,
554,9,FREECAM_YAW,18.5,855415,26105.194091796875,707,21.575927734375,46.34794908062235,156,4.7607421875,551,16.815185546875,0,0.0,0xFFCB4259,3069,1262,1081,11.98828125,4.9296875,4.22265625,1,0x14,0,0,0,1,0,1,0,-1,0,0,,,,,,,,,,,,,,,,,,,,,,
555,9,FREECAM_YAW,18.533333333333335,856121,26126.739501953125,706,21.54541015625,46.41359773371105,155,4.730224609375,551,16.815185546875,0,0.0,0x3DDA4090,3069,1262,1081,11.98828125,4.9296875,4.22265625,1,0x14,0,0,0,1,0,1,0,-1,0,0,,,,,,,,,,,,,,,,,,,,,,
556,9,FREECAM_YAW,18.566666666666666,856885,26150.054931640625,764,23.3154296875,42.890052356020945,155,4.730224609375,609,18.585205078125,0,0.0,0x646433BE,3069,1262,1081,11.98828125,4.9296875,4.22265625,1,0x14,0,0,0,1,0,1,0,-1,0,0,,,,,,,,,,,,,,,,,,,,,,
557,9,FREECAM_YAW,18.6,857674,26174.13330078125,789,24.078369140625,41.53105196451204,155,4.730224609375,634,19.34814453125,0,0.0,0x0DC77C76,3069,1262,1081,11.98828125,4.9296875,4.22265625,1,0x14,0,0,0,1,0,1,0,-1,0,0,,,,,,,,,,,,,,,,,,,,,,
558,9,FREECAM_YAW,18.633333333333333,858538,26200.50048828125,864,26.3671875,37.925925925925924,155,4.730224609375,708,21.6064453125,1,0.030517578125,0xD2CB2DFC,3069,1262,1081,11.98828125,4.9296875,4.22265625,1,0x14,0,0,0,1,0,1,0,-1,0,0,,,,,,,,,,,,,,,,,,,,,,
559,9,FREECAM_YAW,18.666666666666668,859408,26227.05078125,870,26.55029296875,37.66436781609195,155,4.730224609375,715,21.820068359375,0,0.0,0x70927F5D,3069,1262,1081,11.98828125,4.9296875,4.22265625,1,0x14,0,0,0,1,0,1,0,-1,0,0,,,,,,,,,,,,,,,,,,,,,,
560,9,FREECAM_YAW,18.7,860315,26254.730224609375,907,27.679443359375,36.12789415656009,155,4.730224609375,751,22.918701171875,1,0.030517578125,0x042130CE,3069,1262,1081,11.98828125,4.9296875,4.22265625,1,0x14,0,0,0,1,0,1,0,-1,0,0,,,,,,,,,,,,,,,,,,,,,,
561,9,FREECAM_YAW,18.733333333333334,861235,26282.806396484375,920,28.076171875,35.61739130434783,155,4.730224609375,765,23.345947265625,0,0.0,0xFF8769B6,3069,1262,1081,11.98828125,4.9296875,4.22265625,1,0x14,0,0,0,1,0,1,0,-1,0,0,,,,,,,,,,,,,,,,,,,,,,
562,9,FREECAM_YAW,18.766666666666666,862170,26311.34033203125,935,28.533935546875,35.045989304812835,155,4.730224609375,780,23.8037109375,0,0.0,0xC113AF95,3069,1262,1081,11.98828125,4.9296875,4.22265625,1,0x14,0,0,0,1,0,1,0,-1,0,0,,,,,,,,,,,,,,,,,,,,,,
563,9,FREECAM_YAW,18.8,863117,26340.240478515625,947,28.900146484375,34.601900739176344,155,4.730224609375,792,24.169921875,0,0.0,0xA2A40271,3069,1262,1081,11.98828125,4.9296875,4.22265625,1,0x14,0,0,0,1,0,1,0,-1,0,0,,,,,,,,,,,,,,,,,,,,,,
564,9,FREECAM_YAW,18.833333333333332,864070,26369.32373046875,953,29.083251953125,34.38405036726128,155,4.730224609375,797,24.322509765625,1,0.030517578125,0x53C02975,3069,1262,1081,11.98828125,4.9296875,4.22265625,1,0x14,0,0,0,1,0,1,0,-1,0,0,,,,,,,,,,,,,,,,,,,,,,
565,9,FREECAM_YAW,18.866666666666667,865026,26398.49853515625,956,29.1748046875,34.27615062761506,155,4.730224609375,801,24.444580078125,0,0.0,0xD6FA1B1C,3069,1262,1081,11.98828125,4.9296875,4.22265625,1,0x1C,0,0,0,1,1,1,0,-1,0,0,,,,,,,,,,,,,,,,,,,,,,
566,10,FREECAM_3D,18.9,865990,26427.91748046875,964,29.4189453125,33.99170124481328,156,4.7607421875,808,24.658203125,0,0.0,0x97B6A86E,3069,1262,1081,11.98828125,4.9296875,4.22265625,1,0x14,0,0,0,1,0,1,0,0,1,0,,,,,,,,,,,,,,,,,,,,,,
567,10,FREECAM_3D,18.933333333333334,866999,26458.709716796875,1009,30.792236328125,32.47571853320119,156,4.7607421875,853,26.031494140625,0,0.0,0xB16D2C2A,3069,1262,1081,11.98828125,4.9296875,4.22265625,1,0x14,0,0,0,1,0,1,0,0,1,0,,,,,,,,,,,,,,,,,,,,,,
568,10,FREECAM_3D,18.966666666666665,868017,26489.776611328125,1018,31.06689453125,32.18860510805501,156,4.7607421875,861,26.275634765625,1,0.030517578125,0x99232FBD,3069,1262,1081,11.98828125,4.9296875,4.22265625,1,0x14,0,0,0,1,0,1,0,0,1,0,,,,,,,,,,,,,,,,,,,,,,
569,10,FREECAM_3D,19.0,869052,26521.3623046875,1035,31.585693359375,31.65990338164251,155,4.730224609375,879,26.824951171875,1,0.030517578125,0x87F93679,3069,1262,1081,11.98828125,4.9296875,4.22265625,1,0x14,0,0,0,1,0,1,0,0,1,0,,,,,,,,,,,,,,,,,,,,,,
570,10,FREECAM_3D,19.033333333333335,870144,26554.6875,1092,33.3251953125,30.007326007326007,156,4.7607421875,936,28.564453125,0,0.0,0x58F5109B,3069,1262,1081,11.98828125,4.9296875,4.22265625,1,0x14,0,0,0,1,0,1,0,0,1,0,,,,,,,,,,,,,,,,,,,,,,
571,10,FREECAM_3D,19.066666666666666,871259,26588.714599609375,1115,34.027099609375,29.388340807174888,156,4.7607421875,959,29.266357421875,0,0.0,0xAE96CAD8,3069,1262,1081,11.98828125,4.9296875,4.22265625,1,0x14,0,0,0,1,0,1,0,0,1,0,,,,,,,,,,,,,,,,,,,,,,
572,10,FREECAM_3D,19.1,872401,26623.565673828125,1142,34.85107421875,28.69352014010508,156,4.7607421875,986,30.09033203125,0,0.0,0xA3747F26,3069,1262,1081,11.98828125,4.9296875,4.22265625,1,0x14,0,0,0,1,0,1,0,0,1,0,,,,,,,,,,,,,,,,,,,,,,
573,10,FREECAM_3D,19.133333333333333,873562,26658.99658203125,1161,35.430908203125,28.223944875107666,156,4.7607421875,1005,30.670166015625,0,0.0,0xC7FFADCF,3069,1262,1081,11.98828125,4.9296875,4.22265625,1,0x14,0,0,0,1,0,1,0,0,1,0,,,,,,,,,,,,,,,,,,,,,,
574,10,FREECAM_3D,19.166666666666668,874751,26695.281982421875,1189,36.285400390625,27.55929352396972,156,4.7607421875,1032,31.494140625,1,0.030517578125,0xA44C425B,3069,1262,1081,11.98828125,4.9296875,4.22265625,1,0x14,0,0,0,1,0,1,0,0,1,0,,,,,,,,,,,,,,,,,,,,,,
575,10,FREECAM_3D,19.2,875946,26731.75048828125,1195,36.468505859375,27.42092050209205,156,4.7607421875,1038,31.67724609375,1,0.030517578125,0xF20D7777,3069,1262,1081,11.98828125,4.9296875,4.22265625,1,0x14,0,0,0,1,0,1,0,0,1,0,,,,,,,,,,,,,,,,,,,,,,
576,10,FREECAM_3D,19.233333333333334,877139,26768.157958984375,1193,36.407470703125,27.466890192791283,156,4.7607421875,1037,31.646728515625,0,0.0,0x1D68886C,3069,1262,1081,11.98828125,4.9296875,4.22265625,1,0x14,0,0,0,1,0,1,0,0,1,0,,,,,,,,,,,,,,,,,,,,,,
577,10,FREECAM_3D,19.266666666666666,878255,26802.215576171875,1116,34.0576171875,29.36200716845878,156,4.7607421875,960,29.296875,0,0.0,0x65DFB05A,3069,1262,1081,11.98828125,4.9296875,4.22265625,1,0x14,0,0,0,1,0,1,0,0,1,0,,,,,,,,,,,,,,,,,,,,,,
578,10,FREECAM_3D,19.3,879388,26836.7919921875,1133,34.576416015625,28.92144748455428,156,4.7607421875,976,29.78515625,1,0.030517578125,0x7EDEF92F,3069,1262,1081,11.98828125,4.9296875,4.22265625,1,0x14,0,0,0,1,0,1,0,0,1,0,,,,,,,,,,,,,,,,,,,,,,
579,10,FREECAM_3D,19.333333333333332,880446,26869.07958984375,1058,32.28759765625,30.97164461247637,156,4.7607421875,902,27.52685546875,0,0.0,0x4310EEA4,3069,1262,1081,11.98828125,4.9296875,4.22265625,1,0x14,0,0,0,1,0,1,0,0,1,0,,,,,,,,,,,,,,,,,,,,,,
580,10,FREECAM_3D,19.366666666666667,881503,26901.336669921875,1057,32.257080078125,31.000946073793756,156,4.7607421875,900,27.4658203125,1,0.030517578125,0x757DE4F2,3069,1262,1081,11.98828125,4.9296875,4.22265625,1,0x14,0,0,0,1,0,1,0,0,1,0,,,,,,,,,,,,,,,,,,,,,,
581,10,FREECAM_3D,19.4,882546,26933.16650390625,1043,31.829833984375,31.417066155321187,156,4.7607421875,886,27.03857421875,1,0.030517578125,0x7496D160,3069,1262,1081,11.98828125,4.9296875,4.22265625,1,0x14,0,0,0,1,0,1,0,0,1,0,,,,,,,,,,,,,,,,,,,,,,
582,10,FREECAM_3D,19.433333333333334,883585,26964.874267578125,1039,31.707763671875,31.53801732435034,155,4.730224609375,884,26.9775390625,0,0.0,0x0F828D67,3069,1262,1081,11.98828125,4.9296875,4.22265625,1,0x14,0,0,0,1,0,1,0,0,1,0,,,,,,,,,,,,,,,,,,,,,,
583,10,FREECAM_3D,19.466666666666665,884620,26996.4599609375,1035,31.585693359375,31.65990338164251,156,4.7607421875,878,26.79443359375,1,0.030517578125,0x75381BF2,3069,1262,1081,11.98828125,4.9296875,4.22265625,1,0x14,0,0,0,1,0,1,0,0,1,0,,,,,,,,,,,,,,,,,,,,,,
584,10,FREECAM_3D,19.5,885653,27027.984619140625,1033,31.524658203125,31.721200387221685,155,4.730224609375,878,26.79443359375,0,0.0,0xBA858160,3069,1262,1081,11.98828125,4.9296875,4.22265625,1,0x14,0,0,0,1,0,1,0,0,1,0,,,,,,,,,,,,,,,,,,,,,,
585,10,FREECAM_3D,19.533333333333335,886732,27060.9130859375,1079,32.928466796875,30.368860055607044,156,4.7607421875,923,28.167724609375,0,0.0,0x301ECFFF,3069,1262,1081,11.98828125,4.9296875,4.22265625,1,0x14,0,0,0,1,0,1,0,0,1,0,,,,,,,,,,,,,,,,,,,,,,
586,10,FREECAM_3D,19.566666666666666,887814,27093.93310546875,1082,33.02001953125,30.284658040665434,156,4.7607421875,926,28.25927734375,0,0.0,0x1CAD1FE7,3069,1262,1081,11.98828125,4.9296875,4.22265625,1,0x14,0,0,0,1,0,1,0,0,1,0,,,,,,,,,,,,,,,,,,,,,,
587,10,FREECAM_3D,19.6,888895,27126.922607421875,1081,32.989501953125,30.31267345050879,156,4.7607421875,924,28.1982421875,1,0.030517578125,0x125C255F,3069,1262,1081,11.98828125,4.9296875,4.22265625,1,0x14,0,0,0,1,0,1,0,0,1,0,,,,,,,,,,,,,,,,,,,,,,
588,10,FREECAM_3D,19.633333333333333,890042,27161.92626953125,1147,35.003662109375,28.568439407149086,156,4.7607421875,991,30.242919921875,0,0.0,0x351999EE,3069,1262,1081,11.98828125,4.9296875,4.22265625,1,0x14,0,0,0,1,0,1,0,0,1,0,,,,,,,,,,,,,,,,,,,,,,
589,10,FREECAM_3D,19.666666666666668,891200,27197.265625,1158,35.33935546875,28.29706390328152,156,4.7607421875,1002,30.57861328125,0,0.0,0xAC17D57C,3069,1262,1081,11.98828125,4.9296875,4.22265625,1,0x14,0,0,0,1,0,1,0,0,1,0,,,,,,,,,,,,,,,,,,,,,,
590,10,FREECAM_3D,19.7,892374,27233.09326171875,1174,35.82763671875,27.911413969335605,156,4.7607421875,1018,31.06689453125,0,0.0,0x9AB97DEB,3069,1262,1081,11.98828125,4.9296875,4.22265625,1,0x14,0,0,0,1,0,1,0,0,1,0,,,,,,,,,,,,,,,,,,,,,,
591,10,FREECAM_3D,19.733333333333334,894006,27282.89794921875,1632,49.8046875,20.07843137254902,156,4.7607421875,1476,45.0439453125,0,0.0,0x9F0DFB31,3069,1262,1081,11.98828125,4.9296875,4.22265625,1,0x14,0,0,0,1,0,1,0,0,1,0,,,,,,,,,,,,,,,,,,,,,,
592,10,FREECAM_3D,19.766666666666666,895682,27334.04541015625,1676,51.1474609375,19.55131264916468,156,4.7607421875,1520,46.38671875,0,0.0,0x71DCCEE5,3069,1262,1081,11.98828125,4.9296875,4.22265625,1,0x14,0,0,0,1,0,1,0,0,1,0,,,,,,,,,,,,,,,,,,,,,,
593,10,FREECAM_3D,19.8,897279,27382.781982421875,1597,48.736572265625,20.5184721352536,156,4.7607421875,1440,43.9453125,1,0.030517578125,0xA5FAE12A,3069,1262,1081,11.98828125,4.9296875,4.22265625,1,0x14,0,0,0,1,0,1,0,0,1,0,,,,,,,,,,,,,,,,,,,,,,
594,10,FREECAM_3D,19.833333333333332,899015,27435.760498046875,1736,52.978515625,18.87557603686636,156,4.7607421875,1580,48.2177734375,0,0.0,0xA5318462,3069,1262,1081,11.98828125,4.9296875,4.22265625,1,0x14,0,0,0,1,0,1,0,0,1,0,,,,,,,,,,,,,,,,,,,,,,
595,10,FREECAM_3D,19.866666666666667,900782,27489.68505859375,1767,53.924560546875,18.54442558007923,156,4.7607421875,1611,49.163818359375,0,0.0,0x0F056F37,3069,1262,1081,11.98828125,4.9296875,4.22265625,1,0x14,0,0,0,1,0,1,0,0,1,0,,,,,,,,,,,,,,,,,,,,,,
596,10,FREECAM_3D,19.9,902567,27544.158935546875,1785,54.473876953125,18.357422969187674,156,4.7607421875,1628,49.6826171875,1,0.030517578125,0x3DD7AA69,3069,1262,1081,11.98828125,4.9296875,4.22265625,1,0x14,0,0,0,1,0,1,0,0,1,0,,,,,,,,,,,,,,,,,,,,,,
597,10,FREECAM_3D,19.933333333333334,904472,27602.294921875,1905,58.135986328125,17.201049868766404,156,4.7607421875,1748,53.3447265625,1,0.030517578125,0xE75BFEC1,3069,1262,1081,11.98828125,4.9296875,4.22265625,1,0x14,0,0,0,1,0,1,0,0,1,0,,,,,,,,,,,,,,,,,,,,,,
598,10,FREECAM_3D,19.966666666666665,906454,27662.78076171875,1982,60.48583984375,16.53279515640767,156,4.7607421875,1826,55.72509765625,0,0.0,0xD5D21860,3069,1262,1081,11.98828125,4.9296875,4.22265625,1,0x14,0,0,0,1,0,1,0,0,1,0,,,,,,,,,,,,,,,,,,,,,,
599,10,FREECAM_3D,20.0,908394,27721.98486328125,1940,59.2041015625,16.890721649484536,156,4.7607421875,1784,54.443359375,0,0.0,0x95EDCE06,3069,1262,1081,11.98828125,4.9296875,4.22265625,1,0x14,0,0,0,1,0,1,0,0,1,0,,,,,,,,,,,,,,,,,,,,,,
600,10,FREECAM_3D,20.033333333333335,910523,27786.956787109375,2129,64.971923828125,15.391263503992485,156,4.7607421875,1973,60.211181640625,0,0.0,0x63CE50E1,3069,1262,1081,11.98828125,4.9296875,4.22265625,1,0x14,0,0,0,1,0,1,0,0,1,0,,,,,,,,,,,,,,,,,,,,,,
601,10,FREECAM_3D,20.066666666666666,912600,27850.341796875,2077,63.385009765625,15.776600866634569,156,4.7607421875,1921,58.624267578125,0,0.0,0x6BFB6151,3069,1262,1081,11.98828125,4.9296875,4.22265625,1,0x14,0,0,0,1,0,1,0,0,1,0,,,,,,,,,,,,,,,,,,,,,,
602,10,FREECAM_3D,20.1,914809,27917.755126953125,2209,67.413330078125,14.833861475780896,156,4.7607421875,2053,62.652587890625,0,0.0,0xBC1EDF23,3069,1262,1081,11.98828125,4.9296875,4.22265625,1,0x14,0,0,0,1,0,1,0,0,1,0,,,,,,,,,,,,,,,,,,,,,,
603,10,FREECAM_3D,20.133333333333333,917068,27986.6943359375,2259,68.939208984375,14.505533421868083,156,4.7607421875,2103,64.178466796875,0,0.0,0xF7C30E54,3069,1262,1081,11.98828125,4.9296875,4.22265625,1,0x14,0,0,0,1,0,1,0,0,1,0,,,,,,,,,,,,,,,,,,,,,,
604,10,FREECAM_3D,20.166666666666668,919415,28058.319091796875,2347,71.624755859375,13.961653174265019,156,4.7607421875,2191,66.864013671875,0,0.0,0x4540FC6A,3069,1262,1081,11.98828125,4.9296875,4.22265625,1,0x14,0,0,0,1,0,1,0,0,1,0,,,,,,,,,,,,,,,,,,,,,,
605,10,FREECAM_3D,20.2,921805,28131.256103515625,2390,72.93701171875,13.710460251046024,156,4.7607421875,2234,68.17626953125,0,0.0,0x06815C15,3069,1262,1081,11.98828125,4.9296875,4.22265625,1,0x14,0,0,0,1,0,1,0,0,1,0,,,,,,,,,,,,,,,,,,,,,,
606,10,FREECAM_3D,20.233333333333334,924192,28204.1015625,2387,72.845458984375,13.727691663175534,156,4.7607421875,2231,68.084716796875,0,0.0,0x7CE2CE39,3069,1262,1081,11.98828125,4.9296875,4.22265625,1,0x14,0,0,0,1,0,1,0,0,1,0,,,,,,,,,,,,,,,,,,,,,,
607,10,FREECAM_3D,20.266666666666666,926617,28278.106689453125,2425,74.005126953125,13.51257731958763,156,4.7607421875,2269,69.244384765625,0,0.0,0x0BF6A32B,3069,1262,1081,11.98828125,4.9296875,4.22265625,1,0x14,0,0,0,1,0,1,0,0,1,0,,,,,,,,,,,,,,,,,,,,,,
608,10,FREECAM_3D,20.3,929039,28352.020263671875,2422,73.91357421875,13.529314616019818,156,4.7607421875,2266,69.15283203125,0,0.0,0xD06752C8,3069,1262,1081,11.98828125,4.9296875,4.22265625,1,0x14,0,0,0,1,0,1,0,0,1,0,,,,,,,,,,,,,,,,,,,,,,
609,10,FREECAM_3D,20.333333333333332,931586,28429.74853515625,2547,77.728271484375,12.865331762858265,156,4.7607421875,2390,72.93701171875,1,0.030517578125,0x48A2917A,3069,1262,1081,11.98828125,4.9296875,4.22265625,1,0x14,0,0,0,1,0,1,0,0,1,0,,,,,,,,,,,,,,,,,,,,,,
610,10,FREECAM_3D,20.366666666666667,934160,28508.30078125,2574,78.55224609375,12.73038073038073,156,4.7607421875,2418,73.79150390625,0,0.0,0x8CC51F67,3069,1262,1081,11.98828125,4.9296875,4.22265625,1,0x14,0,0,0,1,0,1,0,0,1,0,,,,,,,,,,,,,,,,,,,,,,
611,10,FREECAM_3D,20.4,936774,28588.07373046875,2614,79.77294921875,12.53557765876052,156,4.7607421875,2457,74.981689453125,1,0.030517578125,0xA8F28D70,3069,1262,1081,11.98828125,4.9296875,4.22265625,1,0x14,0,0,0,1,0,1,0,0,1,0,,,,,,,,,,,,,,,,,,,,,,
612,10,FREECAM_3D,20.433333333333334,939376,28667.48046875,2602,79.40673828125,12.593389700230592,156,4.7607421875,2446,74.64599609375,0,0.0,0xD7079BC0,3069,1262,1081,11.98828125,4.9296875,4.22265625,1,0x16,1,1,0,1,0,1,0,0,1,0,74.554443359375,0.0,6.256103515625,10.650634765625,8.270263671875,2.44140625,33.355712890625,0.9765625,0.0,11.627197265625,0.9765625,0,0,0,0,0,0,0,0,0,0,0
613,10,FREECAM_3D,20.466666666666665,941934,28745.54443359375,2558,78.06396484375,12.810007818608288,156,4.7607421875,2402,73.30322265625,0,0.0,0xDB7D8AB0,3069,1262,1081,11.98828125,4.9296875,4.22265625,1,0x14,0,0,0,1,0,1,0,0,1,0,,,,,,,,,,,,,,,,,,,,,,
614,10,FREECAM_3D,20.5,944353,28819.366455078125,2419,73.822021484375,13.546093427035965,156,4.7607421875,2263,69.061279296875,0,0.0,0xD7079BC0,3069,1262,1081,11.98828125,4.9296875,4.22265625,1,0x14,0,0,0,1,0,1,0,0,-1,0,,,,,,,,,,,,,,,,,,,,,,
615,10,FREECAM_3D,20.533333333333335,946937,28898.223876953125,2584,78.857421875,12.681114551083592,156,4.7607421875,2428,74.0966796875,0,0.0,0xA8F28D70,3069,1262,1081,11.98828125,4.9296875,4.22265625,1,0x14,0,0,0,1,0,1,0,0,-1,0,,,,,,,,,,,,,,,,,,,,,,
616,10,FREECAM_3D,20.566666666666666,949494,28976.25732421875,2557,78.033447265625,12.815017598748533,156,4.7607421875,2401,73.272705078125,0,0.0,0x8CC51F67,3069,1262,1081,11.98828125,4.9296875,4.22265625,1,0x14,0,0,0,1,0,1,0,0,-1,0,,,,,,,,,,,,,,,,,,,,,,
617,10,FREECAM_3D,20.6,952007,29052.947998046875,2513,76.690673828125,13.039395145244727,156,4.7607421875,2356,71.8994140625,1,0.030517578125,0x48A2917A,3069,1262,1081,11.98828125,4.9296875,4.22265625,1,0x14,0,0,0,1,0,1,0,0,-1,0,,,,,,,,,,,,,,,,,,,,,,
618,10,FREECAM_3D,20.633333333333333,954417,29126.495361328125,2410,73.54736328125,13.59668049792531,156,4.7607421875,2253,68.756103515625,1,0.030517578125,0xD06752C8,3069,1262,1081,11.98828125,4.9296875,4.22265625,1,0x14,0,0,0,1,0,1,0,0,-1,0,,,,,,,,,,,,,,,,,,,,,,
619,10,FREECAM_3D,20.666666666666668,956819,29199.798583984375,2402,73.30322265625,13.641965029142382,156,4.7607421875,2245,68.511962890625,1,0.030517578125,0x0BF6A32B,3069,1262,1081,11.98828125,4.9296875,4.22265625,1,0x14,0,0,0,1,0,1,0,0,-1,0,,,,,,,,,,,,,,,,,,,,,,
620,10,FREECAM_3D,20.7,959171,29271.575927734375,2352,71.77734375,13.931972789115646,156,4.7607421875,2196,67.0166015625,0,0.0,0x7CE2CE39,3069,1262,1081,11.98828125,4.9296875,4.22265625,1,0x14,0,0,0,1,0,1,0,0,-1,0,,,,,,,,,,,,,,,,,,,,,,
621,10,FREECAM_3D,20.733333333333334,961486,29342.22412109375,2315,70.648193359375,14.154643628509719,156,4.7607421875,2158,65.85693359375,1,0.030517578125,0x06815C15,3069,1262,1081,11.98828125,4.9296875,4.22265625,1,0x14,0,0,0,1,0,1,0,0,-1,0,,,,,,,,,,,,,,,,,,,,,,
622,10,FREECAM_3D,20.766666666666666,963805,29412.994384765625,2319,70.770263671875,14.130228546787409,156,4.7607421875,2163,66.009521484375,0,0.0,0x4540FC6A,3069,1262,1081,11.98828125,4.9296875,4.22265625,1,0x14,0,0,0,1,0,1,0,0,-1,0,,,,,,,,,,,,,,,,,,,,,,
623,10,FREECAM_3D,20.8,966096,29482.91015625,2291,69.915771484375,14.302924487123526,156,4.7607421875,2135,65.155029296875,0,0.0,0xF7C30E54,3069,1262,1081,11.98828125,4.9296875,4.22265625,1,0x14,0,0,0,1,0,1,0,0,-1,0,,,,,,,,,,,,,,,,,,,,,,
624,10,FREECAM_3D,20.833333333333332,968340,29551.3916015625,2244,68.4814453125,14.602495543672013,156,4.7607421875,2088,63.720703125,0,0.0,0xBC1EDF23,3069,1262,1081,11.98828125,4.9296875,4.22265625,1,0x14,0,0,0,1,0,1,0,0,-1,0,,,,,,,,,,,,,,,,,,,,,,
625,10,FREECAM_3D,20.866666666666667,970418,29614.80712890625,2078,63.41552734375,15.76900866217517,156,4.7607421875,1921,58.624267578125,1,0.030517578125,0x6BFB6151,3069,1262,1081,11.98828125,4.9296875,4.22265625,1,0x14,0,0,0,1,0,1,0,0,-1,0,,,,,,,,,,,,,,,,,,,,,,
626,10,FREECAM_3D,20.9,972534,29679.38232421875,2116,64.5751953125,15.485822306238186,156,4.7607421875,1960,59.814453125,0,0.0,0x63CE50E1,3069,1262,1081,11.98828125,4.9296875,4.22265625,1,0x14,0,0,0,1,0,1,0,0,-1,0,,,,,,,,,,,,,,,,,,,,,,
627,10,FREECAM_3D,20.933333333333334,974469,29738.433837890625,1935,59.051513671875,16.934366925064598,156,4.7607421875,1778,54.26025390625,1,0.030517578125,0x95EDCE06,3069,1262,1081,11.98828125,4.9296875,4.22265625,1,0x14,0,0,0,1,0,1,0,0,-1,0,,,,,,,,,,,,,,,,,,,,,,
628,10,FREECAM_3D,20.966666666666665,976465,29799.346923828125,1996,60.9130859375,16.416833667334668,155,4.730224609375,1841,56.182861328125,0,0.0,0xD5D21860,3069,1262,1081,11.98828125,4.9296875,4.22265625,1,0x14,0,0,0,1,0,1,0,0,-1,0,,,,,,,,,,,,,,,,,,,,,,
629,10,FREECAM_3D,21.0,978392,29858.154296875,1927,58.807373046875,17.004670472236636,156,4.7607421875,1771,54.046630859375,0,0.0,0xE75BFEC1,3069,1262,1081,11.98828125,4.9296875,4.22265625,1,0x14,0,0,0,1,0,1,0,0,-1,0,,,,,,,,,,,,,,,,,,,,,,
630,10,FREECAM_3D,21.033333333333335,980202,29913.39111328125,1810,55.23681640625,18.10386740331492,156,4.7607421875,1653,50.445556640625,1,0.030517578125,0x3DD7AA69,3069,1262,1081,11.98828125,4.9296875,4.22265625,1,0x14,0,0,0,1,0,1,0,0,-1,0,,,,,,,,,,,,,,,,,,,,,,
631,10,FREECAM_3D,21.066666666666666,981966,29967.22412109375,1764,53.8330078125,18.575963718820862,155,4.730224609375,1608,49.072265625,1,0.030517578125,0x0F056F37,3069,1262,1081,11.98828125,4.9296875,4.22265625,1,0x14,0,0,0,1,0,1,0,0,-1,0,,,,,,,,,,,,,,,,,,,,,,
632,10,FREECAM_3D,21.1,983703,30020.233154296875,1737,53.009033203125,18.864709268854348,156,4.7607421875,1581,48.248291015625,0,0.0,0xA5318462,3069,1262,1081,11.98828125,4.9296875,4.22265625,1,0x14,0,0,0,1,0,1,0,0,-1,0,,,,,,,,,,,,,,,,,,,,,,
633,10,FREECAM_3D,21.133333333333333,985300,30068.9697265625,1597,48.736572265625,20.5184721352536,156,4.7607421875,1441,43.975830078125,0,0.0,0xA5FAE12A,3069,1262,1081,11.98828125,4.9296875,4.22265625,1,0x14,0,0,0,1,0,1,0,0,-1,0,,,,,,,,,,,,,,,,,,,,,,
634,10,FREECAM_3D,21.166666666666668,986988,30120.4833984375,1688,51.513671875,19.412322274881518,156,4.7607421875,1532,46.7529296875,0,0.0,0x71DCCEE5,3069,1262,1081,11.98828125,4.9296875,4.22265625,1,0x14,0,0,0,1,0,1,0,0,-1,0,,,,,,,,,,,,,,,,,,,,,,
635,10,FREECAM_3D,21.2,988635,30170.745849609375,1647,50.262451171875,19.89556769884639,156,4.7607421875,1490,45.47119140625,1,0.030517578125,0x9F0DFB31,3069,1262,1081,11.98828125,4.9296875,4.22265625,1,0x14,0,0,0,1,0,1,0,0,-1,0,,,,,,,,,,,,,,,,,,,,,,
636,10,FREECAM_3D,21.233333333333334,989826,30207.09228515625,1191,36.346435546875,27.513014273719563,155,4.730224609375,1036,31.6162109375,0,0.0,0x9AB97DEB,3069,1262,1081,11.98828125,4.9296875,4.22265625,1,0x14,0,0,0,1,0,1,0,0,-1,0,,,,,,,,,,,,,,,,,,,,,,
637,10,FREECAM_3D,21.266666666666666,991008,30243.1640625,1182,36.07177734375,27.722504230118442,156,4.7607421875,1025,31.280517578125,1,0.030517578125,0xAC17D57C,3069,1262,1081,11.98828125,4.9296875,4.22265625,1,0x14,0,0,0,1,0,1,0,0,-1,0,,,,,,,,,,,,,,,,,,,,,,
638,10,FREECAM_3D,21.3,992180,30278.9306640625,1172,35.7666015625,27.959044368600683,155,4.730224609375,1017,31.036376953125,0,0.0,0x351999EE,3069,1262,1081,11.98828125,4.9296875,4.22265625,1,0x14,0,0,0,1,0,1,0,0,-1,0,,,,,,,,,,,,,,,,,,,,,,
639,10,FREECAM_3D,21.333333333333332,993265,30312.042236328125,1085,33.111572265625,30.200921658986175,156,4.7607421875,929,28.350830078125,0,0.0,0x125C255F,3069,1262,1081,11.98828125,4.9296875,4.22265625,1,0x14,0,0,0,1,0,1,0,0,-1,0,,,,,,,,,,,,,,,,,,,,,,
640,10,FREECAM_3D,21.366666666666667,994339,30344.818115234375,1074,32.77587890625,30.51024208566108,156,4.7607421875,918,28.01513671875,0,0.0,0x1CAD1FE7,3069,1262,1081,11.98828125,4.9296875,4.22265625,1,0x14,0,0,0,1,0,1,0,0,-1,0,,,,,,,,,,,,,,,,,,,,,,
641,10,FREECAM_3D,21.4,995419,30377.777099609375,1080,32.958984375,30.340740740740742,156,4.7607421875,924,28.1982421875,0,0.0,0x301ECFFF,3069,1262,1081,11.98828125,4.9296875,4.22265625,1,0x14,0,0,0,1,0,1,0,0,-1,0,,,,,,,,,,,,,,,,,,,,,,
642,10,FREECAM_3D,21.433333333333334,996458,30409.48486328125,1039,31.707763671875,31.53801732435034,156,4.7607421875,883,26.947021484375,0,0.0,0xBA858160,3069,1262,1081,11.98828125,4.9296875,4.22265625,1,0x14,0,0,0,1,0,1,0,0,-1,0,,,,,,,,,,,,,,,,,,,,,,
643,10,FREECAM_3D,21.466666666666665,997493,30441.070556640625,1035,31.585693359375,31.65990338164251,156,4.7607421875,878,26.79443359375,1,0.030517578125,0x75381BF2,3069,1262,1081,11.98828125,4.9296875,4.22265625,1,0x14,0,0,0,1,0,1,0,0,-1,0,,,,,,,,,,,,,,,,,,,,,,
644,10,FREECAM_3D,21.5,998527,30472.625732421875,1034,31.55517578125,31.690522243713733,156,4.7607421875,878,26.79443359375,0,0.0,0x0F828D67,3069,1262,1081,11.98828125,4.9296875,4.22265625,1,0x14,0,0,0,1,0,1,0,0,-1,0,,,,,,,,,,,,,,,,,,,,,,
645,10,FREECAM_3D,21.533333333333335,999563,30504.241943359375,1036,31.6162109375,31.62934362934363,156,4.7607421875,879,26.824951171875,1,0.030517578125,0x7496D160,3069,1262,1081,11.98828125,4.9296875,4.22265625,1,0x14,0,0,0,1,0,1,0,0,-1,0,,,,,,,,,,,,,,,,,,,,,,
646,10,FREECAM_3D,21.566666666666666,1000621,30536.529541015625,1058,32.28759765625,30.97164461247637,156,4.7607421875,902,27.52685546875,0,0.0,0x757DE4F2,3069,1262,1081,11.98828125,4.9296875,4.22265625,1,0x14,0,0,0,1,0,1,0,0,-1,0,,,,,,,,,,,,,,,,,,,,,,
647,10,FREECAM_3D,21.6,1001681,30568.878173828125,1060,32.3486328125,30.91320754716981,156,4.7607421875,904,27.587890625,0,0.0,0x4310EEA4,3069,1262,1081,11.98828125,4.9296875,4.22265625,1,0x14,0,0,0,1,0,1,0,0,-1,0,,,,,,,,,,,,,,,,,,,,,,
648,10,FREECAM_3D,21.633333333333333,1002807,30603.240966796875,1126,34.36279296875,29.101243339253998,156,4.7607421875,969,29.571533203125,1,0.030517578125,0x7EDEF92F,3069,1262,1081,11.98828125,4.9296875,4.22265625,1,0x14,0,0,0,1,0,1,0,0,-1,0,,,,,,,,,,,,,,,,,,,,,,
649,10,FREECAM_3D,21.666666666666668,1003917,30637.115478515625,1110,33.87451171875,29.52072072072072,156,4.7607421875,954,29.11376953125,0,0.0,0x65DFB05A,3069,1262,1081,11.98828125,4.9296875,4.22265625,1,0x14,0,0,0,1,0,1,0,0,-1,0,,,,,,,,,,,,,,,,,,,,,,
650,10,FREECAM_3D,21.7,1005114,30673.64501953125,1197,36.529541015625,27.375104427736005,156,4.7607421875,1040,31.73828125,1,0.030517578125,0x1D68886C,3069,1262,1081,11.98828125,4.9296875,4.22265625,1,0x14,0,0,0,1,0,1,0,0,-1,0,,,,,,,,,,,,,,,,,,,,,,
651,10,FREECAM_3D,21.733333333333334,1006307,30710.052490234375,1193,36.407470703125,27.466890192791283,155,4.730224609375,1037,31.646728515625,1,0.030517578125,0xF20D7777,3069,1262,1081,11.98828125,4.9296875,4.22265625,1,0x14,0,0,0,1,0,1,0,0,-1,0,,,,,,,,,,,,,,,,,,,,,,
652,10,FREECAM_3D,21.766666666666666,1007493,30746.246337890625,1186,36.19384765625,27.62900505902192,156,4.7607421875,1030,31.43310546875,0,0.0,0xA44C425B,3069,1262,1081,11.98828125,4.9296875,4.22265625,1,0x14,0,0,0,1,0,1,0,0,-1,0,,,,,,,,,,,,,,,,,,,,,,
653,10,FREECAM_3D,21.8,1008672,30782.2265625,1179,35.980224609375,27.793044953350297,156,4.7607421875,1022,31.18896484375,1,0.030517578125,0xC7FFADCF,3069,1262,1081,11.98828125,4.9296875,4.22265625,1,0x14,0,0,0,1,0,1,0,0,-1,0,,,,,,,,,,,,,,,,,,,,,,
654,10,FREECAM_3D,21.833333333333332,1009839,30817.840576171875,1167,35.614013671875,28.07883461868038,156,4.7607421875,1010,30.82275390625,1,0.030517578125,0xA3747F26,3069,1262,1081,11.98828125,4.9296875,4.22265625,1,0x14,0,0,0,1,0,1,0,0,-1,0,,,,,,,,,,,,,,,,,,,,,,
655,10,FREECAM_3D,21.866666666666667,1010980,30852.6611328125,1141,34.820556640625,28.718667835232253,155,4.730224609375,986,30.09033203125,0,0.0,0xAE96CAD8,3069,1262,1081,11.98828125,4.9296875,4.22265625,1,0x14,0,0,0,1,0,1,0,0,-1,0,,,,,,,,,,,,,,,,,,,,,,
656,10,FREECAM_3D,21.9,1012102,30886.90185546875,1122,34.24072265625,29.204991087344027,156,4.7607421875,965,29.449462890625,1,0.030517578125,0x58F5109B,3069,1262,1081,11.98828125,4.9296875,4.22265625,1,0x14,0,0,0,1,0,1,0,0,-1,0,,,,,,,,,,,,,,,,,,,,,,
657,10,FREECAM_3D,21.933333333333334,1013162,30919.25048828125,1060,32.3486328125,30.91320754716981,156,4.7607421875,903,27.557373046875,1,0.030517578125,0x87F93679,3069,1262,1081,11.98828125,4.9296875,4.22265625,1,0x14,0,0,0,1,0,1,0,0,-1,0,,,,,,,,,,,,,,,,,,,,,,
658,10,FREECAM_3D,21.966666666666665,1014197,30950.836181640625,1035,31.585693359375,31.65990338164251,156,4.7607421875,879,26.824951171875,0,0.0,0x99232FBD,3069,1262,1081,11.98828125,4.9296875,4.22265625,1,0x14,0,0,0,1,0,1,0,0,-1,0,,,,,,,,,,,,,,,,,,,,,,
659,10,FREECAM_3D,22.0,1015217,30981.964111328125,1020,31.1279296875,32.12549019607843,156,4.7607421875,864,26.3671875,0,0.0,0xB16D2C2A,3069,1262,1081,11.98828125,4.9296875,4.22265625,1,0x14,0,0,0,1,0,1,0,0,-1,0,,,,,,,,,,,,,,,,,,,,,,
660,10,FREECAM_3D,22.033333333333335,1016196,31011.8408203125,979,29.876708984375,33.4708886618999,156,4.7607421875,822,25.08544921875,1,0.030517578125,0x97B6A86E,3069,1262,1081,11.98828125,4.9296875,4.22265625,1,0x14,0,0,0,1,0,1,0,0,-1,0,,,,,,,,,,,,,,,,,,,,,,
661,10,FREECAM_3D,22.066666666666666,1017167,31041.473388671875,971,29.632568359375,33.74665293511843,156,4.7607421875,815,24.871826171875,0,0.0,0xD6FA1B1C,3069,1262,1081,11.98828125,4.9296875,4.22265625,1,0x14,0,0,0,1,0,1,0,0,-1,0,,,,,,,,,,,,,,,,,,,,,,
662,10,FREECAM_3D,22.1,1018131,31070.892333984375,964,29.4189453125,33.99170124481328,156,4.7607421875,808,24.658203125,0,0.0,0x8B4C3E5A,3069,1262,1081,11.98828125,4.9296875,4.22265625,1,0x14,0,0,0,1,0,1,0,0,-1,0,,,,,,,,,,,,,,,,,,,,,,
663,10,FREECAM_3D,22.133333333333333,1019082,31099.91455078125,951,29.022216796875,34.456361724500525,151,4.608154296875,800,24.4140625,0,0.0,0x8B4C3E5A,3069,1262,1081,11.98828125,4.9296875,4.22265625,1,0x10,0,0,0,0,0,1,0,0,-1,0,,,,,,,,,,,,,,,,,,,,,,
664,10,FREECAM_3D,22.166666666666668,1020013,31128.326416015625,931,28.411865234375,35.19656283566058,151,4.608154296875,780,23.8037109375,0,0.0,0x8B4C3E5A,3069,1262,1081,11.98828125,4.9296875,4.22265625,1,0x10,0,0,0,0,0,1,0,0,-1,0,,,,,,,,,,,,,,,,,,,,,,
665,10,FREECAM_3D,22.2,1020945,31156.768798828125,932,28.4423828125,35.1587982832618,152,4.638671875,780,23.8037109375,0,0.0,0x8B4C3E5A,3069,1262,1081,11.98828125,4.9296875,4.22265625,1,0x10,0,0,0,0,0,1,0,0,-1,0,,,,,,,,,,,,,,,,,,,,,,
666,10,FREECAM_3D,22.233333333333334,1021878,31185.24169921875,933,28.472900390625,35.12111468381565,152,4.638671875,780,23.8037109375,1,0.030517578125,0x8B4C3E5A,3069,1262,1081,11.98828125,4.9296875,4.22265625,1,0x10,0,0,0,0,0,1,0,0,-1,0,,,,,,,,,,,,,,,,,,,,,,
667,10,FREECAM_3D,22.266666666666666,1022809,31213.653564453125,931,28.411865234375,35.19656283566058,151,4.608154296875,780,23.8037109375,0,0.0,0x8B4C3E5A,3069,1262,1081,11.98828125,4.9296875,4.22265625,1,0x10,0,0,0,0,0,1,0,0,-1,0,,,,,,,,,,,,,,,,,,,,,,
668,10,FREECAM_3D,22.3,1023740,31242.0654296875,931,28.411865234375,35.19656283566058,151,4.608154296875,780,23.8037109375,0,0.0,0x8B4C3E5A,3069,1262,1081,11.98828125,4.9296875,4.22265625,1,0x10,0,0,0,0,0,1,0,0,-1,0,,,,,,,,,,,,,,,,,,,,,,
669,10,FREECAM_3D,22.333333333333332,1024672,31270.5078125,932,28.4423828125,35.1587982832618,152,4.638671875,780,23.8037109375,0,0.0,0x8B4C3E5A,3069,1262,1081,11.98828125,4.9296875,4.22265625,1,0x10,0,0,0,0,0,1,0,0,-1,0,,,,,,,,,,,,,,,,,,,,,,
670,10,FREECAM_3D,22.366666666666667,1025605,31298.980712890625,933,28.472900390625,35.12111468381565,152,4.638671875,780,23.8037109375,1,0.030517578125,0x8B4C3E5A,3069,1262,1081,11.98828125,4.9296875,4.22265625,1,0x10,0,0,0,0,0,1,0,0,-1,0,,,,,,,,,,,,,,,,,,,,,,
671,10,FREECAM_3D,22.4,1026537,31327.423095703125,932,28.4423828125,35.1587982832618,151,4.608154296875,780,23.8037109375,1,0.030517578125,0x8B4C3E5A,3069,1262,1081,11.98828125,4.9296875,4.22265625,1,0x10,0,0,0,0,0,1,0,0,-1,0,,,,,,,,,,,,,,,,,,,,,,
672,10,FREECAM_3D,22.433333333333334,1027468,31355.8349609375,931,28.411865234375,35.19656283566058,151,4.608154296875,780,23.8037109375,0,0.0,0x8B4C3E5A,3069,1262,1081,11.98828125,4.9296875,4.22265625,1,0x10,0,0,0,0,0,1,0,0,-1,0,,,,,,,,,,,,,,,,,,,,,,
673,10,FREECAM_3D,22.466666666666665,1028400,31384.27734375,932,28.4423828125,35.1587982832618,152,4.638671875,780,23.8037109375,0,0.0,0x8B4C3E5A,3069,1262,1081,11.98828125,4.9296875,4.22265625,1,0x10,0,0,0,0,0,1,0,0,-1,0,,,,,,,,,,,,,,,,,,,,,,
674,10,FREECAM_3D,22.5,1029333,31412.750244140625,933,28.472900390625,35.12111468381565,152,4.638671875,780,23.8037109375,1,0.030517578125,0x8B4C3E5A,3069,1262,1081,11.98828125,4.9296875,4.22265625,1,0x10,0,0,0,0,0,1,0,0,-1,0,,,,,,,,,,,,,,,,,,,,,,
675,10,FREECAM_3D,22.533333333333335,1030266,31441.22314453125,933,28.472900390625,35.12111468381565,152,4.638671875,780,23.8037109375,1,0.030517578125,0x8B4C3E5A,3069,1262,1081,11.98828125,4.9296875,4.22265625,1,0x10,0,0,0,0,0,1,0,0,-1,0,,,,,,,,,,,,,,,,,,,,,,
676,10,FREECAM_3D,22.566666666666666,1031197,31469.635009765625,931,28.411865234375,35.19656283566058,151,4.608154296875,780,23.8037109375,0,0.0,0x8B4C3E5A,3069,1262,1081,11.98828125,4.9296875,4.22265625,1,0x10,0,0,0,0,0,1,0,0,-1,0,,,,,,,,,,,,,,,,,,,,,,
677,10,FREECAM_3D,22.6,1032129,31498.077392578125,932,28.4423828125,35.1587982832618,152,4.638671875,780,23.8037109375,0,0.0,0x8B4C3E5A,3069,1262,1081,11.98828125,4.9296875,4.22265625,1,0x10,0,0,0,0,0,1,0,0,-1,0,,,,,,,,,,,,,,,,,,,,,,
678,10,FREECAM_3D,22.633333333333333,1033062,31526.55029296875,933,28.472900390625,35.12111468381565,152,4.638671875,780,23.8037109375,1,0.030517578125,0x8B4C3E5A,3069,1262,1081,11.98828125,4.9296875,4.22265625,1,0x10,0,0,0,0,0,1,0,0,-1,0,,,,,,,,,,,,,,,,,,,,,,
679,10,FREECAM_3D,22.666666666666668,1033995,31555.023193359375,933,28.472900390625,35.12111468381565,152,4.638671875,780,23.8037109375,1,0.030517578125,0x8B4C3E5A,3069,1262,1081,11.98828125,4.9296875,4.22265625,1,0x10,0,0,0,0,0,1,0,0,-1,0,,,,,,,,,,,,,,,,,,,,,,
680,10,FREECAM_3D,22.7,1034926,31583.43505859375,931,28.411865234375,35.19656283566058,151,4.608154296875,780,23.8037109375,0,0.0,0x8B4C3E5A,3069,1262,1081,11.98828125,4.9296875,4.22265625,1,0x10,0,0,0,0,0,1,0,0,-1,0,,,,,,,,,,,,,,,,,,,,,,
681,10,FREECAM_3D,22.733333333333334,1035859,31611.907958984375,933,28.472900390625,35.12111468381565,152,4.638671875,781,23.834228515625,0,0.0,0x8B4C3E5A,3069,1262,1081,11.98828125,4.9296875,4.22265625,1,0x10,0,0,0,0,0,1,0,0,-1,0,,,,,,,,,,,,,,,,,,,,,,
682,10,FREECAM_3D,22.766666666666666,1036792,31640.380859375,933,28.472900390625,35.12111468381565,152,4.638671875,780,23.8037109375,1,0.030517578125,0x8B4C3E5A,3069,1262,1081,11.98828125,4.9296875,4.22265625,1,0x10,0,0,0,0,0,1,0,0,-1,0,,,,,,,,,,,,,,,,,,,,,,
683,10,FREECAM_3D,22.8,1037725,31668.853759765625,933,28.472900390625,35.12111468381565,152,4.638671875,780,23.8037109375,1,0.030517578125,0x8B4C3E5A,3069,1262,1081,11.98828125,4.9296875,4.22265625,1,0x10,0,0,0,0,0,1,0,0,-1,0,,,,,,,,,,,,,,,,,,,,,,
684,10,FREECAM_3D,22.833333333333332,1038656,31697.265625,931,28.411865234375,35.19656283566058,151,4.608154296875,780,23.8037109375,0,0.0,0x8B4C3E5A,3069,1262,1081,11.98828125,4.9296875,4.22265625,1,0x10,0,0,0,0,0,1,0,0,-1,0,,,,,,,,,,,,,,,,,,,,,,
685,10,FREECAM_3D,22.866666666666667,1039589,31725.738525390625,933,28.472900390625,35.12111468381565,152,4.638671875,781,23.834228515625,0,0.0,0x8B4C3E5A,3069,1262,1081,11.98828125,4.9296875,4.22265625,1,0x10,0,0,0,0,0,1,0,0,-1,0,,,,,,,,,,,,,,,,,,,,,,
686,10,FREECAM_3D,22.9,1040522,31754.21142578125,933,28.472900390625,35.12111468381565,152,4.638671875,780,23.8037109375,1,0.030517578125,0x8B4C3E5A,3069,1262,1081,11.98828125,4.9296875,4.22265625,1,0x10,0,0,0,0,0,1,0,0,-1,0,,,,,,,,,,,,,,,,,,,,,,
687,10,FREECAM_3D,22.933333333333334,1041455,31782.684326171875,933,28.472900390625,35.12111468381565,152,4.638671875,780,23.8037109375,1,0.030517578125,0x8B4C3E5A,3069,1262,1081,11.98828125,4.9296875,4.22265625,1,0x10,0,0,0,0,0,1,0,0,-1,0,,,,,,,,,,,,,,,,,,,,,,
688,10,FREECAM_3D,22.966666666666665,1042386,31811.09619140625,931,28.411865234375,35.19656283566058,151,4.608154296875,780,23.8037109375,0,0.0,0x8B4C3E5A,3069,1262,1081,11.98828125,4.9296875,4.22265625,1,0x10,0,0,0,0,0,1,0,0,-1,0,,,,,,,,,,,,,,,,,,,,,,
689,10,FREECAM_3D,23.0,1043317,31839.508056640625,931,28.411865234375,35.19656283566058,151,4.608154296875,780,23.8037109375,0,0.0,0x8B4C3E5A,3069,1262,1081,11.98828125,4.9296875,4.22265625,1,0x10,0,0,0,0,0,1,0,0,-1,0,,,,,,,,,,,,,,,,,,,,,,
690,10,FREECAM_3D,23.033333333333335,1044250,31867.98095703125,933,28.472900390625,35.12111468381565,152,4.638671875,780,23.8037109375,1,0.030517578125,0x8B4C3E5A,3069,1262,1081,11.98828125,4.9296875,4.22265625,1,0x10,0,0,0,0,0,1,0,0,-1,0,,,,,,,,,,,,,,,,,,,,,,
691,10,FREECAM_3D,23.066666666666666,1045183,31896.453857421875,933,28.472900390625,35.12111468381565,152,4.638671875,780,23.8037109375,1,0.030517578125,0x8B4C3E5A,3069,1262,1081,11.98828125,4.9296875,4.22265625,1,0x10,0,0,0,0,0,1,0,0,-1,0,,,,,,,,,,,,,,,,,,,,,,
692,10,FREECAM_3D,23.1,1046114,31924.86572265625,931,28.411865234375,35.19656283566058,151,4.608154296875,780,23.8037109375,0,0.0,0x8B4C3E5A,3069,1262,1081,11.98828125,4.9296875,4.22265625,1,0x10,0,0,0,0,0,1,0,0,-1,0,,,,,,,,,,,,,,,,,,,,,,
693,10,FREECAM_3D,23.133333333333333,1047045,31953.277587890625,931,28.411865234375,35.19656283566058,151,4.608154296875,780,23.8037109375,0,0.0,0x8B4C3E5A,3069,1262,1081,11.98828125,4.9296875,4.22265625,1,0x10,0,0,0,0,0,1,0,0,-1,0,,,,,,,,,,,,,,,,,,,,,,
694,10,FREECAM_3D,23.166666666666668,1047977,31981.719970703125,932,28.4423828125,35.1587982832618,152,4.638671875,780,23.8037109375,0,0.0,0x8B4C3E5A,3069,1262,1081,11.98828125,4.9296875,4.22265625,1,0x10,0,0,0,0,0,1,0,0,-1,0,,,,,,,,,,,,,,,,,,,,,,
695,10,FREECAM_3D,23.2,1048910,32010.19287109375,933,28.472900390625,35.12111468381565,152,4.638671875,780,23.8037109375,1,0.030517578125,0x8B4C3E5A,3069,1262,1081,11.98828125,4.9296875,4.22265625,1,0x10,0,0,0,0,0,1,0,0,-1,0,,,,,,,,,,,,,,,,,,,,,,
696,10,FREECAM_3D,23.233333333333334,1049842,32038.63525390625,932,28.4423828125,35.1587982832618,151,4.608154296875,780,23.8037109375,1,0.030517578125,0x8B4C3E5A,3069,1262,1081,11.98828125,4.9296875,4.22265625,1,0x10,0,0,0,0,0,1,0,0,-1,0,,,,,,,,,,,,,,,,,,,,,,
697,10,FREECAM_3D,23.266666666666666,1050773,32067.047119140625,931,28.411865234375,35.19656283566058,151,4.608154296875,780,23.8037109375,0,0.0,0x8B4C3E5A,3069,1262,1081,11.98828125,4.9296875,4.22265625,1,0x10,0,0,0,0,0,1,0,0,-1,0,,,,,,,,,,,,,,,,,,,,,,
698,10,FREECAM_3D,23.3,1051705,32095.489501953125,932,28.4423828125,35.1587982832618,152,4.638671875,780,23.8037109375,0,0.0,0x8B4C3E5A,3069,1262,1081,11.98828125,4.9296875,4.22265625,1,0x10,0,0,0,0,0,1,0,0,-1,0,,,,,,,,,,,,,,,,,,,,,,
699,10,FREECAM_3D,23.333333333333332,1052638,32123.96240234375,933,28.472900390625,35.12111468381565,152,4.638671875,780,23.8037109375,1,0.030517578125,0x8B4C3E5A,3069,1262,1081,11.98828125,4.9296875,4.22265625,1,0x10,0,0,0,0,0,1,0,0,-1,0,,,,,,,,,,,,,,,,,,,,,,
700,10,FREECAM_3D,23.366666666666667,1053571,32152.435302734375,933,28.472900390625,35.12111468381565,152,4.638671875,780,23.8037109375,1,0.030517578125,0x8B4C3E5A,3069,1262,1081,11.98828125,4.9296875,4.22265625,1,0x10,0,0,0,0,0,1,0,0,-1,0,,,,,,,,,,,,,,,,,,,,,,
701,10,FREECAM_3D,23.4,1054502,32180.84716796875,931,28.411865234375,35.19656283566058,151,4.608154296875,780,23.8037109375,0,0.0,0x8B4C3E5A,3069,1262,1081,11.98828125,4.9296875,4.22265625,1,0x10,0,0,0,0,0,1,0,0,-1,0,,,,,,,,,,,,,,,,,,,,,,
702,10,FREECAM_3D,23.433333333333334,1055434,32209.28955078125,932,28.4423828125,35.1587982832618,152,4.638671875,780,23.8037109375,0,0.0,0x8B4C3E5A,3069,1262,1081,11.98828125,4.9296875,4.22265625,1,0x10,0,0,0,0,0,1,0,0,-1,0,,,,,,,,,,,,,,,,,,,,,,
703,10,FREECAM_3D,23.466666666666665,1056367,32237.762451171875,933,28.472900390625,35.12111468381565,152,4.638671875,780,23.8037109375,1,0.030517578125,0x8B4C3E5A,3069,1262,1081,11.98828125,4.9296875,4.22265625,1,0x10,0,0,0,0,0,1,0,0,-1,0,,,,,,,,,,,,,,,,,,,,,,
704,10,FREECAM_3D,23.5,1057300,32266.2353515625,933,28.472900390625,35.12111468381565,152,4.638671875,780,23.8037109375,1,0.030517578125,0x8B4C3E5A,3069,1262,1081,11.98828125,4.9296875,4.22265625,1,0x10,0,0,0,0,0,1,0,0,-1,0,,,,,,,,,,,,,,,,,,,,,,
705,10,FREECAM_3D,23.533333333333335,1058231,32294.647216796875,931,28.411865234375,35.19656283566058,151,4.608154296875,780,23.8037109375,0,0.0,0x8B4C3E5A,3069,1262,1081,11.98828125,4.9296875,4.22265625,1,0x10,0,0,0,0,0,1,0,0,-1,0,,,,,,,,,,,,,,,,,,,,,,
706,10,FREECAM_3D,23.566666666666666,1059164,32323.1201171875,933,28.472900390625,35.12111468381565,152,4.638671875,781,23.834228515625,0,0.0,0x8B4C3E5A,3069,1262,1081,11.98828125,4.9296875,4.22265625,1,0x10,0,0,0,0,0,1,0,0,-1,0,,,,,,,,,,,,,,,,,,,,,,
707,10,FREECAM_3D,23.6,1060097,32351.593017578125,933,28.472900390625,35.12111468381565,152,4.638671875,780,23.8037109375,1,0.030517578125,0x8B4C3E5A,3069,1262,1081,11.98828125,4.9296875,4.22265625,1,0x10,0,0,0,0,0,1,0,0,-1,0,,,,,,,,,,,,,,,,,,,,,,
708,10,FREECAM_3D,23.633333333333333,1061030,32380.06591796875,933,28.472900390625,35.12111468381565,152,4.638671875,780,23.8037109375,1,0.030517578125,0x8B4C3E5A,3069,1262,1081,11.98828125,4.9296875,4.22265625,1,0x10,0,0,0,0,0,1,0,0,-1,0,,,,,,,,,,,,,,,,,,,,,,
709,10,FREECAM_3D,23.666666666666668,1061961,32408.477783203125,931,28.411865234375,35.19656283566058,151,4.608154296875,780,23.8037109375,0,0.0,0x8B4C3E5A,3069,1262,1081,11.98828125,4.9296875,4.22265625,1,0x10,0,0,0,0,0,1,0,0,-1,0,,,,,,,,,,,,,,,,,,,,,,
710,10,FREECAM_3D,23.7,1062922,32437.80517578125,961,29.327392578125,34.09781477627472,156,4.7607421875,805,24.566650390625,0,0.0,0xD6FA1B1C,3069,1262,1081,11.98828125,4.9296875,4.22265625,1,0x14,0,0,0,1,0,1,0,0,1,0,,,,,,,,,,,,,,,,,,,,,,
711,10,FREECAM_3D,23.733333333333334,1063896,32467.529296875,974,29.72412109375,33.64271047227926,156,4.7607421875,818,24.96337890625,0,0.0,0x97B6A86E,3069,1262,1081,11.98828125,4.9296875,4.22265625,1,0x14,0,0,0,1,0,1,0,0,1,0,,,,,,,,,,,,,,,,,,,,,,
712,10,FREECAM_3D,23.766666666666666,1064907,32498.382568359375,1011,30.853271484375,32.41147378832839,156,4.7607421875,854,26.06201171875,1,0.030517578125,0xB16D2C2A,3069,1262,1081,11.98828125,4.9296875,4.22265625,1,0x14,0,0,0,1,0,1,0,0,1,0,,,,,,,,,,,,,,,,,,,,,,
713,10,FREECAM_3D,23.8,1065924,32529.4189453125,1017,31.036376953125,32.220255653883974,156,4.7607421875,861,26.275634765625,0,0.0,0x99232FBD,3069,1262,1081,11.98828125,4.9296875,4.22265625,1,0x14,0,0,0,1,0,1,0,0,1,0,,,,,,,,,,,,,,,,,,,,,,
714,10,FREECAM_3D,23.833333333333332,1066959,32561.004638671875,1035,31.585693359375,31.65990338164251,156,4.7607421875,878,26.79443359375,1,0.030517578125,0x87F93679,3069,1262,1081,11.98828125,4.9296875,4.22265625,1,0x14,0,0,0,1,0,1,0,0,1,0,,,,,,,,,,,,,,,,,,,,,,
715,10,FREECAM_3D,23.866666666666667,1068051,32594.329833984375,1092,33.3251953125,30.007326007326007,156,4.7607421875,935,28.533935546875,1,0.030517578125,0x58F5109B,3069,1262,1081,11.98828125,4.9296875,4.22265625,1,0x14,0,0,0,1,0,1,0,0,1,0,,,,,,,,,,,,,,,,,,,,,,
716,10,FREECAM_3D,23.9,1069167,32628.387451171875,1116,34.0576171875,29.36200716845878,156,4.7607421875,959,29.266357421875,1,0.030517578125,0xAE96CAD8,3069,1262,1081,11.98828125,4.9296875,4.22265625,1,0x14,0,0,0,1,0,1,0,0,1,0,,,,,,,,,,,,,,,,,,,,,,
717,10,FREECAM_3D,23.933333333333334,1070310,32663.26904296875,1143,34.881591796875,28.668416447944008,156,4.7607421875,987,30.120849609375,0,0.0,0xA3747F26,3069,1262,1081,11.98828125,4.9296875,4.22265625,1,0x14,0,0,0,1,0,1,0,0,1,0,,,,,,,,,,,,,,,,,,,,,,
718,10,FREECAM_3D,23.966666666666665,1071472,32698.73046875,1162,35.46142578125,28.199655765920827,156,4.7607421875,1006,30.70068359375,0,0.0,0xC7FFADCF,3069,1262,1081,11.98828125,4.9296875,4.22265625,1,0x14,0,0,0,1,0,1,0,0,1,0,,,,,,,,,,,,,,,,,,,,,,
719,10,FREECAM_3D,24.0,1072660,32734.9853515625,1188,36.2548828125,27.58249158249158,156,4.7607421875,1032,31.494140625,0,0.0,0xA44C425B,3069,1262,1081,11.98828125,4.9296875,4.22265625,1,0x14,0,0,0,1,0,1,0,0,1,0,,,,,,,,,,,,,,,,,,,,,,
720,10,FREECAM_3D,24.033333333333335,1073854,32771.42333984375,1194,36.43798828125,27.44388609715243,156,4.7607421875,1037,31.646728515625,1,0.030517578125,0xF20D7777,3069,1262,1081,11.98828125,4.9296875,4.22265625,1,0x14,0,0,0,1,0,1,0,0,1,0,,,,,,,,,,,,,,,,,,,,,,
721,10,FREECAM_3D,24.066666666666666,1075046,32807.80029296875,1192,36.376953125,27.48993288590604,155,4.730224609375,1037,31.646728515625,0,0.0,0x1D68886C,3069,1262,1081,11.98828125,4.9296875,4.22265625,1,0x14,0,0,0,1,0,1,0,0,1,0,,,,,,,,,,,,,,,,,,,,,,
722,10,FREECAM_3D,24.1,1076163,32841.888427734375,1117,34.088134765625,29.335720680393912,156,4.7607421875,960,29.296875,1,0.030517578125,0x65DFB05A,3069,1262,1081,11.98828125,4.9296875,4.22265625,1,0x14,0,0,0,1,0,1,0,0,1,0,,,,,,,,,,,,,,,,,,,,,,
723,10,FREECAM_3D,24.133333333333333,1077295,32876.434326171875,1132,34.5458984375,28.946996466431095,155,4.730224609375,976,29.78515625,1,0.030517578125,0x7EDEF92F,3069,1262,1081,11.98828125,4.9296875,4.22265625,1,0x14,0,0,0,1,0,1,0,0,1,0,,,,,,,,,,,,,,,,,,,,,,
724,10,FREECAM_3D,24.166666666666668,1078354,32908.75244140625,1059,32.318115234375,30.9423984891407,156,4.7607421875,903,27.557373046875,0,0.0,0x4310EEA4,3069,1262,1081,11.98828125,4.9296875,4.22265625,1,0x14,0,0,0,1,0,1,0,0,1,0,,,,,,,,,,,,,,,,,,,,,,
725,10,FREECAM_3D,24.2,1079411,32941.009521484375,1057,32.257080078125,31.000946073793756,156,4.7607421875,900,27.4658203125,1,0.030517578125,0x757DE4F2,3069,1262,1081,11.98828125,4.9296875,4.22265625,1,0x14,0,0,0,1,0,1,0,0,1,0,,,,,,,,,,,,,,,,,,,,,,
726,10,FREECAM_3D,24.233333333333334,1080452,32972.7783203125,1041,31.768798828125,31.477425552353505,155,4.730224609375,886,27.03857421875,0,0.0,0x7496D160,3069,1262,1081,11.98828125,4.9296875,4.22265625,1,0x14,0,0,0,1,0,1,0,0,1,0,,,,,,,,,,,,,,,,,,,,,,
727,10,FREECAM_3D,24.266666666666666,1081492,33004.5166015625,1040,31.73828125,31.50769230769231,156,4.7607421875,883,26.947021484375,1,0.030517578125,0x0F828D67,3069,1262,1081,11.98828125,4.9296875,4.22265625,1,0x14,0,0,0,1,0,1,0,0,1,0,,,,,,,,,,,,,,,,,,,,,,
728,10,FREECAM_3D,24.3,1082526,33036.07177734375,1034,31.55517578125,31.690522243713733,156,4.7607421875,878,26.79443359375,0,0.0,0x75381BF2,3069,1262,1081,11.98828125,4.9296875,4.22265625,1,0x14,0,0,0,1,0,1,0,0,1,0,,,,,,,,,,,,,,,,,,,,,,
729,10,FREECAM_3D,24.333333333333332,1083560,33067.626953125,1034,31.55517578125,31.690522243713733,156,4.7607421875,877,26.763916015625,1,0.030517578125,0xBA858160,3069,1262,1081,11.98828125,4.9296875,4.22265625,1,0x14,0,0,0,1,0,1,0,0,1,0,,,,,,,,,,,,,,,,,,,,,,
730,10,FREECAM_3D,24.366666666666667,1084640,33100.5859375,1080,32.958984375,30.340740740740742,156,4.7607421875,923,28.167724609375,1,0.030517578125,0x301ECFFF,3069,1262,1081,11.98828125,4.9296875,4.22265625,1,0x14,0,0,0,1,0,1,0,0,1,0,,,,,,,,,,,,,,,,,,,,,,
731,10,FREECAM_3D,24.4,1085723,33133.636474609375,1083,33.050537109375,30.25669436749769,156,4.7607421875,926,28.25927734375,1,0.030517578125,0x1CAD1FE7,3069,1262,1081,11.98828125,4.9296875,4.22265625,1,0x14,0,0,0,1,0,1,0,0,1,0,,,,,,,,,,,,,,,,,,,,,,
732,10,FREECAM_3D,24.433333333333334,1086803,33166.595458984375,1080,32.958984375,30.340740740740742,155,4.730224609375,924,28.1982421875,1,0.030517578125,0x125C255F,3069,1262,1081,11.98828125,4.9296875,4.22265625,1,0x14,0,0,0,1,0,1,0,0,1,0,,,,,,,,,,,,,,,,,,,,,,
733,10,FREECAM_3D,24.466666666666665,1087950,33201.59912109375,1147,35.003662109375,28.568439407149086,155,4.730224609375,992,30.2734375,0,0.0,0x351999EE,3069,1262,1081,11.98828125,4.9296875,4.22265625,1,0x14,0,0,0,1,0,1,0,0,1,0,,,,,,,,,,,,,,,,,,,,,,
734,10,FREECAM_3D,24.5,1089109,33236.968994140625,1159,35.369873046875,28.272648835202762,156,4.7607421875,1002,30.57861328125,1,0.030517578125,0xAC17D57C,3069,1262,1081,11.98828125,4.9296875,4.22265625,1,0x14,0,0,0,1,0,1,0,0,1,0,,,,,,,,,,,,,,,,,,,,,,
735,10,FREECAM_3D,24.533333333333335,1090284,33272.8271484375,1175,35.858154296875,27.887659574468085,156,4.7607421875,1019,31.097412109375,0,0.0,0x9AB97DEB,3069,1262,1081,11.98828125,4.9296875,4.22265625,1,0x14,0,0,0,1,0,1,0,0,1,0,,,,,,,,,,,,,,,,,,,,,,
736,10,FREECAM_3D,24.566666666666666,1091917,33322.662353515625,1633,49.835205078125,20.06613594611145,156,4.7607421875,1476,45.0439453125,1,0.030517578125,0x9F0DFB31,3069,1262,1081,11.98828125,4.9296875,4.22265625,1,0x14,0,0,0,1,0,1,0,0,1,0,,,,,,,,,,,,,,,,,,,,,,
737,10,FREECAM_3D,24.6,1093594,33373.84033203125,1677,51.177978515625,19.539654144305306,156,4.7607421875,1521,46.417236328125,0,0.0,0x71DCCEE5,3069,1262,1081,11.98828125,4.9296875,4.22265625,1,0x14,0,0,0,1,0,1,0,0,1,0,,,,,,,,,,,,,,,,,,,,,,
738,10,FREECAM_3D,24.633333333333333,1095190,33422.54638671875,1596,48.7060546875,20.531328320802004,156,4.7607421875,1440,43.9453125,0,0.0,0xA5FAE12A,3069,1262,1081,11.98828125,4.9296875,4.22265625,1,0x14,0,0,0,1,0,1,0,0,1,0,,,,,,,,,,,,,,,,,,,,,,
739,10,FREECAM_3D,24.666666666666668,1096927,33475.555419921875,1737,53.009033203125,18.864709268854348,156,4.7607421875,1581,48.248291015625,0,0.0,0xA5318462,3069,1262,1081,11.98828125,4.9296875,4.22265625,1,0x14,0,0,0,1,0,1,0,0,1,0,,,,,,,,,,,,,,,,,,,,,,
740,10,FREECAM_3D,24.7,1098695,33529.510498046875,1768,53.955078125,18.533936651583712,156,4.7607421875,1611,49.163818359375,1,0.030517578125,0x0F056F37,3069,1262,1081,11.98828125,4.9296875,4.22265625,1,0x14,0,0,0,1,0,1,0,0,1,0,,,,,,,,,,,,,,,,,,,,,,
741,10,FREECAM_3D,24.733333333333334,1100479,33583.953857421875,1784,54.443359375,18.367713004484305,156,4.7607421875,1628,49.6826171875,0,0.0,0x3DD7AA69,3069,1262,1081,11.98828125,4.9296875,4.22265625,1,0x14,0,0,0,1,0,1,0,0,1,0,,,,,,,,,,,,,,,,,,,,,,
742,10,FREECAM_3D,24.766666666666666,1102382,33642.02880859375,1903,58.074951171875,17.219127693116132,156,4.7607421875,1747,53.314208984375,0,0.0,0xE75BFEC1,3069,1262,1081,11.98828125,4.9296875,4.22265625,1,0x14,0,0,0,1,0,1,0,0,1,0,,,,,,,,,,,,,,,,,,,,,,
743,10,FREECAM_3D,24.8,1104365,33702.545166015625,1983,60.516357421875,16.524457892082705,156,4.7607421875,1826,55.72509765625,1,0.030517578125,0xD5D21860,3069,1262,1081,11.98828125,4.9296875,4.22265625,1,0x14,0,0,0,1,0,1,0,0,1,0,,,,,,,,,,,,,,,,,,,,,,
744,10,FREECAM_3D,24.833333333333332,1106306,33761.77978515625,1941,59.234619140625,16.882019577537353,156,4.7607421875,1785,54.473876953125,0,0.0,0x95EDCE06,3069,1262,1081,11.98828125,4.9296875,4.22265625,1,0x14,0,0,0,1,0,1,0,0,1,0,,,,,,,,,,,,,,,,,,,,,,
745,10,FREECAM_3D,24.866666666666667,1108436,33826.7822265625,2130,65.00244140625,15.384037558685446,156,4.7607421875,1974,60.24169921875,0,0.0,0x63CE50E1,3069,1262,1081,11.98828125,4.9296875,4.22265625,1,0x14,0,0,0,1,0,1,0,0,1,0,,,,,,,,,,,,,,,,,,,,,,
746,10,FREECAM_3D,24.9,1110514,33890.19775390625,2078,63.41552734375,15.76900866217517,156,4.7607421875,1921,58.624267578125,1,0.030517578125,0x6BFB6151,3069,1262,1081,11.98828125,4.9296875,4.22265625,1,0x14,0,0,0,1,0,1,0,0,1,0,,,,,,,,,,,,,,,,,,,,,,
747,10,FREECAM_3D,24.933333333333334,1112724,33957.6416015625,2210,67.44384765625,14.827149321266969,156,4.7607421875,2054,62.68310546875,0,0.0,0xBC1EDF23,3069,1262,1081,11.98828125,4.9296875,4.22265625,1,0x14,0,0,0,1,0,1,0,0,1,0,,,,,,,,,,,,,,,,,,,,,,
748,10,FREECAM_3D,24.966666666666665,1114984,34026.611328125,2260,68.9697265625,14.499115044247787,156,4.7607421875,2103,64.178466796875,1,0.030517578125,0xF7C30E54,3069,1262,1081,11.98828125,4.9296875,4.22265625,1,0x14,0,0,0,1,0,1,0,0,1,0,,,,,,,,,,,,,,,,,,,,,,
749,10,FREECAM_3D,25.0,1117331,34098.236083984375,2347,71.624755859375,13.961653174265019,155,4.730224609375,2192,66.89453125,0,0.0,0x4540FC6A,3069,1262,1081,11.98828125,4.9296875,4.22265625,1,0x14,0,0,0,1,0,1,0,0,1,0,,,,,,,,,,,,,,,,,,,,,,
750,10,FREECAM_3D,25.033333333333335,1119723,34171.234130859375,2392,72.998046875,13.698996655518394,156,4.7607421875,2235,68.206787109375,1,0.030517578125,0x06815C15,3069,1262,1081,11.98828125,4.9296875,4.22265625,1,0x14,0,0,0,1,0,1,0,0,1,0,,,,,,,,,,,,,,,,,,,,,,
751,10,FREECAM_3D,25.066666666666666,1122111,34244.110107421875,2388,72.8759765625,13.721943048576215,156,4.7607421875,2232,68.115234375,0,0.0,0x7CE2CE39,3069,1262,1081,11.98828125,4.9296875,4.22265625,1,0x14,0,0,0,1,0,1,0,0,1,0,,,,,,,,,,,,,,,,,,,,,,
752,10,FREECAM_3D,25.1,1124537,34318.145751953125,2426,74.03564453125,13.507007419620775,156,4.7607421875,2270,69.27490234375,0,0.0,0x0BF6A32B,3069,1262,1081,11.98828125,4.9296875,4.22265625,1,0x14,0,0,0,1,0,1,0,0,1,0,,,,,,,,,,,,,,,,,,,,,,
753,10,FREECAM_3D,25.133333333333333,1126959,34392.059326171875,2422,73.91357421875,13.529314616019818,156,4.7607421875,2266,69.15283203125,0,0.0,0xD06752C8,3069,1262,1081,11.98828125,4.9296875,4.22265625,1,0x14,0,0,0,1,0,1,0,0,1,0,,,,,,,,,,,,,,,,,,,,,,
754,10,FREECAM_3D,25.166666666666668,1129506,34469.78759765625,2547,77.728271484375,12.865331762858265,156,4.7607421875,2390,72.93701171875,1,0.030517578125,0x48A2917A,3069,1262,1081,11.98828125,4.9296875,4.22265625,1,0x14,0,0,0,1,0,1,0,0,1,0,,,,,,,,,,,,,,,,,,,,,,
755,10,FREECAM_3D,25.2,1132079,34548.309326171875,2573,78.521728515625,12.735328410415857,156,4.7607421875,2417,73.760986328125,0,0.0,0x8CC51F67,3069,1262,1081,11.98828125,4.9296875,4.22265625,1,0x14,0,0,0,1,0,1,0,0,1,0,,,,,,,,,,,,,,,,,,,,,,
756,10,FREECAM_3D,25.233333333333334,1134693,34628.082275390625,2614,79.77294921875,12.53557765876052,156,4.7607421875,2457,74.981689453125,1,0.030517578125,0xA8F28D70,3069,1262,1081,11.98828125,4.9296875,4.22265625,1,0x14,0,0,0,1,0,1,0,0,1,0,,,,,,,,,,,,,,,,,,,,,,
757,10,FREECAM_3D,25.266666666666666,1137296,34707.51953125,2603,79.437255859375,12.588551671148675,156,4.7607421875,2447,74.676513671875,0,0.0,0xD7079BC0,3069,1262,1081,11.98828125,4.9296875,4.22265625,1,0x14,0,0,0,1,0,1,0,0,1,0,,,,,,,,,,,,,,,,,,,,,,
758,10,FREECAM_3D,25.3,1139852,34785.5224609375,2556,78.0029296875,12.820031298904539,148,4.5166015625,2407,73.455810546875,1,0.030517578125,0x9F11FE28,3069,1262,1102,11.98828125,4.9296875,4.3046875,1,0x14,0,0,0,1,0,1,0,0,0,1,,,,,,,,,,,,,,,,,,,,,,
759,10,FREECAM_3D,25.333333333333332,1142377,34862.579345703125,2525,77.056884765625,12.977425742574258,148,4.5166015625,2377,72.540283203125,0,0.0,0xFE201391,3069,1262,1123,11.98828125,4.9296875,4.38671875,1,0x14,0,0,0,1,0,1,0,0,0,1,,,,,,,,,,,,,,,,,,,,,,
760,10,FREECAM_3D,25.366666666666667,1144886,34939.14794921875,2509,76.568603515625,13.060183339976087,148,4.5166015625,2361,72.052001953125,0,0.0,0x8D970B6E,3069,1262,1144,11.98828125,4.9296875,4.46875,1,0x14,0,0,0,1,0,1,0,0,0,1,,,,,,,,,,,,,,,,,,,,,,
761,10,FREECAM_3D,25.4,1147383,35015.350341796875,2497,76.202392578125,13.122947537044453,148,4.5166015625,2349,71.685791015625,0,0.0,0xD10F39AF,3069,1262,1165,11.98828125,4.9296875,4.55078125,1,0x14,0,0,0,1,0,1,0,0,0,1,,,,,,,,,,,,,,,,,,,,,,
762,10,FREECAM_3D,25.433333333333334,1149863,35091.033935546875,2480,75.68359375,13.212903225806452,148,4.5166015625,2331,71.136474609375,1,0.030517578125,0x2CA7BF24,3069,1262,1186,11.98828125,4.9296875,4.6328125,1,0x14,0,0,0,1,0,1,0,0,0,1,,,,,,,,,,,,,,,,,,,,,,
763,10,FREECAM_3D,25.466666666666665,1151697,35147.003173828125,1834,55.96923828125,17.866957470010906,148,4.5166015625,1686,51.45263671875,0,0.0,0x85D9FFED,3069,1262,1207,11.98828125,4.9296875,4.71484375,1,0x14,0,0,0,1,0,1,0,0,0,1,,,,,,,,,,,,,,,,,,,,,,
764,10,FREECAM_3D,25.5,1154932,35245.7275390625,3235,98.724365234375,10.129211746522412,1159,35.369873046875,2076,63.3544921875,0,0.0,0x60949FFC,3,2468,402,0.01171875,9.640625,1.5703125,0,0x15,0,0,1,1,0,1,0,0,0,1,,,,,,,,,,,,,,,,,,,,,,
765,10,FREECAM_3D,25.533333333333335,1157190,35314.63623046875,2258,68.90869140625,14.511957484499558,157,4.791259765625,2101,64.117431640625,0,0.0,0x7D2C2957,3,2468,423,0.01171875,9.640625,1.65234375,0,0x14,0,0,0,1,0,1,0,0,0,1,,,,,,,,,,,,,,,,,,,,,,
766,10,FREECAM_3D,25.566666666666666,1158836,35364.8681640625,1646,50.23193359375,19.907654921020654,157,4.791259765625,1489,45.440673828125,0,0.0,0xAF34DCD8,3,2468,444,0.01171875,9.640625,1.734375,0,0x14,0,0,0,1,0,1,0,0,0,1,,,,,,,,,,,,,,,,,,,,,,
767,10,FREECAM_3D,25.6,1160482,35415.10009765625,1646,50.23193359375,19.907654921020654,157,4.791259765625,1489,45.440673828125,0,0.0,0xC2DBAE89,3,2468,465,0.01171875,9.640625,1.81640625,0,0x14,0,0,0,1,0,1,0,0,0,1,,,,,,,,,,,,,,,,,,,,,,
768,10,FREECAM_3D,25.633333333333333,1162123,35465.179443359375,1641,50.079345703125,19.968312004875077,157,4.791259765625,1484,45.2880859375,0,0.0,0xEF5FB53A,3,2468,486,0.01171875,9.640625,1.8984375,0,0x14,0,0,0,1,0,1,0,0,0,1,,,,,,,,,,,,,,,,,,,,,,
769,10,FREECAM_3D,25.666666666666668,1163677,35512.603759765625,1554,47.42431640625,21.086229086229086,157,4.791259765625,1397,42.633056640625,0,0.0,0xFE92F063,3,2468,507,0.01171875,9.640625,1.98046875,0,0x14,0,0,0,1,0,1,0,0,0,1,,,,,,,,,,,,,,,,,,,,,,
770,10,FREECAM_3D,25.7,1165230,35559.99755859375,1553,47.393798828125,21.099806825499034,157,4.791259765625,1396,42.6025390625,0,0.0,0xCAC6071D,3,2468,528,0.01171875,9.640625,2.0625,0,0x14,0,0,0,1,0,1,0,0,0,1,,,,,,,,,,,,,,,,,,,,,,
771,10,FREECAM_3D,25.733333333333334,1166784,35607.421875,1554,47.42431640625,21.086229086229086,157,4.791259765625,1397,42.633056640625,0,0.0,0xAB0FE09C,3,2468,549,0.01171875,9.640625,2.14453125,0,0x14,0,0,0,1,0,1,0,0,0,1,,,,,,,,,,,,,,,,,,,,,,
772,10,FREECAM_3D,25.766666666666666,1168334,35654.72412109375,1550,47.30224609375,21.140645161290323,157,4.791259765625,1392,42.48046875,1,0.030517578125,0x6E0C8873,3,2468,570,0.01171875,9.640625,2.2265625,0,0x14,0,0,0,1,0,1,0,0,0,1,,,,,,,,,,,,,,,,,,,,,,
773,10,FREECAM_3D,25.8,1169897,35702.423095703125,1563,47.698974609375,20.964811260396672,156,4.7607421875,1406,42.90771484375,1,0.030517578125,0x44E06012,3,2468,591,0.01171875,9.640625,2.30859375,0,0x14,0,0,0,1,0,1,0,0,0,1,,,,,,,,,,,,,,,,,,,,,,
774,10,FREECAM_3D,25.833333333333332,1171460,35750.1220703125,1563,47.698974609375,20.964811260396672,157,4.791259765625,1405,42.877197265625,1,0.030517578125,0x40A22339,3,2468,612,0.01171875,9.640625,2.390625,0,0x14,0,0,0,1,0,1,0,0,0,1,,,,,,,,,,,,,,,,,,,,,,
775,10,FREECAM_3D,25.866666666666667,1173036,35798.2177734375,1576,48.095703125,20.79187817258883,157,4.791259765625,1419,43.304443359375,0,0.0,0x80883878,3,2468,633,0.01171875,9.640625,2.47265625,0,0x14,0,0,0,1,0,1,0,0,0,1,,,,,,,,,,,,,,,,,,,,,,
776,10,FREECAM_3D,25.9,1174609,35846.221923828125,1573,48.004150390625,20.831532104259377,157,4.791259765625,1415,43.182373046875,1,0.030517578125,0x74684B0F,3,2468,654,0.01171875,9.640625,2.5546875,0,0x14,0,0,0,1,0,1,0,0,0,1,,,,,,,,,,,,,,,,,,,,,,
777,10,FREECAM_3D,25.933333333333334,1176183,35894.256591796875,1574,48.03466796875,20.818297331639137,157,4.791259765625,1416,43.212890625,1,0.030517578125,0x65B5D9EE,3,2468,675,0.01171875,9.640625,2.63671875,0,0x14,0,0,0,1,0,1,0,0,0,1,,,,,,,,,,,,,,,,,,,,,,
778,10,FREECAM_3D,25.966666666666665,1177751,35942.108154296875,1568,47.8515625,20.897959183673468,156,4.7607421875,1412,43.0908203125,0,0.0,0x1E6F2665,3,2468,696,0.01171875,9.640625,2.71875,0,0x14,0,0,0,1,0,1,0,0,0,1,,,,,,,,,,,,,,,,,,,,,,
779,10,FREECAM_3D,26.0,1179313,35989.776611328125,1562,47.66845703125,20.978233034571062,157,4.791259765625,1405,42.877197265625,0,0.0,0xBB8A8BE4,3,2468,717,0.01171875,9.640625,2.80078125,0,0x14,0,0,0,1,0,1,0,0,0,1,,,,,,,,,,,,,,,,,,,,,,
780,10,FREECAM_3D,26.033333333333335,1180874,36037.41455078125,1561,47.637939453125,20.99167200512492,157,4.791259765625,1403,42.816162109375,1,0.030517578125,0xDB7816DB,3,2468,738,0.01171875,9.640625,2.8828125,0,0x14,0,0,0,1,0,1,0,0,0,1,,,,,,,,,,,,,,,,,,,,,,
781,10,FREECAM_3D,26.066666666666666,1182434,36085.02197265625,1560,47.607421875,21.005128205128205,157,4.791259765625,1403,42.816162109375,0,0.0,0x62D805FA,3,2468,759,0.01171875,9.640625,2.96484375,0,0x14,0,0,0,1,0,1,0,0,0,1,,,,,,,,,,,,,,,,,,,,,,
782,10,FREECAM_3D,26.1,1183956,36131.4697265625,1522,46.44775390625,21.529566360052563,157,4.791259765625,1364,41.6259765625,1,0.030517578125,0x65DFB648,3,2468,738,0.01171875,9.640625,2.8828125,0,0x14,0,0,0,1,0,1,0,0,0,1,,,,,,,,,,,,,,,,,,,,,,
783,10,FREECAM_3D,26.133333333333333,1185521,36179.229736328125,1565,47.760009765625,20.938019169329074,157,4.791259765625,1408,42.96875,0,0.0,0xF2845113,3,2468,717,0.01171875,9.640625,2.80078125,0,0x14,0,0,0,1,0,1,0,0,0,1,,,,,,,,,,,,,,,,,,,,,,
784,10,FREECAM_3D,26.166666666666668,1187090,36227.11181640625,1569,47.882080078125,20.88463989802422,157,4.791259765625,1411,43.060302734375,1,0.030517578125,0xCE7B014A,3,2468,696,0.01171875,9.640625,2.71875,0,0x14,0,0,0,1,0,1,0,0,0,1,,,,,,,,,,,,,,,,,,,,,,
785,10,FREECAM_3D,26.2,1188661,36275.054931640625,1571,47.943115234375,20.858052196053467,157,4.791259765625,1413,43.121337890625,1,0.030517578125,0x925B10E5,3,2468,675,0.01171875,9.640625,2.63671875,0,0x14,0,0,0,1,0,1,0,0,0,1,,,,,,,,,,,,,,,,,,,,,,
786,10,FREECAM_3D,26.233333333333334,1190233,36323.028564453125,1572,47.9736328125,20.844783715012724,157,4.791259765625,1415,43.182373046875,0,0.0,0x5F5A5E4C,3,2468,654,0.01171875,9.640625,2.5546875,0,0x14,0,0,0,1,0,1,0,0,0,1,,,,,,,,,,,,,,,,,,,,,,
787,10,FREECAM_3D,26.266666666666666,1191808,36371.09375,1575,48.065185546875,20.805079365079365,157,4.791259765625,1418,43.27392578125,0,0.0,0x1EC68647,3,2468,633,0.01171875,9.640625,2.47265625,0,0x14,0,0,0,1,0,1,0,0,0,1,,,,,,,,,,,,,,,,,,,,,,
788,10,FREECAM_3D,26.3,1193368,36418.701171875,1560,47.607421875,21.005128205128205,157,4.791259765625,1402,42.78564453125,1,0.030517578125,0xA9D9C03E,3,2468,612,0.01171875,9.640625,2.390625,0,0x14,0,0,0,1,0,1,0,0,0,1,,,,,,,,,,,,,,,,,,,,,,
789,10,FREECAM_3D,26.333333333333332,1194931,36466.400146484375,1563,47.698974609375,20.964811260396672,157,4.791259765625,1405,42.877197265625,1,0.030517578125,0x3A53DC19,3,2468,591,0.01171875,9.640625,2.30859375,0,0x14,0,0,0,1,0,1,0,0,0,1,,,,,,,,,,,,,,,,,,,,,,
790,10,FREECAM_3D,26.366666666666667,1196479,36513.641357421875,1548,47.2412109375,21.16795865633075,157,4.791259765625,1391,42.449951171875,0,0.0,0x460FB860,3,2468,570,0.01171875,9.640625,2.2265625,0,0x14,0,0,0,1,0,1,0,0,0,1,,,,,,,,,,,,,,,,,,,,,,
791,10,FREECAM_3D,26.4,1198030,36560.97412109375,1551,47.332763671875,21.12701482914249,157,4.791259765625,1393,42.510986328125,1,0.030517578125,0xF378EFAB,3,2468,549,0.01171875,9.640625,2.14453125,0,0x14,0,0,0,1,0,1,0,0,0,1,,,,,,,,,,,,,,,,,,,,,,
792,10,FREECAM_3D,26.433333333333334,1199583,36608.367919921875,1553,47.393798828125,21.099806825499034,157,4.791259765625,1395,42.572021484375,1,0.030517578125,0xE192D4A2,3,2468,528,0.01171875,9.640625,2.0625,0,0x14,0,0,0,1,0,1,0,0,0,1,,,,,,,,,,,,,,,,,,,,,,
793,10,FREECAM_3D,26.466666666666665,1201141,36655.914306640625,1558,47.54638671875,21.03209242618742,157,4.791259765625,1400,42.724609375,1,0.030517578125,0xD0839570,3,2468,507,0.01171875,9.640625,1.98046875,0,0x14,0,0,0,1,0,1,0,0,0,1,,,,,,,,,,,,,,,,,,,,,,
794,10,FREECAM_3D,26.5,1202781,36705.963134765625,1640,50.048828125,19.98048780487805,157,4.791259765625,1483,45.257568359375,0,0.0,0x0298A6A1,3,2468,486,0.01171875,9.640625,1.8984375,0,0x14,0,0,0,1,0,1,0,0,0,1,,,,,,,,,,,,,,,,,,,,,,
795,10,FREECAM_3D,26.533333333333335,1204423,36756.072998046875,1642,50.10986328125,19.956151035322776,157,4.791259765625,1485,45.318603515625,0,0.0,0x96F755AE,3,2468,465,0.01171875,9.640625,1.81640625,0,0x14,0,0,0,1,0,1,0,0,0,1,,,,,,,,,,,,,,,,,,,,,,
796,10,FREECAM_3D,26.566666666666666,1206066,36806.21337890625,1643,50.140380859375,19.944004869141814,157,4.791259765625,1485,45.318603515625,1,0.030517578125,0x7B524AA7,3,2468,444,0.01171875,9.640625,1.734375,0,0x14,0,0,0,1,0,1,0,0,0,1,,,,,,,,,,,,,,,,,,,,,,
797,10,FREECAM_3D,26.6,1207826,36859.92431640625,1760,53.7109375,18.618181818181817,156,4.7607421875,1604,48.9501953125,0,0.0,0xF7553ED4,3,2468,423,0.01171875,9.640625,1.65234375,0,0x14,0,0,0,1,0,1,0,0,0,1,,,,,,,,,,,,,,,,,,,,,,
798,10,FREECAM_3D,26.633333333333333,1209561,36912.872314453125,1735,52.947998046875,18.886455331412105,157,4.791259765625,1577,48.126220703125,1,0.030517578125,0xFF87F2E5,3,2468,402,0.01171875,9.640625,1.5703125,0,0x14,0,0,0,1,0,1,0,0,0,1,,,,,,,,,,,,,,,,,,,,,,
799,10,FREECAM_3D,26.666666666666668,1211291,36965.667724609375,1730,52.79541015625,18.941040462427747,157,4.791259765625,1573,48.004150390625,0,0.0,0x8649B8B2,3,2468,381,0.01171875,9.640625,1.48828125,0,0x14,0,0,0,1,0,1,0,0,0,1,,,,,,,,,,,,,,,,,,,,,,
800,10,FREECAM_3D,26.7,1213028,37018.6767578125,1737,53.009033203125,18.864709268854348,157,4.791259765625,1579,48.187255859375,1,0.030517578125,0xC0FA100B,3,2468,360,0.01171875,9.640625,1.40625,0,0x14,0,0,0,1,0,1,0,0,0,1,,,,,,,,,,,,,,,,,,,,,,
801,10,FREECAM_3D,26.733333333333334,1214764,37071.6552734375,1736,52.978515625,18.87557603686636,157,4.791259765625,1579,48.187255859375,0,0.0,0x95C89B68,3,2468,339,0.01171875,9.640625,1.32421875,0,0x14,0,0,0,1,0,1,0,0,0,1,,,,,,,,,,,,,,,,,,,,,,
802,10,FREECAM_3D,26.766666666666666,1216466,37123.59619140625,1702,51.94091796875,19.25264394829612,157,4.791259765625,1544,47.119140625,1,0.030517578125,0xE8578599,3,2468,318,0.01171875,9.640625,1.2421875,0,0x14,0,0,0,1,0,1,0,0,0,1,,,,,,,,,,,,,,,,,,,,,,
803,10,FREECAM_3D,26.8,1218197,37176.422119140625,1731,52.825927734375,18.93009820912767,156,4.7607421875,1575,48.065185546875,0,0.0,0x0F446DC6,3,2468,297,0.01171875,9.640625,1.16015625,0,0x14,0,0,0,1,0,1,0,0,0,1,,,,,,,,,,,,,,,,,,,,,,
804,10,FREECAM_3D,26.833333333333332,1219984,37230.95703125,1787,54.534912109375,18.33687744823727,157,4.791259765625,1629,49.713134765625,1,0.030517578125,0xEEE9D65F,3,2468,276,0.01171875,9.640625,1.078125,0,0x14,0,0,0,1,0,1,0,0,0,1,,,,,,,,,,,,,,,,,,,,,,
805,10,FREECAM_3D,26.866666666666667,1221864,37288.330078125,1880,57.373046875,17.429787234042553,157,4.791259765625,1723,52.581787109375,0,0.0,0x52A5135F,3,2468,255,0.01171875,9.640625,0.99609375,0,0x14,0,0,0,1,0,1,0,0,0,1,,,,,,,,,,,,,,,,,,,,,,
806,10,FREECAM_3D,26.9,1223840,37348.6328125,1976,60.302734375,16.582995951417004,157,4.791259765625,1819,55.511474609375,0,0.0,0x44FB15E2,3,2468,234,0.01171875,9.640625,0.9140625,0,0x14,0,0,0,1,0,1,0,0,0,1,,,,,,,,,,,,,,,,,,,,,,
807,10,FREECAM_3D,26.933333333333334,1225822,37409.11865234375,1982,60.48583984375,16.53279515640767,157,4.791259765625,1825,55.694580078125,0,0.0,0xD485F245,3,2468,213,0.01171875,9.640625,0.83203125,0,0x14,0,0,0,1,0,1,0,0,0,1,,,,,,,,,,,,,,,,,,,,,,
808,10,FREECAM_3D,26.966666666666665,1227846,37470.88623046875,2024,61.767578125,16.1897233201581,157,4.791259765625,1867,56.976318359375,0,0.0,0x4D5E4FC0,3,2468,192,0.01171875,9.640625,0.75,0,0x14,0,0,0,1,0,1,0,0,0,1,,,,,,,,,,,,,,,,,,,,,,
809,10,FREECAM_3D,27.0,1229879,37532.928466796875,2033,62.042236328125,16.11805213969503,157,4.791259765625,1876,57.2509765625,0,0.0,0xE2A33C23,3,2468,171,0.01171875,9.640625,0.66796875,0,0x14,0,0,0,1,0,1,0,0,0,1,,,,,,,,,,,,,,,,,,,,,,
810,10,FREECAM_3D,27.033333333333335,1231910,37594.90966796875,2031,61.981201171875,16.133924175283113,157,4.791259765625,1873,57.159423828125,1,0.030517578125,0x03B947B6,3,2468,150,0.01171875,9.640625,0.5859375,0,0x14,0,0,0,1,0,1,0,0,0,1,,,,,,,,,,,,,,,,,,,,,,
811,10,FREECAM_3D,27.066666666666666,1233951,37657.196044921875,2041,62.286376953125,16.054875061244488,157,4.791259765625,1884,57.4951171875,0,0.0,0x4C12C299,3,2468,129,0.01171875,9.640625,0.50390625,0,0x14,0,0,0,1,0,1,0,0,0,1,,,,,,,,,,,,,,,,,,,,,,
812,10,FREECAM_3D,27.1,1235942,37717.95654296875,1991,60.760498046875,16.458061275740835,157,4.791259765625,1834,55.96923828125,0,0.0,0x263CFA04,3,2468,108,0.01171875,9.640625,0.421875,0,0x14,0,0,0,1,0,1,0,0,0,1,,,,,,,,,,,,,,,,,,,,,,
813,10,FREECAM_3D,27.133333333333333,1237943,37779.022216796875,2001,61.065673828125,16.375812093953023,157,4.791259765625,1844,56.2744140625,0,0.0,0x5FEC65D7,3,2468,87,0.01171875,9.640625,0.33984375,0,0x14,0,0,0,1,0,1,0,0,0,1,,,,,,,,,,,,,,,,,,,,,,
814,10,FREECAM_3D,27.166666666666668,1239955,37840.423583984375,2012,61.4013671875,16.28628230616302,157,4.791259765625,1854,56.57958984375,1,0.030517578125,0x4C6FF3FA,3,2468,66,0.01171875,9.640625,0.2578125,0,0x14,0,0,0,1,0,1,0,0,0,1,,,,,,,,,,,,,,,,,,,,,,
815,10,FREECAM_3D,27.2,1241938,37900.93994140625,1983,60.516357421875,16.524457892082705,158,4.82177734375,1824,55.6640625,1,0.030517578125,0x15EA0094,3,2468,64,0.01171875,9.640625,0.25,0,0x14,0,0,0,1,0,1,0,0,0,1,,,,,,,,,,,,,,,,,,,,,,
816,10,FREECAM_3D,27.233333333333334,1243879,37960.174560546875,1941,59.234619140625,16.882019577537353,159,4.852294921875,1781,54.351806640625,1,0.030517578125,0x15EA0094,3,2468,64,0.01171875,9.640625,0.25,0,0x10,0,0,0,0,0,1,0,0,0,1,,,,,,,,,,,,,,,,,,,,,,
817,10,FREECAM_3D,27.266666666666666,1245806,38018.98193359375,1927,58.807373046875,17.004670472236636,159,4.852294921875,1768,53.955078125,0,0.0,0x15EA0094,3,2468,64,0.01171875,9.640625,0.25,0,0x10,0,0,0,0,0,1,0,0,0,1,,,,,,,,,,,,,,,,,,,,,,
818,10,FREECAM_3D,27.3,1247732,38077.7587890625,1926,58.77685546875,17.0134994807892,158,4.82177734375,1768,53.955078125,0,0.0,0x15EA0094,3,2468,64,0.01171875,9.640625,0.25,0,0x10,0,0,0,0,0,1,0,0,0,1,,,,,,,,,,,,,,,,,,,,,,
819,10,FREECAM_3D,27.333333333333332,1249659,38136.566162109375,1927,58.807373046875,17.004670472236636,158,4.82177734375,1768,53.955078125,1,0.030517578125,0x15EA0094,3,2468,64,0.01171875,9.640625,0.25,0,0x10,0,0,0,0,0,1,0,0,0,1,,,,,,,,,,,,,,,,,,,,,,
820,10,FREECAM_3D,27.366666666666667,1251586,38195.37353515625,1927,58.807373046875,17.004670472236636,159,4.852294921875,1768,53.955078125,0,0.0,0x15EA0094,3,2468,64,0.01171875,9.640625,0.25,0,0x10,0,0,0,0,0,1,0,0,0,1,,,,,,,,,,,,,,,,,,,,,,
821,10,FREECAM_3D,27.4,1253512,38254.150390625,1926,58.77685546875,17.0134994807892,158,4.82177734375,1768,53.955078125,0,0.0,0x15EA0094,3,2468,64,0.01171875,9.640625,0.25,0,0x10,0,0,0,0,0,1,0,0,0,1,,,,,,,,,,,,,,,,,,,,,,
822,10,FREECAM_3D,27.433333333333334,1255439,38312.957763671875,1927,58.807373046875,17.004670472236636,158,4.82177734375,1768,53.955078125,1,0.030517578125,0x15EA0094,3,2468,64,0.01171875,9.640625,0.25,0,0x10,0,0,0,0,0,1,0,0,0,1,,,,,,,,,,,,,,,,,,,,,,
823,10,FREECAM_3D,27.466666666666665,1257366,38371.76513671875,1927,58.807373046875,17.004670472236636,159,4.852294921875,1768,53.955078125,0,0.0,0x15EA0094,3,2468,64,0.01171875,9.640625,0.25,0,0x10,0,0,0,0,0,1,0,0,0,1,,,,,,,,,,,,,,,,,,,,,,
824,10,FREECAM_3D,27.5,1259292,38430.5419921875,1926,58.77685546875,17.0134994807892,158,4.82177734375,1768,53.955078125,0,0.0,0x15EA0094,3,2468,64,0.01171875,9.640625,0.25,0,0x10,0,0,0,0,0,1,0,0,0,1,,,,,,,,,,,,,,,,,,,,,,
825,10,FREECAM_3D,27.533333333333335,1261219,38489.349365234375,1927,58.807373046875,17.004670472236636,158,4.82177734375,1768,53.955078125,1,0.030517578125,0x15EA0094,3,2468,64,0.01171875,9.640625,0.25,0,0x10,0,0,0,0,0,1,0,0,0,1,,,,,,,,,,,,,,,,,,,,,,
826,10,FREECAM_3D,27.566666666666666,1263144,38548.095703125,1925,58.746337890625,17.022337662337662,158,4.82177734375,1767,53.924560546875,0,0.0,0x15EA0094,3,2468,64,0.01171875,9.640625,0.25,0,0x10,0,0,0,0,0,1,0,0,0,1,,,,,,,,,,,,,,,,,,,,,,
827,10,FREECAM_3D,27.6,1265070,38606.87255859375,1926,58.77685546875,17.0134994807892,158,4.82177734375,1768,53.955078125,0,0.0,0x15EA0094,3,2468,64,0.01171875,9.640625,0.25,0,0x10,0,0,0,0,0,1,0,0,0,1,,,,,,,,,,,,,,,,,,,,,,
828,10,FREECAM_3D,27.633333333333333,1266997,38665.679931640625,1927,58.807373046875,17.004670472236636,158,4.82177734375,1768,53.955078125,1,0.030517578125,0x15EA0094,3,2468,64,0.01171875,9.640625,0.25,0,0x10,0,0,0,0,0,1,0,0,0,1,,,,,,,,,,,,,,,,,,,,,,
829,10,FREECAM_3D,27.666666666666668,1268922,38724.42626953125,1925,58.746337890625,17.022337662337662,158,4.82177734375,1767,53.924560546875,0,0.0,0x15EA0094,3,2468,64,0.01171875,9.640625,0.25,0,0x10,0,0,0,0,0,1,0,0,0,1,,,,,,,,,,,,,,,,,,,,,,
830,10,FREECAM_3D,27.7,1270998,38787.78076171875,2076,63.3544921875,15.784200385356455,163,4.974365234375,1913,58.380126953125,0,0.0,0x52BD6CDC,15,2454,74,0.05859375,9.5859375,0.2890625,0,0x14,0,0,0,1,0,1,1,1,0,0,,,,,,,,,,,,,,,,,,,,,,
831,10,FREECAM_3D,27.733333333333334,1273113,38852.325439453125,2115,64.544677734375,15.493144208037824,164,5.0048828125,1951,59.539794921875,0,0.0,0xD74FF083,28,2441,84,0.109375,9.53515625,0.328125,0,0x14,0,0,0,1,0,1,1,1,0,0,,,,,,,,,,,,,,,,,,,,,,
832,10,FREECAM_3D,27.766666666666666,1275206,38916.19873046875,2093,63.873291015625,15.655996177735307,164,5.0048828125,1928,58.837890625,1,0.030517578125,0x67B4D90A,42,2429,94,0.1640625,9.48828125,0.3671875,0,0x14,0,0,0,1,0,1,1,1,0,0,,,,,,,,,,,,,,,,,,,,,,
833,10,FREECAM_3D,27.8,1277296,38979.98046875,2090,63.78173828125,15.678468899521532,163,4.974365234375,1926,58.77685546875,1,0.030517578125,0x61F2FB2B,57,2418,104,0.22265625,9.4453125,0.40625,0,0x14,0,0,0,1,0,1,1,1,0,0,,,,,,,,,,,,,,,,,,,,,,
834,10,FREECAM_3D,27.833333333333332,1279417,39044.708251953125,2121,64.727783203125,15.44931636020745,165,5.035400390625,1955,59.661865234375,1,0.030517578125,0x40E7F905,72,2408,114,0.28125,9.40625,0.4453125,0,0x14,0,0,0,1,0,1,1,1,0,0,,,,,,,,,,,,,,,,,,,,,,
835,10,FREECAM_3D,27.866666666666667,1281466,39107.23876953125,2049,62.530517578125,15.99219131283553,165,5.035400390625,1884,57.4951171875,0,0.0,0x8313C4A5,88,2400,124,0.34375,9.375,0.484375,0,0x14,0,0,0,1,0,1,1,1,0,0,,,,,,,,,,,,,,,,,,,,,,
836,10,FREECAM_3D,27.9,1283623,39173.065185546875,2157,65.826416015625,15.191469633750579,165,5.035400390625,1992,60.791015625,0,0.0,0x24D43927,105,2393,134,0.41015625,9.34765625,0.5234375,0,0x14,0,0,0,1,0,1,1,1,0,0,,,,,,,,,,,,,,,,,,,,,,
837,10,FREECAM_3D,27.933333333333334,1285492,39230.1025390625,1869,57.037353515625,17.532370251471374,165,5.035400390625,1703,51.971435546875,1,0.030517578125,0xA292C121,122,2387,144,0.4765625,9.32421875,0.5625,0,0x14,0,0,0,1,0,1,1,1,0,0,,,,,,,,,,,,,,,,,,,,,,
838,10,FREECAM_3D,27.966666666666665,1287404,39288.4521484375,1912,58.349609375,17.13807531380753,165,5.035400390625,1747,53.314208984375,0,0.0,0xFEB3DA71,140,2382,154,0.546875,9.3046875,0.6015625,0,0x14,0,0,0,1,0,1,1,1,0,0,,,,,,,,,,,,,,,,,,,,,,
839,10,FREECAM_3D,28.0,1289330,39347.22900390625,1926,58.77685546875,17.0134994807892,165,5.035400390625,1760,53.7109375,1,0.030517578125,0x9F314D1C,158,2379,164,0.6171875,9.29296875,0.640625,0,0x14,0,0,0,1,0,1,1,1,0,0,,,,,,,,,,,,,,,,,,,,,,
840,10,FREECAM_3D,28.033333333333335,1291303,39407.440185546875,1973,60.211181640625,16.60821084642676,165,5.035400390625,1807,55.145263671875,1,0.030517578125,0x5F9A1335,176,2377,174,0.6875,9.28515625,0.6796875,0,0x14,0,0,0,1,0,1,1,1,0,0,,,,,,,,,,,,,,,,,,,,,,
841,10,FREECAM_3D,28.066666666666666,1293254,39466.97998046875,1951,59.539794921875,16.795489492567913,165,5.035400390625,1786,54.50439453125,0,0.0,0x191BEFC4,194,2376,184,0.7578125,9.28125,0.71875,0,0x14,0,0,0,1,0,1,1,1,0,0,,,,,,,,,,,,,,,,,,,,,,
842,10,FREECAM_3D,28.1,1294982,39519.71435546875,1728,52.734375,18.962962962962962,165,5.035400390625,1562,47.66845703125,1,0.030517578125,0xF81F3FA2,212,2376,194,0.828125,9.28125,0.7578125,0,0x14,0,0,0,1,0,1,1,1,0,0,,,,,,,,,,,,,,,,,,,,,,
843,10,FREECAM_3D,28.133333333333333,1296634,39570.12939453125,1652,50.4150390625,19.83535108958838,164,5.0048828125,1488,45.41015625,0,0.0,0x6A0A22B9,230,2377,204,0.8984375,9.28515625,0.796875,0,0x14,0,0,0,1,0,1,1,1,0,0,,,,,,,,,,,,,,,,,,,,,,
844,10,FREECAM_3D,28.166666666666668,1298247,39619.354248046875,1613,49.224853515625,20.314941103533787,165,5.035400390625,1447,44.158935546875,1,0.030517578125,0xF257D097,248,2380,214,0.96875,9.296875,0.8359375,0,0x14,0,0,0,1,0,1,1,1,0,0,,,,,,,,,,,,,,,,,,,,,,
845,10,FREECAM_3D,28.2,1299946,39671.20361328125,1699,51.849365234375,19.286639199529134,165,5.035400390625,1533,46.783447265625,1,0.030517578125,0x65803F82,266,2384,224,1.0390625,9.3125,0.875,0,0x14,0,0,0,1,0,1,1,1,0,0,,,,,,,,,,,,,,,,,,,,,,
846,10,FREECAM_3D,28.233333333333334,1301688,39724.365234375,1742,53.16162109375,18.810562571756602,165,5.035400390625,1576,48.095703125,1,0.030517578125,0x67365819,283,2389,234,1.10546875,9.33203125,0.9140625,0,0x14,0,0,0,1,0,1,1,1,0,0,,,,,,,,,,,,,,,,,,,,,,
847,10,FREECAM_3D,28.266666666666666,1303374,39775.81787109375,1686,51.45263671875,19.43534994068802,165,5.035400390625,1521,46.417236328125,0,0.0,0x104A20FB,300,2396,244,1.171875,9.359375,0.953125,0,0x14,0,0,0,1,0,1,1,1,0,0,,,,,,,,,,,,,,,,,,,,,,
848,10,FREECAM_3D,28.3,1305124,39829.2236328125,1750,53.40576171875,18.72457142857143,165,5.035400390625,1585,48.370361328125,0,0.0,0x6665B920,316,2404,254,1.234375,9.390625,0.9921875,0,0x14,0,0,0,1,0,1,1,1,0,0,,,,,,,,,,,,,,,,,,,,,,
849,10,FREECAM_3D,28.333333333333332,1306817,39880.889892578125,1693,51.666259765625,19.354991139988186,165,5.035400390625,1527,46.600341796875,1,0.030517578125,0x3F6F3346,332,2413,264,1.296875,9.42578125,1.03125,0,0x14,0,0,0,1,0,1,1,1,0,0,,,,,,,,,,,,,,,,,,,,,,
850,10,FREECAM_3D,28.366666666666667,1308439,39930.389404296875,1622,49.49951171875,20.20221948212084,165,5.035400390625,1457,44.464111328125,0,0.0,0xAEF07C4C,347,2423,274,1.35546875,9.46484375,1.0703125,0,0x14,0,0,0,1,0,1,1,1,0,0,,,,,,,,,,,,,,,,,,,,,,
851,10,FREECAM_3D,28.4,1310000,39978.02734375,1561,47.637939453125,20.99167200512492,165,5.035400390625,1395,42.572021484375,1,0.030517578125,0x61E64260,361,2434,284,1.41015625,9.5078125,1.109375,0,0x14,0,0,0,1,0,1,1,1,0,0,,,,,,,,,,,,,,,,,,,,,,
852,10,FREECAM_3D,28.433333333333334,1311553,40025.421142578125,1553,47.393798828125,21.099806825499034,164,5.0048828125,1388,42.3583984375,1,0.030517578125,0xC82711CF,374,2447,294,1.4609375,9.55859375,1.1484375,0,0x14,0,0,0,1,0,1,1,1,0,0,,,,,,,,,,,,,,,,,,,,,,
853,10,FREECAM_3D,28.466666666666665,1313005,40069.732666015625,1452,44.3115234375,22.56749311294766,165,5.035400390625,1286,39.24560546875,1,0.030517578125,0xB2A40B9D,386,2460,304,1.5078125,9.609375,1.1875,0,0x1C,0,0,0,1,1,1,1,1,0,0,,,,,,,,,,,,,,,,,,,,,,
