frame_index,section_id,section_name,simulation_time_seconds,measured_elapsed_ticks,measured_elapsed_ms,total_ticks,total_ms,instantaneous_fps,update_ticks,update_ms,render_ticks,render_ms,swap_ticks,swap_ms,state_hash,position_x_raw,position_y_raw,position_z_raw,position_x,position_y,position_z,room,flags,detailed,excluded_from_clean_stats,crossed_portal,changed,section_end,freecam,move_axis,turn_axis,look_axis,buttons_active,detail_corrected_total_ms,admin_corrected_ms,setup_corrected_ms,root_geometry_corrected_ms,root_fill_corrected_ms,portal_setup_corrected_ms,portal_geometry_corrected_ms,portal_fill_corrected_ms,wait_corrected_ms,present_corrected_ms,overlay_corrected_ms,transformed_vertices,projected_points,rasterized_polygons,raster_rows,filled_spans,filled_pixels,portal_composite_pixels,portal_clip_pixels,full_portal_views,lod_portal_views,edge_division_fallbacks
0,1,OPEN_YAW,0.03333333333333333,1614,49.25537109375,1614,49.25537109375,20.302354399008674,26,0.79345703125,1587,48.431396484375,1,0.030517578125,0x5E9768D3,0,512,384,0.0,2.0,1.5,0,0x04,0,0,0,1,0,0,0,1,0,0,,,,,,,,,,,,,,,,,,,,,,
1,1,OPEN_YAW,0.06666666666666667,3248,99.12109375,1634,49.86572265625,20.053855569155445,27,0.823974609375,1607,49.041748046875,0,0.0,0x8B3821D2,0,512,384,0.0,2.0,1.5,0,0x06,1,1,0,1,0,0,0,1,0,0,49.041748046875,0.0,0.1220703125,19.989013671875,6.4697265625,1.678466796875,5.157470703125,1.678466796875,0.030517578125,13.0615234375,0.8544921875,0,0,0,0,0,0,0,0,0,0,0
2,1,OPEN_YAW,0.1,4745,144.805908203125,1497,45.684814453125,21.889111556446228,26,0.79345703125,1470,44.86083984375,1,0.030517578125,0x58A773FF,0,512,384,0.0,2.0,1.5,0,0x04,0,0,0,1,0,0,0,1,0,0,,,,,,,,,,,,,,,,,,,,,,
3,1,OPEN_YAW,0.13333333333333333,6257,190.948486328125,1512,46.142578125,21.67195767195767,27,0.823974609375,1485,45.318603515625,0,0.0,0xAED9429C,0,512,384,0.0,2.0,1.5,0,0x04,0,0,0,1,0,0,0,1,0,0,,,,,,,,,,,,,,,,,,,,,,
4,1,OPEN_YAW,0.16666666666666666,7821,238.677978515625,1564,47.7294921875,20.95140664961637,26,0.79345703125,1538,46.93603515625,0,0.0,0x45E0B719,0,512,384,0.0,2.0,1.5,0,0x04,0,0,0,1,0,0,0,1,0,0,,,,,,,,,,,,,,,,,,,,,,
5,1,OPEN_YAW,0.2,9396,286.7431640625,1575,48.065185546875,20.805079365079365,26,0.79345703125,1548,47.2412109375,1,0.030517578125,0x1A9A2DD0,0,512,384,0.0,2.0,1.5,0,0x04,0,0,0,1,0,0,0,1,0,0,,,,,,,,,,,,,,,,,,,,,,
6,1,OPEN_YAW,0.23333333333333334,10992,335.44921875,1596,48.7060546875,20.531328320802004,27,0.823974609375,1568,47.8515625,1,0.030517578125,0xF0C60EB7,0,512,384,0.0,2.0,1.5,0,0x04,0,0,0,1,0,0,0,1,0,0,,,,,,,,,,,,,,,,,,,,,,
7,1,OPEN_YAW,0.26666666666666666,12582,383.97216796875,1590,48.52294921875,20.60880503144654,27,0.823974609375,1563,47.698974609375,0,0.0,0xD27F4708,0,512,384,0.0,2.0,1.5,0,0x04,0,0,0,1,0,0,0,1,0,0,,,,,,,,,,,,,,,,,,,,,,
8,1,OPEN_YAW,0.3,14174,432.55615234375,1592,48.583984375,20.582914572864322,26,0.79345703125,1565,47.760009765625,1,0.030517578125,0x94A84683,0,512,384,0.0,2.0,1.5,0,0x04,0,0,0,1,0,0,0,1,0,0,,,,,,,,,,,,,,,,,,,,,,
9,1,OPEN_YAW,0.3333333333333333,15750,480.65185546875,1576,48.095703125,20.79187817258883,27,0.823974609375,1548,47.2412109375,1,0.030517578125,0x1F45C49E,0,512,384,0.0,2.0,1.5,0,0x04,0,0,0,1,0,0,0,1,0,0,,,,,,,,,,,,,,,,,,,,,,
10,1,OPEN_YAW,0.36666666666666664,17309,528.228759765625,1559,47.576904296875,21.018601667735727,26,0.79345703125,1533,46.783447265625,0,0.0,0x6E85EBC5,0,512,384,0.0,2.0,1.5,0,0x04,0,0,0,1,0,0,0,1,0,0,,,,,,,,,,,,,,,,,,,,,,
11,1,OPEN_YAW,0.4,18457,563.262939453125,1148,35.0341796875,28.54355400696864,26,0.79345703125,1122,34.24072265625,0,0.0,0x70470C18,0,512,384,0.0,2.0,1.5,0,0x04,0,0,0,1,0,0,0,1,0,0,,,,,,,,,,,,,,,,,,,,,,
12,1,OPEN_YAW,0.43333333333333335,19603,598.236083984375,1146,34.97314453125,28.593368237347295,27,0.823974609375,1119,34.149169921875,0,0.0,0xE47DEAEF,0,512,384,0.0,2.0,1.5,0,0x04,0,0,0,1,0,0,0,1,0,0,,,,,,,,,,,,,,,,,,,,,,
13,1,OPEN_YAW,0.4666666666666667,20748,633.1787109375,1145,34.942626953125,28.618340611353712,27,0.823974609375,1118,34.11865234375,0,0.0,0x44510D1A,0,512,384,0.0,2.0,1.5,0,0x04,0,0,0,1,0,0,0,1,0,0,,,,,,,,,,,,,,,,,,,,,,
14,1,OPEN_YAW,0.5,21866,667.29736328125,1118,34.11865234375,29.30948121645796,26,0.79345703125,1091,33.294677734375,1,0.030517578125,0x57F83B3D,0,512,384,0.0,2.0,1.5,0,0x04,0,0,0,1,0,0,0,1,0,0,,,,,,,,,,,,,,,,,,,,,,
15,1,OPEN_YAW,0.5333333333333333,22801,695.831298828125,935,28.533935546875,35.045989304812835,27,0.823974609375,907,27.679443359375,1,0.030517578125,0xFC68B016,0,512,384,0.0,2.0,1.5,0,0x04,0,0,0,1,0,0,0,1,0,0,,,,,,,,,,,,,,,,,,,,,,
16,1,OPEN_YAW,0.5666666666666667,23720,723.876953125,919,28.045654296875,35.65614798694233,27,0.823974609375,892,27.2216796875,0,0.0,0xA5F2BEEB,0,512,384,0.0,2.0,1.5,0,0x04,0,0,0,1,0,0,0,1,0,0,,,,,,,,,,,,,,,,,,,,,,
17,1,OPEN_YAW,0.6,24616,751.220703125,896,27.34375,36.57142857142857,26,0.79345703125,869,26.519775390625,1,0.030517578125,0xC813CCF6,0,512,384,0.0,2.0,1.5,0,0x04,0,0,0,1,0,0,0,1,0,0,,,,,,,,,,,,,,,,,,,,,,
18,1,OPEN_YAW,0.6333333333333333,25651,782.806396484375,1035,31.585693359375,31.65990338164251,27,0.823974609375,1008,30.76171875,0,0.0,0xFA8FA93F,0,512,384,0.0,2.0,1.5,0,0x04,0,0,0,1,0,0,0,1,0,0,,,,,,,,,,,,,,,,,,,,,,
19,1,OPEN_YAW,0.6666666666666666,26683,814.300537109375,1032,31.494140625,31.751937984496124,26,0.79345703125,1005,30.670166015625,1,0.030517578125,0xFC0E3B5E,0,512,384,0.0,2.0,1.5,0,0x04,0,0,0,1,0,0,0,1,0,0,,,,,,,,,,,,,,,,,,,,,,
20,1,OPEN_YAW,0.7,27713,845.733642578125,1030,31.43310546875,31.813592233009707,27,0.823974609375,1002,30.57861328125,1,0.030517578125,0xAC3150F9,0,512,384,0.0,2.0,1.5,0,0x04,0,0,0,1,0,0,0,1,0,0,,,,,,,,,,,,,,,,,,,,,,
21,1,OPEN_YAW,0.7333333333333333,28745,877.227783203125,1032,31.494140625,31.751937984496124,27,0.823974609375,1005,30.670166015625,0,0.0,0xCB25181A,0,512,384,0.0,2.0,1.5,0,0x04,0,0,0,1,0,0,0,1,0,0,,,,,,,,,,,,,,,,,,,,,,
22,1,OPEN_YAW,0.7666666666666667,29785,908.966064453125,1040,31.73828125,31.50769230769231,26,0.79345703125,1013,30.914306640625,1,0.030517578125,0x48C590F3,0,512,384,0.0,2.0,1.5,0,0x04,0,0,0,1,0,0,0,1,0,0,,,,,,,,,,,,,,,,,,,,,,
23,1,OPEN_YAW,0.8,30827,940.765380859375,1042,31.79931640625,31.44721689059501,27,0.823974609375,1014,30.94482421875,1,0.030517578125,0xF1FADB42,0,512,384,0.0,2.0,1.5,0,0x04,0,0,0,1,0,0,0,1,0,0,,,,,,,,,,,,,,,,,,,,,,
24,1,OPEN_YAW,0.8333333333333334,31870,972.59521484375,1043,31.829833984375,31.417066155321187,27,0.823974609375,1016,31.005859375,0,0.0,0x09DBF567,0,512,384,0.0,2.0,1.5,0,0x04,0,0,0,1,0,0,0,1,0,0,,,,,,,,,,,,,,,,,,,,,,
25,1,OPEN_YAW,0.8666666666666667,32914,1004.45556640625,1044,31.8603515625,31.386973180076627,26,0.79345703125,1018,31.06689453125,0,0.0,0x727A5D9C,0,512,384,0.0,2.0,1.5,0,0x04,0,0,0,1,0,0,0,1,0,0,,,,,,,,,,,,,,,,,,,,,,
26,1,OPEN_YAW,0.9,33958,1036.31591796875,1044,31.8603515625,31.386973180076627,26,0.79345703125,1018,31.06689453125,0,0.0,0x6BDB5333,0,512,384,0.0,2.0,1.5,0,0x04,0,0,0,1,0,0,0,1,0,0,,,,,,,,,,,,,,,,,,,,,,
27,1,OPEN_YAW,0.9333333333333333,34983,1067.596435546875,1025,31.280517578125,31.968780487804878,26,0.79345703125,999,30.487060546875,0,0.0,0x5AD6DB54,0,512,384,0.0,2.0,1.5,0,0x04,0,0,0,1,0,0,0,1,0,0,,,,,,,,,,,,,,,,,,,,,,
28,1,OPEN_YAW,0.9666666666666667,36009,1098.907470703125,1026,31.31103515625,31.937621832358673,26,0.79345703125,1000,30.517578125,0,0.0,0xE5D4D0F1,0,512,384,0.0,2.0,1.5,0,0x04,0,0,0,1,0,0,0,1,0,0,,,,,,,,,,,,,,,,,,,,,,
29,1,OPEN_YAW,1.0,37035,1130.218505859375,1026,31.31103515625,31.937621832358673,26,0.79345703125,1000,30.517578125,0,0.0,0x160A0806,0,512,384,0.0,2.0,1.5,0,0x04,0,0,0,1,0,0,0,1,0,0,,,,,,,,,,,,,,,,,,,,,,
30,1,OPEN_YAW,1.0333333333333334,38058,1161.43798828125,1023,31.219482421875,32.03128054740958,26,0.79345703125,997,30.426025390625,0,0.0,0x779CD11B,0,512,384,0.0,2.0,1.5,0,0x04,0,0,0,1,0,0,0,1,0,0,,,,,,,,,,,,,,,,,,,,,,
31,1,OPEN_YAW,1.0666666666666667,39082,1192.68798828125,1024,31.25,32.0,26,0.79345703125,997,30.426025390625,1,0.030517578125,0xFB682E46,0,512,384,0.0,2.0,1.5,0,0x04,0,0,0,1,0,0,0,1,0,0,,,,,,,,,,,,,,,,,,,,,,
32,1,OPEN_YAW,1.1,40105,1223.907470703125,1023,31.219482421875,32.03128054740958,27,0.823974609375,996,30.3955078125,0,0.0,0xAB4F68AF,0,512,384,0.0,2.0,1.5,0,0x04,0,0,0,1,0,0,0,1,0,0,,,,,,,,,,,,,,,,,,,,,,
33,1,OPEN_YAW,1.1333333333333333,41125,1255.035400390625,1020,31.1279296875,32.12549019607843,26,0.79345703125,994,30.33447265625,0,0.0,0x0191D5F6,0,512,384,0.0,2.0,1.5,0,0x04,0,0,0,1,0,0,0,1,0,0,,,,,,,,,,,,,,,,,,,,,,
34,1,OPEN_YAW,1.1666666666666667,42144,1286.1328125,1019,31.097412109375,32.15701668302257,26,0.79345703125,993,30.303955078125,0,0.0,0x47E40981,0,512,384,0.0,2.0,1.5,0,0x04,0,0,0,1,0,0,0,1,0,0,,,,,,,,,,,,,,,,,,,,,,
35,1,OPEN_YAW,1.2,43163,1317.230224609375,1019,31.097412109375,32.15701668302257,27,0.823974609375,991,30.242919921875,1,0.030517578125,0x58D899FA,0,512,384,0.0,2.0,1.5,0,0x04,0,0,0,1,0,0,0,1,0,0,,,,,,,,,,,,,,,,,,,,,,
36,1,OPEN_YAW,1.2333333333333334,44051,1344.329833984375,888,27.099609375,36.9009009009009,27,0.823974609375,860,26.2451171875,1,0.030517578125,0x82178F31,0,512,384,0.0,2.0,1.5,0,0x04,0,0,0,1,0,0,0,1,0,0,,,,,,,,,,,,,,,,,,,,,,
37,1,OPEN_YAW,1.2666666666666666,44932,1371.2158203125,881,26.885986328125,37.19409761634506,27,0.823974609375,854,26.06201171875,0,0.0,0x47A89276,0,512,384,0.0,2.0,1.5,0,0x04,0,0,0,1,0,0,0,1,0,0,,,,,,,,,,,,,,,,,,,,,,
38,1,OPEN_YAW,1.3,45802,1397.76611328125,870,26.55029296875,37.66436781609195,26,0.79345703125,843,25.726318359375,1,0.030517578125,0x9B4B1FEF,0,512,384,0.0,2.0,1.5,0,0x04,0,0,0,1,0,0,0,1,0,0,,,,,,,,,,,,,,,,,,,,,,
39,1,OPEN_YAW,1.3333333333333333,46669,1424.224853515625,867,26.458740234375,37.79469434832757,27,0.823974609375,839,25.604248046875,1,0.030517578125,0x2EA80794,0,512,384,0.0,2.0,1.5,0,0x04,0,0,0,1,0,0,0,1,0,0,,,,,,,,,,,,,,,,,,,,,,
40,1,OPEN_YAW,1.3666666666666667,47517,1450.103759765625,848,25.87890625,38.64150943396226,27,0.823974609375,820,25.0244140625,1,0.030517578125,0x9320BBD7,0,512,384,0.0,2.0,1.5,0,0x04,0,0,0,1,0,0,0,1,0,0,,,,,,,,,,,,,,,,,,,,,,
41,1,OPEN_YAW,1.4,48364,1475.9521484375,847,25.848388671875,38.68713105076741,27,0.823974609375,819,24.993896484375,1,0.030517578125,0xF1D64FEB,0,512,384,0.0,2.0,1.5,0,0x04,0,0,0,1,0,0,0,1,0,0,,,,,,,,,,,,,,,,,,,,,,
42,1,OPEN_YAW,1.4333333333333333,49210,1501.77001953125,846,25.81787109375,38.73286052009456,27,0.823974609375,819,24.993896484375,0,0.0,0x313FD664,0,512,384,0.0,2.0,1.5,0,0x04,0,0,0,1,0,0,0,1,0,0,,,,,,,,,,,,,,,,,,,,,,
43,1,OPEN_YAW,1.4666666666666666,50057,1527.618408203125,847,25.848388671875,38.68713105076741,26,0.79345703125,820,25.0244140625,1,0.030517578125,0xD37C3B3A,0,512,384,0.0,2.0,1.5,0,0x04,0,0,0,1,0,0,0,1,0,0,,,,,,,,,,,,,,,,,,,,,,
44,1,OPEN_YAW,1.5,50906,1553.52783203125,849,25.909423828125,38.59599528857479,27,0.823974609375,821,25.054931640625,1,0.030517578125,0xC85E6E2D,0,512,384,0.0,2.0,1.5,0,0x04,0,0,0,1,0,0,0,1,0,0,,,,,,,,,,,,,,,,,,,,,,
45,1,OPEN_YAW,1.5333333333333334,51775,1580.047607421875,869,26.519775390625,37.70771001150748,27,0.823974609375,841,25.665283203125,1,0.030517578125,0x241E983A,0,512,384,0.0,2.0,1.5,0,0x04,0,0,0,1,0,0,0,1,0,0,,,,,,,,,,,,,,,,,,,,,,
46,1,OPEN_YAW,1.5666666666666667,52656,1606.93359375,881,26.885986328125,37.19409761634506,27,0.823974609375,853,26.031494140625,1,0.030517578125,0x26D8A8C7,0,512,384,0.0,2.0,1.5,0,0x04,0,0,0,1,0,0,0,1,0,0,,,,,,,,,,,,,,,,,,,,,,
47,1,OPEN_YAW,1.6,53542,1633.97216796875,886,27.03857421875,36.98419864559819,27,0.823974609375,858,26.18408203125,1,0.030517578125,0x57BE9584,0,512,384,0.0,2.0,1.5,0,0x04,0,0,0,1,0,0,0,1,0,0,,,,,,,,,,,,,,,,,,,,,,
48,1,OPEN_YAW,1.6333333333333333,54558,1664.97802734375,1016,31.005859375,32.25196850393701,27,0.823974609375,988,30.1513671875,1,0.030517578125,0x8ED5AA07,0,512,384,0.0,2.0,1.5,0,0x04,0,0,0,1,0,0,0,1,0,0,,,,,,,,,,,,,,,,,,,,,,
49,1,OPEN_YAW,1.6666666666666667,55577,1696.075439453125,1019,31.097412109375,32.15701668302257,27,0.823974609375,991,30.242919921875,1,0.030517578125,0x4BBB54B2,0,512,384,0.0,2.0,1.5,0,0x04,0,0,0,1,0,0,0,1,0,0,,,,,,,,,,,,,,,,,,,,,,
50,1,OPEN_YAW,1.7,56599,1727.264404296875,1022,31.18896484375,32.06262230919765,27,0.823974609375,994,30.33447265625,1,0.030517578125,0x48512005,0,512,384,0.0,2.0,1.5,0,0x04,0,0,0,1,0,0,0,1,0,0,,,,,,,,,,,,,,,,,,,,,,
51,1,OPEN_YAW,1.7333333333333334,57621,1758.453369140625,1022,31.18896484375,32.06262230919765,26,0.79345703125,996,30.3955078125,0,0.0,0xE2849AE4,0,512,384,0.0,2.0,1.5,0,0x04,0,0,0,1,0,0,0,1,0,0,,,,,,,,,,,,,,,,,,,,,,
52,1,OPEN_YAW,1.7666666666666666,58643,1789.642333984375,1022,31.18896484375,32.06262230919765,26,0.79345703125,996,30.3955078125,0,0.0,0x06B91CB7,0,512,384,0.0,2.0,1.5,0,0x04,0,0,0,1,0,0,0,1,0,0,,,,,,,,,,,,,,,,,,,,,,
53,1,OPEN_YAW,1.8,59666,1820.86181640625,1023,31.219482421875,32.03128054740958,26,0.79345703125,997,30.426025390625,0,0.0,0xEF7CD81A,0,512,384,0.0,2.0,1.5,0,0x04,0,0,0,1,0,0,0,1,0,0,,,,,,,,,,,,,,,,,,,,,,
54,1,OPEN_YAW,1.8333333333333333,60692,1852.1728515625,1026,31.31103515625,31.937621832358673,26,0.79345703125,1000,30.517578125,0,0.0,0x50648D73,0,512,384,0.0,2.0,1.5,0,0x04,0,0,0,1,0,0,0,1,0,0,,,,,,,,,,,,,,,,,,,,,,
55,1,OPEN_YAW,1.8666666666666667,61719,1883.514404296875,1027,31.341552734375,31.906523855890946,26,0.79345703125,1000,30.517578125,1,0.030517578125,0xAAF43222,0,512,384,0.0,2.0,1.5,0,0x04,0,0,0,1,0,0,0,1,0,0,,,,,,,,,,,,,,,,,,,,,,
56,1,OPEN_YAW,1.9,62747,1914.886474609375,1028,31.3720703125,31.875486381322958,27,0.823974609375,1000,30.517578125,1,0.030517578125,0x3BD3184F,0,512,384,0.0,2.0,1.5,0,0x04,0,0,0,1,0,0,0,1,0,0,,,,,,,,,,,,,,,,,,,,,,
57,1,OPEN_YAW,1.9333333333333333,63792,1946.77734375,1045,31.890869140625,31.356937799043063,27,0.823974609375,1018,31.06689453125,0,0.0,0x076558F0,0,512,384,0.0,2.0,1.5,0,0x04,0,0,0,1,0,0,0,1,0,0,,,,,,,,,,,,,,,,,,,,,,
58,1,OPEN_YAW,1.9666666666666666,64836,1978.6376953125,1044,31.8603515625,31.386973180076627,26,0.79345703125,1018,31.06689453125,0,0.0,0x498711DD,0,512,384,0.0,2.0,1.5,0,0x04,0,0,0,1,0,0,0,1,0,0,,,,,,,,,,,,,,,,,,,,,,
59,1,OPEN_YAW,2.0,65880,2010.498046875,1044,31.8603515625,31.386973180076627,26,0.79345703125,1018,31.06689453125,0,0.0,0x46A0A0DE,0,512,384,0.0,2.0,1.5,0,0x04,0,0,0,1,0,0,0,1,0,0,,,,,,,,,,,,,,,,,,,,,,
60,1,OPEN_YAW,2.033333333333333,66922,2042.29736328125,1042,31.79931640625,31.44721689059501,26,0.79345703125,1016,31.005859375,0,0.0,0x9DD3D2F1,0,512,384,0.0,2.0,1.5,0,0x04,0,0,0,1,0,0,0,1,0,0,,,,,,,,,,,,,,,,,,,,,,
61,1,OPEN_YAW,2.066666666666667,67966,2074.15771484375,1044,31.8603515625,31.386973180076627,26,0.79345703125,1017,31.036376953125,1,0.030517578125,0x7811DB3C,0,512,384,0.0,2.0,1.5,0,0x04,0,0,0,1,0,0,0,1,0,0,,,,,,,,,,,,,,,,,,,,,,
62,1,OPEN_YAW,2.1,69001,2105.743408203125,1035,31.585693359375,31.65990338164251,26,0.79345703125,1008,30.76171875,1,0.030517578125,0x84E13E89,0,512,384,0.0,2.0,1.5,0,0x04,0,0,0,1,0,0,0,1,0,0,,,,,,,,,,,,,,,,,,,,,,
63,1,OPEN_YAW,2.1333333333333333,70017,2136.749267578125,1016,31.005859375,32.25196850393701,27,0.823974609375,989,30.181884765625,0,0.0,0x87201FF4,0,512,384,0.0,2.0,1.5,0,0x04,0,0,0,1,0,0,0,1,0,0,,,,,,,,,,,,,,,,,,,,,,
64,1,OPEN_YAW,2.1666666666666665,71052,2168.3349609375,1035,31.585693359375,31.65990338164251,26,0.79345703125,1008,30.76171875,1,0.030517578125,0x84E13E89,0,512,384,0.0,2.0,1.5,0,0x04,0,0,0,1,0,0,0,-1,0,0,,,,,,,,,,,,,,,,,,,,,,
65,1,OPEN_YAW,2.2,72096,2200.1953125,1044,31.8603515625,31.386973180076627,27,0.823974609375,1017,31.036376953125,0,0.0,0x7811DB3C,0,512,384,0.0,2.0,1.5,0,0x04,0,0,0,1,0,0,0,-1,0,0,,,,,,,,,,,,,,,,,,,,,,
66,1,OPEN_YAW,2.2333333333333334,73139,2232.025146484375,1043,31.829833984375,31.417066155321187,26,0.79345703125,1016,31.005859375,1,0.030517578125,0x9DD3D2F1,0,512,384,0.0,2.0,1.5,0,0x04,0,0,0,1,0,0,0,-1,0,0,,,,,,,,,,,,,,,,,,,,,,
67,1,OPEN_YAW,2.2666666666666666,74183,2263.885498046875,1044,31.8603515625,31.386973180076627,27,0.823974609375,1017,31.036376953125,0,0.0,0x46A0A0DE,0,512,384,0.0,2.0,1.5,0,0x04,0,0,0,1,0,0,0,-1,0,0,,,,,,,,,,,,,,,,,,,,,,
68,1,OPEN_YAW,2.3,75228,2295.7763671875,1045,31.890869140625,31.356937799043063,26,0.79345703125,1018,31.06689453125,1,0.030517578125,0x498711DD,0,512,384,0.0,2.0,1.5,0,0x04,0,0,0,1,0,0,0,-1,0,0,,,,,,,,,,,,,,,,,,,,,,
69,1,OPEN_YAW,2.3333333333333335,76274,2327.69775390625,1046,31.92138671875,31.326959847036328,27,0.823974609375,1018,31.06689453125,1,0.030517578125,0x076558F0,0,512,384,0.0,2.0,1.5,0,0x04,0,0,0,1,0,0,0,-1,0,0,,,,,,,,,,,,,,,,,,,,,,
70,1,OPEN_YAW,2.3666666666666667,77300,2359.0087890625,1026,31.31103515625,31.937621832358673,26,0.79345703125,1000,30.517578125,0,0.0,0x3BD3184F,0,512,384,0.0,2.0,1.5,0,0x04,0,0,0,1,0,0,0,-1,0,0,,,,,,,,,,,,,,,,,,,,,,
71,1,OPEN_YAW,2.4,78326,2390.31982421875,1026,31.31103515625,31.937621832358673,26,0.79345703125,1000,30.517578125,0,0.0,0xAAF43222,0,512,384,0.0,2.0,1.5,0,0x04,0,0,0,1,0,0,0,-1,0,0,,,,,,,,,,,,,,,,,,,,,,
72,1,OPEN_YAW,2.433333333333333,79353,2421.661376953125,1027,31.341552734375,31.906523855890946,26,0.79345703125,1000,30.517578125,1,0.030517578125,0x50648D73,0,512,384,0.0,2.0,1.5,0,0x04,0,0,0,1,0,0,0,-1,0,0,,,,,,,,,,,,,,,,,,,,,,
73,1,OPEN_YAW,2.466666666666667,80378,2452.94189453125,1025,31.280517578125,31.968780487804878,27,0.823974609375,997,30.426025390625,1,0.030517578125,0xEF7CD81A,0,512,384,0.0,2.0,1.5,0,0x04,0,0,0,1,0,0,0,-1,0,0,,,,,,,,,,,,,,,,,,,,,,
74,1,OPEN_YAW,2.5,81401,2484.161376953125,1023,31.219482421875,32.03128054740958,27,0.823974609375,996,30.3955078125,0,0.0,0x06B91CB7,0,512,384,0.0,2.0,1.5,0,0x04,0,0,0,1,0,0,0,-1,0,0,,,,,,,,,,,,,,,,,,,,,,
75,1,OPEN_YAW,2.533333333333333,82424,2515.380859375,1023,31.219482421875,32.03128054740958,26,0.79345703125,996,30.3955078125,1,0.030517578125,0xE2849AE4,0,512,384,0.0,2.0,1.5,0,0x04,0,0,0,1,0,0,0,-1,0,0,,,,,,,,,,,,,,,,,,,,,,
76,1,OPEN_YAW,2.566666666666667,83445,2546.539306640625,1021,31.158447265625,32.09402546523017,27,0.823974609375,994,30.33447265625,0,0.0,0x48512005,0,512,384,0.0,2.0,1.5,0,0x04,0,0,0,1,0,0,0,-1,0,0,,,,,,,,,,,,,,,,,,,,,,
77,1,OPEN_YAW,2.6,84463,2577.606201171875,1018,31.06689453125,32.18860510805501,26,0.79345703125,991,30.242919921875,1,0.030517578125,0x4BBB54B2,0,512,384,0.0,2.0,1.5,0,0x04,0,0,0,1,0,0,0,-1,0,0,,,,,,,,,,,,,,,,,,,,,,
78,1,OPEN_YAW,2.6333333333333333,85478,2608.58154296875,1015,30.975341796875,32.28374384236453,26,0.79345703125,988,30.1513671875,1,0.030517578125,0x8ED5AA07,0,512,384,0.0,2.0,1.5,0,0x04,0,0,0,1,0,0,0,-1,0,0,,,,,,,,,,,,,,,,,,,,,,
79,1,OPEN_YAW,2.6666666666666665,86363,2635.589599609375,885,27.008056640625,37.02598870056497,26,0.79345703125,858,26.18408203125,1,0.030517578125,0x57BE9584,0,512,384,0.0,2.0,1.5,0,0x04,0,0,0,1,0,0,0,-1,0,0,,,,,,,,,,,,,,,,,,,,,,
80,1,OPEN_YAW,2.7,87243,2662.445068359375,880,26.85546875,37.236363636363635,26,0.79345703125,854,26.06201171875,0,0.0,0x26D8A8C7,0,512,384,0.0,2.0,1.5,0,0x04,0,0,0,1,0,0,0,-1,0,0,,,,,,,,,,,,,,,,,,,,,,
81,1,OPEN_YAW,2.7333333333333334,88111,2688.934326171875,868,26.4892578125,37.75115207373272,26,0.79345703125,842,25.69580078125,0,0.0,0x241E983A,0,512,384,0.0,2.0,1.5,0,0x04,0,0,0,1,0,0,0,-1,0,0,,,,,,,,,,,,,,,,,,,,,,
82,1,OPEN_YAW,2.7666666666666666,88958,2714.78271484375,847,25.848388671875,38.68713105076741,26,0.79345703125,821,25.054931640625,0,0.0,0xC85E6E2D,0,512,384,0.0,2.0,1.5,0,0x04,0,0,0,1,0,0,0,-1,0,0,,,,,,,,,,,,,,,,,,,,,,
83,1,OPEN_YAW,2.8,89804,2740.6005859375,846,25.81787109375,38.73286052009456,26,0.79345703125,820,25.0244140625,0,0.0,0xD37C3B3A,0,512,384,0.0,2.0,1.5,0,0x04,0,0,0,1,0,0,0,-1,0,0,,,,,,,,,,,,,,,,,,,,,,
84,1,OPEN_YAW,2.8333333333333335,90651,2766.448974609375,847,25.848388671875,38.68713105076741,26,0.79345703125,820,25.0244140625,1,0.030517578125,0x313FD664,0,512,384,0.0,2.0,1.5,0,0x04,0,0,0,1,0,0,0,-1,0,0,,,,,,,,,,,,,,,,,,,,,,
85,1,OPEN_YAW,2.8666666666666667,91498,2792.29736328125,847,25.848388671875,38.68713105076741,27,0.823974609375,819,24.993896484375,1,0.030517578125,0xF1D64FEB,0,512,384,0.0,2.0,1.5,0,0x04,0,0,0,1,0,0,0,-1,0,0,,,,,,,,,,,,,,,,,,,,,,
86,1,OPEN_YAW,2.9,92346,2818.17626953125,848,25.87890625,38.64150943396226,27,0.823974609375,820,25.0244140625,1,0.030517578125,0x9320BBD7,0,512,384,0.0,2.0,1.5,0,0x04,0,0,0,1,0,0,0,-1,0,0,,,,,,,,,,,,,,,,,,,,,,
87,1,OPEN_YAW,2.933333333333333,93213,2844.635009765625,867,26.458740234375,37.79469434832757,27,0.823974609375,839,25.604248046875,1,0.030517578125,0x2EA80794,0,512,384,0.0,2.0,1.5,0,0x04,0,0,0,1,0,0,0,-1,0,0,,,,,,,,,,,,,,,,,,,,,,
88,1,OPEN_YAW,2.966666666666667,94082,2871.15478515625,869,26.519775390625,37.70771001150748,27,0.823974609375,842,25.69580078125,0,0.0,0x9B4B1FEF,0,512,384,0.0,2.0,1.5,0,0x04,0,0,0,1,0,0,0,-1,0,0,,,,,,,,,,,,,,,,,,,,,,
89,1,OPEN_YAW,3.0,94962,2898.01025390625,880,26.85546875,37.236363636363635,26,0.79345703125,854,26.06201171875,0,0.0,0x47A89276,0,512,384,0.0,2.0,1.5,0,0x04,0,0,0,1,0,0,0,-1,0,0,,,,,,,,,,,,,,,,,,,,,,
90,1,OPEN_YAW,3.033333333333333,95849,2925.079345703125,887,27.069091796875,36.94250281848929,26,0.79345703125,860,26.2451171875,1,0.030517578125,0x82178F31,0,512,384,0.0,2.0,1.5,0,0x04,0,0,0,1,0,0,0,-1,0,0,,,,,,,,,,,,,,,,,,,,,,
91,1,OPEN_YAW,3.066666666666667,96866,2956.11572265625,1017,31.036376953125,32.220255653883974,27,0.823974609375,990,30.21240234375,0,0.0,0x58D899FA,0,512,384,0.0,2.0,1.5,0,0x04,0,0,0,1,0,0,0,-1,0,0,,,,,,,,,,,,,,,,,,,,,,
92,1,OPEN_YAW,3.1,97884,2987.1826171875,1018,31.06689453125,32.18860510805501,26,0.79345703125,992,30.2734375,0,0.0,0x47E40981,0,512,384,0.0,2.0,1.5,0,0x04,0,0,0,1,0,0,0,-1,0,0,,,,,,,,,,,,,,,,,,,,,,
93,1,OPEN_YAW,3.1333333333333333,98904,3018.310546875,1020,31.1279296875,32.12549019607843,26,0.79345703125,994,30.33447265625,0,0.0,0x0191D5F6,0,512,384,0.0,2.0,1.5,0,0x04,0,0,0,1,0,0,0,-1,0,0,,,,,,,,,,,,,,,,,,,,,,
94,1,OPEN_YAW,3.1666666666666665,99928,3049.560546875,1024,31.25,32.0,26,0.79345703125,997,30.426025390625,1,0.030517578125,0xAB4F68AF,0,512,384,0.0,2.0,1.5,0,0x04,0,0,0,1,0,0,0,-1,0,0,,,,,,,,,,,,,,,,,,,,,,
95,1,OPEN_YAW,3.2,100951,3080.780029296875,1023,31.219482421875,32.03128054740958,27,0.823974609375,996,30.3955078125,0,0.0,0xFB682E46,0,512,384,0.0,2.0,1.5,0,0x04,0,0,0,1,0,0,0,-1,0,0,,,,,,,,,,,,,,,,,,,,,,
96,1,OPEN_YAW,3.2333333333333334,101974,3111.99951171875,1023,31.219482421875,32.03128054740958,26,0.79345703125,997,30.426025390625,0,0.0,0x779CD11B,0,512,384,0.0,2.0,1.5,0,0x04,0,0,0,1,0,0,0,-1,0,0,,,,,,,,,,,,,,,,,,,,,,
97,1,OPEN_YAW,3.2666666666666666,103000,3143.310546875,1026,31.31103515625,31.937621832358673,26,0.79345703125,1000,30.517578125,0,0.0,0x160A0806,0,512,384,0.0,2.0,1.5,0,0x04,0,0,0,1,0,0,0,-1,0,0,,,,,,,,,,,,,,,,,,,,,,
98,1,OPEN_YAW,3.3,104026,3174.62158203125,1026,31.31103515625,31.937621832358673,26,0.79345703125,1000,30.517578125,0,0.0,0xE5D4D0F1,0,512,384,0.0,2.0,1.5,0,0x04,0,0,0,1,0,0,0,-1,0,0,,,,,,,,,,,,,,,,,,,,,,
99,1,OPEN_YAW,3.3333333333333335,105051,3205.902099609375,1025,31.280517578125,31.968780487804878,26,0.79345703125,999,30.487060546875,0,0.0,0x5AD6DB54,0,512,384,0.0,2.0,1.5,0,0x04,0,0,0,1,0,0,0,-1,0,0,,,,,,,,,,,,,,,,,,,,,,
100,1,OPEN_YAW,3.3666666666666667,106095,3237.762451171875,1044,31.8603515625,31.386973180076627,26,0.79345703125,1018,31.06689453125,0,0.0,0x6BDB5333,0,512,384,0.0,2.0,1.5,0,0x04,0,0,0,1,0,0,0,-1,0,0,,,,,,,,,,,,,,,,,,,,,,
101,1,OPEN_YAW,3.4,107139,3269.622802734375,1044,31.8603515625,31.386973180076627,26,0.79345703125,1018,31.06689453125,0,0.0,0x727A5D9C,0,512,384,0.0,2.0,1.5,0,0x04,0,0,0,1,0,0,0,-1,0,0,,,,,,,,,,,,,,,,,,,,,,
102,1,OPEN_YAW,3.433333333333333,108183,3301.483154296875,1044,31.8603515625,31.386973180076627,26,0.79345703125,1017,31.036376953125,1,0.030517578125,0x09DBF567,0,512,384,0.0,2.0,1.5,0,0x04,0,0,0,1,0,0,0,-1,0,0,,,,,,,,,,,,,,,,,,,,,,
103,1,OPEN_YAW,3.466666666666667,109225,3333.282470703125,1042,31.79931640625,31.44721689059501,27,0.823974609375,1014,30.94482421875,1,0.030517578125,0xF1FADB42,0,512,384,0.0,2.0,1.5,0,0x04,0,0,0,1,0,0,0,-1,0,0,,,,,,,,,,,,,,,,,,,,,,
104,1,OPEN_YAW,3.5,110264,3364.990234375,1039,31.707763671875,31.53801732435034,27,0.823974609375,1012,30.8837890625,0,0.0,0x48C590F3,0,512,384,0.0,2.0,1.5,0,0x04,0,0,0,1,0,0,0,-1,0,0,,,,,,,,,,,,,,,,,,,,,,
105,1,OPEN_YAW,3.533333333333333,111295,3396.453857421875,1031,31.463623046875,31.782735208535403,26,0.79345703125,1005,30.670166015625,0,0.0,0xCB25181A,0,512,384,0.0,2.0,1.5,0,0x04,0,0,0,1,0,0,0,-1,0,0,,,,,,,,,,,,,,,,,,,,,,
106,1,OPEN_YAW,3.566666666666667,112322,3427.79541015625,1027,31.341552734375,31.906523855890946,26,0.79345703125,1001,30.548095703125,0,0.0,0xAC3150F9,0,512,384,0.0,2.0,1.5,0,0x04,0,0,0,1,0,0,0,-1,0,0,,,,,,,,,,,,,,,,,,,,,,
107,1,OPEN_YAW,3.6,113352,3459.228515625,1030,31.43310546875,31.813592233009707,26,0.79345703125,1004,30.6396484375,0,0.0,0xFC0E3B5E,0,512,384,0.0,2.0,1.5,0,0x04,0,0,0,1,0,0,0,-1,0,0,,,,,,,,,,,,,,,,,,,,,,
108,1,OPEN_YAW,3.6333333333333333,114386,3490.78369140625,1034,31.55517578125,31.690522243713733,26,0.79345703125,1008,30.76171875,0,0.0,0xFA8FA93F,0,512,384,0.0,2.0,1.5,0,0x04,0,0,0,1,0,0,0,-1,0,0,,,,,,,,,,,,,,,,,,,,,,
109,1,OPEN_YAW,3.6666666666666665,115280,3518.06640625,894,27.28271484375,36.65324384787472,26,0.79345703125,868,26.4892578125,0,0.0,0xC813CCF6,0,512,384,0.0,2.0,1.5,0,0x04,0,0,0,1,0,0,0,-1,0,0,,,,,,,,,,,,,,,,,,,,,,
110,1,OPEN_YAW,3.7,116200,3546.142578125,920,28.076171875,35.61739130434783,26,0.79345703125,893,27.252197265625,1,0.030517578125,0xA5F2BEEB,0,512,384,0.0,2.0,1.5,0,0x04,0,0,0,1,0,0,0,-1,0,0,,,,,,,,,,,,,,,,,,,,,,
111,1,OPEN_YAW,3.7333333333333334,117135,3574.676513671875,935,28.533935546875,35.045989304812835,27,0.823974609375,907,27.679443359375,1,0.030517578125,0xFC68B016,0,512,384,0.0,2.0,1.5,0,0x04,0,0,0,1,0,0,0,-1,0,0,,,,,,,,,,,,,,,,,,,,,,
112,1,OPEN_YAW,3.7666666666666666,118252,3608.7646484375,1117,34.088134765625,29.335720680393912,27,0.823974609375,1090,33.26416015625,0,0.0,0x57F83B3D,0,512,384,0.0,2.0,1.5,0,0x04,0,0,0,1,0,0,0,-1,0,0,,,,,,,,,,,,,,,,,,,,,,
113,1,OPEN_YAW,3.8,119398,3643.73779296875,1146,34.97314453125,28.593368237347295,26,0.79345703125,1119,34.149169921875,1,0.030517578125,0x44510D1A,0,512,384,0.0,2.0,1.5,0,0x04,0,0,0,1,0,0,0,-1,0,0,,,,,,,,,,,,,,,,,,,,,,
114,1,OPEN_YAW,3.8333333333333335,120546,3678.77197265625,1148,35.0341796875,28.54355400696864,27,0.823974609375,1120,34.1796875,1,0.030517578125,0xE47DEAEF,0,512,384,0.0,2.0,1.5,0,0x04,0,0,0,1,0,0,0,-1,0,0,,,,,,,,,,,,,,,,,,,,,,
115,1,OPEN_YAW,3.8666666666666667,121695,3713.836669921875,1149,35.064697265625,28.51871192341166,27,0.823974609375,1122,34.24072265625,0,0.0,0x70470C18,0,512,384,0.0,2.0,1.5,0,0x04,0,0,0,1,0,0,0,-1,0,0,,,,,,,,,,,,,,,,,,,,,,
116,1,OPEN_YAW,3.9,123254,3761.41357421875,1559,47.576904296875,21.018601667735727,26,0.79345703125,1533,46.783447265625,0,0.0,0x6E85EBC5,0,512,384,0.0,2.0,1.5,0,0x04,0,0,0,1,0,0,0,-1,0,0,,,,,,,,,,,,,,,,,,,,,,
117,1,OPEN_YAW,3.933333333333333,124829,3809.478759765625,1575,48.065185546875,20.805079365079365,26,0.79345703125,1548,47.2412109375,1,0.030517578125,0x1F45C49E,0,512,384,0.0,2.0,1.5,0,0x04,0,0,0,1,0,0,0,-1,0,0,,,,,,,,,,,,,,,,,,,,,,
118,1,OPEN_YAW,3.966666666666667,126401,3857.452392578125,1572,47.9736328125,20.844783715012724,27,0.823974609375,1544,47.119140625,1,0.030517578125,0x94A84683,0,512,384,0.0,2.0,1.5,0,0x04,0,0,0,1,0,0,0,-1,0,0,,,,,,,,,,,,,,,,,,,,,,
119,1,OPEN_YAW,4.0,127991,3905.975341796875,1590,48.52294921875,20.60880503144654,27,0.823974609375,1563,47.698974609375,0,0.0,0xD27F4708,0,512,384,0.0,2.0,1.5,0,0x04,0,0,0,1,0,0,0,-1,0,0,,,,,,,,,,,,,,,,,,,,,,
120,1,OPEN_YAW,4.033333333333333,129584,3954.58984375,1593,48.614501953125,20.569993722536097,26,0.79345703125,1567,47.821044921875,0,0.0,0xF0C60EB7,0,512,384,0.0,2.0,1.5,0,0x04,0,0,0,1,0,0,0,-1,0,0,,,,,,,,,,,,,,,,,,,,,,
121,1,OPEN_YAW,4.066666666666666,131158,4002.62451171875,1574,48.03466796875,20.818297331639137,26,0.79345703125,1548,47.2412109375,0,0.0,0x1A9A2DD0,0,512,384,0.0,2.0,1.5,0,0x04,0,0,0,1,0,0,0,-1,0,0,,,,,,,,,,,,,,,,,,,,,,
122,1,OPEN_YAW,4.1,132724,4050.4150390625,1566,47.79052734375,20.924648786717754,27,0.823974609375,1538,46.93603515625,1,0.030517578125,0x45E0B719,0,512,384,0.0,2.0,1.5,0,0x04,0,0,0,1,0,0,0,-1,0,0,,,,,,,,,,,,,,,,,,,,,,
123,1,OPEN_YAW,4.133333333333334,134236,4096.5576171875,1512,46.142578125,21.67195767195767,27,0.823974609375,1485,45.318603515625,0,0.0,0xAED9429C,0,512,384,0.0,2.0,1.5,0,0x04,0,0,0,1,0,0,0,-1,0,0,,,,,,,,,,,,,,,,,,,,,,
124,1,OPEN_YAW,4.166666666666667,135733,4142.242431640625,1497,45.684814453125,21.889111556446228,26,0.79345703125,1470,44.86083984375,1,0.030517578125,0x58A773FF,0,512,384,0.0,2.0,1.5,0,0x04,0,0,0,1,0,0,0,-1,0,0,,,,,,,,,,,,,,,,,,,,,,
125,1,OPEN_YAW,4.2,137366,4192.07763671875,1633,49.835205078125,20.06613594611145,27,0.823974609375,1606,49.01123046875,0,0.0,0x8B3821D2,0,512,384,0.0,2.0,1.5,0,0x04,0,0,0,1,0,0,0,-1,0,0,,,,,,,,,,,,,,,,,,,,,,
126,1,OPEN_YAW,4.233333333333333,138979,4241.302490234375,1613,49.224853515625,20.314941103533787,26,0.79345703125,1587,48.431396484375,0,0.0,0x5E9768D3,0,512,384,0.0,2.0,1.5,0,0x04,0,0,0,1,0,0,0,-1,0,0,,,,,,,,,,,,,,,,,,,,,,
127,1,OPEN_YAW,4.266666666666667,140561,4289.581298828125,1582,48.27880859375,20.713021491782555,26,0.79345703125,1555,47.454833984375,1,0.030517578125,0x9E5629C9,0,512,384,0.0,2.0,1.5,0,0x0C,0,0,0,1,1,0,0,-1,0,0,,,,,,,,,,,,,,,,,,,,,,
128,2,PITCH_SWEEP,4.3,142146,4337.95166015625,1585,48.370361328125,20.673817034700317,28,0.8544921875,1557,47.515869140625,0,0.0,0xEBC50AFB,0,512,384,0.0,2.0,1.5,0,0x04,0,0,0,1,0,0,0,0,1,0,,,,,,,,,,,,,,,,,,,,,,
129,2,PITCH_SWEEP,4.333333333333333,143731,4386.322021484375,1585,48.370361328125,20.673817034700317,27,0.823974609375,1558,47.54638671875,0,0.0,0x99F6DC11,0,512,384,0.0,2.0,1.5,0,0x04,0,0,0,1,0,0,0,0,1,0,,,,,,,,,,,,,,,,,,,,,,
130,2,PITCH_SWEEP,4.366666666666666,145315,4434.661865234375,1584,48.33984375,20.68686868686869,27,0.823974609375,1556,47.4853515625,1,0.030517578125,0xF5262E21,0,512,384,0.0,2.0,1.5,0,0x04,0,0,0,1,0,0,0,0,1,0,,,,,,,,,,,,,,,,,,,,,,
131,2,PITCH_SWEEP,4.4,146912,4483.3984375,1597,48.736572265625,20.5184721352536,28,0.8544921875,1569,47.882080078125,0,0.0,0xB89D05A3,0,512,384,0.0,2.0,1.5,0,0x04,0,0,0,1,0,0,0,0,1,0,,,,,,,,,,,,,,,,,,,,,,
132,2,PITCH_SWEEP,4.433333333333334,148511,4532.196044921875,1599,48.797607421875,20.492808005003127,27,0.823974609375,1572,47.9736328125,0,0.0,0x0366AA7D,0,512,384,0.0,2.0,1.5,0,0x04,0,0,0,1,0,0,0,0,1,0,,,,,,,,,,,,,,,,,,,,,,
133,2,PITCH_SWEEP,4.466666666666667,150116,4581.1767578125,1605,48.980712890625,20.41619937694704,27,0.823974609375,1577,48.126220703125,1,0.030517578125,0xD32DF697,0,512,384,0.0,2.0,1.5,0,0x06,1,1,0,1,0,0,0,0,1,0,48.187255859375,0.06103515625,0.1220703125,19.073486328125,6.40869140625,1.678466796875,5.218505859375,1.678466796875,0.030517578125,13.0615234375,0.8544921875,0,0,0,0,0,0,0,0,0,0,0
134,2,PITCH_SWEEP,4.5,151692,4629.2724609375,1576,48.095703125,20.79187817258883,28,0.8544921875,1547,47.210693359375,1,0.030517578125,0xFD0ED9B9,0,512,384,0.0,2.0,1.5,0,0x04,0,0,0,1,0,0,0,0,1,0,,,,,,,,,,,,,,,,,,,,,,
135,2,PITCH_SWEEP,4.533333333333333,153263,4677.215576171875,1571,47.943115234375,20.858052196053467,28,0.8544921875,1542,47.05810546875,1,0.030517578125,0x384A2F1B,0,512,384,0.0,2.0,1.5,0,0x04,0,0,0,1,0,0,0,0,1,0,,,,,,,,,,,,,,,,,,,,,,
136,2,PITCH_SWEEP,4.566666666666666,154826,4724.91455078125,1563,47.698974609375,20.964811260396672,28,0.8544921875,1534,46.81396484375,1,0.030517578125,0x7DFB7EEB,0,512,384,0.0,2.0,1.5,0,0x04,0,0,0,1,0,0,0,0,1,0,,,,,,,,,,,,,,,,,,,,,,
137,2,PITCH_SWEEP,4.6,156361,4771.759033203125,1535,46.844482421875,21.347231270358307,28,0.8544921875,1507,45.989990234375,0,0.0,0x665540F9,0,512,384,0.0,2.0,1.5,0,0x04,0,0,0,1,0,0,0,0,1,0,,,,,,,,,,,,,,,,,,,,,,
138,2,PITCH_SWEEP,4.633333333333334,157873,4817.901611328125,1512,46.142578125,21.67195767195767,27,0.823974609375,1485,45.318603515625,0,0.0,0x24928A59,0,512,384,0.0,2.0,1.5,0,0x04,0,0,0,1,0,0,0,0,1,0,,,,,,,,,,,,,,,,,,,,,,
139,2,PITCH_SWEEP,4.666666666666667,159382,4863.95263671875,1509,46.051025390625,21.71504307488403,27,0.823974609375,1482,45.22705078125,0,0.0,0xE620FE03,0,512,384,0.0,2.0,1.5,0,0x04,0,0,0,1,0,0,0,0,1,0,,,,,,,,,,,,,,,,,,,,,,
140,2,PITCH_SWEEP,4.7,160865,4909.210205078125,1483,45.257568359375,22.09575185434929,27,0.823974609375,1456,44.43359375,0,0.0,0xF31CD78D,0,512,384,0.0,2.0,1.5,0,0x04,0,0,0,1,0,0,0,0,1,0,,,,,,,,,,,,,,,,,,,,,,
141,2,PITCH_SWEEP,4.733333333333333,162296,4952.880859375,1431,43.670654296875,22.898672257162822,27,0.823974609375,1403,42.816162109375,1,0.030517578125,0xFC73F4CF,0,512,384,0.0,2.0,1.5,0,0x04,0,0,0,1,0,0,0,0,1,0,,,,,,,,,,,,,,,,,,,,,,
142,2,PITCH_SWEEP,4.766666666666667,163711,4996.063232421875,1415,43.182373046875,23.157597173144875,28,0.8544921875,1386,42.29736328125,1,0.030517578125,0x31DBE5A1,0,512,384,0.0,2.0,1.5,0,0x04,0,0,0,1,0,0,0,0,1,0,,,,,,,,,,,,,,,,,,,,,,
143,2,PITCH_SWEEP,4.8,165092,5038.2080078125,1381,42.144775390625,23.72773352643012,28,0.8544921875,1353,41.290283203125,0,0.0,0x637D44ED,0,512,384,0.0,2.0,1.5,0,0x04,0,0,0,1,0,0,0,0,1,0,,,,,,,,,,,,,,,,,,,,,,
144,2,PITCH_SWEEP,4.833333333333333,166447,5079.559326171875,1355,41.351318359375,24.183025830258302,27,0.823974609375,1328,40.52734375,0,0.0,0xDF585765,0,512,384,0.0,2.0,1.5,0,0x04,0,0,0,1,0,0,0,0,1,0,,,,,,,,,,,,,,,,,,,,,,
145,2,PITCH_SWEEP,4.866666666666666,167624,5115.478515625,1177,35.919189453125,27.840271877655056,27,0.823974609375,1149,35.064697265625,1,0.030517578125,0xC6349AE7,0,512,384,0.0,2.0,1.5,0,0x04,0,0,0,1,0,0,0,0,1,0,,,,,,,,,,,,,,,,,,,,,,
146,2,PITCH_SWEEP,4.9,168733,5149.322509765625,1109,33.843994140625,29.547339945897203,28,0.8544921875,1081,32.989501953125,0,0.0,0xF7C74FC9,0,512,384,0.0,2.0,1.5,0,0x04,0,0,0,1,0,0,0,0,1,0,,,,,,,,,,,,,,,,,,,,,,
147,2,PITCH_SWEEP,4.933333333333334,169839,5183.074951171875,1106,33.75244140625,29.62748643761302,27,0.823974609375,1079,32.928466796875,0,0.0,0xD205864D,0,512,384,0.0,2.0,1.5,0,0x04,0,0,0,1,0,0,0,0,1,0,,,,,,,,,,,,,,,,,,,,,,
148,2,PITCH_SWEEP,4.966666666666667,170939,5216.644287109375,1100,33.5693359375,29.78909090909091,27,0.823974609375,1073,32.745361328125,0,0.0,0x5776983D,0,512,384,0.0,2.0,1.5,0,0x04,0,0,0,1,0,0,0,0,1,0,,,,,,,,,,,,,,,,,,,,,,
149,2,PITCH_SWEEP,5.0,172035,5250.091552734375,1096,33.447265625,29.8978102189781,27,0.823974609375,1069,32.623291015625,0,0.0,0x3C8645B7,0,512,384,0.0,2.0,1.5,0,0x04,0,0,0,1,0,0,0,0,1,0,,,,,,,,,,,,,,,,,,,,,,
150,2,PITCH_SWEEP,5.033333333333333,173092,5282.3486328125,1057,32.257080078125,31.000946073793756,27,0.823974609375,1030,31.43310546875,0,0.0,0xE8184D3B,0,512,384,0.0,2.0,1.5,0,0x04,0,0,0,1,0,0,0,0,1,0,,,,,,,,,,,,,,,,,,,,,,
151,2,PITCH_SWEEP,5.066666666666666,174149,5314.605712890625,1057,32.257080078125,31.000946073793756,27,0.823974609375,1030,31.43310546875,0,0.0,0x92BE7535,0,512,384,0.0,2.0,1.5,0,0x04,0,0,0,1,0,0,0,0,1,0,,,,,,,,,,,,,,,,,,,,,,
152,2,PITCH_SWEEP,5.1,175208,5346.923828125,1059,32.318115234375,30.9423984891407,27,0.823974609375,1031,31.463623046875,1,0.030517578125,0xE8184D3B,0,512,384,0.0,2.0,1.5,0,0x04,0,0,0,1,0,0,0,0,-1,0,,,,,,,,,,,,,,,,,,,,,,
153,2,PITCH_SWEEP,5.133333333333334,176305,5380.401611328125,1097,33.477783203125,29.870556061987237,27,0.823974609375,1070,32.65380859375,0,0.0,0x3C8645B7,0,512,384,0.0,2.0,1.5,0,0x04,0,0,0,1,0,0,0,0,-1,0,,,,,,,,,,,,,,,,,,,,,,
154,2,PITCH_SWEEP,5.166666666666667,177407,5414.031982421875,1102,33.63037109375,29.73502722323049,27,0.823974609375,1074,32.77587890625,1,0.030517578125,0x5776983D,0,512,384,0.0,2.0,1.5,0,0x04,0,0,0,1,0,0,0,0,-1,0,,,,,,,,,,,,,,,,,,,,,,
155,2,PITCH_SWEEP,5.2,178515,5447.845458984375,1108,33.8134765625,29.574007220216608,28,0.8544921875,1079,32.928466796875,1,0.030517578125,0xD205864D,0,512,384,0.0,2.0,1.5,0,0x04,0,0,0,1,0,0,0,0,-1,0,,,,,,,,,,,,,,,,,,,,,,
156,2,PITCH_SWEEP,5.233333333333333,179623,5481.658935546875,1108,33.8134765625,29.574007220216608,28,0.8544921875,1080,32.958984375,0,0.0,0xF7C74FC9,0,512,384,0.0,2.0,1.5,0,0x04,0,0,0,1,0,0,0,0,-1,0,,,,,,,,,,,,,,,,,,,,,,
157,2,PITCH_SWEEP,5.266666666666667,180798,5517.51708984375,1175,35.858154296875,27.887659574468085,27,0.823974609375,1148,35.0341796875,0,0.0,0xC6349AE7,0,512,384,0.0,2.0,1.5,0,0x04,0,0,0,1,0,0,0,0,-1,0,,,,,,,,,,,,,,,,,,,,,,
158,2,PITCH_SWEEP,5.3,182155,5558.929443359375,1357,41.412353515625,24.14738393515107,27,0.823974609375,1329,40.557861328125,1,0.030517578125,0xDF585765,0,512,384,0.0,2.0,1.5,0,0x04,0,0,0,1,0,0,0,0,-1,0,,,,,,,,,,,,,,,,,,,,,,
159,2,PITCH_SWEEP,5.333333333333333,183537,5601.104736328125,1382,42.17529296875,23.710564399421127,27,0.823974609375,1354,41.32080078125,1,0.030517578125,0x637D44ED,0,512,384,0.0,2.0,1.5,0,0x04,0,0,0,1,0,0,0,0,-1,0,,,,,,,,,,,,,,,,,,,,,,
160,2,PITCH_SWEEP,5.366666666666666,184952,5644.287109375,1415,43.182373046875,23.157597173144875,28,0.8544921875,1386,42.29736328125,1,0.030517578125,0x31DBE5A1,0,512,384,0.0,2.0,1.5,0,0x04,0,0,0,1,0,0,0,0,-1,0,,,,,,,,,,,,,,,,,,,,,,
161,2,PITCH_SWEEP,5.4,186382,5687.92724609375,1430,43.64013671875,22.914685314685315,28,0.8544921875,1402,42.78564453125,0,0.0,0xFC73F4CF,0,512,384,0.0,2.0,1.5,0,0x04,0,0,0,1,0,0,0,0,-1,0,,,,,,,,,,,,,,,,,,,,,,
162,2,PITCH_SWEEP,5.433333333333334,187847,5732.635498046875,1465,44.708251953125,22.367235494880546,27,0.823974609375,1437,43.853759765625,1,0.030517578125,0xF31CD78D,0,512,384,0.0,2.0,1.5,0,0x04,0,0,0,1,0,0,0,0,-1,0,,,,,,,,,,,,,,,,,,,,,,
163,2,PITCH_SWEEP,5.466666666666667,189344,5778.3203125,1497,45.684814453125,21.889111556446228,28,0.8544921875,1469,44.830322265625,0,0.0,0xE620FE03,0,512,384,0.0,2.0,1.5,0,0x04,0,0,0,1,0,0,0,0,-1,0,,,,,,,,,,,,,,,,,,,,,,
164,2,PITCH_SWEEP,5.5,190832,5823.73046875,1488,45.41015625,22.021505376344088,27,0.823974609375,1461,44.586181640625,0,0.0,0x24928A59,0,512,384,0.0,2.0,1.5,0,0x04,0,0,0,1,0,0,0,0,-1,0,,,,,,,,,,,,,,,,,,,,,,
165,2,PITCH_SWEEP,5.533333333333333,192366,5870.54443359375,1534,46.81396484375,21.36114732724902,27,0.823974609375,1507,45.989990234375,0,0.0,0x665540F9,0,512,384,0.0,2.0,1.5,0,0x04,0,0,0,1,0,0,0,0,-1,0,,,,,,,,,,,,,,,,,,,,,,
166,2,PITCH_SWEEP,5.566666666666666,193928,5918.212890625,1562,47.66845703125,20.978233034571062,27,0.823974609375,1534,46.81396484375,1,0.030517578125,0x7DFB7EEB,0,512,384,0.0,2.0,1.5,0,0x04,0,0,0,1,0,0,0,0,-1,0,,,,,,,,,,,,,,,,,,,,,,
167,2,PITCH_SWEEP,5.6,195497,5966.094970703125,1569,47.882080078125,20.88463989802422,28,0.8544921875,1541,47.027587890625,0,0.0,0x384A2F1B,0,512,384,0.0,2.0,1.5,0,0x04,0,0,0,1,0,0,0,0,-1,0,,,,,,,,,,,,,,,,,,,,,,
168,2,PITCH_SWEEP,5.633333333333334,197070,6014.09912109375,1573,48.004150390625,20.831532104259377,27,0.823974609375,1546,47.18017578125,0,0.0,0xFD0ED9B9,0,512,384,0.0,2.0,1.5,0,0x04,0,0,0,1,0,0,0,0,-1,0,,,,,,,,,,,,,,,,,,,,,,
169,2,PITCH_SWEEP,5.666666666666667,198674,6063.04931640625,1604,48.9501953125,20.428927680798004,27,0.823974609375,1577,48.126220703125,0,0.0,0xD32DF697,0,512,384,0.0,2.0,1.5,0,0x04,0,0,0,1,0,0,0,0,-1,0,,,,,,,,,,,,,,,,,,,,,,
170,2,PITCH_SWEEP,5.7,200273,6111.846923828125,1599,48.797607421875,20.492808005003127,27,0.823974609375,1572,47.9736328125,0,0.0,0x0366AA7D,0,512,384,0.0,2.0,1.5,0,0x04,0,0,0,1,0,0,0,0,-1,0,,,,,,,,,,,,,,,,,,,,,,
171,2,PITCH_SWEEP,5.733333333333333,201869,6160.552978515625,1596,48.7060546875,20.531328320802004,27,0.823974609375,1569,47.882080078125,0,0.0,0xB89D05A3,0,512,384,0.0,2.0,1.5,0,0x04,0,0,0,1,0,0,0,0,-1,0,,,,,,,,,,,,,,,,,,,,,,
172,2,PITCH_SWEEP,5.766666666666667,203453,6208.892822265625,1584,48.33984375,20.68686868686869,27,0.823974609375,1556,47.4853515625,1,0.030517578125,0xF5262E21,0,512,384,0.0,2.0,1.5,0,0x04,0,0,0,1,0,0,0,0,-1,0,,,,,,,,,,,,,,,,,,,,,,
173,2,PITCH_SWEEP,5.8,205040,6257.32421875,1587,48.431396484375,20.647763074984248,27,0.823974609375,1559,47.576904296875,1,0.030517578125,0x99F6DC11,0,512,384,0.0,2.0,1.5,0,0x04,0,0,0,1,0,0,0,0,-1,0,,,,,,,,,,,,,,,,,,,,,,
174,2,PITCH_SWEEP,5.833333333333333,206626,6305.72509765625,1586,48.40087890625,20.66078184110971,28,0.8544921875,1557,47.515869140625,1,0.030517578125,0xEBC50AFB,0,512,384,0.0,2.0,1.5,0,0x04,0,0,0,1,0,0,0,0,-1,0,,,,,,,,,,,,,,,,,,,,,,
175,2,PITCH_SWEEP,5.866666666666666,208209,6354.034423828125,1583,48.309326171875,20.699936828806063,28,0.8544921875,1554,47.42431640625,1,0.030517578125,0x9E5629C9,0,512,384,0.0,2.0,1.5,0,0x04,0,0,0,1,0,0,0,0,-1,0,,,,,,,,,,,,,,,,,,,,,,
176,2,PITCH_SWEEP,5.9,209801,6402.618408203125,1592,48.583984375,20.582914572864322,28,0.8544921875,1564,47.7294921875,0,0.0,0x70322F27,0,512,384,0.0,2.0,1.5,0,0x04,0,0,0,1,0,0,0,0,-1,0,,,,,,,,,,,,,,,,,,,,,,
177,2,PITCH_SWEEP,5.933333333333334,211391,6451.141357421875,1590,48.52294921875,20.60880503144654,27,0.823974609375,1562,47.66845703125,1,0.030517578125,0x390641B9,0,512,384,0.0,2.0,1.5,0,0x04,0,0,0,1,0,0,0,0,-1,0,,,,,,,,,,,,,,,,,,,,,,
178,2,PITCH_SWEEP,5.966666666666667,212954,6498.84033203125,1563,47.698974609375,20.964811260396672,28,0.8544921875,1535,46.844482421875,0,0.0,0xC1D27A09,0,512,384,0.0,2.0,1.5,0,0x04,0,0,0,1,0,0,0,0,-1,0,,,,,,,,,,,,,,,,,,,,,,
179,2,PITCH_SWEEP,6.0,214511,6546.356201171875,1557,47.515869140625,21.045600513808605,27,0.823974609375,1530,46.69189453125,0,0.0,0xDBF98667,0,512,384,0.0,2.0,1.5,0,0x04,0,0,0,1,0,0,0,0,-1,0,,,,,,,,,,,,,,,,,,,,,,
180,2,PITCH_SWEEP,6.033333333333333,216044,6593.1396484375,1533,46.783447265625,21.3750815394651,27,0.823974609375,1505,45.928955078125,1,0.030517578125,0x776F84F5,0,512,384,0.0,2.0,1.5,0,0x04,0,0,0,1,0,0,0,0,-1,0,,,,,,,,,,,,,,,,,,,,,,
181,2,PITCH_SWEEP,6.066666666666666,217551,6639.129638671875,1507,45.989990234375,21.74386197743862,28,0.8544921875,1478,45.10498046875,1,0.030517578125,0x9C5D3DAB,0,512,384,0.0,2.0,1.5,0,0x04,0,0,0,1,0,0,0,0,-1,0,,,,,,,,,,,,,,,,,,,,,,
182,2,PITCH_SWEEP,6.1,219033,6684.356689453125,1482,45.22705078125,22.110661268556004,28,0.8544921875,1453,44.342041015625,1,0.030517578125,0xF3A6ABD1,0,512,384,0.0,2.0,1.5,0,0x04,0,0,0,1,0,0,0,0,-1,0,,,,,,,,,,,,,,,,,,,,,,
183,2,PITCH_SWEEP,6.133333333333334,220487,6728.729248046875,1454,44.37255859375,22.536451169188446,28,0.8544921875,1426,43.51806640625,0,0.0,0x979B296F,0,512,384,0.0,2.0,1.5,0,0x04,0,0,0,1,0,0,0,0,-1,0,,,,,,,,,,,,,,,,,,,,,,
184,2,PITCH_SWEEP,6.166666666666667,221903,6771.942138671875,1416,43.212890625,23.141242937853107,27,0.823974609375,1388,42.3583984375,1,0.030517578125,0x0CFC7757,0,512,384,0.0,2.0,1.5,0,0x04,0,0,0,1,0,0,0,0,-1,0,,,,,,,,,,,,,,,,,,,,,,
185,2,PITCH_SWEEP,6.2,223286,6814.14794921875,1383,42.205810546875,23.69342010122921,28,0.8544921875,1354,41.32080078125,1,0.030517578125,0x917C6B41,0,512,384,0.0,2.0,1.5,0,0x04,0,0,0,1,0,0,0,0,-1,0,,,,,,,,,,,,,,,,,,,,,,
186,2,PITCH_SWEEP,6.233333333333333,224639,6855.438232421875,1353,41.290283203125,24.218773096821877,28,0.8544921875,1325,40.435791015625,0,0.0,0x556C25D5,0,512,384,0.0,2.0,1.5,0,0x04,0,0,0,1,0,0,0,0,-1,0,,,,,,,,,,,,,,,,,,,,,,
187,2,PITCH_SWEEP,6.266666666666667,225959,6895.721435546875,1320,40.283203125,24.824242424242424,27,0.823974609375,1293,39.459228515625,0,0.0,0x1E07FA07,0,512,384,0.0,2.0,1.5,0,0x04,0,0,0,1,0,0,0,0,-1,0,,,,,,,,,,,,,,,,,,,,,,
188,2,PITCH_SWEEP,6.3,227105,6930.694580078125,1146,34.97314453125,28.593368237347295,27,0.823974609375,1118,34.11865234375,1,0.030517578125,0x9BACD179,0,512,384,0.0,2.0,1.5,0,0x04,0,0,0,1,0,0,0,0,-1,0,,,,,,,,,,,,,,,,,,,,,,
189,2,PITCH_SWEEP,6.333333333333333,228246,6965.51513671875,1141,34.820556640625,28.718667835232253,28,0.8544921875,1113,33.966064453125,0,0.0,0x41E71BC3,0,512,384,0.0,2.0,1.5,0,0x04,0,0,0,1,0,0,0,0,-1,0,,,,,,,,,,,,,,,,,,,,,,
190,2,PITCH_SWEEP,6.366666666666666,229325,6998.443603515625,1079,32.928466796875,30.368860055607044,27,0.823974609375,1051,32.073974609375,1,0.030517578125,0xACF00F3D,0,512,384,0.0,2.0,1.5,0,0x04,0,0,0,1,0,0,0,0,-1,0,,,,,,,,,,,,,,,,,,,,,,
191,2,PITCH_SWEEP,6.4,230368,7030.2734375,1043,31.829833984375,31.417066155321187,28,0.8544921875,1015,30.975341796875,0,0.0,0x32DB7BBD,0,512,384,0.0,2.0,1.5,0,0x04,0,0,0,1,0,0,0,0,-1,0,,,,,,,,,,,,,,,,,,,,,,
192,2,PITCH_SWEEP,6.433333333333334,231410,7062.07275390625,1042,31.79931640625,31.44721689059501,27,0.823974609375,1015,30.975341796875,0,0.0,0xB63D0AED,0,512,384,0.0,2.0,1.5,0,0x04,0,0,0,1,0,0,0,0,-1,0,,,,,,,,,,,,,,,,,,,,,,
193,2,PITCH_SWEEP,6.466666666666667,232454,7093.93310546875,1044,31.8603515625,31.386973180076627,27,0.823974609375,1016,31.005859375,1,0.030517578125,0x1DBE7CEB,0,512,384,0.0,2.0,1.5,0,0x04,0,0,0,1,0,0,0,0,-1,0,,,,,,,,,,,,,,,,,,,,,,
194,2,PITCH_SWEEP,6.5,233498,7125.79345703125,1044,31.8603515625,31.386973180076627,28,0.8544921875,1016,31.005859375,0,0.0,0x955E2471,0,512,384,0.0,2.0,1.5,0,0x04,0,0,0,1,0,0,0,0,-1,0,,,,,,,,,,,,,,,,,,,,,,
195,2,PITCH_SWEEP,6.533333333333333,234560,7158.203125,1062,32.40966796875,30.854990583804142,28,0.8544921875,1034,31.55517578125,0,0.0,0x6151133D,0,512,384,0.0,2.0,1.5,0,0x04,0,0,0,1,0,0,0,0,-1,0,,,,,,,,,,,,,,,,,,,,,,
196,2,PITCH_SWEEP,6.566666666666666,235623,7190.643310546875,1063,32.440185546875,30.825964252116652,27,0.823974609375,1035,31.585693359375,1,0.030517578125,0x900FB321,0,512,384,0.0,2.0,1.5,0,0x04,0,0,0,1,0,0,0,0,-1,0,,,,,,,,,,,,,,,,,,,,,,
197,2,PITCH_SWEEP,6.6,236495,7217.254638671875,872,26.611328125,37.57798165137615,28,0.8544921875,844,25.7568359375,0,0.0,0xC01F6EEB,0,512,384,0.0,2.0,1.5,0,0x04,0,0,0,1,0,0,0,0,-1,0,,,,,,,,,,,,,,,,,,,,,,
198,2,PITCH_SWEEP,6.633333333333334,237367,7243.865966796875,872,26.611328125,37.57798165137615,27,0.823974609375,844,25.7568359375,1,0.030517578125,0x984FEC5B,0,512,384,0.0,2.0,1.5,0,0x04,0,0,0,1,0,0,0,0,-1,0,,,,,,,,,,,,,,,,,,,,,,
199,2,PITCH_SWEEP,6.666666666666667,238219,7269.866943359375,852,26.0009765625,38.460093896713616,27,0.823974609375,825,25.177001953125,0,0.0,0x0C713E95,0,512,384,0.0,2.0,1.5,0,0x04,0,0,0,1,0,0,0,0,-1,0,,,,,,,,,,,,,,,,,,,,,,
200,2,PITCH_SWEEP,6.7,239091,7296.478271484375,872,26.611328125,37.57798165137615,27,0.823974609375,844,25.7568359375,1,0.030517578125,0x984FEC5B,0,512,384,0.0,2.0,1.5,0,0x04,0,0,0,1,0,0,0,0,1,0,,,,,,,,,,,,,,,,,,,,,,
201,2,PITCH_SWEEP,6.733333333333333,239962,7323.05908203125,871,26.580810546875,37.621125143513204,28,0.8544921875,843,25.726318359375,0,0.0,0xC01F6EEB,0,512,384,0.0,2.0,1.5,0,0x04,0,0,0,1,0,0,0,0,1,0,,,,,,,,,,,,,,,,,,,,,,
202,2,PITCH_SWEEP,6.766666666666667,241025,7355.499267578125,1063,32.440185546875,30.825964252116652,27,0.823974609375,1035,31.585693359375,1,0.030517578125,0x900FB321,0,512,384,0.0,2.0,1.5,0,0x04,0,0,0,1,0,0,0,0,1,0,,,,,,,,,,,,,,,,,,,,,,
203,2,PITCH_SWEEP,6.8,242089,7387.969970703125,1064,32.470703125,30.796992481203006,28,0.8544921875,1035,31.585693359375,1,0.030517578125,0x6151133D,0,512,384,0.0,2.0,1.5,0,0x04,0,0,0,1,0,0,0,0,1,0,,,,,,,,,,,,,,,,,,,,,,
204,2,PITCH_SWEEP,6.833333333333333,243132,7419.7998046875,1043,31.829833984375,31.417066155321187,28,0.8544921875,1015,30.975341796875,0,0.0,0x955E2471,0,512,384,0.0,2.0,1.5,0,0x04,0,0,0,1,0,0,0,0,1,0,,,,,,,,,,,,,,,,,,,,,,
205,2,PITCH_SWEEP,6.866666666666666,244176,7451.66015625,1044,31.8603515625,31.386973180076627,27,0.823974609375,1016,31.005859375,1,0.030517578125,0x1DBE7CEB,0,512,384,0.0,2.0,1.5,0,0x04,0,0,0,1,0,0,0,0,1,0,,,,,,,,,,,,,,,,,,,,,,
206,2,PITCH_SWEEP,6.9,245220,7483.5205078125,1044,31.8603515625,31.386973180076627,27,0.823974609375,1016,31.005859375,1,0.030517578125,0xB63D0AED,0,512,384,0.0,2.0,1.5,0,0x04,0,0,0,1,0,0,0,0,1,0,,,,,,,,,,,,,,,,,,,,,,
207,2,PITCH_SWEEP,6.933333333333334,246263,7515.350341796875,1043,31.829833984375,31.417066155321187,28,0.8544921875,1015,30.975341796875,0,0.0,0x32DB7BBD,0,512,384,0.0,2.0,1.5,0,0x04,0,0,0,1,0,0,0,0,1,0,,,,,,,,,,,,,,,,,,,,,,
208,2,PITCH_SWEEP,6.966666666666667,247342,7548.27880859375,1079,32.928466796875,30.368860055607044,27,0.823974609375,1051,32.073974609375,1,0.030517578125,0xACF00F3D,0,512,384,0.0,2.0,1.5,0,0x04,0,0,0,1,0,0,0,0,1,0,,,,,,,,,,,,,,,,,,,,,,
209,2,PITCH_SWEEP,7.0,248484,7583.1298828125,1142,34.85107421875,28.69352014010508,28,0.8544921875,1114,33.99658203125,0,0.0,0x41E71BC3,0,512,384,0.0,2.0,1.5,0,0x04,0,0,0,1,0,0,0,0,1,0,,,,,,,,,,,,,,,,,,,,,,
210,2,PITCH_SWEEP,7.033333333333333,249630,7618.10302734375,1146,34.97314453125,28.593368237347295,27,0.823974609375,1118,34.11865234375,1,0.030517578125,0x9BACD179,0,512,384,0.0,2.0,1.5,0,0x04,0,0,0,1,0,0,0,0,1,0,,,,,,,,,,,,,,,,,,,,,,
211,2,PITCH_SWEEP,7.066666666666666,250952,7658.447265625,1322,40.34423828125,24.786686838124055,28,0.8544921875,1293,39.459228515625,1,0.030517578125,0x1E07FA07,0,512,384,0.0,2.0,1.5,0,0x04,0,0,0,1,0,0,0,0,1,0,,,,,,,,,,,,,,,,,,,,,,
212,2,PITCH_SWEEP,7.1,252305,7699.737548828125,1353,41.290283203125,24.218773096821877,28,0.8544921875,1325,40.435791015625,0,0.0,0x556C25D5,0,512,384,0.0,2.0,1.5,0,0x04,0,0,0,1,0,0,0,0,1,0,,,,,,,,,,,,,,,,,,,,,,
213,2,PITCH_SWEEP,7.133333333333334,253685,7741.851806640625,1380,42.1142578125,23.744927536231884,27,0.823974609375,1353,41.290283203125,0,0.0,0x917C6B41,0,512,384,0.0,2.0,1.5,0,0x04,0,0,0,1,0,0,0,0,1,0,,,,,,,,,,,,,,,,,,,,,,
214,2,PITCH_SWEEP,7.166666666666667,255101,7785.064697265625,1416,43.212890625,23.141242937853107,27,0.823974609375,1388,42.3583984375,1,0.030517578125,0x0CFC7757,0,512,384,0.0,2.0,1.5,0,0x04,0,0,0,1,0,0,0,0,1,0,,,,,,,,,,,,,,,,,,,,,,
215,2,PITCH_SWEEP,7.2,256537,7828.887939453125,1436,43.8232421875,22.818941504178273,28,0.8544921875,1408,42.96875,0,0.0,0x979B296F,0,512,384,0.0,2.0,1.5,0,0x04,0,0,0,1,0,0,0,0,1,0,,,,,,,,,,,,,,,,,,,,,,
216,2,PITCH_SWEEP,7.233333333333333,257999,7873.504638671875,1462,44.61669921875,22.41313269493844,27,0.823974609375,1435,43.792724609375,0,0.0,0xF3A6ABD1,0,512,384,0.0,2.0,1.5,0,0x04,0,0,0,1,0,0,0,0,1,0,,,,,,,,,,,,,,,,,,,,,,
217,2,PITCH_SWEEP,7.266666666666667,259482,7918.76220703125,1483,45.257568359375,22.09575185434929,27,0.823974609375,1456,44.43359375,0,0.0,0x9C5D3DAB,0,512,384,0.0,2.0,1.5,0,0x04,0,0,0,1,0,0,0,0,1,0,,,,,,,,,,,,,,,,,,,,,,
218,2,PITCH_SWEEP,7.3,261015,7965.545654296875,1533,46.783447265625,21.3750815394651,27,0.823974609375,1505,45.928955078125,1,0.030517578125,0x776F84F5,0,512,384,0.0,2.0,1.5,0,0x04,0,0,0,1,0,0,0,0,1,0,,,,,,,,,,,,,,,,,,,,,,
219,2,PITCH_SWEEP,7.333333333333333,262575,8013.153076171875,1560,47.607421875,21.005128205128205,28,0.8544921875,1531,46.722412109375,1,0.030517578125,0xDBF98667,0,512,384,0.0,2.0,1.5,0,0x04,0,0,0,1,0,0,0,0,1,0,,,,,,,,,,,,,,,,,,,,,,
220,2,PITCH_SWEEP,7.366666666666666,264138,8060.85205078125,1563,47.698974609375,20.964811260396672,28,0.8544921875,1535,46.844482421875,0,0.0,0xC1D27A09,0,512,384,0.0,2.0,1.5,0,0x04,0,0,0,1,0,0,0,0,1,0,,,,,,,,,,,,,,,,,,,,,,
221,2,PITCH_SWEEP,7.4,265728,8109.375,1590,48.52294921875,20.60880503144654,27,0.823974609375,1562,47.66845703125,1,0.030517578125,0x390641B9,0,512,384,0.0,2.0,1.5,0,0x04,0,0,0,1,0,0,0,0,1,0,,,,,,,,,,,,,,,,,,,,,,
222,2,PITCH_SWEEP,7.433333333333334,267320,8157.958984375,1592,48.583984375,20.582914572864322,28,0.8544921875,1564,47.7294921875,0,0.0,0x70322F27,0,512,384,0.0,2.0,1.5,0,0x04,0,0,0,1,0,0,0,0,1,0,,,,,,,,,,,,,,,,,,,,,,
223,2,PITCH_SWEEP,7.466666666666667,268901,8206.207275390625,1581,48.248291015625,20.726122707147375,27,0.823974609375,1554,47.42431640625,0,0.0,0x9E5629C9,0,512,384,0.0,2.0,1.5,0,0x0C,0,0,0,1,1,0,0,0,1,0,,,,,,,,,,,,,,,,,,,,,,
224,3,PORTAL_FAR,7.5,270488,8254.638671875,1587,48.431396484375,20.647763074984248,19,0.579833984375,1568,47.8515625,0,0.0,0x8A2F81AC,0,533,384,0.0,2.08203125,1.5,0,0x04,0,0,0,1,0,0,1,0,0,0,,,,,,,,,,,,,,,,,,,,,,
225,3,PORTAL_FAR,7.533333333333333,272074,8303.03955078125,1586,48.40087890625,20.66078184110971,19,0.579833984375,1567,47.821044921875,0,0.0,0xE25D7961,0,554,384,0.0,2.1640625,1.5,0,0x04,0,0,0,1,0,0,1,0,0,0,,,,,,,,,,,,,,,,,,,,,,
226,3,PORTAL_FAR,7.566666666666666,273661,8351.470947265625,1587,48.431396484375,20.647763074984248,19,0.579833984375,1568,47.8515625,0,0.0,0x21F6AB56,0,575,384,0.0,2.24609375,1.5,0,0x04,0,0,0,1,0,0,1,0,0,0,,,,,,,,,,,,,,,,,,,,,,
227,3,PORTAL_FAR,7.6,275249,8399.932861328125,1588,48.4619140625,20.634760705289672,19,0.579833984375,1568,47.8515625,1,0.030517578125,0xDF40AB83,0,596,384,0.0,2.328125,1.5,0,0x04,0,0,0,1,0,0,1,0,0,0,,,,,,,,,,,,,,,,,,,,,,
228,3,PORTAL_FAR,7.633333333333334,276838,8448.42529296875,1589,48.492431640625,20.621774701069857,20,0.6103515625,1568,47.8515625,1,0.030517578125,0xC8B687A0,0,617,384,0.0,2.41015625,1.5,0,0x04,0,0,0,1,0,0,1,0,0,0,,,,,,,,,,,,,,,,,,,,,,
229,3,PORTAL_FAR,7.666666666666667,278426,8496.88720703125,1588,48.4619140625,20.634760705289672,20,0.6103515625,1568,47.8515625,0,0.0,0x21711EA5,0,638,384,0.0,2.4921875,1.5,0,0x04,0,0,0,1,0,0,1,0,0,0,,,,,,,,,,,,,,,,,,,,,,
230,3,PORTAL_FAR,7.7,280021,8545.562744140625,1595,48.675537109375,20.54420062695925,19,0.579833984375,1576,48.095703125,0,0.0,0xEF2709EA,0,659,384,0.0,2.57421875,1.5,0,0x04,0,0,0,1,0,0,1,0,0,0,,,,,,,,,,,,,,,,,,,,,,
231,3,PORTAL_FAR,7.733333333333333,281619,8594.329833984375,1598,48.76708984375,20.505632040050063,19,0.579833984375,1579,48.187255859375,0,0.0,0xA681AE77,0,680,384,0.0,2.65625,1.5,0,0x04,0,0,0,1,0,0,1,0,0,0,,,,,,,,,,,,,,,,,,,,,,
232,3,PORTAL_FAR,7.766666666666667,283218,8643.12744140625,1599,48.797607421875,20.492808005003127,19,0.579833984375,1579,48.187255859375,1,0.030517578125,0xC1415BE4,0,701,384,0.0,2.73828125,1.5,0,0x04,0,0,0,1,0,0,1,0,0,0,,,,,,,,,,,,,,,,,,,,,,
233,3,PORTAL_FAR,7.8,284817,8691.925048828125,1599,48.797607421875,20.492808005003127,20,0.6103515625,1579,48.187255859375,0,0.0,0x15562539,0,722,384,0.0,2.8203125,1.5,0,0x04,0,0,0,1,0,0,1,0,0,0,,,,,,,,,,,,,,,,,,,,,,
234,3,PORTAL_FAR,7.833333333333333,286416,8740.72265625,1599,48.797607421875,20.492808005003127,19,0.579833984375,1580,48.2177734375,0,0.0,0x2E3AAF2E,0,743,384,0.0,2.90234375,1.5,0,0x04,0,0,0,1,0,0,1,0,0,0,,,,,,,,,,,,,,,,,,,,,,
235,3,PORTAL_FAR,7.866666666666666,288016,8789.55078125,1600,48.828125,20.48,19,0.579833984375,1580,48.2177734375,1,0.030517578125,0x6A11B2BB,0,764,384,0.0,2.984375,1.5,0,0x04,0,0,0,1,0,0,1,0,0,0,,,,,,,,,,,,,,,,,,,,,,
236,3,PORTAL_FAR,7.9,289645,8839.263916015625,1629,49.713134765625,20.115408225905462,20,0.6103515625,1609,49.102783203125,0,0.0,0x98AF8E0D,0,785,384,0.0,3.06640625,1.5,0,0x04,0,0,0,1,0,0,1,0,0,0,,,,,,,,,,,,,,,,,,,,,,
237,3,PORTAL_FAR,7.933333333333334,291273,8888.946533203125,1628,49.6826171875,20.127764127764127,19,0.579833984375,1609,49.102783203125,0,0.0,0x3C798CE8,0,806,384,0.0,3.1484375,1.5,0,0x04,0,0,0,1,0,0,1,0,0,0,,,,,,,,,,,,,,,,,,,,,,
238,3,PORTAL_FAR,7.966666666666667,292902,8938.65966796875,1629,49.713134765625,20.115408225905462,19,0.579833984375,1610,49.13330078125,0,0.0,0xE5941D8F,0,827,384,0.0,3.23046875,1.5,0,0x04,0,0,0,1,0,0,1,0,0,0,,,,,,,,,,,,,,,,,,,,,,
239,3,PORTAL_FAR,8.0,294531,8988.372802734375,1629,49.713134765625,20.115408225905462,19,0.579833984375,1610,49.13330078125,0,0.0,0xB6B9C662,0,848,384,0.0,3.3125,1.5,0,0x04,0,0,0,1,0,0,1,0,0,0,,,,,,,,,,,,,,,,,,,,,,
240,3,PORTAL_FAR,8.033333333333333,296161,9038.116455078125,1630,49.74365234375,20.103067484662578,19,0.579833984375,1611,49.163818359375,0,0.0,0xD8E4F351,0,869,384,0.0,3.39453125,1.5,0,0x04,0,0,0,1,0,0,1,0,0,0,,,,,,,,,,,,,,,,,,,,,,
241,3,PORTAL_FAR,8.066666666666666,297800,9088.134765625,1639,50.018310546875,19.99267846247712,19,0.579833984375,1620,49.4384765625,0,0.0,0x6E5527DC,0,890,384,0.0,3.4765625,1.5,0,0x04,0,0,0,1,0,0,1,0,0,0,,,,,,,,,,,,,,,,,,,,,,
242,3,PORTAL_FAR,8.1,299439,9138.153076171875,1639,50.018310546875,19.99267846247712,19,0.579833984375,1620,49.4384765625,0,0.0,0x41C83353,0,911,384,0.0,3.55859375,1.5,0,0x04,0,0,0,1,0,0,1,0,0,0,,,,,,,,,,,,,,,,,,,,,,
243,3,PORTAL_FAR,8.133333333333333,301078,9188.17138671875,1639,50.018310546875,19.99267846247712,19,0.579833984375,1620,49.4384765625,0,0.0,0xF40E8226,0,932,384,0.0,3.640625,1.5,0,0x04,0,0,0,1,0,0,1,0,0,0,,,,,,,,,,,,,,,,,,,,,,
244,3,PORTAL_FAR,8.166666666666666,302717,9238.189697265625,1639,50.018310546875,19.99267846247712,19,0.579833984375,1620,49.4384765625,0,0.0,0x48B41C45,0,953,384,0.0,3.72265625,1.5,0,0x04,0,0,0,1,0,0,1,0,0,0,,,,,,,,,,,,,,,,,,,,,,
245,3,PORTAL_FAR,8.2,304346,9287.90283203125,1629,49.713134765625,20.115408225905462,19,0.579833984375,1610,49.13330078125,0,0.0,0xD734A8A0,0,974,384,0.0,3.8046875,1.5,0,0x04,0,0,0,1,0,0,1,0,0,0,,,,,,,,,,,,,,,,,,,,,,
246,3,PORTAL_FAR,8.233333333333333,305975,9337.615966796875,1629,49.713134765625,20.115408225905462,19,0.579833984375,1609,49.102783203125,1,0.030517578125,0xCA13AD67,0,995,384,0.0,3.88671875,1.5,0,0x04,0,0,0,1,0,0,1,0,0,0,,,,,,,,,,,,,,,,,,,,,,
247,3,PORTAL_FAR,8.266666666666667,307603,9387.298583984375,1628,49.6826171875,20.127764127764127,19,0.579833984375,1609,49.102783203125,0,0.0,0x67B1739A,0,1016,384,0.0,3.96875,1.5,0,0x04,0,0,0,1,0,0,1,0,0,0,,,,,,,,,,,,,,,,,,,,,,
248,3,PORTAL_FAR,8.3,309233,9437.042236328125,1630,49.74365234375,20.103067484662578,19,0.579833984375,1611,49.163818359375,0,0.0,0xA1481F06,0,1037,384,0.0,4.05078125,1.5,0,0x04,0,0,0,1,0,0,1,0,0,0,,,,,,,,,,,,,,,,,,,,,,
249,3,PORTAL_FAR,8.333333333333334,310873,9487.091064453125,1640,50.048828125,19.98048780487805,19,0.579833984375,1620,49.4384765625,1,0.030517578125,0xEFFF61B3,0,1058,384,0.0,4.1328125,1.5,0,0x04,0,0,0,1,0,0,1,0,0,0,,,,,,,,,,,,,,,,,,,,,,
250,3,PORTAL_FAR,8.366666666666667,312513,9537.139892578125,1640,50.048828125,19.98048780487805,19,0.579833984375,1620,49.4384765625,1,0.030517578125,0x0292F82C,0,1079,384,0.0,4.21484375,1.5,0,0x04,0,0,0,1,0,0,1,0,0,0,,,,,,,,,,,,,,,,,,,,,,
251,3,PORTAL_FAR,8.4,314160,9587.40234375,1647,50.262451171875,19.89556769884639,20,0.6103515625,1627,49.652099609375,0,0.0,0x0E050D61,0,1100,384,0.0,4.296875,1.5,0,0x04,0,0,0,1,0,0,1,0,0,0,,,,,,,,,,,,,,,,,,,,,,
252,3,PORTAL_FAR,8.433333333333334,315831,9638.397216796875,1671,50.994873046875,19.6098144823459,19,0.579833984375,1652,50.4150390625,0,0.0,0x42376622,0,1121,384,0.0,4.37890625,1.5,0,0x04,0,0,0,1,0,0,1,0,0,0,,,,,,,,,,,,,,,,,,,,,,
253,3,PORTAL_FAR,8.466666666666667,317502,9689.39208984375,1671,50.994873046875,19.6098144823459,19,0.579833984375,1652,50.4150390625,0,0.0,0xD22FBA7F,0,1142,384,0.0,4.4609375,1.5,0,0x04,0,0,0,1,0,0,1,0,0,0,,,,,,,,,,,,,,,,,,,,,,
254,3,PORTAL_FAR,8.5,319180,9740.6005859375,1678,51.20849609375,19.528009535160905,19,0.579833984375,1658,50.59814453125,1,0.030517578125,0x7259FE18,0,1163,384,0.0,4.54296875,1.5,0,0x06,1,1,0,1,0,0,1,0,0,0,50.59814453125,0.0,0.1220703125,18.85986328125,6.65283203125,2.0751953125,6.04248046875,2.899169921875,0.0,13.0615234375,0.885009765625,0,0,0,0,0,0,0,0,0,0,0
255,3,PORTAL_FAR,8.533333333333333,320859,9791.839599609375,1679,51.239013671875,19.51637879690292,20,0.6103515625,1658,50.59814453125,1,0.030517578125,0xCE60C26D,0,1184,384,0.0,4.625,1.5,0,0x04,0,0,0,1,0,0,1,0,0,0,,,,,,,,,,,,,,,,,,,,,,
256,3,PORTAL_FAR,8.566666666666666,322457,9840.606689453125,1598,48.76708984375,20.505632040050063,20,0.6103515625,1578,48.15673828125,0,0.0,0xA69ACC5E,0,1205,384,0.0,4.70703125,1.5,0,0x04,0,0,0,1,0,0,1,0,0,0,,,,,,,,,,,,,,,,,,,,,,
257,3,PORTAL_FAR,8.6,323845,9882.965087890625,1388,42.3583984375,23.608069164265128,19,0.579833984375,1369,41.778564453125,0,0.0,0xEA84E66B,0,1226,384,0.0,4.7890625,1.5,0,0x04,0,0,0,1,0,0,1,0,0,0,,,,,,,,,,,,,,,,,,,,,,
258,3,PORTAL_FAR,8.633333333333333,325257,9926.055908203125,1412,43.0908203125,23.206798866855525,19,0.579833984375,1393,42.510986328125,0,0.0,0xECE8EFE4,0,1247,384,0.0,4.87109375,1.5,0,0x04,0,0,0,1,0,0,1,0,0,0,,,,,,,,,,,,,,,,,,,,,,
259,3,PORTAL_FAR,8.666666666666666,326670,9969.17724609375,1413,43.121337890625,23.19037508846426,19,0.579833984375,1394,42.54150390625,0,0.0,0x96B259B9,0,1268,384,0.0,4.953125,1.5,0,0x04,0,0,0,1,0,0,1,0,0,0,,,,,,,,,,,,,,,,,,,,,,
260,3,PORTAL_FAR,8.7,328087,10012.420654296875,1417,43.243408203125,23.124911785462245,19,0.579833984375,1397,42.633056640625,1,0.030517578125,0xAD36C447,0,1289,384,0.0,5.03515625,1.5,0,0x04,0,0,0,1,0,0,1,0,0,0,,,,,,,,,,,,,,,,,,,,,,
261,3,PORTAL_FAR,8.733333333333333,329514,10055.96923828125,1427,43.548583984375,22.962859145059564,20,0.6103515625,1406,42.90771484375,1,0.030517578125,0x3B78C54A,0,1310,384,0.0,5.1171875,1.5,0,0x04,0,0,0,1,0,0,1,0,0,0,,,,,,,,,,,,,,,,,,,,,,
262,3,PORTAL_FAR,8.766666666666667,330953,10099.884033203125,1439,43.914794921875,22.771369006254343,20,0.6103515625,1418,43.27392578125,1,0.030517578125,0xF990F785,0,1331,384,0.0,5.19921875,1.5,0,0x04,0,0,0,1,0,0,1,0,0,0,,,,,,,,,,,,,,,,,,,,,,
263,3,PORTAL_FAR,8.8,332392,10143.798828125,1439,43.914794921875,22.771369006254343,20,0.6103515625,1418,43.27392578125,1,0.030517578125,0xB7CC6310,0,1352,384,0.0,5.28125,1.5,0,0x04,0,0,0,1,0,0,1,0,0,0,,,,,,,,,,,,,,,,,,,,,,
264,3,PORTAL_FAR,8.833333333333334,333837,10187.896728515625,1445,44.097900390625,22.67681660899654,20,0.6103515625,1425,43.487548828125,0,0.0,0xA51AF683,0,1373,384,0.0,5.36328125,1.5,0,0x04,0,0,0,1,0,0,1,0,0,0,,,,,,,,,,,,,,,,,,,,,,
265,3,PORTAL_FAR,8.866666666666667,335282,10231.99462890625,1445,44.097900390625,22.67681660899654,19,0.579833984375,1426,43.51806640625,0,0.0,0x437F0B56,0,1394,384,0.0,5.4453125,1.5,0,0x04,0,0,0,1,0,0,1,0,0,0,,,,,,,,,,,,,,,,,,,,,,
266,3,PORTAL_FAR,8.9,336728,10276.123046875,1446,44.12841796875,22.661134163208853,19,0.579833984375,1426,43.51806640625,1,0.030517578125,0xC5DAB451,0,1415,384,0.0,5.52734375,1.5,0,0x04,0,0,0,1,0,0,1,0,0,0,,,,,,,,,,,,,,,,,,,,,,
267,3,PORTAL_FAR,8.933333333333334,338173,10320.220947265625,1445,44.097900390625,22.67681660899654,19,0.579833984375,1426,43.51806640625,0,0.0,0x5B4AE8DC,0,1436,384,0.0,5.609375,1.5,0,0x04,0,0,0,1,0,0,1,0,0,0,,,,,,,,,,,,,,,,,,,,,,
268,3,PORTAL_FAR,8.966666666666667,339608,10364.013671875,1435,43.792724609375,22.834843205574913,19,0.579833984375,1416,43.212890625,0,0.0,0x521ED99F,0,1457,384,0.0,5.69140625,1.5,0,0x04,0,0,0,1,0,0,1,0,0,0,,,,,,,,,,,,,,,,,,,,,,
269,3,PORTAL_FAR,9.0,341043,10407.806396484375,1435,43.792724609375,22.834843205574913,19,0.579833984375,1416,43.212890625,0,0.0,0x50B58722,0,1478,384,0.0,5.7734375,1.5,0,0x04,0,0,0,1,0,0,1,0,0,0,,,,,,,,,,,,,,,,,,,,,,
270,3,PORTAL_FAR,9.033333333333333,342488,10451.904296875,1445,44.097900390625,22.67681660899654,19,0.579833984375,1425,43.487548828125,1,0.030517578125,0x61C697BD,0,1499,384,0.0,5.85546875,1.5,0,0x04,0,0,0,1,0,0,1,0,0,0,,,,,,,,,,,,,,,,,,,,,,
271,3,PORTAL_FAR,9.066666666666666,343932,10495.9716796875,1444,44.0673828125,22.69252077562327,19,0.579833984375,1425,43.487548828125,0,0.0,0xB4265268,0,1520,384,0.0,5.9375,1.5,0,0x04,0,0,0,1,0,0,1,0,0,0,,,,,,,,,,,,,,,,,,,,,,
272,3,PORTAL_FAR,9.1,345383,10540.252685546875,1451,44.281005859375,22.583046175051688,19,0.579833984375,1432,43.701171875,0,0.0,0xFC700458,0,1541,384,0.0,6.01953125,1.5,0,0x04,0,0,0,1,0,0,1,0,0,0,,,,,,,,,,,,,,,,,,,,,,
273,3,PORTAL_FAR,9.133333333333333,346836,10584.5947265625,1453,44.342041015625,22.55196145905024,19,0.579833984375,1433,43.731689453125,1,0.030517578125,0x5E89D90D,0,1562,384,0.0,6.1015625,1.5,0,0x04,0,0,0,1,0,0,1,0,0,0,,,,,,,,,,,,,,,,,,,,,,
274,3,PORTAL_FAR,9.166666666666666,348294,10629.08935546875,1458,44.49462890625,22.474622770919066,20,0.6103515625,1437,43.853759765625,1,0.030517578125,0x6BEE3C0A,0,1583,384,0.0,6.18359375,1.5,0,0x04,0,0,0,1,0,0,1,0,0,0,,,,,,,,,,,,,,,,,,,,,,
275,3,PORTAL_FAR,9.2,349751,10673.553466796875,1457,44.464111328125,22.490048043925874,20,0.6103515625,1437,43.853759765625,0,0.0,0xEAA784B7,0,1604,384,0.0,6.265625,1.5,0,0x04,0,0,0,1,0,0,1,0,0,0,,,,,,,,,,,,,,,,,,,,,,
276,3,PORTAL_FAR,9.233333333333333,351218,10718.32275390625,1467,44.769287109375,22.336741649625086,19,0.579833984375,1447,44.158935546875,1,0.030517578125,0xCD80AA54,0,1625,384,0.0,6.34765625,1.5,0,0x04,0,0,0,1,0,0,1,0,0,0,,,,,,,,,,,,,,,,,,,,,,
277,3,PORTAL_FAR,9.266666666666667,352693,10763.336181640625,1475,45.013427734375,22.215593220338985,19,0.579833984375,1455,44.403076171875,1,0.030517578125,0x49B2EFD9,0,1646,384,0.0,6.4296875,1.5,0,0x04,0,0,0,1,0,0,1,0,0,0,,,,,,,,,,,,,,,,,,,,,,
278,3,PORTAL_FAR,9.3,354167,10808.319091796875,1474,44.98291015625,22.230664857530527,20,0.6103515625,1454,44.37255859375,0,0.0,0xC0B06496,0,1667,384,0.0,6.51171875,1.5,0,0x04,0,0,0,1,0,0,1,0,0,0,,,,,,,,,,,,,,,,,,,,,,
279,3,PORTAL_FAR,9.333333333333334,355641,10853.302001953125,1474,44.98291015625,22.230664857530527,20,0.6103515625,1454,44.37255859375,0,0.0,0xA72A6D23,0,1688,384,0.0,6.59375,1.5,0,0x0C,0,0,0,1,1,0,1,0,0,0,,,,,,,,,,,,,,,,,,,,,,
280,4,PORTAL_NEAR,9.366666666666667,357129,10898.712158203125,1488,45.41015625,22.021505376344088,19,0.579833984375,1468,44.7998046875,1,0.030517578125,0x62A14290,0,1709,384,0.0,6.67578125,1.5,0,0x04,0,0,0,1,0,0,1,0,0,0,,,,,,,,,,,,,,,,,,,,,,
281,4,PORTAL_NEAR,9.4,358618,10944.15283203125,1489,45.440673828125,22.006715916722634,20,0.6103515625,1468,44.7998046875,1,0.030517578125,0xB6B60BE5,0,1730,384,0.0,6.7578125,1.5,0,0x04,0,0,0,1,0,0,1,0,0,0,,,,,,,,,,,,,,,,,,,,,,
282,4,PORTAL_NEAR,9.433333333333334,360114,10989.80712890625,1496,45.654296875,21.90374331550802,20,0.6103515625,1476,45.0439453125,0,0.0,0x645005E2,0,1751,384,0.0,6.83984375,1.5,0,0x04,0,0,0,1,0,0,1,0,0,0,,,,,,,,,,,,,,,,,,,,,,
283,4,PORTAL_NEAR,9.466666666666667,361608,11035.400390625,1494,45.59326171875,21.933065595716197,19,0.579833984375,1475,45.013427734375,0,0.0,0x00039F6F,0,1772,384,0.0,6.921875,1.5,0,0x04,0,0,0,1,0,0,1,0,0,0,,,,,,,,,,,,,,,,,,,,,,
284,4,PORTAL_NEAR,9.5,363314,11087.46337890625,1706,52.06298828125,19.207502930832355,19,0.579833984375,1687,51.483154296875,0,0.0,0xD120EC41,0,1793,384,0.0,7.00390625,1.5,0,0x04,0,0,0,1,0,0,1,0,0,0,,,,,,,,,,,,,,,,,,,,,,
285,4,PORTAL_NEAR,9.533333333333333,365029,11139.801025390625,1715,52.337646484375,19.1067055393586,19,0.579833984375,1696,51.7578125,0,0.0,0x73C92B1C,0,1814,384,0.0,7.0859375,1.5,0,0x04,0,0,0,1,0,0,1,0,0,0,,,,,,,,,,,,,,,,,,,,,,
286,4,PORTAL_NEAR,9.566666666666666,366743,11192.108154296875,1714,52.30712890625,19.117852975495914,19,0.579833984375,1695,51.727294921875,0,0.0,0x60CD5E3B,0,1835,384,0.0,7.16796875,1.5,0,0x04,0,0,0,1,0,0,1,0,0,0,,,,,,,,,,,,,,,,,,,,,,
287,4,PORTAL_NEAR,9.6,368461,11244.537353515625,1718,52.42919921875,19.073341094295692,19,0.579833984375,1699,51.849365234375,0,0.0,0x32E6260E,0,1856,384,0.0,7.25,1.5,0,0x04,0,0,0,1,0,0,1,0,0,0,,,,,,,,,,,,,,,,,,,,,,
288,4,PORTAL_NEAR,9.633333333333333,370178,11296.93603515625,1717,52.398681640625,19.084449621432732,19,0.579833984375,1698,51.81884765625,0,0.0,0xCFA1D4FD,0,1877,384,0.0,7.33203125,1.5,0,0x04,0,0,0,1,0,0,1,0,0,0,,,,,,,,,,,,,,,,,,,,,,
289,4,PORTAL_NEAR,9.666666666666666,371895,11349.334716796875,1717,52.398681640625,19.084449621432732,19,0.579833984375,1698,51.81884765625,0,0.0,0x6726E888,0,1898,384,0.0,7.4140625,1.5,0,0x04,0,0,0,1,0,0,1,0,0,0,,,,,,,,,,,,,,,,,,,,,,
290,4,PORTAL_NEAR,9.7,373661,11403.228759765625,1766,53.89404296875,18.55492638731597,19,0.579833984375,1747,53.314208984375,0,0.0,0x20263787,0,1919,384,0.0,7.49609375,1.5,0,0x04,0,0,0,1,0,0,1,0,0,0,,,,,,,,,,,,,,,,,,,,,,
291,4,PORTAL_NEAR,9.733333333333333,375429,11457.183837890625,1768,53.955078125,18.533936651583712,19,0.579833984375,1748,53.3447265625,1,0.030517578125,0x5AE10ADA,0,1940,384,0.0,7.578125,1.5,0,0x04,0,0,0,1,0,0,1,0,0,0,,,,,,,,,,,,,,,,,,,,,,
292,4,PORTAL_NEAR,9.766666666666667,377216,11511.71875,1787,54.534912109375,18.33687744823727,20,0.6103515625,1766,53.89404296875,1,0.030517578125,0x5A29A9F9,0,1961,384,0.0,7.66015625,1.5,0,0x04,0,0,0,1,0,0,1,0,0,0,,,,,,,,,,,,,,,,,,,,,,
293,4,PORTAL_NEAR,9.8,379002,11566.22314453125,1786,54.50439453125,18.347144456886898,20,0.6103515625,1766,53.89404296875,0,0.0,0x814E47D4,0,1982,384,0.0,7.7421875,1.5,0,0x04,0,0,0,1,0,0,1,0,0,0,,,,,,,,,,,,,,,,,,,,,,
294,4,PORTAL_NEAR,9.833333333333334,380788,11620.7275390625,1786,54.50439453125,18.347144456886898,19,0.579833984375,1767,53.924560546875,0,0.0,0x18426913,0,2003,384,0.0,7.82421875,1.5,0,0x04,0,0,0,1,0,0,1,0,0,0,,,,,,,,,,,,,,,,,,,,,,
295,4,PORTAL_NEAR,9.866666666666667,382594,11675.84228515625,1806,55.11474609375,18.143964562569213,19,0.579833984375,1786,54.50439453125,1,0.030517578125,0x5E6E5546,0,2024,384,0.0,7.90625,1.5,0,0x04,0,0,0,1,0,0,1,0,0,0,,,,,,,,,,,,,,,,,,,,,,
296,4,PORTAL_NEAR,9.9,384376,11730.224609375,1782,54.38232421875,18.388327721661057,20,0.6103515625,1762,53.77197265625,0,0.0,0x80998235,0,2045,384,0.0,7.98828125,1.5,0,0x04,0,0,0,1,0,0,1,0,0,0,,,,,,,,,,,,,,,,,,,,,,
297,4,PORTAL_NEAR,9.933333333333334,386160,11784.66796875,1784,54.443359375,18.367713004484305,19,0.579833984375,1764,53.8330078125,1,0.030517578125,0xB9B1BE5F,0,2066,384,0.0,8.0703125,1.5,0,0x04,0,0,0,1,0,0,1,0,0,0,,,,,,,,,,,,,,,,,,,,,,
298,4,PORTAL_NEAR,9.966666666666667,387961,11839.630126953125,1801,54.962158203125,18.194336479733483,20,0.6103515625,1781,54.351806640625,0,0.0,0x2AD4C960,0,2087,384,0.0,8.15234375,1.5,0,0x04,0,0,0,1,0,0,1,0,0,0,,,,,,,,,,,,,,,,,,,,,,
299,4,PORTAL_NEAR,10.0,389778,11895.08056640625,1817,55.450439453125,18.03412217941662,19,0.579833984375,1798,54.87060546875,0,0.0,0xBFF5AA95,0,2108,384,0.0,8.234375,1.5,0,0x04,0,0,0,1,0,0,1,0,0,0,,,,,,,,,,,,,,,,,,,,,,
300,4,PORTAL_NEAR,10.033333333333333,391615,11951.141357421875,1837,56.060791015625,17.837778987479588,19,0.579833984375,1817,55.450439453125,1,0.030517578125,0x4D9E3F56,0,2129,384,0.0,8.31640625,1.5,0,0x04,0,0,0,1,0,0,1,0,0,0,,,,,,,,,,,,,,,,,,,,,,
301,4,PORTAL_NEAR,10.066666666666666,393490,12008.36181640625,1875,57.220458984375,17.476266666666668,19,0.579833984375,1856,56.640625,0,0.0,0xBABF1433,0,2150,384,0.0,8.3984375,1.5,0,0x04,0,0,0,1,0,0,1,0,0,0,,,,,,,,,,,,,,,,,,,,,,
302,4,PORTAL_NEAR,10.1,395383,12066.131591796875,1893,57.769775390625,17.310089804543054,19,0.579833984375,1873,57.159423828125,1,0.030517578125,0x9E77BAD4,0,2171,384,0.0,8.48046875,1.5,0,0x04,0,0,0,1,0,0,1,0,0,0,,,,,,,,,,,,,,,,,,,,,,
303,4,PORTAL_NEAR,10.133333333333333,397293,12124.420166015625,1910,58.28857421875,17.15602094240838,19,0.579833984375,1891,57.708740234375,0,0.0,0xBBB1AF29,0,2192,384,0.0,8.5625,1.5,0,0x04,0,0,0,1,0,0,1,0,0,0,,,,,,,,,,,,,,,,,,,,,,
304,4,PORTAL_NEAR,10.166666666666666,399221,12183.258056640625,1928,58.837890625,16.99585062240664,19,0.579833984375,1908,58.2275390625,1,0.030517578125,0x4629139A,0,2213,384,0.0,8.64453125,1.5,0,0x04,0,0,0,1,0,0,1,0,0,0,,,,,,,,,,,,,,,,,,,,,,
305,4,PORTAL_NEAR,10.2,401167,12242.645263671875,1946,59.38720703125,16.838643371017472,20,0.6103515625,1925,58.746337890625,1,0.030517578125,0xB2BD4927,0,2234,384,0.0,8.7265625,1.5,0,0x04,0,0,0,1,0,0,1,0,0,0,,,,,,,,,,,,,,,,,,,,,,
306,4,PORTAL_NEAR,10.233333333333333,403113,12302.032470703125,1946,59.38720703125,16.838643371017472,20,0.6103515625,1925,58.746337890625,1,0.030517578125,0x75A50988,0,2255,384,0.0,8.80859375,1.5,0,0x04,0,0,0,1,0,0,1,0,0,0,,,,,,,,,,,,,,,,,,,,,,
307,4,PORTAL_NEAR,10.266666666666667,405059,12361.419677734375,1946,59.38720703125,16.838643371017472,20,0.6103515625,1926,58.77685546875,0,0.0,0x3350AD5D,0,2276,384,0.0,8.890625,1.5,0,0x04,0,0,0,1,0,0,1,0,0,0,,,,,,,,,,,,,,,,,,,,,,
308,4,PORTAL_NEAR,10.3,407007,12420.867919921875,1948,59.4482421875,16.82135523613963,19,0.579833984375,1929,58.868408203125,0,0.0,0x69A6C0FE,0,2297,384,0.0,8.97265625,1.5,0,0x06,1,1,0,1,0,0,1,0,0,0,58.89892578125,0.0,0.1220703125,13.275146484375,3.509521484375,3.23486328125,22.430419921875,2.38037109375,0.0,13.0615234375,0.885009765625,0,0,0,0,0,0,0,0,0,0,0
309,4,PORTAL_NEAR,10.333333333333334,408956,12480.3466796875,1949,59.478759765625,16.812724474089276,19,0.579833984375,1929,58.868408203125,1,0.030517578125,0x366CD1EE,0,2318,384,0.0,9.0546875,1.5,0,0x04,0,0,0,1,0,0,1,0,0,0,,,,,,,,,,,,,,,,,,,,,,
310,4,PORTAL_NEAR,10.366666666666667,410906,12539.85595703125,1950,59.50927734375,16.804102564102564,20,0.6103515625,1929,58.868408203125,1,0.030517578125,0xC3435431,0,2339,384,0.0,9.13671875,1.5,0,0x04,0,0,0,1,0,0,1,0,0,0,,,,,,,,,,,,,,,,,,,,,,
311,4,PORTAL_NEAR,10.4,412854,12599.30419921875,1948,59.4482421875,16.82135523613963,19,0.579833984375,1929,58.868408203125,0,0.0,0xCF5C623C,0,2360,384,0.0,9.21875,1.5,0,0x04,0,0,0,1,0,0,1,0,0,0,,,,,,,,,,,,,,,,,,,,,,
312,4,PORTAL_NEAR,10.433333333333334,414802,12658.75244140625,1948,59.4482421875,16.82135523613963,19,0.579833984375,1929,58.868408203125,0,0.0,0xF349B22F,0,2381,384,0.0,9.30078125,1.5,0,0x04,0,0,0,1,0,0,1,0,0,0,,,,,,,,,,,,,,,,,,,,,,
313,4,PORTAL_NEAR,10.466666666666667,416750,12718.20068359375,1948,59.4482421875,16.82135523613963,19,0.579833984375,1929,58.868408203125,0,0.0,0xB5BF8E02,0,2402,384,0.0,9.3828125,1.5,0,0x04,0,0,0,1,0,0,1,0,0,0,,,,,,,,,,,,,,,,,,,,,,
314,4,PORTAL_NEAR,10.5,418698,12777.64892578125,1948,59.4482421875,16.82135523613963,19,0.579833984375,1929,58.868408203125,0,0.0,0xC450AA05,0,2423,384,0.0,9.46484375,1.5,0,0x04,0,0,0,1,0,0,1,0,0,0,,,,,,,,,,,,,,,,,,,,,,
315,4,PORTAL_NEAR,10.533333333333333,420647,12837.127685546875,1949,59.478759765625,16.812724474089276,20,0.6103515625,1928,58.837890625,1,0.030517578125,0x6CC07690,0,2444,384,0.0,9.546875,1.5,0,0x0C,0,0,0,1,1,0,1,0,0,0,,,,,,,,,,,,,,,,,,,,,,
316,5,CROSS_DOWN,10.566666666666666,422594,12896.54541015625,1947,59.417724609375,16.82999486389317,19,0.579833984375,1928,58.837890625,0,0.0,0x12BF43D3,0,2465,384,0.0,9.62890625,1.5,0,0x06,1,1,0,1,0,0,1,0,0,0,58.868408203125,0.030517578125,0.1220703125,13.24462890625,3.5400390625,3.23486328125,22.369384765625,2.38037109375,0.030517578125,13.0615234375,0.8544921875,0,0,0,0,0,0,0,0,0,0,0
317,5,CROSS_DOWN,10.6,424369,12950.714111328125,1775,54.168701171875,18.460845070422536,19,0.579833984375,1755,53.558349609375,1,0.030517578125,0xF8731ED6,0,2486,384,0.0,9.7109375,1.5,0,0x04,0,0,0,1,0,0,1,0,0,0,,,,,,,,,,,,,,,,,,,,,,
318,5,CROSS_DOWN,10.633333333333333,426078,13002.86865234375,1709,52.154541015625,19.173785839672323,892,27.2216796875,817,24.932861328125,0,0.0,0x55DB212F,3072,1282,1189,12.0,5.0078125,4.64453125,1,0x05,0,0,1,1,0,0,1,0,0,0,,,,,,,,,,,,,,,,,,,,,,
319,5,CROSS_DOWN,10.666666666666666,426915,13028.411865234375,837,25.543212890625,39.14934289127837,19,0.579833984375,818,24.96337890625,0,0.0,0x2C3FE3A2,3071,1261,1165,11.99609375,4.92578125,4.55078125,1,0x0C,0,0,0,1,1,0,1,0,0,0,,,,,,,,,,,,,,,,,,,,,,
320,6,RETURN_UP,10.7,427772,13054.5654296875,857,26.153564453125,38.23570595099183,18,0.54931640625,838,25.57373046875,1,0.030517578125,0xE58885F5,3071,1261,1165,11.99609375,4.92578125,4.55078125,1,0x14,0,0,0,1,0,1,0,0,0,1,,,,,,,,,,,,,,,,,,,,,,
321,6,RETURN_UP,10.733333333333333,428628,13080.6884765625,856,26.123046875,38.2803738317757,19,0.579833984375,837,25.543212890625,0,0.0,0x64268D6D,3071,1261,1165,11.99609375,4.92578125,4.55078125,1,0x10,0,0,0,0,0,1,0,0,0,0,,,,,,,,,,,,,,,,,,,,,,
322,6,RETURN_UP,10.766666666666667,429484,13106.8115234375,856,26.123046875,38.2803738317757,17,0.518798828125,838,25.57373046875,1,0.030517578125,0x1F13C0A3,3071,1262,1186,11.99609375,4.9296875,4.6328125,1,0x14,0,0,0,1,0,1,-1,0,0,0,,,,,,,,,,,,,,,,,,,,,,
323,6,RETURN_UP,10.8,430433,13135.772705078125,949,28.961181640625,34.52897787144362,18,0.54931640625,931,28.411865234375,0,0.0,0x456DF621,3071,1263,1207,11.99609375,4.93359375,4.71484375,1,0x14,0,0,0,1,0,1,-1,0,0,0,,,,,,,,,,,,,,,,,,,,,,
324,6,RETURN_UP,10.833333333333334,433138,13218.32275390625,2705,82.550048828125,12.113863216266173,905,27.618408203125,1799,54.901123046875,1,0.030517578125,0xE3304181,1,2468,400,0.00390625,9.640625,1.5625,0,0x15,0,0,1,1,0,1,-1,0,0,0,,,,,,,,,,,,,,,,,,,,,,
325,6,RETURN_UP,10.866666666666667,434939,13273.284912109375,1801,54.962158203125,18.194336479733483,18,0.54931640625,1782,54.38232421875,1,0.030517578125,0xF5333920,0,2447,399,0.0,9.55859375,1.55859375,0,0x14,0,0,0,1,0,1,-1,0,0,0,,,,,,,,,,,,,,,,,,,,,,
326,6,RETURN_UP,10.9,436684,13326.5380859375,1745,53.253173828125,18.778223495702004,18,0.54931640625,1727,52.703857421875,0,0.0,0x5C77CA77,-1,2426,398,-0.00390625,9.4765625,1.5546875,0,0x14,0,0,0,1,0,1,-1,0,0,0,,,,,,,,,,,,,,,,,,,,,,
327,6,RETURN_UP,10.933333333333334,438553,13383.575439453125,1869,57.037353515625,17.532370251471374,18,0.54931640625,1851,56.488037109375,0,0.0,0x2B5C216C,-2,2405,397,-0.0078125,9.39453125,1.55078125,0,0x14,0,0,0,1,0,1,-1,0,0,0,,,,,,,,,,,,,,,,,,,,,,
328,6,RETURN_UP,10.966666666666667,440422,13440.61279296875,1869,57.037353515625,17.532370251471374,18,0.54931640625,1850,56.45751953125,1,0.030517578125,0xF6398C29,-3,2384,396,-0.01171875,9.3125,1.546875,0,0x14,0,0,0,1,0,1,-1,0,0,0,,,,,,,,,,,,,,,,,,,,,,
329,6,RETURN_UP,11.0,442301,13497.955322265625,1879,57.342529296875,17.43906333155934,18,0.54931640625,1860,56.7626953125,1,0.030517578125,0xA4A3A3D6,-4,2363,395,-0.015625,9.23046875,1.54296875,0,0x1E,1,1,0,1,1,1,-1,0,0,0,56.7626953125,0.0,0.1220703125,13.3056640625,3.509521484375,3.23486328125,19.6533203125,2.38037109375,0.0,13.0615234375,1.495361328125,0,0,0,0,0,0,0,0,0,0,0
330,7,LOD_RETREAT,11.033333333333333,444202,13555.96923828125,1901,58.013916015625,17.237243556023145,18,0.54931640625,1883,57.464599609375,0,0.0,0xF56371FB,-5,2342,394,-0.01953125,9.1484375,1.5390625,0,0x14,0,0,0,1,0,1,-1,0,0,0,,,,,,,,,,,,,,,,,,,,,,
331,7,LOD_RETREAT,11.066666666666666,446146,13615.29541015625,1944,59.326171875,16.855967078189302,18,0.54931640625,1926,58.77685546875,0,0.0,0x7882CB50,-6,2321,393,-0.0234375,9.06640625,1.53515625,0,0x14,0,0,0,1,0,1,-1,0,0,0,,,,,,,,,,,,,,,,,,,,,,
332,7,LOD_RETREAT,11.1,448112,13675.29296875,1966,59.99755859375,16.66734486266531,17,0.518798828125,1949,59.478759765625,0,0.0,0x1ABD154C,-7,2300,392,-0.02734375,8.984375,1.53125,0,0x14,0,0,0,1,0,1,-1,0,0,0,,,,,,,,,,,,,,,,,,,,,,
333,7,LOD_RETREAT,11.133333333333333,450080,13735.3515625,1968,60.05859375,16.650406504065042,18,0.54931640625,1950,59.50927734375,0,0.0,0x4DB8A0AB,-8,2279,391,-0.03125,8.90234375,1.52734375,0,0x14,0,0,0,1,0,1,-1,0,0,0,,,,,,,,,,,,,,,,,,,,,,
334,7,LOD_RETREAT,11.166666666666666,452048,13795.41015625,1968,60.05859375,16.650406504065042,18,0.54931640625,1950,59.50927734375,0,0.0,0x1BD7CB8E,-9,2258,390,-0.03515625,8.8203125,1.5234375,0,0x14,0,0,0,1,0,1,-1,0,0,0,,,,,,,,,,,,,,,,,,,,,,
335,7,LOD_RETREAT,11.2,454021,13855.621337890625,1973,60.211181640625,16.60821084642676,18,0.54931640625,1954,59.63134765625,1,0.030517578125,0x4C778345,-10,2237,389,-0.0390625,8.73828125,1.51953125,0,0x14,0,0,0,1,0,1,-1,0,0,0,,,,,,,,,,,,,,,,,,,,,,
336,7,LOD_RETREAT,11.233333333333333,456001,13916.046142578125,1980,60.4248046875,16.54949494949495,18,0.54931640625,1961,59.844970703125,1,0.030517578125,0x06EDCEF0,-11,2216,388,-0.04296875,8.65625,1.515625,0,0x14,0,0,0,1,0,1,-1,0,0,0,,,,,,,,,,,,,,,,,,,,,,
337,7,LOD_RETREAT,11.266666666666667,457979,13976.409912109375,1978,60.36376953125,16.566228513650152,18,0.54931640625,1960,59.814453125,0,0.0,0xC108F23F,-12,2195,387,-0.046875,8.57421875,1.51171875,0,0x14,0,0,0,1,0,1,-1,0,0,0,,,,,,,,,,,,,,,,,,,,,,
338,7,LOD_RETREAT,11.3,459965,14037.017822265625,1986,60.60791015625,16.49949647532729,18,0.54931640625,1967,60.028076171875,1,0.030517578125,0xEB460C72,-13,2174,386,-0.05078125,8.4921875,1.5078125,0,0x16,1,1,0,1,0,1,-1,0,0,0,60.028076171875,0.030517578125,0.091552734375,13.397216796875,3.5400390625,3.23486328125,22.796630859375,2.38037109375,0.0,13.092041015625,1.46484375,0,0,0,0,0,0,0,0,0,0,0
339,7,LOD_RETREAT,11.333333333333334,461945,14097.442626953125,1980,60.4248046875,16.54949494949495,18,0.54931640625,1961,59.844970703125,1,0.030517578125,0xC75B1FA9,-14,2153,385,-0.0546875,8.41015625,1.50390625,0,0x14,0,0,0,1,0,1,-1,0,0,0,,,,,,,,,,,,,,,,,,,,,,
340,7,LOD_RETREAT,11.366666666666667,463881,14156.524658203125,1936,59.08203125,16.925619834710744,18,0.54931640625,1918,58.53271484375,0,0.0,0x551F57A4,-15,2132,384,-0.05859375,8.328125,1.5,0,0x14,0,0,0,1,0,1,-1,0,0,0,,,,,,,,,,,,,,,,,,,,,,
341,7,LOD_RETREAT,11.4,465776,14214.35546875,1895,57.830810546875,17.291820580474933,18,0.54931640625,1877,57.281494140625,0,0.0,0xA2C57EE3,-16,2111,383,-0.0625,8.24609375,1.49609375,0,0x14,0,0,0,1,0,1,-1,0,0,0,,,,,,,,,,,,,,,,,,,,,,
342,7,LOD_RETREAT,11.433333333333334,467651,14271.575927734375,1875,57.220458984375,17.476266666666668,18,0.54931640625,1857,56.671142578125,0,0.0,0x5D84EBA6,-17,2090,382,-0.06640625,8.1640625,1.4921875,0,0x14,0,0,0,1,0,1,-1,0,0,0,,,,,,,,,,,,,,,,,,,,,,
343,7,LOD_RETREAT,11.466666666666667,469523,14328.704833984375,1872,57.12890625,17.504273504273506,18,0.54931640625,1854,56.57958984375,0,0.0,0xA77A597D,-18,2069,381,-0.0703125,8.08203125,1.48828125,0,0x14,0,0,0,1,0,1,-1,0,0,0,,,,,,,,,,,,,,,,,,,,,,
344,7,LOD_RETREAT,11.5,471397,14385.894775390625,1874,57.18994140625,17.485592315901815,18,0.54931640625,1856,56.640625,0,0.0,0x55E94EE8,-19,2048,380,-0.07421875,8.0,1.484375,0,0x14,0,0,0,1,0,1,-1,0,0,0,,,,,,,,,,,,,,,,,,,,,,
345,7,LOD_RETREAT,11.533333333333333,473264,14442.87109375,1867,56.976318359375,17.551151580074986,17,0.518798828125,1850,56.45751953125,0,0.0,0xAB3EB63C,-20,2027,379,-0.078125,7.91796875,1.48046875,0,0x14,0,0,0,1,0,1,-1,0,0,0,,,,,,,,,,,,,,,,,,,,,,
346,7,LOD_RETREAT,11.566666666666666,475127,14499.725341796875,1863,56.854248046875,17.588835212023618,17,0.518798828125,1846,56.33544921875,0,0.0,0x78FA7859,-21,2006,378,-0.08203125,7.8359375,1.4765625,0,0x14,0,0,0,1,0,1,-1,0,0,0,,,,,,,,,,,,,,,,,,,,,,
347,7,LOD_RETREAT,11.6,476975,14556.121826171875,1848,56.396484375,17.73160173160173,18,0.54931640625,1829,55.816650390625,1,0.030517578125,0xE7DBE762,-22,1985,377,-0.0859375,7.75390625,1.47265625,0,0x14,0,0,0,1,0,1,-1,0,0,0,,,,,,,,,,,,,,,,,,,,,,
348,7,LOD_RETREAT,11.633333333333333,478822,14612.48779296875,1847,56.365966796875,17.74120194910666,18,0.54931640625,1828,55.7861328125,1,0.030517578125,0x385BD137,-23,1964,376,-0.08984375,7.671875,1.46875,0,0x14,0,0,0,1,0,1,-1,0,0,0,,,,,,,,,,,,,,,,,,,,,,
349,7,LOD_RETREAT,11.666666666666666,480648,14668.212890625,1826,55.72509765625,17.94523548740416,18,0.54931640625,1808,55.17578125,0,0.0,0x357E8788,-24,1943,375,-0.09375,7.58984375,1.46484375,0,0x14,0,0,0,1,0,1,-1,0,0,0,,,,,,,,,,,,,,,,,,,,,,
350,7,LOD_RETREAT,11.7,482475,14723.968505859375,1827,55.755615234375,17.935413245758074,18,0.54931640625,1808,55.17578125,1,0.030517578125,0xDF9E50B5,-25,1922,374,-0.09765625,7.5078125,1.4609375,0,0x14,0,0,0,1,0,1,-1,0,0,0,,,,,,,,,,,,,,,,,,,,,,
351,7,LOD_RETREAT,11.733333333333333,484278,14778.99169921875,1803,55.023193359375,18.174154187465337,18,0.54931640625,1785,54.473876953125,0,0.0,0xE76B625E,-26,1901,373,-0.1015625,7.42578125,1.45703125,0,0x14,0,0,0,1,0,1,-1,0,0,0,,,,,,,,,,,,,,,,,,,,,,
352,7,LOD_RETREAT,11.766666666666667,486073,14833.770751953125,1795,54.779052734375,18.25515320334262,18,0.54931640625,1777,54.229736328125,0,0.0,0x95527963,-27,1880,372,-0.10546875,7.34375,1.453125,0,0x14,0,0,0,1,0,1,-1,0,0,0,,,,,,,,,,,,,,,,,,,,,,
353,7,LOD_RETREAT,11.8,487851,14888.031005859375,1778,54.26025390625,18.429696287964006,18,0.54931640625,1759,53.680419921875,1,0.030517578125,0x8E13BCD4,-28,1859,371,-0.109375,7.26171875,1.44921875,0,0x14,0,0,0,1,0,1,-1,0,0,0,,,,,,,,,,,,,,,,,,,,,,
354,7,LOD_RETREAT,11.833333333333334,489627,14942.230224609375,1776,54.19921875,18.45045045045045,18,0.54931640625,1757,53.619384765625,1,0.030517578125,0xD14DDB71,-29,1838,370,-0.11328125,7.1796875,1.4453125,0,0x14,0,0,0,1,0,1,-1,0,0,0,,,,,,,,,,,,,,,,,,,,,,
355,7,LOD_RETREAT,11.866666666666667,491426,14997.13134765625,1799,54.901123046875,18.21456364647026,18,0.54931640625,1781,54.351806640625,0,0.0,0x68E66BFA,-30,1817,369,-0.1171875,7.09765625,1.44140625,0,0x14,0,0,0,1,0,1,-1,0,0,0,,,,,,,,,,,,,,,,,,,,,,
356,7,LOD_RETREAT,11.9,493095,15048.065185546875,1669,50.933837890625,19.63331336129419,18,0.54931640625,1650,50.35400390625,1,0.030517578125,0xA61B072F,-31,1796,368,-0.12109375,7.015625,1.4375,0,0x14,0,0,0,1,0,1,-1,0,0,0,,,,,,,,,,,,,,,,,,,,,,
357,7,LOD_RETREAT,11.933333333333334,494751,15098.602294921875,1656,50.537109375,19.78743961352657,18,0.54931640625,1638,49.98779296875,0,0.0,0x55966161,-32,1775,367,-0.125,6.93359375,1.43359375,0,0x14,0,0,0,1,0,1,-1,0,0,0,,,,,,,,,,,,,,,,,,,,,,
358,7,LOD_RETREAT,11.966666666666667,496400,15148.92578125,1649,50.323486328125,19.87143723468769,17,0.518798828125,1631,49.774169921875,1,0.030517578125,0x2A16FA7C,-33,1754,366,-0.12890625,6.8515625,1.4296875,0,0x14,0,0,0,1,0,1,-1,0,0,0,,,,,,,,,,,,,,,,,,,,,,
359,7,LOD_RETREAT,12.0,498068,15199.8291015625,1668,50.9033203125,19.645083932853716,18,0.54931640625,1649,50.323486328125,1,0.030517578125,0x7AF63907,-34,1733,365,-0.1328125,6.76953125,1.42578125,0,0x14,0,0,0,1,0,1,-1,0,0,0,,,,,,,,,,,,,,,,,,,,,,
360,7,LOD_RETREAT,12.033333333333333,499733,15250.640869140625,1665,50.811767578125,19.68048048048048,18,0.54931640625,1647,50.262451171875,0,0.0,0xD97A20BA,-35,1712,364,-0.13671875,6.6875,1.421875,0,0x14,0,0,0,1,0,1,-1,0,0,0,,,,,,,,,,,,,,,,,,,,,,
361,7,LOD_RETREAT,12.066666666666666,501397,15301.422119140625,1664,50.78125,19.692307692307693,18,0.54931640625,1646,50.23193359375,0,0.0,0x08A0658D,-36,1691,363,-0.140625,6.60546875,1.41796875,0,0x14,0,0,0,1,0,1,-1,0,0,0,,,,,,,,,,,,,,,,,,,,,,
362,7,LOD_RETREAT,12.1,503037,15351.470947265625,1640,50.048828125,19.98048780487805,18,0.54931640625,1621,49.468994140625,1,0.030517578125,0x3B2ED158,-37,1670,362,-0.14453125,6.5234375,1.4140625,0,0x14,0,0,0,1,0,1,-1,0,0,0,,,,,,,,,,,,,,,,,,,,,,
363,7,LOD_RETREAT,12.133333333333333,504674,15401.42822265625,1637,49.957275390625,20.01710445937691,18,0.54931640625,1619,49.407958984375,0,0.0,0x6FE1A9A3,-38,1649,361,-0.1484375,6.44140625,1.41015625,0,0x14,0,0,0,1,0,1,-1,0,0,0,,,,,,,,,,,,,,,,,,,,,,
364,7,LOD_RETREAT,12.166666666666666,506301,15451.080322265625,1627,49.652099609375,20.14013521819299,18,0.54931640625,1609,49.102783203125,0,0.0,0xF40E85E6,-39,1628,360,-0.15234375,6.359375,1.40625,0,0x14,0,0,0,1,0,1,-1,0,0,0,,,,,,,,,,,,,,,,,,,,,,
365,7,LOD_RETREAT,12.2,507833,15497.833251953125,1532,46.7529296875,21.389033942558747,18,0.54931640625,1514,46.20361328125,0,0.0,0x72D9B089,-40,1607,359,-0.15625,6.27734375,1.40234375,0,0x14,0,0,0,1,0,1,-1,0,0,0,,,,,,,,,,,,,,,,,,,,,,
366,7,LOD_RETREAT,12.233333333333333,509362,15544.49462890625,1529,46.661376953125,21.431000654022238,18,0.54931640625,1511,46.112060546875,0,0.0,0x49A65404,-41,1586,358,-0.16015625,6.1953125,1.3984375,0,0x14,0,0,0,1,0,1,-1,0,0,0,,,,,,,,,,,,,,,,,,,,,,
367,7,LOD_RETREAT,12.266666666666667,510876,15590.6982421875,1514,46.20361328125,21.64332892998679,18,0.54931640625,1496,45.654296875,0,0.0,0x0BBFB66F,-42,1565,357,-0.1640625,6.11328125,1.39453125,0,0x14,0,0,0,1,0,1,-1,0,0,0,,,,,,,,,,,,,,,,,,,,,,
368,7,LOD_RETREAT,12.3,512386,15636.77978515625,1510,46.08154296875,21.70066225165563,18,0.54931640625,1492,45.5322265625,0,0.0,0x891258C2,-43,1544,356,-0.16796875,6.03125,1.390625,0,0x14,0,0,0,1,0,1,-1,0,0,0,,,,,,,,,,,,,,,,,,,,,,
369,7,LOD_RETREAT,12.333333333333334,513907,15683.197021484375,1521,46.417236328125,21.54372123602893,18,0.54931640625,1503,45.867919921875,0,0.0,0xF99191D2,-44,1523,355,-0.171875,5.94921875,1.38671875,0,0x14,0,0,0,1,0,1,-1,0,0,0,,,,,,,,,,,,,,,,,,,,,,
370,7,LOD_RETREAT,12.366666666666667,515433,15729.766845703125,1526,46.56982421875,21.47313237221494,18,0.54931640625,1507,45.989990234375,1,0.030517578125,0xE444F69F,-45,1502,354,-0.17578125,5.8671875,1.3828125,0,0x14,0,0,0,1,0,1,-1,0,0,0,,,,,,,,,,,,,,,,,,,,,,
371,7,LOD_RETREAT,12.4,516958,15776.30615234375,1525,46.539306640625,21.4872131147541,18,0.54931640625,1506,45.95947265625,1,0.030517578125,0x40905A1C,-46,1481,353,-0.1796875,5.78515625,1.37890625,0,0x14,0,0,0,1,0,1,-1,0,0,0,,,,,,,,,,,,,,,,,,,,,,
372,7,LOD_RETREAT,12.433333333333334,518465,15822.296142578125,1507,45.989990234375,21.74386197743862,18,0.54931640625,1488,45.41015625,1,0.030517578125,0x53054201,-47,1460,352,-0.18359375,5.703125,1.375,0,0x14,0,0,0,1,0,1,-1,0,0,0,,,,,,,,,,,,,,,,,,,,,,
373,7,LOD_RETREAT,12.466666666666667,519968,15868.1640625,1503,45.867919921875,21.80172987358616,18,0.54931640625,1485,45.318603515625,0,0.0,0x7A204B3E,-48,1439,351,-0.1875,5.62109375,1.37109375,0,0x14,0,0,0,1,0,1,-1,0,0,0,,,,,,,,,,,,,,,,,,,,,,
374,7,LOD_RETREAT,12.5,521453,15913.482666015625,1485,45.318603515625,22.065993265993267,18,0.54931640625,1467,44.769287109375,0,0.0,0x5CF2055B,-49,1418,350,-0.19140625,5.5390625,1.3671875,0,0x14,0,0,0,1,0,1,-1,0,0,0,,,,,,,,,,,,,,,,,,,,,,
375,7,LOD_RETREAT,12.533333333333333,522944,15958.984375,1491,45.501708984375,21.97719651240778,18,0.54931640625,1472,44.921875,1,0.030517578125,0x596A5818,-50,1397,349,-0.1953125,5.45703125,1.36328125,0,0x14,0,0,0,1,0,1,-1,0,0,0,,,,,,,,,,,,,,,,,,,,,,
376,7,LOD_RETREAT,12.566666666666666,524429,16004.302978515625,1485,45.318603515625,22.065993265993267,18,0.54931640625,1467,44.769287109375,0,0.0,0xFF08E4ED,-51,1376,348,-0.19921875,5.375,1.359375,0,0x14,0,0,0,1,0,1,-1,0,0,0,,,,,,,,,,,,,,,,,,,,,,
377,7,LOD_RETREAT,12.6,525907,16049.407958984375,1478,45.10498046875,22.170500676589988,18,0.54931640625,1460,44.5556640625,0,0.0,0xA8F2C94A,-52,1355,347,-0.203125,5.29296875,1.35546875,0,0x1C,0,0,0,1,1,1,-1,0,0,0,,,,,,,,,,,,,,,,,,,,,,
378,8,LOD_APPROACH,12.633333333333333,527392,16094.7265625,1485,45.318603515625,22.065993265993267,18,0.54931640625,1467,44.769287109375,0,0.0,0x4D002ED7,-51,1376,348,-0.19921875,5.375,1.359375,0,0x14,0,0,0,1,0,1,1,0,0,0,,,,,,,,,,,,,,,,,,,,,,
379,8,LOD_APPROACH,12.666666666666666,528881,16140.167236328125,1489,45.440673828125,22.006715916722634,17,0.518798828125,1472,44.921875,0,0.0,0x09B88652,-50,1397,349,-0.1953125,5.45703125,1.36328125,0,0x14,0,0,0,1,0,1,1,0,0,0,,,,,,,,,,,,,,,,,,,,,,
380,8,LOD_APPROACH,12.7,530366,16185.48583984375,1485,45.318603515625,22.065993265993267,17,0.518798828125,1468,44.7998046875,0,0.0,0xCDD83805,-49,1418,350,-0.19140625,5.5390625,1.3671875,0,0x14,0,0,0,1,0,1,1,0,0,0,,,,,,,,,,,,,,,,,,,,,,
381,8,LOD_APPROACH,12.733333333333333,531868,16231.3232421875,1502,45.83740234375,21.81624500665779,17,0.518798828125,1485,45.318603515625,0,0.0,0x6D2BFD58,-48,1439,351,-0.1875,5.62109375,1.37109375,0,0x14,0,0,0,1,0,1,1,0,0,0,,,,,,,,,,,,,,,,,,,,,,
382,8,LOD_APPROACH,12.766666666666667,533373,16277.252197265625,1505,45.928955078125,21.772757475083058,17,0.518798828125,1488,45.41015625,0,0.0,0x6961D88B,-47,1460,352,-0.18359375,5.703125,1.375,0,0x14,0,0,0,1,0,1,1,0,0,0,,,,,,,,,,,,,,,,,,,,,,
383,8,LOD_APPROACH,12.8,534897,16323.760986328125,1524,46.5087890625,21.501312335958005,17,0.518798828125,1506,45.95947265625,1,0.030517578125,0x28A5ED36,-46,1481,353,-0.1796875,5.78515625,1.37890625,0,0x14,0,0,0,1,0,1,1,0,0,0,,,,,,,,,,,,,,,,,,,,,,
384,8,LOD_APPROACH,12.833333333333334,536422,16370.30029296875,1525,46.539306640625,21.4872131147541,18,0.54931640625,1507,45.989990234375,0,0.0,0xE48DD0E9,-45,1502,354,-0.17578125,5.8671875,1.3828125,0,0x14,0,0,0,1,0,1,1,0,0,0,,,,,,,,,,,,,,,,,,,,,,
385,8,LOD_APPROACH,12.866666666666667,537944,16416.748046875,1522,46.44775390625,21.529566360052563,17,0.518798828125,1504,45.8984375,1,0.030517578125,0xC38C156C,-44,1523,355,-0.171875,5.94921875,1.38671875,0,0x14,0,0,0,1,0,1,1,0,0,0,,,,,,,,,,,,,,,,,,,,,,
386,8,LOD_APPROACH,12.9,539455,16462.860107421875,1511,46.112060546875,21.686300463269358,18,0.54931640625,1493,45.562744140625,0,0.0,0x8254B51C,-43,1544,356,-0.16796875,6.03125,1.390625,0,0x14,0,0,0,1,0,1,1,0,0,0,,,,,,,,,,,,,,,,,,,,,,
387,8,LOD_APPROACH,12.933333333333334,540967,16509.002685546875,1512,46.142578125,21.67195767195767,17,0.518798828125,1495,45.623779296875,0,0.0,0xF9894479,-42,1565,357,-0.1640625,6.11328125,1.39453125,0,0x14,0,0,0,1,0,1,1,0,0,0,,,,,,,,,,,,,,,,,,,,,,
388,8,LOD_APPROACH,12.966666666666667,542495,16555.633544921875,1528,46.630859375,21.445026178010473,17,0.518798828125,1511,46.112060546875,0,0.0,0x404CAEBE,-41,1586,358,-0.16015625,6.1953125,1.3984375,0,0x14,0,0,0,1,0,1,1,0,0,0,,,,,,,,,,,,,,,,,,,,,,
389,8,LOD_APPROACH,13.0,544028,16602.4169921875,1533,46.783447265625,21.3750815394651,18,0.54931640625,1514,46.20361328125,1,0.030517578125,0x4A50E553,-40,1607,359,-0.15625,6.27734375,1.40234375,0,0x14,0,0,0,1,0,1,1,0,0,0,,,,,,,,,,,,,,,,,,,,,,
390,8,LOD_APPROACH,13.033333333333333,545655,16652.069091796875,1627,49.652099609375,20.14013521819299,18,0.54931640625,1609,49.102783203125,0,0.0,0x7ED10880,-39,1628,360,-0.15234375,6.359375,1.40625,0,0x14,0,0,0,1,0,1,1,0,0,0,,,,,,,,,,,,,,,,,,,,,,
391,8,LOD_APPROACH,13.066666666666666,547292,16702.0263671875,1637,49.957275390625,20.01710445937691,17,0.518798828125,1619,49.407958984375,1,0.030517578125,0xC510522D,-38,1649,361,-0.1484375,6.44140625,1.41015625,0,0x14,0,0,0,1,0,1,1,0,0,0,,,,,,,,,,,,,,,,,,,,,,
392,8,LOD_APPROACH,13.1,548931,16752.044677734375,1639,50.018310546875,19.99267846247712,18,0.54931640625,1620,49.4384765625,1,0.030517578125,0x2D35DF92,-37,1670,362,-0.14453125,6.5234375,1.4140625,0,0x14,0,0,0,1,0,1,1,0,0,0,,,,,,,,,,,,,,,,,,,,,,
393,8,LOD_APPROACH,13.133333333333333,550596,16802.8564453125,1665,50.811767578125,19.68048048048048,18,0.54931640625,1646,50.23193359375,1,0.030517578125,0xEDF495F7,-36,1691,363,-0.140625,6.60546875,1.41796875,0,0x14,0,0,0,1,0,1,1,0,0,0,,,,,,,,,,,,,,,,,,,,,,
394,8,LOD_APPROACH,13.166666666666666,552262,16853.69873046875,1666,50.84228515625,19.668667466986793,18,0.54931640625,1647,50.262451171875,1,0.030517578125,0xA1277674,-35,1712,364,-0.13671875,6.6875,1.421875,0,0x14,0,0,0,1,0,1,1,0,0,0,,,,,,,,,,,,,,,,,,,,,,
395,8,LOD_APPROACH,13.2,553930,16904.60205078125,1668,50.9033203125,19.645083932853716,18,0.54931640625,1649,50.323486328125,1,0.030517578125,0x15EEA471,-34,1733,365,-0.1328125,6.76953125,1.42578125,0,0x14,0,0,0,1,0,1,1,0,0,0,,,,,,,,,,,,,,,,,,,,,,
396,8,LOD_APPROACH,13.233333333333333,555684,16958.1298828125,1754,53.52783203125,18.68187001140251,18,0.54931640625,1735,52.947998046875,1,0.030517578125,0xB4086516,-33,1754,366,-0.12890625,6.8515625,1.4296875,0,0x14,0,0,0,1,0,1,1,0,0,0,,,,,,,,,,,,,,,,,,,,,,
397,8,LOD_APPROACH,13.266666666666667,557341,17008.697509765625,1657,50.567626953125,19.775497887748944,18,0.54931640625,1639,50.018310546875,0,0.0,0xD3CEDB6B,-32,1775,367,-0.125,6.93359375,1.43359375,0,0x14,0,0,0,1,0,1,1,0,0,0,,,,,,,,,,,,,,,,,,,,,,
398,8,LOD_APPROACH,13.3,559000,17059.326171875,1659,50.628662109375,19.751657625075346,18,0.54931640625,1640,50.048828125,1,0.030517578125,0x37907739,-31,1796,368,-0.12109375,7.015625,1.4375,0,0x14,0,0,0,1,0,1,1,0,0,0,,,,,,,,,,,,,,,,,,,,,,
399,8,LOD_APPROACH,13.333333333333334,560779,17113.616943359375,1779,54.290771484375,18.419336706014615,18,0.54931640625,1761,53.741455078125,0,0.0,0x354D8EB4,-30,1817,369,-0.1171875,7.09765625,1.44140625,0,0x14,0,0,0,1,0,1,1,0,0,0,,,,,,,,,,,,,,,,,,,,,,
400,8,LOD_APPROACH,13.366666666666667,562562,17168.02978515625,1783,54.412841796875,18.37801458216489,17,0.518798828125,1765,53.863525390625,1,0.030517578125,0xB989B73B,-29,1838,370,-0.11328125,7.1796875,1.4453125,0,0x14,0,0,0,1,0,1,1,0,0,0,,,,,,,,,,,,,,,,,,,,,,
401,8,LOD_APPROACH,13.4,564338,17222.22900390625,1776,54.19921875,18.45045045045045,18,0.54931640625,1757,53.619384765625,1,0.030517578125,0xA649088E,-28,1859,371,-0.109375,7.26171875,1.44921875,0,0x14,0,0,0,1,0,1,1,0,0,0,,,,,,,,,,,,,,,,,,,,,,
402,8,LOD_APPROACH,13.433333333333334,566108,17276.2451171875,1770,54.01611328125,18.512994350282487,18,0.54931640625,1752,53.466796875,0,0.0,0x81CF51ED,-27,1880,372,-0.10546875,7.34375,1.453125,0,0x14,0,0,0,1,0,1,1,0,0,0,,,,,,,,,,,,,,,,,,,,,,
403,8,LOD_APPROACH,13.466666666666667,567911,17331.268310546875,1803,55.023193359375,18.174154187465337,18,0.54931640625,1785,54.473876953125,0,0.0,0x141BC178,-26,1901,373,-0.1015625,7.42578125,1.45703125,0,0x14,0,0,0,1,0,1,1,0,0,0,,,,,,,,,,,,,,,,,,,,,,
404,8,LOD_APPROACH,13.5,569737,17386.993408203125,1826,55.72509765625,17.94523548740416,18,0.54931640625,1808,55.17578125,0,0.0,0xBB50435F,-25,1922,374,-0.09765625,7.5078125,1.4609375,0,0x14,0,0,0,1,0,1,1,0,0,0,,,,,,,,,,,,,,,,,,,,,,
405,8,LOD_APPROACH,13.533333333333333,571564,17442.7490234375,1827,55.755615234375,17.935413245758074,17,0.518798828125,1809,55.206298828125,1,0.030517578125,0x03554D82,-24,1943,375,-0.09375,7.58984375,1.46484375,0,0x14,0,0,0,1,0,1,1,0,0,0,,,,,,,,,,,,,,,,,,,,,,
406,8,LOD_APPROACH,13.566666666666666,573410,17499.08447265625,1846,56.33544921875,17.750812567713975,18,0.54931640625,1827,55.755615234375,1,0.030517578125,0x3EEA4DA1,-23,1964,376,-0.08984375,7.671875,1.46875,0,0x14,0,0,0,1,0,1,1,0,0,0,,,,,,,,,,,,,,,,,,,,,,
407,8,LOD_APPROACH,13.6,575258,17555.48095703125,1848,56.396484375,17.73160173160173,18,0.54931640625,1829,55.816650390625,1,0.030517578125,0x3C71A03C,-22,1985,377,-0.0859375,7.75390625,1.47265625,0,0x14,0,0,0,1,0,1,1,0,0,0,,,,,,,,,,,,,,,,,,,,,,
408,8,LOD_APPROACH,13.633333333333333,577123,17612.396240234375,1865,56.915283203125,17.569973190348527,18,0.54931640625,1846,56.33544921875,1,0.030517578125,0xDC36DBE3,-21,2006,378,-0.08203125,7.8359375,1.4765625,0,0x14,0,0,0,1,0,1,1,0,0,0,,,,,,,,,,,,,,,,,,,,,,
409,8,LOD_APPROACH,13.666666666666666,578992,17669.43359375,1869,57.037353515625,17.532370251471374,18,0.54931640625,1850,56.45751953125,1,0.030517578125,0xAEE872D6,-20,2027,379,-0.078125,7.91796875,1.48046875,0,0x14,0,0,0,1,0,1,1,0,0,0,,,,,,,,,,,,,,,,,,,,,,
410,8,LOD_APPROACH,13.7,580866,17726.62353515625,1874,57.18994140625,17.485592315901815,18,0.54931640625,1856,56.640625,0,0.0,0xF16AEBE2,-19,2048,380,-0.07421875,8.0,1.484375,0,0x14,0,0,0,1,0,1,1,0,0,0,,,,,,,,,,,,,,,,,,,,,,
411,8,LOD_APPROACH,13.733333333333333,582739,17783.782958984375,1873,57.159423828125,17.49492792311799,17,0.518798828125,1855,56.610107421875,1,0.030517578125,0xD823C5E7,-18,2069,381,-0.0703125,8.08203125,1.48828125,0,0x14,0,0,0,1,0,1,1,0,0,0,,,,,,,,,,,,,,,,,,,,,,
412,8,LOD_APPROACH,13.766666666666667,584614,17841.00341796875,1875,57.220458984375,17.476266666666668,18,0.54931640625,1857,56.671142578125,0,0.0,0x15BBCA40,-17,2090,382,-0.06640625,8.1640625,1.4921875,0,0x14,0,0,0,1,0,1,1,0,0,0,,,,,,,,,,,,,,,,,,,,,,
413,8,LOD_APPROACH,13.8,586509,17898.834228515625,1895,57.830810546875,17.291820580474933,17,0.518798828125,1877,57.281494140625,1,0.030517578125,0x73E6CF6D,-16,2111,383,-0.0625,8.24609375,1.49609375,0,0x14,0,0,0,1,0,1,1,0,0,0,,,,,,,,,,,,,,,,,,,,,,
414,8,LOD_APPROACH,13.833333333333334,588446,17957.94677734375,1937,59.112548828125,16.91688177594218,18,0.54931640625,1918,58.53271484375,1,0.030517578125,0x77C63D5E,-15,2132,384,-0.05859375,8.328125,1.5,0,0x14,0,0,0,1,0,1,1,0,0,0,,,,,,,,,,,,,,,,,,,,,,
415,8,LOD_APPROACH,13.866666666666667,590424,18018.310546875,1978,60.36376953125,16.566228513650152,18,0.54931640625,1960,59.814453125,0,0.0,0x0B82ACF3,-14,2153,385,-0.0546875,8.41015625,1.50390625,0,0x14,0,0,0,1,0,1,1,0,0,0,,,,,,,,,,,,,,,,,,,,,,
416,8,LOD_APPROACH,13.9,592408,18078.857421875,1984,60.546875,16.516129032258064,17,0.518798828125,1966,59.99755859375,1,0.030517578125,0xAF688A0C,-13,2174,386,-0.05078125,8.4921875,1.5078125,0,0x16,1,1,0,1,0,1,1,0,0,0,60.028076171875,0.030517578125,0.1220703125,13.36669921875,3.5400390625,3.23486328125,22.796630859375,2.38037109375,0.030517578125,13.0615234375,1.46484375,0,0,0,0,0,0,0,0,0,0,0
417,8,LOD_APPROACH,13.933333333333334,594386,18139.22119140625,1978,60.36376953125,16.566228513650152,18,0.54931640625,1960,59.814453125,0,0.0,0x73C02589,-12,2195,387,-0.046875,8.57421875,1.51171875,0,0x14,0,0,0,1,0,1,1,0,0,0,,,,,,,,,,,,,,,,,,,,,,
418,8,LOD_APPROACH,13.966666666666667,596364,18199.5849609375,1978,60.36376953125,16.566228513650152,17,0.518798828125,1961,59.844970703125,0,0.0,0xAB9B46AA,-11,2216,388,-0.04296875,8.65625,1.515625,0,0x14,0,0,0,1,0,1,1,0,0,0,,,,,,,,,,,,,,,,,,,,,,
419,8,LOD_APPROACH,14.0,598336,18259.765625,1972,60.1806640625,16.616632860040568,17,0.518798828125,1954,59.63134765625,1,0.030517578125,0x33D8802F,-10,2237,389,-0.0390625,8.73828125,1.51953125,0,0x14,0,0,0,1,0,1,1,0,0,0,,,,,,,,,,,,,,,,,,,,,,
420,8,LOD_APPROACH,14.033333333333333,600305,18319.854736328125,1969,60.089111328125,16.641950228542406,18,0.54931640625,1950,59.50927734375,1,0.030517578125,0xC446B768,-9,2258,390,-0.03515625,8.8203125,1.5234375,0,0x14,0,0,0,1,0,1,1,0,0,0,,,,,,,,,,,,,,,,,,,,,,
421,8,LOD_APPROACH,14.066666666666666,602273,18379.913330078125,1968,60.05859375,16.650406504065042,18,0.54931640625,1950,59.50927734375,0,0.0,0x51285415,-8,2279,391,-0.03125,8.90234375,1.52734375,0,0x14,0,0,0,1,0,1,1,0,0,0,,,,,,,,,,,,,,,,,,,,,,
422,8,LOD_APPROACH,14.1,604240,18439.94140625,1967,60.028076171875,16.658871377732588,17,0.518798828125,1949,59.478759765625,1,0.030517578125,0x70E57126,-7,2300,392,-0.02734375,8.984375,1.53125,0,0x14,0,0,0,1,0,1,1,0,0,0,,,,,,,,,,,,,,,,,,,,,,
423,8,LOD_APPROACH,14.133333333333333,606183,18499.237060546875,1943,59.295654296875,16.864642305712817,18,0.54931640625,1925,58.746337890625,0,0.0,0xA7C9170A,-6,2321,393,-0.0234375,9.06640625,1.53515625,0,0x14,0,0,0,1,0,1,1,0,0,0,,,,,,,,,,,,,,,,,,,,,,
424,8,LOD_APPROACH,14.166666666666666,608084,18557.2509765625,1901,58.013916015625,17.237243556023145,17,0.518798828125,1883,57.464599609375,1,0.030517578125,0x4BE464A5,-5,2342,394,-0.01953125,9.1484375,1.5390625,0,0x14,0,0,0,1,0,1,1,0,0,0,,,,,,,,,,,,,,,,,,,,,,
425,8,LOD_APPROACH,14.2,609961,18614.532470703125,1877,57.281494140625,17.45764517847629,18,0.54931640625,1859,56.732177734375,0,0.0,0x4FA9DD30,-4,2363,395,-0.015625,9.23046875,1.54296875,0,0x14,0,0,0,1,0,1,1,0,0,0,,,,,,,,,,,,,,,,,,,,,,
426,8,LOD_APPROACH,14.233333333333333,611828,18671.5087890625,1867,56.976318359375,17.551151580074986,17,0.518798828125,1850,56.45751953125,0,0.0,0xF4A56F73,-3,2384,396,-0.01171875,9.3125,1.546875,0,0x14,0,0,0,1,0,1,1,0,0,0,,,,,,,,,,,,,,,,,,,,,,
427,8,LOD_APPROACH,14.266666666666667,613699,18728.607177734375,1871,57.098388671875,17.513629075360768,18,0.54931640625,1852,56.5185546875,1,0.030517578125,0x8BFE6F46,-2,2405,397,-0.0078125,9.39453125,1.55078125,0,0x14,0,0,0,1,0,1,1,0,0,0,,,,,,,,,,,,,,,,,,,,,,
428,8,LOD_APPROACH,14.3,615444,18781.8603515625,1745,53.253173828125,18.778223495702004,18,0.54931640625,1727,52.703857421875,0,0.0,0xDCCA4BE1,-1,2426,398,-0.00390625,9.4765625,1.5546875,0,0x14,0,0,0,1,0,1,1,0,0,0,,,,,,,,,,,,,,,,,,,,,,
429,8,LOD_APPROACH,14.333333333333334,617242,18836.73095703125,1798,54.87060546875,18.224694104560623,17,0.518798828125,1781,54.351806640625,0,0.0,0x0ED9BE1A,0,2447,399,0.0,9.55859375,1.55859375,0,0x14,0,0,0,1,0,1,1,0,0,0,,,,,,,,,,,,,,,,,,,,,,
430,8,LOD_APPROACH,14.366666666666667,619059,18892.181396484375,1817,55.450439453125,18.03412217941662,18,0.54931640625,1799,54.901123046875,0,0.0,0x40AE6F75,1,2468,400,0.00390625,9.640625,1.5625,0,0x14,0,0,0,1,0,1,1,0,0,0,,,,,,,,,,,,,,,,,,,,,,
431,8,LOD_APPROACH,14.4,620879,18947.723388671875,1820,55.5419921875,18.004395604395604,18,0.54931640625,1801,54.962158203125,1,0.030517578125,0x06EC46A0,2,2489,401,0.0078125,9.72265625,1.56640625,0,0x14,0,0,0,1,0,1,1,0,0,0,,,,,,,,,,,,,,,,,,,,,,
432,8,LOD_APPROACH,14.433333333333334,622956,19011.1083984375,2077,63.385009765625,15.776600866634569,897,27.374267578125,1179,35.980224609375,1,0.030517578125,0x545FA80F,3069,1262,1186,11.98828125,4.9296875,4.6328125,1,0x15,0,0,1,1,0,1,1,0,0,0,,,,,,,,,,,,,,,,,,,,,,
433,8,LOD_APPROACH,14.466666666666667,624153,19047.637939453125,1197,36.529541015625,27.375104427736005,18,0.54931640625,1178,35.94970703125,1,0.030517578125,0x2D2E4954,3069,1262,1165,11.98828125,4.9296875,4.55078125,1,0x14,0,0,0,1,0,1,1,0,0,0,,,,,,,,,,,,,,,,,,,,,,
434,8,LOD_APPROACH,14.5,625347,19084.075927734375,1194,36.43798828125,27.44388609715243,18,0.54931640625,1176,35.888671875,0,0.0,0xF000B19D,3069,1262,1144,11.98828125,4.9296875,4.46875,1,0x14,0,0,0,1,0,1,1,0,0,0,,,,,,,,,,,,,,,,,,,,,,
435,8,LOD_APPROACH,14.533333333333333,626539,19120.452880859375,1192,36.376953125,27.48993288590604,18,0.54931640625,1174,35.82763671875,0,0.0,0x84453EEE,3069,1262,1123,11.98828125,4.9296875,4.38671875,1,0x14,0,0,0,1,0,1,1,0,0,0,,,,,,,,,,,,,,,,,,,,,,
436,8,LOD_APPROACH,14.566666666666666,627729,19156.768798828125,1190,36.31591796875,27.536134453781514,18,0.54931640625,1171,35.736083984375,1,0.030517578125,0x0D408297,3069,1262,1102,11.98828125,4.9296875,4.3046875,1,0x14,0,0,0,1,0,1,1,0,0,0,,,,,,,,,,,,,,,,,,,,,,
437,8,LOD_APPROACH,14.6,628919,19193.084716796875,1190,36.31591796875,27.536134453781514,18,0.54931640625,1171,35.736083984375,1,0.030517578125,0x8028BE00,3069,1262,1081,11.98828125,4.9296875,4.22265625,1,0x1C,0,0,0,1,1,1,1,0,0,0,,,,,,,,,,,,,,,,,,,,,,
438,9,FREECAM_YAW,14.633333333333333,630112,19229.4921875,1193,36.407470703125,27.466890192791283,24,0.732421875,1169,35.675048828125,0,0.0,0x53C02975,3069,1262,1081,11.98828125,4.9296875,4.22265625,1,0x14,0,0,0,1,0,1,0,1,0,0,,,,,,,,,,,,,,,,,,,,,,
439,9,FREECAM_YAW,14.666666666666666,631306,19265.93017578125,1194,36.43798828125,27.44388609715243,25,0.762939453125,1169,35.675048828125,0,0.0,0xA2A40271,3069,1262,1081,11.98828125,4.9296875,4.22265625,1,0x14,0,0,0,1,0,1,0,1,0,0,,,,,,,,,,,,,,,,,,,,,,
440,9,FREECAM_YAW,14.7,632480,19301.7578125,1174,35.82763671875,27.911413969335605,24,0.732421875,1150,35.09521484375,0,0.0,0xC113AF95,3069,1262,1081,11.98828125,4.9296875,4.22265625,1,0x14,0,0,0,1,0,1,0,1,0,0,,,,,,,,,,,,,,,,,,,,,,
441,9,FREECAM_YAW,14.733333333333333,633640,19337.158203125,1160,35.400390625,28.248275862068965,25,0.762939453125,1134,34.60693359375,1,0.030517578125,0xFF8769B6,3069,1262,1081,11.98828125,4.9296875,4.22265625,1,0x14,0,0,0,1,0,1,0,1,0,0,,,,,,,,,,,,,,,,,,,,,,
442,9,FREECAM_YAW,14.766666666666667,634784,19372.0703125,1144,34.912109375,28.643356643356643,25,0.762939453125,1118,34.11865234375,1,0.030517578125,0x042130CE,3069,1262,1081,11.98828125,4.9296875,4.22265625,1,0x14,0,0,0,1,0,1,0,1,0,0,,,,,,,,,,,,,,,,,,,,,,
443,9,FREECAM_YAW,14.8,635892,19405.8837890625,1108,33.8134765625,29.574007220216608,25,0.762939453125,1083,33.050537109375,0,0.0,0x70927F5D,3069,1262,1081,11.98828125,4.9296875,4.22265625,1,0x14,0,0,0,1,0,1,0,1,0,0,,,,,,,,,,,,,,,,,,,,,,
444,9,FREECAM_YAW,14.833333333333334,636972,19438.8427734375,1080,32.958984375,30.340740740740742,24,0.732421875,1056,32.2265625,0,0.0,0xD2CB2DFC,3069,1262,1081,11.98828125,4.9296875,4.22265625,1,0x14,0,0,0,1,0,1,0,1,0,0,,,,,,,,,,,,,,,,,,,,,,
445,9,FREECAM_YAW,14.866666666666667,637953,19468.780517578125,981,29.937744140625,33.4026503567788,25,0.762939453125,955,29.144287109375,1,0.030517578125,0x0DC77C76,3069,1262,1081,11.98828125,4.9296875,4.22265625,1,0x14,0,0,0,1,0,1,0,1,0,0,,,,,,,,,,,,,,,,,,,,,,
446,9,FREECAM_YAW,14.9,638911,19498.016357421875,958,29.23583984375,34.20459290187891,25,0.762939453125,932,28.4423828125,1,0.030517578125,0x646433BE,3069,1262,1081,11.98828125,4.9296875,4.22265625,1,0x14,0,0,0,1,0,1,0,1,0,0,,,,,,,,,,,,,,,,,,,,,,
447,9,FREECAM_YAW,14.933333333333334,639773,19524.322509765625,862,26.30615234375,38.01392111368909,25,0.762939453125,837,25.543212890625,0,0.0,0x3DDA4090,3069,1262,1081,11.98828125,4.9296875,4.22265625,1,0x14,0,0,0,1,0,1,0,1,0,0,,,,,,,,,,,,,,,,,,,,,,
448,9,FREECAM_YAW,14.966666666666667,640636,19550.6591796875,863,26.336669921875,37.96987253765933,25,0.762939453125,838,25.57373046875,0,0.0,0xFFCB4259,3069,1262,1081,11.98828125,4.9296875,4.22265625,1,0x14,0,0,0,1,0,1,0,1,0,0,,,,,,,,,,,,,,,,,,,,,,
449,9,FREECAM_YAW,15.0,641499,19576.995849609375,863,26.336669921875,37.96987253765933,25,0.762939453125,838,25.57373046875,0,0.0,0xBF360EA3,3069,1262,1081,11.98828125,4.9296875,4.22265625,1,0x14,0,0,0,1,0,1,0,1,0,0,,,,,,,,,,,,,,,,,,,,,,
450,9,FREECAM_YAW,15.033333333333333,642457,19606.231689453125,958,29.23583984375,34.20459290187891,25,0.762939453125,932,28.4423828125,1,0.030517578125,0x60A33A9C,3069,1262,1081,11.98828125,4.9296875,4.22265625,1,0x14,0,0,0,1,0,1,0,1,0,0,,,,,,,,,,,,,,,,,,,,,,
451,9,FREECAM_YAW,15.066666666666666,643415,19635.467529296875,958,29.23583984375,34.20459290187891,25,0.762939453125,932,28.4423828125,1,0.030517578125,0x198020E6,3069,1262,1081,11.98828125,4.9296875,4.22265625,1,0x14,0,0,0,1,0,1,0,1,0,0,,,,,,,,,,,,,,,,,,,,,,
452,9,FREECAM_YAW,15.1,644491,19668.304443359375,1076,32.8369140625,30.45353159851301,25,0.762939453125,1051,32.073974609375,0,0.0,0x3F7972FA,3069,1262,1081,11.98828125,4.9296875,4.22265625,1,0x14,0,0,0,1,0,1,0,1,0,0,,,,,,,,,,,,,,,,,,,,,,
453,9,FREECAM_YAW,15.133333333333333,645573,19701.324462890625,1082,33.02001953125,30.284658040665434,25,0.762939453125,1057,32.257080078125,0,0.0,0x8BBE58C6,3069,1262,1081,11.98828125,4.9296875,4.22265625,1,0x14,0,0,0,1,0,1,0,1,0,0,,,,,,,,,,,,,,,,,,,,,,
454,9,FREECAM_YAW,15.166666666666666,646685,19735.260009765625,1112,33.935546875,29.467625899280577,24,0.732421875,1088,33.203125,0,0.0,0x2E1DABB5,3069,1262,1081,11.98828125,4.9296875,4.22265625,1,0x14,0,0,0,1,0,1,0,1,0,0,,,,,,,,,,,,,,,,,,,,,,
455,9,FREECAM_YAW,15.2,647832,19770.263671875,1147,35.003662109375,28.568439407149086,25,0.762939453125,1122,34.24072265625,0,0.0,0x738F6485,3069,1262,1081,11.98828125,4.9296875,4.22265625,1,0x14,0,0,0,1,0,1,0,1,0,0,,,,,,,,,,,,,,,,,,,,,,
456,9,FREECAM_YAW,15.233333333333333,648994,19805.72509765625,1162,35.46142578125,28.199655765920827,25,0.762939453125,1137,34.698486328125,0,0.0,0x0BBF162F,3069,1262,1081,11.98828125,4.9296875,4.22265625,1,0x14,0,0,0,1,0,1,0,1,0,0,,,,,,,,,,,,,,,,,,,,,,
457,9,FREECAM_YAW,15.266666666666667,650175,19841.766357421875,1181,36.041259765625,27.745977984758678,25,0.762939453125,1155,35.247802734375,1,0.030517578125,0x288A2C51,3069,1262,1081,11.98828125,4.9296875,4.22265625,1,0x14,0,0,0,1,0,1,0,1,0,0,,,,,,,,,,,,,,,,,,,,,,
458,9,FREECAM_YAW,15.3,651368,19878.173828125,1193,36.407470703125,27.466890192791283,25,0.762939453125,1167,35.614013671875,1,0.030517578125,0x2E6A0A0E,3069,1262,1081,11.98828125,4.9296875,4.22265625,1,0x14,0,0,0,1,0,1,0,1,0,0,,,,,,,,,,,,,,,,,,,,,,
459,9,FREECAM_YAW,15.333333333333334,652564,19914.6728515625,1196,36.4990234375,27.39799331103679,25,0.762939453125,1170,35.70556640625,1,0.030517578125,0x83B902EA,3069,1262,1081,11.98828125,4.9296875,4.22265625,1,0x14,0,0,0,1,0,1,0,1,0,0,,,,,,,,,,,,,,,,,,,,,,
460,9,FREECAM_YAW,15.366666666666667,653760,19951.171875,1196,36.4990234375,27.39799331103679,25,0.762939453125,1170,35.70556640625,1,0.030517578125,0x926FA628,3069,1262,1081,11.98828125,4.9296875,4.22265625,1,0x14,0,0,0,1,0,1,0,1,0,0,,,,,,,,,,,,,,,,,,,,,,
461,9,FREECAM_YAW,15.4,654939,19987.152099609375,1179,35.980224609375,27.793044953350297,25,0.762939453125,1154,35.21728515625,0,0.0,0x49EC8067,3069,1262,1081,11.98828125,4.9296875,4.22265625,1,0x14,0,0,0,1,0,1,0,1,0,0,,,,,,,,,,,,,,,,,,,,,,
462,9,FREECAM_YAW,15.433333333333334,656101,20022.613525390625,1162,35.46142578125,28.199655765920827,24,0.732421875,1137,34.698486328125,1,0.030517578125,0x299B9677,3069,1262,1081,11.98828125,4.9296875,4.22265625,1,0x14,0,0,0,1,0,1,0,1,0,0,,,,,,,,,,,,,,,,,,,,,,
463,9,FREECAM_YAW,15.466666666666667,657251,20057.708740234375,1150,35.09521484375,28.493913043478262,25,0.762939453125,1124,34.3017578125,1,0.030517578125,0x9BDD0F89,3069,1262,1081,11.98828125,4.9296875,4.22265625,1,0x14,0,0,0,1,0,1,0,1,0,0,,,,,,,,,,,,,,,,,,,,,,
464,9,FREECAM_YAW,15.5,658387,20092.376708984375,1136,34.66796875,28.845070422535212,25,0.762939453125,1111,33.905029296875,0,0.0,0xD178667F,3069,1262,1081,11.98828125,4.9296875,4.22265625,1,0x14,0,0,0,1,0,1,0,1,0,0,,,,,,,,,,,,,,,,,,,,,,
465,9,FREECAM_YAW,15.533333333333333,659468,20125.3662109375,1081,32.989501953125,30.31267345050879,24,0.732421875,1057,32.257080078125,0,0.0,0x44428AB8,3069,1262,1081,11.98828125,4.9296875,4.22265625,1,0x14,0,0,0,1,0,1,0,1,0,0,,,,,,,,,,,,,,,,,,,,,,
466,9,FREECAM_YAW,15.566666666666666,660458,20155.57861328125,990,30.21240234375,33.0989898989899,25,0.762939453125,964,29.4189453125,1,0.030517578125,0x5A543504,3069,1262,1081,11.98828125,4.9296875,4.22265625,1,0x14,0,0,0,1,0,1,0,1,0,0,,,,,,,,,,,,,,,,,,,,,,
467,9,FREECAM_YAW,15.6,661448,20185.791015625,990,30.21240234375,33.0989898989899,25,0.762939453125,965,29.449462890625,0,0.0,0x8890F534,3069,1262,1081,11.98828125,4.9296875,4.22265625,1,0x14,0,0,0,1,0,1,0,1,0,0,,,,,,,,,,,,,,,,,,,,,,
468,9,FREECAM_YAW,15.633333333333333,662442,20216.12548828125,994,30.33447265625,32.96579476861167,25,0.762939453125,969,29.571533203125,0,0.0,0x07E496EE,3069,1262,1081,11.98828125,4.9296875,4.22265625,1,0x14,0,0,0,1,0,1,0,1,0,0,,,,,,,,,,,,,,,,,,,,,,
469,9,FREECAM_YAW,15.666666666666666,663451,20246.917724609375,1009,30.792236328125,32.47571853320119,25,0.762939453125,983,29.998779296875,1,0.030517578125,0x0E8CE62B,3069,1262,1081,11.98828125,4.9296875,4.22265625,1,0x14,0,0,0,1,0,1,0,1,0,0,,,,,,,,,,,,,,,,,,,,,,
470,9,FREECAM_YAW,15.7,664457,20277.618408203125,1006,30.70068359375,32.57256461232604,25,0.762939453125,980,29.9072265625,1,0.030517578125,0x6C7F7CAB,3069,1262,1081,11.98828125,4.9296875,4.22265625,1,0x14,0,0,0,1,0,1,0,1,0,0,,,,,,,,,,,,,,,,,,,,,,
471,9,FREECAM_YAW,15.733333333333333,665454,20308.04443359375,997,30.426025390625,32.866599799398195,25,0.762939453125,971,29.632568359375,1,0.030517578125,0x1860A20C,3069,1262,1081,11.98828125,4.9296875,4.22265625,1,0x14,0,0,0,1,0,1,0,1,0,0,,,,,,,,,,,,,,,,,,,,,,
472,9,FREECAM_YAW,15.766666666666667,666447,20338.348388671875,993,30.303955078125,32.99899295065458,25,0.762939453125,968,29.541015625,0,0.0,0x790CD07A,3069,1262,1081,11.98828125,4.9296875,4.22265625,1,0x14,0,0,0,1,0,1,0,1,0,0,,,,,,,,,,,,,,,,,,,,,,
473,9,FREECAM_YAW,15.8,667439,20368.621826171875,992,30.2734375,33.03225806451613,24,0.732421875,968,29.541015625,0,0.0,0xC44C36AE,3069,1262,1081,11.98828125,4.9296875,4.22265625,1,0x14,0,0,0,1,0,1,0,1,0,0,,,,,,,,,,,,,,,,,,,,,,
474,9,FREECAM_YAW,15.833333333333334,668455,20399.627685546875,1016,31.005859375,32.25196850393701,24,0.732421875,991,30.242919921875,1,0.030517578125,0xF1AFE5AA,3069,1262,1081,11.98828125,4.9296875,4.22265625,1,0x14,0,0,0,1,0,1,0,1,0,0,,,,,,,,,,,,,,,,,,,,,,
475,9,FREECAM_YAW,15.866666666666667,669476,20430.7861328125,1021,31.158447265625,32.09402546523017,25,0.762939453125,995,30.364990234375,1,0.030517578125,0x5595FB91,3069,1262,1081,11.98828125,4.9296875,4.22265625,1,0x14,0,0,0,1,0,1,0,1,0,0,,,,,,,,,,,,,,,,,,,,,,
476,9,FREECAM_YAW,15.9,670602,20465.14892578125,1126,34.36279296875,29.101243339253998,25,0.762939453125,1101,33.599853515625,0,0.0,0x4E44351A,3069,1262,1081,11.98828125,4.9296875,4.22265625,1,0x14,0,0,0,1,0,1,0,1,0,0,,,,,,,,,,,,,,,,,,,,,,
477,9,FREECAM_YAW,15.933333333333334,671760,20500.48828125,1158,35.33935546875,28.29706390328152,25,0.762939453125,1133,34.576416015625,0,0.0,0x1DE63F1A,3069,1262,1081,11.98828125,4.9296875,4.22265625,1,0x14,0,0,0,1,0,1,0,1,0,0,,,,,,,,,,,,,,,,,,,,,,
478,9,FREECAM_YAW,15.966666666666667,672944,20536.62109375,1184,36.1328125,27.675675675675677,25,0.762939453125,1158,35.33935546875,1,0.030517578125,0x61EB8F87,3069,1262,1081,11.98828125,4.9296875,4.22265625,1,0x14,0,0,0,1,0,1,0,1,0,0,,,,,,,,,,,,,,,,,,,,,,
479,9,FREECAM_YAW,16.0,674115,20572.357177734375,1171,35.736083984375,27.982920580700256,25,0.762939453125,1145,34.942626953125,1,0.030517578125,0x649F3B8F,3069,1262,1081,11.98828125,4.9296875,4.22265625,1,0x14,0,0,0,1,0,1,0,1,0,0,,,,,,,,,,,,,,,,,,,,,,
480,9,FREECAM_YAW,16.033333333333335,675306,20608.70361328125,1191,36.346435546875,27.513014273719563,25,0.762939453125,1166,35.58349609375,0,0.0,0xD23C0287,3069,1262,1081,11.98828125,4.9296875,4.22265625,1,0x14,0,0,0,1,0,1,0,1,0,0,,,,,,,,,,,,,,,,,,,,,,
481,9,FREECAM_YAW,16.066666666666666,676494,20644.95849609375,1188,36.2548828125,27.58249158249158,24,0.732421875,1164,35.5224609375,0,0.0,0x9BA00F04,3069,1262,1081,11.98828125,4.9296875,4.22265625,1,0x14,0,0,0,1,0,1,0,1,0,0,,,,,,,,,,,,,,,,,,,,,,
482,9,FREECAM_YAW,16.1,677659,20680.511474609375,1165,35.552978515625,28.12703862660944,24,0.732421875,1140,34.7900390625,1,0.030517578125,0x5905AEFB,3069,1262,1081,11.98828125,4.9296875,4.22265625,1,0x14,0,0,0,1,0,1,0,1,0,0,,,,,,,,,,,,,,,,,,,,,,
483,9,FREECAM_YAW,16.133333333333333,678833,20716.339111328125,1174,35.82763671875,27.911413969335605,25,0.762939453125,1149,35.064697265625,0,0.0,0x1C3F4722,3069,1262,1081,11.98828125,4.9296875,4.22265625,1,0x14,0,0,0,1,0,1,0,1,0,0,,,,,,,,,,,,,,,,,,,,,,
484,9,FREECAM_YAW,16.166666666666668,679970,20751.03759765625,1137,34.698486328125,28.819700967458225,24,0.732421875,1113,33.966064453125,0,0.0,0x621C0819,3069,1262,1081,11.98828125,4.9296875,4.22265625,1,0x14,0,0,0,1,0,1,0,1,0,0,,,,,,,,,,,,,,,,,,,,,,
485,9,FREECAM_YAW,16.2,681100,20785.5224609375,1130,34.48486328125,28.998230088495575,24,0.732421875,1106,33.75244140625,0,0.0,0x3A0C8395,3069,1262,1081,11.98828125,4.9296875,4.22265625,1,0x14,0,0,0,1,0,1,0,1,0,0,,,,,,,,,,,,,,,,,,,,,,
486,9,FREECAM_YAW,16.233333333333334,682204,20819.2138671875,1104,33.69140625,29.681159420289855,24,0.732421875,1079,32.928466796875,1,0.030517578125,0x956E0910,3069,1262,1081,11.98828125,4.9296875,4.22265625,1,0x14,0,0,0,1,0,1,0,1,0,0,,,,,,,,,,,,,,,,,,,,,,
487,9,FREECAM_YAW,16.266666666666666,683301,20852.691650390625,1097,33.477783203125,29.870556061987237,25,0.762939453125,1072,32.71484375,0,0.0,0xF35E73A0,3069,1262,1081,11.98828125,4.9296875,4.22265625,1,0x14,0,0,0,1,0,1,0,1,0,0,,,,,,,,,,,,,,,,,,,,,,
488,9,FREECAM_YAW,16.3,684389,20885.894775390625,1088,33.203125,30.11764705882353,24,0.732421875,1063,32.440185546875,1,0.030517578125,0x32C0D7EA,3069,1262,1081,11.98828125,4.9296875,4.22265625,1,0x14,0,0,0,1,0,1,0,1,0,0,,,,,,,,,,,,,,,,,,,,,,
489,9,FREECAM_YAW,16.333333333333332,685278,20913.02490234375,889,27.130126953125,36.85939257592801,25,0.762939453125,863,26.336669921875,1,0.030517578125,0x57C44DCC,3069,1262,1081,11.98828125,4.9296875,4.22265625,1,0x14,0,0,0,1,0,1,0,1,0,0,,,,,,,,,,,,,,,,,,,,,,
490,9,FREECAM_YAW,16.366666666666667,686142,20939.39208984375,864,26.3671875,37.925925925925924,25,0.762939453125,838,25.57373046875,1,0.030517578125,0x89168DA8,3069,1262,1081,11.98828125,4.9296875,4.22265625,1,0x14,0,0,0,1,0,1,0,1,0,0,,,,,,,,,,,,,,,,,,,,,,
491,9,FREECAM_YAW,16.4,687006,20965.75927734375,864,26.3671875,37.925925925925924,25,0.762939453125,838,25.57373046875,1,0.030517578125,0xCB557735,3069,1262,1081,11.98828125,4.9296875,4.22265625,1,0x14,0,0,0,1,0,1,0,1,0,0,,,,,,,,,,,,,,,,,,,,,,
492,9,FREECAM_YAW,16.433333333333334,687869,20992.095947265625,863,26.336669921875,37.96987253765933,25,0.762939453125,838,25.57373046875,0,0.0,0x56F76AB7,3069,1262,1081,11.98828125,4.9296875,4.22265625,1,0x14,0,0,0,1,0,1,0,1,0,0,,,,,,,,,,,,,,,,,,,,,,
493,9,FREECAM_YAW,16.466666666666665,688757,21019.195556640625,888,27.099609375,36.9009009009009,24,0.732421875,863,26.336669921875,1,0.030517578125,0x83E47B49,3069,1262,1081,11.98828125,4.9296875,4.22265625,1,0x14,0,0,0,1,0,1,0,1,0,0,,,,,,,,,,,,,,,,,,,,,,
494,9,FREECAM_YAW,16.5,689844,21052.3681640625,1087,33.172607421875,30.145354185832566,25,0.762939453125,1062,32.40966796875,0,0.0,0xB18646C1,3069,1262,1081,11.98828125,4.9296875,4.22265625,1,0x14,0,0,0,1,0,1,0,1,0,0,,,,,,,,,,,,,,,,,,,,,,
495,9,FREECAM_YAW,16.533333333333335,690940,21085.8154296875,1096,33.447265625,29.8978102189781,24,0.732421875,1071,32.684326171875,1,0.030517578125,0x9119C7F9,3069,1262,1081,11.98828125,4.9296875,4.22265625,1,0x14,0,0,0,1,0,1,0,1,0,0,,,,,,,,,,,,,,,,,,,,,,
496,9,FREECAM_YAW,16.566666666666666,692060,21119.9951171875,1120,34.1796875,29.257142857142856,25,0.762939453125,1095,33.416748046875,0,0.0,0xF67F2C2F,3069,1262,1081,11.98828125,4.9296875,4.22265625,1,0x14,0,0,0,1,0,1,0,1,0,0,,,,,,,,,,,,,,,,,,,,,,
497,9,FREECAM_YAW,16.6,693191,21154.510498046875,1131,34.515380859375,28.97259062776304,24,0.732421875,1106,33.75244140625,1,0.030517578125,0x5DDFDFF8,3069,1262,1081,11.98828125,4.9296875,4.22265625,1,0x14,0,0,0,1,0,1,0,1,0,0,,,,,,,,,,,,,,,,,,,,,,
498,9,FREECAM_YAW,16.633333333333333,694328,21189.208984375,1137,34.698486328125,28.819700967458225,25,0.762939453125,1112,33.935546875,0,0.0,0xAB06698E,3069,1262,1081,11.98828125,4.9296875,4.22265625,1,0x14,0,0,0,1,0,1,0,1,0,0,,,,,,,,,,,,,,,,,,,,,,
499,9,FREECAM_YAW,16.666666666666668,695503,21225.067138671875,1175,35.858154296875,27.887659574468085,25,0.762939453125,1149,35.064697265625,1,0.030517578125,0x43E77967,3069,1262,1081,11.98828125,4.9296875,4.22265625,1,0x14,0,0,0,1,0,1,0,1,0,0,,,,,,,,,,,,,,,,,,,,,,
500,9,FREECAM_YAW,16.7,696679,21260.955810546875,1176,35.888671875,27.86394557823129,25,0.762939453125,1150,35.09521484375,1,0.030517578125,0x5CDADBC8,3069,1262,1081,11.98828125,4.9296875,4.22265625,1,0x14,0,0,0,1,0,1,0,1,0,0,,,,,,,,,,,,,,,,,,,,,,
501,9,FREECAM_YAW,16.733333333333334,697870,21297.30224609375,1191,36.346435546875,27.513014273719563,25,0.762939453125,1165,35.552978515625,1,0.030517578125,0x6DF32D85,3069,1262,1081,11.98828125,4.9296875,4.22265625,1,0x14,0,0,0,1,0,1,0,1,0,0,,,,,,,,,,,,,,,,,,,,,,
502,9,FREECAM_YAW,16.766666666666666,699045,21333.160400390625,1175,35.858154296875,27.887659574468085,25,0.762939453125,1150,35.09521484375,0,0.0,0x5CDADBC8,3069,1262,1081,11.98828125,4.9296875,4.22265625,1,0x14,0,0,0,1,0,1,0,-1,0,0,,,,,,,,,,,,,,,,,,,,,,
503,9,FREECAM_YAW,16.8,700218,21368.95751953125,1173,35.797119140625,27.935208866155158,24,0.732421875,1149,35.064697265625,0,0.0,0x43E77967,3069,1262,1081,11.98828125,4.9296875,4.22265625,1,0x14,0,0,0,1,0,1,0,-1,0,0,,,,,,,,,,,,,,,,,,,,,,
504,9,FREECAM_YAW,16.833333333333332,701356,21403.6865234375,1138,34.72900390625,28.794376098418276,25,0.762939453125,1112,33.935546875,1,0.030517578125,0xAB06698E,3069,1262,1081,11.98828125,4.9296875,4.22265625,1,0x14,0,0,0,1,0,1,0,-1,0,0,,,,,,,,,,,,,,,,,,,,,,
505,9,FREECAM_YAW,16.866666666666667,702488,21438.232421875,1132,34.5458984375,28.946996466431095,25,0.762939453125,1106,33.75244140625,1,0.030517578125,0x5DDFDFF8,3069,1262,1081,11.98828125,4.9296875,4.22265625,1,0x14,0,0,0,1,0,1,0,-1,0,0,,,,,,,,,,,,,,,,,,,,,,
506,9,FREECAM_YAW,16.9,703609,21472.442626953125,1121,34.210205078125,29.231043710972347,25,0.762939453125,1095,33.416748046875,1,0.030517578125,0xF67F2C2F,3069,1262,1081,11.98828125,4.9296875,4.22265625,1,0x14,0,0,0,1,0,1,0,-1,0,0,,,,,,,,,,,,,,,,,,,,,,
507,9,FREECAM_YAW,16.933333333333334,704706,21505.92041015625,1097,33.477783203125,29.870556061987237,25,0.762939453125,1071,32.684326171875,1,0.030517578125,0x9119C7F9,3069,1262,1081,11.98828125,4.9296875,4.22265625,1,0x14,0,0,0,1,0,1,0,-1,0,0,,,,,,,,,,,,,,,,,,,,,,
508,9,FREECAM_YAW,16.966666666666665,705793,21539.093017578125,1087,33.172607421875,30.145354185832566,25,0.762939453125,1062,32.40966796875,0,0.0,0xB18646C1,3069,1262,1081,11.98828125,4.9296875,4.22265625,1,0x14,0,0,0,1,0,1,0,-1,0,0,,,,,,,,,,,,,,,,,,,,,,
509,9,FREECAM_YAW,17.0,706681,21566.192626953125,888,27.099609375,36.9009009009009,24,0.732421875,863,26.336669921875,1,0.030517578125,0x83E47B49,3069,1262,1081,11.98828125,4.9296875,4.22265625,1,0x14,0,0,0,1,0,1,0,-1,0,0,,,,,,,,,,,,,,,,,,,,,,
510,9,FREECAM_YAW,17.033333333333335,707545,21592.559814453125,864,26.3671875,37.925925925925924,25,0.762939453125,838,25.57373046875,1,0.030517578125,0x56F76AB7,3069,1262,1081,11.98828125,4.9296875,4.22265625,1,0x14,0,0,0,1,0,1,0,-1,0,0,,,,,,,,,,,,,,,,,,,,,,
511,9,FREECAM_YAW,17.066666666666666,708409,21618.927001953125,864,26.3671875,37.925925925925924,25,0.762939453125,838,25.57373046875,1,0.030517578125,0xCB557735,3069,1262,1081,11.98828125,4.9296875,4.22265625,1,0x14,0,0,0,1,0,1,0,-1,0,0,,,,,,,,,,,,,,,,,,,,,,
512,9,FREECAM_YAW,17.1,709272,21645.263671875,863,26.336669921875,37.96987253765933,25,0.762939453125,838,25.57373046875,0,0.0,0x89168DA8,3069,1262,1081,11.98828125,4.9296875,4.22265625,1,0x14,0,0,0,1,0,1,0,-1,0,0,,,,,,,,,,,,,,,,,,,,,,
513,9,FREECAM_YAW,17.133333333333333,710160,21672.36328125,888,27.099609375,36.9009009009009,24,0.732421875,863,26.336669921875,1,0.030517578125,0x57C44DCC,3069,1262,1081,11.98828125,4.9296875,4.22265625,1,0x14,0,0,0,1,0,1,0,-1,0,0,,,,,,,,,,,,,,,,,,,,,,
514,9,FREECAM_YAW,17.166666666666668,711249,21705.596923828125,1089,33.233642578125,30.089990817263544,25,0.762939453125,1063,32.440185546875,1,0.030517578125,0x32C0D7EA,3069,1262,1081,11.98828125,4.9296875,4.22265625,1,0x14,0,0,0,1,0,1,0,-1,0,0,,,,,,,,,,,,,,,,,,,,,,
515,9,FREECAM_YAW,17.2,712347,21739.105224609375,1098,33.50830078125,29.84335154826958,25,0.762939453125,1072,32.71484375,1,0.030517578125,0xF35E73A0,3069,1262,1081,11.98828125,4.9296875,4.22265625,1,0x14,0,0,0,1,0,1,0,-1,0,0,,,,,,,,,,,,,,,,,,,,,,
516,9,FREECAM_YAW,17.233333333333334,713450,21772.76611328125,1103,33.660888671875,29.70806890299184,25,0.762939453125,1078,32.89794921875,0,0.0,0x956E0910,3069,1262,1081,11.98828125,4.9296875,4.22265625,1,0x14,0,0,0,1,0,1,0,-1,0,0,,,,,,,,,,,,,,,,,,,,,,
517,9,FREECAM_YAW,17.266666666666666,714581,21807.281494140625,1131,34.515380859375,28.97259062776304,25,0.762939453125,1106,33.75244140625,0,0.0,0x3A0C8395,3069,1262,1081,11.98828125,4.9296875,4.22265625,1,0x14,0,0,0,1,0,1,0,-1,0,0,,,,,,,,,,,,,,,,,,,,,,
518,9,FREECAM_YAW,17.3,715718,21841.97998046875,1137,34.698486328125,28.819700967458225,24,0.732421875,1113,33.966064453125,0,0.0,0x621C0819,3069,1262,1081,11.98828125,4.9296875,4.22265625,1,0x14,0,0,0,1,0,1,0,-1,0,0,,,,,,,,,,,,,,,,,,,,,,
519,9,FREECAM_YAW,17.333333333333332,716893,21877.838134765625,1175,35.858154296875,27.887659574468085,24,0.732421875,1150,35.09521484375,1,0.030517578125,0x1C3F4722,3069,1262,1081,11.98828125,4.9296875,4.22265625,1,0x14,0,0,0,1,0,1,0,-1,0,0,,,,,,,,,,,,,,,,,,,,,,
520,9,FREECAM_YAW,17.366666666666667,718057,21913.360595703125,1164,35.5224609375,28.151202749140893,25,0.762939453125,1139,34.759521484375,0,0.0,0x5905AEFB,3069,1262,1081,11.98828125,4.9296875,4.22265625,1,0x14,0,0,0,1,0,1,0,-1,0,0,,,,,,,,,,,,,,,,,,,,,,
521,9,FREECAM_YAW,17.4,719245,21949.615478515625,1188,36.2548828125,27.58249158249158,24,0.732421875,1164,35.5224609375,0,0.0,0x9BA00F04,3069,1262,1081,11.98828125,4.9296875,4.22265625,1,0x14,0,0,0,1,0,1,0,-1,0,0,,,,,,,,,,,,,,,,,,,,,,
522,9,FREECAM_YAW,17.433333333333334,720437,21985.992431640625,1192,36.376953125,27.48993288590604,25,0.762939453125,1167,35.614013671875,0,0.0,0xD23C0287,3069,1262,1081,11.98828125,4.9296875,4.22265625,1,0x14,0,0,0,1,0,1,0,-1,0,0,,,,,,,,,,,,,,,,,,,,,,
523,9,FREECAM_YAW,17.466666666666665,721607,22021.697998046875,1170,35.70556640625,28.006837606837607,24,0.732421875,1145,34.942626953125,1,0.030517578125,0x649F3B8F,3069,1262,1081,11.98828125,4.9296875,4.22265625,1,0x14,0,0,0,1,0,1,0,-1,0,0,,,,,,,,,,,,,,,,,,,,,,
524,9,FREECAM_YAW,17.5,722789,22057.769775390625,1182,36.07177734375,27.722504230118442,25,0.762939453125,1157,35.308837890625,0,0.0,0x61EB8F87,3069,1262,1081,11.98828125,4.9296875,4.22265625,1,0x14,0,0,0,1,0,1,0,-1,0,0,,,,,,,,,,,,,,,,,,,,,,
525,9,FREECAM_YAW,17.533333333333335,723946,22093.07861328125,1157,35.308837890625,28.32152117545376,24,0.732421875,1133,34.576416015625,0,0.0,0x1DE63F1A,3069,1262,1081,11.98828125,4.9296875,4.22265625,1,0x14,0,0,0,1,0,1,0,-1,0,0,,,,,,,,,,,,,,,,,,,,,,
526,9,FREECAM_YAW,17.566666666666666,725071,22127.410888671875,1125,34.332275390625,29.127111111111113,24,0.732421875,1101,33.599853515625,0,0.0,0x4E44351A,3069,1262,1081,11.98828125,4.9296875,4.22265625,1,0x14,0,0,0,1,0,1,0,-1,0,0,,,,,,,,,,,,,,,,,,,,,,
527,9,FREECAM_YAW,17.6,726090,22158.50830078125,1019,31.097412109375,32.15701668302257,24,0.732421875,995,30.364990234375,0,0.0,0x5595FB91,3069,1262,1081,11.98828125,4.9296875,4.22265625,1,0x14,0,0,0,1,0,1,0,-1,0,0,,,,,,,,,,,,,,,,,,,,,,
528,9,FREECAM_YAW,17.633333333333333,727104,22189.453125,1014,30.94482421875,32.315581854043394,24,0.732421875,990,30.21240234375,0,0.0,0xF1AFE5AA,3069,1262,1081,11.98828125,4.9296875,4.22265625,1,0x14,0,0,0,1,0,1,0,-1,0,0,,,,,,,,,,,,,,,,,,,,,,
529,9,FREECAM_YAW,17.666666666666668,728098,22219.78759765625,994,30.33447265625,32.96579476861167,24,0.732421875,969,29.571533203125,1,0.030517578125,0xC44C36AE,3069,1262,1081,11.98828125,4.9296875,4.22265625,1,0x14,0,0,0,1,0,1,0,-1,0,0,,,,,,,,,,,,,,,,,,,,,,
530,9,FREECAM_YAW,17.7,729092,22250.1220703125,994,30.33447265625,32.96579476861167,25,0.762939453125,968,29.541015625,1,0.030517578125,0x790CD07A,3069,1262,1081,11.98828125,4.9296875,4.22265625,1,0x14,0,0,0,1,0,1,0,-1,0,0,,,,,,,,,,,,,,,,,,,,,,
531,9,FREECAM_YAW,17.733333333333334,730088,22280.517578125,996,30.3955078125,32.899598393574294,25,0.762939453125,971,29.632568359375,0,0.0,0x1860A20C,3069,1262,1081,11.98828125,4.9296875,4.22265625,1,0x14,0,0,0,1,0,1,0,-1,0,0,,,,,,,,,,,,,,,,,,,,,,
532,9,FREECAM_YAW,17.766666666666666,731093,22311.187744140625,1005,30.670166015625,32.60497512437811,24,0.732421875,980,29.9072265625,1,0.030517578125,0x6C7F7CAB,3069,1262,1081,11.98828125,4.9296875,4.22265625,1,0x14,0,0,0,1,0,1,0,-1,0,0,,,,,,,,,,,,,,,,,,,,,,
533,9,FREECAM_YAW,17.8,732100,22341.9189453125,1007,30.731201171875,32.540218470705064,25,0.762939453125,982,29.96826171875,0,0.0,0x0E8CE62B,3069,1262,1081,11.98828125,4.9296875,4.22265625,1,0x14,0,0,0,1,0,1,0,-1,0,0,,,,,,,,,,,,,,,,,,,,,,
534,9,FREECAM_YAW,17.833333333333332,733095,22372.283935546875,995,30.364990234375,32.93266331658292,24,0.732421875,970,29.60205078125,1,0.030517578125,0x07E496EE,3069,1262,1081,11.98828125,4.9296875,4.22265625,1,0x14,0,0,0,1,0,1,0,-1,0,0,,,,,,,,,,,,,,,,,,,,,,
535,9,FREECAM_YAW,17.866666666666667,734085,22402.496337890625,990,30.21240234375,33.0989898989899,25,0.762939453125,965,29.449462890625,0,0.0,0x8890F534,3069,1262,1081,11.98828125,4.9296875,4.22265625,1,0x14,0,0,0,1,0,1,0,-1,0,0,,,,,,,,,,,,,,,,,,,,,,
536,9,FREECAM_YAW,17.9,735072,22432.6171875,987,30.120849609375,33.19959473150963,24,0.732421875,963,29.388427734375,0,0.0,0x5A543504,3069,1262,1081,11.98828125,4.9296875,4.22265625,1,0x14,0,0,0,1,0,1,0,-1,0,0,,,,,,,,,,,,,,,,,,,,,,
537,9,FREECAM_YAW,17.933333333333334,736153,22465.606689453125,1081,32.989501953125,30.31267345050879,24,0.732421875,1057,32.257080078125,0,0.0,0x44428AB8,3069,1262,1081,11.98828125,4.9296875,4.22265625,1,0x14,0,0,0,1,0,1,0,-1,0,0,,,,,,,,,,,,,,,,,,,,,,
538,9,FREECAM_YAW,17.966666666666665,737289,22500.274658203125,1136,34.66796875,28.845070422535212,24,0.732421875,1112,33.935546875,0,0.0,0xD178667F,3069,1262,1081,11.98828125,4.9296875,4.22265625,1,0x14,0,0,0,1,0,1,0,-1,0,0,,,,,,,,,,,,,,,,,,,,,,
539,9,FREECAM_YAW,18.0,738437,22535.308837890625,1148,35.0341796875,28.54355400696864,24,0.732421875,1124,34.3017578125,0,0.0,0x9BDD0F89,3069,1262,1081,11.98828125,4.9296875,4.22265625,1,0x14,0,0,0,1,0,1,0,-1,0,0,,,,,,,,,,,,,,,,,,,,,,
540,9,FREECAM_YAW,18.033333333333335,739599,22570.770263671875,1162,35.46142578125,28.199655765920827,24,0.732421875,1137,34.698486328125,1,0.030517578125,0x299B9677,3069,1262,1081,11.98828125,4.9296875,4.22265625,1,0x14,0,0,0,1,0,1,0,-1,0,0,,,,,,,,,,,,,,,,,,,,,,
541,9,FREECAM_YAW,18.066666666666666,740779,22606.781005859375,1180,36.0107421875,27.769491525423728,25,0.762939453125,1154,35.21728515625,1,0.030517578125,0x49EC8067,3069,1262,1081,11.98828125,4.9296875,4.22265625,1,0x14,0,0,0,1,0,1,0,-1,0,0,,,,,,,,,,,,,,,,,,,,,,
542,9,FREECAM_YAW,18.1,741974,22643.24951171875,1195,36.468505859375,27.42092050209205,25,0.762939453125,1170,35.70556640625,0,0.0,0x926FA628,3069,1262,1081,11.98828125,4.9296875,4.22265625,1,0x14,0,0,0,1,0,1,0,-1,0,0,,,,,,,,,,,,,,,,,,,,,,
543,9,FREECAM_YAW,18.133333333333333,743170,22679.74853515625,1196,36.4990234375,27.39799331103679,24,0.732421875,1171,35.736083984375,1,0.030517578125,0x83B902EA,3069,1262,1081,11.98828125,4.9296875,4.22265625,1,0x16,1,1,0,1,0,1,0,-1,0,0,35.736083984375,0.0,0.1220703125,18.00537109375,3.0517578125,0.0,0.0,0.0,0.0,13.0615234375,1.495361328125,0,0,0,0,0,0,0,0,0,0,0
544,9,FREECAM_YAW,18.166666666666668,744362,22716.12548828125,1192,36.376953125,27.48993288590604,25,0.762939453125,1167,35.614013671875,0,0.0,0x2E6A0A0E,3069,1262,1081,11.98828125,4.9296875,4.22265625,1,0x14,0,0,0,1,0,1,0,-1,0,0,,,,,,,,,,,,,,,,,,,,,,
545,9,FREECAM_YAW,18.2,745540,22752.0751953125,1178,35.94970703125,27.816638370118845,24,0.732421875,1154,35.21728515625,0,0.0,0x288A2C51,3069,1262,1081,11.98828125,4.9296875,4.22265625,1,0x14,0,0,0,1,0,1,0,-1,0,0,,,,,,,,,,,,,,,,,,,,,,
546,9,FREECAM_YAW,18.233333333333334,746701,22787.506103515625,1161,35.430908203125,28.223944875107666,24,0.732421875,1137,34.698486328125,0,0.0,0x0BBF162F,3069,1262,1081,11.98828125,4.9296875,4.22265625,1,0x14,0,0,0,1,0,1,0,-1,0,0,,,,,,,,,,,,,,,,,,,,,,
547,9,FREECAM_YAW,18.266666666666666,747848,22822.509765625,1147,35.003662109375,28.568439407149086,24,0.732421875,1123,34.271240234375,0,0.0,0x738F6485,3069,1262,1081,11.98828125,4.9296875,4.22265625,1,0x14,0,0,0,1,0,1,0,-1,0,0,,,,,,,,,,,,,,,,,,,,,,
548,9,FREECAM_YAW,18.3,748962,22856.50634765625,1114,33.99658203125,29.414721723518852,24,0.732421875,1089,33.233642578125,1,0.030517578125,0x2E1DABB5,3069,1262,1081,11.98828125,4.9296875,4.22265625,1,0x14,0,0,0,1,0,1,0,-1,0,0,,,,,,,,,,,,,,,,,,,,,,
549,9,FREECAM_YAW,18.333333333333332,750044,22889.5263671875,1082,33.02001953125,30.284658040665434,25,0.762939453125,1057,32.257080078125,0,0.0,0x8BBE58C6,3069,1262,1081,11.98828125,4.9296875,4.22265625,1,0x14,0,0,0,1,0,1,0,-1,0,0,,,,,,,,,,,,,,,,,,,,,,
550,9,FREECAM_YAW,18.366666666666667,751120,22922.36328125,1076,32.8369140625,30.45353159851301,24,0.732421875,1051,32.073974609375,1,0.030517578125,0x3F7972FA,3069,1262,1081,11.98828125,4.9296875,4.22265625,1,0x14,0,0,0,1,0,1,0,-1,0,0,,,,,,,,,,,,,,,,,,,,,,
551,9,FREECAM_YAW,18.4,752078,22951.59912109375,958,29.23583984375,34.20459290187891,25,0.762939453125,932,28.4423828125,1,0.030517578125,0x198020E6,3069,1262,1081,11.98828125,4.9296875,4.22265625,1,0x14,0,0,0,1,0,1,0,-1,0,0,,,,,,,,,,,,,,,,,,,,,,
552,9,FREECAM_YAW,18.433333333333334,753036,22980.8349609375,958,29.23583984375,34.20459290187891,25,0.762939453125,932,28.4423828125,1,0.030517578125,0x60A33A9C,3069,1262,1081,11.98828125,4.9296875,4.22265625,1,0x14,0,0,0,1,0,1,0,-1,0,0,,,,,,,,,,,,,,,,,,,,,,
553,9,FREECAM_YAW,18.466666666666665,753899,23007.171630859375,863,26.336669921875,37.96987253765933,25,0.762939453125,838,25.57373046875,0,0.0,0xBF360EA3,3069,1262,1081,11.98828125,4.9296875,4.22265625,1,0x14,0,0,0,1,0,1,0,-1,0,0,,,,,,,,,,,,,,,,,,,,,,
554,9,FREECAM_YAW,18.5,754761,23033.477783203125,862,26.30615234375,38.01392111368909,25,0.762939453125,837,25.543212890625,0,0.0,0xFFCB4259,3069,1262,1081,11.98828125,4.9296875,4.22265625,1,0x14,0,0,0,1,0,1,0,-1,0,0,,,,,,,,,,,,,,,,,,,,,,
555,9,FREECAM_YAW,18.533333333333335,755623,23059.783935546875,862,26.30615234375,38.01392111368909,25,0.762939453125,837,25.543212890625,0,0.0,0x3DDA4090,3069,1262,1081,11.98828125,4.9296875,4.22265625,1,0x14,0,0,0,1,0,1,0,-1,0,0,,,,,,,,,,,,,,,,,,,,,,
556,9,FREECAM_YAW,18.566666666666666,756580,23088.9892578125,957,29.205322265625,34.240334378265416,24,0.732421875,932,28.4423828125,1,0.030517578125,0x646433BE,3069,1262,1081,11.98828125,4.9296875,4.22265625,1,0x14,0,0,0,1,0,1,0,-1,0,0,,,,,,,,,,,,,,,,,,,,,,
557,9,FREECAM_YAW,18.6,757560,23118.896484375,980,29.9072265625,33.436734693877554,25,0.762939453125,955,29.144287109375,0,0.0,0x0DC77C76,3069,1262,1081,11.98828125,4.9296875,4.22265625,1,0x14,0,0,0,1,0,1,0,-1,0,0,,,,,,,,,,,,,,,,,,,,,,
558,9,FREECAM_YAW,18.633333333333333,758640,23151.85546875,1080,32.958984375,30.340740740740742,24,0.732421875,1056,32.2265625,0,0.0,0xD2CB2DFC,3069,1262,1081,11.98828125,4.9296875,4.22265625,1,0x14,0,0,0,1,0,1,0,-1,0,0,,,,,,,,,,,,,,,,,,,,,,
559,9,FREECAM_YAW,18.666666666666668,759749,23185.699462890625,1109,33.843994140625,29.547339945897203,25,0.762939453125,1083,33.050537109375,1,0.030517578125,0x70927F5D,3069,1262,1081,11.98828125,4.9296875,4.22265625,1,0x14,0,0,0,1,0,1,0,-1,0,0,,,,,,,,,,,,,,,,,,,,,,
560,9,FREECAM_YAW,18.7,760893,23220.611572265625,1144,34.912109375,28.643356643356643,25,0.762939453125,1118,34.11865234375,1,0.030517578125,0x042130CE,3069,1262,1081,11.98828125,4.9296875,4.22265625,1,0x14,0,0,0,1,0,1,0,-1,0,0,,,,,,,,,,,,,,,,,,,,,,
561,9,FREECAM_YAW,18.733333333333334,762051,23255.950927734375,1158,35.33935546875,28.29706390328152,25,0.762939453125,1133,34.576416015625,0,0.0,0xFF8769B6,3069,1262,1081,11.98828125,4.9296875,4.22265625,1,0x14,0,0,0,1,0,1,0,-1,0,0,,,,,,,,,,,,,,,,,,,,,,
562,9,FREECAM_YAW,18.766666666666666,763226,23291.80908203125,1175,35.858154296875,27.887659574468085,25,0.762939453125,1150,35.09521484375,0,0.0,0xC113AF95,3069,1262,1081,11.98828125,4.9296875,4.22265625,1,0x14,0,0,0,1,0,1,0,-1,0,0,,,,,,,,,,,,,,,,,,,,,,
563,9,FREECAM_YAW,18.8,764420,23328.2470703125,1194,36.43798828125,27.44388609715243,25,0.762939453125,1169,35.675048828125,0,0.0,0xA2A40271,3069,1262,1081,11.98828125,4.9296875,4.22265625,1,0x14,0,0,0,1,0,1,0,-1,0,0,,,,,,,,,,,,,,,,,,,,,,
564,9,FREECAM_YAW,18.833333333333332,765616,23364.74609375,1196,36.4990234375,27.39799331103679,25,0.762939453125,1170,35.70556640625,1,0.030517578125,0x53C02975,3069,1262,1081,11.98828125,4.9296875,4.22265625,1,0x14,0,0,0,1,0,1,0,-1,0,0,,,,,,,,,,,,,,,,,,,,,,
565,9,FREECAM_YAW,18.866666666666667,766811,23401.214599609375,1195,36.468505859375,27.42092050209205,25,0.762939453125,1170,35.70556640625,0,0.0,0xD6FA1B1C,3069,1262,1081,11.98828125,4.9296875,4.22265625,1,0x1C,0,0,0,1,1,1,0,-1,0,0,,,,,,,,,,,,,,,,,,,,,,
566,10,FREECAM_3D,18.9,768015,23437.957763671875,1204,36.7431640625,27.21594684385382,26,0.79345703125,1178,35.94970703125,0,0.0,0x97B6A86E,3069,1262,1081,11.98828125,4.9296875,4.22265625,1,0x14,0,0,0,1,0,1,0,0,1,0,,,,,,,,,,,,,,,,,,,,,,
567,10,FREECAM_3D,18.933333333333334,769265,23476.104736328125,1250,38.14697265625,26.2144,25,0.762939453125,1224,37.353515625,1,0.030517578125,0xB16D2C2A,3069,1262,1081,11.98828125,4.9296875,4.22265625,1,0x14,0,0,0,1,0,1,0,0,1,0,,,,,,,,,,,,,,,,,,,,,,
568,10,FREECAM_3D,18.966666666666665,770516,23514.2822265625,1251,38.177490234375,26.193445243804955,26,0.79345703125,1225,37.384033203125,0,0.0,0x99232FBD,3069,1262,1081,11.98828125,4.9296875,4.22265625,1,0x14,0,0,0,1,0,1,0,0,1,0,,,,,,,,,,,,,,,,,,,,,,
569,10,FREECAM_3D,19.0,771780,23552.8564453125,1264,38.57421875,25.924050632911392,25,0.762939453125,1238,37.78076171875,1,0.030517578125,0x87F93679,3069,1262,1081,11.98828125,4.9296875,4.22265625,1,0x14,0,0,0,1,0,1,0,0,1,0,,,,,,,,,,,,,,,,,,,,,,
570,10,FREECAM_3D,19.033333333333335,773064,23592.041015625,1284,39.1845703125,25.5202492211838,26,0.79345703125,1257,38.360595703125,1,0.030517578125,0x58F5109B,3069,1262,1081,11.98828125,4.9296875,4.22265625,1,0x14,0,0,0,1,0,1,0,0,1,0,,,,,,,,,,,,,,,,,,,,,,
571,10,FREECAM_3D,19.066666666666666,774358,23631.53076171875,1294,39.48974609375,25.323029366306027,26,0.79345703125,1268,38.6962890625,0,0.0,0xAE96CAD8,3069,1262,1081,11.98828125,4.9296875,4.22265625,1,0x14,0,0,0,1,0,1,0,0,1,0,,,,,,,,,,,,,,,,,,,,,,
572,10,FREECAM_3D,19.1,775667,23671.478271484375,1309,39.947509765625,25.03284950343774,25,0.762939453125,1283,39.154052734375,1,0.030517578125,0xA3747F26,3069,1262,1081,11.98828125,4.9296875,4.22265625,1,0x14,0,0,0,1,0,1,0,0,1,0,,,,,,,,,,,,,,,,,,,,,,
573,10,FREECAM_3D,19.133333333333333,776990,23711.85302734375,1323,40.374755859375,24.767951625094483,26,0.79345703125,1296,39.55078125,1,0.030517578125,0xC7FFADCF,3069,1262,1081,11.98828125,4.9296875,4.22265625,1,0x14,0,0,0,1,0,1,0,0,1,0,,,,,,,,,,,,,,,,,,,,,,
574,10,FREECAM_3D,19.166666666666668,778325,23752.593994140625,1335,40.740966796875,24.545318352059926,26,0.79345703125,1309,39.947509765625,0,0.0,0xA44C425B,3069,1262,1081,11.98828125,4.9296875,4.22265625,1,0x14,0,0,0,1,0,1,0,0,1,0,,,,,,,,,,,,,,,,,,,,,,
575,10,FREECAM_3D,19.2,779665,23793.487548828125,1340,40.8935546875,24.453731343283582,25,0.762939453125,1314,40.10009765625,1,0.030517578125,0xF20D7777,3069,1262,1081,11.98828125,4.9296875,4.22265625,1,0x14,0,0,0,1,0,1,0,0,1,0,,,,,,,,,,,,,,,,,,,,,,
576,10,FREECAM_3D,19.233333333333334,781002,23834.28955078125,1337,40.802001953125,24.50860134629768,26,0.79345703125,1311,40.008544921875,0,0.0,0x1D68886C,3069,1262,1081,11.98828125,4.9296875,4.22265625,1,0x14,0,0,0,1,0,1,0,0,1,0,,,,,,,,,,,,,,,,,,,,,,
577,10,FREECAM_3D,19.266666666666666,782249,23872.344970703125,1247,38.055419921875,26.27746591820369,26,0.79345703125,1220,37.2314453125,1,0.030517578125,0x65DFB05A,3069,1262,1081,11.98828125,4.9296875,4.22265625,1,0x14,0,0,0,1,0,1,0,0,1,0,,,,,,,,,,,,,,,,,,,,,,
578,10,FREECAM_3D,19.3,783515,23910.980224609375,1266,38.63525390625,25.88309636650869,26,0.79345703125,1239,37.811279296875,1,0.030517578125,0x7EDEF92F,3069,1262,1081,11.98828125,4.9296875,4.22265625,1,0x14,0,0,0,1,0,1,0,0,1,0,,,,,,,,,,,,,,,,,,,,,,
579,10,FREECAM_3D,19.333333333333332,784678,23946.47216796875,1163,35.491943359375,28.175408426483234,26,0.79345703125,1136,34.66796875,1,0.030517578125,0x4310EEA4,3069,1262,1081,11.98828125,4.9296875,4.22265625,1,0x14,0,0,0,1,0,1,0,0,1,0,,,,,,,,,,,,,,,,,,,,,,
580,10,FREECAM_3D,19.366666666666667,785837,23981.842041015625,1159,35.369873046875,28.272648835202762,26,0.79345703125,1133,34.576416015625,0,0.0,0x757DE4F2,3069,1262,1081,11.98828125,4.9296875,4.22265625,1,0x14,0,0,0,1,0,1,0,0,1,0,,,,,,,,,,,,,,,,,,,,,,
581,10,FREECAM_3D,19.4,786976,24016.6015625,1139,34.759521484375,28.769095697980685,25,0.762939453125,1113,33.966064453125,1,0.030517578125,0x7496D160,3069,1262,1081,11.98828125,4.9296875,4.22265625,1,0x14,0,0,0,1,0,1,0,0,1,0,,,,,,,,,,,,,,,,,,,,,,
582,10,FREECAM_3D,19.433333333333334,788112,24051.26953125,1136,34.66796875,28.845070422535212,26,0.79345703125,1110,33.87451171875,0,0.0,0x0F828D67,3069,1262,1081,11.98828125,4.9296875,4.22265625,1,0x14,0,0,0,1,0,1,0,0,1,0,,,,,,,,,,,,,,,,,,,,,,
583,10,FREECAM_3D,19.466666666666665,789245,24085.845947265625,1133,34.576416015625,28.92144748455428,25,0.762939453125,1108,33.8134765625,0,0.0,0x75381BF2,3069,1262,1081,11.98828125,4.9296875,4.22265625,1,0x14,0,0,0,1,0,1,0,0,1,0,,,,,,,,,,,,,,,,,,,,,,
584,10,FREECAM_3D,19.5,790375,24120.330810546875,1130,34.48486328125,28.998230088495575,25,0.762939453125,1105,33.721923828125,0,0.0,0xBA858160,3069,1262,1081,11.98828125,4.9296875,4.22265625,1,0x14,0,0,0,1,0,1,0,0,1,0,,,,,,,,,,,,,,,,,,,,,,
585,10,FREECAM_3D,19.533333333333335,791504,24154.78515625,1129,34.454345703125,29.023914968999115,26,0.79345703125,1103,33.660888671875,0,0.0,0x301ECFFF,3069,1262,1081,11.98828125,4.9296875,4.22265625,1,0x14,0,0,0,1,0,1,0,0,1,0,,,,,,,,,,,,,,,,,,,,,,
586,10,FREECAM_3D,19.566666666666666,792630,24189.14794921875,1126,34.36279296875,29.101243339253998,25,0.762939453125,1100,33.5693359375,1,0.030517578125,0x1CAD1FE7,3069,1262,1081,11.98828125,4.9296875,4.22265625,1,0x14,0,0,0,1,0,1,0,0,1,0,,,,,,,,,,,,,,,,,,,,,,
587,10,FREECAM_3D,19.6,793750,24223.32763671875,1120,34.1796875,29.257142857142856,26,0.79345703125,1093,33.355712890625,1,0.030517578125,0x125C255F,3069,1262,1081,11.98828125,4.9296875,4.22265625,1,0x14,0,0,0,1,0,1,0,0,1,0,,,,,,,,,,,,,,,,,,,,,,
588,10,FREECAM_3D,19.633333333333333,794867,24257.415771484375,1117,34.088134765625,29.335720680393912,26,0.79345703125,1091,33.294677734375,0,0.0,0x351999EE,3069,1262,1081,11.98828125,4.9296875,4.22265625,1,0x14,0,0,0,1,0,1,0,0,1,0,,,,,,,,,,,,,,,,,,,,,,
589,10,FREECAM_3D,19.666666666666668,796065,24293.975830078125,1198,36.56005859375,27.352253756260435,25,0.762939453125,1173,35.797119140625,0,0.0,0xAC17D57C,3069,1262,1081,11.98828125,4.9296875,4.22265625,1,0x14,0,0,0,1,0,1,0,0,1,0,,,,,,,,,,,,,,,,,,,,,,
590,10,FREECAM_3D,19.7,797265,24330.596923828125,1200,36.62109375,27.30666666666667,26,0.79345703125,1173,35.797119140625,1,0.030517578125,0x9AB97DEB,3069,1262,1081,11.98828125,4.9296875,4.22265625,1,0x14,0,0,0,1,0,1,0,0,1,0,,,,,,,,,,,,,,,,,,,,,,
591,10,FREECAM_3D,19.733333333333334,798693,24374.176025390625,1428,43.5791015625,22.946778711484594,26,0.79345703125,1402,42.78564453125,0,0.0,0x9F0DFB31,3069,1262,1081,11.98828125,4.9296875,4.22265625,1,0x14,0,0,0,1,0,1,0,0,1,0,,,,,,,,,,,,,,,,,,,,,,
592,10,FREECAM_3D,19.766666666666666,800136,24418.212890625,1443,44.036865234375,22.70824670824671,25,0.762939453125,1418,43.27392578125,0,0.0,0x71DCCEE5,3069,1262,1081,11.98828125,4.9296875,4.22265625,1,0x14,0,0,0,1,0,1,0,0,1,0,,,,,,,,,,,,,,,,,,,,,,
593,10,FREECAM_3D,19.8,801590,24462.58544921875,1454,44.37255859375,22.536451169188446,25,0.762939453125,1429,43.609619140625,0,0.0,0xA5FAE12A,3069,1262,1081,11.98828125,4.9296875,4.22265625,1,0x14,0,0,0,1,0,1,0,0,1,0,,,,,,,,,,,,,,,,,,,,,,
594,10,FREECAM_3D,19.833333333333332,803103,24508.758544921875,1513,46.173095703125,21.657633840052874,25,0.762939453125,1488,45.41015625,0,0.0,0xA5318462,3069,1262,1081,11.98828125,4.9296875,4.22265625,1,0x14,0,0,0,1,0,1,0,0,1,0,,,,,,,,,,,,,,,,,,,,,,
595,10,FREECAM_3D,19.866666666666667,804644,24555.7861328125,1541,47.027587890625,21.26411421155094,26,0.79345703125,1514,46.20361328125,1,0.030517578125,0x0F056F37,3069,1262,1081,11.98828125,4.9296875,4.22265625,1,0x14,0,0,0,1,0,1,0,0,1,0,,,,,,,,,,,,,,,,,,,,,,
596,10,FREECAM_3D,19.9,806218,24603.82080078125,1574,48.03466796875,20.818297331639137,26,0.79345703125,1547,47.210693359375,1,0.030517578125,0x3DD7AA69,3069,1262,1081,11.98828125,4.9296875,4.22265625,1,0x14,0,0,0,1,0,1,0,0,1,0,,,,,,,,,,,,,,,,,,,,,,
597,10,FREECAM_3D,19.933333333333334,807845,24653.472900390625,1627,49.652099609375,20.14013521819299,26,0.79345703125,1601,48.858642578125,0,0.0,0xE75BFEC1,3069,1262,1081,11.98828125,4.9296875,4.22265625,1,0x14,0,0,0,1,0,1,0,0,1,0,,,,,,,,,,,,,,,,,,,,,,
598,10,FREECAM_3D,19.966666666666665,809543,24705.291748046875,1698,51.81884765625,19.297997644287396,25,0.762939453125,1673,51.055908203125,0,0.0,0xD5D21860,3069,1262,1081,11.98828125,4.9296875,4.22265625,1,0x14,0,0,0,1,0,1,0,0,1,0,,,,,,,,,,,,,,,,,,,,,,
599,10,FREECAM_3D,20.0,811275,24758.148193359375,1732,52.8564453125,18.919168591224018,25,0.762939453125,1707,52.093505859375,0,0.0,0x95EDCE06,3069,1262,1081,11.98828125,4.9296875,4.22265625,1,0x14,0,0,0,1,0,1,0,0,1,0,,,,,,,,,,,,,,,,,,,,,,
600,10,FREECAM_3D,20.033333333333335,813064,24812.744140625,1789,54.595947265625,18.3163778647289,26,0.79345703125,1762,53.77197265625,1,0.030517578125,0x63CE50E1,3069,1262,1081,11.98828125,4.9296875,4.22265625,1,0x14,0,0,0,1,0,1,0,0,1,0,,,,,,,,,,,,,,,,,,,,,,
601,10,FREECAM_3D,20.066666666666666,814924,24869.5068359375,1860,56.7626953125,17.61720430107527,26,0.79345703125,1833,55.938720703125,1,0.030517578125,0x6BFB6151,3069,1262,1081,11.98828125,4.9296875,4.22265625,1,0x14,0,0,0,1,0,1,0,0,1,0,,,,,,,,,,,,,,,,,,,,,,
602,10,FREECAM_3D,20.1,816816,24927.24609375,1892,57.7392578125,17.31923890063425,26,0.79345703125,1865,56.915283203125,1,0.030517578125,0xBC1EDF23,3069,1262,1081,11.98828125,4.9296875,4.22265625,1,0x14,0,0,0,1,0,1,0,0,1,0,,,,,,,,,,,,,,,,,,,,,,
603,10,FREECAM_3D,20.133333333333333,818744,24986.083984375,1928,58.837890625,16.99585062240664,26,0.79345703125,1901,58.013916015625,1,0.030517578125,0xF7C30E54,3069,1262,1081,11.98828125,4.9296875,4.22265625,1,0x14,0,0,0,1,0,1,0,0,1,0,,,,,,,,,,,,,,,,,,,,,,
604,10,FREECAM_3D,20.166666666666668,820690,25045.47119140625,1946,59.38720703125,16.838643371017472,26,0.79345703125,1919,58.563232421875,1,0.030517578125,0x4540FC6A,3069,1262,1081,11.98828125,4.9296875,4.22265625,1,0x14,0,0,0,1,0,1,0,0,1,0,,,,,,,,,,,,,,,,,,,,,,
605,10,FREECAM_3D,20.2,822673,25105.987548828125,1983,60.516357421875,16.524457892082705,26,0.79345703125,1957,59.722900390625,0,0.0,0x06815C15,3069,1262,1081,11.98828125,4.9296875,4.22265625,1,0x14,0,0,0,1,0,1,0,0,1,0,,,,,,,,,,,,,,,,,,,,,,
606,10,FREECAM_3D,20.233333333333334,824694,25167.66357421875,2021,61.676025390625,16.213755566551214,26,0.79345703125,1995,60.882568359375,0,0.0,0x7CE2CE39,3069,1262,1081,11.98828125,4.9296875,4.22265625,1,0x14,0,0,0,1,0,1,0,0,1,0,,,,,,,,,,,,,,,,,,,,,,
607,10,FREECAM_3D,20.266666666666666,826751,25230.438232421875,2057,62.774658203125,15.929995138551288,26,0.79345703125,2030,61.95068359375,1,0.030517578125,0x0BF6A32B,3069,1262,1081,11.98828125,4.9296875,4.22265625,1,0x14,0,0,0,1,0,1,0,0,1,0,,,,,,,,,,,,,,,,,,,,,,
608,10,FREECAM_3D,20.3,828823,25293.670654296875,2072,63.232421875,15.814671814671815,26,0.79345703125,2045,62.408447265625,1,0.030517578125,0xD06752C8,3069,1262,1081,11.98828125,4.9296875,4.22265625,1,0x14,0,0,0,1,0,1,0,0,1,0,,,,,,,,,,,,,,,,,,,,,,
609,10,FREECAM_3D,20.333333333333332,830964,25359.0087890625,2141,65.338134765625,15.30499766464269,26,0.79345703125,2115,64.544677734375,0,0.0,0x48A2917A,3069,1262,1081,11.98828125,4.9296875,4.22265625,1,0x14,0,0,0,1,0,1,0,0,1,0,,,,,,,,,,,,,,,,,,,,,,
610,10,FREECAM_3D,20.366666666666667,833139,25425.384521484375,2175,66.375732421875,15.065747126436781,25,0.762939453125,2149,65.582275390625,1,0.030517578125,0x8CC51F67,3069,1262,1081,11.98828125,4.9296875,4.22265625,1,0x14,0,0,0,1,0,1,0,0,1,0,,,,,,,,,,,,,,,,,,,,,,
611,10,FREECAM_3D,20.4,835340,25492.5537109375,2201,67.169189453125,14.887778282598818,26,0.79345703125,2175,66.375732421875,0,0.0,0xA8F28D70,3069,1262,1081,11.98828125,4.9296875,4.22265625,1,0x14,0,0,0,1,0,1,0,0,1,0,,,,,,,,,,,,,,,,,,,,,,
612,10,FREECAM_3D,20.433333333333334,837573,25560.699462890625,2233,68.145751953125,14.674429019256605,26,0.79345703125,2207,67.352294921875,0,0.0,0xD7079BC0,3069,1262,1081,11.98828125,4.9296875,4.22265625,1,0x16,1,1,0,1,0,1,0,0,1,0,67.3828125,0.030517578125,0.1220703125,19.866943359375,4.058837890625,3.23486328125,23.193359375,2.3193359375,0.0,13.0615234375,1.495361328125,0,0,0,0,0,0,0,0,0,0,0
613,10,FREECAM_3D,20.466666666666665,839795,25628.509521484375,2222,67.81005859375,14.747074707470746,25,0.762939453125,2197,67.047119140625,0,0.0,0xDB7D8AB0,3069,1262,1081,11.98828125,4.9296875,4.22265625,1,0x14,0,0,0,1,0,1,0,0,1,0,,,,,,,,,,,,,,,,,,,,,,
614,10,FREECAM_3D,20.5,842028,25696.6552734375,2233,68.145751953125,14.674429019256605,25,0.762939453125,2207,67.352294921875,1,0.030517578125,0xD7079BC0,3069,1262,1081,11.98828125,4.9296875,4.22265625,1,0x14,0,0,0,1,0,1,0,0,-1,0,,,,,,,,,,,,,,,,,,,,,,
615,10,FREECAM_3D,20.533333333333335,844229,25763.824462890625,2201,67.169189453125,14.887778282598818,26,0.79345703125,2175,66.375732421875,0,0.0,0xA8F28D70,3069,1262,1081,11.98828125,4.9296875,4.22265625,1,0x14,0,0,0,1,0,1,0,0,-1,0,,,,,,,,,,,,,,,,,,,,,,
616,10,FREECAM_3D,20.566666666666666,846404,25830.2001953125,2175,66.375732421875,15.065747126436781,25,0.762939453125,2149,65.582275390625,1,0.030517578125,0x8CC51F67,3069,1262,1081,11.98828125,4.9296875,4.22265625,1,0x14,0,0,0,1,0,1,0,0,-1,0,,,,,,,,,,,,,,,,,,,,,,
617,10,FREECAM_3D,20.6,848546,25895.56884765625,2142,65.36865234375,15.297852474323063,26,0.79345703125,2115,64.544677734375,1,0.030517578125,0x48A2917A,3069,1262,1081,11.98828125,4.9296875,4.22265625,1,0x14,0,0,0,1,0,1,0,0,-1,0,,,,,,,,,,,,,,,,,,,,,,
618,10,FREECAM_3D,20.633333333333333,850616,25958.740234375,2070,63.17138671875,15.829951690821256,26,0.79345703125,2044,62.3779296875,0,0.0,0xD06752C8,3069,1262,1081,11.98828125,4.9296875,4.22265625,1,0x14,0,0,0,1,0,1,0,0,-1,0,,,,,,,,,,,,,,,,,,,,,,
619,10,FREECAM_3D,20.666666666666668,852654,26020.93505859375,2038,62.19482421875,16.078508341511284,26,0.79345703125,2011,61.370849609375,1,0.030517578125,0x0BF6A32B,3069,1262,1081,11.98828125,4.9296875,4.22265625,1,0x14,0,0,0,1,0,1,0,0,-1,0,,,,,,,,,,,,,,,,,,,,,,
620,10,FREECAM_3D,20.7,854659,26082.122802734375,2005,61.187744140625,16.343142144638403,26,0.79345703125,1978,60.36376953125,1,0.030517578125,0x7CE2CE39,3069,1262,1081,11.98828125,4.9296875,4.22265625,1,0x14,0,0,0,1,0,1,0,0,-1,0,,,,,,,,,,,,,,,,,,,,,,
621,10,FREECAM_3D,20.733333333333334,856626,26142.15087890625,1967,60.028076171875,16.658871377732588,26,0.79345703125,1941,59.234619140625,0,0.0,0x06815C15,3069,1262,1081,11.98828125,4.9296875,4.22265625,1,0x14,0,0,0,1,0,1,0,0,-1,0,,,,,,,,,,,,,,,,,,,,,,
622,10,FREECAM_3D,20.766666666666666,858570,26201.47705078125,1944,59.326171875,16.855967078189302,25,0.762939453125,1919,58.563232421875,0,0.0,0x4540FC6A,3069,1262,1081,11.98828125,4.9296875,4.22265625,1,0x14,0,0,0,1,0,1,0,0,-1,0,,,,,,,,,,,,,,,,,,,,,,
623,10,FREECAM_3D,20.8,860498,26260.31494140625,1928,58.837890625,16.99585062240664,25,0.762939453125,1902,58.04443359375,1,0.030517578125,0xF7C30E54,3069,1262,1081,11.98828125,4.9296875,4.22265625,1,0x14,0,0,0,1,0,1,0,0,-1,0,,,,,,,,,,,,,,,,,,,,,,
624,10,FREECAM_3D,20.833333333333332,862390,26318.05419921875,1892,57.7392578125,17.31923890063425,26,0.79345703125,1865,56.915283203125,1,0.030517578125,0xBC1EDF23,3069,1262,1081,11.98828125,4.9296875,4.22265625,1,0x14,0,0,0,1,0,1,0,0,-1,0,,,,,,,,,,,,,,,,,,,,,,
625,10,FREECAM_3D,20.866666666666667,864250,26374.81689453125,1860,56.7626953125,17.61720430107527,26,0.79345703125,1833,55.938720703125,1,0.030517578125,0x6BFB6151,3069,1262,1081,11.98828125,4.9296875,4.22265625,1,0x14,0,0,0,1,0,1,0,0,-1,0,,,,,,,,,,,,,,,,,,,,,,
626,10,FREECAM_3D,20.9,866038,26429.38232421875,1788,54.5654296875,18.32662192393736,26,0.79345703125,1761,53.741455078125,1,0.030517578125,0x63CE50E1,3069,1262,1081,11.98828125,4.9296875,4.22265625,1,0x14,0,0,0,1,0,1,0,0,-1,0,,,,,,,,,,,,,,,,,,,,,,
627,10,FREECAM_3D,20.933333333333334,867772,26482.2998046875,1734,52.91748046875,18.897347174163784,26,0.79345703125,1707,52.093505859375,1,0.030517578125,0x95EDCE06,3069,1262,1081,11.98828125,4.9296875,4.22265625,1,0x14,0,0,0,1,0,1,0,0,-1,0,,,,,,,,,,,,,,,,,,,,,,
628,10,FREECAM_3D,20.966666666666665,869472,26534.1796875,1700,51.8798828125,19.275294117647057,26,0.79345703125,1673,51.055908203125,1,0.030517578125,0xD5D21860,3069,1262,1081,11.98828125,4.9296875,4.22265625,1,0x14,0,0,0,1,0,1,0,0,-1,0,,,,,,,,,,,,,,,,,,,,,,
629,10,FREECAM_3D,21.0,871099,26583.831787109375,1627,49.652099609375,20.14013521819299,26,0.79345703125,1601,48.858642578125,0,0.0,0xE75BFEC1,3069,1262,1081,11.98828125,4.9296875,4.22265625,1,0x14,0,0,0,1,0,1,0,0,-1,0,,,,,,,,,,,,,,,,,,,,,,
630,10,FREECAM_3D,21.033333333333335,872671,26631.805419921875,1572,47.9736328125,20.844783715012724,25,0.762939453125,1547,47.210693359375,0,0.0,0x3DD7AA69,3069,1262,1081,11.98828125,4.9296875,4.22265625,1,0x14,0,0,0,1,0,1,0,0,-1,0,,,,,,,,,,,,,,,,,,,,,,
631,10,FREECAM_3D,21.066666666666666,874210,26678.77197265625,1539,46.966552734375,21.291747888239115,25,0.762939453125,1514,46.20361328125,0,0.0,0x0F056F37,3069,1262,1081,11.98828125,4.9296875,4.22265625,1,0x14,0,0,0,1,0,1,0,0,-1,0,,,,,,,,,,,,,,,,,,,,,,
632,10,FREECAM_3D,21.1,875752,26725.830078125,1542,47.05810546875,21.250324254215304,25,0.762939453125,1516,46.2646484375,1,0.030517578125,0xA5318462,3069,1262,1081,11.98828125,4.9296875,4.22265625,1,0x14,0,0,0,1,0,1,0,0,-1,0,,,,,,,,,,,,,,,,,,,,,,
633,10,FREECAM_3D,21.133333333333333,877206,26770.20263671875,1454,44.37255859375,22.536451169188446,26,0.79345703125,1428,43.5791015625,0,0.0,0xA5FAE12A,3069,1262,1081,11.98828125,4.9296875,4.22265625,1,0x14,0,0,0,1,0,1,0,0,-1,0,,,,,,,,,,,,,,,,,,,,,,
634,10,FREECAM_3D,21.166666666666668,878649,26814.239501953125,1443,44.036865234375,22.70824670824671,26,0.79345703125,1417,43.243408203125,0,0.0,0x71DCCEE5,3069,1262,1081,11.98828125,4.9296875,4.22265625,1,0x14,0,0,0,1,0,1,0,0,-1,0,,,,,,,,,,,,,,,,,,,,,,
635,10,FREECAM_3D,21.2,880078,26857.84912109375,1429,43.609619140625,22.93072078376487,25,0.762939453125,1403,42.816162109375,1,0.030517578125,0x9F0DFB31,3069,1262,1081,11.98828125,4.9296875,4.22265625,1,0x14,0,0,0,1,0,1,0,0,-1,0,,,,,,,,,,,,,,,,,,,,,,
636,10,FREECAM_3D,21.233333333333334,881278,26894.47021484375,1200,36.62109375,27.30666666666667,26,0.79345703125,1173,35.797119140625,1,0.030517578125,0x9AB97DEB,3069,1262,1081,11.98828125,4.9296875,4.22265625,1,0x14,0,0,0,1,0,1,0,0,-1,0,,,,,,,,,,,,,,,,,,,,,,
637,10,FREECAM_3D,21.266666666666666,882476,26931.0302734375,1198,36.56005859375,27.352253756260435,26,0.79345703125,1172,35.7666015625,0,0.0,0xAC17D57C,3069,1262,1081,11.98828125,4.9296875,4.22265625,1,0x14,0,0,0,1,0,1,0,0,-1,0,,,,,,,,,,,,,,,,,,,,,,
638,10,FREECAM_3D,21.3,883594,26965.14892578125,1118,34.11865234375,29.30948121645796,25,0.762939453125,1092,33.3251953125,1,0.030517578125,0x351999EE,3069,1262,1081,11.98828125,4.9296875,4.22265625,1,0x14,0,0,0,1,0,1,0,0,-1,0,,,,,,,,,,,,,,,,,,,,,,
639,10,FREECAM_3D,21.333333333333332,884714,26999.32861328125,1120,34.1796875,29.257142857142856,26,0.79345703125,1093,33.355712890625,1,0.030517578125,0x125C255F,3069,1262,1081,11.98828125,4.9296875,4.22265625,1,0x14,0,0,0,1,0,1,0,0,-1,0,,,,,,,,,,,,,,,,,,,,,,
640,10,FREECAM_3D,21.366666666666667,885839,27033.660888671875,1125,34.332275390625,29.127111111111113,26,0.79345703125,1099,33.538818359375,0,0.0,0x1CAD1FE7,3069,1262,1081,11.98828125,4.9296875,4.22265625,1,0x14,0,0,0,1,0,1,0,0,-1,0,,,,,,,,,,,,,,,,,,,,,,
641,10,FREECAM_3D,21.4,886967,27068.084716796875,1128,34.423828125,29.04964539007092,25,0.762939453125,1103,33.660888671875,0,0.0,0x301ECFFF,3069,1262,1081,11.98828125,4.9296875,4.22265625,1,0x14,0,0,0,1,0,1,0,0,-1,0,,,,,,,,,,,,,,,,,,,,,,
642,10,FREECAM_3D,21.433333333333334,888097,27102.569580078125,1130,34.48486328125,28.998230088495575,25,0.762939453125,1105,33.721923828125,0,0.0,0xBA858160,3069,1262,1081,11.98828125,4.9296875,4.22265625,1,0x14,0,0,0,1,0,1,0,0,-1,0,,,,,,,,,,,,,,,,,,,,,,
643,10,FREECAM_3D,21.466666666666665,889231,27137.176513671875,1134,34.60693359375,28.895943562610228,26,0.79345703125,1108,33.8134765625,0,0.0,0x75381BF2,3069,1262,1081,11.98828125,4.9296875,4.22265625,1,0x14,0,0,0,1,0,1,0,0,-1,0,,,,,,,,,,,,,,,,,,,,,,
644,10,FREECAM_3D,21.5,890366,27171.81396484375,1135,34.637451171875,28.8704845814978,25,0.762939453125,1110,33.87451171875,0,0.0,0x0F828D67,3069,1262,1081,11.98828125,4.9296875,4.22265625,1,0x14,0,0,0,1,0,1,0,0,-1,0,,,,,,,,,,,,,,,,,,,,,,
645,10,FREECAM_3D,21.533333333333335,891504,27206.54296875,1138,34.72900390625,28.794376098418276,26,0.79345703125,1112,33.935546875,0,0.0,0x7496D160,3069,1262,1081,11.98828125,4.9296875,4.22265625,1,0x14,0,0,0,1,0,1,0,0,-1,0,,,,,,,,,,,,,,,,,,,,,,
646,10,FREECAM_3D,21.566666666666666,892664,27241.943359375,1160,35.400390625,28.248275862068965,25,0.762939453125,1134,34.60693359375,1,0.030517578125,0x757DE4F2,3069,1262,1081,11.98828125,4.9296875,4.22265625,1,0x14,0,0,0,1,0,1,0,0,-1,0,,,,,,,,,,,,,,,,,,,,,,
647,10,FREECAM_3D,21.6,893827,27277.435302734375,1163,35.491943359375,28.175408426483234,26,0.79345703125,1136,34.66796875,1,0.030517578125,0x4310EEA4,3069,1262,1081,11.98828125,4.9296875,4.22265625,1,0x14,0,0,0,1,0,1,0,0,-1,0,,,,,,,,,,,,,,,,,,,,,,
648,10,FREECAM_3D,21.633333333333333,895093,27316.070556640625,1266,38.63525390625,25.88309636650869,26,0.79345703125,1239,37.811279296875,1,0.030517578125,0x7EDEF92F,3069,1262,1081,11.98828125,4.9296875,4.22265625,1,0x14,0,0,0,1,0,1,0,0,-1,0,,,,,,,,,,,,,,,,,,,,,,
649,10,FREECAM_3D,21.666666666666668,896340,27354.1259765625,1247,38.055419921875,26.27746591820369,26,0.79345703125,1220,37.2314453125,1,0.030517578125,0x65DFB05A,3069,1262,1081,11.98828125,4.9296875,4.22265625,1,0x14,0,0,0,1,0,1,0,0,-1,0,,,,,,,,,,,,,,,,,,,,,,
650,10,FREECAM_3D,21.7,897679,27394.989013671875,1339,40.863037109375,24.471994025392085,26,0.79345703125,1312,40.0390625,1,0.030517578125,0x1D68886C,3069,1262,1081,11.98828125,4.9296875,4.22265625,1,0x14,0,0,0,1,0,1,0,0,-1,0,,,,,,,,,,,,,,,,,,,,,,
651,10,FREECAM_3D,21.733333333333334,899019,27435.882568359375,1340,40.8935546875,24.453731343283582,26,0.79345703125,1314,40.10009765625,0,0.0,0xF20D7777,3069,1262,1081,11.98828125,4.9296875,4.22265625,1,0x14,0,0,0,1,0,1,0,0,-1,0,,,,,,,,,,,,,,,,,,,,,,
652,10,FREECAM_3D,21.766666666666666,900354,27476.62353515625,1335,40.740966796875,24.545318352059926,26,0.79345703125,1309,39.947509765625,0,0.0,0xA44C425B,3069,1262,1081,11.98828125,4.9296875,4.22265625,1,0x14,0,0,0,1,0,1,0,0,-1,0,,,,,,,,,,,,,,,,,,,,,,
653,10,FREECAM_3D,21.8,901675,27516.937255859375,1321,40.313720703125,24.80545041635125,26,0.79345703125,1295,39.520263671875,0,0.0,0xC7FFADCF,3069,1262,1081,11.98828125,4.9296875,4.22265625,1,0x14,0,0,0,1,0,1,0,0,-1,0,,,,,,,,,,,,,,,,,,,,,,
654,10,FREECAM_3D,21.833333333333332,902984,27556.884765625,1309,39.947509765625,25.03284950343774,25,0.762939453125,1283,39.154052734375,1,0.030517578125,0xA3747F26,3069,1262,1081,11.98828125,4.9296875,4.22265625,1,0x14,0,0,0,1,0,1,0,0,-1,0,,,,,,,,,,,,,,,,,,,,,,
655,10,FREECAM_3D,21.866666666666667,904279,27596.405029296875,1295,39.520263671875,25.303474903474903,26,0.79345703125,1268,38.6962890625,1,0.030517578125,0xAE96CAD8,3069,1262,1081,11.98828125,4.9296875,4.22265625,1,0x14,0,0,0,1,0,1,0,0,-1,0,,,,,,,,,,,,,,,,,,,,,,
656,10,FREECAM_3D,21.9,905563,27635.589599609375,1284,39.1845703125,25.5202492211838,26,0.79345703125,1257,38.360595703125,1,0.030517578125,0x58F5109B,3069,1262,1081,11.98828125,4.9296875,4.22265625,1,0x14,0,0,0,1,0,1,0,0,-1,0,,,,,,,,,,,,,,,,,,,,,,
657,10,FREECAM_3D,21.933333333333334,906826,27674.13330078125,1263,38.543701171875,25.944576405384005,26,0.79345703125,1237,37.750244140625,0,0.0,0x87F93679,3069,1262,1081,11.98828125,4.9296875,4.22265625,1,0x14,0,0,0,1,0,1,0,0,-1,0,,,,,,,,,,,,,,,,,,,,,,
658,10,FREECAM_3D,21.966666666666665,908078,27712.34130859375,1252,38.2080078125,26.17252396166134,25,0.762939453125,1226,37.41455078125,1,0.030517578125,0x99232FBD,3069,1262,1081,11.98828125,4.9296875,4.22265625,1,0x14,0,0,0,1,0,1,0,0,-1,0,,,,,,,,,,,,,,,,,,,,,,
659,10,FREECAM_3D,22.0,909328,27750.48828125,1250,38.14697265625,26.2144,26,0.79345703125,1223,37.322998046875,1,0.030517578125,0xB16D2C2A,3069,1262,1081,11.98828125,4.9296875,4.22265625,1,0x14,0,0,0,1,0,1,0,0,-1,0,,,,,,,,,,,,,,,,,,,,,,
660,10,FREECAM_3D,22.033333333333335,910534,27787.29248046875,1206,36.80419921875,27.170812603648425,26,0.79345703125,1179,35.980224609375,1,0.030517578125,0x97B6A86E,3069,1262,1081,11.98828125,4.9296875,4.22265625,1,0x14,0,0,0,1,0,1,0,0,-1,0,,,,,,,,,,,,,,,,,,,,,,
661,10,FREECAM_3D,22.066666666666666,911730,27823.79150390625,1196,36.4990234375,27.39799331103679,26,0.79345703125,1170,35.70556640625,0,0.0,0xD6FA1B1C,3069,1262,1081,11.98828125,4.9296875,4.22265625,1,0x14,0,0,0,1,0,1,0,0,-1,0,,,,,,,,,,,,,,,,,,,,,,
662,10,FREECAM_3D,22.1,912913,27859.893798828125,1183,36.102294921875,27.69907016060862,25,0.762939453125,1157,35.308837890625,1,0.030517578125,0x8B4C3E5A,3069,1262,1081,11.98828125,4.9296875,4.22265625,1,0x14,0,0,0,1,0,1,0,0,-1,0,,,,,,,,,,,,,,,,,,,,,,
663,10,FREECAM_3D,22.133333333333333,914091,27895.843505859375,1178,35.94970703125,27.816638370118845,22,0.67138671875,1156,35.2783203125,0,0.0,0x8B4C3E5A,3069,1262,1081,11.98828125,4.9296875,4.22265625,1,0x10,0,0,0,0,0,1,0,0,-1,0,,,,,,,,,,,,,,,,,,,,,,
664,10,FREECAM_3D,22.166666666666668,915268,27931.7626953125,1177,35.919189453125,27.840271877655056,21,0.640869140625,1156,35.2783203125,0,0.0,0x8B4C3E5A,3069,1262,1081,11.98828125,4.9296875,4.22265625,1,0x10,0,0,0,0,0,1,0,0,-1,0,,,,,,,,,,,,,,,,,,,,,,
665,10,FREECAM_3D,22.2,916447,27967.742919921875,1179,35.980224609375,27.793044953350297,21,0.640869140625,1157,35.308837890625,1,0.030517578125,0x8B4C3E5A,3069,1262,1081,11.98828125,4.9296875,4.22265625,1,0x10,0,0,0,0,0,1,0,0,-1,0,,,,,,,,,,,,,,,,,,,,,,
666,10,FREECAM_3D,22.233333333333334,917626,28003.72314453125,1179,35.980224609375,27.793044953350297,21,0.640869140625,1157,35.308837890625,1,0.030517578125,0x8B4C3E5A,3069,1262,1081,11.98828125,4.9296875,4.22265625,1,0x10,0,0,0,0,0,1,0,0,-1,0,,,,,,,,,,,,,,,,,,,,,,
667,10,FREECAM_3D,22.266666666666666,918804,28039.6728515625,1178,35.94970703125,27.816638370118845,22,0.67138671875,1156,35.2783203125,0,0.0,0x8B4C3E5A,3069,1262,1081,11.98828125,4.9296875,4.22265625,1,0x10,0,0,0,0,0,1,0,0,-1,0,,,,,,,,,,,,,,,,,,,,,,
668,10,FREECAM_3D,22.3,919981,28075.592041015625,1177,35.919189453125,27.840271877655056,21,0.640869140625,1156,35.2783203125,0,0.0,0x8B4C3E5A,3069,1262,1081,11.98828125,4.9296875,4.22265625,1,0x10,0,0,0,0,0,1,0,0,-1,0,,,,,,,,,,,,,,,,,,,,,,
669,10,FREECAM_3D,22.333333333333332,921160,28111.572265625,1179,35.980224609375,27.793044953350297,21,0.640869140625,1157,35.308837890625,1,0.030517578125,0x8B4C3E5A,3069,1262,1081,11.98828125,4.9296875,4.22265625,1,0x10,0,0,0,0,0,1,0,0,-1,0,,,,,,,,,,,,,,,,,,,,,,
670,10,FREECAM_3D,22.366666666666667,922339,28147.552490234375,1179,35.980224609375,27.793044953350297,21,0.640869140625,1157,35.308837890625,1,0.030517578125,0x8B4C3E5A,3069,1262,1081,11.98828125,4.9296875,4.22265625,1,0x10,0,0,0,0,0,1,0,0,-1,0,,,,,,,,,,,,,,,,,,,,,,
671,10,FREECAM_3D,22.4,923517,28183.502197265625,1178,35.94970703125,27.816638370118845,22,0.67138671875,1156,35.2783203125,0,0.0,0x8B4C3E5A,3069,1262,1081,11.98828125,4.9296875,4.22265625,1,0x10,0,0,0,0,0,1,0,0,-1,0,,,,,,,,,,,,,,,,,,,,,,
672,10,FREECAM_3D,22.433333333333334,924694,28219.42138671875,1177,35.919189453125,27.840271877655056,21,0.640869140625,1156,35.2783203125,0,0.0,0x8B4C3E5A,3069,1262,1081,11.98828125,4.9296875,4.22265625,1,0x10,0,0,0,0,0,1,0,0,-1,0,,,,,,,,,,,,,,,,,,,,,,
673,10,FREECAM_3D,22.466666666666665,925873,28255.401611328125,1179,35.980224609375,27.793044953350297,21,0.640869140625,1157,35.308837890625,1,0.030517578125,0x8B4C3E5A,3069,1262,1081,11.98828125,4.9296875,4.22265625,1,0x10,0,0,0,0,0,1,0,0,-1,0,,,,,,,,,,,,,,,,,,,,,,
674,10,FREECAM_3D,22.5,927052,28291.3818359375,1179,35.980224609375,27.793044953350297,21,0.640869140625,1157,35.308837890625,1,0.030517578125,0x8B4C3E5A,3069,1262,1081,11.98828125,4.9296875,4.22265625,1,0x10,0,0,0,0,0,1,0,0,-1,0,,,,,,,,,,,,,,,,,,,,,,
675,10,FREECAM_3D,22.533333333333335,928230,28327.33154296875,1178,35.94970703125,27.816638370118845,22,0.67138671875,1156,35.2783203125,0,0.0,0x8B4C3E5A,3069,1262,1081,11.98828125,4.9296875,4.22265625,1,0x10,0,0,0,0,0,1,0,0,-1,0,,,,,,,,,,,,,,,,,,,,,,
676,10,FREECAM_3D,22.566666666666666,929407,28363.250732421875,1177,35.919189453125,27.840271877655056,21,0.640869140625,1156,35.2783203125,0,0.0,0x8B4C3E5A,3069,1262,1081,11.98828125,4.9296875,4.22265625,1,0x10,0,0,0,0,0,1,0,0,-1,0,,,,,,,,,,,,,,,,,,,,,,
677,10,FREECAM_3D,22.6,930586,28399.23095703125,1179,35.980224609375,27.793044953350297,21,0.640869140625,1157,35.308837890625,1,0.030517578125,0x8B4C3E5A,3069,1262,1081,11.98828125,4.9296875,4.22265625,1,0x10,0,0,0,0,0,1,0,0,-1,0,,,,,,,,,,,,,,,,,,,,,,
678,10,FREECAM_3D,22.633333333333333,931766,28435.24169921875,1180,36.0107421875,27.769491525423728,22,0.67138671875,1157,35.308837890625,1,0.030517578125,0x8B4C3E5A,3069,1262,1081,11.98828125,4.9296875,4.22265625,1,0x10,0,0,0,0,0,1,0,0,-1,0,,,,,,,,,,,,,,,,,,,,,,
679,10,FREECAM_3D,22.666666666666668,932944,28471.19140625,1178,35.94970703125,27.816638370118845,22,0.67138671875,1156,35.2783203125,0,0.0,0x8B4C3E5A,3069,1262,1081,11.98828125,4.9296875,4.22265625,1,0x10,0,0,0,0,0,1,0,0,-1,0,,,,,,,,,,,,,,,,,,,,,,
680,10,FREECAM_3D,22.7,934121,28507.110595703125,1177,35.919189453125,27.840271877655056,21,0.640869140625,1156,35.2783203125,0,0.0,0x8B4C3E5A,3069,1262,1081,11.98828125,4.9296875,4.22265625,1,0x10,0,0,0,0,0,1,0,0,-1,0,,,,,,,,,,,,,,,,,,,,,,
681,10,FREECAM_3D,22.733333333333334,935300,28543.0908203125,1179,35.980224609375,27.793044953350297,21,0.640869140625,1157,35.308837890625,1,0.030517578125,0x8B4C3E5A,3069,1262,1081,11.98828125,4.9296875,4.22265625,1,0x10,0,0,0,0,0,1,0,0,-1,0,,,,,,,,,,,,,,,,,,,,,,
682,10,FREECAM_3D,22.766666666666666,936480,28579.1015625,1180,36.0107421875,27.769491525423728,22,0.67138671875,1157,35.308837890625,1,0.030517578125,0x8B4C3E5A,3069,1262,1081,11.98828125,4.9296875,4.22265625,1,0x10,0,0,0,0,0,1,0,0,-1,0,,,,,,,,,,,,,,,,,,,,,,
683,10,FREECAM_3D,22.8,937658,28615.05126953125,1178,35.94970703125,27.816638370118845,22,0.67138671875,1156,35.2783203125,0,0.0,0x8B4C3E5A,3069,1262,1081,11.98828125,4.9296875,4.22265625,1,0x10,0,0,0,0,0,1,0,0,-1,0,,,,,,,,,,,,,,,,,,,,,,
684,10,FREECAM_3D,22.833333333333332,938835,28650.970458984375,1177,35.919189453125,27.840271877655056,21,0.640869140625,1156,35.2783203125,0,0.0,0x8B4C3E5A,3069,1262,1081,11.98828125,4.9296875,4.22265625,1,0x10,0,0,0,0,0,1,0,0,-1,0,,,,,,,,,,,,,,,,,,,,,,
685,10,FREECAM_3D,22.866666666666667,940014,28686.95068359375,1179,35.980224609375,27.793044953350297,21,0.640869140625,1157,35.308837890625,1,0.030517578125,0x8B4C3E5A,3069,1262,1081,11.98828125,4.9296875,4.22265625,1,0x10,0,0,0,0,0,1,0,0,-1,0,,,,,,,,,,,,,,,,,,,,,,
686,10,FREECAM_3D,22.9,941193,28722.930908203125,1179,35.980224609375,27.793044953350297,22,0.67138671875,1157,35.308837890625,0,0.0,0x8B4C3E5A,3069,1262,1081,11.98828125,4.9296875,4.22265625,1,0x10,0,0,0,0,0,1,0,0,-1,0,,,,,,,,,,,,,,,,,,,,,,
687,10,FREECAM_3D,22.933333333333334,942371,28758.880615234375,1178,35.94970703125,27.816638370118845,22,0.67138671875,1156,35.2783203125,0,0.0,0x8B4C3E5A,3069,1262,1081,11.98828125,4.9296875,4.22265625,1,0x10,0,0,0,0,0,1,0,0,-1,0,,,,,,,,,,,,,,,,,,,,,,
688,10,FREECAM_3D,22.966666666666665,943548,28794.7998046875,1177,35.919189453125,27.840271877655056,21,0.640869140625,1156,35.2783203125,0,0.0,0x8B4C3E5A,3069,1262,1081,11.98828125,4.9296875,4.22265625,1,0x10,0,0,0,0,0,1,0,0,-1,0,,,,,,,,,,,,,,,,,,,,,,
689,10,FREECAM_3D,23.0,944727,28830.780029296875,1179,35.980224609375,27.793044953350297,21,0.640869140625,1157,35.308837890625,1,0.030517578125,0x8B4C3E5A,3069,1262,1081,11.98828125,4.9296875,4.22265625,1,0x10,0,0,0,0,0,1,0,0,-1,0,,,,,,,,,,,,,,,,,,,,,,
690,10,FREECAM_3D,23.033333333333335,945905,28866.729736328125,1178,35.94970703125,27.816638370118845,22,0.67138671875,1156,35.2783203125,0,0.0,0x8B4C3E5A,3069,1262,1081,11.98828125,4.9296875,4.22265625,1,0x10,0,0,0,0,0,1,0,0,-1,0,,,,,,,,,,,,,,,,,,,,,,
691,10,FREECAM_3D,23.066666666666666,947082,28902.64892578125,1177,35.919189453125,27.840271877655056,21,0.640869140625,1156,35.2783203125,0,0.0,0x8B4C3E5A,3069,1262,1081,11.98828125,4.9296875,4.22265625,1,0x10,0,0,0,0,0,1,0,0,-1,0,,,,,,,,,,,,,,,,,,,,,,
692,10,FREECAM_3D,23.1,948261,28938.629150390625,1179,35.980224609375,27.793044953350297,21,0.640869140625,1157,35.308837890625,1,0.030517578125,0x8B4C3E5A,3069,1262,1081,11.98828125,4.9296875,4.22265625,1,0x10,0,0,0,0,0,1,0,0,-1,0,,,,,,,,,,,,,,,,,,,,,,
693,10,FREECAM_3D,23.133333333333333,949440,28974.609375,1179,35.980224609375,27.793044953350297,21,0.640869140625,1157,35.308837890625,1,0.030517578125,0x8B4C3E5A,3069,1262,1081,11.98828125,4.9296875,4.22265625,1,0x10,0,0,0,0,0,1,0,0,-1,0,,,,,,,,,,,,,,,,,,,,,,
694,10,FREECAM_3D,23.166666666666668,950618,29010.55908203125,1178,35.94970703125,27.816638370118845,22,0.67138671875,1156,35.2783203125,0,0.0,0x8B4C3E5A,3069,1262,1081,11.98828125,4.9296875,4.22265625,1,0x10,0,0,0,0,0,1,0,0,-1,0,,,,,,,,,,,,,,,,,,,,,,
695,10,FREECAM_3D,23.2,951795,29046.478271484375,1177,35.919189453125,27.840271877655056,21,0.640869140625,1156,35.2783203125,0,0.0,0x8B4C3E5A,3069,1262,1081,11.98828125,4.9296875,4.22265625,1,0x10,0,0,0,0,0,1,0,0,-1,0,,,,,,,,,,,,,,,,,,,,,,
696,10,FREECAM_3D,23.233333333333334,952974,29082.45849609375,1179,35.980224609375,27.793044953350297,21,0.640869140625,1157,35.308837890625,1,0.030517578125,0x8B4C3E5A,3069,1262,1081,11.98828125,4.9296875,4.22265625,1,0x10,0,0,0,0,0,1,0,0,-1,0,,,,,,,,,,,,,,,,,,,,,,
697,10,FREECAM_3D,23.266666666666666,954153,29118.438720703125,1179,35.980224609375,27.793044953350297,21,0.640869140625,1157,35.308837890625,1,0.030517578125,0x8B4C3E5A,3069,1262,1081,11.98828125,4.9296875,4.22265625,1,0x10,0,0,0,0,0,1,0,0,-1,0,,,,,,,,,,,,,,,,,,,,,,
698,10,FREECAM_3D,23.3,955331,29154.388427734375,1178,35.94970703125,27.816638370118845,22,0.67138671875,1156,35.2783203125,0,0.0,0x8B4C3E5A,3069,1262,1081,11.98828125,4.9296875,4.22265625,1,0x10,0,0,0,0,0,1,0,0,-1,0,,,,,,,,,,,,,,,,,,,,,,
699,10,FREECAM_3D,23.333333333333332,956508,29190.3076171875,1177,35.919189453125,27.840271877655056,21,0.640869140625,1156,35.2783203125,0,0.0,0x8B4C3E5A,3069,1262,1081,11.98828125,4.9296875,4.22265625,1,0x10,0,0,0,0,0,1,0,0,-1,0,,,,,,,,,,,,,,,,,,,,,,
700,10,FREECAM_3D,23.366666666666667,957687,29226.287841796875,1179,35.980224609375,27.793044953350297,21,0.640869140625,1157,35.308837890625,1,0.030517578125,0x8B4C3E5A,3069,1262,1081,11.98828125,4.9296875,4.22265625,1,0x10,0,0,0,0,0,1,0,0,-1,0,,,,,,,,,,,,,,,,,,,,,,
701,10,FREECAM_3D,23.4,958866,29262.26806640625,1179,35.980224609375,27.793044953350297,21,0.640869140625,1157,35.308837890625,1,0.030517578125,0x8B4C3E5A,3069,1262,1081,11.98828125,4.9296875,4.22265625,1,0x10,0,0,0,0,0,1,0,0,-1,0,,,,,,,,,,,,,,,,,,,,,,
702,10,FREECAM_3D,23.433333333333334,960044,29298.2177734375,1178,35.94970703125,27.816638370118845,22,0.67138671875,1156,35.2783203125,0,0.0,0x8B4C3E5A,3069,1262,1081,11.98828125,4.9296875,4.22265625,1,0x10,0,0,0,0,0,1,0,0,-1,0,,,,,,,,,,,,,,,,,,,,,,
703,10,FREECAM_3D,23.466666666666665,961221,29334.136962890625,1177,35.919189453125,27.840271877655056,21,0.640869140625,1156,35.2783203125,0,0.0,0x8B4C3E5A,3069,1262,1081,11.98828125,4.9296875,4.22265625,1,0x10,0,0,0,0,0,1,0,0,-1,0,,,,,,,,,,,,,,,,,,,,,,
704,10,FREECAM_3D,23.5,962400,29370.1171875,1179,35.980224609375,27.793044953350297,21,0.640869140625,1157,35.308837890625,1,0.030517578125,0x8B4C3E5A,3069,1262,1081,11.98828125,4.9296875,4.22265625,1,0x10,0,0,0,0,0,1,0,0,-1,0,,,,,,,,,,,,,,,,,,,,,,
705,10,FREECAM_3D,23.533333333333335,963580,29406.1279296875,1180,36.0107421875,27.769491525423728,22,0.67138671875,1157,35.308837890625,1,0.030517578125,0x8B4C3E5A,3069,1262,1081,11.98828125,4.9296875,4.22265625,1,0x10,0,0,0,0,0,1,0,0,-1,0,,,,,,,,,,,,,,,,,,,,,,
706,10,FREECAM_3D,23.566666666666666,964758,29442.07763671875,1178,35.94970703125,27.816638370118845,22,0.67138671875,1156,35.2783203125,0,0.0,0x8B4C3E5A,3069,1262,1081,11.98828125,4.9296875,4.22265625,1,0x10,0,0,0,0,0,1,0,0,-1,0,,,,,,,,,,,,,,,,,,,,,,
707,10,FREECAM_3D,23.6,965935,29477.996826171875,1177,35.919189453125,27.840271877655056,21,0.640869140625,1156,35.2783203125,0,0.0,0x8B4C3E5A,3069,1262,1081,11.98828125,4.9296875,4.22265625,1,0x10,0,0,0,0,0,1,0,0,-1,0,,,,,,,,,,,,,,,,,,,,,,
708,10,FREECAM_3D,23.633333333333333,967114,29513.97705078125,1179,35.980224609375,27.793044953350297,21,0.640869140625,1157,35.308837890625,1,0.030517578125,0x8B4C3E5A,3069,1262,1081,11.98828125,4.9296875,4.22265625,1,0x10,0,0,0,0,0,1,0,0,-1,0,,,,,,,,,,,,,,,,,,,,,,
709,10,FREECAM_3D,23.666666666666668,968294,29549.98779296875,1180,36.0107421875,27.769491525423728,22,0.67138671875,1157,35.308837890625,1,0.030517578125,0x8B4C3E5A,3069,1262,1081,11.98828125,4.9296875,4.22265625,1,0x10,0,0,0,0,0,1,0,0,-1,0,,,,,,,,,,,,,,,,,,,,,,
710,10,FREECAM_3D,23.7,969491,29586.517333984375,1197,36.529541015625,27.375104427736005,26,0.79345703125,1171,35.736083984375,0,0.0,0xD6FA1B1C,3069,1262,1081,11.98828125,4.9296875,4.22265625,1,0x14,0,0,0,1,0,1,0,0,1,0,,,,,,,,,,,,,,,,,,,,,,
711,10,FREECAM_3D,23.733333333333334,970695,29623.260498046875,1204,36.7431640625,27.21594684385382,26,0.79345703125,1178,35.94970703125,0,0.0,0x97B6A86E,3069,1262,1081,11.98828125,4.9296875,4.22265625,1,0x14,0,0,0,1,0,1,0,0,1,0,,,,,,,,,,,,,,,,,,,,,,
712,10,FREECAM_3D,23.766666666666666,971944,29661.376953125,1249,38.116455078125,26.235388310648517,25,0.762939453125,1224,37.353515625,0,0.0,0xB16D2C2A,3069,1262,1081,11.98828125,4.9296875,4.22265625,1,0x14,0,0,0,1,0,1,0,0,1,0,,,,,,,,,,,,,,,,,,,,,,
713,10,FREECAM_3D,23.8,973196,29699.5849609375,1252,38.2080078125,26.17252396166134,26,0.79345703125,1225,37.384033203125,1,0.030517578125,0x99232FBD,3069,1262,1081,11.98828125,4.9296875,4.22265625,1,0x14,0,0,0,1,0,1,0,0,1,0,,,,,,,,,,,,,,,,,,,,,,
714,10,FREECAM_3D,23.833333333333332,974459,29738.128662109375,1263,38.543701171875,25.944576405384005,26,0.79345703125,1237,37.750244140625,0,0.0,0x87F93679,3069,1262,1081,11.98828125,4.9296875,4.22265625,1,0x14,0,0,0,1,0,1,0,0,1,0,,,,,,,,,,,,,,,,,,,,,,
715,10,FREECAM_3D,23.866666666666667,975741,29777.252197265625,1282,39.12353515625,25.5600624024961,26,0.79345703125,1256,38.330078125,0,0.0,0x58F5109B,3069,1262,1081,11.98828125,4.9296875,4.22265625,1,0x14,0,0,0,1,0,1,0,0,1,0,,,,,,,,,,,,,,,,,,,,,,
716,10,FREECAM_3D,23.9,977034,29816.71142578125,1293,39.459228515625,25.34261407579273,25,0.762939453125,1268,38.6962890625,0,0.0,0xAE96CAD8,3069,1262,1081,11.98828125,4.9296875,4.22265625,1,0x14,0,0,0,1,0,1,0,0,1,0,,,,,,,,,,,,,,,,,,,,,,
717,10,FREECAM_3D,23.933333333333334,978344,29856.689453125,1310,39.97802734375,25.013740458015267,26,0.79345703125,1283,39.154052734375,1,0.030517578125,0xA3747F26,3069,1262,1081,11.98828125,4.9296875,4.22265625,1,0x14,0,0,0,1,0,1,0,0,1,0,,,,,,,,,,,,,,,,,,,,,,
718,10,FREECAM_3D,23.966666666666665,979667,29897.064208984375,1323,40.374755859375,24.767951625094483,26,0.79345703125,1296,39.55078125,1,0.030517578125,0xC7FFADCF,3069,1262,1081,11.98828125,4.9296875,4.22265625,1,0x14,0,0,0,1,0,1,0,0,1,0,,,,,,,,,,,,,,,,,,,,,,
719,10,FREECAM_3D,24.0,981002,29937.80517578125,1335,40.740966796875,24.545318352059926,26,0.79345703125,1309,39.947509765625,0,0.0,0xA44C425B,3069,1262,1081,11.98828125,4.9296875,4.22265625,1,0x14,0,0,0,1,0,1,0,0,1,0,,,,,,,,,,,,,,,,,,,,,,
720,10,FREECAM_3D,24.033333333333335,982341,29978.668212890625,1339,40.863037109375,24.471994025392085,25,0.762939453125,1314,40.10009765625,0,0.0,0xF20D7777,3069,1262,1081,11.98828125,4.9296875,4.22265625,1,0x14,0,0,0,1,0,1,0,0,1,0,,,,,,,,,,,,,,,,,,,,,,
721,10,FREECAM_3D,24.066666666666666,983678,30019.47021484375,1337,40.802001953125,24.50860134629768,25,0.762939453125,1312,40.0390625,0,0.0,0x1D68886C,3069,1262,1081,11.98828125,4.9296875,4.22265625,1,0x14,0,0,0,1,0,1,0,0,1,0,,,,,,,,,,,,,,,,,,,,,,
722,10,FREECAM_3D,24.1,984923,30057.464599609375,1245,37.994384765625,26.31967871485944,25,0.762939453125,1220,37.2314453125,0,0.0,0x65DFB05A,3069,1262,1081,11.98828125,4.9296875,4.22265625,1,0x14,0,0,0,1,0,1,0,0,1,0,,,,,,,,,,,,,,,,,,,,,,
723,10,FREECAM_3D,24.133333333333333,986187,30096.038818359375,1264,38.57421875,25.924050632911392,26,0.79345703125,1238,37.78076171875,0,0.0,0x7EDEF92F,3069,1262,1081,11.98828125,4.9296875,4.22265625,1,0x14,0,0,0,1,0,1,0,0,1,0,,,,,,,,,,,,,,,,,,,,,,
724,10,FREECAM_3D,24.166666666666668,987348,30131.4697265625,1161,35.430908203125,28.223944875107666,25,0.762939453125,1136,34.66796875,0,0.0,0x4310EEA4,3069,1262,1081,11.98828125,4.9296875,4.22265625,1,0x14,0,0,0,1,0,1,0,0,1,0,,,,,,,,,,,,,,,,,,,,,,
725,10,FREECAM_3D,24.2,988508,30166.8701171875,1160,35.400390625,28.248275862068965,25,0.762939453125,1134,34.60693359375,1,0.030517578125,0x757DE4F2,3069,1262,1081,11.98828125,4.9296875,4.22265625,1,0x14,0,0,0,1,0,1,0,0,1,0,,,,,,,,,,,,,,,,,,,,,,
726,10,FREECAM_3D,24.233333333333334,989648,30201.66015625,1140,34.7900390625,28.743859649122808,26,0.79345703125,1113,33.966064453125,1,0.030517578125,0x7496D160,3069,1262,1081,11.98828125,4.9296875,4.22265625,1,0x14,0,0,0,1,0,1,0,0,1,0,,,,,,,,,,,,,,,,,,,,,,
727,10,FREECAM_3D,24.266666666666666,990785,30236.358642578125,1137,34.698486328125,28.819700967458225,26,0.79345703125,1110,33.87451171875,1,0.030517578125,0x0F828D67,3069,1262,1081,11.98828125,4.9296875,4.22265625,1,0x14,0,0,0,1,0,1,0,0,1,0,,,,,,,,,,,,,,,,,,,,,,
728,10,FREECAM_3D,24.3,991920,30270.99609375,1135,34.637451171875,28.8704845814978,26,0.79345703125,1108,33.8134765625,1,0.030517578125,0x75381BF2,3069,1262,1081,11.98828125,4.9296875,4.22265625,1,0x14,0,0,0,1,0,1,0,0,1,0,,,,,,,,,,,,,,,,,,,,,,
729,10,FREECAM_3D,24.333333333333332,993051,30305.511474609375,1131,34.515380859375,28.97259062776304,26,0.79345703125,1105,33.721923828125,0,0.0,0xBA858160,3069,1262,1081,11.98828125,4.9296875,4.22265625,1,0x14,0,0,0,1,0,1,0,0,1,0,,,,,,,,,,,,,,,,,,,,,,
730,10,FREECAM_3D,24.366666666666667,994180,30339.9658203125,1129,34.454345703125,29.023914968999115,25,0.762939453125,1103,33.660888671875,1,0.030517578125,0x301ECFFF,3069,1262,1081,11.98828125,4.9296875,4.22265625,1,0x14,0,0,0,1,0,1,0,0,1,0,,,,,,,,,,,,,,,,,,,,,,
731,10,FREECAM_3D,24.4,995305,30374.298095703125,1125,34.332275390625,29.127111111111113,26,0.79345703125,1099,33.538818359375,0,0.0,0x1CAD1FE7,3069,1262,1081,11.98828125,4.9296875,4.22265625,1,0x14,0,0,0,1,0,1,0,0,1,0,,,,,,,,,,,,,,,,,,,,,,
732,10,FREECAM_3D,24.433333333333334,996424,30408.447265625,1119,34.149169921875,29.283288650580875,26,0.79345703125,1093,33.355712890625,0,0.0,0x125C255F,3069,1262,1081,11.98828125,4.9296875,4.22265625,1,0x14,0,0,0,1,0,1,0,0,1,0,,,,,,,,,,,,,,,,,,,,,,
733,10,FREECAM_3D,24.466666666666665,997542,30442.56591796875,1118,34.11865234375,29.30948121645796,25,0.762939453125,1092,33.3251953125,1,0.030517578125,0x351999EE,3069,1262,1081,11.98828125,4.9296875,4.22265625,1,0x14,0,0,0,1,0,1,0,0,1,0,,,,,,,,,,,,,,,,,,,,,,
734,10,FREECAM_3D,24.5,998740,30479.1259765625,1198,36.56005859375,27.352253756260435,26,0.79345703125,1172,35.7666015625,0,0.0,0xAC17D57C,3069,1262,1081,11.98828125,4.9296875,4.22265625,1,0x14,0,0,0,1,0,1,0,0,1,0,,,,,,,,,,,,,,,,,,,,,,
735,10,FREECAM_3D,24.533333333333335,999940,30515.7470703125,1200,36.62109375,27.30666666666667,25,0.762939453125,1174,35.82763671875,1,0.030517578125,0x9AB97DEB,3069,1262,1081,11.98828125,4.9296875,4.22265625,1,0x14,0,0,0,1,0,1,0,0,1,0,,,,,,,,,,,,,,,,,,,,,,
736,10,FREECAM_3D,24.566666666666666,1001369,30559.356689453125,1429,43.609619140625,22.93072078376487,26,0.79345703125,1402,42.78564453125,1,0.030517578125,0x9F0DFB31,3069,1262,1081,11.98828125,4.9296875,4.22265625,1,0x14,0,0,0,1,0,1,0,0,1,0,,,,,,,,,,,,,,,,,,,,,,
737,10,FREECAM_3D,24.6,1002814,30603.45458984375,1445,44.097900390625,22.67681660899654,26,0.79345703125,1418,43.27392578125,1,0.030517578125,0x71DCCEE5,3069,1262,1081,11.98828125,4.9296875,4.22265625,1,0x14,0,0,0,1,0,1,0,0,1,0,,,,,,,,,,,,,,,,,,,,,,
738,10,FREECAM_3D,24.633333333333333,1004268,30647.8271484375,1454,44.37255859375,22.536451169188446,26,0.79345703125,1428,43.5791015625,0,0.0,0xA5FAE12A,3069,1262,1081,11.98828125,4.9296875,4.22265625,1,0x14,0,0,0,1,0,1,0,0,1,0,,,,,,,,,,,,,,,,,,,,,,
739,10,FREECAM_3D,24.666666666666668,1005783,30694.061279296875,1515,46.234130859375,21.62904290429043,26,0.79345703125,1488,45.41015625,1,0.030517578125,0xA5318462,3069,1262,1081,11.98828125,4.9296875,4.22265625,1,0x14,0,0,0,1,0,1,0,0,1,0,,,,,,,,,,,,,,,,,,,,,,
740,10,FREECAM_3D,24.7,1007324,30741.0888671875,1541,47.027587890625,21.26411421155094,26,0.79345703125,1514,46.20361328125,1,0.030517578125,0x0F056F37,3069,1262,1081,11.98828125,4.9296875,4.22265625,1,0x14,0,0,0,1,0,1,0,0,1,0,,,,,,,,,,,,,,,,,,,,,,
741,10,FREECAM_3D,24.733333333333334,1008898,30789.12353515625,1574,48.03466796875,20.818297331639137,26,0.79345703125,1547,47.210693359375,1,0.030517578125,0x3DD7AA69,3069,1262,1081,11.98828125,4.9296875,4.22265625,1,0x14,0,0,0,1,0,1,0,0,1,0,,,,,,,,,,,,,,,,,,,,,,
742,10,FREECAM_3D,24.766666666666666,1010525,30838.775634765625,1627,49.652099609375,20.14013521819299,26,0.79345703125,1601,48.858642578125,0,0.0,0xE75BFEC1,3069,1262,1081,11.98828125,4.9296875,4.22265625,1,0x14,0,0,0,1,0,1,0,0,1,0,,,,,,,,,,,,,,,,,,,,,,
743,10,FREECAM_3D,24.8,1012224,30890.625,1699,51.849365234375,19.286639199529134,25,0.762939453125,1673,51.055908203125,1,0.030517578125,0xD5D21860,3069,1262,1081,11.98828125,4.9296875,4.22265625,1,0x14,0,0,0,1,0,1,0,0,1,0,,,,,,,,,,,,,,,,,,,,,,
744,10,FREECAM_3D,24.833333333333332,1013958,30943.54248046875,1734,52.91748046875,18.897347174163784,26,0.79345703125,1707,52.093505859375,1,0.030517578125,0x95EDCE06,3069,1262,1081,11.98828125,4.9296875,4.22265625,1,0x14,0,0,0,1,0,1,0,0,1,0,,,,,,,,,,,,,,,,,,,,,,
745,10,FREECAM_3D,24.866666666666667,1015745,30998.077392578125,1787,54.534912109375,18.33687744823727,26,0.79345703125,1761,53.741455078125,0,0.0,0x63CE50E1,3069,1262,1081,11.98828125,4.9296875,4.22265625,1,0x14,0,0,0,1,0,1,0,0,1,0,,,,,,,,,,,,,,,,,,,,,,
746,10,FREECAM_3D,24.9,1017603,31054.779052734375,1858,56.70166015625,17.636167922497307,25,0.762939453125,1833,55.938720703125,0,0.0,0x6BFB6151,3069,1262,1081,11.98828125,4.9296875,4.22265625,1,0x14,0,0,0,1,0,1,0,0,1,0,,,,,,,,,,,,,,,,,,,,,,
747,10,FREECAM_3D,24.933333333333334,1019493,31112.457275390625,1890,57.67822265625,17.33756613756614,25,0.762939453125,1865,56.915283203125,0,0.0,0xBC1EDF23,3069,1262,1081,11.98828125,4.9296875,4.22265625,1,0x14,0,0,0,1,0,1,0,0,1,0,,,,,,,,,,,,,,,,,,,,,,
748,10,FREECAM_3D,24.966666666666665,1021421,31171.295166015625,1928,58.837890625,16.99585062240664,25,0.762939453125,1902,58.04443359375,1,0.030517578125,0xF7C30E54,3069,1262,1081,11.98828125,4.9296875,4.22265625,1,0x14,0,0,0,1,0,1,0,0,1,0,,,,,,,,,,,,,,,,,,,,,,
749,10,FREECAM_3D,25.0,1023367,31230.682373046875,1946,59.38720703125,16.838643371017472,26,0.79345703125,1919,58.563232421875,1,0.030517578125,0x4540FC6A,3069,1262,1081,11.98828125,4.9296875,4.22265625,1,0x14,0,0,0,1,0,1,0,0,1,0,,,,,,,,,,,,,,,,,,,,,,
750,10,FREECAM_3D,25.033333333333335,1025350,31291.19873046875,1983,60.516357421875,16.524457892082705,26,0.79345703125,1957,59.722900390625,0,0.0,0x06815C15,3069,1262,1081,11.98828125,4.9296875,4.22265625,1,0x14,0,0,0,1,0,1,0,0,1,0,,,,,,,,,,,,,,,,,,,,,,
751,10,FREECAM_3D,25.066666666666666,1027371,31352.874755859375,2021,61.676025390625,16.213755566551214,25,0.762939453125,1996,60.9130859375,0,0.0,0x7CE2CE39,3069,1262,1081,11.98828125,4.9296875,4.22265625,1,0x14,0,0,0,1,0,1,0,0,1,0,,,,,,,,,,,,,,,,,,,,,,
752,10,FREECAM_3D,25.1,1029426,31415.58837890625,2055,62.713623046875,15.945498783454989,25,0.762939453125,2030,61.95068359375,0,0.0,0x0BF6A32B,3069,1262,1081,11.98828125,4.9296875,4.22265625,1,0x14,0,0,0,1,0,1,0,0,1,0,,,,,,,,,,,,,,,,,,,,,,
753,10,FREECAM_3D,25.133333333333333,1031496,31478.759765625,2070,63.17138671875,15.829951690821256,26,0.79345703125,2044,62.3779296875,0,0.0,0xD06752C8,3069,1262,1081,11.98828125,4.9296875,4.22265625,1,0x14,0,0,0,1,0,1,0,0,1,0,,,,,,,,,,,,,,,,,,,,,,
754,10,FREECAM_3D,25.166666666666668,1033636,31544.0673828125,2140,65.3076171875,15.312149532710281,25,0.762939453125,2115,64.544677734375,0,0.0,0x48A2917A,3069,1262,1081,11.98828125,4.9296875,4.22265625,1,0x14,0,0,0,1,0,1,0,0,1,0,,,,,,,,,,,,,,,,,,,,,,
755,10,FREECAM_3D,25.2,1035811,31610.443115234375,2175,66.375732421875,15.065747126436781,25,0.762939453125,2149,65.582275390625,1,0.030517578125,0x8CC51F67,3069,1262,1081,11.98828125,4.9296875,4.22265625,1,0x14,0,0,0,1,0,1,0,0,1,0,,,,,,,,,,,,,,,,,,,,,,
756,10,FREECAM_3D,25.233333333333334,1038012,31677.6123046875,2201,67.169189453125,14.887778282598818,26,0.79345703125,2175,66.375732421875,0,0.0,0xA8F28D70,3069,1262,1081,11.98828125,4.9296875,4.22265625,1,0x14,0,0,0,1,0,1,0,0,1,0,,,,,,,,,,,,,,,,,,,,,,
757,10,FREECAM_3D,25.266666666666666,1040246,31745.78857421875,2234,68.17626953125,14.667860340196956,26,0.79345703125,2207,67.352294921875,1,0.030517578125,0xD7079BC0,3069,1262,1081,11.98828125,4.9296875,4.22265625,1,0x14,0,0,0,1,0,1,0,0,1,0,,,,,,,,,,,,,,,,,,,,,,
758,10,FREECAM_3D,25.3,1042471,31813.690185546875,2225,67.901611328125,14.727191011235956,18,0.54931640625,2206,67.32177734375,1,0.030517578125,0x9F11FE28,3069,1262,1102,11.98828125,4.9296875,4.3046875,1,0x14,0,0,0,1,0,1,0,0,0,1,,,,,,,,,,,,,,,,,,,,,,
759,10,FREECAM_3D,25.333333333333332,1044693,31881.500244140625,2222,67.81005859375,14.747074707470746,18,0.54931640625,2204,67.2607421875,0,0.0,0xFE201391,3069,1262,1123,11.98828125,4.9296875,4.38671875,1,0x14,0,0,0,1,0,1,0,0,0,1,,,,,,,,,,,,,,,,,,,,,,
760,10,FREECAM_3D,25.366666666666667,1046908,31949.0966796875,2215,67.596435546875,14.793679458239277,17,0.518798828125,2197,67.047119140625,1,0.030517578125,0x8D970B6E,3069,1262,1144,11.98828125,4.9296875,4.46875,1,0x14,0,0,0,1,0,1,0,0,0,1,,,,,,,,,,,,,,,,,,,,,,
761,10,FREECAM_3D,25.4,1049111,32016.326904296875,2203,67.230224609375,14.874262369496142,18,0.54931640625,2184,66.650390625,1,0.030517578125,0xD10F39AF,3069,1262,1165,11.98828125,4.9296875,4.55078125,1,0x14,0,0,0,1,0,1,0,0,0,1,,,,,,,,,,,,,,,,,,,,,,
762,10,FREECAM_3D,25.433333333333334,1051297,32083.038330078125,2186,66.71142578125,14.989935956084173,18,0.54931640625,2168,66.162109375,0,0.0,0x2CA7BF24,3069,1262,1186,11.98828125,4.9296875,4.6328125,1,0x14,0,0,0,1,0,1,0,0,0,1,,,,,,,,,,,,,,,,,,,,,,
763,10,FREECAM_3D,25.466666666666665,1053470,32149.35302734375,2173,66.314697265625,15.079613437643811,18,0.54931640625,2155,65.765380859375,0,0.0,0x85D9FFED,3069,1262,1207,11.98828125,4.9296875,4.71484375,1,0x14,0,0,0,1,0,1,0,0,0,1,,,,,,,,,,,,,,,,,,,,,,
764,10,FREECAM_3D,25.5,1055525,32212.066650390625,2055,62.713623046875,15.945498783454989,906,27.64892578125,1148,35.0341796875,1,0.030517578125,0x60949FFC,3,2468,402,0.01171875,9.640625,1.5703125,0,0x15,0,0,1,1,0,1,0,0,0,1,,,,,,,,,,,,,,,,,,,,,,
765,10,FREECAM_3D,25.533333333333335,1056688,32247.55859375,1163,35.491943359375,28.175408426483234,18,0.54931640625,1145,34.942626953125,0,0.0,0x7D2C2957,3,2468,423,0.01171875,9.640625,1.65234375,0,0x14,0,0,0,1,0,1,0,0,0,1,,,,,,,,,,,,,,,,,,,,,,
766,10,FREECAM_3D,25.566666666666666,1057855,32283.172607421875,1167,35.614013671875,28.07883461868038,17,0.518798828125,1149,35.064697265625,1,0.030517578125,0xAF34DCD8,3,2468,444,0.01171875,9.640625,1.734375,0,0x14,0,0,0,1,0,1,0,0,0,1,,,,,,,,,,,,,,,,,,,,,,
767,10,FREECAM_3D,25.6,1059028,32318.9697265625,1173,35.797119140625,27.935208866155158,18,0.54931640625,1154,35.21728515625,1,0.030517578125,0xC2DBAE89,3,2468,465,0.01171875,9.640625,1.81640625,0,0x14,0,0,0,1,0,1,0,0,0,1,,,,,,,,,,,,,,,,,,,,,,
768,10,FREECAM_3D,25.633333333333333,1060199,32354.705810546875,1171,35.736083984375,27.982920580700256,18,0.54931640625,1152,35.15625,1,0.030517578125,0xEF5FB53A,3,2468,486,0.01171875,9.640625,1.8984375,0,0x14,0,0,0,1,0,1,0,0,0,1,,,,,,,,,,,,,,,,,,,,,,
769,10,FREECAM_3D,25.666666666666668,1061369,32390.411376953125,1170,35.70556640625,28.006837606837607,18,0.54931640625,1151,35.125732421875,1,0.030517578125,0xFE92F063,3,2468,507,0.01171875,9.640625,1.98046875,0,0x14,0,0,0,1,0,1,0,0,0,1,,,,,,,,,,,,,,,,,,,,,,
770,10,FREECAM_3D,25.7,1062533,32425.933837890625,1164,35.5224609375,28.151202749140893,18,0.54931640625,1146,34.97314453125,0,0.0,0xCAC6071D,3,2468,528,0.01171875,9.640625,2.0625,0,0x14,0,0,0,1,0,1,0,0,0,1,,,,,,,,,,,,,,,,,,,,,,
771,10,FREECAM_3D,25.733333333333334,1063696,32461.42578125,1163,35.491943359375,28.175408426483234,18,0.54931640625,1145,34.942626953125,0,0.0,0xAB0FE09C,3,2468,549,0.01171875,9.640625,2.14453125,0,0x14,0,0,0,1,0,1,0,0,0,1,,,,,,,,,,,,,,,,,,,,,,
772,10,FREECAM_3D,25.766666666666666,1064858,32496.88720703125,1162,35.46142578125,28.199655765920827,18,0.54931640625,1143,34.881591796875,1,0.030517578125,0x6E0C8873,3,2468,570,0.01171875,9.640625,2.2265625,0,0x14,0,0,0,1,0,1,0,0,0,1,,,,,,,,,,,,,,,,,,,,,,
773,10,FREECAM_3D,25.8,1066015,32532.196044921875,1157,35.308837890625,28.32152117545376,18,0.54931640625,1139,34.759521484375,0,0.0,0x44E06012,3,2468,591,0.01171875,9.640625,2.30859375,0,0x14,0,0,0,1,0,1,0,0,0,1,,,,,,,,,,,,,,,,,,,,,,
774,10,FREECAM_3D,25.833333333333332,1067169,32567.413330078125,1154,35.21728515625,28.395147313691506,18,0.54931640625,1136,34.66796875,0,0.0,0x40A22339,3,2468,612,0.01171875,9.640625,2.390625,0,0x14,0,0,0,1,0,1,0,0,0,1,,,,,,,,,,,,,,,,,,,,,,
775,10,FREECAM_3D,25.866666666666667,1068325,32602.691650390625,1156,35.2783203125,28.346020761245676,17,0.518798828125,1138,34.72900390625,1,0.030517578125,0x80883878,3,2468,633,0.01171875,9.640625,2.47265625,0,0x14,0,0,0,1,0,1,0,0,0,1,,,,,,,,,,,,,,,,,,,,,,
776,10,FREECAM_3D,25.9,1069475,32637.786865234375,1150,35.09521484375,28.493913043478262,18,0.54931640625,1132,34.5458984375,0,0.0,0x74684B0F,3,2468,654,0.01171875,9.640625,2.5546875,0,0x14,0,0,0,1,0,1,0,0,0,1,,,,,,,,,,,,,,,,,,,,,,
777,10,FREECAM_3D,25.933333333333334,1070620,32672.7294921875,1145,34.942626953125,28.618340611353712,17,0.518798828125,1128,34.423828125,0,0.0,0x65B5D9EE,3,2468,675,0.01171875,9.640625,2.63671875,0,0x14,0,0,0,1,0,1,0,0,0,1,,,,,,,,,,,,,,,,,,,,,,
778,10,FREECAM_3D,25.966666666666665,1071764,32707.6416015625,1144,34.912109375,28.643356643356643,17,0.518798828125,1127,34.393310546875,0,0.0,0x1E6F2665,3,2468,696,0.01171875,9.640625,2.71875,0,0x14,0,0,0,1,0,1,0,0,0,1,,,,,,,,,,,,,,,,,,,,,,
779,10,FREECAM_3D,26.0,1072905,32742.462158203125,1141,34.820556640625,28.718667835232253,17,0.518798828125,1123,34.271240234375,1,0.030517578125,0xBB8A8BE4,3,2468,717,0.01171875,9.640625,2.80078125,0,0x14,0,0,0,1,0,1,0,0,0,1,,,,,,,,,,,,,,,,,,,,,,
780,10,FREECAM_3D,26.033333333333335,1074042,32777.16064453125,1137,34.698486328125,28.819700967458225,18,0.54931640625,1119,34.149169921875,0,0.0,0xDB7816DB,3,2468,738,0.01171875,9.640625,2.8828125,0,0x14,0,0,0,1,0,1,0,0,0,1,,,,,,,,,,,,,,,,,,,,,,
781,10,FREECAM_3D,26.066666666666666,1075176,32811.767578125,1134,34.60693359375,28.895943562610228,17,0.518798828125,1117,34.088134765625,0,0.0,0x62D805FA,3,2468,759,0.01171875,9.640625,2.96484375,0,0x14,0,0,0,1,0,1,0,0,0,1,,,,,,,,,,,,,,,,,,,,,,
782,10,FREECAM_3D,26.1,1076312,32846.435546875,1136,34.66796875,28.845070422535212,17,0.518798828125,1119,34.149169921875,0,0.0,0x65DFB648,3,2468,738,0.01171875,9.640625,2.8828125,0,0x14,0,0,0,1,0,1,0,0,0,1,,,,,,,,,,,,,,,,,,,,,,
783,10,FREECAM_3D,26.133333333333333,1077452,32881.2255859375,1140,34.7900390625,28.743859649122808,18,0.54931640625,1122,34.24072265625,0,0.0,0xF2845113,3,2468,717,0.01171875,9.640625,2.80078125,0,0x14,0,0,0,1,0,1,0,0,0,1,,,,,,,,,,,,,,,,,,,,,,
784,10,FREECAM_3D,26.166666666666668,1078596,32916.1376953125,1144,34.912109375,28.643356643356643,17,0.518798828125,1127,34.393310546875,0,0.0,0xCE7B014A,3,2468,696,0.01171875,9.640625,2.71875,0,0x14,0,0,0,1,0,1,0,0,0,1,,,,,,,,,,,,,,,,,,,,,,
785,10,FREECAM_3D,26.2,1079741,32951.080322265625,1145,34.942626953125,28.618340611353712,18,0.54931640625,1127,34.393310546875,0,0.0,0x925B10E5,3,2468,675,0.01171875,9.640625,2.63671875,0,0x14,0,0,0,1,0,1,0,0,0,1,,,,,,,,,,,,,,,,,,,,,,
786,10,FREECAM_3D,26.233333333333334,1080892,32986.2060546875,1151,35.125732421875,28.46915725456125,18,0.54931640625,1132,34.5458984375,1,0.030517578125,0x5F5A5E4C,3,2468,654,0.01171875,9.640625,2.5546875,0,0x14,0,0,0,1,0,1,0,0,0,1,,,,,,,,,,,,,,,,,,,,,,
787,10,FREECAM_3D,26.266666666666666,1082049,33021.514892578125,1157,35.308837890625,28.32152117545376,18,0.54931640625,1138,34.72900390625,1,0.030517578125,0x1EC68647,3,2468,633,0.01171875,9.640625,2.47265625,0,0x14,0,0,0,1,0,1,0,0,0,1,,,,,,,,,,,,,,,,,,,,,,
788,10,FREECAM_3D,26.3,1083204,33056.7626953125,1155,35.247802734375,28.37056277056277,18,0.54931640625,1136,34.66796875,1,0.030517578125,0xA9D9C03E,3,2468,612,0.01171875,9.640625,2.390625,0,0x14,0,0,0,1,0,1,0,0,0,1,,,,,,,,,,,,,,,,,,,,,,
789,10,FREECAM_3D,26.333333333333332,1084361,33092.071533203125,1157,35.308837890625,28.32152117545376,18,0.54931640625,1139,34.759521484375,0,0.0,0x3A53DC19,3,2468,591,0.01171875,9.640625,2.30859375,0,0x14,0,0,0,1,0,1,0,0,0,1,,,,,,,,,,,,,,,,,,,,,,
790,10,FREECAM_3D,26.366666666666667,1085523,33127.532958984375,1162,35.46142578125,28.199655765920827,18,0.54931640625,1143,34.881591796875,1,0.030517578125,0x460FB860,3,2468,570,0.01171875,9.640625,2.2265625,0,0x14,0,0,0,1,0,1,0,0,0,1,,,,,,,,,,,,,,,,,,,,,,
791,10,FREECAM_3D,26.4,1086687,33163.055419921875,1164,35.5224609375,28.151202749140893,18,0.54931640625,1145,34.942626953125,1,0.030517578125,0xF378EFAB,3,2468,549,0.01171875,9.640625,2.14453125,0,0x14,0,0,0,1,0,1,0,0,0,1,,,,,,,,,,,,,,,,,,,,,,
792,10,FREECAM_3D,26.433333333333334,1087851,33198.577880859375,1164,35.5224609375,28.151202749140893,18,0.54931640625,1146,34.97314453125,0,0.0,0xE192D4A2,3,2468,528,0.01171875,9.640625,2.0625,0,0x14,0,0,0,1,0,1,0,0,0,1,,,,,,,,,,,,,,,,,,,,,,
793,10,FREECAM_3D,26.466666666666665,1089021,33234.283447265625,1170,35.70556640625,28.006837606837607,18,0.54931640625,1151,35.125732421875,1,0.030517578125,0xD0839570,3,2468,507,0.01171875,9.640625,1.98046875,0,0x14,0,0,0,1,0,1,0,0,0,1,,,,,,,,,,,,,,,,,,,,,,
794,10,FREECAM_3D,26.5,1090192,33270.01953125,1171,35.736083984375,27.982920580700256,18,0.54931640625,1152,35.15625,1,0.030517578125,0x0298A6A1,3,2468,486,0.01171875,9.640625,1.8984375,0,0x14,0,0,0,1,0,1,0,0,0,1,,,,,,,,,,,,,,,,,,,,,,
795,10,FREECAM_3D,26.533333333333335,1091365,33305.816650390625,1173,35.797119140625,27.935208866155158,18,0.54931640625,1154,35.21728515625,1,0.030517578125,0x96F755AE,3,2468,465,0.01171875,9.640625,1.81640625,0,0x14,0,0,0,1,0,1,0,0,0,1,,,,,,,,,,,,,,,,,,,,,,
796,10,FREECAM_3D,26.566666666666666,1092533,33341.461181640625,1168,35.64453125,28.054794520547944,18,0.54931640625,1149,35.064697265625,1,0.030517578125,0x7B524AA7,3,2468,444,0.01171875,9.640625,1.734375,0,0x14,0,0,0,1,0,1,0,0,0,1,,,,,,,,,,,,,,,,,,,,,,
797,10,FREECAM_3D,26.6,1093696,33376.953125,1163,35.491943359375,28.175408426483234,18,0.54931640625,1145,34.942626953125,0,0.0,0xF7553ED4,3,2468,423,0.01171875,9.640625,1.65234375,0,0x14,0,0,0,1,0,1,0,0,0,1,,,,,,,,,,,,,,,,,,,,,,
798,10,FREECAM_3D,26.633333333333333,1094864,33412.59765625,1168,35.64453125,28.054794520547944,18,0.54931640625,1149,35.064697265625,1,0.030517578125,0xFF87F2E5,3,2468,402,0.01171875,9.640625,1.5703125,0,0x14,0,0,0,1,0,1,0,0,0,1,,,,,,,,,,,,,,,,,,,,,,
799,10,FREECAM_3D,26.666666666666668,1096031,33448.211669921875,1167,35.614013671875,28.07883461868038,18,0.54931640625,1149,35.064697265625,0,0.0,0x8649B8B2,3,2468,381,0.01171875,9.640625,1.48828125,0,0x14,0,0,0,1,0,1,0,0,0,1,,,,,,,,,,,,,,,,,,,,,,
800,10,FREECAM_3D,26.7,1097197,33483.795166015625,1166,35.58349609375,28.102915951972555,18,0.54931640625,1148,35.0341796875,0,0.0,0xC0FA100B,3,2468,360,0.01171875,9.640625,1.40625,0,0x14,0,0,0,1,0,1,0,0,0,1,,,,,,,,,,,,,,,,,,,,,,
801,10,FREECAM_3D,26.733333333333334,1098366,33519.47021484375,1169,35.675048828125,28.030795551753634,18,0.54931640625,1150,35.09521484375,1,0.030517578125,0x95C89B68,3,2468,339,0.01171875,9.640625,1.32421875,0,0x14,0,0,0,1,0,1,0,0,0,1,,,,,,,,,,,,,,,,,,,,,,
802,10,FREECAM_3D,26.766666666666666,1099538,33555.23681640625,1172,35.7666015625,27.959044368600683,18,0.54931640625,1153,35.186767578125,1,0.030517578125,0xE8578599,3,2468,318,0.01171875,9.640625,1.2421875,0,0x14,0,0,0,1,0,1,0,0,0,1,,,,,,,,,,,,,,,,,,,,,,
803,10,FREECAM_3D,26.8,1100709,33590.972900390625,1171,35.736083984375,27.982920580700256,18,0.54931640625,1153,35.186767578125,0,0.0,0x0F446DC6,3,2468,297,0.01171875,9.640625,1.16015625,0,0x14,0,0,0,1,0,1,0,0,0,1,,,,,,,,,,,,,,,,,,,,,,
804,10,FREECAM_3D,26.833333333333332,1101881,33626.739501953125,1172,35.7666015625,27.959044368600683,17,0.518798828125,1154,35.21728515625,1,0.030517578125,0xEEE9D65F,3,2468,276,0.01171875,9.640625,1.078125,0,0x14,0,0,0,1,0,1,0,0,0,1,,,,,,,,,,,,,,,,,,,,,,
805,10,FREECAM_3D,26.866666666666667,1103055,33662.567138671875,1174,35.82763671875,27.911413969335605,18,0.54931640625,1155,35.247802734375,1,0.030517578125,0x52A5135F,3,2468,255,0.01171875,9.640625,0.99609375,0,0x14,0,0,0,1,0,1,0,0,0,1,,,,,,,,,,,,,,,,,,,,,,
806,10,FREECAM_3D,26.9,1104227,33698.333740234375,1172,35.7666015625,27.959044368600683,18,0.54931640625,1154,35.21728515625,0,0.0,0x44FB15E2,3,2468,234,0.01171875,9.640625,0.9140625,0,0x14,0,0,0,1,0,1,0,0,0,1,,,,,,,,,,,,,,,,,,,,,,
807,10,FREECAM_3D,26.933333333333334,1105401,33734.161376953125,1174,35.82763671875,27.911413969335605,18,0.54931640625,1155,35.247802734375,1,0.030517578125,0xD485F245,3,2468,213,0.01171875,9.640625,0.83203125,0,0x14,0,0,0,1,0,1,0,0,0,1,,,,,,,,,,,,,,,,,,,,,,
808,10,FREECAM_3D,26.966666666666665,1106574,33769.95849609375,1173,35.797119140625,27.935208866155158,18,0.54931640625,1155,35.247802734375,0,0.0,0x4D5E4FC0,3,2468,192,0.01171875,9.640625,0.75,0,0x14,0,0,0,1,0,1,0,0,0,1,,,,,,,,,,,,,,,,,,,,,,
809,10,FREECAM_3D,27.0,1107750,33805.84716796875,1176,35.888671875,27.86394557823129,18,0.54931640625,1157,35.308837890625,1,0.030517578125,0xE2A33C23,3,2468,171,0.01171875,9.640625,0.66796875,0,0x14,0,0,0,1,0,1,0,0,0,1,,,,,,,,,,,,,,,,,,,,,,
810,10,FREECAM_3D,27.033333333333335,1108922,33841.61376953125,1172,35.7666015625,27.959044368600683,18,0.54931640625,1154,35.21728515625,0,0.0,0x03B947B6,3,2468,150,0.01171875,9.640625,0.5859375,0,0x14,0,0,0,1,0,1,0,0,0,1,,,,,,,,,,,,,,,,,,,,,,
811,10,FREECAM_3D,27.066666666666666,1110094,33877.38037109375,1172,35.7666015625,27.959044368600683,18,0.54931640625,1154,35.21728515625,0,0.0,0x4C12C299,3,2468,129,0.01171875,9.640625,0.50390625,0,0x14,0,0,0,1,0,1,0,0,0,1,,,,,,,,,,,,,,,,,,,,,,
812,10,FREECAM_3D,27.1,1111270,33913.26904296875,1176,35.888671875,27.86394557823129,18,0.54931640625,1157,35.308837890625,1,0.030517578125,0x263CFA04,3,2468,108,0.01171875,9.640625,0.421875,0,0x14,0,0,0,1,0,1,0,0,0,1,,,,,,,,,,,,,,,,,,,,,,
813,10,FREECAM_3D,27.133333333333333,1112446,33949.15771484375,1176,35.888671875,27.86394557823129,18,0.54931640625,1157,35.308837890625,1,0.030517578125,0x5FEC65D7,3,2468,87,0.01171875,9.640625,0.33984375,0,0x14,0,0,0,1,0,1,0,0,0,1,,,,,,,,,,,,,,,,,,,,,,
814,10,FREECAM_3D,27.166666666666668,1113622,33985.04638671875,1176,35.888671875,27.86394557823129,18,0.54931640625,1158,35.33935546875,0,0.0,0x4C6FF3FA,3,2468,66,0.01171875,9.640625,0.2578125,0,0x14,0,0,0,1,0,1,0,0,0,1,,,,,,,,,,,,,,,,,,,,,,
815,10,FREECAM_3D,27.2,1114797,34020.904541015625,1175,35.858154296875,27.887659574468085,17,0.518798828125,1158,35.33935546875,0,0.0,0x15EA0094,3,2468,64,0.01171875,9.640625,0.25,0,0x14,0,0,0,1,0,1,0,0,0,1,,,,,,,,,,,,,,,,,,,,,,
816,10,FREECAM_3D,27.233333333333334,1115973,34056.793212890625,1176,35.888671875,27.86394557823129,19,0.579833984375,1157,35.308837890625,0,0.0,0x15EA0094,3,2468,64,0.01171875,9.640625,0.25,0,0x10,0,0,0,0,0,1,0,0,0,1,,,,,,,,,,,,,,,,,,,,,,
817,10,FREECAM_3D,27.266666666666666,1117149,34092.681884765625,1176,35.888671875,27.86394557823129,19,0.579833984375,1157,35.308837890625,0,0.0,0x15EA0094,3,2468,64,0.01171875,9.640625,0.25,0,0x10,0,0,0,0,0,1,0,0,0,1,,,,,,,,,,,,,,,,,,,,,,
818,10,FREECAM_3D,27.3,1118327,34128.631591796875,1178,35.94970703125,27.816638370118845,19,0.579833984375,1158,35.33935546875,1,0.030517578125,0x15EA0094,3,2468,64,0.01171875,9.640625,0.25,0,0x10,0,0,0,0,0,1,0,0,0,1,,,,,,,,,,,,,,,,,,,,,,
819,10,FREECAM_3D,27.333333333333332,1119505,34164.581298828125,1178,35.94970703125,27.816638370118845,19,0.579833984375,1158,35.33935546875,1,0.030517578125,0x15EA0094,3,2468,64,0.01171875,9.640625,0.25,0,0x10,0,0,0,0,0,1,0,0,0,1,,,,,,,,,,,,,,,,,,,,,,
820,10,FREECAM_3D,27.366666666666667,1120683,34200.531005859375,1178,35.94970703125,27.816638370118845,19,0.579833984375,1158,35.33935546875,1,0.030517578125,0x15EA0094,3,2468,64,0.01171875,9.640625,0.25,0,0x10,0,0,0,0,0,1,0,0,0,1,,,,,,,,,,,,,,,,,,,,,,
821,10,FREECAM_3D,27.4,1121860,34236.4501953125,1177,35.919189453125,27.840271877655056,19,0.579833984375,1158,35.33935546875,0,0.0,0x15EA0094,3,2468,64,0.01171875,9.640625,0.25,0,0x10,0,0,0,0,0,1,0,0,0,1,,,,,,,,,,,,,,,,,,,,,,
822,10,FREECAM_3D,27.433333333333334,1123036,34272.3388671875,1176,35.888671875,27.86394557823129,18,0.54931640625,1158,35.33935546875,0,0.0,0x15EA0094,3,2468,64,0.01171875,9.640625,0.25,0,0x10,0,0,0,0,0,1,0,0,0,1,,,,,,,,,,,,,,,,,,,,,,
823,10,FREECAM_3D,27.466666666666665,1124213,34308.258056640625,1177,35.919189453125,27.840271877655056,19,0.579833984375,1158,35.33935546875,0,0.0,0x15EA0094,3,2468,64,0.01171875,9.640625,0.25,0,0x10,0,0,0,0,0,1,0,0,0,1,,,,,,,,,,,,,,,,,,,,,,
824,10,FREECAM_3D,27.5,1125389,34344.146728515625,1176,35.888671875,27.86394557823129,19,0.579833984375,1157,35.308837890625,0,0.0,0x15EA0094,3,2468,64,0.01171875,9.640625,0.25,0,0x10,0,0,0,0,0,1,0,0,0,1,,,,,,,,,,,,,,,,,,,,,,
825,10,FREECAM_3D,27.533333333333335,1126567,34380.096435546875,1178,35.94970703125,27.816638370118845,19,0.579833984375,1158,35.33935546875,1,0.030517578125,0x15EA0094,3,2468,64,0.01171875,9.640625,0.25,0,0x10,0,0,0,0,0,1,0,0,0,1,,,,,,,,,,,,,,,,,,,,,,
826,10,FREECAM_3D,27.566666666666666,1127745,34416.046142578125,1178,35.94970703125,27.816638370118845,19,0.579833984375,1158,35.33935546875,1,0.030517578125,0x15EA0094,3,2468,64,0.01171875,9.640625,0.25,0,0x10,0,0,0,0,0,1,0,0,0,1,,,,,,,,,,,,,,,,,,,,,,
827,10,FREECAM_3D,27.6,1128923,34451.995849609375,1178,35.94970703125,27.816638370118845,19,0.579833984375,1158,35.33935546875,1,0.030517578125,0x15EA0094,3,2468,64,0.01171875,9.640625,0.25,0,0x10,0,0,0,0,0,1,0,0,0,1,,,,,,,,,,,,,,,,,,,,,,
828,10,FREECAM_3D,27.633333333333333,1130101,34487.945556640625,1178,35.94970703125,27.816638370118845,19,0.579833984375,1158,35.33935546875,1,0.030517578125,0x15EA0094,3,2468,64,0.01171875,9.640625,0.25,0,0x10,0,0,0,0,0,1,0,0,0,1,,,,,,,,,,,,,,,,,,,,,,
829,10,FREECAM_3D,27.666666666666668,1131278,34523.86474609375,1177,35.919189453125,27.840271877655056,19,0.579833984375,1158,35.33935546875,0,0.0,0x15EA0094,3,2468,64,0.01171875,9.640625,0.25,0,0x10,0,0,0,0,0,1,0,0,0,1,,,,,,,,,,,,,,,,,,,,,,
830,10,FREECAM_3D,27.7,1132466,34560.11962890625,1188,36.2548828125,27.58249158249158,24,0.732421875,1164,35.5224609375,0,0.0,0x52BD6CDC,15,2454,74,0.05859375,9.5859375,0.2890625,0,0x14,0,0,0,1,0,1,1,1,0,0,,,,,,,,,,,,,,,,,,,,,,
831,10,FREECAM_3D,27.733333333333334,1133657,34596.466064453125,1191,36.346435546875,27.513014273719563,24,0.732421875,1167,35.614013671875,0,0.0,0xD74FF083,28,2441,84,0.109375,9.53515625,0.328125,0,0x14,0,0,0,1,0,1,1,1,0,0,,,,,,,,,,,,,,,,,,,,,,
832,10,FREECAM_3D,27.766666666666666,1134984,34636.962890625,1327,40.496826171875,24.693293142426526,24,0.732421875,1302,39.73388671875,1,0.030517578125,0x67B4D90A,42,2429,94,0.1640625,9.48828125,0.3671875,0,0x14,0,0,0,1,0,1,1,1,0,0,,,,,,,,,,,,,,,,,,,,,,
833,10,FREECAM_3D,27.8,1136316,34677.6123046875,1332,40.6494140625,24.6006006006006,25,0.762939453125,1307,39.886474609375,0,0.0,0x61F2FB2B,57,2418,104,0.22265625,9.4453125,0.40625,0,0x14,0,0,0,1,0,1,1,1,0,0,,,,,,,,,,,,,,,,,,,,,,
834,10,FREECAM_3D,27.833333333333332,1137645,34718.170166015625,1329,40.557861328125,24.656132430398795,24,0.732421875,1305,39.825439453125,0,0.0,0x40E7F905,72,2408,114,0.28125,9.40625,0.4453125,0,0x14,0,0,0,1,0,1,1,1,0,0,,,,,,,,,,,,,,,,,,,,,,
835,10,FREECAM_3D,27.866666666666667,1138976,34758.7890625,1331,40.618896484375,24.6190833959429,24,0.732421875,1307,39.886474609375,0,0.0,0x8313C4A5,88,2400,124,0.34375,9.375,0.484375,0,0x14,0,0,0,1,0,1,1,1,0,0,,,,,,,,,,,,,,,,,,,,,,
836,10,FREECAM_3D,27.9,1140215,34796.600341796875,1239,37.811279296875,26.447134786117836,24,0.732421875,1215,37.078857421875,0,0.0,0x24D43927,105,2393,134,0.41015625,9.34765625,0.5234375,0,0x14,0,0,0,1,0,1,1,1,0,0,,,,,,,,,,,,,,,,,,,,,,
837,10,FREECAM_3D,27.933333333333334,1141455,34834.442138671875,1240,37.841796875,26.425806451612903,24,0.732421875,1215,37.078857421875,1,0.030517578125,0xA292C121,122,2387,144,0.4765625,9.32421875,0.5625,0,0x14,0,0,0,1,0,1,1,1,0,0,,,,,,,,,,,,,,,,,,,,,,
838,10,FREECAM_3D,27.966666666666665,1142694,34872.25341796875,1239,37.811279296875,26.447134786117836,25,0.762939453125,1213,37.017822265625,1,0.030517578125,0xFEB3DA71,140,2382,154,0.546875,9.3046875,0.6015625,0,0x14,0,0,0,1,0,1,1,1,0,0,,,,,,,,,,,,,,,,,,,,,,
839,10,FREECAM_3D,28.0,1144164,34917.1142578125,1470,44.86083984375,22.291156462585032,25,0.762939453125,1445,44.097900390625,0,0.0,0x9F314D1C,158,2379,164,0.6171875,9.29296875,0.640625,0,0x14,0,0,0,1,0,1,1,1,0,0,,,,,,,,,,,,,,,,,,,,,,
840,10,FREECAM_3D,28.033333333333335,1145646,34962.34130859375,1482,45.22705078125,22.110661268556004,24,0.732421875,1457,44.464111328125,1,0.030517578125,0x5F9A1335,176,2377,174,0.6875,9.28515625,0.6796875,0,0x14,0,0,0,1,0,1,1,1,0,0,,,,,,,,,,,,,,,,,,,,,,
841,10,FREECAM_3D,28.066666666666666,1147141,35007.965087890625,1495,45.623779296875,21.91839464882943,25,0.762939453125,1469,44.830322265625,1,0.030517578125,0x191BEFC4,194,2376,184,0.7578125,9.28125,0.71875,0,0x14,0,0,0,1,0,1,1,1,0,0,,,,,,,,,,,,,,,,,,,,,,
842,10,FREECAM_3D,28.1,1148652,35054.0771484375,1511,46.112060546875,21.686300463269358,24,0.732421875,1487,45.379638671875,0,0.0,0xF81F3FA2,212,2376,194,0.828125,9.28125,0.7578125,0,0x14,0,0,0,1,0,1,1,1,0,0,,,,,,,,,,,,,,,,,,,,,,
843,10,FREECAM_3D,28.133333333333333,1150189,35100.982666015625,1537,46.905517578125,21.319453480806768,24,0.732421875,1512,46.142578125,1,0.030517578125,0x6A0A22B9,230,2377,204,0.8984375,9.28515625,0.796875,0,0x14,0,0,0,1,0,1,1,1,0,0,,,,,,,,,,,,,,,,,,,,,,
844,10,FREECAM_3D,28.166666666666668,1151766,35149.10888671875,1577,48.126220703125,20.77869372225745,24,0.732421875,1553,47.393798828125,0,0.0,0xF257D097,248,2380,214,0.96875,9.296875,0.8359375,0,0x14,0,0,0,1,0,1,1,1,0,0,,,,,,,,,,,,,,,,,,,,,,
845,10,FREECAM_3D,28.2,1153387,35198.577880859375,1621,49.468994140625,20.214682294879704,24,0.732421875,1597,48.736572265625,0,0.0,0x65803F82,266,2384,224,1.0390625,9.3125,0.875,0,0x14,0,0,0,1,0,1,1,1,0,0,,,,,,,,,,,,,,,,,,,,,,
846,10,FREECAM_3D,28.233333333333334,1155051,35249.359130859375,1664,50.78125,19.692307692307693,24,0.732421875,1639,50.018310546875,1,0.030517578125,0x67365819,283,2389,234,1.10546875,9.33203125,0.9140625,0,0x14,0,0,0,1,0,1,1,1,0,0,,,,,,,,,,,,,,,,,,,,,,
847,10,FREECAM_3D,28.266666666666666,1156771,35301.849365234375,1720,52.490234375,19.051162790697674,25,0.762939453125,1695,51.727294921875,0,0.0,0x104A20FB,300,2396,244,1.171875,9.359375,0.953125,0,0x14,0,0,0,1,0,1,1,1,0,0,,,,,,,,,,,,,,,,,,,,,,
848,10,FREECAM_3D,28.3,1158508,35354.8583984375,1737,53.009033203125,18.864709268854348,24,0.732421875,1713,52.276611328125,0,0.0,0x6665B920,316,2404,254,1.234375,9.390625,0.9921875,0,0x14,0,0,0,1,0,1,1,1,0,0,,,,,,,,,,,,,,,,,,,,,,
849,10,FREECAM_3D,28.333333333333332,1160211,35406.829833984375,1703,51.971435546875,19.241338813857897,24,0.732421875,1679,51.239013671875,0,0.0,0x3F6F3346,332,2413,264,1.296875,9.42578125,1.03125,0,0x14,0,0,0,1,0,1,1,1,0,0,,,,,,,,,,,,,,,,,,,,,,
850,10,FREECAM_3D,28.366666666666667,1161882,35457.82470703125,1671,50.994873046875,19.6098144823459,24,0.732421875,1646,50.23193359375,1,0.030517578125,0xAEF07C4C,347,2423,274,1.35546875,9.46484375,1.0703125,0,0x14,0,0,0,1,0,1,1,1,0,0,,,,,,,,,,,,,,,,,,,,,,
851,10,FREECAM_3D,28.4,1163530,35508.11767578125,1648,50.29296875,19.883495145631066,24,0.732421875,1624,49.560546875,0,0.0,0x61E64260,361,2434,284,1.41015625,9.5078125,1.109375,0,0x14,0,0,0,1,0,1,1,1,0,0,,,,,,,,,,,,,,,,,,,,,,
852,10,FREECAM_3D,28.433333333333334,1165170,35558.16650390625,1640,50.048828125,19.98048780487805,24,0.732421875,1615,49.285888671875,1,0.030517578125,0xC82711CF,374,2447,294,1.4609375,9.55859375,1.1484375,0,0x14,0,0,0,1,0,1,1,1,0,0,,,,,,,,,,,,,,,,,,,,,,
853,10,FREECAM_3D,28.466666666666665,1166717,35605.377197265625,1547,47.210693359375,21.18164188752424,24,0.732421875,1522,46.44775390625,1,0.030517578125,0xB2A40B9D,386,2460,304,1.5078125,9.609375,1.1875,0,0x1C,0,0,0,1,1,1,1,1,0,0,,,,,,,,,,,,,,,,,,,,,,
