frame_index,section_id,section_name,simulation_time_seconds,measured_elapsed_ticks,measured_elapsed_ms,total_ticks,total_ms,instantaneous_fps,update_ticks,update_ms,render_ticks,render_ms,swap_ticks,swap_ms,state_hash,position_x_raw,position_y_raw,position_z_raw,position_x,position_y,position_z,room,flags,detailed,excluded_from_clean_stats,crossed_portal,changed,section_end,freecam,move_axis,turn_axis,look_axis,buttons_active,detail_corrected_total_ms,admin_corrected_ms,setup_corrected_ms,root_geometry_corrected_ms,root_fill_corrected_ms,portal_setup_corrected_ms,portal_geometry_corrected_ms,portal_fill_corrected_ms,wait_corrected_ms,present_corrected_ms,overlay_corrected_ms,transformed_vertices,projected_points,rasterized_polygons,raster_rows,filled_spans,filled_pixels,portal_composite_pixels,portal_clip_pixels,full_portal_views,lod_portal_views,edge_division_fallbacks
0,1,OPEN_YAW,0.03333333333333333,4535,138.397216796875,4535,138.397216796875,7.225578831312018,301,9.185791015625,4234,129.21142578125,0,0.0,0x5E9768D3,0,512,384,0.0,2.0,1.5,0,0x04,0,0,0,1,0,0,0,1,0,0,,,,,,,,,,,,,,,,,,,,,,
1,1,OPEN_YAW,0.06666666666666667,9114,278.13720703125,4579,139.739990234375,7.1561476304870055,301,9.185791015625,4277,130.523681640625,1,0.030517578125,0x8B3821D2,0,512,384,0.0,2.0,1.5,0,0x06,1,1,0,1,0,0,0,1,0,0,130.4931640625,0.030517578125,0.18310546875,18.951416015625,6.134033203125,1.220703125,4.2724609375,86.0595703125,0.0,13.0615234375,0.579833984375,0,0,0,0,0,0,0,0,0,0,0
2,1,OPEN_YAW,0.1,13590,414.73388671875,4476,136.5966796875,7.320822162645219,301,9.185791015625,4175,127.410888671875,0,0.0,0x58A773FF,0,512,384,0.0,2.0,1.5,0,0x04,0,0,0,1,0,0,0,1,0,0,,,,,,,,,,,,,,,,,,,,,,
3,1,OPEN_YAW,0.13333333333333333,18044,550.6591796875,4454,135.92529296875,7.356982487651549,301,9.185791015625,4153,126.739501953125,0,0.0,0xAED9429C,0,512,384,0.0,2.0,1.5,0,0x04,0,0,0,1,0,0,0,1,0,0,,,,,,,,,,,,,,,,,,,,,,
4,1,OPEN_YAW,0.16666666666666666,22527,687.469482421875,4483,136.810302734375,7.3093910327905425,301,9.185791015625,4181,127.593994140625,1,0.030517578125,0x45E0B719,0,512,384,0.0,2.0,1.5,0,0x04,0,0,0,1,0,0,0,1,0,0,,,,,,,,,,,,,,,,,,,,,,
5,1,OPEN_YAW,0.2,27113,827.423095703125,4586,139.95361328125,7.145224596598343,301,9.185791015625,4284,130.7373046875,1,0.030517578125,0x1A9A2DD0,0,512,384,0.0,2.0,1.5,0,0x04,0,0,0,1,0,0,0,1,0,0,,,,,,,,,,,,,,,,,,,,,,
6,1,OPEN_YAW,0.23333333333333334,31574,963.56201171875,4461,136.138916015625,7.345438242546514,301,9.185791015625,4159,126.922607421875,1,0.030517578125,0xF0C60EB7,0,512,384,0.0,2.0,1.5,0,0x04,0,0,0,1,0,0,0,1,0,0,,,,,,,,,,,,,,,,,,,,,,
7,1,OPEN_YAW,0.26666666666666666,35897,1095.489501953125,4323,131.927490234375,7.579921350913717,302,9.21630859375,4020,122.6806640625,1,0.030517578125,0xD27F4708,0,512,384,0.0,2.0,1.5,0,0x04,0,0,0,1,0,0,0,1,0,0,,,,,,,,,,,,,,,,,,,,,,
8,1,OPEN_YAW,0.3,40205,1226.959228515625,4308,131.4697265625,7.606313834726091,301,9.185791015625,4007,122.283935546875,0,0.0,0x94A84683,0,512,384,0.0,2.0,1.5,0,0x04,0,0,0,1,0,0,0,1,0,0,,,,,,,,,,,,,,,,,,,,,,
9,1,OPEN_YAW,0.3333333333333333,44304,1352.05078125,4099,125.091552734375,7.9941449133935105,301,9.185791015625,3797,115.875244140625,1,0.030517578125,0x1F45C49E,0,512,384,0.0,2.0,1.5,0,0x04,0,0,0,1,0,0,0,1,0,0,,,,,,,,,,,,,,,,,,,,,,
10,1,OPEN_YAW,0.36666666666666664,48326,1474.79248046875,4022,122.74169921875,8.147190452511188,301,9.185791015625,3720,113.525390625,1,0.030517578125,0x6E85EBC5,0,512,384,0.0,2.0,1.5,0,0x04,0,0,0,1,0,0,0,1,0,0,,,,,,,,,,,,,,,,,,,,,,
11,1,OPEN_YAW,0.4,51980,1586.3037109375,3654,111.51123046875,8.967706622879037,301,9.185791015625,3352,102.294921875,1,0.030517578125,0x70470C18,0,512,384,0.0,2.0,1.5,0,0x04,0,0,0,1,0,0,0,1,0,0,,,,,,,,,,,,,,,,,,,,,,
12,1,OPEN_YAW,0.43333333333333335,55693,1699.615478515625,3713,113.311767578125,8.825208726097495,301,9.185791015625,3411,104.095458984375,1,0.030517578125,0xE47DEAEF,0,512,384,0.0,2.0,1.5,0,0x04,0,0,0,1,0,0,0,1,0,0,,,,,,,,,,,,,,,,,,,,,,
13,1,OPEN_YAW,0.4666666666666667,59250,1808.16650390625,3557,108.551025390625,9.212257520382344,302,9.21630859375,3254,99.30419921875,1,0.030517578125,0x44510D1A,0,512,384,0.0,2.0,1.5,0,0x04,0,0,0,1,0,0,0,1,0,0,,,,,,,,,,,,,,,,,,,,,,
14,1,OPEN_YAW,0.5,62527,1908.172607421875,3277,100.006103515625,9.99938968568813,301,9.185791015625,2976,90.8203125,0,0.0,0x57F83B3D,0,512,384,0.0,2.0,1.5,0,0x04,0,0,0,1,0,0,0,1,0,0,,,,,,,,,,,,,,,,,,,,,,
15,1,OPEN_YAW,0.5333333333333333,65555,2000.579833984375,3028,92.4072265625,10.821664464993395,301,9.185791015625,2727,83.221435546875,0,0.0,0xFC68B016,0,512,384,0.0,2.0,1.5,0,0x04,0,0,0,1,0,0,0,1,0,0,,,,,,,,,,,,,,,,,,,,,,
16,1,OPEN_YAW,0.5666666666666667,68591,2093.231201171875,3036,92.6513671875,10.793148880105402,301,9.185791015625,2735,83.465576171875,0,0.0,0xA5F2BEEB,0,512,384,0.0,2.0,1.5,0,0x04,0,0,0,1,0,0,0,1,0,0,,,,,,,,,,,,,,,,,,,,,,
17,1,OPEN_YAW,0.6,71287,2175.506591796875,2696,82.275390625,12.154302670623146,301,9.185791015625,2394,73.05908203125,1,0.030517578125,0xC813CCF6,0,512,384,0.0,2.0,1.5,0,0x04,0,0,0,1,0,0,0,1,0,0,,,,,,,,,,,,,,,,,,,,,,
18,1,OPEN_YAW,0.6333333333333333,74119,2261.932373046875,2832,86.42578125,11.570621468926554,302,9.21630859375,2530,77.20947265625,0,0.0,0xFA8FA93F,0,512,384,0.0,2.0,1.5,0,0x04,0,0,0,1,0,0,0,1,0,0,,,,,,,,,,,,,,,,,,,,,,
19,1,OPEN_YAW,0.6666666666666666,76566,2336.60888671875,2447,74.676513671875,13.391091131998365,301,9.185791015625,2146,65.49072265625,0,0.0,0xFC0E3B5E,0,512,384,0.0,2.0,1.5,0,0x04,0,0,0,1,0,0,0,1,0,0,,,,,,,,,,,,,,,,,,,,,,
20,1,OPEN_YAW,0.7,79006,2411.07177734375,2440,74.462890625,13.429508196721311,301,9.185791015625,2138,65.24658203125,1,0.030517578125,0xAC3150F9,0,512,384,0.0,2.0,1.5,0,0x04,0,0,0,1,0,0,0,1,0,0,,,,,,,,,,,,,,,,,,,,,,
21,1,OPEN_YAW,0.7333333333333333,81447,2485.565185546875,2441,74.493408203125,13.4240065546907,301,9.185791015625,2140,65.3076171875,0,0.0,0xCB25181A,0,512,384,0.0,2.0,1.5,0,0x04,0,0,0,1,0,0,0,1,0,0,,,,,,,,,,,,,,,,,,,,,,
22,1,OPEN_YAW,0.7666666666666667,83861,2559.234619140625,2414,73.66943359375,13.574150787075393,301,9.185791015625,2112,64.453125,1,0.030517578125,0x48C590F3,0,512,384,0.0,2.0,1.5,0,0x04,0,0,0,1,0,0,0,1,0,0,,,,,,,,,,,,,,,,,,,,,,
23,1,OPEN_YAW,0.8,86287,2633.270263671875,2426,74.03564453125,13.507007419620775,301,9.185791015625,2125,64.849853515625,0,0.0,0xF1FADB42,0,512,384,0.0,2.0,1.5,0,0x04,0,0,0,1,0,0,0,1,0,0,,,,,,,,,,,,,,,,,,,,,,
24,1,OPEN_YAW,0.8333333333333334,88600,2703.857421875,2313,70.587158203125,14.166882836143536,301,9.185791015625,2012,61.4013671875,0,0.0,0x09DBF567,0,512,384,0.0,2.0,1.5,0,0x04,0,0,0,1,0,0,0,1,0,0,,,,,,,,,,,,,,,,,,,,,,
25,1,OPEN_YAW,0.8666666666666667,90669,2766.998291015625,2069,63.140869140625,15.837602706621556,301,9.185791015625,1767,53.924560546875,1,0.030517578125,0x727A5D9C,0,512,384,0.0,2.0,1.5,0,0x04,0,0,0,1,0,0,0,1,0,0,,,,,,,,,,,,,,,,,,,,,,
26,1,OPEN_YAW,0.9,92758,2830.74951171875,2089,63.751220703125,15.685974150311154,301,9.185791015625,1788,54.5654296875,0,0.0,0x6BDB5333,0,512,384,0.0,2.0,1.5,0,0x04,0,0,0,1,0,0,0,1,0,0,,,,,,,,,,,,,,,,,,,,,,
27,1,OPEN_YAW,0.9333333333333333,94818,2893.61572265625,2060,62.8662109375,15.906796116504854,301,9.185791015625,1758,53.64990234375,1,0.030517578125,0x5AD6DB54,0,512,384,0.0,2.0,1.5,0,0x04,0,0,0,1,0,0,0,1,0,0,,,,,,,,,,,,,,,,,,,,,,
28,1,OPEN_YAW,0.9666666666666667,96872,2956.298828125,2054,62.68310546875,15.953261927945473,301,9.185791015625,1752,53.466796875,1,0.030517578125,0xE5D4D0F1,0,512,384,0.0,2.0,1.5,0,0x04,0,0,0,1,0,0,0,1,0,0,,,,,,,,,,,,,,,,,,,,,,
29,1,OPEN_YAW,1.0,98432,3003.90625,1560,47.607421875,21.005128205128205,301,9.185791015625,1258,38.39111328125,1,0.030517578125,0x160A0806,0,512,384,0.0,2.0,1.5,0,0x04,0,0,0,1,0,0,0,1,0,0,,,,,,,,,,,,,,,,,,,,,,
30,1,OPEN_YAW,1.0333333333333334,99851,3047.210693359375,1419,43.304443359375,23.092318534179,164,5.0048828125,1255,38.299560546875,0,0.0,0x779CD11B,0,512,384,0.0,2.0,1.5,0,0x04,0,0,0,1,0,0,0,1,0,0,,,,,,,,,,,,,,,,,,,,,,
31,1,OPEN_YAW,1.0666666666666667,101293,3091.217041015625,1442,44.00634765625,22.723994452149793,164,5.0048828125,1277,38.970947265625,1,0.030517578125,0xFB682E46,0,512,384,0.0,2.0,1.5,0,0x04,0,0,0,1,0,0,0,1,0,0,,,,,,,,,,,,,,,,,,,,,,
32,1,OPEN_YAW,1.1,102735,3135.223388671875,1442,44.00634765625,22.723994452149793,164,5.0048828125,1277,38.970947265625,1,0.030517578125,0xAB4F68AF,0,512,384,0.0,2.0,1.5,0,0x04,0,0,0,1,0,0,0,1,0,0,,,,,,,,,,,,,,,,,,,,,,
33,1,OPEN_YAW,1.1333333333333333,104171,3179.046630859375,1436,43.8232421875,22.818941504178273,164,5.0048828125,1272,38.818359375,0,0.0,0x0191D5F6,0,512,384,0.0,2.0,1.5,0,0x04,0,0,0,1,0,0,0,1,0,0,,,,,,,,,,,,,,,,,,,,,,
34,1,OPEN_YAW,1.1666666666666667,105586,3222.22900390625,1415,43.182373046875,23.157597173144875,164,5.0048828125,1251,38.177490234375,0,0.0,0x47E40981,0,512,384,0.0,2.0,1.5,0,0x04,0,0,0,1,0,0,0,1,0,0,,,,,,,,,,,,,,,,,,,,,,
35,1,OPEN_YAW,1.2,107000,3265.380859375,1414,43.15185546875,23.173974540311175,164,5.0048828125,1249,38.116455078125,1,0.030517578125,0x58D899FA,0,512,384,0.0,2.0,1.5,0,0x04,0,0,0,1,0,0,0,1,0,0,,,,,,,,,,,,,,,,,,,,,,
36,1,OPEN_YAW,1.2333333333333334,108032,3296.875,1032,31.494140625,31.751937984496124,165,5.035400390625,867,26.458740234375,0,0.0,0x82178F31,0,512,384,0.0,2.0,1.5,0,0x04,0,0,0,1,0,0,0,1,0,0,,,,,,,,,,,,,,,,,,,,,,
37,1,OPEN_YAW,1.2666666666666666,109056,3328.125,1024,31.25,32.0,164,5.0048828125,860,26.2451171875,0,0.0,0x47A89276,0,512,384,0.0,2.0,1.5,0,0x04,0,0,0,1,0,0,0,1,0,0,,,,,,,,,,,,,,,,,,,,,,
38,1,OPEN_YAW,1.3,110072,3359.130859375,1016,31.005859375,32.25196850393701,164,5.0048828125,851,25.970458984375,1,0.030517578125,0x9B4B1FEF,0,512,384,0.0,2.0,1.5,0,0x04,0,0,0,1,0,0,0,1,0,0,,,,,,,,,,,,,,,,,,,,,,
39,1,OPEN_YAW,1.3333333333333333,111083,3389.984130859375,1011,30.853271484375,32.41147378832839,164,5.0048828125,847,25.848388671875,0,0.0,0x2EA80794,0,512,384,0.0,2.0,1.5,0,0x04,0,0,0,1,0,0,0,1,0,0,,,,,,,,,,,,,,,,,,,,,,
40,1,OPEN_YAW,1.3666666666666667,112075,3420.257568359375,992,30.2734375,33.03225806451613,164,5.0048828125,828,25.2685546875,0,0.0,0x9320BBD7,0,512,384,0.0,2.0,1.5,0,0x04,0,0,0,1,0,0,0,1,0,0,,,,,,,,,,,,,,,,,,,,,,
41,1,OPEN_YAW,1.4,113067,3450.531005859375,992,30.2734375,33.03225806451613,164,5.0048828125,828,25.2685546875,0,0.0,0xF1D64FEB,0,512,384,0.0,2.0,1.5,0,0x04,0,0,0,1,0,0,0,1,0,0,,,,,,,,,,,,,,,,,,,,,,
42,1,OPEN_YAW,1.4333333333333333,114057,3480.743408203125,990,30.21240234375,33.0989898989899,164,5.0048828125,826,25.20751953125,0,0.0,0x313FD664,0,512,384,0.0,2.0,1.5,0,0x04,0,0,0,1,0,0,0,1,0,0,,,,,,,,,,,,,,,,,,,,,,
43,1,OPEN_YAW,1.4666666666666666,115048,3510.986328125,991,30.242919921875,33.06559031281534,164,5.0048828125,826,25.20751953125,1,0.030517578125,0xD37C3B3A,0,512,384,0.0,2.0,1.5,0,0x04,0,0,0,1,0,0,0,1,0,0,,,,,,,,,,,,,,,,,,,,,,
44,1,OPEN_YAW,1.5,116041,3541.290283203125,993,30.303955078125,32.99899295065458,164,5.0048828125,828,25.2685546875,1,0.030517578125,0xC85E6E2D,0,512,384,0.0,2.0,1.5,0,0x04,0,0,0,1,0,0,0,1,0,0,,,,,,,,,,,,,,,,,,,,,,
45,1,OPEN_YAW,1.5333333333333334,117053,3572.174072265625,1012,30.8837890625,32.3794466403162,163,4.974365234375,848,25.87890625,1,0.030517578125,0x241E983A,0,512,384,0.0,2.0,1.5,0,0x04,0,0,0,1,0,0,0,1,0,0,,,,,,,,,,,,,,,,,,,,,,
46,1,OPEN_YAW,1.5666666666666667,118076,3603.3935546875,1023,31.219482421875,32.03128054740958,164,5.0048828125,859,26.214599609375,0,0.0,0x26D8A8C7,0,512,384,0.0,2.0,1.5,0,0x04,0,0,0,1,0,0,0,1,0,0,,,,,,,,,,,,,,,,,,,,,,
47,1,OPEN_YAW,1.6,119102,3634.70458984375,1026,31.31103515625,31.937621832358673,164,5.0048828125,862,26.30615234375,0,0.0,0x57BE9584,0,512,384,0.0,2.0,1.5,0,0x04,0,0,0,1,0,0,0,1,0,0,,,,,,,,,,,,,,,,,,,,,,
48,1,OPEN_YAW,1.6333333333333333,120265,3670.196533203125,1163,35.491943359375,28.175408426483234,164,5.0048828125,998,30.45654296875,1,0.030517578125,0x8ED5AA07,0,512,384,0.0,2.0,1.5,0,0x04,0,0,0,1,0,0,0,1,0,0,,,,,,,,,,,,,,,,,,,,,,
49,1,OPEN_YAW,1.6666666666666667,121674,3713.19580078125,1409,42.999267578125,23.256210078069554,164,5.0048828125,1245,37.994384765625,0,0.0,0x4BBB54B2,0,512,384,0.0,2.0,1.5,0,0x04,0,0,0,1,0,0,0,1,0,0,,,,,,,,,,,,,,,,,,,,,,
50,1,OPEN_YAW,1.7,123107,3756.927490234375,1433,43.731689453125,22.866713189113746,164,5.0048828125,1268,38.6962890625,1,0.030517578125,0x48512005,0,512,384,0.0,2.0,1.5,0,0x04,0,0,0,1,0,0,0,1,0,0,,,,,,,,,,,,,,,,,,,,,,
51,1,OPEN_YAW,1.7333333333333334,124545,3800.811767578125,1438,43.88427734375,22.787204450625868,164,5.0048828125,1274,38.87939453125,0,0.0,0xE2849AE4,0,512,384,0.0,2.0,1.5,0,0x04,0,0,0,1,0,0,0,1,0,0,,,,,,,,,,,,,,,,,,,,,,
52,1,OPEN_YAW,1.7666666666666666,125984,3844.7265625,1439,43.914794921875,22.771369006254343,164,5.0048828125,1274,38.87939453125,1,0.030517578125,0x06B91CB7,0,512,384,0.0,2.0,1.5,0,0x04,0,0,0,1,0,0,0,1,0,0,,,,,,,,,,,,,,,,,,,,,,
53,1,OPEN_YAW,1.8,127401,3887.969970703125,1417,43.243408203125,23.124911785462245,164,5.0048828125,1252,38.2080078125,1,0.030517578125,0xEF7CD81A,0,512,384,0.0,2.0,1.5,0,0x04,0,0,0,1,0,0,0,1,0,0,,,,,,,,,,,,,,,,,,,,,,
54,1,OPEN_YAW,1.8333333333333333,128820,3931.2744140625,1419,43.304443359375,23.092318534179,163,4.974365234375,1256,38.330078125,0,0.0,0x50648D73,0,512,384,0.0,2.0,1.5,0,0x04,0,0,0,1,0,0,0,1,0,0,,,,,,,,,,,,,,,,,,,,,,
55,1,OPEN_YAW,1.8666666666666667,130730,3989.56298828125,1910,58.28857421875,17.15602094240838,164,5.0048828125,1745,53.253173828125,1,0.030517578125,0xAAF43222,0,512,384,0.0,2.0,1.5,0,0x04,0,0,0,1,0,0,0,1,0,0,,,,,,,,,,,,,,,,,,,,,,
56,1,OPEN_YAW,1.9,132644,4047.9736328125,1914,58.41064453125,17.120167189132708,163,4.974365234375,1750,53.40576171875,1,0.030517578125,0x3BD3184F,0,512,384,0.0,2.0,1.5,0,0x04,0,0,0,1,0,0,0,1,0,0,,,,,,,,,,,,,,,,,,,,,,
57,1,OPEN_YAW,1.9333333333333333,134591,4107.391357421875,1947,59.417724609375,16.82999486389317,163,4.974365234375,1784,54.443359375,0,0.0,0x076558F0,0,512,384,0.0,2.0,1.5,0,0x04,0,0,0,1,0,0,0,1,0,0,,,,,,,,,,,,,,,,,,,,,,
58,1,OPEN_YAW,1.9666666666666666,136516,4166.1376953125,1925,58.746337890625,17.022337662337662,164,5.0048828125,1761,53.741455078125,0,0.0,0x498711DD,0,512,384,0.0,2.0,1.5,0,0x04,0,0,0,1,0,0,0,1,0,0,,,,,,,,,,,,,,,,,,,,,,
59,1,OPEN_YAW,2.0,138442,4224.91455078125,1926,58.77685546875,17.0134994807892,164,5.0048828125,1761,53.741455078125,1,0.030517578125,0x46A0A0DE,0,512,384,0.0,2.0,1.5,0,0x04,0,0,0,1,0,0,0,1,0,0,,,,,,,,,,,,,,,,,,,,,,
60,1,OPEN_YAW,2.033333333333333,140728,4294.677734375,2286,69.76318359375,14.334208223972004,164,5.0048828125,2122,64.75830078125,0,0.0,0x9DD3D2F1,0,512,384,0.0,2.0,1.5,0,0x04,0,0,0,1,0,0,0,1,0,0,,,,,,,,,,,,,,,,,,,,,,
61,1,OPEN_YAW,2.066666666666667,143023,4364.715576171875,2295,70.037841796875,14.277995642701525,164,5.0048828125,2131,65.032958984375,0,0.0,0x7811DB3C,0,512,384,0.0,2.0,1.5,0,0x04,0,0,0,1,0,0,0,1,0,0,,,,,,,,,,,,,,,,,,,,,,
62,1,OPEN_YAW,2.1,145346,4435.60791015625,2323,70.892333984375,14.105897546276367,164,5.0048828125,2159,65.887451171875,0,0.0,0x84E13E89,0,512,384,0.0,2.0,1.5,0,0x04,0,0,0,1,0,0,0,1,0,0,,,,,,,,,,,,,,,,,,,,,,
63,1,OPEN_YAW,2.1333333333333333,147632,4505.37109375,2286,69.76318359375,14.334208223972004,164,5.0048828125,2122,64.75830078125,0,0.0,0x87201FF4,0,512,384,0.0,2.0,1.5,0,0x04,0,0,0,1,0,0,0,1,0,0,,,,,,,,,,,,,,,,,,,,,,
64,1,OPEN_YAW,2.1666666666666665,149955,4576.263427734375,2323,70.892333984375,14.105897546276367,164,5.0048828125,2159,65.887451171875,0,0.0,0x84E13E89,0,512,384,0.0,2.0,1.5,0,0x04,0,0,0,1,0,0,0,-1,0,0,,,,,,,,,,,,,,,,,,,,,,
65,1,OPEN_YAW,2.2,152249,4646.270751953125,2294,70.00732421875,14.284219703574543,164,5.0048828125,2130,65.00244140625,0,0.0,0x7811DB3C,0,512,384,0.0,2.0,1.5,0,0x04,0,0,0,1,0,0,0,-1,0,0,,,,,,,,,,,,,,,,,,,,,,
66,1,OPEN_YAW,2.2333333333333334,154534,4716.00341796875,2285,69.732666015625,14.340481400437637,164,5.0048828125,2121,64.727783203125,0,0.0,0x9DD3D2F1,0,512,384,0.0,2.0,1.5,0,0x04,0,0,0,1,0,0,0,-1,0,0,,,,,,,,,,,,,,,,,,,,,,
67,1,OPEN_YAW,2.2666666666666666,156459,4774.749755859375,1925,58.746337890625,17.022337662337662,164,5.0048828125,1761,53.741455078125,0,0.0,0x46A0A0DE,0,512,384,0.0,2.0,1.5,0,0x04,0,0,0,1,0,0,0,-1,0,0,,,,,,,,,,,,,,,,,,,,,,
68,1,OPEN_YAW,2.3,158385,4833.526611328125,1926,58.77685546875,17.0134994807892,164,5.0048828125,1762,53.77197265625,0,0.0,0x498711DD,0,512,384,0.0,2.0,1.5,0,0x04,0,0,0,1,0,0,0,-1,0,0,,,,,,,,,,,,,,,,,,,,,,
69,1,OPEN_YAW,2.3333333333333335,160334,4893.00537109375,1949,59.478759765625,16.812724474089276,164,5.0048828125,1784,54.443359375,1,0.030517578125,0x076558F0,0,512,384,0.0,2.0,1.5,0,0x04,0,0,0,1,0,0,0,-1,0,0,,,,,,,,,,,,,,,,,,,,,,
70,1,OPEN_YAW,2.3666666666666667,162248,4951.416015625,1914,58.41064453125,17.120167189132708,163,4.974365234375,1750,53.40576171875,1,0.030517578125,0x3BD3184F,0,512,384,0.0,2.0,1.5,0,0x04,0,0,0,1,0,0,0,-1,0,0,,,,,,,,,,,,,,,,,,,,,,
71,1,OPEN_YAW,2.4,164157,5009.674072265625,1909,58.258056640625,17.165007857517026,164,5.0048828125,1745,53.253173828125,0,0.0,0xAAF43222,0,512,384,0.0,2.0,1.5,0,0x04,0,0,0,1,0,0,0,-1,0,0,,,,,,,,,,,,,,,,,,,,,,
72,1,OPEN_YAW,2.433333333333333,165577,5053.009033203125,1420,43.3349609375,23.07605633802817,164,5.0048828125,1255,38.299560546875,1,0.030517578125,0x50648D73,0,512,384,0.0,2.0,1.5,0,0x04,0,0,0,1,0,0,0,-1,0,0,,,,,,,,,,,,,,,,,,,,,,
73,1,OPEN_YAW,2.466666666666667,166995,5096.282958984375,1418,43.27392578125,23.108603667136812,164,5.0048828125,1253,38.238525390625,1,0.030517578125,0xEF7CD81A,0,512,384,0.0,2.0,1.5,0,0x04,0,0,0,1,0,0,0,-1,0,0,,,,,,,,,,,,,,,,,,,,,,
74,1,OPEN_YAW,2.5,168433,5140.167236328125,1438,43.88427734375,22.787204450625868,164,5.0048828125,1274,38.87939453125,0,0.0,0x06B91CB7,0,512,384,0.0,2.0,1.5,0,0x04,0,0,0,1,0,0,0,-1,0,0,,,,,,,,,,,,,,,,,,,,,,
75,1,OPEN_YAW,2.533333333333333,169870,5184.02099609375,1437,43.853759765625,22.803061934585944,164,5.0048828125,1273,38.848876953125,0,0.0,0xE2849AE4,0,512,384,0.0,2.0,1.5,0,0x04,0,0,0,1,0,0,0,-1,0,0,,,,,,,,,,,,,,,,,,,,,,
76,1,OPEN_YAW,2.566666666666667,171303,5227.752685546875,1433,43.731689453125,22.866713189113746,164,5.0048828125,1268,38.6962890625,1,0.030517578125,0x48512005,0,512,384,0.0,2.0,1.5,0,0x04,0,0,0,1,0,0,0,-1,0,0,,,,,,,,,,,,,,,,,,,,,,
77,1,OPEN_YAW,2.6,172714,5270.81298828125,1411,43.060302734375,23.223245924875975,164,5.0048828125,1246,38.02490234375,1,0.030517578125,0x4BBB54B2,0,512,384,0.0,2.0,1.5,0,0x04,0,0,0,1,0,0,0,-1,0,0,,,,,,,,,,,,,,,,,,,,,,
78,1,OPEN_YAW,2.6333333333333333,173878,5306.33544921875,1164,35.5224609375,28.151202749140893,164,5.0048828125,999,30.487060546875,1,0.030517578125,0x8ED5AA07,0,512,384,0.0,2.0,1.5,0,0x04,0,0,0,1,0,0,0,-1,0,0,,,,,,,,,,,,,,,,,,,,,,
79,1,OPEN_YAW,2.6666666666666665,174904,5337.646484375,1026,31.31103515625,31.937621832358673,164,5.0048828125,862,26.30615234375,0,0.0,0x57BE9584,0,512,384,0.0,2.0,1.5,0,0x04,0,0,0,1,0,0,0,-1,0,0,,,,,,,,,,,,,,,,,,,,,,
80,1,OPEN_YAW,2.7,175927,5368.865966796875,1023,31.219482421875,32.03128054740958,164,5.0048828125,858,26.18408203125,1,0.030517578125,0x26D8A8C7,0,512,384,0.0,2.0,1.5,0,0x04,0,0,0,1,0,0,0,-1,0,0,,,,,,,,,,,,,,,,,,,,,,
81,1,OPEN_YAW,2.7333333333333334,176939,5399.749755859375,1012,30.8837890625,32.3794466403162,163,4.974365234375,848,25.87890625,1,0.030517578125,0x241E983A,0,512,384,0.0,2.0,1.5,0,0x04,0,0,0,1,0,0,0,-1,0,0,,,,,,,,,,,,,,,,,,,,,,
82,1,OPEN_YAW,2.7666666666666666,177932,5430.0537109375,993,30.303955078125,32.99899295065458,164,5.0048828125,828,25.2685546875,1,0.030517578125,0xC85E6E2D,0,512,384,0.0,2.0,1.5,0,0x04,0,0,0,1,0,0,0,-1,0,0,,,,,,,,,,,,,,,,,,,,,,
83,1,OPEN_YAW,2.8,178922,5460.26611328125,990,30.21240234375,33.0989898989899,164,5.0048828125,826,25.20751953125,0,0.0,0xD37C3B3A,0,512,384,0.0,2.0,1.5,0,0x04,0,0,0,1,0,0,0,-1,0,0,,,,,,,,,,,,,,,,,,,,,,
84,1,OPEN_YAW,2.8333333333333335,179913,5490.509033203125,991,30.242919921875,33.06559031281534,164,5.0048828125,827,25.238037109375,0,0.0,0x313FD664,0,512,384,0.0,2.0,1.5,0,0x04,0,0,0,1,0,0,0,-1,0,0,,,,,,,,,,,,,,,,,,,,,,
85,1,OPEN_YAW,2.8666666666666667,180905,5520.782470703125,992,30.2734375,33.03225806451613,164,5.0048828125,828,25.2685546875,0,0.0,0xF1D64FEB,0,512,384,0.0,2.0,1.5,0,0x04,0,0,0,1,0,0,0,-1,0,0,,,,,,,,,,,,,,,,,,,,,,
86,1,OPEN_YAW,2.9,181898,5551.08642578125,993,30.303955078125,32.99899295065458,164,5.0048828125,828,25.2685546875,1,0.030517578125,0x9320BBD7,0,512,384,0.0,2.0,1.5,0,0x04,0,0,0,1,0,0,0,-1,0,0,,,,,,,,,,,,,,,,,,,,,,
87,1,OPEN_YAW,2.933333333333333,182911,5582.000732421875,1013,30.914306640625,32.34748272458045,164,5.0048828125,848,25.87890625,1,0.030517578125,0x2EA80794,0,512,384,0.0,2.0,1.5,0,0x04,0,0,0,1,0,0,0,-1,0,0,,,,,,,,,,,,,,,,,,,,,,
88,1,OPEN_YAW,2.966666666666667,183926,5612.97607421875,1015,30.975341796875,32.28374384236453,164,5.0048828125,851,25.970458984375,0,0.0,0x9B4B1FEF,0,512,384,0.0,2.0,1.5,0,0x04,0,0,0,1,0,0,0,-1,0,0,,,,,,,,,,,,,,,,,,,,,,
89,1,OPEN_YAW,3.0,184952,5644.287109375,1026,31.31103515625,31.937621832358673,164,5.0048828125,861,26.275634765625,1,0.030517578125,0x47A89276,0,512,384,0.0,2.0,1.5,0,0x04,0,0,0,1,0,0,0,-1,0,0,,,,,,,,,,,,,,,,,,,,,,
90,1,OPEN_YAW,3.033333333333333,185985,5675.811767578125,1033,31.524658203125,31.721200387221685,165,5.035400390625,867,26.458740234375,1,0.030517578125,0x82178F31,0,512,384,0.0,2.0,1.5,0,0x04,0,0,0,1,0,0,0,-1,0,0,,,,,,,,,,,,,,,,,,,,,,
91,1,OPEN_YAW,3.066666666666667,187399,5718.963623046875,1414,43.15185546875,23.173974540311175,164,5.0048828125,1249,38.116455078125,1,0.030517578125,0x58D899FA,0,512,384,0.0,2.0,1.5,0,0x04,0,0,0,1,0,0,0,-1,0,0,,,,,,,,,,,,,,,,,,,,,,
92,1,OPEN_YAW,3.1,188815,5762.176513671875,1416,43.212890625,23.141242937853107,165,5.035400390625,1251,38.177490234375,0,0.0,0x47E40981,0,512,384,0.0,2.0,1.5,0,0x04,0,0,0,1,0,0,0,-1,0,0,,,,,,,,,,,,,,,,,,,,,,
93,1,OPEN_YAW,3.1333333333333333,190250,5805.96923828125,1435,43.792724609375,22.834843205574913,164,5.0048828125,1271,38.787841796875,0,0.0,0x0191D5F6,0,512,384,0.0,2.0,1.5,0,0x04,0,0,0,1,0,0,0,-1,0,0,,,,,,,,,,,,,,,,,,,,,,
94,1,OPEN_YAW,3.1666666666666665,191692,5849.9755859375,1442,44.00634765625,22.723994452149793,164,5.0048828125,1277,38.970947265625,1,0.030517578125,0xAB4F68AF,0,512,384,0.0,2.0,1.5,0,0x04,0,0,0,1,0,0,0,-1,0,0,,,,,,,,,,,,,,,,,,,,,,
95,1,OPEN_YAW,3.2,193133,5893.951416015625,1441,43.975830078125,22.73976405274115,164,5.0048828125,1277,38.970947265625,0,0.0,0xFB682E46,0,512,384,0.0,2.0,1.5,0,0x04,0,0,0,1,0,0,0,-1,0,0,,,,,,,,,,,,,,,,,,,,,,
96,1,OPEN_YAW,3.2333333333333334,194554,5937.31689453125,1421,43.365478515625,23.05981703026038,164,5.0048828125,1256,38.330078125,1,0.030517578125,0x779CD11B,0,512,384,0.0,2.0,1.5,0,0x04,0,0,0,1,0,0,0,-1,0,0,,,,,,,,,,,,,,,,,,,,,,
97,1,OPEN_YAW,3.2666666666666666,195978,5980.77392578125,1424,43.45703125,23.01123595505618,164,5.0048828125,1259,38.421630859375,1,0.030517578125,0x160A0806,0,512,384,0.0,2.0,1.5,0,0x04,0,0,0,1,0,0,0,-1,0,0,,,,,,,,,,,,,,,,,,,,,,
98,1,OPEN_YAW,3.3,197895,6039.276123046875,1917,58.502197265625,17.09337506520605,164,5.0048828125,1752,53.466796875,1,0.030517578125,0xE5D4D0F1,0,512,384,0.0,2.0,1.5,0,0x04,0,0,0,1,0,0,0,-1,0,0,,,,,,,,,,,,,,,,,,,,,,
99,1,OPEN_YAW,3.3333333333333335,199816,6097.900390625,1921,58.624267578125,17.057782404997397,164,5.0048828125,1757,53.619384765625,0,0.0,0x5AD6DB54,0,512,384,0.0,2.0,1.5,0,0x04,0,0,0,1,0,0,0,-1,0,0,,,,,,,,,,,,,,,,,,,,,,
100,1,OPEN_YAW,3.3666666666666667,201769,6157.501220703125,1953,59.600830078125,16.778289810547875,164,5.0048828125,1789,54.595947265625,0,0.0,0x6BDB5333,0,512,384,0.0,2.0,1.5,0,0x04,0,0,0,1,0,0,0,-1,0,0,,,,,,,,,,,,,,,,,,,,,,
101,1,OPEN_YAW,3.4,203701,6216.461181640625,1932,58.9599609375,16.96066252587992,164,5.0048828125,1767,53.924560546875,1,0.030517578125,0x727A5D9C,0,512,384,0.0,2.0,1.5,0,0x04,0,0,0,1,0,0,0,-1,0,0,,,,,,,,,,,,,,,,,,,,,,
102,1,OPEN_YAW,3.433333333333333,205876,6282.8369140625,2175,66.375732421875,15.065747126436781,164,5.0048828125,2011,61.370849609375,0,0.0,0x09DBF567,0,512,384,0.0,2.0,1.5,0,0x04,0,0,0,1,0,0,0,-1,0,0,,,,,,,,,,,,,,,,,,,,,,
103,1,OPEN_YAW,3.466666666666667,208165,6352.691650390625,2289,69.854736328125,14.315421581476627,164,5.0048828125,2125,64.849853515625,0,0.0,0xF1FADB42,0,512,384,0.0,2.0,1.5,0,0x04,0,0,0,1,0,0,0,-1,0,0,,,,,,,,,,,,,,,,,,,,,,
104,1,OPEN_YAW,3.5,210442,6422.18017578125,2277,69.488525390625,14.39086517347387,164,5.0048828125,2112,64.453125,1,0.030517578125,0x48C590F3,0,512,384,0.0,2.0,1.5,0,0x04,0,0,0,1,0,0,0,-1,0,0,,,,,,,,,,,,,,,,,,,,,,
105,1,OPEN_YAW,3.533333333333333,212747,6492.523193359375,2305,70.343017578125,14.216052060737526,164,5.0048828125,2140,65.3076171875,1,0.030517578125,0xCB25181A,0,512,384,0.0,2.0,1.5,0,0x04,0,0,0,1,0,0,0,-1,0,0,,,,,,,,,,,,,,,,,,,,,,
106,1,OPEN_YAW,3.566666666666667,215050,6562.80517578125,2303,70.281982421875,14.228397742075554,164,5.0048828125,2138,65.24658203125,1,0.030517578125,0xAC3150F9,0,512,384,0.0,2.0,1.5,0,0x04,0,0,0,1,0,0,0,-1,0,0,,,,,,,,,,,,,,,,,,,,,,
107,1,OPEN_YAW,3.6,217361,6633.331298828125,2311,70.526123046875,14.179143228039809,164,5.0048828125,2147,65.521240234375,0,0.0,0xFC0E3B5E,0,512,384,0.0,2.0,1.5,0,0x04,0,0,0,1,0,0,0,-1,0,0,,,,,,,,,,,,,,,,,,,,,,
108,1,OPEN_YAW,3.6333333333333333,220056,6715.576171875,2695,82.244873046875,12.158812615955473,164,5.0048828125,2530,77.20947265625,1,0.030517578125,0xFA8FA93F,0,512,384,0.0,2.0,1.5,0,0x04,0,0,0,1,0,0,0,-1,0,0,,,,,,,,,,,,,,,,,,,,,,
109,1,OPEN_YAW,3.6666666666666665,222613,6793.609619140625,2557,78.033447265625,12.815017598748533,164,5.0048828125,2393,73.028564453125,0,0.0,0xC813CCF6,0,512,384,0.0,2.0,1.5,0,0x04,0,0,0,1,0,0,0,-1,0,0,,,,,,,,,,,,,,,,,,,,,,
110,1,OPEN_YAW,3.7,225512,6882.080078125,2899,88.470458984375,11.303208002759572,164,5.0048828125,2735,83.465576171875,0,0.0,0xA5F2BEEB,0,512,384,0.0,2.0,1.5,0,0x04,0,0,0,1,0,0,0,-1,0,0,,,,,,,,,,,,,,,,,,,,,,
111,1,OPEN_YAW,3.7333333333333334,228404,6970.3369140625,2892,88.2568359375,11.330567081604427,164,5.0048828125,2727,83.221435546875,1,0.030517578125,0xFC68B016,0,512,384,0.0,2.0,1.5,0,0x04,0,0,0,1,0,0,0,-1,0,0,,,,,,,,,,,,,,,,,,,,,,
112,1,OPEN_YAW,3.7666666666666666,231544,7066.162109375,3140,95.8251953125,10.435668789808917,164,5.0048828125,2975,90.789794921875,1,0.030517578125,0x57F83B3D,0,512,384,0.0,2.0,1.5,0,0x04,0,0,0,1,0,0,0,-1,0,0,,,,,,,,,,,,,,,,,,,,,,
113,1,OPEN_YAW,3.8,234962,7170.47119140625,3418,104.30908203125,9.586892919836162,164,5.0048828125,3254,99.30419921875,0,0.0,0x44510D1A,0,512,384,0.0,2.0,1.5,0,0x04,0,0,0,1,0,0,0,-1,0,0,,,,,,,,,,,,,,,,,,,,,,
114,1,OPEN_YAW,3.8333333333333335,238537,7279.571533203125,3575,109.100341796875,9.165874125874126,164,5.0048828125,3411,104.095458984375,0,0.0,0xE47DEAEF,0,512,384,0.0,2.0,1.5,0,0x04,0,0,0,1,0,0,0,-1,0,0,,,,,,,,,,,,,,,,,,,,,,
115,1,OPEN_YAW,3.8666666666666667,242053,7386.871337890625,3516,107.2998046875,9.319681456200227,164,5.0048828125,3352,102.294921875,0,0.0,0x70470C18,0,512,384,0.0,2.0,1.5,0,0x04,0,0,0,1,0,0,0,-1,0,0,,,,,,,,,,,,,,,,,,,,,,
116,1,OPEN_YAW,3.9,245937,7505.401611328125,3884,118.5302734375,8.436663233779608,164,5.0048828125,3720,113.525390625,0,0.0,0x6E85EBC5,0,512,384,0.0,2.0,1.5,0,0x04,0,0,0,1,0,0,0,-1,0,0,,,,,,,,,,,,,,,,,,,,,,
117,1,OPEN_YAW,3.933333333333333,249898,7626.28173828125,3961,120.880126953125,8.272658419591012,164,5.0048828125,3797,115.875244140625,0,0.0,0x1F45C49E,0,512,384,0.0,2.0,1.5,0,0x04,0,0,0,1,0,0,0,-1,0,0,,,,,,,,,,,,,,,,,,,,,,
118,1,OPEN_YAW,3.966666666666667,254048,7752.9296875,4150,126.64794921875,7.895903614457831,164,5.0048828125,3986,121.64306640625,0,0.0,0x94A84683,0,512,384,0.0,2.0,1.5,0,0x04,0,0,0,1,0,0,0,-1,0,0,,,,,,,,,,,,,,,,,,,,,,
119,1,OPEN_YAW,4.0,258231,7880.584716796875,4183,127.655029296875,7.833612240019125,164,5.0048828125,4019,122.650146484375,0,0.0,0xD27F4708,0,512,384,0.0,2.0,1.5,0,0x04,0,0,0,1,0,0,0,-1,0,0,,,,,,,,,,,,,,,,,,,,,,
120,1,OPEN_YAW,4.033333333333333,262555,8012.542724609375,4324,131.9580078125,7.578168362627197,164,5.0048828125,4159,126.922607421875,1,0.030517578125,0xF0C60EB7,0,512,384,0.0,2.0,1.5,0,0x04,0,0,0,1,0,0,0,-1,0,0,,,,,,,,,,,,,,,,,,,,,,
121,1,OPEN_YAW,4.066666666666666,267002,8148.25439453125,4447,135.711669921875,7.368563076231167,164,5.0048828125,4283,130.706787109375,0,0.0,0x1A9A2DD0,0,512,384,0.0,2.0,1.5,0,0x04,0,0,0,1,0,0,0,-1,0,0,,,,,,,,,,,,,,,,,,,,,,
122,1,OPEN_YAW,4.1,271348,8280.8837890625,4346,132.62939453125,7.539806718821906,164,5.0048828125,4181,127.593994140625,1,0.030517578125,0x45E0B719,0,512,384,0.0,2.0,1.5,0,0x04,0,0,0,1,0,0,0,-1,0,0,,,,,,,,,,,,,,,,,,,,,,
123,1,OPEN_YAW,4.133333333333334,275665,8412.628173828125,4317,131.744384765625,7.590456335418114,164,5.0048828125,4153,126.739501953125,0,0.0,0xAED9429C,0,512,384,0.0,2.0,1.5,0,0x04,0,0,0,1,0,0,0,-1,0,0,,,,,,,,,,,,,,,,,,,,,,
124,1,OPEN_YAW,4.166666666666667,280005,8545.074462890625,4340,132.4462890625,7.550230414746544,164,5.0048828125,4176,127.44140625,0,0.0,0x58A773FF,0,512,384,0.0,2.0,1.5,0,0x04,0,0,0,1,0,0,0,-1,0,0,,,,,,,,,,,,,,,,,,,,,,
125,1,OPEN_YAW,4.2,284446,8680.60302734375,4441,135.528564453125,7.378518351722585,164,5.0048828125,4277,130.523681640625,0,0.0,0x8B3821D2,0,512,384,0.0,2.0,1.5,0,0x04,0,0,0,1,0,0,0,-1,0,0,,,,,,,,,,,,,,,,,,,,,,
126,1,OPEN_YAW,4.233333333333333,288844,8814.8193359375,4398,134.21630859375,7.450659390632105,164,5.0048828125,4234,129.21142578125,0,0.0,0x5E9768D3,0,512,384,0.0,2.0,1.5,0,0x04,0,0,0,1,0,0,0,-1,0,0,,,,,,,,,,,,,,,,,,,,,,
127,1,OPEN_YAW,4.266666666666667,293162,8946.59423828125,4318,131.77490234375,7.58869847151459,164,5.0048828125,4154,126.77001953125,0,0.0,0x9E5629C9,0,512,384,0.0,2.0,1.5,0,0x0C,0,0,0,1,1,0,0,-1,0,0,,,,,,,,,,,,,,,,,,,,,,
128,2,PITCH_SWEEP,4.3,297459,9077.728271484375,4297,131.134033203125,7.625785431696532,164,5.0048828125,4132,126.0986328125,1,0.030517578125,0xEBC50AFB,0,512,384,0.0,2.0,1.5,0,0x04,0,0,0,1,0,0,0,0,1,0,,,,,,,,,,,,,,,,,,,,,,
129,2,PITCH_SWEEP,4.333333333333333,301739,9208.343505859375,4280,130.615234375,7.6560747663551405,164,5.0048828125,4115,125.579833984375,1,0.030517578125,0x99F6DC11,0,512,384,0.0,2.0,1.5,0,0x04,0,0,0,1,0,0,0,0,1,0,,,,,,,,,,,,,,,,,,,,,,
130,2,PITCH_SWEEP,4.366666666666666,305996,9338.2568359375,4257,129.913330078125,7.697439511393,164,5.0048828125,4092,124.8779296875,1,0.030517578125,0xF5262E21,0,512,384,0.0,2.0,1.5,0,0x04,0,0,0,1,0,0,0,0,1,0,,,,,,,,,,,,,,,,,,,,,,
131,2,PITCH_SWEEP,4.4,310219,9467.132568359375,4223,128.875732421875,7.759412739758465,165,5.035400390625,4057,123.809814453125,1,0.030517578125,0xB89D05A3,0,512,384,0.0,2.0,1.5,0,0x04,0,0,0,1,0,0,0,0,1,0,,,,,,,,,,,,,,,,,,,,,,
132,2,PITCH_SWEEP,4.433333333333334,314344,9593.017578125,4125,125.885009765625,7.943757575757576,165,5.035400390625,3960,120.849609375,0,0.0,0x0366AA7D,0,512,384,0.0,2.0,1.5,0,0x04,0,0,0,1,0,0,0,0,1,0,,,,,,,,,,,,,,,,,,,,,,
133,2,PITCH_SWEEP,4.466666666666667,318393,9716.583251953125,4049,123.565673828125,8.092862435169177,165,5.035400390625,3883,118.499755859375,1,0.030517578125,0xD32DF697,0,512,384,0.0,2.0,1.5,0,0x06,1,1,0,1,0,0,0,0,1,0,118.46923828125,0.030517578125,0.18310546875,18.035888671875,6.072998046875,1.220703125,4.241943359375,75.042724609375,0.0,13.0615234375,0.579833984375,0,0,0,0,0,0,0,0,0,0,0
134,2,PITCH_SWEEP,4.5,322300,9835.8154296875,3907,119.232177734375,8.386997696442283,164,5.0048828125,3743,114.227294921875,0,0.0,0xFD0ED9B9,0,512,384,0.0,2.0,1.5,0,0x04,0,0,0,1,0,0,0,0,1,0,,,,,,,,,,,,,,,,,,,,,,
135,2,PITCH_SWEEP,4.533333333333333,326143,9953.094482421875,3843,117.279052734375,8.526671870934166,164,5.0048828125,3678,112.24365234375,1,0.030517578125,0x384A2F1B,0,512,384,0.0,2.0,1.5,0,0x04,0,0,0,1,0,0,0,0,1,0,,,,,,,,,,,,,,,,,,,,,,
136,2,PITCH_SWEEP,4.566666666666666,329774,10063.90380859375,3631,110.809326171875,9.02451115395208,165,5.035400390625,3465,105.743408203125,1,0.030517578125,0x7DFB7EEB,0,512,384,0.0,2.0,1.5,0,0x04,0,0,0,1,0,0,0,0,1,0,,,,,,,,,,,,,,,,,,,,,,
137,2,PITCH_SWEEP,4.6,333382,10174.01123046875,3608,110.107421875,9.082039911308204,165,5.035400390625,3442,105.04150390625,1,0.030517578125,0x665540F9,0,512,384,0.0,2.0,1.5,0,0x04,0,0,0,1,0,0,0,0,1,0,,,,,,,,,,,,,,,,,,,,,,
138,2,PITCH_SWEEP,4.633333333333334,336971,10283.538818359375,3589,109.527587890625,9.130119810532182,165,5.035400390625,3424,104.4921875,0,0.0,0x24928A59,0,512,384,0.0,2.0,1.5,0,0x04,0,0,0,1,0,0,0,0,1,0,,,,,,,,,,,,,,,,,,,,,,
139,2,PITCH_SWEEP,4.666666666666667,340556,10392.9443359375,3585,109.405517578125,9.140306834030683,165,5.035400390625,3419,104.339599609375,1,0.030517578125,0xE620FE03,0,512,384,0.0,2.0,1.5,0,0x04,0,0,0,1,0,0,0,0,1,0,,,,,,,,,,,,,,,,,,,,,,
140,2,PITCH_SWEEP,4.7,344118,10501.64794921875,3562,108.70361328125,9.199326221224032,164,5.0048828125,3398,103.69873046875,0,0.0,0xF31CD78D,0,512,384,0.0,2.0,1.5,0,0x04,0,0,0,1,0,0,0,0,1,0,,,,,,,,,,,,,,,,,,,,,,
141,2,PITCH_SWEEP,4.733333333333333,347635,10608.978271484375,3517,107.330322265625,9.317031560989479,165,5.035400390625,3352,102.294921875,0,0.0,0xFC73F4CF,0,512,384,0.0,2.0,1.5,0,0x04,0,0,0,1,0,0,0,0,1,0,,,,,,,,,,,,,,,,,,,,,,
142,2,PITCH_SWEEP,4.766666666666667,351229,10718.658447265625,3594,109.68017578125,9.117417918753478,165,5.035400390625,3428,104.6142578125,1,0.030517578125,0x31DBE5A1,0,512,384,0.0,2.0,1.5,0,0x04,0,0,0,1,0,0,0,0,1,0,,,,,,,,,,,,,,,,,,,,,,
143,2,PITCH_SWEEP,4.8,354794,10827.45361328125,3565,108.795166015625,9.191584852734923,164,5.0048828125,3400,103.759765625,1,0.030517578125,0x637D44ED,0,512,384,0.0,2.0,1.5,0,0x04,0,0,0,1,0,0,0,0,1,0,,,,,,,,,,,,,,,,,,,,,,
144,2,PITCH_SWEEP,4.833333333333333,358338,10935.60791015625,3544,108.154296875,9.246049661399548,164,5.0048828125,3380,103.1494140625,0,0.0,0xDF585765,0,512,384,0.0,2.0,1.5,0,0x04,0,0,0,1,0,0,0,0,1,0,,,,,,,,,,,,,,,,,,,,,,
145,2,PITCH_SWEEP,4.866666666666666,361712,11038.57421875,3374,102.96630859375,9.711914641375222,165,5.035400390625,3209,97.930908203125,0,0.0,0xC6349AE7,0,512,384,0.0,2.0,1.5,0,0x04,0,0,0,1,0,0,0,0,1,0,,,,,,,,,,,,,,,,,,,,,,
146,2,PITCH_SWEEP,4.9,365022,11139.58740234375,3310,101.01318359375,9.899697885196375,164,5.0048828125,3146,96.00830078125,0,0.0,0xF7C74FC9,0,512,384,0.0,2.0,1.5,0,0x04,0,0,0,1,0,0,0,0,1,0,,,,,,,,,,,,,,,,,,,,,,
147,2,PITCH_SWEEP,4.933333333333334,368331,11240.570068359375,3309,100.982666015625,9.902689634330613,164,5.0048828125,3145,95.977783203125,0,0.0,0xD205864D,0,512,384,0.0,2.0,1.5,0,0x04,0,0,0,1,0,0,0,0,1,0,,,,,,,,,,,,,,,,,,,,,,
148,2,PITCH_SWEEP,4.966666666666667,371620,11340.9423828125,3289,100.372314453125,9.962906658558833,165,5.035400390625,3124,95.3369140625,0,0.0,0x5776983D,0,512,384,0.0,2.0,1.5,0,0x04,0,0,0,1,0,0,0,0,1,0,,,,,,,,,,,,,,,,,,,,,,
149,2,PITCH_SWEEP,5.0,374905,11441.192626953125,3285,100.250244140625,9.975038051750381,164,5.0048828125,3121,95.245361328125,0,0.0,0x3C8645B7,0,512,384,0.0,2.0,1.5,0,0x04,0,0,0,1,0,0,0,0,1,0,,,,,,,,,,,,,,,,,,,,,,
150,2,PITCH_SWEEP,5.033333333333333,378151,11540.252685546875,3246,99.06005859375,10.094886013555145,165,5.035400390625,3080,93.994140625,1,0.030517578125,0xE8184D3B,0,512,384,0.0,2.0,1.5,0,0x04,0,0,0,1,0,0,0,0,1,0,,,,,,,,,,,,,,,,,,,,,,
151,2,PITCH_SWEEP,5.066666666666666,381322,11637.02392578125,3171,96.771240234375,10.333648691264585,164,5.0048828125,3006,91.73583984375,1,0.030517578125,0x92BE7535,0,512,384,0.0,2.0,1.5,0,0x04,0,0,0,1,0,0,0,0,1,0,,,,,,,,,,,,,,,,,,,,,,
152,2,PITCH_SWEEP,5.1,384567,11736.053466796875,3245,99.029541015625,10.097996918335902,164,5.0048828125,3081,94.024658203125,0,0.0,0xE8184D3B,0,512,384,0.0,2.0,1.5,0,0x04,0,0,0,1,0,0,0,0,-1,0,,,,,,,,,,,,,,,,,,,,,,
153,2,PITCH_SWEEP,5.133333333333334,387853,11836.334228515625,3286,100.28076171875,9.972002434570907,165,5.035400390625,3120,95.21484375,1,0.030517578125,0x3C8645B7,0,512,384,0.0,2.0,1.5,0,0x04,0,0,0,1,0,0,0,0,-1,0,,,,,,,,,,,,,,,,,,,,,,
154,2,PITCH_SWEEP,5.166666666666667,391141,11936.676025390625,3288,100.341796875,9.965936739659368,164,5.0048828125,3124,95.3369140625,0,0.0,0x5776983D,0,512,384,0.0,2.0,1.5,0,0x04,0,0,0,1,0,0,0,0,-1,0,,,,,,,,,,,,,,,,,,,,,,
155,2,PITCH_SWEEP,5.2,394451,12037.689208984375,3310,101.01318359375,9.899697885196375,165,5.035400390625,3144,95.947265625,1,0.030517578125,0xD205864D,0,512,384,0.0,2.0,1.5,0,0x04,0,0,0,1,0,0,0,0,-1,0,,,,,,,,,,,,,,,,,,,,,,
156,2,PITCH_SWEEP,5.233333333333333,397763,12138.763427734375,3312,101.07421875,9.893719806763285,165,5.035400390625,3146,96.00830078125,1,0.030517578125,0xF7C74FC9,0,512,384,0.0,2.0,1.5,0,0x04,0,0,0,1,0,0,0,0,-1,0,,,,,,,,,,,,,,,,,,,,,,
157,2,PITCH_SWEEP,5.266666666666667,401137,12241.729736328125,3374,102.96630859375,9.711914641375222,165,5.035400390625,3209,97.930908203125,0,0.0,0xC6349AE7,0,512,384,0.0,2.0,1.5,0,0x04,0,0,0,1,0,0,0,0,-1,0,,,,,,,,,,,,,,,,,,,,,,
158,2,PITCH_SWEEP,5.3,404682,12349.91455078125,3545,108.184814453125,9.243441466854724,165,5.035400390625,3379,103.118896484375,1,0.030517578125,0xDF585765,0,512,384,0.0,2.0,1.5,0,0x04,0,0,0,1,0,0,0,0,-1,0,,,,,,,,,,,,,,,,,,,,,,
159,2,PITCH_SWEEP,5.333333333333333,408246,12458.67919921875,3564,108.7646484375,9.194163860830528,164,5.0048828125,3400,103.759765625,0,0.0,0x637D44ED,0,512,384,0.0,2.0,1.5,0,0x04,0,0,0,1,0,0,0,0,-1,0,,,,,,,,,,,,,,,,,,,,,,
160,2,PITCH_SWEEP,5.366666666666666,411839,12568.328857421875,3593,109.649658203125,9.119955468967436,164,5.0048828125,3429,104.644775390625,0,0.0,0x31DBE5A1,0,512,384,0.0,2.0,1.5,0,0x04,0,0,0,1,0,0,0,0,-1,0,,,,,,,,,,,,,,,,,,,,,,
161,2,PITCH_SWEEP,5.4,415356,12675.6591796875,3517,107.330322265625,9.317031560989479,165,5.035400390625,3352,102.294921875,0,0.0,0xFC73F4CF,0,512,384,0.0,2.0,1.5,0,0x04,0,0,0,1,0,0,0,0,-1,0,,,,,,,,,,,,,,,,,,,,,,
162,2,PITCH_SWEEP,5.433333333333334,418901,12783.843994140625,3545,108.184814453125,9.243441466854724,165,5.035400390625,3380,103.1494140625,0,0.0,0xF31CD78D,0,512,384,0.0,2.0,1.5,0,0x04,0,0,0,1,0,0,0,0,-1,0,,,,,,,,,,,,,,,,,,,,,,
163,2,PITCH_SWEEP,5.466666666666667,422475,12892.913818359375,3574,109.06982421875,9.168438724118635,165,5.035400390625,3409,104.034423828125,0,0.0,0xE620FE03,0,512,384,0.0,2.0,1.5,0,0x04,0,0,0,1,0,0,0,0,-1,0,,,,,,,,,,,,,,,,,,,,,,
164,2,PITCH_SWEEP,5.5,426043,13001.800537109375,3568,108.88671875,9.183856502242152,165,5.035400390625,3403,103.851318359375,0,0.0,0x24928A59,0,512,384,0.0,2.0,1.5,0,0x04,0,0,0,1,0,0,0,0,-1,0,,,,,,,,,,,,,,,,,,,,,,
165,2,PITCH_SWEEP,5.533333333333333,429649,13111.846923828125,3606,110.04638671875,9.087077093732669,164,5.0048828125,3442,105.04150390625,0,0.0,0x665540F9,0,512,384,0.0,2.0,1.5,0,0x04,0,0,0,1,0,0,0,0,-1,0,,,,,,,,,,,,,,,,,,,,,,
166,2,PITCH_SWEEP,5.566666666666666,433278,13222.59521484375,3629,110.748291015625,9.029484706530726,165,5.035400390625,3464,105.712890625,0,0.0,0x7DFB7EEB,0,512,384,0.0,2.0,1.5,0,0x04,0,0,0,1,0,0,0,0,-1,0,,,,,,,,,,,,,,,,,,,,,,
167,2,PITCH_SWEEP,5.6,437121,13339.874267578125,3843,117.279052734375,8.526671870934166,164,5.0048828125,3678,112.24365234375,1,0.030517578125,0x384A2F1B,0,512,384,0.0,2.0,1.5,0,0x04,0,0,0,1,0,0,0,0,-1,0,,,,,,,,,,,,,,,,,,,,,,
168,2,PITCH_SWEEP,5.633333333333334,441030,13459.16748046875,3909,119.293212890625,8.382706574571502,165,5.035400390625,3743,114.227294921875,1,0.030517578125,0xFD0ED9B9,0,512,384,0.0,2.0,1.5,0,0x04,0,0,0,1,0,0,0,0,-1,0,,,,,,,,,,,,,,,,,,,,,,
169,2,PITCH_SWEEP,5.666666666666667,445078,13582.70263671875,4048,123.53515625,8.09486166007905,164,5.0048828125,3884,118.5302734375,0,0.0,0xD32DF697,0,512,384,0.0,2.0,1.5,0,0x04,0,0,0,1,0,0,0,0,-1,0,,,,,,,,,,,,,,,,,,,,,,
170,2,PITCH_SWEEP,5.7,449202,13708.55712890625,4124,125.8544921875,7.945683802133851,165,5.035400390625,3959,120.819091796875,0,0.0,0x0366AA7D,0,512,384,0.0,2.0,1.5,0,0x04,0,0,0,1,0,0,0,0,-1,0,,,,,,,,,,,,,,,,,,,,,,
171,2,PITCH_SWEEP,5.733333333333333,453424,13837.40234375,4222,128.84521484375,7.761250592136428,165,5.035400390625,4057,123.809814453125,0,0.0,0xB89D05A3,0,512,384,0.0,2.0,1.5,0,0x04,0,0,0,1,0,0,0,0,-1,0,,,,,,,,,,,,,,,,,,,,,,
172,2,PITCH_SWEEP,5.766666666666667,457681,13967.315673828125,4257,129.913330078125,7.697439511393,164,5.0048828125,4092,124.8779296875,1,0.030517578125,0xF5262E21,0,512,384,0.0,2.0,1.5,0,0x04,0,0,0,1,0,0,0,0,-1,0,,,,,,,,,,,,,,,,,,,,,,
173,2,PITCH_SWEEP,5.8,461960,14097.900390625,4279,130.584716796875,7.65786398691283,164,5.0048828125,4115,125.579833984375,0,0.0,0x99F6DC11,0,512,384,0.0,2.0,1.5,0,0x04,0,0,0,1,0,0,0,0,-1,0,,,,,,,,,,,,,,,,,,,,,,
174,2,PITCH_SWEEP,5.833333333333333,466256,14229.00390625,4296,131.103515625,7.62756052141527,164,5.0048828125,4132,126.0986328125,0,0.0,0xEBC50AFB,0,512,384,0.0,2.0,1.5,0,0x04,0,0,0,1,0,0,0,0,-1,0,,,,,,,,,,,,,,,,,,,,,,
175,2,PITCH_SWEEP,5.866666666666666,470576,14360.83984375,4320,131.8359375,7.5851851851851855,164,5.0048828125,4155,126.800537109375,1,0.030517578125,0x9E5629C9,0,512,384,0.0,2.0,1.5,0,0x04,0,0,0,1,0,0,0,0,-1,0,,,,,,,,,,,,,,,,,,,,,,
176,2,PITCH_SWEEP,5.9,474940,14494.0185546875,4364,133.1787109375,7.508707607699359,164,5.0048828125,4200,128.173828125,0,0.0,0x70322F27,0,512,384,0.0,2.0,1.5,0,0x04,0,0,0,1,0,0,0,0,-1,0,,,,,,,,,,,,,,,,,,,,,,
177,2,PITCH_SWEEP,5.933333333333334,479307,14627.288818359375,4367,133.270263671875,7.503549347378063,165,5.035400390625,4202,128.23486328125,0,0.0,0x390641B9,0,512,384,0.0,2.0,1.5,0,0x04,0,0,0,1,0,0,0,0,-1,0,,,,,,,,,,,,,,,,,,,,,,
178,2,PITCH_SWEEP,5.966666666666667,483581,14757.720947265625,4274,130.43212890625,7.666822648572766,165,5.035400390625,4109,125.396728515625,0,0.0,0xC1D27A09,0,512,384,0.0,2.0,1.5,0,0x04,0,0,0,1,0,0,0,0,-1,0,,,,,,,,,,,,,,,,,,,,,,
179,2,PITCH_SWEEP,6.0,487872,14888.671875,4291,130.950927734375,7.6364483803309255,165,5.035400390625,4126,125.91552734375,0,0.0,0xDBF98667,0,512,384,0.0,2.0,1.5,0,0x04,0,0,0,1,0,0,0,0,-1,0,,,,,,,,,,,,,,,,,,,,,,
180,2,PITCH_SWEEP,6.033333333333333,492246,15022.15576171875,4374,133.48388671875,7.491540923639689,164,5.0048828125,4210,128.47900390625,0,0.0,0x776F84F5,0,512,384,0.0,2.0,1.5,0,0x04,0,0,0,1,0,0,0,0,-1,0,,,,,,,,,,,,,,,,,,,,,,
181,2,PITCH_SWEEP,6.066666666666666,496606,15155.21240234375,4360,133.056640625,7.51559633027523,165,5.035400390625,4195,128.021240234375,0,0.0,0x9C5D3DAB,0,512,384,0.0,2.0,1.5,0,0x04,0,0,0,1,0,0,0,0,-1,0,,,,,,,,,,,,,,,,,,,,,,
182,2,PITCH_SWEEP,6.1,500935,15287.322998046875,4329,132.110595703125,7.569415569415569,165,5.035400390625,4164,127.0751953125,0,0.0,0xF3A6ABD1,0,512,384,0.0,2.0,1.5,0,0x04,0,0,0,1,0,0,0,0,-1,0,,,,,,,,,,,,,,,,,,,,,,
183,2,PITCH_SWEEP,6.133333333333334,505242,15418.76220703125,4307,131.439208984375,7.608079869979104,165,5.035400390625,4141,126.373291015625,1,0.030517578125,0x979B296F,0,512,384,0.0,2.0,1.5,0,0x04,0,0,0,1,0,0,0,0,-1,0,,,,,,,,,,,,,,,,,,,,,,
184,2,PITCH_SWEEP,6.166666666666667,509507,15548.919677734375,4265,130.157470703125,7.6830011723329426,164,5.0048828125,4100,125.1220703125,1,0.030517578125,0x0CFC7757,0,512,384,0.0,2.0,1.5,0,0x04,0,0,0,1,0,0,0,0,-1,0,,,,,,,,,,,,,,,,,,,,,,
185,2,PITCH_SWEEP,6.2,513766,15678.89404296875,4259,129.974365234375,7.693824841512092,165,5.035400390625,4094,124.93896484375,0,0.0,0x917C6B41,0,512,384,0.0,2.0,1.5,0,0x04,0,0,0,1,0,0,0,0,-1,0,,,,,,,,,,,,,,,,,,,,,,
186,2,PITCH_SWEEP,6.233333333333333,517993,15807.891845703125,4227,128.997802734375,7.752070026023184,165,5.035400390625,4062,123.96240234375,0,0.0,0x556C25D5,0,512,384,0.0,2.0,1.5,0,0x04,0,0,0,1,0,0,0,0,-1,0,,,,,,,,,,,,,,,,,,,,,,
187,2,PITCH_SWEEP,6.266666666666667,522214,15936.70654296875,4221,128.814697265625,7.763089315328122,165,5.035400390625,4056,123.779296875,0,0.0,0x1E07FA07,0,512,384,0.0,2.0,1.5,0,0x04,0,0,0,1,0,0,0,0,-1,0,,,,,,,,,,,,,,,,,,,,,,
188,2,PITCH_SWEEP,6.3,526174,16057.55615234375,3960,120.849609375,8.274747474747475,165,5.035400390625,3795,115.814208984375,0,0.0,0x9BACD179,0,512,384,0.0,2.0,1.5,0,0x04,0,0,0,1,0,0,0,0,-1,0,,,,,,,,,,,,,,,,,,,,,,
189,2,PITCH_SWEEP,6.333333333333333,530089,16177.032470703125,3915,119.476318359375,8.369859514687102,164,5.0048828125,3750,114.44091796875,1,0.030517578125,0x41E71BC3,0,512,384,0.0,2.0,1.5,0,0x04,0,0,0,1,0,0,0,0,-1,0,,,,,,,,,,,,,,,,,,,,,,
190,2,PITCH_SWEEP,6.366666666666666,533900,16293.3349609375,3811,116.302490234375,8.598268171083705,165,5.035400390625,3645,111.236572265625,1,0.030517578125,0xACF00F3D,0,512,384,0.0,2.0,1.5,0,0x04,0,0,0,1,0,0,0,0,-1,0,,,,,,,,,,,,,,,,,,,,,,
191,2,PITCH_SWEEP,6.4,537573,16405.426025390625,3673,112.091064453125,8.921317723931391,164,5.0048828125,3509,107.086181640625,0,0.0,0x32DB7BBD,0,512,384,0.0,2.0,1.5,0,0x04,0,0,0,1,0,0,0,0,-1,0,,,,,,,,,,,,,,,,,,,,,,
192,2,PITCH_SWEEP,6.433333333333334,541046,16511.41357421875,3473,105.987548828125,9.4350705441981,165,5.035400390625,3307,100.921630859375,1,0.030517578125,0xB63D0AED,0,512,384,0.0,2.0,1.5,0,0x04,0,0,0,1,0,0,0,0,-1,0,,,,,,,,,,,,,,,,,,,,,,
193,2,PITCH_SWEEP,6.466666666666667,544478,16616.14990234375,3432,104.736328125,9.547785547785548,164,5.0048828125,3268,99.7314453125,0,0.0,0x1DBE7CEB,0,512,384,0.0,2.0,1.5,0,0x04,0,0,0,1,0,0,0,0,-1,0,,,,,,,,,,,,,,,,,,,,,,
194,2,PITCH_SWEEP,6.5,547890,16720.27587890625,3412,104.1259765625,9.603751465416178,165,5.035400390625,3246,99.06005859375,1,0.030517578125,0x955E2471,0,512,384,0.0,2.0,1.5,0,0x04,0,0,0,1,0,0,0,0,-1,0,,,,,,,,,,,,,,,,,,,,,,
195,2,PITCH_SWEEP,6.533333333333333,551293,16824.127197265625,3403,103.851318359375,9.62915074933882,164,5.0048828125,3238,98.81591796875,1,0.030517578125,0x6151133D,0,512,384,0.0,2.0,1.5,0,0x04,0,0,0,1,0,0,0,0,-1,0,,,,,,,,,,,,,,,,,,,,,,
196,2,PITCH_SWEEP,6.566666666666666,554675,16927.337646484375,3382,103.21044921875,9.688941454760498,165,5.035400390625,3216,98.14453125,1,0.030517578125,0x900FB321,0,512,384,0.0,2.0,1.5,0,0x04,0,0,0,1,0,0,0,0,-1,0,,,,,,,,,,,,,,,,,,,,,,
197,2,PITCH_SWEEP,6.6,557826,17023.49853515625,3151,96.160888671875,10.399238337035861,164,5.0048828125,2986,91.12548828125,1,0.030517578125,0xC01F6EEB,0,512,384,0.0,2.0,1.5,0,0x04,0,0,0,1,0,0,0,0,-1,0,,,,,,,,,,,,,,,,,,,,,,
198,2,PITCH_SWEEP,6.633333333333334,560955,17118.988037109375,3129,95.489501953125,10.472355385107063,165,5.035400390625,2963,90.423583984375,1,0.030517578125,0x984FEC5B,0,512,384,0.0,2.0,1.5,0,0x04,0,0,0,1,0,0,0,0,-1,0,,,,,,,,,,,,,,,,,,,,,,
199,2,PITCH_SWEEP,6.666666666666667,564049,17213.409423828125,3094,94.42138671875,10.59082094376212,165,5.035400390625,2928,89.35546875,1,0.030517578125,0x0C713E95,0,512,384,0.0,2.0,1.5,0,0x04,0,0,0,1,0,0,0,0,-1,0,,,,,,,,,,,,,,,,,,,,,,
200,2,PITCH_SWEEP,6.7,567178,17308.89892578125,3129,95.489501953125,10.472355385107063,165,5.035400390625,2963,90.423583984375,1,0.030517578125,0x984FEC5B,0,512,384,0.0,2.0,1.5,0,0x04,0,0,0,1,0,0,0,0,1,0,,,,,,,,,,,,,,,,,,,,,,
201,2,PITCH_SWEEP,6.733333333333333,570329,17405.059814453125,3151,96.160888671875,10.399238337035861,165,5.035400390625,2986,91.12548828125,0,0.0,0xC01F6EEB,0,512,384,0.0,2.0,1.5,0,0x04,0,0,0,1,0,0,0,0,1,0,,,,,,,,,,,,,,,,,,,,,,
202,2,PITCH_SWEEP,6.766666666666667,573711,17508.270263671875,3382,103.21044921875,9.688941454760498,165,5.035400390625,3216,98.14453125,1,0.030517578125,0x900FB321,0,512,384,0.0,2.0,1.5,0,0x04,0,0,0,1,0,0,0,0,1,0,,,,,,,,,,,,,,,,,,,,,,
203,2,PITCH_SWEEP,6.8,577114,17612.12158203125,3403,103.851318359375,9.62915074933882,165,5.035400390625,3238,98.81591796875,0,0.0,0x6151133D,0,512,384,0.0,2.0,1.5,0,0x04,0,0,0,1,0,0,0,0,1,0,,,,,,,,,,,,,,,,,,,,,,
204,2,PITCH_SWEEP,6.833333333333333,580526,17716.24755859375,3412,104.1259765625,9.603751465416178,165,5.035400390625,3246,99.06005859375,1,0.030517578125,0x955E2471,0,512,384,0.0,2.0,1.5,0,0x04,0,0,0,1,0,0,0,0,1,0,,,,,,,,,,,,,,,,,,,,,,
205,2,PITCH_SWEEP,6.866666666666666,583958,17820.98388671875,3432,104.736328125,9.547785547785548,164,5.0048828125,3268,99.7314453125,0,0.0,0x1DBE7CEB,0,512,384,0.0,2.0,1.5,0,0x04,0,0,0,1,0,0,0,0,1,0,,,,,,,,,,,,,,,,,,,,,,
206,2,PITCH_SWEEP,6.9,587429,17926.910400390625,3471,105.926513671875,9.440507058484586,165,5.035400390625,3306,100.89111328125,0,0.0,0xB63D0AED,0,512,384,0.0,2.0,1.5,0,0x04,0,0,0,1,0,0,0,0,1,0,,,,,,,,,,,,,,,,,,,,,,
207,2,PITCH_SWEEP,6.933333333333334,591104,18039.0625,3675,112.152099609375,8.916462585034013,165,5.035400390625,3510,107.11669921875,0,0.0,0x32DB7BBD,0,512,384,0.0,2.0,1.5,0,0x04,0,0,0,1,0,0,0,0,1,0,,,,,,,,,,,,,,,,,,,,,,
208,2,PITCH_SWEEP,6.966666666666667,594914,18155.33447265625,3810,116.27197265625,8.600524934383202,165,5.035400390625,3645,111.236572265625,0,0.0,0xACF00F3D,0,512,384,0.0,2.0,1.5,0,0x04,0,0,0,1,0,0,0,0,1,0,,,,,,,,,,,,,,,,,,,,,,
209,2,PITCH_SWEEP,7.0,598828,18274.7802734375,3914,119.44580078125,8.371997956055187,165,5.035400390625,3749,114.410400390625,0,0.0,0x41E71BC3,0,512,384,0.0,2.0,1.5,0,0x04,0,0,0,1,0,0,0,0,1,0,,,,,,,,,,,,,,,,,,,,,,
210,2,PITCH_SWEEP,7.033333333333333,602790,18395.69091796875,3962,120.91064453125,8.270570418980313,165,5.035400390625,3796,115.8447265625,1,0.030517578125,0x9BACD179,0,512,384,0.0,2.0,1.5,0,0x04,0,0,0,1,0,0,0,0,1,0,,,,,,,,,,,,,,,,,,,,,,
211,2,PITCH_SWEEP,7.066666666666666,607009,18524.444580078125,4219,128.753662109375,7.766769376629533,164,5.0048828125,4055,123.748779296875,0,0.0,0x1E07FA07,0,512,384,0.0,2.0,1.5,0,0x04,0,0,0,1,0,0,0,0,1,0,,,,,,,,,,,,,,,,,,,,,,
212,2,PITCH_SWEEP,7.1,611238,18653.50341796875,4229,129.058837890625,7.748403877985339,165,5.035400390625,4063,123.992919921875,1,0.030517578125,0x556C25D5,0,512,384,0.0,2.0,1.5,0,0x04,0,0,0,1,0,0,0,0,1,0,,,,,,,,,,,,,,,,,,,,,,
213,2,PITCH_SWEEP,7.133333333333334,615498,18783.50830078125,4260,130.0048828125,7.692018779342723,164,5.0048828125,4095,124.969482421875,1,0.030517578125,0x917C6B41,0,512,384,0.0,2.0,1.5,0,0x04,0,0,0,1,0,0,0,0,1,0,,,,,,,,,,,,,,,,,,,,,,
214,2,PITCH_SWEEP,7.166666666666667,619763,18913.665771484375,4265,130.157470703125,7.6830011723329426,165,5.035400390625,4100,125.1220703125,0,0.0,0x0CFC7757,0,512,384,0.0,2.0,1.5,0,0x04,0,0,0,1,0,0,0,0,1,0,,,,,,,,,,,,,,,,,,,,,,
215,2,PITCH_SWEEP,7.2,624053,19044.586181640625,4290,130.92041015625,7.638228438228438,165,5.035400390625,4125,125.885009765625,0,0.0,0x979B296F,0,512,384,0.0,2.0,1.5,0,0x04,0,0,0,1,0,0,0,0,1,0,,,,,,,,,,,,,,,,,,,,,,
216,2,PITCH_SWEEP,7.233333333333333,628365,19176.177978515625,4312,131.591796875,7.599257884972171,165,5.035400390625,4147,126.556396484375,0,0.0,0xF3A6ABD1,0,512,384,0.0,2.0,1.5,0,0x04,0,0,0,1,0,0,0,0,1,0,,,,,,,,,,,,,,,,,,,,,,
217,2,PITCH_SWEEP,7.266666666666667,632706,19308.65478515625,4341,132.476806640625,7.548491131075789,165,5.035400390625,4175,127.410888671875,1,0.030517578125,0x9C5D3DAB,0,512,384,0.0,2.0,1.5,0,0x04,0,0,0,1,0,0,0,0,1,0,,,,,,,,,,,,,,,,,,,,,,
218,2,PITCH_SWEEP,7.3,637082,19442.19970703125,4376,133.544921875,7.4881170018281535,165,5.035400390625,4210,128.47900390625,1,0.030517578125,0x776F84F5,0,512,384,0.0,2.0,1.5,0,0x04,0,0,0,1,0,0,0,0,1,0,,,,,,,,,,,,,,,,,,,,,,
219,2,PITCH_SWEEP,7.333333333333333,641373,19573.150634765625,4291,130.950927734375,7.6364483803309255,165,5.035400390625,4126,125.91552734375,0,0.0,0xDBF98667,0,512,384,0.0,2.0,1.5,0,0x04,0,0,0,1,0,0,0,0,1,0,,,,,,,,,,,,,,,,,,,,,,
220,2,PITCH_SWEEP,7.366666666666666,645648,19703.61328125,4275,130.462646484375,7.665029239766082,165,5.035400390625,4110,125.42724609375,0,0.0,0xC1D27A09,0,512,384,0.0,2.0,1.5,0,0x04,0,0,0,1,0,0,0,0,1,0,,,,,,,,,,,,,,,,,,,,,,
221,2,PITCH_SWEEP,7.4,650014,19836.85302734375,4366,133.23974609375,7.505267979844251,165,5.035400390625,4201,128.204345703125,0,0.0,0x390641B9,0,512,384,0.0,2.0,1.5,0,0x04,0,0,0,1,0,0,0,0,1,0,,,,,,,,,,,,,,,,,,,,,,
222,2,PITCH_SWEEP,7.433333333333334,654379,19970.062255859375,4365,133.209228515625,7.506987399770905,165,5.035400390625,4199,128.143310546875,1,0.030517578125,0x70322F27,0,512,384,0.0,2.0,1.5,0,0x04,0,0,0,1,0,0,0,0,1,0,,,,,,,,,,,,,,,,,,,,,,
223,2,PITCH_SWEEP,7.466666666666667,658699,20101.898193359375,4320,131.8359375,7.5851851851851855,164,5.0048828125,4155,126.800537109375,1,0.030517578125,0x9E5629C9,0,512,384,0.0,2.0,1.5,0,0x0C,0,0,0,1,1,0,0,0,1,0,,,,,,,,,,,,,,,,,,,,,,
224,3,PORTAL_FAR,7.5,663011,20233.489990234375,4312,131.591796875,7.599257884972171,157,4.791259765625,4155,126.800537109375,0,0.0,0x8A2F81AC,0,533,384,0.0,2.08203125,1.5,0,0x04,0,0,0,1,0,0,1,0,0,0,,,,,,,,,,,,,,,,,,,,,,
225,3,PORTAL_FAR,7.533333333333333,667343,20365.692138671875,4332,132.2021484375,7.564173591874423,157,4.791259765625,4175,127.410888671875,0,0.0,0xE25D7961,0,554,384,0.0,2.1640625,1.5,0,0x04,0,0,0,1,0,0,1,0,0,0,,,,,,,,,,,,,,,,,,,,,,
226,3,PORTAL_FAR,7.566666666666666,671677,20497.955322265625,4334,132.26318359375,7.560682971850484,157,4.791259765625,4177,127.471923828125,0,0.0,0x21F6AB56,0,575,384,0.0,2.24609375,1.5,0,0x04,0,0,0,1,0,0,1,0,0,0,,,,,,,,,,,,,,,,,,,,,,
227,3,PORTAL_FAR,7.6,676000,20629.8828125,4323,131.927490234375,7.579921350913717,157,4.791259765625,4166,127.13623046875,0,0.0,0xDF40AB83,0,596,384,0.0,2.328125,1.5,0,0x04,0,0,0,1,0,0,1,0,0,0,,,,,,,,,,,,,,,,,,,,,,
228,3,PORTAL_FAR,7.633333333333334,680318,20761.65771484375,4318,131.77490234375,7.58869847151459,157,4.791259765625,4161,126.983642578125,0,0.0,0xC8B687A0,0,617,384,0.0,2.41015625,1.5,0,0x04,0,0,0,1,0,0,1,0,0,0,,,,,,,,,,,,,,,,,,,,,,
229,3,PORTAL_FAR,7.666666666666667,684659,20894.134521484375,4341,132.476806640625,7.548491131075789,157,4.791259765625,4183,127.655029296875,1,0.030517578125,0x21711EA5,0,638,384,0.0,2.4921875,1.5,0,0x04,0,0,0,1,0,0,1,0,0,0,,,,,,,,,,,,,,,,,,,,,,
230,3,PORTAL_FAR,7.7,688997,21026.519775390625,4338,132.38525390625,7.553711387736284,157,4.791259765625,4181,127.593994140625,0,0.0,0xEF2709EA,0,659,384,0.0,2.57421875,1.5,0,0x04,0,0,0,1,0,0,1,0,0,0,,,,,,,,,,,,,,,,,,,,,,
231,3,PORTAL_FAR,7.733333333333333,693304,21157.958984375,4307,131.439208984375,7.608079869979104,157,4.791259765625,4150,126.64794921875,0,0.0,0xA681AE77,0,680,384,0.0,2.65625,1.5,0,0x04,0,0,0,1,0,0,1,0,0,0,,,,,,,,,,,,,,,,,,,,,,
232,3,PORTAL_FAR,7.766666666666667,697625,21289.825439453125,4321,131.866455078125,7.583429761629253,157,4.791259765625,4164,127.0751953125,0,0.0,0xC1415BE4,0,701,384,0.0,2.73828125,1.5,0,0x04,0,0,0,1,0,0,1,0,0,0,,,,,,,,,,,,,,,,,,,,,,
233,3,PORTAL_FAR,7.8,701933,21421.295166015625,4308,131.4697265625,7.606313834726091,157,4.791259765625,4151,126.678466796875,0,0.0,0x15562539,0,722,384,0.0,2.8203125,1.5,0,0x04,0,0,0,1,0,0,1,0,0,0,,,,,,,,,,,,,,,,,,,,,,
234,3,PORTAL_FAR,7.833333333333333,706238,21552.67333984375,4305,131.378173828125,7.611614401858304,157,4.791259765625,4148,126.5869140625,0,0.0,0x2E3AAF2E,0,743,384,0.0,2.90234375,1.5,0,0x04,0,0,0,1,0,0,1,0,0,0,,,,,,,,,,,,,,,,,,,,,,
235,3,PORTAL_FAR,7.866666666666666,710531,21683.685302734375,4293,131.011962890625,7.632890752387608,157,4.791259765625,4136,126.220703125,0,0.0,0x6A11B2BB,0,764,384,0.0,2.984375,1.5,0,0x04,0,0,0,1,0,0,1,0,0,0,,,,,,,,,,,,,,,,,,,,,,
236,3,PORTAL_FAR,7.9,714838,21815.12451171875,4307,131.439208984375,7.608079869979104,157,4.791259765625,4149,126.617431640625,1,0.030517578125,0x98AF8E0D,0,785,384,0.0,3.06640625,1.5,0,0x04,0,0,0,1,0,0,1,0,0,0,,,,,,,,,,,,,,,,,,,,,,
237,3,PORTAL_FAR,7.933333333333334,719152,21946.77734375,4314,131.65283203125,7.595734816875289,156,4.7607421875,4158,126.89208984375,0,0.0,0x3C798CE8,0,806,384,0.0,3.1484375,1.5,0,0x04,0,0,0,1,0,0,1,0,0,0,,,,,,,,,,,,,,,,,,,,,,
238,3,PORTAL_FAR,7.966666666666667,723364,22075.3173828125,4212,128.5400390625,7.779677113010447,157,4.791259765625,4055,123.748779296875,0,0.0,0xE5941D8F,0,827,384,0.0,3.23046875,1.5,0,0x04,0,0,0,1,0,0,1,0,0,0,,,,,,,,,,,,,,,,,,,,,,
239,3,PORTAL_FAR,8.0,727588,22204.2236328125,4224,128.90625,7.757575757575758,157,4.791259765625,4067,124.114990234375,0,0.0,0xB6B9C662,0,848,384,0.0,3.3125,1.5,0,0x04,0,0,0,1,0,0,1,0,0,0,,,,,,,,,,,,,,,,,,,,,,
240,3,PORTAL_FAR,8.033333333333333,731819,22333.343505859375,4231,129.119873046875,7.744741195934767,157,4.791259765625,4073,124.298095703125,1,0.030517578125,0xD8E4F351,0,869,384,0.0,3.39453125,1.5,0,0x04,0,0,0,1,0,0,1,0,0,0,,,,,,,,,,,,,,,,,,,,,,
241,3,PORTAL_FAR,8.066666666666666,736047,22462.371826171875,4228,129.0283203125,7.750236518448439,157,4.791259765625,4071,124.237060546875,0,0.0,0x6E5527DC,0,890,384,0.0,3.4765625,1.5,0,0x04,0,0,0,1,0,0,1,0,0,0,,,,,,,,,,,,,,,,,,,,,,
242,3,PORTAL_FAR,8.1,740264,22591.064453125,4217,128.692626953125,7.770452928622244,157,4.791259765625,4059,123.870849609375,1,0.030517578125,0x41C83353,0,911,384,0.0,3.55859375,1.5,0,0x04,0,0,0,1,0,0,1,0,0,0,,,,,,,,,,,,,,,,,,,,,,
243,3,PORTAL_FAR,8.133333333333333,744420,22717.8955078125,4156,126.8310546875,7.884504331087585,157,4.791259765625,3999,122.039794921875,0,0.0,0xF40E8226,0,932,384,0.0,3.640625,1.5,0,0x04,0,0,0,1,0,0,1,0,0,0,,,,,,,,,,,,,,,,,,,,,,
244,3,PORTAL_FAR,8.166666666666666,748577,22844.757080078125,4157,126.861572265625,7.882607649747414,157,4.791259765625,3999,122.039794921875,1,0.030517578125,0x48B41C45,0,953,384,0.0,3.72265625,1.5,0,0x04,0,0,0,1,0,0,1,0,0,0,,,,,,,,,,,,,,,,,,,,,,
245,3,PORTAL_FAR,8.2,752722,22971.25244140625,4145,126.495361328125,7.905428226779252,156,4.7607421875,3989,121.734619140625,0,0.0,0xD734A8A0,0,974,384,0.0,3.8046875,1.5,0,0x04,0,0,0,1,0,0,1,0,0,0,,,,,,,,,,,,,,,,,,,,,,
246,3,PORTAL_FAR,8.233333333333333,756878,23098.08349609375,4156,126.8310546875,7.884504331087585,157,4.791259765625,3998,122.00927734375,1,0.030517578125,0xCA13AD67,0,995,384,0.0,3.88671875,1.5,0,0x04,0,0,0,1,0,0,1,0,0,0,,,,,,,,,,,,,,,,,,,,,,
247,3,PORTAL_FAR,8.266666666666667,761034,23224.91455078125,4156,126.8310546875,7.884504331087585,156,4.7607421875,3999,122.039794921875,1,0.030517578125,0x67B1739A,0,1016,384,0.0,3.96875,1.5,0,0x04,0,0,0,1,0,0,1,0,0,0,,,,,,,,,,,,,,,,,,,,,,
248,3,PORTAL_FAR,8.3,765261,23353.912353515625,4227,128.997802734375,7.752070026023184,157,4.791259765625,4070,124.20654296875,0,0.0,0xA1481F06,0,1037,384,0.0,4.05078125,1.5,0,0x04,0,0,0,1,0,0,1,0,0,0,,,,,,,,,,,,,,,,,,,,,,
249,3,PORTAL_FAR,8.333333333333334,769496,23483.154296875,4235,129.241943359375,7.737426210153483,157,4.791259765625,4077,124.420166015625,1,0.030517578125,0xEFFF61B3,0,1058,384,0.0,4.1328125,1.5,0,0x04,0,0,0,1,0,0,1,0,0,0,,,,,,,,,,,,,,,,,,,,,,
250,3,PORTAL_FAR,8.366666666666667,773718,23611.99951171875,4222,128.84521484375,7.761250592136428,157,4.791259765625,4064,124.0234375,1,0.030517578125,0x0292F82C,0,1079,384,0.0,4.21484375,1.5,0,0x04,0,0,0,1,0,0,1,0,0,0,,,,,,,,,,,,,,,,,,,,,,
251,3,PORTAL_FAR,8.4,777775,23735.809326171875,4057,123.809814453125,8.076904116342124,157,4.791259765625,3899,118.988037109375,1,0.030517578125,0x0E050D61,0,1100,384,0.0,4.296875,1.5,0,0x04,0,0,0,1,0,0,1,0,0,0,,,,,,,,,,,,,,,,,,,,,,
252,3,PORTAL_FAR,8.433333333333334,780780,23827.5146484375,3005,91.705322265625,10.904492512479202,157,4.791259765625,2847,86.883544921875,1,0.030517578125,0x42376622,0,1121,384,0.0,4.37890625,1.5,0,0x04,0,0,0,1,0,0,1,0,0,0,,,,,,,,,,,,,,,,,,,,,,
253,3,PORTAL_FAR,8.466666666666667,783784,23919.189453125,3004,91.6748046875,10.908122503328896,157,4.791259765625,2847,86.883544921875,0,0.0,0xD22FBA7F,0,1142,384,0.0,4.4609375,1.5,0,0x04,0,0,0,1,0,0,1,0,0,0,,,,,,,,,,,,,,,,,,,,,,
254,3,PORTAL_FAR,8.5,786795,24011.077880859375,3011,91.888427734375,10.882763201594155,157,4.791259765625,2854,87.09716796875,0,0.0,0x7259FE18,0,1163,384,0.0,4.54296875,1.5,0,0x06,1,1,0,1,0,0,1,0,0,0,87.0361328125,0.0,0.213623046875,17.791748046875,6.317138671875,1.434326171875,5.035400390625,42.6025390625,0.0,13.0615234375,0.579833984375,0,0,0,0,0,0,0,0,0,0,0
255,3,PORTAL_FAR,8.533333333333333,789806,24102.96630859375,3011,91.888427734375,10.882763201594155,157,4.791259765625,2854,87.09716796875,0,0.0,0xCE60C26D,0,1184,384,0.0,4.625,1.5,0,0x04,0,0,0,1,0,0,1,0,0,0,,,,,,,,,,,,,,,,,,,,,,
256,3,PORTAL_FAR,8.566666666666666,792729,24192.169189453125,2923,89.202880859375,11.210400273691413,157,4.791259765625,2765,84.381103515625,1,0.030517578125,0xA69ACC5E,0,1205,384,0.0,4.70703125,1.5,0,0x04,0,0,0,1,0,0,1,0,0,0,,,,,,,,,,,,,,,,,,,,,,
257,3,PORTAL_FAR,8.6,795440,24274.90234375,2711,82.733154296875,12.087052748063446,156,4.7607421875,2555,77.972412109375,0,0.0,0xEA84E66B,0,1226,384,0.0,4.7890625,1.5,0,0x04,0,0,0,1,0,0,1,0,0,0,,,,,,,,,,,,,,,,,,,,,,
258,3,PORTAL_FAR,8.633333333333333,798166,24358.09326171875,2726,83.19091796875,12.020542920029348,157,4.791259765625,2568,78.369140625,1,0.030517578125,0xECE8EFE4,0,1247,384,0.0,4.87109375,1.5,0,0x04,0,0,0,1,0,0,1,0,0,0,,,,,,,,,,,,,,,,,,,,,,
259,3,PORTAL_FAR,8.666666666666666,800893,24441.314697265625,2727,83.221435546875,12.016134946828016,157,4.791259765625,2570,78.43017578125,0,0.0,0x96B259B9,0,1268,384,0.0,4.953125,1.5,0,0x04,0,0,0,1,0,0,1,0,0,0,,,,,,,,,,,,,,,,,,,,,,
260,3,PORTAL_FAR,8.7,803610,24524.23095703125,2717,82.916259765625,12.060360691939639,157,4.791259765625,2560,78.125,0,0.0,0xAD36C447,0,1289,384,0.0,5.03515625,1.5,0,0x04,0,0,0,1,0,0,1,0,0,0,,,,,,,,,,,,,,,,,,,,,,
261,3,PORTAL_FAR,8.733333333333333,806336,24607.421875,2726,83.19091796875,12.020542920029348,157,4.791259765625,2568,78.369140625,1,0.030517578125,0x3B78C54A,0,1310,384,0.0,5.1171875,1.5,0,0x04,0,0,0,1,0,0,1,0,0,0,,,,,,,,,,,,,,,,,,,,,,
262,3,PORTAL_FAR,8.766666666666667,809074,24690.97900390625,2738,83.55712890625,11.967859751643536,157,4.791259765625,2581,78.765869140625,0,0.0,0xF990F785,0,1331,384,0.0,5.19921875,1.5,0,0x04,0,0,0,1,0,0,1,0,0,0,,,,,,,,,,,,,,,,,,,,,,
263,3,PORTAL_FAR,8.8,811814,24774.59716796875,2740,83.6181640625,11.95912408759124,157,4.791259765625,2582,78.79638671875,1,0.030517578125,0xB7CC6310,0,1352,384,0.0,5.28125,1.5,0,0x04,0,0,0,1,0,0,1,0,0,0,,,,,,,,,,,,,,,,,,,,,,
264,3,PORTAL_FAR,8.833333333333334,814550,24858.09326171875,2736,83.49609375,11.976608187134502,156,4.7607421875,2580,78.7353515625,0,0.0,0xA51AF683,0,1373,384,0.0,5.36328125,1.5,0,0x04,0,0,0,1,0,0,1,0,0,0,,,,,,,,,,,,,,,,,,,,,,
265,3,PORTAL_FAR,8.866666666666667,817288,24941.650390625,2738,83.55712890625,11.967859751643536,157,4.791259765625,2581,78.765869140625,0,0.0,0x437F0B56,0,1394,384,0.0,5.4453125,1.5,0,0x04,0,0,0,1,0,0,1,0,0,0,,,,,,,,,,,,,,,,,,,,,,
266,3,PORTAL_FAR,8.9,820017,25024.932861328125,2729,83.282470703125,12.007328691828508,157,4.791259765625,2572,78.4912109375,0,0.0,0xC5DAB451,0,1415,384,0.0,5.52734375,1.5,0,0x04,0,0,0,1,0,0,1,0,0,0,,,,,,,,,,,,,,,,,,,,,,
267,3,PORTAL_FAR,8.933333333333334,822719,25107.391357421875,2702,82.45849609375,12.127313101406365,157,4.791259765625,2544,77.63671875,1,0.030517578125,0x5B4AE8DC,0,1436,384,0.0,5.609375,1.5,0,0x04,0,0,0,1,0,0,1,0,0,0,,,,,,,,,,,,,,,,,,,,,,
268,3,PORTAL_FAR,8.966666666666667,825395,25189.056396484375,2676,81.6650390625,12.245142002989537,157,4.791259765625,2519,76.873779296875,0,0.0,0x521ED99F,0,1457,384,0.0,5.69140625,1.5,0,0x04,0,0,0,1,0,0,1,0,0,0,,,,,,,,,,,,,,,,,,,,,,
269,3,PORTAL_FAR,9.0,828073,25270.782470703125,2678,81.72607421875,12.235997012696043,157,4.791259765625,2520,76.904296875,1,0.030517578125,0x50B58722,0,1478,384,0.0,5.7734375,1.5,0,0x04,0,0,0,1,0,0,1,0,0,0,,,,,,,,,,,,,,,,,,,,,,
270,3,PORTAL_FAR,9.033333333333333,830745,25352.325439453125,2672,81.54296875,12.263473053892216,157,4.791259765625,2514,76.72119140625,1,0.030517578125,0x61C697BD,0,1499,384,0.0,5.85546875,1.5,0,0x04,0,0,0,1,0,0,1,0,0,0,,,,,,,,,,,,,,,,,,,,,,
271,3,PORTAL_FAR,9.066666666666666,833416,25433.837890625,2671,81.512451171875,12.268064395357545,157,4.791259765625,2514,76.72119140625,0,0.0,0xB4265268,0,1520,384,0.0,5.9375,1.5,0,0x04,0,0,0,1,0,0,1,0,0,0,,,,,,,,,,,,,,,,,,,,,,
272,3,PORTAL_FAR,9.1,836082,25515.19775390625,2666,81.35986328125,12.291072768192048,157,4.791259765625,2509,76.568603515625,0,0.0,0xFC700458,0,1541,384,0.0,6.01953125,1.5,0,0x04,0,0,0,1,0,0,1,0,0,0,,,,,,,,,,,,,,,,,,,,,,
273,3,PORTAL_FAR,9.133333333333333,838737,25596.221923828125,2655,81.024169921875,12.341996233521657,157,4.791259765625,2498,76.23291015625,0,0.0,0x5E89D90D,0,1562,384,0.0,6.1015625,1.5,0,0x04,0,0,0,1,0,0,1,0,0,0,,,,,,,,,,,,,,,,,,,,,,
274,3,PORTAL_FAR,9.166666666666666,841384,25677.001953125,2647,80.780029296875,12.379297317718171,157,4.791259765625,2490,75.98876953125,0,0.0,0x6BEE3C0A,0,1583,384,0.0,6.18359375,1.5,0,0x04,0,0,0,1,0,0,1,0,0,0,,,,,,,,,,,,,,,,,,,,,,
275,3,PORTAL_FAR,9.2,844018,25757.38525390625,2634,80.38330078125,12.44039483675019,157,4.791259765625,2477,75.592041015625,0,0.0,0xEAA784B7,0,1604,384,0.0,6.265625,1.5,0,0x04,0,0,0,1,0,0,1,0,0,0,,,,,,,,,,,,,,,,,,,,,,
276,3,PORTAL_FAR,9.233333333333333,846652,25837.7685546875,2634,80.38330078125,12.44039483675019,157,4.791259765625,2476,75.5615234375,1,0.030517578125,0xCD80AA54,0,1625,384,0.0,6.34765625,1.5,0,0x04,0,0,0,1,0,0,1,0,0,0,,,,,,,,,,,,,,,,,,,,,,
277,3,PORTAL_FAR,9.266666666666667,849284,25918.0908203125,2632,80.322265625,12.44984802431611,157,4.791259765625,2475,75.531005859375,0,0.0,0x49B2EFD9,0,1646,384,0.0,6.4296875,1.5,0,0x04,0,0,0,1,0,0,1,0,0,0,,,,,,,,,,,,,,,,,,,,,,
278,3,PORTAL_FAR,9.3,851905,25998.077392578125,2621,79.986572265625,12.502098435711561,157,4.791259765625,2463,75.164794921875,1,0.030517578125,0xC0B06496,0,1667,384,0.0,6.51171875,1.5,0,0x04,0,0,0,1,0,0,1,0,0,0,,,,,,,,,,,,,,,,,,,,,,
279,3,PORTAL_FAR,9.333333333333334,854501,26077.301025390625,2596,79.2236328125,12.622496147919877,156,4.7607421875,2440,74.462890625,0,0.0,0xA72A6D23,0,1688,384,0.0,6.59375,1.5,0,0x0C,0,0,0,1,1,0,1,0,0,0,,,,,,,,,,,,,,,,,,,,,,
280,4,PORTAL_NEAR,9.366666666666667,857045,26154.937744140625,2544,77.63671875,12.880503144654089,157,4.791259765625,2387,72.845458984375,0,0.0,0x62A14290,0,1709,384,0.0,6.67578125,1.5,0,0x04,0,0,0,1,0,0,1,0,0,0,,,,,,,,,,,,,,,,,,,,,,
281,4,PORTAL_NEAR,9.4,859590,26232.60498046875,2545,77.667236328125,12.875442043222003,157,4.791259765625,2387,72.845458984375,1,0.030517578125,0xB6B60BE5,0,1730,384,0.0,6.7578125,1.5,0,0x04,0,0,0,1,0,0,1,0,0,0,,,,,,,,,,,,,,,,,,,,,,
282,4,PORTAL_NEAR,9.433333333333334,862141,26310.455322265625,2551,77.850341796875,12.84515876127009,156,4.7607421875,2395,73.089599609375,0,0.0,0x645005E2,0,1751,384,0.0,6.83984375,1.5,0,0x04,0,0,0,1,0,0,1,0,0,0,,,,,,,,,,,,,,,,,,,,,,
283,4,PORTAL_NEAR,9.466666666666667,864692,26388.3056640625,2551,77.850341796875,12.84515876127009,157,4.791259765625,2394,73.05908203125,0,0.0,0x00039F6F,0,1772,384,0.0,6.921875,1.5,0,0x04,0,0,0,1,0,0,1,0,0,0,,,,,,,,,,,,,,,,,,,,,,
284,4,PORTAL_NEAR,9.5,867477,26473.297119140625,2785,84.991455078125,11.765888689407541,157,4.791259765625,2628,80.2001953125,0,0.0,0xD120EC41,0,1793,384,0.0,7.00390625,1.5,0,0x04,0,0,0,1,0,0,1,0,0,0,,,,,,,,,,,,,,,,,,,,,,
285,4,PORTAL_NEAR,9.533333333333333,870270,26558.53271484375,2793,85.235595703125,11.73218761188686,157,4.791259765625,2636,80.4443359375,0,0.0,0x73C92B1C,0,1814,384,0.0,7.0859375,1.5,0,0x04,0,0,0,1,0,0,1,0,0,0,,,,,,,,,,,,,,,,,,,,,,
286,4,PORTAL_NEAR,9.566666666666666,873064,26643.798828125,2794,85.26611328125,11.727988546886184,157,4.791259765625,2637,80.474853515625,0,0.0,0x60CD5E3B,0,1835,384,0.0,7.16796875,1.5,0,0x04,0,0,0,1,0,0,1,0,0,0,,,,,,,,,,,,,,,,,,,,,,
287,4,PORTAL_NEAR,9.6,875861,26729.156494140625,2797,85.357666015625,11.71540936717912,157,4.791259765625,2640,80.56640625,0,0.0,0x32E6260E,0,1856,384,0.0,7.25,1.5,0,0x04,0,0,0,1,0,0,1,0,0,0,,,,,,,,,,,,,,,,,,,,,,
288,4,PORTAL_NEAR,9.633333333333333,878657,26814.483642578125,2796,85.3271484375,11.719599427753934,157,4.791259765625,2639,80.535888671875,0,0.0,0xCFA1D4FD,0,1877,384,0.0,7.33203125,1.5,0,0x04,0,0,0,1,0,0,1,0,0,0,,,,,,,,,,,,,,,,,,,,,,
289,4,PORTAL_NEAR,9.666666666666666,880396,26867.5537109375,1739,53.070068359375,18.84301322599195,157,4.791259765625,1582,48.27880859375,0,0.0,0x6726E888,0,1898,384,0.0,7.4140625,1.5,0,0x04,0,0,0,1,0,0,1,0,0,0,,,,,,,,,,,,,,,,,,,,,,
290,4,PORTAL_NEAR,9.7,882071,26918.670654296875,1675,51.116943359375,19.562985074626866,157,4.791259765625,1517,46.295166015625,1,0.030517578125,0x20263787,0,1919,384,0.0,7.49609375,1.5,0,0x04,0,0,0,1,0,0,1,0,0,0,,,,,,,,,,,,,,,,,,,,,,
291,4,PORTAL_NEAR,9.733333333333333,883746,26969.78759765625,1675,51.116943359375,19.562985074626866,157,4.791259765625,1517,46.295166015625,1,0.030517578125,0x5AE10ADA,0,1940,384,0.0,7.578125,1.5,0,0x04,0,0,0,1,0,0,1,0,0,0,,,,,,,,,,,,,,,,,,,,,,
292,4,PORTAL_NEAR,9.766666666666667,885433,27021.270751953125,1687,51.483154296875,19.423829282750443,157,4.791259765625,1529,46.661376953125,1,0.030517578125,0x5A29A9F9,0,1961,384,0.0,7.66015625,1.5,0,0x04,0,0,0,1,0,0,1,0,0,0,,,,,,,,,,,,,,,,,,,,,,
293,4,PORTAL_NEAR,9.8,887120,27072.75390625,1687,51.483154296875,19.423829282750443,156,4.7607421875,1530,46.69189453125,1,0.030517578125,0x814E47D4,0,1982,384,0.0,7.7421875,1.5,0,0x04,0,0,0,1,0,0,1,0,0,0,,,,,,,,,,,,,,,,,,,,,,
294,4,PORTAL_NEAR,9.833333333333334,888807,27124.237060546875,1687,51.483154296875,19.423829282750443,157,4.791259765625,1530,46.69189453125,0,0.0,0x18426913,0,2003,384,0.0,7.82421875,1.5,0,0x04,0,0,0,1,0,0,1,0,0,0,,,,,,,,,,,,,,,,,,,,,,
295,4,PORTAL_NEAR,9.866666666666667,890507,27176.116943359375,1700,51.8798828125,19.275294117647057,157,4.791259765625,1542,47.05810546875,1,0.030517578125,0x5E6E5546,0,2024,384,0.0,7.90625,1.5,0,0x04,0,0,0,1,0,0,1,0,0,0,,,,,,,,,,,,,,,,,,,,,,
296,4,PORTAL_NEAR,9.9,892180,27227.1728515625,1673,51.055908203125,19.586371787208606,157,4.791259765625,1516,46.2646484375,0,0.0,0x80998235,0,2045,384,0.0,7.98828125,1.5,0,0x04,0,0,0,1,0,0,1,0,0,0,,,,,,,,,,,,,,,,,,,,,,
297,4,PORTAL_NEAR,9.933333333333334,893854,27278.25927734375,1674,51.08642578125,19.574671445639186,157,4.791259765625,1517,46.295166015625,0,0.0,0xB9B1BE5F,0,2066,384,0.0,8.0703125,1.5,0,0x04,0,0,0,1,0,0,1,0,0,0,,,,,,,,,,,,,,,,,,,,,,
298,4,PORTAL_NEAR,9.966666666666667,895541,27329.742431640625,1687,51.483154296875,19.423829282750443,157,4.791259765625,1529,46.661376953125,1,0.030517578125,0x2AD4C960,0,2087,384,0.0,8.15234375,1.5,0,0x04,0,0,0,1,0,0,1,0,0,0,,,,,,,,,,,,,,,,,,,,,,
299,4,PORTAL_NEAR,10.0,897239,27381.561279296875,1698,51.81884765625,19.297997644287396,157,4.791259765625,1541,47.027587890625,0,0.0,0xBFF5AA95,0,2108,384,0.0,8.234375,1.5,0,0x04,0,0,0,1,0,0,1,0,0,0,,,,,,,,,,,,,,,,,,,,,,
300,4,PORTAL_NEAR,10.033333333333333,898949,27433.746337890625,1710,52.18505859375,19.162573099415205,157,4.791259765625,1553,47.393798828125,0,0.0,0x4D9E3F56,0,2129,384,0.0,8.31640625,1.5,0,0x04,0,0,0,1,0,0,1,0,0,0,,,,,,,,,,,,,,,,,,,,,,
301,4,PORTAL_NEAR,10.066666666666666,900691,27486.907958984375,1742,53.16162109375,18.810562571756602,157,4.791259765625,1585,48.370361328125,0,0.0,0xBABF1433,0,2150,384,0.0,8.3984375,1.5,0,0x04,0,0,0,1,0,0,1,0,0,0,,,,,,,,,,,,,,,,,,,,,,
302,4,PORTAL_NEAR,10.1,902446,27540.46630859375,1755,53.558349609375,18.67122507122507,157,4.791259765625,1597,48.736572265625,1,0.030517578125,0x9E77BAD4,0,2171,384,0.0,8.48046875,1.5,0,0x04,0,0,0,1,0,0,1,0,0,0,,,,,,,,,,,,,,,,,,,,,,
303,4,PORTAL_NEAR,10.133333333333333,904212,27594.3603515625,1766,53.89404296875,18.55492638731597,156,4.7607421875,1609,49.102783203125,1,0.030517578125,0xBBB1AF29,0,2192,384,0.0,8.5625,1.5,0,0x04,0,0,0,1,0,0,1,0,0,0,,,,,,,,,,,,,,,,,,,,,,
304,4,PORTAL_NEAR,10.166666666666666,905989,27648.590087890625,1777,54.229736328125,18.440067529544176,156,4.7607421875,1621,49.468994140625,0,0.0,0x4629139A,0,2213,384,0.0,8.64453125,1.5,0,0x04,0,0,0,1,0,0,1,0,0,0,,,,,,,,,,,,,,,,,,,,,,
305,4,PORTAL_NEAR,10.2,907778,27703.18603515625,1789,54.595947265625,18.3163778647289,157,4.791259765625,1632,49.8046875,0,0.0,0xB2BD4927,0,2234,384,0.0,8.7265625,1.5,0,0x04,0,0,0,1,0,0,1,0,0,0,,,,,,,,,,,,,,,,,,,,,,
306,4,PORTAL_NEAR,10.233333333333333,909171,27745.697021484375,1393,42.510986328125,23.52333094041637,157,4.791259765625,1236,37.7197265625,0,0.0,0x75A50988,0,2255,384,0.0,8.80859375,1.5,0,0x04,0,0,0,1,0,0,1,0,0,0,,,,,,,,,,,,,,,,,,,,,,
307,4,PORTAL_NEAR,10.266666666666667,910566,27788.26904296875,1395,42.572021484375,23.489605734767025,157,4.791259765625,1237,37.750244140625,1,0.030517578125,0x3350AD5D,0,2276,384,0.0,8.890625,1.5,0,0x04,0,0,0,1,0,0,1,0,0,0,,,,,,,,,,,,,,,,,,,,,,
308,4,PORTAL_NEAR,10.3,911963,27830.902099609375,1397,42.633056640625,23.45597709377237,156,4.7607421875,1240,37.841796875,1,0.030517578125,0x69A6C0FE,0,2297,384,0.0,8.97265625,1.5,0,0x04,0,0,0,1,0,0,1,0,0,0,,,,,,,,,,,,,,,,,,,,,,
309,4,PORTAL_NEAR,10.333333333333334,913360,27873.53515625,1397,42.633056640625,23.45597709377237,157,4.791259765625,1240,37.841796875,0,0.0,0x366CD1EE,0,2318,384,0.0,9.0546875,1.5,0,0x04,0,0,0,1,0,0,1,0,0,0,,,,,,,,,,,,,,,,,,,,,,
310,4,PORTAL_NEAR,10.366666666666667,914757,27916.168212890625,1397,42.633056640625,23.45597709377237,157,4.791259765625,1240,37.841796875,0,0.0,0xC3435431,0,2339,384,0.0,9.13671875,1.5,0,0x04,0,0,0,1,0,0,1,0,0,0,,,,,,,,,,,,,,,,,,,,,,
311,4,PORTAL_NEAR,10.4,916153,27958.770751953125,1396,42.6025390625,23.472779369627506,157,4.791259765625,1239,37.811279296875,0,0.0,0xCF5C623C,0,2360,384,0.0,9.21875,1.5,0,0x04,0,0,0,1,0,0,1,0,0,0,,,,,,,,,,,,,,,,,,,,,,
312,4,PORTAL_NEAR,10.433333333333334,917550,28001.40380859375,1397,42.633056640625,23.45597709377237,157,4.791259765625,1240,37.841796875,0,0.0,0xF349B22F,0,2381,384,0.0,9.30078125,1.5,0,0x06,1,1,0,1,0,0,1,0,0,0,37.811279296875,0.030517578125,7.171630859375,0.0,0.0,0.0,16.29638671875,0.67138671875,0.0,13.0615234375,0.579833984375,0,0,0,0,0,0,0,0,0,0,0
313,4,PORTAL_NEAR,10.466666666666667,918946,28044.00634765625,1396,42.6025390625,23.472779369627506,157,4.791259765625,1239,37.811279296875,0,0.0,0xB5BF8E02,0,2402,384,0.0,9.3828125,1.5,0,0x04,0,0,0,1,0,0,1,0,0,0,,,,,,,,,,,,,,,,,,,,,,
314,4,PORTAL_NEAR,10.5,920343,28086.639404296875,1397,42.633056640625,23.45597709377237,157,4.791259765625,1239,37.811279296875,1,0.030517578125,0xC450AA05,0,2423,384,0.0,9.46484375,1.5,0,0x04,0,0,0,1,0,0,1,0,0,0,,,,,,,,,,,,,,,,,,,,,,
315,4,PORTAL_NEAR,10.533333333333333,921739,28129.241943359375,1396,42.6025390625,23.472779369627506,156,4.7607421875,1239,37.811279296875,1,0.030517578125,0x6CC07690,0,2444,384,0.0,9.546875,1.5,0,0x0C,0,0,0,1,1,0,1,0,0,0,,,,,,,,,,,,,,,,,,,,,,
316,5,CROSS_DOWN,10.566666666666666,923135,28171.844482421875,1396,42.6025390625,23.472779369627506,157,4.791259765625,1238,37.78076171875,1,0.030517578125,0x12BF43D3,0,2465,384,0.0,9.62890625,1.5,0,0x06,1,1,0,1,0,0,1,0,0,0,37.750244140625,0.030517578125,7.14111328125,0.0,0.0,0.0,16.265869140625,0.67138671875,0.0,13.0615234375,0.579833984375,0,0,0,0,0,0,0,0,0,0,0
317,5,CROSS_DOWN,10.6,924461,28212.310791015625,1326,40.46630859375,24.71191553544495,156,4.7607421875,1170,35.70556640625,0,0.0,0xF8731ED6,0,2486,384,0.0,9.7109375,1.5,0,0x04,0,0,0,1,0,0,1,0,0,0,,,,,,,,,,,,,,,,,,,,,,
318,5,CROSS_DOWN,10.633333333333333,926411,28271.820068359375,1950,59.50927734375,16.804102564102564,1161,35.430908203125,789,24.078369140625,0,0.0,0x55DB212F,3072,1282,1189,12.0,5.0078125,4.64453125,1,0x05,0,0,1,1,0,0,1,0,0,0,,,,,,,,,,,,,,,,,,,,,,
319,5,CROSS_DOWN,10.666666666666666,927349,28300.445556640625,938,28.62548828125,34.933901918976545,149,4.547119140625,789,24.078369140625,0,0.0,0x2C3FE3A2,3071,1261,1165,11.99609375,4.92578125,4.55078125,1,0x0C,0,0,0,1,1,0,1,0,0,0,,,,,,,,,,,,,,,,,,,,,,
320,6,RETURN_UP,10.7,928297,28329.376220703125,948,28.9306640625,34.565400843881854,147,4.486083984375,801,24.444580078125,0,0.0,0xE58885F5,3071,1261,1165,11.99609375,4.92578125,4.55078125,1,0x14,0,0,0,1,0,1,0,0,0,1,,,,,,,,,,,,,,,,,,,,,,
321,6,RETURN_UP,10.733333333333333,929246,28358.33740234375,949,28.961181640625,34.52897787144362,148,4.5166015625,801,24.444580078125,0,0.0,0x64268D6D,3071,1261,1165,11.99609375,4.92578125,4.55078125,1,0x10,0,0,0,0,0,1,0,0,0,0,,,,,,,,,,,,,,,,,,,,,,
322,6,RETURN_UP,10.766666666666667,930194,28387.26806640625,948,28.9306640625,34.565400843881854,147,4.486083984375,801,24.444580078125,0,0.0,0x1F13C0A3,3071,1262,1186,11.99609375,4.9296875,4.6328125,1,0x14,0,0,0,1,0,1,-1,0,0,0,,,,,,,,,,,,,,,,,,,,,,
323,6,RETURN_UP,10.8,931237,28419.097900390625,1043,31.829833984375,31.417066155321187,147,4.486083984375,896,27.34375,0,0.0,0x456DF621,3071,1263,1207,11.99609375,4.93359375,4.71484375,1,0x14,0,0,0,1,0,1,-1,0,0,0,,,,,,,,,,,,,,,,,,,,,,
324,6,RETURN_UP,10.833333333333334,933521,28488.800048828125,2284,69.7021484375,14.34676007005254,1154,35.21728515625,1129,34.454345703125,1,0.030517578125,0xE3304181,1,2468,400,0.00390625,9.640625,1.5625,0,0x15,0,0,1,1,0,1,-1,0,0,0,,,,,,,,,,,,,,,,,,,,,,
325,6,RETURN_UP,10.866666666666667,934806,28528.01513671875,1285,39.215087890625,25.500389105058368,155,4.730224609375,1130,34.48486328125,0,0.0,0xF5333920,0,2447,399,0.0,9.55859375,1.55859375,0,0x14,0,0,0,1,0,1,-1,0,0,0,,,,,,,,,,,,,,,,,,,,,,
326,6,RETURN_UP,10.9,936054,28566.10107421875,1248,38.0859375,26.256410256410255,156,4.7607421875,1092,33.3251953125,0,0.0,0x5C77CA77,-1,2426,398,-0.00390625,9.4765625,1.5546875,0,0x14,0,0,0,1,0,1,-1,0,0,0,,,,,,,,,,,,,,,,,,,,,,
327,6,RETURN_UP,10.933333333333334,937418,28607.72705078125,1364,41.6259765625,24.023460410557185,156,4.7607421875,1207,36.834716796875,1,0.030517578125,0x2B5C216C,-2,2405,397,-0.0078125,9.39453125,1.55078125,0,0x14,0,0,0,1,0,1,-1,0,0,0,,,,,,,,,,,,,,,,,,,,,,
328,6,RETURN_UP,10.966666666666667,938781,28649.322509765625,1363,41.595458984375,24.041085840058695,155,4.730224609375,1207,36.834716796875,1,0.030517578125,0xF6398C29,-3,2384,396,-0.01171875,9.3125,1.546875,0,0x14,0,0,0,1,0,1,-1,0,0,0,,,,,,,,,,,,,,,,,,,,,,
329,6,RETURN_UP,11.0,940147,28691.009521484375,1366,41.68701171875,23.988286969253295,156,4.7607421875,1209,36.895751953125,1,0.030517578125,0xA4A3A3D6,-4,2363,395,-0.015625,9.23046875,1.54296875,0,0x1E,1,1,0,1,1,1,-1,0,0,0,36.834716796875,0.0,7.2021484375,0.0,0.0,0.0,14.95361328125,0.67138671875,0.0,13.0615234375,0.946044921875,0,0,0,0,0,0,0,0,0,0,0
330,7,LOD_RETREAT,11.033333333333333,941521,28732.940673828125,1374,41.93115234375,23.848617176128094,156,4.7607421875,1217,37.139892578125,1,0.030517578125,0xF56371FB,-5,2342,394,-0.01953125,9.1484375,1.5390625,0,0x14,0,0,0,1,0,1,-1,0,0,0,,,,,,,,,,,,,,,,,,,,,,
331,7,LOD_RETREAT,11.066666666666666,942924,28775.7568359375,1403,42.816162109375,23.355666429080543,156,4.7607421875,1246,38.02490234375,1,0.030517578125,0x7882CB50,-6,2321,393,-0.0234375,9.06640625,1.53515625,0,0x14,0,0,0,1,0,1,-1,0,0,0,,,,,,,,,,,,,,,,,,,,,,
332,7,LOD_RETREAT,11.1,944333,28818.756103515625,1409,42.999267578125,23.256210078069554,156,4.7607421875,1253,38.238525390625,0,0.0,0x1ABD154C,-7,2300,392,-0.02734375,8.984375,1.53125,0,0x14,0,0,0,1,0,1,-1,0,0,0,,,,,,,,,,,,,,,,,,,,,,
333,7,LOD_RETREAT,11.133333333333333,945742,28861.75537109375,1409,42.999267578125,23.256210078069554,156,4.7607421875,1252,38.2080078125,1,0.030517578125,0x4DB8A0AB,-8,2279,391,-0.03125,8.90234375,1.52734375,0,0x14,0,0,0,1,0,1,-1,0,0,0,,,,,,,,,,,,,,,,,,,,,,
334,7,LOD_RETREAT,11.166666666666666,947150,28904.72412109375,1408,42.96875,23.272727272727273,156,4.7607421875,1252,38.2080078125,0,0.0,0x1BD7CB8E,-9,2258,390,-0.03515625,8.8203125,1.5234375,0,0x14,0,0,0,1,0,1,-1,0,0,0,,,,,,,,,,,,,,,,,,,,,,
335,7,LOD_RETREAT,11.2,948957,28959.869384765625,1807,55.145263671875,18.133923630326507,156,4.7607421875,1651,50.384521484375,0,0.0,0x4C778345,-10,2237,389,-0.0390625,8.73828125,1.51953125,0,0x14,0,0,0,1,0,1,-1,0,0,0,,,,,,,,,,,,,,,,,,,,,,
336,7,LOD_RETREAT,11.233333333333333,950772,29015.2587890625,1815,55.389404296875,18.053994490358125,156,4.7607421875,1659,50.628662109375,0,0.0,0x06EDCEF0,-11,2216,388,-0.04296875,8.65625,1.515625,0,0x14,0,0,0,1,0,1,-1,0,0,0,,,,,,,,,,,,,,,,,,,,,,
337,7,LOD_RETREAT,11.266666666666667,952586,29070.61767578125,1814,55.35888671875,18.063947078280044,156,4.7607421875,1658,50.59814453125,0,0.0,0xC108F23F,-12,2195,387,-0.046875,8.57421875,1.51171875,0,0x14,0,0,0,1,0,1,-1,0,0,0,,,,,,,,,,,,,,,,,,,,,,
338,7,LOD_RETREAT,11.3,954406,29126.15966796875,1820,55.5419921875,18.004395604395604,156,4.7607421875,1664,50.78125,0,0.0,0xEB460C72,-13,2174,386,-0.05078125,8.4921875,1.5078125,0,0x16,1,1,0,1,0,1,-1,0,0,0,50.750732421875,0.0,0.18310546875,12.26806640625,3.41796875,2.0751953125,16.632080078125,2.13623046875,0.0,13.0615234375,0.9765625,0,0,0,0,0,0,0,0,0,0,0
339,7,LOD_RETREAT,11.333333333333334,956224,29181.640625,1818,55.48095703125,18.024202420242023,156,4.7607421875,1662,50.72021484375,0,0.0,0xC75B1FA9,-14,2153,385,-0.0546875,8.41015625,1.50390625,0,0x14,0,0,0,1,0,1,-1,0,0,0,,,,,,,,,,,,,,,,,,,,,,
340,7,LOD_RETREAT,11.366666666666667,958010,29236.14501953125,1786,54.50439453125,18.347144456886898,156,4.7607421875,1630,49.74365234375,0,0.0,0x551F57A4,-15,2132,384,-0.05859375,8.328125,1.5,0,0x14,0,0,0,1,0,1,-1,0,0,0,,,,,,,,,,,,,,,,,,,,,,
341,7,LOD_RETREAT,11.4,959762,29289.61181640625,1752,53.466796875,18.703196347031962,156,4.7607421875,1596,48.7060546875,0,0.0,0xA2C57EE3,-16,2111,383,-0.0625,8.24609375,1.49609375,0,0x14,0,0,0,1,0,1,-1,0,0,0,,,,,,,,,,,,,,,,,,,,,,
342,7,LOD_RETREAT,11.433333333333334,961500,29342.6513671875,1738,53.03955078125,18.85385500575374,156,4.7607421875,1582,48.27880859375,0,0.0,0x5D84EBA6,-17,2090,382,-0.06640625,8.1640625,1.4921875,0,0x14,0,0,0,1,0,1,-1,0,0,0,,,,,,,,,,,,,,,,,,,,,,
343,7,LOD_RETREAT,11.466666666666667,963242,29395.81298828125,1742,53.16162109375,18.810562571756602,156,4.7607421875,1585,48.370361328125,1,0.030517578125,0xA77A597D,-18,2069,381,-0.0703125,8.08203125,1.48828125,0,0x14,0,0,0,1,0,1,-1,0,0,0,,,,,,,,,,,,,,,,,,,,,,
344,7,LOD_RETREAT,11.5,964988,29449.0966796875,1746,53.28369140625,18.767468499427263,156,4.7607421875,1589,48.492431640625,1,0.030517578125,0x55E94EE8,-19,2048,380,-0.07421875,8.0,1.484375,0,0x14,0,0,0,1,0,1,-1,0,0,0,,,,,,,,,,,,,,,,,,,,,,
345,7,LOD_RETREAT,11.533333333333333,966730,29502.25830078125,1742,53.16162109375,18.810562571756602,156,4.7607421875,1585,48.370361328125,1,0.030517578125,0xAB3EB63C,-20,2027,379,-0.078125,7.91796875,1.48046875,0,0x14,0,0,0,1,0,1,-1,0,0,0,,,,,,,,,,,,,,,,,,,,,,
346,7,LOD_RETREAT,11.566666666666666,968472,29555.419921875,1742,53.16162109375,18.810562571756602,155,4.730224609375,1586,48.40087890625,1,0.030517578125,0x78FA7859,-21,2006,378,-0.08203125,7.8359375,1.4765625,0,0x14,0,0,0,1,0,1,-1,0,0,0,,,,,,,,,,,,,,,,,,,,,,
347,7,LOD_RETREAT,11.6,970201,29608.184814453125,1729,52.764892578125,18.951995373048003,155,4.730224609375,1574,48.03466796875,0,0.0,0xE7DBE762,-22,1985,377,-0.0859375,7.75390625,1.47265625,0,0x14,0,0,0,1,0,1,-1,0,0,0,,,,,,,,,,,,,,,,,,,,,,
348,7,LOD_RETREAT,11.633333333333333,971931,29660.980224609375,1730,52.79541015625,18.941040462427747,156,4.7607421875,1574,48.03466796875,0,0.0,0x385BD137,-23,1964,376,-0.08984375,7.671875,1.46875,0,0x14,0,0,0,1,0,1,-1,0,0,0,,,,,,,,,,,,,,,,,,,,,,
349,7,LOD_RETREAT,11.666666666666666,973649,29713.409423828125,1718,52.42919921875,19.073341094295692,156,4.7607421875,1561,47.637939453125,1,0.030517578125,0x357E8788,-24,1943,375,-0.09375,7.58984375,1.46484375,0,0x14,0,0,0,1,0,1,-1,0,0,0,,,,,,,,,,,,,,,,,,,,,,
350,7,LOD_RETREAT,11.7,975367,29765.838623046875,1718,52.42919921875,19.073341094295692,156,4.7607421875,1561,47.637939453125,1,0.030517578125,0xDF9E50B5,-25,1922,374,-0.09765625,7.5078125,1.4609375,0,0x14,0,0,0,1,0,1,-1,0,0,0,,,,,,,,,,,,,,,,,,,,,,
351,7,LOD_RETREAT,11.733333333333333,977331,29825.775146484375,1964,59.9365234375,16.684317718940935,155,4.730224609375,1808,55.17578125,1,0.030517578125,0xE76B625E,-26,1901,373,-0.1015625,7.42578125,1.45703125,0,0x14,0,0,0,1,0,1,-1,0,0,0,,,,,,,,,,,,,,,,,,,,,,
352,7,LOD_RETREAT,11.766666666666667,979568,29894.04296875,2237,68.267822265625,14.648189539561914,155,4.730224609375,2082,63.53759765625,0,0.0,0x95527963,-27,1880,372,-0.10546875,7.34375,1.453125,0,0x14,0,0,0,1,0,1,-1,0,0,0,,,,,,,,,,,,,,,,,,,,,,
353,7,LOD_RETREAT,11.8,982074,29970.52001953125,2506,76.47705078125,13.075818036711892,156,4.7607421875,2349,71.685791015625,1,0.030517578125,0x8E13BCD4,-28,1859,371,-0.109375,7.26171875,1.44921875,0,0x14,0,0,0,1,0,1,-1,0,0,0,,,,,,,,,,,,,,,,,,,,,,
354,7,LOD_RETREAT,11.833333333333334,984853,30055.328369140625,2779,84.808349609375,11.791291831594098,156,4.7607421875,2622,80.01708984375,1,0.030517578125,0xD14DDB71,-29,1838,370,-0.11328125,7.1796875,1.4453125,0,0x14,0,0,0,1,0,1,-1,0,0,0,,,,,,,,,,,,,,,,,,,,,,
355,7,LOD_RETREAT,11.866666666666667,987641,30140.411376953125,2788,85.0830078125,11.7532281205165,155,4.730224609375,2633,80.352783203125,0,0.0,0x68E66BFA,-30,1817,369,-0.1171875,7.09765625,1.44140625,0,0x14,0,0,0,1,0,1,-1,0,0,0,,,,,,,,,,,,,,,,,,,,,,
356,7,LOD_RETREAT,11.9,990327,30222.381591796875,2686,81.97021484375,12.199553239017126,156,4.7607421875,2530,77.20947265625,0,0.0,0xA61B072F,-31,1796,368,-0.12109375,7.015625,1.4375,0,0x14,0,0,0,1,0,1,-1,0,0,0,,,,,,,,,,,,,,,,,,,,,,
357,7,LOD_RETREAT,11.933333333333334,992950,30302.42919921875,2623,80.047607421875,12.492565764391918,156,4.7607421875,2467,75.286865234375,0,0.0,0x55966161,-32,1775,367,-0.125,6.93359375,1.43359375,0,0x14,0,0,0,1,0,1,-1,0,0,0,,,,,,,,,,,,,,,,,,,,,,
358,7,LOD_RETREAT,11.966666666666667,995575,30382.537841796875,2625,80.108642578125,12.48304761904762,156,4.7607421875,2469,75.347900390625,0,0.0,0x2A16FA7C,-33,1754,366,-0.12890625,6.8515625,1.4296875,0,0x14,0,0,0,1,0,1,-1,0,0,0,,,,,,,,,,,,,,,,,,,,,,
359,7,LOD_RETREAT,12.0,998281,30465.118408203125,2706,82.58056640625,12.109386548410939,156,4.7607421875,2550,77.81982421875,0,0.0,0x7AF63907,-34,1733,365,-0.1328125,6.76953125,1.42578125,0,0x14,0,0,0,1,0,1,-1,0,0,0,,,,,,,,,,,,,,,,,,,,,,
360,7,LOD_RETREAT,12.033333333333333,1001002,30548.15673828125,2721,83.038330078125,12.04263138552003,156,4.7607421875,2564,78.2470703125,1,0.030517578125,0xD97A20BA,-35,1712,364,-0.13671875,6.6875,1.421875,0,0x14,0,0,0,1,0,1,-1,0,0,0,,,,,,,,,,,,,,,,,,,,,,
361,7,LOD_RETREAT,12.066666666666666,1003783,30633.026123046875,2781,84.869384765625,11.782811938151744,156,4.7607421875,2624,80.078125,1,0.030517578125,0x08A0658D,-36,1691,363,-0.140625,6.60546875,1.41796875,0,0x14,0,0,0,1,0,1,-1,0,0,0,,,,,,,,,,,,,,,,,,,,,,
362,7,LOD_RETREAT,12.1,1006593,30718.780517578125,2810,85.75439453125,11.661209964412812,156,4.7607421875,2653,80.963134765625,1,0.030517578125,0x3B2ED158,-37,1670,362,-0.14453125,6.5234375,1.4140625,0,0x14,0,0,0,1,0,1,-1,0,0,0,,,,,,,,,,,,,,,,,,,,,,
363,7,LOD_RETREAT,12.133333333333333,1009414,30804.87060546875,2821,86.090087890625,11.615739099610067,155,4.730224609375,2665,81.329345703125,1,0.030517578125,0x6FE1A9A3,-38,1649,361,-0.1484375,6.44140625,1.41015625,0,0x14,0,0,0,1,0,1,-1,0,0,0,,,,,,,,,,,,,,,,,,,,,,
364,7,LOD_RETREAT,12.166666666666666,1012243,30891.204833984375,2829,86.334228515625,11.582891481088724,155,4.730224609375,2673,81.573486328125,1,0.030517578125,0xF40E85E6,-39,1628,360,-0.15234375,6.359375,1.40625,0,0x14,0,0,0,1,0,1,-1,0,0,0,,,,,,,,,,,,,,,,,,,,,,
365,7,LOD_RETREAT,12.2,1014982,30974.79248046875,2739,83.587646484375,11.963490324936108,155,4.730224609375,2583,78.826904296875,1,0.030517578125,0x72D9B089,-40,1607,359,-0.15625,6.27734375,1.40234375,0,0x14,0,0,0,1,0,1,-1,0,0,0,,,,,,,,,,,,,,,,,,,,,,
366,7,LOD_RETREAT,12.233333333333333,1017755,31059.417724609375,2773,84.625244140625,11.81680490443563,155,4.730224609375,2618,79.89501953125,0,0.0,0x49A65404,-41,1586,358,-0.16015625,6.1953125,1.3984375,0,0x14,0,0,0,1,0,1,-1,0,0,0,,,,,,,,,,,,,,,,,,,,,,
367,7,LOD_RETREAT,12.266666666666667,1020477,31142.486572265625,2722,83.06884765625,12.038207200587802,156,4.7607421875,2565,78.277587890625,1,0.030517578125,0x0BBFB66F,-42,1565,357,-0.1640625,6.11328125,1.39453125,0,0x14,0,0,0,1,0,1,-1,0,0,0,,,,,,,,,,,,,,,,,,,,,,
368,7,LOD_RETREAT,12.3,1023208,31225.830078125,2731,83.343505859375,11.998535335042108,155,4.730224609375,2575,78.582763671875,1,0.030517578125,0x891258C2,-43,1544,356,-0.16796875,6.03125,1.390625,0,0x14,0,0,0,1,0,1,-1,0,0,0,,,,,,,,,,,,,,,,,,,,,,
369,7,LOD_RETREAT,12.333333333333334,1025968,31310.05859375,2760,84.228515625,11.872463768115942,155,4.730224609375,2605,79.498291015625,0,0.0,0xF99191D2,-44,1523,355,-0.171875,5.94921875,1.38671875,0,0x14,0,0,0,1,0,1,-1,0,0,0,,,,,,,,,,,,,,,,,,,,,,
370,7,LOD_RETREAT,12.366666666666667,1028736,31394.53125,2768,84.47265625,11.83815028901734,156,4.7607421875,2611,79.681396484375,1,0.030517578125,0xE444F69F,-45,1502,354,-0.17578125,5.8671875,1.3828125,0,0x14,0,0,0,1,0,1,-1,0,0,0,,,,,,,,,,,,,,,,,,,,,,
371,7,LOD_RETREAT,12.4,1031506,31479.06494140625,2770,84.53369140625,11.829602888086642,155,4.730224609375,2615,79.803466796875,0,0.0,0x40905A1C,-46,1481,353,-0.1796875,5.78515625,1.37890625,0,0x14,0,0,0,1,0,1,-1,0,0,0,,,,,,,,,,,,,,,,,,,,,,
372,7,LOD_RETREAT,12.433333333333334,1034295,31564.178466796875,2789,85.113525390625,11.749013983506634,156,4.7607421875,2632,80.322265625,1,0.030517578125,0x53054201,-47,1460,352,-0.18359375,5.703125,1.375,0,0x14,0,0,0,1,0,1,-1,0,0,0,,,,,,,,,,,,,,,,,,,,,,
373,7,LOD_RETREAT,12.466666666666667,1037110,31650.08544921875,2815,85.906982421875,11.640497335701598,155,4.730224609375,2659,81.146240234375,1,0.030517578125,0x7A204B3E,-48,1439,351,-0.1875,5.62109375,1.37109375,0,0x14,0,0,0,1,0,1,-1,0,0,0,,,,,,,,,,,,,,,,,,,,,,
374,7,LOD_RETREAT,12.5,1039913,31735.626220703125,2803,85.540771484375,11.690331787370674,155,4.730224609375,2647,80.780029296875,1,0.030517578125,0x5CF2055B,-49,1418,350,-0.19140625,5.5390625,1.3671875,0,0x14,0,0,0,1,0,1,-1,0,0,0,,,,,,,,,,,,,,,,,,,,,,
375,7,LOD_RETREAT,12.533333333333333,1042716,31821.1669921875,2803,85.540771484375,11.690331787370674,156,4.7607421875,2647,80.780029296875,0,0.0,0x596A5818,-50,1397,349,-0.1953125,5.45703125,1.36328125,0,0x14,0,0,0,1,0,1,-1,0,0,0,,,,,,,,,,,,,,,,,,,,,,
376,7,LOD_RETREAT,12.566666666666666,1045520,31906.73828125,2804,85.5712890625,11.686162624821684,156,4.7607421875,2648,80.810546875,0,0.0,0xFF08E4ED,-51,1376,348,-0.19921875,5.375,1.359375,0,0x14,0,0,0,1,0,1,-1,0,0,0,,,,,,,,,,,,,,,,,,,,,,
377,7,LOD_RETREAT,12.6,1048313,31991.973876953125,2793,85.235595703125,11.73218761188686,156,4.7607421875,2637,80.474853515625,0,0.0,0xA8F2C94A,-52,1355,347,-0.203125,5.29296875,1.35546875,0,0x1C,0,0,0,1,1,1,-1,0,0,0,,,,,,,,,,,,,,,,,,,,,,
378,8,LOD_APPROACH,12.633333333333333,1051117,32077.545166015625,2804,85.5712890625,11.686162624821684,156,4.7607421875,2648,80.810546875,0,0.0,0x4D002ED7,-51,1376,348,-0.19921875,5.375,1.359375,0,0x14,0,0,0,1,0,1,1,0,0,0,,,,,,,,,,,,,,,,,,,,,,
379,8,LOD_APPROACH,12.666666666666666,1053920,32163.0859375,2803,85.540771484375,11.690331787370674,155,4.730224609375,2647,80.780029296875,1,0.030517578125,0x09B88652,-50,1397,349,-0.1953125,5.45703125,1.36328125,0,0x14,0,0,0,1,0,1,1,0,0,0,,,,,,,,,,,,,,,,,,,,,,
380,8,LOD_APPROACH,12.7,1056723,32248.626708984375,2803,85.540771484375,11.690331787370674,156,4.7607421875,2646,80.74951171875,1,0.030517578125,0xCDD83805,-49,1418,350,-0.19140625,5.5390625,1.3671875,0,0x14,0,0,0,1,0,1,1,0,0,0,,,,,,,,,,,,,,,,,,,,,,
381,8,LOD_APPROACH,12.733333333333333,1059538,32334.53369140625,2815,85.906982421875,11.640497335701598,155,4.730224609375,2659,81.146240234375,1,0.030517578125,0x6D2BFD58,-48,1439,351,-0.1875,5.62109375,1.37109375,0,0x14,0,0,0,1,0,1,1,0,0,0,,,,,,,,,,,,,,,,,,,,,,
382,8,LOD_APPROACH,12.766666666666667,1062327,32419.647216796875,2789,85.113525390625,11.749013983506634,156,4.7607421875,2632,80.322265625,1,0.030517578125,0x6961D88B,-47,1460,352,-0.18359375,5.703125,1.375,0,0x14,0,0,0,1,0,1,1,0,0,0,,,,,,,,,,,,,,,,,,,,,,
383,8,LOD_APPROACH,12.8,1065098,32504.21142578125,2771,84.564208984375,11.825333814507397,155,4.730224609375,2615,79.803466796875,1,0.030517578125,0x28A5ED36,-46,1481,353,-0.1796875,5.78515625,1.37890625,0,0x14,0,0,0,1,0,1,1,0,0,0,,,,,,,,,,,,,,,,,,,,,,
384,8,LOD_APPROACH,12.833333333333334,1067863,32588.592529296875,2765,84.381103515625,11.850994575045208,155,4.730224609375,2610,79.65087890625,0,0.0,0xE48DD0E9,-45,1502,354,-0.17578125,5.8671875,1.3828125,0,0x14,0,0,0,1,0,1,1,0,0,0,,,,,,,,,,,,,,,,,,,,,,
385,8,LOD_APPROACH,12.866666666666667,1070624,32672.8515625,2761,84.259033203125,11.86816370880116,155,4.730224609375,2605,79.498291015625,1,0.030517578125,0xC38C156C,-44,1523,355,-0.171875,5.94921875,1.38671875,0,0x14,0,0,0,1,0,1,1,0,0,0,,,,,,,,,,,,,,,,,,,,,,
386,8,LOD_APPROACH,12.9,1073355,32756.195068359375,2731,83.343505859375,11.998535335042108,155,4.730224609375,2575,78.582763671875,1,0.030517578125,0x8254B51C,-43,1544,356,-0.16796875,6.03125,1.390625,0,0x14,0,0,0,1,0,1,1,0,0,0,,,,,,,,,,,,,,,,,,,,,,
387,8,LOD_APPROACH,12.933333333333334,1076077,32839.263916015625,2722,83.06884765625,12.038207200587802,156,4.7607421875,2565,78.277587890625,1,0.030517578125,0xF9894479,-42,1565,357,-0.1640625,6.11328125,1.39453125,0,0x14,0,0,0,1,0,1,1,0,0,0,,,,,,,,,,,,,,,,,,,,,,
388,8,LOD_APPROACH,12.966666666666667,1078851,32923.919677734375,2774,84.65576171875,11.812545061283345,156,4.7607421875,2617,79.864501953125,1,0.030517578125,0x404CAEBE,-41,1586,358,-0.16015625,6.1953125,1.3984375,0,0x14,0,0,0,1,0,1,1,0,0,0,,,,,,,,,,,,,,,,,,,,,,
389,8,LOD_APPROACH,13.0,1081589,33007.476806640625,2738,83.55712890625,11.967859751643536,155,4.730224609375,2583,78.826904296875,0,0.0,0x4A50E553,-40,1607,359,-0.15625,6.27734375,1.40234375,0,0x14,0,0,0,1,0,1,1,0,0,0,,,,,,,,,,,,,,,,,,,,,,
390,8,LOD_APPROACH,13.033333333333333,1084418,33093.81103515625,2829,86.334228515625,11.582891481088724,156,4.7607421875,2673,81.573486328125,0,0.0,0x7ED10880,-39,1628,360,-0.15234375,6.359375,1.40625,0,0x14,0,0,0,1,0,1,1,0,0,0,,,,,,,,,,,,,,,,,,,,,,
391,8,LOD_APPROACH,13.066666666666666,1087239,33179.901123046875,2821,86.090087890625,11.615739099610067,155,4.730224609375,2665,81.329345703125,1,0.030517578125,0xC510522D,-38,1649,361,-0.1484375,6.44140625,1.41015625,0,0x14,0,0,0,1,0,1,1,0,0,0,,,,,,,,,,,,,,,,,,,,,,
392,8,LOD_APPROACH,13.1,1090047,33265.594482421875,2808,85.693359375,11.66951566951567,155,4.730224609375,2653,80.963134765625,0,0.0,0x2D35DF92,-37,1670,362,-0.14453125,6.5234375,1.4140625,0,0x14,0,0,0,1,0,1,1,0,0,0,,,,,,,,,,,,,,,,,,,,,,
393,8,LOD_APPROACH,13.133333333333333,1092826,33350.40283203125,2779,84.808349609375,11.791291831594098,156,4.7607421875,2623,80.047607421875,0,0.0,0xEDF495F7,-36,1691,363,-0.140625,6.60546875,1.41796875,0,0x14,0,0,0,1,0,1,1,0,0,0,,,,,,,,,,,,,,,,,,,,,,
394,8,LOD_APPROACH,13.166666666666666,1095545,33433.380126953125,2719,82.977294921875,12.051489518205223,155,4.730224609375,2564,78.2470703125,0,0.0,0xA1277674,-35,1712,364,-0.13671875,6.6875,1.421875,0,0x14,0,0,0,1,0,1,1,0,0,0,,,,,,,,,,,,,,,,,,,,,,
395,8,LOD_APPROACH,13.2,1098252,33515.9912109375,2707,82.611083984375,12.10491318803103,155,4.730224609375,2551,77.850341796875,1,0.030517578125,0x15EEA471,-34,1733,365,-0.1328125,6.76953125,1.42578125,0,0x14,0,0,0,1,0,1,1,0,0,0,,,,,,,,,,,,,,,,,,,,,,
396,8,LOD_APPROACH,13.233333333333333,1101027,33600.677490234375,2775,84.686279296875,11.808288288288288,156,4.7607421875,2619,79.925537109375,0,0.0,0xB4086516,-33,1754,366,-0.12890625,6.8515625,1.4296875,0,0x14,0,0,0,1,0,1,1,0,0,0,,,,,,,,,,,,,,,,,,,,,,
397,8,LOD_APPROACH,13.266666666666667,1103720,33682.861328125,2693,82.183837890625,12.16784255477163,155,4.730224609375,2538,77.45361328125,0,0.0,0xD3CEDB6B,-32,1775,367,-0.125,6.93359375,1.43359375,0,0x14,0,0,0,1,0,1,1,0,0,0,,,,,,,,,,,,,,,,,,,,,,
398,8,LOD_APPROACH,13.3,1106477,33766.998291015625,2757,84.136962890625,11.88538266231411,155,4.730224609375,2601,79.376220703125,1,0.030517578125,0x37907739,-31,1796,368,-0.12109375,7.015625,1.4375,0,0x14,0,0,0,1,0,1,1,0,0,0,,,,,,,,,,,,,,,,,,,,,,
399,8,LOD_APPROACH,13.333333333333334,1109334,33854.18701171875,2857,87.188720703125,11.469373468673433,156,4.7607421875,2700,82.3974609375,1,0.030517578125,0x354D8EB4,-30,1817,369,-0.1171875,7.09765625,1.44140625,0,0x14,0,0,0,1,0,1,1,0,0,0,,,,,,,,,,,,,,,,,,,,,,
400,8,LOD_APPROACH,13.366666666666667,1112205,33941.802978515625,2871,87.615966796875,11.413444792755138,155,4.730224609375,2715,82.855224609375,1,0.030517578125,0xB989B73B,-29,1838,370,-0.11328125,7.1796875,1.4453125,0,0x14,0,0,0,1,0,1,1,0,0,0,,,,,,,,,,,,,,,,,,,,,,
401,8,LOD_APPROACH,13.4,1114803,34021.087646484375,2598,79.28466796875,12.612779060816012,156,4.7607421875,2442,74.52392578125,0,0.0,0xA649088E,-28,1859,371,-0.109375,7.26171875,1.44921875,0,0x14,0,0,0,1,0,1,1,0,0,0,,,,,,,,,,,,,,,,,,,,,,
402,8,LOD_APPROACH,13.433333333333334,1117122,34091.85791015625,2319,70.770263671875,14.130228546787409,156,4.7607421875,2163,66.009521484375,0,0.0,0x81CF51ED,-27,1880,372,-0.10546875,7.34375,1.453125,0,0x14,0,0,0,1,0,1,1,0,0,0,,,,,,,,,,,,,,,,,,,,,,
403,8,LOD_APPROACH,13.466666666666667,1119086,34151.79443359375,1964,59.9365234375,16.684317718940935,155,4.730224609375,1808,55.17578125,1,0.030517578125,0x141BC178,-26,1901,373,-0.1015625,7.42578125,1.45703125,0,0x14,0,0,0,1,0,1,1,0,0,0,,,,,,,,,,,,,,,,,,,,,,
404,8,LOD_APPROACH,13.5,1120803,34204.193115234375,1717,52.398681640625,19.084449621432732,155,4.730224609375,1561,47.637939453125,1,0.030517578125,0xBB50435F,-25,1922,374,-0.09765625,7.5078125,1.4609375,0,0x14,0,0,0,1,0,1,1,0,0,0,,,,,,,,,,,,,,,,,,,,,,
405,8,LOD_APPROACH,13.533333333333333,1122521,34256.622314453125,1718,52.42919921875,19.073341094295692,156,4.7607421875,1561,47.637939453125,1,0.030517578125,0x03554D82,-24,1943,375,-0.09375,7.58984375,1.46484375,0,0x14,0,0,0,1,0,1,1,0,0,0,,,,,,,,,,,,,,,,,,,,,,
406,8,LOD_APPROACH,13.566666666666666,1124251,34309.417724609375,1730,52.79541015625,18.941040462427747,156,4.7607421875,1574,48.03466796875,0,0.0,0x3EEA4DA1,-23,1964,376,-0.08984375,7.671875,1.46875,0,0x14,0,0,0,1,0,1,1,0,0,0,,,,,,,,,,,,,,,,,,,,,,
407,8,LOD_APPROACH,13.6,1125981,34362.213134765625,1730,52.79541015625,18.941040462427747,156,4.7607421875,1574,48.03466796875,0,0.0,0x3C71A03C,-22,1985,377,-0.0859375,7.75390625,1.47265625,0,0x14,0,0,0,1,0,1,1,0,0,0,,,,,,,,,,,,,,,,,,,,,,
408,8,LOD_APPROACH,13.633333333333333,1127724,34415.4052734375,1743,53.192138671875,18.799770510613882,156,4.7607421875,1586,48.40087890625,1,0.030517578125,0xDC36DBE3,-21,2006,378,-0.08203125,7.8359375,1.4765625,0,0x14,0,0,0,1,0,1,1,0,0,0,,,,,,,,,,,,,,,,,,,,,,
409,8,LOD_APPROACH,13.666666666666666,1129465,34468.536376953125,1741,53.131103515625,18.821367030442275,155,4.730224609375,1585,48.370361328125,1,0.030517578125,0xAEE872D6,-20,2027,379,-0.078125,7.91796875,1.48046875,0,0x14,0,0,0,1,0,1,1,0,0,0,,,,,,,,,,,,,,,,,,,,,,
410,8,LOD_APPROACH,13.7,1131209,34521.759033203125,1744,53.22265625,18.788990825688074,155,4.730224609375,1589,48.492431640625,0,0.0,0xF16AEBE2,-19,2048,380,-0.07421875,8.0,1.484375,0,0x14,0,0,0,1,0,1,1,0,0,0,,,,,,,,,,,,,,,,,,,,,,
411,8,LOD_APPROACH,13.733333333333333,1132950,34574.89013671875,1741,53.131103515625,18.821367030442275,156,4.7607421875,1585,48.370361328125,0,0.0,0xD823C5E7,-18,2069,381,-0.0703125,8.08203125,1.48828125,0,0x14,0,0,0,1,0,1,1,0,0,0,,,,,,,,,,,,,,,,,,,,,,
412,8,LOD_APPROACH,13.766666666666667,1134688,34627.9296875,1738,53.03955078125,18.85385500575374,156,4.7607421875,1582,48.27880859375,0,0.0,0x15BBCA40,-17,2090,382,-0.06640625,8.1640625,1.4921875,0,0x14,0,0,0,1,0,1,1,0,0,0,,,,,,,,,,,,,,,,,,,,,,
413,8,LOD_APPROACH,13.8,1136440,34681.396484375,1752,53.466796875,18.703196347031962,155,4.730224609375,1597,48.736572265625,0,0.0,0x73E6CF6D,-16,2111,383,-0.0625,8.24609375,1.49609375,0,0x14,0,0,0,1,0,1,1,0,0,0,,,,,,,,,,,,,,,,,,,,,,
414,8,LOD_APPROACH,13.833333333333334,1138225,34735.870361328125,1785,54.473876953125,18.357422969187674,156,4.7607421875,1629,49.713134765625,0,0.0,0x77C63D5E,-15,2132,384,-0.05859375,8.328125,1.5,0,0x14,0,0,0,1,0,1,1,0,0,0,,,,,,,,,,,,,,,,,,,,,,
415,8,LOD_APPROACH,13.866666666666667,1140043,34791.351318359375,1818,55.48095703125,18.024202420242023,155,4.730224609375,1662,50.72021484375,1,0.030517578125,0x0B82ACF3,-14,2153,385,-0.0546875,8.41015625,1.50390625,0,0x14,0,0,0,1,0,1,1,0,0,0,,,,,,,,,,,,,,,,,,,,,,
416,8,LOD_APPROACH,13.9,1141864,34846.923828125,1821,55.572509765625,17.9945085118067,155,4.730224609375,1665,50.811767578125,1,0.030517578125,0xAF688A0C,-13,2174,386,-0.05078125,8.4921875,1.5078125,0,0x16,1,1,0,1,0,1,1,0,0,0,50.750732421875,0.030517578125,0.18310546875,12.26806640625,3.41796875,2.0751953125,16.632080078125,2.13623046875,0.0,13.0615234375,0.946044921875,0,0,0,0,0,0,0,0,0,0,0
417,8,LOD_APPROACH,13.933333333333334,1143678,34902.28271484375,1814,55.35888671875,18.063947078280044,156,4.7607421875,1658,50.59814453125,0,0.0,0x73C02589,-12,2195,387,-0.046875,8.57421875,1.51171875,0,0x14,0,0,0,1,0,1,1,0,0,0,,,,,,,,,,,,,,,,,,,,,,
418,8,LOD_APPROACH,13.966666666666667,1145494,34957.70263671875,1816,55.419921875,18.044052863436125,155,4.730224609375,1660,50.6591796875,1,0.030517578125,0xAB9B46AA,-11,2216,388,-0.04296875,8.65625,1.515625,0,0x14,0,0,0,1,0,1,1,0,0,0,,,,,,,,,,,,,,,,,,,,,,
419,8,LOD_APPROACH,14.0,1147300,35012.8173828125,1806,55.11474609375,18.143964562569213,155,4.730224609375,1651,50.384521484375,0,0.0,0x33D8802F,-10,2237,389,-0.0390625,8.73828125,1.51953125,0,0x14,0,0,0,1,0,1,1,0,0,0,,,,,,,,,,,,,,,,,,,,,,
420,8,LOD_APPROACH,14.033333333333333,1148708,35055.7861328125,1408,42.96875,23.272727272727273,155,4.730224609375,1252,38.2080078125,1,0.030517578125,0xC446B768,-9,2258,390,-0.03515625,8.8203125,1.5234375,0,0x14,0,0,0,1,0,1,1,0,0,0,,,,,,,,,,,,,,,,,,,,,,
421,8,LOD_APPROACH,14.066666666666666,1150117,35098.785400390625,1409,42.999267578125,23.256210078069554,156,4.7607421875,1252,38.2080078125,1,0.030517578125,0x51285415,-8,2279,391,-0.03125,8.90234375,1.52734375,0,0x14,0,0,0,1,0,1,1,0,0,0,,,,,,,,,,,,,,,,,,,,,,
422,8,LOD_APPROACH,14.1,1151526,35141.78466796875,1409,42.999267578125,23.256210078069554,156,4.7607421875,1252,38.2080078125,1,0.030517578125,0x70E57126,-7,2300,392,-0.02734375,8.984375,1.53125,0,0x14,0,0,0,1,0,1,1,0,0,0,,,,,,,,,,,,,,,,,,,,,,
423,8,LOD_APPROACH,14.133333333333333,1152928,35184.5703125,1402,42.78564453125,23.372325249643367,155,4.730224609375,1246,38.02490234375,1,0.030517578125,0xA7C9170A,-6,2321,393,-0.0234375,9.06640625,1.53515625,0,0x14,0,0,0,1,0,1,1,0,0,0,,,,,,,,,,,,,,,,,,,,,,
424,8,LOD_APPROACH,14.166666666666666,1154301,35226.470947265625,1373,41.900634765625,23.86598689002185,156,4.7607421875,1217,37.139892578125,0,0.0,0x4BE464A5,-5,2342,394,-0.01953125,9.1484375,1.5390625,0,0x14,0,0,0,1,0,1,1,0,0,0,,,,,,,,,,,,,,,,,,,,,,
425,8,LOD_APPROACH,14.2,1155666,35268.12744140625,1365,41.656494140625,24.005860805860806,156,4.7607421875,1209,36.895751953125,0,0.0,0x4FA9DD30,-4,2363,395,-0.015625,9.23046875,1.54296875,0,0x14,0,0,0,1,0,1,1,0,0,0,,,,,,,,,,,,,,,,,,,,,,
426,8,LOD_APPROACH,14.233333333333333,1157030,35309.75341796875,1364,41.6259765625,24.023460410557185,156,4.7607421875,1207,36.834716796875,1,0.030517578125,0xF4A56F73,-3,2384,396,-0.01171875,9.3125,1.546875,0,0x14,0,0,0,1,0,1,1,0,0,0,,,,,,,,,,,,,,,,,,,,,,
427,8,LOD_APPROACH,14.266666666666667,1158393,35351.348876953125,1363,41.595458984375,24.041085840058695,155,4.730224609375,1207,36.834716796875,1,0.030517578125,0x8BFE6F46,-2,2405,397,-0.0078125,9.39453125,1.55078125,0,0x14,0,0,0,1,0,1,1,0,0,0,,,,,,,,,,,,,,,,,,,,,,
428,8,LOD_APPROACH,14.3,1159640,35389.404296875,1247,38.055419921875,26.27746591820369,155,4.730224609375,1092,33.3251953125,0,0.0,0xDCCA4BE1,-1,2426,398,-0.00390625,9.4765625,1.5546875,0,0x14,0,0,0,1,0,1,1,0,0,0,,,,,,,,,,,,,,,,,,,,,,
429,8,LOD_APPROACH,14.333333333333334,1160926,35428.64990234375,1286,39.24560546875,25.480559875583204,156,4.7607421875,1130,34.48486328125,0,0.0,0x0ED9BE1A,0,2447,399,0.0,9.55859375,1.55859375,0,0x14,0,0,0,1,0,1,1,0,0,0,,,,,,,,,,,,,,,,,,,,,,
430,8,LOD_APPROACH,14.366666666666667,1162212,35467.8955078125,1286,39.24560546875,25.480559875583204,156,4.7607421875,1129,34.454345703125,1,0.030517578125,0x40AE6F75,1,2468,400,0.00390625,9.640625,1.5625,0,0x14,0,0,0,1,0,1,1,0,0,0,,,,,,,,,,,,,,,,,,,,,,
431,8,LOD_APPROACH,14.4,1163498,35507.14111328125,1286,39.24560546875,25.480559875583204,156,4.7607421875,1129,34.454345703125,1,0.030517578125,0x06EC46A0,2,2489,401,0.0078125,9.72265625,1.56640625,0,0x14,0,0,0,1,0,1,1,0,0,0,,,,,,,,,,,,,,,,,,,,,,
432,8,LOD_APPROACH,14.433333333333334,1165777,35576.690673828125,2279,69.549560546875,14.378236068451075,1134,34.60693359375,1144,34.912109375,1,0.030517578125,0x545FA80F,3069,1262,1186,11.98828125,4.9296875,4.6328125,1,0x15,0,0,1,1,0,1,1,0,0,0,,,,,,,,,,,,,,,,,,,,,,
433,8,LOD_APPROACH,14.466666666666667,1167069,35616.119384765625,1292,39.4287109375,25.362229102167184,148,4.5166015625,1143,34.881591796875,1,0.030517578125,0x2D2E4954,3069,1262,1165,11.98828125,4.9296875,4.55078125,1,0x14,0,0,0,1,0,1,1,0,0,0,,,,,,,,,,,,,,,,,,,,,,
434,8,LOD_APPROACH,14.5,1168359,35655.487060546875,1290,39.36767578125,25.4015503875969,147,4.486083984375,1142,34.85107421875,1,0.030517578125,0xF000B19D,3069,1262,1144,11.98828125,4.9296875,4.46875,1,0x14,0,0,0,1,0,1,1,0,0,0,,,,,,,,,,,,,,,,,,,,,,
435,8,LOD_APPROACH,14.533333333333333,1169648,35694.82421875,1289,39.337158203125,25.421256788207913,148,4.5166015625,1140,34.7900390625,1,0.030517578125,0x84453EEE,3069,1262,1123,11.98828125,4.9296875,4.38671875,1,0x14,0,0,0,1,0,1,1,0,0,0,,,,,,,,,,,,,,,,,,,,,,
436,8,LOD_APPROACH,14.566666666666666,1170933,35734.039306640625,1285,39.215087890625,25.500389105058368,147,4.486083984375,1137,34.698486328125,1,0.030517578125,0x0D408297,3069,1262,1102,11.98828125,4.9296875,4.3046875,1,0x14,0,0,0,1,0,1,1,0,0,0,,,,,,,,,,,,,,,,,,,,,,
437,8,LOD_APPROACH,14.6,1172218,35773.25439453125,1285,39.215087890625,25.500389105058368,148,4.5166015625,1136,34.66796875,1,0.030517578125,0x8028BE00,3069,1262,1081,11.98828125,4.9296875,4.22265625,1,0x1C,0,0,0,1,1,1,1,0,0,0,,,,,,,,,,,,,,,,,,,,,,
438,9,FREECAM_YAW,14.633333333333333,1173507,35812.591552734375,1289,39.337158203125,25.421256788207913,154,4.69970703125,1135,34.637451171875,0,0.0,0x53C02975,3069,1262,1081,11.98828125,4.9296875,4.22265625,1,0x14,0,0,0,1,0,1,0,1,0,0,,,,,,,,,,,,,,,,,,,,,,
439,9,FREECAM_YAW,14.666666666666666,1174797,35851.959228515625,1290,39.36767578125,25.4015503875969,155,4.730224609375,1135,34.637451171875,0,0.0,0xA2A40271,3069,1262,1081,11.98828125,4.9296875,4.22265625,1,0x14,0,0,0,1,0,1,0,1,0,0,,,,,,,,,,,,,,,,,,,,,,
440,9,FREECAM_YAW,14.7,1176068,35890.7470703125,1271,38.787841796875,25.781274586939418,155,4.730224609375,1115,34.027099609375,1,0.030517578125,0xC113AF95,3069,1262,1081,11.98828125,4.9296875,4.22265625,1,0x14,0,0,0,1,0,1,0,1,0,0,,,,,,,,,,,,,,,,,,,,,,
441,9,FREECAM_YAW,14.733333333333333,1177321,35928.985595703125,1253,38.238525390625,26.151636073423784,154,4.69970703125,1099,33.538818359375,0,0.0,0xFF8769B6,3069,1262,1081,11.98828125,4.9296875,4.22265625,1,0x14,0,0,0,1,0,1,0,1,0,0,,,,,,,,,,,,,,,,,,,,,,
442,9,FREECAM_YAW,14.766666666666667,1178559,35966.766357421875,1238,37.78076171875,26.468497576736674,155,4.730224609375,1083,33.050537109375,0,0.0,0x042130CE,3069,1262,1081,11.98828125,4.9296875,4.22265625,1,0x14,0,0,0,1,0,1,0,1,0,0,,,,,,,,,,,,,,,,,,,,,,
443,9,FREECAM_YAW,14.8,1179762,36003.47900390625,1203,36.712646484375,27.238570241064007,155,4.730224609375,1048,31.982421875,0,0.0,0x70927F5D,3069,1262,1081,11.98828125,4.9296875,4.22265625,1,0x14,0,0,0,1,0,1,0,1,0,0,,,,,,,,,,,,,,,,,,,,,,
444,9,FREECAM_YAW,14.833333333333334,1180938,36039.36767578125,1176,35.888671875,27.86394557823129,155,4.730224609375,1021,31.158447265625,0,0.0,0xD2CB2DFC,3069,1262,1081,11.98828125,4.9296875,4.22265625,1,0x14,0,0,0,1,0,1,0,1,0,0,,,,,,,,,,,,,,,,,,,,,,
445,9,FREECAM_YAW,14.866666666666667,1182012,36072.1435546875,1074,32.77587890625,30.51024208566108,155,4.730224609375,919,28.045654296875,0,0.0,0x0DC77C76,3069,1262,1081,11.98828125,4.9296875,4.22265625,1,0x14,0,0,0,1,0,1,0,1,0,0,,,,,,,,,,,,,,,,,,,,,,
446,9,FREECAM_YAW,14.9,1183063,36104.217529296875,1051,32.073974609375,31.1779257849667,155,4.730224609375,896,27.34375,0,0.0,0x646433BE,3069,1262,1081,11.98828125,4.9296875,4.22265625,1,0x14,0,0,0,1,0,1,0,1,0,0,,,,,,,,,,,,,,,,,,,,,,
447,9,FREECAM_YAW,14.933333333333334,1184018,36133.36181640625,955,29.144287109375,34.31204188481676,154,4.69970703125,801,24.444580078125,0,0.0,0x3DDA4090,3069,1262,1081,11.98828125,4.9296875,4.22265625,1,0x14,0,0,0,1,0,1,0,1,0,0,,,,,,,,,,,,,,,,,,,,,,
448,9,FREECAM_YAW,14.966666666666667,1184973,36162.506103515625,955,29.144287109375,34.31204188481676,154,4.69970703125,801,24.444580078125,0,0.0,0xFFCB4259,3069,1262,1081,11.98828125,4.9296875,4.22265625,1,0x14,0,0,0,1,0,1,0,1,0,0,,,,,,,,,,,,,,,,,,,,,,
449,9,FREECAM_YAW,15.0,1185929,36191.680908203125,956,29.1748046875,34.27615062761506,155,4.730224609375,801,24.444580078125,0,0.0,0xBF360EA3,3069,1262,1081,11.98828125,4.9296875,4.22265625,1,0x14,0,0,0,1,0,1,0,1,0,0,,,,,,,,,,,,,,,,,,,,,,
450,9,FREECAM_YAW,15.033333333333333,1186978,36223.69384765625,1049,32.012939453125,31.237368922783602,154,4.69970703125,895,27.313232421875,0,0.0,0x60A33A9C,3069,1262,1081,11.98828125,4.9296875,4.22265625,1,0x14,0,0,0,1,0,1,0,1,0,0,,,,,,,,,,,,,,,,,,,,,,
451,9,FREECAM_YAW,15.066666666666666,1188029,36255.767822265625,1051,32.073974609375,31.1779257849667,154,4.69970703125,896,27.34375,1,0.030517578125,0x198020E6,3069,1262,1081,11.98828125,4.9296875,4.22265625,1,0x14,0,0,0,1,0,1,0,1,0,0,,,,,,,,,,,,,,,,,,,,,,
452,9,FREECAM_YAW,15.1,1189199,36291.473388671875,1170,35.70556640625,28.006837606837607,155,4.730224609375,1015,30.975341796875,0,0.0,0x3F7972FA,3069,1262,1081,11.98828125,4.9296875,4.22265625,1,0x14,0,0,0,1,0,1,0,1,0,0,,,,,,,,,,,,,,,,,,,,,,
453,9,FREECAM_YAW,15.133333333333333,1190375,36327.362060546875,1176,35.888671875,27.86394557823129,154,4.69970703125,1022,31.18896484375,0,0.0,0x8BBE58C6,3069,1262,1081,11.98828125,4.9296875,4.22265625,1,0x14,0,0,0,1,0,1,0,1,0,0,,,,,,,,,,,,,,,,,,,,,,
454,9,FREECAM_YAW,15.166666666666666,1191583,36364.227294921875,1208,36.865234375,27.125827814569536,154,4.69970703125,1053,32.135009765625,1,0.030517578125,0x2E1DABB5,3069,1262,1081,11.98828125,4.9296875,4.22265625,1,0x14,0,0,0,1,0,1,0,1,0,0,,,,,,,,,,,,,,,,,,,,,,
455,9,FREECAM_YAW,15.2,1192826,36402.16064453125,1243,37.933349609375,26.362027353177794,155,4.730224609375,1087,33.172607421875,1,0.030517578125,0x738F6485,3069,1262,1081,11.98828125,4.9296875,4.22265625,1,0x14,0,0,0,1,0,1,0,1,0,0,,,,,,,,,,,,,,,,,,,,,,
456,9,FREECAM_YAW,15.233333333333333,1194082,36440.49072265625,1256,38.330078125,26.089171974522294,154,4.69970703125,1102,33.63037109375,0,0.0,0x0BBF162F,3069,1262,1081,11.98828125,4.9296875,4.22265625,1,0x14,0,0,0,1,0,1,0,1,0,0,,,,,,,,,,,,,,,,,,,,,,
457,9,FREECAM_YAW,15.266666666666667,1195356,36479.3701171875,1274,38.87939453125,25.72056514913658,155,4.730224609375,1119,34.149169921875,0,0.0,0x288A2C51,3069,1262,1081,11.98828125,4.9296875,4.22265625,1,0x14,0,0,0,1,0,1,0,1,0,0,,,,,,,,,,,,,,,,,,,,,,
458,9,FREECAM_YAW,15.3,1196642,36518.61572265625,1286,39.24560546875,25.480559875583204,154,4.69970703125,1132,34.5458984375,0,0.0,0x2E6A0A0E,3069,1262,1081,11.98828125,4.9296875,4.22265625,1,0x14,0,0,0,1,0,1,0,1,0,0,,,,,,,,,,,,,,,,,,,,,,
459,9,FREECAM_YAW,15.333333333333334,1197931,36557.952880859375,1289,39.337158203125,25.421256788207913,154,4.69970703125,1135,34.637451171875,0,0.0,0x83B902EA,3069,1262,1081,11.98828125,4.9296875,4.22265625,1,0x16,1,1,0,1,0,1,0,1,0,0,34.60693359375,0.030517578125,0.335693359375,17.08984375,3.143310546875,0.0,0.0,0.0,0.0,13.0615234375,0.946044921875,0,0,0,0,0,0,0,0,0,0,0
460,9,FREECAM_YAW,15.366666666666667,1199221,36597.320556640625,1290,39.36767578125,25.4015503875969,154,4.69970703125,1135,34.637451171875,1,0.030517578125,0x926FA628,3069,1262,1081,11.98828125,4.9296875,4.22265625,1,0x14,0,0,0,1,0,1,0,1,0,0,,,,,,,,,,,,,,,,,,,,,,
461,9,FREECAM_YAW,15.4,1200495,36636.199951171875,1274,38.87939453125,25.72056514913658,154,4.69970703125,1119,34.149169921875,1,0.030517578125,0x49EC8067,3069,1262,1081,11.98828125,4.9296875,4.22265625,1,0x14,0,0,0,1,0,1,0,1,0,0,,,,,,,,,,,,,,,,,,,,,,
462,9,FREECAM_YAW,15.433333333333334,1201751,36674.530029296875,1256,38.330078125,26.089171974522294,155,4.730224609375,1101,33.599853515625,0,0.0,0x299B9677,3069,1262,1081,11.98828125,4.9296875,4.22265625,1,0x14,0,0,0,1,0,1,0,1,0,0,,,,,,,,,,,,,,,,,,,,,,
463,9,FREECAM_YAW,15.466666666666667,1202995,36712.493896484375,1244,37.9638671875,26.340836012861736,154,4.69970703125,1089,33.233642578125,1,0.030517578125,0x9BDD0F89,3069,1262,1081,11.98828125,4.9296875,4.22265625,1,0x14,0,0,0,1,0,1,0,1,0,0,,,,,,,,,,,,,,,,,,,,,,
464,9,FREECAM_YAW,15.5,1204226,36750.06103515625,1231,37.567138671875,26.61900893582453,154,4.69970703125,1077,32.867431640625,0,0.0,0xD178667F,3069,1262,1081,11.98828125,4.9296875,4.22265625,1,0x14,0,0,0,1,0,1,0,1,0,0,,,,,,,,,,,,,,,,,,,,,,
465,9,FREECAM_YAW,15.533333333333333,1205403,36785.980224609375,1177,35.919189453125,27.840271877655056,155,4.730224609375,1022,31.18896484375,0,0.0,0x44428AB8,3069,1262,1081,11.98828125,4.9296875,4.22265625,1,0x14,0,0,0,1,0,1,0,1,0,0,,,,,,,,,,,,,,,,,,,,,,
466,9,FREECAM_YAW,15.566666666666666,1206485,36819.000244140625,1082,33.02001953125,30.284658040665434,155,4.730224609375,926,28.25927734375,1,0.030517578125,0x5A543504,3069,1262,1081,11.98828125,4.9296875,4.22265625,1,0x14,0,0,0,1,0,1,0,1,0,0,,,,,,,,,,,,,,,,,,,,,,
467,9,FREECAM_YAW,15.6,1207569,36852.081298828125,1084,33.0810546875,30.228782287822877,155,4.730224609375,928,28.3203125,1,0.030517578125,0x8890F534,3069,1262,1081,11.98828125,4.9296875,4.22265625,1,0x14,0,0,0,1,0,1,0,1,0,0,,,,,,,,,,,,,,,,,,,,,,
468,9,FREECAM_YAW,15.633333333333333,1208655,36885.223388671875,1086,33.14208984375,30.173112338858196,154,4.69970703125,932,28.4423828125,0,0.0,0x07E496EE,3069,1262,1081,11.98828125,4.9296875,4.22265625,1,0x14,0,0,0,1,0,1,0,1,0,0,,,,,,,,,,,,,,,,,,,,,,
469,9,FREECAM_YAW,15.666666666666666,1209756,36918.8232421875,1101,33.599853515625,29.76203451407811,154,4.69970703125,946,28.86962890625,1,0.030517578125,0x0E8CE62B,3069,1262,1081,11.98828125,4.9296875,4.22265625,1,0x14,0,0,0,1,0,1,0,1,0,0,,,,,,,,,,,,,,,,,,,,,,
470,9,FREECAM_YAW,15.7,1210854,36952.33154296875,1098,33.50830078125,29.84335154826958,154,4.69970703125,943,28.778076171875,1,0.030517578125,0x6C7F7CAB,3069,1262,1081,11.98828125,4.9296875,4.22265625,1,0x14,0,0,0,1,0,1,0,1,0,0,,,,,,,,,,,,,,,,,,,,,,
471,9,FREECAM_YAW,15.733333333333333,1211943,36985.565185546875,1089,33.233642578125,30.089990817263544,155,4.730224609375,934,28.50341796875,0,0.0,0x1860A20C,3069,1262,1081,11.98828125,4.9296875,4.22265625,1,0x14,0,0,0,1,0,1,0,1,0,0,,,,,,,,,,,,,,,,,,,,,,
472,9,FREECAM_YAW,15.766666666666667,1213028,37018.6767578125,1085,33.111572265625,30.200921658986175,154,4.69970703125,931,28.411865234375,0,0.0,0x790CD07A,3069,1262,1081,11.98828125,4.9296875,4.22265625,1,0x14,0,0,0,1,0,1,0,1,0,0,,,,,,,,,,,,,,,,,,,,,,
473,9,FREECAM_YAW,15.8,1214115,37051.849365234375,1087,33.172607421875,30.145354185832566,154,4.69970703125,932,28.4423828125,1,0.030517578125,0xC44C36AE,3069,1262,1081,11.98828125,4.9296875,4.22265625,1,0x14,0,0,0,1,0,1,0,1,0,0,,,,,,,,,,,,,,,,,,,,,,
474,9,FREECAM_YAW,15.833333333333334,1215223,37085.662841796875,1108,33.8134765625,29.574007220216608,155,4.730224609375,953,29.083251953125,0,0.0,0xF1AFE5AA,3069,1262,1081,11.98828125,4.9296875,4.22265625,1,0x14,0,0,0,1,0,1,0,1,0,0,,,,,,,,,,,,,,,,,,,,,,
475,9,FREECAM_YAW,15.866666666666667,1216335,37119.598388671875,1112,33.935546875,29.467625899280577,154,4.69970703125,958,29.23583984375,0,0.0,0x5595FB91,3069,1262,1081,11.98828125,4.9296875,4.22265625,1,0x14,0,0,0,1,0,1,0,1,0,0,,,,,,,,,,,,,,,,,,,,,,
476,9,FREECAM_YAW,15.9,1217554,37156.79931640625,1219,37.200927734375,26.88105004101723,154,4.69970703125,1065,32.501220703125,0,0.0,0x4E44351A,3069,1262,1081,11.98828125,4.9296875,4.22265625,1,0x14,0,0,0,1,0,1,0,1,0,0,,,,,,,,,,,,,,,,,,,,,,
477,9,FREECAM_YAW,15.933333333333334,1218807,37195.037841796875,1253,38.238525390625,26.151636073423784,154,4.69970703125,1098,33.50830078125,1,0.030517578125,0x1DE63F1A,3069,1262,1081,11.98828125,4.9296875,4.22265625,1,0x14,0,0,0,1,0,1,0,1,0,0,,,,,,,,,,,,,,,,,,,,,,
478,9,FREECAM_YAW,15.966666666666667,1220083,37233.978271484375,1276,38.9404296875,25.68025078369906,155,4.730224609375,1121,34.210205078125,0,0.0,0x61EB8F87,3069,1262,1081,11.98828125,4.9296875,4.22265625,1,0x14,0,0,0,1,0,1,0,1,0,0,,,,,,,,,,,,,,,,,,,,,,
479,9,FREECAM_YAW,16.0,1221346,37272.52197265625,1263,38.543701171875,25.944576405384005,154,4.69970703125,1109,33.843994140625,0,0.0,0x649F3B8F,3069,1262,1081,11.98828125,4.9296875,4.22265625,1,0x14,0,0,0,1,0,1,0,1,0,0,,,,,,,,,,,,,,,,,,,,,,
480,9,FREECAM_YAW,16.033333333333335,1222631,37311.737060546875,1285,39.215087890625,25.500389105058368,154,4.69970703125,1131,34.515380859375,0,0.0,0xD23C0287,3069,1262,1081,11.98828125,4.9296875,4.22265625,1,0x14,0,0,0,1,0,1,0,1,0,0,,,,,,,,,,,,,,,,,,,,,,
481,9,FREECAM_YAW,16.066666666666666,1223915,37350.921630859375,1284,39.1845703125,25.5202492211838,154,4.69970703125,1129,34.454345703125,1,0.030517578125,0x9BA00F04,3069,1262,1081,11.98828125,4.9296875,4.22265625,1,0x14,0,0,0,1,0,1,0,1,0,0,,,,,,,,,,,,,,,,,,,,,,
482,9,FREECAM_YAW,16.1,1225173,37389.312744140625,1258,38.39111328125,26.047694753577108,155,4.730224609375,1103,33.660888671875,0,0.0,0x5905AEFB,3069,1262,1081,11.98828125,4.9296875,4.22265625,1,0x14,0,0,0,1,0,1,0,1,0,0,,,,,,,,,,,,,,,,,,,,,,
483,9,FREECAM_YAW,16.133333333333333,1226442,37428.03955078125,1269,38.726806640625,25.821907013396377,154,4.69970703125,1114,33.99658203125,1,0.030517578125,0x1C3F4722,3069,1262,1081,11.98828125,4.9296875,4.22265625,1,0x14,0,0,0,1,0,1,0,1,0,0,,,,,,,,,,,,,,,,,,,,,,
484,9,FREECAM_YAW,16.166666666666668,1227674,37465.63720703125,1232,37.59765625,26.5974025974026,154,4.69970703125,1077,32.867431640625,1,0.030517578125,0x621C0819,3069,1262,1081,11.98828125,4.9296875,4.22265625,1,0x14,0,0,0,1,0,1,0,1,0,0,,,,,,,,,,,,,,,,,,,,,,
485,9,FREECAM_YAW,16.2,1228898,37502.99072265625,1224,37.353515625,26.77124183006536,155,4.730224609375,1069,32.623291015625,0,0.0,0x3A0C8395,3069,1262,1081,11.98828125,4.9296875,4.22265625,1,0x14,0,0,0,1,0,1,0,1,0,0,,,,,,,,,,,,,,,,,,,,,,
486,9,FREECAM_YAW,16.233333333333334,1230096,37539.55078125,1198,36.56005859375,27.352253756260435,154,4.69970703125,1043,31.829833984375,1,0.030517578125,0x956E0910,3069,1262,1081,11.98828125,4.9296875,4.22265625,1,0x14,0,0,0,1,0,1,0,1,0,0,,,,,,,,,,,,,,,,,,,,,,
487,9,FREECAM_YAW,16.266666666666666,1231286,37575.86669921875,1190,36.31591796875,27.536134453781514,154,4.69970703125,1036,31.6162109375,0,0.0,0xF35E73A0,3069,1262,1081,11.98828125,4.9296875,4.22265625,1,0x14,0,0,0,1,0,1,0,1,0,0,,,,,,,,,,,,,,,,,,,,,,
488,9,FREECAM_YAW,16.3,1232467,37611.907958984375,1181,36.041259765625,27.745977984758678,154,4.69970703125,1027,31.341552734375,0,0.0,0x32C0D7EA,3069,1262,1081,11.98828125,4.9296875,4.22265625,1,0x14,0,0,0,1,0,1,0,1,0,0,,,,,,,,,,,,,,,,,,,,,,
489,9,FREECAM_YAW,16.333333333333332,1233446,37641.78466796875,979,29.876708984375,33.4708886618999,154,4.69970703125,825,25.177001953125,0,0.0,0x57C44DCC,3069,1262,1081,11.98828125,4.9296875,4.22265625,1,0x14,0,0,0,1,0,1,0,1,0,0,,,,,,,,,,,,,,,,,,,,,,
490,9,FREECAM_YAW,16.366666666666667,1234402,37670.95947265625,956,29.1748046875,34.27615062761506,154,4.69970703125,801,24.444580078125,1,0.030517578125,0x89168DA8,3069,1262,1081,11.98828125,4.9296875,4.22265625,1,0x14,0,0,0,1,0,1,0,1,0,0,,,,,,,,,,,,,,,,,,,,,,
491,9,FREECAM_YAW,16.4,1235356,37700.0732421875,954,29.11376953125,34.34800838574424,154,4.69970703125,800,24.4140625,0,0.0,0xCB557735,3069,1262,1081,11.98828125,4.9296875,4.22265625,1,0x14,0,0,0,1,0,1,0,1,0,0,,,,,,,,,,,,,,,,,,,,,,
492,9,FREECAM_YAW,16.433333333333334,1236313,37729.278564453125,957,29.205322265625,34.240334378265416,155,4.730224609375,802,24.47509765625,0,0.0,0x56F76AB7,3069,1262,1081,11.98828125,4.9296875,4.22265625,1,0x14,0,0,0,1,0,1,0,1,0,0,,,,,,,,,,,,,,,,,,,,,,
493,9,FREECAM_YAW,16.466666666666665,1237293,37759.185791015625,980,29.9072265625,33.436734693877554,155,4.730224609375,825,25.177001953125,0,0.0,0x83E47B49,3069,1262,1081,11.98828125,4.9296875,4.22265625,1,0x14,0,0,0,1,0,1,0,1,0,0,,,,,,,,,,,,,,,,,,,,,,
494,9,FREECAM_YAW,16.5,1238475,37795.257568359375,1182,36.07177734375,27.722504230118442,155,4.730224609375,1027,31.341552734375,0,0.0,0xB18646C1,3069,1262,1081,11.98828125,4.9296875,4.22265625,1,0x14,0,0,0,1,0,1,0,1,0,0,,,,,,,,,,,,,,,,,,,,,,
495,9,FREECAM_YAW,16.533333333333335,1239667,37831.634521484375,1192,36.376953125,27.48993288590604,155,4.730224609375,1036,31.6162109375,1,0.030517578125,0x9119C7F9,3069,1262,1081,11.98828125,4.9296875,4.22265625,1,0x14,0,0,0,1,0,1,0,1,0,0,,,,,,,,,,,,,,,,,,,,,,
496,9,FREECAM_YAW,16.566666666666666,1240881,37868.682861328125,1214,37.04833984375,26.99176276771005,154,4.69970703125,1060,32.3486328125,0,0.0,0xF67F2C2F,3069,1262,1081,11.98828125,4.9296875,4.22265625,1,0x14,0,0,0,1,0,1,0,1,0,0,,,,,,,,,,,,,,,,,,,,,,
497,9,FREECAM_YAW,16.6,1242107,37906.097412109375,1226,37.41455078125,26.72756933115824,155,4.730224609375,1070,32.65380859375,1,0.030517578125,0x5DDFDFF8,3069,1262,1081,11.98828125,4.9296875,4.22265625,1,0x14,0,0,0,1,0,1,0,1,0,0,,,,,,,,,,,,,,,,,,,,,,
498,9,FREECAM_YAW,16.633333333333333,1243340,37943.7255859375,1233,37.628173828125,26.575831305758314,155,4.730224609375,1077,32.867431640625,1,0.030517578125,0xAB06698E,3069,1262,1081,11.98828125,4.9296875,4.22265625,1,0x14,0,0,0,1,0,1,0,1,0,0,,,,,,,,,,,,,,,,,,,,,,
499,9,FREECAM_YAW,16.666666666666668,1244610,37982.48291015625,1270,38.75732421875,25.801574803149606,155,4.730224609375,1114,33.99658203125,1,0.030517578125,0x43E77967,3069,1262,1081,11.98828125,4.9296875,4.22265625,1,0x14,0,0,0,1,0,1,0,1,0,0,,,,,,,,,,,,,,,,,,,,,,
500,9,FREECAM_YAW,16.7,1245880,38021.240234375,1270,38.75732421875,25.801574803149606,154,4.69970703125,1115,34.027099609375,1,0.030517578125,0x5CDADBC8,3069,1262,1081,11.98828125,4.9296875,4.22265625,1,0x14,0,0,0,1,0,1,0,1,0,0,,,,,,,,,,,,,,,,,,,,,,
501,9,FREECAM_YAW,16.733333333333334,1247165,38060.455322265625,1285,39.215087890625,25.500389105058368,154,4.69970703125,1130,34.48486328125,1,0.030517578125,0x6DF32D85,3069,1262,1081,11.98828125,4.9296875,4.22265625,1,0x14,0,0,0,1,0,1,0,1,0,0,,,,,,,,,,,,,,,,,,,,,,
502,9,FREECAM_YAW,16.766666666666666,1248435,38099.212646484375,1270,38.75732421875,25.801574803149606,154,4.69970703125,1115,34.027099609375,1,0.030517578125,0x5CDADBC8,3069,1262,1081,11.98828125,4.9296875,4.22265625,1,0x14,0,0,0,1,0,1,0,-1,0,0,,,,,,,,,,,,,,,,,,,,,,
503,9,FREECAM_YAW,16.8,1249703,38137.908935546875,1268,38.6962890625,25.842271293375394,154,4.69970703125,1114,33.99658203125,0,0.0,0x43E77967,3069,1262,1081,11.98828125,4.9296875,4.22265625,1,0x14,0,0,0,1,0,1,0,-1,0,0,,,,,,,,,,,,,,,,,,,,,,
504,9,FREECAM_YAW,16.833333333333332,1250934,38175.47607421875,1231,37.567138671875,26.61900893582453,154,4.69970703125,1077,32.867431640625,0,0.0,0xAB06698E,3069,1262,1081,11.98828125,4.9296875,4.22265625,1,0x14,0,0,0,1,0,1,0,-1,0,0,,,,,,,,,,,,,,,,,,,,,,
505,9,FREECAM_YAW,16.866666666666667,1252158,38212.82958984375,1224,37.353515625,26.77124183006536,154,4.69970703125,1070,32.65380859375,0,0.0,0x5DDFDFF8,3069,1262,1081,11.98828125,4.9296875,4.22265625,1,0x14,0,0,0,1,0,1,0,-1,0,0,,,,,,,,,,,,,,,,,,,,,,
506,9,FREECAM_YAW,16.9,1253373,38249.908447265625,1215,37.078857421875,26.96954732510288,155,4.730224609375,1059,32.318115234375,1,0.030517578125,0xF67F2C2F,3069,1262,1081,11.98828125,4.9296875,4.22265625,1,0x14,0,0,0,1,0,1,0,-1,0,0,,,,,,,,,,,,,,,,,,,,,,
507,9,FREECAM_YAW,16.933333333333334,1254563,38286.224365234375,1190,36.31591796875,27.536134453781514,154,4.69970703125,1036,31.6162109375,0,0.0,0x9119C7F9,3069,1262,1081,11.98828125,4.9296875,4.22265625,1,0x14,0,0,0,1,0,1,0,-1,0,0,,,,,,,,,,,,,,,,,,,,,,
508,9,FREECAM_YAW,16.966666666666665,1255745,38322.296142578125,1182,36.07177734375,27.722504230118442,155,4.730224609375,1027,31.341552734375,0,0.0,0xB18646C1,3069,1262,1081,11.98828125,4.9296875,4.22265625,1,0x14,0,0,0,1,0,1,0,-1,0,0,,,,,,,,,,,,,,,,,,,,,,
509,9,FREECAM_YAW,17.0,1256725,38352.203369140625,980,29.9072265625,33.436734693877554,155,4.730224609375,825,25.177001953125,0,0.0,0x83E47B49,3069,1262,1081,11.98828125,4.9296875,4.22265625,1,0x14,0,0,0,1,0,1,0,-1,0,0,,,,,,,,,,,,,,,,,,,,,,
510,9,FREECAM_YAW,17.033333333333335,1257681,38381.378173828125,956,29.1748046875,34.27615062761506,154,4.69970703125,802,24.47509765625,0,0.0,0x56F76AB7,3069,1262,1081,11.98828125,4.9296875,4.22265625,1,0x14,0,0,0,1,0,1,0,-1,0,0,,,,,,,,,,,,,,,,,,,,,,
511,9,FREECAM_YAW,17.066666666666666,1258637,38410.552978515625,956,29.1748046875,34.27615062761506,155,4.730224609375,800,24.4140625,1,0.030517578125,0xCB557735,3069,1262,1081,11.98828125,4.9296875,4.22265625,1,0x14,0,0,0,1,0,1,0,-1,0,0,,,,,,,,,,,,,,,,,,,,,,
512,9,FREECAM_YAW,17.1,1259593,38439.727783203125,956,29.1748046875,34.27615062761506,154,4.69970703125,801,24.444580078125,1,0.030517578125,0x89168DA8,3069,1262,1081,11.98828125,4.9296875,4.22265625,1,0x14,0,0,0,1,0,1,0,-1,0,0,,,,,,,,,,,,,,,,,,,,,,
513,9,FREECAM_YAW,17.133333333333333,1260574,38469.66552734375,981,29.937744140625,33.4026503567788,155,4.730224609375,825,25.177001953125,1,0.030517578125,0x57C44DCC,3069,1262,1081,11.98828125,4.9296875,4.22265625,1,0x14,0,0,0,1,0,1,0,-1,0,0,,,,,,,,,,,,,,,,,,,,,,
514,9,FREECAM_YAW,17.166666666666668,1261757,38505.767822265625,1183,36.102294921875,27.69907016060862,155,4.730224609375,1027,31.341552734375,1,0.030517578125,0x32C0D7EA,3069,1262,1081,11.98828125,4.9296875,4.22265625,1,0x14,0,0,0,1,0,1,0,-1,0,0,,,,,,,,,,,,,,,,,,,,,,
515,9,FREECAM_YAW,17.2,1262949,38542.144775390625,1192,36.376953125,27.48993288590604,155,4.730224609375,1036,31.6162109375,1,0.030517578125,0xF35E73A0,3069,1262,1081,11.98828125,4.9296875,4.22265625,1,0x14,0,0,0,1,0,1,0,-1,0,0,,,,,,,,,,,,,,,,,,,,,,
516,9,FREECAM_YAW,17.233333333333334,1264147,38578.704833984375,1198,36.56005859375,27.352253756260435,154,4.69970703125,1043,31.829833984375,1,0.030517578125,0x956E0910,3069,1262,1081,11.98828125,4.9296875,4.22265625,1,0x14,0,0,0,1,0,1,0,-1,0,0,,,,,,,,,,,,,,,,,,,,,,
517,9,FREECAM_YAW,17.266666666666666,1265371,38616.058349609375,1224,37.353515625,26.77124183006536,155,4.730224609375,1069,32.623291015625,0,0.0,0x3A0C8395,3069,1262,1081,11.98828125,4.9296875,4.22265625,1,0x14,0,0,0,1,0,1,0,-1,0,0,,,,,,,,,,,,,,,,,,,,,,
518,9,FREECAM_YAW,17.3,1266603,38653.656005859375,1232,37.59765625,26.5974025974026,154,4.69970703125,1077,32.867431640625,1,0.030517578125,0x621C0819,3069,1262,1081,11.98828125,4.9296875,4.22265625,1,0x14,0,0,0,1,0,1,0,-1,0,0,,,,,,,,,,,,,,,,,,,,,,
519,9,FREECAM_YAW,17.333333333333332,1267871,38692.352294921875,1268,38.6962890625,25.842271293375394,154,4.69970703125,1114,33.99658203125,0,0.0,0x1C3F4722,3069,1262,1081,11.98828125,4.9296875,4.22265625,1,0x14,0,0,0,1,0,1,0,-1,0,0,,,,,,,,,,,,,,,,,,,,,,
520,9,FREECAM_YAW,17.366666666666667,1269129,38730.743408203125,1258,38.39111328125,26.047694753577108,155,4.730224609375,1103,33.660888671875,0,0.0,0x5905AEFB,3069,1262,1081,11.98828125,4.9296875,4.22265625,1,0x14,0,0,0,1,0,1,0,-1,0,0,,,,,,,,,,,,,,,,,,,,,,
521,9,FREECAM_YAW,17.4,1270413,38769.927978515625,1284,39.1845703125,25.5202492211838,154,4.69970703125,1129,34.454345703125,1,0.030517578125,0x9BA00F04,3069,1262,1081,11.98828125,4.9296875,4.22265625,1,0x14,0,0,0,1,0,1,0,-1,0,0,,,,,,,,,,,,,,,,,,,,,,
522,9,FREECAM_YAW,17.433333333333334,1271699,38809.173583984375,1286,39.24560546875,25.480559875583204,155,4.730224609375,1131,34.515380859375,0,0.0,0xD23C0287,3069,1262,1081,11.98828125,4.9296875,4.22265625,1,0x14,0,0,0,1,0,1,0,-1,0,0,,,,,,,,,,,,,,,,,,,,,,
523,9,FREECAM_YAW,17.466666666666665,1272963,38847.747802734375,1264,38.57421875,25.924050632911392,155,4.730224609375,1109,33.843994140625,0,0.0,0x649F3B8F,3069,1262,1081,11.98828125,4.9296875,4.22265625,1,0x14,0,0,0,1,0,1,0,-1,0,0,,,,,,,,,,,,,,,,,,,,,,
524,9,FREECAM_YAW,17.5,1274239,38886.688232421875,1276,38.9404296875,25.68025078369906,154,4.69970703125,1122,34.24072265625,0,0.0,0x61EB8F87,3069,1262,1081,11.98828125,4.9296875,4.22265625,1,0x14,0,0,0,1,0,1,0,-1,0,0,,,,,,,,,,,,,,,,,,,,,,
525,9,FREECAM_YAW,17.533333333333335,1275491,38924.896240234375,1252,38.2080078125,26.17252396166134,154,4.69970703125,1098,33.50830078125,0,0.0,0x1DE63F1A,3069,1262,1081,11.98828125,4.9296875,4.22265625,1,0x14,0,0,0,1,0,1,0,-1,0,0,,,,,,,,,,,,,,,,,,,,,,
526,9,FREECAM_YAW,17.566666666666666,1276712,38962.158203125,1221,37.261962890625,26.83701883701884,155,4.730224609375,1065,32.501220703125,1,0.030517578125,0x4E44351A,3069,1262,1081,11.98828125,4.9296875,4.22265625,1,0x14,0,0,0,1,0,1,0,-1,0,0,,,,,,,,,,,,,,,,,,,,,,
527,9,FREECAM_YAW,17.6,1277826,38996.15478515625,1114,33.99658203125,29.414721723518852,155,4.730224609375,958,29.23583984375,1,0.030517578125,0x5595FB91,3069,1262,1081,11.98828125,4.9296875,4.22265625,1,0x14,0,0,0,1,0,1,0,-1,0,0,,,,,,,,,,,,,,,,,,,,,,
528,9,FREECAM_YAW,17.633333333333333,1278934,39029.96826171875,1108,33.8134765625,29.574007220216608,155,4.730224609375,953,29.083251953125,0,0.0,0xF1AFE5AA,3069,1262,1081,11.98828125,4.9296875,4.22265625,1,0x14,0,0,0,1,0,1,0,-1,0,0,,,,,,,,,,,,,,,,,,,,,,
529,9,FREECAM_YAW,17.666666666666668,1280020,39063.1103515625,1086,33.14208984375,30.173112338858196,154,4.69970703125,932,28.4423828125,0,0.0,0xC44C36AE,3069,1262,1081,11.98828125,4.9296875,4.22265625,1,0x14,0,0,0,1,0,1,0,-1,0,0,,,,,,,,,,,,,,,,,,,,,,
530,9,FREECAM_YAW,17.7,1281107,39096.282958984375,1087,33.172607421875,30.145354185832566,155,4.730224609375,932,28.4423828125,0,0.0,0x790CD07A,3069,1262,1081,11.98828125,4.9296875,4.22265625,1,0x14,0,0,0,1,0,1,0,-1,0,0,,,,,,,,,,,,,,,,,,,,,,
531,9,FREECAM_YAW,17.733333333333334,1282195,39129.486083984375,1088,33.203125,30.11764705882353,154,4.69970703125,934,28.50341796875,0,0.0,0x1860A20C,3069,1262,1081,11.98828125,4.9296875,4.22265625,1,0x14,0,0,0,1,0,1,0,-1,0,0,,,,,,,,,,,,,,,,,,,,,,
532,9,FREECAM_YAW,17.766666666666666,1283293,39162.994384765625,1098,33.50830078125,29.84335154826958,154,4.69970703125,943,28.778076171875,1,0.030517578125,0x6C7F7CAB,3069,1262,1081,11.98828125,4.9296875,4.22265625,1,0x14,0,0,0,1,0,1,0,-1,0,0,,,,,,,,,,,,,,,,,,,,,,
533,9,FREECAM_YAW,17.8,1284394,39196.59423828125,1101,33.599853515625,29.76203451407811,154,4.69970703125,946,28.86962890625,1,0.030517578125,0x0E8CE62B,3069,1262,1081,11.98828125,4.9296875,4.22265625,1,0x14,0,0,0,1,0,1,0,-1,0,0,,,,,,,,,,,,,,,,,,,,,,
534,9,FREECAM_YAW,17.833333333333332,1285482,39229.79736328125,1088,33.203125,30.11764705882353,155,4.730224609375,932,28.4423828125,1,0.030517578125,0x07E496EE,3069,1262,1081,11.98828125,4.9296875,4.22265625,1,0x14,0,0,0,1,0,1,0,-1,0,0,,,,,,,,,,,,,,,,,,,,,,
535,9,FREECAM_YAW,17.866666666666667,1286564,39262.8173828125,1082,33.02001953125,30.284658040665434,154,4.69970703125,928,28.3203125,0,0.0,0x8890F534,3069,1262,1081,11.98828125,4.9296875,4.22265625,1,0x14,0,0,0,1,0,1,0,-1,0,0,,,,,,,,,,,,,,,,,,,,,,
536,9,FREECAM_YAW,17.9,1287644,39295.7763671875,1080,32.958984375,30.340740740740742,154,4.69970703125,926,28.25927734375,0,0.0,0x5A543504,3069,1262,1081,11.98828125,4.9296875,4.22265625,1,0x14,0,0,0,1,0,1,0,-1,0,0,,,,,,,,,,,,,,,,,,,,,,
537,9,FREECAM_YAW,17.933333333333334,1288820,39331.6650390625,1176,35.888671875,27.86394557823129,154,4.69970703125,1022,31.18896484375,0,0.0,0x44428AB8,3069,1262,1081,11.98828125,4.9296875,4.22265625,1,0x14,0,0,0,1,0,1,0,-1,0,0,,,,,,,,,,,,,,,,,,,,,,
538,9,FREECAM_YAW,17.966666666666665,1290053,39369.293212890625,1233,37.628173828125,26.575831305758314,155,4.730224609375,1077,32.867431640625,1,0.030517578125,0xD178667F,3069,1262,1081,11.98828125,4.9296875,4.22265625,1,0x14,0,0,0,1,0,1,0,-1,0,0,,,,,,,,,,,,,,,,,,,,,,
539,9,FREECAM_YAW,18.0,1291297,39407.257080078125,1244,37.9638671875,26.340836012861736,154,4.69970703125,1089,33.233642578125,1,0.030517578125,0x9BDD0F89,3069,1262,1081,11.98828125,4.9296875,4.22265625,1,0x14,0,0,0,1,0,1,0,-1,0,0,,,,,,,,,,,,,,,,,,,,,,
540,9,FREECAM_YAW,18.033333333333335,1292553,39445.587158203125,1256,38.330078125,26.089171974522294,155,4.730224609375,1101,33.599853515625,0,0.0,0x299B9677,3069,1262,1081,11.98828125,4.9296875,4.22265625,1,0x14,0,0,0,1,0,1,0,-1,0,0,,,,,,,,,,,,,,,,,,,,,,
541,9,FREECAM_YAW,18.066666666666666,1293827,39484.466552734375,1274,38.87939453125,25.72056514913658,154,4.69970703125,1119,34.149169921875,1,0.030517578125,0x49EC8067,3069,1262,1081,11.98828125,4.9296875,4.22265625,1,0x14,0,0,0,1,0,1,0,-1,0,0,,,,,,,,,,,,,,,,,,,,,,
542,9,FREECAM_YAW,18.1,1295117,39523.834228515625,1290,39.36767578125,25.4015503875969,154,4.69970703125,1135,34.637451171875,1,0.030517578125,0x926FA628,3069,1262,1081,11.98828125,4.9296875,4.22265625,1,0x14,0,0,0,1,0,1,0,-1,0,0,,,,,,,,,,,,,,,,,,,,,,
543,9,FREECAM_YAW,18.133333333333333,1296408,39563.232421875,1291,39.398193359375,25.381874515879165,155,4.730224609375,1135,34.637451171875,1,0.030517578125,0x83B902EA,3069,1262,1081,11.98828125,4.9296875,4.22265625,1,0x14,0,0,0,1,0,1,0,-1,0,0,,,,,,,,,,,,,,,,,,,,,,
544,9,FREECAM_YAW,18.166666666666668,1297696,39602.5390625,1288,39.306640625,25.440993788819874,155,4.730224609375,1132,34.5458984375,1,0.030517578125,0x2E6A0A0E,3069,1262,1081,11.98828125,4.9296875,4.22265625,1,0x14,0,0,0,1,0,1,0,-1,0,0,,,,,,,,,,,,,,,,,,,,,,
545,9,FREECAM_YAW,18.2,1298970,39641.41845703125,1274,38.87939453125,25.72056514913658,155,4.730224609375,1119,34.149169921875,0,0.0,0x288A2C51,3069,1262,1081,11.98828125,4.9296875,4.22265625,1,0x14,0,0,0,1,0,1,0,-1,0,0,,,,,,,,,,,,,,,,,,,,,,
546,9,FREECAM_YAW,18.233333333333334,1300228,39679.8095703125,1258,38.39111328125,26.047694753577108,155,4.730224609375,1102,33.63037109375,1,0.030517578125,0x0BBF162F,3069,1262,1081,11.98828125,4.9296875,4.22265625,1,0x14,0,0,0,1,0,1,0,-1,0,0,,,,,,,,,,,,,,,,,,,,,,
547,9,FREECAM_YAW,18.266666666666666,1301469,39717.681884765625,1241,37.872314453125,26.404512489927477,154,4.69970703125,1087,33.172607421875,0,0.0,0x738F6485,3069,1262,1081,11.98828125,4.9296875,4.22265625,1,0x14,0,0,0,1,0,1,0,-1,0,0,,,,,,,,,,,,,,,,,,,,,,
548,9,FREECAM_YAW,18.3,1302676,39754.5166015625,1207,36.834716796875,27.148301574150786,154,4.69970703125,1053,32.135009765625,0,0.0,0x2E1DABB5,3069,1262,1081,11.98828125,4.9296875,4.22265625,1,0x14,0,0,0,1,0,1,0,-1,0,0,,,,,,,,,,,,,,,,,,,,,,
549,9,FREECAM_YAW,18.333333333333332,1303854,39790.46630859375,1178,35.94970703125,27.816638370118845,155,4.730224609375,1022,31.18896484375,1,0.030517578125,0x8BBE58C6,3069,1262,1081,11.98828125,4.9296875,4.22265625,1,0x14,0,0,0,1,0,1,0,-1,0,0,,,,,,,,,,,,,,,,,,,,,,
550,9,FREECAM_YAW,18.366666666666667,1305024,39826.171875,1170,35.70556640625,28.006837606837607,155,4.730224609375,1015,30.975341796875,0,0.0,0x3F7972FA,3069,1262,1081,11.98828125,4.9296875,4.22265625,1,0x14,0,0,0,1,0,1,0,-1,0,0,,,,,,,,,,,,,,,,,,,,,,
551,9,FREECAM_YAW,18.4,1306074,39858.21533203125,1050,32.04345703125,31.207619047619048,154,4.69970703125,896,27.34375,0,0.0,0x198020E6,3069,1262,1081,11.98828125,4.9296875,4.22265625,1,0x14,0,0,0,1,0,1,0,-1,0,0,,,,,,,,,,,,,,,,,,,,,,
552,9,FREECAM_YAW,18.433333333333334,1307125,39890.289306640625,1051,32.073974609375,31.1779257849667,155,4.730224609375,895,27.313232421875,1,0.030517578125,0x60A33A9C,3069,1262,1081,11.98828125,4.9296875,4.22265625,1,0x14,0,0,0,1,0,1,0,-1,0,0,,,,,,,,,,,,,,,,,,,,,,
553,9,FREECAM_YAW,18.466666666666665,1308081,39919.464111328125,956,29.1748046875,34.27615062761506,155,4.730224609375,801,24.444580078125,0,0.0,0xBF360EA3,3069,1262,1081,11.98828125,4.9296875,4.22265625,1,0x14,0,0,0,1,0,1,0,-1,0,0,,,,,,,,,,,,,,,,,,,,,,
554,9,FREECAM_YAW,18.5,1309038,39948.66943359375,957,29.205322265625,34.240334378265416,155,4.730224609375,801,24.444580078125,1,0.030517578125,0xFFCB4259,3069,1262,1081,11.98828125,4.9296875,4.22265625,1,0x14,0,0,0,1,0,1,0,-1,0,0,,,,,,,,,,,,,,,,,,,,,,
555,9,FREECAM_YAW,18.533333333333335,1309995,39977.874755859375,957,29.205322265625,34.240334378265416,155,4.730224609375,801,24.444580078125,1,0.030517578125,0x3DDA4090,3069,1262,1081,11.98828125,4.9296875,4.22265625,1,0x14,0,0,0,1,0,1,0,-1,0,0,,,,,,,,,,,,,,,,,,,,,,
556,9,FREECAM_YAW,18.566666666666666,1311047,40009.979248046875,1052,32.1044921875,31.14828897338403,155,4.730224609375,896,27.34375,1,0.030517578125,0x646433BE,3069,1262,1081,11.98828125,4.9296875,4.22265625,1,0x14,0,0,0,1,0,1,0,-1,0,0,,,,,,,,,,,,,,,,,,,,,,
557,9,FREECAM_YAW,18.6,1312122,40042.78564453125,1075,32.806396484375,30.48186046511628,155,4.730224609375,920,28.076171875,0,0.0,0x0DC77C76,3069,1262,1081,11.98828125,4.9296875,4.22265625,1,0x14,0,0,0,1,0,1,0,-1,0,0,,,,,,,,,,,,,,,,,,,,,,
558,9,FREECAM_YAW,18.633333333333333,1313298,40078.67431640625,1176,35.888671875,27.86394557823129,155,4.730224609375,1021,31.158447265625,0,0.0,0xD2CB2DFC,3069,1262,1081,11.98828125,4.9296875,4.22265625,1,0x14,0,0,0,1,0,1,0,-1,0,0,,,,,,,,,,,,,,,,,,,,,,
559,9,FREECAM_YAW,18.666666666666668,1314501,40115.386962890625,1203,36.712646484375,27.238570241064007,155,4.730224609375,1048,31.982421875,0,0.0,0x70927F5D,3069,1262,1081,11.98828125,4.9296875,4.22265625,1,0x14,0,0,0,1,0,1,0,-1,0,0,,,,,,,,,,,,,,,,,,,,,,
560,9,FREECAM_YAW,18.7,1315738,40153.13720703125,1237,37.750244140625,26.489894907033143,155,4.730224609375,1082,33.02001953125,0,0.0,0x042130CE,3069,1262,1081,11.98828125,4.9296875,4.22265625,1,0x14,0,0,0,1,0,1,0,-1,0,0,,,,,,,,,,,,,,,,,,,,,,
561,9,FREECAM_YAW,18.733333333333334,1316992,40191.40625,1254,38.26904296875,26.130781499202552,155,4.730224609375,1098,33.50830078125,1,0.030517578125,0xFF8769B6,3069,1262,1081,11.98828125,4.9296875,4.22265625,1,0x14,0,0,0,1,0,1,0,-1,0,0,,,,,,,,,,,,,,,,,,,,,,
562,9,FREECAM_YAW,18.766666666666666,1318261,40230.133056640625,1269,38.726806640625,25.821907013396377,154,4.69970703125,1115,34.027099609375,0,0.0,0xC113AF95,3069,1262,1081,11.98828125,4.9296875,4.22265625,1,0x14,0,0,0,1,0,1,0,-1,0,0,,,,,,,,,,,,,,,,,,,,,,
563,9,FREECAM_YAW,18.8,1319550,40269.47021484375,1289,39.337158203125,25.421256788207913,155,4.730224609375,1134,34.60693359375,0,0.0,0xA2A40271,3069,1262,1081,11.98828125,4.9296875,4.22265625,1,0x14,0,0,0,1,0,1,0,-1,0,0,,,,,,,,,,,,,,,,,,,,,,
564,9,FREECAM_YAW,18.833333333333332,1320840,40308.837890625,1290,39.36767578125,25.4015503875969,155,4.730224609375,1134,34.60693359375,1,0.030517578125,0x53C02975,3069,1262,1081,11.98828125,4.9296875,4.22265625,1,0x14,0,0,0,1,0,1,0,-1,0,0,,,,,,,,,,,,,,,,,,,,,,
565,9,FREECAM_YAW,18.866666666666667,1322131,40348.236083984375,1291,39.398193359375,25.381874515879165,154,4.69970703125,1136,34.66796875,1,0.030517578125,0xD6FA1B1C,3069,1262,1081,11.98828125,4.9296875,4.22265625,1,0x1C,0,0,0,1,1,1,0,-1,0,0,,,,,,,,,,,,,,,,,,,,,,
566,10,FREECAM_3D,18.9,1323431,40387.908935546875,1300,39.6728515625,25.206153846153846,155,4.730224609375,1144,34.912109375,1,0.030517578125,0x97B6A86E,3069,1262,1081,11.98828125,4.9296875,4.22265625,1,0x14,0,0,0,1,0,1,0,0,1,0,,,,,,,,,,,,,,,,,,,,,,
567,10,FREECAM_3D,18.933333333333334,1324768,40428.7109375,1337,40.802001953125,24.50860134629768,156,4.7607421875,1180,36.0107421875,1,0.030517578125,0xB16D2C2A,3069,1262,1081,11.98828125,4.9296875,4.22265625,1,0x14,0,0,0,1,0,1,0,0,1,0,,,,,,,,,,,,,,,,,,,,,,
568,10,FREECAM_3D,18.966666666666665,1326105,40469.512939453125,1337,40.802001953125,24.50860134629768,155,4.730224609375,1182,36.07177734375,0,0.0,0x99232FBD,3069,1262,1081,11.98828125,4.9296875,4.22265625,1,0x14,0,0,0,1,0,1,0,0,1,0,,,,,,,,,,,,,,,,,,,,,,
569,10,FREECAM_3D,19.0,1327454,40510.68115234375,1349,41.168212890625,24.29058561897702,155,4.730224609375,1194,36.43798828125,0,0.0,0x87F93679,3069,1262,1081,11.98828125,4.9296875,4.22265625,1,0x14,0,0,0,1,0,1,0,0,1,0,,,,,,,,,,,,,,,,,,,,,,
570,10,FREECAM_3D,19.033333333333335,1328822,40552.42919921875,1368,41.748046875,23.953216374269005,155,4.730224609375,1212,36.9873046875,1,0.030517578125,0x58F5109B,3069,1262,1081,11.98828125,4.9296875,4.22265625,1,0x14,0,0,0,1,0,1,0,0,1,0,,,,,,,,,,,,,,,,,,,,,,
571,10,FREECAM_3D,19.066666666666666,1330201,40594.512939453125,1379,42.083740234375,23.762146482958666,155,4.730224609375,1223,37.322998046875,1,0.030517578125,0xAE96CAD8,3069,1262,1081,11.98828125,4.9296875,4.22265625,1,0x14,0,0,0,1,0,1,0,0,1,0,,,,,,,,,,,,,,,,,,,,,,
572,10,FREECAM_3D,19.1,1331594,40637.02392578125,1393,42.510986328125,23.52333094041637,155,4.730224609375,1238,37.78076171875,0,0.0,0xA3747F26,3069,1262,1081,11.98828125,4.9296875,4.22265625,1,0x14,0,0,0,1,0,1,0,0,1,0,,,,,,,,,,,,,,,,,,,,,,
573,10,FREECAM_3D,19.133333333333333,1333000,40679.931640625,1406,42.90771484375,23.305832147937412,155,4.730224609375,1251,38.177490234375,0,0.0,0xC7FFADCF,3069,1262,1081,11.98828125,4.9296875,4.22265625,1,0x14,0,0,0,1,0,1,0,0,1,0,,,,,,,,,,,,,,,,,,,,,,
574,10,FREECAM_3D,19.166666666666668,1334421,40723.297119140625,1421,43.365478515625,23.05981703026038,155,4.730224609375,1265,38.604736328125,1,0.030517578125,0xA44C425B,3069,1262,1081,11.98828125,4.9296875,4.22265625,1,0x14,0,0,0,1,0,1,0,0,1,0,,,,,,,,,,,,,,,,,,,,,,
575,10,FREECAM_3D,19.2,1335845,40766.754150390625,1424,43.45703125,23.01123595505618,155,4.730224609375,1269,38.726806640625,0,0.0,0xF20D7777,3069,1262,1081,11.98828125,4.9296875,4.22265625,1,0x14,0,0,0,1,0,1,0,0,1,0,,,,,,,,,,,,,,,,,,,,,,
576,10,FREECAM_3D,19.233333333333334,1337267,40810.150146484375,1422,43.39599609375,23.043600562587905,155,4.730224609375,1267,38.665771484375,0,0.0,0x1D68886C,3069,1262,1081,11.98828125,4.9296875,4.22265625,1,0x14,0,0,0,1,0,1,0,0,1,0,,,,,,,,,,,,,,,,,,,,,,
577,10,FREECAM_3D,19.266666666666666,1338597,40850.738525390625,1330,40.58837890625,24.637593984962407,155,4.730224609375,1175,35.858154296875,0,0.0,0x65DFB05A,3069,1262,1081,11.98828125,4.9296875,4.22265625,1,0x14,0,0,0,1,0,1,0,0,1,0,,,,,,,,,,,,,,,,,,,,,,
578,10,FREECAM_3D,19.3,1339944,40891.845703125,1347,41.107177734375,24.326651818856718,155,4.730224609375,1191,36.346435546875,1,0.030517578125,0x7EDEF92F,3069,1262,1081,11.98828125,4.9296875,4.22265625,1,0x14,0,0,0,1,0,1,0,0,1,0,,,,,,,,,,,,,,,,,,,,,,
579,10,FREECAM_3D,19.333333333333332,1341186,40929.74853515625,1242,37.90283203125,26.383252818035427,155,4.730224609375,1087,33.172607421875,0,0.0,0x4310EEA4,3069,1262,1081,11.98828125,4.9296875,4.22265625,1,0x14,0,0,0,1,0,1,0,0,1,0,,,,,,,,,,,,,,,,,,,,,,
580,10,FREECAM_3D,19.366666666666667,1342426,40967.59033203125,1240,37.841796875,26.425806451612903,155,4.730224609375,1084,33.0810546875,1,0.030517578125,0x757DE4F2,3069,1262,1081,11.98828125,4.9296875,4.22265625,1,0x14,0,0,0,1,0,1,0,0,1,0,,,,,,,,,,,,,,,,,,,,,,
581,10,FREECAM_3D,19.4,1343648,41004.8828125,1222,37.29248046875,26.81505728314239,155,4.730224609375,1066,32.53173828125,1,0.030517578125,0x7496D160,3069,1262,1081,11.98828125,4.9296875,4.22265625,1,0x14,0,0,0,1,0,1,0,0,1,0,,,,,,,,,,,,,,,,,,,,,,
582,10,FREECAM_3D,19.433333333333334,1344868,41042.1142578125,1220,37.2314453125,26.859016393442623,155,4.730224609375,1064,32.470703125,1,0.030517578125,0x0F828D67,3069,1262,1081,11.98828125,4.9296875,4.22265625,1,0x14,0,0,0,1,0,1,0,0,1,0,,,,,,,,,,,,,,,,,,,,,,
583,10,FREECAM_3D,19.466666666666665,1346087,41079.315185546875,1219,37.200927734375,26.88105004101723,156,4.7607421875,1062,32.40966796875,1,0.030517578125,0x75381BF2,3069,1262,1081,11.98828125,4.9296875,4.22265625,1,0x14,0,0,0,1,0,1,0,0,1,0,,,,,,,,,,,,,,,,,,,,,,
584,10,FREECAM_3D,19.5,1347302,41116.39404296875,1215,37.078857421875,26.96954732510288,156,4.7607421875,1059,32.318115234375,0,0.0,0xBA858160,3069,1262,1081,11.98828125,4.9296875,4.22265625,1,0x14,0,0,0,1,0,1,0,0,1,0,,,,,,,,,,,,,,,,,,,,,,
585,10,FREECAM_3D,19.533333333333335,1348557,41154.693603515625,1255,38.299560546875,26.10996015936255,155,4.730224609375,1099,33.538818359375,1,0.030517578125,0x301ECFFF,3069,1262,1081,11.98828125,4.9296875,4.22265625,1,0x14,0,0,0,1,0,1,0,0,1,0,,,,,,,,,,,,,,,,,,,,,,
586,10,FREECAM_3D,19.566666666666666,1349807,41192.840576171875,1250,38.14697265625,26.2144,155,4.730224609375,1095,33.416748046875,0,0.0,0x1CAD1FE7,3069,1262,1081,11.98828125,4.9296875,4.22265625,1,0x14,0,0,0,1,0,1,0,0,1,0,,,,,,,,,,,,,,,,,,,,,,
587,10,FREECAM_3D,19.6,1351054,41230.89599609375,1247,38.055419921875,26.27746591820369,155,4.730224609375,1092,33.3251953125,0,0.0,0x125C255F,3069,1262,1081,11.98828125,4.9296875,4.22265625,1,0x14,0,0,0,1,0,1,0,0,1,0,,,,,,,,,,,,,,,,,,,,,,
588,10,FREECAM_3D,19.633333333333333,1352301,41268.951416015625,1247,38.055419921875,26.27746591820369,155,4.730224609375,1092,33.3251953125,0,0.0,0x351999EE,3069,1262,1081,11.98828125,4.9296875,4.22265625,1,0x14,0,0,0,1,0,1,0,0,1,0,,,,,,,,,,,,,,,,,,,,,,
589,10,FREECAM_3D,19.666666666666668,1353624,41309.326171875,1323,40.374755859375,24.767951625094483,155,4.730224609375,1168,35.64453125,0,0.0,0xAC17D57C,3069,1262,1081,11.98828125,4.9296875,4.22265625,1,0x14,0,0,0,1,0,1,0,0,1,0,,,,,,,,,,,,,,,,,,,,,,
590,10,FREECAM_3D,19.7,1354949,41349.761962890625,1325,40.435791015625,24.730566037735848,155,4.730224609375,1169,35.675048828125,1,0.030517578125,0x9AB97DEB,3069,1262,1081,11.98828125,4.9296875,4.22265625,1,0x14,0,0,0,1,0,1,0,0,1,0,,,,,,,,,,,,,,,,,,,,,,
591,10,FREECAM_3D,19.733333333333334,1357049,41413.848876953125,2100,64.0869140625,15.603809523809524,156,4.7607421875,1944,59.326171875,0,0.0,0x9F0DFB31,3069,1262,1081,11.98828125,4.9296875,4.22265625,1,0x14,0,0,0,1,0,1,0,0,1,0,,,,,,,,,,,,,,,,,,,,,,
592,10,FREECAM_3D,19.766666666666666,1359189,41479.156494140625,2140,65.3076171875,15.312149532710281,155,4.730224609375,1984,60.546875,1,0.030517578125,0x71DCCEE5,3069,1262,1081,11.98828125,4.9296875,4.22265625,1,0x14,0,0,0,1,0,1,0,0,1,0,,,,,,,,,,,,,,,,,,,,,,
593,10,FREECAM_3D,19.8,1361321,41544.219970703125,2132,65.0634765625,15.369606003752345,155,4.730224609375,1977,60.333251953125,0,0.0,0xA5FAE12A,3069,1262,1081,11.98828125,4.9296875,4.22265625,1,0x14,0,0,0,1,0,1,0,0,1,0,,,,,,,,,,,,,,,,,,,,,,
594,10,FREECAM_3D,19.833333333333332,1363751,41618.377685546875,2430,74.15771484375,13.48477366255144,155,4.730224609375,2274,69.39697265625,1,0.030517578125,0xA5318462,3069,1262,1081,11.98828125,4.9296875,4.22265625,1,0x14,0,0,0,1,0,1,0,0,1,0,,,,,,,,,,,,,,,,,,,,,,
595,10,FREECAM_3D,19.866666666666667,1366441,41700.469970703125,2690,82.09228515625,12.181412639405204,155,4.730224609375,2535,77.362060546875,0,0.0,0x0F056F37,3069,1262,1081,11.98828125,4.9296875,4.22265625,1,0x14,0,0,0,1,0,1,0,0,1,0,,,,,,,,,,,,,,,,,,,,,,
596,10,FREECAM_3D,19.9,1369162,41783.50830078125,2721,83.038330078125,12.04263138552003,155,4.730224609375,2566,78.30810546875,0,0.0,0x3DD7AA69,3069,1262,1081,11.98828125,4.9296875,4.22265625,1,0x14,0,0,0,1,0,1,0,0,1,0,,,,,,,,,,,,,,,,,,,,,,
597,10,FREECAM_3D,19.933333333333334,1371994,41869.93408203125,2832,86.42578125,11.570621468926554,155,4.730224609375,2676,81.6650390625,1,0.030517578125,0xE75BFEC1,3069,1262,1081,11.98828125,4.9296875,4.22265625,1,0x14,0,0,0,1,0,1,0,0,1,0,,,,,,,,,,,,,,,,,,,,,,
598,10,FREECAM_3D,19.966666666666665,1374886,41958.19091796875,2892,88.2568359375,11.330567081604427,155,4.730224609375,2737,83.526611328125,0,0.0,0xD5D21860,3069,1262,1081,11.98828125,4.9296875,4.22265625,1,0x14,0,0,0,1,0,1,0,0,1,0,,,,,,,,,,,,,,,,,,,,,,
599,10,FREECAM_3D,20.0,1377793,42046.905517578125,2907,88.714599609375,11.272101823185414,155,4.730224609375,2752,83.984375,0,0.0,0x95EDCE06,3069,1262,1081,11.98828125,4.9296875,4.22265625,1,0x14,0,0,0,1,0,1,0,0,1,0,,,,,,,,,,,,,,,,,,,,,,
600,10,FREECAM_3D,20.033333333333335,1381034,42145.81298828125,3241,98.907470703125,10.1104597346498,155,4.730224609375,3086,94.17724609375,0,0.0,0x63CE50E1,3069,1262,1081,11.98828125,4.9296875,4.22265625,1,0x14,0,0,0,1,0,1,0,0,1,0,,,,,,,,,,,,,,,,,,,,,,
601,10,FREECAM_3D,20.066666666666666,1384338,42246.64306640625,3304,100.830078125,9.91767554479419,155,4.730224609375,3149,96.099853515625,0,0.0,0x6BFB6151,3069,1262,1081,11.98828125,4.9296875,4.22265625,1,0x14,0,0,0,1,0,1,0,0,1,0,,,,,,,,,,,,,,,,,,,,,,
602,10,FREECAM_3D,20.1,1387917,42355.865478515625,3579,109.222412109375,9.155630064263761,155,4.730224609375,3423,104.461669921875,1,0.030517578125,0xBC1EDF23,3069,1262,1081,11.98828125,4.9296875,4.22265625,1,0x14,0,0,0,1,0,1,0,0,1,0,,,,,,,,,,,,,,,,,,,,,,
603,10,FREECAM_3D,20.133333333333333,1391535,42466.278076171875,3618,110.41259765625,9.056937534549474,156,4.7607421875,3461,105.621337890625,1,0.030517578125,0xF7C30E54,3069,1262,1081,11.98828125,4.9296875,4.22265625,1,0x14,0,0,0,1,0,1,0,0,1,0,,,,,,,,,,,,,,,,,,,,,,
604,10,FREECAM_3D,20.166666666666668,1395451,42585.784912109375,3916,119.5068359375,8.367722165474975,156,4.7607421875,3760,114.74609375,0,0.0,0x4540FC6A,3069,1262,1081,11.98828125,4.9296875,4.22265625,1,0x14,0,0,0,1,0,1,0,0,1,0,,,,,,,,,,,,,,,,,,,,,,
605,10,FREECAM_3D,20.2,1399411,42706.634521484375,3960,120.849609375,8.274747474747475,155,4.730224609375,3805,116.119384765625,0,0.0,0x06815C15,3069,1262,1081,11.98828125,4.9296875,4.22265625,1,0x14,0,0,0,1,0,1,0,0,1,0,,,,,,,,,,,,,,,,,,,,,,
606,10,FREECAM_3D,20.233333333333334,1403411,42828.704833984375,4000,122.0703125,8.192,155,4.730224609375,3844,117.3095703125,1,0.030517578125,0x7CE2CE39,3069,1262,1081,11.98828125,4.9296875,4.22265625,1,0x14,0,0,0,1,0,1,0,0,1,0,,,,,,,,,,,,,,,,,,,,,,
607,10,FREECAM_3D,20.266666666666666,1407450,42951.96533203125,4039,123.260498046875,8.112899232483288,155,4.730224609375,3883,118.499755859375,1,0.030517578125,0x0BF6A32B,3069,1262,1081,11.98828125,4.9296875,4.22265625,1,0x14,0,0,0,1,0,1,0,0,1,0,,,,,,,,,,,,,,,,,,,,,,
608,10,FREECAM_3D,20.3,1411433,43073.516845703125,3983,121.551513671875,8.22696459954808,156,4.7607421875,3826,116.76025390625,1,0.030517578125,0xD06752C8,3069,1262,1081,11.98828125,4.9296875,4.22265625,1,0x14,0,0,0,1,0,1,0,0,1,0,,,,,,,,,,,,,,,,,,,,,,
609,10,FREECAM_3D,20.333333333333332,1415764,43205.6884765625,4331,132.171630859375,7.565920110828908,156,4.7607421875,4175,127.410888671875,0,0.0,0x48A2917A,3069,1262,1081,11.98828125,4.9296875,4.22265625,1,0x14,0,0,0,1,0,1,0,0,1,0,,,,,,,,,,,,,,,,,,,,,,
610,10,FREECAM_3D,20.366666666666667,1420157,43339.752197265625,4393,134.063720703125,7.4591395401775555,155,4.730224609375,4238,129.33349609375,0,0.0,0x8CC51F67,3069,1262,1081,11.98828125,4.9296875,4.22265625,1,0x14,0,0,0,1,0,1,0,0,1,0,,,,,,,,,,,,,,,,,,,,,,
611,10,FREECAM_3D,20.4,1424625,43476.104736328125,4468,136.3525390625,7.333930170098478,155,4.730224609375,4312,131.591796875,1,0.030517578125,0xA8F28D70,3069,1262,1081,11.98828125,4.9296875,4.22265625,1,0x14,0,0,0,1,0,1,0,0,1,0,,,,,,,,,,,,,,,,,,,,,,
612,10,FREECAM_3D,20.433333333333334,1429118,43613.22021484375,4493,137.115478515625,7.293122635210327,155,4.730224609375,4338,132.38525390625,0,0.0,0xD7079BC0,3069,1262,1081,11.98828125,4.9296875,4.22265625,1,0x16,1,1,0,1,0,1,0,0,1,0,132.32421875,0.0,6.805419921875,18.4326171875,3.875732421875,2.0751953125,86.273193359375,0.823974609375,0.0,13.0615234375,0.9765625,0,0,0,0,0,0,0,0,0,0,0
613,10,FREECAM_3D,20.466666666666665,1433650,43751.52587890625,4532,138.3056640625,7.23036187113857,155,4.730224609375,4377,133.575439453125,0,0.0,0xDB7D8AB0,3069,1262,1081,11.98828125,4.9296875,4.22265625,1,0x14,0,0,0,1,0,1,0,0,1,0,,,,,,,,,,,,,,,,,,,,,,
614,10,FREECAM_3D,20.5,1438144,43888.671875,4494,137.14599609375,7.291499777481086,155,4.730224609375,4338,132.38525390625,1,0.030517578125,0xD7079BC0,3069,1262,1081,11.98828125,4.9296875,4.22265625,1,0x14,0,0,0,1,0,1,0,0,-1,0,,,,,,,,,,,,,,,,,,,,,,
615,10,FREECAM_3D,20.533333333333335,1442610,44024.96337890625,4466,136.29150390625,7.337214509628303,155,4.730224609375,4311,131.561279296875,0,0.0,0xA8F28D70,3069,1262,1081,11.98828125,4.9296875,4.22265625,1,0x14,0,0,0,1,0,1,0,0,-1,0,,,,,,,,,,,,,,,,,,,,,,
616,10,FREECAM_3D,20.566666666666666,1447003,44159.027099609375,4393,134.063720703125,7.4591395401775555,155,4.730224609375,4238,129.33349609375,0,0.0,0x8CC51F67,3069,1262,1081,11.98828125,4.9296875,4.22265625,1,0x14,0,0,0,1,0,1,0,0,-1,0,,,,,,,,,,,,,,,,,,,,,,
617,10,FREECAM_3D,20.6,1451333,44291.168212890625,4330,132.14111328125,7.567667436489607,155,4.730224609375,4175,127.410888671875,0,0.0,0x48A2917A,3069,1262,1081,11.98828125,4.9296875,4.22265625,1,0x14,0,0,0,1,0,1,0,0,-1,0,,,,,,,,,,,,,,,,,,,,,,
618,10,FREECAM_3D,20.633333333333333,1455314,44412.65869140625,3981,121.490478515625,8.231097714142175,155,4.730224609375,3826,116.76025390625,0,0.0,0xD06752C8,3069,1262,1081,11.98828125,4.9296875,4.22265625,1,0x14,0,0,0,1,0,1,0,0,-1,0,,,,,,,,,,,,,,,,,,,,,,
619,10,FREECAM_3D,20.666666666666668,1459260,44533.0810546875,3946,120.42236328125,8.30410542321338,155,4.730224609375,3790,115.66162109375,1,0.030517578125,0x0BF6A32B,3069,1262,1081,11.98828125,4.9296875,4.22265625,1,0x14,0,0,0,1,0,1,0,0,-1,0,,,,,,,,,,,,,,,,,,,,,,
620,10,FREECAM_3D,20.7,1463167,44652.313232421875,3907,119.232177734375,8.386997696442283,156,4.7607421875,3751,114.471435546875,0,0.0,0x7CE2CE39,3069,1262,1081,11.98828125,4.9296875,4.22265625,1,0x14,0,0,0,1,0,1,0,0,-1,0,,,,,,,,,,,,,,,,,,,,,,
621,10,FREECAM_3D,20.733333333333334,1467040,44770.5078125,3873,118.194580078125,8.460624838626387,155,4.730224609375,3718,113.46435546875,0,0.0,0x06815C15,3069,1262,1081,11.98828125,4.9296875,4.22265625,1,0x14,0,0,0,1,0,1,0,0,-1,0,,,,,,,,,,,,,,,,,,,,,,
622,10,FREECAM_3D,20.766666666666666,1470956,44890.0146484375,3916,119.5068359375,8.367722165474975,155,4.730224609375,3760,114.74609375,1,0.030517578125,0x4540FC6A,3069,1262,1081,11.98828125,4.9296875,4.22265625,1,0x14,0,0,0,1,0,1,0,0,-1,0,,,,,,,,,,,,,,,,,,,,,,
623,10,FREECAM_3D,20.8,1474574,45000.42724609375,3618,110.41259765625,9.056937534549474,156,4.7607421875,3461,105.621337890625,1,0.030517578125,0xF7C30E54,3069,1262,1081,11.98828125,4.9296875,4.22265625,1,0x14,0,0,0,1,0,1,0,0,-1,0,,,,,,,,,,,,,,,,,,,,,,
624,10,FREECAM_3D,20.833333333333332,1478152,45109.619140625,3578,109.19189453125,9.15818893236445,156,4.7607421875,3422,104.43115234375,0,0.0,0xBC1EDF23,3069,1262,1081,11.98828125,4.9296875,4.22265625,1,0x14,0,0,0,1,0,1,0,0,-1,0,,,,,,,,,,,,,,,,,,,,,,
625,10,FREECAM_3D,20.866666666666667,1481457,45210.479736328125,3305,100.860595703125,9.914674735249621,155,4.730224609375,3150,96.13037109375,0,0.0,0x6BFB6151,3069,1262,1081,11.98828125,4.9296875,4.22265625,1,0x14,0,0,0,1,0,1,0,0,-1,0,,,,,,,,,,,,,,,,,,,,,,
626,10,FREECAM_3D,20.9,1484698,45309.38720703125,3241,98.907470703125,10.1104597346498,155,4.730224609375,3086,94.17724609375,0,0.0,0x63CE50E1,3069,1262,1081,11.98828125,4.9296875,4.22265625,1,0x14,0,0,0,1,0,1,0,0,-1,0,,,,,,,,,,,,,,,,,,,,,,
627,10,FREECAM_3D,20.933333333333334,1487605,45398.101806640625,2907,88.714599609375,11.272101823185414,155,4.730224609375,2752,83.984375,0,0.0,0x95EDCE06,3069,1262,1081,11.98828125,4.9296875,4.22265625,1,0x14,0,0,0,1,0,1,0,0,-1,0,,,,,,,,,,,,,,,,,,,,,,
628,10,FREECAM_3D,20.966666666666665,1490499,45486.419677734375,2894,88.31787109375,11.322736696613683,155,4.730224609375,2738,83.55712890625,1,0.030517578125,0xD5D21860,3069,1262,1081,11.98828125,4.9296875,4.22265625,1,0x14,0,0,0,1,0,1,0,0,-1,0,,,,,,,,,,,,,,,,,,,,,,
629,10,FREECAM_3D,21.0,1493332,45572.8759765625,2833,86.456298828125,11.566537239675256,156,4.7607421875,2676,81.6650390625,1,0.030517578125,0xE75BFEC1,3069,1262,1081,11.98828125,4.9296875,4.22265625,1,0x14,0,0,0,1,0,1,0,0,-1,0,,,,,,,,,,,,,,,,,,,,,,
630,10,FREECAM_3D,21.033333333333335,1496053,45655.914306640625,2721,83.038330078125,12.04263138552003,155,4.730224609375,2566,78.30810546875,0,0.0,0x3DD7AA69,3069,1262,1081,11.98828125,4.9296875,4.22265625,1,0x14,0,0,0,1,0,1,0,0,-1,0,,,,,,,,,,,,,,,,,,,,,,
631,10,FREECAM_3D,21.066666666666666,1498744,45738.037109375,2691,82.122802734375,12.176885916016351,155,4.730224609375,2536,77.392578125,0,0.0,0x0F056F37,3069,1262,1081,11.98828125,4.9296875,4.22265625,1,0x14,0,0,0,1,0,1,0,0,-1,0,,,,,,,,,,,,,,,,,,,,,,
632,10,FREECAM_3D,21.1,1501199,45812.957763671875,2455,74.920654296875,13.34745417515275,155,4.730224609375,2299,70.159912109375,1,0.030517578125,0xA5318462,3069,1262,1081,11.98828125,4.9296875,4.22265625,1,0x14,0,0,0,1,0,1,0,0,-1,0,,,,,,,,,,,,,,,,,,,,,,
633,10,FREECAM_3D,21.133333333333333,1503331,45878.021240234375,2132,65.0634765625,15.369606003752345,155,4.730224609375,1977,60.333251953125,0,0.0,0xA5FAE12A,3069,1262,1081,11.98828125,4.9296875,4.22265625,1,0x14,0,0,0,1,0,1,0,0,-1,0,,,,,,,,,,,,,,,,,,,,,,
634,10,FREECAM_3D,21.166666666666668,1505470,45943.29833984375,2139,65.277099609375,15.319308087891539,155,4.730224609375,1984,60.546875,0,0.0,0x71DCCEE5,3069,1262,1081,11.98828125,4.9296875,4.22265625,1,0x14,0,0,0,1,0,1,0,0,-1,0,,,,,,,,,,,,,,,,,,,,,,
635,10,FREECAM_3D,21.2,1507569,46007.354736328125,2099,64.056396484375,15.611243449261552,155,4.730224609375,1944,59.326171875,0,0.0,0x9F0DFB31,3069,1262,1081,11.98828125,4.9296875,4.22265625,1,0x14,0,0,0,1,0,1,0,0,-1,0,,,,,,,,,,,,,,,,,,,,,,
636,10,FREECAM_3D,21.233333333333334,1508894,46047.79052734375,1325,40.435791015625,24.730566037735848,155,4.730224609375,1169,35.675048828125,1,0.030517578125,0x9AB97DEB,3069,1262,1081,11.98828125,4.9296875,4.22265625,1,0x14,0,0,0,1,0,1,0,0,-1,0,,,,,,,,,,,,,,,,,,,,,,
637,10,FREECAM_3D,21.266666666666666,1510219,46088.226318359375,1325,40.435791015625,24.730566037735848,156,4.7607421875,1168,35.64453125,1,0.030517578125,0xAC17D57C,3069,1262,1081,11.98828125,4.9296875,4.22265625,1,0x14,0,0,0,1,0,1,0,0,-1,0,,,,,,,,,,,,,,,,,,,,,,
638,10,FREECAM_3D,21.3,1511466,46126.28173828125,1247,38.055419921875,26.27746591820369,155,4.730224609375,1091,33.294677734375,1,0.030517578125,0x351999EE,3069,1262,1081,11.98828125,4.9296875,4.22265625,1,0x14,0,0,0,1,0,1,0,0,-1,0,,,,,,,,,,,,,,,,,,,,,,
639,10,FREECAM_3D,21.333333333333332,1512713,46164.337158203125,1247,38.055419921875,26.27746591820369,155,4.730224609375,1092,33.3251953125,0,0.0,0x125C255F,3069,1262,1081,11.98828125,4.9296875,4.22265625,1,0x14,0,0,0,1,0,1,0,0,-1,0,,,,,,,,,,,,,,,,,,,,,,
640,10,FREECAM_3D,21.366666666666667,1513964,46202.5146484375,1251,38.177490234375,26.193445243804955,155,4.730224609375,1096,33.447265625,0,0.0,0x1CAD1FE7,3069,1262,1081,11.98828125,4.9296875,4.22265625,1,0x14,0,0,0,1,0,1,0,0,-1,0,,,,,,,,,,,,,,,,,,,,,,
641,10,FREECAM_3D,21.4,1515219,46240.814208984375,1255,38.299560546875,26.10996015936255,155,4.730224609375,1099,33.538818359375,1,0.030517578125,0x301ECFFF,3069,1262,1081,11.98828125,4.9296875,4.22265625,1,0x14,0,0,0,1,0,1,0,0,-1,0,,,,,,,,,,,,,,,,,,,,,,
642,10,FREECAM_3D,21.433333333333334,1516433,46277.862548828125,1214,37.04833984375,26.99176276771005,155,4.730224609375,1059,32.318115234375,0,0.0,0xBA858160,3069,1262,1081,11.98828125,4.9296875,4.22265625,1,0x14,0,0,0,1,0,1,0,0,-1,0,,,,,,,,,,,,,,,,,,,,,,
643,10,FREECAM_3D,21.466666666666665,1517650,46315.00244140625,1217,37.139892578125,26.925225965488906,155,4.730224609375,1062,32.40966796875,0,0.0,0x75381BF2,3069,1262,1081,11.98828125,4.9296875,4.22265625,1,0x14,0,0,0,1,0,1,0,0,-1,0,,,,,,,,,,,,,,,,,,,,,,
644,10,FREECAM_3D,21.5,1518869,46352.203369140625,1219,37.200927734375,26.88105004101723,155,4.730224609375,1064,32.470703125,0,0.0,0x0F828D67,3069,1262,1081,11.98828125,4.9296875,4.22265625,1,0x14,0,0,0,1,0,1,0,0,-1,0,,,,,,,,,,,,,,,,,,,,,,
645,10,FREECAM_3D,21.533333333333335,1520090,46389.46533203125,1221,37.261962890625,26.83701883701884,155,4.730224609375,1066,32.53173828125,0,0.0,0x7496D160,3069,1262,1081,11.98828125,4.9296875,4.22265625,1,0x14,0,0,0,1,0,1,0,0,-1,0,,,,,,,,,,,,,,,,,,,,,,
646,10,FREECAM_3D,21.566666666666666,1521329,46427.276611328125,1239,37.811279296875,26.447134786117836,155,4.730224609375,1084,33.0810546875,0,0.0,0x757DE4F2,3069,1262,1081,11.98828125,4.9296875,4.22265625,1,0x14,0,0,0,1,0,1,0,0,-1,0,,,,,,,,,,,,,,,,,,,,,,
647,10,FREECAM_3D,21.6,1522572,46465.2099609375,1243,37.933349609375,26.362027353177794,155,4.730224609375,1087,33.172607421875,1,0.030517578125,0x4310EEA4,3069,1262,1081,11.98828125,4.9296875,4.22265625,1,0x14,0,0,0,1,0,1,0,0,-1,0,,,,,,,,,,,,,,,,,,,,,,
648,10,FREECAM_3D,21.633333333333333,1523919,46506.317138671875,1347,41.107177734375,24.326651818856718,155,4.730224609375,1191,36.346435546875,1,0.030517578125,0x7EDEF92F,3069,1262,1081,11.98828125,4.9296875,4.22265625,1,0x14,0,0,0,1,0,1,0,0,-1,0,,,,,,,,,,,,,,,,,,,,,,
649,10,FREECAM_3D,21.666666666666668,1525249,46546.905517578125,1330,40.58837890625,24.637593984962407,155,4.730224609375,1175,35.858154296875,0,0.0,0x65DFB05A,3069,1262,1081,11.98828125,4.9296875,4.22265625,1,0x14,0,0,0,1,0,1,0,0,-1,0,,,,,,,,,,,,,,,,,,,,,,
650,10,FREECAM_3D,21.7,1526671,46590.301513671875,1422,43.39599609375,23.043600562587905,155,4.730224609375,1267,38.665771484375,0,0.0,0x1D68886C,3069,1262,1081,11.98828125,4.9296875,4.22265625,1,0x14,0,0,0,1,0,1,0,0,-1,0,,,,,,,,,,,,,,,,,,,,,,
651,10,FREECAM_3D,21.733333333333334,1528095,46633.758544921875,1424,43.45703125,23.01123595505618,155,4.730224609375,1269,38.726806640625,0,0.0,0xF20D7777,3069,1262,1081,11.98828125,4.9296875,4.22265625,1,0x14,0,0,0,1,0,1,0,0,-1,0,,,,,,,,,,,,,,,,,,,,,,
652,10,FREECAM_3D,21.766666666666666,1529516,46677.1240234375,1421,43.365478515625,23.05981703026038,155,4.730224609375,1265,38.604736328125,1,0.030517578125,0xA44C425B,3069,1262,1081,11.98828125,4.9296875,4.22265625,1,0x14,0,0,0,1,0,1,0,0,-1,0,,,,,,,,,,,,,,,,,,,,,,
653,10,FREECAM_3D,21.8,1530923,46720.062255859375,1407,42.938232421875,23.289267945984363,155,4.730224609375,1251,38.177490234375,1,0.030517578125,0xC7FFADCF,3069,1262,1081,11.98828125,4.9296875,4.22265625,1,0x14,0,0,0,1,0,1,0,0,-1,0,,,,,,,,,,,,,,,,,,,,,,
654,10,FREECAM_3D,21.833333333333332,1532316,46762.5732421875,1393,42.510986328125,23.52333094041637,155,4.730224609375,1238,37.78076171875,0,0.0,0xA3747F26,3069,1262,1081,11.98828125,4.9296875,4.22265625,1,0x14,0,0,0,1,0,1,0,0,-1,0,,,,,,,,,,,,,,,,,,,,,,
655,10,FREECAM_3D,21.866666666666667,1533695,46804.656982421875,1379,42.083740234375,23.762146482958666,155,4.730224609375,1224,37.353515625,0,0.0,0xAE96CAD8,3069,1262,1081,11.98828125,4.9296875,4.22265625,1,0x14,0,0,0,1,0,1,0,0,-1,0,,,,,,,,,,,,,,,,,,,,,,
656,10,FREECAM_3D,21.9,1535062,46846.37451171875,1367,41.717529296875,23.970738844184346,155,4.730224609375,1212,36.9873046875,0,0.0,0x58F5109B,3069,1262,1081,11.98828125,4.9296875,4.22265625,1,0x14,0,0,0,1,0,1,0,0,-1,0,,,,,,,,,,,,,,,,,,,,,,
657,10,FREECAM_3D,21.933333333333334,1536412,46887.5732421875,1350,41.19873046875,24.27259259259259,155,4.730224609375,1194,36.43798828125,1,0.030517578125,0x87F93679,3069,1262,1081,11.98828125,4.9296875,4.22265625,1,0x14,0,0,0,1,0,1,0,0,-1,0,,,,,,,,,,,,,,,,,,,,,,
658,10,FREECAM_3D,21.966666666666665,1537749,46928.375244140625,1337,40.802001953125,24.50860134629768,156,4.7607421875,1181,36.041259765625,0,0.0,0x99232FBD,3069,1262,1081,11.98828125,4.9296875,4.22265625,1,0x14,0,0,0,1,0,1,0,0,-1,0,,,,,,,,,,,,,,,,,,,,,,
659,10,FREECAM_3D,22.0,1539084,46969.1162109375,1335,40.740966796875,24.545318352059926,155,4.730224609375,1180,36.0107421875,0,0.0,0xB16D2C2A,3069,1262,1081,11.98828125,4.9296875,4.22265625,1,0x14,0,0,0,1,0,1,0,0,-1,0,,,,,,,,,,,,,,,,,,,,,,
660,10,FREECAM_3D,22.033333333333335,1540383,47008.758544921875,1299,39.642333984375,25.225558121632023,155,4.730224609375,1144,34.912109375,0,0.0,0x97B6A86E,3069,1262,1081,11.98828125,4.9296875,4.22265625,1,0x14,0,0,0,1,0,1,0,0,-1,0,,,,,,,,,,,,,,,,,,,,,,
661,10,FREECAM_3D,22.066666666666666,1541674,47048.15673828125,1291,39.398193359375,25.381874515879165,155,4.730224609375,1136,34.66796875,0,0.0,0xD6FA1B1C,3069,1262,1081,11.98828125,4.9296875,4.22265625,1,0x14,0,0,0,1,0,1,0,0,-1,0,,,,,,,,,,,,,,,,,,,,,,
662,10,FREECAM_3D,22.1,1542952,47087.158203125,1278,39.00146484375,25.640062597809077,155,4.730224609375,1122,34.24072265625,1,0.030517578125,0x8B4C3E5A,3069,1262,1081,11.98828125,4.9296875,4.22265625,1,0x14,0,0,0,1,0,1,0,0,-1,0,,,,,,,,,,,,,,,,,,,,,,
663,10,FREECAM_3D,22.133333333333333,1544224,47125.9765625,1272,38.818359375,25.761006289308177,151,4.608154296875,1121,34.210205078125,0,0.0,0x8B4C3E5A,3069,1262,1081,11.98828125,4.9296875,4.22265625,1,0x10,0,0,0,0,0,1,0,0,-1,0,,,,,,,,,,,,,,,,,,,,,,
664,10,FREECAM_3D,22.166666666666668,1545497,47164.825439453125,1273,38.848876953125,25.74076983503535,151,4.608154296875,1122,34.24072265625,0,0.0,0x8B4C3E5A,3069,1262,1081,11.98828125,4.9296875,4.22265625,1,0x10,0,0,0,0,0,1,0,0,-1,0,,,,,,,,,,,,,,,,,,,,,,
665,10,FREECAM_3D,22.2,1546770,47203.67431640625,1273,38.848876953125,25.74076983503535,151,4.608154296875,1122,34.24072265625,0,0.0,0x8B4C3E5A,3069,1262,1081,11.98828125,4.9296875,4.22265625,1,0x10,0,0,0,0,0,1,0,0,-1,0,,,,,,,,,,,,,,,,,,,,,,
666,10,FREECAM_3D,22.233333333333334,1548044,47242.5537109375,1274,38.87939453125,25.72056514913658,151,4.608154296875,1122,34.24072265625,1,0.030517578125,0x8B4C3E5A,3069,1262,1081,11.98828125,4.9296875,4.22265625,1,0x10,0,0,0,0,0,1,0,0,-1,0,,,,,,,,,,,,,,,,,,,,,,
667,10,FREECAM_3D,22.266666666666666,1549318,47281.43310546875,1274,38.87939453125,25.72056514913658,151,4.608154296875,1122,34.24072265625,1,0.030517578125,0x8B4C3E5A,3069,1262,1081,11.98828125,4.9296875,4.22265625,1,0x10,0,0,0,0,0,1,0,0,-1,0,,,,,,,,,,,,,,,,,,,,,,
668,10,FREECAM_3D,22.3,1550590,47320.25146484375,1272,38.818359375,25.761006289308177,151,4.608154296875,1121,34.210205078125,0,0.0,0x8B4C3E5A,3069,1262,1081,11.98828125,4.9296875,4.22265625,1,0x10,0,0,0,0,0,1,0,0,-1,0,,,,,,,,,,,,,,,,,,,,,,
669,10,FREECAM_3D,22.333333333333332,1551862,47359.06982421875,1272,38.818359375,25.761006289308177,151,4.608154296875,1121,34.210205078125,0,0.0,0x8B4C3E5A,3069,1262,1081,11.98828125,4.9296875,4.22265625,1,0x10,0,0,0,0,0,1,0,0,-1,0,,,,,,,,,,,,,,,,,,,,,,
670,10,FREECAM_3D,22.366666666666667,1553135,47397.918701171875,1273,38.848876953125,25.74076983503535,151,4.608154296875,1122,34.24072265625,0,0.0,0x8B4C3E5A,3069,1262,1081,11.98828125,4.9296875,4.22265625,1,0x10,0,0,0,0,0,1,0,0,-1,0,,,,,,,,,,,,,,,,,,,,,,
671,10,FREECAM_3D,22.4,1554409,47436.798095703125,1274,38.87939453125,25.72056514913658,151,4.608154296875,1122,34.24072265625,1,0.030517578125,0x8B4C3E5A,3069,1262,1081,11.98828125,4.9296875,4.22265625,1,0x10,0,0,0,0,0,1,0,0,-1,0,,,,,,,,,,,,,,,,,,,,,,
672,10,FREECAM_3D,22.433333333333334,1555683,47475.677490234375,1274,38.87939453125,25.72056514913658,151,4.608154296875,1122,34.24072265625,1,0.030517578125,0x8B4C3E5A,3069,1262,1081,11.98828125,4.9296875,4.22265625,1,0x10,0,0,0,0,0,1,0,0,-1,0,,,,,,,,,,,,,,,,,,,,,,
673,10,FREECAM_3D,22.466666666666665,1556956,47514.5263671875,1273,38.848876953125,25.74076983503535,151,4.608154296875,1122,34.24072265625,0,0.0,0x8B4C3E5A,3069,1262,1081,11.98828125,4.9296875,4.22265625,1,0x10,0,0,0,0,0,1,0,0,-1,0,,,,,,,,,,,,,,,,,,,,,,
674,10,FREECAM_3D,22.5,1558228,47553.3447265625,1272,38.818359375,25.761006289308177,151,4.608154296875,1121,34.210205078125,0,0.0,0x8B4C3E5A,3069,1262,1081,11.98828125,4.9296875,4.22265625,1,0x10,0,0,0,0,0,1,0,0,-1,0,,,,,,,,,,,,,,,,,,,,,,
675,10,FREECAM_3D,22.533333333333335,1559501,47592.193603515625,1273,38.848876953125,25.74076983503535,151,4.608154296875,1122,34.24072265625,0,0.0,0x8B4C3E5A,3069,1262,1081,11.98828125,4.9296875,4.22265625,1,0x10,0,0,0,0,0,1,0,0,-1,0,,,,,,,,,,,,,,,,,,,,,,
676,10,FREECAM_3D,22.566666666666666,1560775,47631.072998046875,1274,38.87939453125,25.72056514913658,151,4.608154296875,1122,34.24072265625,1,0.030517578125,0x8B4C3E5A,3069,1262,1081,11.98828125,4.9296875,4.22265625,1,0x10,0,0,0,0,0,1,0,0,-1,0,,,,,,,,,,,,,,,,,,,,,,
677,10,FREECAM_3D,22.6,1562049,47669.952392578125,1274,38.87939453125,25.72056514913658,151,4.608154296875,1122,34.24072265625,1,0.030517578125,0x8B4C3E5A,3069,1262,1081,11.98828125,4.9296875,4.22265625,1,0x10,0,0,0,0,0,1,0,0,-1,0,,,,,,,,,,,,,,,,,,,,,,
678,10,FREECAM_3D,22.633333333333333,1563322,47708.80126953125,1273,38.848876953125,25.74076983503535,150,4.57763671875,1122,34.24072265625,1,0.030517578125,0x8B4C3E5A,3069,1262,1081,11.98828125,4.9296875,4.22265625,1,0x10,0,0,0,0,0,1,0,0,-1,0,,,,,,,,,,,,,,,,,,,,,,
679,10,FREECAM_3D,22.666666666666668,1564594,47747.61962890625,1272,38.818359375,25.761006289308177,151,4.608154296875,1121,34.210205078125,0,0.0,0x8B4C3E5A,3069,1262,1081,11.98828125,4.9296875,4.22265625,1,0x10,0,0,0,0,0,1,0,0,-1,0,,,,,,,,,,,,,,,,,,,,,,
680,10,FREECAM_3D,22.7,1565867,47786.468505859375,1273,38.848876953125,25.74076983503535,151,4.608154296875,1122,34.24072265625,0,0.0,0x8B4C3E5A,3069,1262,1081,11.98828125,4.9296875,4.22265625,1,0x10,0,0,0,0,0,1,0,0,-1,0,,,,,,,,,,,,,,,,,,,,,,
681,10,FREECAM_3D,22.733333333333334,1567140,47825.3173828125,1273,38.848876953125,25.74076983503535,151,4.608154296875,1122,34.24072265625,0,0.0,0x8B4C3E5A,3069,1262,1081,11.98828125,4.9296875,4.22265625,1,0x10,0,0,0,0,0,1,0,0,-1,0,,,,,,,,,,,,,,,,,,,,,,
682,10,FREECAM_3D,22.766666666666666,1568414,47864.19677734375,1274,38.87939453125,25.72056514913658,151,4.608154296875,1122,34.24072265625,1,0.030517578125,0x8B4C3E5A,3069,1262,1081,11.98828125,4.9296875,4.22265625,1,0x10,0,0,0,0,0,1,0,0,-1,0,,,,,,,,,,,,,,,,,,,,,,
683,10,FREECAM_3D,22.8,1569688,47903.076171875,1274,38.87939453125,25.72056514913658,151,4.608154296875,1122,34.24072265625,1,0.030517578125,0x8B4C3E5A,3069,1262,1081,11.98828125,4.9296875,4.22265625,1,0x10,0,0,0,0,0,1,0,0,-1,0,,,,,,,,,,,,,,,,,,,,,,
684,10,FREECAM_3D,22.833333333333332,1570960,47941.89453125,1272,38.818359375,25.761006289308177,151,4.608154296875,1121,34.210205078125,0,0.0,0x8B4C3E5A,3069,1262,1081,11.98828125,4.9296875,4.22265625,1,0x10,0,0,0,0,0,1,0,0,-1,0,,,,,,,,,,,,,,,,,,,,,,
685,10,FREECAM_3D,22.866666666666667,1572232,47980.712890625,1272,38.818359375,25.761006289308177,151,4.608154296875,1121,34.210205078125,0,0.0,0x8B4C3E5A,3069,1262,1081,11.98828125,4.9296875,4.22265625,1,0x10,0,0,0,0,0,1,0,0,-1,0,,,,,,,,,,,,,,,,,,,,,,
686,10,FREECAM_3D,22.9,1573505,48019.561767578125,1273,38.848876953125,25.74076983503535,151,4.608154296875,1122,34.24072265625,0,0.0,0x8B4C3E5A,3069,1262,1081,11.98828125,4.9296875,4.22265625,1,0x10,0,0,0,0,0,1,0,0,-1,0,,,,,,,,,,,,,,,,,,,,,,
687,10,FREECAM_3D,22.933333333333334,1574779,48058.441162109375,1274,38.87939453125,25.72056514913658,151,4.608154296875,1122,34.24072265625,1,0.030517578125,0x8B4C3E5A,3069,1262,1081,11.98828125,4.9296875,4.22265625,1,0x10,0,0,0,0,0,1,0,0,-1,0,,,,,,,,,,,,,,,,,,,,,,
688,10,FREECAM_3D,22.966666666666665,1576053,48097.320556640625,1274,38.87939453125,25.72056514913658,151,4.608154296875,1122,34.24072265625,1,0.030517578125,0x8B4C3E5A,3069,1262,1081,11.98828125,4.9296875,4.22265625,1,0x10,0,0,0,0,0,1,0,0,-1,0,,,,,,,,,,,,,,,,,,,,,,
689,10,FREECAM_3D,23.0,1577326,48136.16943359375,1273,38.848876953125,25.74076983503535,151,4.608154296875,1122,34.24072265625,0,0.0,0x8B4C3E5A,3069,1262,1081,11.98828125,4.9296875,4.22265625,1,0x10,0,0,0,0,0,1,0,0,-1,0,,,,,,,,,,,,,,,,,,,,,,
690,10,FREECAM_3D,23.033333333333335,1578598,48174.98779296875,1272,38.818359375,25.761006289308177,151,4.608154296875,1121,34.210205078125,0,0.0,0x8B4C3E5A,3069,1262,1081,11.98828125,4.9296875,4.22265625,1,0x10,0,0,0,0,0,1,0,0,-1,0,,,,,,,,,,,,,,,,,,,,,,
691,10,FREECAM_3D,23.066666666666666,1579871,48213.836669921875,1273,38.848876953125,25.74076983503535,151,4.608154296875,1122,34.24072265625,0,0.0,0x8B4C3E5A,3069,1262,1081,11.98828125,4.9296875,4.22265625,1,0x10,0,0,0,0,0,1,0,0,-1,0,,,,,,,,,,,,,,,,,,,,,,
692,10,FREECAM_3D,23.1,1581145,48252.716064453125,1274,38.87939453125,25.72056514913658,151,4.608154296875,1122,34.24072265625,1,0.030517578125,0x8B4C3E5A,3069,1262,1081,11.98828125,4.9296875,4.22265625,1,0x10,0,0,0,0,0,1,0,0,-1,0,,,,,,,,,,,,,,,,,,,,,,
693,10,FREECAM_3D,23.133333333333333,1582419,48291.595458984375,1274,38.87939453125,25.72056514913658,151,4.608154296875,1122,34.24072265625,1,0.030517578125,0x8B4C3E5A,3069,1262,1081,11.98828125,4.9296875,4.22265625,1,0x10,0,0,0,0,0,1,0,0,-1,0,,,,,,,,,,,,,,,,,,,,,,
694,10,FREECAM_3D,23.166666666666668,1583692,48330.4443359375,1273,38.848876953125,25.74076983503535,150,4.57763671875,1122,34.24072265625,1,0.030517578125,0x8B4C3E5A,3069,1262,1081,11.98828125,4.9296875,4.22265625,1,0x10,0,0,0,0,0,1,0,0,-1,0,,,,,,,,,,,,,,,,,,,,,,
695,10,FREECAM_3D,23.2,1584964,48369.2626953125,1272,38.818359375,25.761006289308177,151,4.608154296875,1121,34.210205078125,0,0.0,0x8B4C3E5A,3069,1262,1081,11.98828125,4.9296875,4.22265625,1,0x10,0,0,0,0,0,1,0,0,-1,0,,,,,,,,,,,,,,,,,,,,,,
696,10,FREECAM_3D,23.233333333333334,1586237,48408.111572265625,1273,38.848876953125,25.74076983503535,151,4.608154296875,1122,34.24072265625,0,0.0,0x8B4C3E5A,3069,1262,1081,11.98828125,4.9296875,4.22265625,1,0x10,0,0,0,0,0,1,0,0,-1,0,,,,,,,,,,,,,,,,,,,,,,
697,10,FREECAM_3D,23.266666666666666,1587510,48446.96044921875,1273,38.848876953125,25.74076983503535,151,4.608154296875,1122,34.24072265625,0,0.0,0x8B4C3E5A,3069,1262,1081,11.98828125,4.9296875,4.22265625,1,0x10,0,0,0,0,0,1,0,0,-1,0,,,,,,,,,,,,,,,,,,,,,,
698,10,FREECAM_3D,23.3,1588784,48485.83984375,1274,38.87939453125,25.72056514913658,151,4.608154296875,1122,34.24072265625,1,0.030517578125,0x8B4C3E5A,3069,1262,1081,11.98828125,4.9296875,4.22265625,1,0x10,0,0,0,0,0,1,0,0,-1,0,,,,,,,,,,,,,,,,,,,,,,
699,10,FREECAM_3D,23.333333333333332,1590058,48524.71923828125,1274,38.87939453125,25.72056514913658,151,4.608154296875,1122,34.24072265625,1,0.030517578125,0x8B4C3E5A,3069,1262,1081,11.98828125,4.9296875,4.22265625,1,0x10,0,0,0,0,0,1,0,0,-1,0,,,,,,,,,,,,,,,,,,,,,,
700,10,FREECAM_3D,23.366666666666667,1591330,48563.53759765625,1272,38.818359375,25.761006289308177,151,4.608154296875,1121,34.210205078125,0,0.0,0x8B4C3E5A,3069,1262,1081,11.98828125,4.9296875,4.22265625,1,0x10,0,0,0,0,0,1,0,0,-1,0,,,,,,,,,,,,,,,,,,,,,,
701,10,FREECAM_3D,23.4,1592602,48602.35595703125,1272,38.818359375,25.761006289308177,151,4.608154296875,1121,34.210205078125,0,0.0,0x8B4C3E5A,3069,1262,1081,11.98828125,4.9296875,4.22265625,1,0x10,0,0,0,0,0,1,0,0,-1,0,,,,,,,,,,,,,,,,,,,,,,
702,10,FREECAM_3D,23.433333333333334,1593875,48641.204833984375,1273,38.848876953125,25.74076983503535,151,4.608154296875,1122,34.24072265625,0,0.0,0x8B4C3E5A,3069,1262,1081,11.98828125,4.9296875,4.22265625,1,0x10,0,0,0,0,0,1,0,0,-1,0,,,,,,,,,,,,,,,,,,,,,,
703,10,FREECAM_3D,23.466666666666665,1595149,48680.084228515625,1274,38.87939453125,25.72056514913658,151,4.608154296875,1122,34.24072265625,1,0.030517578125,0x8B4C3E5A,3069,1262,1081,11.98828125,4.9296875,4.22265625,1,0x10,0,0,0,0,0,1,0,0,-1,0,,,,,,,,,,,,,,,,,,,,,,
704,10,FREECAM_3D,23.5,1596423,48718.963623046875,1274,38.87939453125,25.72056514913658,151,4.608154296875,1122,34.24072265625,1,0.030517578125,0x8B4C3E5A,3069,1262,1081,11.98828125,4.9296875,4.22265625,1,0x10,0,0,0,0,0,1,0,0,-1,0,,,,,,,,,,,,,,,,,,,,,,
705,10,FREECAM_3D,23.533333333333335,1597696,48757.8125,1273,38.848876953125,25.74076983503535,151,4.608154296875,1122,34.24072265625,0,0.0,0x8B4C3E5A,3069,1262,1081,11.98828125,4.9296875,4.22265625,1,0x10,0,0,0,0,0,1,0,0,-1,0,,,,,,,,,,,,,,,,,,,,,,
706,10,FREECAM_3D,23.566666666666666,1598968,48796.630859375,1272,38.818359375,25.761006289308177,151,4.608154296875,1121,34.210205078125,0,0.0,0x8B4C3E5A,3069,1262,1081,11.98828125,4.9296875,4.22265625,1,0x10,0,0,0,0,0,1,0,0,-1,0,,,,,,,,,,,,,,,,,,,,,,
707,10,FREECAM_3D,23.6,1600241,48835.479736328125,1273,38.848876953125,25.74076983503535,151,4.608154296875,1122,34.24072265625,0,0.0,0x8B4C3E5A,3069,1262,1081,11.98828125,4.9296875,4.22265625,1,0x10,0,0,0,0,0,1,0,0,-1,0,,,,,,,,,,,,,,,,,,,,,,
708,10,FREECAM_3D,23.633333333333333,1601515,48874.359130859375,1274,38.87939453125,25.72056514913658,151,4.608154296875,1122,34.24072265625,1,0.030517578125,0x8B4C3E5A,3069,1262,1081,11.98828125,4.9296875,4.22265625,1,0x10,0,0,0,0,0,1,0,0,-1,0,,,,,,,,,,,,,,,,,,,,,,
709,10,FREECAM_3D,23.666666666666668,1602789,48913.238525390625,1274,38.87939453125,25.72056514913658,151,4.608154296875,1122,34.24072265625,1,0.030517578125,0x8B4C3E5A,3069,1262,1081,11.98828125,4.9296875,4.22265625,1,0x10,0,0,0,0,0,1,0,0,-1,0,,,,,,,,,,,,,,,,,,,,,,
710,10,FREECAM_3D,23.7,1604079,48952.606201171875,1290,39.36767578125,25.4015503875969,155,4.730224609375,1135,34.637451171875,0,0.0,0xD6FA1B1C,3069,1262,1081,11.98828125,4.9296875,4.22265625,1,0x14,0,0,0,1,0,1,0,0,1,0,,,,,,,,,,,,,,,,,,,,,,
711,10,FREECAM_3D,23.733333333333334,1605379,48992.279052734375,1300,39.6728515625,25.206153846153846,155,4.730224609375,1144,34.912109375,1,0.030517578125,0x97B6A86E,3069,1262,1081,11.98828125,4.9296875,4.22265625,1,0x14,0,0,0,1,0,1,0,0,1,0,,,,,,,,,,,,,,,,,,,,,,
712,10,FREECAM_3D,23.766666666666666,1606713,49032.989501953125,1334,40.71044921875,24.563718140929534,155,4.730224609375,1179,35.980224609375,0,0.0,0xB16D2C2A,3069,1262,1081,11.98828125,4.9296875,4.22265625,1,0x14,0,0,0,1,0,1,0,0,1,0,,,,,,,,,,,,,,,,,,,,,,
713,10,FREECAM_3D,23.8,1608051,49073.822021484375,1338,40.83251953125,24.490284005979074,155,4.730224609375,1182,36.07177734375,1,0.030517578125,0x99232FBD,3069,1262,1081,11.98828125,4.9296875,4.22265625,1,0x14,0,0,0,1,0,1,0,0,1,0,,,,,,,,,,,,,,,,,,,,,,
714,10,FREECAM_3D,23.833333333333332,1609401,49115.020751953125,1350,41.19873046875,24.27259259259259,156,4.7607421875,1194,36.43798828125,0,0.0,0x87F93679,3069,1262,1081,11.98828125,4.9296875,4.22265625,1,0x14,0,0,0,1,0,1,0,0,1,0,,,,,,,,,,,,,,,,,,,,,,
715,10,FREECAM_3D,23.866666666666667,1610769,49156.768798828125,1368,41.748046875,23.953216374269005,155,4.730224609375,1212,36.9873046875,1,0.030517578125,0x58F5109B,3069,1262,1081,11.98828125,4.9296875,4.22265625,1,0x14,0,0,0,1,0,1,0,0,1,0,,,,,,,,,,,,,,,,,,,,,,
716,10,FREECAM_3D,23.9,1612147,49198.822021484375,1378,42.05322265625,23.779390420899855,155,4.730224609375,1223,37.322998046875,0,0.0,0xAE96CAD8,3069,1262,1081,11.98828125,4.9296875,4.22265625,1,0x14,0,0,0,1,0,1,0,0,1,0,,,,,,,,,,,,,,,,,,,,,,
717,10,FREECAM_3D,23.933333333333334,1613541,49241.363525390625,1394,42.54150390625,23.506456241033,155,4.730224609375,1238,37.78076171875,1,0.030517578125,0xA3747F26,3069,1262,1081,11.98828125,4.9296875,4.22265625,1,0x14,0,0,0,1,0,1,0,0,1,0,,,,,,,,,,,,,,,,,,,,,,
718,10,FREECAM_3D,23.966666666666665,1614947,49284.271240234375,1406,42.90771484375,23.305832147937412,155,4.730224609375,1251,38.177490234375,0,0.0,0xC7FFADCF,3069,1262,1081,11.98828125,4.9296875,4.22265625,1,0x14,0,0,0,1,0,1,0,0,1,0,,,,,,,,,,,,,,,,,,,,,,
719,10,FREECAM_3D,24.0,1616367,49327.606201171875,1420,43.3349609375,23.07605633802817,155,4.730224609375,1265,38.604736328125,0,0.0,0xA44C425B,3069,1262,1081,11.98828125,4.9296875,4.22265625,1,0x14,0,0,0,1,0,1,0,0,1,0,,,,,,,,,,,,,,,,,,,,,,
720,10,FREECAM_3D,24.033333333333335,1617791,49371.063232421875,1424,43.45703125,23.01123595505618,155,4.730224609375,1269,38.726806640625,0,0.0,0xF20D7777,3069,1262,1081,11.98828125,4.9296875,4.22265625,1,0x14,0,0,0,1,0,1,0,0,1,0,,,,,,,,,,,,,,,,,,,,,,
721,10,FREECAM_3D,24.066666666666666,1619213,49414.459228515625,1422,43.39599609375,23.043600562587905,155,4.730224609375,1267,38.665771484375,0,0.0,0x1D68886C,3069,1262,1081,11.98828125,4.9296875,4.22265625,1,0x14,0,0,0,1,0,1,0,0,1,0,,,,,,,,,,,,,,,,,,,,,,
722,10,FREECAM_3D,24.1,1620544,49455.078125,1331,40.618896484375,24.6190833959429,155,4.730224609375,1175,35.858154296875,1,0.030517578125,0x65DFB05A,3069,1262,1081,11.98828125,4.9296875,4.22265625,1,0x14,0,0,0,1,0,1,0,0,1,0,,,,,,,,,,,,,,,,,,,,,,
723,10,FREECAM_3D,24.133333333333333,1621890,49496.15478515625,1346,41.07666015625,24.344725111441306,155,4.730224609375,1190,36.31591796875,1,0.030517578125,0x7EDEF92F,3069,1262,1081,11.98828125,4.9296875,4.22265625,1,0x14,0,0,0,1,0,1,0,0,1,0,,,,,,,,,,,,,,,,,,,,,,
724,10,FREECAM_3D,24.166666666666668,1623131,49534.027099609375,1241,37.872314453125,26.404512489927477,155,4.730224609375,1086,33.14208984375,0,0.0,0x4310EEA4,3069,1262,1081,11.98828125,4.9296875,4.22265625,1,0x14,0,0,0,1,0,1,0,0,1,0,,,,,,,,,,,,,,,,,,,,,,
725,10,FREECAM_3D,24.2,1624370,49571.83837890625,1239,37.811279296875,26.447134786117836,155,4.730224609375,1084,33.0810546875,0,0.0,0x757DE4F2,3069,1262,1081,11.98828125,4.9296875,4.22265625,1,0x14,0,0,0,1,0,1,0,0,1,0,,,,,,,,,,,,,,,,,,,,,,
726,10,FREECAM_3D,24.233333333333334,1625591,49609.100341796875,1221,37.261962890625,26.83701883701884,155,4.730224609375,1066,32.53173828125,0,0.0,0x7496D160,3069,1262,1081,11.98828125,4.9296875,4.22265625,1,0x14,0,0,0,1,0,1,0,0,1,0,,,,,,,,,,,,,,,,,,,,,,
727,10,FREECAM_3D,24.266666666666666,1626811,49646.331787109375,1220,37.2314453125,26.859016393442623,155,4.730224609375,1064,32.470703125,1,0.030517578125,0x0F828D67,3069,1262,1081,11.98828125,4.9296875,4.22265625,1,0x14,0,0,0,1,0,1,0,0,1,0,,,,,,,,,,,,,,,,,,,,,,
728,10,FREECAM_3D,24.3,1628028,49683.4716796875,1217,37.139892578125,26.925225965488906,155,4.730224609375,1061,32.379150390625,1,0.030517578125,0x75381BF2,3069,1262,1081,11.98828125,4.9296875,4.22265625,1,0x14,0,0,0,1,0,1,0,0,1,0,,,,,,,,,,,,,,,,,,,,,,
729,10,FREECAM_3D,24.333333333333332,1629242,49720.52001953125,1214,37.04833984375,26.99176276771005,155,4.730224609375,1059,32.318115234375,0,0.0,0xBA858160,3069,1262,1081,11.98828125,4.9296875,4.22265625,1,0x14,0,0,0,1,0,1,0,0,1,0,,,,,,,,,,,,,,,,,,,,,,
730,10,FREECAM_3D,24.366666666666667,1630497,49758.819580078125,1255,38.299560546875,26.10996015936255,155,4.730224609375,1099,33.538818359375,1,0.030517578125,0x301ECFFF,3069,1262,1081,11.98828125,4.9296875,4.22265625,1,0x14,0,0,0,1,0,1,0,0,1,0,,,,,,,,,,,,,,,,,,,,,,
731,10,FREECAM_3D,24.4,1631747,49796.966552734375,1250,38.14697265625,26.2144,155,4.730224609375,1095,33.416748046875,0,0.0,0x1CAD1FE7,3069,1262,1081,11.98828125,4.9296875,4.22265625,1,0x14,0,0,0,1,0,1,0,0,1,0,,,,,,,,,,,,,,,,,,,,,,
732,10,FREECAM_3D,24.433333333333334,1632995,49835.052490234375,1248,38.0859375,26.256410256410255,155,4.730224609375,1093,33.355712890625,0,0.0,0x125C255F,3069,1262,1081,11.98828125,4.9296875,4.22265625,1,0x14,0,0,0,1,0,1,0,0,1,0,,,,,,,,,,,,,,,,,,,,,,
733,10,FREECAM_3D,24.466666666666665,1634243,49873.138427734375,1248,38.0859375,26.256410256410255,155,4.730224609375,1092,33.3251953125,1,0.030517578125,0x351999EE,3069,1262,1081,11.98828125,4.9296875,4.22265625,1,0x14,0,0,0,1,0,1,0,0,1,0,,,,,,,,,,,,,,,,,,,,,,
734,10,FREECAM_3D,24.5,1635567,49913.543701171875,1324,40.4052734375,24.749244712990937,155,4.730224609375,1168,35.64453125,1,0.030517578125,0xAC17D57C,3069,1262,1081,11.98828125,4.9296875,4.22265625,1,0x14,0,0,0,1,0,1,0,0,1,0,,,,,,,,,,,,,,,,,,,,,,
735,10,FREECAM_3D,24.533333333333335,1636892,49953.9794921875,1325,40.435791015625,24.730566037735848,156,4.7607421875,1168,35.64453125,1,0.030517578125,0x9AB97DEB,3069,1262,1081,11.98828125,4.9296875,4.22265625,1,0x14,0,0,0,1,0,1,0,0,1,0,,,,,,,,,,,,,,,,,,,,,,
736,10,FREECAM_3D,24.566666666666666,1638990,50018.00537109375,2098,64.02587890625,15.618684461391801,155,4.730224609375,1943,59.295654296875,0,0.0,0x9F0DFB31,3069,1262,1081,11.98828125,4.9296875,4.22265625,1,0x14,0,0,0,1,0,1,0,0,1,0,,,,,,,,,,,,,,,,,,,,,,
737,10,FREECAM_3D,24.6,1641129,50083.282470703125,2139,65.277099609375,15.319308087891539,155,4.730224609375,1984,60.546875,0,0.0,0x71DCCEE5,3069,1262,1081,11.98828125,4.9296875,4.22265625,1,0x14,0,0,0,1,0,1,0,0,1,0,,,,,,,,,,,,,,,,,,,,,,
738,10,FREECAM_3D,24.633333333333333,1643262,50148.37646484375,2133,65.093994140625,15.362400375058604,155,4.730224609375,1978,60.36376953125,0,0.0,0xA5FAE12A,3069,1262,1081,11.98828125,4.9296875,4.22265625,1,0x14,0,0,0,1,0,1,0,0,1,0,,,,,,,,,,,,,,,,,,,,,,
739,10,FREECAM_3D,24.666666666666668,1645691,50222.503662109375,2429,74.127197265625,13.490325236722931,155,4.730224609375,2274,69.39697265625,0,0.0,0xA5318462,3069,1262,1081,11.98828125,4.9296875,4.22265625,1,0x14,0,0,0,1,0,1,0,0,1,0,,,,,,,,,,,,,,,,,,,,,,
740,10,FREECAM_3D,24.7,1648381,50304.595947265625,2690,82.09228515625,12.181412639405204,155,4.730224609375,2535,77.362060546875,0,0.0,0x0F056F37,3069,1262,1081,11.98828125,4.9296875,4.22265625,1,0x14,0,0,0,1,0,1,0,0,1,0,,,,,,,,,,,,,,,,,,,,,,
741,10,FREECAM_3D,24.733333333333334,1651103,50387.664794921875,2722,83.06884765625,12.038207200587802,155,4.730224609375,2566,78.30810546875,1,0.030517578125,0x3DD7AA69,3069,1262,1081,11.98828125,4.9296875,4.22265625,1,0x14,0,0,0,1,0,1,0,0,1,0,,,,,,,,,,,,,,,,,,,,,,
742,10,FREECAM_3D,24.766666666666666,1653935,50474.090576171875,2832,86.42578125,11.570621468926554,156,4.7607421875,2675,81.634521484375,1,0.030517578125,0xE75BFEC1,3069,1262,1081,11.98828125,4.9296875,4.22265625,1,0x14,0,0,0,1,0,1,0,0,1,0,,,,,,,,,,,,,,,,,,,,,,
743,10,FREECAM_3D,24.8,1656829,50562.408447265625,2894,88.31787109375,11.322736696613683,155,4.730224609375,2738,83.55712890625,1,0.030517578125,0xD5D21860,3069,1262,1081,11.98828125,4.9296875,4.22265625,1,0x14,0,0,0,1,0,1,0,0,1,0,,,,,,,,,,,,,,,,,,,,,,
744,10,FREECAM_3D,24.833333333333332,1659736,50651.123046875,2907,88.714599609375,11.272101823185414,155,4.730224609375,2752,83.984375,0,0.0,0x95EDCE06,3069,1262,1081,11.98828125,4.9296875,4.22265625,1,0x14,0,0,0,1,0,1,0,0,1,0,,,,,,,,,,,,,,,,,,,,,,
745,10,FREECAM_3D,24.866666666666667,1662977,50750.030517578125,3241,98.907470703125,10.1104597346498,155,4.730224609375,3086,94.17724609375,0,0.0,0x63CE50E1,3069,1262,1081,11.98828125,4.9296875,4.22265625,1,0x14,0,0,0,1,0,1,0,0,1,0,,,,,,,,,,,,,,,,,,,,,,
746,10,FREECAM_3D,24.9,1666282,50850.89111328125,3305,100.860595703125,9.914674735249621,155,4.730224609375,3150,96.13037109375,0,0.0,0x6BFB6151,3069,1262,1081,11.98828125,4.9296875,4.22265625,1,0x14,0,0,0,1,0,1,0,0,1,0,,,,,,,,,,,,,,,,,,,,,,
747,10,FREECAM_3D,24.933333333333334,1669861,50960.113525390625,3579,109.222412109375,9.155630064263761,155,4.730224609375,3423,104.461669921875,1,0.030517578125,0xBC1EDF23,3069,1262,1081,11.98828125,4.9296875,4.22265625,1,0x14,0,0,0,1,0,1,0,0,1,0,,,,,,,,,,,,,,,,,,,,,,
748,10,FREECAM_3D,24.966666666666665,1673478,51070.49560546875,3617,110.382080078125,9.059441526126625,155,4.730224609375,3461,105.621337890625,1,0.030517578125,0xF7C30E54,3069,1262,1081,11.98828125,4.9296875,4.22265625,1,0x14,0,0,0,1,0,1,0,0,1,0,,,,,,,,,,,,,,,,,,,,,,
749,10,FREECAM_3D,25.0,1677392,51189.94140625,3914,119.44580078125,8.371997956055187,155,4.730224609375,3759,114.715576171875,0,0.0,0x4540FC6A,3069,1262,1081,11.98828125,4.9296875,4.22265625,1,0x14,0,0,0,1,0,1,0,0,1,0,,,,,,,,,,,,,,,,,,,,,,
750,10,FREECAM_3D,25.033333333333335,1681353,51310.821533203125,3961,120.880126953125,8.272658419591012,155,4.730224609375,3806,116.14990234375,0,0.0,0x06815C15,3069,1262,1081,11.98828125,4.9296875,4.22265625,1,0x14,0,0,0,1,0,1,0,0,1,0,,,,,,,,,,,,,,,,,,,,,,
751,10,FREECAM_3D,25.066666666666666,1685352,51432.861328125,3999,122.039794921875,8.194048512128033,155,4.730224609375,3844,117.3095703125,0,0.0,0x7CE2CE39,3069,1262,1081,11.98828125,4.9296875,4.22265625,1,0x14,0,0,0,1,0,1,0,0,1,0,,,,,,,,,,,,,,,,,,,,,,
752,10,FREECAM_3D,25.1,1689391,51556.121826171875,4039,123.260498046875,8.112899232483288,155,4.730224609375,3883,118.499755859375,1,0.030517578125,0x0BF6A32B,3069,1262,1081,11.98828125,4.9296875,4.22265625,1,0x14,0,0,0,1,0,1,0,0,1,0,,,,,,,,,,,,,,,,,,,,,,
753,10,FREECAM_3D,25.133333333333333,1693373,51677.642822265625,3982,121.52099609375,8.229030637870418,155,4.730224609375,3826,116.76025390625,1,0.030517578125,0xD06752C8,3069,1262,1081,11.98828125,4.9296875,4.22265625,1,0x14,0,0,0,1,0,1,0,0,1,0,,,,,,,,,,,,,,,,,,,,,,
754,10,FREECAM_3D,25.166666666666668,1697703,51809.783935546875,4330,132.14111328125,7.567667436489607,155,4.730224609375,4175,127.410888671875,0,0.0,0x48A2917A,3069,1262,1081,11.98828125,4.9296875,4.22265625,1,0x14,0,0,0,1,0,1,0,0,1,0,,,,,,,,,,,,,,,,,,,,,,
755,10,FREECAM_3D,25.2,1702097,51943.878173828125,4394,134.09423828125,7.457441966317706,155,4.730224609375,4238,129.33349609375,1,0.030517578125,0x8CC51F67,3069,1262,1081,11.98828125,4.9296875,4.22265625,1,0x14,0,0,0,1,0,1,0,0,1,0,,,,,,,,,,,,,,,,,,,,,,
756,10,FREECAM_3D,25.233333333333334,1706563,52080.169677734375,4466,136.29150390625,7.337214509628303,155,4.730224609375,4311,131.561279296875,0,0.0,0xA8F28D70,3069,1262,1081,11.98828125,4.9296875,4.22265625,1,0x14,0,0,0,1,0,1,0,0,1,0,,,,,,,,,,,,,,,,,,,,,,
757,10,FREECAM_3D,25.266666666666666,1711056,52217.28515625,4493,137.115478515625,7.293122635210327,155,4.730224609375,4338,132.38525390625,0,0.0,0xD7079BC0,3069,1262,1081,11.98828125,4.9296875,4.22265625,1,0x14,0,0,0,1,0,1,0,0,1,0,,,,,,,,,,,,,,,,,,,,,,
758,10,FREECAM_3D,25.3,1715538,52354.06494140625,4482,136.77978515625,7.311021865238732,148,4.5166015625,4334,132.26318359375,0,0.0,0x9F11FE28,3069,1262,1102,11.98828125,4.9296875,4.3046875,1,0x14,0,0,0,1,0,1,0,0,0,1,,,,,,,,,,,,,,,,,,,,,,
759,10,FREECAM_3D,25.333333333333332,1720032,52491.2109375,4494,137.14599609375,7.291499777481086,147,4.486083984375,4347,132.659912109375,0,0.0,0xFE201391,3069,1262,1123,11.98828125,4.9296875,4.38671875,1,0x14,0,0,0,1,0,1,0,0,0,1,,,,,,,,,,,,,,,,,,,,,,
760,10,FREECAM_3D,25.366666666666667,1724530,52628.47900390625,4498,137.26806640625,7.28501556247221,147,4.486083984375,4350,132.75146484375,1,0.030517578125,0x8D970B6E,3069,1262,1144,11.98828125,4.9296875,4.46875,1,0x14,0,0,0,1,0,1,0,0,0,1,,,,,,,,,,,,,,,,,,,,,,
761,10,FREECAM_3D,25.4,1729021,52765.533447265625,4491,137.054443359375,7.296370518815409,147,4.486083984375,4343,132.537841796875,1,0.030517578125,0xD10F39AF,3069,1262,1165,11.98828125,4.9296875,4.55078125,1,0x14,0,0,0,1,0,1,0,0,0,1,,,,,,,,,,,,,,,,,,,,,,
762,10,FREECAM_3D,25.433333333333334,1733503,52902.313232421875,4482,136.77978515625,7.311021865238732,148,4.5166015625,4333,132.232666015625,1,0.030517578125,0x2CA7BF24,3069,1262,1186,11.98828125,4.9296875,4.6328125,1,0x14,0,0,0,1,0,1,0,0,0,1,,,,,,,,,,,,,,,,,,,,,,
763,10,FREECAM_3D,25.466666666666665,1737276,53017.4560546875,3773,115.142822265625,8.684866154253909,147,4.486083984375,3626,110.65673828125,0,0.0,0x85D9FFED,3069,1262,1207,11.98828125,4.9296875,4.71484375,1,0x14,0,0,0,1,0,1,0,0,0,1,,,,,,,,,,,,,,,,,,,,,,
764,10,FREECAM_3D,25.5,1741713,53152.862548828125,4437,135.406494140625,7.38517016001803,1158,35.33935546875,3278,100.03662109375,1,0.030517578125,0x60949FFC,3,2468,402,0.01171875,9.640625,1.5703125,0,0x15,0,0,1,1,0,1,0,0,0,1,,,,,,,,,,,,,,,,,,,,,,
765,10,FREECAM_3D,25.533333333333335,1745137,53257.354736328125,3424,104.4921875,9.570093457943925,155,4.730224609375,3269,99.761962890625,0,0.0,0x7D2C2957,3,2468,423,0.01171875,9.640625,1.65234375,0,0x14,0,0,0,1,0,1,0,0,0,1,,,,,,,,,,,,,,,,,,,,,,
766,10,FREECAM_3D,25.566666666666666,1748423,53357.635498046875,3286,100.28076171875,9.972002434570907,156,4.7607421875,3130,95.52001953125,0,0.0,0xAF34DCD8,3,2468,444,0.01171875,9.640625,1.734375,0,0x14,0,0,0,1,0,1,0,0,0,1,,,,,,,,,,,,,,,,,,,,,,
767,10,FREECAM_3D,25.6,1751715,53458.099365234375,3292,100.4638671875,9.953827460510327,156,4.7607421875,3135,95.672607421875,1,0.030517578125,0xC2DBAE89,3,2468,465,0.01171875,9.640625,1.81640625,0,0x14,0,0,0,1,0,1,0,0,0,1,,,,,,,,,,,,,,,,,,,,,,
768,10,FREECAM_3D,25.633333333333333,1755003,53558.441162109375,3288,100.341796875,9.965936739659368,156,4.7607421875,3132,95.5810546875,0,0.0,0xEF5FB53A,3,2468,486,0.01171875,9.640625,1.8984375,0,0x14,0,0,0,1,0,1,0,0,0,1,,,,,,,,,,,,,,,,,,,,,,
769,10,FREECAM_3D,25.666666666666668,1758046,53651.30615234375,3043,92.864990234375,10.768320736115676,155,4.730224609375,2888,88.134765625,0,0.0,0xFE92F063,3,2468,507,0.01171875,9.640625,1.98046875,0,0x14,0,0,0,1,0,1,0,0,0,1,,,,,,,,,,,,,,,,,,,,,,
770,10,FREECAM_3D,25.7,1761084,53744.0185546875,3038,92.71240234375,10.78604344963792,156,4.7607421875,2882,87.95166015625,0,0.0,0xCAC6071D,3,2468,528,0.01171875,9.640625,2.0625,0,0x14,0,0,0,1,0,1,0,0,0,1,,,,,,,,,,,,,,,,,,,,,,
771,10,FREECAM_3D,25.733333333333334,1764121,53836.700439453125,3037,92.681884765625,10.789594995060915,155,4.730224609375,2882,87.95166015625,0,0.0,0xAB0FE09C,3,2468,549,0.01171875,9.640625,2.14453125,0,0x14,0,0,0,1,0,1,0,0,0,1,,,,,,,,,,,,,,,,,,,,,,
772,10,FREECAM_3D,25.766666666666666,1767157,53929.351806640625,3036,92.6513671875,10.793148880105402,156,4.7607421875,2879,87.860107421875,1,0.030517578125,0x6E0C8873,3,2468,570,0.01171875,9.640625,2.2265625,0,0x14,0,0,0,1,0,1,0,0,0,1,,,,,,,,,,,,,,,,,,,,,,
773,10,FREECAM_3D,25.8,1770197,54022.125244140625,3040,92.7734375,10.778947368421052,155,4.730224609375,2885,88.043212890625,0,0.0,0x44E06012,3,2468,591,0.01171875,9.640625,2.30859375,0,0x14,0,0,0,1,0,1,0,0,0,1,,,,,,,,,,,,,,,,,,,,,,
774,10,FREECAM_3D,25.833333333333332,1773242,54115.05126953125,3045,92.926025390625,10.761247947454844,155,4.730224609375,2890,88.19580078125,0,0.0,0x40A22339,3,2468,612,0.01171875,9.640625,2.390625,0,0x14,0,0,0,1,0,1,0,0,0,1,,,,,,,,,,,,,,,,,,,,,,
775,10,FREECAM_3D,25.866666666666667,1776289,54208.038330078125,3047,92.987060546875,10.754184443715129,155,4.730224609375,2892,88.2568359375,0,0.0,0x80883878,3,2468,633,0.01171875,9.640625,2.47265625,0,0x14,0,0,0,1,0,1,0,0,0,1,,,,,,,,,,,,,,,,,,,,,,
776,10,FREECAM_3D,25.9,1779332,54300.9033203125,3043,92.864990234375,10.768320736115676,155,4.730224609375,2887,88.104248046875,1,0.030517578125,0x74684B0F,3,2468,654,0.01171875,9.640625,2.5546875,0,0x14,0,0,0,1,0,1,0,0,0,1,,,,,,,,,,,,,,,,,,,,,,
777,10,FREECAM_3D,25.933333333333334,1782370,54393.61572265625,3038,92.71240234375,10.78604344963792,155,4.730224609375,2882,87.95166015625,1,0.030517578125,0x65B5D9EE,3,2468,675,0.01171875,9.640625,2.63671875,0,0x14,0,0,0,1,0,1,0,0,0,1,,,,,,,,,,,,,,,,,,,,,,
778,10,FREECAM_3D,25.966666666666665,1785407,54486.297607421875,3037,92.681884765625,10.789594995060915,155,4.730224609375,2882,87.95166015625,0,0.0,0x1E6F2665,3,2468,696,0.01171875,9.640625,2.71875,0,0x14,0,0,0,1,0,1,0,0,0,1,,,,,,,,,,,,,,,,,,,,,,
779,10,FREECAM_3D,26.0,1788439,54578.826904296875,3032,92.529296875,10.807387862796833,156,4.7607421875,2876,87.7685546875,0,0.0,0xBB8A8BE4,3,2468,717,0.01171875,9.640625,2.80078125,0,0x14,0,0,0,1,0,1,0,0,0,1,,,,,,,,,,,,,,,,,,,,,,
780,10,FREECAM_3D,26.033333333333335,1791469,54671.295166015625,3030,92.46826171875,10.814521452145215,156,4.7607421875,2873,87.677001953125,1,0.030517578125,0xDB7816DB,3,2468,738,0.01171875,9.640625,2.8828125,0,0x14,0,0,0,1,0,1,0,0,0,1,,,,,,,,,,,,,,,,,,,,,,
781,10,FREECAM_3D,26.066666666666666,1794496,54763.671875,3027,92.376708984375,10.825239511067062,156,4.7607421875,2871,87.615966796875,0,0.0,0x62D805FA,3,2468,759,0.01171875,9.640625,2.96484375,0,0x14,0,0,0,1,0,1,0,0,0,1,,,,,,,,,,,,,,,,,,,,,,
782,10,FREECAM_3D,26.1,1797525,54856.109619140625,3029,92.437744140625,10.81809177946517,155,4.730224609375,2874,87.70751953125,0,0.0,0x65DFB648,3,2468,738,0.01171875,9.640625,2.8828125,0,0x14,0,0,0,1,0,1,0,0,0,1,,,,,,,,,,,,,,,,,,,,,,
783,10,FREECAM_3D,26.133333333333333,1800558,54948.66943359375,3033,92.559814453125,10.803824596109463,156,4.7607421875,2877,87.799072265625,0,0.0,0xF2845113,3,2468,717,0.01171875,9.640625,2.80078125,0,0x14,0,0,0,1,0,1,0,0,0,1,,,,,,,,,,,,,,,,,,,,,,
784,10,FREECAM_3D,26.166666666666668,1803595,55041.351318359375,3037,92.681884765625,10.789594995060915,156,4.7607421875,2881,87.921142578125,0,0.0,0xCE7B014A,3,2468,696,0.01171875,9.640625,2.71875,0,0x14,0,0,0,1,0,1,0,0,0,1,,,,,,,,,,,,,,,,,,,,,,
785,10,FREECAM_3D,26.2,1806632,55134.033203125,3037,92.681884765625,10.789594995060915,155,4.730224609375,2882,87.95166015625,0,0.0,0x925B10E5,3,2468,675,0.01171875,9.640625,2.63671875,0,0x14,0,0,0,1,0,1,0,0,0,1,,,,,,,,,,,,,,,,,,,,,,
786,10,FREECAM_3D,26.233333333333334,1809674,55226.86767578125,3042,92.83447265625,10.771860618014465,156,4.7607421875,2886,88.07373046875,0,0.0,0x5F5A5E4C,3,2468,654,0.01171875,9.640625,2.5546875,0,0x14,0,0,0,1,0,1,0,0,0,1,,,,,,,,,,,,,,,,,,,,,,
787,10,FREECAM_3D,26.266666666666666,1812721,55319.854736328125,3047,92.987060546875,10.754184443715129,155,4.730224609375,2892,88.2568359375,0,0.0,0x1EC68647,3,2468,633,0.01171875,9.640625,2.47265625,0,0x14,0,0,0,1,0,1,0,0,0,1,,,,,,,,,,,,,,,,,,,,,,
788,10,FREECAM_3D,26.3,1815767,55412.811279296875,3046,92.95654296875,10.757715036112934,156,4.7607421875,2890,88.19580078125,0,0.0,0xA9D9C03E,3,2468,612,0.01171875,9.640625,2.390625,0,0x14,0,0,0,1,0,1,0,0,0,1,,,,,,,,,,,,,,,,,,,,,,
789,10,FREECAM_3D,26.333333333333332,1818809,55505.645751953125,3042,92.83447265625,10.771860618014465,156,4.7607421875,2885,88.043212890625,1,0.030517578125,0x3A53DC19,3,2468,591,0.01171875,9.640625,2.30859375,0,0x14,0,0,0,1,0,1,0,0,0,1,,,,,,,,,,,,,,,,,,,,,,
790,10,FREECAM_3D,26.366666666666667,1821843,55598.236083984375,3034,92.59033203125,10.800263678312458,155,4.730224609375,2879,87.860107421875,0,0.0,0x460FB860,3,2468,570,0.01171875,9.640625,2.2265625,0,0x14,0,0,0,1,0,1,0,0,0,1,,,,,,,,,,,,,,,,,,,,,,
791,10,FREECAM_3D,26.4,1824881,55690.948486328125,3038,92.71240234375,10.78604344963792,156,4.7607421875,2881,87.921142578125,1,0.030517578125,0xF378EFAB,3,2468,549,0.01171875,9.640625,2.14453125,0,0x14,0,0,0,1,0,1,0,0,0,1,,,,,,,,,,,,,,,,,,,,,,
792,10,FREECAM_3D,26.433333333333334,1827920,55783.69140625,3039,92.742919921875,10.782494241526818,156,4.7607421875,2883,87.982177734375,0,0.0,0xE192D4A2,3,2468,528,0.01171875,9.640625,2.0625,0,0x14,0,0,0,1,0,1,0,0,0,1,,,,,,,,,,,,,,,,,,,,,,
793,10,FREECAM_3D,26.466666666666665,1830964,55876.5869140625,3044,92.8955078125,10.764783180026281,156,4.7607421875,2887,88.104248046875,1,0.030517578125,0xD0839570,3,2468,507,0.01171875,9.640625,1.98046875,0,0x14,0,0,0,1,0,1,0,0,0,1,,,,,,,,,,,,,,,,,,,,,,
794,10,FREECAM_3D,26.5,1834253,55976.959228515625,3289,100.372314453125,9.962906658558833,155,4.730224609375,3133,95.611572265625,1,0.030517578125,0x0298A6A1,3,2468,486,0.01171875,9.640625,1.8984375,0,0x14,0,0,0,1,0,1,0,0,0,1,,,,,,,,,,,,,,,,,,,,,,
795,10,FREECAM_3D,26.533333333333335,1837545,56077.423095703125,3292,100.4638671875,9.953827460510327,156,4.7607421875,3135,95.672607421875,1,0.030517578125,0x96F755AE,3,2468,465,0.01171875,9.640625,1.81640625,0,0x14,0,0,0,1,0,1,0,0,0,1,,,,,,,,,,,,,,,,,,,,,,
796,10,FREECAM_3D,26.566666666666666,1840831,56177.703857421875,3286,100.28076171875,9.972002434570907,155,4.730224609375,3130,95.52001953125,1,0.030517578125,0x7B524AA7,3,2468,444,0.01171875,9.640625,1.734375,0,0x14,0,0,0,1,0,1,0,0,0,1,,,,,,,,,,,,,,,,,,,,,,
797,10,FREECAM_3D,26.6,1844256,56282.2265625,3425,104.522705078125,9.567299270072994,155,4.730224609375,3269,99.761962890625,1,0.030517578125,0xF7553ED4,3,2468,423,0.01171875,9.640625,1.65234375,0,0x14,0,0,0,1,0,1,0,0,0,1,,,,,,,,,,,,,,,,,,,,,,
798,10,FREECAM_3D,26.633333333333333,1847689,56386.993408203125,3433,104.766845703125,9.545004369356247,155,4.730224609375,3278,100.03662109375,0,0.0,0xFF87F2E5,3,2468,402,0.01171875,9.640625,1.5703125,0,0x14,0,0,0,1,0,1,0,0,0,1,,,,,,,,,,,,,,,,,,,,,,
799,10,FREECAM_3D,26.666666666666668,1851125,56491.851806640625,3436,104.8583984375,9.536670547147846,156,4.7607421875,3280,100.09765625,0,0.0,0x8649B8B2,3,2468,381,0.01171875,9.640625,1.48828125,0,0x14,0,0,0,1,0,1,0,0,0,1,,,,,,,,,,,,,,,,,,,,,,
800,10,FREECAM_3D,26.7,1854559,56596.649169921875,3434,104.79736328125,9.542224810716366,155,4.730224609375,3279,100.067138671875,0,0.0,0xC0FA100B,3,2468,360,0.01171875,9.640625,1.40625,0,0x14,0,0,0,1,0,1,0,0,0,1,,,,,,,,,,,,,,,,,,,,,,
801,10,FREECAM_3D,26.733333333333334,1857996,56701.5380859375,3437,104.888916015625,9.533895839394821,156,4.7607421875,3280,100.09765625,1,0.030517578125,0x95C89B68,3,2468,339,0.01171875,9.640625,1.32421875,0,0x14,0,0,0,1,0,1,0,0,0,1,,,,,,,,,,,,,,,,,,,,,,
802,10,FREECAM_3D,26.766666666666666,1861422,56806.09130859375,3426,104.55322265625,9.56450671336836,156,4.7607421875,3270,99.79248046875,0,0.0,0xE8578599,3,2468,318,0.01171875,9.640625,1.2421875,0,0x14,0,0,0,1,0,1,0,0,0,1,,,,,,,,,,,,,,,,,,,,,,
803,10,FREECAM_3D,26.8,1864880,56911.62109375,3458,105.52978515625,9.475997686524002,155,4.730224609375,3303,100.799560546875,0,0.0,0x0F446DC6,3,2468,297,0.01171875,9.640625,1.16015625,0,0x14,0,0,0,1,0,1,0,0,0,1,,,,,,,,,,,,,,,,,,,,,,
804,10,FREECAM_3D,26.833333333333332,1868434,57020.08056640625,3554,108.45947265625,9.220033764772088,156,4.7607421875,3398,103.69873046875,0,0.0,0xEEE9D65F,3,2468,276,0.01171875,9.640625,1.078125,0,0x14,0,0,0,1,0,1,0,0,0,1,,,,,,,,,,,,,,,,,,,,,,
805,10,FREECAM_3D,26.866666666666667,1872070,57131.04248046875,3636,110.9619140625,9.012101210121012,156,4.7607421875,3479,106.170654296875,1,0.030517578125,0x52A5135F,3,2468,255,0.01171875,9.640625,0.99609375,0,0x14,0,0,0,1,0,1,0,0,0,1,,,,,,,,,,,,,,,,,,,,,,
806,10,FREECAM_3D,26.9,1875726,57242.61474609375,3656,111.572265625,8.962800875273523,155,4.730224609375,3501,106.842041015625,0,0.0,0x44FB15E2,3,2468,234,0.01171875,9.640625,0.9140625,0,0x14,0,0,0,1,0,1,0,0,0,1,,,,,,,,,,,,,,,,,,,,,,
807,10,FREECAM_3D,26.933333333333334,1879415,57355.194091796875,3689,112.579345703125,8.882624017348874,155,4.730224609375,3534,107.84912109375,0,0.0,0xD485F245,3,2468,213,0.01171875,9.640625,0.83203125,0,0x14,0,0,0,1,0,1,0,0,0,1,,,,,,,,,,,,,,,,,,,,,,
808,10,FREECAM_3D,26.966666666666665,1883184,57470.21484375,3769,115.020751953125,8.694083311223135,156,4.7607421875,3612,110.2294921875,1,0.030517578125,0x4D5E4FC0,3,2468,192,0.01171875,9.640625,0.75,0,0x14,0,0,0,1,0,1,0,0,0,1,,,,,,,,,,,,,,,,,,,,,,
809,10,FREECAM_3D,27.0,1886986,57586.24267578125,3802,116.02783203125,8.618621778011573,155,4.730224609375,3647,111.297607421875,0,0.0,0xE2A33C23,3,2468,171,0.01171875,9.640625,0.66796875,0,0x14,0,0,0,1,0,1,0,0,0,1,,,,,,,,,,,,,,,,,,,,,,
810,10,FREECAM_3D,27.033333333333335,1890768,57701.66015625,3782,115.41748046875,8.664198836594394,156,4.7607421875,3625,110.626220703125,1,0.030517578125,0x03B947B6,3,2468,150,0.01171875,9.640625,0.5859375,0,0x14,0,0,0,1,0,1,0,0,0,1,,,,,,,,,,,,,,,,,,,,,,
811,10,FREECAM_3D,27.066666666666666,1894596,57818.4814453125,3828,116.8212890625,8.560083594566354,156,4.7607421875,3671,112.030029296875,1,0.030517578125,0x4C12C299,3,2468,129,0.01171875,9.640625,0.50390625,0,0x14,0,0,0,1,0,1,0,0,0,1,,,,,,,,,,,,,,,,,,,,,,
812,10,FREECAM_3D,27.1,1898349,57933.013916015625,3753,114.532470703125,8.731148414601652,155,4.730224609375,3597,109.771728515625,1,0.030517578125,0x263CFA04,3,2468,108,0.01171875,9.640625,0.421875,0,0x14,0,0,0,1,0,1,0,0,0,1,,,,,,,,,,,,,,,,,,,,,,
813,10,FREECAM_3D,27.133333333333333,1902105,58047.637939453125,3756,114.6240234375,8.724174653887115,156,4.7607421875,3600,109.86328125,0,0.0,0x5FEC65D7,3,2468,87,0.01171875,9.640625,0.33984375,0,0x14,0,0,0,1,0,1,0,0,0,1,,,,,,,,,,,,,,,,,,,,,,
814,10,FREECAM_3D,27.166666666666668,1905888,58163.0859375,3783,115.447998046875,8.661908538197197,156,4.7607421875,3627,110.687255859375,0,0.0,0x4C6FF3FA,3,2468,66,0.01171875,9.640625,0.2578125,0,0x14,0,0,0,1,0,1,0,0,0,1,,,,,,,,,,,,,,,,,,,,,,
815,10,FREECAM_3D,27.2,1909670,58278.50341796875,3782,115.41748046875,8.664198836594394,156,4.7607421875,3626,110.65673828125,0,0.0,0x15EA0094,3,2468,64,0.01171875,9.640625,0.25,0,0x14,0,0,0,1,0,1,0,0,0,1,,,,,,,,,,,,,,,,,,,,,,
816,10,FREECAM_3D,27.233333333333334,1913453,58393.951416015625,3783,115.447998046875,8.661908538197197,157,4.791259765625,3626,110.65673828125,0,0.0,0x15EA0094,3,2468,64,0.01171875,9.640625,0.25,0,0x10,0,0,0,0,0,1,0,0,0,1,,,,,,,,,,,,,,,,,,,,,,
817,10,FREECAM_3D,27.266666666666666,1917236,58509.3994140625,3783,115.447998046875,8.661908538197197,157,4.791259765625,3626,110.65673828125,0,0.0,0x15EA0094,3,2468,64,0.01171875,9.640625,0.25,0,0x10,0,0,0,0,0,1,0,0,0,1,,,,,,,,,,,,,,,,,,,,,,
818,10,FREECAM_3D,27.3,1921020,58624.8779296875,3784,115.478515625,8.659619450317125,157,4.791259765625,3626,110.65673828125,1,0.030517578125,0x15EA0094,3,2468,64,0.01171875,9.640625,0.25,0,0x10,0,0,0,0,0,1,0,0,0,1,,,,,,,,,,,,,,,,,,,,,,
819,10,FREECAM_3D,27.333333333333332,1924805,58740.386962890625,3785,115.509033203125,8.657331571994716,157,4.791259765625,3627,110.687255859375,1,0.030517578125,0x15EA0094,3,2468,64,0.01171875,9.640625,0.25,0,0x10,0,0,0,0,0,1,0,0,0,1,,,,,,,,,,,,,,,,,,,,,,
820,10,FREECAM_3D,27.366666666666667,1928589,58855.865478515625,3784,115.478515625,8.659619450317125,156,4.7607421875,3627,110.687255859375,1,0.030517578125,0x15EA0094,3,2468,64,0.01171875,9.640625,0.25,0,0x10,0,0,0,0,0,1,0,0,0,1,,,,,,,,,,,,,,,,,,,,,,
821,10,FREECAM_3D,27.4,1932373,58971.343994140625,3784,115.478515625,8.659619450317125,156,4.7607421875,3627,110.687255859375,1,0.030517578125,0x15EA0094,3,2468,64,0.01171875,9.640625,0.25,0,0x10,0,0,0,0,0,1,0,0,0,1,,,,,,,,,,,,,,,,,,,,,,
822,10,FREECAM_3D,27.433333333333334,1936158,59086.85302734375,3785,115.509033203125,8.657331571994716,157,4.791259765625,3627,110.687255859375,1,0.030517578125,0x15EA0094,3,2468,64,0.01171875,9.640625,0.25,0,0x10,0,0,0,0,0,1,0,0,0,1,,,,,,,,,,,,,,,,,,,,,,
823,10,FREECAM_3D,27.466666666666665,1939942,59202.33154296875,3784,115.478515625,8.659619450317125,157,4.791259765625,3627,110.687255859375,0,0.0,0x15EA0094,3,2468,64,0.01171875,9.640625,0.25,0,0x10,0,0,0,0,0,1,0,0,0,1,,,,,,,,,,,,,,,,,,,,,,
824,10,FREECAM_3D,27.5,1943726,59317.81005859375,3784,115.478515625,8.659619450317125,157,4.791259765625,3627,110.687255859375,0,0.0,0x15EA0094,3,2468,64,0.01171875,9.640625,0.25,0,0x10,0,0,0,0,0,1,0,0,0,1,,,,,,,,,,,,,,,,,,,,,,
825,10,FREECAM_3D,27.533333333333335,1947509,59433.258056640625,3783,115.447998046875,8.661908538197197,157,4.791259765625,3626,110.65673828125,0,0.0,0x15EA0094,3,2468,64,0.01171875,9.640625,0.25,0,0x10,0,0,0,0,0,1,0,0,0,1,,,,,,,,,,,,,,,,,,,,,,
826,10,FREECAM_3D,27.566666666666666,1951292,59548.7060546875,3783,115.447998046875,8.661908538197197,157,4.791259765625,3626,110.65673828125,0,0.0,0x15EA0094,3,2468,64,0.01171875,9.640625,0.25,0,0x10,0,0,0,0,0,1,0,0,0,1,,,,,,,,,,,,,,,,,,,,,,
827,10,FREECAM_3D,27.6,1955075,59664.154052734375,3783,115.447998046875,8.661908538197197,157,4.791259765625,3626,110.65673828125,0,0.0,0x15EA0094,3,2468,64,0.01171875,9.640625,0.25,0,0x10,0,0,0,0,0,1,0,0,0,1,,,,,,,,,,,,,,,,,,,,,,
828,10,FREECAM_3D,27.633333333333333,1958859,59779.632568359375,3784,115.478515625,8.659619450317125,157,4.791259765625,3626,110.65673828125,1,0.030517578125,0x15EA0094,3,2468,64,0.01171875,9.640625,0.25,0,0x10,0,0,0,0,0,1,0,0,0,1,,,,,,,,,,,,,,,,,,,,,,
829,10,FREECAM_3D,27.666666666666668,1962643,59895.111083984375,3784,115.478515625,8.659619450317125,156,4.7607421875,3627,110.687255859375,1,0.030517578125,0x15EA0094,3,2468,64,0.01171875,9.640625,0.25,0,0x10,0,0,0,0,0,1,0,0,0,1,,,,,,,,,,,,,,,,,,,,,,
830,10,FREECAM_3D,27.7,1966441,60011.016845703125,3798,115.90576171875,8.627698788836229,162,4.94384765625,3636,110.9619140625,0,0.0,0x52BD6CDC,15,2454,74,0.05859375,9.5859375,0.2890625,0,0x14,0,0,0,1,0,1,1,1,0,0,,,,,,,,,,,,,,,,,,,,,,
831,10,FREECAM_3D,27.733333333333334,1970183,60125.213623046875,3742,114.19677734375,8.756814537680384,162,4.94384765625,3580,109.2529296875,0,0.0,0xD74FF083,28,2441,84,0.109375,9.53515625,0.328125,0,0x14,0,0,0,1,0,1,1,1,0,0,,,,,,,,,,,,,,,,,,,,,,
832,10,FREECAM_3D,27.766666666666666,1973772,60234.7412109375,3589,109.527587890625,9.130119810532182,162,4.94384765625,3427,104.583740234375,0,0.0,0x67B4D90A,42,2429,94,0.1640625,9.48828125,0.3671875,0,0x14,0,0,0,1,0,1,1,1,0,0,,,,,,,,,,,,,,,,,,,,,,
833,10,FREECAM_3D,27.8,1977347,60343.841552734375,3575,109.100341796875,9.165874125874126,162,4.94384765625,3412,104.1259765625,1,0.030517578125,0x61F2FB2B,57,2418,104,0.22265625,9.4453125,0.40625,0,0x14,0,0,0,1,0,1,1,1,0,0,,,,,,,,,,,,,,,,,,,,,,
834,10,FREECAM_3D,27.833333333333332,1980932,60453.2470703125,3585,109.405517578125,9.140306834030683,164,5.0048828125,3421,104.400634765625,0,0.0,0x40E7F905,72,2408,114,0.28125,9.40625,0.4453125,0,0x14,0,0,0,1,0,1,1,1,0,0,,,,,,,,,,,,,,,,,,,,,,
835,10,FREECAM_3D,27.866666666666667,1984434,60560.11962890625,3502,106.87255859375,9.35693889206168,164,5.0048828125,3337,101.837158203125,1,0.030517578125,0x8313C4A5,88,2400,124,0.34375,9.375,0.484375,0,0x14,0,0,0,1,0,1,1,1,0,0,,,,,,,,,,,,,,,,,,,,,,
836,10,FREECAM_3D,27.9,1987730,60660.70556640625,3296,100.5859375,9.941747572815533,163,4.974365234375,3133,95.611572265625,0,0.0,0x24D43927,105,2393,134,0.41015625,9.34765625,0.5234375,0,0x14,0,0,0,1,0,1,1,1,0,0,,,,,,,,,,,,,,,,,,,,,,
837,10,FREECAM_3D,27.933333333333334,1990582,60747.74169921875,2852,87.0361328125,11.489481065918653,164,5.0048828125,2688,82.03125,0,0.0,0xA292C121,122,2387,144,0.4765625,9.32421875,0.5625,0,0x14,0,0,0,1,0,1,1,1,0,0,,,,,,,,,,,,,,,,,,,,,,
838,10,FREECAM_3D,27.966666666666665,1993467,60835.784912109375,2885,88.043212890625,11.358058925476604,164,5.0048828125,2721,83.038330078125,0,0.0,0xFEB3DA71,140,2382,154,0.546875,9.3046875,0.6015625,0,0x14,0,0,0,1,0,1,1,1,0,0,,,,,,,,,,,,,,,,,,,,,,
839,10,FREECAM_3D,28.0,1996288,60921.875,2821,86.090087890625,11.615739099610067,164,5.0048828125,2656,81.0546875,1,0.030517578125,0x9F314D1C,158,2379,164,0.6171875,9.29296875,0.640625,0,0x14,0,0,0,1,0,1,1,1,0,0,,,,,,,,,,,,,,,,,,,,,,
840,10,FREECAM_3D,28.033333333333335,1999096,61007.568359375,2808,85.693359375,11.66951566951567,164,5.0048828125,2644,80.6884765625,0,0.0,0x5F9A1335,176,2377,174,0.6875,9.28515625,0.6796875,0,0x14,0,0,0,1,0,1,1,1,0,0,,,,,,,,,,,,,,,,,,,,,,
841,10,FREECAM_3D,28.066666666666666,2001901,61093.170166015625,2805,85.601806640625,11.681996434937611,164,5.0048828125,2641,80.596923828125,0,0.0,0x191BEFC4,194,2376,184,0.7578125,9.28125,0.71875,0,0x14,0,0,0,1,0,1,1,1,0,0,,,,,,,,,,,,,,,,,,,,,,
842,10,FREECAM_3D,28.1,2004552,61174.072265625,2651,80.902099609375,12.360618634477555,163,4.974365234375,2488,75.927734375,0,0.0,0xF81F3FA2,212,2376,194,0.828125,9.28125,0.7578125,0,0x14,0,0,0,1,0,1,1,1,0,0,,,,,,,,,,,,,,,,,,,,,,
843,10,FREECAM_3D,28.133333333333333,2006906,61245.91064453125,2354,71.83837890625,13.920135938827528,164,5.0048828125,2190,66.83349609375,0,0.0,0x6A0A22B9,230,2377,204,0.8984375,9.28515625,0.796875,0,0x14,0,0,0,1,0,1,1,1,0,0,,,,,,,,,,,,,,,,,,,,,,
844,10,FREECAM_3D,28.166666666666668,2009064,61311.767578125,2158,65.85693359375,15.184430027803522,163,4.974365234375,1994,60.85205078125,1,0.030517578125,0xF257D097,248,2380,214,0.96875,9.296875,0.8359375,0,0x14,0,0,0,1,0,1,1,1,0,0,,,,,,,,,,,,,,,,,,,,,,
845,10,FREECAM_3D,28.2,2011281,61379.425048828125,2217,67.657470703125,14.780333784393324,163,4.974365234375,2054,62.68310546875,0,0.0,0x65803F82,266,2384,224,1.0390625,9.3125,0.875,0,0x14,0,0,0,1,0,1,1,1,0,0,,,,,,,,,,,,,,,,,,,,,,
846,10,FREECAM_3D,28.233333333333334,2013518,61447.69287109375,2237,68.267822265625,14.648189539561914,164,5.0048828125,2072,63.232421875,1,0.030517578125,0x67365819,283,2389,234,1.10546875,9.33203125,0.9140625,0,0x14,0,0,0,1,0,1,1,1,0,0,,,,,,,,,,,,,,,,,,,,,,
847,10,FREECAM_3D,28.266666666666666,2015554,61509.82666015625,2036,62.1337890625,16.094302554027504,163,4.974365234375,1873,57.159423828125,0,0.0,0x104A20FB,300,2396,244,1.171875,9.359375,0.953125,0,0x14,0,0,0,1,0,1,1,1,0,0,,,,,,,,,,,,,,,,,,,,,,
848,10,FREECAM_3D,28.3,2017614,61572.69287109375,2060,62.8662109375,15.906796116504854,164,5.0048828125,1895,57.830810546875,1,0.030517578125,0x6665B920,316,2404,254,1.234375,9.390625,0.9921875,0,0x14,0,0,0,1,0,1,1,1,0,0,,,,,,,,,,,,,,,,,,,,,,
849,10,FREECAM_3D,28.333333333333332,2019618,61633.85009765625,2004,61.1572265625,16.35129740518962,163,4.974365234375,1841,56.182861328125,0,0.0,0x3F6F3346,332,2413,264,1.296875,9.42578125,1.03125,0,0x14,0,0,0,1,0,1,1,1,0,0,,,,,,,,,,,,,,,,,,,,,,
850,10,FREECAM_3D,28.366666666666667,2021584,61693.84765625,1966,59.99755859375,16.66734486266531,164,5.0048828125,1802,54.99267578125,0,0.0,0xAEF07C4C,347,2423,274,1.35546875,9.46484375,1.0703125,0,0x14,0,0,0,1,0,1,1,1,0,0,,,,,,,,,,,,,,,,,,,,,,
851,10,FREECAM_3D,28.4,2023293,61746.002197265625,1709,52.154541015625,19.173785839672323,164,5.0048828125,1544,47.119140625,1,0.030517578125,0x61E64260,361,2434,284,1.41015625,9.5078125,1.109375,0,0x14,0,0,0,1,0,1,1,1,0,0,,,,,,,,,,,,,,,,,,,,,,
852,10,FREECAM_3D,28.433333333333334,2024991,61797.821044921875,1698,51.81884765625,19.297997644287396,163,4.974365234375,1535,46.844482421875,0,0.0,0xC82711CF,374,2447,294,1.4609375,9.55859375,1.1484375,0,0x14,0,0,0,1,0,1,1,1,0,0,,,,,,,,,,,,,,,,,,,,,,
853,10,FREECAM_3D,28.466666666666665,2026612,61847.2900390625,1621,49.468994140625,20.214682294879704,164,5.0048828125,1456,44.43359375,1,0.030517578125,0xB2A40B9D,386,2460,304,1.5078125,9.609375,1.1875,0,0x1C,0,0,0,1,1,1,1,1,0,0,,,,,,,,,,,,,,,,,,,,,,
